address,entity_id,wallet_id,is_disposable
bc1q466852bdd640fb06671ad11c80317f,E00601,0,False
18b9d24e465e150bd9c66b3ad3c2d6d,E00080,1,False
1815ef63b8faa1837f8a88b17fc695a,E00448,2,False
bc1q6b65a68b8148f6b38a088ca65ed389,E00602,3,False
1b2b94328df6ec4ce4a2bbdc241330b,E00603,4,False
11a2a73562b0f79c37459eef50bea63,E00449,5,False
30b1f91ce9ff57f43b7a3a69a8dca03,E00151,6,False
3d453dd4b0dbb418d5288f1142c3fe8,E00152,7,False
311ce5db45ed1f03139d32c93cd59bf,E00274,8,False
33b982edaf61a26146d3f31fc377a4c,E00081,9,False
bc1q5ec42e29a3b2e95d65a441d58842de,E00023,10,False
bc1q12476fa5e5a5abaefcfad8efc89849,E00604,11,False
bc1q6123fd7656af7229d4beef3eabedcb,E00275,12,False
1c4b032d7c524a55304317faf42e12f,E00450,13,False
33602f810f1bc81448aaa9e66b2bc5b,E00451,14,False
bc1qea1fcae27a984d654821d07fcd9eb1,E00605,15,False
189fa6a8fb5d27bbeb799193f22faf8,E00082,16,False
bc1qff50bd382567b85cabcc97663f1c97,E00452,17,False
1a0a04d27209bdf1c11f735dc713d96,E00453,18,False
1ff01cf988c24c961b1cd2262801c45,E00606,19,False
bc1qae270d02f06b90f143262fdc5c0eed,E00153,20,False
31c8eae5715bd6fa4161293c4c2e2e3,E00276,21,False
1b83cfee037e5edb8db0672f42d47cc,E00277,22,False
bc1qa013acdeda4e161b3dbd5ce9a1fa6f,E00607,23,False
1295b47c333e8615fb8d16c2720797d,E00278,24,False
bc1q1ca35c04fc6d827d15438552fbe43b,E00083,25,False
114296cf26b4776913e4de2e0c53cb8,E00608,26,False
1c40db9885f6e66c2b6d2c5fa5d3100,E00454,27,False
bc1qdf57c58715a10343dac0432a45c2ab,E00154,28,False
bc1q337ea2b09b2a5cbadcc32ac1590f53,E00084,29,False
bc1q847fd9e64d1bcb702753a15f987c71,E00455,30,False
18dcdcd969b666205628059568cc69b,E00155,31,False
13a9bed0f1259e0a18ff6b6b535106e,E00456,32,False
1ab4220474a493b3ceddf2d839fbc50,E00457,33,False
bc1q93829b922fe15ae1e3db63ef7ddc76,E00458,34,False
3a8b31718d0752b1825bc5430beb45f,E00279,35,False
3ac619e0dde29a6baa4b71add2467ac,E00156,36,False
3dc9692ccf3a17156dc8907ba6c34ab,E00014,37,False
bc1q2ef9126c006f6123e2fcb472d8567d,E00459,38,False
1db20a5dc815fe7ceda8bbb71710434,E00460,39,False
bc1q17e011f810238303c72ba8d605e770,E00609,40,False
3e7067e66aa9385dd59ba7136b82481,E00610,41,False
3c8fe3cc8b8d9c6ed3049cf43e458fc,E00280,42,False
bc1qa970658e46d534c88a618efed4057d,E00611,43,False
1bc5945944528c00ef8c2d6f7fd5646,E00612,44,False
180bacd7a0ecfea958ca9ba0cd620c2,E00157,45,False
bc1q118a9d2f923996d9f195d014822f53,E00613,46,False
1e3e9def10c718b1eb0e38a675dd5af,E00281,47,False
1a8499b6b5252e314fcdd549e8fc965,E00158,48,False
3506e5ab758588dab73295b344a54b8,E00282,49,False
bc1q50f0fd750cab754ccc9bc2a53f8a28,E00614,50,False
bc1q89a26812c136e019985f15ff002d4d,E00615,51,False
33e896ce117dac3119c4ea3e1805081,E00283,52,False
bc1qfbddcf9c96e9ec4d71c366b41b3143,E00461,53,False
bc1q1a84a5a9d3d7c7ee87905e4ca415ea,E00159,54,False
145b89c27cb6f2a8da01097be0f051b,E00462,55,False
3da587ea25d6b29afffcfd2341ef40b,E00284,56,False
1d450286c6f7633a260772317a0df49,E00616,57,False
1295d6f430f801dfad409e2a319dcb4,E00463,58,False
bc1qf1eedb13432e611ca3c4480279b6a6,E00617,59,False
36e068025e979778d7248e2951f58d0,E00160,60,False
1ae9bec35c7936c5b9962c6e61fecc0,E00285,61,False
bc1qf94d626808593fdfed2c43e256a6dc,E00618,62,False
1ccc565f9e8a3692999b735dd56cc94,E00286,63,False
bc1qee49f3c84a7b28550a1b46ecab3301,E00619,64,False
1b386f7c991603f28c13091444d610b,E00464,65,False
3eb1fa9d10bd1d03317347038f16a81,E00620,66,False
13170f4a8f7ef5a060edf5b39118497,E00161,67,False
159e4b64774bc58c5f8bc16f7860b50,E00287,68,False
bc1q1d87090710d430f071d87954c63cd8,E00162,69,False
36f3f9298b8e4cc1bc044fc09cb3942,E00465,70,False
31d9af682ec9f2dfbf6e16f9b3080d5,E00621,71,False
185197f006ed6e36fa17735b572f3d0,E00466,72,False
bc1q5d3d9e3270e4faabae4f43bcae8081,E00622,73,False
3d91787a9d3c2e6505cc6869f871ce7,E00163,74,False
bc1q5380b9688c7015aab97e494f2d4796,E00288,75,False
1f0bbacaa38d0a16ba25efe311c6eb6,E00623,76,False
167f48a4d0b0d1a91b0e1d99d9262af,E00624,77,False
19b4e2c9479e1e6c9277d9b6e0d2648,E00467,78,False
37922ba82dc4c8e36b5229aacf5e81e,E00625,79,False
bc1q55cee59e87e04ca2086977a9f25336,E00626,80,False
10640be25b8fd4b32fa2de8ce7ae7f6,E00085,81,False
bc1q74962712a4def0c4bbb7a9d98868dd,E00468,82,False
bc1q664fa67e8f8095624c69b6b24445a7,E00469,83,False
1c521bfdc45d539c03f3538e4855aa1,E00627,84,False
bc1q8eb2250cdb1ca476ecbdd68498e113,E00024,85,False
38f15bafce6850487f8424daae65fc1,E00470,86,False
3e45b71b8225688d0a444329cd6c852,E00086,87,False
bc1qbe603328be9288e5af6e39722764e6,E00471,88,False
1c40c5d46fde062a33dc7afd701410d,E00289,89,False
349257ab6aae05b13d5f2f7709b7d97,E00164,90,False
bc1q3b33f3269cd696236c7b8714a0bccb,E00290,91,False
154b4a468586eba6a34c85410714d51,E00472,92,False
1e7a37e63b4c08b6b8e869fd5385b0e,E00165,93,False
bc1qf15784018267c47a1b58066160a6b4,E00015,94,False
38bcf53bc10fa52bf5d2fdf89c8d2ab,E00166,95,False
3638c25076e2bba7c5308bf6f92f25e,E00087,96,False
377a6e1d72b61082a405f12b963f37f,E00628,97,False
306f028a9ba5a27907bfe36978648f8,E00025,98,False
3610cf342999aa40cdf742b2e85cb21,E00629,99,False
3473bd3610e6a64e1301617c2dff335,E00291,100,False
30d557b8a175dfebfc00dc804f64d86,E00630,101,False
bc1qf319c107f194f9c1156d6d0a4e5b70,E00016,102,False
bc1q793b4c205004943d1148022702878b,E00292,103,False
1c4536f41992fdfb31022f0770c7798,E00167,104,False
bc1qd1bdb8c71d5e601d5206abb7e6427c,E00631,105,False
1ad66a193676a024fdc6e1bedcb8cb6,E00168,106,False
1d4a057b0cc1b3b9793b9b413748146,E00169,107,False
3ce371499b49350af2b99b4d9acd158,E00170,108,False
35eddbba95976636daa2e688861fe18,E00293,109,False
17d7ddbd284476c6b88f83dd97dc9cd,E00294,110,False
bc1qb5122d75b17a55d4262982e43e4288,E00632,111,False
bc1q9dac6e45241ea6a6846099f7294951,E00048,112,False
bc1qda09df52828d8044b591f797ac6aa8,E00473,113,False
391e1aa76f72255c01f36bf3e6dd58b,E00026,114,False
12e8d0e533420e6d9d80b8d7e8adee7,E00474,115,False
3989d9de15ca6664797b2c957207246,E00017,116,False
1680bacb856d0353dc9829015eabb27,E00049,117,False
bc1q7da677b63b4dc3a559e46379e13cea,E00171,118,False
14e63843e493f43b118f68d6786d506,E00172,119,False
bc1qff233d6cedd15d58007c0287ea7ff5,E00295,120,False
33b048a405bfdc94e7ed827455ac762,E00475,121,False
1c31edbf36cb62b892e6161be2d740a,E00088,122,False
3fa02ea96ef2ad6b97e670346c8adfe,E00296,123,False
13a3c564bd6cee631b1b099d52721e7,E00633,124,False
bc1q0ba6ea4639447b2067bdac88bd13d1,E00089,125,False
17daa39c0b6fce2de53790aa34b6cf6,E00050,126,False
32f32755738811d70c2903f7a8d03aa,E00476,127,False
36694c310ba58e3d2762bdc1d34d08e,E00477,128,False
bc1qcfa7012631d00b26d794d30db95301,E00027,129,False
16a8a61c3b290d08edddfcd1e52d770,E00478,130,False
17354ea6160745985c7504bc693da11,E00479,131,False
30f6b409efba58b9191b3634e2d6645,E00480,132,False
1a911d143bfd9313605bf54a021c0ca,E00173,133,False
bc1q68949b00af5b3a2812859a1337739e,E00634,134,False
3b4fb0e49c13de73b4206c5085b15fb,E00297,135,False
143b9daec856f373bc1a987aff8754d,E00090,136,False
1398d1c8b6870b51d61fac36cd5e859,E00481,137,False
1cae9b42a79ea680f44704f1247ea4e,E00091,138,False
bc1q1fd5a4706c5c5649e2623debd34616,E00028,139,False
38a3c3b801ef1da45b1ed25f1533ae8,E00482,140,False
15283aabc0a6a5d6e996e3ee3b137fc,E00092,141,False
1dc4ad5d6016237ac9ed156f63fce41,E00635,142,False
bc1q0a4c9f9384ec2b44feacaed248a9a7,E00298,143,False
3ff37d12e76128b473544f9ea83bf00,E00299,144,False
35913f9785299f4175ba98df8140102,E00636,145,False
1696192546e035a292bd156db946570,E00174,146,False
30964fb8cd321b0c2b01cfdd045dd1c,E00637,147,False
3677804c5c5b37af85e06a11dad09b2,E00638,148,False
bc1q3005680de051a669ca97d2764414fd,E00300,149,False
30d366dc28ebd7071299889a01ac992,E00175,150,False
37c1612b2c08394e17f29e170286046,E00483,151,False
bc1q288b78b5b453ca3d42993ccc9fd334,E00639,152,False
3d7665cfe0490593985fb6217dc8eff,E00301,153,False
bc1qeec2597f95897c276aa6ced50755d9,E00302,154,False
378e365faf14ff07b85179ad5b077e0,E00640,155,False
3821c139970cf60ebff8d1530cbd755,E00303,156,False
381fb18c9a7d91fef2ae71357021049,E00304,157,False
3ffb8109475dbc996418cedd664d264,E00484,158,False
3551ac8585a0afa7bfdcc1289e06ab3,E00641,159,False
3b28f41fb140bc3304b8590de9e3757,E00485,160,False
37914f8bea4ff31517400f80b2c782a,E00642,161,False
bc1qf6febc7ecddbaf26f05fcffb16e5db,E00486,162,False
bc1qdfcaf019b17e80dea4ae1754fd9ad3,E00643,163,False
368f45b24e75e8eb8f2142303edd1f8,E00644,164,False
365c177b15516bc9f8ded9756abf2f1,E00305,165,False
bc1qf4427e61484bb3889b78d5dbfdd97e,E00029,166,False
39e11d20930aef68a80068ddf547e50,E00487,167,False
3172319bf2c14a03a3c8a71ff574e2b,E00176,168,False
bc1q2a96e17194eae219bad7aedf615a5c,E00645,169,False
16e417d5ff595ea5bc440f14b1a269b,E00177,170,False
bc1q2b840c2e183554cae28e66ae8a7813,E00306,171,False
37f671e3da70577aee1e86b9ea556aa,E00307,172,False
bc1qaab612415d174a75a669814104a8b5,E00488,173,False
bc1q71153312e89d10287117338beddb12,E00178,174,False
3d865d674f3310340066ff2b0b862ef,E00179,175,False
392698661a117293cb983501b4da0fe,E00646,176,False
bc1qd47d57fa5a91ca059dd55d4b943e30,E00489,177,False
bc1qbea29dc73f6e1baf908e3cdd750e98,E00490,178,False
39b689c3ae909fecc8218dac696f5e6,E00180,179,False
bc1qb88ec3c16d83edad81f8bd402913ec,E00491,180,False
bc1qa57694a0a11839e745770418dfbc3c,E00030,181,False
121a434bb7bee035d678bb1945ef2e4,E00093,182,False
3c958e721d53971336749b52cf6bf75,E00492,183,False
3e9ff1c41c8ca8c2a1f955ad499da99,E00308,184,False
3f6802c77e490c71d7bc313cde22f1c,E00094,185,False
1aca5e2b966442aad238d36dc322c97,E00493,186,False
31fa382895ccd9943b38eb403902c5d,E00051,187,False
bc1qd289f0618ae30595a5bafa431d029f,E00309,188,False
1e25d369e9a9f83066803ee78b2b549,E00647,189,False
1d2e82fa2a9d4d8102efde5a5cc8bf7,E00648,190,False
3f23e320b9bd93423c86d301dde7969,E00649,191,False
1899ca7e3236d1a3c1bdacc18e19331,E00181,192,False
bc1qf22b5bb24cc64fbe3e6e57f30a9e32,E00650,193,False
bc1qa7a8f66a35df59e2aa7a5d278ed00d,E00494,194,False
3379efc5edb0d3cb0b63bcf08601833,E00651,195,False
35e09a9af88bdecfb1e143b196f4dfa,E00095,196,False
31f45dbf7dc67e030974b2b46a02a9b,E00310,197,False
bc1q0577aef899924698de8ebba3b5cece,E00311,198,False
111906f34885a4690882eafc9776598,E00495,199,False
1c9e48e25c61c45c63d04ee541c7a86,E00096,200,False
1402adf8a4b8f7c21472a15fcce96f6,E00052,201,False
1ca3c6f5bb5c40c03cde2e321bddb41,E00312,202,False
1bde13c20733f6d0d6a05b343ef2016,E00182,203,False
15cae96c72c1fe372c22a1679eb4168,E00652,204,False
bc1q0b19f89d77a45ef206c26938b77c07,E00653,205,False
bc1qffa3610f9240e107f97d05f6ca6b8b,E00031,206,False
1718d4de8e22743b65feea97d824264,E00097,207,False
19fd345466772ce204e178c10d08d11,E00654,208,False
387d29298eeac2bfe9fecaa6182f347,E00655,209,False
31d4a3db3a7d0e0cb08587d1963c26d,E00496,210,False
bc1q6e1910370bc063dd90e79eb888f6ed,E00183,211,False
318578bbac7e2b96a7e4c3666132e69,E00184,212,False
3afd3802713582cf41ea3ac5fd23109,E00656,213,False
1be9d6118b872456e8f75a117dded81,E00497,214,False
bc1q5463ad8fca7b6a8fc42092f4e559e5,E00498,215,False
bc1qde3b496c4596f6c012a0fff0ede303,E00313,216,False
336760c81e5c9f693f277cc1a85910d,E00314,217,False
15e187b8e676a01d86a646059a1120e,E00098,218,False
3c47675f97be2dd8f9b72aed85c16bd,E00315,219,False
bc1qa867a0edd877c89be7173706b89231,E00185,220,False
bc1q56febfebe9e2074f199ec0c32d4526,E00099,221,False
111d0596699cd99a847bce790fa6b57,E00499,222,False
13712f287cdb6a1bf012e32177d6e7e,E00500,223,False
1530ac1b8ba83684fc777685ebbcca5,E00501,224,False
19e2aa4c122b5b3284c03d227d415b6,E00657,225,False
39b69557c54535f6c8c3b6aa974d079,E00100,226,False
bc1q1c63456e0ed1e8585d3f861d2324e6,E00658,227,False
30ba0784ef492c1aac9331686e52753,E00186,228,False
1f200c24d29d1ab345512f701f7c7ec,E00502,229,False
37f54a501fa964e1eb74b5653ffd3a2,E00503,230,False
bc1q8f08818011316b3ae88926b423ccde,E00659,231,False
bc1q75b27404cc3ede6fac16730ad45230,E00660,232,False
bc1q6aedfda3e05309b5a1b94967884209,E00504,233,False
39e3d75f296d9f0cd2372c22bffe17b,E00316,234,False
13e49fd1b19d8b8d83020816fcc57dd,E00187,235,False
1beed104f6e274bdedab0276550f74a,E00317,236,False
11d30d9a21b030782af085c138d994c,E00101,237,False
3d1a69df54e2019ba35844e59e1ac09,E00505,238,False
19a36d12c6a6e9a328067a14187222b,E00032,239,False
bc1q9050f7c1235c9176c5a0dc7e7e7419,E00188,240,False
bc1q9fe0a8fc8d5b93a2a2e91fa49b1cd9,E00661,241,False
3a1a27471348c2a780b3657117b355b,E00003,242,False
37634c14f76e38812fe28bf81e0d489,E00318,243,False
3fa34d2dd3f7d7ea508dc9513a4a492,E00319,244,False
3f448838de7ad6c949077c27674456f,E00320,245,False
bc1q9ae1a9524f93ff30307633a6ded1d8,E00506,246,False
1e62d2dcf9b85581a7f195b73557b9d,E00189,247,False
bc1qb526b23f6c21f70a0537f02c2cd22b,E00662,248,False
bc1qeafde75f733a3e5d286aa428a39779,E00663,249,False
3ca0ac60d67d38e990f0c5badcc3daf,E00664,250,False
362f5dfadaa44ca8ed6ad5e18318aa3,E00033,251,False
bc1qdf8f419a4a99b2e806133cf6e39356,E00053,252,False
bc1q4f6b58598ddaeceaafe5432434a678,E00665,253,False
115b025f020e992b576255e98549f22,E00666,254,False
3b3ecb9ab8cbf9720b71785d02ce0c1,E00102,255,False
bc1q04aac15ca0c428822c4d326c645c15,E00667,256,False
17c7c40c422d03ef29a6339577bc55a,E00321,257,False
1c9c23ed82c75654bb907ec13c11754,E00668,258,False
bc1qa9743109a9d1c186cac6f4e238fe93,E00669,259,False
3d4d3072e4bebc429890880277d1be9,E00670,260,False
1b836c4ad261ec55d42b9e9692e07b6,E00507,261,False
bc1q88b4f43be79df472ecf16ec8a723e9,E00322,262,False
35e2ad331ab0b56d5c9fdc7e76adca9,E00103,263,False
361c264c733230448223120c4f9eccd,E00323,264,False
19acb39cd1f5318331f63fbd11fc8c0,E00190,265,False
3ef2ddc8df661da5f07c1a5dfc620ce,E00191,266,False
1290a3ac35b9fea1578d70948f9e3d0,E00192,267,False
1f24823177a8a5f6ffe33b3d4bf7a4b,E00193,268,False
1808389657e01c90da23e5c6a36af18,E00324,269,False
151955407374c86397b5f515ffa46ef,E00671,270,False
1eada794970ed9a09ce3cfb2339ba19,E00672,271,False
bc1q0158249d8776a072d78bdd781799ff,E00673,272,False
19bdf90ba2c0f19f0b2a5d18c7e6f42,E00104,273,False
30c394e1f3174054d183eba3cd5fd7f,E00325,274,False
bc1qd6312a1c612ec210142131750565f5,E00674,275,False
bc1qb7f2853defa84993364f7e83efa9f3,E00194,276,False
bc1q6aa42c921704753d959e3f5a5226e6,E00675,277,False
bc1qf4124311536e995c508720f982f4e0,E00508,278,False
bc1qdf92a663f4c69d0534a1018ddce719,E00326,279,False
35b6a8104287378bf5023f440ef3935,E00327,280,False
bc1q94f79dc5811d2d1a89b71ea0d572c8,E00195,281,False
bc1q2cd2a4a48e40f1d0421dfa56ab087a,E00676,282,False
32285b2cfbe4fe92ea9c542a1b970d0,E00677,283,False
30b36e3339b77a84b1f0d7b0977c513,E00328,284,False
3d0be73fd37253965f202f983f02dc7,E00509,285,False
bc1qdcb51c5b62a8df493e904d30ec2796,E00678,286,False
1e3b5636fdc0bad5e368127cca1b45c,E00329,287,False
37f072c2fd340c0f945f2fd56cb1ab0,E00330,288,False
bc1qba220015260718cd180a824447ceab,E00679,289,False
11a43db523ae9934b3446bc8ba435cc,E00680,290,False
36d15f1b7b8c1a59a45693d7227890e,E00196,291,False
3e95f17debac186ba1082170ad7c9a2,E00331,292,False
3f2a9dcca9e4a62fae3114ba3b442bd,E00332,293,False
3bff950cd14a03e83599af65d01f55f,E00510,294,False
1c8040fad973b679b89e5cbd942644c,E00681,295,False
15cb5e65dc7b3e6a52964ffc74cc890,E00333,296,False
15ef787f2e6195f732e2016add702c9,E00511,297,False
bc1q65e58f5df06e8c878aaed9233ffc82,E00512,298,False
17fc1582fa0d842bc55300b06a241af,E00513,299,False
1b43bd242a259a6c66412854303cbc1,E00514,300,False
37dbf4bffa623d0ea9e5c8db1a8b71f,E00682,301,False
1b69f68e60fd4202c33350c73b911d8,E00001,302,False
3109fd8b5a4720058f0dd23aaf78c67,E00334,303,False
3b5a5f8b6391f0428524385d9f2dd0d,E00197,304,False
bc1q337373fc31a5971f119c0f3967e60a,E00034,305,False
15e70f69280c5aa8dd4595b5c63b6f3,E00683,306,False
1ffe57565edcfe34f2dad3f10d4de39,E00018,307,False
320156a12e153a6932cae01d2c65ee4,E00515,308,False
320da8958321ee48471b4b0ae1b9f69,E00516,309,False
1de431ee924706980bbae526ec01269,E00517,310,False
3ef4afa5299e5052976aab22a26f770,E00105,311,False
bc1q143029d88f1c9448b763d5e519dd7e,E00335,312,False
bc1q4d85e9a0017720200b290346426c45,E00518,313,False
bc1q94a53ff10d27c89780c2152b2bb8e9,E00198,314,False
bc1qd7b00b566e3cbe9aea622fe6e987ca,E00336,315,False
1a4364ff2d3f7610ba3627914cb0564,E00199,316,False
bc1q07c0d1a394ed549e3c5a886aa56e6d,E00684,317,False
bc1q3eb0517ba245884d560a3df4e7069a,E00685,318,False
17089fc2877f5d90f5675f8b048faa1,E00519,319,False
3dc8a495005680f24c778a59b4e164b,E00337,320,False
3c2baf02179e3f066124ab4f9b21e6e,E00686,321,False
34479061f5d988f776abf093de28859,E00687,322,False
1dd39d76257a4a2f204be894a4b5563,E00688,323,False
193e34cef0a573d53d2d56dd0401587,E00689,324,False
37faeb77781321e83c501cbfef7d9ea,E00338,325,False
33da064f778c676750d112e8164ceec,E00690,326,False
1e1e0ff98f6fd7f7eb162f14806f804,E00339,327,False
bc1q6e51481b84edc3d8e049de0217ea0e,E00054,328,False
30d18ab668c84770b95017c5dae1201,E00340,329,False
bc1q8116e362e7c1a612d2fa0649e1cd13,E00010,330,False
bc1q20f0151e6a66289c6d52d5ae2e9af9,E00691,331,False
3c145655d986115f05eeefe8ece1128,E00520,332,False
309f6440b9900340a4e255280051b10,E00341,333,False
39b33e32620f9a974fd33d184f2fd0f,E00521,334,False
bc1qfd98fe6498abe92999bbef518b2f21,E00106,335,False
bc1q827c9fd40ac5e981df6517561c9210,E00692,336,False
35e4cb2044251dbd0d4ea6779928faa,E00200,337,False
3e61599cbf81f864ec3f970956d80e4,E00055,338,False
3f8d8b7c86c6544a7d4cf50f791f1e5,E00693,339,False
18634172ba6adb37afeb1149561c813,E00522,340,False
33e0098ae441e21d25864f225d4a0fc,E00694,341,False
1504e2670e7e75604d9145e30d73df7,E00342,342,False
19c89d3c66495a780773e33690e7e62,E00035,343,False
bc1q8f96463514589084c86c4623595fa4,E00056,344,False
375ac822c55aef7f4e9573450521700,E00107,345,False
bc1qae455cb88e830fde1e994ac5a11f5c,E00343,346,False
3476cf63f1be0d0f514105831383975,E00201,347,False
3351028b474634949fc2cd8c56bad4c,E00202,348,False
bc1qb8beffcb9faf6def3a6f27ef06fccb,E00203,349,False
bc1qfaebcde5508ea26133a34d8b0e8eb1,E00695,350,False
1f48f7049a224410ac4de854a5b1aff,E00523,351,False
bc1q36c7d67aa4f052bf51936241a64fed,E00036,352,False
bc1q1bf645232452114588fc1bb2384849,E00524,353,False
187f255e7ba26acab7a3d1c0cfef683,E00525,354,False
178ef76b7a4c719548e1f6b69ce1e4e,E00344,355,False
1edd97afa585b278ce3e7c3f6eab3a0,E00696,356,False
3c18363330f8be1a689b4247a3a10e1,E00204,357,False
1a6fd0c16e6e5c0c4cb294fe86e8e63,E00697,358,False
bc1qe9c96c098c60b3efc9909ed9af6e09,E00526,359,False
1ff46a6094d916deb6d2fedef158d5b,E00698,360,False
bc1q4a1a81ed10f004df4e713ef64e3dfc,E00699,361,False
bc1q55c551fba57cc8edaf37661b780ede,E00345,362,False
bc1qf04580e3a68a707e710b558639bd41,E00700,363,False
129993954a7b69b1cd66b09cf0e6d2b,E00701,364,False
1ca6fbf564cfbd2bc92fd81039b058c,E00108,365,False
1a38388db2c6ac89c6783932ced3c0d,E00527,366,False
12f4dd2186b2880ab545a15669d01ff,E00057,367,False
13c4b1e6231ee7342c2d2eb01bf9e73,E00702,368,False
302ed7392a81713b90ed44b951c25d5,E00703,369,False
17724201e43fbd2aaf407f70fe76149,E00205,370,False
bc1qb41c50e346f415e5267a2bec50ace4,E00528,371,False
33818cf3889936a9d5817e85e175b66,E00346,372,False
bc1q6a74db5fa5e0aa9b11b530fd247c11,E00109,373,False
bc1q3f59e4c3093b6e37e9d2e2d35ac07a,E00704,374,False
1b42a0487365a84725e134d86879aa9,E00058,375,False
1e723ad8c32bdb2d42a895e0fcf601f,E00705,376,False
185351adabf984e53ff84612a1f1b61,E00206,377,False
bc1qe61d9c1747f3877d23d47995492a82,E00059,378,False
374f0be6a5943ce836435e321c71aa3,E00037,379,False
bc1q0592bfb928e23f4ee4334ece920136,E00007,380,False
bc1q0b981c12b2102d940c350337c86152,E00110,381,False
bc1qe4eb80ef40d1620f6ce9bffe7ee362,E00111,382,False
3c40d4822ab7752c4db5a622e13418d,E00207,383,False
361ea2fe42e707afe2bd9875fdcabbf,E00529,384,False
bc1q8a0f95dfe2c0a0a96b3c42f6d22a7b,E00706,385,False
1649f7d8989c5abfe2b34d82db0728d,E00707,386,False
105d1fbc194f97f00e3a026d5b6de85,E00347,387,False
bc1qd2c7bf6118433b882ccd1e6c93a791,E00348,388,False
1e00da4effa20023040413c4690fb15,E00349,389,False
3e23ddfefad49e9c41c147e9d6b9b62,E00530,390,False
199086e7249f62c08987462980cb95c,E00208,391,False
1705fdd66fadca00b531932bd9419aa,E00708,392,False
14a0d2bfe54ee4b80ff517323dfecd7,E00209,393,False
bc1qd18183ac2b0cfcc5c51060991121e7,E00112,394,False
13896418570b59fa903ae67fc568b53,E00709,395,False
bc1qbc36dce134edfc97777f10f2d2393f,E00210,396,False
bc1q582b91f8e8035b0c00988a7ee1011a,E00350,397,False
bc1q6883ac6a944054b2414482519894d8,E00113,398,False
bc1q39b02ed96e684f3db0174e7938878a,E00531,399,False
369a53b8ff8869d0ec0713dea2c7a51,E00351,400,False
3548c1d340de049414765063e2bf9c9,E00352,401,False
3d453f8b97e6224891f691217abb863,E00532,402,False
bc1qdfa5970a1fc9df9a5919749adf4709,E00353,403,False
bc1q378e658f10d33eabe42e7db96c1163,E00710,404,False
303ece8e8b3d763f4ff3f3a4d9dbaeb,E00711,405,False
17a9a8ec11bd1c4ffe3f366bf337a15,E00533,406,False
18d55113d44cb2cea45ba416589ada1,E00060,407,False
bc1q42f5b34ef4c34d5bf86f3ca6129a1c,E00354,408,False
3b8f018fb37afaecd8563ca193e638d,E00534,409,False
390019e0bb401e769f753f1501ba851,E00114,410,False
39442b595831d58ef4c51198da5d39b,E00061,411,False
3d5574291ddb9bf613d2de93ae28023,E00211,412,False
bc1qd253d9c36b9a0a41e02a89566a9ce7,E00355,413,False
3cb8383bb96f6022b115c3675f8e3a8,E00712,414,False
bc1qe3ad64eab9eb022f1dc1217d024c6d,E00212,415,False
bc1q130751d8c128e7d6cd315508a8ac7f,E00713,416,False
33b3f38a175a9c3d7b102a92332a50e,E00714,417,False
10f79a85f8a14bd74bd0c938177b661,E00715,418,False
bc1q7ce406a8c6dbc07bb3447be9aa144b,E00716,419,False
3b8e19f8787ea2104482a220308aa5e,E00535,420,False
1ac8d6cb2a6e468d02b124380913ac1,E00356,421,False
13122753db02235261e2555863e1f2a,E00717,422,False
3143a9a659b0105cb80f288446f64dd,E00115,423,False
14ccb2339d1c7ffb27e1442fd7fe973,E00718,424,False
bc1q67c05117efa621081c79d4c27437eb,E00536,425,False
12bdfcbb3eda8f1026b5383a301ec03,E00213,426,False
bc1qfa323f90dbfad654ce26bec8cce2c2,E00537,427,False
1b139c4de3ce88be6b9d31a361f6d90,E00719,428,False
1e6394947c68688ecf32053af36b8cc,E00214,429,False
104022b508211a5d9b59f84edc3a1c3,E00538,430,False
bc1q13b22cedcabf9465f6ba53d226a8b3,E00215,431,False
bc1qad5229639fc471d9750f00d5aba8ae,E00116,432,False
bc1qb076a7fd0ce433ca5e151b23d3cd4c,E00539,433,False
33b6dca6fe5040b1901ef870dbf0caf,E00357,434,False
bc1qf80b2c658e54a29879cf35f4719986,E00540,435,False
38d93e15b1671583a67470c7d98302f,E00062,436,False
bc1qc5acc315f00cb4614c721da921cb4c,E00541,437,False
bc1q277b064499d0a61500717012d15585,E00720,438,False
15c56d95111d31d63be441dbd5a0c9e,E00542,439,False
3450f69c2e79a985c238d8d71da35b9,E00721,440,False
3832f528e0370cf8e96922772e76b51,E00358,441,False
399196598d00c2c17d30f328de1596c,E00216,442,False
3b98f5d15aede0fc777a07f6346d4ef,E00117,443,False
1238b052b64777c6177a771af70de70,E00722,444,False
146a56f6f46f1b12ace1aa9103246b3,E00063,445,False
13f2086f1b88d65406f64d65c72aebd,E00118,446,False
14dfe1122af711f1b628a9d75366b9f,E00359,447,False
bc1q545cd8dcb9075ecdd7f460614077d3,E00217,448,False
bc1q4ce95322d90db3982a2277f966d59f,E00218,449,False
1f6ee5c2d79a2d1506e50c77aa061e9,E00543,450,False
bc1q936cd3f7bf52447db2a7aaa205e54f,E00219,451,False
3905881ee9bf3e11d27c09a5d71a898,E00723,452,False
106e3f98cd34c62c4829b71ae84b81c,E00360,453,False
3d1a7ba11b461e9b15da72dd4cee27c,E00019,454,False
bc1qa89e2240afbf3f3df519674d8670bd,E00544,455,False
3991231fd9e8e2072f6095812ef6101,E00724,456,False
bc1qb113d5dea050c6eb9ed274ec6a37ad,E00725,457,False
38972abcff2b1c4e53f9644b39e4df2,E00361,458,False
1aa2960a85894df3f8c1097c4da2c2e,E00220,459,False
1ad6ecca520c3d0fbcdbf5e902f3465,E00726,460,False
31b1f2e6e3255a8cbd5cc86f73936e9,E00221,461,False
bc1q949cd88ed8a80d84cfee39bf31c29f,E00545,462,False
396add4adf75924c5b8386b768b4f7e,E00362,463,False
16a7d5d4ba172331ac3bf317b96e2d1,E00727,464,False
bc1q57d3374fd80bbb592c11072444d301,E00363,465,False
3b8d498702ba49f18fdd2b979e5c9aa,E00728,466,False
105c8231d763a66b5f59cb0cf685878,E00119,467,False
13e7114bd90b81afbe0e6b8ee0f65a8,E00546,468,False
376492ef55dce6d6d268b378f5242d3,E00729,469,False
16544e36ea05d13a84554c3a3f66c61,E00730,470,False
1638abd6df72cd3979aa0517317591a,E00364,471,False
3cbc72fcf08ea54b4299924c0986750,E00222,472,False
bc1q3273755373bf4d5da49cb92fdc9992,E00365,473,False
3503b40a39c9ec6f7464c02871854c1,E00731,474,False
bc1qd873da5a1baf0e591196dc1d3e503a,E00223,475,False
bc1qeb2ec84c255823ccf4ffb0b4bba73f,E00224,476,False
14e2d623d131a3d1e2c2e7d502cf0ee,E00120,477,False
198af5c6b11b7cb6372542482c56b21,E00064,478,False
1b184d18991b01aa2b03c4b7c966b55,E00225,479,False
35088502fe5b14023ea795649f1137d,E00732,480,False
322f3f07c0f549d02740f73f3abea0d,E00011,481,False
bc1qaf484768bd075b7eb6581ea72f947d,E00121,482,False
390bde91529e6f52ad11fe87d1b695e,E00366,483,False
32b0fbe49e64c2289a0b7eb398f569b,E00122,484,False
3929d631cfb655f82c42e488cbadae5,E00733,485,False
30aa6fcc1bcbe59d296a12d8ac35ac4,E00367,486,False
3a75707d47f83b1bc69c1551a37f6bd,E00368,487,False
1dcb91d593c572b4347dbca7321a8b2,E00369,488,False
135ba933ca87f31cfd7f3b9c68fcba5,E00734,489,False
bc1q2a7dc56d9c5b50a1fd41879c3a1e0b,E00226,490,False
159cf0b91f0647d0f321333ce315937,E00735,491,False
14aea1bb43cde0afa9fc10e52daf681,E00547,492,False
bc1qd0afb2ade68f51e67093a0fc48f615,E00736,493,False
346feacfe1393cd0f2d5c15eb346d3a,E00227,494,False
15274eeb61df906257035db3fead90a,E00548,495,False
1a0b85744caa5a2a1e518a293d228d4,E00370,496,False
bc1q17d50fc4d598f7e14fe093cb6ad0c7,E00371,497,False
bc1q7466ef5e7b72c8e097dedbefb3b939,E00123,498,False
bc1q755ceef8ded777bb1e5ae817d821b8,E00549,499,False
137c3b365d0b51788d00abdcbb18c79,E00228,500,False
38c1c8b56771f3648998e5fd40e53ce,E00372,501,False
3aebbb9e4e751de57ff51d9c9ce44bd,E00737,502,False
3db8f0eedef50031fce01e3042b03ca,E00124,503,False
3e8cee9b0478ea4fee5ce6933cb202e,E00738,504,False
34019835c457e4da79313b817e52113,E00550,505,False
bc1qa0279a6576a4100d41ee472a5fda18,E00373,506,False
1b4258e1758d47ea7cde1436de21429,E00229,507,False
184fa4c39e7a4f197fb613a21f89d06,E00739,508,False
bc1qfcf7b81edf3bfad12e0eb557f479b5,E00551,509,False
1bb134f16de66c96210def63a9c4308,E00374,510,False
3d038e1c601818b61fa01ba231ae7c7,E00230,511,False
1022b669033da6587cf63fd11836c4f,E00375,512,False
3bf8e8ba0c9da72368acd40b8f14e3c,E00376,513,False
3e5871d16312fc6379d58f9dc268108,E00231,514,False
bc1qf6977759fe3d53624fea4bbae1e137,E00065,515,False
13f87df159152f2a505da9c46e75a2c,E00066,516,False
bc1qb0c30af0f7ad22c76a8e0f48f091f0,E00377,517,False
1304b23827012389b5f8f39848b34f0,E00125,518,False
13db7881cdcc4c262c965b27eb0f62a,E00038,519,False
bc1qfca4550316d2d6fa4a58efe3837348,E00232,520,False
bc1qaed54a8bde005b5d8babd76bbdb66f,E00378,521,False
10387f71149d096965d744f0445c1a8,E00233,522,False
181b13b65e1b0f5ca0ee8c4f2dcb12b,E00552,523,False
31519fd66fba71db3a9dcaa6c6f6d2e,E00126,524,False
1143ac14f560ed515669e364708203b,E00553,525,False
19620be6406face53a5e8508950ddd6,E00234,526,False
1bade8d6fff15ccb2dc6c344f67448e,E00554,527,False
39bdc709cbf7b8c74102d5d1db14bfc,E00127,528,False
bc1q033e021e93d1272cf72140bd9bc648,E00379,529,False
38468b785e3ade558c1aad6f3f8dea4,E00380,530,False
bc1qbba1ae44cdbfdddf9b141ec7f7bda1,E00555,531,False
34350ab1059ea28861b4f5b45a08539,E00381,532,False
37fe6700e3141ec5c31146482c299f0,E00382,533,False
392ebeae4eec67c1a57f9e4c5f8e2f8,E00383,534,False
bc1qdbd30a0b46117300a8547382425912,E00067,535,False
32dd062266bf2eaeb93f78c620af158,E00235,536,False
bc1q3979d56b5bc975a7dc2bc0bd9c4693,E00384,537,False
bc1q13f068d3748a114571295951e744e4,E00128,538,False
bc1q3922a72de982f80d7bec04e6e59b32,E00020,539,False
1484543ddb449dc77106966e0827f76,E00385,540,False
34aa5f9335f2f595e717fca020a4497,E00556,541,False
1f8cbab97790e845e472e2276c3e642,E00740,542,False
bc1q268b843ec0a285cbc4ec0ec2aef674,E00557,543,False
bc1qb186a5d6ee526ba2cd159058af393c,E00386,544,False
bc1qba2ac3bcf2fc3bd95874c260538c1b,E00387,545,False
10f5548f610396b7df59abf6b790d01,E00236,546,False
1d872f7e5b4a1ae3b41c943ebd8a3b1,E00388,547,False
315bc2abf7655d7f97c6c3c755d814b,E00237,548,False
bc1q97867b1328172664f434d6d1e91691,E00741,549,False
1d9d57b42d04d554aab47b23c9d128a,E00002,550,False
bc1q459ee673e7f042516c3b0a53853918,E00742,551,False
11be5a495af6d0cc5285425c7a9f33c,E00238,552,False
38932591ee89a4c681134e250647c59,E00129,553,False
31725d21eb2a7b8da3c45ca43d78f2b,E00389,554,False
bc1q370b9a0a530df99a72083cb266986c,E00743,555,False
1837217657046ea5b11f51ff7e9101d,E00744,556,False
1dac72667863fb3f3bc9a7107f4fee5,E00390,557,False
1cdcc2d1a16998c7648776e183fea70,E00745,558,False
1668c87d2dc42c832b8d8aa21768dd7,E00239,559,False
bc1q424211960be0f495132c2215839b99,E00558,560,False
1cf2e327184b713a55f65b7e709fba6,E00130,561,False
37603c3f1394e3c0aee25571f5df912,E00559,562,False
37f0223651ea252b9744cded259f960,E00746,563,False
12fe922e886a01136f7a26c5a9c0679,E00131,564,False
19df2379e825aae9d3616a108dec921,E00391,565,False
30f9c537aa1c5678cf9eea9e1fdc6d1,E00392,566,False
3cc152ae2789642a484e035330faaa3,E00393,567,False
bc1q61eb64fd498e2004ffeab2cb7b0b3a,E00747,568,False
3809cd890ce82e8e9a5336858129eb2,E00132,569,False
107806e3811b51998dc9e0b51a1f5df,E00748,570,False
395804cc44fc4b85b80b8d18788dfed,E00133,571,False
bc1qd0f810889fe107443b1d0f3dbc3093,E00039,572,False
3fdd5b0d6d744fdef69a9805ad479ef,E00394,573,False
35bd936b297a782bcf474aace63cb1a,E00749,574,False
32460d0904883c191519998f2933585,E00560,575,False
37d8d3d2cf149cb4f1e1a378ac8ad93,E00012,576,False
bc1q7a5d7c86c5547c051a00393803dcee,E00750,577,False
1b78939573bfc172167c35ece7334f2,E00068,578,False
1244359eacf33a9b466fab6962c04dd,E00395,579,False
1a981faf121e129b45c9a545fa3a531,E00069,580,False
328522cf9d2014a22ee7f0752961fb3,E00240,581,False
bc1qf7ff88b509f08a2c988bca51397c06,E00561,582,False
bc1qaa6048392612e95b58eb49c9784b52,E00751,583,False
bc1q2d7e4a2099e71f4b657bccb0416f19,E00021,584,False
3f7164bc55523edfe8956c8d9cb3540,E00070,585,False
39c8379f7b02805cf0df860ebc92914,E00134,586,False
313eb22beced21a54c7743b2401342a,E00752,587,False
116b6bff68c62e6e2a45909a2dd22d5,E00753,588,False
335adde43e4f66802ead2df725656e3,E00135,589,False
30053f6b86d066b1ba827c6c97a24ad,E00562,590,False
369fd28e271fff92a9527f6f8170ebf,E00241,591,False
3c9ea357abfcebfd42cb1ae19f738cb,E00396,592,False
1cc980312de9e5a7387928a29a3db6d,E00040,593,False
35780be12fecc2b1acf42c5f3a02120,E00563,594,False
1fa60ede5eb772df11c0ac58c0b393a,E00754,595,False
bc1q07ef2bb45a6ab37b94a34de4aa786d,E00397,596,False
354c29d19ec08290db5d4412837f418,E00564,597,False
bc1q8a45a9badf9397ecf26429b8d77d2f,E00004,598,False
1925f8164953d5f0cb4e891188df23b,E00565,599,False
34b6797166ecfe36d77959500fa0eb4,E00398,600,False
12bbba834fadee106969d4818d42238,E00399,601,False
3c8edab4ef03f801d91fe39d8014004,E00566,602,False
bc1q8b4bd7a4515ae01754bf0843d75413,E00071,603,False
30b6c03721e54192fc3e6495e911b91,E00400,604,False
10fc799907276ea44c07a9ad64acb1f,E00401,605,False
18a9c66cee4e5125802b640ab0b4cc5,E00567,606,False
185c7f3d183010f6319629bd73e7bb9,E00755,607,False
379ec533c53090ee1b41171929d674d,E00242,608,False
bc1qe68439923b78208089b8c508e3f771,E00402,609,False
bc1qc1d71ff3025d161ecacae925bf213d,E00403,610,False
131567fcef74829363e6ef4f8dfcc3a,E00568,611,False
bc1qd2938eff4d093033b0fb536f75ee8a,E00243,612,False
3ea074dba236c22e92a7b9751db1a37,E00569,613,False
346b518db4bb8eb537d0bd18d536c75,E00136,614,False
1966b629f80b96bb34e356ac95b61f8,E00013,615,False
1952a539682d9ff910c4cb725f06b0a,E00756,616,False
1891f46de12dbf1493d6196c926a021,E00008,617,False
bc1q7919959be4f19f92701d607c4f48e4,E00404,618,False
1b193c8ae49c0799bd0d4c79e45455e,E00041,619,False
3bee9750c9e55503cd1ff3fb0c58278,E00405,620,False
14d9502cb2cc805d1403430567e642e,E00042,621,False
bc1qde703bf8f58a261924c644af527666,E00570,622,False
bc1q52246dd3692867c626e38f716fb276,E00406,623,False
bc1q361db0711456de301c8db316db80db,E00244,624,False
bc1q0e6381d22e32265fb8944dde0018aa,E00757,625,False
bc1qc7cfec22b9f24c67443fb881bd55d5,E00407,626,False
1d6441a3362d476d53ae57fe00bd534,E00137,627,False
132f8dbb462e3e85c418a83eb04159c,E00138,628,False
bc1q1fb621ec4e8cbba2aa378c659e0258,E00758,629,False
3f5e4a92d761ffa7233d5af98133da1,E00245,630,False
3423789e4fd6c34d6707a2129dc073e,E00408,631,False
1c7a2f2927f8103da9408c029b44cb1,E00759,632,False
bc1q68d576a6ce6d7a44e2a94b34ec5264,E00409,633,False
bc1q21df56e959137f795e6f2b02472360,E00410,634,False
1ce1a169bbc6cbc409ca8f23948fe22,E00571,635,False
bc1q6060b1e53e5f4c6c7e9a2c467f358b,E00246,636,False
3d306088548867bad5cba244d59616b,E00760,637,False
1f76b97a9902071ffda9a9382f29004,E00411,638,False
bc1q1bacbdaf35b30b4c68eb17485d831c,E00572,639,False
346e1eedc8ab6a7533c2ed5a3fe0479,E00072,640,False
bc1q846d5a2661c42630385dd74c7d9313,E00412,641,False
bc1qae460251d05ef3a91883fc6772fe9f,E00247,642,False
3e82b5b4269c28c4bacbedfff5a229e,E00248,643,False
192715ffea82e3ab54401cb95410a9d,E00413,644,False
1c8ef03a36884f588ddd880afb28b3d,E00414,645,False
3a8596fd73418fe2b843ef3d86d655d,E00573,646,False
3b9a5d4423701f1bdacdc5e20c0f275,E00139,647,False
35af3da38e59b2716dc5a6ea7890770,E00249,648,False
35f269454d1332ae3082ddcc9c04b7d,E00140,649,False
1a267d3ddcbf4bc0dbdc5da787515b9,E00043,650,False
1801f4931cd9f6ee3b16d3678e36397,E00574,651,False
3daaf75deeff82a0dd7015869c165ae,E00141,652,False
3e4917f91c46efcfcb896bb68c0cbef,E00142,653,False
bc1q7cd21914b00f62c768b07f2e2bdc6c,E00250,654,False
373b9c20134e76b0ed9fa95a26e865b,E00761,655,False
17d54ec288f3435c3b534db938703c9,E00415,656,False
bc1qf71fb96dd49c966744cb9e6dedcba5,E00575,657,False
bc1qf337b25f8392d5bb0c7919330ccff5,E00576,658,False
bc1q010e42ad3f5dd4049626ba30c9a2be,E00762,659,False
bc1q21019b4fe5474558274e80e0821918,E00577,660,False
30bb432d2e76deb10b6a6622ac1d5ca,E00416,661,False
bc1q6f04af567c5d44862c92fd98abb2e7,E00251,662,False
32a35ce303cb04bc00793365bf7dda1,E00763,663,False
bc1qbbec723610901c2196b3b5fc21109b,E00578,664,False
1cac8d8a689d07fb60b4f875dd8effc,E00252,665,False
30c70319f85c2dd88e44a48c5709e30,E00579,666,False
bc1qb093700c5921f8050dcbfed60bf603,E00580,667,False
1b3ada2797209c040b374f88c1ab2c7,E00764,668,False
bc1qa962d96bbe3b5a4d15f7d80261c87a,E00581,669,False
bc1q6b382a231d260bb362cd559b0ada0b,E00582,670,False
11b3419c8e609391d2fed2a485f7888,E00765,671,False
333a0daf91e5fcd85ece729d4dd1b56,E00417,672,False
1e90d217f111a368c52d2710a167e18,E00766,673,False
3abf02603438b6400b3700f3c088990,E00253,674,False
bc1q170fa8f30ee4fe262e55597e7d9a19,E00073,675,False
13b2d52a4f3418541822509e79f9f3d,E00767,676,False
1dfc7ab2cb941fcd02c75f9198d13a4,E00583,677,False
bc1q1dabb1bd10f87c6d0e0597500d92a7,E00584,678,False
154231d2ba6b158a5aecf37a9d1a28e,E00254,679,False
35f642a17cba85dbbaa574fe0e3c5ce,E00418,680,False
3d5f0fb4596da7574dfb83ff659f188,E00255,681,False
32ab202cc0243c6e2d903c8a61acd8e,E00419,682,False
128ce23d8274fc3f1458426fb481ded,E00768,683,False
3702b70adab2c2f91a646dacd613988,E00769,684,False
3af390adcd1c4130760801f9c81fc46,E00143,685,False
10bc4d770d0ebcb6949ece5e3395b1a,E00585,686,False
1865a77ad8cbfeade4b061eb45e9463,E00256,687,False
bc1q85ea1684e3b774569adef0df865633,E00074,688,False
bc1qa9e8f0588309de7b5fbe413fa2bde0,E00257,689,False
bc1q0df80b9ce7eed1fcdfe961e45e2ad0,E00420,690,False
bc1q7eef09da143a47782351d9d94df188,E00258,691,False
347354ef85b6d0a54b586353dab1614,E00259,692,False
bc1q3c28f5d12daea8673d292060ee64ba,E00421,693,False
bc1q7f9ad2db496e6d1688782f72b696ca,E00586,694,False
31a46d5048c8480a7437402bec7fb11,E00770,695,False
bc1qcab24f1744ee3fd36ec1bd000b1f5e,E00771,696,False
bc1qabe5bea7939a2e34f434048ff50701,E00144,697,False
174577dd825301039112943d10bf4dc,E00422,698,False
bc1q5d00dfa83c1c2bb776e729791f49f6,E00772,699,False
bc1q5aea6357632e1e008ffab938c46b38,E00423,700,False
3e599bd0bb81d381b37ef19b3bc912f,E00424,701,False
bc1q1b61d468c2094db8b818cfbe153187,E00145,702,False
13730df6494dd5cda296905ee22a70b,E00260,703,False
1ed37650be7728e6a1aba9dc1d48a10,E00261,704,False
3f4c8e396dd6c82a8909e3175175f39,E00425,705,False
18da03d0c6f3051bc78842387c5f526,E00426,706,False
bc1q2d5d23e901a768ebd14b0cc7f4f4f9,E00773,707,False
199bd62a8535961632d03021a82833c,E00774,708,False
3ea79179be702abfac08fc46b2d9ccc,E00775,709,False
3ce072a73edb2234b4ef503f8722413,E00075,710,False
bc1q4c85928325bd9ebf98e734e2ed8686,E00587,711,False
bc1q35afbb336d778637a3c30aa1f0fa7a,E00776,712,False
3fb38cd21f6c63dac20af11ebd33927,E00777,713,False
bc1q1d8b32b5d9ad365287964da30a6658,E00778,714,False
bc1q6adfd5b5caa993aacad101f1530f68,E00044,715,False
bc1q6c2183d8e8b97ce0a259014932936e,E00779,716,False
30e7da6ab95c72f0d95aaf5253421bc,E00045,717,False
14024c4aef2ab2f495fa2fcfbc8c77e,E00427,718,False
308453b8a8a4105c0eb887534396729,E00146,719,False
bc1q396c35dd6640718fd7b1a1bd4f6118,E00005,720,False
bc1qb2357acc7f9517cbfd4a31c8c85ad6,E00780,721,False
3c9c1adf4ea6b976aa415b56336c815,E00781,722,False
133fd864057e470be6127a80351b09d,E00588,723,False
bc1q5e2448a5cb3c6eb5a4c55bb4629214,E00782,724,False
1318910f6dbb2b6b993ff63c6b18d94,E00428,725,False
bc1q2c7dd6f664c7202fddb26a13106665,E00783,726,False
3214c0a43a534d28e7d3f5a4773e66a,E00589,727,False
1efffa2b5ae329d77617d80549fc34c,E00046,728,False
3eeb093c60ea4d50d04dcb698cd2655,E00784,729,False
38cd74c929af586ca376c367d94bf10,E00006,730,False
32f120bf4fd25b7384f6e3b86804a8a,E00147,731,False
1674657897b303d8b074d1a6a7a7841,E00785,732,False
15c5d3f54c0c6c254f6516ea9d049dc,E00262,733,False
bc1q8fb3a1ff2336e979903d9687cec69d,E00590,734,False
3a46b6fe78d147c3d87703472173fa3,E00591,735,False
161a1a25228ed8de2ba9fceaebbaf9c,E00786,736,False
bc1q845173e94d4fbe06531d4748677b30,E00787,737,False
3e5f5c84be318a80b39dccf7c9f3bc3,E00263,738,False
1f8bca92ada62ce189099c9f2be029f,E00047,739,False
1c6097ca127dc6bab9b153d35f5c654,E00000,740,False
1b3e6f4d428df6c89aa429334a0dcd4,E00076,741,False
10614ac275c75dcafa08cbebf343ca7,E00264,742,False
1cb51a92d90e4ee0de4833e12c0620c,E00265,743,False
163561a685a9f2b4236c0bfe9366a85,E00788,744,False
31e4949ac5d4e5763b664f40452f779,E00592,745,False
bc1q95ea68bef6a59ac186a221103056b7,E00148,746,False
34a32bb1b2bb2ec80b9ec30ed94898b,E00789,747,False
361a451700b8b43ed3b9d13c3e90323,E00149,748,False
1bf2b4322e9e52738491ecc889157fd,E00790,749,False
bc1qe310ffad62d0944c4d6e4024e2226c,E00593,750,False
12431138e190d07dff0b9bf8db3c2c1,E00429,751,False
bc1qf26d3d8c2aa0b18982cbf864e289c0,E00594,752,False
bc1q3634645806a961b9d707a9e74ed0b3,E00430,753,False
19dec2b38858f7e2f1a25a829344e15,E00595,754,False
bc1q0dec64da2d2156913a1734ccb68571,E00022,755,False
1402d10113eaf84abf390964a68369c,E00266,756,False
320d2b55b6d6b7c54b2a582f3981e9e,E00791,757,False
331891fe66e2c1111defebf9e98961d,E00431,758,False
bc1q958c29b18678ce4e40bfbaa8cfe589,E00792,759,False
3013ca92b2bf58c6da58dadf56aabc0,E00009,760,False
bc1q46d47d6fa5d3b0a40dfea5bd64987e,E00432,761,False
37202fa767d3b277ade4367e0bd202c,E00267,762,False
114fc3a9b4bf377a542deb92cff45f8,E00596,763,False
1a06a18e2e6e7a6bbc994734363589c,E00793,764,False
107fc58a1b2462781d67019d97e8d3c,E00597,765,False
bc1q8d354309624ec9e80382eb36777be4,E00794,766,False
bc1q260ccfc6735380a766861778dbcde3,E00433,767,False
bc1q22460a4a7eebc2db6f1c33bbb4c0ce,E00795,768,False
3a9a54c02b622e9808e08d25d264b1b,E00434,769,False
bc1q2ddc7528c2cce9723b80d423ef5561,E00268,770,False
1f06dca7bc6e121bb64a525bc653d94,E00269,771,False
35e934d43ace8751017ab443b53f64b,E00435,772,False
bc1q635a115c7af83dca9d2704e860bcb1,E00077,773,False
11a6cf452f6531fa605b7c9fb07ee93,E00796,774,False
bc1q91f6048b5a8683942130904368ae93,E00078,775,False
3d5e14de5f22dfba741104b96721e98,E00436,776,False
1d1366d5a57860767e546468430f0fa,E00598,777,False
bc1q23936de1ccff0d8078636d01b062c1,E00437,778,False
bc1q2676273625fc2047e321c2a4bae8bf,E00599,779,False
bc1q3af7faa93e7b5b1e4ae3a7d123f7c1,E00270,780,False
335f0b17aa1219a7a9398bbacdbd5f2,E00271,781,False
320bd140b0b81de3e612d6605bf0618,E00438,782,False
bc1q92803de40b50e40a086989833c8f55,E00272,783,False
1996f7e67cbfc39f54f1b928442906f,E00439,784,False
bc1q48907bd240ef02a9681fc1ba5c865d,E00150,785,False
338283a2baa43c97b4e9ecdde0787b1,E00440,786,False
bc1q9f8acd2e8ff5a8c47a3b7ed209383b,E00797,787,False
bc1q74169eec1f41ce57b94dfbaf82e70c,E00798,788,False
3043d721bcb404c21d8b96a62ada157,E00441,789,False
bc1q2649a4d3966f0a6b77af9eaf32baf8,E00079,790,False
bc1qc8ab96e0b4659a09fe4cdd998d65ba,E00442,791,False
1e6e879215d3b1fa8cdf44d7b742440,E00600,792,False
bc1q6bb1f285a4b0cb6e76936aa6340d1a,E00443,793,False
37b6c71cd638ba8f03c664b3abf9c65,E00799,794,False
bc1qb25b6dd6521e08c2f43c10e869707c,E00444,795,False
3e8fb5a3b85f6e1c40f54057a25ed81,E00445,796,False
bc1q0166723063ae7f41ff81d1689d1205,E00446,797,False
bc1q349651a79055b06001f54d01d77831,E00447,798,False
140ee1395dad216a6cdae3c6d130705,E00273,799,False
349d0aaa78eb37c6ab62dbf8663e8bb,E06202,,True
345d370c89f884f2568221b8fd73af9,E00249,,True
3cf2df4c9720c70856188e7566b8b3a,E01611,,True
16500f72238dfc60a4e3ccf48ef30ff,E06838,,True
3e3e3e759875c7d0151ccb01b6f1a9e,E06376,,True
143a21dd12e73a175f1afb8e28a11d1,E06344,,True
14c9df05fd2bec365363c77787fb578,E00850,,True
3b3ba5dddbd7d5c6b789cf122620589,E00124,,True
3cf51bac96ebcad809894c9d7e1128a,E01067,,True
1378ce72f14b369f22fdeb897cabad1,E06175,,True
3a748bad3ffe27233b4bb797be70b0d,E02085,,True
38f3ae5c4310dddcd361f3b12e08ed0,E00991,,True
bc1qa20173d4d332e6fdd29e6c9401cf76,E01768,,True
14be9e5b3d916f2d7aaabb2637b510c,E06549,,True
3fd4ba0cf9072f12d3ac36b37ea98bf,E01900,,True
bc1q50711e078120d2d6a36a7b41eff71d,E03672,,True
3eface4aa88fc1b3b6fb503c54715ae,E01576,,True
369c81d9230d4ae4804a28f856dbbd5,E04999,,True
bc1q84e1f6c3659e5157a5e3b2db30ddad,E00549,,True
bc1qc02ac924ea2f7824fa350eec70d93a,E01231,,True
bc1q8a33cc971593fbd24e387a9d94601b,E06981,,True
3e9fc4ebc125ea26e28f7a475a573ff,E00160,,True
bc1qe19f8cbdde949ea835f6d11f5dd7ba,E00160,,True
12d6b5a2faee97814c098b86d1040a0,E06609,,True
bc1q7a33e62ee4ab9d82da33fdc15b25f2,E05467,,True
bc1qcd403fc0979de5cad267b40561090e,E00160,,True
bc1q0df4b83e60af643dc606f926e25157,E03657,,True
bc1q2670f39aa6bb08c0eccb7aa6829e4a,E00195,,True
3dee4ce6def1ab07ce33348048e7dd2,E00195,,True
bc1q1ead6abb1c0892c8be381d2e6301ab,E05270,,True
124eb0e6c28ae28e9e06ee0bccbaf0c,E03017,,True
32636c4ba61c1bff7f9e2b12cddbe4d,E06348,,True
bc1qad7ac5aa4f08bb0b2875b4d1693d82,E06008,,True
bc1q00ca6a648af9afbcc2fbb46c9eb274,E03042,,True
bc1q91b72a10dd6f06f5946de4ad9e392f,E00566,,True
1deae5a72e8fd312a21a18d29a88b3d,E02195,,True
12e310e3883ec5e4c09d63ac31d2b49,E02652,,True
365fb191e2102705abc2931cdf0baa1,E03603,,True
183c6fa96e202f1fb945e550c1aad90,E06353,,True
1a781776b9a42a26fa12d66ed8082f2,E05493,,True
10fa2451c0054f516da42a2d76ac2fc,E02330,,True
bc1qf34315913e1b820cf0c9820c8966ef,E02558,,True
3df3a9f7b13b4ca64589e555d9894de,E02360,,True
34f576e2af186392bb1fac95ba992cb,E04139,,True
136634fdfa8620e52cea4d9a0f61ae4,E01689,,True
106a87c89b075ed334d4a2a67c905fa,E03367,,True
36763d61fe48755960bfd143b6e9cd7,E07137,,True
bc1qc45934e36a35343cfc5862e203c60d,E07352,,True
bc1q46681e6263322fcc6a7c1cc6f2604b,E01646,,True
1543e56eb07e8bacb79580d5045f35d,E06540,,True
bc1q14eee629c40ebc28005f0641922e60,E03502,,True
13a4fa68dd4d3a907465dd641ffe5d4,E01335,,True
35f31d50ae55872924f687625d7809c,E01110,,True
3fe8498e98198a8d653da94fee679dd,E03111,,True
1cf0a1069bd20b19d4fe65948b16e7c,E05903,,True
103735f8b819fa7c49776fbcd850435,E06985,,True
bc1q81180065726baabaaa653f8d8c05d4,E05156,,True
19526682dcb8a01bdbe6dd4de272e15,E03637,,True
3c0fce19a106a5264087ac9fbf676af,E00878,,True
bc1q9cdb2b7dc67ac5a89fe5f103158162,E02751,,True
18ca33a59ae73028ae3297e34e24142,E04319,,True
bc1qbf4e2e920479cedba0c89e75938f5a,E01281,,True
3e8f7f449a69acc9f3f4d911a321483,E05534,,True
1ea77d12904a6d6e3e735abdc02bc29,E02196,,True
176c8b6fd1e1f6d2eee77c5302827fa,E00195,,True
bc1qf18625b4505c13da36f0ee8dcbce78,E05276,,True
1a9ba11dc554e9c07801bde277d6af9,E03116,,True
bc1qba58134d6d7a144ea23f315b465a12,E00129,,True
bc1q7d4dbf5e1e4023188a389324e26426,E04358,,True
bc1q38f2ffcaa30b018a14c41eb25cc8c6,E03890,,True
1223aa1fe154c6c67315090ac3d7d69,E01821,,True
bc1q1f0dda0714ae2c8b616fd33f6101dc,E00129,,True
344922830cc1415bdbf633c944d2520,E00129,,True
3cdf3c611701ddc95eafedc6bbb62c5,E06013,,True
37b60d0f5e3b1980e7f7e9c0bd2aaac,E00129,,True
3a42236b0e24d24e2ff8d7dfc06cebd,E04276,,True
314e1aaa20cc4baa5b08e26fc52a468,E06624,,True
bc1qba963d30687b1bba17d5bd8b2534bb,E03874,,True
33e5919269df9e331d50934451fff9f,E02022,,True
3794d31d10101375f586866eea5894a,E00124,,True
bc1qdc7ff9669f76766286a2dc6edaa280,E04097,,True
30bff9a64e0638af9008cca7b0c65ef,E05538,,True
11c7378d47ffd35751a5b9af99f5c06,E02814,,True
12055254bb3e035b67333e08ceb424f,E00899,,True
3d67b2eb1578bc84a68e29010557be7,E02489,,True
3ba074dc04b431b31237ee4973365d2,E05401,,True
34b6ab3f764fd2ca57d74614698f6cd,E06215,,True
3a100b8e4165c923906a2a963e3c17a,E05430,,True
1063271b0ddbe62aa35b738c67a56e3,E02286,,True
13b44da142ec8b0cce52711950ce835,E04052,,True
1c2b8efd76a64da4fbdb62246c9ae33,E06831,,True
bc1q757ad746281fb84d59f68e05ffa2f2,E00405,,True
1abfb9aeb34e953732af4e8e9d1c994,E04106,,True
14edb6d2d19bd5271f9b0e2d2701a52,E00049,,True
3af7d7f1bd6b03d9927839b11d1ce50,E05230,,True
bc1qd7c7d8a495430e0d6f885a06339f7f,E02689,,True
359e1500ba18cf16e5d0cb55ab4f09b,E00107,,True
bc1q0ba24c4a26eb592101d598f7ad3965,E05249,,True
bc1qc0758bce35befcc424ccc4de431418,E05923,,True
bc1q5c2d70d9aedffb712db8106de9b266,E00564,,True
bc1qac8cdc2b633b189d7d17563b4ec9f5,E00495,,True
10012d3a7af55453d3fec1b5c17ebb5,E04523,,True
195b989e6d76de00a9caee683003741,E00309,,True
18a24955c2b2d09faf68e65fee4a0bb,E00309,,True
bc1q0fd9c09190815d450295df83b79267,E01039,,True
183c3bc46b1c0faf7e5375509863425,E01443,,True
1cc0771216a99856b56a8895121be73,E00828,,True
1c8438c4e8f334d7ca95fbc9c7f58d4,E01221,,True
bc1qea04cef32491e9935723d1005f4cbf,E05428,,True
3e010daf6dc580e90cbc717e9e84dbc,E01956,,True
1f530c96c7f7befb08647e1fa647958,E03060,,True
1c6b98c242bba10c7d0b0d14b5fdf70,E06932,,True
3216a4c4dd33fd7561b841c2332a797,E04446,,True
1ecccd30bf0afdbd3d17709a54cf489,E07220,,True
bc1q270a48d0b6eada5b6b8e34b344a147,E06052,,True
345553a433d3d6a0bf07d81e338cce9,E01561,,True
1a48687cb295e19d694a5279720b88f,E03190,,True
180fdf6643468e6acb55c24530b2fc5,E07231,,True
1d9b4e8f386da5facfafe50eabf6669,E06921,,True
3c294f0286a7a87cbf37cca7b5e803c,E04649,,True
389731920235763456fccac478230b8,E05080,,True
17acc7cb90ca4475352db342911268f,E06704,,True
bc1qf89c2ef3b93ebe784983ff97caeef5,E01677,,True
111c7be042a6bd7a51004b8565f2ea8,E06922,,True
3c4c0c677833414c997175c9bbfde4b,E07237,,True
1dd6da978402141b0a7ae2b0339a5f9,E07076,,True
14519b955aaede7619ac7cb8633296d,E02438,,True
34d881367f778dec17c25773de8ca53,E03741,,True
329596933aed38485124861c2bf7386,E03352,,True
bc1q82e61245970767331ffe8e7d6be102,E03863,,True
36986ff6f77477f9987809c3ff3e033,E00349,,True
304b40a28317f0dbe9063fb64b5d9a5,E05748,,True
179c5f4cd6c78ddd74f9844e50ea3ec,E02678,,True
bc1q988f00e643b83edca261ead432c16a,E04880,,True
bc1qd68e40f4e3ab6ec35b83fba0242eee,E00107,,True
3679c2a927e9a880d00cb2a1da4ec6e,E00107,,True
16e7cb0bf11fb440757b010c7602e01,E05155,,True
18347d47540b6261ac2b7be76d0c7ab,E06126,,True
370d91347e8fc2a0fba101705751e1f,E01987,,True
bc1qe3f164631d9c8be0f0fe7941f74651,E06691,,True
3a1fc2ff07048356f512375a07d14dc,E07096,,True
bc1qc4578b14983aed8926e294071f0086,E02061,,True
bc1q3522131545847858658721fc257ff1,E00211,,True
bc1q4dd5165e8354da87935334fc20594e,E00211,,True
165af062df711cef9978a8d6ffd9855,E04724,,True
387fd0106384ca8a3edaaf938fa6094,E06866,,True
16c626af8d1aae8700e4b6db9a693ef,E06294,,True
154f5988270dec3ca2f1333db8994d9,E04626,,True
1d04a1c62aa80cc71a10a290cea946e,E03484,,True
19267e728f5f5c200ebf7252f1ef8dc,E06446,,True
bc1qf0a9b97557c28c85eb2b3faad53fb8,E00263,,True
bc1q2621d3895c167fdfcf338cdec56dc3,E00263,,True
bc1q1270c9ecc0baa63ba4f2ba94500024,E04367,,True
307cea31d58fa65c2c35739d8bb28a4,E01068,,True
198bc6b76c863e0e8aac4a523a724e7,E00560,,True
3785b7bc04700c59c8fbc72eb0e549b,E05496,,True
bc1q8a8e4d49075889e3c2bbebf8b9232c,E01031,,True
3f758207eec7024c8972af543d4d1a6,E05105,,True
3927a72f89cad3f0ea66dbfa011b8d8,E06327,,True
180a4ed29e053afee1c313ca7e68614,E03364,,True
1dd8f50f58f56a031116b6a4b38a57b,E01533,,True
1f645faffeae7f5c3d5aee01645864a,E06910,,True
16a20d79847e328176888375b5614e5,E04070,,True
38e606ff9a41f65a583aa638b66de0c,E07073,,True
115c6f82609ded1953f2e8820ae4ddd,E02062,,True
bc1qab5af2c7cd992735f78f84a03e056a,E02468,,True
bc1q89450ad3adb600984c23a02b901c66,E06323,,True
382f593ed696cb3b774b61d664101fa,E00060,,True
16c2731dd05b827a863782e75fe2857,E03426,,True
bc1q4441226bd1f826e6c2cbb783c74cbe,E02995,,True
311c7be3016cecc9b9a3a55aff745a0,E00330,,True
1747c763ec8f48e6d2839891271c873,E05103,,True
122f50d6563c7d9d04a3a7335bc040f,E07012,,True
bc1qe37f2441c7a4069359fb5d9ac72520,E04779,,True
38e905205af302bb0d1c3b49d9fd838,E06328,,True
1e464a4f7aaa07e64e5cdc7be85300c,E05509,,True
34903525e0fb618a71f4b374e357338,E02873,,True
11d02eaf5048b49dda30d1c513731aa,E00393,,True
19b8ce3c11161a7339b2275d5b6eac1,E04542,,True
bc1q96f587a192d2037d9392466c3a250b,E04163,,True
316622dfa40d7af1c403678c6a063a8,E02255,,True
1ac6479006bd7b04557a34a8dff4cc2,E03496,,True
37e65b145801738126ad75b66d924c9,E03801,,True
172291dd878ef642afcb00be5e03aeb,E03416,,True
3a8a16e258febe4d7b7620c775889b9,E00263,,True
3b623e0f126771aeca74d46dc970cb8,E07284,,True
15cf9ce9dbb2aeb0450f2371febfdaf,E00575,,True
3ea0970907e5f2d7f13387af4e30570,E07170,,True
134ca30bfd7d03f552f9feda10e6d9e,E02322,,True
3cb1641da41c45cb25f1f04ecd884c7,E03057,,True
319e9f9bd7a76242db8b62265b08038,E01268,,True
3e865651fc877b65f8737c7a9ebacc3,E04492,,True
3fa0d5fd9bc58e544216ae61bd8e6b9,E00065,,True
14ab5f2e529e5deb8a103646e8f4bbe,E00065,,True
1cb4b4407de6a1638827e1f97880d9b,E02655,,True
134efcc386ccabf9474e768f83fc81b,E00065,,True
1e80a3ecc2ac789632b64c5f416e626,E05672,,True
35705ae824bef98e4c49882628cdff8,E05083,,True
1f5f16df7e4b2afae251a0d4dbf67e5,E00393,,True
124c368e0ea09556249279de24740a5,E02986,,True
379fe45a9d00aa55e337a6106e2010a,E00405,,True
3f4e980d889446548234c9a75629bb8,E00060,,True
19e67e1399d1a8bc325105ca4a1a661,E03131,,True
bc1q563f275c20df0718c71b92d61c3ccc,E03055,,True
19424f49abaa4e662fa17575f72af76,E04054,,True
bc1q8eecc2b8355ffe8680be8b6e490e45,E05369,,True
1bf52e2f9fe395610165243d5c91f22,E06680,,True
3bf72406f33ee6bb9179626217ecb9e,E03528,,True
182d8e40f3eb8694568179205926d6a,E05462,,True
1e2e9bff1b0235dc183b479c960b917,E06912,,True
1fcce77fcbf3589abe87e4e150d33bd,E04696,,True
bc1qa5679333c6e25c36bdbabf20c55972,E02217,,True
187573e413ab833e38e334fc5b673d8,E06427,,True
36851830766699f7bf2aa0610c1de9c,E00049,,True
bc1q04c477e2db1ce3e9ea8b103bd66a06,E00049,,True
3acd32f960f69fcf6a646ee8dd7e052,E03542,,True
39d46c85688998c423f023e666caee8,E04719,,True
1a193dd43e21f13b6927bad00668ea0,E02598,,True
bc1q7aeded6f302743020e2e6abcc8509b,E06856,,True
bc1q88fd962af462b9f6bf62b0debbdf0c,E02991,,True
18a1253830a3ba8a238cc385e024fa4,E04567,,True
32804ad0ec37bf983ac4ebb6e4616f7,E03129,,True
394c43f4b7b78a72b24e201058e44fa,E03004,,True
bc1q614e73ce56e8a604145aec664148d6,E01387,,True
12c6aa90757912b8d6b456e49bcbc58,E01713,,True
bc1qea8ac7db332345ade84d9269419fbd,E01334,,True
bc1qd81bd36d50111d9d0338d56f66b39d,E00060,,True
11b0221e655b0ab7069267b37637c92,E05984,,True
1259aeeb94eb20a02296730e0838f91,E01412,,True
bc1qbb5d13f6cb407134781d96fba837a7,E04901,,True
3426cd2261e5c4dd8687bc07de7ca5a,E02742,,True
bc1q3058e91e24d7fff817c21842b61735,E04800,,True
bc1q603a77ef7e38b7455ebd5aec8bc81d,E02021,,True
bc1q0ce8a85bebc52c1046fc86b1c745c3,E06594,,True
16c62044be39b31885fc8c89307b7f0,E00124,,True
1bb1e7e21178e9f0b44af4d5ef788de,E00003,,True
bc1qa5a07016757989a41d3b6ee318f2ba,E00003,,True
12534fa7c6bc6712824f71e892925f6,E00003,,True
bc1qdece9683e572dec3c2a462301342f9,E00003,,True
179900a6c7ceeb78bb5f24251057c35,E00071,,True
bc1qe1228e47198f5cf69bd5963f10938c,E01820,,True
3ea5e97c322f2e90467c72749be7e01,E01166,,True
13a7ca8f75e0d0dccccb213d399b415,E00291,,True
31a4064687bcdebce03d4c0f35b4330,E00291,,True
31e4bc2459e42340ab079c9b9f4b14e,E05023,,True
bc1qf74e0d4857115e6b2e4031cccebde7,E04154,,True
bc1qf33764cc7ac31926b04819e5eade18,E04059,,True
bc1q3c678aee45a8cc2a0480c12f341515,E05020,,True
bc1q622b1db620c543d33d0933c8908f7e,E00060,,True
17c22b4ed2f28be07ec55bcbc6558ba,E00060,,True
1d739c526e9404129a261f97713f2f0,E04131,,True
bc1q9c3356aafb56c05744344d5f8f7b76,E00107,,True
39766cd26d189220ac33b9c37e6daaf,E00302,,True
3b37d59aa32fd19c1e84c4a50d8929c,E00302,,True
bc1q3e8e9f6f9698453b8b1bf766f8197e,E05460,,True
18d938a634aa1a42c239586195b2525,E00098,,True
bc1qcdca6bdbd34a948a996027a0850656,E00098,,True
1db9bc52080293caac5e8a325679f2a,E03047,,True
3c73e450b4967db4344c2697a3d7b8e,E06934,,True
198c2fcebde34e705e71b680cf832b3,E07213,,True
10cf02291c3ce8c3fe33974a2f76913,E03280,,True
186157397aa441c19dcf2a4709c82c0,E04761,,True
1a61a46af9f17ed8c6e9bddbc5ab867,E04840,,True
3ec09b243e0f9f0e579b25e763b7b46,E00558,,True
bc1q6fb6651b038ab9e4822f7ad86f88b6,E02352,,True
1e470777ee8224e22c2de437eb9168d,E03335,,True
31d30d006fa21361b324dcf9d6c451a,E06066,,True
3db3122960f80d7a8cf8bb5d82a050c,E05453,,True
bc1q579ada599915e5111f9dbf5593ac98,E00065,,True
34d0f1067431d1e4630bd737cf7858a,E00065,,True
12ed4f0e0eb1a02fe5572bad87ca5e5,E06652,,True
bc1qd182ade1935d53e0a319e564dbe769,E05157,,True
3a20b4649f11d3106a0493f5243b5f1,E01988,,True
bc1q4cf302007b453d71ac942c4d4cb4c5,E04819,,True
32c81f11c215aa9e75de50c45dad60e,E04972,,True
30251340c456672bfb5f519a6ff6954,E01304,,True
bc1q1e100fb8b017cf2b239a53a3600c27,E00472,,True
187ffa83089e9a960e2df18b6027ca6,E00330,,True
1ebaa2a6c37fb5f1448b067cbed9db9,E03303,,True
33a99bb56a60db50776d49a688e8d5d,E01639,,True
3ec83f95791f4fa1442f4ec76031a83,E02846,,True
397d64d0a6052a80067a623f77f34ff,E00071,,True
3d9a2b71ae41748d9344318408ca8b6,E00071,,True
bc1qdf80c1fd3977fcb669074655aa17bc,E00846,,True
bc1qc55fcabe83e9090e94e3ebe1d6c076,E00098,,True
bc1qf181aa804ce722217a020053595617,E00098,,True
bc1q6394eb54ede5c3a8c0145007adb729,E05852,,True
13444b4873e04fbb8c1e6b1db14c85e,E05204,,True
1a06303600fc79cfbce708756d2b14d,E03443,,True
bc1q541fbf109df3898bdc594fce2f59aa,E04361,,True
3f01813a68df5dda2e5940e1020814e,E03098,,True
1469eaf08115ed217df04ef99ae6f04,E00071,,True
3417d761f4cd5b24d90d9471c5f4f89,E00071,,True
3cb20b6806e930089bf4761b44a8c33,E05396,,True
3530a62261a0a8f2e3f09a44a5f0554,E03730,,True
3cbc4bed628fe63af2f91feaa09c0c5,E02934,,True
1a85424891119e83c2a5ce41939ebec,E06992,,True
bc1qf7f156c3345a6a89aa22b05e0acbb3,E02941,,True
bc1qfcce5267899d92f33c4c369a690cad,E02346,,True
39ef1a73d13452669d75427972d5d57,E06058,,True
bc1qd95e259b0cafaa0c181b1b2c8d3c59,E03151,,True
110fbe05c792053694ec9d50b1b74cc,E01140,,True
37398c5f9a127e59eab4a18dde72f9d,E01842,,True
bc1q5ff51edd21a9f1e568bdb726321884,E06849,,True
399a93f282f77e5f386fc844ba548a8,E04126,,True
3c3568adc5f31360284eb09054c5993,E07062,,True
30c5950c24f14d22ddc8ec331a91c65,E01381,,True
bc1q0b89d6e3f3ae27b767869128a06717,E05064,,True
1994f7cc47dd6784d315923693da46c,E00252,,True
11e63375fcc2ef7ba141188471b2038,E01108,,True
bc1qa675f2ef1a402cfbca8a754eb8213b,E03041,,True
bc1q4feeea800314a89c7ab4e3ee8b09a3,E00510,,True
12a97f36f4daa4fef9a1893d965a8ee,E04352,,True
bc1q54291798610b0ba280760f6bb73dac,E04869,,True
bc1q8ec29eee0c230379c11c4a639817e5,E06015,,True
bc1qfb699d557d7f65d3cd846635ccd39d,E02393,,True
1c6406bcdefeef209c39ca741b419ca,E07085,,True
14f0581dc106a34d2ae65a0e4dfd2e9,E07098,,True
1019dc181f10d042f576e777148c007,E05898,,True
1217c413dc8eb46572010a886b6a677,E01072,,True
32b9e65d8ee0d81a7bbc32d115ca802,E02632,,True
bc1qe73fb62f8c9430232abd547d9aeef5,E06071,,True
1ce79ed105143811a94ad1a1e3ac730,E02952,,True
bc1q96f357242bf7bfc621068e0443d9a8,E01316,,True
3cfb7fda20e5bb3a2b19e4c2988ae6f,E01839,,True
bc1qd4611dc40a572d0840ef45cf4f1375,E05237,,True
3fa7c234da3dacfa74188de2d8d6e9b,E00286,,True
1687cfba8e2ff586c3dfae92490d08c,E06746,,True
1a54eaa76d62f9101049882079778f0,E04786,,True
3bdc1783cb71b78f7670c02792da21e,E04441,,True
bc1q3ec94858249d54658810992ecc0a16,E00427,,True
339e474edc5bb35fd93b2583c51323a,E00427,,True
1881af03b23feedb9a4de2b19e9e3a4,E00105,,True
3a8290f86b4852c317046b930807a5d,E00105,,True
bc1q46f860844e21a8873a6a3c1094f482,E06174,,True
bc1qe0373af94d1c9a8cf2a00491d42acb,E06876,,True
320ff1ea0f990b4e23fcbccbb966a3d,E02416,,True
1b418f5783fed58c5417a7f3d7f7a91,E01326,,True
3672b0fa95da34b5b860e79f1e34d6c,E04892,,True
115a75e0eb2858f9347f4862a44da88,E06905,,True
14cc317c3619cd3c9a90afc3a596560,E01775,,True
bc1q5a36ba2c465f0f222c86127bd77913,E01217,,True
bc1q4eb39f3a00c83eb023dbc32471a957,E06303,,True
1b9932621e585be23f5b1b9c0135411,E00286,,True
18f42236550e62cb3c5b29f2b558b40,E04791,,True
bc1qa7ee8e6aa04b1b26f205b3e1b14543,E04955,,True
39608acc5d7ba8df12510d9805a6389,E04161,,True
1d05ba2dadc0f3a7720ca036694b7f5,E06796,,True
3fecf2b583d37208156ddfcaf654aa2,E01247,,True
1117bab1b3106316640d136637f3654,E05693,,True
1e8bfdd25c2a5a6d3e4dde1d92ec689,E02371,,True
bc1q3e6171c95458de56b72970e9107c1f,E07007,,True
1ccb8e5864a512dd9ce129c1b57856c,E00204,,True
1a3ef97e0962a428bb2d4e3814316e8,E00204,,True
bc1qf0250be4c6460b9c7ddedf6a689fad,E01877,,True
39be136b87efe3a3ee2ef2bf9e2ae66,E02706,,True
bc1q8794ea7e799bfb3be58b64e538cdab,E06162,,True
36da6d6ae2bab92f1e14d14316b6042,E04634,,True
36ffc0dce06e7571e8bbd27b73b320a,E04739,,True
318d2ac1b3b88146b031a0bf7d85067,E02869,,True
3617d3c47db212410ca1429b97c5829,E00105,,True
bc1qf9a5998c897fe4e575741f6ddbf278,E01474,,True
bc1q21f96937cf45f6f32ede3c68181f5b,E02402,,True
3c0d82d56a1f8e2f5298b8302d13793,E00049,,True
bc1q8877f6520e82095f734b4f162f270f,E00049,,True
bc1qe1697c03dd19b13e3114aa7f1b47ba,E03182,,True
bc1qb25050eedccefcda8d5e0959b6dfbd,E04233,,True
bc1qafc58b5d4d07d8beb9c6e7d536ba96,E04771,,True
3df2801462e440fd64d1391a3d65474,E03837,,True
346e1bf71c337e9187450356b3d5ba2,E04514,,True
1e50395655f1e77601ebb68080dd74a,E04615,,True
39abbe4b2051cecc9f7369fe4c1d210,E00028,,True
3826904745330442e07336d9f8d367d,E00028,,True
1605b35ddf4576bf977ee479a859d27,E00105,,True
bc1q60f11528ef2f46f323123e9cb0c90c,E01432,,True
366ca0b3310880a6ee095d5c4a9d8ac,E04180,,True
bc1qc0b3ca28c6a33d1836ee2806272dff,E01719,,True
bc1qcf5cbd08825d14341b2c0918a0f6c0,E00923,,True
10773812143ad902243720aedddc3e6,E03470,,True
3e9291585cd74bf501c93a3b1f22be5,E07060,,True
16dec4b529b3b96cf1d46be2e0e343d,E05731,,True
bc1qfbcdcf335438032cfffc6be849c066,E06773,,True
394a9ebeb811842a42fe367da3da18b,E06040,,True
bc1q6b628c903beec8b188b21adef6753b,E03937,,True
3c60e356864fe6b7400c7a10de825b2,E00514,,True
1322678859530c1a1295a39dce6ea64,E02166,,True
323e18254c7f30c1a4e7ac9034059c0,E06708,,True
bc1qe1c3c3b2fce1f3c559409657f88d7d,E07244,,True
1576ead40c8ef4c127c2f334a1d2c5b,E05639,,True
bc1q15b2bcbb5fb5c4fcd972d2d617a679,E00036,,True
33e458ae669962f9f14b45836d9ba01,E06284,,True
37cd7ae3af940f50e9c4a6baf67e1a2,E05735,,True
34dff1cb20f025b98fe1f0fa6fc359b,E00036,,True
187df3f1eebb224998645397517f922,E00036,,True
33fc5621a4ba04a8bf21df9dd23e219,E00036,,True
bc1q25d5bcd57f075e278801951e51d369,E05910,,True
32143da94278bf0101a4303b8206176,E02532,,True
bc1q2c37bac13698d727b0e4c2b8e2afa4,E03953,,True
1f6a20786cf57d2a0060f6281df42cd,E03265,,True
3d498d4fceb38f03a6fb5bbf598d494,E01184,,True
bc1q09cc4b023a31a8c0ca77ed784391c1,E00036,,True
3f998e48b1c762502499e17b03de67a,E01825,,True
bc1q323cd224bf6915884083b8bee02fdc,E00036,,True
18192ef1fed7603fadc970415a905b4,E06659,,True
35704c8716ebe56c19aab0f7d728f73,E04140,,True
bc1qbcc57c9d66d6f0a6a70b93887f5cd7,E03875,,True
152044e129b1e2d74a41600af562306,E04515,,True
bc1q7cb15219c6efa4a10b07528c39dec5,E00570,,True
bc1q22afb265cbb014763c2109683e68eb,E07123,,True
3cb0b532b71fe065b440dac96710d4f,E03209,,True
3a8346f3f5869d3e073ddcef92f38cd,E01537,,True
bc1qde8e763dc559fc5cd0094cdd763717,E06765,,True
bc1q1dd57bf227dc9c088b124569ff631b,E05292,,True
105cacf815bc972cd4cd4ab2cdaf2b9,E05118,,True
1b438e3652dd79107356d8a9530ff89,E07143,,True
18e252bfe0c97471ac9571f3e06ff5d,E02386,,True
3ade73379523ed007f40d5325a83721,E02207,,True
bc1q2c1e3cfd2e1d55757e21aaeddea462,E00305,,True
3a75d8e1b3aec16c66200a15079d01b,E01647,,True
335c06b805d792b19abc234de293de2,E03428,,True
18da62bf2e91bc6a03631adde4c0dac,E02698,,True
bc1q2d4a97f0a78c1ce86bd846b55e8dd5,E01627,,True
33218dc2faaff644c6b5cb589675131,E01488,,True
331a99efd64e00cefef36eee71836d0,E00204,,True
1657c41c747d5c11903b72fa6e363da,E04803,,True
12a4e1a7137aa2327d1454238be5982,E01322,,True
361f863c1ae35bb2faa49dda3b4a240,E00047,,True
17c45d6b517e8efdb213e3143c2181f,E00047,,True
11a72597642999deb81dd35b879a31d,E05949,,True
bc1q8f962f186b6a71156912ddf9cf2bd2,E01583,,True
12f67c2020bce0732494eb2ede8d63b,E00305,,True
1230364e43554f2280549c9db04d7cb,E05120,,True
376cb43ec20016cea8f1422d7e281fc,E05785,,True
bc1q0ce7f357a62e6824bab6384998d72c,E00909,,True
bc1q5a777e96fd07fee5bc6f90d4e7b68f,E04513,,True
bc1q2aa13903edab752032fd4b2430a159,E05897,,True
bc1q05eb11c415cb824e724027586ddd40,E05475,,True
1dd99b9886d32e71c161a1c73776596,E00124,,True
34bc8f3821d9c3e39710f8144c7ef13,E06004,,True
bc1q5d44148675836715c8bbdc302e9109,E06129,,True
bc1qda41a14e29b9dabd350d2a7a0cd56d,E06001,,True
bc1qae730350ab36602b945cbb3d162ab9,E05021,,True
bc1q786b6890c50d154bc8f4c925a953e1,E04357,,True
127baa32c2bd5a32e89bdbd53691c45,E03000,,True
139a1cbf4e779176366f51efb5a46ed,E02275,,True
121e3e75fe0c6e79abef7bf9151a3a4,E02770,,True
12f4ddc3334cd07e6b36561966d2735,E04247,,True
183a2a07bb8373c81ddf3ea5421b62c,E05181,,True
bc1q4a4a191ce736df80f78a724534a7d7,E01245,,True
11586f8c046c19501c0418c48c43201,E05134,,True
bc1qeabea9389e9031b9cb7d29c755284b,E02010,,True
bc1q07cdd0ce7880efea3f17d1593f2737,E04947,,True
1243b71fdf48930a265df650d56e000,E01534,,True
10e29c1e907aae7e222f39ef00f7fc9,E03392,,True
3e5fe9c73178c5e019cf4e1b1469bb9,E03170,,True
37b9860e29325bbc04f6dfd41102f77,E04806,,True
3b5cd1668a57fe0c9e50e5d8d1ea9d1,E05595,,True
3ef2ae13e163fe00f89e259c2e7e8f6,E01077,,True
1924e48504e4b66874c146ccea6c978,E05950,,True
bc1qacd3d5325769cd5571276b33474b1b,E02083,,True
1bc76b7cdcbe8184dfa6a1719991b39,E06559,,True
1d61dcaee9ae4269463629a4ce1e8b0,E03928,,True
117686dee068e53057347ddc2bf3bda,E03007,,True
bc1qbccbb305fc336809273d338765ee61,E06980,,True
bc1q793c04663ab809bb1fdb986f5a181a,E01486,,True
bc1q74d503d1e3716c125567bce837be9b,E04229,,True
1ce1c4cd00fff509f878bc4067bf431,E05293,,True
168316cff68d20d716727b8bbfd4a02,E03158,,True
3e37c9c94dae941f898d571c80e6430,E04279,,True
1adf5ff404db30861407aebd54d09eb,E05424,,True
15bade1fdd04ae72cc6dc4c7119271b,E04570,,True
1a91bb010c46235dd91ddbde318baf5,E03276,,True
1f2bb771cc1384491c583fd23e51318,E02517,,True
363cc0627431a1bd052857e8f8b55d1,E02804,,True
3c54b485a0f0ee6b4e67fe8dfd36410,E03910,,True
114aa3c7ca9e68fe12f3b2104005940,E00090,,True
116d1f5ed174fdd2dee003e01d96e96,E00090,,True
3a2b2f052c2cd559ed9b18ca33becdd,E02271,,True
38f8aac6de04e75f440fa6f5010052f,E03028,,True
1f85b3e51ed97faf587dc681610e3d8,E05165,,True
3b8a817157aa2a2c933daec6c08c349,E00192,,True
bc1q54ddea9a8652cba3b39c4f466e02b6,E00504,,True
1f440a551b9bdad147f61e0b4541280,E04956,,True
1884e85aec071abba7c7b07b7720646,E01130,,True
3431a0f735cfe46bb8a3a17276c8bc2,E05423,,True
19760887a45963aa313894b5d2caff9,E00435,,True
1a570863cffe44f34bc3ee06f7b92ab,E00435,,True
bc1q85c35404a01841576a054eeff3e068,E05839,,True
3e0f859eeda791fd770a730494a7487,E05408,,True
bc1q03553610aeb021b558531a5e8c9510,E06751,,True
3f895f97968dca670c6078e5b5ceb69,E01388,,True
318885466d4b39461a71114d994f7ba,E05119,,True
19b9f9eb75d2f0c472e2f3b8f9afd51,E01868,,True
3ea35d67771e791af339e77cd3ed271,E06797,,True
bc1q7c154f546fadc06d9e72f075304678,E03926,,True
382e2da72eb0da4380e0d0966fdf9a6,E05153,,True
36e5894c7b3361789901f142159c0a2,E00529,,True
32a2257799360ec0637394d5d7863e8,E03257,,True
1457906d6767d5a4611650a2e6103f6,E00294,,True
1c5e75e58eac344626a911c28ae7997,E01837,,True
1c96a3ae8cd3c666db60b4a2e595b71,E04023,,True
39af436cbb04b5e87c4f67b4683145a,E01279,,True
198a0be91a17855aabd4589b7365e1b,E01250,,True
3955d8fb1ceb8e6c77ae3b120d1eef1,E00815,,True
1060596eb5a780f536a44c8f4355734,E04171,,True
bc1q08b6f6316da914407c43704886274c,E01207,,True
bc1q6d037e7132f19f33fa926c5b612cb1,E02826,,True
3cbd06980e05a649fb83bc92b621afd,E02758,,True
142b5f5b387372ae6f098004b779487,E05480,,True
bc1q37103c90a58dd6198640a145a917a0,E00161,,True
1c7e166ff71d4015f09058e454e1370,E01371,,True
127a683629216bc830a769863b7801b,E06277,,True
3134f86f0719a6a342917d737e56349,E05299,,True
106784f8bdeb84a6c1c0ab60f8034cc,E07253,,True
105f0b37bae0ac476f2fbe14dddcc4f,E05701,,True
11c41c91fce1d867d866eaa1b40abe4,E01301,,True
bc1q8e3683d8cdd1ea02d80d4cc24e1ca5,E01798,,True
bc1q1cd04bdd79170f4c67c10f3db195a9,E03753,,True
32c7e2519fc2491e20a558241e04166,E03434,,True
334019a90fcc94017c8bc95a41326f8,E03519,,True
3cbfd0afc696d179f442e7b57869db0,E05832,,True
bc1qd7fef49b52fdc704dfcf14f538a3d8,E02875,,True
39773819812fc62f490119a848b9692,E05353,,True
bc1qcd4b7b707c9b1d2121647371e3cccd,E00068,,True
3d4fcc93a392c0fb4b85a2b362406fa,E00345,,True
1c04e6a0f9c933b4b823b515863261c,E04174,,True
16f43271bc2b4b46a40e733275b7c2c,E00538,,True
14421c12a8b5fc8d006862ab31eb8f5,E04860,,True
1860c1617e3c76e43cd841e925a0aa8,E01490,,True
31e1a8955f725e394a60409abe1c691,E04619,,True
bc1q9469c7574414563fde4aa3425565b6,E02321,,True
313177ee93371548cbac9bd1baa9fb2,E00068,,True
bc1q7692472057fc5dddbf5327b04c706c,E03406,,True
bc1qb73fac19af41bf6449d06690b9d7dd,E00340,,True
1eb0551b8baa39d7fdd30c97cc1227a,E00856,,True
146a31198139b312d389d1f6716d461,E00956,,True
bc1q0b82a33962d1441c8fa3f47914e10e,E01482,,True
15a33a657e95b832cfe189a0dc29c55,E04220,,True
3cf5070955dfbad7c94008690529adc,E00211,,True
33be46394ab1982d0365f87f5c8c34b,E05738,,True
1ffcef78b56abbcea7d934967798ac0,E07112,,True
bc1q79a0dcc2fae71c4c0f2a98de457872,E06936,,True
32f851b51257a64ccc28d02dc3e65a5,E03419,,True
36151f6b2297aff91be48c323299406,E02516,,True
bc1q591138cce98ef85eb0506494edfb23,E00068,,True
1da3ea4efc3812041668a540ccd98fb,E00068,,True
326c365ddef692b69bd55989f5a88bf,E01309,,True
bc1qd69293d9ecbdef53968833299f08c5,E01841,,True
bc1qa3ab26003ce82d40b94d60e9b0f619,E03966,,True
1cd04353b00feb636b088a9f78fd863,E07003,,True
17312d4a6815fd90610f8a3ff0638b2,E02302,,True
3e96821294c98295d0e1713e2cdc071,E00384,,True
12a35ace6354d104adc578e63fa3d21,E00384,,True
34f7cddbd72e7d06732f4e050eb67db,E04890,,True
bc1qf81dad77aa2ead56bffc48aa20bd68,E00192,,True
31111d6d0219bdfc557387335a3dd25,E03791,,True
bc1qb27866b002a888cbb8a3aa814af321,E01410,,True
bc1q7334607c266f123c0bba0c22376ea7,E07035,,True
180d7f82c6fc084c04a3f689aab1efb,E07103,,True
bc1q3c8066c2a34c8978f075adc3370882,E05841,,True
170a4f7d42aaab286126a36e3c3e936,E05656,,True
bc1q654dce578a133d39ff125cd7ca82ef,E03692,,True
10effeaddfd1ac24534758bb5fa4bac,E03325,,True
bc1qded1e2738e4383b77e0a9448020076,E02280,,True
32d0869da6ad826f675fd89ebbb185e,E06038,,True
3a09c799e44c5af421e103443f96c59,E00363,,True
bc1q86779ff83625d6ebcdad859d0a32c7,E00363,,True
33acbaff14c261f9ab158f300f322d0,E06830,,True
13a8ff9b540baba1b4660889bc3f140,E05011,,True
bc1q5de1d5d8ccacd5b35c348c31934d22,E05799,,True
36a4a867a567dd03a61c7f57ba13fe9,E04287,,True
3501d02b08eca4529137df6f12ad3f3,E06802,,True
12b2549a1f33fbbac53219f36b49d6c,E03251,,True
bc1q7327f36409e93b5fa9a39eee4798d4,E03894,,True
bc1qd5204b3a21356c0fd68618ba6b295c,E00526,,True
bc1q8e242bc5736b1cc0b15ca389ae67cb,E02411,,True
36d547e221b789e710f6f835110c40c,E05596,,True
19364eb27041d21fef25358dd200d2a,E04632,,True
34901e31bded87fe1e0172b22544d04,E04168,,True
30116f636e08a0d530527eae306f432,E03811,,True
bc1qf40c97bf4b506442baac0224b0146f,E05091,,True
377bb5f6d1882222927dc373d65c0da,E04680,,True
1a6f03ea3a0ef5b56be1c30c0e80e9c,E03369,,True
bc1q45a1728081200c10fc7d259d040be3,E03930,,True
bc1qcadac90499bc040179d9588749761c,E02288,,True
3d9e2296d1a923108571c34bb099b5b,E00332,,True
3f13f7dedb04c031e6c0ca6a67c1311,E00332,,True
12f9653d3ab1c3fb45898b0b845e393,E04246,,True
1b8150542c8cb7ee96116419eb65e43,E06429,,True
3f44cf35d09b1cec2ad18f27ba4e9d9,E05454,,True
3417af007f2422d59fbb46d51d3649c,E01431,,True
34d20ba798b12b751c079675d694936,E02708,,True
bc1qc16c56477b80b72606c79124ac017c,E02201,,True
1e0565127937c3f0916c7d14c94e99b,E04743,,True
bc1qaa2023e8594c9b5bd760a2b548571f,E03897,,True
37b5144501da458e2b910f0a035d595,E05692,,True
30d3f69a8c51cca42aecc90c5386208,E05095,,True
192347f34693e2f6293cd0b53a0dd0d,E00192,,True
13c8d76d140931d1fcba8d05db64195,E02777,,True
14e74519a60d5349bbe09513bb87368,E05414,,True
bc1q86d79a2c69da1d0b7b9c01f798e193,E06711,,True
15b2bd5d947f2ef8ed26daa681f1745,E03067,,True
1ac7a64d7d31e15fdc570b4c6517a6f,E06459,,True
32290669086b49540706929ea4d3e34,E06346,,True
37cba8d50860861061cba485fa5c8d5,E00034,,True
16f7f63372f9fb6041b4c79c0146804,E00034,,True
bc1qa2da5cd650b8d304332e1b2fbb45de,E00325,,True
16ec0bbc424063cf6d0dee8c61495ad,E04172,,True
bc1q313e59f546f5eed9996d9d61eb8774,E00054,,True
1b13e3f0062cf68bc6699ffbd731fcc,E05395,,True
3b83412bdf480b7e597f43bbb48628c,E01476,,True
36d98660a472bfb388801ab1f9ddfb0,E03283,,True
bc1q164a9bdf3334c698233b06d91ea7e6,E04364,,True
37c36098f942977b582ef0cfd2336f4,E03427,,True
3d772e6f6700a627506d74ccc8a6796,E03881,,True
19c4e7bc81a5f0f1b1bba94f9834d4b,E06737,,True
bc1q1a7af3834b8382013f37e44d49f390,E05587,,True
183125a956a135143826ccb2c5af0c8,E00034,,True
32c82964482ebb7317ddb7c6ded13fe,E01568,,True
3cdae0fe2a8e2f83d439f5e72d9b645,E05505,,True
19cbe0596964a9b45dad18f466886d1,E00034,,True
1f4bc953620dbd50eed8a3b83f8560a,E01263,,True
bc1qeeec17877236d0c39b7cb2b9e1aa73,E00359,,True
1baf905f64235139ba143ac649e2575,E02519,,True
bc1q04ba3334077faa78018d8128cafb6b,E06475,,True
1e597280512ce3ad21fc6d03de78d0e,E00311,,True
1cd0c751cae8ac7ebf9c85b1bc646fb,E00311,,True
3f56ccff31fbee0358ae85449b4af17,E02956,,True
3ca8c5307298d477c659dc94b425bba,E03219,,True
16bf84396f19d54c8a6a0052463463c,E02017,,True
3a4e60ae6ccd201335dc0807647f43f,E02143,,True
3f689c42ca26887bb2168c4a3188a65,E03477,,True
bc1qd82fdf17547fcd961d2aae134b4c6b,E04027,,True
bc1q7be9019038df5e3db02f45e4e35a7a,E01383,,True
362f888acb3d8ac91a2360365589bb9,E02850,,True
bc1q3c09e2fcedb87c82f52de19392009f,E05828,,True
118981929362cc721f0539efea7ba13,E05318,,True
17c16472e112dcc486246f78abc87ec,E03670,,True
bc1q36e6ba19abdc15296b67bff301bb6c,E05956,,True
bc1q2b0e58599ef0fbc0d3b07fa14ea7d0,E00816,,True
18e461c71e8fb7513482d8e288013b9,E00034,,True
3b52c4bf67cb7596cbc1aeff466bbd6,E00034,,True
bc1qe66811348a7799df534e10e2609f42,E02848,,True
373bde24e2a592a3ae179a6f50e7942,E02066,,True
14a1b95b0569ade9a572f886dc64727,E04887,,True
32eeb398b767a94b71a57b0fe50de00,E02292,,True
3a800d5ca3d51ccf88aa20e111b0acd,E00073,,True
18f464f1da8558369cb21419505d99e,E00073,,True
14ce34925bb2b7a33d3958a3b749fd2,E07350,,True
102dd9564058e04b393cb2dbf23f095,E04186,,True
15ec6a06d40d05c3f00f578be910700,E00345,,True
bc1q7a9cfdc46b0f3ded9bcaab35dc5b07,E03304,,True
39b6ef843ccd3af884e6ba65f5e0b56,E02825,,True
bc1qaf2e18949c8b0ff7cf5a267ce51943,E06153,,True
bc1qf3368b04375b69a0a30dfa3d5c57b7,E01622,,True
bc1q4475a793d85f3802556a2bf242c30d,E04980,,True
bc1q436fa7141b7d4b6483c8f09df9e382,E00413,,True
1db877ce49f32ee9d0550a7e073b918,E00413,,True
3f3abc47e5b4dc7182a30579ab3d403,E04418,,True
bc1q77449a749986e0fc6092377ea5e713,E00554,,True
3029aaacb8adb65901b8db91a4f6dd4,E05964,,True
bc1q90f43713d69792126ff5ed4485e60d,E00073,,True
bc1q4588d56da2c9e054777e31579bca3c,E06171,,True
1584f0e45177af7266eedabe98c9cdd,E02832,,True
1abab2b19e012e51fac6d85c433c4f0,E04642,,True
bc1q3232be01d3a0333586ae6f9b24955c,E02884,,True
3dd90145c259f0666c433a19de27e3c,E02932,,True
3136488bca6225930d8d9d75e433d07,E00068,,True
1dacabf9c7421ad3011a0eadf3e0443,E01599,,True
3b693552469040cd36e7e6e06537cb5,E02993,,True
3112071286739097f0a5ae4ad799754,E02546,,True
30093b283fef4984c8e4973fd684d6e,E04576,,True
12c6cdbac367cb90273be68e6c51969,E03431,,True
1040ffe6f3e91c9718e559563d3f079,E05888,,True
3754228f2a24da42537e0d6c4bd9b59,E03225,,True
bc1q44e42a461372cefe64a64aa3c065a1,E00303,,True
356d5d5e8dd53b70f6c819d4732fbbf,E00303,,True
172acecd4ca7c06a98651f132a64339,E02331,,True
bc1qd7c03ff439a3598022cedaaf14a01b,E03537,,True
3599a19c342cfeb6bc201ee92f18691,E06541,,True
17759cd5bca3c2381210ec25028b8b1,E03244,,True
3cae8fcd7975fc0c036688c721916d0,E03975,,True
bc1q43405ba20bf4f62d01eecc6265afa4,E04883,,True
394419d3c2702782851b6fcbb2cf7c0,E02313,,True
bc1q112b684ebf474c7fdd6ba1b9747360,E00876,,True
bc1q48c56eb5d0ca274c0a56590cba4b57,E03405,,True
14da29b48ae4aba19b1cec8ae973869,E06194,,True
18e6df739b1cb84db584126fe8a9b66,E05759,,True
33b584411186c1a854002b02aa82f4e,E05519,,True
bc1q2c559e8371106a14ca9a44c5295039,E00073,,True
3a5928a96ead9fdaf532fe3f5414322,E00073,,True
3c49968d6d242272d5c1a6163021daa,E02760,,True
316214b6e84a24bf61d6b9c5c3e82e9,E06088,,True
1ad994f786b1196e7ad053899c23641,E03457,,True
33817467ce9987a0746c0e901eaa0ee,E01289,,True
324ebe85eab26d8d320be3d94a47b8c,E01669,,True
bc1qd69b0139c4dffaa527e02f7b190a51,E00074,,True
3ea7057898a90241503a2aafdfb1095,E01040,,True
306272ff9476347b2be318ebda2715d,E05532,,True
1e189506e5883cbc2a7f5473bc6f4ba,E04622,,True
376f868c86e49073f577cd75526aaac,E04627,,True
bc1qcc5e887a537465bcafc22edd089706,E02353,,True
bc1qd6d84e007cf59a74a88049e6d20d55,E02048,,True
1133859c6b7d00a8bc22bb76c1b2e7c,E06223,,True
1ea4e40a4f7d210ef87244025010f9e,E00340,,True
bc1q4e1d175d8f3db905c047a854356247,E05350,,True
bc1q864cd6aafa4c6237a2993890f329dd,E00359,,True
1beb9e0fe36d4f8aed04785305c87e1,E01086,,True
171259c676148be6d1384fe630242e9,E07265,,True
3648552d858f464c15da5470db4897a,E02718,,True
38220a9ebb79715cf2f97e68db1377e,E00074,,True
11b9c9a6bbc534f36b8504e558105d4,E00074,,True
385ea99d76e899c38f2b44147565325,E00074,,True
1061ac1b5e025b24aed19e026d77ee3,E00074,,True
1029d11fe10e8bf798f5bb7069bd40f,E00881,,True
156fcb689b0fcfe2c70a0033ac527dd,E03472,,True
190731c236cab075ff2c67a5432d7b6,E02197,,True
1eeaec9356bb318ac25d007fd40504c,E04128,,True
bc1qc99c8c051a9fb1977f1124fd436321,E04685,,True
12cb833f28f55dffcdd380f0ff65d5c,E01349,,True
3ce632715396ff63c67a2a089f38c4e,E02296,,True
1898b989f8a5e1192bef5f6499ac9ab,E00054,,True
bc1q174900dc8c69badbc8f5b4d8b7f3ef,E03038,,True
3f16c086a7df379cb21aa8019d4d39a,E01682,,True
1dce48cee59e4ff778943edb89d7310,E03479,,True
bc1qe3d44e62568c208fb10eedda322f3c,E05440,,True
10629f19b1c8fdfa91b2218935627f4,E04289,,True
bc1qe9db3858e5d0c564b0e1f0ad864462,E01791,,True
bc1qbb17352176b70f8d0e1f231ee2c3e8,E01444,,True
38b481018b9335b4c2b780a19ea2e27,E05197,,True
376f80766f12595b1f8cc4ccbb4d9be,E06173,,True
1e8986fcaa45ec7d40e0d08a961339b,E07259,,True
3fd23eb77a71389ce90ecde624a8deb,E06570,,True
14ca324e803f44a02d7049dd9b98cfa,E06972,,True
bc1q7ae9db80acfb1f350115fabce481be,E00227,,True
1236e79182a8f3a1e60f1eadff6537a,E00227,,True
bc1qcc69a8e32ffec3e05ff96ed087dc98,E00533,,True
3150bd1f882c32691f284859d091856,E06101,,True
3f0b71be9ccb934edca60d8773b4045,E02724,,True
bc1q34a9c4c9e6dec2b80504fdc7e72b71,E03082,,True
bc1q247a42089ea0a198576080a036eb27,E06923,,True
3c257d3070d269ee6ac03a80736ffb5,E04861,,True
37317df28b77f1e8b6c03f9f9dd40a9,E00047,,True
15a134b09fd31eccea4ab98b8effaba,E00047,,True
36935bc339e154b5804c5cd2689f752,E00869,,True
109f51713ab7e8ae8f60decaa1a3b1a,E03181,,True
153a45ffa549ee09a2bfc15cb40687e,E00227,,True
bc1q15c876e54a0d90e630909c4b8e57e4,E06852,,True
3d7d7b50ed17b3587a88faa318b508c,E00062,,True
bc1qf60a5ff9e1c6cb869ed41bc64e1c62,E00062,,True
1224733ff0c517cf758c794a08ec160,E01479,,True
bc1qb474d2753e7a377eb8d108f5a51dbe,E05341,,True
bc1qa482e7d3d113269a673fe589e0b18b,E00975,,True
3cde93ea716caa36b6d79813ff2f59b,E04071,,True
bc1qdd22f105ff3f3ba2ef8f437c380a65,E00062,,True
3600d96d67330bb190166c2d67dcfed,E00062,,True
3e5b96bd6634906d98a27753865ab28,E03584,,True
bc1q4b33a84f40c7fde56b1be9a4ada718,E01423,,True
34924979123810267406ac3b7dde8af,E04660,,True
18d1b6e2d794edf0dd14338004fe610,E06501,,True
bc1q2c28cdd2260e59646547389ef0d068,E02554,,True
bc1q5a9efef07c0e77b6961feb8695b07e,E05180,,True
bc1qc9ed6a4a4742f64992ac298bedaf07,E03652,,True
3a226a7b432ece976dc16b5a076aed6,E02037,,True
1d33498ef7d50f5fbfd24e6d134e1ce,E02618,,True
189595c12ca93e91d1bacac13b5507e,E07195,,True
3828e84c56e60185340cb955ce1c4e7,E01296,,True
1145801948c1f8007a8180d070a0bcc,E05094,,True
30824015f70bc92e6d61fb284b9f436,E06870,,True
bc1q5c3dbac1315e84178419193c29d9ed,E02387,,True
37118d3e86971f6867ac2423a329c9e,E05684,,True
11bf0356ee948ff4a702423dd3c90cf,E03442,,True
3c79eb0e82cc2979ee4f965cf8972f1,E02980,,True
3565bb7b8f985fc69598983785e02ee,E04675,,True
1e1e265bc41058c1a3405432f8e4bd9,E00506,,True
3d3c40749058e120277f1413240ab15,E07335,,True
bc1qaf2c6550e363d52f17a43f6f4eb891,E02944,,True
1a675bb51cd3d87776a6a9bdfdbb3e2,E00162,,True
bc1q5b02d019013e36c7a8c4990495845b,E00162,,True
1923709ae384228ae52793567df7ad3,E02880,,True
bc1qc0f06082ab748e23b622c339114cb2,E01858,,True
320760ad2e4c815912531748814f3aa,E00054,,True
36b1a485a261a82dfd49991df48d169,E01927,,True
1ad3970125df3d8e4652ac74b06dd1d,E04959,,True
129f8cf6122c4999b5ae21c816502d6,E05377,,True
3729f0c16559da48b41d6a006138a83,E00836,,True
bc1qf2e5ce9b6c549460e0b67321b6eb84,E06517,,True
1a8dcda3ab5d00592d0471effefd385,E00079,,True
bc1qdee9538d6e0616970648efba0d9306,E00079,,True
bc1q865a16ad58f8c56aa4fc98600c55f4,E01887,,True
18d112ac3213e6655d1888b34b03032,E00079,,True
30e16abc654001dc2c73e171cfd873a,E06112,,True
34c5f574bbc87dd78eba30d8b463057,E05691,,True
36c999abbbbe76a89fdb00ced238378,E00140,,True
3713b9f732de58998de44dad701f79e,E00140,,True
bc1q94be481ef4c29e2086f1d389ec92dc,E01881,,True
1f5cb2aecea934f263d979a03bac96e,E01353,,True
32f79a3fefd58be4b5f5b3e43775a1a,E02380,,True
1ab2dba5df7b5eb718f512ab0262ee1,E04194,,True
3e47b3003fff16cb15ea75289940521,E04280,,True
bc1q49211404ac010e240696b40cd99e6f,E04723,,True
bc1q2a27a9f4f1c64dc8da7e187fc0e455,E06399,,True
3b348914b3656495f3ec6bf72dcca44,E00079,,True
159e17ed707bfa1b6f9f21037238dc6,E06386,,True
18a82944cfca6df866c8bf948ddd365,E03237,,True
3aed3487c861c03384aaaa98a91919e,E07256,,True
3f0d3becf81c607f7e2eba56e0434ca,E04041,,True
36857b3f0d5cc6b71e7f6794cf28c15,E05542,,True
1b89764a8b0056a721e2ae8958d861d,E03271,,True
144a68a0998210b431062075f994835,E03732,,True
18708e1366905003d3262fd7c6c82de,E03690,,True
38575aa70a312b9496ddfaa543703cf,E00161,,True
197a2e8873b78c0f746161b6cff0a08,E00161,,True
bc1q5986715b1daac3ae89e6f166cd36e9,E00810,,True
17cb725ce626d9beffcd7b5c066e5f2,E03645,,True
1527e854d6c8a7beb9789601b55d3a7,E06456,,True
1cd1bd356a1a23b9107572e3ca66d61,E05892,,True
bc1q04573ef4c3559b52a343b820e7b6ef,E05360,,True
37de471f8655d6105155381e4dc6680,E00528,,True
13d2e4cdef7a68a2c5611636d77c389,E07306,,True
bc1q6a6458cff5950990dd9b6dccbe559f,E00162,,True
310f8975b44102faec16f6caea74c2e,E03250,,True
bc1qdacd408625dbc060ac34f2ae672648,E02909,,True
36524c5d4d7d9e5d4dcc738d3aaadc2,E06584,,True
1383f6ee315a1d2bea7e6dc44e1d621,E01004,,True
3f2d78d88702ae78eadda9a115c42cd,E04591,,True
1a9614d8f836287a498667a2f4af276,E01405,,True
14ed62e6e1a740ab3460b86b05dd2b5,E05989,,True
341a8032b2003fce0933520275d26ed,E03712,,True
3aa967754357580090497e75f335f30,E05622,,True
18cf996d028460260665e51f76d7126,E02215,,True
3226232cd6462c9b921c0731a603946,E06944,,True
1fe6e2cfd4bfe0a3125ea31c7efee37,E00432,,True
369df29cc4fafe736a7fc67be4af3f8,E06520,,True
bc1q72989eb2718dddea086eb1ab48eca3,E00054,,True
bc1q0e4683ac8456fe8604788250feef62,E06118,,True
38ee79c0afd98e2d6cef5d91841d5da,E03347,,True
bc1qce65ac734d73fc8623135d599e7faa,E00118,,True
3aeda68987907debf5caea98186eed6,E00118,,True
170c7556576796ddf61dbe1b7146c44,E06108,,True
3bbff852ceb0f89b3180448a9eeba94,E00054,,True
bc1q93da35773eb5287bf81f1bebb1e7da,E06204,,True
bc1qf862d1ba6d2cfb37bfbac575a625cd,E01439,,True
bc1q856fb6ccbd93a7afce14caf95f6755,E02962,,True
352382edc2bd2403d490deff5e67a16,E04944,,True
3bd900d6d92628343430652bdfa6b79,E05667,,True
bc1q2a51495cb0b382edef82a1bdf0691f,E00432,,True
bc1q937f9348bd10a24440667b517b0bcd,E00800,,True
bc1q869d4cb7f5155a039d08d01e0aaf12,E05963,,True
1ba8a94f8d86c4080af677ba272ceba,E00203,,True
bc1q6463746f86dcc9549a7833814b939a,E06931,,True
35f0746a7c1ca53dcb9dc82727adc6c,E01267,,True
bc1qd6e087c96209ef9cb429336a83f667,E03143,,True
1bdce5c07e5b3e2a14731385a6b274f,E01152,,True
14817c11c21515bfb114dc5d6bb889f,E03307,,True
bc1q65d67b2d55455b64228ad6aa3af6b7,E06233,,True
3d7bfc00387f6d628ef4623d4958480,E05283,,True
3964c97fa315198de7ac7523b6b6054,E00091,,True
10c14be2d14f0beaa32e76f2f270678,E05511,,True
bc1q417fdacc3e548b43dc316cf1036b35,E04442,,True
1960c2e5d30005d5473cf42276f090b,E06167,,True
14341d457d2043d1b151a9b0ad2be24,E00327,,True
bc1qf8cd13c73827a870badf312a9e48f5,E00327,,True
30af7b8b7554839e0150c0c87d83f68,E04713,,True
bc1qd39eb91ee8e4edea6b51ee14ca9d3c,E00891,,True
10baf31624c9ed9490547c3180005e9,E05450,,True
3d8376a1cd4c673844584cdd5e3790a,E03983,,True
174cc78ca556921bc8e2ed7a52bdb1c,E02001,,True
3afca22fc7cdc3e99dce8191841d873,E00024,,True
14b80a8ce3166c3541acd27246f5c1d,E00024,,True
3b0335bc4b033ada171312085bfd71f,E04905,,True
119ffa0c1c1ba4f515ea371f0b10781,E05517,,True
bc1q08cc758f7bd8174e292617dbfaedfc,E00024,,True
1e9beee620deb5e628a313c46b4b460,E00024,,True
bc1qa96f36ef4f6cf4060c718e238d09b2,E01831,,True
3d3a65feb078653af878674adc1e2f7,E04254,,True
1fd6b79f355f528b846908370a91edf,E00024,,True
34124e68d91c0d559e32696194d9fd9,E05806,,True
bc1q06d23b350c559f09ea3c351f65206e,E02701,,True
307a101e8f86e430b9969081d575d69,E03066,,True
bc1q19581d9984e73528c446bf1beae2f5,E00024,,True
bc1qc24cb6604695bbb464ac91c95f90cc,E01976,,True
bc1q3a6572fef71496140d754a32ad8a8e,E00294,,True
37bd63cd7ea6d5d18994a8bad5d5c2a,E05308,,True
164176ac996e7fc4c1003df4d4b0444,E07019,,True
bc1q87787af517a8c0d4314919090c0ea6,E02039,,True
bc1q8c2241af126682bd3ba3c7d92fd620,E05441,,True
bc1q2aa49d28f4100bbbced11f98588e87,E01324,,True
bc1q6700cedcba09e80b730bcaa29d5875,E04877,,True
1421f89fea9446a196fc2ec7040d5c7,E03088,,True
bc1qc6ec75ac0d88188349c078bc4b2732,E00521,,True
1e46bf85097621ab01cad4eb4f17ca9,E01910,,True
344abd169e55ab57f249179711461c3,E00006,,True
bc1qae46ceb47b0924dae5d0b5b0427df1,E03414,,True
327d11a708b888fa3a11c5437f13e48,E06321,,True
bc1q6cc55972f580bdf42050e83730bf79,E04177,,True
31022570fd66b4c72e5f33b6c812f87,E00006,,True
bc1q82c481139d93cf9ea470e1dda358cb,E00006,,True
1a8cd0231f7ee6b4cfe40eb06ba1d8b,E00006,,True
32c243eb78063e1953f8e3f53e988c3,E07044,,True
3f748e08e622f617712522203443031,E03002,,True
bc1qeef8c06ae491601ab7f3ba40281391,E00835,,True
3af23a8cc2dd3c5cd2d1f3ef4eb645b,E00006,,True
38d3bb1fc284016a463979febcc2391,E00006,,True
374c5f395f22749b0d69cd2c915b1d4,E06184,,True
bc1qca12f43feed83959ab9a306d3217de,E03284,,True
bc1qaa705ac1f3853974e57dd342d3b1de,E00448,,True
153dc42b35651f8ba5c614b51421722,E00006,,True
bc1q2f1d27481cf66719daed7b7b4b5ace,E00006,,True
3ec88f337c807ff963113d608158818,E00944,,True
125916f09cd33a65f6f83c5539b4d73,E05384,,True
bc1q18189ba674ff88d39d328f68277f1e,E00203,,True
3408e078de25f83dc18314c510f8c61,E00203,,True
1d5ee94325049e0ccc3277cbe4799ef,E01652,,True
bc1q794f698e8e6644f6d7607dcea29164,E02802,,True
3e8c604bb114cd7415b159acf6e7bc9,E03908,,True
bc1qd892bf2405c33c1072ac5a58c93ac6,E03077,,True
11a2a69568857918f92c2c32727aea4,E06190,,True
3eef474fb31a55f28e9209e24705fcc,E03569,,True
142653c06ec3c00d8a9e06f36467544,E02685,,True
12227339eccf0f5c0b20dd80c4ed431,E01572,,True
3636e8bdfdebaddd91c8dbf4493af50,E07305,,True
bc1q1ab34446a41683c9ec97673f12179c,E02658,,True
1e53b4925d7b12783c88104caf35eeb,E03815,,True
1a29d3a873ad354253e9d9b8dfa8e6a,E02822,,True
bc1q4a14e6e74bb38cf4de9c22bf0995a9,E06939,,True
bc1q74c109529b572ad0711028063b5c88,E05476,,True
3a9c55f9dd0db9c6c1452b48bc1163c,E03494,,True
3a06e84aab41e0dc4f83b340ffe38e2,E01139,,True
33121682663ed111d122ccf3d0d3ffd,E05219,,True
3e12ac7a4af7218905ab3d8d2aa8764,E01241,,True
bc1qecb9a35d9946f9a637c2aed12c9d85,E04433,,True
123b9e98d1adb8562b731a0de85e3aa,E00006,,True
bc1qf80a5cab5ac410c1639c39ea02c6f2,E00006,,True
bc1q78f0f53caa404a823d473d44e8e604,E05593,,True
bc1qb769392e73843fae151bb52cd59773,E06502,,True
34c478d3c69ca2f6f1aa582859c8487,E03068,,True
bc1q0f43fb5b766d31ad9b6e097a171a71,E02350,,True
156ef2617c50a7c6f766a774d4bcdb2,E03295,,True
bc1q2280889b559dd28d7be55d8f05d5d9,E03123,,True
1ebff7f0f1f928f3a48815adfe3f280,E04914,,True
189d5e1cf998da34f942b3ece05a281,E00593,,True
1b9b0b9c5404be9e6d5956836956a38,E04134,,True
bc1qd2c351bdedabba4e1a701945876487,E06955,,True
1be0bba25952bbdcefeaad566575b6e,E00362,,True
bc1qcda33f6b5e6d5c19c17f740492215a,E00362,,True
36f38881a518da3d6826d19641e971f,E06933,,True
bc1qc322d43148c4eb56f781775a66f87e,E07293,,True
3b561104fd3ca88f1c2fa18c2af56a6,E01582,,True
bc1q855fc7c6d273f94d2cd22dcfaeaf3f,E06046,,True
bc1qfc26e0aa8bdafb816d6a1a545b1bc0,E01531,,True
3489a4c81ef81623953e8bbc83e0032,E06930,,True
3514385c35177b22e6a7b32ed290d99,E04705,,True
bc1qdb974cdb02a68ccfe06ac9cf70b5e7,E06720,,True
bc1q81039a873ad8d6d3c0f8b2034831a7,E05771,,True
1953bec7f27c68f0c0da31749ded257,E02051,,True
3a92a7582640fe76e0bdec1f102bb8a,E07312,,True
374d301a3206fba461f8bcc60dc0317,E07008,,True
195c35837ec676aa599e647ec0e290d,E05973,,True
bc1qc2a663d34c41f22746cfa4724eb58d,E05232,,True
17c60ebece5ad25d1968c7fe647bdd5,E00111,,True
1783471a25d251c8c3ece4b2d0f5390,E00111,,True
bc1q431e5c28eef57928848e975a699dab,E05987,,True
3572bcbd778c1a02f281d8e256efea5,E00416,,True
347e0bcad50dfe2b7cb05a0b72dc421,E03012,,True
38d5d49e0e454834b25331114344226,E02170,,True
18c9609bb6518436a30d48023699b8f,E06995,,True
bc1qeab200a0806187b4cf91cfd9219fcd,E04802,,True
1619f66e2d5c33d31f419fd91b655d3,E06267,,True
10cf52e8171d0adb6d2088817ca8229,E05733,,True
1c2badcab200f58e3a4ee2acbcdb733,E04291,,True
1cfc2d12fb8f0da0ca982c70676676d,E04788,,True
bc1qd8529a552f8ee54fc37d484bd6ba14,E07343,,True
181589b0f18bbd6d01379d9bcefa36d,E03026,,True
3d806e767c68fc9ac485563d55e7400,E00484,,True
31a413e3db6e6f7d2f33de9abb2e4e5,E07092,,True
3771f7cb0259a44495cf98fcee1d596,E00260,,True
bc1q97450e641dd524c5f3e556e0d56b22,E00260,,True
bc1qdc4e03fd2cadc5888d337bd8ed0566,E06713,,True
bc1qabd1fe2d2654f51731d542077d5caf,E05706,,True
3772e66325789356415670f3baad034,E00047,,True
bc1q7a788258148e5bd6bd53b9f93018d0,E00894,,True
1291022eca83ba956a0faa54fbe6dca,E03338,,True
344239b1939b74f7bc01babf6da958a,E06098,,True
1592135736cb1859c8110049369075c,E01517,,True
3738ffe694438af9f76f5850c0eb100,E06863,,True
1d11bf3832b0f8b60a6f4dabc83327c,E00252,,True
126aeaf9ac0ee260b18c73ce545281b,E02912,,True
bc1q6e07721b22c61846c61377129f761d,E02549,,True
bc1qf70dabec800cbb5d364d8e38f727f1,E00965,,True
31d607dff935e355399317337aa877c,E03853,,True
335ebdcbdd3e2d08701af5cf650f4f9,E02861,,True
30da4a0f2ab6903f44f05ed3c1fa29e,E06585,,True
bc1q4972bdbfdad434ee95f1630d961a25,E00252,,True
bc1qd41c83be8dcab98b9b3184a2a0bccd,E03602,,True
1f1aab465ad220fe97fadb434d3ec6e,E06017,,True
3343f756d2bc99de7eca309296fc0d7,E01551,,True
306fd019fd33d40bcc4f0dbcf13cb3d,E01978,,True
13112d664927d848ca13d5a3e0291a5,E05554,,True
bc1q3f22cda367b5632f894e9b4b4e52fd,E01518,,True
3e32a27eea7a67fee1cb89a74f935ca,E06110,,True
1be87dba2ff6996eb5e371f1ecd9ed7,E07183,,True
bc1q82fbfd17dedfbe0f26ef72310fede0,E01090,,True
1bc059dfc00814bc70bdb6ec451e562,E04603,,True
3f7ceddad851456bdc5a633ce5b961f,E00282,,True
bc1qd9815ae1cc233c9838d1688d3a5b2d,E00282,,True
34251d220a8926097a1a2f67a139e90,E03118,,True
36c7e04832417eaee178088dd033ae7,E01847,,True
1501d51e1772a3896aaa3cabaf6e89f,E03374,,True
1792b9327d037b7f8a18c04c9fe2250,E05149,,True
bc1q5625586b32264fc53a8da22f2ff254,E05403,,True
14023383cc21eb8b7a4129c996bb5dc,E04704,,True
bc1qc87d0192e8c8b15e003828d5935e79,E00839,,True
19931827058b440050be25e2a8bbb69,E00047,,True
386db08b97eb5b74ad9530a48fe1af6,E03611,,True
3d87396c50e519449c3f48bf8815f18,E07227,,True
3fcc4636a41f5d79126038db21ff434,E06349,,True
195b53f47cf6a2b114cedf485efe174,E00002,,True
1c37bee1d23dfce0c1fdc0ab29c6d64,E06302,,True
bc1q3ad346f782997dcba4472a43268d2c,E03210,,True
bc1q7843ec968571c1f94d5ff9514ec198,E00002,,True
bc1qa4e17cd475eda95ce80d58e65a4865,E06497,,True
bc1qa30c0efdc55eaf2d8b387d8152e0fb,E00002,,True
1431cb596068b16fd602b812ac6bc0b,E02004,,True
bc1qcae7260705351d4018a5e7b0704cfc,E00002,,True
14036dcaa5a5cfc313ace7eae98c55f,E02376,,True
1aa7aca4ee4a53472a7b4be86b4facb,E06772,,True
170198884bd3f3a4d757bb5bc90acff,E00002,,True
bc1q01368f4a5a62d3ec9fba0a1dc7deab,E01520,,True
11f1352a14da64c3d177df51e2d9e11,E06300,,True
bc1qf022d1d90a8ff463e1a91bf6c33ed8,E00002,,True
37fada3a75b546078f7b0fb1089a78c,E05619,,True
bc1q1e49c790d52b99a2a1a620e5d0111f,E03412,,True
34488b8ac85ed4b9d0a717dacd3e094,E06783,,True
39062560cee80128fd5c725fc2c1d51,E06973,,True
1a2a9981df5fb387a56caaeb9953d87,E00002,,True
10fe0b1f3714a30267e693d4687b383,E02374,,True
3bcf803c7255f51390476d856e63c79,E04098,,True
14b84d7319f70bef9bed8b72d8206cb,E02906,,True
3c6b6f17e315608fa77c99d1202821a,E00002,,True
375ddee1091d386539edd326b0bb51f,E06857,,True
3a48e0a51b6940c7067409f1e0c698a,E00002,,True
bc1qd7b847a4f8292c61a08cac23f2d1ac,E05585,,True
bc1qe2a7cf20ad99cb7b165eaa84c84278,E06999,,True
3f1fcfc6ad3cc4096d26487641a4b74,E00020,,True
bc1q9a31798ce587877d2c70bd1e720652,E00020,,True
3ce85ee9f63e175e0778f8957fe8160,E02335,,True
3bf8981d6cab3541ecc00a0c2b787b1,E04923,,True
360a7ca858117a1178926f3f91e8b9b,E01032,,True
bc1q722f81eb8aa6e4e1eba0d7e70790b0,E03184,,True
10c77915cc46d940466ab60a5a91abf,E07027,,True
bc1q66df81caaffa2b76c359ec7989a1d0,E04454,,True
15ebd141e21d9341c253408cab3dc85,E03074,,True
11791b7a3017eea07276bdbb8e77e1a,E02712,,True
bc1q4e3871ad125a76ba15059b78a38a81,E00050,,True
1005e0bdbae47c434d2c8b83facb825,E00050,,True
340b252e8ee009b4748610e5fb26d34,E05244,,True
1cb346e8ba8d656b29301d1199117fe,E00020,,True
337287f937245548e05732bc9640e1e,E06022,,True
bc1qfbe80f3d3d703edf97c7d5c8894665,E06925,,True
1c75b7a33056f33356fad3182092846,E03619,,True
bc1q336ea1dcbc886af31c243bd528e327,E00090,,True
3c4742fc143bee062db78bc247e2a46,E00090,,True
3c6cc60bda8958a5f6a2847873a57a2,E00020,,True
bc1q868fe7dfe105aa80da97fef7ba444f,E00892,,True
3a84552021c603ea8194fe5e484e2c6,E01989,,True
39c4e1600684d9cd2bfbc31805f6a69,E06841,,True
3cdc20b28ebe4802a74ae57892461e2,E01580,,True
bc1q339c440e160c9891608621b58a3243,E00050,,True
bc1q085abfeeb77b893bfbb564a1a1c45e,E03909,,True
3228c4fc49dc4fccc641c0031b41e88,E00882,,True
3091e11a2cfc32d4c34f9de531b1e76,E00104,,True
bc1q095f6dbb5e14d65b745fdd1c974694,E00866,,True
1ca843b15b3442429cfb37fafbef2c6,E00277,,True
1b685c4d9909944fe5ec4e346514b72,E00277,,True
350b67674c161d0702905f9f938ce1d,E06154,,True
bc1qd59c4fa126c04491bffd694a3bc318,E06840,,True
bc1qaa0fd45ed632c22d82fc213236873f,E03831,,True
1f498f376543c26eb2d923f4179ac0c,E06023,,True
bc1qc4daad25d42e57cb053f2e1b2280ba,E05468,,True
123167bcfbbf4e3e160e35b4da7f632,E07214,,True
1cc89a0c8a31793f0fb442aeaee6e8a,E03127,,True
37f4043df73a6480baa8cff50ef5abd,E00577,,True
bc1qffa2df29ca6e42d09ae2dca3dd65b3,E03408,,True
13e0e427d9fe0b9d7aa58b9676eaaf9,E00050,,True
bc1q6ca301ea91af19d427448f977a4f38,E00050,,True
16d6f62945898cc9448cb7c6f7e54dd,E04355,,True
bc1qa1f9508fc153a5f26dd964301aebba,E01113,,True
bc1q7903b3cb90e584d91f51ed8be3e751,E01630,,True
bc1q87aaf4a6465e611239206e8251486c,E02763,,True
bc1q03c4339c35f3209cb99282b4960169,E00020,,True
3eedc7f9f3814683c9c1cd2eb1f4a1c,E04991,,True
bc1q88f05ab88edf3a394d35ac28d1f460,E01995,,True
137dbf53f710a1ac40febadfc9fe716,E02833,,True
bc1q435f5fff27c5ed190568703e4d4835,E02744,,True
189516fa1c38d9525bc77259b8a512d,E04941,,True
bc1q023278112ddf3d8508d718d789ff74,E06730,,True
1217753cbf581e30f9fb42dac7ccfa1,E00020,,True
3e34f6e0a852cf87d289bea2d4cab96,E00020,,True
187cc4d7bf6b2ad5944a69ca341441c,E06351,,True
bc1q4cd364e0bd60442e18b22bf44f5031,E01906,,True
14ad519306961b59ec75492c8ff6ec3,E05717,,True
bc1qf22b77975f455bcf4d9e6c788b4ccd,E02078,,True
3e97e22d55a082b34ebc64428b12fd2,E02772,,True
335cf639ffcbc2134cea2e92ebc4739,E03805,,True
3aba235f544b28c0bbad72a8a7e9cce,E05391,,True
39fda15e9b87e7aa0786a1f70d3b5f7,E06871,,True
12e15b98716198dd2fe231e4bb4b5a8,E01018,,True
bc1q1453f7bb36b100b0cec2adc6ff7aa2,E03430,,True
3fa98666ee83e03718fda3fc85336db,E04090,,True
3f0e7810838f963392c949b2ea3cc22,E00118,,True
bc1q8d5513ac5c453dda678dc6c45e3e0c,E01114,,True
bc1qfdfc82941465a6f9bced311158d4a4,E05201,,True
16ca963226f12934b65b3b64ce23379,E00325,,True
bc1q7e7cf245cfc79805dd09b620068367,E02277,,True
bc1q09c6e11360d6b6ff8acb6ec66a6065,E04933,,True
bc1q1df19df257607604541f13ac74e301,E07015,,True
bc1qcfec18c891c9c689529c51d1453eb7,E02624,,True
3bdf7283c0b442315f7347dd8412678,E00355,,True
bc1q2996008ff5419bbc1d5d8f2c654ace,E00313,,True
13edf436eeaac4796bbcc8c4566b687,E00313,,True
bc1q609c72cfd216705de5f11a29722831,E05171,,True
bc1q99c7a26aefb398185fe58870e9feae,E02663,,True
bc1qa3fbe62ee001b44c6b9262f4127471,E01149,,True
3ad3b1be15680e9ec063d73b84e2f11,E02023,,True
3e3b93a9d7739b25287e5f485c14181,E06495,,True
38d388f0b2eea9d1a7fc9791376d2f5,E03063,,True
bc1qb364480011fcf9d14da000e3c6dc96,E02759,,True
1dde1cdc8cccdf46ed79986ce9443d7,E06964,,True
16f3e5e76628ff6d8fd687569f092d8,E04918,,True
3a370744059b7e88660e6f3e13d9537,E00933,,True
bc1qa52b0ecbdab2124dad9bbd6be2bcdb,E04340,,True
1acdadf1dab372e0e5a1e40c2984b7a,E03980,,True
bc1q133240f8b6bdee8373edf3dec91438,E00075,,True
bc1qc040f2c73db7d22a438bbfdca78898,E05010,,True
bc1qeb86ab68b821b1e4dca9af13be046d,E02994,,True
124f82ab99530cf75cd9559222e34e7,E05458,,True
17347831e79df28794826b3a75d0978,E01287,,True
11dd03e0595c9a36c0046f07957595f,E01178,,True
1b3b9668eaa01126fb0c6654766229e,E00075,,True
343454216558df410af54cc1122e28f,E00075,,True
300ab4b4a43e10c20e7b702ab78b453,E02050,,True
1fbb9c47641f1fb417e5edc13e69df3,E03285,,True
160036ae0a09aee32c011f1dc186c23,E01190,,True
3aa0fa514111c2b3352855120c61af6,E00108,,True
1cc7f77509e1cc2d8058bb7bdec9144,E06352,,True
bc1q4fcb77c76357856719f379a84629fe,E04701,,True
34e8b043197f10dfeefb6526a795a63,E00118,,True
bc1q21e0eb5caffa0d85872dcee4f013ec,E03766,,True
3854a512d55fd64707a0a478b5c27f1,E05936,,True
1c7f66acb7f47c960b5b8dd7d370e28,E06030,,True
3aedec730a46ce0842e73e1ec372754,E07346,,True
30f153610df8c947b41a3ad0199673b,E00113,,True
3ae311d5a97f750de0872c1fafffe40,E04405,,True
36999e43c2708a9f47ab5eda00bd8af,E06160,,True
399ccdd390bde0d98e7d92b5f535718,E04124,,True
bc1q8082ef78b2a65d6a0e99b21c94d5c6,E06145,,True
18a96370ccbcd56acb604d3f495bfb5,E00125,,True
31592485baf5188f2318c0d1df810f6,E00125,,True
1829e24dc307348a567e50f23ea09f4,E03400,,True
1307c3f8591a81891fb8925f5112438,E00086,,True
33031cb3eff69f96c31a0ecc95f6d52,E07193,,True
bc1qd716f35b07f5212762be9fa3b039f4,E00080,,True
1f1b1a6adaa5c1e88920a64ca5f5329,E04170,,True
bc1q5d54ff100f61269c7b156cd465cf9a,E01843,,True
bc1q5037ac1ee72d491e001af701122d83,E05047,,True
17d1e9e85af5b2c996caab8ee5e86f9,E02318,,True
326560d9efc2c499144853df6b138da,E04187,,True
bc1q6e6b7524ffa5f64247fd42d6bd1a82,E02888,,True
3bb3f1e848883c71353f75a609e75d9,E05997,,True
bc1qd29a2dcf384f192f234b70dc4265f4,E01409,,True
bc1q154447193d99e73fd8dbc11f091775,E03795,,True
bc1q2b1cd0dacef96048d5a1c51ef9aad8,E05319,,True
18130263b3d70f660b5bd4d8d6c25a7,E05279,,True
bc1q4801ceab5ed464569c82883add5c08,E07039,,True
bc1q7b26ae87a30b4cebf381ddd7f22960,E02183,,True
bc1qe406e81d52db7c55915a3b1ae6afde,E07287,,True
317dcab508855810c4ceedf0bb1b984,E05162,,True
353439f74a40f54e3fe117be1c98069,E07022,,True
15a9b95be9dd48cbbc0e8ed32dc80ee,E00552,,True
bc1q90191926da7a1cc7a9ff3099d6f609,E03384,,True
bc1q71cedcc8cac2450945024a45900156,E01543,,True
389d56315661feb05c5bf8d321a6c3f,E04474,,True
bc1q41e15fa7610e80f216880d61c9815e,E02299,,True
1a38a54777b5cbba2b3fe51cf39c8cf,E06322,,True
16ca25c592aa2f89aa3c921634bf832,E02569,,True
bc1q80de8d9deff546d07cc84183e61e8d,E03350,,True
1163cbf416557c3d929290f5dd34a36,E05452,,True
386e47450df607e1f3cd9cafc2add9a,E05669,,True
15fbfbc76f17b644c8efee2fcc22b54,E04274,,True
11e46a797a53ed00b369735962e25f8,E00411,,True
13cbce9bda3c0e3ce34dc5e0f071c60,E00411,,True
bc1q22a01c5d65ec0124a64a6b0760416d,E06632,,True
10961559d7d48a45414ec26e51ac62c,E01146,,True
311512381cd4c4ec55d916eeccd6295,E04543,,True
349c0f51b534472ed3fa2a28eb2d52f,E00108,,True
3e8bd3a2e026c5c18ea3bcdf0072b9b,E03218,,True
11d5ec7de4f9ae09cd03af70a456935,E05225,,True
30f89fce7eebcf0636db40c8189683e,E00474,,True
32e3c766dc2d7db97637e6ccd87a06a,E03840,,True
bc1qf7f858ee0712216dd8a49be0e03fcf,E05654,,True
bc1q8312047c484136ca3ea03ded1dedcd,E05707,,True
14d38adf6487a5cecc6e42bf0654454,E05943,,True
bc1q8f511bd049a88be6eaf5d2fa634aac,E07135,,True
147f86dc227e0f205106943be3eb6f7,E01300,,True
1a944855ff0f8eb6c0990b653f42383,E02901,,True
37c9fb696664830f310d0975afbadd8,E02639,,True
368e16ef861beccf9fc57503c7a6960,E03450,,True
186f71b2b9dd54fa30201a01a6be29e,E00415,,True
bc1q3a884d13e405a2b30f60836bbbefad,E00415,,True
1840e1b8588f481df0c6c65c30962eb,E06392,,True
36bcca969cdb7164faadd5b84d5708b,E04366,,True
143e563dc27e5b88693fa04bdba8ae0,E00959,,True
bc1q7bdeb3f4fcb6bc012db1c403c3c30d,E00365,,True
3fcebe1d4796110b35e85f5e7f2f49d,E00365,,True
bc1q92f1d38111f0f3e093e2cf162cf897,E02820,,True
3d8f80056fe47692c9de90ab805ae3c,E02165,,True
bc1q334b29c6e9c9c4df466896cdbc3b08,E06077,,True
31b8d984488613246f0ba6f5ca8aa69,E07266,,True
bc1qac72e48b9be269961312adce76b4db,E05576,,True
bc1qfae96da2209a31b33d9c7c4e733dcc,E03447,,True
3cfc62cf831a42e3c1782b60317201f,E03876,,True
1c9b2f1d15bae2b63548ce01f9a6964,E05069,,True
3eddb1096d4f1f4533ce405814ac398,E02930,,True
bc1q2b9f1359db959570d303cdcf4a612c,E01818,,True
bc1qf747e594571290a8e6c1fb81f4d97b,E05776,,True
30a3ca0c134f76ea31abeb5802ea3e9,E04741,,True
bc1qf444aec23940fc43ece745af98bc5a,E04116,,True
129dd492fb3a898fccfb409bf583d5f,E00455,,True
3c57613dc230b8abcd5297f29d6c12c,E07161,,True
13b58dfee0a137bf4b586e86f2347e0,E04611,,True
393edd24a2d598cb08b0bd4f779f122,E03777,,True
31c5d9f0b070a68c8f217a3e2213776,E04141,,True
bc1q0f27c7cba028897952250cb9a8ab4d,E05523,,True
13ae8b625ca0637b41661188af45bf6,E06082,,True
1eedf1e8b99d42ede9c25f6dc6d9ce2,E05280,,True
195a5296402b2be7393b6169d268e23,E04042,,True
1f03bb94bd34883a8a132fac91b06a1,E01315,,True
370f1dfcd7dd230b85a42aedda152ed,E03090,,True
16e40e62653feef995e2d900d518457,E01999,,True
1832d11486591ead01a389004fd1b63,E02454,,True
386b396fcde579b366a14a3e6d9b620,E01502,,True
1e25741943629f49482f0c1e170f883,E02961,,True
bc1qfa95b2cdf222242391ab47f15a2799,E03320,,True
bc1q7fe473e78b7b732fcea49ec5512448,E04572,,True
33a8835db2c9f5bbdcd00a98fc2ae2d,E00234,,True
bc1qa7a8735a6997aded44ab9df095562e,E00234,,True
bc1q28f724a146704d6dd04a83f1d7db6d,E02872,,True
186869f1ad763ff6ea20ad4f67cbec5,E04044,,True
3b6587074288600ad5c5f369057b26d,E03951,,True
1105c639f76f4524bce01ebe3199251,E07142,,True
3433558e84e9da0d4022243ec35fb0c,E04496,,True
bc1q99b5d75b8c67394a759845fdf86210,E01475,,True
33ed946e8829d067ae34d3c32d12469,E00416,,True
bc1q1dfdfea31783e4917046085eb28846,E07106,,True
bc1q348eaac7db00616647f7e55488805a,E00075,,True
bc1q902114a080f1eadc3c57c2cc5b4fc4,E00075,,True
1a54651c0bf7641d820c738aa217581,E00104,,True
371a57dae9921dbea3dcbd25ca641ec,E00104,,True
bc1qb43b62705b1338a884620df6f22f98,E04911,,True
1cfdfc908370c43c9cd09ce8f7057b2,E02717,,True
362a7f417a86a1214d2405b2cf9b230,E04851,,True
bc1q4cad669d655c032aa814da56ec0e55,E04378,,True
bc1q60a4444f52bf21229637607a728c7a,E04506,,True
329f9a2d38418628bf12f234be7dd02,E04290,,True
3bf0a8f998b64161f846af375ad919a,E02527,,True
1c314d4f699734e2e58e57a4b4af20d,E00258,,True
bc1qe386f3b2d77a42637efd17e8ebafa2,E00258,,True
17a99cb87d875747b4262f3c7adff65,E06239,,True
bc1q5b387eec1b7b762bf6868a0d586c75,E01892,,True
3d73dc8dd25cc3067264c40625c6b64,E01559,,True
10ca2c701608f508766cb1fda3eb1fd,E06271,,True
31b5872a29b171cc491dc5b00848b9b,E00229,,True
3b35d25397239c3edaabee14a1b157f,E00229,,True
3fcc9fe45302005a49b84765f09f3f3,E06132,,True
bc1qd2bae54957c530bf58359f7a52e4f6,E06360,,True
361983ff0226bce58aa240e4094d309,E00113,,True
bc1q0c6eca5d4d586048475033be34aeb2,E04664,,True
39102206e0f97b7f6f9c71f9a4d5aaf,E05739,,True
1f2703aa957811d2fd02b45a0b3543a,E03985,,True
bc1q3805942642765fc772fdb6b3d42f8a,E03247,,True
13ffb4881f5c0941385878affa00f80,E03884,,True
32fae954761e3a7776a3cbb42aa5d18,E06320,,True
bc1qb0f2ee41576788ddf415f610dfc979,E02522,,True
1b095e0b1e685e0852ce821c802c045,E02144,,True
199e7c876990c195e436d81267863e2,E04443,,True
3b4314cdb0e434240c298f0080c9389,E05275,,True
3cea4eb27f8a90797b9139e8928bdd7,E00258,,True
bc1q3f3b5e6e834df60188e5ee46aab8a5,E00229,,True
39f5f46076bcdcc600f9e0c18f2b50f,E01684,,True
391414a9d2d4e0067e03f05f2cc1ffd,E03232,,True
1c6ff346efa2370b6c7015c4dcbfacc,E03356,,True
379d50b1430d9a90deb011d26b6dd29,E06614,,True
33160702c6976f16cdf55f4e4056763,E00249,,True
bc1qd9f359cde15c3edbd8e681210a6c4d,E00941,,True
3c460e4b6be0683a4f1efed7fecb7a1,E04033,,True
1ba03d1b89d87a73c52326e2a5e0a83,E00408,,True
11973f281fa764407751bd41ee55227,E00803,,True
19d6ba3cda898b5edf6cca41761f1ce,E01362,,True
10732e0c766deb0d6ba85ff6d309097,E00547,,True
bc1q50142f9ec232e5ff2ecfcdc96057b1,E00373,,True
bc1q2090a0dd26e1f6ad14b326bdbfac47,E00373,,True
1a9108cf481ecd38a3f2d1430186d14,E01043,,True
1ec54120d74fc38bc5882ecb34de663,E00262,,True
1644d85ba3696cc7ccd1ac6db55daf5,E02379,,True
bc1q56f188c16b06ffee9576b83fb79c50,E02669,,True
bc1q80dd7f4acc2c22849b25b6ad071055,E06119,,True
16c9b56f1068b87841508a2a53dc4e3,E05666,,True
1b79cbcba87e001631f0d2955ae2b6b,E05073,,True
158dc6a97d4b6bd89c8521edd271b92,E07267,,True
bc1qad0ce99a2b8246a40d080deab1e0a9,E00842,,True
bc1q7fcfaf3337ac967f2cd3dc09397a99,E06984,,True
1c23b4ff69face806bcb3c014aee34d,E02287,,True
36b38875bc66ea4d44afdde7afdc081,E00262,,True
3a7120d000360565367210cba575e20,E00262,,True
bc1q92593c7a6b003f5a8458072a2e1a7b,E03062,,True
3e9e9965deef7159453bebd1dbfe069,E00113,,True
1ebaa72c94d8235faf0740038e191f9,E00113,,True
30b9173a9bb463710ff3b787eca018c,E02412,,True
bc1qd900daff3178464600fc5f1f9b5662,E07276,,True
32537683749af64cfc01fbca5dc733d,E01585,,True
bc1qd4718d8d36645980f6c26cf7eefd84,E00146,,True
bc1q8365d2173be22644d9ea2dcb56eb48,E02336,,True
17870a09f27bc06f68695aa373e2f8f,E06911,,True
bc1qcaa34b413aaec64577057ae01b23c2,E05834,,True
bc1qec05e12c2c5d5b27bd668ba3a941c1,E02862,,True
bc1q1c38eabf488f64ce6b895ee38e039d,E00095,,True
39c32c8137e1ba56158f64ec37edab4,E03521,,True
bc1q8ebc976845db7ade22e7adf8d7c4ef,E06371,,True
1ef1ba04a5d95a7df0b144945596200,E06817,,True
361206eaa1d4acf0d59990151b74d25,E00125,,True
bc1q33866bd0c98b7e0f1a50694b21d0a7,E00125,,True
15aca81d67fec55b8b82e08a91750c9,E03393,,True
180355dabd774e5818a92e7fb72b675,E05425,,True
bc1qcb145c3fa8a0e3607cbd3384dcff4d,E05018,,True
366ea35bcac62093f72dfa41a3ade24,E05648,,True
bc1q5aae4e150285815e48cb068549baf0,E01706,,True
bc1qb119e7bb3f429710335eb47acf41f0,E04193,,True
34679fe917799724207291eb3167953,E00191,,True
bc1q25e4e623d86a4fc2e60c0509268f85,E06748,,True
bc1q1937596b2af3aa769f047a709bad47,E04338,,True
bc1q358c16a1e84218c37957e2bb2bb1a6,E06763,,True
10e1fb923b4e124ec9b85ec7ff0d0e4,E06143,,True
1e4a51e5beff8da41ec839892879b7e,E03466,,True
3949fdefe041767de17a70f23fe9e9e,E00874,,True
bc1q0881ba72f4aa2782dab635a9e83409,E01600,,True
3ad671165e19760e316a19e0fdc095a,E00349,,True
1aebde67bb6ff7c5d4398f3db6df53d,E02870,,True
15be3d53cdfe4966c90be43d17599ad,E06191,,True
39a4fe6df2b62efd0347f71142b0298,E06232,,True
bc1qfabaec24aba5c66e5135340a92adb7,E03671,,True
bc1q62f182c6e971d1307cc39d8a6c0c6b,E03095,,True
15150a5cf0d82d864e2287f08b6f9ba,E01577,,True
1c5ea9d812018736d8c76db1bd666e0,E04855,,True
11833f738882d0bb8a4cefcf8489611,E01894,,True
3e090a1fac7f7fb169c4d3df2ac0d88,E02028,,True
15e2d8e77748ed4de595376a56312f9,E05446,,True
bc1q1f755f6db50c0125b28c18961b5f52,E05137,,True
bc1q4347646d04722f27bd6930bb84bb73,E06238,,True
19511ed7078a02e0a977d06439292e2,E02795,,True
bc1qeea09fd5ef167ba86ecd882af24e00,E02124,,True
1f5d824311e78656ca8e870a1cb2bb3,E05614,,True
10f3802a9fd44105415e9c018642164,E02084,,True
39c69f87b91a0dedbd51c3da31d0856,E04178,,True
12b54dee4bfe81545922be96afaab7d,E05774,,True
12cbbc914fad16272a805e7ae5cd0c7,E03583,,True
1f77b5f32378442fdd8efe11949de9a,E03658,,True
bc1qe2ab7e761c570a848048aeda6e5f22,E03979,,True
1cba2b8d4306bd928eedcf1c688df4b,E05848,,True
3950ab43bc994b585b35b0a06894aa7,E06292,,True
3b7ee821c59a164b85ea3acf4a6d51a,E06712,,True
bc1q92552c44975baec8f2495d1e025484,E05880,,True
3092de8a1b46469d39fa1e4f001510a,E07124,,True
19ffd7e49a5ade2b7a8e7ab35ec6e9b,E04153,,True
3d6d624b2ff673cef3da0406f2780fe,E01331,,True
33a2fcf2f7ee671df53e149283e0c07,E06207,,True
31ec59140cbbfbad3366de876592713,E01501,,True
37a6e6a8e3422df976d3bc30aafb191,E04156,,True
bc1q563fc0ed74224ae9552301016c1f21,E04414,,True
bc1q02de7dfaf02190137959fe75e51541,E02543,,True
1c39a5a58fff5da65121d174c4fd395,E03946,,True
3e926aa695ae210973cb616f945cfd4,E03615,,True
1772ce37a4c13fd701eef9a13470ecd,E00849,,True
1e185e43d24de8c81793f896918e3cf,E07165,,True
30afa8fadea1969dd2d15fc6cf498f2,E05768,,True
bc1q94061fc91f8d86b99eec19ac0fa13a,E05612,,True
bc1q4ead5ba5b555199a587cdaa100cbde,E01683,,True
bc1q64cbf366edc47d34da7ee001577291,E01305,,True
bc1q3d36398f8b80e8bdb12bc7a985daad,E04189,,True
17144b3bf66a28c3e26e97e1f42ca41,E00916,,True
1d38d09365e49bd85a417a81ccf9aaa,E05797,,True
109892aaff1b3035df912f88be69a7f,E00599,,True
bc1q90f2fe94da39e6d29a2cc23462dc6a,E01239,,True
bc1q7058888b3ad9c790189ad47b686aa6,E03309,,True
bc1q95cc8b833cb4c35fed36bc8dd46045,E04368,,True
bc1q5a3b7ea87cce08e7ce93d0d75b21d2,E00883,,True
105312a4849cfb925b39d7062736f74,E05948,,True
1ac9f21d4a64bbcc9328560d36305e8,E01310,,True
34e441d23e9b4e7eb293aecd1f073e3,E05334,,True
13550603747cc45a3c5b5e70c24aade,E02309,,True
375875536d4af60dcb4048007f8b146,E06439,,True
3527e4a7f12c2a0b77b7f1de1609ad9,E02171,,True
1c918ec0f88d70f651d88527ddef9e1,E04602,,True
1fdad005d88e497671b8191634b0577,E06498,,True
1a14f333d967c33cc3280b006057709,E03916,,True
33b2c0ad00f77da356e64218b3c04dd,E03903,,True
1bcec97d409a2d2fc44347f33cc0e85,E04767,,True
bc1q5681f4c40445238f39f8f3062a9d31,E00419,,True
37ed99024ab6f4dd2eb35a1355e6329,E05485,,True
bc1q8bdc8d4a892a013ac1ea8f8b16f4b7,E01916,,True
1c46877952b3d41ddf6626740dc13d0,E03638,,True
3a36f4954d41e87bb13ac71eb2573e0,E00454,,True
1975a2884e27ba6183e6b01c489bd45,E03169,,True
1f27fa25a43943b08ef318b4418b384,E07047,,True
17e1ced458c8c86f118178d4fd89165,E06587,,True
1378f7814308e24709b5f65ea3e442f,E03716,,True
bc1q997e53b87ad8968278e19459430636,E03832,,True
17948e036da2ec390421faccb8fc990,E02289,,True
11d9658bf64f03de974ae301525b12e,E04592,,True
3906a495992c94cef1cdd65fee50866,E04400,,True
367f4061deff5b43ea457d4947148e2,E00086,,True
31e6f16abce530485e320ae0386e889,E00086,,True
31d5526d2779fe5ae3750cec43b18b0,E02992,,True
bc1q88827bda6d33da945dbe026b4388f5,E04185,,True
3f67ed90d78343ad6d21b30d3f9dab2,E03099,,True
bc1q62dbc149122ffe4a4c346920eafa03,E05844,,True
1bb76e4e8d181dc474ba3406c2d1000,E02103,,True
1a4ee7eb50c39ce88efc6f665dc8a7e,E03614,,True
bc1qb51831c325d7ee761c2613b7fc799a,E05272,,True
3bbda6f3d9777f6e292d53d96d4beb8,E04934,,True
1feb3a848e61273468013786e607c2f,E00948,,True
11d115c693c19150a7bfebf09684ea3,E02012,,True
11f32401f1d1b20be91dd2abf024c09,E07328,,True
3f2ab20c6ca6088addaf64bf7cb5f6d,E03132,,True
31d43a5504db1238b365373f079b5d3,E02168,,True
3073d2c5974da981403af086bc89c60,E02672,,True
382520dcdbfaa372c20fb0ee632ef0a,E00406,,True
34f9d27e1cf33a4f621413254ea3718,E00406,,True
383c38cc9d39b80f02bff3557bcd50c,E02038,,True
bc1q9d34843ca74505911176bd59957547,E04807,,True
10b2b25d919bd9f58b76870b331bd46,E00550,,True
13a32571fb53919d1b31ef854126cfd,E06061,,True
356dd143d4abc3cb908e8e18a193470,E06032,,True
bc1q302a2f37ee3353e065e1212b5e4c83,E05449,,True
1979a73bd96bb0a5719d3e416d1d768,E06640,,True
bc1qb0ab4e4742b16324a2ca977cdfa0ed,E06168,,True
39490f54b2bab8eda32c50cb0d87fbe,E05382,,True
3f264d76e93aa6f63c8db5f42e39c29,E04028,,True
104ae0bce477169c84be083facea57b,E02556,,True
14d725d2944d36475577b624da158a4,E03587,,True
bc1q1b0e3a16e5b6a65705b90b8ebc3a52,E00419,,True
3afd84ba23159b4a8851759890fee3b,E05515,,True
bc1q0b8a30c5336996fe7dbc42769172e7,E03191,,True
150c8500ddc303cc787021c743b4f4f,E04954,,True
13e54015c1841ccc7d2046421fc2591,E01542,,True
314190b6fe52124d08d20a1ffaa247d,E05188,,True
bc1q7cba079aac8b797d49e8f939c702ee,E06813,,True
12c427614420114dfe704a4322570ff,E02594,,True
1c322f6ca72a6727b187acd2a2c03e8,E06166,,True
3919d3dd518eb5fd0f7ca8c7ad80111,E04305,,True
325f245a3b337d4f0c4962c814d7af1,E03677,,True
bc1q4a51ce087466c086344dfa7c93b928,E04047,,True
bc1q5f52b5c4d4bd291054b96c440c709f,E05944,,True
36a57d79616b75c6e76f47f241c8810,E07030,,True
bc1qec0601b4bef407559d1417c6a41868,E00146,,True
16b13a02070ee0a1b5ece45705630ff,E03105,,True
3a709e83e7712d84b89d5d8e4f9975c,E02931,,True
3336dd57b8b8b3a67917f3d87d43651,E01341,,True
bc1q82a595f43d899ca5d43b3b5d9a6e46,E00111,,True
1246d90e861a7c610641938e46e0a16,E00111,,True
3c9ae20b394786f60d0472585d9505e,E06019,,True
bc1q61d853bada0c941679bbe023238416,E07077,,True
37d2972d7d5e3d459e8a0c209dbc270,E00461,,True
325ce40f65187a9ba17e46fe736227f,E06533,,True
bc1q3824b53102ee545fc288fc78206d78,E01514,,True
1afea34c5f7f8ab335898aca9cf92d4,E00505,,True
334a1ce785b399a57d6e9fe056fc94b,E04164,,True
bc1q3c9ba5bb1d23a8d8c823b07f8736f1,E02397,,True
bc1q1e850f15c2f297ad3053cea8969e70,E02312,,True
bc1q7762c9342dbf68fa5a66cb267067ad,E01765,,True
3e0917366e30a52e6619a70f30d452a,E01127,,True
bc1qae2ea4c3a01f7d0d1dab829fdece0e,E02603,,True
bc1qb57982e9c7d673e3c08f2df33a86db,E06406,,True
bc1q3457c3daa36db32152bb7984cf0e64,E06516,,True
11b185f5b5f66657ef924410c781edc,E03355,,True
14abe44a203cc103be398d842a85922,E03407,,True
169bd40f3402dd3451575b9ece9504b,E01697,,True
bc1qd6c0716becbfce720e9ac0f1bdddd4,E00091,,True
3283126c3b1ea736bfb821e5ddf0828,E00091,,True
3926aa3f4604426c31fd74988517e04,E03096,,True
353a4cdee05d3670433da84b0a97f60,E02503,,True
3c055ceb9ee224709fccdac179ef857,E00310,,True
bc1qcd72da9af7884873ce9813449a1d03,E00310,,True
3c1b3f71437f54fbf6b61eeaea63bc2,E00408,,True
32d3961a960f20f080053ad19d6f0c7,E06442,,True
bc1qa963863d097c1f534629f5a33722ff,E02304,,True
1f37902b0ec919f99bc1a563cb5ed09,E04110,,True
39befb0f75b3a1fd67ff9eae9de2024,E05355,,True
1989b78f66cdc3b5a3df40e92600ddc,E00108,,True
1419da3199a7bb6911b07f18ddb661b,E00108,,True
32a8b7812ab2276c3377ad33c6ca88b,E06005,,True
3c9e1562eb3795c29a3bfa923f03aaf,E04066,,True
1a068cee36b4fcaaecbde3bd96a9e1e,E07049,,True
3c4d75789b648995506a43537770820,E04222,,True
1f88eb8dc115b328ea020037acbbc8b,E05429,,True
11e43d2794426ba7961f06417630864,E00140,,True
36dd5263127b938b41e70e85a1a3a61,E01394,,True
145dfa37375029db3710da01788330d,E00062,,True
3bf5816ca329f61ac76998f1d03f2e2,E06738,,True
bc1q9562b6623ccf37c714a715b55e5175,E03596,,True
360013e960b97469b510232fca7644d,E04989,,True
37135c7a489f8729be313d0d5a087f2,E04048,,True
39b32c1b6f2c84e72e7270b04287b5e,E06057,,True
14d8dfdb951d034671b4e5c5eb0dd2f,E04488,,True
39a80fad670b063cb457aefdb48752d,E04345,,True
3bbbbcc8d8e352b37328d1569d445f3,E03598,,True
1d87181093c3582037df82ef0a4be8a,E04564,,True
bc1q4492f7d08421235bc17b7886132b01,E06473,,True
bc1qea24ea2cbb71d76c1de2fa88f7b88e,E06325,,True
32e3df8adeac79f1bcc056b9a4d0cd3,E05559,,True
bc1q9fc167aea93789dd1e46087ef934f9,E06208,,True
1a287fcf6aa289377dff112bd275765,E02086,,True
319a219a8aa890a7541152b5fdfb851,E03633,,True
16f113eaf89c88b3791b8901a9b5f76,E04706,,True
bc1qcb5ca0cef0efbd903cc2c7c7340099,E04810,,True
325b90040bce9dc17c89a739696dcc3,E00840,,True
1c7a2b1b02a06ee145880635bf88d1d,E00137,,True
bc1qe658eb1afd943c3c92f1abcbacc3c6,E05389,,True
1d667095c78950d1232bcb816b78c58,E05640,,True
bc1q0e953efed2cc02e85484820306a789,E04728,,True
bc1q6edc3f96cddf8314f3f64cad723ea3,E04763,,True
bc1q72abe7c8b8547b638b66acd4eee313,E06761,,True
bc1qaf9c5cafe601c530a19d7d4b861f69,E00137,,True
35236648d8b10518af35cd2b66e550b,E06718,,True
395eb448459f302cd1d036e0d08da99,E02421,,True
bc1q32fc50b2c4606b8381023f292faba1,E01590,,True
3abfe1fa6c2b716f7bd77509a7650dd,E00191,,True
bc1q2f5127346003a367db5a91c51fcfef,E00191,,True
11b52a1cdfc9ce763300ee10aaa3c51,E07005,,True
bc1q333c8c34a11999dfcdd21aeede901c,E06693,,True
1c2fdb47a8e854fdc4491791d7a0bd0,E03138,,True
bc1q1188f8c807607dc7dba592fd1ab6b5,E04462,,True
bc1qf75592cf7dd888162d9ae00ec10f5d,E02863,,True
14dff8034504da66a2a6ffe92989be4,E06926,,True
bc1qd31f1e22eb49864896ee54487fb094,E06990,,True
1360c99852881734ef0507f44cc42aa,E00433,,True
bc1q73c0d2bcb382b1198fd0e4415a1d46,E00433,,True
1418495b777dcb9a97c696b356766ec,E04425,,True
bc1q9231897b52fa70868d5b914dde4044,E00437,,True
bc1q6889cafd8afdc99b44b13ea0a21284,E00437,,True
104a10c71931d45bb58ec7b87b8a762,E01037,,True
30dbbd84ebed7c335a02595cfcb3ed7,E00515,,True
3bd29e8e0f2d1dc6b55ae42b9def348,E05994,,True
3981fd803f4a0f9f619c85045b81441,E02674,,True
18da0b92d47c84ad3dca7d4cc62ac54,E01303,,True
3620cfa0fc31ec236175ca58facdb1c,E04068,,True
338492df733f5e51857c3fb763e851f,E00137,,True
bc1q5a6b70d1b1ebb39c9b5993a25e78c0,E00137,,True
349b8872fa02e231912acbcc1dc7611,E01455,,True
137f302414fb131f7fa6e79a6044d34,E02677,,True
17f6ccdc5fca9d894ea89d29924f349,E03008,,True
166e0d7afda6a5174e4d750fdc3501d,E07038,,True
bc1qc42c383d8f88306e69226de63a3b78,E05592,,True
1c5391ac5978b496351641d3bbdc316,E05583,,True
bc1qfcea9a9364ecb5db29920ac886b7c6,E05902,,True
bc1qdf652d2f8199c4a9de64a388e86648,E07314,,True
bc1q1f3d02c5acf2754e0d4d6ff324a4fd,E01567,,True
bc1q89222101aee861a7b7cbbd74cd07ff,E03901,,True
30a7720d6ccb4a16908557f15c6ed54,E04548,,True
31c28633c89bca435a056373164e879,E05499,,True
bc1q4598f3af449605b1a50a3dcebd3b2b,E05211,,True
309b21365ad76734a2a06770f423f8a,E04746,,True
bc1q8dd4a10d5c81799888c560c713b750,E01668,,True
bc1qca1ac0d550f98f1cb4e0cf4bb9536f,E00841,,True
1d880c95ff0ca82a0db97b406b2496b,E04007,,True
1172b02ff256f077298d42d54c56591,E01965,,True
3e92d608ab1e896ffed587b1d0be901,E04006,,True
bc1q194d94a05be2306603854f08683cbf,E00235,,True
38da40d457f4a841133ded481e60c4c,E00235,,True
bc1qdf63bc89a89d04bdc313b8d8bb254c,E04952,,True
bc1q246236e1ea3804dfab7b0e0dae08ee,E01171,,True
320514a55504d754886e36fade4f5f9,E04079,,True
3f780af8c9d5aeec2c9581bbf9c48b1,E04004,,True
bc1q2823181d4e5d5320c9ae9114ba79ef,E02520,,True
bc1qb78bf20cccb5c635d0ea433baada26,E00823,,True
1c617a1c0fed388c8a07df421acb714,E03383,,True
35facb621173a191e8ac5c9f16e4738,E00587,,True
1ec3457a8caef857bd7f5b00c4a4749,E02151,,True
316daa8be8eb66f34d091d15c02f1da,E02548,,True
172c82768a48e26b51e0f0c60ce689c,E01954,,True
3ea77c47278de0872e6373a2018863d,E00486,,True
1101e37dd17aa13604b99958b0d657a,E04924,,True
1728ac5fc32964b871e8c56cb3738c2,E06164,,True
17a15423cc7edc84c6694ab57b53de2,E04248,,True
18aa8d2adcf956ff26a81f178038f2c,E05856,,True
bc1q3800443b5dc10e708f575325558f55,E07311,,True
127eb0df3fa5b586e8cd0ba1c244a09,E04913,,True
1c2cda682b2a85ac319cd6fc9617519,E06728,,True
31685ebfaeb9f25b9c69b21a5f6af37,E01452,,True
334f6f009529a77ce09e92a20514111,E02868,,True
bc1q5103751a76e83e89159257ac32f8ac,E02460,,True
bc1q5970bd9f26553c5e17df4af9fb6273,E04389,,True
12bacf7d6a919e886d895e5219b606d,E06821,,True
bc1q20547f67b0449dd337ffb9a60522e5,E06552,,True
3e3289c801cbac1c5b56b8905722bc5,E00561,,True
15c311e20edc5c453888f0fb7fe377b,E05027,,True
151b1b4222389e74eb2b8ccdcc960a6,E01138,,True
bc1qf1c05f50bd4a32310fe87c838154f0,E00518,,True
bc1q5598110d82e907d62e1e2b0afbabe1,E02420,,True
1b3831f24516596e7dc5d43e5b564c9,E00122,,True
379ab0ed3552a29d951301ccf4fffdb,E02671,,True
33d62caebc8d94fa8b6e620999d8e50,E04571,,True
1d97e903b15168204916578d484e8e4,E06343,,True
190e0eb39568b4ce6a0251dd67e291a,E00095,,True
14853b4c5b74cf277b65950476f832d,E00095,,True
bc1qb8099daa0ee322ed35559517e4d80c,E06791,,True
bc1q8f8d41c4d5ac13f561d900aa52cdf3,E03869,,True
bc1q349af9f2426fc5658ffa750cb45fb8,E00104,,True
bc1qa2964f9b08d5059b39534ee0f6aae6,E06937,,True
bc1q9d1481db18fefb8e534765ee6e5ef6,E03104,,True
bc1qebfce287a8cadfeca77d15cc8ae9ca,E01089,,True
1cb50d198dcb9182af9ca18ddf0d124,E06400,,True
16e22bb2446d953a49978b84b610af2,E04062,,True
bc1q0145d3bd0ebe4e877f867cea4cd607,E02422,,True
10f8eabc6d69a44852afbbb7cc76fa2,E07317,,True
bc1q27dbdce99be1d84edb5282674f5777,E00386,,True
bc1q4ecc4270116fea374d8058450886d7,E00386,,True
1c8383c229f821dbe91b54c815a6c51,E06226,,True
10d2138208f24e32f517100060f4d73,E02633,,True
bc1qfb0ca321a76c52a64bddd8a1bde1ac,E03410,,True
bc1q8af78cdf8fcdfbd5e6fd3dd0bd54b3,E04207,,True
1b298eaa5abda7bb66ea1ad5587df32,E03770,,True
1fdc6ddfbe8ac52a3edf3b36571bc7f,E00217,,True
182a163518da0ce11163abb9315f50e,E00217,,True
349bdab743fec2d699315297122d893,E01609,,True
3fba30908dfaaf8b9efaad6000cd21a,E04518,,True
bc1q7ca8004ca1430efce1e65ed28bcdb0,E05754,,True
175eb9a47e17f609e67e453165ed636,E05507,,True
1039b57beb9ec494d6bd4df9ab04c34,E02614,,True
35593835d13a9067dc4f12bf2c5a2da,E05004,,True
1d3fb345725119295dce0d64fb3f93b,E00352,,True
3cf8e4188eb79b06ae7c7f0e602eca2,E02540,,True
bc1qf69072ac7e5cc6b0cf3e7f5c58b8ba,E05549,,True
31c66c3587630c78f335233be2c88bc,E00352,,True
bc1qd3af2172061d391a4ca283a06787d0,E04238,,True
3ac05342e44a1410d7b471cc9b4806e,E01875,,True
bc1q233e843e3f3da02f98ad3371d2e63f,E03023,,True
1c458beca6dfdd1b1a3d47415287d47,E01200,,True
bc1q7018fab33901c0e466df1c95a1bd47,E01451,,True
10a76b8ba45cdf55dfaed3e9d11e325,E05594,,True
34d171e5a45b8ead3e763d10378bcb7,E06402,,True
1e18f8b3ac1b782d9077c2d54bdfe61,E01123,,True
191243e6a50dc99469eb6d72ef3272f,E00568,,True
16b1e791f90ed915b20bf6859ca5aae,E02025,,True
bc1qb5c174684b9a0b7588433e5573d04f,E03844,,True
bc1q6722c77fb325a4c063e60c4b47624a,E02372,,True
138f53fa711fd9023451386ebafc098,E05284,,True
30f00aa9380882154e7b6000ec41539,E03533,,True
1335f0dedb7d4e4fabb66097de17a85,E04555,,True
bc1q7df777a53e62ba2dae62c06483b0e7,E01153,,True
17ae0d0b2c28a14919540cb41c1ae5d,E03282,,True
15d3b7db7f616fc55cf9f68415b6651,E02457,,True
bc1qfd308d37f8373a868ea928899ca7af,E06049,,True
14dab59b7eb97796a82da25997f0411,E04045,,True
3bac1878a4e6e647cf84a1c726d0610,E02922,,True
bc1q90e43258c267b7ba2bc5e6b95dcbfe,E01666,,True
36d3969f50a615b2e13180cbaf50c02,E04093,,True
bc1q0ca3e17a9b5e82bedf2f89d9655b9b,E00976,,True
313a33f53c86ae94a79ee6b4063e418,E03322,,True
15b4d69acc6e901a190a6ad1b91224b,E04912,,True
116a329c3e158e1cecc736ee847d6b7,E04897,,True
3762e0de14604df77069f9468e438e0,E00267,,True
3f1f97cd8b304a4cbd725f2ec66f55e,E00267,,True
bc1qd30ff6b6ee94ad1b87b57c85b5caa8,E05070,,True
bc1q3ca369b8e823efffd2acebdfe4dbce,E07126,,True
bc1q4a5c5b619f3a89ab010785a0460ca8,E05756,,True
30403436e13cf503ed544220feb29c8,E00140,,True
137270a9a7dd2f0148a5d269996d0d4,E05570,,True
bc1qc39334f3dc50bf04860bee8bef4a76,E04176,,True
3665ef02b0b73e59a27f594becb9785,E03810,,True
3446405fe6cc58242d6f44cf2baf696,E05060,,True
bc1q7faf642f14f7775dad348e57d52b78,E00130,,True
3c08fe6b361e70a6b49acc635e574e0,E00130,,True
34795cd668d3c8bdab51d555d75c03c,E02778,,True
bc1q147bf0a18d4394d347960f93133560,E04100,,True
14f953635518290262b481245c6d41f,E06943,,True
bc1q78ea909b6b09920d2a9d7acc5732f2,E05233,,True
bc1q79e7560f9f8a32b81c6527c89f9fdf,E04447,,True
bc1q665a6cf8f837f2dd7b362b7a3ac4cc,E04787,,True
377e83c5fe4d158989cda7070647540,E00130,,True
191caf43482c8bfa77d38cec1c227fd,E00130,,True
3ec68500b5fbad216573e583fabd625,E07113,,True
1cfae163795d24b92d204059ee1e497,E01597,,True
bc1qbc5d6681d177c67952fc0f5dac2b2c,E04915,,True
bc1q44b6491e778690120cd8585e49e4e5,E02427,,True
1cbbbd8ff032ea1dc9d64e7fc2ae503,E00314,,True
17d097233e9aca0e3408018be2b647a,E05713,,True
1f6b38c2c56c894cd8fa84f30274284,E03053,,True
142ac59d346d92f7cc2cd69bbb965e8,E00323,,True
bc1q46b3d92b84254a4167b8dd9a35accb,E03559,,True
3621a8cf0ab858909072f62bfeca531,E03264,,True
15288d285bb228f32d6a0e6533a6c5f,E02079,,True
33c713700d223e757237bd6403091e4,E03256,,True
3c0b08dfac9b5b642e88605a29a7e5f,E00066,,True
bc1qa98afc3ef527fe45e4307a73e5550d,E00066,,True
3f5808b75b568d735eb728f57750d0f,E04583,,True
bc1q3c3a4e942d1b015e01d99e9a223fd3,E05773,,True
3d76f1ee54c87393133839e2e7d952b,E04584,,True
1d928c091fd9b9d319fda66a986bfc0,E04353,,True
32acef9564e7d79582a344fd06c0d92,E06494,,True
bc1q86bbcac121ea552ebd5f06163cb16c,E03330,,True
12fa08d85d98480c177db8681d0be42,E00868,,True
318f237e63f174d0f4634eff98b05df,E01017,,True
125a773833786c2a5913d354dd5b00d,E06432,,True
135c2f2b739d2d3efc4164bb50a327c,E06455,,True
3e57bdbf9afa2b3479149c83bbc1d28,E05551,,True
3a8e625df7723b7ed859d4d12e4ed31,E03492,,True
1d1a9afd079fe4e261b047a81e04baa,E00940,,True
195eef43e72e4023a4317a1352ded78,E04209,,True
1cd3e68e2585212ab94d3ab76db6498,E07134,,True
13af316b0ead4df5a94ca8a10134e94,E00482,,True
112cc39bef3294863f15a674a0df4cc,E03508,,True
bc1q6a5fc0307b738b67f85205a27e6f19,E02916,,True
bc1q9bd39417ca35a27ff72b2097eea179,E00449,,True
1a21f560c65057665d77fc8252ac83c,E07163,,True
3576613dc0ab496b0f9ef4a333778c0,E00557,,True
bc1q5cb0058861eae1a925b99db4a6b97c,E02857,,True
3e177106b4203f7d2cd2f4414ed228b,E02984,,True
38ee7a3a204f095851a44d41ab23904,E06522,,True
3971444b522f610ef263a84f2bd509b,E04271,,True
39d5130d015f62383d03e333296c4c0,E07239,,True
3859907b07c70f0e3619306995d517d,E00314,,True
39bed6898622c4779be6c5164b22ce2,E04409,,True
3a67257feef341b007fb3cbcf735afa,E04628,,True
bc1q47e0d0d51f4589de58f1d6e2c9e134,E05854,,True
145dcfa9586315159f17908c2da27f0,E01283,,True
32d5488a3fcc4cb0ce9d23d0ce0ddd2,E00267,,True
bc1qae67736d50f3e726db60fe2353b00a,E02918,,True
3dcc0b680c28d351bb747240a997e36,E00217,,True
bc1q3c2749d4787bfc025f0ac8c2b03335,E06316,,True
1fc6795c32fc21b06b4ed272f4b8be8,E03924,,True
18e58b6bd67eb6aac2e97b20c003f75,E01560,,True
1783f1ce0b2f35699b6265661233eea,E03965,,True
bc1q2e0c5dfa06dccc45faf19467dea75c,E04764,,True
14e387b78bbe4da201bf001aa275918,E03574,,True
3f532f67f7796f8aea6f2e7220ec49d,E00001,,True
18a904be2e7d1a8b78ed7e4c0230f0f,E06725,,True
bc1q5c3ad67f8134c2c50ace9d194666ee,E05338,,True
bc1qef3d76e09ef4802c3a05fcd9ff3ce4,E01145,,True
1db20ae9dbe2973a1c83dec483f88ac,E06908,,True
3163e0c2ac3e18b1491251ca38a738a,E06395,,True
15aa9b81e30dc07609c4a0b1c41cd7e,E03758,,True
1c6905af88ffdbf70b78e5e351251c2,E03793,,True
13809840c0baed9d56103987c69a352,E01314,,True
141bc09cc1d8c2265b0439d9ed923fb,E05795,,True
bc1q862354381c7140ef346a20a794799c,E00001,,True
36b67f784f657062e6abde9b597d310,E00001,,True
bc1qfeaf4d1c7a6b3b43f4052f165ae5a8,E01769,,True
126ddb57cd548099513117d5d78cc93,E06159,,True
bc1qd3a05a1233f95aaf31105436718ed6,E03813,,True
3a2f0f8128574e3bfdcc3027cb270db,E01749,,True
1da00e19d3668fe7f5c7fb817665181,E07117,,True
1d6d774b4295d101ea4fc8e2f1891d3,E06581,,True
3f838114a321d2ae55ec749795235ad,E04298,,True
30cbc94c8eedd257eea62a7d9e42019,E05772,,True
30b86f0e855b49197d2185fe86177b8,E05620,,True
1e3145506a7a49777992eb27789a343,E05904,,True
160493100938d5ec3b8a22b5d764bc4,E06780,,True
3037f8005d0512a762f208adea12470,E00864,,True
367106147eb62039b8771ee9803cca7,E01429,,True
15f96602d56e616130cd65b3e32b1b4,E01329,,True
334afbe3ff616dae490ee096ca67438,E00266,,True
1a5a9d8de40d9688ba1c9e303880452,E05872,,True
36eb51ae2c6efc7937b9d47caa661c9,E03782,,True
bc1q65e6ba078a6f9f8e82379c4d66a1ce,E06478,,True
bc1qaa955988bd7fb082c44436c196c843,E01380,,True
39af4ab8908d3f9d6195c4f4db1f8cb,E05569,,True
bc1q245501caf2c75df6e39260a9d2faaf,E01730,,True
17035de3b108cbabfcbaa5582dc286e,E03585,,True
bc1q42363a825176bdc6d2762a1b4370d2,E03896,,True
1b66e5876421a9f0dcb48113f1ad220,E01943,,True
1b738bca145bae1a7833c30a16764a4,E00266,,True
327110c63324743c12d209069ced5a3,E01994,,True
19c0bdd79f9b32ebf33157ab806fc60,E00266,,True
1265908a61bf18342c60100a5390c32,E03797,,True
bc1q14b8bdcf1b57b791154679cd766087,E06537,,True
bc1q575226482a68ff879645b8212232df,E01922,,True
bc1qdd357fb0427c62ce9fb2785f942c43,E01069,,True
1e0c5c200619645ffffcd177ac7fe79,E02749,,True
1300da047b4ea3d0546085ff66feb4e,E02642,,True
377d91275737bfb9fea4a09ec2a31ed,E04017,,True
bc1q7fd75544c08b4eacd5f173904fa87a,E02137,,True
1c04896bb490e519e46ddef89902d72,E04167,,True
bc1qa017086ef96a32b5b78f19efd51617,E02139,,True
bc1q6ff5e0d70033fe64ca768fdaaeff43,E03529,,True
318ddb95c1ab58b310f85fb09846e09,E03595,,True
bc1q5d421fa338f95ce167903572d0277a,E01717,,True
1e79ad18b6c7e24d1aec169a50ffa88,E01278,,True
3dc3c207eed6da932ed61dfa358d3b5,E06305,,True
bc1q34b164cb4a1b4b2a683e184fc40b0a,E03465,,True
1db6b579cf4ac326d3d82bfd52d884c,E00119,,True
3352167d4c62765430012270f2b0aa1,E00119,,True
1e3feb762c65589a6241241eab364a7,E06953,,True
3a12fefebb0e6998ea646490a9f2fe2,E06407,,True
bc1qdbd3e88f381c01d5ce0626d1b60755,E06535,,True
bc1q899df4866b5f4456d00a821564b478,E01020,,True
11edfb5d735ca2a52dc036da2ccca3e,E07110,,True
15f9094e18e763b0d57aef54aecb057,E02552,,True
13ed714277dbdc637e4b92786e5b158,E03011,,True
bc1qc8b0bb332c55146798516e0b1be596,E02245,,True
1726369f569a8375ea07e793d42add0,E01022,,True
1043edb2c4b55c2cbea3167c63fe9cd,E02483,,True
1935b672fbd9d23a5168cda99d6bf85,E02660,,True
bc1q820f464e6cebb2f09d07f1eac4c60c,E02791,,True
bc1qeebe50d67e9e3417a24d7781afc5fe,E03553,,True
17794e58b5bbbfdcdc54cae01218ca8,E05552,,True
1782152b701492522fbe906554ed52c,E04328,,True
395e6fef8ba1176925e4a2e7baa87f7,E05581,,True
17bdf15e4a8844f7d94a6ce6d2616e2,E05727,,True
1c4a360925d5ff485664da48422edc7,E02958,,True
3d78f953fd9f5877d27edc080d436f6,E06948,,True
388af687e96c8678bd800394667d2ab,E03510,,True
bc1q479a9a3bf478117df413f623d1fe46,E01771,,True
3095863e640bc255663d6d508842230,E05189,,True
3276d70c9c1bff0800da223b35e487f,E04654,,True
3eb0e1d078ef9eba89d834154123f47,E00464,,True
32f192aaafa5f0aa490017cdf0584da,E03037,,True
3827219c93f1d8b60751dab05ca88a7,E03130,,True
3aa924932abe4b7b04137d5a20879ba,E05109,,True
3e3bef3726a030dbc8cfa8fc655a597,E00273,,True
176b87449599bed9d1911a5618dde71,E07297,,True
3b508daea419dda7fce961cbe551c53,E01206,,True
bc1q6c4e7738da98b0efc87fc9fd8efc60,E03204,,True
3abb1e3c56721f0f0cf2501f700265c,E05175,,True
bc1q5d0d077383f5ed92ffeec1ce0fe7af,E00112,,True
3e5c88e7fc3fa1c6aeeb9c4213a38fc,E00590,,True
3751f0d6759a88bd52daf3fc393256a,E00885,,True
10a9d48915ca65d8f359e6c6b0376f0,E00059,,True
332a6f32c46e25e77b5520fb02ed1d7,E00059,,True
bc1q442705b4c2d392bbe3a2f66f12546d,E03065,,True
bc1q410cfdba32c2254da4e14192844316,E04250,,True
31c446fa8024eb6d6bbe5ca995b5665,E03423,,True
3068c12ac1796a6fd54c0c973955c95,E00591,,True
33964ef8cfaeea8e395f2fcae92d5ea,E06014,,True
15ebaaa86a2062b247e964d3e64580c,E01209,,True
13f99a57bc700b9e3f4a88c3c15f854,E02256,,True
30b293c03a6da9c0a1c2aa637d1f352,E03911,,True
1854a274b63faefdebec0120f00d03e,E05782,,True
13c3b8f7d6d67c66a48ee7351ad3af7,E05081,,True
39a81d7f2b95927d7f86146a79a19eb,E07190,,True
bc1qf803368da04aed1111ab48d4f86557,E01814,,True
1b5c62bf2b7cb0ce83d0e3e9779809c,E04479,,True
1475436aa9b64ba3b4f068eecad122d,E00871,,True
1d6baf08d5a954934f3ab8e1891e25c,E02975,,True
bc1qa65e4051bf4361edb5db914a13b17c,E00852,,True
bc1q0b66c08ec5bffe768116e6d15b6ac2,E06385,,True
1ca581204ba554702efc3f3672cc83a,E05085,,True
bc1qc8f72cba1ad1604dd7962bbfda55c9,E01693,,True
33187dc54da10125a3c49e011586f46,E03789,,True
1994154fcab6032693d41cd665831e1,E04351,,True
bc1q8427a8ed16dc604f818984e085f9ed,E00112,,True
19b2a502d3480c8a1981a4bd1da128e,E00112,,True
bc1qb816127c1d3a019208d47b301288d3,E06621,,True
3971955309fa7b7c2d50d780bfdcb47,E07068,,True
bc1q7d189f7e0a096e792e3062b383eee1,E00962,,True
bc1q54d565907c7b39d1f055ba0e6960ed,E00166,,True
3b140e1860d2517196a202c5ca7e998,E06666,,True
1bff2e2219a0e643c5cb0615be3c697,E02697,,True
bc1q1aff19b74ce90168eff1811519ae26,E00583,,True
1cca4f656c4bd1abe217520fff5046d,E02784,,True
18e26dea1961c45a274a5fac2c1925c,E07032,,True
bc1q80b3b407ac11431776e2fe949d8f6f,E05579,,True
1a509398505d91df28bffb9d5bf1edb,E03954,,True
3a7dfeb57c13f7e9425fc3a6964a112,E06195,,True
311a0e9ca8735b5175426a54a7c60bb,E06203,,True
36c41799787f16dd965b593558d5177,E00166,,True
33bb91f3b7c15603a3a2365478141fd,E00166,,True
bc1qa9e1284d93e73584dc0f43a9777c3a,E04560,,True
bc1q2ee94ea0c69223c4359252319dd940,E03319,,True
18b30bb2ac96b60c0ac430a99487f82,E01997,,True
3a838e8dc3ad6356f3b716de37aa5a2,E06842,,True
3df9604453b37f5220a69d3ed601f49,E01098,,True
19d069356833c67b3a22baea0bef0ee,E00380,,True
1b07f71eb5a83dd4771a24f3cf1e41b,E00380,,True
3108b902598c556518fe8f36412b588,E06938,,True
35322ee41d2a6e96cb85bd4496035f2,E03189,,True
bc1q2456edaebbea7f3942112156e6f05c,E04659,,True
bc1qf2f21134cd130ab193fe290e539f22,E04061,,True
18cb982a8d705bfa564ee98fc3e9ed1,E06333,,True
19457301697201fd6794fe3208f2390,E00273,,True
1fbec4b3e6ebd2c4224b70ec29f06c7,E02233,,True
bc1q39a4c795b43eed08db3427e9f35e11,E00318,,True
1f505b65937071028291eebe614a0d9,E05470,,True
3ba4c6c146b30812edf965e8cb0d577,E04725,,True
bc1qb0dece62e025c0b25ebbd8ed6af7b8,E01076,,True
17a05820784f9fcb9dff77bc1f9b1a7,E05758,,True
3b826ba36e5b16a591574b4faddc9f0,E05784,,True
3bd5cedf50dffc01c9648c1b7b6ccaf,E02602,,True
bc1q1bd69561440803ad597a7202672300,E00112,,True
3c4dd8bd7c89c355119f1253769c9e6,E02388,,True
bc1q9aa030cdbe6de61c74cdfda4316e6c,E06114,,True
bc1q6108ee84f6dc5d28c3b0b28a828284,E01097,,True
bc1q01ca4c81eb7136cc2af8dfe411a1a6,E07316,,True
17f7eb2705c3053b789593e216dfc70,E03808,,True
1019bdc11b9f9f965cf46e5434d83fe,E06786,,True
315a4a4d5d6ab9923604ccf4b2eda84,E04839,,True
1e952580807f02097d9896495cc4560,E05065,,True
3c9b51bf02daa4e9a38e2d55434a89b,E01081,,True
3cb2b4256455b746fbd6f6bdf4f43c0,E02432,,True
bc1q0b3cdadbfd99cbb1cdbe14c60b447c,E07309,,True
bc1q3fd79c76662b5b370b9b36a95d9448,E00318,,True
bc1qf8512637c554f8113ffb990b961a7b,E05859,,True
bc1q6e5d858104ddbb10c9e38e6af45f34,E02748,,True
bc1qa2bd82b0f25f49ab4f790cc28f4e75,E06878,,True
1ec7a49bc4a171c966edc31d72588e3,E04295,,True
bc1q78b93e964893f0ccc3be47605c39d8,E03998,,True
319570fb0c2598c202e608cafde8320,E07351,,True
bc1q52dcbf59008d658b2ab7592fc6c4e6,E00039,,True
bc1qd4d353de1f1619467ba9e577e8b762,E00039,,True
bc1q92ecee88d9df82f53530692ca06dbb,E06790,,True
1ffc937a2710f884171162d36426178,E03354,,True
bc1q7f36f4aed9d391cd2ba7af33a2f7b9,E00237,,True
3e1e3f51252f53b91f3b11c57adfb93,E02771,,True
bc1qf54451ac7b45b90e4d3dffad70d469,E03139,,True
304d999388211e059cda20b831c3139,E00039,,True
bc1qc51055059077ef15a70b2dd7039652,E06779,,True
10d466da247c9786ed679ee4ec25891,E07065,,True
1715484940b441d36ac9349fd34642b,E06186,,True
3b1f92d1781ee56451645c5d684bf31,E03050,,True
3de10f26477822f2fdb2ee45733b01d,E05187,,True
13e101ee158659d23dae76c68368d4f,E04899,,True
bc1q74e8faa38f8315020a80acd7a5914a,E03996,,True
bc1qb620e3bd2816675d428a457f0fc5c1,E06365,,True
19b86f7bde9daf322aa1291b174ced1,E06420,,True
1e352650a1092c71c524935cca39441,E04343,,True
bc1qe9a85e8a5b3040136c4b5a259c3639,E04872,,True
3114ec91de3a9a053b20d1633dd88e6,E01928,,True
38e9e05adf7dcd286c1466cf851bd78,E06133,,True
bc1qb9cfcee6b13ac7259aa6e37e65ceda,E01375,,True
3ead4d2a31fe79b2d2c842d8a6894bf,E01740,,True
12075d15cc0356941912d43eb8ffe55,E03480,,True
14ebd1b1f3e0c977c0bb121e8d5dc8c,E04203,,True
19e9115410372861586bdb717ce5517,E00039,,True
11c6071434933b65616def6068eaa20,E02176,,True
bc1q20ea519a9b49c4e0104ab47a56004b,E02616,,True
bc1q759ebb4ef3da344e87f08f5e7308d0,E01422,,True
bc1q9f943092df241ada1ba57ff3170737,E05226,,True
bc1q397f354a214f2dd2f86e3529d2e043,E02101,,True
18f2561b9736cde21bb9549c0ad720a,E01014,,True
1327d19f4e365108c00db61c8bba5bd,E02456,,True
bc1q28f89b786d68128ef70632ae4ba470,E00237,,True
38049c3596e0a607613534123792437,E00237,,True
10cdcf0fcce9d8920f6258046b5d963,E00452,,True
364e323552e7dde13702dc54217cc14,E06253,,True
1bf365ed8a12230205c33a9118dea23,E00039,,True
bc1qf783fd18ed4c570a0a056b18316028,E00039,,True
1d6603622842d54223e74bfb5862dd8,E00002,,True
1f7102c6b7cbb920bf9924db1e03ca6,E01836,,True
30acd1ae9195919ca087252e04872dc,E04758,,True
3ad6ae13548956151b1ac6dfd4b0c2a,E04825,,True
bc1q864126605a0d9b73cca899ee0b86be,E01844,,True
1888f98e5f7473e1ee380594d7a120c,E00080,,True
3c786a01ed30ffbf93ded9bce2d19cc,E00080,,True
3af43dcca3df68e501f8252b4f4a510,E02625,,True
3258870a8b680fb6cf4d2fdd37f6059,E04374,,True
129d0c6b0c770021956699065fdaadb,E03865,,True
bc1q6446cf60b5edcc663af63188e81772,E01438,,True
bc1qe9d0455334ac98e3abed80d9d5c321,E06155,,True
bc1qaf96ed243109e7b1448e3ad6a5cb00,E02600,,True
bc1qd867f10dade497953a2959ee289954,E07108,,True
132a9c5bb5361a1eb30ea1a9e7bfe5a,E06072,,True
306633c1eb510092f85f6a6247d2d52,E06848,,True
bc1qd4bed78f1f114793cabbe185a0429c,E00297,,True
1fa4fa64d7f6dfb03c2e3e56150e216,E00297,,True
bc1qfbe7709a861a163dcafd82565eb679,E07191,,True
bc1q6fecca90d2abfe0425c4305f9c041d,E02219,,True
313065fa624e32bba34d434a5a2f141,E06183,,True
3107d42493a55d2e3a71aee702adf3b,E02385,,True
37a04b06d8ac60cd1619c54d3994fd2,E02439,,True
15f7b8bd77203300f589a93bb63721d,E03197,,True
18e2e8dfef1c23fd063fb37c6410765,E01150,,True
bc1qf7c90cc86aed733415c076801c5617,E03773,,True
12ab3684eb46f73caf82f714d68cf24,E02365,,True
bc1qb24a4a6b90a95b300a491afaa1d736,E03482,,True
bc1q6533311b49371038de44f1973d1855,E01586,,True
1ef2a35c5495a6333873e37f899945f,E07105,,True
37632d41866177e63abd48ffdcdd45c,E07144,,True
bc1q8d73e7c766dd63683e1858dbbeb0d9,E02128,,True
3349de4276346680e017badb369dc7c,E06891,,True
bc1q407a754dd1c5a202920aab49f7ffe0,E03931,,True
306b6c35eca0ea3e8b5bef1e26d3b54,E05695,,True
1f5a98c6a71dec52162d1b7769ac892,E04039,,True
126c154db9f082073cbbf6b62780d74,E03706,,True
bc1q7c7e82ca11623ffeedcb392ce80367,E03171,,True
3c8844f074a588f5231d2a59f35ba40,E05737,,True
3830f3db34f9f51c99689e60a5fdcff,E00378,,True
3e07fb71a447ac6cedad670c72cee50,E03439,,True
1f6b5b3903cc094f92ca0ed51f76b89,E02316,,True
1e8a2a5d42f30739e5d6bfe4bf2f544,E02506,,True
bc1qdf43e75ff9d296057f9a1c650828a6,E00477,,True
1aff9712531b75ebab00a7af8fb0c64,E03289,,True
1fc9b51d3a81c4fd3ec156291c069ee,E03635,,True
3394de645787a44fa51e27c77262aa0,E01165,,True
3d9c9a6bc6c36ff85170ef9c9525835,E02970,,True
bc1qc1255cbf8b06ffab6d6a747ed32e7d,E06879,,True
bc1q1ff7cd3fe8284a3a27509692c9528c,E02628,,True
187edf66c32e888f4bd7373de04aa49,E07080,,True
bc1q6f7b995cbf4a556a2d96e149371332,E02399,,True
3365ab0a3d6caf2a258dc7b48373096,E03999,,True
1d7b1400c883237c1292a5f24176169,E04531,,True
135b1d71c093b8244cb3cf68e241f29,E06510,,True
367d1cb1d5720cdfa5223bb005f3337,E06824,,True
bc1q0b98aea83481b9f4bc3def2d860ff1,E03915,,True
bc1q676e3478bec228c455da792a4150de,E01181,,True
1f02a7c859df4d12811a21842f8d6be,E02775,,True
1cbede4e3ebf7c10723e11e05fef7bc,E03734,,True
bc1qc3d31efeee71386a5731f76e78cd59,E07082,,True
192c8869d62fd810a7199262bce4a13,E04410,,True
3ce924baf8e966f7bbb58e1156b5afe,E02015,,True
1e5174394700e58a82a563eb1ee8617,E00086,,True
31b3bb6f7f211142f60e50ab84b10da,E06248,,True
bc1qa525917ba240e00930c96b453954df,E04478,,True
195ebf89c5aa23305e568ba759a6f39,E00146,,True
bc1q52b9dd96b7924d4888302948d6ce94,E00146,,True
bc1q51d675a31ada1094cfe97646fc074c,E03474,,True
bc1q45fa8ccfb2af2941fe7f645259ab00,E02687,,True
bc1q6f093f182ebfd290c773ba5db4eef0,E01328,,True
1a109db67ba0a4d3df0b75faca8e5a4,E00343,,True
37466dd24db70c40eb496cebf54ef05,E04245,,True
bc1qeda7b6eb1ac86fc4e5b7e4ebea8fee,E02607,,True
bc1qf6941fd6186ca4da63967c6b6d352f,E04218,,True
bc1qf311a345a88731e00f6ea257647ecf,E00009,,True
1416553e4203a34d685b08b61aa189d,E00009,,True
33e36ed95cd0cb9088b9499e2dff5e3,E07320,,True
bc1q4559d73466cdef72636386fe29c9b2,E00009,,True
3c87ce8a98a221b9478259f76014bc2,E00009,,True
395c78351a504c3c052aeb5b2764db8,E01102,,True
bc1q1fc5e8b5b70895e0536baa55dbb9e7,E00123,,True
bc1q5a6366d4a44cfae222a2ba610aeb6c,E03575,,True
10b499102b750d6a743fe00706b6138,E05946,,True
1152ad13eeea86d488e1dbf0b31b3f2,E00048,,True
1d2add2f411d9d111e99ec492581fd6,E02586,,True
3d6729285c1480ed6403804bec0807e,E00009,,True
bc1qe0e9f863f66d7399a6ee704f140eba,E02719,,True
3cd6af85ab4ae82a24dab8679210a17,E00009,,True
1e2a9621819ce5a66b7c65547d30624,E04000,,True
bc1q475e1fbe8b32f322649351c463c325,E06514,,True
3f0447ca7d1415a09d955ef107983c6,E01453,,True
bc1qc6e27d3a8c0c71e488dfd3f66126ed,E05968,,True
16c849173fa7cdd9453137a1b2fda37,E05337,,True
3321ad792dd2a8543ff9b458a7472b1,E05498,,True
3a35cf9bd74f9d3b949c1257faf15be,E04674,,True
1c60b9bcd3bfc989f34eac7308569f9,E00009,,True
bc1q15dc63a7ec9bd75fa58f469318866c,E00009,,True
bc1qe61bc8e08ef0a0d72476da45a04d54,E00509,,True
bc1q5a2ee61e6d6025259949128bfa0f35,E01701,,True
37b0ea51f1ed5a94994d0add26b24e9,E05635,,True
bc1qe2e387a2e01d59836392b7d9a3742a,E05294,,True
bc1qdd85d02d2b49d0e6cb4447896741b3,E05300,,True
3049b917583d0cc01a1f7da417e9ecb,E04460,,True
bc1q1f0b2b60404c51584fa41ff9f7852c,E05371,,True
1809c22517ae689e300d545aecf1445,E06818,,True
110bb65f9ef063fec660769f533bd9f,E05227,,True
bc1q4f410cf00b9e33c38956880fa5b80b,E00091,,True
bc1q74dcbf8960a41b25a744a71f92bdc9,E00391,,True
36a01b8b6edf8b3a66d6812d6279611,E03650,,True
1b2418d9bf5dd77889f6264b57bccf1,E02260,,True
bc1q5c4758cf3ff26a4d5116cd6983e150,E00838,,True
30d842156faf342f5a060d6924b2c38,E06499,,True
bc1q41f43f51fa54eef02cddd281a7e180,E00040,,True
3b5872ec21e65aceaecbc6670e734ce,E00040,,True
17f037aba7c9fc74f1c9a2da17c6143,E06658,,True
1738eb50a06a3a82b3679e3b98597d0,E04837,,True
1f063062c9600c1c1fc972cd221d4ce,E06430,,True
10d4c886b834e5feb7f2621434588f8,E06542,,True
1c68ccb9894b13b6ed36bea30bb954d,E05873,,True
3d26a6dfced97068d08b1dda10fad06,E01736,,True
bc1qd8d4eb50b95cecbbcfae06200cc0d4,E03727,,True
15a6638a0216b00a43ccdd56bb0c8a0,E05234,,True
12b10319c951c8cc8f637e1acc9a72e,E02064,,True
3ea6ed8b673e5af7255ecaa4f2ed8fc,E06935,,True
bc1q3c675995e78fd0433fed33a7b4d7c9,E00064,,True
bc1q1164d28d522457f1049c45c4ad84e4,E02392,,True
bc1q1a2e98f8eaca362f999b2a05aa5eab,E00181,,True
3703c12b71714cd200291bb44e9f8fb,E00181,,True
bc1q269334171726543b9978150219a9c7,E06887,,True
32e35ea05d27b2f7d188758066a3b29,E01447,,True
bc1qabcec970ecf41bc5d5601651b3ccf5,E01099,,True
3fde3bda396d412527452c72e5377a4,E00009,,True
32dc028d85ab11719f9fe884f6afb49,E05780,,True
1fde83ae55fcc76bc409354dcc202e5,E00123,,True
bc1q95dd6833f606be407e48608f05cf51,E02319,,True
bc1qe828359356f720a239f6f577b8d504,E06531,,True
3c0684731a928eff462a3d0ee4ceb4e,E04303,,True
172cefadc03f358699a48f6c8b33b49,E04539,,True
37a905c6ef9d47af4ccb7139c77bed5,E06254,,True
14b329084e110e3482c44074e2402c5,E02691,,True
bc1qe627484625ed2da24807760a9d7e8f,E00476,,True
32be8db61f80665cbe80fbebb237359,E04188,,True
1fb447f09e525b1d95b99eb4dc3a079,E04990,,True
bc1q52ce3222b54f371b2e1e898913f2f0,E04377,,True
bc1q8c14a1771844b2d549eee90939f12a,E05035,,True
35263f83c5969c6a6ea0997f5a02c0a,E04212,,True
bc1q9b125ca742d38c68427a42367dd28c,E04516,,True
107e439349e3a21f427b7dab2a1f00f,E03213,,True
1dd821e65b50052f8d9f45f8bd0ca6c,E02080,,True
3583473487a8da71f1494a1c30c5192,E01345,,True
bc1q3bffb5d72a03c077c237255132b306,E00123,,True
138ee15feee07e65517e87a3b8c7da5,E00123,,True
bc1qf8624cc40fae827fb27891363d3b7f,E00964,,True
1992bbaca857fe44014c0f8ce2fbaf4,E02462,,True
bc1qc2cb0bf0329337a10d27dcbf153b90,E04528,,True
30d28f5f373057b7bbfec61e3447f1d,E00497,,True
bc1qc0a6a41a3710aeb3997b7eeb747d0d,E04709,,True
bc1qe85c1ed1cbc0929383f86db3edd6ed,E01656,,True
36ab54b45c6dc7842def74753882299,E00354,,True
1277c5795f50f193ebb7dfe585537a3,E00354,,True
36ffaa7e3f9d5ff9d74321a0a789cfd,E01051,,True
bc1q44e5f33c6bad3494fc712b5567cd27,E06188,,True
302f54267689dfbd1fa64af07a367aa,E03106,,True
bc1qbd7de7d9824862cfc21217ae1b5450,E06914,,True
31f08f88d85ddf1c3094f28fe0d40b4,E03632,,True
36d1a669815b2d1fcbe228923f30208,E04652,,True
16f39c97e18ddf422d117dc31b203cb,E05835,,True
bc1q8a326914ce462789ab086a90826954,E04119,,True
bc1qdd831411aca8993dcb4a2e25ae4b8e,E02395,,True
114fdca1332ee00180ede37087d08e1,E05895,,True
14ed5b255957d5f1b3400a69c1b2b3f,E06307,,True
bc1qab4b854a4a52c14969c421760cf9e4,E05494,,True
1c2296d16ecd8473870c7a9a6eb5fb7,E05791,,True
bc1q727f1c81f0657aa38c9963cea6d6c3,E04020,,True
149098786d1f4dbd3440ea3d7837d06,E02529,,True
bc1q97ee07ee2e8bed95e0686bf0c480c1,E06457,,True
3508e9553c7c6507762bf09b6d15ee9,E04111,,True
1f7016b4c2c64df7053b15bbf182031,E06727,,True
17021afa20a909af5c8fda4b3646227,E00817,,True
13a42a9f5e3bde9cc4ff1cd42c29d17,E02337,,True
30b362e0ad6ff558f7ff3c89470f704,E03365,,True
bc1q2d039f3d00f3ccabef8dcaa08eb5e1,E02794,,True
10a316b76dfb6d499251ad714b77c79,E02653,,True
331bd2ab177796588e8c3b640781aed,E02874,,True
1cc5fb70ac6b49ef811ad43d7123faa,E02472,,True
1c1d812a7eeb5b57f89089cbc098b6c,E03013,,True
bc1qef0d44a832d652d5a286133a0c5dc9,E06161,,True
1b473dc85f7bf5ea9ab7301ea34eefd,E05381,,True
11172c893cc4612054623ae936072b8,E01065,,True
bc1q66df52fe1471696f506a4a2690b357,E06806,,True
bc1q3c34e192ee5b46ac8d23f082f2f6cf,E01869,,True
3d82593e3807f19f28fe88236dec27d,E05823,,True
bc1q856950477f2c7f819260476d1323db,E06874,,True
bc1q16ca331b0e93e12be94560d820d362,E07255,,True
36424fa467248f6aaee5d685e09f48e,E00820,,True
1829d72fa09cb91cf5a257ec9245bef,E03359,,True
12072f0f83b1c46a6dcf05dafa559e0,E02147,,True
12273c6abb6f92261cadf6b429a8d6f,E03345,,True
bc1qc73ea2b48d4f4419e376174ebd8e73,E04449,,True
39af34cf27c717ef5af0d4098759fe3,E04002,,True
3f53ca4268de9f4be5b8a9233f8457c,E02116,,True
15833f08e7763a6af3d58ee3588bdf7,E04411,,True
30726697fe3aa6ea4c1dd96499b1189,E03678,,True
3900e74551fbe65d06729725ef506de,E02089,,True
1b6b56a9a3a24f75dffdd6e450c435f,E02162,,True
bc1qd089f2aa99d68290450a45edd0a30f,E06417,,True
bc1q962582824e8c950c2ccde92e55dbfb,E05417,,True
bc1qd841141c54634123814cdc5aadd7fe,E01481,,True
bc1q04228129fa4e52a4973135632b0366,E05379,,True
134e61cc07a57555fc1b533a8c1c694,E03153,,True
3b337d8494ea3c21df5a6de26f26a61,E04142,,True
bc1q8f1734d2c006cd3f6f25a289d34913,E06111,,True
314691599ee266558881ed9215a6d3a,E03546,,True
bc1q2e3eca4631c9fd0a2bd986eb2a4bb1,E02100,,True
305488f69781b66c1e59c433762efbd,E00308,,True
bc1qcde68ce3530d033a80b6346adc0ab0,E00308,,True
198747a954d9337d0f41b3037f27fe6,E02743,,True
1481886c927fc9e6739715d70d002c6,E04979,,True
bc1qc41fbcf11b81b51d81e1986584c9e3,E06350,,True
1afc3be08d90de2a065831650e3f712,E00579,,True
bc1q12c4fb4cd235289d0e66cb62213813,E06565,,True
bc1q0c2863d27f6d1f9b0dfaab049f32c7,E00159,,True
bc1q94b22a90809121fe41bb815e452956,E05893,,True
bc1q4927db4a12d0d4cda42f8510995969,E02974,,True
3ea3582cd82721d75361064060cf359,E02424,,True
bc1q0a469af833f215a37cd69ce437e45d,E04112,,True
1616326201834f558a3f08cacfeb411,E03233,,True
17961dd0ea4124212cff4c4af9d17b7,E02190,,True
31d29187bea76c1c72beda06f65f4bd,E03552,,True
bc1qb9b3681d3e4ce463a64fff97206453,E06860,,True
bc1qcd18c1806f59332a227eeeaf8fb5a9,E02963,,True
3b8c346f87ba01bc4285a2edb546468,E00139,,True
bc1q15bbffc7be2d696aaf7dad3d8ab409,E04969,,True
3949a276d85a70754cadef01157c4b6,E01487,,True
1e1e0817cffc3dbdb37e876708b042f,E03196,,True
35fec5907b4e6848ef65ee8da5a8bc3,E00181,,True
14e39f620db4294dfae180393d797e7,E06362,,True
35c784cf0e4ca0b3d563b0ed11ce5c8,E00542,,True
bc1q0ea7619c5dfb8d60e12973660237ed,E04760,,True
159422f8acd61e61553de16e9e5d4dd,E03880,,True
bc1qd26729b8f49228a98cabf988ac8b2f,E01729,,True
bc1qce5d5f12016b20d3018a5487211042,E05615,,True
bc1q542b1e7aefa958f41cabe41f7c8e65,E06833,,True
11d71f3c44842af47f8b6f13fdd0e2b,E03272,,True
347aadcc1b9f9a59f69f5d2b7680e3d,E04909,,True
3cae72309c5ab355c92d98009130cbb,E05940,,True
bc1q661e40c97756c1604089aaf19e147d,E07340,,True
bc1q666b74e25290a4825b693da7513494,E05071,,True
3ed84c7383ffa631c55c19cdfd47ee5,E00851,,True
bc1q00dbea13a24bde33ada4f2453591de,E02281,,True
3ed7d7a7d529d815a42592cbaf4aa64,E04798,,True
bc1qba4a3f1dda2795c9eb5428b2ca6ebe,E03643,,True
bc1q6cb7efbe0fe361df565a46fd8876c4,E05575,,True
1dd9e7be75182a4f48138b5639509c4,E05978,,True
39a4ef679a0e72710e29558b03d3665,E00159,,True
bc1q73cc9fdbcf122364784edc384e64f5,E00139,,True
11165f76398dadbff57dbd7379f75ff,E05766,,True
102d7fb3b256850bd603ed4bc9e2237,E04908,,True
13354b442c91aaf6be13e78568a220d,E05988,,True
bc1qefd30b997d6f8ff21299df1235b153,E06192,,True
1723cc042dd793059260b57c27bb79b,E00139,,True
bc1qdf234a5bc7ff7eb39a54bf15ca0ae9,E02985,,True
bc1q3c7916d491b44d618607f8ed37664d,E00276,,True
bc1q8cf6f27c202e52429ee93392d8fc8a,E01553,,True
1cf7c5c8aedea8a87e0913ba87fedee,E03957,,True
bc1q8bd309d1a8a9bda815941b26122aad,E00040,,True
3894335a4d7a1d5e7b9d951513b5877,E00040,,True
bc1qaeeacdaf085b77ea56c4303574b95d,E06109,,True
bc1qff16e09af50294b37c32d18140d0ac,E06198,,True
bc1q9c6c3c8f5b8149eb67212a29b76b37,E00028,,True
3c99cb5e2aebd53b89b4995e32e3ac4,E04069,,True
bc1q6c0a136caf5a79e37084240cc8af93,E01645,,True
32ae64787bafe026274a2c03686ebd0,E01083,,True
bc1qc5d46a4d0fdfb40dc1baea7a549a64,E01012,,True
17d5e19005cbeb8611d701e2350ea52,E00396,,True
341e8e0115596d02a46397bc1afe799,E00396,,True
39a4e4def2c6b0d6cb080bddc5797c9,E02273,,True
322803b0e2f07a5ecdc7b52f1d3ef7f,E00906,,True
332ab0ea813611b94040039d26c8105,E00802,,True
3a6160c7e6a04ec2f17d1d141c4ebcd,E07286,,True
31a0d8baf0f0307d0fe16af8bbaafcb,E06674,,True
1a6f53bff5e8fc148d015173c4e382a,E07278,,True
1e8047e5faad0d31b17dbfda9212ef6,E02499,,True
37cebe0d528f013cd5e2dcb359c8f92,E04852,,True
377c5fa3d435a7c17eea5af4e1d7956,E00040,,True
bc1q8bf185fe68a7732c094bd0d875506e,E00040,,True
170426a2d4507f818b49ec69d7751cc,E07291,,True
bc1q08ad29fd607207141edca7fbf5f4d8,E00139,,True
198ed1f398bd872637b9d74cd28cf28,E06396,,True
1352739646fa3f08fcc25c8c3fe9c83,E05102,,True
30473b9d1a529db0b90b03d1c00b895,E00918,,True
13849ba92b94a30b1c2d2897d1c5b77,E07296,,True
10b373427571245b884590288973a4a,E03478,,True
35af11aeddf6abb4827ec0e6a8fbf14,E01125,,True
bc1qc25b60ddfd3975175378647fb14b4b,E02418,,True
3d91c347e939dd51cf2b75b563be1b1,E02938,,True
1d6548b72703c58b1ba6d90e7ba652e,E06777,,True
3bd717d3581a63254f5df7005d2d205,E04175,,True
146c7963da271ff19ea5e46059e9837,E05006,,True
37badb017bddaf067e12777244a8147,E00473,,True
10f64757867bf896b405e86836285c6,E03186,,True
3016f29fa1b1bacfe4995a4112a0ef5,E07158,,True
bc1q60f681046ddac82c877b24eed10941,E01195,,True
35ba23815006efb6df399508fccf9fa,E05675,,True
3c4ac57fce59373f87888f448fd99bf,E04838,,True
3cc2ae0c61dfcaaec398884481527d4,E03850,,True
bc1qdc1c4ee4ac1e29d3c6756c5a2cfba8,E00053,,True
153c3654c28647f7d0b15990d6a4835,E06235,,True
bc1q93acb032eeeb389b0707e5f68ece81,E05089,,True
bc1q2a8699f4927b3536c21bc3d799d80d,E02927,,True
128fe92c5e9f0d962f9235dd89db636,E06053,,True
bc1q35c00950da32a75cfdb2830943c006,E06454,,True
151e07a30a64f2cdc41363486a95175,E04963,,True
3562dea2d3a20c5c1813925c83db716,E00584,,True
3f075eb72364eeff214a01e839e92b5,E05131,,True
1f28b486392512b23813df73e87c294,E05067,,True
bc1qfc22b5dd024db85fb266263d1f3fa8,E06334,,True
31fb7428111fe6f7ae4d9cc40eab12d,E05193,,True
16d442c6c5898363a04e4d721136ce0,E06148,,True
1a76e8967561df0ccd31016eb0038f3,E02236,,True
1dd468316f164244f91698847d8c1f9,E05072,,True
36b19b2047d4bc727530c4a91368ea8,E02479,,True
1416032872d3a072653e3b81441ca58,E01523,,True
1ae50598e6e0f969de6ec59fa237ec8,E02425,,True
bc1qc747de80a74cb0563e20de9d86a0de,E04983,,True
19bd2ceb62294df8911b9f4870eb41f,E02798,,True
bc1q5eaf9fd2b9597e3b6f807a7af31237,E05603,,True
149a27df0784364a82bb4d05272b2d0,E01753,,True
bc1q14e52878b10e1c48ae0b81500f6e1a,E00409,,True
bc1q1196f41394f117b217431beccc4e08,E00516,,True
bc1q081ab65a0a37907eb5493e5496c338,E06505,,True
bc1q3186bb240c46224756228edb885d27,E06367,,True
12a37f7618b84adf443318f021a092e,E04013,,True
1ac893a7431efe7b7d74f5b9c0aeb63,E03824,,True
1f4948e4a0cd047db5e7720b0d07f2c,E00922,,True
333bcf23a337b3f16125b2a3c1f9f90,E06229,,True
bc1q5e2e1a3e034b9d7d3c033f060787b3,E00409,,True
bc1q7a2ef3283ac54a1a4252c05c1bd02a,E04910,,True
bc1q5766147c52b70408d8aef421d5142c,E00159,,True
1ff8aa6118f79b51282217e5c1efd81,E06065,,True
127d1992049a289056a3b28caef3c9e,E02047,,True
bc1q8604e4093a5d376b947405ae128b5d,E06524,,True
bc1qd053d75ec91fdc03add1a4f481b9cb,E00099,,True
34e9549e58b2d2d4d4c3b8004251c71,E03550,,True
1932d166769b0f1ee01b9e0746b161a,E04881,,True
385eb4398ff805cfcd2280ee3c51ba8,E01495,,True
193c033ac6b71a4f5cbb206c4022c24,E07099,,True
bc1q065c4d69463e8d12487cb822775d58,E06150,,True
108e5dddad50f42681a035fe1e3d66c,E06449,,True
10452ba8223c495b64a46f5eb6db35f,E03703,,True
bc1q659f8611b9e56c0b3a2953189f6e7e,E02550,,True
39e363366edabb3d3b26d71179e72a1,E04192,,True
bc1qf730e52922ecb0c8aae0c8b05731fd,E06724,,True
bc1q092519bc3c7b65ba6ecbfec1e08486,E01496,,True
3da6173594a4f2e11187b8885190182,E04334,,True
bc1q6332f6a2ee0a0c38d3e9369ccf0050,E03396,,True
16cc0e3f7c40cb2a44d3bc00572257e,E06850,,True
1d540d69f8c984105a562a96cc73151,E02430,,True
bc1q6418d285443479f5d9e94e837410bf,E04612,,True
bc1q7c74eb78b6a2933d6f9aafe9382f35,E00053,,True
1ebddcd0db5ed45fcfc7f44067d8b79,E04960,,True
1707dcaff2ddc1cae346e8ecd60b7ae,E02390,,True
39fbfc6f0b3912d208dcf8132b27bec,E05899,,True
3f74a57df45729a92f8bc43bb205cd6,E03759,,True
115bebd97b027ce4fe5c13ba5e8c198,E01058,,True
140f4693733a7c56c2678a1bf52d943,E03243,,True
3b20f981ce3cb65ba538b236b4985c9,E06055,,True
10fcca599c1510cb921fc8c93995413,E04158,,True
bc1qf6b2808554e472fd469c7ee21cb77f,E02000,,True
bc1qaaef0d085acd62ce4d89f394cbb94e,E06035,,True
3c4063aa46b7d9257c78f742df70b72,E03248,,True
bc1q7582bc9bf5097c8668db072dc0c33c,E00170,,True
bc1q9274c0431e03902227a9b322eada73,E00170,,True
1c62f069b92411c655b42272300e474,E00099,,True
1542a961465b4666df3be7aaf61aae1,E00265,,True
bc1q054bff7ad866baf252f8f93edf665f,E00265,,True
bc1qe387eb6765e3bfb9ea88738a9db593,E03697,,True
12944123c7821406dfa0c97db1c25b9,E00099,,True
19aa856ecb76586eac2bf6c9883c611,E00099,,True
bc1qe714cd8e37658ba083ff49a9fea1b5,E01188,,True
14c79719e9228e02a13f6ba7f0927bb,E05527,,True
1edaab957faf13d30e2370cc5bea40b,E06491,,True
324250f11128c2d21a4c6c4f143b7c4,E01505,,True
3f138ee53175d4d6446b13a305ec334,E01938,,True
bc1q073f63ea6ae169ca12a8ba99d0e1f1,E00079,,True
3e684580d5d3d9ece1e02ae814ed04f,E01731,,True
377da7c666b35e2c6b34a990a2647c7,E01365,,True
bc1qba699bfd97edd2987eb823f2efa1cb,E02159,,True
142d34db565376547b4513de2a9d32c,E01883,,True
bc1qf116553a0602c5b14cf92ef85e1cd4,E04184,,True
bc1q8e19361640f00e31752fda20e2d046,E04195,,True
1da943ee1bc66c754589e6c01d8a74f,E06807,,True
bc1q65fd03f028c01f4cba96830d43c665,E01955,,True
bc1qd3041f4bd5aeddbbdfe719e12547f4,E04702,,True
1f72e45818e4059f2aa0f33c88de8d0,E06688,,True
bc1qcb1f3b4b48749893b7bf41eb60820b,E03009,,True
1e94a8ae1c59dc84208a2029e7c249c,E02610,,True
17e7cd543c3b213ddb02d7dff7e84c5,E03547,,True
3da0a31dbc24fedef147354e7980b66,E01539,,True
37c2b89bcaf489fc51ae51c9f654ec0,E01266,,True
bc1q6ba0e32689703f84023d6b7c03a2b9,E03217,,True
bc1q4bb53927d95f226ccb53aeddcfbd70,E02276,,True
331b80984df7f14de1ba256eb9576b7,E06169,,True
193db9308f926bb4bd05ac8af30e3f9,E01306,,True
11c3341713312e6a3b4b76faf8099fa,E02067,,True
308d3a570b917f12cc2e1047ba51f67,E06234,,True
132b2519efab7abe69df184c56f9336,E02881,,True
bc1qa0a234f2c347e344001e995c1f5dd4,E06865,,True
bc1qf468dda6dd1dd88e661ba6bad67379,E03357,,True
1bbc400bbb44bee32924be06fc04753,E03709,,True
3f2d079932da947435b324c5e4ca086,E01211,,True
bc1q28ef5a66286ab0b9a83910fbb63a5c,E06424,,True
31ae3caa0273af0da3a84b3ac679d44,E02702,,True
3debe19f96493132b6f0dfc52bcf2e1,E06128,,True
14b001e35008915398ddec11133c851,E05817,,True
bc1qd6eee7ad735097a0c4e637565ea7b8,E00556,,True
30138920d3a19b45d37228141d6d637,E01845,,True
3e1812c238357905fb3582ad00a3a22,E03986,,True
bc1q45844543c6f37cb53b0ae73bb6cb8e,E05894,,True
120b5c85083bb951c8846cfc725aefa,E06679,,True
18a1e96b82bb4edfa5926e704a7d844,E03433,,True
bc1q6d63c740814ab3a6680c90a93735d0,E06357,,True
bc1q80095c6e895235711564bfd7bc000e,E03499,,True
337f8d1755acea02fb7179b30a92257,E05734,,True
bc1q016d5d825715f53c11cf2484fbb234,E04490,,True
bc1q6e77858150969501280b3771200b3c,E02230,,True
bc1q95888fd34cbc981f9b5db138047555,E01522,,True
1f9ed71ea215ac841ccdfbdd6c5a854,E03199,,True
1ff59bd83a8f6734d2dfc7104fee7cd,E04888,,True
bc1q8756d13f7bc779e20975998dfb8632,E04237,,True
3a78cdd026cb9b4a31eaecefde887cb,E07323,,True
346b7463fe6e88e9c8fa03719fce77b,E06954,,True
bc1qd53d8191643cee2f095e542e40aa31,E03984,,True
1351ec920eb512ce626d551519a73ae,E05142,,True
bc1q097c71cafc40d22e02e3d40fa900bd,E01288,,True
31c50ff4ecce9902042c893b59dbb55,E06538,,True
bc1q03717247dd0b99110e71579d8c9214,E01224,,True
3bfba2966383fa3dec67e8ff21b76e3,E00879,,True
1e8d7d60e507e62f7bb6c28e8f8e153,E03436,,True
1031a08941121bbab004e6544e4b56c,E06814,,True
1551d8fe5d7f7d8294bf6ed2a765772,E03900,,True
34c0f80eac9447f4844f9d422ab9cd8,E03993,,True
151c061b6b166da596bb0ba8e541da7,E00979,,True
36ae81fd3814c276a85c0f75912f109,E03064,,True
16a4e411fd126679a7a28934f558df0,E00276,,True
1736d85415902c296393be2c1b6fb61,E03617,,True
3311f10ae9156ef67bb954b5e9fabf8,E06246,,True
142e693a8be97cc47061d65abe719d1,E07141,,True
3bed4ed4d87007495525187d913e4e1,E00002,,True
34c12903374bbd45d6f94f596608e53,E01882,,True
bc1qb5df372f4c04891a73139402c6ccdf,E00385,,True
39cea58b8ce78e891f4d79e608f7a5d,E00385,,True
151fa1508affc1e0ddddf3dd4e99b37,E03621,,True
11dd827fb1eb382910776798e7b0c2c,E02274,,True
bc1q471560935f6c60ecc06aeb3ab551e6,E04181,,True
1044e2d4526aeed47a0fcdaa333639f,E01384,,True
1240622894ade1822b515247c616af7,E03545,,True
bc1qded907d3a31deb328a09bf9b1091ac,E06525,,True
bc1q0e772f01361b8b755faddc7ede2223,E03818,,True
31ef9d5e329c5128f7d8e968f70f779,E02659,,True
bc1q975481d6ccc7cdc12e3882b527ba0a,E07196,,True
1f76094f1eea3262aaa86b9b386c60f,E02732,,True
398f4e3a2768c96ac8a62193f1c47f2,E01370,,True
bc1qe2aa6d7208838e7d57ef69332ac35a,E04916,,True
3ee1015536e64a7cf7743a780d4a6dc,E04752,,True
bc1qa2108da414ad4215fa3d008c1c7c6e,E04015,,True
3ea22831a9bac82954e0b15d368d727,E00048,,True
3a1361c14e8878dd568d4657a03590c,E06059,,True
3df6893137d00260d42be4bacc4060a,E07016,,True
bc1q2df931d102196478cccce784fcc390,E01050,,True
bc1q6f288d0b6839b34a98f39fc146db17,E00323,,True
13058fa963413baa096f194705620a7,E00317,,True
1c2a406ddc50c27ff9fc57ec7aba831,E00317,,True
1baf0dcb524f4aab056d43109b65742,E04831,,True
12a41c1de723b9bb64c30c7abb24a6a,E00378,,True
bc1q0fcdc55f69844a93bdcc24bbb7391c,E04770,,True
3d48e4df6970b42b24f91161eac78b5,E00356,,True
36055b49a3019af1fe65efe50a6d0f8,E02562,,True
1fb619d23c0a6b02294bec23d278678,E05444,,True
394631fbbe7d16e6c2c3a8be4c906f5,E02473,,True
bc1qcb0d316fed2ff549289254ef70f5b1,E05354,,True
3bff406ad3f408556b918eb879780c7,E04772,,True
11f1c0bc9b977f3437956f8eb8acd15,E05332,,True
bc1qbd09d980f4a56e8314d948af35a4db,E04012,,True
1f192938470f6c8ce6631cbb7b651ee,E00422,,True
166d29750970843569b111f15b4066e,E07283,,True
bc1qeeb4020aba4ae0e19b8954379c9331,E00119,,True
35863784ea3a3e2fda17883bf2997cc,E02733,,True
33befd1b2b28e0cccb8412379e12340,E00356,,True
3ce4602aee8a0b652368a15c3c93e74,E00245,,True
11b722f009e0369fd541176faf00443,E00600,,True
bc1qff82fcd034b889953e4cbda8b097f8,E07232,,True
14a909e7c142149da021f5484d65a21,E03561,,True
18aa43129aaaa7e483eb6a13d51d528,E06450,,True
117df853429c8cf52891c31f2de05fd,E04105,,True
362649e919f7e16dbc1c9c6b8feb8fe,E01707,,True
3dc5d127e36d8934bd588dab5badf49,E03654,,True
14b6838efef326e724ae0df0df403ed,E06503,,True
3817228714ed0294c8ace8c906ef42c,E03387,,True
137d65c6c40be2046cdf031d8087935,E03740,,True
bc1qd2e1e9d7d7213ebd2bdcc9f41a9de4,E05055,,True
bc1qecb3623aa678051d5148d41057e631,E01662,,True
3669334f9f5b9780440fda55ee6827b,E06834,,True
38dc14da406522ff2ef3eb108aec57e,E00280,,True
148264400bf94e3ab61213d5083a6a4,E04703,,True
bc1q18766626df7b57eb41eac79ad8e1cc,E00914,,True
bc1qff592f3166f4d05300b0f76e55b221,E06563,,True
3777ca112755c2569ab9b4cd7d6eed7,E07171,,True
30928f3483c92fd9e21b89d418c5372,E00453,,True
bc1q11d8f7d7a66a52fc9a1ff4b515cd4c,E04078,,True
bc1qf035a81793d05053172e8915953106,E01554,,True
bc1q3b8930b07dbb51048c16fd56352487,E02325,,True
bc1qfd437894d03ad716bda97ae206618f,E07279,,True
1e11ce692c894e70db679d285c2a6fb,E06657,,True
bc1q4c4cd83320ee9459c9971671f57def,E02789,,True
391d93feadd9623b3fd4e123fe877f2,E04639,,True
38248c954f4fac423873d9658d7fafd,E06548,,True
11128b7e9ed743b295c6336629d10d9,E00238,,True
167b4c9b1ad694fabd6ac7fb65f3e86,E00238,,True
357bf8bc8b01d3a1fd2c14e0a3f565a,E01703,,True
3bcca38a1df7370989f91b5f174188a,E06388,,True
1328f326eaefdcea7f017e869896365,E06241,,True
3547186d2fd54b662dc25e2a7d6edeb,E02117,,True
bc1qdb8fbf9fd1bb5e188e24e59695574a,E04708,,True
bc1q7df4e3708a19f4629c9dbe517a2e88,E03230,,True
373f3877d6bed39be967bc1bb7be5ce,E05539,,True
bc1qd655b760047d98fad0678c7bb3664d,E00053,,True
3502c36c64d10e38e738520146b9fbc,E01873,,True
12b23ac18720dc75f868f8baec61694,E06835,,True
1033857877478d3fc31654df6ae7936,E06485,,True
bc1q0fd7b04f908490006e0070bca6a6b0,E05545,,True
bc1q635d81d8dcc3a5309a8327891d47fe,E02981,,True
1f8725af1d64fc9e69467d0447d38ec,E02429,,True
3d0912588d5c2b6517ac778c5bf05ef,E01427,,True
16c65fd0e2c7c5a360cd5c63be15d70,E00238,,True
154fa3acc2050acabd7f11cebd012ec,E02413,,True
11d1f97f591659312530937ce470114,E06287,,True
36f2ba3a0fef51e0684e4388cd5219a,E00369,,True
bc1q539cbe2d914e296541f57452ea13b8,E00369,,True
bc1qa4c45808d73827c2b2315dd608e6ac,E05650,,True
bc1q6ab768f5b5ac7163ef5e69b61d56f5,E04472,,True
3bb0bf3834cd0eb0695a0ba33d5ceaf,E01338,,True
bc1qcca3a42e4982cf7c239ebc3c775558,E05464,,True
bc1qd596ade2a368e05a9c6941ba72077c,E04081,,True
1f12f37638add885eeb54587bd5d432,E03291,,True
1f99c793a5c63e359bf444301ca636e,E02408,,True
bc1qd4491697f7813523ea8802f0289c95,E01914,,True
bc1q836f220b8b56f7ead44e111397a29f,E06579,,True
18fc8ed4f3b81d63745abe5bfd096b4,E06942,,True
1e8f1d15636a1bb0588435ba8b1a49f,E00053,,True
1a2173d690c446cca11fbc76cb40cea,E00053,,True
3ede6d83566b0ccd13eea0324e1bd35,E01398,,True
bc1q446f4184b26961776c65cd34941ef8,E03679,,True
11152b2768241f8a5dae31d80e2893b,E07162,,True
bc1q896b373d67c8e078c2c0a52cabf20b,E00059,,True
1a66786b9e1cd5bf68f3df1d97b98b3,E00059,,True
374c59bf44209b1c3e713295791c5ee,E04040,,True
3efc9e463b195e343f7a7527277795b,E04404,,True
187b33af236721b291e087bfdda2f29,E03092,,True
1c3b771a2eee353a2e3ecff43072a7f,E01799,,True
3f868fa8f78bb52e8f70383970000b9,E01124,,True
3b774ab6b6cc4b05c223792cdff9f5a,E05714,,True
11acec41d675a2f636669a08a35c680,E00546,,True
3e83f40144b36f21e13498e1f462f03,E07282,,True
bc1qc9bef32b1b0f5260ae9b09aeeb5608,E00496,,True
356077a8dcbd116ab6d3bdff97187bd,E01091,,True
3d4d0a619d6f3d4801a70d1ee8b1d4e,E00001,,True
bc1qc477bbad749127db29d99b4e4eb4d7,E00001,,True
bc1q508ffacdc2ea0c7457a7ba5eec3cbc,E07136,,True
32b02e55cc395b0b20bfcebb3fa71a1,E02058,,True
11de8e5d38622885e80bf2692cf8614,E02746,,True
325693e0efa899394e74f2629b05b37,E02471,,True
1cc0f0ab3ed2f975104dbbc35d0b588,E02377,,True
13f94ddee14262e291fc31a5d23d078,E01242,,True
bc1q806869d0e98787cf210533f790084a,E02252,,True
1c65427134ebe72890df9fbe8a2a5be,E07206,,True
bc1qa4c63f61ad68a0f62deea57f6149c4,E01119,,True
11414c44c05ec9f19311e7aa2b4470b,E06630,,True
36f65de790a6959658ecb2a70fe5439,E02044,,True
384b2c033a5de007de4b777aec03c17,E06836,,True
bc1qa346da3452e0a71a20a874764fcd42,E00280,,True
bc1q20d45013c80cf3425a29bb6edf9738,E03806,,True
323a5dfb7907fb4f65ce64360ac0afb,E02695,,True
1b9d05eadec8d323afb758070f3bbcd,E03024,,True
3a412a946c372fecd15191f28507334,E00249,,True
bc1q2f887c5950cef1c7696a46090af3e0,E00270,,True
bc1q9acf93cf2fb030348537ffdb332edf,E05710,,True
3cbd02cdae15332b66b9c33ccaaed8b,E00801,,True
bc1q6ab7befdf5343d8a4bf19bc672c7ad,E03904,,True
3d43956c402ba0bb8892fafc691a1ad,E00088,,True
13550d3f275de564e18dcc733fe09e7,E03454,,True
3f565b876730d11ef7e901b947b3f4a,E06074,,True
17657e3dfc8e060636295093919e3be,E07235,,True
bc1q77eee07743c1045953ff9017efd203,E05271,,True
bc1q1cc388839bd5eca3910b378acdd8f1,E03967,,True
bc1q6d2d7ca452b5591246d2a56a7cfd08,E03385,,True
bc1qfd95b4165017595ae128cc0b2e7580,E01249,,True
3e775a70d6fa6314af73bde18308f4c,E04332,,True
bc1q751fbe4c72775d35f5b76341ee7e6b,E02494,,True
1712190cd693dabeb4b2c0c0fdf60d5,E02573,,True
bc1qa71db32c281bbdf45dbd91989da530,E03456,,True
35bb80f67db4c116d1d4d611b536301,E03713,,True
188ecd1e11511281b490e2bee649d5b,E04949,,True
3f8d3fdb508ca6b068dd40027187cb4,E00273,,True
3ebc78c3e9ace12a2da43a7fa1b7659,E03956,,True
3b2f3bc509274705a5e6d183e881490,E02343,,True
3cd8f7094f31929669b7aedb53151e3,E01838,,True
1794ec315ce0875011ab64ce11cde74,E01118,,True
bc1qcd7accecee6d3b073d2bca7a678b77,E07272,,True
342e1222548d5c922e8cbaa4c4639a2,E04886,,True
3d7c88c1279231792273baf04e40e45,E06875,,True
bc1q5dddf598f2dd3eb23483ac77ad7bd5,E03693,,True
158911dd31e1d2c4eb16c16d7339094,E05124,,True
13f84ca32b8848074e88fa4559986e7,E05778,,True
19f12e59fc202eb7a4b93f6838582e2,E04346,,True
bc1q725df380244dc6d3ea6a30b2408040,E00387,,True
10e3cd2211f2c82aa45baabb913d61f,E00387,,True
3c1583e0d0c05e30b6f04c898bfee75,E03710,,True
36f4abfdeca859887cb0e2a25288a1b,E04565,,True
1ee6add8c2c0f0885b5922c999cac54,E06946,,True
1d43eabec4b80dee01d1c75be764f71,E01256,,True
3ab71637e1b16bf147c91cb078c2d91,E00270,,True
bc1q650495923278bf566885304bbb2e9a,E06130,,True
31bab410b6a3955bf027b839b3aae1b,E00907,,True
bc1qb783517d623601bd6549e52b3636fd,E02177,,True
157a82ef9a8743d7d5b6037b1012b0f,E03033,,True
10eb8d162ae6405ad4574d48b07d558,E05246,,True
17cb3b6e28f79401916d6cf66b9aca0,E04745,,True
1e23ade0f7a795b37fb67420f80aa7a,E00957,,True
15fabb90713078b1c0edab37c2712b8,E05107,,True
bc1q84f100e81c733bfece8f34cebe94cd,E00088,,True
33f86728ad6ed89fbf95b5a2de27581,E06582,,True
3be880b45c17062fd8d3f609be90b93,E02106,,True
bc1q7e4f488902e922ec3d799a6b43a3ee,E00088,,True
bc1q4feff5dc66a4dd78b2ae15594bcf66,E00458,,True
1fc5f8eee680aebc75ab27195e8fe2d,E01079,,True
bc1q26e5d61cc9247f38b3e40a44a4b9d9,E00080,,True
bc1q1ee7e63af0f28a45baf8d85f0a0c49,E02563,,True
bc1q7387de3d79f8b612d0ff7d25db9dbd,E03122,,True
1c16874138f2b44a51f5f81ec9e0dae,E04333,,True
1c07215c544966b427288fd5513a16e,E06899,,True
bc1qc5bc46f995ae6a4c6836090c39de51,E02515,,True
1b8572b07b28ec5bac316a5e469506a,E00425,,True
1d98bd419a1cdc1a4a8c8d427c34831,E00425,,True
3538c376a6c6a7d627ebf8b3bd27fd4,E04929,,True
346adc4187b0b2d9cef08ae619459bc,E02700,,True
181f6adfedc130708534e72542061da,E00088,,True
3a982380cfb327968dc8a83de7efc0a,E03963,,True
3fe334aa87721dca7e5164f8b4d3c9a,E01147,,True
bc1qab7d097d01d70658cc49bb12581998,E07052,,True
bc1qdaf09b1da9c3c5c798c498499d5830,E06211,,True
3ab33ede3b75102ca9e0a97210fcd30,E03877,,True
11c31d9fda2f9a02b6838e37de7f41a,E06092,,True
15c0de146a1e473df82f12f53839c0f,E00865,,True
374ad858d614f12fddfee4007dbd68e,E03514,,True
357d170804acaacb1ba5b82e071c144,E03163,,True
1b43428f0ee4f50e838dff25d62afa5,E02945,,True
135cffea6dfd69300b8a88f9317545d,E04122,,True
107a4f5c0bb30780e19b3e00e1eb723,E06731,,True
bc1qa3618e75c6e3c532968e1874846fbc,E00059,,True
bc1qa8b06a71221afc068ad35b43696518,E01477,,True
3c30501935a7058c1f01055160ea58f,E05646,,True
1afa0dd549c616f02587c9af39e79cf,E00143,,True
bc1qd762b8d20d6512aa28674807c8f9d8,E00143,,True
1614b03253e5823511a5be7e34f4ca7,E01312,,True
184c0abd732bacd8090661f4e02ffb3,E04587,,True
37b3017ee4cf8d4e255fdb1c14d20e1,E06661,,True
182c528aca6549295a97dd7bd8fa26f,E06726,,True
31ab9a3192f6bba00efc826381f453e,E04118,,True
bc1q61c7b37d7a9cc6f594315afd021f6f,E06163,,True
3b0b60d1dca52f8c3bb526b430538f2,E06553,,True
bc1q943c716d1fc3ca0aaad6ae7cc818d9,E05260,,True
370f1c650f3ce61bf7ac4b9708b9fd1,E03070,,True
1f416bfcec25562d14b740f76c34232,E03698,,True
bc1q1e2f9cb6a033e63ab5d8d05ac9c4d4,E04318,,True
bc1qaaff96b9046b5213eb459932d4d3a5,E04833,,True
3a73d385e998e5292a09cddfd01cd8d,E02792,,True
352bcb6c59498c58ff018450f90cd63,E06341,,True
bc1q3343cd2d0d934d3f51c84f747a5e1a,E05865,,True
bc1qc4a65eeb58f51e5f78ae634d3ceb13,E06812,,True
bc1qe455cd9c66f2f06fe211832821b01c,E04830,,True
3e3b16e2e45dab9b39236786d2f592e,E01860,,True
172fb5131fd772de33d2c8c4e43127f,E02112,,True
33d95a67ec3a93db4ade43510c39353,E01886,,True
bc1q9a0c8bb3839a1f3a9a8791b645e6e4,E07180,,True
189a92aa0ca0f8ee1ef2dd3461633bc,E06453,,True
188e238598585dbd545c72fccbd0b7d,E05800,,True
14151cc971812539653ac1cbe1cc909,E02220,,True
3e01ae4f6c73a1c572bd8a4705033cb,E00048,,True
33088759aab5c3c5c22e9c18e31aa5e,E00423,,True
1b597d3c004496ac6f25b9c5f153b2b,E00423,,True
1a81b541864630e20de77c56568ef8d,E06137,,True
bc1qe6f47d25f93ab95e5f310c6f144dc6,E03475,,True
bc1qf297ca28f30754358e5535a86e45c6,E00103,,True
bc1q3bb11f6a036e2f51084482bdb77a79,E00103,,True
bc1q2c79abe31656416350ad5b01792925,E01673,,True
bc1q5b07436089c38da3ffe170ec41d19b,E00235,,True
3ba7871492a9c8a9897fe99bd10fc0c,E00375,,True
17c0cdaceb981630a58785d93a9fd74,E01550,,True
115956c27c00f899e3bf1b34330125c,E06577,,True
3c1cb44f475f541f8031b759e61e5f8,E03348,,True
39517ab9d8fdea848d96494965ee5ad,E06337,,True
1ffab7e1f769f37f7040252ec5d7929,E04497,,True
1eaecf4e81909ce0dd7cac28a1055c5,E00316,,True
bc1qaff628cd2bf2063f931507fd063a58,E00316,,True
bc1qdf69a59baa078538f217f0b8314c26,E06278,,True
bc1q36e2bf4664a6d0753355ab093cf7e4,E05836,,True
1b514d5bfcc756a54c32f57866e7521,E03736,,True
129c156fbb1d77a9ebb00fcbc4a2e41,E05445,,True
bc1qbca72603ef0f77848ac92433478a91,E00447,,True
bc1q8cb21a17151c03eb4f36381190e515,E00447,,True
bc1qddf97cdf03bafaf875bcd0ae3072c5,E05992,,True
108b86167fd5f2d13831f01f2fa7324,E02496,,True
bc1qe7bf5c5627b6ad144ac376b94c19d0,E03586,,True
bc1q75fb0458b8ebfb4dbb58c3ee62735c,E03594,,True
1571b84544b032552a9e05019a36ee8,E02259,,True
bc1qd4f5a2cec2bf2a8931ad053cdedcbb,E03842,,True
15d7b78cc520538bfcf939e1c1e9a5a,E03080,,True
38e499c96284c21e3e3df4dd96417ea,E00270,,True
bc1q105e9a2d808a6e3cc9d905d98a092d,E05473,,True
1e2893884c1a64f853cea28e5114c5d,E02675,,True
bc1q20623ec5e9ac16f0a39c37f5a22b4d,E01402,,True
370885efcbc2a893c82ba3316f9d47e,E05611,,True
bc1q2a5eb802c27ee1ff57c8d4c2c76cf4,E06379,,True
15a6cbd53573ede27a8ffcf484c578f,E00178,,True
bc1q6f423a66b7989affa1a0bd0c9ef221,E01961,,True
1889853f9b7ab1cc3c8f90bb845e0b7,E02415,,True
31a84b7e079b05abb50b2c2b622a25a,E02428,,True
1e6da13f11bb3a4b90edf954135893f,E03114,,True
32b07d8aab18e5467fdcb23b0b72767,E02829,,True
31a31c8904c01a1434fe1332da6b974,E04031,,True
3f8ed748e9fffa34e307eaecfbef454,E00143,,True
3c33054bf0bde8370f84f44d3301bd1,E00143,,True
bc1q28c0ce560b63a92a36856dcdf5a57f,E00315,,True
bc1qda6b396079165797ec147d53bfa311,E00315,,True
34add0c0d1d8edc8841a6abb1702bc5,E00954,,True
1ebf3e3de8c2551f498f41b3baa4a0e,E04183,,True
35a92e42830c4d672fff8af0f382db3,E05954,,True
105bcdef667a91a71c7ebf1f9dbe07e,E04050,,True
bc1qa03ef580ef2ccf8999b812d61676fc,E06117,,True
192ae2d499b0c67a5965343846de41e,E03775,,True
bc1qbb521f7169ceb824b24f7d1ebc5bca,E03036,,True
3d7e3fd947b7b7ecc7dead97c5aab36,E02845,,True
36100b47a591d006509f64e138bc653,E07353,,True
1e2cdd005aaebe71f0c6e1323c44489,E00511,,True
3dc15d5283ba35477c0fc27063c47eb,E05326,,True
3e80499e9caf4023902c1c27726d3a8,E03362,,True
bc1q108c74f8ecaad2b44a96992293ce39,E01564,,True
bc1qc5cc0fe1a62208a1f406277e83e815,E05314,,True
bc1q71507fbb64f9885f7c474c94381be5,E00331,,True
bc1qbcfcf1e531dddd5590003cace7ee36,E00048,,True
1b334685cb29cafefbc12a22db85899,E00048,,True
1fdbebfd7aad87d6101622798a818f5,E00469,,True
bc1q9a2e350c14c995a86f490ecca091a7,E03175,,True
3192936c3159755c2299827e0d7d7ff,E05533,,True
bc1q800306e9ae8b90e2238e522f003de4,E06889,,True
bc1qf6608525d1cc262a1dcea0b5cb04c1,E02367,,True
bc1q9643b787f5706ba90a6ef6ad492005,E05700,,True
bc1qab5b94f007a7468abcd1294561f739,E05911,,True
bc1q067db24b3296c9e1df8da406bb6111,E05397,,True
bc1q7b93e3068f63ee5b78fc1116ea1f38,E03501,,True
bc1qe283234f3c0388ec6123eb733c4dee,E00063,,True
162ba693388cf1bd0f383cd6b775489,E04024,,True
bc1q2e08a111cd47e4368a962f29e3c43a,E05680,,True
178cf53a02072d991be0c2a2a9d0c6a,E04826,,True
1b701002412a2ab9c4ab63d1c9e7844,E04985,,True
bc1q0d358b80863f675fbce31dcdec945e,E00884,,True
bc1q1ca2ac9b2c4bf0dd4dd3c607b6fbf7,E04470,,True
39d9de82d0e7e63af222448ef1215b2,E05907,,True
134862353df8c257d26ff8c91c2bc1b,E00488,,True
312ae56e474d04bbf9a33e406c7e52c,E02761,,True
39e238374915c14a30b669c1c405045,E06607,,True
bc1q7893f001b2742981adcfe78e84687a,E04755,,True
3841ddf6fe2d38ad11759e7c9f258b1,E02232,,True
389b002c2e7f4363479e48e871805a3,E00541,,True
bc1q87e99770fd75364d27f119a53ea8bc,E04057,,True
1d01426f43b4627aaee37ac4195a84f,E04297,,True
3c63055b6779a11e403999b0a3e4918,E05486,,True
30dfdfff940f46a32ccbddb8642e18b,E01688,,True
15e3bb8d23d6141bc8a6bb91285cc42,E06508,,True
17da147a95af4fed45af6419cdb2402,E00095,,True
1a1cefd349705e89b829b7b81b923db,E02426,,True
bc1q2fb513314a1fa1648cf1937bba3664,E04776,,True
189854bb253a557e007c39e33528f8c,E04143,,True
bc1qa9f4b3eb7def18a83a3cd368320d72,E04640,,True
1f904e5dd1ddb215f9a4cedd5d7864b,E00170,,True
bc1qffbb2c362fa786f539dca0eeea8ac8,E00156,,True
35f5619f65bf99ce723897945bb1760,E01472,,True
1db101b44a1264c5559e543c8262a60,E05753,,True
1c217141d26b39d1355a620d9afa521,E05503,,True
3a64fb3f25e16ae0ff5050f3fcf5588,E05900,,True
19dc765d1442fa9514ce5a395ee808d,E06205,,True
3b103af65fec3b4a7ecf111920d9666,E01272,,True
15b385a52994a476b2f92d6195535d3,E06412,,True
381ae67af33c727731a342fbb822a13,E02291,,True
37f3f157e5d39679f434275fc20f221,E01026,,True
3b9e269ac9aa2fd42d348f72641f0bf,E03045,,True
bc1qf716b1a06f29199b580ad0dc3a765a,E00157,,True
3378523b6ae2424e1dfdca88935e14c,E03214,,True
399bd4d4f784fb7db0045268ce87f2f,E01797,,True
1017755dfac679b786827f247e9f13f,E00245,,True
bc1q3c1ff1092099778f70c4f327c78900,E00245,,True
143ce2916455819cd3dc01a73ddd9b6,E03312,,True
373da3f760beee30c31b7568113b25d,E02745,,True
35a1a84aa2cf8e470bfe09d71cefbf7,E07023,,True
351fd601b851443e875cb17b196a18e,E00157,,True
192f704213f2163547ff8a1dd6f2acd,E01277,,True
bc1qf2f9ad59debc39e171582b9ec78199,E05410,,True
bc1qd4f188e0a94cc2f0b79b3bc83e75a2,E01510,,True
1be317627c0fcee76f9c3ad96194fcc,E06100,,True
139192b370a461172910d4f5e72b532,E01435,,True
3504ddddc07973ee58d79940996e8e4,E03593,,True
112200b659c040333240f9d898c2b21,E06741,,True
3fef9d987253fe574dc79154e7abf3e,E03530,,True
309f6846f77cc548bb107defaa0a297,E06026,,True
bc1q9699e9319a009f72a353696de46fed,E03562,,True
bc1q45759158f64fc6a6474d713fef5a8a,E00157,,True
114f3ca7370af615fa2e24b3f20785a,E02497,,True
bc1q4840eef8ef7418739fe47079356bae,E03934,,True
bc1q02b7842964c8a0c19b84a6bf6b53e9,E03651,,True
32e2b2dfe62703765da4a24a0927a96,E02893,,True
34c5125b2b2785664fb831955705d78,E02475,,True
1937d47fe44492ff40f9b9c7bef1435,E05663,,True
15586f0a938b75ad6900b64563f2c36,E01708,,True
bc1q2490313ab7e47723d77f97294d6e96,E00376,,True
bc1q8e5a5e2ccc181e2e54ca5025e8c83d,E00376,,True
1471886893a9348035f2c0648ae3a47,E03506,,True
1122b4cf54bb47d2ac62e1ae87c6ca9,E05959,,True
35968e6ab6a36380ec4f3defa5e989a,E02694,,True
386d4ab805f08927c795dd973d12f3e,E04873,,True
3c0bdace8d9d2b446560d3a24fd8cde,E04672,,True
bc1q5474131f46786031f4d370c5d89a2b,E04021,,True
11fa5425074ac13fc0f94cdc2ebbaa2,E03458,,True
bc1qc92f47d8dbb2e95969a011c267e9e3,E01690,,True
3cefd12736cc67ee886818ea2307350,E06461,,True
bc1qc68859d111277c82cc30391719944c,E04155,,True
bc1q36f5e6a9df3155f848cd16f4d0d392,E06116,,True
bc1qb0a095b72d114fe5dd61ae0eff4129,E00063,,True
bc1q7b8dd12224d21c02c372f773c31f07,E00063,,True
1e7f70f2fb64e19f7a50ed988753928,E02947,,True
33e19cbd24995c78df07be1bf612d92,E05115,,True
3e0cf4343b05eca480cdc30d0a5a280,E01101,,True
345e49a512840267f5efb6bcdf40137,E07202,,True
33bd9b071127f4b2df805020653ee85,E02852,,True
39c5149b12ba56f0eafeab1c0e89f20,E05914,,True
bc1qb3099eb0ac0677d60f8680a124fdb2,E00471,,True
17cf58d759d360a239ec1a50916047b,E00155,,True
1ad65d2039e9816c000fae6236959aa,E00155,,True
34a027e90dc33eb65a079a055fd6b13,E04067,,True
1a0e5f669be9ddea4ab86aa724bc895,E02555,,True
bc1q884906539d5223c48d276cacae8af8,E04757,,True
bc1q31648210a0e2600fbd6062ab6d9aa8,E00451,,True
bc1q157ef944424098ba9cee3d25c37945,E04577,,True
1f6d4be4987bf32bb672fd6c2c11f7f,E01790,,True
3129e77e9c3e53d5f6a731f1d1d931c,E05043,,True
3b340e3a3b9fb3d1e1efa474a0d7cd8,E02567,,True
bc1qd0035eb55ba184093180130e7e41b6,E05842,,True
bc1q2172a7c8f95b50e05ef84f05f991d7,E00348,,True
30f962d4b1be7749519fd53586126fe,E00348,,True
178caf03571d89e7cfe0a77bd660abc,E04162,,True
119279bce2cf16bf3fd9e327b1463c9,E01258,,True
bc1qdb491cb0c3bc629100b08e77ea26f0,E05317,,True
bc1q05a533c93670a9cb572bb6d5e31909,E02486,,True
bc1q47a908409238d63ad334a6edd7c801,E05194,,True
bc1q2f4cfef79828a2cd9e84ec90e9e294,E02841,,True
1696785304630085fa720128c57a277,E05574,,True
3b1aa8ccf40dcad18cd4403ccdb9738,E02747,,True
18556a970c6a60ae911e763ebed2968,E02707,,True
112b117fd6c47e32abc4b2fb0a6e457,E05331,,True
bc1q9a047a70cbcb4d04b6ea767c9a4bfe,E01575,,True
34a10ff9b99f0127a09071cb4bdfeed,E00285,,True
17e85f6f17e993d84cda1d23c32f2ee,E00285,,True
1f4f48f0351d8007d91dbcc6a959ce2,E01191,,True
101a32ddf529f76578ffedb7f7a3e66,E00063,,True
1dbd1e99ca32e67670d0f860679e27f,E04538,,True
1e4935cfddd0dbc9bf1660a2d975d12,E01192,,True
3645b219321aef18defc2cd44ff00ca,E00063,,True
bc1qfdc094b921643e27ff70a8f3d95893,E00910,,True
bc1q5f0b51856638c8a173e27437fc511b,E03006,,True
1751514cd01ab44228280207460aba0,E04734,,True
3e352a5756e5e885e2449cf0773dbd3,E05824,,True
1f20c47cc5fca33d1e6a553f1b20a7e,E00103,,True
33f26a888b32fcff1bd9ff2e5bac1f4,E00103,,True
1cbc125e66b0cc76a9e405441463908,E04811,,True
1d50a1fb84f38e3f285090c7bea928c,E07219,,True
bc1qff6f26e245932771224f95e11b2f5a,E03728,,True
16b31f6d1b258ff077cdedb65f8cdbd,E05845,,True
bc1qa4ba1ef195dc4c2ce9b6cb2d12831f,E01019,,True
3c26f98e94adb54f8b7e94a4b119ac2,E03229,,True
bc1q4826988353a058de7fd6fa02db6c2d,E02959,,True
bc1qd150195c21018df075c7e4e4189aaf,E04816,,True
bc1q001b48ac33479fbfbe76839fc7d097,E00945,,True
15b7faaf30226bde1990278e12587f7,E02184,,True
37c28595cf46fb8cd0bf30fb19a9cbc,E06676,,True
18ff87449cf1e859daccac2545d03f7,E00173,,True
3ee4e2f8de1421a1901423256f1ba69,E02092,,True
19037d2d35594550babd139480ce69d,E05174,,True
384f70be2b345eaeb70833a28d3a709,E03327,,True
bc1qe375cb0cfea4f286f7ec73722f13ff,E03974,,True
39d149062ca8797c059d86eee2b9186,E05729,,True
3c686e28a8864c7e29de722956b212f,E01805,,True
19a73cd4f05495e7832b59c25bc99ae,E01981,,True
141db940410053f9610d31d70cd4960,E04762,,True
bc1qe498038740e197e7bb614ec583843a,E00292,,True
bc1q0b61f8f8544b7f545be26036cd10ca,E00292,,True
1c2eef2d0f16f10cb36df00f72002f2,E00417,,True
3f546aaf61d39e3358f4c9cdc7894ba,E00417,,True
bc1qc4d47f3098f4d6e37d006277de71e0,E02007,,True
39dd40332bd1ee7d7dff33b4ba365fe,E07221,,True
bc1qee4b324575d8e69cdefaa46d367f71,E06687,,True
317d0d0e63ab8e8e6e723a208c031d7,E01478,,True
3d768426aed5760d75b6911f805d526,E04339,,True
bc1q4f168d4ffb96db657db5bf3b48557e,E04299,,True
1c2dd7331094e458fd8d8863363a9d8,E06710,,True
31335d034fa4d14f7bf688aaf5ff501,E04489,,True
3bb66dad4ea6d806ce136ea7319ce35,E03087,,True
1b9560b1762c86f00a49e53f4737cac,E01104,,True
bc1q258ce9c76892ba4b7ea28d264af6f3,E04264,,True
35702c0d25b15085c9fd48dd2c5ab6b,E06509,,True
1ac2d49cb96d07603f51f2b05d2f243,E00173,,True
bc1qd4b323056cef4fdea8c95b6d150720,E06764,,True
bc1q90f6817b70df10b4df649a95395f76,E04624,,True
bc1qa328887add3fb96bd36444bc495feb,E04307,,True
1661d5c27b238ed4e6aa7768bb6a85b,E05673,,True
3225d3ba2e3bca4d4b07d7e4fa0b716,E00410,,True
317e50bfd78645153254d59d6b9ad4a,E01679,,True
bc1qfbe49917d47a400f8e92e87947d846,E01433,,True
bc1q71603b6ed06ef9bc15c81e0fa88502,E02247,,True
31155362914349c669a433f75f93c70,E04037,,True
15b9df4506f6bc0ee6f5a9cf4460236,E06722,,True
bc1q15d12080ffaee8a727902bf563f9c0,E05779,,True
3f10d6f438bbc0394bbc2d136b6d95f,E04656,,True
181f15c38e609a624401bef1450dd17,E03239,,True
1ee6d64dd84e56ccb100e5927fdd5ff,E03541,,True
15d4ca120ee37829b23c9b96a4fc1e0,E02510,,True
bc1q394cfd9df3fdd897bca4925221febc,E02651,,True
17b909eadf6551825c437d47da65190,E06231,,True
1741c3c3eade9ecbf17d94ff05fa9e7,E05161,,True
3b8387dff625492276a62bf76b4ee26,E03401,,True
3bea901c487d1c6f84f75cda0407009,E01021,,True
17e2c7aaddc96fc8446a3c7bf4e687e,E04147,,True
bc1q7c668bec3c10a507456bbfbc9af552,E02125,,True
bc1q36d1ded9cd7c20e080ec7094c2d6be,E01661,,True
bc1q5f02213ba6dc936ea229ad435d708f,E00064,,True
3cc404f8830dd781abb918cbbd86378,E00064,,True
bc1q8ffb99a36a8cbdd003867bca9e1c3a,E03030,,True
3ae087b8d37ce72819a503347b76350,E07149,,True
bc1qd8485a531c8812ff31950afdd084a1,E04874,,True
159442824a81aa98fabcdb8c01f2c03,E00119,,True
387f83173e85d9134addb44ecdc166d,E06808,,True
bc1qba64cecea5f733036a053e8e68169c,E00155,,True
bc1q617fa0d32de00c6b51227c7ceed21a,E05891,,True
bc1q1c9949e90901d1556a5ea2546a6f3b,E00410,,True
387d1f2f9f77e67828f1f4af5ecc8ec,E00173,,True
bc1qde0824ec736a754d19dbfb2f538aae,E07338,,True
bc1qf386116dfc81776a0c574f5f8f9ddc,E06331,,True
167053dce57543d687e9ec39e868d36,E00831,,True
33db51eb02aa36733e7754860776e15,E05199,,True
31a47046fd22e3d74e0b03c5cd2abe0,E00122,,True
bc1q7bb286ebc527696d8a79c9a008a78a,E00122,,True
3fa3bc9c4844743cc8ba7603e3a0dfc,E01420,,True
bc1q12cb834edbb0cb4a337f1b91cd3af7,E00999,,True
35540475cb9635c75f73b073a4962d1,E05169,,True
bc1qe0b6d0341645df1883b28dcf54f778,E05356,,True
3330cc0a156bb5eabf1e9a668d24a7c,E07329,,True
bc1q893e2d8509c3a2214b1e1c4b403399,E03526,,True
17d7771a948ec667a59697d93f040c7,E00141,,True
bc1q5af42d45fd83f40315fa19065b36aa,E05826,,True
1696f984145fd236e3de4eb91977238,E01397,,True
19c211b92c6b4256016a4c24454e7f1,E01812,,True
14d515beb91d7bc42e1feb9e49dda44,E00141,,True
bc1q6f91a7905c3fd92c5d849c4f8c61b9,E00141,,True
bc1qfea9c6db59ba4341a03734baf362fb,E04137,,True
344ed3d4ea8599e74406c5f72bfa693,E02824,,True
3a37d295dba2337c3c272483af6527f,E06356,,True
3ca517a3d9bdea58e4154cc561da77b,E06069,,True
3f6a3149f5b4f6a5b0ba4805a6acdf8,E00990,,True
344e0575550f4eaa86bf8b517ccb76c,E00268,,True
bc1q18250611997084230b54900d536045,E00268,,True
bc1q7a1b2be432f23e1b59200c0106c378,E01912,,True
bc1q6913ed7f5c62cc6e6c4c646f5621b1,E04322,,True
bc1q4393629a06055bf0cdba2741650e8a,E02854,,True
139649bea5d736a6a0b0c6ff7d665e4,E00997,,True
1bfcc1b50cea9b75054e42983fffeb5,E02711,,True
bc1qe25d212cdd00e9f1d4447aab21eae9,E00361,,True
bc1qb70442e9f789f5d4d46452d75b06fb,E00361,,True
bc1q77ab938839bed668820e34330d27ee,E00141,,True
3458fa8c3dab31b8a90517c05e5120a,E01425,,True
13f58ee3325da6074a401316a6d7c9d,E00272,,True
1dce26a422378adab7dd70328edb2f8,E02163,,True
bc1qef4b214271534a5c9f63804dce8015,E04790,,True
3183da4d853dd9edf21e0fd695b61c6,E03467,,True
391ca785cfb8db2fc7f4868d6344089,E06408,,True
bc1qea4be161f85138b03f3b1634271647,E07223,,True
17f2146297011cda352e8c675e3863e,E03174,,True
bc1q3d18d4f63d3d6616ba37dc0e04533e,E03117,,True
3e7171c0228da311a2e6e37cafe77fe,E03460,,True
1d884237613ef447a88f16259f8068e,E02306,,True
3f60cf0def0ef3af2868019e85e74bd,E04994,,True
1324ba469a94cf819533dd10e7ec76b,E03342,,True
152072f2319a364cadbedcc44cd1693,E00272,,True
1a27e6d743c9ec3a020c134fc5eb319,E01975,,True
11949a4f7062f385ab758e77a6c2d92,E06031,,True
36b420a5edbde197ad15cae976eb8dc,E06745,,True
3699dbaa9b91791054f0c2f77a5703e,E06689,,True
13a42877e3f1d45555b9d6088510075,E02192,,True
3f7b5b059c1d16c1fdb563af35757c5,E05962,,True
16fb0ad24e071eba94dcfda368588e1,E04360,,True
1064fd5efacf8e03ce3e2e8f7185003,E01218,,True
bc1qf08fec8e525adc51f8deb6340407f4,E00520,,True
3a6b49f8d85bcdd2203806af8cf7ba1,E00272,,True
1d847fc5a6f96f30c41353cedbdac59,E02068,,True
1db2d3aae4598bb331f06691785274c,E05258,,True
346f59135c5e13a7bb36bb7e544701e,E02099,,True
bc1q267cb791c6485467a9cca943d10cf2,E00444,,True
bc1qc524a1a6bbb51c85d8acf312a7186c,E00444,,True
1c0d9de15aa41abc7575e964e8da940,E06971,,True
322021fb3fce44c942a9c097b3299df,E05510,,True
bc1q337cee282767c0ca85a82c817ed3f4,E01726,,True
19e4855dcb01fcdf2e0a882ce633c1f,E02126,,True
18020182b267d9a57c168fb7982b4a4,E03381,,True
3fa999591eaac6c8cab86940024da9c,E01898,,True
1d07b778a17d00a548b525aae6af388,E05139,,True
3b77946d2e9183f2fdd0cf8b9a5358f,E06489,,True
1d65500ce521176166e46aefed01fca,E02937,,True
1900504e4ca37e3c801be4caa92e1d3,E02014,,True
bc1q5ce09126dcf095be621d8c265a904c,E05696,,True
1c5e3f541ddd5176192023b91426c7d,E01468,,True
bc1q33ac4d6f861df9fec816165547fa9d,E02828,,True
1e837572c1f9ff7c169ca9ea6e41ad6,E01702,,True
358369842b533d237c406b930a7b7c9,E03203,,True
342b226818afc47a7f2ca5f694809f0,E05974,,True
bc1qd5f94e4bf32f9e55690fd9551b7d79,E00032,,True
1021395779a6bcb40b74b1447ad50b9,E01454,,True
bc1qeb9f5b6361e017e0511c9fa305459a,E00032,,True
19dfaa34a334b34be96ea2b41038b33,E04475,,True
1680c5409c6e178c2778d4b4bd30a90,E03255,,True
198a494670a12c8b87276f0d26fdb7e,E01137,,True
3e6533f0c8596f91dfe626149a28d93,E03020,,True
147cfb96bf0c93267face537a829f0b,E00032,,True
398f9caf6062220a9d0ff78f22f7c79,E02764,,True
316a55b1a8b2e4595517152f0609f3e,E02369,,True
bc1q43c527fbc02c385e55bd482b36b6f5,E07187,,True
1b610eee2e13d7e095117d325de5788,E00963,,True
32370bdb46033bc118c405fc0542a13,E00032,,True
bc1qe53ab0c49704c9f8996e8216baade9,E00328,,True
3d94254c6cba6ce7b99b665f0254b50,E02644,,True
bc1qcd39dfd91df99f8f7e3421bf3c9626,E04631,,True
bc1qf256a1bc4332f7e7cd88d54f3b4f67,E06107,,True
13c1af92346e0de5b31b4aefa58a776,E05792,,True
3b987df27916eb68c5e03ab81b85235,E03571,,True
bc1qd575ddb2b2a26eb730840b01477d87,E03661,,True
141fdbebd2ac66f2139a23612ca1242,E01933,,True
10e0efac96d342b78b27cf18779b0e6,E06270,,True
1349ded9b4e3931659ba8b372329df4,E06892,,True
176fe042630e6b007ffbb9249019e00,E06309,,True
bc1qb877e5ca721d869be943d2402bbca0,E01458,,True
130a4c397a85adf25894a0e9b40b16c,E03212,,True
1c9fd1dc61239eb2b2e5d977b9d6bec,E02570,,True
bc1qad91fc5afdb4494ce90702724c4244,E04278,,True
bc1q043fe7589d98cf5978040c3aac81b3,E04219,,True
bc1q6e087fcabefcd2a6a39f44d67c9728,E02189,,True
14c28399765ee09d0fba467c0881068,E01874,,True
1447bac09113d30bdab4703d5c4b429,E05303,,True
bc1q350b08697c474e7d99e688cce2f041,E05125,,True
116d67bf6dd9315d015fc0d020a5783,E03100,,True
1511ccd06455309f63e8dde2b395a13,E03336,,True
1ea1b5c43cfdd44475dd3f7ef938192,E06393,,True
bc1q93ecfeb2fc677fa3ab26a2abcd46bf,E06855,,True
bc1qe3f2947702b97521adcd234742771e,E06825,,True
bc1q697793c78e8f5488ac10f87af7a030,E03765,,True
11d816bac27ff6fcf3c93435e9ea3bc,E06917,,True
38a8aeeaac4b9cc07673662f13e015e,E03001,,True
bc1q463de7262491afd0728b7cdcf04af3,E03684,,True
3c5156b7b3dd62d291091a112abd47e,E01351,,True
bc1q2edc6a0212feeb80706b5f38c4244e,E01588,,True
1090a8734933afbb1bf753a248f945f,E06647,,True
3224fc4cdb6e5b5c085ac158c90bb4d,E02809,,True
bc1q6a4ac7cdeb1853c6c39baf39497ccd,E01547,,True
bc1qcc9e3cc8729915cf2889d84485126b,E04051,,True
124bebc6ce4f5d262c5a437049aefb3,E02998,,True
130736d923306117041d1cb2ed009b4,E05961,,True
1579b377adefe9170bc5f4a2af0408d,E06289,,True
182464010de327dbad4c3a195a1f735,E04638,,True
14d6faabab6742f88daaf92ae466ccb,E00032,,True
1488fed2404c66d49869729e19d4f0a,E04310,,True
37918cd4d1fd9aa8232af1926600aa9,E01636,,True
143285e32c9692c946034aaacb3b7fc,E02134,,True
bc1qce715e9f101e0a902b2fb8659b9232,E04074,,True
16e00c94a195dabc364df5f44b654a5,E03565,,True
395c85f7a85ade7fd942546be07c532,E02533,,True
bc1qe82eb21eed4c6eb4f24dd126ee3f02,E03905,,True
11ede1aae7e92916d06d56b6c8fdd7b,E04099,,True
1420687f21109380077293207b16dcd,E03005,,True
1f4951f7622fc7705cc66ee8ed0edae,E05359,,True
37fc666fbdb57b32b1e3174829b72ca,E06242,,True
124a0fffc33e6328c6f36d7a9c5235f,E01204,,True
325f237eefd12998ab7fa2037c1198a,E03989,,True
3ecf3c686f7341e0e7d80fd0f988cd3,E07289,,True
1f8c4391866bd915ac87adb8c4eccd1,E02631,,True
3ba1b39aba9ed765d64cc9dbe078e3c,E02539,,True
bc1q22a5cb80e43ce9f083cbaa1bc99021,E00032,,True
39b38b0f67deff581bf53629ea7a665,E06959,,True
35eddd14c3b6902318779a11f33e33d,E02223,,True
bc1q3854ef35864c624a98c3d637d3a017,E04435,,True
bc1qc00245475fbdecbf30d4f7de4b02fb,E02435,,True
10087d38d2c46dc3d93624caf526530,E06011,,True
178e3de7ae5f596105cef2f38555d4c,E03415,,True
bc1qeaa093dd57e54289284abc3cc5b7b4,E05681,,True
1d626270fd4450fe5202b36b1fc0880,E04551,,True
351354b58bd021bcb5ee3445a070ad5,E07102,,True
bc1q789bc0e2ae9aae8a70780256f2594f,E02830,,True
bc1q1ca86b9153e00346f58aa63ad7e670,E05075,,True
bc1q7d76174946439766df0ddd14b65cde,E06493,,True
3ac70d33d96ce1a52b2445520d377ac,E05662,,True
1f15761dd40f619722dfd1a6c7faeb5,E05170,,True
bc1q282239471868142dc3369ba28a6fea,E01366,,True
16805562e696c3f673bbc2e84ce5aff,E03242,,True
bc1qe75a8e2f9c95b0d0a8368d8c8a776a,E03781,,True
156a0b8d1792ee0bc731d478ad8c568,E01832,,True
bc1q6e8fc594d853e3a1b3242173b35d4d,E06260,,True
1bca305921424e3ffe1d65adaffe5fa,E05126,,True
148ee440b4011c11c5e230f1ccf547c,E01311,,True
bc1q31e6a6c53f4f7e96b6a287ac00f929,E01503,,True
bc1q481036c6b1798d592cef590b77db92,E06136,,True
bc1qcd1550d78a4011748adf61c930f724,E04231,,True
1b01210de26819477177df674600844,E00875,,True
bc1qc08d55b9e89990769eb31c26830a4c,E03629,,True
bc1q34c3330f7ae27f28314f3da517c74a,E04601,,True
136107eb8033157c74fba7859669b9f,E05394,,True
301cd7846995228a98dbce5c95ba826,E02465,,True
300d2d5f813ddba43c5d1215a4594cf,E05633,,True
1df0d7ebc3cb47c4f8dc407c794bd8a,E03688,,True
bc1q155df79dd7f57feb58c93862305320,E01141,,True
bc1q5ee839bdcc0eeb5c43d8ebbe587107,E03764,,True
176d8cbbfa93b6eab987d9353bd8128,E00931,,True
38c65d01521e8251177fdd5761b7e11,E02896,,True
bc1q0ed70a5a5da791ebf42bfa42f09374,E03564,,True
bc1q619c4af5d68c8f299ccd734295f5c9,E00388,,True
33cfc70ecb697a2fe1be3e9bee1dc65,E00388,,True
14cf2fdec1f5d972a983090831fd302,E04065,,True
3b7e116fe84f0fe2289767172349df0,E01243,,True
bc1qf7506cddd0bcc0eabb42d6a81ce995,E03825,,True
317b77a5498fbc0682ed3bec5897cd2,E06200,,True
bc1q7f875573b7c1bbe7f26c47dc0f891c,E05568,,True
103759fd5dcc900e76c6fafef3e9628,E04058,,True
1ce4a730cbb5bb93a795543c34052fa,E02156,,True
32a3af591a87c1f3037b2a5aa475d40,E00015,,True
1604f3cedb9b28287308a951128c95c,E05130,,True
144e01319fc9448c5d899df113ff40f,E00306,,True
17668d5c7706e6d1fc775eb88b12a44,E00306,,True
39f04fd133727c0c533fd1e3f532270,E03995,,True
bc1qf4836df1337e7d8a73483e26ecd1dc,E04943,,True
13eb0594e6fc9d441bff5b9746cff4e,E06028,,True
354d5a1ce2c1dada6e7e684e7e6fa6d,E04563,,True
31d0fc80f337fe5f93268efda7f6f61,E06573,,True
1dfc512698a76d1395fe6182467b65d,E03263,,True
bc1q87601ff93c21ffe3817499bbce52e9,E05601,,True
bc1q444522988e6e9964304c81237fe98b,E01320,,True
bc1q297eb311e3d17570ad20702ca0ed97,E06654,,True
1e6acb1aaae32223f19ed0f54c39b6d,E02889,,True
106bae1818b2792692f45de90929918,E06527,,True
3510b101e489b57391afe5b87fb2d2f,E02692,,True
1ddd12a964024e5866b09a14a26ef83,E02525,,True
18a608e34460c611bf1b7e117f13397,E05176,,True
165aae424b0e0ba904c6eaa70bb727a,E01219,,True
bc1qb8511a6deba9c5b087634e19f68b3e,E07186,,True
14f23674baa157fc29f6f724626d0b5,E06979,,True
3c6227c08fd78612c031d3545913a29,E05849,,True
bc1q0b021271ba0cf3fe73a294f2869358,E00441,,True
3693605101197b44139b191249a4ec1,E00441,,True
bc1q1dcc418141bcdfaa500a5a903d98f8,E05218,,True
bc1q0359728bc1a687a4ebeb0ebdfb37de,E03816,,True
1bc5d610e0f27045265072a16e5b746,E01548,,True
3973a9b1fcf1c055133c1798cc93a5a,E01969,,True
390873b45ede6802af3296b1570fc6d,E05886,,True
30f3a15113ae4d4ecabecaa64c6444f,E03156,,True
3fcce40573e4de4d96231e80161f5b2,E05289,,True
bc1q2c188203ad702e216aebcfa616dde4,E01193,,True
bc1qd2f07881fe7a3d3137f8fb5c3269ec,E06571,,True
16874ef6cce4d29562a37f9640400be,E05158,,True
19a04223c5ed00ecabfe4eca1d5df33,E03568,,True
bc1qa13ab57e8bdab5bd7aff9337bcfcdf,E01418,,True
bc1qed8707da36a2b6ff0614bbb85a74cd,E04217,,True
313fea0cdf977d53d4562edf6983ce3,E00548,,True
1875579ca1867a67413f7881ba704fc,E01637,,True
1681f950d93d08b7842cbc6a0011ba6,E02002,,True
bc1q197dddcb107e2475d7a9d9acc3a9ae,E06645,,True
3ea8b6d88a66f332b9eebab64d72967,E04585,,True
1c7ee16effb89b57565e38f3d04dd10,E03921,,True
3d9719ee4ad5e9bfedd22d9226cbc6a,E02477,,True
3112fc3b8a7417eeaed87d90614f005,E06177,,True
309e6762c325c951b99b85aad9f8393,E03912,,True
1f71ba396fcde4a453e39b99c2a5dc3,E03973,,True
bc1q3f24badf629d0cbc7637a06d98a416,E03919,,True
bc1q38bed06b3d637b58b1930fa05ec760,E01541,,True
1167cc875f7fc05a265fe63f70c1a6c,E01584,,True
377a767de81b3edb77b13350e4dbfb2,E04505,,True
bc1qab60f04a139b7b0aa6146c66903a8e,E00015,,True
191cb101bbe8d0a8f49d38d04d59ec7,E02208,,True
14700cd11fdde63d8e0713b0a813e88,E02394,,True
3cb7ba8346da7a805584e099f991fb3,E03567,,True
12d65275a968960c6bdce4309025afd,E01972,,True
19d72a14acb8a9a0f3b42257f080c92,E05590,,True
349d93a277e0fbc6acff20fd707cb6d,E02406,,True
11766177ffab493285eed0a3fac4317,E05005,,True
bc1qf83b18ee4c1b1856a2d49d9e5f8273,E03192,,True
bc1q538ef519d56bd50c7b722eaed2cd14,E01601,,True
38add069ccce19ff2335074b2b3bb39,E06623,,True
14e68145ba62f73e9c41f0d2fe68a52,E05277,,True
bc1q448bfa54550f9486e1d4b3dc695efe,E00215,,True
3106277fdb536ada9da5dd755370e6d,E05649,,True
1b4e1e1023f1ada2336ff67d1116728,E00861,,True
bc1q9ba0f6afcd57d7c88ac8b7c57d828e,E04471,,True
136c8ce3bac35599b5cc4c9e457f15f,E05092,,True
3988cb69db06afb91e2e728db6254c8,E01157,,True
1896f07fabbd975e7893317c2afaa5f,E00321,,True
bc1q51632b2d47cb5af7b96b0d4dbb5559,E01347,,True
1cc3c33fb3cd9c8ebcfa81a61f3b780,E04336,,True
190b36f8b4c4dd1953b8035e6a986f2,E02375,,True
147d3550381382b90aa6d1302753ac5,E01352,,True
34d3d22d72d688212a94f75d2433439,E01907,,True
bc1q1c011cc3aa59efe5bbffb9e2c07b0f,E04202,,True
bc1qc8a534db4edee94a5dd8e85cae5ec9,E00299,,True
3c6fba23c2549265520be1faac396da,E01767,,True
bc1qf800dfce76a36516bf9177b142282f,E05209,,True
bc1q99b3516f2ae2fd838edbe4da2a4996,E00176,,True
31006e063a84422e29eae63e8475ebd,E03556,,True
bc1q227791f1c18283fb600d05dd6731cb,E02904,,True
bc1qb9dde52e1bb0b97b77cf5557112a65,E05469,,True
1463667ba93503c1c9db1c4ccab32dd,E05837,,True
16f05dcb84c8ce6dedc71d28eaa683b,E01167,,True
181f25a7f20f661091d16431aa3c18e,E03469,,True
1e8136e9f1a7077f82ccd42a9ef5319,E03120,,True
1c8a9c9ee14bf86035c13fddb1e616d,E04894,,True
bc1q6d0f74a174a7856f2190cb2fb50401,E00539,,True
1f92857577c9717836a58870a5a2698,E03592,,True
bc1q29aa9327ce58e84d9d045eabb08a67,E01940,,True
bc1qdb6ba7f01a823d76aac3ef4560e2e8,E01216,,True
1308995befc31958723280b9a663d0a,E02971,,True
1b1ec2d92ead94d6a194a0bab952f44,E00897,,True
1debd7b51b8181f66b94d32fee673d7,E04072,,True
1c016213807ef3a1cd4aa85613c826a,E01555,,True
bc1q457538812ded7e45e0dd8e3c0d541a,E06653,,True
17d3fb853e39b1a809a794cfa3d5527,E00298,,True
3110a1572d932a41583367e9d6d37c7,E00298,,True
1d2bbf005f03d74e2a7eeada6f2a3a9,E05625,,True
34ea0cbabc68d570ebc632ebab228cc,E04655,,True
3bb8556b9f9dfbcd9b0453945499916,E00182,,True
1a248b168711af7fa7301c923e644a7,E00182,,True
14c6213387ce5fbfd1144614b80a6b7,E01573,,True
1c8e4e07d86bcbb7416be41a30c5fdf,E06667,,True
bc1q059c7b0cbf1aae2938db110b96c020,E02816,,True
1eff59519a2205c5a7aea760bc4e069,E05205,,True
bc1qa5cf3432be7b1f73470176d2eb9dc9,E04812,,True
bc1qa271a07a7bd4961f05912806a2e7d0,E00215,,True
bc1qa04bb1d093825b0db2135cb8e2ab19,E00215,,True
bc1qec4f3191aa28546ae068f85ad81d56,E05831,,True
bc1qe1b770bbb7b790d198f66fba375947,E06041,,True
106e9eaff9b0e4de09d548f871a016e,E05026,,True
3d59f2b79a8832f60971a15c80682d3,E00905,,True
bc1qc30f3c21ffcf729b0fcaa7d56c478f,E05147,,True
17d4d2bb8c0ca16f2cb1572772b1ed9,E01318,,True
bc1q67cbf083af867187edf6b7c52a05a4,E01120,,True
307a0eaf81509918e9f69f80cd6d356,E01494,,True
3fa8952be793a1f84d53993bd8980b7,E03843,,True
1daec4fa29c03dbbc14c1e596920f46,E05976,,True
bc1q6ecb0d488635a51a8db16a96ab5b24,E06354,,True
34282b66986305a5da3f9cf4ed0730d,E01658,,True
bc1qa06620abad9a7ef862109e311381e9,E07154,,True
bc1q9a87a88ab41c5bcba4c9384ac7b72f,E03649,,True
1db2f42015e597da42777649b29b1b5,E02964,,True
bc1q6cae95efbb1bbca7c17332fbaa431a,E00176,,True
1cb972b6a06866fbcf2034c251863eb,E00176,,True
308f9224f73fa931114b3c0d8a886d7,E05365,,True
1c2c6041a1b8f316606ce7d9067daca,E00859,,True
3511dfbbcfcef81b6df4dad99315c35,E00966,,True
37e32ff69b333997de3c3afe749e187,E01709,,True
1db9715a89e4fa6ae2bcab8551fe4f7,E04036,,True
1c275ad432163148f6de5ab0f10ca9f,E06949,,True
bc1qd909499bdd3d7a6d53628b49851b79,E05333,,True
30e1c0db2eb3819af1e0ecdc555f30a,E07341,,True
39afe0820d882e46b8d864280210c15,E05506,,True
bc1qb7cb15b0236cf8973f997da753d1de,E06739,,True
315986e104299a805246b4cd9647ef4,E00418,,True
bc1q093fbea024f779d5eabe9a64346e31,E00301,,True
3c115909255bb412bc11bf74675ef60,E00301,,True
199c93aa4a408f5a95c7f2566c8b707,E03939,,True
3a4a769ca85b6e042d7c266328ddd5a,E03722,,True
bc1q908d842b4d8b6b5bc49f3f9ec260ce,E03155,,True
3f15907196baf6ba4273fc2f62fca99,E00169,,True
16a7298f4998f1e0b096487565c9f6a,E00169,,True
14a01d787848ab00f72cd6410a7c256,E05821,,True
12d4f8cb922183f64df935c3b2afaf6,E03144,,True
361e11c558d40251c23ab67db4c4ff9,E05652,,True
3af548f8db68b53b7945f1778d10ac2,E04265,,True
1ebef7589ae9834a3d9653a5278faea,E00136,,True
3eb3e599ffc7aeeb1aedf9c4ef5f7fb,E06945,,True
371881c50f624ba2271f4856cccbb4d,E00131,,True
122ed1e45d0738228cbb7ca33b5a667,E02155,,True
170f8f0ff19d2a8c6f656e7bf9765b1,E03860,,True
1c058ec5555c133c7b30b4171bfad6c,E04130,,True
bc1qe7fe3b8dc0fa92b71ed6ef7f2f681e,E00136,,True
bc1q84f244759240e685fd2547ec58211d,E05600,,True
bc1qe885747299cda1555fd2451395217d,E05455,,True
18723bbecf642ad1b9483f95e61c2f1,E07056,,True
3d1f7f2f3829aeaa8b3a9b77c690851,E01884,,True
10108a86aefcbd77ae1102de338acaa,E00418,,True
bc1q1d39d67cf68ab29dee88cdac4a96af,E06157,,True
10ab7ffd6cdc8bb463dc2666969f68b,E04946,,True
18b8a7109ccdf05745f44334743968f,E00404,,True
1a3e5382540647b784fcb14f2d31a65,E00404,,True
1447a4e8e990457e0b1d762c524f047,E05238,,True
bc1q1bddfe496e186a93350c77c5991a45,E05546,,True
1d49464a22966c4ca39d65a991f2102,E05316,,True
356ca8aab738d8b77b6b01bed120bde,E06578,,True
3ac01e5b1fe69b80936312c636dfeba,E03534,,True
14c2046e2aad03cd1d6e0a19ac979f4,E00131,,True
bc1qbbf89294fc14f015644bb6728f9d2c,E00131,,True
18022589796e4a8b4713cae25b104f8,E06003,,True
113c3eeb273ec0fd85dea706d40a1ca,E07303,,True
1200f7fa2f1a2341ee1408659dd6bf4,E06413,,True
1c56443353202f872ca30342b8f7bed,E01356,,True
3b19c6ec1a24ba90bbe77baa0634a2e,E04922,,True
17c923c2488a33043995af3021e2689,E05465,,True
bc1q042a2f80e1be4dc4c608eb14eed987,E07150,,True
10003d0548a983a76f5a8aac355a42b,E06209,,True
bc1qd10665f78cdcd6821f4418a4bebbbb,E00321,,True
392a194d9a6b89c3734e0c57b9b8dc1,E01566,,True
3a708e6c64e5b198e25ec17fe1eb130,E05889,,True
3db0e09b6e3f5d325e591c82fff7405,E01346,,True
34fbebd147422d663f640772b2e4894,E01363,,True
1f986950cd82bbf2c7d27f7ba76a8e4,E06273,,True
3a36e28859ca44d0116e730ecfa2ce3,E02577,,True
32e9558b5ee7ca93b37f8fd9cb61e93,E03161,,True
388503e7e1b203488a5316f89eb56c1,E06500,,True
353ea4b792f873e11c8398acf10ecb5,E01035,,True
10ba4238e782cb8a559f300b3ec3680,E02807,,True
bc1q8abe8263be87e1d4aa2a664b89a1ac,E00169,,True
bc1q8fcb6dc5e3b1865e06573203d9f317,E02043,,True
35a9c91afd54d38f7f75f136ad1182f,E01142,,True
31eb738df27ecffe6c9221db726ad6a,E01784,,True
3289a5876ad57f16eec50cb00c85e9a,E06628,,True
309bcf9d76d2a5d2862172222d4584c,E06264,,True
3808271fa2e2d22ba8c3fbf4b5fbb7a,E05812,,True
1b5e17359f917b4b3e71c9b3569214a,E04556,,True
10e08ca8119f67cec17970baf1744a2,E06967,,True
1d2caec2bf4c784341b3f0e4430b2ea,E05242,,True
bc1q12399dbc03712fc2eb1ae1f5d33701,E00331,,True
1780025232757bb0c9cb5512f1b3d44,E02113,,True
12e7c391456c887ab29cf801e310f1a,E00390,,True
172f96ff828720d96d7ebbb282af7e6,E00502,,True
bc1qd57fc140f6bc21a54e70d377c864d2,E04552,,True
150f66cd7e7adb1b80b9db6b0b678d4,E02526,,True
3a81a1d129226f9f6e0a26e39bce100,E00198,,True
bc1qbb5e7e15741fb222345d6e5191e423,E05030,,True
1e972c6b6a20397db01333c794b0099,E05488,,True
34acdd887a2d227a35f7e9f069cfdf5,E02847,,True
1897529aa745d5d2e975604681d7c0d,E03972,,True
bc1qf5cb679ed4984c0a2102dc7e3c831e,E04466,,True
1f8922f1e70e34d6d087c55f72cc435,E00131,,True
1ec250f662d2cdeb801ee08e20f50fd,E02466,,True
bc1qa800b534614af49b84bacac9e69c34,E06521,,True
bc1q8051261f152152468d1b9490f29aaf,E06916,,True
3162218926eaf69bdc15eef6aac67f4,E00198,,True
10371ae31bdb481d7aa40800afc3e93,E00198,,True
bc1q0b299a05acdc63644ca2ad274c7898,E04484,,True
13db33f4bc274d8f5f25c929bed4400,E00806,,True
1d8c024a99e0f9b768eaf5851ddaa9d,E01197,,True
3d8d21e04a87855e83205ed1c8b4c80,E02127,,True
11d33807e3179ae5be2e81ba15dcc5e,E00372,,True
bc1qe32cd2f6cc2116ea88c0deb3b3990c,E00372,,True
36c6536c359b8528560ad5ee3cbaaf7,E06090,,True
37d0e01d6bcb21c454c0b79b59ba5a1,E01208,,True
1c83924d03bcbfcdca7e284f2307c22,E01456,,True
161d59b6dc501361d1080eedcf430dc,E02268,,True
3520b2848d0e602fa4ffba8c4376d89,E00888,,True
120d1960b8ce21f97289c5e0734a403,E04849,,True
1f7ffc0dbba8812ed632454376186d8,E00324,,True
bc1q2dcc6ef90999a500a289d052c8cb58,E00324,,True
34c0ffdb894b714677e193acd214d80,E04011,,True
bc1qe307b25d4033dbfe76d3e54fcf1b1c,E04935,,True
bc1q08a0c52cc97838bfb6362373bf1651,E01376,,True
3940eeb078c49731257027a352015fc,E01392,,True
1ebfbc9eefa4d760f67a174002394e2,E00223,,True
3d6e8aa403a423a990ddc7345f72e6c,E00223,,True
bc1qd7aa0f59f6864dffce50b36151bd93,E04427,,True
1c51e8de881d4ded5932f7343dab136,E05031,,True
18506d4c551b713f24bc2c0c5f8fded,E01419,,True
1bae16bffbdfd1f2f33cbde96b3ae97,E00355,,True
13ad7972165f10aa423fb5774023cc7,E04884,,True
345e45d0b89f5c669c84ef86580f2b8,E03107,,True
113dea88c6ab706cc6606e77c62f997,E02310,,True
14e4211638cee092794c9a49b1eeafc,E00122,,True
12c494d01b6d061bef361b51c46027e,E06361,,True
1be4163150a5643a8c1fb6439bdc3ed,E02011,,True
32af81d6f75fa40750f1f2642ab83bb,E03948,,True
3e3157b62f563b1e8cdea8a7710199d,E01484,,True
33d4605b154e2998a0b08741f48a077,E07087,,True
142cd9cb5a5d5463bde5e5881c8d03b,E02823,,True
bc1q490a594b0c0c537dacf0eec73fbace,E00185,,True
bc1q8d53c486b0a2c6b18887b28aad985f,E00185,,True
12bcd2da6ade006e011cc2b9f8048e2,E01307,,True
177a605971f0b98b5258a33df836b0e,E01253,,True
132371f93a971f484203c0c51f323e6,E03188,,True
159a31606d8b904999115c0a9a0f0c8,E06448,,True
30f92b3081df5b6e22481801d4ac6f9,E06213,,True
3dfcb5dfa923fdedf897a84b8e2c5e2,E03220,,True
bc1q672336379c5c04a37aa8614ef848b5,E03838,,True
16e090627c3dcef6b080716da000d27,E06951,,True
3f182cd82f552c89ae661499a6978cf,E01261,,True
bc1qd3338460434311deb9d1872071b3be,E04727,,True
12024b8b13eb0a477b01bfb2577e729,E01699,,True
1fd1de9ccd3629819f0b0226de58f3c,E02935,,True
bc1q7bb95bb1cb62d0868592d25fb68406,E04710,,True
31ff769877b4f5b432c9b31aa51ca71,E03334,,True
1333f112054e592101b3c72d61a4a69,E07017,,True
11f22311e2e5a03f422a50b0fecdd08,E05945,,True
bc1q565a23a939c251dc7e5ebd80eaa49f,E01048,,True
101f5454859e181ece2a489acb9731c,E05698,,True
37fc0db2ee3ac82754038e0141a0f65,E02149,,True
18fe77ca73f713fb1ceccba56e6e186,E04498,,True
37dc5014f5efe58d9665bc28cf20c90,E03386,,True
bc1qc23f24ec1aa530c0ff0bc4df449bff,E00351,,True
1462c2c33357b7eee59cad04357cf15,E05674,,True
bc1q867772ee7a6de6c66dfe25f31dde25,E01931,,True
33cf29a171a8b65e272d7ca7f176b55,E07310,,True
1cd7f90318beb4e8251afd9f41facd1,E01746,,True
306ce8d5ce545b3e36d080904d6ec56,E07342,,True
bc1q10116a8356ed6163fff4b5866a0c09,E00844,,True
14f69da77ec26b22c864b3e6fc7b32a,E05282,,True
3ec4ef4c528ecf1d5fd0aee29b4653c,E00357,,True
1b240865f3db4a182f2ec06711345e3,E00357,,True
3050edc32f1b64b93fafb25afe0f2b8,E03945,,True
346a8a0019123cec4451797ff43ed62,E06390,,True
16bdeefb6e12e779284bc3114793d08,E00185,,True
bc1q7d9cb3fc24d940df40600bc33d307b,E04509,,True
bc1qa94e44b6fa1753302626c3b73bed53,E01595,,True
3da6c0ebd337ce6033dc233a12d76bf,E05857,,True
bc1qffb294be8a02505a983c2b8bda7855,E06605,,True
3c6e4345e317e803d56400b22ff5a30,E04715,,True
399d8df1cd98e6b3a0d385982e86755,E00958,,True
bc1q6fb62267db5883660315844acf1169,E00855,,True
3fd031282503406276ce3a8000b03f1,E07156,,True
19bce0c697d4c42315f190d46c7669f,E00333,,True
3746f4358b06e0040c16f6fefb81576,E00333,,True
bc1q513fe5360c057585f5d6b3f42597f7,E02338,,True
11b97a472219544eea9c6ea555c2e34,E06770,,True
bc1qe90d99e92c5859d861f8888b2c99fd,E04166,,True
345db823f7e3e2da35a7f2f682209c1,E03103,,True
bc1q531c102c5c99d2343aa67ebd577957,E04190,,True
32036379d3f625728858b9cc9e40ef4,E00066,,True
bc1q7af41f7f5c6addc36677fd17e678cb,E00066,,True
1535cfb04fa2be0c4be200163bc1c09,E05056,,True
bc1qa4ed8735d9731d94b6ed00fd6e03f4,E05589,,True
318867b212f4f68017b868caf98eb89,E01974,,True
15cd56cc99a68bcb262a22a913e751e,E00136,,True
31668a2eb8abe03aaff43d07642faa5,E03115,,True
3ca2e691593191b2e4644fdcd529255,E01685,,True
3fd8c38817a44e17144b75d2edb9d1e,E03240,,True
3009ff76db03f7d703a87e77dc6a249,E04995,,True
1ce32e526f7f2198e30ff33fae48458,E04393,,True
329ee2949e3eb487147f758cdbe5548,E03491,,True
bc1q99b51bbce1dbc42ec2d7aee7e5239c,E03016,,True
bc1qdcb60a48a406ad4a28dce1b31feb5c,E05221,,True
12561a0ccabaa2ac81ad24fe11e825b,E07138,,True
3159b2b32dba0284823debeccade92e,E04243,,True
bc1qae9ff60b64fecc8d32cbcd1b84391a,E03872,,True
bc1qe96a4f4d520a99496e7a755a2c1548,E05871,,True
389f1cc40c12f43b577dd1b4df81539,E03172,,True
1e38bc6d8eb961483e9859f1d6a1c2a,E04805,,True
18d43633f2d195578f30ce351ef467b,E01833,,True
bc1q232a5c2933db775ed939547e05f554,E05955,,True
bc1q2621d43a54832c821ebcbbb22ec8a1,E07041,,True
1c5d280d9791ce313d8c83a6cbbcd70,E03326,,True
36476d210da64036af3a35836100ed5,E05760,,True
3137484bc8e93c5ef8ad8eb2c1b6038,E00241,,True
bc1qc1d78ebfbd8269320727ab24c9ec0e,E06606,,True
101d0840db8770cfc23322e63b1b181,E04618,,True
bc1qc0e6cce53859fe369d74966fd33a32,E04668,,True
187c1687b04dd4d77881fc88cff1e20,E03725,,True
bc1q81e4f8c3e57f5a58bf105885f839b6,E05348,,True
1b3e88614258378d2cb0fa828daa155,E01686,,True
1e1a998c441a8747af0c39325be2393,E00178,,True
18707021a68566e18665fb8bd6e9d59,E00178,,True
bc1q653a1b0e5519086bcb8339342abe11,E02226,,True
bc1q6d4f5255bc36e9c1c7592845db41c8,E05591,,True
371d1b4c7533a533df476ee560c5bd8,E05788,,True
3c2d424492d42018913714df0d7fff8,E06868,,True
3587a110ca0346f5a9a7bad5d0c5ce6,E05346,,True
3f3b96eb8adb547416dbb9eafcfbc2d,E06526,,True
1b7f95d0f012b2b1a19a5659c76b91e,E03902,,True
bc1qd601c61c9e05b4c73d4922923382ab,E06358,,True
13573ece5e86a7a93f825c280effb52,E04087,,True
1f1685d47d283915d13539c44ed4fd5,E01809,,True
3779ee36ded23f89d60cc7341b74316,E00256,,True
1e2e52a42ed70a113a8573a33a14d7e,E00459,,True
37f883612c53b80b5ea457ee7364a4d,E02249,,True
bc1q66756e0fe85fff2531f1d5eefbf9a5,E05012,,True
18156399b91286725c2af35e56c7c82,E03588,,True
38b39f6a872ed6565983ae6a1e5b3a5,E00390,,True
159640ff653e5731d9b8695e2c3c7b4,E04533,,True
382f791523c4649d7b37182d2b5f7a8,E04716,,True
bc1q7328aa61986dd5a5618057f9ef8ca1,E02643,,True
bc1q1cd6cfe228d8e4e964f172a9a9bd76,E03523,,True
bc1qdea6a32755d94289cfc27c5f5b787e,E02308,,True
bc1q142ed40a6099e4df524bb9da58b56e,E04574,,True
13634087e01daf489b833a8511eb664,E07145,,True
bc1q9f6c94f33efe2dad121c672856fd1d,E00442,,True
bc1q4ffd783fdbb81f5199802c30f07678,E04682,,True
390399184a2b426552b81619d59371c,E05040,,True
1a190a819e816199c3bca2611c28165,E01667,,True
bc1qb90258c926b7f1adc743407135adbc,E07192,,True
bc1q1117f8280d4e22982e2afd77fc562b,E07226,,True
1d39ca29e600f73285dc4a812a9d9cf,E03146,,True
bc1qa6083649e346bb4a67e86b67430aef,E01620,,True
bc1q005d53d8e30d8a28be1eae4a4941c3,E01202,,True
1ce2acb115dd0b8266311684861c734,E04095,,True
1690a7baf8d888d981170c1d8d2660e,E02225,,True
369b1d0e1c8bb56d3f1d4e1b7c45dd8,E02419,,True
3c3803b7dc42f12fe9bd0e1bca37653,E05513,,True
bc1qd91515779be6b88ca8c99cee18a0ce,E04953,,True
12b6688869523fe454751c5970621ba,E05919,,True
1d9da15bc2757192bb55ac9a5767e70,E00588,,True
38674329de1f9efb0376816181428f9,E02740,,True
1280c6bf4fa03edf6c9ff0f5d3a4089,E04458,,True
377ca66fb9769a97bade159e9b259ba,E06296,,True
1ed54fc5f2536d8e6ca93e239fae98d,E01025,,True
19af8570a8e7c7806a9b518fc7add93,E00299,,True
bc1qab7d08237868eaf7ff1530e27b7f00,E02589,,True
3057ae6fcbf0e8a2f765277a8232226,E00594,,True
105c2d3a9790968a34293218eb4e2b4,E05313,,True
bc1q0cf1cef604ab966b33f714dd388a74,E04309,,True
bc1q0f264f76dabfd25ba47d15fe02c8d5,E06634,,True
334ff00b6b7026d8019cce781f21460,E00056,,True
399a1a916d9aa91e4f96c657df37d45,E00056,,True
30a316929a9bbf0da8295a04b1b9280,E06076,,True
3930893300814d2cbb5ab50cca7fa3b,E00261,,True
13b3985eb466d07b23e357bc29f222e,E05255,,True
145cbf45ede07dddd7331b5a1305691,E03847,,True
bc1q6ca4c6ee060a2d580153b01496059f,E04648,,True
bc1q48a0d0686279e7876895c2f85c24c3,E03201,,True
3dd9d2e483edd69dc7abd161c153057,E04930,,True
bc1qce82100c3a6af0cad9bca9465f38ff,E02864,,True
bc1qf284466f6335bf6ecfaab47fc76f6a,E02928,,True
356f8adf5beee1ac8422488e73b63f3,E04730,,True
bc1qe7b035edc411c57f8b0f959f9426fa,E00064,,True
3180fbff8968107d1c620a8a56aa8be,E00064,,True
3ff8afa5a5a50713fff2063ad466df0,E02897,,True
39d0648f441df524b0670ba7600a94f,E00265,,True
350e36af2adf52b3105d7fd051b5d0c,E04773,,True
34eb45068ed0e6f102c637975998c78,E01339,,True
32a2287f6b078b252b8cc990cdf1163,E06418,,True
18e89ea37f1c35a939e51d2c165e304,E03269,,True
35a71508380d39722212e52d6e38103,E03086,,True
3e56353ce9fcfca197b6d176d74e738,E05912,,True
bc1q63ae9d527a3a82ff4fd05eb823b2b3,E03929,,True
bc1q0bc1058069ab57985d97cedb64ed4b,E06904,,True
bc1qd8cd79f9ff6d0b708292e7c14a81a5,E05937,,True
399b796feec16b8c8fa449224116f73,E01183,,True
bc1q7d3feb38f57074ebe1e6bd7698a6fe,E02231,,True
147a283bd670f2867279b4cf37b3885,E06094,,True
167474dd993373611e29315cac8d71a,E07304,,True
bc1q66f235902fc13baec792ace160352e,E03223,,True
bc1q47e18dc7dea6e439f0639923c285b8,E06759,,True
bc1q01d68deb2654f8133606a0b03cbb07,E02920,,True
1c4198c1a299aa721d8028757987c78,E02831,,True
bc1qbb88cf2944e059bafa34da69e8fe2a,E01359,,True
bc1qe1a258ce2d9e5c6a496d9654d114cf,E03959,,True
171b4d9b4a62f5005ead66018fe29b9,E04086,,True
19ad7ebbc773b0a7b8eb307be08c26d,E01393,,True
bc1q0010ef896137387371451b63e5680b,E00460,,True
bc1q10f5e0faf8b9ee0783413d05155c89,E06598,,True
36a1c472384aaabd82aabf3832e28f3,E01681,,True
1f6a0b98520a93870c25fe8b727d594,E03821,,True
195c0ab75d8556235faa0f97d127ea6,E03604,,True
1624d3460bc6cbc1987e6d09a7171aa,E07131,,True
bc1qdd94b141797153fba3805163c84474,E05215,,True
1a771428c2c4d559952d520ac57d630,E02769,,True
192451c1bfb3b3d0ee52f639caf8df1,E02493,,True
341f9bf86b5dd45d41a409331bf8a3c,E00512,,True
3bcef4000926d61368b7d6843c6b532,E01212,,True
bc1qec4d6c37abaaf864c46086919fa02e,E02647,,True
1d5bead2f898eaf67f75abf50f6581f,E05563,,True
39620be92ffa2ac289762af5748cb72,E00559,,True
166c0a8d1abc0ca0e8f67ab08718a97,E06700,,True
bc1qc920b57b0e4b6455dfc67e5071ccc1,E06313,,True
1a704f1b8d5df7ee5a09e42ad5009ec,E06326,,True
1c1fcc77eac5aa6ae3c0f817f73ab55,E01571,,True
303aefa764da24314faa0f5e61219b5,E06372,,True
34c9b90877477ad94a22b24c028286b,E03735,,True
3b8b11600f4dde246198513d2f4ba32,E03097,,True
19384953803753ab6b8c9383477e35b,E05431,,True
bc1qe5a54d862ee1e2cd0ea4abd5a1a859,E06364,,True
bc1qed966a4bc7a841a125a169cd2abc87,E06355,,True
38c5e1609ee3115894fc2086a70b434,E06523,,True
bc1q5620345bd9b10742cd5bde0a387a39,E04436,,True
bc1q18ce435f203b71d0ca8c4861033940,E00028,,True
bc1q886c46b21706ce057d412185f29b1f,E05624,,True
1273d439178752909fc98287be37151,E03486,,True
392fc16c98dfe6ff31a544a805a459a,E06426,,True
3bab488f7ee6cf80f33e69a27115ca0,E03398,,True
34270914179f4699832b1f34068b254,E01779,,True
3002f2c743e85315dfb19228aa6b006,E05479,,True
39cd672c2bcd2905b605515999a5228,E03767,,True
1acbb4a007818a813a773a1c58492b2,E03052,,True
15b4dad363bc02dfb7a1b9d5a8f8169,E03301,,True
bc1q3492769415cdbf6864f2a930f457a6,E06975,,True
bc1q1cf90f99d91785d5ca10f30103f615,E04076,,True
bc1q8e2a4c97d5468369c7c2dd77e42950,E05804,,True
bc1qfc05edfbfddbf0cc7f36fca5aaa246,E04917,,True
1bd1419d19c662eaf84efbb66e0e965,E04522,,True
3728b35f54b3571a115b6fbff54c509,E05790,,True
30ac67e22803ae1f633507929c70a8b,E01810,,True
bc1qc58c19dc0f10dcf127baa7df1cd28a,E05373,,True
31a65854832daf143304aa79b0fa7c1,E02237,,True
311039ea3119c9c1bf5e3a04201709b,E05032,,True
362573718781ae5e17766b182ce4e0c,E00102,,True
1877bfb14d0945b5257fa5d9fa4b54f,E00102,,True
3e412b7e6829d8f9a43fa957672cdbe,E05775,,True
bc1q53167c5e7e00e5f8e351ea9aebbc3e,E05448,,True
bc1q8c5f27047bfb0817a1ee5082c5978f,E05264,,True
bc1q8a61f70c6b3d43bb37eb7955315e27,E02972,,True
3ff3c6da1dc9cab0e213ce5668eb10e,E00069,,True
bc1qda74a088dd44cc5d87edd21735f36b,E00069,,True
3c2ad0d75aaecb0d757ad381498d0dd,E05349,,True
3e4839ea37ce071c3c825d4e46b2af9,E05665,,True
1e51e0c680212d21c98e50a365272fa,E00498,,True
1bd180f67f750a6fc1e70256e6ef75a,E01489,,True
1bea50b9ed86f2e9c14f841a9203ad9,E00156,,True
bc1q92c2ead2934d745ebd15a3b935dc43,E00156,,True
1f61ce90ca075f1a2bd982b8f5033e1,E01355,,True
3d7d0ec52d858327b3f17a5599ce45d,E01111,,True
100c642dd1d06776f174420cb5b8d4b,E06125,,True
13e4bfbab50b0cd82bf1c9887f53c66,E00399,,True
39a0b7538ad42aea23a624e9c0d9f90,E00399,,True
1ba257c9e9b9e3712f461b01e98ef95,E04808,,True
bc1q3a85cff5b40cbabfbf96ff200186c9,E05528,,True
bc1qd3a9fc4bbc07068fe1b6f36c789a94,E02730,,True
38eb4fab04844e939f16220d7b2c0ee,E06662,,True
3853153cb8563366c307f72a3456a46,E01649,,True
178127081e93b123b7f21cbda79434d,E04809,,True
bc1qbed12153937e993ad17bfaa886517f,E06697,,True
178597b43e9c94c3217f93cac6082a4,E04285,,True
1bbcaa22fe61a89d059b5947c08a960,E05818,,True
3f66c73a1722ee3c3e1847c8420e0d8,E06714,,True
1768159aec002642e148440cde74c07,E00576,,True
11e12d70697f23e29d17687eca4eade,E05098,,True
13bf115f668a56800dcb52bb9292acb,E01132,,True
3554e5fcc07582569b0353feca39912,E01569,,True
bc1q76f8ef2d1b143e1da6536d6cc3f8aa,E04900,,True
3e27f7daa0b46ea1b0b249da159bef3,E03606,,True
bc1qa2ded1c30240d5a2145243f5d23fc6,E03597,,True
bc1qce7fd59bd70f6221256b1f632dfd91,E05813,,True
bc1q037c07a4047785c758e6b1924758c4,E05053,,True
301e5815e01bd999d1d9193bae921b9,E05251,,True
1c698a360cf5a89393c68a11da16f4f,E00812,,True
3e01faf7c600e703937e313e563a07d,E01385,,True
15edfce896a342674c33f94557fe059,E07336,,True
3eadefe99c134846c4ff6be336b172e,E02514,,True
3e393a711479bbb10c329a6a087ce20,E02636,,True
bc1q2aae1141844e370282a0c6c886878d,E00033,,True
3e78e3f4f9ee382f68cc63e599dbe1a,E00033,,True
152f09401a77438cd5a708a87873c5e,E01648,,True
bc1qb97c927ba27ffdce2b2822718a156b,E06329,,True
140ed4d04a624f3231830a3cfab07f4,E03349,,True
bc1qa5a79758e8f1db0a349670be8b15f3,E01691,,True
169a8b20248f86981a5313b74a88467,E02925,,True
352ad937c7d8b974c1cbb45b06ebc9c,E01807,,True
3faec4c4b827a5e2ed22475313161a5,E01008,,True
bc1q4502cfff5ea3e5588a7be0ff4fef13,E00555,,True
1fbc3f575cf86653aa46a18cfae89a2,E03235,,True
163011aac0ff333c0942bdfe1a8ecda,E03701,,True
1fb5724629d7ad517142b687c6d4e85,E00490,,True
1823b7852f1b8c830b4ff64255025dd,E05502,,True
bc1qf2d2b24ef0137dda0047525298e6bb,E01908,,True
1dd53ab2b2f8082f613aed3b9da42b4,E05281,,True
33d8d48dbafc24a471feb6d0e056bca,E06122,,True
11e32226c700db7a5d1a9be0f71a8e1,E06332,,True
152bbbf83fd3b41969b46522000a583,E01126,,True
bc1q14a61d2b1820ed3a56352da6fe223a,E05345,,True
3293ceab9a309d4397c589c08b4a839,E04211,,True
bc1q7afce2a81618893fc89271a69bb529,E01325,,True
bc1qaa68a3734af94f4ab9e0dff4a3ee30,E03760,,True
1a78e376edbbd97da33024002138140,E03676,,True
139984d8a908312abb5e3f7bbe44aab,E01780,,True
191951617e093ca623bb1c68989d605,E02942,,True
186c0c4fbae0ac12a3e077c2ebb474e,E02202,,True
bc1qfd93ed4f2c3120a816d00cc4942db6,E01801,,True
bc1q7fcbcf93ac009a2fc10403dcda8cc1,E02865,,True
1fc75ded473f3b5452a2da70e00583d,E05302,,True
bc1q7efb93868c37797f88ba84994c284b,E00033,,True
12df7858572917324d823b372e619ec,E00033,,True
bc1qff212d596d9500e6e526ab61e4cd01,E03774,,True
1af78cb32eb73f26e35abc9860a67f9,E04774,,True
310f51d3d5ec04b26325600378a5a01,E03660,,True
bc1q2018ed9a8ed6e85baeb471236bc49c,E02726,,True
1b8d7526e659294876d732ae4a3482f,E06880,,True
1acfa5a738c410cd95f9ea06c4086e2,E02767,,True
bc1qc56dbe65b8a38c065f5046f9a61744,E02779,,True
377a1cf6f47d6b681d42b2f0a568d1c,E00271,,True
bc1q378d1876cc5f540b33b877f10877ac,E07118,,True
bc1qac7ae105804992159f27e6cdb00b1d,E05309,,True
bc1qcb4fe6b6819b33677ee2ce4a71fa06,E03034,,True
14fbc0977922d9eb998e2d36d1e0d7d,E04160,,True
bc1qf9c0faa9349deca6d75b2f6c5c6497,E05442,,True
bc1q864896bcc4c2a65b3a910cc1ec8152,E00004,,True
106bba0fc3f3a32398a2b0d30ea7175,E00004,,True
3003eff7ba6bf6f6ba7afdc5c91a2ee,E03970,,True
35c6d767caf01ea5f568d53d7e170cc,E07199,,True
bc1qe531d53931c519758967dcb822bad2,E06339,,True
33aecea5a00d0f284d16f5e71cb19b3,E02650,,True
bc1q70629728470add9a034e7b752debab,E00271,,True
bc1qfaf35a63d8770977c06355fdc3ae99,E00271,,True
1073081dd65fdf25223111fb82bb912,E05995,,True
bc1q82d8a746ef7aaad2376d229565bc2f,E03102,,True
bc1q78c4c2f66a015b6063cb327bd6b0b5,E00253,,True
bc1qb56044937749f62e2d0681a8b26070,E00253,,True
319f0b9717a97c3af12102a34bad79e,E05076,,True
377a11b4d9f552783dd6a1e6dc1fead,E06257,,True
3461411895b13de8734f09e1bd23a12,E02455,,True
bc1q4aa4254aa4ac118f1d01e2713a15be,E07031,,True
194356b2a4049d282033ec29d157617,E03245,,True
bc1q9fcf1b0a31f6f1c12d3710fc6c6bcc,E00880,,True
3e9623cf2b2d2f2b36651c5cef483f6,E05168,,True
bc1q432aea0caef5ff83e94ce75d2d7ed1,E01085,,True
bc1qd185ef6b0bef7f29d31fe2c82660b9,E00253,,True
3c581a3a516198fd023bce2cc31d366,E05220,,True
1e8ef04300c59bdf2cb48887c331451,E02645,,True
1c699fbc62c8fa18a1a1be6f1f213b5,E04700,,True
320cbbd6699aac3b8f8d92a3b6c28c5,E07026,,True
32d2dec5c25da209f9ccf07a6c5815f,E01096,,True
bc1q5829c7ffdc3e24c0a9fab9b426d631,E02734,,True
3b2a7c94e5a046b927968e997a4acb5,E03389,,True
bc1q1da7a48b62c2e93718acdfc0f009eb,E00132,,True
3dd7b055f5a04d9d5094d657818382a,E00132,,True
1506061da6df49417b006dce9b18d73,E02866,,True
bc1qabeef716828ce9ba98f8198b503a2b,E02656,,True
36a14adddd3b164baf5139fe2627c3e,E00033,,True
30ac354eb3e0e8a921b7da210f3237c,E05764,,True
37bf4aa4e6ef0925750bcceaeb656d8,E04465,,True
bc1qab84f4a4a2d8f2ed1a5acd7ac37ca3,E00807,,True
bc1q45c08913d7867ceb785bc759de7983,E03476,,True
309aa8d528bd2de1562e845c88ebf46,E03397,,True
368c7737754c64fc674ef70e1cd8046,E05305,,True
3f5f6b60d166103d1ab02535208f9bb,E06626,,True
337654dbee58c4777072cf917ba4d26,E02557,,True
181a02b1cb5436b10f40aea47968ac9,E06131,,True
bc1qfd4e79ae125b14c54b57e905483597,E01984,,True
bc1q4d5c718cd5358f630bd3d87ba4a360,E05741,,True
bc1qc1b94a8595f665197618f6d5c784ce,E01374,,True
16218cfc537706c97d91bdf21572f3c,E01692,,True
3518174cf0550303f319b0fde45be09,E05044,,True
1363eeb5fbeb1423d5c8cab2ec6125e,E04252,,True
16f2a91a550cb22ec8b8b37c27d5571,E04950,,True
3ba1d0a7b854dd809927bd3f36a5fb3,E05529,,True
37e181eacdb2a83146523293e08bd0d,E04735,,True
3d2955ee886b7e02e3a68c06ebf788b,E02027,,True
3c12fccbbcc54c4caec61771756f8f7,E04507,,True
bc1q23c05e303950c00dbab3c3b0a20005,E01535,,True
3078ee6938208ca4fdee8ac71130875,E05253,,True
16a0c2ef5266f56b6835195042aaea2,E06862,,True
bc1q8e5387234c302507e206a0e68a736c,E07132,,True
1236d6724ab4cbf1479ae61af789ac9,E00033,,True
bc1qb8cf3fc129ce67054a778bc0383a81,E04599,,True
1a5362a876a49bb848b61928feb1bdb,E01007,,True
bc1q3facdf4c956585a59b068233ffe304,E03885,,True
30b563f5d6f7fb7187cc42801c89c55,E05879,,True
141f831f4eae7698366c189cd8d9f75,E05896,,True
bc1q400945932c3ec9cb1b8effd02a6cbb,E06701,,True
bc1q53575ce3b48576e9d2310eccd23c50,E03920,,True
bc1qeb59d02876d508da53be509dd838ea,E02053,,True
3595f3337e6a5ed3ea46943b926859d,E00028,,True
3297307cf1e5ffa83c30f116acfe5e3,E00028,,True
1994276861b66d2c2e93729c6317fe9,E06265,,True
1f02e9e54b9a61df1736c9a2ba80442,E01911,,True
bc1qd74b61e60bab6c4714bca93470c4f2,E00508,,True
1ce1e51aaa210277fd98eee6066eb28,E05167,,True
1de122a6d5988d677e0e8435124ac66,E00066,,True
bc1qee6c4b5902970278abab3dd0c13812,E04253,,True
bc1q3ff0b24416310767e1c5592e4b409d,E04573,,True
19b37bd8665645986881e5902615b17,E00926,,True
134428572be5fb852dc383c236bf12c,E02978,,True
bc1qa69b4defb38c42b0901da22ec46bfe,E02999,,True
bc1q9d9a70b9627c785bbe74c395652ccf,E00562,,True
1b7dabc60ca5ead31a08f668402837a,E06564,,True
350a0c3d615a47c07196de995a52862,E03664,,True
397e3a180a4ed5b20f57371bc444e46,E03814,,True
3a95595d086378e68ca2c66100cf4b6,E03882,,True
bc1qdde27d52805fbc2a989e21a85d6083,E00096,,True
1ec5b9c1525d26e60ab19d9ce1b4bf8,E00096,,True
bc1q2377d4ba87332865e1916ae6bd7270,E04341,,True
33f4b95690190da3b4a165b2e588458,E05580,,True
bc1qf84176545eaa79db9a437a60491fed,E05599,,True
bc1qbacab76291a8b41e41083b948ca655,E05307,,True
3cc2ca7ab6ff6e8e9992c275b34921a,E01516,,True
bc1q126f89a62226a8f86bf686ae5e8962,E01470,,True
11da9f5cff8d23f76222b3013aaf091,E00096,,True
3f717903651897adc788b435ef43ea4,E00096,,True
bc1q5534dfc1e3e43398d2f3be57ad9822,E04853,,True
1add7889db6787feeedf607bfa4ec3b,E06677,,True
bc1q594e412ce5528ad2ab2064faa50308,E01103,,True
bc1qa3f25272ae013caba939f8c66b9e76,E02787,,True
bc1qf4022917c8d4353b5577d56d84181e,E06960,,True
bc1qa3881d7d43a755864a9d07f8f5ecbd,E03726,,True
3d9b9e14f4f3cf0aa08460b86b8318e,E00578,,True
bc1q46e83169906f0e441dfdd67fb3c50c,E03817,,True
1e20e9c76b7edba9300c466d0abc2f7,E00223,,True
bc1qf14dfbfe3cf361e44d9a28d739a70f,E00037,,True
1cec98b0067eaa6483dc53afc9db77e,E00037,,True
366194819bf0f3b52ed24878aa9d39a,E01935,,True
125442930137a80ddf9693a1d1d0eaa,E00037,,True
3ddfe91c37b24715e9d870c9f23403a,E00037,,True
bc1qd66c49807af32a07f1d206ad1264b8,E00834,,True
bc1q7eb4fb31ce56aceee1ae0bc19c9a47,E03046,,True
bc1q54cbd8b7e4d6981c360249105d4857,E04046,,True
bc1q2c59adf298b8b01996dcafcdc7bd02,E04530,,True
1d3e9b13aa9b02bc819dcb447c8195c,E02571,,True
3bb4db941207a2d9cbf4d7de70c3280,E02034,,True
373b7f9d61bf839c483ffec72706f7a,E04782,,True
bc1q89d0f97eda1275602c9f1686bcd566,E05876,,True
bc1q22b4d17e8c55a486827f120be50937,E01967,,True
30e5ba7e5fb38395eaad27bd79b30c4,E00037,,True
140bd882831392b54588d33304387d8,E00037,,True
3700e06cd0cb7121784dc4114a38eee,E04419,,True
bc1q4a5b2cf35a5589b7f38fffb9eebed3,E04444,,True
1c4e7752dca365a2504fd28de6ae459,E03025,,True
1a50f1c701e1d8748e3c3ace63057d4,E06504,,True
3ebcca8dad9d1a238c772350be381a8,E05983,,True
3e8f94691e666877cc9bebf457b3174,E02713,,True
3184aa39359a8131eedacf05606e905,E06073,,True
1e95a2717da449a34be986a457cc93d,E03049,,True
36d04738adf1e46d403fd025a2a83bd,E00230,,True
bc1q1d067855f8bbb8c3dc5b92f95ca96d,E00230,,True
12d49005f84e3c56daa8c7e75757602,E02755,,True
bc1q6f95948af2820e29a3e5f6984ad463,E05705,,True
bc1q5a463a9dd3c0d30fd2b477c09de425,E04813,,True
31930eac77397d00dd8bc22c0aaa0b5,E00442,,True
bc1q1da70dd3d45ebd6fda3789d701d8a1,E00132,,True
bc1qd34d2aee75c353f12225d32ed4889b,E00132,,True
1e6db8a4efc8d6d500b39336f12ba3d,E07176,,True
167276f20f9e3ab9fd57acfff88c1cd,E01603,,True
bc1q1ecc9aef46e6126d5c8842e73e153d,E06732,,True
1fe4e1e580383d6688ce566f932520a,E02334,,True
30d00c91f994e9c8ea25b2d1f6c1bef,E06250,,True
108a47ee3b2f9852ad0d57e730c19bc,E06562,,True
3435186223bb44dbceb4b5613edc4f4,E00261,,True
355b89e5fc23510e68aa52ff4f12bd7,E00261,,True
1b18064c136114bceeacddd5fb58750,E01463,,True
148c8a6b50cf05fc070879415afdff5,E01871,,True
34d4aa4d34de3fb5b706265a9798b68,E00144,,True
37a633427825da2219811ae72544f41,E00144,,True
3222218e30550cfe47dde08fbf664ef,E06567,,True
36a1afc9d6a2282e830fc292f5cc178,E05259,,True
bc1q9dd6ea90513cfcef8186ddf340e217,E02780,,True
bc1q8348c39fe3c493aaa718d5fcdcbe70,E04856,,True
105112d12ecaf248bab4c1b904aa134,E00069,,True
bc1q3cac2fe6be34ac234b70066c6de969,E00489,,True
1466a64e5b6881fde184422b943dd6d,E06078,,True
3f8b89a17c333ffffe024f0010e86d1,E04487,,True
1d08ca76eb12d1558248881771180bd,E03952,,True
3e1e9b0b2bc5f62bd91395b22b9e956,E00572,,True
3898c6da7496098859c75870ab138b6,E05121,,True
17a2487a7e292992bf6d9150367ee2c,E04476,,True
bc1qf2232a91f688a46e585dd4c9ca7612,E01897,,True
19e23f38ef80f56d10bd6d8f6ca3812,E03331,,True
bc1q095dd8ef6ca8617601f89abd53a0b9,E02264,,True
1ac13b290d22d54bd22f7fca8eb2ba6,E04412,,True
bc1q10bb792cef755790ad07c69a5c68ad,E03344,,True
bc1q785a2c8025591380cc06cd9ab77887,E06481,,True
bc1qdc399fbfd285d7ecaf9eeb21b5b893,E05127,,True
3a81da8663932443ca306185448c106,E02006,,True
bc1q5a3f394e4ee13dee6e812761c78e0d,E04227,,True
bc1q32368619cf722c562e7e5255331856,E05572,,True
bc1q674fad90c3a74b5e501f3d52243406,E05185,,True
1eb02303313d4022382d280b44304e9,E02090,,True
14a89ee265547dd6f48dfdee1e85ac5,E03468,,True
3da79d68f06c963e65664ac9e54a175,E03417,,True
bc1q378ad8be34363a07d8ba7212bec596,E04971,,True
1b341b9bc679ccb3d036a63f324d128,E06283,,True
bc1q2570d15d67ef186c5c3ffe685cf0b7,E00184,,True
bc1qc4cf0c14793d766471dae9a40b7ba7,E05038,,True
19d25405fcafb85dc34d92602a49e9a,E04240,,True
bc1q7f849ec661e011f3fce192cf8e31a3,E00153,,True
bc1q8b7e61e3adaceb5b5680c7c59b7cfc,E01469,,True
31271f7aacfed99f4afc4989daa9e33,E04921,,True
311bbc2f76afb784b7f4932c22c8300,E03391,,True
1b3f1f7d9824c387b6d1f90082e7191,E04547,,True
3a84335fd86f7058b0c287cc9a72019,E06684,,True
1eb25925f1873b145ae940083d95e36,E01056,,True
bc1qce50f254b0db879d0682ba1c5f2444,E00055,,True
bc1qc582335bb4d7bf33b90c474007c07a,E00055,,True
bc1qe6d89a1b9defd31c6d11e2b8cf8a35,E04754,,True
1b4d4b56b4245300e59c49766c5441e,E01060,,True
bc1q4e520ef8fdac191373e00e6b061ffb,E00328,,True
31ffce14e0db1699b9bb098057e175a,E02391,,True
1502d76636781d0401082a2d77ae419,E06345,,True
363332590bc850efa19e10d89e4d2f0,E04722,,True
3ac5e6a32f8afaf47d6cb16c93aa425,E02722,,True
31a741639cd68bc40a5b321755d2078,E00924,,True
1af178dc461aac112b59aa4c07d0001,E05240,,True
37387a677391bee46e09e7dd1587136,E02535,,True
bc1q3c01d3678ab8bf2b8e7595d459e80c,E04834,,True
3d679bec6e5236b0dda24e242cc583a,E01070,,True
bc1qb202d57aca39956694021e462099ac,E04822,,True
3eff1d12561aee63708e237c50e8a5e,E06837,,True
1dedcdc40bdba5fbf55b86598291d71,E00055,,True
3a5f4b9fac64792cddf948cd19760d4,E04607,,True
bc1qc6191a8a19a0bd7ee33ba0e4caa2e0,E06723,,True
1156de2a4721ca1d1a4e006107187d9,E07182,,True
332b9fc51f37a1fd03a9ed2515a3eea,E04198,,True
1953641f1b36d846ab4707c8daefe12,E05025,,True
363200392f05e50f28b07f78b609d1e,E00145,,True
1e25be8c668a74160deec6c03868982,E00145,,True
3ae519a81132981caedf979da803e84,E01172,,True
bc1q7192e48a6342ca56b7979ee46a0b42,E06539,,True
1e73e2b78822064076c108d214c87b1,E06020,,True
bc1q764a7dd8a7cc6cb3f7b8c60cd7f330,E06496,,True
38716cc6c666bde134c41a77351c8c1,E03128,,True
bc1q7136e97f71a837eeb44055ea628d3d,E02216,,True
374d84bf6574d8505e2111280a58dcb,E04794,,True
bc1q0a827c5a5ed82e01530495d4cd1a0d,E00055,,True
bc1qda7d98b5f4e80f35f74567a1714287,E00055,,True
bc1q322b9b0e8d7351590ec29848ff2d07,E01605,,True
3032a515f7f7b673bad0a56cf8c9d7d,E00912,,True
bc1q71f95eadf7ff82cb1232535a41b422,E06275,,True
36548df76da37478faee492f7d9f605,E01291,,True
bc1qb3093983336fe84c89cc833b8abb2d,E00326,,True
37c7b1a9b637ef3a82566aa8a9b72e5,E02209,,True
bc1q796539a5395726b43e6742aa483a0a,E04005,,True
12a4a2319f777474f904f7a9a384dbb,E02358,,True
bc1q19072533d3405192b5b64281b6c680,E03560,,True
1fa4cddc18376299da90ea110afe0c4,E00326,,True
3a16de511f1abc36fc975651c57e044,E01230,,True
3c26ba74b6ab93cf92cc0e686636c8f,E03906,,True
bc1q1cf8575e5b2ad8b4732eb67bb775d4,E00904,,True
bc1q147f04b0c46ddcf63471f87b45bd9c,E01546,,True
384e12654ac0e20691bb5ed68ba8665,E03394,,True
bc1q711fdc2e22f1db89f49226ea2041f6,E01174,,True
1bf00b1fedc11f27ba122a07612e42b,E04793,,True
38eca5a9d7db6228ed8b731018e923b,E06810,,True
326540b53d05823127986469d40ae1a,E04540,,True
11ba241dc5a5ab8017cad988511c400,E06282,,True
16cf26cd478f8acc2bd9ea18562a95b,E05573,,True
151bc3d8b6579266af361acdfff0f9d,E04241,,True
1ee9770746c2a653c498e49ad3fbc89,E03987,,True
173f870c510cf7d061f48642b77c4eb,E02040,,True
3d6a52a0514f3460cdaf4de2737dc2e,E02186,,True
bc1q66d29d6fc970f1b2c759b9ea0659c6,E03623,,True
bc1qa976a1249de1c11feee7acf18cb1f7,E00241,,True
1512cec8a2b0691b6b83f8119ac46c5,E00241,,True
bc1q3806395550085588c8901ddd82f883,E01718,,True
3fa0fd376f831def861017ab6d9a814,E04356,,True
bc1q6d655ade033293ce0f6c5e13856201,E03435,,True
3f4da0d2738ff05418a128ce5919fc2,E07004,,True
3d30ca7873be42cc9cdb4862bcd60dc,E03718,,True
3078152d7ada1018cdb84c4df06936a,E02320,,True
3727b6ccd6181a308ef8005437bf8f0,E02317,,True
176269ed4460a61a825dea0c5102276,E01348,,True
bc1q2660f78abefd88626cea127e129751,E03554,,True
17622f5dd20525ebbdcdd1f343bf9ce,E05555,,True
12843ab75692fd5d1a583c4b6eeac61,E04371,,True
bc1q106527f40b077950640ae68d2bb00b,E01155,,True
1c7bb029444b5f81df52cb0ec76741d,E04456,,True
35bb6e0a9a73f374e9a0e0f15af70cc,E00144,,True
bc1qa2e4343d4286cde03f60d556502db2,E00144,,True
bc1q4fb31011e093c0fbbfee72bec5e361,E03976,,True
3bfc93c6a4a78e3b9dc97f6f2816bb9,E05540,,True
155c34e3a233ea3618f9784bb813d30,E05906,,True
321bf729ae97391a39be4bc8d5ca266,E02414,,True
36ef8b70ff58e13d3dce0f2e1381054,E00136,,True
30fb83ebf216c151443e2833f1993ad,E04109,,True
310ccfadd5bfec58d8c22db326ef12d,E01297,,True
307934d42f872333e60f05e03b7e27c,E01506,,True
18cfe87725c5c5f983c96861ae38baa,E06902,,True
10cc6f66d66392cac05ad5c43089e1c,E00932,,True
1c1e59ea2b6da970e8ba9bd74cf633f,E04681,,True
33d2ee01504639e5cbbd96ee13747b2,E01958,,True
142e05a6e1dadaa2f736fd95eb6f2d8,E05001,,True
3572264b74c2e80cac373a80232c79e,E05887,,True
3070cda923b6c06c5fabf97c907460e,E06403,,True
1ec469e44b7d54bf51c6ebcb7c3dd6c,E01457,,True
3768cd7ee736789ccfe63438f246dc4,E00950,,True
332df6c3746057788376d403ac53c2a,E00457,,True
1c0bd6e2b6523073917a559a00e1601,E05755,,True
3e2821dbe2a1c206cdfee4da40954a4,E02008,,True
30f2776587700c0920495bd5c854436,E06778,,True
18e715374ee586d50ea493088312e7b,E03207,,True
39670875e7a520984969b84ce1c4138,E02725,,True
34f8ac72364f175e0ff7f11fd962c30,E01758,,True
1f4fe80433ca7b17267f0b6442fec0e,E04726,,True
1a1753bcaa7c04fc2ded34aa46d87b8,E00863,,True
172f5bcb8cca14e1f359a1a58ecee34,E01175,,True
17576412d63704132e20fc95b0e59db,E06716,,True
1c4fef69c569ea60feabdd980fbdbef,E02664,,True
bc1q804f71abc331c43f39ae805ce02dc6,E05765,,True
3303e7637daad05411030369382773c,E07271,,True
30a9d97df22008794a508ca4ad30594,E00986,,True
17d895bb69af3ae947780e4bbd30feb,E01286,,True
148b307cf584f82d34b89eb83fc2d74,E02667,,True
bc1q14ab1f922aa4c7480278617fe66c2a,E06043,,True
3b2d1e44232074b81242236d835f361,E02640,,True
157358d795bd7ffe9a590422ee6c7ef,E04268,,True
bc1qd2566bfd675b5ba3b103513f1537c8,E02362,,True
bc1qac0d4df5d1c5cea853c5b78c420f73,E00019,,True
17a0b72502702a5994c30636f709af5,E00019,,True
bc1q35dc6b264f61fe72b968268c2897ba,E06757,,True
159d5e7f59a09e9f5d534b5b0162dae,E00019,,True
122cbe4ae268daef591584be01a9647,E00019,,True
1eb233d307fc0b266a19a560764a7ec,E01540,,True
bc1qd898ec98d5fe76606282d91e49d858,E05793,,True
365e7e348021f3c7201607da197f09c,E01925,,True
bc1q622c9b8037b1a403576cebfba850f6,E00019,,True
1428d2be2ac2eda41cd520754e9dcda,E00145,,True
3811b965ba93a2465d0f3badd98449d,E00145,,True
bc1qfd0f3bfccf465d1c788758c0e5f034,E04422,,True
300237e907557f114706402afa8895f,E03093,,True
172082791860dc27004b970e605b121,E06947,,True
11d0e1b8d0423dd05550b8dfff162c1,E00019,,True
bc1qe57b4cdffab32407fd199142c1386f,E00019,,True
17b2eea51fe3f92c1103146b3b3ee25,E01625,,True
1028608449061fb21f9dd6ed2cd66ea,E06315,,True
bc1qf74575d6138a1ece1eaeb5bd676ba0,E00230,,True
1acd02d069f076f45fa87c84e00af93,E05439,,True
3ba6d23bf8a7b94dbe94e22f7a4a6b4,E06391,,True
3494dc2872a14b3fa3a6c5cd76bd449,E04669,,True
34546c6f306a0c214a3304c3bfebc95,E06244,,True
bc1qf51cc3b2552486bb20dd89e9701bd8,E06050,,True
3533575bd3299990197106fd51b62b3,E00527,,True
3cb7b57e9140d654dfd153059cec23e,E05213,,True
3f50fadfb7b30712f216b7bf132856a,E02729,,True
bc1q2c494b472844ff3f1329502f9ef5c9,E01890,,True
1e4c8914981672e145e0cb31f5c2ea2,E02476,,True
35b6dc83b44fb618ae911d3c758ebf4,E02627,,True
1d14919737b86b2f3072cbd3cd7852e,E05935,,True
165a1314633f355c0c5364afaf8fbd1,E02641,,True
19bdd94615fbc10ced6121084201fba,E02031,,True
117e081a0bc716c66d69d827f5cbc92,E00595,,True
bc1qe6f8e973e34a82db9277c531e3be07,E07177,,True
32d146d97208a863da10020af3b32b9,E00289,,True
3798f0d35bd0f089aa7d84c61e839c5,E00289,,True
37c3911ed13bac8dd8b6c6960c336eb,E03822,,True
bc1q6523fdaa33beb1c90073155ae7ff5d,E04605,,True
1a0b5ff5f19287acdb218f182b9da38,E06397,,True
1102ed0b198aae1f8bee2ce1553e9f0,E06561,,True
bc1q63da92ca2c929bed984e5e6bd8488b,E05322,,True
3c6b3146c7386698274158cd0c024b1,E02075,,True
1c97ec6b423b67ba4654b9ef455548f,E05609,,True
302c4a8f872e44c3c70d82da47b6ca3,E03121,,True
bc1qd51d2cdcbccf89143e2a76d1d18484,E05432,,True
35e0ae5e2de3e70a0192ac780679190,E00015,,True
3b9c51e22488aa0ba67a04d186f4a16,E00015,,True
bc1q48592744391500b83d69fc29f10aee,E01747,,True
332dc1298767bd001bad64a984be68e,E06335,,True
bc1q3e671eaa305e5d60c82d8cc7ccba8e,E02591,,True
301aec599a04abb99e954331453e17e,E00499,,True
1e5d98573b0d58f8bce93f173a59a68,E05416,,True
162acfb1a50aaa1ee5a8e7732bd46b0,E01265,,True
15fa61082f140267179ec11af8f58ad,E01629,,True
bc1q2882c1c9106a2bc9f828abd3da839c,E00015,,True
13aabe411ee47ecef7d4dcd80e4445c,E01240,,True
16a39462e35c5c86fe05fa257076494,E00061,,True
161cb78513ff9a9872491cadc11eb13,E00061,,True
1f6e72a3d70e40934ea4fe7b93c2b9b,E03566,,True
1cfa1b77d959f168959ccda9555da6e,E01748,,True
3f142dc060688797968e752f73d47de,E00254,,True
bc1qbd90ab0d9641ab6d6b8264207b9832,E00254,,True
bc1qe1b21acb8374b232999f2550d02c81,E02123,,True
1a91acb62b990551affa5a165321fda,E00015,,True
1c8a2cdb5772bc42f1d145dbb0bd1ba,E05216,,True
bc1q34d596e4512fbde202f94380c1a340,E02431,,True
1d86c3348eee6b2a5e441cd94f319ac,E02355,,True
13c81e7c8be562899f8738fec60216e,E00015,,True
bc1qca9c8339a1275e260b4808ac964d32,E02398,,True
bc1q19bf23ec7c9d1ff92cc84fd95002f4,E02315,,True
bc1qdfb533eea5cf1d1d6927ce884aecf3,E02032,,True
372d0fcfd5802d5b7b4da2f6de58afb,E05164,,True
bc1q623fe1712c3cd0620e0d26fecbc894,E05613,,True
3584869095140f956f1aef8d1a24763,E04748,,True
bc1q57819dca4314634f6f983d8cfed11c,E05571,,True
bc1qdb9821c11b0c1a6ccb00fc4d14a4e0,E03878,,True
3d7c130a7f3398ff44467eff1160667,E01369,,True
158174ab087a2da6502b5b7c267206e,E01524,,True
bc1qc9b9f6a3d853ecc44ba50dcb6cda6e,E07114,,True
bc1q8601766f5aad529061498fe096521e,E05712,,True
3873f3f0f8a579cb6dbbb2c3b5e2d65,E06218,,True
175d9705fe12b57a350676437afc63b,E03723,,True
bc1q6876bafd64d654a89f9159991fa5c4,E05958,,True
18d59c344bd604fb5502e2b4bde7d88,E03866,,True
bc1qbe24afeb10052aceadfe1b6a7a4ce6,E00553,,True
bc1q56b068a87d682aea4bb546a5900721,E02303,,True
395ef9896280f6d001f16aba8290fd4,E03075,,True
1bff49ce17f5e5322607be878ca903b,E04775,,True
153bff39573d9c36f177690511bdd78,E04440,,True
bc1q1ea82257385567c2f72b1fb9d4d2d3,E00172,,True
bc1qd5d16ac940e0fa08509d96cf928274,E00172,,True
1a49907869ebbf47343aa18347cd0f4,E05087,,True
36a9a0d061ead52f6e32b431295594c,E03609,,True
bc1qf54a61136b97e554f1f97fc918da34,E00290,,True
15cbd6245c4bf899179d42501f044c4,E01751,,True
bc1q570596b031a179ac7625b80fc06f77,E03366,,True
394256e5aeb50557d69258017a85108,E00030,,True
bc1qb0df697ace4487bc8f1011c3e35d93,E03333,,True
32c19eea7fc1bad76ca1cbec34fb3a9,E00030,,True
bc1q9485396223733d192bb3bce8438f65,E05789,,True
168263e8f8c6efd1e1bc99c52518df0,E01151,,True
1d5fd46cfbfd796565c1e3f6d1c31d6,E04789,,True
1de5ed2cd2c614b14c6e4969146f70a,E03935,,True
35cf9d9f929eda0bf30070d42a5af9b,E06255,,True
306cc51afedc1f370cbb7dd7f639e27,E01199,,True
bc1qe86b71502d53b48176ce50c9052acf,E05565,,True
bc1qaf98a0e861c0f5077599e348915619,E07173,,True
10d1e2fe44189ce1a4a123ea656c193,E06706,,True
bc1q1689d7515569f4d2ab3eb624bee05c,E01229,,True
bc1q52a6d5b3d2510c6b2e95702767333c,E01407,,True
12a377cfd650ec7959ef9db0fa9958c,E03079,,True
36a989791354949c9a692f0073bb78d,E04082,,True
10f41c657f4aba7da90d76cb9b3e516,E06087,,True
160ab63d2faa668a35dbdc47e33fab1,E02574,,True
386f1d6ac3a8025e0ea3991a6857045,E02214,,True
18773ae7013d7625d4a2b4a6c1e07e2,E01896,,True
341e143530f5e8fe63de1fc1096e6a4,E07169,,True
bc1q663c755684257e7cd3a6051b504d43,E05372,,True
35b6c74ac7cf876a4074ec2935925e4,E05796,,True
1d4f207156c1280fe4f1258de8d3546,E01445,,True
bc1qcf949b7ca26cbab1a9a5763411bce8,E00044,,True
3ff0886bc66d391069cd30949ad5cbb,E00044,,True
131ee48927e0655865b611bc6311c59,E00030,,True
3d8de0441162025be16d325441d9b2c,E00030,,True
11152eaccdd5f941386131275fe86f1,E00974,,True
184ad41f61c6ec0395573f257133ccd,E01176,,True
bc1qf3ff6357073a6991c33a73e65812fe,E06180,,True
145ad483b4bb2ab39f6c0f731d708f2,E05009,,True
3aa7758eaea93f679eabc7337275969,E01144,,True
15da5813710194ddee0306715de7226,E03955,,True
35041db2e2aee739cb00458ba74a0ec,E00983,,True
bc1q358ad6b84fe48dc1d3ce224ceb4858,E06882,,True
bc1qa0c45942067d80de4beb126fa22f92,E06719,,True
16ad54007e9fb0b998deba36ec8261b,E00189,,True
1e44334b4586ea415b83fa68fcab2a9,E00189,,True
1556a19519bbbfc2996412931ec973e,E03962,,True
1a1f06a6c704285ec331e24f83ef424,E02821,,True
bc1q11f56976e9403f381c4c975aa6bcdb,E00438,,True
319ae3c4b772a2ec52830b86d1962b3,E00438,,True
3f27c9ece8e69e4d98ea00ee25e54d9,E06401,,True
334500401cd4ae05122035fd52eb1d7,E02996,,True
1c2748ee65a69b9e695e61b1261d860,E06274,,True
bc1qbb3a70d001a9551e83bbb170ae2bdb,E03943,,True
33c9cb20d082eb57dcb2203d10b37ff,E03039,,True
bc1q7044e0ca6a518f17cc3ea3edaae2ca,E01720,,True
167e9a0f62c9cf7cb99688f72bbda05,E02221,,True
3d4af7983c4e6f471a05d6c6f5aeff3,E01796,,True
bc1qb3013191e3644d02dd8c6b83cf176e,E05694,,True
3947e63105dd48d28dcca1b65d3aee8,E04335,,True
3c1b923ede18254bc27070192466753,E00061,,True
bc1q1929d212503fd2635b3414cafd97e9,E01855,,True
3ed02a49498d0932c2b607ceb5cd05d,E01100,,True
3dbd6989ac958a6651a2c6331622809,E00222,,True
1934a33c3405061984a00c3c71a0782,E03704,,True
bc1qb178d223fd26e2d95f64251d1aa215,E06470,,True
bc1q691fd43127c48449a94a7edfa3c085,E07201,,True
19bfb57967f542c79848605d429d2ec,E03548,,True
34df9112ca04b5984405a46cbf27106,E01732,,True
32102c55f986ebb0fd4a3c99273f0c1,E00087,,True
1358d661336b1b54d5e6dde4172f01c,E00087,,True
1713d0a4ebe4453538ec545973a1f21,E02437,,True
bc1q3fc10bd8789e9152858f7cd6cf6ae7,E05406,,True
bc1qc863459786eef21bb747877b24df01,E05716,,True
15c8488d83940c97e86d7f813cf44fe,E00293,,True
1cba20d7db4990d19c59f2d640b7b85,E00293,,True
bc1q320e4324ea020bc46e2f734614100a,E00030,,True
bc1q7db9a8425c9566adc1a68c5872f528,E00030,,True
bc1qbad14a0cb532db362a135b14fdeea1,E03800,,True
30af6d69126f62b2a45fea37b874617,E06744,,True
bc1q60eada19a8f5808fb78e0428ac16fb,E01049,,True
bc1q2ab54253f21e547500b851ebbaf638,E02599,,True
bc1qc9ebd1e1581c93ac372b8a8fac2ef7,E03043,,True
3d0d8c7510a067f97b0c8c13f860104,E06963,,True
3e59a3d73d6c45a50b0fc5b1029266d,E02146,,True
bc1q86a61c9b10822db6f9f08eec1ea2d3,E06873,,True
bc1qa52bd1e20e22b857ff55481d2867a0,E04242,,True
1949d949caeb54fd9fcd8b5450bd05b,E00061,,True
bc1q2ed7470809cb51f7ad3af94f9a13b3,E05926,,True
31811b8768c36b854d8535c110d7132,E05327,,True
15f0fdb2801461d9ee2e82997fec5ab,E06201,,True
bc1q5bf9bf03b93598ddc096d225fc850a,E03555,,True
bc1qc0b42d67ff1b9f74427a1849a3be24,E04898,,True
bc1q36890dfbd525a6b121b721fdba579c,E07230,,True
bc1qd6e38250d9584e49fcb8160124383f,E02458,,True
3d763dc2ba78ca2444249f1d24d7748,E02498,,True
3b686581a099adda72b6f1abc9d6d7f,E00422,,True
bc1q9406b3c81e34bd482c59d780bd9d15,E04432,,True
1921707f0c0162d37960fd9b5263f49,E03630,,True
bc1qab17eb29dc5cba5910d841e1bbc4b6,E01545,,True
bc1q2b5ad505efa8b1e4f05cefe1e4cf15,E05418,,True
bc1qb82dd8fdd7f824fd73d020f4f60c54,E02349,,True
33d99b9fd98074b1cf56ebbb03b7472,E01628,,True
1a42018d64ba494855a68139d29a9d6,E02710,,True
bc1q71ac8eec3c8084c240ab62ced257f8,E05822,,True
bc1qf5143da538321d6c93b0bfdc478d5a,E06222,,True
158df3d3b743d05e3fa72650d19364d,E04376,,True
33f3f431f1540cc4d1567e80329d92d,E01618,,True
321f475f233022f40d4b6fd793fcddf,E02235,,True
bc1q7b29aae3b04af8f563dbb46f467eca,E03316,,True
bc1q3ab8ec2612e9e5a26d18f6a1001bc8,E00231,,True
1461bcb09d261e066ba7e5121de2360,E04550,,True
bc1q4b3377437734345de2e1a8fcd7d844,E04857,,True
bc1q766c46e379cc86279edbac09860e01,E05740,,True
14570668f9df875606c186c17a4f06e,E01034,,True
1bd9b35bbb51d4b742b1e8540da438d,E06545,,True
1bf167eadcd5acb51c30102ab582f1a,E00221,,True
32e6566ee03df504bc54421b167d8b7,E03589,,True
18ebc6dc8a65b858d56bff669c9520f,E04043,,True
bc1q2625aaedbe8f63214f85286fc894a8,E05144,,True
bc1qcb01ec50209b3b507536b5160ffc1a,E04407,,True
3ab09c57221f9b8db34fbd48222c407,E05679,,True
bc1q0d9674a4cd7f49d44ef9260ccc5490,E03140,,True
391c438f710a7a01021745d9cbca1ad,E00254,,True
bc1qc60c3c406065cec424553bda3d6b6e,E04329,,True
39726da9f3731ac09fb836a86726306,E03868,,True
3012a3c238d2bb8b4dcf56f2188ad04,E00221,,True
bc1q210867e95cf65327677339e892715e,E00221,,True
3a8a579196bfcf96f2881c59ed3516f,E05148,,True
bc1q31a0262c781c8e0b76b851df13d9c3,E07011,,True
bc1qe7d59dade8514b38f24d9de72a8871,E03685,,True
3a84f3d69f876b9481d07d0ec2fb9e6,E05604,,True
3a1918c57cb38756d6c59b0d7ae0952,E02608,,True
bc1q5927ae74efc5f1815bfcb7259a85e5,E01198,,True
37fb7b9d65d7815c61c79b475b78c75,E00138,,True
1e99713786664590042285b41bb126e,E01460,,True
1b846990dc2735ce989a9d8f5bc16ba,E03836,,True
18543e2994e98d9231a5cfb903d7aa3,E04777,,True
19ee4105f06bc767b777e71d91738f8,E02679,,True
bc1q12aada08eca4c81a71064d424d9430,E00500,,True
bc1q251deab7a8c8b868c8fdcc10a978f9,E06877,,True
bc1qe26f60e842d2ed6c437ffe0d5ee78a,E02559,,True
308031543bf1843265be8155fd3d9ae,E04534,,True
381c4b49edf75e8d661108129651ed7,E05794,,True
3fc38c9c7c92f54a51d61bcc54010ea,E01634,,True
bc1qc5ab16f8a903ca50fb98ecf091e948,E07337,,True
36aac390d6e7714f57fd15fa8b45926,E03029,,True
3d0eb4fc971c1430eeb6993cb8275f1,E01270,,True
1ff7d59da7781304f0bd3c8ca3d8bff,E06299,,True
1cb11d91a9e31cd285a469bfe443921,E03328,,True
1b9450a871ced4a92ee71dff3f58f82,E06310,,True
3998e6e73100bc52bd6bcf2e9c9d85d,E05222,,True
13e7e43c4ade9ac5f054fdc666814e8,E01973,,True
1899077ecc3b6990d6dcb42bd8bf603,E04387,,True
1b54a12ba8f459237ea3bed78669ba9,E06991,,True
11e24dcd2599dbbaaf12808f5c44e8c,E02071,,True
372e6c83d3e6bfb01ddd4dbcc3fb20d,E06440,,True
1457498a90e319d637e3f94110c8d92,E02638,,True
bc1q90cabedb721b1452c2526e737e68ed,E00342,,True
1bca88997ea502c2bc6206b16754427,E06123,,True
12a940b6ddee126d5db0d11c5cb9ad3,E00061,,True
1b4cb61f0385cebef4b5a2c782fc7fe,E00231,,True
3764841acc73535297c8fd8ed0c5208,E00231,,True
19e33bdf00d5a655fb84f18d7d3ce21,E07274,,True
1d3511e0c3edd5c39590149077f6e36,E04906,,True
bc1qfdf7fdd8f61bf2c2c2d3bcaf86ebc5,E06051,,True
1892ce6d45591f4df14377bcbc44b7d,E07090,,True
1073ee87fd4e0b36a10d7230e9bba04,E06528,,True
3556ff382077e016e4c1501808f8cb9,E03796,,True
bc1qd77a809ae6befe8f2de908f9da4f55,E04452,,True
13ae5d7d9e981315362f686ac818e6e,E05550,,True
bc1q5510c7a4dda65967f2a7fb9a416b16,E06664,,True
1c2e552c732ece82c2be64b48f9b17a,E00222,,True
134edda79077353055df0ca3ff89cf7,E00222,,True
bc1q8fd4c33be903c459525d09bbde5189,E04304,,True
37d3a88dd2fb568ce023728d712288a,E01053,,True
1f625b92d88cdbfe97af87300d4c311,E04738,,True
3c086d107652e7d309c6c39005fc71d,E07046,,True
3117b017f28ef1adfe4e44437718796,E04695,,True
1a2a1d50775079f51335295c203c672,E07263,,True
bc1q6bb85c76eef2033ebf35b090a6cb25,E05966,,True
3ea7dbee06ff0d46f535f89e401ce0f,E00035,,True
bc1q41629fe1760a316a569918191caa95,E01902,,True
bc1q1034db8e0856a6970e930c5ee1e9b0,E05877,,True
bc1q8cb34f2c7a11315ff2d4400847b136,E01762,,True
bc1q7fbaf048aacd0a0ffdab65f12e608b,E03605,,True
32975ce9d3f904a5ca0678b1f8452fb,E04032,,True
34726787eaef4528eba2e783b162773,E02114,,True
13a0b5b39915bfccd526e64b9c68fd7,E05608,,True
3d6c8464978fcd7ce37237a7d89c7f6,E00908,,True
344d7acc76eeb55e5677805d31f23ae,E04625,,True
18a430d3b9c77fc59ead309ff918cba,E01676,,True
bc1q08852ec965c1bf7b8b9925705a346e,E07036,,True
3d18432249b4a0e1c1f989fdbd6ed4a,E02871,,True
153e9569044da99085cc132afb9442e,E03695,,True
bc1q6fa663429f2f1711173a785845ca68,E01680,,True
1a9b47188d76d5a9eabeffc8d8a5399,E05939,,True
1d50d51f76ba80aec364dd51f347d31,E02805,,True
18bca48e4a8354eea1a2306c2e91d65,E06968,,True
bc1q0ea7eda739e329606025b79e278a5d,E00351,,True
bc1q02bb3a07f0b657e85704a2b52ab533,E03145,,True
bc1qb7f792f977f6d34e1ec9c5b8f68966,E00182,,True
bc1q7d99b3d248db3aad861b3872a33062,E07066,,True
31224cbb7c4b3ee9b1fc6d1388149dc,E00128,,True
1a7df30356fdc0aebc8f6b7ee224f70,E00128,,True
3ce5c5b2f812ab52d9d177d4a9e3599,E02227,,True
3f8f9d04cea2f3db81bebe97182d248,E04896,,True
bc1qece13c7e34d41837be773bf6433d1b,E01626,,True
bc1qc454d1d4d8c52ed4c6c7db3cb48481,E05947,,True
bc1q45fb3e563b04fa9784713d18407642,E06588,,True
31b1b4c36ba49183b7f19981eed0236,E03783,,True
bc1qc1c10723ba51ef96e8bdd9e71bb588,E05802,,True
1cd22aed63ad933868816d696a335dd,E01262,,True
1d863db6eda0da75c04784dd4fb1824,E03148,,True
39bf5369a9735355d632294ce7a0ccf,E04982,,True
1fa5d8a47338a26047032f633b5f51d,E04508,,True
33f2a9c9f66f6b712c09c2f2abb4375,E04867,,True
3a2658a85f33a2f9cd4d085535648de,E00342,,True
300ad36a8d05715afd6d2d1a6ae32b9,E01084,,True
bc1q2da756f9102e2c608c5061ce321985,E03715,,True
bc1q365a6f9412ba97ae7ece3eee5fe236,E00873,,True
bc1q9b18271d7b83630db2672223bf1f71,E04993,,True
3d1a079e0655ad4adcded2d4bc8dc2c,E03058,,True
3ab86d1eab2bbe3411feb55410cde46,E02178,,True
bc1q875a3aa07546aad08faff0676d5654,E00353,,True
bc1qccb77fd5afc2dd69f37bf1c52d50fd,E00353,,True
349851b17ed51aff8a1f7068e45e039,E05803,,True
3a7ab235d2d43fddfeb6684db02634a,E03705,,True
187cb5e5421e3c0fccd5bf99b96155f,E01536,,True
bc1qd30a070d72734bf59c08f61c5e3b9c,E06187,,True
13e4afb0a2b631b4ec28d7d0e98c1fa,E04018,,True
1138ef8ea8104ad75e2c2fa6ad73453,E07308,,True
367e337d6e3bec0dd9fd016d6fd9d6a,E07181,,True
bc1q47e0faf0a013e926501552d975a10f,E03794,,True
10c9cf958b5dfedf2b47627c0c62677,E07234,,True
1434243768c9d5b11e830ba5ce19b63,E02285,,True
bc1qbb00704ba57fede6f6c7471d839b2c,E07275,,True
bc1qc1afd7a08ba0ef5ddc46f0344410e5,E01364,,True
1d9c72111afecf24a99a5a84318512f,E04388,,True
bc1q49b4961752815cbcbf15830a0175e5,E05104,,True
bc1qe5919ead07fb89ec233b655ae69a91,E06695,,True
bc1qb3350429d52d4a0411c747a0841d14,E00494,,True
39cc6b2d0c9ae4ee4ef858307aeec23,E01052,,True
bc1qda4463be94fae8438f374bd9e5f020,E01941,,True
3284af9428e31edda36967d9b2dceee,E00128,,True
bc1q189b5583cfed3bb32f7256c6acdcaf,E07061,,True
1381b4c761bcd2ca6dff6968c07fad0,E00138,,True
153a018312e673bbd65abbe3baf5a24,E03659,,True
16dbd49653f4313ef82fab37e0c5286,E05805,,True
37a3be37e95f4bd697235043a03001a,E05602,,True
100b45c66be2022beb929ecf850f1f5,E07208,,True
3079aa6d0aef9284c7e18565a667b76,E02229,,True
3c17204ceec793498cc00fc771d5fae,E01920,,True
38d33cd8c992d483b80d8f34f30b92b,E02107,,True
bc1qbf2d807d5642dc5c7e9a516db1e916,E04403,,True
1437483cc8c1daef3e3309345be06f8,E06858,,True
3da23340e78276d287526baa17a0f04,E02883,,True
bc1qfc25c269c55a32ec93993b815f1816,E00366,,True
bc1qadc470489c0d72da62632663289f93,E04882,,True
12d64a4016866e8625c25e7547871fd,E00338,,True
1a6e4f07efaab9644e21692266f4350,E06487,,True
3b52db8ff5b2d52aaef05913fd180e5,E05676,,True
168b4cc197f8e8ee67f4bfa33734dcd,E05463,,True
12f0fe6caf3f3d7f5c7a800f72dbfbd,E00069,,True
318ae0d845311fdf47a8193a57081f5,E00069,,True
bc1qfe6027c5cfd69632f0cc063b5e2089,E00058,,True
305d1c76828b0b74cc1032dbd16c038,E06958,,True
bc1q68c18d45ca17afe9ea9d49bc94046e,E00021,,True
bc1q69e44dd2d47ec76a77982b029e435d,E03119,,True
1c6052cfd32d0a9507ebae219510f90,E02813,,True
1fdc95c31734dca2fb170271694fec5,E01414,,True
1264ae0909e21ba8a38d5aa51beba8e,E00445,,True
32737f3388629ffb2a0f778809d6444,E00445,,True
3309781d165deb7a12698cbe3ad5493,E05146,,True
bc1qaf47fff425a31e1b3cd2f23f7aa2d1,E00058,,True
113429e01528a02a6c36f0202ed7cba,E00970,,True
bc1q08d65452a3231885fd5560b31aeb4a,E07040,,True
bc1qe9e110e28c35eecef506292d1f6edd,E04608,,True
bc1q38a4731388d21e605342f33ee53a20,E00058,,True
bc1q49dbd710aa7cac052765eda196d992,E06319,,True
315838531e8d1d4b17ed913ad90b1e6,E05809,,True
bc1q155e0d61e21b852afc787b861a9188,E01918,,True
3331f7c1842b1fd953f5b3ebc9ae353,E06589,,True
bc1qa15f474a714b3e30e44cb864076bd6,E06977,,True
bc1q1d54f543e06989e6c049531ea2418d,E01614,,True
18e4925e8b6c5c3873e2dd51c4d3529,E04665,,True
bc1q5b3f7a7e3616ae840dced5f733328f,E03720,,True
10126e76387ed6b2c12e2d6d8e46619,E05077,,True
3455b4c61a2318ebaf9d5d9e4773c21,E00058,,True
bc1qa2e9a023e33d376ed3d084f7b17fdd,E00058,,True
bc1q086f9ef69a02b5af00cf30cba3b54c,E02173,,True
3f1437cd63327dc68a6ac04b889cc66,E02102,,True
bc1q53e84f33a0527cefee3ce52339a91b,E00366,,True
12699d0a7a4732d8b2e97405bc5b7cc,E04785,,True
1e7337d04502eb517819bd59ed5d0b1,E04308,,True
3b754155eea27e5cb659f9f464697ba,E02757,,True
107d6aa73720283ac20edfb5f3c873b,E05186,,True
3e2de7e8d64ac7d1df93121841ecff5,E02482,,True
3a69a150c9e5113897cf6884bb30b6f,E02560,,True
bc1q3789d8de10af4c7020264b74dfd7b0,E07288,,True
120e8dab1f0ed9bce217fb3be654bf9,E01786,,True
bc1q229cc49ab46c07e9a95e4a87e44455,E07021,,True
3a2abda43f8279395c047e722e0127a,E01450,,True
1ef8f84bb28a93748c43b53dee730eb,E04836,,True
1092e442ee259893ad824060df81d2b,E01159,,True
312a259a1e9d50bd790cc385b4071b7,E06620,,True
16cb53260e86fd5009038164b4742fc,E01408,,True
bc1qd93b873c13ad33b826d71c2306d14f,E01395,,True
bc1qc51ab01450f1330279b3c573e7aab2,E03211,,True
3f0fdc5c1f7fd90d4c8ae8f8cbe3fc0,E00248,,True
bc1q0b063eea800d0edfb51dd8f0d752f6,E06152,,True
39a6079e6bbba9ed8ef8f094a1521ff,E00018,,True
39577afd68c9674823a71e099ec16a2,E02129,,True
16809f9d86af8f93f068051187eb974,E02300,,True
bc1q533e7b3efd1a5f4bfe0d8e9c8f9386,E01851,,True
bc1q1ff490ac4a770107d7a39309cf1063,E01964,,True
bc1qba26db2d3b4adc6386d673412dff6c,E03176,,True
1928260a1d72be8be35ef18586a9f10,E06851,,True
32de9c91208501a519835accf32f1b0,E03147,,True
3027d933e5f371dbc3048840dbffd7a,E00189,,True
bc1q7992ec72d45d85dfcb94452de74cf2,E01865,,True
1f527ede3a202fdeb7b2f0d2a47452f,E05078,,True
3b9acc94bada289c21ad9ddfe30ef51,E02983,,True
30873190c6e703fd5ab3fd6b7249d79,E01774,,True
3639414336e943796d4890ca0d60d4f,E06928,,True
10835072d798f3e8d8b4c60acc54c62,E05482,,True
17039acb8ad0d715f034080a1e3ba31,E07119,,True
3e2f27f4bd6a07d813ee22dc73e77c7,E01368,,True
bc1qb79eb4313794803526cc3c0a664317,E04707,,True
1670f08ef540fd09d17797dc97cd8e5,E00335,,True
1790915d23df9907decf519a58864ff,E04692,,True
33ee67d419ec43efc6c5725cdb7fbff,E05325,,True
bc1q18b28c6faa526b9193f527799e7ebd,E00335,,True
343c2a4d944a886808b902fa350b1d4,E07307,,True
bc1q5b601fead2d29af633f59d029dca45,E05626,,True
314deab406181404f00499c610154c4,E06888,,True
3c5e90795c70e06cb9bc851faf65e3e,E03200,,True
3a3a22fb9b513c7eb1efddc0d888933,E04658,,True
3ad9f833fc5c786c70c15e3b51ee0dd,E02076,,True
bc1q808cc5e8cc017ee0567f2b233546e5,E02840,,True
162a5aa2b3fde5dd8b4d672212552fa,E04801,,True
bc1q7cb2cdbef06a7b1ab6f1e76b7ca609,E06091,,True
337f2694d36c425854a398ef24cef3d,E02977,,True
3c6290519195af4073780b963d61fba,E03539,,True
bc1q97e3ab3db87d1532d8aff9f9c04882,E02049,,True
1b543d9de7bb24af1d2a933e64cd3ba,E00248,,True
17e2a734a76f1da0c663c65480c79f1,E00248,,True
bc1q169bcafa2ddc90bd184de74dc3188f,E05883,,True
bc1q988bf7b6214b30bb5811c3e2a53840,E07010,,True
bc1q68c3cb4a156fb931f47e8bac214889,E01899,,True
160aeb064c68a82c911620fd3d17bef,E02016,,True
1fa3dddfcf8afa128c1cd6e70e34adf,E00343,,True
1acf5335a64e07e423f3d010dbfb7fc,E02467,,True
10fa386b33a82a97a7342fc741d6857,E04421,,True
1d7d293ed361cfdb462ad7684d152f0,E04204,,True
13b7b076c381ab575d161ade90ebc94,E02036,,True
3ca0a2e3b0a4a4664286c13c3bf1873,E02261,,True
bc1qd6bdb51c79ac854642a480ebc56f09,E05664,,True
1dd99c35fa9c5f1c336c78400038007,E06518,,True
3cb22dd8a36025336f931569a199bd0,E00545,,True
312ac1a82dcbca23d10afa37d8b85f7,E04714,,True
36ea48dccbe094078caad0e16477c45,E01777,,True
337552ff3a6cbce4898d02c194dc86f,E06431,,True
3e7a08f6dfd0e735150ca4fa487bd79,E06608,,True
3bf5663de62e9cf7d7ac01c6f2c69a6,E02205,,True
3627dfb67042c78afa43fe210f90b10,E04215,,True
35187054d8e5d001698d5541b3af589,E06709,,True
1815c8e010d94719288e7baf335459c,E00903,,True
30664bc99e095a7205b3c360898bdeb,E00138,,True
109b3b883d51f5bbaae133eba7983c0,E00138,,True
146dd795613bd6920bfff5a4127fc12,E07222,,True
17ddf84f0c44ecbc78a7900d2bd16ec,E00150,,True
3d7567ded2eebea69b7d533bca83a82,E00150,,True
bc1q52e819c1fb16032e4da5c8d6c2eafa,E01041,,True
32183798f908e74d27b188d15dcdd50,E02513,,True
1eed3259f16723f96d2e428039d148b,E00128,,True
3d93296a3ab75f1c307afdc637ca94e,E07348,,True
123c2e57a9ca4e5cce76e4061415bd3,E04301,,True
bc1q3bae3712804b44c6ea3c9528b81cf6,E04055,,True
bc1qf76e170ce401aac7d1b01b198774c1,E07344,,True
31d384574edb32702430277e9cfa66e,E05711,,True
190b2c1d170c46ffd41ea8e26e79775,E00567,,True
390d29b2a93f811f21e0d5fcaf88b8f,E03160,,True
10ff1884c816adae8790993b65664b7,E01792,,True
bc1qd76d96a9a0758ef3a7bd25940e3521,E03194,,True
bc1q0febf7ad78bdb205292eab2bb7e5e6,E05909,,True
11999ab96ca6ffb1512c9d9e86eb8ce,E04200,,True
15c098a585dfd17925814d9638cf9e3,E00860,,True
bc1q98fb79ec78342ef52d82cc302d8d1f,E04144,,True
39a0bd669f841b0f90c9f84b184071c,E00150,,True
1712a7c7e3dc0d17b9cea939fa18b65,E04517,,True
11ff25efcc8919e95a3ba618ec565cb,E00041,,True
bc1q6c14b1aad1f17923d2819c4ef4ec7e,E00041,,True
bc1q7981b149446c4d02af111a0e6a0ca8,E01360,,True
bc1qdbc3b5ea5f492881c2e19cbc0cf8e4,E05252,,True
1f2fe867daf3ac2b591fa73c915de9b,E00041,,True
1a0bd167cfabaee66084908b37439f9,E06375,,True
3bd1191d7ea6028e56cf0f784f52d8d,E07345,,True
16051b97a4d349f48ad910676531d32,E07104,,True
3c83cb99a6f8e2db8c651f9cb112561,E06956,,True
bc1qef5c306aa4d235ededcc91c86d2945,E02082,,True
115cfb2ce45a9128aed0bbbfff8ed26,E03296,,True
bc1q6a929558a81e6fc768e2d688309d62,E06696,,True
3039ed0bf81a05d599d0372deb94256,E03859,,True
1f83a1b7069697733af15bed93d8722,E02469,,True
bc1q20dd3859bbb2d4a0e0926f2483844e,E00041,,True
30b309c2c57979734614571d75a213e,E04075,,True
396b6e783259434c5143fd511970cc7,E01106,,True
bc1qb22c8ce02fd0939398f71bace0a734,E01515,,True
31491a388c638c9d2b45510d7b44659,E01156,,True
1de90e36922b2b34b060b0f1c21dd71,E05409,,True
3aea8fc833313bb6177b7a3f09faaab,E04114,,True
3886f4f798997154fdc9bb92d493dfa,E04236,,True
bc1qe094608689ce40856b1ec9cdf56043,E02490,,True
bc1qfb334e236e900734680b6ec6090b78,E06419,,True
3a627611d121daf8a2571593d170879,E05811,,True
3ab382fb37d6a6da08fae515f739083,E00041,,True
31481f9008d755c786445f7e46f21ad,E06998,,True
1a10cf3835f996307f55f28341e4895,E01399,,True
30acfc67d9704fe8dca39084a1a4219,E03166,,True
37e7d5e4dcd553495d03545d5a76023,E06612,,True
300c7dd1cd14536ef423bd477e23864,E00041,,True
3b4e2de9a72a255a6148099d9f57ccf,E03570,,True
3939fcf75107ab39e93e92e345a738f,E00402,,True
1fd913c7575b8d752206aea094f4ef4,E00402,,True
bc1q175b61416ad0d7c3fed61e37752fe1,E01750,,True
bc1q458f37ab6f339f30be1901e787b73c,E00304,,True
bc1qa3c653d1bbffbae08d40412470c0cd,E05979,,True
354b57874f72d9ffeea6e19328ecb96,E03193,,True
14efdaa44f57082ee49d81ecd3eb1f0,E06462,,True
1bf1329c182d5c560985383d354988e,E01538,,True
bc1q7b4ecdb89429983532ea2eacf85ea7,E05129,,True
bc1q348b685ad28c2b84f4e6384e4d3aca,E00304,,True
bc1q853f9c4083a88f74f83f110fc1bcf4,E07273,,True
134d88c4f2ed3eb398e249757a55d1a,E01133,,True
bc1qe21a5a59e2ecda17e1525c87f8bf79,E03994,,True
bc1q0bb34c25818b225728e2b6912c4ca9,E00057,,True
13cef0b05d9f92f5f4eb06fb181ba83,E03663,,True
bc1q881cf25953b5d42e8596076f627524,E00180,,True
bc1q6d08557262c8cb5af7233aad2654a4,E07313,,True
39545206ecad0f561b0d81fb60c498a,E02491,,True
3731d6a9a20df7fe754933144dffeaf,E04976,,True
bc1q7663381d38bef3fd9d807266048813,E04646,,True
3a2fbbe53d7bd623a7a06450c6b23aa,E05007,,True
14dd38b17d1cdccde45e3f17aec63ec,E02329,,True
3fb4d6433c9e8f31e1f1fb7556373c6,E07238,,True
3f337b910cccea9ff2e286b09da2920,E02105,,True
3bffbbcd8c8018409943e761d4e2772,E00077,,True
19b45c45fd392e2c36b08907108022a,E00077,,True
115c223e20b7048267056706fb972a5,E00822,,True
bc1q2415961a512add7c6018a19db7493d,E03089,,True
bc1qaa8b70d0c5a067608487b073530b90,E02940,,True
149c2e3272580c305729ddf86c1d0e5,E04595,,True
14febf395857083b1639f148b105a79,E00150,,True
bc1q82ca83dd9efc3903d2c22ac0fe426c,E06886,,True
1e3541f85ad0985f16fe7c63908225e,E02583,,True
3fa879ac236b3b2c28c462f42fa7a50,E04866,,True
bc1qfbe696cc371c4cb23965d898ff7cbd,E02990,,True
1c3f36a45384b248dae661ca6bba95a,E05544,,True
3ecc6344167a8ccc0c8836881adbb3b,E02812,,True
bc1qdcffcf9a37ebecba3d5b0aa4bc76bc,E04653,,True
33e8dca3d0fc4c0a6d36bf90d2579be,E02270,,True
1b8787bb28acee3c027d360beb136dc,E05750,,True
1a58aab5f1930e0cda7a4510dfef633,E05113,,True
3ad665a6a771a9ad5fa51425d63e77a,E03399,,True
192eaefe06ce2d2d01fc1db22139dc3,E00853,,True
3c5248a6cb2068e67e90c5fae3b82a3,E06673,,True
3731bf26c69d38807b6e27332552060,E04434,,True
39b4c965064507cc955f70e90e9b76b,E01963,,True
10a2d923264f4a76efd3f61b4aeaec9,E00180,,True
3769cfe5a6a7a8abc0e852474ee230d,E00180,,True
1d3be33a2d05eb11bf4119229431001,E06106,,True
3cab5e9f70fdc0ca085df4796ddb159,E00077,,True
16ad093e0d3f7c1d45d91e17979fbb2,E03733,,True
bc1q20ca814a1eb843a1aee10b88c78c39,E04643,,True
398131ec4bb12264e1c47d7dc7a78de,E05975,,True
1b05433858b08b902d3e43149841522,E05106,,True
1b6101392b9d7b05400904307a28549,E06016,,True
bc1qb6f8e6fa957514706232cb9f2d13fd,E03310,,True
18cca50f517de551ef7ee1a5b24e2ff,E01121,,True
3bcd777d199241db149b46fbd397e58,E06903,,True
19c9a9d29c09a8548c955720ba40fdb,E01131,,True
bc1q60502e4ee733b4878cca26d8f92b52,E01232,,True
15b073cf17d7d201620f9d9447884ca,E04073,,True
39b33a646467710f1faffe7ad1099fc,E04590,,True
192755eba8bc05b2c143bd0271ce2b1,E01273,,True
1d8b293fd3b2be3c8441ff12baf8f35,E00184,,True
38c3bb2e80218b17c057ea680b7a1e7,E00184,,True
bc1q19ad6a601edf98548fac8c720c5e44,E04579,,True
144299fe8d333b18d2349a42ec1783f,E02405,,True
1132ac19d5165083b4a17cdb798e034,E03351,,True
1776d6ffd4339550f42336f2c8195e6,E04210,,True
bc1q1c1df0a40cbd1da6ae0e13f8ca945b,E00825,,True
bc1qa3b44e25c3cc9d68561badee287a92,E02989,,True
344e9b1f64f3a3ba61a5645e65de477,E00434,,True
3fa3680bad829e9f69669eebdb31ff5,E01284,,True
19e20e55cdc5284da07660baadfc399,E06317,,True
34c27773e97d6012a7815f358cb4a86,E00877,,True
1203e83468de879474b8e78c0414a54,E00338,,True
1c407267f5f61aaaee7c7a586296fbe,E07245,,True
bc1q5295ea487b25d79cf023dd277529a2,E01271,,True
bc1qa737d1a1e09bf146748ee461d15db2,E06966,,True
31ddb4f1eb8586302f860445e08e249,E04138,,True
bc1q81a793616b4a048115abbff0e6ed6a,E06006,,True
bc1q140798b388181a42c21e1f17ad582e,E00226,,True
1ca81003364e3a69395f5874602c1f6,E06616,,True
3222465dfe3fe670681b46bbdf89a05,E00187,,True
bc1qa1f6e18d31a34ac47acb1c5b064923,E00187,,True
36210abf6bd93eda1fa43b79e74f6a8,E03532,,True
17ca216297075956fcf11075b54ff6f,E03451,,True
bc1q2e148298a547b209a18b34b11184e7,E00067,,True
bc1q16888ef346bbe79caf4bfe7ff8a2c6,E00067,,True
bc1q590cee4d1b6d80c8575c8ad3946dc7,E01960,,True
bc1qb22894540f6345edd44660e80767cc,E00226,,True
3c87c3de990c65e0c73949fef5edd66,E03978,,True
3bf6c9c704a4a29381bc235ded6ecef,E00018,,True
bc1q255ab7a292bd6cdb95e9883398b604,E00347,,True
1deb51d3020d03f5a69e2c663a35592,E00973,,True
1ef609bf0f1da53b5e8bbd4eb1feef5,E03180,,True
37e0a30161f66977799830d32c49a41,E01080,,True
36b1ec98595c6c314f2125d7bc50aea,E02960,,True
39a87e41daf7374a25580efbdf7f8f0,E06149,,True
bc1qab48106e8a457fc712cf67be901a64,E05061,,True
301e39c2e54c09c496e62567aa991ad,E00268,,True
17e7ace072f7fa5aa0d19572f1d47c5,E06603,,True
bc1q930655bfa1bbd97c01fb86adec93dc,E00067,,True
bc1q42f3996fc247ed4f9d3bc01efe211c,E01921,,True
3cd5b5475e310607cb799a21a0a99ab,E05514,,True
bc1qc8255d0ea728b3302d3bb3aa50ec2a,E05330,,True
3db6e4595197fc2479f42d6194056e1,E00980,,True
16d3857a380f160e57fb49f6dcc58b3,E00067,,True
bc1q7a16991a52d6161894939e63846a1f,E02849,,True
3f003d14565c0e5f6762902564fc439,E01670,,True
32180be58c81b2dad5229e2cbcadfe9,E06595,,True
30c5c088a5044fa8da6b7dbe91cb1d7,E04324,,True
bc1qcf5b7197763ab7aae8ccdba57b3694,E02907,,True
bc1qfba3f04ce074f8d51826c2da0a5495,E05807,,True
bc1q159fe64f67f26c2bafa88892d13183,E05461,,True
bc1qfc83c1395374ec3e1894af7341cffd,E01336,,True
39b298904074f4ad2737ad8e83b2318,E04306,,True
bc1q627b0e8d7f937140c37cbc3d5b6535,E02193,,True
1ac7648b20c42aa1b42200d4637d5fe,E05627,,True
bc1qa34689d0e6ed3b390a1caa297ff952,E00242,,True
335451f3da70b4eb139e289f127445b,E02530,,True
32a988af660927ce454e252515e1a13,E05709,,True
1ca8b6ee6f7b3d428af3b731d82e2a8,E00479,,True
176bee8256e5aef6451fba0b4bfd751,E02459,,True
bc1q6a3ee1ba2530b4bf68e6086c28cbbf,E03680,,True
13b195b0a4af40db60890b921e8265a,E02056,,True
37fe046dbddc563fc2f09d44ba54225,E03744,,True
bc1q06805555114558fc4243526d987038,E03599,,True
bc1qea03938bcb23169e283d8e011f590c,E01929,,True
197b50c53464483d88fdad5bb472d99,E06869,,True
bc1q0dcabd7ed17acdc8557e966ba8d736,E02045,,True
145d332a383da5ccd78f4b6716407b5,E01248,,True
1e156df22b6995e0a14b309c173d1d9,E00017,,True
32ba3217a14cf98611e6047790a474e,E02538,,True
3990a853d4207b19668d075a7bdfb01,E03054,,True
16dbcdf7931d814821fc47cb6d09d3f,E00226,,True
bc1q1ee72b58488d915b785e04ca813b8d,E03667,,True
3f2a72706396fa36628e0dc7e4d2df1,E03051,,True
bc1q793c994fd6b65308e83622c2041b81,E05084,,True
bc1qdd73e644a4adc327bf1cbecb400de3,E00067,,True
bc1q3b56822174fa3bedfd34fb48b274d1,E05917,,True
bc1qbbb76dbf2a865788a97690f9fd2346,E06512,,True
1714dddd604a354b23bc6c838436d94,E00242,,True
182c68b21d80051418b8cd526e5e61c,E00242,,True
141c7534b09e435fdcab04e32538b6b,E05123,,True
bc1q0d8dcf9589061c2ca52d58579b97cd,E01952,,True
bc1qc47eb72f582e9ee371253e11a307a2,E06070,,True
bc1qa8edbaa6a43579c14184c30eaaad9c,E01298,,True
378fb108fc2c9d4c8aad53f75afc0d0,E04588,,True
1580c05224c42b26d0f3b331a4546a2,E07321,,True
1aa268947b166ba04ee257701579908,E05781,,True
bc1q52b444efabcd734fe66636f6121d2c,E00382,,True
bc1q7951d521cc8ba7ee854c728a9b7b20,E02609,,True
114570a096b922727bc7004b4072f12,E07339,,True
338ac1b51f63ceae391bb7f7843ddd8,E01401,,True
350b7b01c36f45c68a49e8522256515,E06465,,True
36c4f4c5b92bbb6c84741273d61a1ef,E01519,,True
30314f1aa2bcaa7d90da48dce0f3a53,E01042,,True
1c33c5152eddbdb341583df5ceecd7b,E06729,,True
105563767e76c9860e32c1470c4f3a7,E00420,,True
bc1qb191064ab8115f4b1496da2a1e3bd7,E00420,,True
3b3cf337688a5fa99cfbd9760692251,E01947,,True
bc1qdf31e1d32fb41d231ae388466e8bc5,E07094,,True
1c9b670d0fe42afb993c0415f54f332,E03370,,True
144f03fe09912deaf50061f41e501fe,E04214,,True
1aecb9666c6ea9bdd43fb548b8961fa,E04907,,True
3b30e48f463beb70ea8fb71bd7bc80c,E03862,,True
bc1q679355febc27297f37b8df4e5a1cc7,E05541,,True
162bbf895d12c70d5b07c12f31d40e2,E02676,,True
310787d28173345050bcf476bb2807a,E03377,,True
bc1q88f683d38bca4e53fdb67487f766a9,E05257,,True
11f7e09b79908b68095fa69db07a2a9,E04684,,True
3181cb908455deced609188feec51a9,E06414,,True
3687e18ff6ff6826332472ccdccd0ec,E07034,,True
1d6aa001b0f8fead2d88ff735d21499,E01400,,True
bc1qbdab553458e9bd1724d7d71bac0f9e,E04461,,True
bc1q6d6a532f99180750a2c011160f79f3,E02508,,True
1bac6d9a359bc32fc75fe235f8d566a,E07332,,True
16c0e16291685747002450a14941a7d,E07168,,True
3bdafffdec0a45d765aa3f582aabada,E03311,,True
147f065859b9fb39bbbcd3613ddd5b2,E04796,,True
bc1qd9b8aa5a81b2f3169b97c200a01978,E06293,,True
11ff8682e48e95bdae86239f05e6b17,E03933,,True
188b248a590666db0cf91f84272c0a6,E06530,,True
31e42d200679b62318cd979fab0a15d,E02272,,True
378e90ae9af6d283665de1bb2e33ad9,E00832,,True
38eed8df3843346945f4281236603b4,E06782,,True
bc1q073024263490a121737acd3e3707dc,E05291,,True
bc1q8556bcf772396b1cca83e91771490a,E00947,,True
1672e7c1da98e6b27e5de7ff9cfeef7,E03302,,True
1bc5e43508e7f131cba4396d1a5b29a,E05668,,True
bc1q0d20bdaaf0e7c56b6e4373932c88fd,E03157,,True
38623f537b9dd6e009dcfae021ac68a,E04620,,True
3f1042897ab1b2a15b8790be6f640ca,E01919,,True
3c416b21c74ca366441babdcc981235,E00199,,True
13fd0ea904fda438d0f24a51b970c23,E00199,,True
bc1qa286aff4e0958b17ded33198d947f3,E01461,,True
143eeec3df8b48b915cb1c672cd11ca,E04145,,True
36f2e6e64d083d7c3c25410ec7e6a42,E00919,,True
387e113b6267c2c46ac9a6eb46972b5,E02509,,True
bc1q80d2a7530a62630c49591bef798c00,E03178,,True
3718fc4beac26576678b006b8632715,E00397,,True
bc1q35524cf232eeff2442fb64300087dc,E03031,,True
1bc47d78a658cfcbb7d99e13e245c76,E02564,,True
1223db1d4a5c5c577f0cdadc75901b9,E06311,,True
102e78415c78ccb7bf80355e949e29c,E05154,,True
bc1qc3c3cd7ba4d968111a7b12cac33129,E04123,,True
122eac85b9bbe0beada7aab4fc4afe2,E00984,,True
310843e07840aba8d734c8b7f906ced,E06506,,True
bc1q7dc02462be486b478946719374f923,E04904,,True
39d9c7164423d22ea7ff80858f02579,E05133,,True
bc1q290aa4c4d99bd464c6a7c761f350e5,E06099,,True
bc1qbeee7586f9f246bafa0fc357ea7c88,E03279,,True
bc1q5f53106d7f80cd343c4990c007e123,E01849,,True
bc1q46beb1365a2ddd51ce649bc0c41836,E01651,,True
39d9361ae326c53ad9e9a10a9c15adc,E05398,,True
3665ec4222ec711ef6d5b4bc356dee2,E02844,,True
3f4debdf4a6af9d780b8dc0d9c0847b,E00085,,True
3e3a0aa8c44d60f8efe59c393b91ea1,E00085,,True
bc1q5397abaa399b2ca1ab975e54a2315d,E01389,,True
bc1qd5da10ae94c0b5aaf1c93827d54ab0,E01840,,True
31eae5a90ce88df2128e41979c805d0,E00585,,True
3aa293a5234e5b719be57a85ef5b4b9,E06156,,True
17c9aa33151f2870f7e513ec201c83f,E04610,,True
bc1qd1f2b57ce137b2b8c4db09a8e3dc0a,E04817,,True
bc1q04ff7a09076ccc9aa1274568e3b243,E04293,,True
19559348b300329f55c12c668c5eddc,E02453,,True
3a0c0957f4125048a19ece67ba7697d,E03719,,True
bc1q3c4a98edaafa1675b3d827cc6bb406,E00382,,True
bc1q8d67e8e8048c914c15b7ec8bcae422,E02130,,True
3f829d0075f87489f4c682932b1770f,E02218,,True
108a29c5bd792c61701817a0760391a,E04553,,True
11f42e06102ebf3fc623364a859decd,E05543,,True
3a89fc11672286998c80dacbcdf9b10,E06976,,True
bc1q9c3ff9542ad82497469c9c3d456837,E06079,,True
bc1qb3faec36d43b13b61a54a74fc5668b,E05088,,True
337af51760630725c9e15682d4845bc,E03313,,True
345f363a98112a394e190ac0a1e9f2c,E00478,,True
3426d97eba37969e1f38d65d160cf42,E03752,,True
bc1q855f10e0a37d367980d3633364c114,E05719,,True
14c137c6026c892b214af7b85263b8a,E01675,,True
16520a79e5485b4764bc004d9b833fd,E01624,,True
bc1qf7beccae14f515013f68b4d1d00f29,E04958,,True
bc1q1578d9944bddfdefa8972cd4c4be39,E02157,,True
bc1q714980d35719d6370bc6400fea2b4a,E06105,,True
34b6ba6f7c2da50f915d1eb2a90d49b,E01948,,True
3ec95992a871982224939ce29e976d4,E03246,,True
bc1q10c55af39bbe071f23133d37de78b5,E04647,,True
bc1q380bd418b666f84ba0768a7b2021f7,E02939,,True
188f258818b0652797486268352a5d6,E03183,,True
bc1qe0914492b100e6b37c8bb85fbf0670,E05412,,True
3fb7870d6a70990b79081413137073b,E01715,,True
bc1qf8b7aaed799a10a41968e59c5fbcb6,E00134,,True
bc1qd1c4d4d7fa531bcac7ec48a6e9dafb,E00134,,True
bc1qed4d0fd2e9a4dccc74a735d85e183e,E01913,,True
bc1q06cccc9486c13de062840b842406fa,E00234,,True
bc1q968aa25dfd0450cb59f4597890152d,E01093,,True
36592a63e792a663cb8a4b4702327b3,E06086,,True
3c2ad4fe36585bf2d8150772c729710,E02234,,True
194871323f6ef6dc78b520f1b512ebe,E03268,,True
30394f544a277b70b8bb97049f641ca,E02505,,True
bc1qf86402295b2f9bb71605b245d37bee,E02239,,True
39b22805c884d5de76e6d65a7487eaf,E01861,,True
351fd2022ba6c4973c5a96c4d9f08b1,E06898,,True
342c4cadf894357a5ec89512b2e9823,E04756,,True
bc1qad21d97b6e5d9590390c2e4d6f6aa9,E03281,,True
3e9f4c6357f57659b570c7f70e1d1a1,E01863,,True
13d0bb4980b0ca570751d9e08e130ae,E03991,,True
3722b443869d3c9d743b5a89e15ebcc,E03778,,True
12ec37492811d91c6a66ec2dd91d67b,E00819,,True
11eb997cc39ce1b8e0fe8d74ddebfec,E07048,,True
1ce7f52b4c6d134639f914e0aee3318,E04249,,True
354ed3dc003807335abb31f0f0d3165,E03729,,True
11bf2235987e1e63c1517fc99bf88ed,E06756,,True
1a32e3a8802d74aeaef2ec218ecde2b,E04035,,True
30ef9f9b69adeac06f4b0ee2e740569,E04731,,True
bc1qaed5579fff8f802e0182a2c18918c6,E00044,,True
10ca3713ae8d359bd561a8e9f23a324,E00044,,True
3522a67f407c3d7f89c03fd72c3ab3d,E01934,,True
bc1qe6b7bb43a8bd29e6b519bfbfd80514,E00988,,True
bc1q76d197d703f7d2c5f5528abc9842c5,E02211,,True
bc1qbaa353a141d46c73be1b82b1098d5f,E00085,,True
1bb71089fb540d0df0e891541f11885,E00085,,True
34ec8bdca2562969b632d1f4f673cae,E02096,,True
bc1q24206bccda772bf3f9c3fb465159bb,E00537,,True
369ec8c9d3b201282d3066f75d265de,E00847,,True
1817bf3c78d76426f63def851a76445,E00525,,True
31b2765f38324f7eddcac0a97206c66,E05913,,True
bc1q4d0745279f5df0da2d6df9a3c14a53,E04562,,True
bc1q83a77c45942b3861af80f5b8bdb73d,E01936,,True
1d073115aa77e2e39ae4e5fb62e1990,E04426,,True
1123c88050b96a6fdb302c806dc68c4,E06974,,True
10fb8d6120da3cb744d39e40294a9c2,E02339,,True
bc1qf688802dbc3322b19a69a4e1bf0464,E02518,,True
17ed79669651c4182400395b062f6dd,E02704,,True
3e97fb39848ad16749f4c6f2ddf8c44,E06752,,True
3e4e995740360dc05b858661ff18688,E05801,,True
15c1a5b6c5e65da1a4698903d75793c,E02914,,True
bc1q0845a7848054c5ccae53f73cc4941b,E04720,,True
bc1qdae13aff9779f7234b20fdff7ca58f,E00440,,True
bc1q42d9c5e991e6d58b0a4802bd64e8d6,E00440,,True
1d282d5482702f04caa568bc523b4e9,E04633,,True
bc1qb0d38ea2f974087c2178e4b11822ff,E05229,,True
bc1qcef0a5c39c1e3237b00c5e751f7929,E02295,,True
35f9209cc027d43d622d179bb5ad45d,E03206,,True
3b83659e40166ff001bd0f875845ce3,E06919,,True
330fee71b3742b40786f4045bb4ddde,E03290,,True
3ce6415a64f36b71b7ec8e0ff80d07c,E03340,,True
1f3fdda3e8ba891d5c4b30ab9175922,E06655,,True
bc1q2015947b7510b565dcae7f4420ccd0,E05617,,True
3378888598c0a9cc173029e2eb8b735,E06306,,True
bc1q592ab45d822e3a6c6d282b69e08370,E03627,,True
1e61f6c29435a8a4273338791edd5db,E00057,,True
3e814adeafa5512c1271bf47601e58e,E00434,,True
1626ac604036d538f902934a24d084d,E01313,,True
3bcfcb8c84eca0c0826d377d3ac907e,E00093,,True
bc1q6b5563c51c8fb79b5f5b39672d7e42,E00093,,True
3afe63687664a7f390f0e687ddfcbef,E03827,,True
1618192db370ca76ea5e3418e2ac3ff,E05016,,True
39389820b4ae3a6d777834c0afd3db7,E00127,,True
1e94bfe8d78f8fe2f10ba366bbf548f,E00127,,True
1469832624695b99deb7a4b17db4613,E04970,,True
372bac2cf6324b4eca9eb9dd0d93b8b,E01613,,True
1269091c9bc5d2c6ddf76ae0f3fd2c8,E03932,,True
bc1qac8ca9be1eca4c60710fe780275567,E03314,,True
30e7b35dd167b2601a602dc130096e9,E05905,,True
bc1qa3c02b9591e4dedadf3a150dda058a,E04402,,True
bc1q74661ee1eeb1f133b1d0dce552d0a8,E06336,,True
bc1q9af780f83de518a953aa5ad00d5eb3,E02070,,True
1ac9261714252f0f447b2c29df1cfb1,E04711,,True
31ad1367472bd8465cc59d62d520b16,E06288,,True
129a552619738bae5afe0fd879883f4,E03802,,True
bc1q9bbf777fe4530344a42a5bbb52bb93,E06987,,True
bc1q6bcbb3e9b758eeee6c69f7f8c92b4a,E06576,,True
3075a58ee1a878a85dbd0221474a551,E02568,,True
3d907a35d20d8de24a11c7fb63f93f6,E05990,,True
37ef381dd3807eb7fd9e280403a730c,E02597,,True
1d092e7ce02c11770e08b473cad907c,E05605,,True
15c01b45e3a94ee1867a7802cd37a65,E00199,,True
1d98ba63db673e5c2dc985ca688800f,E03576,,True
bc1q53dfab8311745ee145b7eb230499d5,E06443,,True
bc1qc35d0ed428c6b57f7c8e2c4b8b7e91,E04931,,True
bc1qcf444015b98f07bf6b457a7087759c,E00093,,True
1c239a90630569709e05798a7541ae0,E00093,,True
3e266e6ddbc71c7d77901896c544ae0,E00172,,True
38885461b35caa1c1467fee02351b4f,E06474,,True
1514b04f07314f6c2d357fa44a5df17,E04399,,True
bc1q728d0685524faa842f62a12f4a92f4,E04973,,True
352ecac8ccc617e81b669514cdf697f,E00031,,True
157637955520712af92ef221d2467e2,E00031,,True
1b7226859a64054a144ca346f4e1c5c,E04499,,True
1cbcf4289fa702acf683785d1609b6e,E01783,,True
1ec11a4083ed925c90d35aa914cc11c,E06067,,True
bc1q5d873979c029990bb5c47e48c503fd,E04094,,True
1092351fedceb6584aa6e12208a9c4f,E00972,,True
332440f0ae263e06e663c0ac1e0a4a1,E04263,,True
1572224ae0730caff9bc071e44e704b,E01128,,True
16aab2be261dfa559e97496c4b95acb,E04749,,True
1671add86b8afefad443c485e8a10da,E04504,,True
bc1q9c5dc7a9b4963a4ec4e8896c9522a8,E05402,,True
3c18c3b7d30e5e43a75ede5f2a1101b,E00935,,True
3aa769470a5e979a5054cab7ba8f78b,E01255,,True
1b9e830076c1b3b77a3bcbac2b1dabe,E02949,,True
1ba9926dca2103316ec34b5cf6ad43f,E06034,,True
1501e2ffe3ddd26bf3c731bf86dda0d,E04948,,True
39ffc1d5574cd12b9a89389adbf2c7e,E00018,,True
bc1q1af4d05569b6bf4295fb7a71e5c862,E00153,,True
11ef5e863ed748ebe3dffb6cd4f9c54,E04975,,True
3cff32639e9b2a9588cce05aad7e7d3,E00540,,True
326603cc9c2061b6b892151012263d7,E06747,,True
3ba589fc01762ce96cd5029a21b65ed,E06425,,True
1b86281777c99ae356870c9758014b1,E02254,,True
38f7a1e5a1ba9db146691895ca43e71,E06613,,True
1f3168988964456b344dde4bcac4426,E00171,,True
1e8ca0b6504f7a97ab4d3588f6068e7,E00171,,True
3c6e29ae27a7451d536719d19e84e21,E03673,,True
3bb91a8ddd592425d4dbb98a7e85776,E00969,,True
33930b9b998091691e63551ee935510,E05036,,True
160ca1332b7b4561f22b19432ce3db1,E01917,,True
365a940a9376658aca0e259bf29d84c,E05419,,True
383b2923eda24377d4031ea4deba12c,E00596,,True
16cac12c8b3eec3650faa58bc9bbc77,E07140,,True
13fe46b3950a369ca0e1a5213009946,E01390,,True
bc1qaeee9c2ccd55addc9859940df39203,E05562,,True
1bf8a577af627ec373efa410f429228,E02187,,True
162a0ccf12b3d0b2ff1e1d03a9e35f7,E07203,,True
3fefc623a72b44da437d21b0f7aff6e,E01473,,True
10733db51259886a34772a8c123e1b2,E03834,,True
3f7d0ee211f632b752caa97b60df6a3,E01915,,True
13f9a28d320d3b2317a39255716363c,E00171,,True
35230fc8f24cf4778b7720fae34c24e,E05420,,True
13bc6c46dd5346eab2f4642db6fca27,E05368,,True
11fb58b87b2b6ffab7d601afa29f5c6,E04732,,True
bc1q7f1d8e9381e15a5621d79f64d52043,E05297,,True
bc1q6e4c2b04bc5453fcee2f599ef4acfb,E01700,,True
13820d335000529b5a8db842a2994ae,E01992,,True
10133d5ade698e4c2801c520388d0a9,E06993,,True
bc1q824e9ee18acf87b09609047bf2b65a,E01024,,True
3dfb0d4851eb39ea431fdf2c965afa7,E05340,,True
bc1qc8f3f70ce0c86ef4fa688c1960e2c9,E00456,,True
3726f9c6e805b112d84421a755e0c6b,E04383,,True
15c6e7ea6c7efe0df7f62070e5b6b91,E02446,,True
bc1qe5a270a8f8687bb766ac85a99c37b3,E01782,,True
171a91c4eee5680b0ba8fe363ff910d,E01581,,True
bc1q8a1ef496c6dc74b9fd7aed7cea8a25,E04641,,True
13ac0e7357650f90937a98296f48688,E05607,,True
3e79a2e4f6d8d2d52389ed898dc47f9,E00147,,True
35a150e8af1934e0db27d4fa79768b5,E00147,,True
3312a98014212ccd07be54ebd82c6fd,E01257,,True
bc1qa8a1f9495c948fd806d32899adabdb,E00147,,True
bc1qb16a0f4fc711d295343ce212c11632,E00147,,True
11f2cda8d2a5acab4f277696834a474,E01759,,True
397118a43785f0576cb084682f154da,E05335,,True
331f12b8a93b2a9ee834d7338c7190c,E05881,,True
bc1q88452357b1e40ec8fc99eb4ce43f7a,E04635,,True
160fb29845ba11c2e791bbb5d160453,E03292,,True
3a3b23e38f13022120441f33560a66e,E00845,,True
1180096eaf8b092b78fe9d7448c64e0,E00837,,True
bc1q1af129acf1ff9bf55dd53e146c15b2,E05074,,True
bc1q04434fa6e240c397463d8ce493b0a0,E06592,,True
3051fcd56119bc24bb33180234721a4,E06217,,True
bc1qb2e9c74d31f0f701e584e2c3c039e6,E06568,,True
3d68e9e93c53f25deb4b9aef82b85e2,E05991,,True
123e57b27dfc6e084c469b120c13845,E04228,,True
3e44a757e53acb02d71504ae26d8f9f,E03368,,True
39c7d885542ed1c7e5378c2d062f662,E05969,,True
14bcd1cadce0f9a317de6aa8c33c9b4,E04003,,True
bc1q488b8a6c04e0d4f5cd6db1dfa5db11,E00274,,True
3189bb899d72f60529d82f835a3b604,E01087,,True
bc1q5f81982212f73ad265e9fbe21ef84d,E06224,,True
107c35c44e1acb1e8dd265df348daeb,E05777,,True
bc1qa6ebe79e418884c9d0c0fc9fd60922,E00175,,True
bc1q1149542bc133fba9065b41b9be1d00,E04350,,True
3bfffd845d89da60a5b4eb256679189,E04125,,True
1e95e175e48f8b319d6cf8225b96454,E04296,,True
1d231f3bfb0942cac77776266205167,E06978,,True
32db13dee6ffbea8df7164713769ff9,E05311,,True
bc1qba70c9e9368ad0f52eaf63badfc7a8,E01888,,True
3adb389e018be6baf454efe1bd9d156,E05746,,True
1dd0cff21bb008fbad86b9daacf490d,E06885,,True
bc1q5a7be94bba8a39e5e19ec1aaf403ca,E04056,,True
3084f6665a7dc37f7748fd7a8fe7812,E00358,,True
33b4afefd10c3f35a3148518b075443,E00358,,True
1a7474e409b9de533cf79ba2e842383,E05843,,True
32f76aa0c0b0189ee46e7e08f751ffa,E00383,,True
31557bd2b5268f7645563afdd5dc7fc,E00383,,True
330f50f752396ff9700b820f7526f08,E03003,,True
37fc43148d1946931454d09f920b0cf,E02294,,True
100746cd2c8406394ed5bb266e66d18,E05659,,True
12bb5a1ac5342a58cd0a5ad71a49adc,E00057,,True
14cc6b843cc7928bf384e3e91f5b43b,E05820,,True
346eaa9849dda7cfdefbebeaa9ba284,E05296,,True
117ef71441b1a37a931f6476f242a0f,E04001,,True
32855343bf34f6cf83296c183de069c,E04937,,True
399524509ac3640b412b428c008d638,E01631,,True
14a7104b13ca8e17748390c6a0ddc18,E04644,,True
3411677c5b398d6436c00aacd590016,E02929,,True
bc1qa56b34706b771ee5c6c8a46c358ce8,E02762,,True
bc1qf4e9677aea3cd1b75e87be5f6557c3,E01853,,True
3e5717696156e3e1bc4784a9795524c,E01260,,True
3a1c58e42717ada148b119ef45e0a21,E02248,,True
bc1qceb7f2808eadf219db533e80ea83af,E05019,,True
bc1qa9cd9f34ce2128d830996b124c2aa5,E06515,,True
bc1qf7b632db3f94af636ce195cb827cb5,E06909,,True
37b843c4cb157bedbe23e2048484083,E00290,,True
1f5dc74bd04df11a7e969c5db2a6ea4,E07241,,True
1b4347dbaf0c07c2f976fda80f703ad,E01010,,True
34e85034c0f06c5300a76e6798de3e9,E04783,,True
1944d31957bce2f109797e1bd4bda9d,E01372,,True
302d22e63b1a52e907001b61ec09c35,E00213,,True
bc1qa68213a525dcd008b9b2e94d81c859,E01642,,True
3443e19d62aceb3c62f733da2c1c19a,E04448,,True
36906b5f62162ab6ba64252776ffd03,E03871,,True
bc1q912cf3735e81531c3892e8f2cfcd63,E07270,,True
327919b0c48e5aa020741c5a91c9fae,E05117,,True
bc1qd70494b12ef4953559e11ba6dad435,E02018,,True
3c349266b241f7c05acf9f0829bfa81,E05285,,True
10db8745a90e6680bf14a9826bdfbd0,E06823,,True
3b9dcc5c01f4d206c78a746f5388bb7,E01213,,True
bc1qc0f0dfbc68c7e5fc10bbd70593288e,E01971,,True
bc1qbef200f114f77445985ebe2082c20b,E02966,,True
1fbc2d14655486660d4417c328302de,E01806,,True
363cc076f216d4d5148d3bf60ba3923,E05434,,True
bc1qf8247476fb6956bf67c2e37ff2fd87,E00995,,True
1d5dfc3489274ec99e9879a794559a3,E02098,,True
bc1q5d08c29e6eac9cc8bc7784a8c99656,E06692,,True
bc1q82d9f781d051f8bf2683e99dda7c76,E03536,,True
338de925aa224fada27e9c84a9a542c,E03577,,True
bc1q6473f6250660d157e451ad59f5dd59,E02150,,True
bc1qc15624cb943a4c66c351df856cd061,E04666,,True
3d2ef9c613d80c2a22a25fd0f2a1e81,E04316,,True
bc1qe15538ce19b2385a9ba182912535ea,E04258,,True
3e1acef30af22602be5f776f4b685ae,E03535,,True
bc1qa05fa262cf8e7e20a2205d0dcc9c76,E06225,,True
12de75a46052bf025e0a60e52818ec0,E00551,,True
16dfe8846280b2ae6b1d6c511e1626d,E03879,,True
bc1q4e6179cd16aeab72c8b62945dc9a48,E06988,,True
15d4c1f3614020fbca2460cbef4ce08,E00175,,True
bc1qed4e35f45d9b9ef947ce62e45521f1,E00175,,True
18dd4d4baf7cb65a9f6e9b7c55aebd4,E07212,,True
303968cb9f907864fa070f06dab9929,E03236,,True
bc1qb7b24f592cfe25b858e2033a52b383,E04420,,True
3b589e1b2851fbdfe689e8f4422990a,E03424,,True
bc1q41b81070f2d3a24dc9237717fa9bc8,E03895,,True
30ad4e42d75550940d16018ccb4f3fc,E02619,,True
300b60e74d488ee80c9d17f69af3d0f,E00565,,True
34328bf6cbc7e602a6ac433df618c5f,E05386,,True
bc1qb88e336c1036cd1249944e713db204,E04391,,True
bc1qc29882bcdc99ef148529498bf640ea,E06593,,True
bc1q448398bbd4ee9b8e6d84fd66e55a0e,E04864,,True
34e14394d126ab13313f36c8de58a88,E05241,,True
3b0b4820604844f3181b56b67fafcda,E06467,,True
3816c5bc1a4b3c6bae222bd1a9e6038,E00134,,True
3fd1df5c905ef90998a75dde2970c5b,E00134,,True
14e8611c6930a82b0d7850485fd50ff,E02501,,True
1b224c95b7a00b5bb0060178f9a918c,E00597,,True
bc1q4b6ef1f7a2727eaf877e6c54499ccb,E06986,,True
bc1qf4cd63434a184284d8ec6a7d5887a5,E05934,,True
3b90914ac79fd5503d215148c0a268b,E06483,,True
bc1q5a15fcc8cd015b5dc838f08c8df318,E02856,,True
bc1q708577b7e1cb212e80c748de78c603,E04712,,True
38ad065aa0e0c70f10471ef1580ddc1,E03445,,True
179437b715e3421e8e318ea9a235bd4,E05522,,True
bc1q734cc4a5d34d61c69183b5c35d3157,E03048,,True
1474e85663385b5f2f791149c5e2a3c,E00370,,True
1ca131673e933d3f6f846ce0ccc48bd,E03485,,True
bc1q2466bbd010ce6e623e93048468446d,E02342,,True
1f3e6460e1ecc9a9e0963f92a575f21,E04544,,True
17c6d06e0bd65738fbcea4d887ca18f,E01030,,True
147c534831448cb053f349fa2908eda,E05846,,True
1c3b192c1785e77ec3b9258f943375e,E00312,,True
3be65f3b180e74cf8dbaad1a0db05fa,E05433,,True
bc1q37b5110e88971ac61b216564ed08c9,E00168,,True
bc1qbd4feac1c05684cd83455933bccc5e,E00187,,True
3fa6add20f08b3cc2950eae06ac7b10,E04019,,True
130489212254594fe0a63d4d33b3d7b,E00057,,True
17c3cbb4c63c61b45d23df163cdacfa,E00057,,True
1f2ae5995dbaa1fcfd6f04bf6e920ac,E06672,,True
3a942b4bd2dfffffe85544c3e859c67,E00152,,True
bc1q9b7cd50ad7d77c9bf41cc6af1fbe16,E05196,,True
32e9e6db70bf7f65750c1566ce222f4,E03358,,True
37c087254d626083c8e27f4fedc0961,E03453,,True
bc1q1a0011105e3440623a2d91493e7da1,E03582,,True
1fb2fbeea46391177e2f124381692f5,E07115,,True
bc1qe0147357686c78cbf01dcb6932317a,E06141,,True
3e6d7e59a117c5a8d8957fb4a357184,E02057,,True
3fc2abc1c00aff1f9ea671032f59f5b,E02528,,True
bc1qf0655f4ddf1e98ea58faafb404d9a8,E02364,,True
14a549f5676dc0257994d7754c0d4f4,E00487,,True
3ca2cdfb9f851169a8792d1856ddbda,E04566,,True
359f267584cb0f748ded8be031eef96,E01428,,True
bc1q7faef166c080cf1c2084f43c94fec2,E06511,,True
bc1qbf0b7aef292e5d6baafc703d50c7aa,E00394,,True
bc1q9a77c085afb75be4c4607130aaa9ae,E01293,,True
bc1qf06047b1c3f9d551e342b1cfc85399,E04385,,True
3f4ae5acd7b6acd0a4434d1994ac61f,E02997,,True
10bdfa5c653705e72e27aa8f081eaef,E06256,,True
18979eef15f2603c83455877afd27ce,E04951,,True
18d168e6d72225a488950b63f001835,E03927,,True
1f4f38b9664785be0e138d6b1559a80,E00287,,True
3d8c00b2075bf1c6c6783161f63faa7,E04348,,True
bc1qdc091c589cba775f5907ac68e5d3b1,E00483,,True
1b304f3da8f186149a22f26d7b84b35,E00127,,True
30e6e015a08d1ea6b32fc8bf22c212d,E00127,,True
3f255b7d314533a6f33d206dc1c7050,E06801,,True
3278477ca24acc486b5eda443cacbe6,E00394,,True
bc1q17d8e8b669c307487a2d8b424c330b,E01878,,True
bc1qee5926e26ec7f73f03bfa430e24438,E05874,,True
33f843ca46f87b58d45e921e64b5523,E00862,,True
bc1qc5b88b1fce5fd2f59d2bd746a014aa,E07054,,True
389e6b9df8d04e4b9d8d7b9041da9d4,E02206,,True
bc1q2146de3a6b65aa698f307205bab8a1,E00360,,True
347b58b8a9faf2fd0380a25f0ff772b,E03743,,True
3470bea01e6ad1d9c6c276858e0320d,E05875,,True
36a5a2daf344e9d6ad14f029dd01cdb,E06477,,True
112cff9798e304b756c6b392279a462,E02283,,True
bc1qf543c15095f881a88d37de6c1f0650,E02354,,True
133524730902a1241553e7f6967aec0,E02596,,True
bc1qd70ee6c63ead200b26c33945c090e9,E05111,,True
1fff4ebb4c4d672a99596e2fe872bed,E02485,,True
bc1q96922bca2b69a5e03a898fbcb97c27,E01340,,True
19d4a30a28af08dce46abf396c49c44,E01071,,True
bc1q936fb90a33afc89daf765df3e85d1d,E05415,,True
3bde240ceafdd87e34adafbaa5abae2,E03820,,True
bc1q86acb8971b12b3a7e40b2a6f53c3da,E00857,,True
bc1q0b2364ce4ab39a74615af8955399df,E05405,,True
bc1q9edb5924123d639a9180311bd76032,E05339,,True
bc1qc14318e993a0e555552e0073811b54,E02887,,True
189465e26fa3d5c3678a41a65adafab,E00949,,True
302033bfbcac8e6b2c6ead30facb8eb,E00077,,True
3863321d88613800fc06de298745399,E07000,,True
bc1q90d98e2ba1a7a18c7e6fb779339fa8,E06816,,True
3fb4cd4a4d2a25c4c4f6d8f2743dc90,E00168,,True
374221a50646306301ffd62032f695b,E00168,,True
bc1q4f88625dce9f5c362c409f89022ee8,E03640,,True
14e7de1cc0f4f08558011f8a50d174c,E04698,,True
3357cc2b7bfa1819262d5ac8f7e91de,E04480,,True
bc1qb59fe0e43879a5f0a5d6a43b86fb86,E03784,,True
bc1q58d6041bf9badd45818258bc1aee00,E05557,,True
bc1q163d93ce21a144687189e560b7a3ef,E00466,,True
bc1q6c85d9a8f190e94e4ff1484a97ee94,E00992,,True
bc1qb4e180dd8181b2f5233ab5daa9f6dc,E05516,,True
3183f1a3e45e4a5dc8fe37c6808ab5d,E02620,,True
bc1q00a5f5049542cdf146c7b80e285b1d,E03014,,True
301f23939659c7a42ff3b13d32a27d1,E01617,,True
15659382916489b19a8d52e0876e568,E01317,,True
1dc0dff176e46ee68ded8b824398af5,E03216,,True
338767622710801ce2576936e713999,E00087,,True
bc1q82377b87e555c17dfcb03a8f11b60e,E00087,,True
bc1q6183c6e14c7ea0ba5e8d20715b2d6d,E01162,,True
bc1q44b6a15de17718345256c6be1ae7c2,E02013,,True
bc1q509ada2815209f3b40b13eb430ea3c,E00081,,True
bc1q9655c7dfb6399371e736721da7f6dc,E00081,,True
1957b3d0b10f84ac374fde65d12ca2f,E07164,,True
18e65a8dab2b525f75912a211b0b2e1,E00421,,True
19cdb7303e4b1b30954fe16f0ae4e1f,E00421,,True
bc1q067044179cb4b9074b25ed77a7bc18,E04320,,True
bc1qa46b390de84b635856e1fcd7825ea3,E00543,,True
bc1q2c88d26831429e58c714f2a3aa1839,E05931,,True
bc1qfbc77e77ad0afc5f42986666db005e,E00890,,True
1381299b1ad1c8a9cc9d6e35822bc3c,E06590,,True
bc1q2c5a98bb6c2b34499f942d1852a827,E06774,,True
1c856a3988f1739c389dfbdf7469168,E07151,,True
bc1q380f665d24ebb332459db3efdfb089,E05390,,True
32685603d8925a925d287d076658707,E02199,,True
37168bd4da838b76947cbacf610f40d,E01859,,True
3661b3a51f8a286a2b6f04e7c67bbc3,E00953,,True
bc1q910f5083aadd0b05883cb4f2c0f954,E00347,,True
bc1q7cf701bc0169fefd19f8adc97b7984,E02680,,True
3f6a49fcf175cf9448c33dbaf582048,E02541,,True
14488511e7402a71d49c1e831468c86,E07120,,True
33ef85a91c1649f4a2615c0e69f777e,E04750,,True
3432b9e32889cdb3e0882ccc5f136fa,E00375,,True
bc1q695d48dae63c826351a4e919639085,E03949,,True
bc1q607e576d40b463f46c76938c4d3864,E07185,,True
1a24dd1c92a94446254313ad47fde4e,E04532,,True
16f52104e147c15775e87a7adba10b0,E00370,,True
367e53a0a5918dfefffba21574b3c27,E04629,,True
31d7af7ac13e4e8610918c950168bd5,E04862,,True
1ed3e289efa0407f2edcab03e3869e2,E00078,,True
bc1qe33ceab7c1394a4c9a62759543c8ae,E05967,,True
bc1q71f6644d9653c18ae928c4f23a2b4c,E06920,,True
3bab7235290a6d2084c7b8348cd4a2d,E04129,,True
bc1qdd4f6d7a91e144b8d8e96cca54c1d7,E00007,,True
145324908a43ec0d61968aa7fb866b2,E02892,,True
326852498c1715265ab5f598fb26e2e,E04920,,True
17511d5f0b77e0431953b79a83bf521,E04962,,True
32774adaa8d072945a9d9dfc7c25bdc,E01959,,True
160a75a50b4f4fa7cb70a857aad793e,E05451,,True
394e0f89c35144e5b45eb213bcf8fdf,E04026,,True
bc1q87c843c434228151ec8f304e2da257,E02796,,True
35584079a0074910f97f40110518316,E00018,,True
329c18aa633e9b4d3c456ae75c6f18d,E00018,,True
bc1q0e083ae7a2fc8a46fae30d79aa390f,E03152,,True
1f9b12b38f14931becc154521bcdcff,E03108,,True
12447b5bb6b9af4d83d935e05c814e3,E02735,,True
1bfcb06c445b8753b50553b8f9d241b,E06212,,True
bc1q8503e317007953e2aef5080213d090,E01781,,True
3a4c31a514a36bf47334b73225f52ab,E00264,,True
16a3674fa41dd2ecab214388557ec6c,E00264,,True
bc1qeaf6d23c343057d4a1f06a329cccec,E05024,,True
bc1qa51bc62c93ae7835effe6cc61b11df,E02979,,True
1da7022fb79e3673195f73068344756,E06027,,True
119dc1dd7efc5d6622cf01aa0c87338,E04199,,True
3aa1c8b3e2e720134cec306c39fcfb3,E05179,,True
bc1qcc4ae0cf4994e07ab1653364f22a7c,E01607,,True
33f59dffcc584be3d4a5466f3acca68,E01834,,True
13358b2c50b9ab2d87b589ef46c0289,E00571,,True
3ef3dafbe22c440e5339b2a807f690e,E02450,,True
387f643dbc7d2366f8133b1cc20d2ad,E02158,,True
bc1q504b10f3b937f29fe7e068d847260b,E00114,,True
381857169c718eeaea4b7d6155fa2f4,E00114,,True
3fdc270e023282ae09dd9e84348a887,E07210,,True
36d69e861a4b230c30dcc74051256b8,E01738,,True
18e45badfd7d89a177a6838677ce7b7,E05141,,True
19937c9c33359b960857b5f8a1b0744,E00279,,True
bc1q19a127287dff8e2b7418988673cf07,E00279,,True
14d8dba6138ecfd99d05cf068368237,E05459,,True
356ffdb380cfd3dba6a741c7c4a14cf,E06383,,True
19e5c5dd61a080a3fec0a37d5bea8dc,E00188,,True
31eb05b1b4ffd5fc768833927ef5357,E05364,,True
bc1q09397f53abc02650eee90463f62d0b,E05621,,True
3c2fb005ead7db6744b62d82dc243c0,E00186,,True
3422a4bd32f545bac99004a574f054c,E00186,,True
1958a9a4e114722c771df143bff55fd,E04740,,True
18b79ecfe540e0f65a8bdc130158278,E03940,,True
1f4591b76ec8b2364299af4945f2b79,E05770,,True
1795547993b17b47fb522173d3f1821,E01655,,True
14ef1fb0d2aa12363a79cb58808c6a5,E03267,,True
35d7512e119d089b7426eddf8bdeac6,E02801,,True
332cdeaa3f43ad8fcee8c23ebe00d2e,E02019,,True
bc1q430d7485c5db09e8124d3df4c88b1d,E04820,,True
3084a2e3b9180f58daf7c9793be6e0f,E03870,,True
38effbdb92491d90191bb805ffd2214,E03923,,True
1ec955783c2539cddef6430845f6d5d,E03754,,True
3d386e7b2b19b008b0649f561d43466,E02093,,True
bc1q5f5cc417a0fba119940293fbc6423e,E01852,,True
3a2758952c5be0ff2e3e19af57a7220,E03798,,True
1c9dbd339aaeb92ad80c22eeb99b830,E07078,,True
3b491f8235e0acfe67d240b61c8c2ab,E04510,,True
114d66930e615ddfdae15b9ba26519b,E03297,,True
bc1q7ed9986a574a5651515ada1ac414dd,E03572,,True
3efd1b51054b2d5187635761a5ed196,E06784,,True
36fef2379f47bdc5fa1c9ff99a5fc7a,E05310,,True
3523a8be557bbe5615239249de00898,E01226,,True
3eac90cae17d1993a003703b52d00ee,E01082,,True
3ed0d602b10a823d7770933adf01fe0,E06096,,True
bc1q53152d7c0e5e5dc807de21b35ef82c,E06792,,True
bc1q95fbfb66ac5d4c76aeb32e2cc5aade,E07001,,True
15b80f3f347e18df7dea35ae941cff1,E03515,,True
1bd2a9a5f08d79b5923a4b0bc489b37,E02423,,True
bc1q01c59bb42a5915462fc3db6775f238,E04844,,True
bc1qcd45dd0ce4342d42057c61ff3afc27,E06675,,True
33ff76dfade884fafea561a40e8f94d,E01436,,True
10c88a5bf307ca1b8b1c22f252035cf,E04261,,True
1ef0ec9756aae2de58118d126879443,E00429,,True
11d155751001ab9dd42da677fdbabc1,E00429,,True
bc1qb8e7bc854c0d1f434709826808f471,E04823,,True
17b4e0f73f061a27b5aab2e57b82899,E02534,,True
bc1qd3790b0b217f94bc906e5e905942c5,E04423,,True
17b5e682c37f38b8147c22bc660633a,E02578,,True
12632b14af2fa3e5e2fe468163bb9e1,E04769,,True
bc1q7c5ed0cff287e167d135ce1a95a394,E03982,,True
16e36dc4f6168f4b69f4ca617af9323,E01302,,True
3ed11f7a6dde2aa7d98c83c3365bd5e,E05426,,True
39a8fcb37c386e5bb864ab2ffcaf334,E06819,,True
bc1qc8fc1e47087227db108c244d92200c,E03202,,True
bc1q44a3784e7ec73d101c7b83fb56fcf8,E02121,,True
bc1q8b25c7ebb848a73495ad7d19853d8f,E03040,,True
3529b912c3339eb2a408161b5d712c4,E00007,,True
bc1qcbb1fcaeaeb223934bdb1543b77afc,E00007,,True
1d0b3b30d0e1789780f3182ad210d5a,E03497,,True
174c7b0a323c0bc5031da6aed87b5ea,E00018,,True
3b1f8074452f7c3b083cb3483976c2b,E03167,,True
bc1qde26ec5482942735a6d5cc0b8591ff,E04797,,True
361bb134a6dc41b9f34b1456b6b6654,E02646,,True
3435e0f0b10ef27ec0ec37781a9b8b7,E02250,,True
bc1q76dd19393fcfdc536898d90262edc7,E05702,,True
bc1qa2afa5b75266a5a728536de8ef8d8d,E05690,,True
3d0919df5c0b4909361b11d8352aaba,E00011,,True
bc1q05c208eb056b48ea90f6488155db84,E00011,,True
13dcf3b5e4d9d2f1be52474bb146720,E02837,,True
bc1qc0db9eda2556841ca33370687d147b,E06182,,True
359122de02794951210b28c2052a926,E00207,,True
3898e32c9c5709f9b3c9070f1a3134d,E02736,,True
bc1qcf8cf323f98c55a00e7cb90128b55a,E03238,,True
30cb5ce2a4c01f41d89ebf2f32ff41a,E00007,,True
19447b30afa1dfaedcb14d5aff4fc8d,E04977,,True
33cd7e0bf817a17e9058f29731da6ec,E00070,,True
bc1q585b814002c5eb9cd3e9317d957e47,E04847,,True
1e43a354cdf506343c3698873037257,E00070,,True
bc1q3abebcd115a0ca09e8ede2da2777af,E00070,,True
bc1q65126f410f71df945e49c7e78579d2,E06444,,True
112a0c030e640e690674809e855dc9b,E04966,,True
bc1q04196b2ea405744efb1bde1c0ca637,E00300,,True
bc1q8bda85218952750dbcc6a3c7b2ca15,E00300,,True
3afeee83e3fb986f38febc7a82fea45,E06766,,True
3553bbb35294a5fc57e9ad3451e22c2,E03581,,True
350798a82afea6655ead3595c780e70,E00843,,True
bc1qfcb9b8faa3ef1161db7245d1f2a8db,E03988,,True
bc1q40580e6e8a8ac95b1777fb4325ce02,E00007,,True
31134b93607c693cb562dae47a263ea,E05306,,True
bc1q6042e8f58b36d0ae662e30d42a94e2,E01061,,True
1406eb28e0b38abc5c68438b92c0430,E00951,,True
37d14eac61e32bb63401d7098d9354a,E01800,,True
3d8a52282a7c0e944f5f256f8f51175,E00167,,True
386c8361b935d05a56f0f9a9d28c3c2,E04842,,True
bc1q628a974fe2b9ac18c0f0fe645f56eb,E05160,,True
bc1qeade013cc177cc0a83a23a4a5cf385,E04165,,True
3d9c5c0eeca710571910fd106d9e2ee,E06268,,True
3e41a57b4a31d6aa021a41d2c79956d,E01421,,True
1c1bc9461ab57d851e124da164f8572,E03234,,True
18f9b4b45abf186f317481a9143ea5b,E00167,,True
bc1qdca6e40018d3274e2549b73f4471c7,E00167,,True
39c63f65fb1a7530c26454f70f23c9c,E00070,,True
bc1qe6e12b8ddcd96c402a094d4cb74431,E00581,,True
18b758d26806fc8b03370793f353e4d,E04501,,True
113c1f394eb98ecf7b094accbe87925,E00017,,True
323bdeef1b2b5e24a8a149c98cb7162,E00017,,True
19b5f9fd91c31a0e15dd4ee217837be,E03124,,True
bc1q320149907e662386549f04314d877f,E00070,,True
bc1q2823f94dc0e34bb0b4ef902f54b9f9,E04843,,True
3dc3eefc9f14100c30221b0fc289203,E02046,,True
315c0d1c0bd494b69e6adf4cbe73aeb,E04034,,True
313180dc215821f280238129e5459c5,E02988,,True
36ec947806a56346f3a4b56f67999de,E06140,,True
15988ff4264f1c91831687996549131,E02750,,True
bc1q8ed7d442358bad1950ff123bac927c,E02635,,True
bc1qd1c33b82d1bbec44aa6da58a7ea83b,E00007,,True
1cd75b8258cfcbb0e98eec5b438a16e,E00007,,True
33b80f61e033c67f8c3145f30ed25c6,E00031,,True
1b1dc4c17988dc11e1a9d64f31a382f,E00031,,True
1bed8357d329c4dee6c555cafd1cb53,E00886,,True
33dc84b5d52cfd5c64fa55b060544c1,E07215,,True
bc1q4b9cf93ce875d97943352a17027fbb,E01754,,True
1a28042ed62fc20589947808ffdfaee,E01654,,True
bc1q1e8e06074803793ea7f419a510af65,E05655,,True
bc1q6d0391f9e6971aabf9c36081237d7d,E00007,,True
bc1q036226a9f1d4cc866d1f560b3ac805,E00007,,True
12ec59b93f72f7dac7b613407ea96d6,E03938,,True
bc1qc533c8a0a75dfe4eb1689275cfe82c,E05657,,True
bc1qe066e44b01edd1a41fcfafe659c555,E00051,,True
bc1q64e242f5671bab96d0398bb1383d33,E00051,,True
320e5f1a8c34c48b42a4c93597d7baa,E01000,,True
3d22a5e5f9ec4a165971a3ffdea2ffb,E02120,,True
1e8b95da785bd5eda4eb8b054673fcb,E05634,,True
111c709f03256d86b2e258eafc63d34,E02269,,True
bc1q59a9e2bb44c902552b1c4d3fee1a11,E03421,,True
164f250c94f6ed34a2f38766e935615,E06760,,True
17304cf779212ee3ba1e0f0d75f36ef,E04256,,True
111ef39a540f470eba39d82a1c9b433,E00937,,True
bc1q13ff1a18d89e4bf322b3039da97d78,E06633,,True
bc1q04b99fba9ddda84dd93280c679b8a3,E00077,,True
1e8a91a4f7ebc5494f3ea1b30960fbb,E00952,,True
3b997ddf3a762b3ceb4fea66e5745a2,E06965,,True
bc1q509ac931eab1f423648766a43a4bdd,E04255,,True
bc1q74475dce1750ce66fe5c34ce172f75,E00523,,True
19a3da2e358200f616ab2342cc00336,E06788,,True
355a6b31d3042eec323aba40cd14fc1,E02262,,True
bc1qe81133dd161c2d1dd7576069cf6200,E04330,,True
bc1qf19b58623b69012d3555578fe08af7,E05838,,True
bc1q546bc58df2bbdd22306240f1d8cf10,E06872,,True
3ca4dbf90b5d26a83012292265d18f6,E03159,,True
bc1q9288fc713fbd71268f5cfec64b04d3,E05323,,True
bc1qf6c92f93fa3320256a463eb30d8a03,E02478,,True
bc1q2a8bcb271fcdb39b2a142e30b072b1,E00205,,True
397fa5569b2cfd8b2b29e6c130f5a12,E02766,,True
bc1qdfb46e15490c7e6bd95a4f37bffcbd,E06416,,True
1fb39047f6ab37d58278283c189c9f2,E02009,,True
bc1qf5f43371998a670602efcb6031f93c,E03308,,True
3422ec7d022ce82f958898b1b49e9d4,E00563,,True
1e29cb8142925a0768e212daeb00fb9,E06896,,True
3b017c57d6ce5c39df79a27ddfc2a92,E02523,,True
16334db52acde3051c810ef802643c4,E02474,,True
bc1q829f8b04edf1876553b96bab965b35,E01169,,True
12e3fa0ffe08f41c65abb3044b0bd16,E03473,,True
1161cd62978868d062c06921efa91a0,E00114,,True
bc1q9dc7eac2c028c24a6299fc0d7a8b16,E04251,,True
bc1q13b890b29139a9626953e60caa73c9,E03503,,True
14c3f426ae0151cb479d8983e530429,E00188,,True
bc1q17b9d8b71b7fc75f4a0227f3ab7616,E04008,,True
bc1qcdf160153335f8f4757b230c9fe37c,E02138,,True
bc1q089918f8883405819318f2dfce8001,E05584,,True
bc1qc2c6a6386aec140fc212d1ccda775c,E02911,,True
3c5492fe98b95bfb2ea5399314f999c,E01354,,True
bc1q39ceff1b3ec681fcea545ac06698e4,E05930,,True
bc1q419c18f97d2f9d2867aede6ca9d182,E00205,,True
1b58d2f0e2a41491e0a9004634e50c5,E00205,,True
1b7ac8c24fb3d3a08d039fa24a0d7e5,E05916,,True
bc1qa353eacb68a34eca1fbff22823442c,E04829,,True
bc1qe5b2fdb0a5c3c134091297031fdae1,E01507,,True
155a28fada793f0e57977ec48164644,E03061,,True
bc1qeba46436c9b657ec9a799e19437791,E01848,,True
bc1qc01b070ce356eab575dd690b6189c4,E07347,,True
147c57de7ebff3f35683bea6e4ffcf3,E05732,,True
1b65cb76a57fc38815e8905159d6f8f,E02115,,True
bc1qa405af5a23daf376b565387e8b63c7,E05762,,True
3cb4caa0d2665eab2b59395c0b041cd,E07318,,True
bc1q53edc71af026df3f64e5eebccd9b8c,E07121,,True
331f18fec4de885b245b7d94849032c,E04670,,True
bc1q18e9ef64ce45898c4a62badb335860,E01036,,True
bc1qe1fa2424f982ec1e55941910bc94d3,E02382,,True
385c18aa9bc5dea55a0bb26c8b7b038,E00051,,True
bc1qc1f6afa15e0655e276db301adecee4,E00120,,True
3c2b40827d49ec5ed646014e254c6d1,E01185,,True
1e728e1ca0d434a3ae0db32e8841d08,E02204,,True
1bb16f85c127211645e6bd46f4bcfc3,E02404,,True
11c2ec9549308e6b7371dcf3e644279,E00233,,True
bc1q20df0900f54dd4ba6c1a7576831621,E06245,,True
3926e4400c62419c2a7dc14bb1d9c35,E05245,,True
bc1q39a8e024055a6919b4678f4b80f313,E06734,,True
bc1q07ec2d89e4ec2813d88e04a6b96653,E00889,,True
3eed027712889faa94f232a5da1d038,E04239,,True
3188b429e5b075bad8632d14ee9c3bf,E06811,,True
1de19897a0430c458fc8448e555e087,E05212,,True
1397e24fe08a540ef7e1940f5687574,E01755,,True
38c72696d5fc69ba87dc0a280d34d23,E04751,,True
196454297096c7d10e89fb1710386ef,E05182,,True
bc1q1479f668c206b13e24718a8a42ca00,E07281,,True
bc1q64b307fdfd984e16107d9028c27491,E01727,,True
bc1qb28145c757e71ce0c05bf97e09776f,E00532,,True
306dcf754a8d26243f9fd9b4167e905,E04657,,True
bc1q6fcd848eceac5693dae4ff9e00fe91,E03809,,True
3136dd43e760bb299dd89b03383998c,E00228,,True
301717798d47d41b9ce3c5e40526aad,E06115,,True
3ab646f37b2ae27e48175c91946d901,E04201,,True
bc1q48afc1129df5862b411c1cdf562fa7,E06853,,True
14f4d48f6927421caadece3feb3034b,E01095,,True
1ae944377a1d7eda1228b4d8d688f6a,E04173,,True
1850e7edd3058481dc06c565fa2f598,E05068,,True
31d13b95e4ac510434c74056cea7a26,E01671,,True
1be52547d3d1efff7ac503680afc1bb,E05631,,True
128bff8d2b7d773415dfcdec3445159,E02967,,True
3ae16cfe66d7ce520d45fc843b20ef7,E02024,,True
3b82da2fc2424c5df08593d6cb41c53,E06924,,True
1c54f987f30ede05763c3c03ed4d43b,E02623,,True
1ec825963bb23ed82b862532817ad77,E01023,,True
bc1q2f74562df060417bfffc1bb4c06d88,E00228,,True
1ff25b950bc569ccceb287e1a16afe7,E00228,,True
30cd8e551f127752560a5c53cf4f2fb,E04938,,True
bc1qa7b86e98fb7c964abc01bb0b44d4af,E00233,,True
3295bc1a481346722ea2f8700105fb9,E00233,,True
3f3343a2ac84ddc9f2dff020b5c7561,E01415,,True
bc1qbc2d3e010b24e0379c6ab39960003f,E02301,,True
1d9f9bf534deacf6cafe9a4789f7698,E04541,,True
12d6acd5aeb90f64faa8036188a7f55,E05478,,True
37a1728c765919ebd4d38c9bc5c0df5,E04182,,True
bc1q80abf5ae82d0de2c3827949a3cfb56,E00031,,True
3e6f90c9451d8ad33562f19648bdf0e,E00031,,True
bc1qaff266ee51b508032483c638eb3fb1,E03481,,True
1eac04a0c15a8ef2892f78885038241,E04891,,True
105f1d28fc48f14804814c9c2979860,E02575,,True
35ce080f04dec45e6aadd6cdb27f241,E06721,,True
12a74886f740c44b1ac96a2944b8033,E04974,,True
1b6c855a6cccf8c0a977d87b1a2fcb0,E00925,,True
1174e62da27f919bd033fda264d4d0e,E04512,,True
bc1qe9fac10e709f9de9b9a44415758cf1,E05048,,True
389dc3f4752b091d22601c2c890c3df,E01228,,True
374c0e958b46d7fc840c21c32a450fb,E00395,,True
3f54c0db4503db26a88b70c812b6b4c,E00395,,True
bc1q51c28368eaf9400dd08be7854e97ad,E01459,,True
1c7d05344c0d4c55729846b04c684da,E00120,,True
bc1q09a05bf24e2646db71bec2caa6e212,E07139,,True
39c842f8803ae903e031765210a8c0c,E00179,,True
bc1q445b25a4585054fec20c823bf8d81c,E03855,,True
bc1q033b7a48159b759972889b1442d72e,E00051,,True
bc1q9ff5796fc2eaa7e4adbcd86a68b3dd,E00051,,True
3706ee95ea429df27497654fecdd103,E06736,,True
15963ecddb77f0727a028161c988c32,E04557,,True
3ff9286e6cc18f5dbb6cd4725519483,E06915,,True
3036903bef15d5581052f6f1e5a9ae5,E00898,,True
bc1q333849810618ecdaf10b0d52aa5cbf,E03324,,True
1f89991c87cc2494f21d95e130aedd1,E06650,,True
141ebc76d13f3980bdc6cea388575fd,E01822,,True
bc1q707b04d80fea64cfa54eacb8a1f215,E03353,,True
1339ccdb0ed9395eab812491f63883d,E05034,,True
bc1qf955efd261dd6857067f4f143d7fdf,E00213,,True
1f169e15e30ff409ccd00da9af150f5,E00213,,True
354829ae8da60d8d11b752fbdf11ba5,E06433,,True
172661e504f6242a03544b5f38fa29f,E06378,,True
12f49921a6dd02215b218fa4609de05,E02133,,True
1d2a96d4cbde3896871df7ae12fe15d,E02172,,True
3c74fc4a9d9267b5c7ce03ad53ada3a,E07250,,True
1e1432803f899117ea3338c447b70de,E00179,,True
1a3edc7dd1af7be72ebbf834bdc7595,E06368,,True
32e3585a5b8dbf2e3b6cf927435d8fc,E00179,,True
bc1q8861b5fa21903b82b19a0806a35572,E01033,,True
bc1q3bd73b0e2abaca445c0a67b2e30049,E00186,,True
18554803f0c9685a4ae6aaf3abb083a,E01879,,True
15b8237ad7b7ec6cd4488c2cbf65e67,E06615,,True
3833ed12f46de78721dee97fe4dfbb7,E03950,,True
bc1qd85a8b1745ec91cd8bcc3dcc06371c,E00530,,True
3d5570525a0cdbab7ff60cafb67485b,E00942,,True
bc1q553b892c36e2aebf0c3282002c495d,E07089,,True
3ec5e7d6cd0175372dc83ed786b1336,E01047,,True
1a5dd6ac39d06fea490e9d182befc49,E03864,,True
38c629e65796faedc2bf169f27a3f66,E00535,,True
15afe120de05ab250166dd4e8eb7312,E05825,,True
3eee46fbb66ff200510ad2efc0c475b,E05421,,True
bc1q54dcf63a1ffeffdd9de4e6fd6b3059,E04939,,True
bc1qfeab9a45a90cee3c0e20a7453383ef,E02332,,True
19e53231a9f419d4221410c0fa9950f,E03165,,True
bc1q0044187f1895be22fa2884ef201504,E04022,,True
bc1q5db3305cff29f5489d93e21d830e2a,E00120,,True
1b565a7a41e8ac7692fd8d35a61ac80,E00120,,True
3ab3723af312a66ee641357a42f4f0f,E06596,,True
3475830d206e3bfdbc66b26bcd4bb3b,E02278,,True
bc1q04aa6e4648802739cf2df9edd409d5,E07319,,True
33fdddf7ae4e5017ed41cd93f60a866,E01446,,True
1ec95f3b88ce51ba143a00202b459ab,E03035,,True
12baefa0e59ea601bedb70dee4523f6,E03018,,True
395315bf5c65232de8e22683eceea62,E01659,,True
1dc4bd6dd2dff1b314b6a4bef7fcb0b,E05054,,True
1340c79f4891878721084ac70becdd8,E06363,,True
1c1a4b4df1aa76a84d32448ecf74e8a,E04396,,True
1a7c3f284098faca85c5e8f00f901be,E04469,,True
bc1q18530df15a5c373a8e934e08d98ac1,E00320,,True
119115fb08e7345f364516fb69cc4fe,E00320,,True
36016a3c4c331e23c20575d697c04e3,E01294,,True
38b92fdab23869e9924cb65cfc86e84,E03513,,True
19c7a3f4f601dfdb04701f9baae8df2,E01606,,True
3c82f68dbc69dfca6a148c3abd4b9a0,E06312,,True
36b6a7663c70f6c65216f6250c665eb,E04384,,True
3c5e7357558c43855cdc5c6185a45a4,E01835,,True
374e541baa380fa07438e60cd4901c9,E07095,,True
bc1q122a228241824e87df7ea640395ec0,E01862,,True
1dde10eff8295175753dbe1826fe554,E02363,,True
3e37b9d17b85a7e680616366d7cd20b,E04428,,True
3b807e85c90a854e0ef2e90c736453f,E07290,,True
318783dbee78217ea31703bfa0e4b77,E07216,,True
bc1q7e460bc21389d9fdc642fe2872edca,E06749,,True
157f9cf61e9f97006e734b8861964b0,E01168,,True
186fa42f8ff156eedaf3b1dce68c173,E03179,,True
17f74173edd37166b9ba1c9c83d3502,E06555,,True
bc1q6f823207fefc7b5cc19bcc3aa89914,E05178,,True
bc1qb61530491d89d2faead36bb8a7e110,E00076,,True
bc1qbe063f28e69d584c103b64623d134f,E05742,,True
3d25bb2991228bed483764aa5868874,E05295,,True
bc1q2549405554e90e1f042c1421136c3c,E01591,,True
bc1q7a9dbe415b4add69e34120e2888ddb,E06894,,True
3c9198ccbfe68f0b8a9f704725aa10d,E01233,,True
147cd38215bb2bce11b1892676068a4,E05483,,True
bc1q2e57356d1c468e6691cb0801255ccf,E07277,,True
bc1q3088f4405da416d58b867a46aee430,E00257,,True
bc1qdda04e7b325b2f0fd482dc98acd67f,E03737,,True
bc1q0aeb1a8840fc9d103a627bf6a0b00e,E06291,,True
361c189c862e3bce0e2d96e141e4387,E06398,,True
3a91e2fed79e7c76aaecd4adbb10cbf,E04115,,True
bc1q18b4d706f880eb03dc03700e440a05,E03942,,True
1418d10f28719249dbb5fd24b678c95,E00287,,True
bc1qa26c81a66b94ff4f36e5c7b37a0572,E01711,,True
1ed486de69f1f78ef4c113dc35f4e12,E02073,,True
1b95d432b7f90a5b87189e19e5baabf,E02091,,True
bc1q94911043171bfaf1c1086c2fb6e783,E02461,,True
36f331271e7ac0c70a2302345a937a9,E01653,,True
39514d151b9aa71c7b6ba726115914c,E00826,,True
3b41865067c47e3684011b7f8075516,E00100,,True
39c78f530302cffc2115191f9670293,E00100,,True
bc1q10f6e6a3ffcebf54f278f6afc3fe8c,E02104,,True
bc1q4cca3d7cbb26279929c7c73709d7d3,E05743,,True
3497f5e89cce569cf74fb33307e0771,E06574,,True
bc1qc9162e1c968b9b5d679515f8c5ef5c,E03441,,True
bc1q48a84bd6933c8c86ecef9cc1b83da7,E04205,,True
bc1qaa239b09af9883eed21f940038dc84,E04582,,True
3c03a2ef3db969e2f4418235788076d,E05477,,True
1cfb57fc82585fac60b846e06bf1fb7,E00517,,True
1611f98dc3c423a9baefd9e88c06786,E06298,,True
10d83e5088270ec677c8f550321fd27,E04325,,True
373200e50ba8eddbec6573bd4488069,E01342,,True
bc1q83aa1b3781d9a6204e0e2f1e12a48e,E00110,,True
3bc95cd49d8632ad9fd99b425fc8b3f,E00110,,True
3e0c604ff7d7ddc0887d85b49b6a087,E02615,,True
bc1qc42db42567842005bcda96dda56e35,E01579,,True
3c45577dfdee2bd8db39eaeb98ccdcb,E02122,,True
bc1q7f808dadc01c1fe3ea46a8a6864e54,E04804,,True
358a8365824e832005f655282463029,E02637,,True
1dfab24af25762cd34d09aed2e106a4,E04686,,True
bc1q75c529a3e17b99f7b8beb7306ebc01,E00110,,True
38bcb6bedc91697aeb0d7e65b3b94bb,E00110,,True
bc1q315eb382e9dd36bc23db22de2bdf8c,E04604,,True
13c4c32debf8c16ece9bb6f277d05d7,E02251,,True
1ff7a3ff89baffc2bba25b5eaab212d,E06093,,True
bc1qbd7a7c530422b442944d1d2be87dff,E04326,,True
bc1qd3162d03d0066e56ad73c0cc98d84c,E05951,,True
10b8c82a3984e9f09ce3f5857f9f551,E03125,,True
3ecea41efc79baa60e746a862ffe3e7,E05851,,True
18b650a6900b4becd0208837c198906,E00250,,True
bc1qac8e0fb07870082407ab7ff6c3701a,E00250,,True
18a165fec4cb29765e73f5b0858d8f4,E02834,,True
3548b2c081fec82ca9acf77b26a51a5,E05840,,True
3616c92662c1cbe5614a2d3097473e2,E04080,,True
1c92eb3db9f62780706e265399c22e9,E04650,,True
1038ea2e666175d863d198ee8585e59,E01633,,True
391285546dcb4fdd336f98bcf252200,E03266,,True
35013c8c719735907c2bb9d73d7966b,E01857,,True
191f6f974962a8711ca790ed4c5a501,E03618,,True
194e68b68a721b530683a88e778feaf,E04394,,True
17b7c5d825f55e5bd27f3a71ccadd5e,E00081,,True
3050e29a725382c961f1a0fb769c786,E03551,,True
30ea206f15875989e153705df632d7a,E01704,,True
3e143a06d98567ecb8fe98176d6682f,E00913,,True
bc1q50662bc1a6bcf9dbbaf54d7f494f83,E03461,,True
1f128d1962c48ec41b69f442aef3916,E04821,,True
19819a670aa4232e717a00c4698bf76,E04609,,True
bc1qf9375ff14656f1787ed06b5fed5cb7,E00042,,True
35e4908290a42d207f9ee879f35e95d,E00042,,True
bc1q9a399a292d03d368831c64aebf391b,E00102,,True
bc1qa2a8816089dca5b17f0235bf31dfa3,E00102,,True
331c560261224eb9b400b572be7912a,E03395,,True
bc1q8fa7bde5a61a06a842232523763f57,E05411,,True
bc1q9747f984d1bd4bd0f9994d95790a83,E05422,,True
3fa2f55188c2153595018fb97125512,E04578,,True
bc1q0a27214881654ea486251083f5da4a,E02553,,True
14e657f4461d6ceb83b087ca59f4695,E05530,,True
bc1qc0f54d4aeed5062a741f92b1eb8a39,E06649,,True
3184a8115db85d7cf4ae7ff9ec37588,E01990,,True
bc1q9dd21cc0bb81b361793a4bcfa2d0d9,E06214,,True
310ed33a5fa4526233da1734d6ff836,E06586,,True
39be61dc824dd9b33e6fc5858583f95,E05932,,True
3739368468d4293400910a891471e8a,E00936,,True
bc1q96dae008cd3d266d603651818edbdf,E05437,,True
bc1qc143571c86da0bf7f064ab90026e2f,E05972,,True
bc1q756eb6acab8b695ba37cb59399ad15,E04614,,True
17d94cfe54b724d3c040d0058a180ea,E00569,,True
174300c03fddd084b73361fccbeb6db,E00133,,True
197d38ad3520a914873d25237a2a180,E00133,,True
1014d984e4a516f7d05955b0d9e1328,E05610,,True
bc1q05c8f9b9b7123b4972ca2021900edb,E04380,,True
33fa3d4b7937accc9b9420c189b8470,E05933,,True
32dd5b7ec7448f95b6047b017776760,E00038,,True
172948c66d2c0a78b418bdfe52b9187,E00038,,True
102b1e81d79896848514042cc5cf77d,E02913,,True
1eef39bb7d756163bcfae94d3acfe07,E03540,,True
11e02a126dd845b1b75614faa085677,E02773,,True
bc1qa9078ab256c525f37cc46239560828,E02537,,True
bc1q19a1a14a3453a6e0ee2f4ca2540926,E01350,,True
3043159246ec70f3e97037d6577e64d,E01980,,True
3be4d317cc439201df92a4593132768,E00100,,True
3c250d98c2f9a9e74ad3a0d027092f5,E00100,,True
bc1q19c895cda8b536d3ff694bfbd0c43d,E06286,,True
1400d462be350890b185e75aa4d6006,E06342,,True
bc1qc2e9772a0a3a1827bc70230c2e2dc3,E04992,,True
315678e8c38c18b02de45561f27e8b5,E06021,,True
15519385d3f138a37a6a575173b88fb,E00243,,True
307a250a36fcc7e124e508d49666fc4,E00243,,True
bc1q1ac64359331d0773d9272138a5dc95,E00243,,True
38fa62247bafd4261388aad1b400871,E05870,,True
bc1q0e4fe9458bece8d053280825d40d6c,E06269,,True
3e95e875dd9274444e527ea3a82b37c,E03222,,True
bc1q1fd164ee8e46ddaa897fc1f014fe48,E03714,,True
1aa7b0244ce5acf07f33e1488ba39c3,E03707,,True
bc1qd5af834b31cb380f555d397a96aaed,E04846,,True
bc1q08855b46478da2a8cf569759d0f65b,E04244,,True
177cdabc786140f2339df6078bf9e23,E02781,,True
1bc67fd314f30d4baee4675a97d56c0,E01619,,True
bc1qdd3df9c8caa571a33bd6836bdc01b5,E00133,,True
375d1f1a519b44dde93f2fb6654c3dd,E00133,,True
1c969cfd76692bd6416e20b8713a3d5,E07101,,True
3af58c1ae51c73d14a89212c7854729,E04369,,True
bc1q33a3ac499455322afd24e3ea91c395,E05689,,True
bc1q156f496c2d2f0099a4410219f636ea,E04084,,True
1433ebd1ac4de3532abb4a505936fba,E07247,,True
bc1q2b7281af61997d61275e6489f515e0,E03339,,True
1b6d6e95a878212798816f2e5d23d41,E04651,,True
32aa70924494832469facf1bd8ae53c,E03258,,True
309493c6e21fa38da42f2e263a1e211,E03761,,True
bc1qb039595d73805a2f76948f94634072,E04637,,True
335cf15d31efa52cf79a24527d8f983,E01493,,True
3784293e8f2d0016527d513b55500ad,E06551,,True
18f6e1e25d6ad4050cca99f5ed2f65d,E02703,,True
3352d8595cfbd816c47016cecb359bf,E02378,,True
32011a8d4cf556290d004b07b891d96,E02135,,True
bc1q2eb90788e2bfe7e802e28928cd2b4d,E06867,,True
19f990543c84b217d3f9e08968e83ca,E00177,,True
bc1q05fd355fa686f0961d4530a068f9ed,E00177,,True
3dbf21281734b3300256416b908803c,E02716,,True
363558966dbb507ea58341101cd8f3c,E01179,,True
36a6aa491b986311ba890ff78f0fdfd,E05927,,True
bc1q08d57c7a4c38ef3e0ad66d3f2dbf97,E00206,,True
3073bcaad2a3a7cb4e10c33a1861de1,E00206,,True
bc1q0ee1d31fe003e188a71b2a6dc2e3a4,E04589,,True
bc1qdb360c2dfc59f14c9dc93cb7f5b3ac,E05560,,True
3ae96ecbde198a1717054c9acbc1fa0,E02366,,True
33ac4929492a6b8ac180269d764da5e,E07225,,True
1c546ab17e5a51420b7268837b2790f,E05996,,True
1c3e2e93af683c5d4101d16e0da9d07,E04088,,True
365dbb45b19920775a8457d74f894e2,E06097,,True
135f58b8a6a01fc88ab10a470c4e3dd,E00177,,True
3979a45eb36e5d3e7d2859c9f269597,E01465,,True
bc1q85e735a490cf95512839dde2b50b20,E00968,,True
bc1q5ccee819a1a2d1da007c08997bd7bb,E01742,,True
11b912a833334f66a6a01490b44676d,E05022,,True
bc1qb5b6ed953c47021e61d2ba92c719e3,E03337,,True
13d4ac1ce14586856bdebf58f48de0a,E03379,,True
1fd4454f66037cff737b4aab85cc2c8,E05114,,True
334bbc228d217d665a61c40f5feea0a,E03625,,True
11caa14b76836f2d7fb78edcec784ae,E03518,,True
30010f404bedc84b757b0da8b4ad625,E00042,,True
bc1q2c3e0826971d7578d980dd0f0d00bb,E00042,,True
17a4347a0d55ca2a7bbc5388f8ef417,E03300,,True
1c0d009f19abca9281862b3df14caf2,E06994,,True
3d1ac84a2b4bce100f88e183849406d,E03669,,True
bc1qfed2b981f140e33c6fbdfe5ac942f4,E04997,,True
bc1qcbf9861f1e5e96fffc3077dca73a20,E01872,,True
36893d53b8e71241d7ef83985432556,E00250,,True
12f2ac3253e5c1ff1085aa72d803089,E04689,,True
bc1qd2b948907ea1e1af1f184bef523927,E07204,,True
bc1qc520138db0e82670c20b0ffa1c1f81,E05003,,True
3c7ecd231438cbe2d451b5c77afb54d,E05864,,True
1ae6b19faecfb4c8a240d57c42c40ce,E04406,,True
bc1qf88c2601bc075cdcdc23fc50805bbf,E03493,,True
3aeadd165f17e3329ddf2292df4e387,E07130,,True
31d8822c2b0ebec123f946c9aee8616,E04661,,True
1f34f4eb59b4217726fba922a860032,E07178,,True
3e659aa415c838666cb2a8788b43510,E00481,,True
bc1qd6980cf3e72b74d1dac3e213eb8b02,E07083,,True
1b281b0b3fa5d5f3e483c18dfaae657,E07159,,True
15fdaf1d58472d29317c203846d9d4e,E00206,,True
bc1q7244e052618023fe8c8ef9aa152601,E04699,,True
3e85aa0a85832eb259893bdaf845046,E01001,,True
3f9a2aca6fa154267a236217e791775,E04438,,True
bc1qac44890afb07816c612b10d9c1ef9d,E00046,,True
138b8281905c26869e20b451b18b735,E00046,,True
bc1q947def88cfc53d188889ce5cce495d,E02384,,True
30db149d97f02b4b8872812c832b0c6,E00046,,True
13e6b659702929dc3608cc64cd3e7a8,E00046,,True
bc1qbc46573208f391850afd619d0ab6d1,E02547,,True
3ddf797efa718719f7cdbe590208366,E00046,,True
11501dbca1040191abb29dcccb5dd3d,E00046,,True
1fd9fc83aa0124d798feb7106be735f,E02180,,True
1ec6fc479ebc5c5167b5b8fbd760f12,E05329,,True
bc1qbc1af6a096ea2fbc58196e2064774f,E01343,,True
1bbe585ff4b41a4564837b04ec6fe2c,E05265,,True
bc1qaed05162dc17364afae9a9f89205d7,E00428,,True
bc1q08966c4c221f54f98e5faa7129028d,E00428,,True
17a00855e3d94ca65c83377d01b57eb,E02723,,True
3bc50bf7a2120491c0918a8f3bef939,E06660,,True
bc1qbf59596a216452c62dde22fb807727,E01760,,True
bc1q2c78bcba65983dfa33fa9863f20557,E04964,,True
3f4e4c5bc9efcc5c6e5c9a504367209,E05752,,True
bc1q227d4c086c8ae50c0bbce5abb59951,E06219,,True
350326f1de95c7242a9f7e5244cb9a8,E05436,,True
134cd595c8327fc35a609b3bb4db8bb,E06775,,True
1d8765286078b108bac739c482d2649,E01186,,True
10c1533b7e9c54ff1ad912420f74d29,E06124,,True
131cb37cd79fe0ed04ad57bbbab11d5,E00188,,True
1512156b9c885a75306406b3a51b9be,E07355,,True
1de28e23d70241cebedb454b383d8aa,E06906,,True
1772020cfb74087f11fec60f7518a26,E02690,,True
1c7718401f575abfd431db1f7692a6e,E05135,,True
3e7edf7369d1b9ef0642867420b8945,E01621,,True
11c6ef783117efcb0b4d74e8d72441d,E04282,,True
10d174a0218c6a9d29e8c00bb99da58,E00403,,True
3eaf2b52c164dc447c5f0aa32736c91,E01615,,True
3bb98a340fc07d8afca3d6841deab94,E04781,,True
19bf86289f9767fd16a774e29242436,E07166,,True
bc1q77dd635b89d8c60ba0837f0312b972,E03149,,True
170a50dbe7d74429042efc718aba437,E00225,,True
bc1q8857d84923d0c9789e44cc75b7d56f,E00225,,True
35d84479c12d6f05cd1a96075d4a3be,E01196,,True
1ae6744aa8346f461647c5c1cfe5792,E01549,,True
31b93536ea8ede094b8e6b609f95893,E05724,,True
bc1q9e1d3ea3897651e7a658ca930313a6,E04437,,True
bc1qfe465a5585b3b361be43b69759ac2c,E00403,,True
3c237c4894b24588e8abaa4c23d2381,E01827,,True
116d244e06c05724f8a70aaea0aa62f,E02800,,True
bc1qd0561f8fc744f27c436630fce2097f,E02470,,True
bc1q2fc2145badd755c7101f3da1aa19f0,E04321,,True
33bbc6684885ef8b08a695dc4f181a5,E00000,,True
3c73ab9a60af29bf8ef6894a6c4a73e,E00000,,True
3d2ae1f21a6f458064fa22839869af6,E02142,,True
3649a0bf5f3943ae8e7f03002038340,E01592,,True
154b816dfc9550d48f7407ab5f018e4,E00985,,True
bc1qd60ed51cae4d982e77e9d325d21ff7,E03059,,True
3fccfcb93baaff4e60daedddbe04f82,E01180,,True
bc1q0ac7418c4e516f822ab709eac91040,E03786,,True
36fc01757d714f13192c29c5a0ed9b7,E00808,,True
37c75195fbc84732136a1f40435aa87,E00092,,True
bc1q854f6ace92164cbe0e023b6095aa9f,E01046,,True
19ce82e8e114e0d7e8eda3e8f7a64a5,E03964,,True
19a9206272c74820002572a113038f5,E00151,,True
35ac9b6f603ac18a144ff9b1b2f019d,E04365,,True
31d4fe1b6ff9f37e133e9e83b783506,E04928,,True
301cd97b6a5e2c344627f67e1e0e163,E01710,,True
175c142c6b86d9dad9d43f459c3ef1f,E00312,,True
bc1qce8309dc4dcfcbfa3219ee3afb00f9,E06330,,True
19239b365d5231004ebb4a9a4e565b7,E05878,,True
bc1qb8b661eeaf248f12af19a847107b23,E03305,,True
bc1q01cea3990999f8f3fd600522bd31e5,E00225,,True
1305554554591261889abab51e2416b,E01846,,True
304e10a5ee260c475e2fdf8fa7ca745,E04879,,True
15ce19501b8c14afd68a5d7d37a430a,E04586,,True
bc1q98863f76d5e9482fe5ef4d0aca391b,E01756,,True
126940bf69e1dd8dcbfd026e392442a,E02965,,True
bc1q3290b65835e5461c7b92857340856b,E04312,,True
32bdfb4ff52eb038ef96d1dab035b9d,E03968,,True
33a55ef79034c49ef6e20d69e16e51f,E02410,,True
138f632b7b2e25933c87667acaaf309,E01977,,True
3e41562d7b9d906809eed7ee9ab2565,E00042,,True
378e1c7511b64e12650b72f60431b9f,E00042,,True
32b4cd245fb3cced65f5de9021b5b31,E07194,,True
15911f4559a8f54c559cd0febffc53f,E01723,,True
14fc490c87fcbe1a1d1276558d29509,E04575,,True
31d85ef0dc189efac04da65053e8769,E04373,,True
bc1q604006f013caeb70476c6f98fcad4d,E07057,,True
39faa2101a069a24b37617d932204fb,E04511,,True
33c78f2b45b3974dd84b3ed1515e388,E02153,,True
15954d3288a55032e413b92cbf829fb,E05952,,True
128afe8cdd4d7b4e56cc5cbd3b3b628,E04477,,True
3d07aaee473b57e1c20393eecfe257a,E03277,,True
bc1q2cb6af1bb643569a8c3437f8aa86db,E01752,,True
3d34df70301f7f6ee6564037449ace3,E06476,,True
bc1qf38662c3621c18f47649ad94dc12f3,E00858,,True
18aa7dea3cb29bd5c1947e162e5b19a,E00013,,True
170d21feba5c500df556ba6896d3a54,E00013,,True
bc1qfde8c47cfabb47a914f7f2de209305,E00283,,True
37a10be0b8a9c3e212cd4ff8471b0c6,E01377,,True
3068092c9c7eb4c58cb5de8018af2d2,E00463,,True
bc1q9a9eb4d59101cef18f2155865b0427,E04439,,True
bc1qa31cc141fe8f05b1ac64d9ab49c2e6,E02819,,True
3d5a28cabb5c91977ea9d4c284755ba,E05116,,True
1263bda86782d01974b18d99aca56fc,E06120,,True
34b8b80b1229d0c584658f257018486,E03252,,True
16fe119c5932f0b1154ad5dff87b416,E07059,,True
bc1q63492bd084b7df07c3f5bfdeeca16f,E05526,,True
bc1q571bfdded38e79e653649b4e2cea5e,E03133,,True
1e737f0e2f5180dc389368142984fae,E02606,,True
30fc892ee72894b084cb20d29f71926,E02561,,True
3ccfd2483dfa9338198f1086b72398b,E06913,,True
13432320db04a2c2a24cab7eb65c70d,E00142,,True
bc1qc27d26bc4435083a9321f740508324,E00142,,True
358810e6e19f7733a5ca1bc579729e8,E01109,,True
1f2aa3f565096dedc7e5343deb0e244,E02776,,True
38be0689eb4c2b9b41636bc70affee4,E01386,,True
35c9379a745e323c2aafe29221deb4f,E02565,,True
bc1q546d040d2a97d21ffe2ce306185262,E06482,,True
10f5449910a8ebfa9093889e42cfe33,E06591,,True
1628794849f2b6fac913e954b2910bb,E06062,,True
bc1qc7dbc902ef7f883ad160ce3c526bdb,E05518,,True
1919883f8c010071fbc4004f098aa1f,E06694,,True
bc1qea86ff9e9d5a730f82157a82ca2598,E04617,,True
3957e3eca5dc1b58ec1e5943f020e31,E00283,,True
322327b56074a34e08b05567d12e0d2,E03639,,True
bc1qcd16ae7bfc8daf96e54d70f2da5c53,E02982,,True
bc1q54145f5048993878be3b6d6bf2f7eb,E00013,,True
3cf1e651e46f12dfb579d539526a6b2,E00013,,True
14e44e69ad39b3dd665716f07b525db,E01403,,True
16e25031b42a6aba62ef0b002d8bea1,E00943,,True
39a2853856906255058dd611f643c0d,E00911,,True
1997098d11573471da1f6a5902ba0c8,E01557,,True
1632c54a91ee2d3406dcb60e6ee6ade,E04581,,True
bc1qbf8695798799f9164d72eafff8e63a,E00018,,True
bc1q3f10ecbd783c986fe8118f78def872,E02968,,True
15793f7ff2d79ad0ecc359fa87ec290,E00092,,True
1b06460e72709090500e95554d71e4a,E04927,,True
19ea54a955c670cddfa4392b1e5c044,E07211,,True
120d71e2b9b541c73a0294a8b1035df,E05099,,True
129009fb76a9338ae8f95256fd5a204,E06301,,True
bc1q21111ddd369a77cca9c5bdc530bec7,E02921,,True
bc1q863933b91cb4a0c5ee3f8cc5a31caf,E06767,,True
1e16d8a897142bcbe1a45f7b5da12a4,E02786,,True
307280488a0d69a95935df6c6c286af,E03142,,True
3cad67b0287413950e7ceb84a3e7903,E03056,,True
1f307a60524909e650935ad418dfda5,E05725,,True
38811da4aac260a2e16b0f161b78b8a,E06437,,True
bc1q2536fa31483d3da289317ad75816c6,E05200,,True
1551777971cc363f68a6338fd3cc4e3,E02257,,True
bc1qe5397c7af797ad3623f0816140ac08,E05320,,True
bc1q6a06f5070908143611b153a6f205f6,E02860,,True
17c28dcb1bf5f1a37a3aca582512f6c,E02891,,True
1cdcc04ef4d2c5765108131d0c31c50,E06380,,True
bc1q53514121cdd1cb6bd49c7d2fff9465,E06669,,True
1aca5a2ee984eb3c0a1a5a957d71afc,E01728,,True
184ced47fa91ef5844b864b7a241d85,E00142,,True
bc1q582f1a0cb0b1d80703ba1d3a178db6,E00142,,True
355cfe7cdfd661d2bdd896d5b07045f,E02673,,True
bc1q43298f870de4764f6dbca3c3e49311,E06583,,True
3ff1fe0ee2a0a3c9ca94371d667f59f,E00013,,True
3c5f0484df27964c58560f4b10d8e65,E01698,,True
1e1dd5dc4f123ffe296f8c7ed5c0fb7,E04429,,True
bc1q51bd59fe1aed84684109e3c09d3948,E00887,,True
1218f34acab77527c069c891d01c80c,E03022,,True
bc1q008671671c56dc3ecd86e18a9410b1,E04136,,True
3c3e3e7f60b1b70ad36c66bc250b2fa,E01735,,True
11e73113fedfd47aa9f17348bae04ed,E00519,,True
38daf13677534893bdcf115c148e224,E03683,,True
bc1qca33dd58c277f15b68d4ee2f9997c3,E06715,,True
151374ff413b85e4e17a3bc6b6ee90c,E03757,,True
3737f71ad6a800cfa2097bd1a9fdb8e,E02020,,True
140642ab76571f0678a3ea6370555c2,E06410,,True
1700a31143b58ffcf87c64c99846d47,E02728,,True
3728f11acee6f285f860186769a8d0d,E06699,,True
3fbb14c151bd6903896ac170a5622ec,E03613,,True
39a8601f6c9dd3806a2074c61025637,E00214,,True
1880e6d1fe72d214526ed6213d8a6e6,E00214,,True
3248d2d02e5cb80ecd8e335a17353e7,E00319,,True
bc1q05261cfaf5eb303a3014b205665831,E05647,,True
bc1q9d72bd0cda1cef4438b9edbee8b828,E00183,,True
bc1q79bf3bfdf109c3e02437a2374f0c2c,E00183,,True
3c2db6afd411a05833cd4f2a7728290,E00212,,True
13a17d73a42958b65c2e80ddd8f3007,E03260,,True
3020ede85e4bdd0c133af93d194a269,E05786,,True
3680cdc1838279dbe7ab5b685de2b35,E05577,,True
1c5463625d72faa5023de4c42819cc1,E03812,,True
114d0c8f4a04c333dcd7d8735acc14d,E05474,,True
17f951f7c6d7e0d63e27996544e8e84,E06569,,True
bc1qe61e011e016d926f935b7106f20194,E03914,,True
bc1qf8bc92ff7d39f795635c97365f982b,E05582,,True
3bcc045a1c123e864161b8e14dce621,E06460,,True
126b2fc22af08443efebc1255d63279,E07125,,True
bc1q10c42b31cdba788f36f3d7915aff85,E00026,,True
bc1q3b3f5282a74051f415d8e8321c9537,E05628,,True
bc1q23254f5e6069fedd8eb663198958b3,E00424,,True
338c5ef4359ff43106793b61690636b,E05616,,True
34c401b3114707da2cbd5b743c29fd2,E05438,,True
bc1qa93a80fa467b4282318e08f7252068,E00322,,True
1f08a71f8c5143509ed34f8a03a3cd8,E00322,,True
34f233adf4f010ebad30d3f331b1837,E06636,,True
1bd768ac8497cca034a0aab71a5e9e3,E05286,,True
bc1q1c10a8c1c2517e6a3f7aef800f3c74,E00078,,True
bc1qda4cc1566707757df5733dc294b2f3,E03854,,True
1361a7b5eff5e359fc807220d4e8a4d,E00183,,True
36fb76aa570a559d2a5423359161b4b,E05730,,True
1baaeeb9a2445256bbe2bd65a1341e7,E00016,,True
bc1qb1f94a7408f64653a71719bcdf8302,E00016,,True
1a43f68a43101e40d565923c310d2a2,E01269,,True
1aefbe3f7d7f5c0e3fb7b87a7a3bc7a,E03888,,True
12bdf3d01f3914660ca40ea79465f66,E03010,,True
11c5e7b816ad9ff7228bd1e66a0d0af,E04354,,True
11f8cedc91ceaaea5e0ecfdb96ca7ff,E06989,,True
3b17711f2037633ac5dd02dccc67ffd,E00818,,True
bc1q95c7b44d4e8d9a67bd2b2f18672c82,E01893,,True
36af8a1b924cc7b83ddbc2c86dffb72,E03205,,True
1de77211f76043f9a16b8530692fe02,E06793,,True
bc1qcce33e29bafb6357c8f6f60c0b2fd7,E00016,,True
31e8ac3a87bd62a2fbc8b9b3db02210,E00016,,True
10847fe673d383aa7fc93ca98105b90,E01813,,True
176949be7b0e27d244b405aed7cb20d,E02401,,True
bc1q5770ea986eb55d2c1d57a27431a270,E00232,,True
3e2769a5b715f52fe59882353a4b5b6,E04545,,True
1769b5836f05fe76e6ae1a627dffdad,E05041,,True
bc1q7c03481ff7c11978bf1277125c6659,E03656,,True
3b72ed2d38d665e0edb24f1584e24c3,E02903,,True
3bd54b51eba3186931bbf4d3a4d6caa,E06617,,True
bc1q345bfbaa1d481291878942c1981ea6,E01737,,True
1a9582ffa6075243c4e3df4e0dfafcd,E04213,,True
bc1q99d7a5d90b8d03613fa3c634798c45,E00016,,True
35c2aefc8ea7f1cc6c02dc3fa6f9982,E00016,,True
bc1qf82aad89c09ff05d4f4215d46be0f2,E00870,,True
bc1q857b7556a39cb0f09d68a519db2fc5,E00016,,True
bc1q9ff78fe7186c49007ef8b4ebfb9cde,E03612,,True
3c631bb8725268a50b75b84e1881d03,E06374,,True
33a84316f792a9195dbb3ba9e07820a,E02957,,True
1b04bb0f37b8dcd47d238c7761d08a2,E05850,,True
bc1qc9f889f9c968ff9c6ecbd2771e996c,E07334,,True
1d676386a77ef8c865156e7b428cf14,E01074,,True
1c0f61de529f6530f12543f046bc3d7,E00208,,True
bc1q21e5eea2ee459d86c48769ba09ad83,E05447,,True
3f99f22d5f5c973149cce71d4254c1a,E04925,,True
38b4e257614d62112ddadd7d5d62690,E05981,,True
191d2593ffd48e4a9e26ef724e2d243,E02923,,True
bc1q8a12ff54bf2f54bd7dabed6db63948,E06859,,True
bc1q5d5a5fc19fdfc8745ceb195ed03451,E06854,,True
1d9485638c0702ecff9bf0f848270ac,E02311,,True
304fe52e98a470cb894550ae9faa206,E07160,,True
33a6284fa5d7be911d2c097be588941,E00927,,True
bc1qa4dab8e19896da4459e2fd23509275,E05042,,True
1e3793d1b634434a380f89c8a18f553,E06404,,True
bc1qfd8c2845731770c00b67e5fe5000aa,E07205,,True
bc1q007fd36ba36ccc9cec2e909865e106,E06359,,True
39aa602bbbe0abb323f58d3fdd9c36f,E05481,,True
bc1q2c554b0ce44d062427480070651d67,E06611,,True
bc1q2adfc320abd3241b01ac791b7b9fd1,E06702,,True
19b6e02e0ba5d422314b60ce9498be6,E07002,,True
3b71822a8276f6a7c3d22973ce7e2da,E04986,,True
bc1qa87319981dc53044f20d97f4881671,E05787,,True
3529a8e7b6b549edaad518288334779,E02699,,True
327741b540dff12093783f2e2285bff,E00485,,True
3076b449ed26f3d63997cfe4815a8e7,E07111,,True
3ca4148baa6302f9ce1e6a5869c2873,E00114,,True
bc1qd5274a4085fa43a7faaf3a8548a5af,E06627,,True
3ea89a97aa6d6eaac273009ec1a86d3,E00084,,True
322c0c4a54976d0091a5875cc18dd0e,E00084,,True
18bd29631cf3224f0cb8112ddc55228,E04292,,True
bc1qc94c044976bf21a73d8f368a7d049a,E06382,,True
1a47d75c5533759c98757b1d5ac585e,E04561,,True
349ea89909259cfc640fab6deab7637,E03154,,True
bc1qc89578890719db252a95db4ba9008d,E06469,,True
3d97d01535a9a5e07633c4fd28de3c9,E06262,,True
bc1qf55c6ac6b44036baca2a87766afbe7,E02585,,True
bc1qb024c6eb3e383afa3a9fe008bbd3f5,E05915,,True
bc1qc6a3cbe10c8e366581d3d3a79d10a8,E06776,,True
bc1qfd2b2cf24cf42178dd9af3866f24eb,E00397,,True
161623b4de7bb27c194c25a1136c096,E03403,,True
bc1qea42d287b4fc0eef6c10615ff5495d,E00092,,True
3ca57014125b4ac4fe18ed75451480e,E00092,,True
bc1q43fda52e7b56db36e4b9c267bb0ddb,E02228,,True
bc1qaa2fe713473e04eb90287e6a9c5812,E02882,,True
bc1q81942dcca743fd96eb175606843d56,E04197,,True
13ab46a099c9ecbdd2ce655a21b6afd,E06240,,True
bc1qdbdd146d35ccbd6ff1b480d715c115,E03647,,True
10955cbe25cdb57b7f2ea29375235e7,E04537,,True
16517d400f8626029330ae65494156c,E07188,,True
bc1qa4b291084601b2c9ec979e0ee576d1,E03600,,True
bc1q6804bab0fd0eab9b056adc77d6b4c8,E00232,,True
36931b123adea684bd3d5cc644f8bec,E00232,,True
323baa1418c646086875d7cae467f0d,E03960,,True
121fae8bcf4ced1c17e3dc0bf5628b9,E01850,,True
3ddadb9d2a55d1fd571e1c21ef8faa8,E01743,,True
140f8e7777f11dd8fb5287124b65f7b,E01930,,True
15938948a426ff020984689c78ae6ce,E07218,,True
bc1qa97025145858bc18fbd8b3ed3d5de3,E00011,,True
13aff808d22463f0064b74d4b972bc7,E00011,,True
bc1q77e0e0bddeb13a3f34d00d40152787,E03662,,True
1352f5d14357ff0c5c00df610a42655,E01986,,True
36ceae579a4c3173012f24b3a57ac09,E01011,,True
bc1qb55f0ee502fd39b0e0565ab72423d6,E05163,,True
bc1qb7d0570105101f3428b6f88439c0df,E00507,,True
3904c912384ee78d20ad3bd8f8b9cd2,E06822,,True
3712fb4daf5c46c1f7e05de842d29bc,E02328,,True
bc1q3baaf9090c5f871a1d23403538c7d6,E00501,,True
bc1q6cd6b907656c229bcde988ce25d281,E07264,,True
3746567643666feb18ba37a553bcc8c,E01638,,True
10735d08bc5f95e2fcc3101fe73d88f,E05588,,True
3053a569257f9f2153adbf43a9714c5,E02109,,True
bc1q6d6baff7660ff9479e2ddaf21b4152,E00013,,True
1c3f028b07ecdca999a0fbc142359e3,E01570,,True
bc1q58b36013144c013b1d0b200df665b9,E00078,,True
bc1qdff6f89d128e4bfdebb07690f8b020,E04780,,True
1856e62a85b5df7fb8fce928adb4c5c,E00336,,True
11fd1eee9f644600ffc1ee593da4480,E07122,,True
3e6fe4b3db97a3a310ab62da170b931,E03922,,True
bc1q06478a0878023afa0142612f1f2d25,E03363,,True
3d9ae02edff7902d693090fde366fb7,E04382,,True
bc1q839a452f48ae687aad6e8a21198e7e,E01593,,True
38d5d061900d6f2480a44379f9edcb0,E01290,,True
1ac38b9611c156eb25b30a8171d0b42,E02326,,True
bc1qc652aad7abcce95f63f80a5eee996f,E03819,,True
3e0792c96efbd3b76314352c13de3e2,E04315,,True
36333cf27751a9b00344c1d5134baea,E00446,,True
bc1q0384b35e0d2664cc67c18348ff063e,E00446,,True
152fdcdf80bf7792277fc64fa2696cc,E01529,,True
114691e730a96e33d6f0eb6a405bccd,E00336,,True
3514e4c20da292e97cd99a5ac9bdd67,E06546,,True
1400b50e966a932c8dd57fd630c1e84,E05290,,True
bc1q3a3b6310483ff8a8cfd0ab4bec31ac,E01259,,True
bc1q8a333f096894b64102ebe40d4414b3,E05385,,True
19c5e1ff8385a0fbf6150f064a21c24,E03653,,True
3f9979c96e37c60af257195b6313a8b,E05079,,True
14fba61cfe80f1875fa675d860adb2a,E01308,,True
1e13a0d7be14112ddb97533541a8220,E05192,,True
14f56aa79cca95ba29621e81c53ff95,E04485,,True
1e945492fffd43812fad919baf89ad5,E00115,,True
3af288642f1ad3ef253ee21f27c15df,E01828,,True
bc1qcc256897b608ab91ff42316eb9d015,E02088,,True
bc1q56345a0edea5417cee4e40bafa8118,E05644,,True
38365800848d0e814acf41ce28f7b29,E02855,,True
bc1qb95e44965349ee505ec9d64c32a0a2,E06861,,True
38b8c6333cb1663e117166ae3d38e60,E06753,,True
bc1q334adb9c5adbcd1738c3a86edebbf0,E03917,,True
325076d7edf1d614d55a67cc01f39a6,E05008,,True
1d304c83a4a2c34219994cba8151143,E03750,,True
1c1699a6c286e650b1f7526a69083d0,E05819,,True
bc1q4d715e01e68457f818b7ebed7bd78d,E00045,,True
32f2af860871abf92b068466f9957c6,E05867,,True
bc1qc8899449ef10888ab72eb99be4e2ac,E02381,,True
12b2753107559b2ab043a752ab287bb,E05767,,True
16db46ce6d1fe21e51bdfff17aa3aee,E05362,,True
bc1qeb79a7f3dc284b0b877e53de1386dd,E07285,,True
3a8cb12f0b00a513666901f457df923,E00052,,True
3800dd8541a1fab8c6c6191692bc7c4,E00052,,True
3f7e04bc41b6e70a2764813660c3366,E04120,,True
326b07b8b430745c3164e09977c547f,E05970,,True
3e70f56cb7206308ffa06836b38707b,E03164,,True
3bf94abaf61e25eec6874df1c63c39b,E01826,,True
bc1qe3214df290a3070a0e09ed46fc4d13,E02480,,True
bc1q8d08b6655fe95f5a211411d5a4cdaa,E02356,,True
36c056a5340b3b699c0ba3aaaad82a7,E03772,,True
bc1qea3986021f13f2fdbe885ca535a77d,E06080,,True
bc1q1e8ae94da929b6c93634cf108c0e80,E06550,,True
34d2c50b4ce73048a125174d6258de1,E04294,,True
3b4ce59347ff14934283d71e34e22bb,E00052,,True
3e61e0750e85e146138d78925fcd02d,E00052,,True
bc1q0c2b0343e1346d4990225836cdf42f,E01953,,True
bc1qb11f07899b16dadb3c144d3e44cc41,E00011,,True
1408c801bb7a58a51b5f30be5a999cb,E00011,,True
360994e8dd8c95bdeef55083d859f6f,E02969,,True
3b8ab21cc1241a512fd66dba984af6c,E02069,,True
3fbec0c8fff270649204e3ef58d1036,E00038,,True
1a930e84146133dfd1e70b5bc194478,E00038,,True
14a38f8cd4102051cf1c734f51d4d4c,E06147,,True
3246300166b79d15fc6ea78b3c622f8,E00052,,True
bc1q7def3bec0dfc3ab011b125022111e5,E01982,,True
35bf24fad5bea05b94422f85b573995,E02858,,True
3d6c803deda6570cce12e8b0e81b96d,E00078,,True
329af80c654d1d03ffa592fd75b3c4d,E00078,,True
1a488002c0185b46324b42331a79ab7,E01480,,True
38f77635982aa44557368cf0ba56050,E06045,,True
bc1q6f98df24fe9c8e322d453652f4cb79,E03215,,True
37b4299f600b6f3f2927fca0bcade23,E05708,,True
bc1qf0a94a55b92286a177bd2ba2588ba4,E05548,,True
148fd5c5b47a43afb92fbcc9a79a132,E06377,,True
371c77684ab8be355b40f5ebc40056e,E06281,,True
bc1q9e78206290129a63228db2bdcd79ee,E03360,,True
30dbe59c855d3342589f9f3983a0480,E04600,,True
bc1q1e72dd8a43a6338cd9292998369288,E04580,,True
12f9bb82ef4c766e95b98fe3530d627,E02110,,True
31105f1c356bb2be0bb4e83e9fe39a1,E01122,,True
15fc0baede99da9b8b7e157f5083221,E02169,,True
bc1q4862b336f7d7825e21237f0b8d02cb,E00011,,True
bc1q3474d3095afe4b55b48912ff844773,E00011,,True
3b0e0ded6f0269a8c31d850ee4e8cf1,E01274,,True
1925f9bd82527b447412b1096ede17e,E07262,,True
36947226eb72bb2b2c45cce75a437c5,E00115,,True
3fd6530be4986c4cd3fd77cb160db28,E02213,,True
3c5c9931338a251b27bb97aef13319e,E04260,,True
bc1q7d5704060072c3ea7a109ee77ee2a9,E03224,,True
bc1q41c7d9db9c9b7c4674a0eb47edc6dd,E05682,,True
12cb37e9a940c6c1c8e806bbdce4d4d,E01442,,True
3cfb80bb79ba014e6a5cf842faf265c,E05815,,True
1a6e4868d2eea22b544f70c593acb51,E00027,,True
37eecdccf1b6490bec5104077902ddf,E00027,,True
3ec1f0166629bd2f243b5c6833d7595,E03253,,True
11f7374590868049c34d6faf39e635e,E04630,,True
bc1qecc9d1e10b37815d7518d42e7e4cef,E03687,,True
bc1q036989c4c82b2b8e8a474de3d43569,E00089,,True
3cea971cbd6ce75bf454da8414ecf02,E00089,,True
39b1a8d903570c4f6551ace9eff19a9,E02953,,True
bc1q67d6bd1e98bb1b482497b1e653478a,E03873,,True
bc1q605ba47e771a81da6597eac9d67ae0,E07109,,True
36fa217dd1a62181c0f04de8b0f5e73,E00115,,True
1f1d7e320e6bf2bee8441d7c2cf77d1,E00115,,True
1b5f62c7a0a516adca3b684350b5793,E03081,,True
3abbc4b164e05cec5f75564d84b2f9d,E04151,,True
bc1q365d3967079421cfd2be23c69ee73d,E00202,,True
1bac97ab1195d169aec319ff38ef31f,E00027,,True
16ee2f98ad303b1d77dd689a98d61ec,E02876,,True
3dee70ffc2539d673f78379333006d1,E04903,,True
bc1q832f9a648acfe436ffa616b99c3d2a,E06681,,True
188f47e69906abf7792be4734783752,E00467,,True
399f9a325bdab1474ae4b96ae133adc,E05407,,True
1971031b6c53b98a5c674095ac77958,E00045,,True
bc1q1f460a244c8c75bf1dfa563fa992b5,E02200,,True
3f297cbd4009e21a667257d8420f884,E05151,,True
1f0271e049fb2fd9313ea0fb5d6a793,E02238,,True
bc1q6396a61d6b59782bf73025b21352ae,E04273,,True
18d85e0b20004fa9d8e20d617a60138,E00109,,True
1ee98368677098c144a14584019a1f6,E00109,,True
3a1592bd78127e8cb3394d7aa8d6f81,E04473,,True
bc1q2b30eb98dd029b72034c677b77cbb4,E05484,,True
320ce2970c497ac4ec08b2f3bbd60ea,E04398,,True
12a0526619994f110e7e66fc384b79a,E00056,,True
1d6c81506ae3366fc589e9003d3b2cf,E00056,,True
1ac9f034ed79296079559d701a32f19,E04919,,True
bc1qc3b736d999b615aa6d7584884659fb,E03177,,True
31a8c9d953590d3a7ce113f9e447824,E02298,,True
38cb1a21c2bd2670d73b07ed04536d0,E03631,,True
bc1qc2a423f8e8e938b2dff2fe9c902821,E01319,,True
34cc5b78af263bd126f28a9107d2387,E06025,,True
3b6b4aa39c42eed297f8f1ed783b9d0,E01968,,True
1ff5ebfd0c980c4e2cec61bc9001271,E04932,,True
16d419fc502ca4fd5c2c640dae7a549,E01117,,True
bc1qe6f9c2247803a1fb4a02831e287c97,E00196,,True
bc1q57620a6f24564d9c296b7890f6edce,E00196,,True
bc1q99d6cf72ab55919b540fe72ad52396,E03787,,True
1b57885af0ac5d6ee5e1fb5d52939e5,E00202,,True
315c189b44b2731185f014a29e9efa2,E00202,,True
bc1qfcd6a28b6086f7c141e231c6028bf2,E04060,,True
1ae819b50c8b8d977efdf5afe0c52ff,E05497,,True
3aca9affc859916236ed0d0f1e9f9bd,E03078,,True
1433d65c0f5de46714f4be5530619e4,E06060,,True
3a17a4b9daf902ed5bd4b147bedf00d,E02487,,True
bc1q7ca170cce4c94c0365a4ac7233060c,E00503,,True
187c64964b04866a43267645228e8ca,E02797,,True
336daf584083d9d0ed2923dd9834420,E01778,,True
32b8bb7e0ae5d9a3fa83319e01355d4,E06644,,True
17b27ac9876ed18d57517a63c6da9b7,E00045,,True
bc1qd769e4155b7f040b568722a8b1f12f,E00045,,True
bc1q729b4f6bfbbe6783c2366ea8c8267a,E05248,,True
bc1q0e197c27176819575bb6ff44539a53,E02808,,True
18d88a30888671afe74c3525704c077,E00082,,True
bc1qe4a7bab8c2282eb1e388e11cc014e3,E00082,,True
3b091e5918245136fb90ec652d7f029,E05013,,True
bc1q1f7fe55075b55accee6b1c727dda84,E03724,,True
14bfb1594e91738713e93c7e5797414,E02811,,True
bc1q497932d14bc7719ff0287a4d334878,E06089,,True
bc1q04ddbb28d53fd8c4f02c8f45f11bbd,E03438,,True
3238f8c7bd710124ea761b8e38adff9,E00586,,True
bc1q2e5146d8570bc325ac72544279dcd6,E02327,,True
1a83f186a11315ac834777604cac3d1,E05699,,True
3da41afc2559353f95d62ff29c036fc,E01722,,True
3ceb5578b22e4457fa70485dafc3805,E00097,,True
bc1qec2372a3d40453c90ec3800d411ea3,E03941,,True
bc1q8fddba2d0d09aadda19f7f5ecab80d,E05670,,True
1602679526c56e8ad2ef9cc7e69b871,E03997,,True
bc1qd7e7beac01eb572bb3cae4fc84d5b8,E05853,,True
3c0757160ad1181c52391f2c0e618f6,E03262,,True
bc1q826a9ffce434484c956e1e7dfd151b,E04998,,True
139240e92e1fbc0f890ed188874b98d,E02314,,True
3cdfd1ff461eef8737ee7e5437414db,E06610,,True
1106057721b770724877651fdb7c107,E03141,,True
157cc6cb61c07e85c58a3bea1ac78c9,E00097,,True
bc1q8b61d8a691fdda43c81787f422dc84,E01608,,True
bc1qe5b2dfcaea5bfb3f70a1b232069ba3,E01492,,True
10f3e60eab6af143ac3f6a9a6508bf4,E00094,,True
35edf87d485d540ff23dc1997875918,E00094,,True
1ac7c777d89fa69516881a16de852e4,E07254,,True
1ba53d479d1acbd6b6348f4d14a3950,E07240,,True
1cedf8acb28ac77f855ddabef332684,E00804,,True
1645265bddd0da0321fba0a5d5437ba,E04104,,True
147291227c3b5c5ea75a15c0a236833,E01491,,True
bc1q67bee29f30418c9089bcfd91459617,E04457,,True
3c65b8ebf12dc1832e59782a023bda4,E05321,,True
1e60aad51fd198f3c0657a9fd04a25c,E00097,,True
33791ede8d9fd15a7cbe0b3d852f3b5,E04676,,True
bc1qab2c9acc9ba70476d6cf8e4cc73036,E03830,,True
bc1q71e15b8c6d768e45bcf3baef52d36e,E05686,,True
3d6c04ad464268529870e589af58a79,E05033,,True
1371367540252e661ead2fa8a51a26f,E05380,,True
35e3fba1e0a0b09c2b89fc28d4ad8fc,E04926,,True
1cc93efc50f50ef45c5a7897c365765,E06827,,True
bc1qa911613b7039b0789a9f009933ca27,E06068,,True
1911cdb3ad4d4c4a0493ed9a5d83148,E00426,,True
34f55b5061893ec82d768c637809a0a,E00426,,True
bc1q2ab09bcfd953239c6cad7a51456872,E04179,,True
14283ab6ab26bc82eb14ec462e3129d,E02843,,True
1298116d18efe468cb3cd409ef39abc,E00450,,True
1dd6322681b673bc10a404010b6100e,E01610,,True
3b896be5847d4dcb78d08f8309a0cc9,E02357,,True
3eb6e80c332fba95a6781f9fb49795c,E00917,,True
bc1q279efe9e7c8f712139a4da9efa882e,E01136,,True
1630f69cc667991824865e65d242ff6,E03409,,True
1a24c5530ce7ed5a6a33f306be807a8,E04092,,True
3554c95a0a07a6b46ee383830e1e4b5,E07081,,True
1be1faf2d2420c08231082e50da6bb3,E01764,,True
bc1q48e2743432257231c79faffb14dc56,E00893,,True
3b00e91a1f19e0d4514c182fd92c86e,E06324,,True
bc1q4f10aab518174fc5874243cbd10fdc,E00164,,True
bc1qd6ad784c4e0560b27eabff1420edf3,E06373,,True
153bc31d581b11da04d4e5cb6317b88,E01824,,True
19de80e66c9cdd40f38895d219262e0,E05266,,True
10c665e9a4c89283422bb5ad9cc21d2,E06415,,True
1dd431d76c880ae97a3be2bf57dfa8c,E00097,,True
31dc287e875dde764f5d967beccaf09,E06044,,True
31af8a2051c82c7e12c897da1d94506,E00081,,True
101726091b0262f2acbd5383a4475b7,E05606,,True
165e8875ddc2327b97cd54f3ee227d0,E02072,,True
bc1q6b679909fb7b06a10b04df1819c084,E00813,,True
bc1qef2d912fe58376be7de8bb95809430,E00824,,True
bc1q61d73d8e56d716318b2903de3e2bc2,E07260,,True
110883e6540809958c6ba1c62496409,E01794,,True
bc1q17927b71d2547c159116be554fb0ea,E00989,,True
bc1q1727307df102c2b9b4c225a23036d2,E01135,,True
bc1qee8921394b5d35df377ff855327432,E01483,,True
13178a1d172d3b1e8d96c3fff518567,E04895,,True
1a09475adeb28c4440ca1bda51c8a68,E07067,,True
15739d370033ea7f54ce27a34be949b,E01173,,True
1b4c77a2a67f03087b53b85567351cb,E00811,,True
bc1q5826527dd7db910330cb5c4cb6d914,E02447,,True
3bcc7dca1945f19aadca103ba78190a,E01003,,True
bc1q1b063c114f7af85bfff26bacfdb0c8,E00392,,True
bc1qa060ab3db86512f512136d1eb62fb8,E00392,,True
1173f93bd1f0b28cc8be66b67f57121,E03668,,True
bc1q22ae88520041ca4855f44a33704903,E02194,,True
16ac86a0cf6812ba9784027b8829191,E04014,,True
345b98cb0b23e222f15f947669cd058,E03293,,True
31ee985337d5acb570c56c086cdccc3,E03891,,True
16ea2598ffd03e59a3e1b2f8f942935,E01951,,True
bc1qc00b1938db128d65db6e4347bf8db7,E02132,,True
3dbda8113eae5c282c2746282202dad,E05829,,True
bc1q8612ae3fd03ba7c90cd6967bedb4ba,E00027,,True
3ce2a1bdc2fef74b430f524e2f0a58c,E00027,,True
3c1c3c7c4a48c8df0eddc230f29fdde,E03538,,True
380e1cc8a9a727fb2a12a5551a0bd7c,E01946,,True
18ec7dc7d9def75113808db6f2f8411,E07326,,True
3f388fe040ebf4778ab2513e03db918,E00580,,True
3f6e3896745f82d51e453fa6ab66c79,E04302,,True
168c233ff52763cc5e037b67de11dcb,E05269,,True
3081e97b374a14ca3caf2317750f673,E06381,,True
13d76c02e523a85f0366c0c1ed460b7,E05491,,True
bc1q4604b0b80cf2b9a606d8bbcd82ef51,E05982,,True
333392f9e7c0a9638490eaf5f4d6f5e,E01187,,True
37ac2aa0720d14c0fc8c060e8536a2e,E00978,,True
1d22fae487c6044ccf88429d25e434c,E03857,,True
1281ec2e3d21a338d3bc1df56726735,E01462,,True
bc1qcd5985150f1ad2476a4f1dbfefbd38,E02005,,True
bc1q6681820f7f4ef4fb7230f5edab9c1e,E00094,,True
36d5a9dd10d643ce26d828235dd784e,E00094,,True
bc1q75376c70735912e00077cbca3426aa,E01939,,True
bc1q1edd64f6d0d552febbc0271ea61735,E01215,,True
bc1q21dcde0dbbba59ba5943e84c29b12a,E04347,,True
bc1qe092d61ed02b04b10e7dd6bf05413e,E01163,,True
31ec5dd386ce5eb9f71348e730c129f,E00045,,True
196ef474a3692180cfc30be40e2008c,E00045,,True
16cdc0694c073a83304f93e39886ea8,E00443,,True
312ebfd09a686a9376d353d99ba118b,E01333,,True
3df3f1df4a83eb60949cf688c8e2f8c,E03644,,True
1439741d28bf9730209b07fc8ff0a1b,E00443,,True
1241c55d0663b33348ad2fff16f2ce4,E05751,,True
1b24ffbf8202857e4c7194908974012,E05039,,True
bc1q293db78e8ded4549adb07b874f7c5c,E06463,,True
3af2d79f9a1595d22536c0fb9a3ff8c,E01170,,True
17365bcac46ab9b4ea8595dfa713c33,E02407,,True
bc1q094f510bae6d2bfbece5d5a8856294,E00083,,True
bc1q3fb8bfdd1d74acb0bbbb3b3eca1e38,E04064,,True
3a47f7be6915476af1a09597669fdca,E00592,,True
bc1q4f48f2cccae482de9ab7bf40adbe1d,E06832,,True
1f2f0d3c7f6258333b7178be4ed2829,E04468,,True
10bc78da262e341debc90f4a6d74718,E06064,,True
14e8823f8e11fc47f71c0fb6f862a0a,E05745,,True
bc1q913f1844f36f679f9fcd78719e5eb1,E03241,,True
38aa4c4ada326e9e233384e315b3176,E03520,,True
1f4bf9496ffd9a7708baf8a941132a4,E06668,,True
370362e980f1808f8b4b8c8c976e3c6,E06084,,True
13d309c39e841703dd3854ecde86ca1,E01802,,True
33bfdde1c05333284d65539bf274ecc,E02765,,True
336965ccb08b605f6f61488d62015f0,E06957,,True
1259065c7828c907b25f00e382d9e0c,E00014,,True
bc1q8da3b5633b35fd24dbc6d18e09cb50,E00014,,True
381ec29ac18ab4253b54502926079d3,E06962,,True
3faa50ba1248bd964d47b0789f85be6,E00027,,True
bc1q69f143a483c971beddf4d4b21a8ccf,E03636,,True
bc1q827052e1daa8a2659bcb7baf039e4c,E02933,,True
1712d5bc23dbf5569463b4aa3f864ba,E01203,,True
397f545752ab3b8fe4cc719b02f41c6,E07322,,True
3abe84265be0c1db60679cbc6e04882,E01895,,True
380cd9f054a4d99d999e026437e6068,E05090,,True
16eb7715c21245e9a7d027506895be0,E03990,,True
31363ac59b728501ca22146eb1c5a03,E01864,,True
14084c77ee8f72ec862d11d0e2b88e3,E00829,,True
bc1q931357d6993af18b14521e315fa646,E03388,,True
bc1q26e706b86edfd784c97e1a331e4bd4,E02951,,True
bc1qc5bad82512ba915549758b4c94ad60,E03936,,True
bc1q3786293f4e35ce92e9d58c20963d9e,E00005,,True
1c7fcab8dc73b3d8fa75c4b9150bde3,E04678,,True
bc1qd419a2337379f34dbc79ba10fa6c5f,E02815,,True
33d804dc7d1728d1eaca8dd83ae8d85,E00152,,True
bc1qfc8bbc71cc5840a89129b1a12f9473,E00152,,True
3055ba4993db7959e3e117c5ca22b25,E05783,,True
1be3932b3f75a73e141ab3821544b77,E03776,,True
1aea343c0029ee3070e36447f481216,E03665,,True
3d428dfeb6d3598232f9fbeaa5be353,E03748,,True
1a80d36f596ad224d1bd6ff3b3d5479,E07018,,True
3c4c1d113e8b22b446f0620c580bccf,E00307,,True
35868e344c771063811f9e92b105a3d,E00307,,True
bc1q158868272926b0ee0b683a64dd4384,E06846,,True
110a2a78c9e30dd7059fe6cb4dbb303,E07091,,True
bc1q5d5b8506c31d4da1dfc05cb5c81c42,E04234,,True
372227e1290f792ef25cd20226568f6,E00014,,True
1180c9a0d535fa9aba9512502ee5ad5,E00014,,True
bc1q90d7c4db987ef387b1eb12c9b037e3,E05556,,True
10a041989721307c45bfa3fc783129f,E03509,,True
bc1qe9f2767cedcd0c37c983606917e2e2,E06081,,True
35ad1904397028dd0b6ba753ed9d8e3,E00269,,True
1821393673d2405d1c4ede49b31e68b,E00827,,True
30a633d80dc753936ddcbc19e74cb6a,E03495,,True
bc1q13664dc2fc93d9b3ef29d71fbf23bb,E04529,,True
bc1qca0e8e39bbfd70f01e9c07b9d0832f,E06638,,True
396745ee94f82d936f4dd3b2e5b80a1,E02634,,True
122c49c8d3353c0b97ec8a1bc430e68,E04502,,True
bc1q421ac61e5b1fce7defb2be464a7247,E02495,,True
10355d7041b09fa928a81ffb5e20c44,E00269,,True
bc1qf76586d34172ff620072e04cc2b118,E03746,,True
bc1q808583721e97b89f269557e2b77137,E01225,,True
3cca632eff5b922d18e85b662b5d3c7,E00014,,True
18ad1068f3390bb25c1aa1bcc7b1fa4,E06566,,True
396d8e3240b2b63b25e19d25e1b00e8,E02899,,True
1cbc3ad3463a7590cd22c7da75d9819,E02649,,True
376a90f6370fda9f3cecaaf71a2f6c1,E00212,,True
3661d33aa55e9af537574b0567a25f8,E05198,,True
bc1qf1cdf572f4c4b3453a2e556fe243b3,E03861,,True
bc1qb1413ce335d23ff670dc2430c059e0,E02788,,True
345cde82ad1675af5cbedfe7d038c39,E00207,,True
bc1q90aa075f272162c5d0513127c8706f,E00207,,True
bc1qe67ca154b63ce700b7444cb33ec810,E01816,,True
bc1qbf341b155e40d95425b4f9321cb6ee,E00164,,True
383d9852f0a4f922b3424d353277c75,E00164,,True
bc1qc9cfce26e6d3f6d067cc1b65be2ecd,E01996,,True
bc1q25c6dc42988746c96bcd8b68d24a62,E02512,,True
3f44f30003d2fcf278c22c81263ead3,E03579,,True
120a44224219447cff9f60826b2f8ae,E04865,,True
bc1qa515e47cc180c18a6552bad1edcfe8,E04621,,True
bc1q59e4cc52e4df229da2d12144f2d898,E02662,,True
3c0ff758f90b9879b6723c8d33912e4,E05059,,True
32f18c69ff2a93760748b3144e6231f,E00269,,True
13c22c6eaf353ca18121e1a70874027,E00014,,True
bc1q066f8e987bbb22c8cdb20ab790c330,E00014,,True
36e4b52211a5b0369ba8b3831b74cf6,E01970,,True
bc1qfb9c78112bc3600ad27057c127cdfd,E07294,,True
bc1qff900790c6138135d8675b221d6bb1,E03907,,True
36d0144ff843d1a88cf22ade9829e9a,E00960,,True
145ee7f5a00a3e5aac16152935d1c24,E05487,,True
bc1qa7a66bb45fde2e1b5357e79bf17c37,E01105,,True
bc1q0e5c96b183adf927f38c77e17e22cf,E06297,,True
bc1q511060450cc687b4024e90b2df1a53,E03150,,True
300ae5cc0088c3e4a4446571286e001,E05942,,True
3e4ce4bb9e838b75fe3721c1a973bce,E05564,,True
1ad1a688759b6de3d08e9bc4039f3fa,E01276,,True
12415a455646396aef86c0252847edd,E00848,,True
347b0c18a327480ba9583c59bdd9bc7,E01244,,True
3d1d26dfba938bca922f180b88b1d28,E05747,,True
10f62069403ad3d28de68aba9927ca9,E00194,,True
3d2bf007fadd0bc2865c56542914a52,E03739,,True
3dd155825d0dc7600e68083587ee4be,E02463,,True
3e5d0af0e3f4b60ddab1a730ac89ec9,E07028,,True
bc1q4e509dd5d9211ea37e5f5235d2bcad,E02030,,True
1887a5801c2de3a000a572ed99a1095,E07302,,True
bc1q165f5a5dbf93ba101ac7525888dee6,E05769,,True
151208b987f9999cd43a1abc3f2acb6,E06024,,True
14e948a69bc3bd9d0f0a71cba59aaf1,E04482,,True
37c503024f6a95cc6514738fecd09a4,E06781,,True
33f6aba81c34ab727067505b3430e39,E00017,,True
bc1q1c343a1a06909b8ec6948eb2c10342,E03655,,True
bc1q8e2b4daf4963952775957e3ea6ca65,E05868,,True
36c492860421eb5ca6beccd3f8bc509,E01500,,True
bc1q4c555402cb42d1da4a9d0bd18ee31b,E05351,,True
3ba336f5967a1c4266f778c09f5bd6c,E06085,,True
1e206625c8d4d535e5caa8bb156240e,E07133,,True
1b69349f7c001ef05a619ff208e932c,E05122,,True
bc1q77c7393ee5bb60071f8c1235df6330,E00278,,True
30b3a42c09b02e3c50bed56e1f26527,E00278,,True
bc1qbb30a5a1616997078d4502f74d2c3e,E06809,,True
bc1q35230388f6c191323366810c51813b,E05052,,True
385decdfc0099cb78e364f01f6860f6,E04275,,True
1b09802f811744f4e0929a016d2bd10,E04157,,True
1a1121e3dfdd1a8a72a19f065c4b85a,E05866,,True
bc1q95f347d42767ba50f2459da198f70a,E07153,,True
3451c2c2e67a7a78f87702ecab78f43,E03516,,True
bc1qfb8206bc2030f5b67fbb29cf270e27,E00216,,True
178600841793186bfb2f2e1f8dd18bb,E00216,,True
bc1qf11e21ace21c98a30a3a38ef1a25c1,E04370,,True
30dd572edf890456bc6ec623f866bf1,E04683,,True
1fd8b6f9741c0fa1b20a57e5e86ca3d,E00531,,True
1bf87c6d1acf0217e1bce668491badb,E05869,,True
bc1q54f1c0c51ee8ae454c6bc88451e97b,E03463,,True
3060128008c8ea90843578fd941a66c,E00083,,True
177f6efc4edd24af3f542836484ab25,E00083,,True
358e33f72590637430b4e2c5669c3ef,E06671,,True
bc1q3ae6029ac1080989eea9ac8473d2d6,E00895,,True
bc1q105a3484f4d276cecd5c10fef9d5ce,E04850,,True
17a20d234306c39eebfb294dae7ada3,E00424,,True
1f355b818165d3cc7602d4f948152b4,E05210,,True
14086d60ac916a72e82ae674a1aea93,E00400,,True
13d343e663849db0faea29a04a5064c,E05250,,True
bc1q27f3358aa8bcdde54c8aa71c1c6253,E03274,,True
3624a7c00a30b00b325b0ac3145b366,E00513,,True
336b0e097218986d7eaa90f2e8a0175,E02403,,True
bc1qca3d02fad6d030057f74a473738569,E03666,,True
30d8368d73ad9bc713e71126ffcf398,E06698,,True
bc1qc93de1ff77cf14a19e9e81eae097c7,E00194,,True
bc1q0bc4dfa684ffed7bad8bc669be9492,E02581,,True
3263526acf140dde891ac9c7a21f274,E02033,,True
bc1qc501bba6343c637524b4bca4945a0f,E04262,,True
3b12345a037fd67b024c758e6748671,E07298,,True
145c6760ffbdb8f723f155cd5b6d68e,E01788,,True
38259de0673f2ef3f81d4e7da4da558,E03549,,True
35ff1e32e4d118636fb2d19b3378e70,E00961,,True
15d9acd8fb41ad8f575e5c616688181,E00013,,True
bc1q28fadf598ca3f3c5971d370fb900f9,E00013,,True
3c3d5ca140566c31c6e31393a2e3141,E02842,,True
326a5be0dc4a975baebf543c9a2c17a,E06280,,True
3ad4d75dffb285fad8a19d7808e67c5,E03432,,True
1b16d13f1ac1542fbecc646e899b84c,E03094,,True
1d7044f9b5c4685dff741b5599437b7,E06134,,True
1b6512bfb34b5690ce63efb1e2d76f9,E02670,,True
32b69967d03b18ad799aa72390be8d6,E04868,,True
37a6a1fee826d16451fcad28f12cbcd,E01532,,True
3b604842524d28763db8554336b00d0,E02440,,True
bc1q66bcf6bd9ed3fc5266cd86a5f62181,E00043,,True
bc1qd1f2971e565f2133585dfdc4cf769e,E01115,,True
32834d4899e875485483453dd84e74e,E03674,,True
1606ddbd0566bb7304cd30236fd9fed,E01694,,True
3ccb9db2bdc1aa666b1de1336373ecd,E02210,,True
bc1q61af00e739b0b2d8fc4d39d36fdb5e,E00210,,True
1755bc6b3d948a5e9119f8580f4b573,E06742,,True
bc1qaa1f3a261511a5a267a276e6d13d2c,E03249,,True
1aeaa5ac225a9d3c696d6aad3fa0937,E04121,,True
308e7b621b82c794616543dcf826f4a,E04878,,True
bc1q7b7d57cdde9ec8268f14708ac46af2,E04223,,True
3d5c97d0e5779ecbe1a070fed83a4c8,E06178,,True
371bfd7d0f95340720d576f0d9630be,E04494,,True
bc1qd6442ec448ebc52d6446d894d3a310,E04795,,True
bc1q4da08e3531518a24c58b47160934d1,E02185,,True
bc1q219365330c6855734d7bc5eab615cd,E07084,,True
1b9676dd6fdd1a5f17312f4659ae9f2,E03852,,True
385f801efa5fccbeb244b05845aede2,E03173,,True
1341c3bf828edb017158cbe342b6225,E00900,,True
1e648d778304c6c79eb17974fb9ef37,E03867,,True
bc1qf661410587a00f581a63ce7dc91d50,E06438,,True
bc1q6cebd0255614bad41b4fae62fe7a33,E06997,,True
3df7d5197c6da93aa7f6c01d5a3d342,E00151,,True
34f9c81f159362b56fe58974f147098,E00151,,True
144fcd98bfa145db1737774bebe0006,E07333,,True
3636e9adda3c3cc131482bf80bf5c25,E03404,,True
3c77358dfbe8420025ebdbb21a4f525,E04814,,True
1dfbaaf7dfaf8ac2ecdf59137330290,E01770,,True
1b506d23439d552d9c6ce2c98f23299,E04146,,True
bc1q479ec9efb0c51861cdd676f59ab1d1,E06901,,True
bc1q7d56cdec624a7e039538d1b73fa11c,E06197,,True
16b0ad6bf5c8bbc2af53bbae5589049,E03231,,True
3b63fca1dffdbf20c494646d8546c18,E02359,,True
1a51d25d75b80934f626c6579adf71e,E00939,,True
3b3c95f2971b2184dc8f62a500c081e,E04568,,True
358d7f500fa7dbf382f38e8b937aff9,E06369,,True
1fc84b2f4277ab2d89a8c5f3eeb89c3,E02222,,True
bc1qefd100ca241547694e06300269ff57,E04493,,True
12f7a0bc6eaa83022fef6c27581dc55,E04077,,True
1729726f0f710f496719d02e7779b0b,E06560,,True
bc1q4c6d2a1ac0a0d93f050787e4315d98,E05524,,True
3ae2addbc2c2e18b90ec07f7a018f67,E00319,,True
1bdcb3ec0c28c419155ed93626d7bf1,E01028,,True
1301597060398e455707d50c8c22645,E00022,,True
bc1qb5cd11613cfcebac89ba55a6fa6459,E00240,,True
3327e196f2c4e21e1aff24f1130b1e8,E00240,,True
bc1q81990b2b2165a7d4f53d8e8d938aad,E03696,,True
319b51f939d3b36331049663273c75e,E03755,,True
333d2ba55353587443c2c92bb2b44bd,E01441,,True
3d466993ecb1bd634afa2e1c968e8ee,E00296,,True
bc1q71b905945d91a5e33d6982d6c34b19,E00296,,True
369b21ef203d2c49481e18a24881228,E04206,,True
159b7dedbbc9e37c6e090313eccd90a,E06575,,True
192c451a2b865c59fc10eed24019abe,E03504,,True
bc1qed1d389ad0afdce2801ef00b901a34,E01979,,True
39d521c78077b6425cd02abf8fa9c9e,E00194,,True
bc1qeda595c49e76b74637dca92083e201,E01563,,True
bc1qb6d771a2fc32f95cfa07fb5fa7068b,E05101,,True
346fc4f12f178bdc7de01a929769b0f,E00981,,True
3504a1dedbbf1fa3d42f63ce4906c05,E05645,,True
32617748539527bd6ff39030c95eaba,E02097,,True
35cefe1c95612c2a4cd58be8474495e,E04038,,True
bc1q802aa632e97c2d2fb90ccf168885c2,E05017,,True
bc1q590fa48f708fab222bd2d85ae99a13,E01054,,True
bc1q976e20616abf8c3027015ec98718fa,E02681,,True
bc1q04f2c85537218361e05f985cb067a2,E01558,,True
bc1q4b1bbbb6448d243dcead918e93abd2,E02709,,True
376f4d0785e3505d6c1a4ba7fda3cf7,E03208,,True
139f711ba9bb77753d2f38aed347d55,E01424,,True
bc1qc88e038fb2f6b3a31eff5b79d80484,E03376,,True
140c71a07d0f6fc76f327b1e0e2514b,E03429,,True
bc1qc54e419175d7299b8ab8d64b9276cb,E01527,,True
bc1q354686c11a98917c9c85e9eef55c51,E05998,,True
19ac60361f43c2b2dd93719f8d9bf33,E01632,,True
bc1q9f39364d8131f52719bfdb53b3618b,E03828,,True
3101ea705325a3e6759d978bf144332,E01015,,True
bc1q76d73b4b11295585b3bcb63d1158d7,E00902,,True
1b975c2730243f14c8087d0f671c741,E05378,,True
bc1qa739a87a92194b1d5650240380395c,E03455,,True
165dc042878bd2fc86142f6f41ab494,E00480,,True
3fc8211d359e710de55e2db68d7447e,E00377,,True
3dbedb7d88b8f52b59f3eec15521035,E00377,,True
357cbce73cff1849a3ff3af97bfc026,E02895,,True
bc1qfb4ad34fa40881b7e641f823252cac,E01471,,True
305a047a238df16d437e348b2b3d214,E04957,,True
1ddc4c1f5c2aa4a7dc89bfc423539de,E03361,,True
16d79feed201457781240c6b0959c35,E05985,,True
1e8225d943b8376b13e019162a8e3b7,E04521,,True
bc1q9339419cf42ac1a7a6be93bc4213a6,E07251,,True
14a7c99801ac91b16aea9bb0e93a664,E02859,,True
1fb67246426e700feb2ac4b85e810a2,E01006,,True
bc1q88c36ff6501bd7122147abdc91f73a,E06139,,True
bc1q84c2530e3c892626bdac07a62289e0,E04662,,True
13b6cb5d4e711aa563aba443bc8c4f7,E06029,,True
bc1q8956c399761ae393303626fac34112,E05471,,True
bc1qa26c3afb64162f1ca5b32cec3e8df4,E04149,,True
bc1q9f770e1d72472984b34d95430bc915,E00216,,True
367b1814b5aea314b7dcbf04e795bd9,E01909,,True
bc1q34f246d703cde766e3418825d80fba,E00017,,True
138482042f62b6b2f8fbe6548958b40,E00017,,True
bc1q41fbce260b33fca23eb6a9248c754a,E06743,,True
bc1q5cb3a026a264d7f7024b30954c04f8,E04717,,True
1df87984d4e2528c4775de9bb4099bf,E05827,,True
338e9ced8bb6fad44d1dc54d6ffed78,E02279,,True
bc1qbde85aa8eb963a2888ead997d4d81b,E01321,,True
bc1qc49b3b02044acf6f75793a662602a2,E05492,,True
3faa8755319f42cb78fe9f5bf87d19f,E01772,,True
bc1q614912836168490aa355b52f3c797c,E05814,,True
31e088308ed8d8e53e9215bb5477ea3,E01238,,True
3cfcd2e3c8041224ca5761e19e5829a,E03084,,True
32ec7e056b640046fa62feaf1a08745,E01745,,True
1a125151ac7ea5bb387a11d5286f977,E06631,,True
311adb0ad61a6340315e733677af5c5,E00083,,True
3fcdf8b0c2568f9bea9b70f34a16bf5,E05965,,True
bc1q711f4a233731e093c0968729e7e176,E01672,,True
36a8eb7f32d2812121d87acfb267d27,E02348,,True
3287e09ded7945e980b82cbd66248bf,E03195,,True
bc1q73024b6b698c27b6c09998eacd8c87,E05749,,True
3bff26571a57dee06927c516e66869f,E07257,,True
1b902bb64b348b18f46b295059cec1e,E04159,,True
bc1qab0a94b3010c84dac72a71ef56cb9e,E01811,,True
327f2cf72ee3ee1db187e811fb055bc,E06601,,True
3dbdea7322c199557b5c3b9a3fde9bf,E06844,,True
3fd82ab8b5a4642c7462acca78c6ad4,E06639,,True
1ed1d1ece7f41fbe7d86b10bb3abc80,E01923,,True
3e22e75c4f11d1002d49cd42e59542e,E05145,,True
bc1qdd112a0e843a82ca3ac67ef5657f5f,E02502,,True
bc1q56d1cf728baf46031ddb617c42e905,E02370,,True
1a6be1389b0912d2ef973ad1f875117,E00017,,True
bc1q49c651832188f2f7603ca1c238641b,E03694,,True
35933b87190d0061e862166f2465944,E04818,,True
bc1qb29b1380e5efcde857997d20d0101f,E05352,,True
14f411fb0f1fa70cc26219c0eaaef12,E05863,,True
bc1qf240218b2a639a07381f2b1bad69e6,E07184,,True
13cdddf1bb9b8816979c5e2b94b2565,E01246,,True
11e0118886f5fed3a79374e763b8db1,E00220,,True
39897012715c8702c92928bf074fc06,E06314,,True
3c18c09170e02d27f15eac0aa45cb94,E01251,,True
169a9490aca3b830a6cc6986d929098,E06144,,True
1933eaea55b8e54c0a2303c8a3ea4a8,E06789,,True
3b06622114b88be269f50576c93220b,E01205,,True
bc1q6ad2e8aa2ef600417c0ee01f06f758,E01761,,True
3bc85db5d1cd4f1342294fff2ca4966,E05086,,True
1e0b64f339cb97bf5d415bd684478a8,E05315,,True
3fefbf3f433693287c8ac598c607d0c,E01002,,True
35885dccac5ebc79c1817a35e2f0318,E03228,,True
3f4351309bbc04217c41a10a11274c3,E02738,,True
31d15a58dbfe8652a2b4d1a8df1944f,E00220,,True
33616e3344439d59d12955e301c1059,E00220,,True
bc1qa16dfa9e51e39967f66367be2e5c66,E02684,,True
1314dbc5c81981a6c179e9c0c16d3e7,E01725,,True
1c6e76ee3b6bf998f1c40c61d9f77b1,E03420,,True
187204861d2e28905f1ef89d1efbdbc,E06651,,True
1f93de2ad1e73dcad0a451c4f36742a,E04598,,True
bc1qf74e2a229ac1ccade24e621ba4935f,E00934,,True
3a8308f4020dce0649f0ed0d4ec4f5e,E01817,,True
39e6174cf684768dcdbc872fabfe297,E02579,,True
1a689aeb0238a35e039bf7b1fb9af43,E07197,,True
3dc50520a76e4049bada6c6dd7d08c9,E02181,,True
14813bf1986f60f9dfa5b535cbfd9ba,E06771,,True
3e95e1576bffd44d4292211f4280889,E00346,,True
3e532da0dec2d12b028653fc8ff4dd8,E00346,,True
bc1q466b653d15c4b2bcffb3ffcf245b69,E02451,,True
bc1q1b91758933244951cef7acb8543f00,E04875,,True
331d7ca17a61e5123a7f781a77c909c,E01789,,True
11634cfa635d9e72a6aeb6c9abd68be,E02095,,True
1c638b943e30865a013b01aa27f2211,E03071,,True
15f7a06300eaba65403298279b5634d,E02524,,True
371604838476730fa7f14d66db968a6,E03751,,True
bc1q42712439238eddf050480430a222ac,E03607,,True
156d05af497635f6de33b9f806fbdad,E03675,,True
12a3dd78dac210d5eb38ef5b24070ca,E05885,,True
3f6c3142cac1a44b76b6b94fecc216e,E04300,,True
139f44fa61109cf8e86f9b2d4e675f7,E00589,,True
1ca97b9e1e9895e0929e5b0b2eee937,E04313,,True
bc1qe897caf9698825dbb02951a07faacf,E06733,,True
365bfa0037d94a74f5826ee66e93b5a,E07020,,True
18a6fd845821b5f64939646ab15463d,E06258,,True
bc1q156c99cc977171f926393cf1974022,E01509,,True
1c03caab3aa475caf314f405e8f7d7e,E03069,,True
36272a15f187f9d7f7181a39b6453a8,E04673,,True
38bde99714c66edec92a79bbbb54e44,E05112,,True
360f6e9692e2bd02e91aeb2f3c98d1e,E05508,,True
bc1q85401a2685237fb43157ef76331e23,E01574,,True
bc1q81c3fb29b4f4c1112429eae485d6ce,E04224,,True
bc1qffc29326fb2d42693ec251666ab560,E02297,,True
bc1q95a05956375ea5e365bcfd04d299f8,E06170,,True
35db58c7f8b4f9ff1e52e8895111968,E06543,,True
bc1qc157fbb0273a8c1dc7bd19cf95e764,E07051,,True
bc1q0f30892ff28e9dbd20647eee97201d,E06266,,True
18f9e79095fdbf25f4200bf8fe3819d,E00374,,True
1664fcd109b9d8364af7bf1230a46be,E00374,,True
1482b5757fb36630bc7e0234e84f43d,E03721,,True
3f9206081e19daf9c9810b14921d21d,E02629,,True
197671064188dde6b44312aa565cd41,E03779,,True
1120e5c59b44b98d59696583fa27ffd,E05254,,True
18642078371151cd4c037c47c4fc4f3,E00025,,True
bc1q98099f89b6e4cd192139378ea91fc9,E03483,,True
39591c59659a110997932d963c9995f,E01716,,True
16da01698f636905604c36c63b71717,E04744,,True
bc1q7d2f56e2997138d0652184007f99fe,E06247,,True
bc1q98f3f6f6a9e3e3b62bccb149560c36,E06237,,True
3a83e521cc654ee8d5a51fed4066b0a,E04942,,True
bc1qd786cfdca676b34725d0b2254bee9b,E05256,,True
1dba6459d78ffe0473b16ecda26e317,E06199,,True
bc1q9b64a47fc7b5812748433e973c45bb,E05336,,True
1fa0a1aa951027b53ffd1eb752d7125,E04792,,True
bc1qeeba6aea88d27d17a6171172569d7c,E05489,,True
1701f3bcc0c4032485e64bd4a4855b2,E07299,,True
30e81a1bf96abade60d99413fc68e14,E06471,,True
3db80a81ee6a2c3979189e8b0c249d7,E06690,,True
3c0d23ecf4d214300772049413050cf,E00371,,True
35fe789193d787dfa1b241f462dc7ce,E00371,,True
1373bf93259656e10353a74861d61d2,E05235,,True
17b6df81be6c0d22c967cc940696e09,E05704,,True
3796c396b35a9b90bfc8c458a43aa23,E03971,,True
bc1qd900b7311d2ed4463a5bb6c841b6a8,E03749,,True
1836cc41517a0cff1e7cd235d1a62ef,E03947,,True
bc1qe0911480bcaf93294a8df045bb7f89,E07258,,True
bc1qa4d6b5b51b08c7123a3767b834a149,E05172,,True
bc1q0eaddbd96ff6425869bf9d9fa5abd4,E07248,,True
3d5205b7f5e86eec35065359aaffa70,E02507,,True
1a3603c24d169ebd21736e19b874569,E02344,,True
339acbc7bbb8aec2964dfd0a0a3a89d,E00400,,True
1eed5d42e4e0cd38ad3d910a25a24b6,E04091,,True
3d51fde573ecc3af574175b3d051bf4,E04778,,True
1cb4add85096c7855660d8ed25697ad,E04216,,True
1f24e1443b5bebbe789ff69a7a52a11,E06637,,True
35ff2d5f7009e393ebf642f371be782,E06707,,True
bc1q09775f1bbaee7b2046c4581154bb65,E04103,,True
bc1q4c4c47c05a2a817067ca4a17d79e90,E04694,,True
bc1qbd1021ef0a4c5b91a5a34fd57b07c2,E01876,,True
bc1q25a418cfe28e64e18612121a397f61,E01616,,True
bc1q662523715e1067945c8aa48bc36e76,E00334,,True
1079ff560db11fc1ef028d491aed7be,E00334,,True
bc1q88942a2dff247d3bbe2c50eb8549ab,E04671,,True
bc1qce5e9e6f43cd771f546fb00b4cfbb4,E04663,,True
3c24ef09297e21166551495043e1beb,E04854,,True
bc1qd4736d9e12d7cf95a15905591cc4b6,E05267,,True
bc1qdf01c97b7b1c63e60af14992852bea,E06423,,True
3c11431eb151b3a21c185b500326863,E04150,,True
1439ad8d30ac514143f55822ca4b37e,E05358,,True
1a6f9088af6d2681bd07f9b78612769,E06384,,True
bc1qbd8f21ae419c8314bf8f46a52cabc4,E00412,,True
bc1q2dc58529c2f1f97eebf53978731a4e,E02785,,True
bc1qb695c896070181de274009938dbc30,E00412,,True
1a7f70a76ab5b520655230e474762f8,E04902,,True
bc1q3b2172dd0b575513dea383c5fc931c,E05000,,True
1966de293e9983501d4897d6b79d8e7,E03378,,True
bc1qf63139f1e0a4dd2243e46cb32a74c3,E03459,,True
bc1q8d5af1085d07e6072c5869d4c933f2,E03544,,True
1edac44f2d058ca7b2e329d9f80bd12,E00214,,True
37df0fbe274359a7ab4ab804b0c3c1a,E01367,,True
15ef6849ef8b5a9b792ff6567f7aba4,E07086,,True
344a32ba2c9e18891745b7a0cd65d01,E02164,,True
bc1qc11752adcdb75b2f5b8b8e99c0d0a1,E02582,,True
36575e86e48582c84f738848c789ee1,E02212,,True
bc1q0b1c56dd5326f99a8a506fdd680173,E05370,,True
bc1q26fdf526e1f75645fc6aff0d65519e,E03745,,True
1c139347d9ac43180078fdf7950c6fe,E05207,,True
bc1q9ecc41f256aa65e7eb7bae6e143f9d,E05763,,True
150e77103f1e9d531db836b2829dda9,E07043,,True
bc1q132656a56a0e3a62810c0233eac0db,E05357,,True
1ed8aa15ec0e902ab1772c380619341,E06970,,True
3baff8a60fd218ce84eb205dec8f791,E06216,,True
bc1q1c89a7ed0f1331c31eb3534381f82a,E01766,,True
1ba8285c7e2a618802993b1daea544a,E04559,,True
1cc2ff8bd932d553a9885a4285debd6,E06785,,True
374361b34cc7b5f9eb894b681daf504,E02246,,True
1b506aacfa85cc80dab44287303f483,E00008,,True
34432db5dcf19aabb3dc51cb893dae9,E00008,,True
180f7e706823a769baae406ce6aecd6,E00089,,True
bc1qcf58fa9ee320fa788e787241d8c57c,E00089,,True
bc1q1acfbfb9f655880be69706b851887c,E02182,,True
17ab939fc70adf91edbdc2c27c8aba0,E03769,,True
bc1qcd08d23cac937784d2341270979e67,E04413,,True
bc1q50414761828f6dcb5c5268f50ae8e8,E04395,,True
3901f2342c121844ae352b6a9850bd9,E00116,,True
bc1q48b9e6345439ff2e427c4baedf06a1,E00116,,True
bc1q5e3124f72e5937f83b6c67351de11b,E02443,,True
bc1q35aed71f3cf57162fb1abcbbda2b91,E05683,,True
1f60ed635dd9a12f9d307a88cc9360a,E05855,,True
19cac3da5a8c8af8efbd22aec511744,E05578,,True
bc1q2f080f310a1455a1e0c35ecae3f071,E05525,,True
bc1qf840066f0eebef97e8905756a701ab,E03027,,True
1c71d5140b4b859ae520d8bafb1c9bb,E01292,,True
317eabc1c7d8d12c7e77d0fe1677795,E03101,,True
bc1q0b7246436eaced47b8595ed2799a25,E04526,,True
bc1q9852bf50a7db25446b87ee72a41cc5,E05512,,True
bc1q698e0931369512916e1089ff9558a3,E00407,,True
1664d4994b5933984c11826d910498c,E00407,,True
3f5dd3459415c99818401b35b01c766,E00190,,True
bc1qfe89947a1400a5aaaa76a899e00029,E07064,,True
3836c9a9ec05913280714486fd7fd11,E00389,,True
1761117980cdbe6d546c3a3965a801b,E00389,,True
bc1q828d53588abb8d3062cd4d84d69f8f,E03641,,True
3f5b7af9d06f57b1cbce9b1af77c5a6,E07053,,True
15605df9903b63f9e53d154ec4643db,E01815,,True
bc1q645f275d0b042de9b14c76420fbeef,E00915,,True
bc1q3bfa6bdd245554edded97be284ccd7,E04063,,True
37aeee75bd55037f744459609791408,E03254,,True
bc1qe990b829e1050ae4e0401e79c272d8,E01957,,True
1f454da21c2de248d8e22fc6d44b76b,E05050,,True
1e57a42b0e98b45a5276d0259b2ef61,E06678,,True
36081849b11e3c8ec8c4bf3419c0127,E01937,,True
bc1q681fbfab9105c735108b0187ee0752,E06557,,True
13b08a3f2aa825cc17700645faf467c,E06519,,True
37cd5f62c91bf45a83c4984f0270274,E01254,,True
3036599f91070e02cce4cce6994a2ca,E02383,,True
3a37dafe9a6df1391c4b8c675961b93,E03113,,True
1cdb8e6c02ff878d9b8a0644a40c1e3,E03511,,True
bc1qf20c0ee99badbd7c5e9c3d9f5367fb,E01222,,True
bc1qbaf24e22659323e027db0d6dae81dd,E04372,,True
bc1q260f4dcbae6d4213716ef9b249ff8a,E05457,,True
bc1qbc6c4baee8e33c238a84673bc27b50,E06983,,True
bc1q1d0f47a0dc9d36e91001f26365840f,E02265,,True
bc1q98cecaa5726ac589ab7d9d30084de4,E00190,,True
35e063d4cf4e93592b8529cec7dcbe8,E03446,,True
39a6c89895e722bab5b623321cccb6a,E02790,,True
bc1qa4349ed1a5817a4e1b913c7e4ecf5f,E02224,,True
17c2f26e9dfd1a3fd7b13042445ac63,E01391,,True
1b939a4d8da46cf533affa825b37c23,E02074,,True
13577f4fd3d30bcce34df76d1298de6,E05726,,True
bc1q91b45ecc0a628bf5185923e8292e3b,E06480,,True
1395125bc0db6b76f3e8469d4bac7b6,E00329,,True
16a6e266fcdef9550e49ecf9da657bf,E00329,,True
bc1q82203f4676f767a429ec07107bde00,E03273,,True
1b4e0a8219e2a6e08fdd5d260f6e5fd,E03610,,True
bc1q519ae2050c72b2d116a0dfa886307b,E02948,,True
1137ba9f56943920c3a3ed86e152f71,E02727,,True
3260a0a82c127cb131b9633ee5cfbab,E06547,,True
3113f8d67727fb49b63cb406519e771,E07325,,True
18d3cf2c4b63435869302afdcee15d6,E00274,,True
32e7e3d689e23499dfe4399b5c160b4,E00084,,True
bc1qa40ac216cf587b47561773d82c9644,E00084,,True
1479a65249ec0fec7e0782eebe4be9e,E05531,,True
31bcbd3bb9ec6ccebb65b299995525e,E02894,,True
1776972ae3741567f1b80247ab029d4,E00987,,True
1e21734d36fa1c9ccaa2cd36ae71db3,E04679,,True
141515f9174b1368c0bdc3f6d4a1259,E03790,,True
bc1qa046d4e0a8a8afd66f3fffa93fd7ec,E03411,,True
33ab965816c99cd96726d2e9b4b0ee7,E01337,,True
18fc1a3c2a1c1bc2020e7f7de8427be,E01589,,True
bc1qbb5cb1dc77559115434291cccfe7e1,E01741,,True
1a495db2632fa9dc768edb905d8e146,E00029,,True
bc1qbad1ffed46d087c77afed52adff941,E00029,,True
3646ca63a81481e64aba2d7628b4844,E00008,,True
bc1q4dc07f9dde83c4f04259d3b854ac7c,E03845,,True
bc1qee1252ef2b03e00e5bf3282b7a523e,E05143,,True
19834e00823e20b08ff7421c76ee7c0,E04936,,True
139695c8f9b7a5c6ec1f3a9c5ecff2e,E02108,,True
bc1q7da5b699056421b6af49df070f48c2,E02504,,True
bc1q3c51680ff4c2d6e0d65081e98dc5f7,E06492,,True
31db334446c0bc91da29b57a5c1670b,E00210,,True
3efee875876d34c3a5a8ce185bb1fac,E00210,,True
1911a4f056189d86734086c55068e72,E06893,,True
351f43990823856d82118083e3f9fcf,E03500,,True
3886f5dfc461771d453912c20185f64,E01744,,True
1b5e948a331c4b0718138900e592949,E06625,,True
bc1q0c3ff9e2e8348eb3861760df05ec3b,E03691,,True
3c6fd3908d9592200266fe5558439d6,E00284,,True
351954abff9ad36f8c7e94f30ab10d9,E00284,,True
11cb143d3a9972fabf6887120f1bdcc,E04191,,True
13c63c6eed404f5bd24d8085e0ad928,E05404,,True
15c2815183a303c2697653b54ad9d4f,E02946,,True
3669f5eeddb2d45e702d3cb8f021e9c,E01932,,True
31fd5c6172f220383880cf339a20ed1,E04967,,True
3c98497472ac6c2d4e1774e196c9643,E02284,,True
31af94ceba2205b85967b7d480d457e,E03616,,True
bc1q0de105e362b936ec6492a2d6a35f1a,E04606,,True
326f3170aff53a5e3d8f9ae4d4df4c3,E02282,,True
3606683f88a5d47a71b2ca35e0576d5,E05637,,True
bc1qfdb99d7a8b737a31b5276f88e941fd,E05466,,True
3e4f3adb5a8d8610ea7fc22b9094ff2,E00430,,True
3260788f5928bead1e548038d8e7b2b,E06486,,True
bc1qc91dbf80e2811ba2f445e855631bf4,E00255,,True
bc1qfb48ca5b34fbaa529cb29f549922ae,E02054,,True
bc1q8545ce46a283019d13b149b46ce5f8,E06103,,True
3c0a0f06f34f749d810983aff82c549,E00982,,True
bc1q9a5da50e27495814e352e8309764c8,E01889,,True
3ae9f43add8abeb0e26fb1cf3813eee,E06036,,True
14401473ba1e8966a63c6a93b6d4b6e,E00921,,True
109b11a144a724d4adf54a4bb096b4b,E04546,,True
bc1qb3722a177316018dcecce2537e46b7,E02721,,True
160f51c9e67eb9bd4a4853cdd60c37c,E04349,,True
bc1q832376bfa1ebf9f475a7ad88e413c3,E01998,,True
bc1qddc5527b87df442ca9213dc253f5d1,E03961,,True
1d288b0d51f03b17d058c0701b4cdfc,E06338,,True
1f11a31482680f934010b605e9a35cf,E01237,,True
bc1q8188fd0a44b229af3b431511f2b01b,E05096,,True
bc1q41e01fbeb7be1f3c00fc6d5b2ea703,E00116,,True
1e4f434642704a925303f21c36089c0,E00116,,True
148e3652ec99f9ca013b128b1c137b5,E01785,,True
bc1q1b4ac25d0703eff60fabc956979ed0,E02890,,True
bc1qbb6215124660f2b00dfeb6313d5bd8,E02488,,True
31b87a47d883d25fe54c772d2fe2d04,E06843,,True
1e7fd864daf3bea22a6df25ff115e61,E05908,,True
197a6e89392e7c444be39d32787c092,E01829,,True
3b4946dd6a3bd96af112c3b03808a1e,E03682,,True
bc1qebb7043b26d81eeb99f91c4a2701e9,E02587,,True
13b6a38e0df542da5b813c29619cf44,E03162,,True
1cc9ea7e095c0164a41e22a32caa4c4,E00101,,True
bc1q50942baf9cc0d0a1c31b4645cf161c,E00101,,True
3910cdcd8fc49665684b61efdebd7e0,E02648,,True
3fddc45d577f44192d133d80f796d34,E01757,,True
323cd83ab3fbc5d002efe4422c495ce,E04235,,True
134845398e6c1b8a318fff66826d833,E00240,,True
33d7d7b66024a18798d6acfa02072ff,E01323,,True
36ba341bc6c5e7c496ef2776d85efcc,E00101,,True
35e46e6a6257b1d097de460fe417eb2,E00101,,True
1dd9bd5c03b657669e8c1b5a938866d,E07252,,True
16ae3119ad38c047442fa7069a75d4a,E05443,,True
bc1q696777411c83ebb62ee9c7bb66a28c,E01687,,True
bc1q75a0b931a265a952073649059a41b7,E01793,,True
1c7547e55a797311b53b124960a035c,E00023,,True
bc1q3b12f973ba0ca71f49d7c15e4ecbcd,E06142,,True
bc1q22681c4eb00c3d796c6ae6fc19285d,E07074,,True
3c68a14b602ea2d73de477ee63303ea,E03620,,True
3bddc50594fdbf8dbb7ae2d8746d7c6,E00023,,True
36103446f125159d7c514e902eb9ecd,E00023,,True
bc1q2e974f98f314cbba9a19989712f0a3,E03517,,True
bc1q11536e6860933cdce72ef0b7c39f86,E07229,,True
bc1q58d408ca6c67bd67b63249bfbcf007,E00492,,True
bc1q0cea5d280eb97e304ed75429a6eaf7,E04467,,True
bc1qb4030309b6258c931c387a0411f8dd,E03487,,True
3ee00986ecfe167368b8a8476627a18,E02293,,True
3233399ca6cfe4409a14f09662c2991,E00190,,True
3e1dbdf4fd55aa7b46c93c679bf1b76,E07249,,True
33705e122da40b08db1b421379d962d,E05342,,True
1ad8b0d9e7badb8666bd0eeb2574bf7,E06042,,True
3808091945d5cbb908b85310d09ba27,E00023,,True
3d31b447f70e52d12d1f4b935f427a6,E01640,,True
34b7a12338aea2d3e1cfa1495d16384,E06435,,True
1ae2def84c033b9e67e516286f8d4d9,E02544,,True
bc1qd6a01a957f6ad29e6e293db75437c8,E00008,,True
bc1qf10adbd31a0d15be065bbe37aa7053,E00901,,True
1dfccd89a58ba4097b90d7c293aa8c9,E00023,,True
bc1q5fa7468a49a3b67ef8d75cd7467c32,E00023,,True
bc1qbf9d5922880c892c9708a2e7b349bb,E01787,,True
bc1q81ecacb8bca5c08d576dc656db94f3,E06556,,True
35456d77cfb777df7f3cf5891eb2bce,E02752,,True
3809589ce17b64dd9ea987d56f4fdf9,E02290,,True
3daafb68a063bf5839818fc9d96bf5e,E00117,,True
15fcdf40c8033f0cc884185b1bad5eb,E04736,,True
bc1q9ec5fbf19d95a70f6e1a6137bdd1e6,E02731,,True
bc1q3045c3c52c7f939acaf1594e6120f3,E05651,,True
bc1q3895c1f262975a1f2bed6c4798d5f5,E06039,,True
bc1q565008f2eaf34c5fe0da7871b2050b,E03711,,True
bc1q68a147556736ec279138689c9e6623,E03543,,True
1abc041383ee51fa150ddd76830e63b,E06648,,True
31cc2b04bac8ca0708f8a95018b38e8,E02026,,True
3d029f85230f39f0927e05f4a6248e6,E06940,,True
bc1qe6bb4df8880fc3172dd3ce5683a36a,E04344,,True
18a72ccf02fcb8c4a1f7c5b8d16af55,E03032,,True
1910af63933c2ed9c6675cdb9398e8e,E00117,,True
bc1qe479915cf30d10b89a972958df8fd5,E00012,,True
bc1q9b488a60e064a7c6427b81157e8c58,E00012,,True
3f88f8930d7509da551524c371e7782,E00148,,True
3137b415f7131e1e05ead1cbde9a6a8,E00148,,True
15b3b5544169976bd93b67a6e608224,E00163,,True
bc1qff935d8583734d98feadc1ab84c64a,E00163,,True
1fb6fed4238de26e4d38fc7ed222388,E06243,,True
300b9d74686907c8cb83d7decf5b028,E07097,,True
3bea365da3aa25eabc04be63090f538,E07331,,True
163884edf7790c30772650a1e4c4c48,E03708,,True
1fe5b9fc0b4f6d67ef6775bd66de2a1,E03382,,True
32b7e65c5da0a55531a5956ce30f80d,E05223,,True
17664d4c69fca09ac6fec8e4afb9204,E00193,,True
1ae3622a913a92ba410aa1a9173c045,E00193,,True
18d8b04bddb724945cbdff7a63e0438,E06054,,True
bc1q98e0ed795d3a537bd0cfaeeebd31af,E01280,,True
1b926e7f56effa2f0473eca3965e5d6,E04759,,True
bc1q76e2e3c46830a537a8245995686452,E00339,,True
3eeccf15d7dc0fd74cfb32bc88736e9,E02783,,True
17f14ebf78c0ea03e2358f824843f73,E02686,,True
375b4847b2ad1ba1343d7f932b5e3d0,E05860,,True
bc1q7ea86800e77c85e14e434417f6d756,E05217,,True
1a98b0a4890b77bd746ed6e76b8eea2,E06113,,True
bc1q024ff3a2ef2b77a0d69a596f6656b4,E00029,,True
322f1e7e2f7da514c40a716bcf8fa8f,E00029,,True
bc1q71eeea05c0e8c69b9abb6ddc954d75,E05278,,True
3c774f108a2b53b6e1e30220271d199,E03346,,True
31a786e49b9e2acd24f9fcea5445a7d,E00994,,True
318141f4844503c4af6713192005762,E03372,,True
18e8238f76b0cfbc219134dd9c9a8a9,E00197,,True
1b94a5535668f5b6a775e3f03cf13fd,E00197,,True
3b9ea38d5961011332cbc014b95a3fe,E04230,,True
1673c909f291fe85924a824748c879d,E00012,,True
bc1q3d6c9b59ebfc2cb6f8687530ee96fa,E06513,,True
bc1qca14f5cdd0830d1a5162caef48e905,E03390,,True
17f395f3a56b11f74a88d565d58e56f,E04667,,True
bc1q0ba7681e8071e62b7c157588f73e24,E02782,,True
bc1q7b030b5ca5b5d3f3e321fff4b85a03,E02060,,True
19335cad4005bbd2701703d638d387b,E02063,,True
304ce2c7826a5f5310eb491b61a0335,E06641,,True
1da13ceb43f4733c73136b1de349151,E02484,,True
17bdae795d35258fb37f111aa1adda7,E00470,,True
31b71a8a47bfb9aad9ec1651e6346ad,E02445,,True
bc1q6f4a8355ccac2466d0238ecd8c8ba9,E02630,,True
bc1q42d6e3119bd998f1c3020d37e91ea4,E05136,,True
bc1q89252512deb1e769fbce783bd4a1e0,E02737,,True
13df1975b4befbe17653782731e83c9,E01924,,True
bc1q7b41cb4aa8477a274a95b21e21b75e,E05097,,True
bc1q6e58fe6b3d90a0a894aa9065b7f765,E06127,,True
bc1q17af48c1b05d60ea5adc190bc37aa4,E05678,,True
11e3a980bcb3b12cf640926610b4a8d,E00117,,True
bc1q786bcea5591b251bf2e08716152ab1,E00117,,True
1b57c654aac601c30bd45a6661a4fcc,E03823,,True
bc1q9ecebbe9f407eee9320c6a04aa8f68,E01057,,True
159eb52bcfcd99358ae462ca783c1f8,E04107,,True
3330002357b0871bf9e2660674790fd,E05847,,True
352d5fef0a30c159a1aa54dd91ca6af,E00536,,True
1e0028ba7982e0b9974f598d41a9908,E06151,,True
bc1q31d8be1599d27ea4defb676f536f09,E00012,,True
120f265cdbbfb071d4992a42e4bf70a,E00012,,True
bc1q75308a84898455caaa62638e6b4469,E04965,,True
3d91ceb6106816fa321273b6afe5fc6,E04824,,True
382b1e6e2ab7d7caccc2cbb25f0698e,E06075,,True
11a7c64a61bf78577a38c0d7ac307b6,E02754,,True
394e8b3c0ed46eab0e7ce93146e8f2a,E04481,,True
3450561a16e8381b59331df56fc295a,E06758,,True
bc1q6f9657e18d7201db7c3e2ccbb7db51,E01161,,True
3da00c85edb9936e4e176ab345b7aae,E00012,,True
bc1qae5c68e012715ff8d30741b57a4641,E00012,,True
bc1q8166a93eeadaf833fc2a3fc40b7dfa,E00008,,True
1bd1852cf9e18eb5ef83d15a3521701,E07327,,True
3b16ca54f47d62ca754756e5148d73f,E00012,,True
bc1qd900b1d159b88b9fd2504ac16cce17,E06685,,True
3163d8bfba308676e444d7de4b87a71,E01644,,True
3a477c252f8ad10ad73c66e2368041a,E02688,,True
bc1qc440779be8ce5d1de9b616d36f1a2a,E05521,,True
3611a06e75058fed7b8005186c0e16b,E00197,,True
bc1qd881a7a99e7d01e5ae81f3a90b9810,E03299,,True
1d4ec23e37a9524e2b51013e58ec83e,E03689,,True
1ea074424b590207001072bba7eee6e,E02617,,True
3867ae0ccc501574d1eeca218ab5f70,E05661,,True
3089421fe99df69bcd499753f46057b,E03198,,True
bc1q0311cf1cc8300e8e914d5af84f6a66,E03883,,True
1c229a4cb5f8951c534f723c75694ac,E02253,,True
bc1q3ab9c28fb99cec26dd5a8e243851fd,E03788,,True
bc1qed4ea82f649cc25eda7b2a9a5d0920,E03892,,True
bc1q74c0db666a4a8229cf4c70e75641e0,E05262,,True
bc1q7fde5ee42c5558b9b1268b9ec499fc,E06010,,True
1a14a148dd4be9d08d62d5725e1c43b,E02613,,True
bc1q7f5791aed0cd762f68307c1767fada,E05366,,True
1eda96da8c7b965593fd9f4e0d15b70,E05243,,True
39014774e2dc4342e5f8bd046d1f636,E06135,,True
3fec028e6f8498c8215b86a233e1589,E02955,,True
bc1q15cc6b3826995fe99142274c989134,E01734,,True
1429c523486abd039110403abcd1906,E04408,,True
1f31a214a2993806dc54709fa744ca5,E05037,,True
38da5ee97f94128013f34a6c49d2d2f,E02492,,True
bc1q8bf5b9232a3b50b5d7e1e1b1b778d9,E01795,,True
bc1q20c1e9b18448cf2d4128e5a12a2031,E07268,,True
17d9dfd9747b2fbe02da0b00d7c79d4,E04503,,True
33ab774ce55abc0ea5a50d2d7269502,E01942,,True
10a7bf73d49d1d7bd0a239abcd7bda6,E03898,,True
33e179ee1a2c8f53534c304bde48ce5,E06643,,True
3305441908bb7f99d9121b29ea62325,E03856,,True
1da5e91a182c212942b6471090fe677,E03531,,True
349b8ff93e7d699cd5afc3fd06bddc5,E00219,,True
bc1q058cd51ecce184d49917255e1b914d,E04737,,True
3509d612359da56a01f15496823c869,E05166,,True
bc1q5e1082fe26bcbe0f3f5435fb3b5f27,E06387,,True
bc1q6ea611fbde7e5462806750f3b99598,E03717,,True
32309331b3eaba1d771b4467ac53288,E00196,,True
372a2195d8768a38eccfa51937558d5,E06138,,True
19164046963471d9421573dee8c68c0,E05490,,True
1523254c0a7db3463758ac7f372cc08,E02867,,True
bc1q8aacb7de9413cbe9dba94de5cff0b0,E05239,,True
13aaf8ed4125b32ea18c9ef12f773c2,E03642,,True
187cf18e141fcd04834357bcc922fee,E05152,,True
bc1q4dfb681f28d99638437ce9c160dca8,E03899,,True
32f06c6885209846d59c79eae764b0b,E03846,,True
bc1q75031dce379bbb125594f01c467349,E05392,,True
38c7e0e2cb233fbdd53ce885d1375fa,E04940,,True
3922f8715ca5d43893f9d55048fbff5,E04379,,True
3b2ec7fcb59b1515dde74667f0366ef,E05288,,True
147c3de88f1faafe9237553baaa3abf,E02140,,True
bc1qaf614c8d4652e5c1dd2854d72e6bb4,E03628,,True
bc1q7ae4bf7bcadb52c2fea77fff95ff75,E03507,,True
3ae4d8ae2c2aa2466e9a80e6b579789,E03072,,True
bc1qc522fec81e660e8de9af45bc60ddd6,E03332,,True
3b52a39c54ac14d4c825d09e302c7fd,E05387,,True
3df9b87ddc418d24a658a7dc1f5e014,E04961,,True
3baa3d00e0a38b3050d440ab2667409,E06047,,True
3a368931bc2ed352ce7a7929676d313,E00193,,True
15b7d158de178ada058ed2a931f84a8,E02442,,True
bc1qc1c2db772c7d3821187b9f73d90003,E00534,,True
33772d0a28779cf7474832cd6b18e71,E00977,,True
bc1q0cc107cf16f365e9dc1dbc02081c96,E03091,,True
bc1qfa0c0164f1ca6b4e5ecba4dd7a438d,E06422,,True
189ca1b98343ead4239a13eb33ff435,E01525,,True
3ae56b5a5b8ca0712de13a4b2a273e9,E07128,,True
15cad27208fd350b17138268fda7f62,E06445,,True
bc1q7751381ff1214344c99b3eb9fd2efd,E02720,,True
bc1q21dcd845c23a8583cb1302ad8ea085,E00109,,True
15d3ab5571b9ef0fc062b22ef00bbde,E00106,,True
3ea01992ca6c723be9af7309888ec01,E01885,,True
bc1q46e15a83ad63ffe790f3122abb866b,E02898,,True
3ede69e139838cfa4f4dea6d77a17db,E06800,,True
31606a633c42500c9a8fd7eed89113e,E00224,,True
177d29a03140be39ea6ffdae844ba31,E00224,,True
32c84128ea8bc81ab5594ff18a0141e,E07217,,True
1657bf2a23ec35e68adb173bd0223b8,E01062,,True
1239f7c3afb233e919686375863229c,E05150,,True
bc1q97c482fd90b30c1cb08687af93a61e,E03803,,True
bc1qb9e4bbbcfbef1fdfebcac538dd675f,E00436,,True
bc1qf95b4f1a601a572913998f80514712,E00436,,True
161bf5689e1065a2778f7c86f6ba6e7,E03557,,True
bc1q0710107351fdb2ab36ce20527e9845,E04127,,True
bc1q7b3e912bf4870c64652f73657a2142,E04832,,True
bc1q4f54c9db7611cde928966877d51bca,E05566,,True
1f9bfa74f4c2b42a29fef1e7e14686b,E06007,,True
173d50ed9d78bb7a4c7938883896239,E04828,,True
bc1qb6c7660cfb0e48422e3118c18d8b93,E06179,,True
3b6d79895b383a997bcc857844ee710,E02361,,True
10d418904cfd5e495ae9fb26eba4271,E02203,,True
34ca666d0436d903e6d99843ac5b757,E01903,,True
30fc4358e31e669746c1f358056d992,E03807,,True
3783b0e981cbc9db4563342dc31706f,E00264,,True
3f111be8545b11f6d820335f3dea9dc,E06206,,True
bc1qc5346e76d6dc3938227b0d81ee30e4,E03452,,True
bc1q31f0909b6fbe204b3a9a83628616f4,E05535,,True
bc1qe050df8522496adeaf0fa924a63a6c,E01985,,True
3981fe9f818915e3b5b438417a5a428,E05110,,True
bc1q05f3241f923c2da511e769b7d55497,E07045,,True
bc1q547c58b04c34b0f3ee3fee72be22b6,E02351,,True
35885dac0c05b609ef181ccc92d5726,E05399,,True
30a16baea8c4e2d006320fd218dab7e,E04283,,True
bc1qc4229305f6dc8473a9a5b0bfc891a1,E01504,,True
3fe4cf263b284265ec5923821d6e7dd,E02954,,True
3f5121935935cc20d756bea2d5ddcda,E00573,,True
164c400ad6853c64cd3a6a49fc08086,E03804,,True
3a32cced7357f9d3cbb32de5a37fe11,E02433,,True
bc1q10c09aeaf7a95328ebfc4bbe631d51,E04359,,True
bc1qf45e958775347d2a665ac54a462ec7,E00026,,True
bc1q692fe71a204dcc4ae8e236bff9e3b2,E00218,,True
3d5cc4e6890cb2579fd03ffd65d0eb1,E06441,,True
372a07b01d5e2eb3645b1acd97715b2,E01854,,True
11f5d27e18253b1717fddbb68a41bbb,E02836,,True
3ef03b67fbfc0332db75698af151e80,E01714,,True
bc1q54c065cb37a85d93c4ad32573bdf7a,E01285,,True
3b637a2a44b6f98d041bfbc07182cc2,E03799,,True
bc1q2f3362a27fdf4009bcc25a971dd51e,E05504,,True
3d8e3b5b752615abb5ef843394ebb3c,E00219,,True
170f057c4ac1bb4ad049d94ab6c940a,E04729,,True
3efe31c6c48923d008f03ca8a32c05e,E04386,,True
3b555d640571cf3132ab64900172ca3,E04968,,True
3397114de6f7384124f6f605b8fd526,E01411,,True
3cad6d3cae2f489f7d8e0869110c9fd,E03021,,True
3a0848a143a43b03ba2eae993ddd332,E06409,,True
bc1qffd8cacc12e44bbdcc5163cf3b5aa8,E03343,,True
bc1q7e6d396364d40ffd692ef1c1464090,E05671,,True
10e80ea139cd2b00e8fed60d007fd07,E05924,,True
141eb2fe25f1e36395d185512516225,E05977,,True
14bf91de47472d077e0ad891197aeb0,E01983,,True
1da46492780272c128689bcfd2f9643,E02566,,True
bc1q0e9f52c09d557fbc441fbcedb68854,E04519,,True
1b8a6ebf3d54f3e635b36bd8da4afbe,E07069,,True
317af0ec9b77e59c852aaa4ee4100c0,E03851,,True
bc1q6f7357faeebacdc8c8ccf96e5fbf71,E03580,,True
357b480200976461f46a4555e3b89ce,E04616,,True
19fdd3bc8364c53bec187346ba1f014,E07349,,True
3944caac9cb6705e1c61e1f5cc3c950,E05638,,True
bc1q3779192e285c721aacd28e52158776,E01295,,True
10f64be0be82159e00bda93ecadc1ec,E00163,,True
147fe9ef87d7a9aa967138836fce71f,E01236,,True
1f215bfa93ecce40187647b797da601,E02258,,True
bc1qef166681a67f9a921390718cc7c35b,E07207,,True
1bde0d8155dbaf2cff0502d99a63155,E04132,,True
bc1q5c31b71e45f86ecfde0fd191e63e52,E00246,,True
176f7bd0fa7df9b0089a1eadaa424f8,E06259,,True
35e5b8442d6d4e01e85d0fecf3cc565,E05263,,True
181bc93ffc6682ef514fecfc83c59b0,E00251,,True
3cb8af67461fd48b62bc40df80587ae,E04677,,True
bc1q8246b188b60f2ed90db377a42ebd3f,E01044,,True
13a0e5c5cc7dbd1d9ee5b69aefb8106,E04113,,True
bc1qee6a7fc9fed14eb66c3f70dddedeb2,E06009,,True
bc1q52404600b093a0f1429ff4a904908b,E05140,,True
39aee25300176036dbf7fbcdc352b5a,E01674,,True
bc1q38e30d28a3be12873abfe1a7336615,E00281,,True
347a7b28037c3bdd9392e0991888926,E00281,,True
bc1q49c29797cd252b16d312b4cdc2e320,E02118,,True
141359f14a0d222c392d7197fe6d534,E05014,,True
179222d083a1c27380710194a720071,E01182,,True
3da900b92daa1eb411797261052ff28,E03992,,True
bc1q5cc4f51c59c70c26aae14bcba9340c,E05231,,True
3650a67f524125f6e3b8a3792d81757,E03848,,True
3731e4524b4c7bb6b207aa6df37d94a,E04870,,True
3c902894a9dc99940a53e3416a08d89,E00201,,True
1dc4921b5f016aef6bd2327b8fb26d7,E00201,,True
bc1qe82939afaca3901d707bc6781163dc,E07330,,True
bc1qb137802d91bd7cdbee1e630d6e7885,E01612,,True
370e22b7324cc7c02a094324bfd3801,E07079,,True
bc1qb344525ff94b374aabd087bda8a773,E04799,,True
119f0bb84899a2ed555b104d55cad38,E00251,,True
1cbed6a1aa1a0c404f08bdf4002a6fa,E00251,,True
bc1q729c888dfc8f0ba0bdc1e5d616e72b,E01944,,True
1394b98191122b998905388f06b05a9,E00368,,True
3f2cc499e1179499bff4a6ab3f194f2,E00368,,True
1b3e6e660a34d40b84863ffdabd4d19,E04225,,True
196f0e27818f68d80dd18b4245caea4,E06884,,True
1fd4bfb11ccadbd4856c3d73a089fb2,E06158,,True
bc1q39cadd443cc75d7ccdb5574ef22bca,E00998,,True
1e8b3ff29fb0d5d349c1aa41eb00c17,E05720,,True
11da544264e861739e3966c47a2b724,E06602,,True
3b61527d78571a7e3becf0c263c44f6,E00439,,True
30b02be1ea8c59dcb7d520930a80c26,E00439,,True
bc1qd7e34bad02af6c55cc57fe10a11fd3,E01891,,True
348095779ae8ee78ebd14ca6b7e0381,E03977,,True
3683617a53baa6914e7c6c5928f7937,E07055,,True
bc1q9c2e77cddedd24c57dfa496894520a,E03768,,True
bc1q51d8ac28bad837ef37107064b0c757,E06769,,True
bc1qd85360678ada38c0fb5d70cd7a1d02,E07242,,True
190ba8449ffd40baa458d3159178c84,E00154,,True
11a6a9e82aa18c8b3ded5154d7ed020,E01578,,True
3fc4df4c3b03975958f0fa4eab95e82,E05190,,True
bc1q04f0172d1d12abc444cdfa46c6f590,E06952,,True
3cb7ee37a1c76e5d457b738e0138f76,E05986,,True
bc1q0decbdb283ee48d90723af7bbae4d8,E00035,,True
178973904a8b114c07b819136b1b9ed,E01396,,True
bc1q9095f4f05416990ad6dad3d3a940ac,E04083,,True
bc1q37d425d2e54b9efef9b10b4f36ce79,E06803,,True
bc1q56ee2e5f852f911586087ae010d094,E00364,,True
397cbf04fde4ef78d4366481750bedc,E06210,,True
1deb9d2ea5215c756bf74f366659b54,E00109,,True
bc1q03218c728bd13c494c8758bc16d740,E01223,,True
bc1q14b13cf7f73151ecda2ea8140a121f,E00076,,True
1226e5f89decc0b27c9407b9a9ea87f,E00076,,True
13a0998cd7731f3855eaf1511440251,E03413,,True
bc1q8fb5672e6c8fb7453055259ecf9252,E04085,,True
bc1q8630b759abd41c75acb3717d5ea741,E07029,,True
bc1q1ec809af7440014023539bc9f99d37,E07088,,True
3c9a2c014ebad877c229b71cd9e63d2,E07107,,True
37bdd417b142917927446b602ff9754,E00174,,True
103871770607689e13c82d6edebc757,E04397,,True
bc1qddf188342562b45ee10ab2d1dde1b5,E01448,,True
38c393f29efe33b51e59f8d807600fe,E00154,,True
37253217d488d20edd8a2e569b138ad,E00154,,True
18113c07f1f6e27c81b77a43b913c6b,E03780,,True
3379a1afa37efd0cdc5ee2bba19cf04,E01066,,True
1014bba319bb848a42e342cc1f6fe9b,E04753,,True
bc1q95ff24a5df723b12c338832cf41d1a,E00295,,True
1c61185ab59c31a44b18939eb7317c7,E05367,,True
bc1qe15d960a84bd349d345ce93a5b10ff,E06002,,True
3b48d5c6f83054113aefbc7c0d6c3d3,E04889,,True
367e70e9292057ffb89481926d4122e,E01154,,True
3b2b103423e5555f2b1cb9b7a04166d,E00224,,True
319917a5a20efbe7e5824b5e3729afb,E02739,,True
1010eedebe3948271b73321e6b50ee9,E02136,,True
bc1q5e8f974d593c1482db34f352c3c305,E05723,,True
1da6c61c6d5bc9669c7b7db8625788c,E04337,,True
11e0e593e01b09e7eb674f09c1b6efa,E01485,,True
3d2bda1c7f8f1f99c631e5212ad763a,E07200,,True
bc1qafe9707b104383ef018574197b8c84,E01724,,True
31966456e7eb978869d7b0161f03b99,E00236,,True
3f364502cba898c904d27d3ccfae0aa,E01434,,True
bc1qf2ffda3a97f7754efd39975e94048c,E00295,,True
3708f80c649ee31a373599b252904a1,E04535,,True
122bcea9bbaab78b8735f57e9b01de4,E00493,,True
3e7bae6f5b63c7189327b2da80986a1,E04483,,True
1774e0ef6f9b93e0ad26e8cecb05f90,E02683,,True
30163ea520807cbe0d742f0b33e8fbe,E00153,,True
1b3e6b95d9c9a45a25d7322884eac25,E05247,,True
3b0b545fea20d85236481fb62bf819e,E00106,,True
17f29a648b1a6aaaf0c6f0793415e84,E02714,,True
32485191083fa3bf069254435837edb,E07006,,True
bc1q238ddedf88af6ecce8bd640b5c580b,E02621,,True
bc1q569970c7328ff5f2ecd0e1829c08e6,E05925,,True
1ca8e367ecae6bb6ded6e9af26e20a0,E00219,,True
1a1f297a21b6a1a640bf74df4d93d69,E03449,,True
351cb0c8c1dd40dda2aee4fe10e466b,E01073,,True
33338ec9a6ad6a04a8ffd65aed80127,E02042,,True
bc1qadd8fd15f514b2572206cd49686a08,E06428,,True
319bd8177819554ff3e713f3de6bfb3,E00056,,True
11efc9c4fe194df5803e721bba4f59d,E04688,,True
bc1q9f45b2fddb5c6e5738c021ded08fe4,E02511,,True
bc1q547575f57a942bc9100ac9f33b4fe0,E03829,,True
bc1q72c7a000d2a886ac7377df07864ee9,E01657,,True
1b942c1b8975e3db0a3b320cfffdd05,E00928,,True
32e26f1e6da6b4656513a60ea7e628d,E07246,,True
bc1qf29cdbba28a2b9bbd364afd088d946,E04527,,True
3a25e5911e5567ee85a32d4ce05e9ba,E04978,,True
195212182865c31f9f49b4125633d3c,E05630,,True
1405aabd0e60b9252405d4ac41af80d,E06083,,True
bc1qff4f426354c807a17a03dba9339e68,E04520,,True
bc1qb65399d05e6ff8d0c70cd20e303118,E02003,,True
1a592644cafc434ba89a2d2d33e5334,E01059,,True
1bf1504108313985d916bfe1561191a,E03686,,True
bc1q493c349773b2907b8571fe161fbd91,E02950,,True
39c4eb0aa8fddf3267e7c983170616d,E06847,,True
3b74a3de223afc0429146caf5239f95,E07152,,True
bc1qdc88068659b285117b6132356a8f9e,E01189,,True
31ca3014364008f315bdea09dc8400c,E00121,,True
1db64d5a5ac14461ae3cd8d6494376e,E00121,,True
3a1bde902aab92a535b9bbff6a6f4d4,E07025,,True
bc1q60ca5e2ab7ab012426fc0a94d09368,E03512,,True
bc1q96e0cfb0bc733aac3ae2192163d059,E02661,,True
14d7a3b918762c2e07b8ff50fcd3fd9,E06600,,True
bc1q56c769740173c10155aa51bca2c581,E01904,,True
bc1qafcfa5e63da8a26f064b326dc1979e,E02878,,True
1f2a4eebf6ebfb46324de6868fc7139,E00246,,True
375010a6b34ee5b6f6c345cfad9a222,E00246,,True
1a32cb78aa3f160a9091f18eeb94773,E00174,,True
32cd632b5b0a760cafecbc1a79d6fe1,E00174,,True
3162a891a8335cb1158faf8a158a2bb,E07243,,True
3580e4a3dee32237aa6cdab494e14e0,E06252,,True
3ec48a41c5777e86394852c7168e008,E00830,,True
3c49e2d062cc5532da4c5d9bcaeaf2e,E04893,,True
bc1q8718e203de04524dedfdcb7ede3c37,E07155,,True
19a3b22626b6e7afe49d6cdca125168,E02936,,True
bc1q9644dd011724edd4ed8bca490bf33e,E00598,,True
bc1q3105ae467363a6eda2c941bcf7aca7,E03522,,True
3110fed81f1fe2d757211ce749cbf46,E00121,,True
1b0f03d82bbf61b00c7890c7e405778,E00121,,True
3bce64bfd00dfdff858f10e5f45af4f,E05274,,True
1a7a74a0608a407a4881e0499fc5259,E01214,,True
1c460fb5d7eda01acc526059f41ebfb,E05861,,True
33170e27e2e0f6e9f0e14551f59638b,E06033,,True
33b9bae7d90a4e1f9943f278b1d936f,E00008,,True
bc1q1d2f822210d7e75c230140a1bdd6ae,E00008,,True
bc1q607c8e066ab31e85d438ce9a87aebf,E02584,,True
3c87f069ad8a78b48e4ec7a1351f047,E06799,,True
125efcb8546b0b959fb667ecfc327f6,E01695,,True
bc1q4641ceef0c95d8ba0050daddc92467,E02926,,True
1e584ad7535c2a23d6e1cc54eecd004,E03608,,True
39aa5dc5d75fd63fb5c754aa732a73d,E07013,,True
bc1q01fe569700aef5b51e48ae50e8ee89,E05495,,True
383cbe6244d959c1673c43067efa79b,E00201,,True
1d60b124e34c4bda10dc6bd5bfd8950,E05015,,True
1b6b309a495f0b936a6cf6529d1945b,E03833,,True
15ed9b30514157c6b7ff1f1fe29fdca,E05890,,True
375ac4bbc1817884ee5e13f1e9fff71,E05901,,True
3f984161f88ee0bf36cf0186c26f915,E06845,,True
1c4e6ed697f2b8214537d9c2d3c7b78,E00126,,True
bc1q070d7079fd28d184b7d0d2b7fd17db,E00126,,True
bc1qeb5be34a908e05b493e7cedc9ec2b3,E05629,,True
1a4b7e07edc33512455aee990b81c89,E00344,,True
3183d4347eba399b18dc780c7cc220b,E00344,,True
183984f5b2cb5027c0e62ee6bed51a0,E02161,,True
10ed51124f661b4568f84d5afe906ad,E02905,,True
3025e849058ceb3ffd736fe12641cd0,E06285,,True
394a818aa2f7cbdaa5fa461428a4aea,E02741,,True
3fcf7a70ae5f59be3dae5f7d1c5d20f,E02682,,True
37a228b94bac44fb35896b4771a2702,E01330,,True
1994a6fdfb148604ad264e5195505ea,E06468,,True
1d4e9d7c9cb7bfed7e6a8c1e2655d96,E03134,,True
19b08cfd6f5b732b072101a316728e5,E05028,,True
bc1qe9d220ce7634fda2425fce58d404d4,E06941,,True
bc1qb597697da131bef370c1b9000494cd,E01776,,True
bc1q620a5258d9e4a4cfea98b93ca9f92a,E02580,,True
101daa421dbf7f76d3fcc7297939217,E06466,,True
bc1q97e8642959b9688169d0cf5728c50d,E04569,,True
3a4faa361ee5c1267e3527385bf2d22,E02910,,True
1c68154c41584262f37a2361c22abff,E04226,,True
14bd8caf147c1da6dcfa632069f358a,E05268,,True
3d597e1f55a44fd1722656287db1e6b,E04987,,True
bc1q0a804e94e75d36cdf691f743506e9f,E05206,,True
190e356be888c5ea389e8b35dbb5f6f,E05660,,True
376d90c16010bde4c1a3bb46ffa481b,E06554,,True
18c6650f7f7dc3cb261dc7a8bda4904,E06434,,True
3fcc7401ded61bec9b33403a086e098,E00462,,True
3001a85bc5c364d55343d8f6ec24094,E03763,,True
18ebaed69dfb9867a8f64071da5627a,E03839,,True
bc1q5e8929d3e03e2bbc81b5d9d0a51d27,E01696,,True
39e6471ee1497d10124051aff7639e1,E07147,,True
35ce141f37f9b70d60abbbe27ff20c2,E03771,,True
bc1qeb2370866492607255a8c648280c5f,E02987,,True
bc1qe6b984878b011fb33a5ba2dc95c07a,E03958,,True
39c1afb4fe81a1e70f417b0d3214385,E01905,,True
3c3561a2fe0f6a1dbacfbb0233ae530,E06642,,True
3d27be7685d07511a195aa4a111f44b,E03699,,True
bc1q4377bec719f5eac4e4992911196b23,E06969,,True
1acb4b58623a5caefc3584265b411ed,E04169,,True
bc1q9ae6a2030f9f633adee14ade63438d,E05722,,True
33d7004a6069af6e5845c8952ff6f83,E05757,,True
bc1qa345d2d4b80875f133c4092f45cd68,E04257,,True
3ab2197ff205932b52d13a4c099f079,E02324,,True
3c59adc941f44d194bcc25c5a088d54,E04272,,True
3c4bb95960b0c5ecf01c834fbe14500,E01623,,True
3ce50654652ae28801c4f90d2901483,E02593,,True
32bacfb30a8217cd2b6b3451b3c58d0,E06104,,True
365b187c17afca189ea67284f3f3689,E05623,,True
3f37beae7dba6578040da10d9ab7ab4,E00076,,True
bc1q29bcd7d28b06515c2c1f79924674e0,E07072,,True
14cdcffe5084a1d2333e6ce8cd7706b,E00867,,True
bc1q11ae227fde95f732af61f53a925a0b,E04747,,True
bc1q7c99afa14de07d04a9c38cc053b8d4,E02810,,True
bc1q9236f040966bde966e1fe9d3b91cce,E05128,,True
bc1qf31d813aaaad4855c1d6c8d0d32349,E06221,,True
38ac6a76139e08be56f88b70c99e14a,E01497,,True
19c8daa8c77302d86376c3b97e43bfb,E04768,,True
15dd8bbf4d37280052851d1a3de4368,E05862,,True
bc1q4058d66a320c720f9d18a0bad055a5,E03591,,True
14b9a812c179a1182b9d513610e242e,E01078,,True
187a5327d2236af701a9eaf60c949b5,E02545,,True
bc1q5fa84aae7d817540fa8c53a146d117,E00043,,True
bc1q8efa9dcd401c633c4ed7a06ee47529,E00043,,True
bc1qaeccff933bfe81fc119abf73f709c9,E00126,,True
bc1q10f562fc45cebc434b95e209ba12cb,E00126,,True
bc1qc769fc279be25da56c9f83846e32be,E07157,,True
178596ae4ff619eaa57e57e65081a22,E00930,,True
3438b397eb183a69b7641e8b6a6d38f,E05456,,True
311176128f14e03b6c720afd08378aa,E01275,,True
bc1q8f3a024c5b2bb733adc96be171405c,E06196,,True
bc1q69900a8d83fd561bf8c742f3d5e87a,E06185,,True
bc1qd8a95fe8eef50c83960ce57f53e535,E03422,,True
bc1qcb670358b5a915947d08e2ae7ad445,E01027,,True
1ee980e536b00cd6fe3b95a24bb3725,E00379,,True
1006f961872d5cf80276be6a72bf8c1,E00379,,True
bc1q83d8aa26fa4004b541ce2e00e7567c,E04486,,True
bc1qf3800f2c56e3a156eed98bc61de4e8,E03889,,True
367b27021f314d1882eb9f95be08e19,E03329,,True
377c6643156193ed6c8308c16e4dc16,E03700,,True
bc1qd2d7270a04e0e95c5e71426c709de1,E02542,,True
38309ba7b4f860588245a0187fb22b7,E00008,,True
bc1q2d5189c84ef4ba7ec83b799b22c274,E02919,,True
bc1q719d8c26b825328b23964ad6686747,E07175,,True
1422c955c92f67d98c5d0ada1cff24a,E03341,,True
30e38fca124bde1cb19c88ddbd0360d,E00043,,True
1d1bbbb9e3eaa2a841cac8bb69935dd,E00043,,True
199191ce532aa08e125d4270d71b0fe,E05558,,True
bc1q5492ecd3d7a38b52c1ce3ff5958d18,E02973,,True
3373598131e0779886de84af0945d81,E00035,,True
1f2b8a6c9d6d7f189e7e312ece3184a,E00035,,True
bc1q1b91539d9a4c4df792ba8b0088b8d0,E01870,,True
14a54a53d3d4d087e5a86ad2f8611d5,E02373,,True
1a78962962520659d5b9a1e1aaf647f,E03738,,True
bc1q600af853c43a86308bacf63b6156df,E02877,,True
309671046ec328d5807f4a4135ce2f3,E05688,,True
344eacc3227fbe126734c65edf783d3,E00043,,True
bc1qe049424e01bc0d86a9e8c4d34e780f,E05921,,True
bc1qca6400f0a1861033e17ee080de5bda,E01804,,True
bc1q46d80906b3dcc538f9fef0550d9126,E02094,,True
32d44ba4520d5c58b2f34f661c4735d,E03185,,True
3fa9794dd1205fac516bc7b137a915a,E02347,,True
1c4df0d058bc7ea46f8aa1decf1f1ff,E03887,,True
bc1qdcc1d68c308833bbfa51a870da7276,E02915,,True
bc1q0b2b6b41df5e0402b7cf78ae7e9808,E00008,,True
37c15ac26ec5fd21a2ba7c14358407d,E03742,,True
15de25ff6cb25e54972a8af35221040,E00946,,True
3c584d60c449492424eb78edb6a5cac,E00524,,True
bc1qc09da52589453e687bff1e73d439fb,E06717,,True
bc1q0a61f666f7592f00667ccf18859956,E07172,,True
bc1qf8757d9d98235d81625693cce70ab7,E01773,,True
3a956978574fe6d6662a715990a74f1,E06230,,True
31a9ad056388c97b5f43f5068d78d6b,E00076,,True
31772ae1797c917e139946671d07a5b,E01194,,True
18fc1f1fa1d352ca64812d86b276e72,E01164,,True
3384ca5af2bde5cc17c0907500ac7b5,E01143,,True
bc1q5bb0713d86fbd937a353ff01fda627,E01650,,True
3f2c416035c5a0b5630033c00c08124,E00247,,True
1837c9e13b1329b2a63c44ee5c67b63,E05618,,True
17e972771c9f9631c793f170f3bd14f,E07167,,True
148ba8453efdad233722b2865ba309a,E07179,,True
197787a078166382025b4cea853a7aa,E05057,,True
bc1q9e057701ab89d8840fb04b0dd87fd5,E06961,,True
bc1q5f540f114ea4fa724584ac358a36cb,E01991,,True
bc1q043b3451d6ca8da36154c0eecd9827,E05537,,True
1a69ce040e0ef0c6d9f6a3b1922cb51,E06507,,True
3885aca29dc736a81f741e9eafab3ce,E01220,,True
bc1qeca1605892742b344fb8ecb688ea5d,E04453,,True
107169641703df3317aa2ccd390113c,E06263,,True
3e3424ecda56528346df1ba7eb5d451,E03622,,True
bc1qfc32b00210fedcbcbb335584d6fd60,E03731,,True
bc1q1af8896d64ffdea1524813f34ff797,E01544,,True
1b39f4dfe6315356c58930f1c50bf4e,E01594,,True
10faace7204e7e135783061cb002182,E04721,,True
1b1385e0859b9f04e8debc9349d17d8,E00218,,True
bc1q363e839e491eefa8154f362f304dd5,E06394,,True
3bbb9c11af64451efb1398b878d2cfa,E02154,,True
1dcee93115c4b94248dcd4e0e193cf6,E06251,,True
bc1qd6667b56bebe187c33c04f32adddad,E04286,,True
bc1qdf88b4b1a895391ae861344d8e3f57,E06895,,True
bc1q32c7eaf8a2c0049d8ecce550de6473,E03371,,True
1aa1702b1ef7818948e72706ec0e91d,E00200,,True
bc1qc9ab2de7dd0b0aff3490a45718a215,E00200,,True
1e1daa17547c87b60d2dfb7f84dfbca,E01512,,True
3757a5dbd03e398ac8ec9aed03a83c0,E04594,,True
163b6ec6fe062f10124ac08a3c4d06f,E07269,,True
3774304290c814a6213772d438e3ed3,E03563,,True
bc1q9b51c9a507d7c3ca14d23c2bc629c6,E04362,,True
bc1q9636dd4aa6ce1bd453f77a1464571d,E06236,,True
bc1qaa39c1d8b2f3368170c7214323c3c7,E00821,,True
12e783a1c1e4c10aaf2f24efe546eed,E01808,,True
1b3265e0b5010be1e1c46745d9f2bc6,E06929,,True
bc1qdd4bd296e0af04fada058d78504108,E06826,,True
bc1qafe02726e5dd77203dfc74ecd06b5a,E06464,,True
15b184e7fccf867cf805983a2007835,E06805,,True
175f12c9761dc706a9c9f5de252f48e,E02481,,True
1762cd5f8273761be1c2f0577d15700,E06918,,True
1a2d1ff79e5c31315403fc2f19ba98d,E07189,,True
bc1qe27f41dcc23c0d2ab9228d65d5c4ac,E06389,,True
bc1q71e3b680660e6a7e18c7f5a028fcc1,E06436,,True
bc1q4e457f47e65e09d63ef9f49c12e7d8,E05029,,True
3161f8717fc2e1ae56bc1ed989e59e8,E06421,,True
3cf857e0666a5d8435fac18a6519550,E01417,,True
3563ff40545122d07033ad9dda6576d,E05643,,True
bc1q6758d2e692e081751de5f00c53cecb,E04981,,True
3aeefc3ece45dd849de4eebc78c7f0f,E00929,,True
bc1q83d5fdc4c4ad00230cda1ef3853d17,E05598,,True
157ee6aedf7fe790d91599c6d90e3ee,E02267,,True
3fc6320835b303b4889eedbded6cf19,E06787,,True
3ff2f21dc014a6bee0ec269744d101f,E06451,,True
bc1q709cfcadcb6d570fd07b5df75c07f1,E03448,,True
3141de4bb559617903ae711d04ee137,E02818,,True
3f3202d657bc66eeb72c78f4e7f014a,E02065,,True
bc1qf872437ae30f59f2976717f1b525b5,E04401,,True
3e7a33327b8c035f9e0be4482b2f735,E06622,,True
1bd1eb01db6e10f96a85047203c7799,E01511,,True
bc1qa0f9bf958041aa9931ba4cc29ec3a9,E03275,,True
3a86a82ae6750962d48302f5a57ea29,E00026,,True
31e1497accf3bf38e8f37cb0f542f0a,E00026,,True
bc1q63edf905e496b4d4da6c849e305def,E00896,,True
bc1qa4144ca1a3bbdd94ebf745ad5009cd,E01530,,True
11857d190fe9bb414cb12497a0c9f2a,E01660,,True
3bf63b3b97fee8ad04d9ee252253ff0,E06798,,True
1ff5e26ed9384c12a9f5a5a9e61af45,E04845,,True
bc1q7bbfa83698b1f8a3d0ed8933b5d393,E06193,,True
1b21e81ecac375679b25e7e73eb73ce,E06890,,True
1f55ddbfa6a53d28adc848b6a8d8b40,E06558,,True
1a1d59bd05280b6b7d56cfc1a533b3a,E04597,,True
142578e15a626e35c94a9f466eddb58,E05999,,True
3237c3e6ea257c20471f6f8401a272f,E02838,,True
1985654b9ec2a278a4b83d1b0c65f67,E01158,,True
bc1q97136acce41376a29085f2a14170ac,E04270,,True
1d80e2702492c6cb1e65582aeff6791,E01604,,True
bc1qb9883c83f5eff3d01dcc67a4276689,E07236,,True
bc1q0ac42ffc38bfd306b17eec8388bd13,E00854,,True
165084ed1aab379b25e91cb27eeb6c8,E00364,,True
10ef2185659597f20a3a6c3ddb98d5b,E01830,,True
34dd824354fdcd3c8cb1ee0df3d18a1,E03110,,True
1ce00b8b3f0116918651a363b8353c9,E00021,,True
38869736db86cbd5c419100007a159e,E00021,,True
bc1q8d469c5ea40f43203e0668b9bdb94a,E01092,,True
3051c94dd7803c1dc59852983355822,E05597,,True
bc1q931c948c143cd5ad7d5ee21126a4ac,E04495,,True
30b8a9326b699a62f58a84801f169fb,E05363,,True
bc1q468d06153e9f52d4951de65e24a913,E00491,,True
bc1q336e4793b634c4eb8e83111ce6ddbb,E06982,,True
3a74b031c0eb64677562b2470d50182,E02307,,True
bc1q977c5315aa772be4ddf2e49a431344,E03437,,True
1f87145660a42658988a2d9ca785594,E03083,,True
1d18c6a48a0e96213ec721bb6e34494,E06768,,True
19624642cb9d27fd2fa13d9bdb372f8,E00582,,True
3e187ab28018e890f94e2f942968a4a,E06900,,True
3d14fc89cdd1043ba80c88b9da3e777,E00805,,True
3cb82106edf9ba9806d345714dc2143,E01513,,True
1d5d41c8c11d9e58703c4b6387f5b99,E06220,,True
bc1q3cfbdc667491b7057cfb054d17e35f,E06172,,True
343b0492eb77f0a78f93d00f8c43847,E05642,,True
bc1q0f2bc5cf2c4fce8a7583e229bf18c3,E05304,,True
18b8c122ff690cfc30334abea51cc41,E06618,,True
1bedcd1923837f2cd219934e5a2f176,E00339,,True
bc1q4773ef05007227d6a6f1c5911760e1,E02827,,True
3e9e4d2761244b1dfad20e3e23eb3fb,E02160,,True
bc1qad919f4566b18c052f26b1f08cb65a,E06996,,True
19dafe6f0f0e58d39d99ddf976ac3c2,E02572,,True
13b4757b11054823b904a84b38de0cb,E06012,,True
1b451b3930226392e33faf0bae0f3da,E06165,,True
1f9a8ccdd97582f73e8339ca96d61d4,E03498,,True
3ef5abded1fdb8f1c11a8e7d81ffc66,E00244,,True
bc1q6561581ad625816b09f69e2b58428b,E00244,,True
bc1qa18949532b7e7c5dce5a22be5adcc4,E07228,,True
101fc1bd62ae38dda495c4cd693819b,E04016,,True
1b9c2d66c5aaa25c5abb318d1c46141,E07116,,True
35753a70e757fbe6a3ae8648265133c,E01664,,True
333671d4723deec0d37a62d98319147,E00522,,True
36f471d458756dce4b07a2bf3a6b11c,E01148,,True
176f7c9ace2ee8a86ea3ef1c99b6552,E04827,,True
1a2693b49244e4211a4a490666411d9,E06740,,True
3a7d1521f767b0b4492b63ac23fd439,E03747,,True
1ed77db8ba095d99f88fc0ce5203d85,E07324,,True
38b89e9138325880c345047bbd10ddf,E00255,,True
3e25ed51ba80c6e94e20f1511e2c479,E00255,,True
1ba7240c4b48249d3ff7812f141f667,E06619,,True
1c96c67a68ae8fbbf8c8858989162b0,E06146,,True
bc1q22a8649fe4c86a07d0ea6fd44669b0,E02333,,True
1c6a18db1760529404e083f317b06fe,E04450,,True
bc1qa3c648431029724af5baab8bd96562,E06927,,True
bc1qca2ed9deccc4c891b3a3c3852ca581,E00475,,True
3799573043c55187dcf0ec7c37e7134,E02119,,True
3fdc4d2a90d7ae0f0bc225215d8c7d9,E00247,,True
152fa82f85fe10a8f77cf501fe3829b,E06686,,True
1bd4ba86a2a68f93f4e8727b310e4a3,E00414,,True
3a8bcba3a096dc5ffad57c3eeb9f7a7,E00955,,True
35562f870f9c4e942e7efa40b94de21,E05641,,True
bc1q3d88eb73df2a11b79257a3430679d8,E05938,,True
3780eab03295e1cde8d9f3d2e0fab6e,E00208,,True
bc1q6ce59d5201aa7da5e5754ce177edcd,E01094,,True
bc1qe380cacc809e5f30c747cdc7cc2c03,E00247,,True
bc1qed4beecbf3f3d04626d642dcc6b8e8,E05816,,True
bc1q25680b372b795bbf124f556daf4f42,E05347,,True
10aa45977625f4a172e7799bb8a388f,E00431,,True
3e428c23dbb40e7b84f690e2823f7b1,E00431,,True
bc1q73c732db19743b789d95fac81e5a7c,E02626,,True
326f92cfe324808969553f2685978ab,E01413,,True
35553d294c64b99305c2c8c24bf6f1f,E06804,,True
3ba13b0b542f20b11a0b1b7338c4af1,E06249,,True
bc1qd09cdfa6dd7845e97f98c99bf8590b,E03259,,True
3006a220d3183764ac436fa787c6e48,E06018,,True
3b7e658f6fe60443fe47f0d20ea97b1,E03044,,True
187f53deaf187d255dddea053ba419a,E06950,,True
3dca1c0ee081f6438687b88969f26db,E00465,,True
31655126af91ff1d4074ad3934f9aac,E01201,,True
bc1q6f486f3fd9d7e77d15da1607f05380,E05046,,True
bc1q14d3cb26fcd1581731ef5a50eee4e2,E04690,,True
1b8aecade00f2659fc0fa88df66dc8b,E05045,,True
31f6718b147b8220bc0c638e769c88d,E04415,,True
bc1q12e5f4362c384cc8ba9526fd280f8e,E00809,,True
bc1qd6f171ea2a145e3e113d4284414735,E03981,,True
39f351c171c4bc8bc118cadb94a9bd6,E04311,,True
381208bc812ac68e9da81588bf91ebb,E00212,,True
bc1q1858afe476512006830022a795ed09,E06484,,True
189f42ac4de412a863c5d681806bcbd,E04815,,True
bc1qfbf061c1bb0d93315eaac110328a49,E02900,,True
3b5db8db412fb92d6cff83ccb1eae16,E03135,,True
1ee6e3ffe5ccf9a8e820e0ff71fc8c4,E06272,,True
3e5f33e101b14a71bc9c92b2556ada0,E02588,,True
13f30baac9068c26f713fbf9b7e3ea5,E03306,,True
153cd89c8d8e9c11cf0ba5ab4347a28,E04636,,True
1182085ba16b9782b8a6340dbdcd38c,E00259,,True
bc1q980e5b011ab1b2da8bc4b4809205b7,E03944,,True
bc1q2bc9ba2eb5073be5cb147583b0f80e,E06629,,True
1f472b469fec015dd3243c5aa059ef1,E01598,,True
bc1q8421a2e1960d8ab4f10c9a118abb38,E05501,,True
bc1q7c5c2862c0370fe76a79e3709d344d,E03835,,True
3192be5a65520044ede1c7e48193932,E01508,,True
bc1qabf949013b33402f4aea4774d64ce1,E06318,,True
bc1qc5ee4d6701df315e6706688e709112,E02605,,True
33982921365ca43b6227d7674fe9933,E02464,,True
bc1qd456eb81481abfc2fa642a972d9db5,E00072,,True
1f69f95f9e179dffbc931d159fae6e1,E00072,,True
34b84bfed99b5f06e5b45cfe421bd67,E01993,,True
bc1qf4208218ab79761581f72754380abc,E01107,,True
31ed77ea1b498d7f0c0e07e3c46b492,E00468,,True
383315e99c30f069e20af637a90a7ac,E01856,,True
bc1qc2abced9e77c18484db12a0b786218,E05653,,True
370c15f4686ae8bb46281030442e80b,E06490,,True
bc1qaade96bd3be5a0cf2f93d5b0f91edc,E00021,,True
36e63c52b38f7f436306905eda94f40,E00021,,True
3d98b657f050b8b62ccbb1ae3a953a9,E06794,,True
12e5161d9d079719e8d36622a5e21d8,E00001,,True
bc1q9d14a627cc5183ef2c31cf586bf01b,E03270,,True
3ede9e3726b14c6d1a1468fd2b4abb4,E01521,,True
3beccef11901e5f3d25a211490ae949,E03136,,True
37eaefa30465d8d4e90bb21072b8427,E00001,,True
18f3c8cc0c66ae0bdc9b384b7210324,E06536,,True
3023ad083627d0827e04fdeea487b0a,E00001,,True
30aed4d7449dee18773d850c459ac97,E04645,,True
31dde8517bbe437a8c1e53c3bec0256,E00001,,True
184a2799a474f4df573150efe7c1c7b,E04455,,True
bc1qc8af61ac5f5dfab1be871c1b00e7c1,E00001,,True
1e9c727a1462fb944c38dc24d9e1cef,E05173,,True
164fb7083c99e6ff80ac7bebb20ed15,E00001,,True
152d2c63cba6422fc4d3d2ebf85c3ea,E02111,,True
3b184568531f354980968217cb42ca9,E07037,,True
38ee692eb2ae74ebf95f66d542814d3,E05677,,True
3cdda2d650c7028993fb3ff4433ec97,E03317,,True
bc1q59d1e301c8632f7b30d104b2cbb5b0,E02917,,True
164b97bca6d23140c59bbbd617ac855,E04988,,True
34dab19ced0d4f232f98cdbca10f29a,E03315,,True
bc1q1cc07c52e863d68b34921da3c09277,E05344,,True
100723cf4254efc9ad4ab4a0d265e5e,E05203,,True
3010118ccc8b0a98998fd4828863470,E02817,,True
1fce0283ccbfce4006013fddfbaaed8,E04392,,True
bc1qd5db82f0faf471d0977b8f7f97505f,E04277,,True
39d86e3b8c8ebeecb33aab59ed2859a,E02536,,True
31eba5291ac40ec2a654b66093f3efc,E06366,,True
bc1q91bf40d0737728b57937842918b495,E04232,,True
1d2856e034e86f705bb0e906713dffb,E03913,,True
1b4118d4d02a5072521651853c1191d,E05082,,True
1bfc866172b4cb0b795c197d1ac3f5f,E04208,,True
bc1qf78db89c7ab00453f65d85f1982abd,E04259,,True
3c638281591df25ec2ed5ea68983515,E04835,,True
bc1qcde9fc3ae817513add363ddbc5e4bd,E03402,,True
bc1q6fab94299bc0e1abb659b53fe85002,E00367,,True
1a9ba052d40e806eacb79710b2aee77,E00367,,True
13896352aec59c3ee18fe96b91f726f,E01134,,True
1d56f4033a7bb68bbd3f06681971c92,E01361,,True
39cfc29c7bec6dae2f807c58fd87f81,E00401,,True
bc1q9a9594c019148122cf9a4dc0850e66,E00401,,True
bc1qa5894b4f588a792e8030efd1263547,E01160,,True
353c9e70a07720534f9b5edaa000238,E02601,,True
35fecd27cdec1cb9b7bedefb888a538,E01552,,True
bc1q9a86ea9d6b9c6e1bc05db935c248b7,E02188,,True
1257ebd49e31fe71bca5095442f6014,E00158,,True
bc1q600d8250aa79026a9f55dfad636f43,E04314,,True
bc1q44281cb507444fc5a6bebe02c18f32,E00414,,True
158fd8cba1b8f2fbbb001b490e2f928,E05472,,True
bc1qd4f29249e1850c60715481b0e688bb,E05138,,True
bc1q7fd9c6d904fe7f066cd4d7c6ee9a92,E02604,,True
bc1q9fa23ef92d194e665379fccbb509f8,E04451,,True
1976b7feb00c61b08e6f460ce274d47,E03886,,True
149bbbfee5c75ee481a7a3f7162c34d,E05324,,True
3c1c60346b855f17ad92e3127adf59a,E00044,,True
10ee4a0142c4034b21d9a333fc25d67,E04697,,True
1790f0f696d6aea5484e47caabfda9c,E07233,,True
31d6e32af403656c56b9dfd7e52005f,E00044,,True
3e25850140663be93117dd1eeb22b06,E03858,,True
bc1q2f6c253738c978f1856960accb7f1f,E01264,,True
bc1qcf069cd8d295adbeb35f887a80cf18,E00259,,True
12426769c931dd14c8c75d1f516c9a7,E00259,,True
1df143cda56630503b0a9001823d120,E06411,,True
310d0d9fde2c926e780525b26f5ed42,E03278,,True
bc1qdf1cf32044df0ac921ea4daa0a130f,E03073,,True
bc1qcfcf8efdf80988f105a7638ff04391,E05761,,True
16cd6538f1a95c4c9cee1785c62a247,E06458,,True
3c56219ec916ea98b6729d0180944b4,E05427,,True
bc1q3b81ca385734615f4863cfcbde1252,E07093,,True
bc1q50f36c7adf66347f7627cc82fd366b,E00391,,True
332f5177cf08e50fc6484028814892e,E06189,,True
38a46c6e2f2e9b1b89261a89c6846b7,E01499,,True
144fc2c5e826566c06273d430bc5949,E04549,,True
bc1q2f4db2c74e2aa47d902195dc29773f,E02441,,True
17618e6ffddaa15a0c6452367c3b016,E01449,,True
3ac06250b059b4ec1b37480cb59cc89,E06181,,True
bc1q62b5b4a97db3d83f4e97431fe76006,E05928,,True
30a9cf34d8780d02dc3e172078b5c05,E00236,,True
3aca60110eec3d21070750e50969bc4,E00236,,True
30de913a22ac6baf8029f3720f00ddb,E07024,,True
106aab5651ea86db8d3d9cefe0cfbd8,E02448,,True
bc1qef38f3301f54339cc355558eaab416,E04445,,True
bc1qac5042632251f19f36ad32ee1a1e69,E04416,,True
107c30f87413547923d4464877586ed,E00135,,True
3d96b1a12257538620a79b96cb703f7,E00135,,True
303f85dd963ef91d5f6b8741dd54f29,E03418,,True
3f88dedd90ad5851990101797ae4fb5,E05108,,True
32630a75e45cac2c86e936e87a5c2c8,E06532,,True
1cedf79cd308f67cf9283d062ea916f,E01064,,True
1edceb14f1da16d3d64f8171ac76010,E01635,,True
1d97f1dfd21354622970bd1dfa60b03,E01867,,True
3171cf6e523e63c9846e30a37328293,E06534,,True
1ebaa9debdcc19d65bc7a361bd0d071,E00082,,True
bc1qe09e78e2436a0f2281430f814d3965,E00082,,True
124490532632cc3665e816f1b67b775,E01378,,True
103b52e7a6c30623c0b0e037e5e1f11,E01665,,True
10728367c0ab613b4f79201f3197ce6,E00165,,True
3990836ef7dc45a6ebe64f27ca84415,E01344,,True
3c9c7abf61bc0a8a578bb4d768aaa3d,E04733,,True
35e33f5a11b311b1e38be5f2d57fd9f,E02241,,True
1b5f81639873e0f13073303ce3faab1,E06056,,True
3dbbe3eff621e84e4e3227f2d0ea3c7,E06663,,True
bc1qf07875a378dacb883f9e164daaf438,E07301,,True
bc1qdcfd1be8c943796ee37938f4ce2f05,E05703,,True
1d7690350a4187702fd85c345cb3bbb,E02595,,True
1d9e1247802cf3d2e82e9fb02819b1f,E02839,,True
35424b1f88cfbbed64dd2e59e20d3db,E00574,,True
18154068fe0e5048f69053402a859ab,E03893,,True
bc1qc2cf6f83e029f8f3ca7b81c5aa4811,E01210,,True
bc1qe26a33d1778ed6e2e0700fc7ad8ca2,E02531,,True
bc1qa27fb14b703b3df3367455d6e050b3,E01029,,True
bc1q80ae41c58c9a492eb0d338005644d0,E07174,,True
3e1c1fb015e560f01d2d6d90cd24fdd,E00381,,True
127c716afb7cec3a8fb7db68d5b3f8b,E00381,,True
3a56fda07244fbdf3b4e2ebbfca1ef6,E00218,,True
3a0ee9f1d12b2b1bc4035270bf656da,E02799,,True
bc1qb4db17c36617aa58224c42285c9303,E05062,,True
bc1qb95997251ff5c1af06dff31a66f9ec,E00288,,True
1efea8c4535e6f05ac6708e54e0af9b,E04885,,True
12448630dd7d5ca1510fac296cd51b5,E02886,,True
320a228f0a8510f7ecee8685b77a0a6,E01556,,True
102674bc17a9bfe99f2571ad04a95ba,E04101,,True
3eb2c2361614300764bbd02c73204f6,E05718,,True
111b5d439f736be30d67f403c582a27,E05736,,True
3f615c2c2428331dde0223a0d1796f0,E02908,,True
333d90c5042870ba1abc173506665c2,E00149,,True
bc1q294cd3bd96ee9986287169693f6dd8,E04596,,True
340597a548dea6221ec505a8bbd9391,E06883,,True
1beddfff85e3f4ce5fad7400f917695,E05882,,True
3ac722ecf3cf4beee13be738ea195d7,E02175,,True
18c5be8b16e76bda1e0d8761ed692fc,E02436,,True
3a8ffef3a7ed2c9623e6f44b396acf0,E04266,,True
303f82e81878b82ebe8cac092043f3e,E06635,,True
1bf6f9ca8fbdeabf637c948cd9cab0e,E04858,,True
36f68ebb22bce2b19e9dc599923f5c9,E04025,,True
1d1f1d6ec3a223743ca36117eb07d7d,E07075,,True
32dd16d9a489787b7c03c5520d8e50c,E03464,,True
37ed0fe4b6ec2c990351642d15c7e09,E00288,,True
bc1qf52e80f91220a5fbb43f949446aa2d,E06048,,True
1024cf9febd2f2326701a88cc5bb2d1,E01466,,True
16e96c5493ae137ee935ad336f58528,E04500,,True
1405785dea5b3f368ad41ef2c3cfe3f,E06864,,True
19a252d991dcb81d92ccf106b6fd7a0,E00158,,True
bc1qcf4cf77e395b4800f55e386c1ef997,E00158,,True
3b46ca5d2bfdf1a856a1fe0a52c8967,E06907,,True
117bd218a9946961df8252ed7fc8bd6,E01705,,True
38e4dbfeb090876ce44ae412fbab550,E05132,,True
bc1q7f0644a5e9d5e9074c241b5d305777,E07292,,True
3a17919fc4d4a9808fbd8e7d7f31656,E00149,,True
bc1qf08e65870713a75e7d482cab6257fb,E00149,,True
319b0fc12b407e48d7939f08188d883,E02409,,True
bc1q79a3fb7340ba2b59a8d3fe5f00cbc7,E06703,,True
31487903e4efa4f5339f70e8911fd14,E00025,,True
3c937f6a189140dd5ca1b119a10c9a7,E00025,,True
bc1qac99ce49943c816ef04ffd986a470d,E01406,,True
14b1c1adec5e91fe4d19bf69218a481,E05413,,True
16c4131a189237da15a195ba515d174,E00022,,True
3a383ecb1409a26babc2780749887fd,E02885,,True
1c2721a861522a45b4ea9d0c5566664,E00022,,True
38f275a439ba275227cf16aff0efe29,E02029,,True
3eafdfb8e2bf43785a69ded7ce824c4,E02521,,True
bc1qb6c8b2496785f6210f7618f0b5508c,E00022,,True
130ede753f41ff4312fbe05536e685e,E05500,,True
bc1qcce996a3cef24c76e5c21204294f39,E00022,,True
173de780dad4310761c800e063e4455,E04096,,True
375a1fc980474a4cd43a165ea6630cb,E03634,,True
bc1qa92852570b8dafe9282a90bbeeb4a4,E00022,,True
15acd5eeba0d29d58d526ffce58997a,E03076,,True
bc1q32d1d92dcf31d188b1408d741eff91,E00003,,True
1cc4c352b86e5c84008933400b40563,E00003,,True
10ac551e2cc8ecaac3c745b60355d70,E04459,,True
bc1qcad052dec4f107c609975f358975ba,E00872,,True
1a21bd82c5d410c87ce11b4d523aa83,E05214,,True
1acb4ba4c505a34f89db36e89f36eb7,E04152,,True
bc1q5bed942721bd1ededf6ec550adc9d8,E07354,,True
bc1q15c1210e01a6ed9bc34ab53ef4925a,E00003,,True
bc1q871d62cb2801c0b371d27b3578f946,E00003,,True
bc1qca4a462df0fc042ff360ed0d45075e,E05929,,True
bc1q6345b419700db9f0e7a28d915d5b79,E05177,,True
362637f217a6a5114e46cabc110268e,E03019,,True
3e8dee8a6d480d57498d820facebfd6,E01016,,True
3b5d05e0f7adc8f13e764814020ccda,E00003,,True
bc1qb41d5af3fb4964da1545466c52fc9a,E04430,,True
1ef3dd54e816cc90c621ad6e009dff4,E00003,,True
bc1q87f7006abbedfbbe0dbcbfe1087668,E03646,,True
3b2f076e9d93ce1f17ed8404131954c,E06228,,True
bc1qc101ccc44dd4f0e2ea5f1d53d71f8f,E05953,,True
1a76343dc3751fc2ad923b7be069efe,E05273,,True
3413cb036f13b7b0e38b40801fdba38,E00022,,True
3c992d4af84ae5948860b87549f0377,E00814,,True
32753ce587236bc8e29e88f55f0e891,E01866,,True
17bc3b775fdb0a01b8c674ab3dec96d,E00148,,True
bc1q542092302cba2fe45c6d39c6c2236c,E06828,,True
1561e9fa1cf46b09aea80c74689eb06,E00257,,True
bc1qb5e12c10ea5fe2c32812691e888b9a,E00257,,True
314200d02a606b6e51405fb1cd68b13,E02879,,True
162e515aed0a9bc0b8ca97404661845,E00072,,True
128e363a65eaeec3c22e67fcbe61fc4,E01045,,True
1a7797304a607d5d170133e515eb10e,E02851,,True
306602051f7976eac1905a0a8b435c8,E04871,,True
17f05e8f5f909eeca1427d3bf43099e,E00021,,True
35e4f6b5d501ff8631a05d793cdb211,E00021,,True
bc1qc5ff9e6f02544c7e0abe758d2192b4,E02341,,True
bc1q83c65d2ec8466e6597c37f77590078,E06750,,True
15d9316edf50e6712536f61d99bedc2,E04593,,True
bc1q62736996668bc200ee9f5d8d85724c,E06290,,True
bc1q012dec4f910d715db9451d0dcd30ac,E00275,,True
3976a6a2b27f5e1f0db5d151cdb60d5,E00275,,True
bc1qede6cbc484f804980fb5ef9e5bcc7d,E01926,,True
314a7511bfd6ead023eea0f910b29cb,E01565,,True
357539609162759f428d39a6706b1bb,E04029,,True
1cbb0eda5d08e8aeed42657f6c11c46,E02389,,True
365145374590a80b387fed4386ba73a,E05922,,True
355f8dbf4070a195c9270bf82a90425,E06682,,True
3873404105037d1498f0246ee90f9e0,E03792,,True
10a54b6ac251e1d5201f02346ad5a3d,E01467,,True
bc1q3fa031bdd802173b47f2e2e19919ff,E02340,,True
bc1q131d2bc3705545fccfa4d1b814899f,E05833,,True
336358c5b073abfb1a001fe8fc2882e,E05093,,True
377057ae888f3bf40fe51e9f6df0676,E01112,,True
bc1qc058e7b85e8a84b758cf51a8ffb81c,E04691,,True
3094c127bd2f483a9e7b853dfca89f8,E05184,,True
191cb30c2ffb511fe60c6368512c219,E03702,,True
36761d7c3d24f49ba5ddb0a03375e28,E04876,,True
1274fef6dac10e2d945fd1afec21522,E02590,,True
156090d1b3d393a798cd4bae8934b46,E04148,,True
191a9869594e26c752dd548542e1e8b,E00165,,True
338785f4d88e9d38c7220799ac37e3b,E00165,,True
1a3f558d3859ea036cd3c09a8a0da2a,E06705,,True
bc1qddb00dd078a48276959baa3c9ecf80,E03261,,True
1ca07b832b517d49e52f4df3a1a06f3,E06304,,True
139e5a975096bcb31960507257a316b,E01526,,True
35cff6aa458c421b9f1bd8705f725a3,E00005,,True
bc1qe46edb225e53f70e7d820379f58eba,E00005,,True
3292ead15f429d7e3c4c3f48ddaa6c5,E05195,,True
19feacdf7bbeefa3affbe89094648c9,E03762,,True
31e49f1a9e8812ccf7b846019b4e621,E02087,,True
1e1796a80e8a14d84d4e92f6f3df7bb,E00005,,True
bc1q17c520d7458ca971b6d5fb373c1cb4,E00005,,True
3d05db41793d7eec99ed1797b4c4263,E02693,,True
1568f553f5b3cc424a5bd311c55ce4f,E04284,,True
3314b4ef3b30f179a5f0752c1dd5d29,E06279,,True
159a5b1a36f666a5e9d08a68aca46ae,E04363,,True
3950f28f9efc9c44fb587010bf66c54,E05159,,True
389afb95e8f659e708bde78789889f6,E00005,,True
107125f6dba7d432deef8d5d16d43fd,E02853,,True
bc1qd9205a49bc8a86e6d7cb73a46234b7,E05553,,True
bc1q0f72918f729ee8f0370d0061c1f2e6,E04693,,True
330c84750196a030b9eccf53eaf9043,E05980,,True
324045713d6594258ed02a8868259c4,E00005,,True
396bfb339ecfc057c69bb24c60e2e46,E00005,,True
1a13489d92c59d386a65b98bafcea0c,E01416,,True
137af805c18ef45a1ba0ae3fb2d4d06,E00005,,True
151f28c48dc43a2dcb17ca6442acda0,E00005,,True
3ed2f8d887561d7802bb5ca68d9c93e,E03527,,True
3b479f28b62663bb469a0fab77ce8dd,E02434,,True
bc1q78acaddf4a67e25280dff95abee6d6,E04784,,True
bc1q9bb31c6a9b7c951a6d35e809bb158d,E03462,,True
bc1qc46a7166069df3b4825f98b35205fd,E00029,,True
39d54873be56811d3ba65e7e133d704,E00029,,True
bc1qeff0c8ff295623b5acdb839305bcc7,E01235,,True
1dd01afe8fbcbb5bb480db349fa9ada,E04381,,True
164c03fbab65eae1df68c320c6ab52f,E06176,,True
19e4343b5cdfdc89f9c0d9e5c61ecf4,E02774,,True
364738f06a2179d3373dde230044fd8,E06599,,True
bc1qd258eb902ddf0d1df3b6e5a175fdb6,E01129,,True
138832b0c1a46b5c94e6220a5f9d6c4,E01234,,True
33c187044785eba7337243c1371126e,E02368,,True
1aa99f83910b6eecca715c0972dbccb,E04089,,True
3a46a4e9233969f52a4ce7bf50cc44b,E06037,,True
33d83646033f6def93e638e921d8e56,E02152,,True
1cc31f763d41a1967a99e7aec498bc2,E00000,,True
bc1qc684c188dcba5fa2a6bed7e88a461e,E06762,,True
bc1qe15546806eed0ee30d2dc3dde49db8,E06063,,True
bc1qcf52f30d3c09a20feda5ad9da1d1e3,E00000,,True
bc1q804cd09625972e5ef6617be83fb3a7,E02305,,True
1f83e5f4575677abee55fbc3239cf09,E00000,,True
14a9dbb24072ab9557d5b80884144db,E02835,,True
bc1q3bb90d98f373c76d328e7ddf7ba11f,E03380,,True
3724ccb4ba712f62bf6b4beb378512d,E00000,,True
3fd6193a69d05a664380b2c28247cfb,E04375,,True
365e5da57264d759734f9d82f5ce83c,E00000,,True
31b9891004c3fad01b9b1244b40c12a,E05697,,True
1131230616f84367579ea4e475c0eb4,E00000,,True
396e719e85b4d4c1ac78802c8c9a980,E03137,,True
1dc1e303011f1835ba9ad33484fbc0e,E06829,,True
1adf4d988d5e9391f20ffbf4dbf0e0a,E00000,,True
1bbc99350d397fc90e26f97655ce5f5,E02041,,True
19321693ba74e2a33a2c1354c79a3c8,E00000,,True
3383aa08cf789a92019fe5210417536,E05971,,True
1bfc627e5481f89ebe3ee5d2c8cc93c,E00000,,True
3df617fe0def7712a64a10ea189c7a6,E07042,,True
12df06b28468d9b0fa3984935a8ff5e,E00000,,True
bc1q95cd1905b974ec3cc9ab8ccf1375e4,E05183,,True
38e7cc1007e7e1cb269b808c785235b,E01587,,True
152575199deee34cbda394a50cb4bd4,E02449,,True
19353164416a597c7b47dc8b05de7db,E02793,,True
32c48af089a2c671330d5367a6efe0d,E06095,,True
bc1q0f75cb53e355c4503d127fde3276aa,E06815,,True
bc1qd7242cb09ef92feef71a0eeea81d11,E01282,,True
bc1qe2473577304a01ea8c9b42de3a69bc,E07148,,True
1e6f8df47a4e115aeca599cee88d132,E00148,,True
33f32433b177615939aa311f7cdd641,E01498,,True
14ae42a7944cfa69e59ee5e003b68d5,E00106,,True
321fa955d0f7740fdc0ace7ca4bbd8f,E00106,,True
32c0c6d0945e2e651234ad43bc3a901,E00038,,True
1c8144444cf0f64b6962d8c19916060,E04848,,True
bc1qddb227fec46348828fdaa80897bae9,E04536,,True
3fa340b16491bb6aa12c6a57792f68b,E04269,,True
bc1qe23f2e3e0dd17016caf898a1e0e9a9,E03226,,True
bc1qd7310c8090d9fe61b9ef4504cc645b,E04742,,True
1d7d1bfcaf55d229edd27eca58ede42,E04049,,True
bc1qfb5463051b12fbb4f93ce540df58f5,E04984,,True
381b7f0d441b3b75624f4831393d507,E03294,,True
bc1q81038eae185dad10093918d8c54dbe,E04424,,True
38e193cac5ca010f3138255b0b780db,E06580,,True
102b2511b50406d27b4015cb0a5d416,E01357,,True
1b47a769d0da4996ee59f0657820d09,E05066,,True
3181ac71e453d724a60a96f45ab636d,E00833,,True
bc1q4723a9a53221f28441c110c52b69cd,E01464,,True
bc1q1f050d1a80f442aa3c3bf0394e7ea2,E03681,,True
194a5f20e16f1112b9aa34da7e2e314,E03524,,True
1aa64c1c252e23afbcdcbf2af618703,E03578,,True
bc1q2cfb13004468477a78c0952c832ba6,E01252,,True
3e00800326d4b646cb85294b28a50d5,E04996,,True
12528bd8e96ddac6cf5cb9cac3d80e4,E03590,,True
16440ba098ff851be35e9a4224c4b90,E02668,,True
339fd7a7d7b3857276eec175756591e,E02148,,True
36152d7a63bb53d98ea6265b6f26ca7,E06102,,True
bc1q8be8e9bb99f868ff2f5a2120e0e7d1,E00209,,True
3655214bcfcc24fdaf28060f73f39b6,E00209,,True
bc1q467975dc78a20c90bc50765462a3e4,E07146,,True
bc1q5a61bbc5b1ca27f29aabb158de333e,E00337,,True
bc1q5ffb7f22b3089ec388513b5973e8f5,E05375,,True
13a5737ca3f9836e8d9a5d1af0a20ee,E00025,,True
31c7b49c4bdceca8b11f26b1c320457,E00025,,True
3715dbf777cbc7197f7ae6970681b58,E02417,,True
303aa32dbfbbe63a39b8c2d7033c43b,E01055,,True
1e1247e19f03307bfd5ac5f387a9907,E06839,,True
15b1153c299f6760eb23792d76d0ac1,E05328,,True
bc1q226c3023bd7e5d4748b74ca1d8aab3,E05191,,True
17fa0ec8f510ceb251f10d2ca9ac1cc,E05957,,True
bc1q41b7bac9df39f4c6e6cb202aa433be,E04331,,True
38029ccd920a6f64a35a78b9b4a6594,E03015,,True
bc1q7df513c49282df77506cb826661c54,E00996,,True
bc1qadaaa38b78f7f719ee469eb5e26cca,E05383,,True
3043ed06d847209c60a57a5450fd26d,E04196,,True
30fa1488ed360941d48c9730748d61d,E00135,,True
31d46bbf08955f98548645e68a340d1,E00135,,True
1119df6bfe0ebc8b1689df704fe4baa,E07050,,True
bc1q254dc403f0024259bbe80ac0aa10f3,E01949,,True
bc1q544f71147dc74ec0816e16bf7529e6,E00256,,True
38ec402ebbbddaf7f89ea7a2eb9ace2,E00256,,True
bc1q1c088bcf739f314b1831ee052a6bca,E05374,,True
bc1qea045afbdd2f2fc6bb3b6c5fea4b06,E01009,,True
369a5e2c3f814c8e7bc3e7b205a344c,E00072,,True
bc1q03b4c326ad27ba32512c6500fb8888,E00072,,True
1363041e43317e5b87e76dec13ccd59,E02666,,True
385fc8645fecbb712202e65ef5378be,E04102,,True
bc1q2224bb29f0b5caae7db0e65c9b1f61,E06754,,True
1e524d0d00f11c2b8697f348ca2b335,E05728,,True
10a0820b2969584c5f5faa216cff264,E04464,,True
bc1q9e7f4e7f85ca950f2c5bbc9b0295d4,E00035,,True
3c40c614f0d016e898636bf1e4aa9b2,E00035,,True
30e55d3af19f267f4c8815c8e3507a8,E01063,,True
1d1514c6e5a00d92c0e91ac51b73437,E01962,,True
11c537fb0a0bf908c5f31dd68b6aac2,E00209,,True
119e31a795520b12b15288e3c32cb12,E06656,,True
31ac5863e4224ca6e63158e1c0f4ef4,E00341,,True
bc1qe7d85e28f4a437b748b9cf9a29ee5a,E00341,,True
bc1q3c7874a23fe9bf9973f4421f9fff97,E00200,,True
3e41770ce194b4320e98900200feb8b,E03227,,True
1434ef5b5bfe4ddf0db5ad60b3a093e,E07070,,True
bc1q07364a8acaa50705e3af6f3958c644,E03321,,True
bc1qe03fa5fdd422221b1e193302f5b563,E01013,,True
38e3de173fef59bb35e7337c67542b6,E00038,,True
317cf71757c9d2234b3d86fb012358b,E07033,,True
bc1q47a8b5d4231c1293a947fed25833a4,E00430,,True
1e00da20831891ebf877ad52c747040,E02059,,True
1572c0eadac15e2a1e6ddd36660ec52,E01945,,True
bc1q48fc18583017e587bd84a92e161f52,E02055,,True
1694814323494b78ea39e9c5d661e69,E00544,,True
1902812d51210fd4b428fafe440c6dd,E02077,,True
311d8da67dabebc36cf9ad70c15d414,E05808,,True
383efd35e322e9f94fe9ebdc78a545a,E00026,,True
1e81469aa76aa599286f160fcbcd40f,E00026,,True
bc1q565836f06ae96611593db0458276aa,E03489,,True
bc1q6b2e96a02dbeac649b5c906e302012,E05830,,True
bc1q174e3f2bebce4c36b574dbeb5800a0,E07014,,True
31b929ea8047169e1616e35a02f5493,E02145,,True
3b303bcf7c7034946d0a940bfc841bd,E01177,,True
bc1qe879440ea6d1407833db93eb80e840,E06795,,True
1f40ef9f63f2da234172effdce7022d,E00993,,True
1a341f717e6aa464f34cd007a4e676e,E07280,,True
1ae267ba1bb6e1b912b0d3b56850d99,E02035,,True
1a7ec27d700e87ddd326c51818f484c,E05376,,True
37e858ab8b529f633a78725c98db376,E05224,,True
32945268a1a2d44d4db8d175eb60200,E02924,,True
bc1q481e914969f6948735ebc1612da946,E05960,,True
1300893460a19aa020d8031bd374733,E02551,,True
1426f83a96c15147432304d90f96a53,E03648,,True
3eed46daf1dde8b758f8e5078c3d137,E00971,,True
17942389147e1ea5e4a3bfe1723b1ae,E01641,,True
12f68cb36a245ad1af243029ca2132d,E02081,,True
386b03900d150b9fbb9a6ace46ef938,E05228,,True
bc1q8a72b4d95e515b522bf15bfc5a48b4,E01382,,True
bc1q2d46a445db2d3a716291ab2f22b8a0,E03440,,True
193b94894a032fffff5ac3f27d06536,E05685,,True
38702caa16f18ba00818bc3d8372c46,E01596,,True
1358a6a8e02fb77660d35c4867be278,E02345,,True
bc1qeb34a2173c21506c157554cb41c80f,E06646,,True
17ad98b917f3c7d8646bb8c6841161a,E02323,,True
39b220746b76ecc72d585fe1fba1098,E01005,,True
bc1q7d01bc176d2d9d731ad880019a6ebc,E06000,,True
31d61db96eea26800d4b932a3cf9d05,E05002,,True
3b102d4f4f89eafd56a76439a6a787c,E01227,,True
30f4bebec7e32b71e939cddffbfa5c5,E00360,,True
17b2631b1a4d159decd32ce044bdd42,E02665,,True
bc1q7e4d3cb03aee67697682a982f3fe3f,E00004,,True
3ff083761eb8875f7b53d83e15c05a2,E00004,,True
bc1q6299e5614908d44c996b58f4e6ff37,E04687,,True
1b89686f4c4e2ce9bc54abce2b0eec0,E04765,,True
bc1qa7e5c83d1c220009f53c626ab5173c,E02696,,True
bc1q97effb64b86222dd90476bb588cebb,E00004,,True
12a803357620c15642f1a13b08b68ec,E00004,,True
14db67a0e952724293f90ad790708b4,E05567,,True
3558bd15d1fa372ff353ea8ec234e50,E00004,,True
346e06b5be394349fe56238892f7c4d,E00004,,True
136947c2eab56d155ec0533806ce295,E05636,,True
170cf9997f87b67421816f48cf50294,E03298,,True
1ad46ca4f83c9419ec7c3c277e2cd23,E00004,,True
bc1q9d879e0261e7abf52b1782581e90a2,E03318,,True
1602551b4b274a927db4298c6407910,E05586,,True
32aa3a20c098ae9dae9dabe0ce00585,E00004,,True
bc1q0d85b19e6f9962fcc29f769eccae4d,E04323,,True
33dceb87ff28d062546588ebfa67975,E07127,,True
36f4e6b86c9525785bf10edd719ed17,E04010,,True
1ffd54a8be43a92b006b81c57978810,E04135,,True
bc1q46f13194e1e2914065333b8181581a,E03375,,True
1467dd7ec4c79b17ae387a3f39bad85,E01440,,True
bc1qecef10ea673147af519026a6fa2813,E05810,,True
311871567f03879c680f46388c32902,E02753,,True
bc1q71f07ef41de4df638bd57331a039a9,E00398,,True
bc1q858f63012028d13a048c17798e217d,E02806,,True
35396f00e573c50acc64377c8052275,E04431,,True
35055cb7d0f236c1bb6b09873d9b21f,E04288,,True
33f3b51ae98ac79ba4ec9ad60bea0d3,E03109,,True
160938b05d7a18fe829155a15196e3b,E00337,,True
bc1q437625da2cd3531f3c2d391eca45ae,E01437,,True
1ba4dd2824a5090bef6f3c1b4f44177,E05400,,True
165d8a1b9516ca3ed9dac719986113e,E05715,,True
bc1qd9b13add5c423c39937ec2750f5215,E02622,,True
3cfe3c40e452db62821c3fd6b7d43fc,E00398,,True
bc1q916d8d3b064e8d836c8da743f8dcb0,E06665,,True
bc1q78b609c02a877ab4495fb3cd3f97be,E03168,,True
bc1q652f95c67eb98342c087a560e4cc4b,E03826,,True
3fca4c269bd9a6e1cc79ed3c9120296,E01950,,True
1555fca87f98b8dfd07f0dcbfe5228f,E03288,,True
3bc7311b4e38f2baaac6fbb39242dd3,E01116,,True
1f1d3be56d553ae5b7b36393f475437,E05721,,True
14293ec124154bb00ba2012db59e03d,E01327,,True
3f526f33e3deb8e00722ec33a3471a5,E04221,,True
1d9e9cdb7b8d867649cd88e654c98af,E00010,,True
3bc4a2c6a410b37111952052b901845,E01379,,True
1bff13cbb9254e44dac8298b0070be7,E00010,,True
bc1q888ed9b36affb20e9568624c8e9109,E05393,,True
101f29de982fb2cf7bbf7bb00a6ae46,E00010,,True
364411d221c0d04c34ead2765584eb4,E02244,,True
368214fadf16c12652c66f9adaa0461,E00010,,True
1dfb6d879198ad1fb5af92fa09dcefc,E04841,,True
bc1qb3dc9dd8631972817b7719f2eb8ad3,E00010,,True
3f52c1a7aef196f91a01e79a1294cab,E04133,,True
37fe67ef3c6698e355549b25b9afb3a,E00010,,True
bc1q425d69aa054c17b85a68750dae9a45,E02612,,True
1b2099f23b91de31ccaf2e9919ed837,E01966,,True
198449cf5fb50de59c9bdb5ed9ec41f,E00010,,True
124408134b87daf40c8084acc449571,E04030,,True
bc1qe0e144f83f17ae7e299d36fd685ec8,E00010,,True
bc1qac33112644a2d9e8b4e105ee80598a,E04317,,True
bc1q514fe39bbba7a02cdb879b087d3100,E04558,,True
159c4f27b8a17419f83e2412bdbbfda,E03112,,True
3ebbd4d4a95a3fe3327a47506b835a0,E04463,,True
bc1q90ba5a07ba6cd145818257ba44d808,E03187,,True
36dafe40b7adef1573fbf0d2247b7cf,E00025,,True
3a1856431ae55760a8940c28c44adcc,E01880,,True
3b00f14ace33b6ea873e55a7e6fdf05,E03925,,True
311334e30bb1af08b9c4522b3b8fa19,E01721,,True
bc1qbacba720ccba2b26b37e575877003f,E07129,,True
1c4a8efe46b3d4d3550ad3ca430918b,E07300,,True
bc1q003514ed6c54441b6436d5fa09886f,E01763,,True
bc1qf70d966bf0ac17498eb27a4d926ca6,E03505,,True
36239f95e97cedc4cf0e112f6b0d804,E07071,,True
1c921e6901c01f4d8dc87a532ffdaa2,E01712,,True
33a8eaabcfd766327e1b751c75678cb,E02167,,True
147c36dd9c2b1b3d2adab349916045f,E02657,,True
1d2c985051a8f110131faa1cb617785,E02179,,True
bc1qf67f81d99f68540fa02b7905cb0b20,E06347,,True
bc1q98c651b4f6365d1bcc5ae92f5de8eb,E01823,,True
bc1qdead7579e7e675d7aa69bf8146fa86,E02141,,True
3acd5af683a0beba655d52acef908ed,E05920,,True
bc1q4fdbc0ac7aeb17132138522442194c,E05520,,True
bc1qbdbbdbaaa53af6984f7759c4de15af,E06340,,True
bc1qb75ae020f3c3d70955c5d4a700c13d,E04327,,True
124dacb1e0ecb3269752adffdb5e388,E01602,,True
35ca4c55e92249fb4425f6c9b790c64,E02266,,True
3d15916332f7d20c5809b61bf61d71f,E03573,,True
30b5b997ad5369b316be58cff1b4b97,E05435,,True
33e0d25b8d34bea69e6281f9cf56d51,E01643,,True
1d15d72fdd25f442ce0972d7fbdd6ef,E04859,,True
bc1q031d746430c71a9e02718a07648c76,E00967,,True
1788913cf6793938409f4d8a1b33db3,E02715,,True
121a8bbd9f515cd040bf0cab1e6e481,E05301,,True
1124bf565f5cd592e32b721e7c82a4c,E06276,,True
bc1q7f0f393d44de19a88a6569ccbc340d,E04718,,True
bc1q8a3658340a892bbbfc1d0fc50e8ffa,E01075,,True
bc1qc408a0180621edf1fe4f35fac84df2,E03126,,True
155325a90c1aced44d11c5ff67a0734,E06295,,True
3e651d7aadd6cd26a849d260e87a7b2,E05051,,True
392457381ae11859637b29615402872,E00350,,True
1e31fc60abc400aebca13f82ccedf0c,E00350,,True
bc1q98421d93c977f0e8cd49df8ebf247b,E02592,,True
1092fd829bd0d235838a141c2342bf2,E06597,,True
1fec8622eba73003568f1b8f2a3f85e,E01404,,True
bc1q6379f7ffb8199bc30abf5c8c660424,E07224,,True
1928d35ec81c4ad39659120a30f503a,E02902,,True
bc1qdfe4dab80b771c42406ae8bf13aab8,E06261,,True
3fa7e286d910ea8757890ba6774424f,E00208,,True
11d9391cac4451de7d1b0489305efa5,E04613,,True
39095812605269b3daf44dc3ea5d99c,E00149,,True
1aa3cf038ca2d45f8f5a79fea2c0cb1,E03425,,True
bc1q77e01c5498a5451bb3f503ed2856d4,E01901,,True
bc1q2136b2bfe4bbe3bee4156204a67471,E00239,,True
13d572a7df8f9f5b4d3319a539e8bdf,E00239,,True
1564a04edc18d1a4365b8931b6176f5,E06452,,True
1e027f64307ad72f2d290a90081df0d,E04390,,True
1b4d3d1bfcc69b21fb6842a43004ed7,E00239,,True
31c78113905e2455f800e572f159e1f,E06227,,True
17b2d225cb4cf1e70642d1cc969ca1e,E01733,,True
bc1q7a1e5ed883ffb04ba91bd487b06150,E06488,,True
bc1q0d309fc0ddbf34fb5f015237e4b3da,E04267,,True
bc1q7ac1573e11a8de70db98a570d1a9ca,E06121,,True
3da937cbb31adae4e526717e32f9529,E02243,,True
106887ab34807c3400019351db900b0,E05208,,True
bc1q9e84d85491761a37374d5b2bac72f4,E04766,,True
bc1qb65b95ff7a8c56cafead9b6f5ebb81,E07198,,True
1d482cbcca7d3a9c3296d0992b7b7d9,E01426,,True
3d9ea7cd4ab914b41bb9cee08e3dc6d,E07100,,True
389e7e2b2e3df44f057a3c0fec76321,E03558,,True
1319d191aff4bcf65fb4d22a12b6b9c,E04108,,True
11af2a861d7217848e1cf817f725f79,E03287,,True
3b016452bae5ef48c6519d4b221a65c,E03286,,True
3ef45c6686d64da1af1e92c025e9ed9,E04417,,True
3ff1b2ef3bf1db30bc5b86f90bedb84,E02131,,True
35098e6d6e7882babb0d48d22f4d5ab,E01739,,True
1c8a8c975d8db1e5e68494962dc28e7,E01038,,True
bc1q46e723d478ab5f21401cc9a4055a18,E06897,,True
1adfdf3c4fc53269798ba50e9015c78,E06683,,True
bc1q992d40de11c77c1ac52530ac895ef5,E06447,,True
1b86154a3b8da35a9f9d221f1e05ab8,E05941,,True
bc1qbc542b28f90f8bd8a27cccfd0de7f4,E02052,,True
1665c7331745532adaf0a17c2b5f8c4,E07315,,True
1f2cdc1330631846455d0d755fe80f8,E03488,,True
3db6ea21255169153aa4596de80c3e4,E02240,,True
1ed25e10b428937842ba101d5e3c1a8,E01373,,True
bc1qfcb8d42644dab320d85ee05b866984,E04525,,True
bc1q2f933db562195ddc775e63c9bc4074,E03471,,True
bc1qf7c9cfaf66f9c014705dcfad362fe6,E01528,,True
3fc9fcaf0ee7620327c232a26a03649,E00938,,True
33bef856de173b377acac6763ed2109,E03373,,True
3eb1d0a08f778dd654ee89bd4ce01dd,E06820,,True
bc1q660878eebc9c5730a1fbb82ac86a47,E05658,,True
3b0e7cec85f1fce1aad8d215d5d1a6d,E06670,,True
3806c333d24218fcf334f706776736f,E00260,,True
14e2b710492bfe607edc0574be1702a,E01088,,True
35fdf0fd4a255832e665b265d78f8bb,E02654,,True
163ee8b4738d5ce502ac14b68d113f3,E05343,,True
12da7599ab08b057d5a42af67445187,E04053,,True
3e5c54d821e90ae8c2d182c80c8c304,E02756,,True
15fb843b3df73194bb660533fbc5dee,E03323,,True
bc1q6ed67992abec89025ab5f8ecb9f1be,E02768,,True
bc1q00067e3d84456b692914f29dd57793,E02191,,True
bc1qd7fe9a669208e2bfcd071e50dc6070,E02705,,True
3a7ec620d42b054523f1f885ca1502b,E04117,,True
1cb96b3efb9fd05f99c252f7152cd7f,E01299,,True
3de16e0e79a8c01ce46b0fca8e22e7e,E02803,,True
3837ba37c1fd770f63ac507bd028333,E07209,,True
bc1qff58053a61ce181d21c295f1495bdb,E06604,,True
17aa0a301e401d703c2edb69ceb2d6f,E04863,,True
384769efbdbd4dc2982278d6f7c3aad,E05884,,True
30e1d551f4c29c81ae9740b9230f160,E02444,,True
3ee62066a92d98b011cc958dd3d96b5,E03626,,True
bc1qefe9ed36f4142b895718a4bbbf6ff5,E02400,,True
37e9b967a07bc99b0e08d4780326e5b,E07295,,True
31b29b1e3637047318e9f9065526630,E05858,,True
38d47559bd454c1a831269612e98858,E03085,,True
bc1qa5960440644f4ee33a2f1a6ffc188d,E05100,,True
13fafb9f8f13e80da0779425f56350a,E05049,,True
1a7383ad12f73d1c5fe8478dcac04ad,E05298,,True
11fe51eb4d96eb6d13b3340454edb53,E05312,,True
391b30ab2c73d457d0c62b6d2323ce5,E05361,,True
3156e63f65534dff3ee5aaaf86dc035,E01562,,True
32e224b1f5644e9e10c4f75ce6c6127,E06370,,True
bc1q1b31b2bce67247ae9f86e14095fb2a,E03756,,True
31d168ce04d3a3c2f5a6ce7b0223be0,E05063,,True
1805658b8bc1c2ffcf97066a585d83d,E06735,,True
3d3f750710ec6a4e4ad406951529274,E04524,,True
1519276b56cffde989f60d5ed5397ed,E01803,,True
1bc7ae6f41394bc1493927abeba986e,E01332,,True
300e7b845b121e75ecd03fe6690206b,E03841,,True
385c4f7da89e42d684c57852ef0fcd3,E03624,,True
3f28eaa0a32b7be9ded8674338c1ad0,E05536,,True
bc1q6983023e8719b217aa09a0c43346ce,E03525,,True
30b8cbc32c0f5bf3d466fb86549078e,E01678,,True
3804ec29c2f1c916b6d667972da65c8,E01358,,True
305e18765542a59f6fa1c95432c87a0,E02976,,True
112fc970d98c3a581112304c27300e5,E07261,,True
3924f788949527ce85b48da4b2142dd,E02576,,True
bc1q9134a0ca4b09d8ad3d86439de7f5c7,E05287,,True
3c45bf963dff1a0b2332e0b34c1c45b,E06544,,True
bc1qba509e59002fd66e1cd1e77b953457,E05388,,True
1a3f3ff1efc1552e3a6904259f430dc,E05632,,True
3fda0ea0ce46ae9fa69cb6afe9bd61a,E06472,,True
1fd57ecf2b79657fec5814f66fe492e,E07058,,True
bc1qfa6c95a70a91b81556f608e01471c8,E06405,,True
11b590513741ea498bc7f1cd0655cd6,E04342,,True
3340e9940a46084c7cd3b7f8e13c375,E05993,,True
bc1q83ba8e84b23ebca253fd3dd770d58e,E00920,,True
bc1q413dce73996ae6c0b1ac9b4803e587,E02174,,True
1bc58d4f3b14e30922ea959f7403fcd,E00244,,True
190bad4d47015da6512d36548ba1bee,E04491,,True
1aaa4e50a973c657b0746ee7913ca3e,E03918,,True
1573b49c006baeeff6c8e6ea917c9a9,E03849,,True
bc1qc090d5683d36066d92b45729d52c21,E02611,,True
38ad4e7887a130a3388b3b20330d959,E02242,,True
3458fced38d0b5b35f8f0e951850444,E02943,,True
bc1q86b27afc3ac6f1d83eca18111cd721,E02263,,True
bc1qf48dfb063d392e3aacac558a75dec7,E05798,,True
3a9324c08e6db797e814b3542c0fcde,E03969,,True
bc1q61465b0a11611875217ae064d5bb67,E05261,,True
bc1qe788b277687f42f95baf55c3338c97,E01819,,True
bc1qf038b568cc07756f92f6cde4b5af35,E05547,,True
1152817c1e42a06a420bddb8bc61623,E04554,,True
13361aaeedaf6adafea7b438fbbe178,E04281,,True
bc1qd9c173949dd7a3b8390d3328c05174,E06572,,True
3e6eb356cc62ddd30b7244f754d8f10,E07063,,True
30d7f33da85b2ed3c3766a8b1ddad4a,E05744,,True
1e3f6fba9916e848f074b6852e6f39d,E02500,,True
3c094be452c8d572234251438695b3a,E05202,,True
3de5cb1129d6e71c27ffb2bb1f782f9,E03221,,True
36546a2acdd3203be0009cf6156d3b8,E06755,,True
bc1q2ab81cc4cfea738435bda85ac9e5a4,E04623,,True
1202fe66fc65158459dee4dec928b55,E03444,,True
bc1q41421d5649b54a68940e60b5f25305,E05058,,True
bc1qa5e542753bc9980cfbbbdeac7fd348,E02452,,True
103c1df141967708bdc225cfc5830cf,E07009,,True
32249efb780c6fb4c8e0ecec02d6c6e,E06308,,True
114d27d1615307132adbdb94aa7ea18,E05687,,True
15d36425b09499fe3781e1fcab7edbf,E05918,,True
11f4c2b46a5e980612de239dd0bbdec,E03785,,True
1c68b1fd37a76c35346c8bd235f9dfe,E04009,,True
bc1qc9c36ae539f46afa6595667a78927b,E06881,,True
bc1qdda0f934580d4e65945ce2cf940d2e,E04945,,True
1bd67cb51136a663f649a21c880cb17,E03601,,True
bc1qd6ca208c6f4517cf628bf0c9c0ea42,E01430,,True
3270ed8931ef43cc44d3f7af701ba01,E02396,,True
1e1df6ed5e94c8d3bf17042d60c82f7,E02198,,True
153f14fc3a3ef3584ed46a1649a7c2b,E05236,,True
bc1qa49d675cf1e33106fd8702da288d39,E03490,,True
bc1qc202978ff25018deb4b160989860cd,E01663,,True
32686912ec642c69ca8c5301cba6905,E05561,,True
39d2c9815bd0b806f0dce9da002cb32,E06479,,True
3cd8101efe4b71c21e3d97d8ef8ea05,E06529,,True
