entity_id,n_addresses,n_profile_wallets,n_disposable_addresses,wallet_ids,n_alerts,max_priority_tier,risk_score,countries,n_countries,asns,n_asns,n_distinct_src_ips,cross_border,multi_asn,multi_ip_operator,approx_volume_btc,heuristics_used
E00000,13,1,12,740,0,none,0,VN,1,AS45899,1,1,False,False,False,2.29531148,common_input;likely_change_address;shared_src_ip
E00001,12,1,11,302,0,none,0,US,1,AS14061,1,1,False,False,False,4.44095552,common_input;likely_change_address;shared_src_ip
E00002,12,1,11,550,0,none,0,IN,1,AS24560,1,1,False,False,False,2.5480954,common_input;likely_change_address;shared_src_ip
E00003,11,1,10,242,0,none,0,IN,1,AS9829,1,1,False,False,False,3.32297763,common_input
E00004,11,1,10,598,0,none,0,IN,1,AS9829,1,1,False,False,False,1.27883853,common_input
E00005,11,1,10,720,0,none,0,NL,1,AS60068,1,1,False,False,False,2.93542298,common_input
E00006,11,1,10,730,0,none,0,IN,1,AS24560,1,1,False,False,False,1.15764161,common_input
E00007,10,1,9,380,0,none,0,US,1,AS16509,1,1,False,False,False,0.33318535,common_input
E00008,10,1,9,617,0,none,0,IN,1,AS24560,1,1,False,False,False,2.23591026,common_input
E00009,10,1,9,760,0,none,0,IN,1,AS24560,1,1,False,False,False,0.49325534,common_input
E00010,9,1,8,330,0,none,0,US,1,AS14061,1,1,False,False,False,1.18202123,likely_change_address;shared_src_ip
E00011,9,1,8,481,0,none,0,VN,1,AS45899,1,1,False,False,False,0.27619294,common_input
E00012,9,1,8,576,0,none,0,US,1,AS7922,1,1,False,False,False,1.30199965,common_input
E00013,9,1,8,615,0,none,0,FR,1,AS16276,1,1,False,False,False,0.9354213,common_input
E00014,8,1,7,37,0,none,0,DE,1,AS3320,1,1,False,False,False,0.08825266,common_input
E00015,8,1,7,94,0,none,0,IN,1,AS24560,1,1,False,False,False,1.48223852,common_input
E00016,8,1,7,102,0,none,0,VN,1,AS45899,1,1,False,False,False,0.4354492,common_input
E00017,8,1,7,116,0,none,0,IN,1,AS9829,1,1,False,False,False,0.79647906,common_input
E00018,8,1,7,307,0,none,0,US,1,AS14061,1,1,False,False,False,0.48837979,common_input
E00019,8,1,7,454,0,none,0,US,1,AS16509,1,1,False,False,False,1.49998403,common_input
E00020,8,1,7,539,0,none,0,FR,1,AS16276,1,1,False,False,False,0.48744886,common_input
E00021,8,1,7,584,0,none,0,US,1,AS7922,1,1,False,False,False,1.2517245,common_input
E00022,8,1,7,755,0,none,0,FR,1,AS16276,1,1,False,False,False,9.55548882,common_input;likely_change_address;shared_src_ip
E00023,7,1,6,10,0,none,0,IN,1,AS24560,1,1,False,False,False,0.5728452,common_input
E00024,7,1,6,85,0,none,0,VN,1,AS45899,1,1,False,False,False,0.37789399,common_input
E00025,7,1,6,98,0,none,0,DE,1,AS3320,1,1,False,False,False,0.81872692,common_input
E00026,7,1,6,114,0,none,0,RO,1,AS9009,1,1,False,False,False,2.46639576,common_input
E00027,7,1,6,129,0,none,0,RO,1,AS9009,1,1,False,False,False,0.56979435,common_input
E00028,7,1,6,139,0,none,0,US,1,AS14061,1,1,False,False,False,0.29540885,common_input
E00029,7,1,6,166,0,none,0,IN,1,AS24560,1,1,False,False,False,2.00271144,common_input
E00030,7,1,6,181,0,none,0,US,1,AS7922,1,1,False,False,False,0.34305777,common_input
E00031,7,1,6,206,0,none,0,US,1,AS14061,1,1,False,False,False,1.11988265,common_input
E00032,7,1,6,239,0,none,0,JP,1,AS4713,1,1,False,False,False,3.92371009,likely_change_address;shared_src_ip
E00033,7,1,6,251,0,none,0,IN,1,AS9829,1,1,False,False,False,2.1421386,common_input
E00034,7,1,6,305,0,none,0,JP,1,AS4713,1,1,False,False,False,0.82465408,common_input
E00035,7,1,6,343,0,none,0,US,1,AS14061,1,1,False,False,False,0.61928422,common_input
E00036,7,1,6,352,0,none,0,VN,1,AS45899,1,1,False,False,False,4.92007172,common_input
E00037,7,1,6,379,0,none,0,RO,1,AS9009,1,1,False,False,False,0.41354521,common_input
E00038,7,1,6,519,0,none,0,US,1,AS14061,1,1,False,False,False,2.23032314,common_input
E00039,7,1,6,572,0,none,0,US,1,AS7922,1,1,False,False,False,0.87882549,common_input
E00040,7,1,6,593,0,none,0,US,1,AS7922,1,1,False,False,False,1.09853164,common_input
E00041,7,1,6,619,0,none,0,US,1,AS16509,1,1,False,False,False,1.00299038,common_input
E00042,7,1,6,621,0,none,0,IN,1,AS9829,1,1,False,False,False,1.04296114,common_input
E00043,7,1,6,650,0,none,0,RO,1,AS9009,1,1,False,False,False,6.2236013,common_input
E00044,7,1,6,715,0,none,0,NL,1,AS60068,1,1,False,False,False,2.63122706,common_input
E00045,7,1,6,717,0,none,0,VN,1,AS45899,1,1,False,False,False,0.96908731,common_input
E00046,7,1,6,728,0,none,0,JP,1,AS4713,1,1,False,False,False,0.40601626,common_input
E00047,7,1,6,739,0,none,0,FR,1,AS16276,1,1,False,False,False,1.79583984,common_input
E00048,6,1,5,112,0,none,0,FR,1,AS16276,1,1,False,False,False,0.67959452,common_input
E00049,6,1,5,117,0,none,0,US,1,AS14061,1,1,False,False,False,0.23395826,common_input
E00050,6,1,5,126,0,none,0,DE,1,AS3320,1,1,False,False,False,0.23605989,common_input
E00051,6,1,5,187,0,none,0,US,1,AS14061,1,1,False,False,False,0.54237828,common_input
E00052,6,1,5,201,0,none,0,JP,1,AS4713,1,1,False,False,False,1.71616953,common_input
E00053,6,1,5,252,0,none,0,JP,1,AS4713,1,1,False,False,False,5.74132005,common_input
E00054,6,1,5,328,0,none,0,JP,1,AS4713,1,1,False,False,False,1.94288989,common_input
E00055,6,1,5,338,0,none,0,NL,1,AS60068,1,1,False,False,False,1.07099252,common_input
E00056,6,1,5,344,0,none,0,IN,1,AS24560,1,1,False,False,False,0.68389003,common_input
E00057,6,1,5,367,0,none,0,JP,1,AS4713,1,1,False,False,False,0.62700523,common_input
E00058,6,1,5,375,0,none,0,IN,1,AS24560,1,1,False,False,False,0.35047217,common_input
E00059,6,1,5,378,0,none,0,FR,1,AS16276,1,1,False,False,False,7.34028461,common_input
E00060,6,1,5,407,0,none,0,IN,1,AS24560,1,1,False,False,False,0.6382088,common_input
E00061,6,1,5,411,0,none,0,US,1,AS16509,1,1,False,False,False,0.20086499,common_input
E00062,6,1,5,436,0,none,0,US,1,AS16509,1,1,False,False,False,4.57313942,common_input
E00063,6,1,5,445,0,none,0,US,1,AS16509,1,1,False,False,False,1.9344603,common_input
E00064,6,1,5,478,0,none,0,JP,1,AS4713,1,1,False,False,False,25.14249973,common_input
E00065,6,1,5,515,0,none,0,US,1,AS16509,1,1,False,False,False,1.8970852,common_input
E00066,6,1,5,516,0,none,0,FR,1,AS16276,1,1,False,False,False,1.52260463,common_input
E00067,6,1,5,535,0,none,0,US,1,AS7922,1,1,False,False,False,0.68221995,common_input
E00068,6,1,5,578,0,none,0,JP,1,AS4713,1,1,False,False,False,0.10913464,common_input
E00069,6,1,5,580,0,none,0,US,1,AS16509,1,1,False,False,False,0.99204204,common_input
E00070,6,1,5,585,0,none,0,RO,1,AS9009,1,1,False,False,False,1.16921287,common_input
E00071,6,1,5,603,0,none,0,US,1,AS16509,1,1,False,False,False,2.47833151,common_input
E00072,6,1,5,640,0,none,0,IN,1,AS9829,1,1,False,False,False,0.780434,common_input
E00073,6,1,5,675,0,none,0,FR,1,AS16276,1,1,False,False,False,0.35744729,common_input
E00074,6,1,5,688,0,none,0,RO,1,AS9009,1,1,False,False,False,1.42776053,common_input
E00075,6,1,5,710,0,none,0,JP,1,AS4713,1,1,False,False,False,1.17326669,common_input
E00076,6,1,5,741,0,none,0,US,1,AS16509,1,1,False,False,False,0.20500673,common_input
E00077,6,1,5,773,0,none,0,US,1,AS14061,1,1,False,False,False,2.15159274,common_input
E00078,6,1,5,775,0,none,0,JP,1,AS4713,1,1,False,False,False,0.25328022,common_input
E00079,6,1,5,790,0,none,0,RO,1,AS9009,1,26,False,False,True,14.97811643,common_input;shared_src_ip
E00080,5,1,4,1,0,none,0,DE,1,AS3320,1,1,False,False,False,0.47718262,common_input
E00081,5,1,4,9,0,none,0,DE,1,AS3320,1,1,False,False,False,1.85557781,common_input
E00082,5,1,4,16,0,none,0,IN,1,AS9829,1,1,False,False,False,0.29101784,common_input
E00083,5,1,4,25,0,none,0,IN,1,AS24560,1,1,False,False,False,1.02885628,common_input
E00084,5,1,4,29,0,none,0,IN,1,AS9829,1,1,False,False,False,0.73917957,common_input
E00085,5,1,4,81,0,none,0,US,1,AS7922,1,1,False,False,False,1.10635543,common_input
E00086,5,1,4,87,0,none,0,FR,1,AS16276,1,1,False,False,False,1.18037207,common_input
E00087,5,1,4,96,0,none,0,IN,1,AS24560,1,1,False,False,False,0.83281366,common_input
E00088,5,1,4,122,0,none,0,JP,1,AS4713,1,1,False,False,False,2.3905,common_input
E00089,5,1,4,125,0,none,0,US,1,AS7922,1,1,False,False,False,8.19088502,common_input
E00090,5,1,4,136,0,none,0,NL,1,AS60068,1,1,False,False,False,0.31576824,common_input
E00091,5,1,4,138,0,none,0,IN,1,AS9829,1,1,False,False,False,1.45754024,common_input
E00092,5,1,4,141,0,none,0,RO,1,AS9009,1,1,False,False,False,2.73497144,common_input
E00093,5,1,4,182,0,none,0,DE,1,AS3320,1,1,False,False,False,0.39305923,common_input
E00094,5,1,4,185,0,none,0,DE,1,AS3320,1,1,False,False,False,1.67056264,common_input
E00095,5,1,4,196,0,none,0,FR,1,AS16276,1,1,False,False,False,0.1900528,common_input
E00096,5,1,4,200,0,none,0,RO,1,AS9009,1,1,False,False,False,1.17955417,common_input
E00097,5,1,4,207,0,none,0,DE,1,AS3320,1,1,False,False,False,1.31817253,common_input
E00098,5,1,4,218,0,none,0,DE,1,AS3320,1,1,False,False,False,0.56360047,common_input
E00099,5,1,4,221,0,none,0,IN,1,AS24560,1,1,False,False,False,0.13041073,common_input
E00100,5,1,4,226,0,none,0,US,1,AS14061,1,1,False,False,False,0.59001262,common_input
E00101,5,1,4,237,0,none,0,FR,1,AS16276,1,1,False,False,False,0.5605356,common_input
E00102,5,1,4,255,0,none,0,NL,1,AS60068,1,1,False,False,False,0.46175332,common_input
E00103,5,1,4,263,0,none,0,NL,1,AS60068,1,1,False,False,False,0.3718955,common_input
E00104,5,1,4,273,0,none,0,FR,1,AS16276,1,1,False,False,False,0.71515426,common_input
E00105,5,1,4,311,0,none,0,VN,1,AS45899,1,1,False,False,False,2.82293097,common_input
E00106,5,1,4,335,0,none,0,RO,1,AS9009,1,1,False,False,False,0.47103752,common_input
E00107,5,1,4,345,0,none,0,FR,1,AS16276,1,1,False,False,False,0.9082941,common_input
E00108,5,1,4,365,0,none,0,IN,1,AS9829,1,1,False,False,False,0.40354263,common_input
E00109,5,1,4,373,0,none,0,FR,1,AS16276,1,1,False,False,False,2.34432922,common_input
E00110,5,1,4,381,0,none,0,US,1,AS16509,1,1,False,False,False,0.39316543,common_input
E00111,5,1,4,382,0,none,0,DE,1,AS3320,1,1,False,False,False,0.0481684,common_input
E00112,5,1,4,394,0,none,0,IN,1,AS24560,1,1,False,False,False,2.72006452,common_input
E00113,5,1,4,398,0,none,0,JP,1,AS4713,1,1,False,False,False,0.61504645,common_input
E00114,5,1,4,410,0,none,0,VN,1,AS45899,1,1,False,False,False,1.26511231,common_input
E00115,5,1,4,423,0,none,0,IN,1,AS24560,1,1,False,False,False,1.54390116,common_input
E00116,5,1,4,432,0,none,0,FR,1,AS16276,1,1,False,False,False,0.62965625,common_input
E00117,5,1,4,443,0,none,0,FR,1,AS16276,1,1,False,False,False,0.92277015,common_input
E00118,5,1,4,446,0,none,0,NL,1,AS60068,1,1,False,False,False,0.76236031,common_input
E00119,5,1,4,467,0,none,0,IN,1,AS24560,1,1,False,False,False,1.27047299,common_input
E00120,5,1,4,477,0,none,0,DE,1,AS3320,1,1,False,False,False,1.08041345,common_input
E00121,5,1,4,482,0,none,0,US,1,AS14061,1,1,False,False,False,0.11569286,common_input
E00122,5,1,4,484,0,none,0,US,1,AS14061,1,1,False,False,False,0.42143743,common_input
E00123,5,1,4,498,0,none,0,US,1,AS14061,1,1,False,False,False,0.35477564,common_input
E00124,5,1,4,503,0,none,0,JP,1,AS4713,1,1,False,False,False,1.52859958,common_input
E00125,5,1,4,518,0,none,0,US,1,AS16509,1,1,False,False,False,0.64203414,common_input
E00126,5,1,4,524,0,none,0,NL,1,AS60068,1,1,False,False,False,0.33882616,common_input
E00127,5,1,4,528,0,none,0,US,1,AS7922,1,1,False,False,False,1.27765357,common_input
E00128,5,1,4,538,0,none,0,RO,1,AS9009,1,1,False,False,False,2.28672308,common_input
E00129,5,1,4,553,0,none,0,IN,1,AS24560,1,1,False,False,False,0.96962899,common_input
E00130,5,1,4,561,0,none,0,JP,1,AS4713,1,1,False,False,False,4.68967943,common_input
E00131,5,1,4,564,0,none,0,IN,1,AS9829,1,1,False,False,False,2.13188304,common_input
E00132,5,1,4,569,0,none,0,IN,1,AS24560,1,1,False,False,False,0.56928698,common_input
E00133,5,1,4,571,0,none,0,VN,1,AS45899,1,1,False,False,False,3.85698246,common_input
E00134,5,1,4,586,0,none,0,VN,1,AS45899,1,1,False,False,False,3.65041241,common_input
E00135,5,1,4,589,0,none,0,VN,1,AS45899,1,1,False,False,False,0.24634264,common_input
E00136,5,1,4,614,0,none,0,FR,1,AS16276,1,1,False,False,False,9.38439497,common_input
E00137,5,1,4,627,0,none,0,US,1,AS7922,1,1,False,False,False,0.59443047,common_input
E00138,5,1,4,628,0,none,0,IN,1,AS9829,1,16,False,False,True,2.85419321,common_input
E00139,5,1,4,647,0,none,0,FR,1,AS16276,1,1,False,False,False,0.76859994,common_input
E00140,5,1,4,649,0,none,0,IN,1,AS9829,1,1,False,False,False,1.08666207,common_input
E00141,5,1,4,652,0,none,0,JP,1,AS4713,1,1,False,False,False,0.47695311,common_input
E00142,5,1,4,653,0,none,0,US,1,AS14061,1,1,False,False,False,0.15449089,common_input
E00143,5,1,4,685,0,none,0,JP,1,AS4713,1,1,False,False,False,0.83685008,common_input
E00144,5,1,4,697,0,none,0,US,1,AS14061,1,1,False,False,False,0.09666675,common_input
E00145,5,1,4,702,0,none,0,IN,1,AS9829,1,1,False,False,False,0.40263058,common_input
E00146,5,1,4,719,0,none,0,IN,1,AS24560,1,1,False,False,False,0.75710924,common_input
E00147,5,1,4,731,0,none,0,FR,1,AS16276,1,1,False,False,False,0.18104429,common_input
E00148,5,1,4,746,0,none,0,US,1,AS7922,1,1,False,False,False,0.85812687,common_input
E00149,5,1,4,748,0,none,0,US,1,AS16509,1,1,False,False,False,0.48482676,common_input
E00150,5,1,4,785,0,none,0,DE,1,AS3320,1,1,False,False,False,2.80659173,common_input
E00151,4,1,3,6,0,none,0,US,1,AS14061,1,1,False,False,False,3.21921763,common_input
E00152,4,1,3,7,0,none,0,NL,1,AS60068,1,1,False,False,False,1.34974615,common_input
E00153,4,1,3,20,0,none,0,DE,1,AS3320,1,1,False,False,False,3.37496365,common_input
E00154,4,1,3,28,0,none,0,RO,1,AS9009,1,1,False,False,False,0.46448026,common_input
E00155,4,1,3,31,0,none,0,VN,1,AS45899,1,1,False,False,False,4.8204564,common_input
E00156,4,1,3,36,0,none,0,NL,1,AS60068,1,1,False,False,False,0.73472087,common_input
E00157,4,1,3,45,0,none,0,FR,1,AS16276,1,1,False,False,False,0.19455402,common_input
E00158,4,1,3,48,0,none,0,RO,1,AS9009,1,1,False,False,False,1.74770669,common_input
E00159,4,1,3,54,0,none,0,JP,1,AS4713,1,1,False,False,False,2.54307039,common_input
E00160,4,1,3,60,0,none,0,JP,1,AS4713,1,1,False,False,False,0.40111365,common_input
E00161,4,1,3,67,0,none,0,US,1,AS16509,1,1,False,False,False,3.09448516,common_input
E00162,4,1,3,69,0,none,0,IN,1,AS9829,1,1,False,False,False,0.41218384,common_input
E00163,4,1,3,74,0,none,0,DE,1,AS3320,1,1,False,False,False,0.02100122,common_input
E00164,4,1,3,90,0,none,0,VN,1,AS45899,1,1,False,False,False,0.75961112,common_input
E00165,4,1,3,93,0,none,0,RO,1,AS9009,1,1,False,False,False,0.39048746,common_input
E00166,4,1,3,95,0,none,0,RO,1,AS9009,1,1,False,False,False,0.12558685,common_input
E00167,4,1,3,104,0,none,0,IN,1,AS24560,1,1,False,False,False,0.43221619,common_input
E00168,4,1,3,106,0,none,0,US,1,AS16509,1,1,False,False,False,6.1997131,common_input
E00169,4,1,3,107,0,none,0,NL,1,AS60068,1,1,False,False,False,0.79627677,common_input
E00170,4,1,3,108,0,none,0,DE,1,AS3320,1,1,False,False,False,1.01868093,common_input
E00171,4,1,3,118,0,none,0,US,1,AS14061,1,1,False,False,False,1.55790167,common_input
E00172,4,1,3,119,0,none,0,NL,1,AS60068,1,1,False,False,False,1.42164336,common_input
E00173,4,1,3,133,0,none,0,DE,1,AS3320,1,1,False,False,False,1.23273019,common_input
E00174,4,1,3,146,0,none,0,US,1,AS14061,1,1,False,False,False,0.16024717,common_input
E00175,4,1,3,150,0,none,0,VN,1,AS45899,1,1,False,False,False,0.62365288,common_input
E00176,4,1,3,168,0,none,0,US,1,AS16509,1,1,False,False,False,0.38411753,common_input
E00177,4,1,3,170,0,none,0,JP,1,AS4713,1,1,False,False,False,0.22372718,common_input
E00178,4,1,3,174,0,none,0,IN,1,AS24560,1,1,False,False,False,0.93002336,common_input
E00179,4,1,3,175,0,none,0,IN,1,AS9829,1,1,False,False,False,1.63391774,common_input
E00180,4,1,3,179,0,none,0,IN,1,AS24560,1,1,False,False,False,12.26564139,common_input
E00181,4,1,3,192,0,none,0,JP,1,AS4713,1,1,False,False,False,1.04567576,common_input
E00182,4,1,3,203,0,none,0,US,1,AS16509,1,1,False,False,False,2.39005439,common_input
E00183,4,1,3,211,0,none,0,US,1,AS14061,1,1,False,False,False,1.87552485,common_input
E00184,4,1,3,212,0,none,0,IN,1,AS24560,1,1,False,False,False,2.15357087,common_input
E00185,4,1,3,220,0,none,0,IN,1,AS9829,1,1,False,False,False,6.00540836,common_input
E00186,4,1,3,228,0,none,0,VN,1,AS45899,1,1,False,False,False,0.39558593,common_input
E00187,4,1,3,235,0,none,0,US,1,AS16509,1,1,False,False,False,0.70229604,common_input
E00188,4,1,3,240,0,none,0,RO,1,AS9009,1,1,False,False,False,0.33696827,common_input
E00189,4,1,3,247,0,none,0,IN,1,AS24560,1,1,False,False,False,0.35679101,common_input
E00190,4,1,3,265,0,none,0,JP,1,AS4713,1,1,False,False,False,0.25052331,common_input
E00191,4,1,3,266,0,none,0,DE,1,AS3320,1,1,False,False,False,2.79279735,common_input
E00192,4,1,3,267,0,none,0,IN,1,AS9829,1,1,False,False,False,0.13334925,common_input
E00193,4,1,3,268,0,none,0,VN,1,AS45899,1,1,False,False,False,0.4773685,common_input
E00194,4,1,3,276,0,none,0,JP,1,AS4713,1,1,False,False,False,1.12320584,common_input
E00195,4,1,3,281,0,none,0,IN,1,AS24560,1,1,False,False,False,1.77877721,common_input
E00196,4,1,3,291,0,none,0,JP,1,AS4713,1,1,False,False,False,0.50241255,common_input
E00197,4,1,3,304,0,none,0,NL,1,AS60068,1,1,False,False,False,0.64800259,common_input
E00198,4,1,3,314,0,none,0,JP,1,AS4713,1,1,False,False,False,2.53725202,common_input
E00199,4,1,3,316,0,none,0,RO,1,AS9009,1,1,False,False,False,1.36507914,common_input
E00200,4,1,3,337,0,none,0,IN,1,AS24560,1,1,False,False,False,0.62195348,common_input
E00201,4,1,3,347,0,none,0,FR,1,AS16276,1,1,False,False,False,0.24231616,common_input
E00202,4,1,3,348,0,none,0,US,1,AS14061,1,1,False,False,False,0.34789284,common_input
E00203,4,1,3,349,0,none,0,IN,1,AS9829,1,1,False,False,False,0.43268284,common_input
E00204,4,1,3,357,0,none,0,IN,1,AS9829,1,1,False,False,False,0.81109758,common_input
E00205,4,1,3,370,0,none,0,IN,1,AS9829,1,1,False,False,False,0.79138994,common_input
E00206,4,1,3,377,0,none,0,US,1,AS14061,1,1,False,False,False,0.78380975,common_input
E00207,4,1,3,383,0,none,0,NL,1,AS60068,1,1,False,False,False,0.38887268,common_input
E00208,4,1,3,391,0,none,0,NL,1,AS60068,1,1,False,False,False,1.35994383,common_input
E00209,4,1,3,393,0,none,0,VN,1,AS45899,1,1,False,False,False,4.98154336,common_input
E00210,4,1,3,396,0,none,0,JP,1,AS4713,1,1,False,False,False,0.08980007,common_input
E00211,4,1,3,412,0,none,0,VN,1,AS45899,1,1,False,False,False,0.14148081,common_input
E00212,4,1,3,415,0,none,0,FR,1,AS16276,1,1,False,False,False,0.26560376,common_input
E00213,4,1,3,426,0,none,0,DE,1,AS3320,1,1,False,False,False,0.25725632,common_input
E00214,4,1,3,429,0,none,0,FR,1,AS16276,1,1,False,False,False,0.15659618,common_input
E00215,4,1,3,431,0,none,0,IN,1,AS9829,1,1,False,False,False,0.09081876,common_input
E00216,4,1,3,442,0,none,0,IN,1,AS24560,1,1,False,False,False,0.11437243,common_input
E00217,4,1,3,448,0,none,0,US,1,AS14061,1,1,False,False,False,0.56039966,common_input
E00218,4,1,3,449,0,none,0,IN,1,AS24560,1,1,False,False,False,0.27791461,common_input
E00219,4,1,3,451,0,none,0,VN,1,AS45899,1,1,False,False,False,2.39345607,common_input
E00220,4,1,3,459,0,none,0,IN,1,AS24560,1,1,False,False,False,0.18986489,common_input
E00221,4,1,3,461,0,none,0,US,1,AS7922,1,1,False,False,False,0.37303906,common_input
E00222,4,1,3,472,0,none,0,DE,1,AS3320,1,1,False,False,False,0.07313643,common_input
E00223,4,1,3,475,0,none,0,US,1,AS14061,1,1,False,False,False,0.7053423,common_input
E00224,4,1,3,476,0,none,0,RO,1,AS9009,1,1,False,False,False,1.37963073,common_input
E00225,4,1,3,479,0,none,0,NL,1,AS60068,1,1,False,False,False,2.17624032,common_input
E00226,4,1,3,490,0,none,0,RO,1,AS9009,1,1,False,False,False,0.4864722,common_input
E00227,4,1,3,494,0,none,0,NL,1,AS60068,1,1,False,False,False,2.93131133,common_input
E00228,4,1,3,500,0,none,0,US,1,AS16509,1,1,False,False,False,2.16571495,common_input
E00229,4,1,3,507,0,none,0,DE,1,AS3320,1,1,False,False,False,0.18819512,common_input
E00230,4,1,3,511,0,none,0,JP,1,AS4713,1,1,False,False,False,0.65539573,common_input
E00231,4,1,3,514,0,none,0,DE,1,AS3320,1,1,False,False,False,0.36443092,common_input
E00232,4,1,3,520,0,none,0,IN,1,AS24560,1,1,False,False,False,0.11979034,common_input
E00233,4,1,3,522,0,none,0,IN,1,AS9829,1,1,False,False,False,0.45266809,common_input
E00234,4,1,3,526,0,none,0,NL,1,AS60068,1,1,False,False,False,0.16850723,common_input
E00235,4,1,3,536,0,none,0,US,1,AS7922,1,1,False,False,False,0.22674473,common_input
E00236,4,1,3,546,0,none,0,JP,1,AS4713,1,1,False,False,False,1.4221323,common_input
E00237,4,1,3,548,0,none,0,RO,1,AS9009,1,1,False,False,False,1.34571251,common_input
E00238,4,1,3,552,0,none,0,JP,1,AS4713,1,1,False,False,False,1.75546122,common_input
E00239,4,1,3,559,0,none,0,IN,1,AS24560,1,1,False,False,False,0.60272603,common_input
E00240,4,1,3,581,0,none,0,US,1,AS16509,1,1,False,False,False,0.42024439,common_input
E00241,4,1,3,591,0,none,0,US,1,AS14061,1,1,False,False,False,0.56767348,common_input
E00242,4,1,3,608,0,none,0,IN,1,AS9829,1,1,False,False,False,0.1668265,common_input
E00243,4,1,3,612,0,none,0,NL,1,AS60068,1,1,False,False,False,0.77770048,common_input
E00244,4,1,3,624,0,none,0,US,1,AS16509,1,1,False,False,False,3.72474427,common_input
E00245,4,1,3,630,0,none,0,US,1,AS14061,1,1,False,False,False,0.17373588,common_input
E00246,4,1,3,636,0,none,0,IN,1,AS24560,1,1,False,False,False,0.9576656,common_input
E00247,4,1,3,642,0,none,0,JP,1,AS4713,1,1,False,False,False,0.48666249,common_input
E00248,4,1,3,643,0,none,0,US,1,AS16509,1,1,False,False,False,0.11732276,common_input
E00249,4,1,3,648,0,none,0,VN,1,AS45899,1,1,False,False,False,0.51385426,common_input
E00250,4,1,3,654,0,none,0,IN,1,AS24560,1,1,False,False,False,8.15271774,common_input
E00251,4,1,3,662,0,none,0,NL,1,AS60068,1,1,False,False,False,0.57106814,common_input
E00252,4,1,3,665,0,none,0,US,1,AS7922,1,1,False,False,False,0.60953162,common_input
E00253,4,1,3,674,0,none,0,DE,1,AS3320,1,1,False,False,False,2.01829404,common_input
E00254,4,1,3,679,0,none,0,IN,1,AS24560,1,1,False,False,False,3.23085067,common_input
E00255,4,1,3,681,0,none,0,US,1,AS16509,1,1,False,False,False,0.27181077,common_input
E00256,4,1,3,687,0,none,0,RO,1,AS9009,1,1,False,False,False,0.70381383,common_input
E00257,4,1,3,689,0,none,0,NL,1,AS60068,1,1,False,False,False,1.10272711,common_input
E00258,4,1,3,691,0,none,0,JP,1,AS4713,1,1,False,False,False,2.01797978,common_input
E00259,4,1,3,692,0,none,0,US,1,AS7922,1,16,False,False,True,2.07177596,common_input
E00260,4,1,3,703,0,none,0,US,1,AS14061,1,26,False,False,True,14.11923725,common_input;shared_src_ip
E00261,4,1,3,704,0,none,0,NL,1,AS60068,1,1,False,False,False,0.18170343,common_input
E00262,4,1,3,733,0,none,0,IN,1,AS9829,1,1,False,False,False,0.12734704,common_input
E00263,4,1,3,738,0,none,0,NL,1,AS60068,1,1,False,False,False,2.83543423,common_input
E00264,4,1,3,742,0,none,0,US,1,AS14061,1,1,False,False,False,0.34893838,common_input
E00265,4,1,3,743,0,none,0,IN,1,AS9829,1,1,False,False,False,0.81771846,common_input
E00266,4,1,3,756,0,none,0,DE,1,AS3320,1,1,False,False,False,1.33469477,common_input
E00267,4,1,3,762,0,none,0,IN,1,AS24560,1,1,False,False,False,10.56361744,common_input
E00268,4,1,3,770,0,none,0,RO,1,AS9009,1,1,False,False,False,1.51026469,common_input
E00269,4,1,3,771,0,none,0,IN,1,AS24560,1,1,False,False,False,0.44632104,common_input
E00270,4,1,3,780,0,none,0,US,1,AS16509,1,1,False,False,False,1.24904068,common_input
E00271,4,1,3,781,0,none,0,RO,1,AS9009,1,1,False,False,False,0.19125394,common_input
E00272,4,1,3,783,0,none,0,JP,1,AS4713,1,1,False,False,False,1.40923325,common_input
E00273,4,1,3,799,0,none,0,IN,1,AS9829,1,1,False,False,False,0.72220322,common_input
E00274,3,1,2,8,0,none,0,US,1,AS7922,1,1,False,False,False,0.62985829,common_input
E00275,3,1,2,12,0,none,0,IN,1,AS9829,1,1,False,False,False,0.61437251,common_input
E00276,3,1,2,21,0,none,0,IN,1,AS9829,1,1,False,False,False,0.55773609,common_input
E00277,3,1,2,22,0,none,0,IN,1,AS9829,1,1,False,False,False,0.79674192,common_input
E00278,3,1,2,24,0,none,0,FR,1,AS16276,1,1,False,False,False,0.37874485,common_input
E00279,3,1,2,35,0,none,0,US,1,AS16509,1,1,False,False,False,0.14297342,common_input
E00280,3,1,2,42,0,none,0,US,1,AS14061,1,1,False,False,False,0.49317,common_input
E00281,3,1,2,47,0,none,0,RO,1,AS9009,1,1,False,False,False,2.00324526,common_input
E00282,3,1,2,49,0,none,0,VN,1,AS45899,1,1,False,False,False,0.03540545,common_input
E00283,3,1,2,52,0,none,0,IN,1,AS24560,1,1,False,False,False,0.26310128,common_input
E00284,3,1,2,56,0,none,0,IN,1,AS9829,1,1,False,False,False,0.18724787,common_input
E00285,3,1,2,61,0,none,0,VN,1,AS45899,1,1,False,False,False,0.35033795,common_input
E00286,3,1,2,63,0,none,0,JP,1,AS4713,1,1,False,False,False,0.11637256,common_input
E00287,3,1,2,68,0,none,0,NL,1,AS60068,1,1,False,False,False,1.1284068,common_input
E00288,3,1,2,75,0,none,0,US,1,AS16509,1,1,False,False,False,0.77660686,common_input
E00289,3,1,2,89,0,none,0,FR,1,AS16276,1,1,False,False,False,1.34526592,common_input
E00290,3,1,2,91,0,none,0,US,1,AS16509,1,1,False,False,False,1.76979795,common_input
E00291,3,1,2,100,0,none,0,US,1,AS16509,1,1,False,False,False,0.06312486,common_input
E00292,3,1,2,103,0,none,0,NL,1,AS60068,1,1,False,False,False,0.2667528,common_input
E00293,3,1,2,109,0,none,0,DE,1,AS3320,1,1,False,False,False,0.33799559,common_input
E00294,3,1,2,110,0,none,0,DE,1,AS3320,1,16,False,False,True,2.24679024,common_input
E00295,3,1,2,120,0,none,0,FR,1,AS16276,1,1,False,False,False,1.65027169,common_input
E00296,3,1,2,123,0,none,0,FR,1,AS16276,1,1,False,False,False,0.19797261,common_input
E00297,3,1,2,135,0,none,0,IN,1,AS9829,1,1,False,False,False,2.67728693,common_input
E00298,3,1,2,143,0,none,0,JP,1,AS4713,1,1,False,False,False,1.36254744,common_input
E00299,3,1,2,144,0,none,0,RO,1,AS9009,1,1,False,False,False,0.72034493,common_input
E00300,3,1,2,149,0,none,0,FR,1,AS16276,1,1,False,False,False,0.72492419,common_input
E00301,3,1,2,153,0,none,0,DE,1,AS3320,1,1,False,False,False,0.68505755,common_input
E00302,3,1,2,154,0,none,0,IN,1,AS9829,1,1,False,False,False,0.95461364,common_input
E00303,3,1,2,156,0,none,0,JP,1,AS4713,1,1,False,False,False,5.18749715,common_input
E00304,3,1,2,157,0,none,0,IN,1,AS9829,1,1,False,False,False,1.20970301,common_input
E00305,3,1,2,165,0,none,0,NL,1,AS60068,1,1,False,False,False,0.91606445,common_input
E00306,3,1,2,171,0,none,0,JP,1,AS4713,1,1,False,False,False,0.3366183,common_input
E00307,3,1,2,172,0,none,0,RO,1,AS9009,1,1,False,False,False,0.63301807,common_input
E00308,3,1,2,184,0,none,0,US,1,AS14061,1,1,False,False,False,0.50153936,common_input
E00309,3,1,2,188,0,none,0,NL,1,AS60068,1,1,False,False,False,0.25150933,common_input
E00310,3,1,2,197,0,none,0,US,1,AS14061,1,16,False,False,True,2.62374702,common_input
E00311,3,1,2,198,0,none,0,US,1,AS7922,1,1,False,False,False,0.99284444,common_input
E00312,3,1,2,202,0,none,0,VN,1,AS45899,1,1,False,False,False,1.5501968,common_input
E00313,3,1,2,216,0,none,0,US,1,AS7922,1,1,False,False,False,0.3726559,common_input
E00314,3,1,2,217,0,none,0,JP,1,AS4713,1,1,False,False,False,0.34458068,common_input
E00315,3,1,2,219,0,none,0,RO,1,AS9009,1,1,False,False,False,0.32064479,common_input
E00316,3,1,2,234,0,none,0,US,1,AS14061,1,1,False,False,False,5.17178461,common_input
E00317,3,1,2,236,0,none,0,IN,1,AS24560,1,1,False,False,False,0.06007974,common_input
E00318,3,1,2,243,0,none,0,US,1,AS14061,1,1,False,False,False,2.086627,common_input
E00319,3,1,2,244,0,none,0,DE,1,AS3320,1,1,False,False,False,0.18593074,common_input
E00320,3,1,2,245,0,none,0,US,1,AS7922,1,1,False,False,False,0.41231796,common_input
E00321,3,1,2,257,0,none,0,VN,1,AS45899,1,1,False,False,False,0.54173662,common_input
E00322,3,1,2,262,0,none,0,VN,1,AS45899,1,1,False,False,False,0.0240218,common_input
E00323,3,1,2,264,0,none,0,FR,1,AS16276,1,1,False,False,False,0.69507593,common_input
E00324,3,1,2,269,0,none,0,IN,1,AS24560,1,1,False,False,False,0.53765098,common_input
E00325,3,1,2,274,0,none,0,VN,1,AS45899,1,1,False,False,False,0.27147909,common_input
E00326,3,1,2,279,0,none,0,US,1,AS14061,1,1,False,False,False,0.17842314,common_input
E00327,3,1,2,280,0,none,0,DE,1,AS3320,1,1,False,False,False,0.81504929,common_input
E00328,3,1,2,284,0,none,0,VN,1,AS45899,1,26,False,False,True,18.61030148,common_input;shared_src_ip
E00329,3,1,2,287,0,none,0,US,1,AS16509,1,1,False,False,False,0.85976737,common_input
E00330,3,1,2,288,0,none,0,US,1,AS14061,1,1,False,False,False,0.80069445,common_input
E00331,3,1,2,292,0,none,0,IN,1,AS24560,1,1,False,False,False,0.25884474,common_input
E00332,3,1,2,293,0,none,0,US,1,AS7922,1,1,False,False,False,1.60345529,common_input
E00333,3,1,2,296,0,none,0,US,1,AS16509,1,1,False,False,False,1.7248311,common_input
E00334,3,1,2,303,0,none,0,FR,1,AS16276,1,1,False,False,False,0.76624971,common_input
E00335,3,1,2,312,0,none,0,IN,1,AS9829,1,1,False,False,False,2.19577879,common_input
E00336,3,1,2,315,0,none,0,RO,1,AS9009,1,1,False,False,False,2.24064456,common_input
E00337,3,1,2,320,0,none,0,IN,1,AS24560,1,1,False,False,False,1.09319462,common_input
E00338,3,1,2,325,0,none,0,IN,1,AS9829,1,1,False,False,False,0.20355086,common_input
E00339,3,1,2,327,0,none,0,NL,1,AS60068,1,1,False,False,False,2.15144682,common_input
E00340,3,1,2,329,0,none,0,RO,1,AS9009,1,1,False,False,False,1.34539762,common_input
E00341,3,1,2,333,0,none,0,JP,1,AS4713,1,1,False,False,False,0.30055725,common_input
E00342,3,1,2,342,0,none,0,US,1,AS16509,1,1,False,False,False,1.10818207,common_input
E00343,3,1,2,346,0,none,0,NL,1,AS60068,1,1,False,False,False,0.15783634,common_input
E00344,3,1,2,355,0,none,0,DE,1,AS3320,1,1,False,False,False,0.19849563,common_input
E00345,3,1,2,362,0,none,0,IN,1,AS9829,1,1,False,False,False,0.55585882,common_input
E00346,3,1,2,372,0,none,0,JP,1,AS4713,1,1,False,False,False,2.94703582,common_input
E00347,3,1,2,387,0,none,0,IN,1,AS9829,1,1,False,False,False,3.4658788,common_input
E00348,3,1,2,388,0,none,0,VN,1,AS45899,1,1,False,False,False,1.92743575,common_input
E00349,3,1,2,389,0,none,0,DE,1,AS3320,1,26,False,False,True,15.38761319,common_input;shared_src_ip
E00350,3,1,2,397,0,none,0,NL,1,AS60068,1,1,False,False,False,2.24881091,common_input
E00351,3,1,2,400,0,none,0,US,1,AS16509,1,1,False,False,False,0.19120414,common_input
E00352,3,1,2,401,0,none,0,NL,1,AS60068,1,1,False,False,False,0.18932318,common_input
E00353,3,1,2,403,0,none,0,DE,1,AS3320,1,1,False,False,False,0.85753033,common_input
E00354,3,1,2,408,0,none,0,IN,1,AS24560,1,1,False,False,False,1.02032161,common_input
E00355,3,1,2,413,0,none,0,US,1,AS14061,1,1,False,False,False,2.48903981,common_input
E00356,3,1,2,421,0,none,0,US,1,AS16509,1,1,False,False,False,4.71269954,common_input
E00357,3,1,2,434,0,none,0,DE,1,AS3320,1,1,False,False,False,3.79406362,common_input
E00358,3,1,2,441,0,none,0,US,1,AS16509,1,1,False,False,False,0.87829097,common_input
E00359,3,1,2,447,0,none,0,US,1,AS7922,1,1,False,False,False,0.17694609,common_input
E00360,3,1,2,453,0,none,0,US,1,AS14061,1,1,False,False,False,1.04976707,common_input
E00361,3,1,2,458,0,none,0,RO,1,AS9009,1,1,False,False,False,0.44653648,common_input
E00362,3,1,2,463,0,none,0,FR,1,AS16276,1,1,False,False,False,0.80014651,common_input
E00363,3,1,2,465,0,none,0,US,1,AS14061,1,1,False,False,False,0.7240762,common_input
E00364,3,1,2,471,0,none,0,US,1,AS7922,1,1,False,False,False,0.0746099,common_input
E00365,3,1,2,473,0,none,0,US,1,AS14061,1,1,False,False,False,1.74134172,common_input
E00366,3,1,2,483,0,none,0,US,1,AS7922,1,1,False,False,False,0.75101654,common_input
E00367,3,1,2,486,0,none,0,US,1,AS14061,1,1,False,False,False,0.37513959,common_input
E00368,3,1,2,487,0,none,0,VN,1,AS45899,1,1,False,False,False,0.20794725,common_input
E00369,3,1,2,488,0,none,0,DE,1,AS3320,1,1,False,False,False,4.94491314,common_input
E00370,3,1,2,496,0,none,0,US,1,AS16509,1,1,False,False,False,0.31556433,common_input
E00371,3,1,2,497,0,none,0,US,1,AS16509,1,1,False,False,False,0.43586415,common_input
E00372,3,1,2,501,0,none,0,RO,1,AS9009,1,1,False,False,False,2.94736702,common_input
E00373,3,1,2,506,0,none,0,IN,1,AS9829,1,1,False,False,False,0.21051985,common_input
E00374,3,1,2,510,0,none,0,DE,1,AS3320,1,1,False,False,False,0.89987017,common_input
E00375,3,1,2,512,0,none,0,RO,1,AS9009,1,1,False,False,False,0.44542437,common_input
E00376,3,1,2,513,0,none,0,JP,1,AS4713,1,1,False,False,False,0.30578994,common_input
E00377,3,1,2,517,0,none,0,US,1,AS7922,1,1,False,False,False,0.17717049,common_input
E00378,3,1,2,521,0,none,0,JP,1,AS4713,1,1,False,False,False,1.46691629,common_input
E00379,3,1,2,529,0,none,0,JP,1,AS4713,1,1,False,False,False,0.24790947,common_input
E00380,3,1,2,530,0,none,0,IN,1,AS9829,1,1,False,False,False,2.02283725,common_input
E00381,3,1,2,532,0,none,0,RO,1,AS9009,1,1,False,False,False,0.60022425,common_input
E00382,3,1,2,533,0,none,0,RO,1,AS9009,1,1,False,False,False,0.24367538,common_input
E00383,3,1,2,534,0,none,0,NL,1,AS60068,1,1,False,False,False,0.30852905,common_input
E00384,3,1,2,537,0,none,0,IN,1,AS24560,1,1,False,False,False,0.52511506,common_input
E00385,3,1,2,540,0,none,0,IN,1,AS9829,1,1,False,False,False,1.61318846,common_input
E00386,3,1,2,544,0,none,0,US,1,AS7922,1,1,False,False,False,0.0193092,common_input
E00387,3,1,2,545,0,none,0,IN,1,AS9829,1,1,False,False,False,0.32644348,common_input
E00388,3,1,2,547,0,none,0,FR,1,AS16276,1,1,False,False,False,0.38637929,common_input
E00389,3,1,2,554,0,none,0,JP,1,AS4713,1,1,False,False,False,1.06699874,common_input
E00390,3,1,2,557,0,none,0,US,1,AS14061,1,1,False,False,False,0.35063242,common_input
E00391,3,1,2,565,0,none,0,VN,1,AS45899,1,1,False,False,False,0.4430919,common_input
E00392,3,1,2,566,0,none,0,DE,1,AS3320,1,1,False,False,False,0.07251674,common_input
E00393,3,1,2,567,0,none,0,FR,1,AS16276,1,1,False,False,False,0.38748018,common_input
E00394,3,1,2,573,0,none,0,JP,1,AS4713,1,1,False,False,False,0.72454066,common_input
E00395,3,1,2,579,0,none,0,DE,1,AS3320,1,1,False,False,False,1.74974463,common_input
E00396,3,1,2,592,0,none,0,RO,1,AS9009,1,1,False,False,False,1.31335106,common_input
E00397,3,1,2,596,0,none,0,US,1,AS16509,1,1,False,False,False,0.64218028,common_input
E00398,3,1,2,600,0,none,0,NL,1,AS60068,1,1,False,False,False,2.07424149,common_input
E00399,3,1,2,601,0,none,0,NL,1,AS60068,1,1,False,False,False,0.38079159,common_input
E00400,3,1,2,604,0,none,0,IN,1,AS9829,1,1,False,False,False,0.97950272,common_input
E00401,3,1,2,605,0,none,0,JP,1,AS4713,1,1,False,False,False,3.89548247,common_input
E00402,3,1,2,609,0,none,0,FR,1,AS16276,1,1,False,False,False,3.03551175,common_input
E00403,3,1,2,610,0,none,0,US,1,AS14061,1,1,False,False,False,1.25961858,common_input
E00404,3,1,2,618,0,none,0,US,1,AS7922,1,1,False,False,False,0.885466,common_input
E00405,3,1,2,620,0,none,0,US,1,AS14061,1,1,False,False,False,0.2954382,common_input
E00406,3,1,2,623,0,none,0,IN,1,AS9829,1,1,False,False,False,3.12444392,common_input
E00407,3,1,2,626,0,none,0,FR,1,AS16276,1,1,False,False,False,0.20773677,common_input
E00408,3,1,2,631,0,none,0,DE,1,AS3320,1,1,False,False,False,4.1431861,common_input
E00409,3,1,2,633,0,none,0,FR,1,AS16276,1,1,False,False,False,0.40205206,common_input
E00410,3,1,2,634,0,none,0,NL,1,AS60068,1,1,False,False,False,0.25030751,common_input
E00411,3,1,2,638,0,none,0,IN,1,AS24560,1,1,False,False,False,0.17141106,common_input
E00412,3,1,2,641,0,none,0,VN,1,AS45899,1,1,False,False,False,2.56655189,common_input
E00413,3,1,2,644,0,none,0,VN,1,AS45899,1,1,False,False,False,0.69654596,common_input
E00414,3,1,2,645,0,none,0,US,1,AS14061,1,1,False,False,False,0.46111598,common_input
E00415,3,1,2,656,0,none,0,DE,1,AS3320,1,1,False,False,False,0.44216307,common_input
E00416,3,1,2,661,0,none,0,IN,1,AS9829,1,1,False,False,False,0.36512335,common_input
E00417,3,1,2,672,0,none,0,IN,1,AS24560,1,1,False,False,False,0.22246224,common_input
E00418,3,1,2,680,0,none,0,IN,1,AS24560,1,1,False,False,False,0.86908302,common_input
E00419,3,1,2,682,0,none,0,DE,1,AS3320,1,1,False,False,False,0.49874128,common_input
E00420,3,1,2,690,0,none,0,US,1,AS7922,1,1,False,False,False,0.52001482,common_input
E00421,3,1,2,693,0,none,0,DE,1,AS3320,1,1,False,False,False,1.58130458,common_input
E00422,3,1,2,698,0,none,0,IN,1,AS24560,1,1,False,False,False,2.10896339,common_input
E00423,3,1,2,700,0,none,0,NL,1,AS60068,1,1,False,False,False,0.40484657,common_input
E00424,3,1,2,701,0,none,0,JP,1,AS4713,1,1,False,False,False,2.25897315,common_input
E00425,3,1,2,705,0,none,0,FR,1,AS16276,1,1,False,False,False,0.75178202,common_input
E00426,3,1,2,706,0,none,0,US,1,AS16509,1,1,False,False,False,0.26868614,common_input
E00427,3,1,2,718,0,none,0,JP,1,AS4713,1,1,False,False,False,0.1687945,common_input
E00428,3,1,2,725,0,none,0,IN,1,AS9829,1,1,False,False,False,0.63695464,common_input
E00429,3,1,2,751,0,none,0,DE,1,AS3320,1,1,False,False,False,0.14213698,common_input
E00430,3,1,2,753,0,none,0,US,1,AS16509,1,1,False,False,False,2.13737223,common_input
E00431,3,1,2,758,0,none,0,IN,1,AS24560,1,1,False,False,False,0.42288188,common_input
E00432,3,1,2,761,0,none,0,IN,1,AS24560,1,1,False,False,False,1.40273067,common_input
E00433,3,1,2,767,0,none,0,IN,1,AS24560,1,1,False,False,False,2.48565775,common_input
E00434,3,1,2,769,0,none,0,VN,1,AS45899,1,1,False,False,False,5.90223406,common_input
E00435,3,1,2,772,0,none,0,VN,1,AS45899,1,1,False,False,False,1.54579514,common_input
E00436,3,1,2,776,0,none,0,DE,1,AS3320,1,1,False,False,False,0.32320466,common_input
E00437,3,1,2,778,0,none,0,US,1,AS14061,1,1,False,False,False,0.3560555,common_input
E00438,3,1,2,782,0,none,0,RO,1,AS9009,1,1,False,False,False,1.32942395,common_input
E00439,3,1,2,784,0,none,0,RO,1,AS9009,1,1,False,False,False,1.5587659,common_input
E00440,3,1,2,786,0,none,0,US,1,AS16509,1,1,False,False,False,1.34969519,common_input
E00441,3,1,2,789,0,none,0,VN,1,AS45899,1,1,False,False,False,0.16181309,common_input
E00442,3,1,2,791,0,none,0,FR,1,AS16276,1,1,False,False,False,0.7594781,common_input
E00443,3,1,2,793,0,none,0,IN,1,AS24560,1,1,False,False,False,0.18475983,common_input
E00444,3,1,2,795,0,none,0,RO,1,AS9009,1,1,False,False,False,3.46562834,common_input
E00445,3,1,2,796,0,none,0,DE,1,AS3320,1,1,False,False,False,0.51320315,common_input
E00446,3,1,2,797,0,none,0,US,1,AS7922,1,1,False,False,False,1.84254215,common_input
E00447,3,1,2,798,0,none,0,IN,1,AS24560,1,1,False,False,False,0.39613628,common_input
E00448,2,1,1,2,0,none,0,RO,1,AS9009,1,1,False,False,False,2.24844903,common_input
E00449,2,1,1,5,0,none,0,DE,1,AS3320,1,1,False,False,False,0.46028117,common_input
E00450,2,1,1,13,0,none,0,US,1,AS7922,1,1,False,False,False,0.09769918,common_input
E00451,2,1,1,14,0,none,0,RO,1,AS9009,1,1,False,False,False,0.11166836,common_input
E00452,2,1,1,17,0,none,0,JP,1,AS4713,1,1,False,False,False,0.97770044,common_input
E00453,2,1,1,18,0,none,0,JP,1,AS4713,1,1,False,False,False,0.20908382,common_input
E00454,2,1,1,27,0,none,0,JP,1,AS4713,1,1,False,False,False,1.4434778,common_input
E00455,2,1,1,30,0,none,0,US,1,AS14061,1,1,False,False,False,0.38737618,common_input
E00456,2,1,1,32,0,none,0,DE,1,AS3320,1,1,False,False,False,0.7672172,common_input
E00457,2,1,1,33,0,none,0,US,1,AS14061,1,1,False,False,False,0.331119,common_input
E00458,2,1,1,34,0,none,0,US,1,AS14061,1,16,False,False,True,4.33356648,common_input
E00459,2,1,1,38,0,none,0,IN,1,AS9829,1,1,False,False,False,0.32521023,common_input
E00460,2,1,1,39,0,none,0,FR,1,AS16276,1,1,False,False,False,0.93306635,common_input
E00461,2,1,1,53,0,none,0,NL,1,AS60068,1,1,False,False,False,0.98567345,common_input
E00462,2,1,1,55,0,none,0,IN,1,AS9829,1,1,False,False,False,2.03578923,common_input
E00463,2,1,1,58,0,none,0,US,1,AS14061,1,1,False,False,False,1.01560381,common_input
E00464,2,1,1,65,0,none,0,DE,1,AS3320,1,1,False,False,False,1.65548144,common_input
E00465,2,1,1,70,0,none,0,IN,1,AS24560,1,1,False,False,False,1.27657103,common_input
E00466,2,1,1,72,0,none,0,FR,1,AS16276,1,1,False,False,False,0.56999869,common_input
E00467,2,1,1,78,0,none,0,NL,1,AS60068,1,1,False,False,False,0.84522897,common_input
E00468,2,1,1,82,0,none,0,US,1,AS16509,1,1,False,False,False,3.28945676,common_input
E00469,2,1,1,83,0,none,0,VN,1,AS45899,1,1,False,False,False,0.42067306,common_input
E00470,2,1,1,86,0,none,0,RO,1,AS9009,1,1,False,False,False,1.03637124,common_input
E00471,2,1,1,88,0,none,0,US,1,AS14061,1,1,False,False,False,0.34328808,common_input
E00472,2,1,1,92,0,none,0,FR,1,AS16276,1,1,False,False,False,0.32732735,common_input
E00473,2,1,1,113,0,none,0,VN,1,AS45899,1,1,False,False,False,14.24264999,common_input
E00474,2,1,1,115,0,none,0,US,1,AS14061,1,1,False,False,False,1.44330504,common_input
E00475,2,1,1,121,0,none,0,DE,1,AS3320,1,1,False,False,False,0.27837558,common_input
E00476,2,1,1,127,0,none,0,US,1,AS7922,1,1,False,False,False,0.39470548,common_input
E00477,2,1,1,128,0,none,0,US,1,AS14061,1,1,False,False,False,0.84725939,common_input
E00478,2,1,1,130,0,none,0,RO,1,AS9009,1,1,False,False,False,0.22056196,common_input
E00479,2,1,1,131,0,none,0,US,1,AS14061,1,1,False,False,False,0.58321253,common_input
E00480,2,1,1,132,0,none,0,RO,1,AS9009,1,1,False,False,False,0.12752051,common_input
E00481,2,1,1,137,0,none,0,NL,1,AS60068,1,1,False,False,False,0.36395099,common_input
E00482,2,1,1,140,0,none,0,US,1,AS14061,1,1,False,False,False,0.72128625,common_input
E00483,2,1,1,151,0,none,0,DE,1,AS3320,1,1,False,False,False,0.88704091,common_input
E00484,2,1,1,158,0,none,0,NL,1,AS60068,1,1,False,False,False,0.21692795,common_input
E00485,2,1,1,160,0,none,0,VN,1,AS45899,1,1,False,False,False,0.2689887,common_input
E00486,2,1,1,162,0,none,0,US,1,AS7922,1,1,False,False,False,1.82429051,common_input
E00487,2,1,1,167,0,none,0,DE,1,AS3320,1,1,False,False,False,3.50905958,common_input
E00488,2,1,1,173,0,none,0,US,1,AS7922,1,1,False,False,False,1.3378618,common_input
E00489,2,1,1,177,0,none,0,NL,1,AS60068,1,1,False,False,False,3.9371062,common_input
E00490,2,1,1,178,0,none,0,US,1,AS7922,1,1,False,False,False,0.45122556,common_input
E00491,2,1,1,180,0,none,0,NL,1,AS60068,1,1,False,False,False,0.90101211,common_input
E00492,2,1,1,183,0,none,0,FR,1,AS16276,1,1,False,False,False,0.71248195,common_input
E00493,2,1,1,186,0,none,0,US,1,AS16509,1,1,False,False,False,1.85458123,common_input
E00494,2,1,1,194,0,none,0,DE,1,AS3320,1,1,False,False,False,0.53669628,common_input
E00495,2,1,1,199,0,none,0,FR,1,AS16276,1,1,False,False,False,0.3001999,common_input
E00496,2,1,1,210,0,none,0,NL,1,AS60068,1,1,False,False,False,1.20095233,common_input
E00497,2,1,1,214,0,none,0,IN,1,AS24560,1,1,False,False,False,0.61848851,common_input
E00498,2,1,1,215,0,none,0,NL,1,AS60068,1,1,False,False,False,1.42135538,common_input
E00499,2,1,1,222,0,none,0,JP,1,AS4713,1,1,False,False,False,1.65625408,common_input
E00500,2,1,1,223,0,none,0,US,1,AS16509,1,1,False,False,False,0.13515125,common_input
E00501,2,1,1,224,0,none,0,RO,1,AS9009,1,1,False,False,False,0.5129846,common_input
E00502,2,1,1,229,0,none,0,VN,1,AS45899,1,1,False,False,False,1.16080911,common_input
E00503,2,1,1,230,0,none,0,US,1,AS16509,1,1,False,False,False,0.28904872,common_input
E00504,2,1,1,233,0,none,0,IN,1,AS9829,1,1,False,False,False,0.25708616,common_input
E00505,2,1,1,238,0,none,0,NL,1,AS60068,1,1,False,False,False,0.25978527,common_input
E00506,2,1,1,246,0,none,0,US,1,AS14061,1,1,False,False,False,0.39225829,common_input
E00507,2,1,1,261,0,none,0,VN,1,AS45899,1,1,False,False,False,0.88395812,common_input
E00508,2,1,1,278,0,none,0,FR,1,AS16276,1,1,False,False,False,0.47476895,common_input
E00509,2,1,1,285,0,none,0,FR,1,AS16276,1,1,False,False,False,0.14870637,common_input
E00510,2,1,1,294,0,none,0,NL,1,AS60068,1,1,False,False,False,1.06618764,common_input
E00511,2,1,1,297,0,none,0,IN,1,AS24560,1,1,False,False,False,0.89508019,common_input
E00512,2,1,1,298,0,none,0,IN,1,AS24560,1,1,False,False,False,1.40505068,common_input
E00513,2,1,1,299,0,none,0,FR,1,AS16276,1,1,False,False,False,1.18695641,common_input
E00514,2,1,1,300,0,none,0,US,1,AS14061,1,1,False,False,False,0.38285923,common_input
E00515,2,1,1,308,0,none,0,IN,1,AS24560,1,1,False,False,False,1.06496707,common_input
E00516,2,1,1,309,0,none,0,FR,1,AS16276,1,1,False,False,False,0.57065346,common_input
E00517,2,1,1,310,0,none,0,US,1,AS7922,1,1,False,False,False,0.5063784,common_input
E00518,2,1,1,313,0,none,0,RO,1,AS9009,1,1,False,False,False,1.21636415,common_input
E00519,2,1,1,319,0,none,0,US,1,AS16509,1,1,False,False,False,0.48764766,common_input
E00520,2,1,1,332,0,none,0,JP,1,AS4713,1,1,False,False,False,0.92950332,common_input
E00521,2,1,1,334,0,none,0,FR,1,AS16276,1,1,False,False,False,1.82493432,common_input
E00522,2,1,1,340,0,none,0,NL,1,AS60068,1,1,False,False,False,0.27928791,common_input
E00523,2,1,1,351,0,none,0,DE,1,AS3320,1,1,False,False,False,2.68958132,common_input
E00524,2,1,1,353,0,none,0,RO,1,AS9009,1,1,False,False,False,0.77380631,common_input
E00525,2,1,1,354,0,none,0,VN,1,AS45899,1,1,False,False,False,0.55601839,common_input
E00526,2,1,1,359,0,none,0,JP,1,AS4713,1,1,False,False,False,0.16196694,common_input
E00527,2,1,1,366,0,none,0,US,1,AS16509,1,1,False,False,False,0.94682691,common_input
E00528,2,1,1,371,0,none,0,IN,1,AS9829,1,1,False,False,False,0.97986954,common_input
E00529,2,1,1,384,0,none,0,US,1,AS14061,1,1,False,False,False,0.21533026,common_input
E00530,2,1,1,390,0,none,0,US,1,AS7922,1,1,False,False,False,0.33369641,common_input
E00531,2,1,1,399,0,none,0,IN,1,AS9829,1,1,False,False,False,3.09793804,common_input
E00532,2,1,1,402,0,none,0,VN,1,AS45899,1,1,False,False,False,0.80034858,common_input
E00533,2,1,1,406,0,none,0,VN,1,AS45899,1,1,False,False,False,0.1885255,common_input
E00534,2,1,1,409,0,none,0,US,1,AS14061,1,1,False,False,False,1.11687735,common_input
E00535,2,1,1,420,0,none,0,IN,1,AS9829,1,1,False,False,False,3.9483901,common_input
E00536,2,1,1,425,0,none,0,US,1,AS16509,1,1,False,False,False,2.36408794,common_input
E00537,2,1,1,427,0,none,0,DE,1,AS3320,1,1,False,False,False,1.66065936,common_input
E00538,2,1,1,430,0,none,0,VN,1,AS45899,1,1,False,False,False,0.17529371,common_input
E00539,2,1,1,433,0,none,0,DE,1,AS3320,1,1,False,False,False,1.86649096,common_input
E00540,2,1,1,435,0,none,0,IN,1,AS24560,1,1,False,False,False,0.87128626,common_input
E00541,2,1,1,437,0,none,0,RO,1,AS9009,1,1,False,False,False,0.17587929,common_input
E00542,2,1,1,439,0,none,0,DE,1,AS3320,1,1,False,False,False,0.71772336,common_input
E00543,2,1,1,450,0,none,0,US,1,AS16509,1,1,False,False,False,0.57631988,common_input
E00544,2,1,1,455,0,none,0,JP,1,AS4713,1,1,False,False,False,0.32006765,common_input
E00545,2,1,1,462,0,none,0,RO,1,AS9009,1,1,False,False,False,0.2693785,common_input
E00546,2,1,1,468,0,none,0,FR,1,AS16276,1,1,False,False,False,0.48511556,common_input
E00547,2,1,1,492,0,none,0,IN,1,AS9829,1,1,False,False,False,1.07778125,common_input
E00548,2,1,1,495,0,none,0,VN,1,AS45899,1,1,False,False,False,4.29441338,common_input
E00549,2,1,1,499,0,none,0,NL,1,AS60068,1,1,False,False,False,0.17476441,common_input
E00550,2,1,1,505,0,none,0,DE,1,AS3320,1,1,False,False,False,0.24157294,common_input
E00551,2,1,1,509,0,none,0,US,1,AS16509,1,1,False,False,False,0.32059484,common_input
E00552,2,1,1,523,0,none,0,IN,1,AS9829,1,1,False,False,False,1.48097543,common_input
E00553,2,1,1,525,0,none,0,FR,1,AS16276,1,1,False,False,False,0.13622504,common_input
E00554,2,1,1,527,0,none,0,VN,1,AS45899,1,1,False,False,False,0.67079144,common_input
E00555,2,1,1,531,0,none,0,DE,1,AS3320,1,1,False,False,False,0.15813616,common_input
E00556,2,1,1,541,0,none,0,RO,1,AS9009,1,1,False,False,False,0.23381602,common_input
E00557,2,1,1,543,0,none,0,US,1,AS7922,1,1,False,False,False,2.56776082,common_input
E00558,2,1,1,560,0,none,0,DE,1,AS3320,1,1,False,False,False,0.75058888,common_input
E00559,2,1,1,562,0,none,0,US,1,AS7922,1,1,False,False,False,1.76808383,common_input
E00560,2,1,1,575,0,none,0,RO,1,AS9009,1,1,False,False,False,0.05219239,common_input
E00561,2,1,1,582,0,none,0,FR,1,AS16276,1,1,False,False,False,1.85056089,common_input
E00562,2,1,1,590,0,none,0,US,1,AS7922,1,1,False,False,False,0.97330172,common_input
E00563,2,1,1,594,0,none,0,JP,1,AS4713,1,1,False,False,False,1.53436752,common_input
E00564,2,1,1,597,0,none,0,VN,1,AS45899,1,1,False,False,False,0.154213,common_input
E00565,2,1,1,599,0,none,0,FR,1,AS16276,1,1,False,False,False,1.51177875,common_input
E00566,2,1,1,602,0,none,0,US,1,AS16509,1,1,False,False,False,1.31188172,common_input
E00567,2,1,1,606,0,none,0,US,1,AS16509,1,1,False,False,False,0.15269657,common_input
E00568,2,1,1,611,0,none,0,JP,1,AS4713,1,1,False,False,False,0.45189191,common_input
E00569,2,1,1,613,0,none,0,DE,1,AS3320,1,1,False,False,False,0.21146231,common_input
E00570,2,1,1,622,0,none,0,VN,1,AS45899,1,1,False,False,False,2.9874397,common_input
E00571,2,1,1,635,0,none,0,IN,1,AS9829,1,1,False,False,False,0.07754174,common_input
E00572,2,1,1,639,0,none,0,US,1,AS14061,1,1,False,False,False,0.17562012,common_input
E00573,2,1,1,646,0,none,0,FR,1,AS16276,1,1,False,False,False,0.03607726,common_input
E00574,2,1,1,651,0,none,0,DE,1,AS3320,1,1,False,False,False,2.72280801,common_input
E00575,2,1,1,657,0,none,0,US,1,AS14061,1,1,False,False,False,0.66570927,common_input
E00576,2,1,1,658,0,none,0,US,1,AS7922,1,1,False,False,False,0.6800802,common_input
E00577,2,1,1,660,0,none,0,DE,1,AS3320,1,16,False,False,True,2.9308082,common_input
E00578,2,1,1,664,0,none,0,US,1,AS7922,1,1,False,False,False,2.19442946,common_input
E00579,2,1,1,666,0,none,0,RO,1,AS9009,1,1,False,False,False,0.60406255,common_input
E00580,2,1,1,667,0,none,0,DE,1,AS3320,1,1,False,False,False,2.38105663,common_input
E00581,2,1,1,669,0,none,0,DE,1,AS3320,1,1,False,False,False,1.50622608,common_input
E00582,2,1,1,670,0,none,0,DE,1,AS3320,1,1,False,False,False,2.77492363,common_input
E00583,2,1,1,677,0,none,0,US,1,AS7922,1,1,False,False,False,4.43387226,common_input
E00584,2,1,1,678,0,none,0,DE,1,AS3320,1,1,False,False,False,1.77712955,common_input
E00585,2,1,1,686,0,none,0,DE,1,AS3320,1,1,False,False,False,0.54184908,common_input
E00586,2,1,1,694,0,none,0,US,1,AS14061,1,1,False,False,False,1.50200938,common_input
E00587,2,1,1,711,0,none,0,FR,1,AS16276,1,1,False,False,False,0.80350811,common_input
E00588,2,1,1,723,0,none,0,RO,1,AS9009,1,1,False,False,False,1.80653772,common_input
E00589,2,1,1,727,0,none,0,JP,1,AS4713,1,1,False,False,False,1.18811255,common_input
E00590,2,1,1,734,0,none,0,NL,1,AS60068,1,1,False,False,False,1.92225486,common_input
E00591,2,1,1,735,0,none,0,RO,1,AS9009,1,1,False,False,False,0.87768831,common_input
E00592,2,1,1,745,0,none,0,FR,1,AS16276,1,1,False,False,False,0.35664754,common_input
E00593,2,1,1,750,0,none,0,NL,1,AS60068,1,1,False,False,False,0.26832565,common_input
E00594,2,1,1,752,0,none,0,DE,1,AS3320,1,1,False,False,False,0.30815493,common_input
E00595,2,1,1,754,0,none,0,IN,1,AS9829,1,1,False,False,False,0.27362686,common_input
E00596,2,1,1,763,0,none,0,IN,1,AS9829,1,1,False,False,False,0.5769397,common_input
E00597,2,1,1,765,0,none,0,RO,1,AS9009,1,1,False,False,False,0.09683122,common_input
E00598,2,1,1,777,0,none,0,IN,1,AS24560,1,1,False,False,False,0.36456621,common_input
E00599,2,1,1,779,0,none,0,JP,1,AS4713,1,1,False,False,False,0.58860215,common_input
E00600,2,1,1,792,0,none,0,RO,1,AS9009,1,1,False,False,False,0.88346522,common_input
E00601,1,1,0,0,0,none,0,VN,1,AS45899,1,1,False,False,False,0.97566152,singleton
E00602,1,1,0,3,0,none,0,VN,1,AS45899,1,1,False,False,False,2.25163873,singleton
E00603,1,1,0,4,0,none,0,US,1,AS16509,1,1,False,False,False,0.42968086,singleton
E00604,1,1,0,11,0,none,0,RO,1,AS9009,1,1,False,False,False,0.29850189,singleton
E00605,1,1,0,15,0,none,0,NL,1,AS60068,1,1,False,False,False,0.31550205,singleton
E00606,1,1,0,19,0,none,0,US,1,AS14061,1,1,False,False,False,0.16395937,singleton
E00607,1,1,0,23,0,none,0,IN,1,AS9829,1,1,False,False,False,0.1110829,singleton
E00608,1,1,0,26,0,none,0,DE,1,AS3320,1,1,False,False,False,0.18688892,singleton
E00609,1,1,0,40,0,none,0,VN,1,AS45899,1,1,False,False,False,1.25077529,singleton
E00610,1,1,0,41,0,none,0,US,1,AS7922,1,1,False,False,False,0.84881414,singleton
E00611,1,1,0,43,0,none,0,US,1,AS14061,1,1,False,False,False,0.24582055,singleton
E00612,1,1,0,44,0,none,0,FR,1,AS16276,1,1,False,False,False,0.19535191,singleton
E00613,1,1,0,46,0,none,0,RO,1,AS9009,1,1,False,False,False,0.29657191,singleton
E00614,1,1,0,50,0,none,0,DE,1,AS3320,1,1,False,False,False,1.08001875,singleton
E00615,1,1,0,51,0,none,0,VN,1,AS45899,1,1,False,False,False,0.4012249,singleton
E00616,1,1,0,57,0,none,0,IN,1,AS9829,1,1,False,False,False,0.53042169,singleton
E00617,1,1,0,59,0,none,0,JP,1,AS4713,1,1,False,False,False,1.44759926,singleton
E00618,1,1,0,62,0,none,0,RO,1,AS9009,1,1,False,False,False,0.13982233,singleton
E00619,1,1,0,64,0,none,0,US,1,AS16509,1,1,False,False,False,2.31609724,singleton
E00620,1,1,0,66,0,none,0,US,1,AS14061,1,1,False,False,False,0.53493118,singleton
E00621,1,1,0,71,0,none,0,US,1,AS16509,1,1,False,False,False,3.48839869,singleton
E00622,1,1,0,73,0,none,0,US,1,AS16509,1,1,False,False,False,5.02101979,singleton
E00623,1,1,0,76,0,none,0,US,1,AS16509,1,1,False,False,False,0.70678787,singleton
E00624,1,1,0,77,0,none,0,FR,1,AS16276,1,1,False,False,False,0.18184331,singleton
E00625,1,1,0,79,0,none,0,JP,1,AS4713,1,1,False,False,False,0.11006819,singleton
E00626,1,1,0,80,0,none,0,DE,1,AS3320,1,1,False,False,False,0.154283,singleton
E00627,1,1,0,84,0,none,0,DE,1,AS3320,1,1,False,False,False,0.38633172,singleton
E00628,1,1,0,97,0,none,0,JP,1,AS4713,1,1,False,False,False,0.49863228,singleton
E00629,1,1,0,99,0,none,0,IN,1,AS24560,1,1,False,False,False,0.55019918,singleton
E00630,1,1,0,101,0,none,0,IN,1,AS24560,1,1,False,False,False,0.55033813,singleton
E00631,1,1,0,105,0,none,0,JP,1,AS4713,1,1,False,False,False,0.97119839,singleton
E00632,1,1,0,111,0,none,0,JP,1,AS4713,1,1,False,False,False,0.80188898,singleton
E00633,1,1,0,124,0,none,0,IN,1,AS24560,1,1,False,False,False,1.05729272,singleton
E00634,1,1,0,134,0,none,0,US,1,AS14061,1,1,False,False,False,0.20794797,singleton
E00635,1,1,0,142,0,none,0,RO,1,AS9009,1,1,False,False,False,0.14461336,singleton
E00636,1,1,0,145,0,none,0,US,1,AS16509,1,1,False,False,False,1.84190935,singleton
E00637,1,1,0,147,0,none,0,US,1,AS14061,1,1,False,False,False,0.21016558,singleton
E00638,1,1,0,148,0,none,0,FR,1,AS16276,1,1,False,False,False,0.87630355,singleton
E00639,1,1,0,152,0,none,0,IN,1,AS9829,1,1,False,False,False,0.27892125,singleton
E00640,1,1,0,155,0,none,0,VN,1,AS45899,1,1,False,False,False,0.41017193,singleton
E00641,1,1,0,159,0,none,0,FR,1,AS16276,1,1,False,False,False,1.30836876,singleton
E00642,1,1,0,161,0,none,0,US,1,AS16509,1,1,False,False,False,1.20506788,singleton
E00643,1,1,0,163,0,none,0,US,1,AS14061,1,1,False,False,False,0.34763362,singleton
E00644,1,1,0,164,0,none,0,NL,1,AS60068,1,1,False,False,False,1.31108925,singleton
E00645,1,1,0,169,0,none,0,IN,1,AS9829,1,1,False,False,False,0.3459622,singleton
E00646,1,1,0,176,0,none,0,IN,1,AS24560,1,1,False,False,False,2.11117054,singleton
E00647,1,1,0,189,0,none,0,FR,1,AS16276,1,1,False,False,False,0.15105001,singleton
E00648,1,1,0,190,0,none,0,US,1,AS14061,1,1,False,False,False,0.43913871,singleton
E00649,1,1,0,191,0,none,0,US,1,AS7922,1,1,False,False,False,2.15638657,singleton
E00650,1,1,0,193,0,none,0,FR,1,AS16276,1,1,False,False,False,0.18081875,singleton
E00651,1,1,0,195,0,none,0,US,1,AS14061,1,1,False,False,False,1.01646149,singleton
E00652,1,1,0,204,0,none,0,FR,1,AS16276,1,1,False,False,False,0.19518259,singleton
E00653,1,1,0,205,0,none,0,NL,1,AS60068,1,1,False,False,False,0.20556285,singleton
E00654,1,1,0,208,0,none,0,NL,1,AS60068,1,1,False,False,False,0.99526684,singleton
E00655,1,1,0,209,0,none,0,IN,1,AS9829,1,1,False,False,False,46.70288273,singleton
E00656,1,1,0,213,0,none,0,US,1,AS14061,1,1,False,False,False,2.01462974,singleton
E00657,1,1,0,225,0,none,0,US,1,AS7922,1,1,False,False,False,1.62246732,singleton
E00658,1,1,0,227,0,none,0,IN,1,AS9829,1,1,False,False,False,0.22540677,singleton
E00659,1,1,0,231,0,none,0,NL,1,AS60068,1,1,False,False,False,0.81560058,singleton
E00660,1,1,0,232,0,none,0,DE,1,AS3320,1,1,False,False,False,0.77113639,singleton
E00661,1,1,0,241,0,none,0,IN,1,AS24560,1,1,False,False,False,0.34207741,singleton
E00662,1,1,0,248,0,none,0,US,1,AS14061,1,1,False,False,False,2.79245755,singleton
E00663,1,1,0,249,0,none,0,IN,1,AS9829,1,1,False,False,False,0.54126182,singleton
E00664,1,1,0,250,0,none,0,NL,1,AS60068,1,1,False,False,False,0.09141285,singleton
E00665,1,1,0,253,0,none,0,NL,1,AS60068,1,1,False,False,False,0.68851642,singleton
E00666,1,1,0,254,0,none,0,IN,1,AS9829,1,1,False,False,False,0.17315496,singleton
E00667,1,1,0,256,0,none,0,IN,1,AS24560,1,1,False,False,False,2.08738141,singleton
E00668,1,1,0,258,0,none,0,DE,1,AS3320,1,1,False,False,False,1.04202097,singleton
E00669,1,1,0,259,0,none,0,IN,1,AS24560,1,1,False,False,False,0.89415627,singleton
E00670,1,1,0,260,0,none,0,RO,1,AS9009,1,1,False,False,False,0.20115277,singleton
E00671,1,1,0,270,0,none,0,DE,1,AS3320,1,1,False,False,False,3.30559373,singleton
E00672,1,1,0,271,0,none,0,US,1,AS14061,1,1,False,False,False,0.15395364,singleton
E00673,1,1,0,272,0,none,0,DE,1,AS3320,1,1,False,False,False,1.82628889,singleton
E00674,1,1,0,275,0,none,0,US,1,AS14061,1,1,False,False,False,1.20010715,singleton
E00675,1,1,0,277,0,none,0,JP,1,AS4713,1,1,False,False,False,0.38310493,singleton
E00676,1,1,0,282,0,none,0,NL,1,AS60068,1,1,False,False,False,2.66911978,singleton
E00677,1,1,0,283,0,none,0,DE,1,AS3320,1,1,False,False,False,0.16238908,singleton
E00678,1,1,0,286,0,none,0,US,1,AS7922,1,1,False,False,False,0.3981328,singleton
E00679,1,1,0,289,0,none,0,US,1,AS16509,1,1,False,False,False,0.20005708,singleton
E00680,1,1,0,290,0,none,0,DE,1,AS3320,1,1,False,False,False,0.40259903,singleton
E00681,1,1,0,295,0,none,0,US,1,AS14061,1,1,False,False,False,0.25861694,singleton
E00682,1,1,0,301,0,none,0,VN,1,AS45899,1,1,False,False,False,0.33760603,singleton
E00683,1,1,0,306,0,none,0,US,1,AS14061,1,1,False,False,False,3.10289513,singleton
E00684,1,1,0,317,0,none,0,US,1,AS14061,1,1,False,False,False,0.5235909,singleton
E00685,1,1,0,318,0,none,0,NL,1,AS60068,1,1,False,False,False,0.99733149,singleton
E00686,1,1,0,321,0,none,0,IN,1,AS24560,1,1,False,False,False,1.31368044,singleton
E00687,1,1,0,322,0,none,0,US,1,AS14061,1,1,False,False,False,0.28320468,singleton
E00688,1,1,0,323,0,none,0,RO,1,AS9009,1,1,False,False,False,6.36104387,singleton
E00689,1,1,0,324,0,none,0,IN,1,AS24560,1,1,False,False,False,0.27479953,singleton
E00690,1,1,0,326,0,none,0,VN,1,AS45899,1,1,False,False,False,1.44637399,singleton
E00691,1,1,0,331,0,none,0,DE,1,AS3320,1,1,False,False,False,0.19720003,singleton
E00692,1,1,0,336,0,none,0,FR,1,AS16276,1,1,False,False,False,0.18785728,singleton
E00693,1,1,0,339,0,none,0,RO,1,AS9009,1,1,False,False,False,0.28553609,singleton
E00694,1,1,0,341,0,none,0,US,1,AS7922,1,1,False,False,False,0.97837305,singleton
E00695,1,1,0,350,0,none,0,US,1,AS16509,1,1,False,False,False,0.50087449,singleton
E00696,1,1,0,356,0,none,0,JP,1,AS4713,1,1,False,False,False,0.56201281,singleton
E00697,1,1,0,358,0,none,0,RO,1,AS9009,1,1,False,False,False,0.75824507,singleton
E00698,1,1,0,360,0,none,0,US,1,AS16509,1,1,False,False,False,0.91924812,singleton
E00699,1,1,0,361,0,none,0,US,1,AS7922,1,1,False,False,False,2.70684212,singleton
E00700,1,1,0,363,0,none,0,JP,1,AS4713,1,1,False,False,False,1.30786924,singleton
E00701,1,1,0,364,0,none,0,US,1,AS14061,1,1,False,False,False,1.09967751,singleton
E00702,1,1,0,368,0,none,0,US,1,AS14061,1,1,False,False,False,0.66255342,singleton
E00703,1,1,0,369,0,none,0,IN,1,AS9829,1,1,False,False,False,0.15167415,singleton
E00704,1,1,0,374,0,none,0,NL,1,AS60068,1,1,False,False,False,6.09800476,singleton
E00705,1,1,0,376,0,none,0,FR,1,AS16276,1,1,False,False,False,1.48871556,singleton
E00706,1,1,0,385,0,none,0,JP,1,AS4713,1,1,False,False,False,0.70443447,singleton
E00707,1,1,0,386,0,none,0,FR,1,AS16276,1,1,False,False,False,0.78359154,singleton
E00708,1,1,0,392,0,none,0,VN,1,AS45899,1,1,False,False,False,0.11098495,singleton
E00709,1,1,0,395,0,none,0,US,1,AS16509,1,1,False,False,False,0.40470591,singleton
E00710,1,1,0,404,0,none,0,US,1,AS14061,1,1,False,False,False,0.47431235,singleton
E00711,1,1,0,405,0,none,0,VN,1,AS45899,1,1,False,False,False,1.16760262,singleton
E00712,1,1,0,414,0,none,0,IN,1,AS24560,1,1,False,False,False,0.74894015,singleton
E00713,1,1,0,416,0,none,0,NL,1,AS60068,1,1,False,False,False,1.51601535,singleton
E00714,1,1,0,417,0,none,0,DE,1,AS3320,1,1,False,False,False,0.68741241,singleton
E00715,1,1,0,418,0,none,0,RO,1,AS9009,1,1,False,False,False,2.14368095,singleton
E00716,1,1,0,419,0,none,0,US,1,AS7922,1,1,False,False,False,1.09643884,singleton
E00717,1,1,0,422,0,none,0,RO,1,AS9009,1,1,False,False,False,0.4318174,singleton
E00718,1,1,0,424,0,none,0,NL,1,AS60068,1,1,False,False,False,1.44841943,singleton
E00719,1,1,0,428,0,none,0,RO,1,AS9009,1,1,False,False,False,1.87253012,singleton
E00720,1,1,0,438,0,none,0,US,1,AS16509,1,1,False,False,False,0.08965784,singleton
E00721,1,1,0,440,0,none,0,DE,1,AS3320,1,1,False,False,False,0.67409615,singleton
E00722,1,1,0,444,0,none,0,IN,1,AS9829,1,1,False,False,False,0.19935746,singleton
E00723,1,1,0,452,0,none,0,VN,1,AS45899,1,1,False,False,False,0.48904122,singleton
E00724,1,1,0,456,0,none,0,US,1,AS14061,1,1,False,False,False,0.70217173,singleton
E00725,1,1,0,457,0,none,0,US,1,AS16509,1,1,False,False,False,0.29148929,singleton
E00726,1,1,0,460,0,none,0,NL,1,AS60068,1,1,False,False,False,8.20992844,singleton
E00727,1,1,0,464,0,none,0,DE,1,AS3320,1,1,False,False,False,0.4948763,singleton
E00728,1,1,0,466,0,none,0,US,1,AS14061,1,1,False,False,False,1.07217674,singleton
E00729,1,1,0,469,0,none,0,VN,1,AS45899,1,1,False,False,False,0.27741614,singleton
E00730,1,1,0,470,0,none,0,US,1,AS7922,1,1,False,False,False,0.24697711,singleton
E00731,1,1,0,474,0,none,0,RO,1,AS9009,1,1,False,False,False,4.52852315,singleton
E00732,1,1,0,480,0,none,0,US,1,AS14061,1,1,False,False,False,0.29487905,singleton
E00733,1,1,0,485,0,none,0,DE,1,AS3320,1,1,False,False,False,0.10827659,singleton
E00734,1,1,0,489,0,none,0,RO,1,AS9009,1,1,False,False,False,2.18578243,singleton
E00735,1,1,0,491,0,none,0,FR,1,AS16276,1,1,False,False,False,2.41864774,singleton
E00736,1,1,0,493,0,none,0,DE,1,AS3320,1,1,False,False,False,0.11461623,singleton
E00737,1,1,0,502,0,none,0,US,1,AS7922,1,1,False,False,False,0.13087175,singleton
E00738,1,1,0,504,0,none,0,JP,1,AS4713,1,1,False,False,False,0.35797228,singleton
E00739,1,1,0,508,0,none,0,NL,1,AS60068,1,1,False,False,False,0.44668028,singleton
E00740,1,1,0,542,0,none,0,US,1,AS14061,1,1,False,False,False,1.15682294,singleton
E00741,1,1,0,549,0,none,0,RO,1,AS9009,1,1,False,False,False,0.64840944,singleton
E00742,1,1,0,551,0,none,0,VN,1,AS45899,1,1,False,False,False,0.64701131,singleton
E00743,1,1,0,555,0,none,0,IN,1,AS24560,1,1,False,False,False,0.25644561,singleton
E00744,1,1,0,556,0,none,0,US,1,AS7922,1,1,False,False,False,0.19312274,singleton
E00745,1,1,0,558,0,none,0,JP,1,AS4713,1,1,False,False,False,0.83184084,singleton
E00746,1,1,0,563,0,none,0,US,1,AS7922,1,1,False,False,False,0.44945427,singleton
E00747,1,1,0,568,0,none,0,IN,1,AS24560,1,1,False,False,False,0.0712626,singleton
E00748,1,1,0,570,0,none,0,IN,1,AS9829,1,1,False,False,False,0.67107439,singleton
E00749,1,1,0,574,0,none,0,RO,1,AS9009,1,1,False,False,False,1.78224855,singleton
E00750,1,1,0,577,0,none,0,US,1,AS7922,1,1,False,False,False,1.04897773,singleton
E00751,1,1,0,583,0,none,0,RO,1,AS9009,1,1,False,False,False,3.40995847,singleton
E00752,1,1,0,587,0,none,0,VN,1,AS45899,1,1,False,False,False,0.29040755,singleton
E00753,1,1,0,588,0,none,0,NL,1,AS60068,1,1,False,False,False,1.90447284,singleton
E00754,1,1,0,595,0,none,0,DE,1,AS3320,1,1,False,False,False,0.41334329,singleton
E00755,1,1,0,607,0,none,0,US,1,AS16509,1,1,False,False,False,0.26962601,singleton
E00756,1,1,0,616,0,none,0,DE,1,AS3320,1,1,False,False,False,0.59478808,singleton
E00757,1,1,0,625,0,none,0,FR,1,AS16276,1,1,False,False,False,0.38075586,singleton
E00758,1,1,0,629,0,none,0,NL,1,AS60068,1,1,False,False,False,1.39591496,singleton
E00759,1,1,0,632,0,none,0,VN,1,AS45899,1,1,False,False,False,0.71166944,singleton
E00760,1,1,0,637,0,none,0,RO,1,AS9009,1,1,False,False,False,0.68117323,singleton
E00761,1,1,0,655,0,none,0,IN,1,AS9829,1,1,False,False,False,0.79450334,singleton
E00762,1,1,0,659,0,none,0,NL,1,AS60068,1,1,False,False,False,0.77378706,singleton
E00763,1,1,0,663,0,none,0,US,1,AS16509,1,1,False,False,False,0.31300609,singleton
E00764,1,1,0,668,0,none,0,JP,1,AS4713,1,1,False,False,False,0.03634551,singleton
E00765,1,1,0,671,0,none,0,US,1,AS14061,1,1,False,False,False,0.04687469,singleton
E00766,1,1,0,673,0,none,0,VN,1,AS45899,1,1,False,False,False,0.40010725,singleton
E00767,1,1,0,676,0,none,0,US,1,AS14061,1,1,False,False,False,0.23541641,singleton
E00768,1,1,0,683,0,none,0,DE,1,AS3320,1,1,False,False,False,0.97813534,singleton
E00769,1,1,0,684,0,none,0,JP,1,AS4713,1,1,False,False,False,0.15438573,singleton
E00770,1,1,0,695,0,none,0,US,1,AS16509,1,1,False,False,False,0.61314304,singleton
E00771,1,1,0,696,0,none,0,RO,1,AS9009,1,1,False,False,False,1.33228057,singleton
E00772,1,1,0,699,0,none,0,US,1,AS14061,1,1,False,False,False,0.53762505,singleton
E00773,1,1,0,707,0,none,0,RO,1,AS9009,1,1,False,False,False,4.74074375,singleton
E00774,1,1,0,708,0,none,0,RO,1,AS9009,1,1,False,False,False,0.06111242,singleton
E00775,1,1,0,709,0,none,0,VN,1,AS45899,1,1,False,False,False,2.25978365,singleton
E00776,1,1,0,712,0,none,0,RO,1,AS9009,1,1,False,False,False,0.31065697,singleton
E00777,1,1,0,713,0,none,0,NL,1,AS60068,1,1,False,False,False,1.05349257,singleton
E00778,1,1,0,714,0,none,0,IN,1,AS24560,1,1,False,False,False,0.77866062,singleton
E00779,1,1,0,716,0,none,0,US,1,AS7922,1,1,False,False,False,0.64976526,singleton
E00780,1,1,0,721,0,none,0,IN,1,AS9829,1,1,False,False,False,0.10168392,singleton
E00781,1,1,0,722,0,none,0,NL,1,AS60068,1,1,False,False,False,0.12210447,singleton
E00782,1,1,0,724,0,none,0,RO,1,AS9009,1,1,False,False,False,0.58288655,singleton
E00783,1,1,0,726,0,none,0,FR,1,AS16276,1,1,False,False,False,0.58670288,singleton
E00784,1,1,0,729,0,none,0,NL,1,AS60068,1,1,False,False,False,0.17762594,singleton
E00785,1,1,0,732,0,none,0,DE,1,AS3320,1,1,False,False,False,0.51202331,singleton
E00786,1,1,0,736,0,none,0,DE,1,AS3320,1,1,False,False,False,0.8380564,singleton
E00787,1,1,0,737,0,none,0,IN,1,AS24560,1,1,False,False,False,0.39650419,singleton
E00788,1,1,0,744,0,none,0,US,1,AS14061,1,1,False,False,False,0.89229834,singleton
E00789,1,1,0,747,0,none,0,NL,1,AS60068,1,1,False,False,False,0.32621361,singleton
E00790,1,1,0,749,0,none,0,US,1,AS16509,1,1,False,False,False,0.1353689,singleton
E00791,1,1,0,757,0,none,0,NL,1,AS60068,1,1,False,False,False,0.87832011,singleton
E00792,1,1,0,759,0,none,0,JP,1,AS4713,1,1,False,False,False,0.78649187,singleton
E00793,1,1,0,764,0,none,0,DE,1,AS3320,1,1,False,False,False,2.66096765,singleton
E00794,1,1,0,766,0,none,0,IN,1,AS9829,1,1,False,False,False,0.73595878,singleton
E00795,1,1,0,768,0,none,0,US,1,AS14061,1,1,False,False,False,0.44958373,singleton
E00796,1,1,0,774,0,none,0,FR,1,AS16276,1,1,False,False,False,1.29582791,singleton
E00797,1,1,0,787,0,none,0,NL,1,AS60068,1,1,False,False,False,0.6154059,singleton
E00798,1,1,0,788,0,none,0,RO,1,AS9009,1,1,False,False,False,0.87425544,singleton
E00799,1,1,0,794,0,none,0,US,1,AS16509,1,1,False,False,False,0.10938274,singleton
E00800,1,0,1,,0,none,0,,0,,0,0,False,False,False,0.0,singleton
E00801,1,0,1,,0,none,0,,0,,0,0,False,False,False,0.0,singleton
E00802,1,0,1,,0,none,0,,0,,0,0,False,False,False,0.0,singleton
E00803,1,0,1,,0,none,0,,0,,0,0,False,False,False,0.0,singleton
E00804,1,0,1,,0,none,0,,0,,0,0,False,False,False,0.0,singleton
E00805,1,0,1,,0,none,0,,0,,0,0,False,False,False,0.0,singleton
E00806,1,0,1,,0,none,0,,0,,0,0,False,False,False,0.0,singleton
E00807,1,0,1,,0,none,0,,0,,0,0,False,False,False,0.0,singleton
E00808,1,0,1,,0,none,0,,0,,0,0,False,False,False,0.0,singleton
E00809,1,0,1,,0,none,0,,0,,0,0,False,False,False,0.0,singleton
E00810,1,0,1,,0,none,0,,0,,0,0,False,False,False,0.0,singleton
E00811,1,0,1,,0,none,0,,0,,0,0,False,False,False,0.0,singleton
E00812,1,0,1,,0,none,0,,0,,0,0,False,False,False,0.0,singleton
E00813,1,0,1,,0,none,0,,0,,0,0,False,False,False,0.0,singleton
E00814,1,0,1,,0,none,0,,0,,0,0,False,False,False,0.0,singleton
E00815,1,0,1,,0,none,0,,0,,0,0,False,False,False,0.0,singleton
E00816,1,0,1,,0,none,0,,0,,0,0,False,False,False,0.0,singleton
E00817,1,0,1,,0,none,0,,0,,0,0,False,False,False,0.0,singleton
E00818,1,0,1,,0,none,0,,0,,0,0,False,False,False,0.0,singleton
E00819,1,0,1,,0,none,0,,0,,0,0,False,False,False,0.0,singleton
E00820,1,0,1,,0,none,0,,0,,0,0,False,False,False,0.0,singleton
E00821,1,0,1,,0,none,0,,0,,0,0,False,False,False,0.0,singleton
E00822,1,0,1,,0,none,0,,0,,0,0,False,False,False,0.0,singleton
E00823,1,0,1,,0,none,0,,0,,0,0,False,False,False,0.0,singleton
E00824,1,0,1,,0,none,0,,0,,0,0,False,False,False,0.0,singleton
E00825,1,0,1,,0,none,0,,0,,0,0,False,False,False,0.0,singleton
E00826,1,0,1,,0,none,0,,0,,0,0,False,False,False,0.0,singleton
E00827,1,0,1,,0,none,0,,0,,0,0,False,False,False,0.0,singleton
E00828,1,0,1,,0,none,0,,0,,0,0,False,False,False,0.0,singleton
E00829,1,0,1,,0,none,0,,0,,0,0,False,False,False,0.0,singleton
E00830,1,0,1,,0,none,0,,0,,0,0,False,False,False,0.0,singleton
E00831,1,0,1,,0,none,0,,0,,0,0,False,False,False,0.0,singleton
E00832,1,0,1,,0,none,0,,0,,0,0,False,False,False,0.0,singleton
E00833,1,0,1,,0,none,0,,0,,0,0,False,False,False,0.0,singleton
E00834,1,0,1,,0,none,0,,0,,0,0,False,False,False,0.0,singleton
E00835,1,0,1,,0,none,0,,0,,0,0,False,False,False,0.0,singleton
E00836,1,0,1,,0,none,0,,0,,0,0,False,False,False,0.0,singleton
E00837,1,0,1,,0,none,0,,0,,0,0,False,False,False,0.0,singleton
E00838,1,0,1,,0,none,0,,0,,0,0,False,False,False,0.0,singleton
E00839,1,0,1,,0,none,0,,0,,0,0,False,False,False,0.0,singleton
E00840,1,0,1,,0,none,0,,0,,0,0,False,False,False,0.0,singleton
E00841,1,0,1,,0,none,0,,0,,0,0,False,False,False,0.0,singleton
E00842,1,0,1,,0,none,0,,0,,0,0,False,False,False,0.0,singleton
E00843,1,0,1,,0,none,0,,0,,0,0,False,False,False,0.0,singleton
E00844,1,0,1,,0,none,0,,0,,0,0,False,False,False,0.0,singleton
E00845,1,0,1,,0,none,0,,0,,0,0,False,False,False,0.0,singleton
E00846,1,0,1,,0,none,0,,0,,0,0,False,False,False,0.0,singleton
E00847,1,0,1,,0,none,0,,0,,0,0,False,False,False,0.0,singleton
E00848,1,0,1,,0,none,0,,0,,0,0,False,False,False,0.0,singleton
E00849,1,0,1,,0,none,0,,0,,0,0,False,False,False,0.0,singleton
E00850,1,0,1,,0,none,0,,0,,0,0,False,False,False,0.0,singleton
E00851,1,0,1,,0,none,0,,0,,0,0,False,False,False,0.0,singleton
E00852,1,0,1,,0,none,0,,0,,0,0,False,False,False,0.0,singleton
E00853,1,0,1,,0,none,0,,0,,0,0,False,False,False,0.0,singleton
E00854,1,0,1,,0,none,0,,0,,0,0,False,False,False,0.0,singleton
E00855,1,0,1,,0,none,0,,0,,0,0,False,False,False,0.0,singleton
E00856,1,0,1,,0,none,0,,0,,0,0,False,False,False,0.0,singleton
E00857,1,0,1,,0,none,0,,0,,0,0,False,False,False,0.0,singleton
E00858,1,0,1,,0,none,0,,0,,0,0,False,False,False,0.0,singleton
E00859,1,0,1,,0,none,0,,0,,0,0,False,False,False,0.0,singleton
E00860,1,0,1,,0,none,0,,0,,0,0,False,False,False,0.0,singleton
E00861,1,0,1,,0,none,0,,0,,0,0,False,False,False,0.0,singleton
E00862,1,0,1,,0,none,0,,0,,0,0,False,False,False,0.0,singleton
E00863,1,0,1,,0,none,0,,0,,0,0,False,False,False,0.0,singleton
E00864,1,0,1,,0,none,0,,0,,0,0,False,False,False,0.0,singleton
E00865,1,0,1,,0,none,0,,0,,0,0,False,False,False,0.0,singleton
E00866,1,0,1,,0,none,0,,0,,0,0,False,False,False,0.0,singleton
E00867,1,0,1,,0,none,0,,0,,0,0,False,False,False,0.0,singleton
E00868,1,0,1,,0,none,0,,0,,0,0,False,False,False,0.0,singleton
E00869,1,0,1,,0,none,0,,0,,0,0,False,False,False,0.0,singleton
E00870,1,0,1,,0,none,0,,0,,0,0,False,False,False,0.0,singleton
E00871,1,0,1,,0,none,0,,0,,0,0,False,False,False,0.0,singleton
E00872,1,0,1,,0,none,0,,0,,0,0,False,False,False,0.0,singleton
E00873,1,0,1,,0,none,0,,0,,0,0,False,False,False,0.0,singleton
E00874,1,0,1,,0,none,0,,0,,0,0,False,False,False,0.0,singleton
E00875,1,0,1,,0,none,0,,0,,0,0,False,False,False,0.0,singleton
E00876,1,0,1,,0,none,0,,0,,0,0,False,False,False,0.0,singleton
E00877,1,0,1,,0,none,0,,0,,0,0,False,False,False,0.0,singleton
E00878,1,0,1,,0,none,0,,0,,0,0,False,False,False,0.0,singleton
E00879,1,0,1,,0,none,0,,0,,0,0,False,False,False,0.0,singleton
E00880,1,0,1,,0,none,0,,0,,0,0,False,False,False,0.0,singleton
E00881,1,0,1,,0,none,0,,0,,0,0,False,False,False,0.0,singleton
E00882,1,0,1,,0,none,0,,0,,0,0,False,False,False,0.0,singleton
E00883,1,0,1,,0,none,0,,0,,0,0,False,False,False,0.0,singleton
E00884,1,0,1,,0,none,0,,0,,0,0,False,False,False,0.0,singleton
E00885,1,0,1,,0,none,0,,0,,0,0,False,False,False,0.0,singleton
E00886,1,0,1,,0,none,0,,0,,0,0,False,False,False,0.0,singleton
E00887,1,0,1,,0,none,0,,0,,0,0,False,False,False,0.0,singleton
E00888,1,0,1,,0,none,0,,0,,0,0,False,False,False,0.0,singleton
E00889,1,0,1,,0,none,0,,0,,0,0,False,False,False,0.0,singleton
E00890,1,0,1,,0,none,0,,0,,0,0,False,False,False,0.0,singleton
E00891,1,0,1,,0,none,0,,0,,0,0,False,False,False,0.0,singleton
E00892,1,0,1,,0,none,0,,0,,0,0,False,False,False,0.0,singleton
E00893,1,0,1,,0,none,0,,0,,0,0,False,False,False,0.0,singleton
E00894,1,0,1,,0,none,0,,0,,0,0,False,False,False,0.0,singleton
E00895,1,0,1,,0,none,0,,0,,0,0,False,False,False,0.0,singleton
E00896,1,0,1,,0,none,0,,0,,0,0,False,False,False,0.0,singleton
E00897,1,0,1,,0,none,0,,0,,0,0,False,False,False,0.0,singleton
E00898,1,0,1,,0,none,0,,0,,0,0,False,False,False,0.0,singleton
E00899,1,0,1,,0,none,0,,0,,0,0,False,False,False,0.0,singleton
E00900,1,0,1,,0,none,0,,0,,0,0,False,False,False,0.0,singleton
E00901,1,0,1,,0,none,0,,0,,0,0,False,False,False,0.0,singleton
E00902,1,0,1,,0,none,0,,0,,0,0,False,False,False,0.0,singleton
E00903,1,0,1,,0,none,0,,0,,0,0,False,False,False,0.0,singleton
E00904,1,0,1,,0,none,0,,0,,0,0,False,False,False,0.0,singleton
E00905,1,0,1,,0,none,0,,0,,0,0,False,False,False,0.0,singleton
E00906,1,0,1,,0,none,0,,0,,0,0,False,False,False,0.0,singleton
E00907,1,0,1,,0,none,0,,0,,0,0,False,False,False,0.0,singleton
E00908,1,0,1,,0,none,0,,0,,0,0,False,False,False,0.0,singleton
E00909,1,0,1,,0,none,0,,0,,0,0,False,False,False,0.0,singleton
E00910,1,0,1,,0,none,0,,0,,0,0,False,False,False,0.0,singleton
E00911,1,0,1,,0,none,0,,0,,0,0,False,False,False,0.0,singleton
E00912,1,0,1,,0,none,0,,0,,0,0,False,False,False,0.0,singleton
E00913,1,0,1,,0,none,0,,0,,0,0,False,False,False,0.0,singleton
E00914,1,0,1,,0,none,0,,0,,0,0,False,False,False,0.0,singleton
E00915,1,0,1,,0,none,0,,0,,0,0,False,False,False,0.0,singleton
E00916,1,0,1,,0,none,0,,0,,0,0,False,False,False,0.0,singleton
E00917,1,0,1,,0,none,0,,0,,0,0,False,False,False,0.0,singleton
E00918,1,0,1,,0,none,0,,0,,0,0,False,False,False,0.0,singleton
E00919,1,0,1,,0,none,0,,0,,0,0,False,False,False,0.0,singleton
E00920,1,0,1,,0,none,0,,0,,0,0,False,False,False,0.0,singleton
E00921,1,0,1,,0,none,0,,0,,0,0,False,False,False,0.0,singleton
E00922,1,0,1,,0,none,0,,0,,0,0,False,False,False,0.0,singleton
E00923,1,0,1,,0,none,0,,0,,0,0,False,False,False,0.0,singleton
E00924,1,0,1,,0,none,0,,0,,0,0,False,False,False,0.0,singleton
E00925,1,0,1,,0,none,0,,0,,0,0,False,False,False,0.0,singleton
E00926,1,0,1,,0,none,0,,0,,0,0,False,False,False,0.0,singleton
E00927,1,0,1,,0,none,0,,0,,0,0,False,False,False,0.0,singleton
E00928,1,0,1,,0,none,0,,0,,0,0,False,False,False,0.0,singleton
E00929,1,0,1,,0,none,0,,0,,0,0,False,False,False,0.0,singleton
E00930,1,0,1,,0,none,0,,0,,0,0,False,False,False,0.0,singleton
E00931,1,0,1,,0,none,0,,0,,0,0,False,False,False,0.0,singleton
E00932,1,0,1,,0,none,0,,0,,0,0,False,False,False,0.0,singleton
E00933,1,0,1,,0,none,0,,0,,0,0,False,False,False,0.0,singleton
E00934,1,0,1,,0,none,0,,0,,0,0,False,False,False,0.0,singleton
E00935,1,0,1,,0,none,0,,0,,0,0,False,False,False,0.0,singleton
E00936,1,0,1,,0,none,0,,0,,0,0,False,False,False,0.0,singleton
E00937,1,0,1,,0,none,0,,0,,0,0,False,False,False,0.0,singleton
E00938,1,0,1,,0,none,0,,0,,0,0,False,False,False,0.0,singleton
E00939,1,0,1,,0,none,0,,0,,0,0,False,False,False,0.0,singleton
E00940,1,0,1,,0,none,0,,0,,0,0,False,False,False,0.0,singleton
E00941,1,0,1,,0,none,0,,0,,0,0,False,False,False,0.0,singleton
E00942,1,0,1,,0,none,0,,0,,0,0,False,False,False,0.0,singleton
E00943,1,0,1,,0,none,0,,0,,0,0,False,False,False,0.0,singleton
E00944,1,0,1,,0,none,0,,0,,0,0,False,False,False,0.0,singleton
E00945,1,0,1,,0,none,0,,0,,0,0,False,False,False,0.0,singleton
E00946,1,0,1,,0,none,0,,0,,0,0,False,False,False,0.0,singleton
E00947,1,0,1,,0,none,0,,0,,0,0,False,False,False,0.0,singleton
E00948,1,0,1,,0,none,0,,0,,0,0,False,False,False,0.0,singleton
E00949,1,0,1,,0,none,0,,0,,0,0,False,False,False,0.0,singleton
E00950,1,0,1,,0,none,0,,0,,0,0,False,False,False,0.0,singleton
E00951,1,0,1,,0,none,0,,0,,0,0,False,False,False,0.0,singleton
E00952,1,0,1,,0,none,0,,0,,0,0,False,False,False,0.0,singleton
E00953,1,0,1,,0,none,0,,0,,0,0,False,False,False,0.0,singleton
E00954,1,0,1,,0,none,0,,0,,0,0,False,False,False,0.0,singleton
E00955,1,0,1,,0,none,0,,0,,0,0,False,False,False,0.0,singleton
E00956,1,0,1,,0,none,0,,0,,0,0,False,False,False,0.0,singleton
E00957,1,0,1,,0,none,0,,0,,0,0,False,False,False,0.0,singleton
E00958,1,0,1,,0,none,0,,0,,0,0,False,False,False,0.0,singleton
E00959,1,0,1,,0,none,0,,0,,0,0,False,False,False,0.0,singleton
E00960,1,0,1,,0,none,0,,0,,0,0,False,False,False,0.0,singleton
E00961,1,0,1,,0,none,0,,0,,0,0,False,False,False,0.0,singleton
E00962,1,0,1,,0,none,0,,0,,0,0,False,False,False,0.0,singleton
E00963,1,0,1,,0,none,0,,0,,0,0,False,False,False,0.0,singleton
E00964,1,0,1,,0,none,0,,0,,0,0,False,False,False,0.0,singleton
E00965,1,0,1,,0,none,0,,0,,0,0,False,False,False,0.0,singleton
E00966,1,0,1,,0,none,0,,0,,0,0,False,False,False,0.0,singleton
E00967,1,0,1,,0,none,0,,0,,0,0,False,False,False,0.0,singleton
E00968,1,0,1,,0,none,0,,0,,0,0,False,False,False,0.0,singleton
E00969,1,0,1,,0,none,0,,0,,0,0,False,False,False,0.0,singleton
E00970,1,0,1,,0,none,0,,0,,0,0,False,False,False,0.0,singleton
E00971,1,0,1,,0,none,0,,0,,0,0,False,False,False,0.0,singleton
E00972,1,0,1,,0,none,0,,0,,0,0,False,False,False,0.0,singleton
E00973,1,0,1,,0,none,0,,0,,0,0,False,False,False,0.0,singleton
E00974,1,0,1,,0,none,0,,0,,0,0,False,False,False,0.0,singleton
E00975,1,0,1,,0,none,0,,0,,0,0,False,False,False,0.0,singleton
E00976,1,0,1,,0,none,0,,0,,0,0,False,False,False,0.0,singleton
E00977,1,0,1,,0,none,0,,0,,0,0,False,False,False,0.0,singleton
E00978,1,0,1,,0,none,0,,0,,0,0,False,False,False,0.0,singleton
E00979,1,0,1,,0,none,0,,0,,0,0,False,False,False,0.0,singleton
E00980,1,0,1,,0,none,0,,0,,0,0,False,False,False,0.0,singleton
E00981,1,0,1,,0,none,0,,0,,0,0,False,False,False,0.0,singleton
E00982,1,0,1,,0,none,0,,0,,0,0,False,False,False,0.0,singleton
E00983,1,0,1,,0,none,0,,0,,0,0,False,False,False,0.0,singleton
E00984,1,0,1,,0,none,0,,0,,0,0,False,False,False,0.0,singleton
E00985,1,0,1,,0,none,0,,0,,0,0,False,False,False,0.0,singleton
E00986,1,0,1,,0,none,0,,0,,0,0,False,False,False,0.0,singleton
E00987,1,0,1,,0,none,0,,0,,0,0,False,False,False,0.0,singleton
E00988,1,0,1,,0,none,0,,0,,0,0,False,False,False,0.0,singleton
E00989,1,0,1,,0,none,0,,0,,0,0,False,False,False,0.0,singleton
E00990,1,0,1,,0,none,0,,0,,0,0,False,False,False,0.0,singleton
E00991,1,0,1,,0,none,0,,0,,0,0,False,False,False,0.0,singleton
E00992,1,0,1,,0,none,0,,0,,0,0,False,False,False,0.0,singleton
E00993,1,0,1,,0,none,0,,0,,0,0,False,False,False,0.0,singleton
E00994,1,0,1,,0,none,0,,0,,0,0,False,False,False,0.0,singleton
E00995,1,0,1,,0,none,0,,0,,0,0,False,False,False,0.0,singleton
E00996,1,0,1,,0,none,0,,0,,0,0,False,False,False,0.0,singleton
E00997,1,0,1,,0,none,0,,0,,0,0,False,False,False,0.0,singleton
E00998,1,0,1,,0,none,0,,0,,0,0,False,False,False,0.0,singleton
E00999,1,0,1,,0,none,0,,0,,0,0,False,False,False,0.0,singleton
E01000,1,0,1,,0,none,0,,0,,0,0,False,False,False,0.0,singleton
E01001,1,0,1,,0,none,0,,0,,0,0,False,False,False,0.0,singleton
E01002,1,0,1,,0,none,0,,0,,0,0,False,False,False,0.0,singleton
E01003,1,0,1,,0,none,0,,0,,0,0,False,False,False,0.0,singleton
E01004,1,0,1,,0,none,0,,0,,0,0,False,False,False,0.0,singleton
E01005,1,0,1,,0,none,0,,0,,0,0,False,False,False,0.0,singleton
E01006,1,0,1,,0,none,0,,0,,0,0,False,False,False,0.0,singleton
E01007,1,0,1,,0,none,0,,0,,0,0,False,False,False,0.0,singleton
E01008,1,0,1,,0,none,0,,0,,0,0,False,False,False,0.0,singleton
E01009,1,0,1,,0,none,0,,0,,0,0,False,False,False,0.0,singleton
E01010,1,0,1,,0,none,0,,0,,0,0,False,False,False,0.0,singleton
E01011,1,0,1,,0,none,0,,0,,0,0,False,False,False,0.0,singleton
E01012,1,0,1,,0,none,0,,0,,0,0,False,False,False,0.0,singleton
E01013,1,0,1,,0,none,0,,0,,0,0,False,False,False,0.0,singleton
E01014,1,0,1,,0,none,0,,0,,0,0,False,False,False,0.0,singleton
E01015,1,0,1,,0,none,0,,0,,0,0,False,False,False,0.0,singleton
E01016,1,0,1,,0,none,0,,0,,0,0,False,False,False,0.0,singleton
E01017,1,0,1,,0,none,0,,0,,0,0,False,False,False,0.0,singleton
E01018,1,0,1,,0,none,0,,0,,0,0,False,False,False,0.0,singleton
E01019,1,0,1,,0,none,0,,0,,0,0,False,False,False,0.0,singleton
E01020,1,0,1,,0,none,0,,0,,0,0,False,False,False,0.0,singleton
E01021,1,0,1,,0,none,0,,0,,0,0,False,False,False,0.0,singleton
E01022,1,0,1,,0,none,0,,0,,0,0,False,False,False,0.0,singleton
E01023,1,0,1,,0,none,0,,0,,0,0,False,False,False,0.0,singleton
E01024,1,0,1,,0,none,0,,0,,0,0,False,False,False,0.0,singleton
E01025,1,0,1,,0,none,0,,0,,0,0,False,False,False,0.0,singleton
E01026,1,0,1,,0,none,0,,0,,0,0,False,False,False,0.0,singleton
E01027,1,0,1,,0,none,0,,0,,0,0,False,False,False,0.0,singleton
E01028,1,0,1,,0,none,0,,0,,0,0,False,False,False,0.0,singleton
E01029,1,0,1,,0,none,0,,0,,0,0,False,False,False,0.0,singleton
E01030,1,0,1,,0,none,0,,0,,0,0,False,False,False,0.0,singleton
E01031,1,0,1,,0,none,0,,0,,0,0,False,False,False,0.0,singleton
E01032,1,0,1,,0,none,0,,0,,0,0,False,False,False,0.0,singleton
E01033,1,0,1,,0,none,0,,0,,0,0,False,False,False,0.0,singleton
E01034,1,0,1,,0,none,0,,0,,0,0,False,False,False,0.0,singleton
E01035,1,0,1,,0,none,0,,0,,0,0,False,False,False,0.0,singleton
E01036,1,0,1,,0,none,0,,0,,0,0,False,False,False,0.0,singleton
E01037,1,0,1,,0,none,0,,0,,0,0,False,False,False,0.0,singleton
E01038,1,0,1,,0,none,0,,0,,0,0,False,False,False,0.0,singleton
E01039,1,0,1,,0,none,0,,0,,0,0,False,False,False,0.0,singleton
E01040,1,0,1,,0,none,0,,0,,0,0,False,False,False,0.0,singleton
E01041,1,0,1,,0,none,0,,0,,0,0,False,False,False,0.0,singleton
E01042,1,0,1,,0,none,0,,0,,0,0,False,False,False,0.0,singleton
E01043,1,0,1,,0,none,0,,0,,0,0,False,False,False,0.0,singleton
E01044,1,0,1,,0,none,0,,0,,0,0,False,False,False,0.0,singleton
E01045,1,0,1,,0,none,0,,0,,0,0,False,False,False,0.0,singleton
E01046,1,0,1,,0,none,0,,0,,0,0,False,False,False,0.0,singleton
E01047,1,0,1,,0,none,0,,0,,0,0,False,False,False,0.0,singleton
E01048,1,0,1,,0,none,0,,0,,0,0,False,False,False,0.0,singleton
E01049,1,0,1,,0,none,0,,0,,0,0,False,False,False,0.0,singleton
E01050,1,0,1,,0,none,0,,0,,0,0,False,False,False,0.0,singleton
E01051,1,0,1,,0,none,0,,0,,0,0,False,False,False,0.0,singleton
E01052,1,0,1,,0,none,0,,0,,0,0,False,False,False,0.0,singleton
E01053,1,0,1,,0,none,0,,0,,0,0,False,False,False,0.0,singleton
E01054,1,0,1,,0,none,0,,0,,0,0,False,False,False,0.0,singleton
E01055,1,0,1,,0,none,0,,0,,0,0,False,False,False,0.0,singleton
E01056,1,0,1,,0,none,0,,0,,0,0,False,False,False,0.0,singleton
E01057,1,0,1,,0,none,0,,0,,0,0,False,False,False,0.0,singleton
E01058,1,0,1,,0,none,0,,0,,0,0,False,False,False,0.0,singleton
E01059,1,0,1,,0,none,0,,0,,0,0,False,False,False,0.0,singleton
E01060,1,0,1,,0,none,0,,0,,0,0,False,False,False,0.0,singleton
E01061,1,0,1,,0,none,0,,0,,0,0,False,False,False,0.0,singleton
E01062,1,0,1,,0,none,0,,0,,0,0,False,False,False,0.0,singleton
E01063,1,0,1,,0,none,0,,0,,0,0,False,False,False,0.0,singleton
E01064,1,0,1,,0,none,0,,0,,0,0,False,False,False,0.0,singleton
E01065,1,0,1,,0,none,0,,0,,0,0,False,False,False,0.0,singleton
E01066,1,0,1,,0,none,0,,0,,0,0,False,False,False,0.0,singleton
E01067,1,0,1,,0,none,0,,0,,0,0,False,False,False,0.0,singleton
E01068,1,0,1,,0,none,0,,0,,0,0,False,False,False,0.0,singleton
E01069,1,0,1,,0,none,0,,0,,0,0,False,False,False,0.0,singleton
E01070,1,0,1,,0,none,0,,0,,0,0,False,False,False,0.0,singleton
E01071,1,0,1,,0,none,0,,0,,0,0,False,False,False,0.0,singleton
E01072,1,0,1,,0,none,0,,0,,0,0,False,False,False,0.0,singleton
E01073,1,0,1,,0,none,0,,0,,0,0,False,False,False,0.0,singleton
E01074,1,0,1,,0,none,0,,0,,0,0,False,False,False,0.0,singleton
E01075,1,0,1,,0,none,0,,0,,0,0,False,False,False,0.0,singleton
E01076,1,0,1,,0,none,0,,0,,0,0,False,False,False,0.0,singleton
E01077,1,0,1,,0,none,0,,0,,0,0,False,False,False,0.0,singleton
E01078,1,0,1,,0,none,0,,0,,0,0,False,False,False,0.0,singleton
E01079,1,0,1,,0,none,0,,0,,0,0,False,False,False,0.0,singleton
E01080,1,0,1,,0,none,0,,0,,0,0,False,False,False,0.0,singleton
E01081,1,0,1,,0,none,0,,0,,0,0,False,False,False,0.0,singleton
E01082,1,0,1,,0,none,0,,0,,0,0,False,False,False,0.0,singleton
E01083,1,0,1,,0,none,0,,0,,0,0,False,False,False,0.0,singleton
E01084,1,0,1,,0,none,0,,0,,0,0,False,False,False,0.0,singleton
E01085,1,0,1,,0,none,0,,0,,0,0,False,False,False,0.0,singleton
E01086,1,0,1,,0,none,0,,0,,0,0,False,False,False,0.0,singleton
E01087,1,0,1,,0,none,0,,0,,0,0,False,False,False,0.0,singleton
E01088,1,0,1,,0,none,0,,0,,0,0,False,False,False,0.0,singleton
E01089,1,0,1,,0,none,0,,0,,0,0,False,False,False,0.0,singleton
E01090,1,0,1,,0,none,0,,0,,0,0,False,False,False,0.0,singleton
E01091,1,0,1,,0,none,0,,0,,0,0,False,False,False,0.0,singleton
E01092,1,0,1,,0,none,0,,0,,0,0,False,False,False,0.0,singleton
E01093,1,0,1,,0,none,0,,0,,0,0,False,False,False,0.0,singleton
E01094,1,0,1,,0,none,0,,0,,0,0,False,False,False,0.0,singleton
E01095,1,0,1,,0,none,0,,0,,0,0,False,False,False,0.0,singleton
E01096,1,0,1,,0,none,0,,0,,0,0,False,False,False,0.0,singleton
E01097,1,0,1,,0,none,0,,0,,0,0,False,False,False,0.0,singleton
E01098,1,0,1,,0,none,0,,0,,0,0,False,False,False,0.0,singleton
E01099,1,0,1,,0,none,0,,0,,0,0,False,False,False,0.0,singleton
E01100,1,0,1,,0,none,0,,0,,0,0,False,False,False,0.0,singleton
E01101,1,0,1,,0,none,0,,0,,0,0,False,False,False,0.0,singleton
E01102,1,0,1,,0,none,0,,0,,0,0,False,False,False,0.0,singleton
E01103,1,0,1,,0,none,0,,0,,0,0,False,False,False,0.0,singleton
E01104,1,0,1,,0,none,0,,0,,0,0,False,False,False,0.0,singleton
E01105,1,0,1,,0,none,0,,0,,0,0,False,False,False,0.0,singleton
E01106,1,0,1,,0,none,0,,0,,0,0,False,False,False,0.0,singleton
E01107,1,0,1,,0,none,0,,0,,0,0,False,False,False,0.0,singleton
E01108,1,0,1,,0,none,0,,0,,0,0,False,False,False,0.0,singleton
E01109,1,0,1,,0,none,0,,0,,0,0,False,False,False,0.0,singleton
E01110,1,0,1,,0,none,0,,0,,0,0,False,False,False,0.0,singleton
E01111,1,0,1,,0,none,0,,0,,0,0,False,False,False,0.0,singleton
E01112,1,0,1,,0,none,0,,0,,0,0,False,False,False,0.0,singleton
E01113,1,0,1,,0,none,0,,0,,0,0,False,False,False,0.0,singleton
E01114,1,0,1,,0,none,0,,0,,0,0,False,False,False,0.0,singleton
E01115,1,0,1,,0,none,0,,0,,0,0,False,False,False,0.0,singleton
E01116,1,0,1,,0,none,0,,0,,0,0,False,False,False,0.0,singleton
E01117,1,0,1,,0,none,0,,0,,0,0,False,False,False,0.0,singleton
E01118,1,0,1,,0,none,0,,0,,0,0,False,False,False,0.0,singleton
E01119,1,0,1,,0,none,0,,0,,0,0,False,False,False,0.0,singleton
E01120,1,0,1,,0,none,0,,0,,0,0,False,False,False,0.0,singleton
E01121,1,0,1,,0,none,0,,0,,0,0,False,False,False,0.0,singleton
E01122,1,0,1,,0,none,0,,0,,0,0,False,False,False,0.0,singleton
E01123,1,0,1,,0,none,0,,0,,0,0,False,False,False,0.0,singleton
E01124,1,0,1,,0,none,0,,0,,0,0,False,False,False,0.0,singleton
E01125,1,0,1,,0,none,0,,0,,0,0,False,False,False,0.0,singleton
E01126,1,0,1,,0,none,0,,0,,0,0,False,False,False,0.0,singleton
E01127,1,0,1,,0,none,0,,0,,0,0,False,False,False,0.0,singleton
E01128,1,0,1,,0,none,0,,0,,0,0,False,False,False,0.0,singleton
E01129,1,0,1,,0,none,0,,0,,0,0,False,False,False,0.0,singleton
E01130,1,0,1,,0,none,0,,0,,0,0,False,False,False,0.0,singleton
E01131,1,0,1,,0,none,0,,0,,0,0,False,False,False,0.0,singleton
E01132,1,0,1,,0,none,0,,0,,0,0,False,False,False,0.0,singleton
E01133,1,0,1,,0,none,0,,0,,0,0,False,False,False,0.0,singleton
E01134,1,0,1,,0,none,0,,0,,0,0,False,False,False,0.0,singleton
E01135,1,0,1,,0,none,0,,0,,0,0,False,False,False,0.0,singleton
E01136,1,0,1,,0,none,0,,0,,0,0,False,False,False,0.0,singleton
E01137,1,0,1,,0,none,0,,0,,0,0,False,False,False,0.0,singleton
E01138,1,0,1,,0,none,0,,0,,0,0,False,False,False,0.0,singleton
E01139,1,0,1,,0,none,0,,0,,0,0,False,False,False,0.0,singleton
E01140,1,0,1,,0,none,0,,0,,0,0,False,False,False,0.0,singleton
E01141,1,0,1,,0,none,0,,0,,0,0,False,False,False,0.0,singleton
E01142,1,0,1,,0,none,0,,0,,0,0,False,False,False,0.0,singleton
E01143,1,0,1,,0,none,0,,0,,0,0,False,False,False,0.0,singleton
E01144,1,0,1,,0,none,0,,0,,0,0,False,False,False,0.0,singleton
E01145,1,0,1,,0,none,0,,0,,0,0,False,False,False,0.0,singleton
E01146,1,0,1,,0,none,0,,0,,0,0,False,False,False,0.0,singleton
E01147,1,0,1,,0,none,0,,0,,0,0,False,False,False,0.0,singleton
E01148,1,0,1,,0,none,0,,0,,0,0,False,False,False,0.0,singleton
E01149,1,0,1,,0,none,0,,0,,0,0,False,False,False,0.0,singleton
E01150,1,0,1,,0,none,0,,0,,0,0,False,False,False,0.0,singleton
E01151,1,0,1,,0,none,0,,0,,0,0,False,False,False,0.0,singleton
E01152,1,0,1,,0,none,0,,0,,0,0,False,False,False,0.0,singleton
E01153,1,0,1,,0,none,0,,0,,0,0,False,False,False,0.0,singleton
E01154,1,0,1,,0,none,0,,0,,0,0,False,False,False,0.0,singleton
E01155,1,0,1,,0,none,0,,0,,0,0,False,False,False,0.0,singleton
E01156,1,0,1,,0,none,0,,0,,0,0,False,False,False,0.0,singleton
E01157,1,0,1,,0,none,0,,0,,0,0,False,False,False,0.0,singleton
E01158,1,0,1,,0,none,0,,0,,0,0,False,False,False,0.0,singleton
E01159,1,0,1,,0,none,0,,0,,0,0,False,False,False,0.0,singleton
E01160,1,0,1,,0,none,0,,0,,0,0,False,False,False,0.0,singleton
E01161,1,0,1,,0,none,0,,0,,0,0,False,False,False,0.0,singleton
E01162,1,0,1,,0,none,0,,0,,0,0,False,False,False,0.0,singleton
E01163,1,0,1,,0,none,0,,0,,0,0,False,False,False,0.0,singleton
E01164,1,0,1,,0,none,0,,0,,0,0,False,False,False,0.0,singleton
E01165,1,0,1,,0,none,0,,0,,0,0,False,False,False,0.0,singleton
E01166,1,0,1,,0,none,0,,0,,0,0,False,False,False,0.0,singleton
E01167,1,0,1,,0,none,0,,0,,0,0,False,False,False,0.0,singleton
E01168,1,0,1,,0,none,0,,0,,0,0,False,False,False,0.0,singleton
E01169,1,0,1,,0,none,0,,0,,0,0,False,False,False,0.0,singleton
E01170,1,0,1,,0,none,0,,0,,0,0,False,False,False,0.0,singleton
E01171,1,0,1,,0,none,0,,0,,0,0,False,False,False,0.0,singleton
E01172,1,0,1,,0,none,0,,0,,0,0,False,False,False,0.0,singleton
E01173,1,0,1,,0,none,0,,0,,0,0,False,False,False,0.0,singleton
E01174,1,0,1,,0,none,0,,0,,0,0,False,False,False,0.0,singleton
E01175,1,0,1,,0,none,0,,0,,0,0,False,False,False,0.0,singleton
E01176,1,0,1,,0,none,0,,0,,0,0,False,False,False,0.0,singleton
E01177,1,0,1,,0,none,0,,0,,0,0,False,False,False,0.0,singleton
E01178,1,0,1,,0,none,0,,0,,0,0,False,False,False,0.0,singleton
E01179,1,0,1,,0,none,0,,0,,0,0,False,False,False,0.0,singleton
E01180,1,0,1,,0,none,0,,0,,0,0,False,False,False,0.0,singleton
E01181,1,0,1,,0,none,0,,0,,0,0,False,False,False,0.0,singleton
E01182,1,0,1,,0,none,0,,0,,0,0,False,False,False,0.0,singleton
E01183,1,0,1,,0,none,0,,0,,0,0,False,False,False,0.0,singleton
E01184,1,0,1,,0,none,0,,0,,0,0,False,False,False,0.0,singleton
E01185,1,0,1,,0,none,0,,0,,0,0,False,False,False,0.0,singleton
E01186,1,0,1,,0,none,0,,0,,0,0,False,False,False,0.0,singleton
E01187,1,0,1,,0,none,0,,0,,0,0,False,False,False,0.0,singleton
E01188,1,0,1,,0,none,0,,0,,0,0,False,False,False,0.0,singleton
E01189,1,0,1,,0,none,0,,0,,0,0,False,False,False,0.0,singleton
E01190,1,0,1,,0,none,0,,0,,0,0,False,False,False,0.0,singleton
E01191,1,0,1,,0,none,0,,0,,0,0,False,False,False,0.0,singleton
E01192,1,0,1,,0,none,0,,0,,0,0,False,False,False,0.0,singleton
E01193,1,0,1,,0,none,0,,0,,0,0,False,False,False,0.0,singleton
E01194,1,0,1,,0,none,0,,0,,0,0,False,False,False,0.0,singleton
E01195,1,0,1,,0,none,0,,0,,0,0,False,False,False,0.0,singleton
E01196,1,0,1,,0,none,0,,0,,0,0,False,False,False,0.0,singleton
E01197,1,0,1,,0,none,0,,0,,0,0,False,False,False,0.0,singleton
E01198,1,0,1,,0,none,0,,0,,0,0,False,False,False,0.0,singleton
E01199,1,0,1,,0,none,0,,0,,0,0,False,False,False,0.0,singleton
E01200,1,0,1,,0,none,0,,0,,0,0,False,False,False,0.0,singleton
E01201,1,0,1,,0,none,0,,0,,0,0,False,False,False,0.0,singleton
E01202,1,0,1,,0,none,0,,0,,0,0,False,False,False,0.0,singleton
E01203,1,0,1,,0,none,0,,0,,0,0,False,False,False,0.0,singleton
E01204,1,0,1,,0,none,0,,0,,0,0,False,False,False,0.0,singleton
E01205,1,0,1,,0,none,0,,0,,0,0,False,False,False,0.0,singleton
E01206,1,0,1,,0,none,0,,0,,0,0,False,False,False,0.0,singleton
E01207,1,0,1,,0,none,0,,0,,0,0,False,False,False,0.0,singleton
E01208,1,0,1,,0,none,0,,0,,0,0,False,False,False,0.0,singleton
E01209,1,0,1,,0,none,0,,0,,0,0,False,False,False,0.0,singleton
E01210,1,0,1,,0,none,0,,0,,0,0,False,False,False,0.0,singleton
E01211,1,0,1,,0,none,0,,0,,0,0,False,False,False,0.0,singleton
E01212,1,0,1,,0,none,0,,0,,0,0,False,False,False,0.0,singleton
E01213,1,0,1,,0,none,0,,0,,0,0,False,False,False,0.0,singleton
E01214,1,0,1,,0,none,0,,0,,0,0,False,False,False,0.0,singleton
E01215,1,0,1,,0,none,0,,0,,0,0,False,False,False,0.0,singleton
E01216,1,0,1,,0,none,0,,0,,0,0,False,False,False,0.0,singleton
E01217,1,0,1,,0,none,0,,0,,0,0,False,False,False,0.0,singleton
E01218,1,0,1,,0,none,0,,0,,0,0,False,False,False,0.0,singleton
E01219,1,0,1,,0,none,0,,0,,0,0,False,False,False,0.0,singleton
E01220,1,0,1,,0,none,0,,0,,0,0,False,False,False,0.0,singleton
E01221,1,0,1,,0,none,0,,0,,0,0,False,False,False,0.0,singleton
E01222,1,0,1,,0,none,0,,0,,0,0,False,False,False,0.0,singleton
E01223,1,0,1,,0,none,0,,0,,0,0,False,False,False,0.0,singleton
E01224,1,0,1,,0,none,0,,0,,0,0,False,False,False,0.0,singleton
E01225,1,0,1,,0,none,0,,0,,0,0,False,False,False,0.0,singleton
E01226,1,0,1,,0,none,0,,0,,0,0,False,False,False,0.0,singleton
E01227,1,0,1,,0,none,0,,0,,0,0,False,False,False,0.0,singleton
E01228,1,0,1,,0,none,0,,0,,0,0,False,False,False,0.0,singleton
E01229,1,0,1,,0,none,0,,0,,0,0,False,False,False,0.0,singleton
E01230,1,0,1,,0,none,0,,0,,0,0,False,False,False,0.0,singleton
E01231,1,0,1,,0,none,0,,0,,0,0,False,False,False,0.0,singleton
E01232,1,0,1,,0,none,0,,0,,0,0,False,False,False,0.0,singleton
E01233,1,0,1,,0,none,0,,0,,0,0,False,False,False,0.0,singleton
E01234,1,0,1,,0,none,0,,0,,0,0,False,False,False,0.0,singleton
E01235,1,0,1,,0,none,0,,0,,0,0,False,False,False,0.0,singleton
E01236,1,0,1,,0,none,0,,0,,0,0,False,False,False,0.0,singleton
E01237,1,0,1,,0,none,0,,0,,0,0,False,False,False,0.0,singleton
E01238,1,0,1,,0,none,0,,0,,0,0,False,False,False,0.0,singleton
E01239,1,0,1,,0,none,0,,0,,0,0,False,False,False,0.0,singleton
E01240,1,0,1,,0,none,0,,0,,0,0,False,False,False,0.0,singleton
E01241,1,0,1,,0,none,0,,0,,0,0,False,False,False,0.0,singleton
E01242,1,0,1,,0,none,0,,0,,0,0,False,False,False,0.0,singleton
E01243,1,0,1,,0,none,0,,0,,0,0,False,False,False,0.0,singleton
E01244,1,0,1,,0,none,0,,0,,0,0,False,False,False,0.0,singleton
E01245,1,0,1,,0,none,0,,0,,0,0,False,False,False,0.0,singleton
E01246,1,0,1,,0,none,0,,0,,0,0,False,False,False,0.0,singleton
E01247,1,0,1,,0,none,0,,0,,0,0,False,False,False,0.0,singleton
E01248,1,0,1,,0,none,0,,0,,0,0,False,False,False,0.0,singleton
E01249,1,0,1,,0,none,0,,0,,0,0,False,False,False,0.0,singleton
E01250,1,0,1,,0,none,0,,0,,0,0,False,False,False,0.0,singleton
E01251,1,0,1,,0,none,0,,0,,0,0,False,False,False,0.0,singleton
E01252,1,0,1,,0,none,0,,0,,0,0,False,False,False,0.0,singleton
E01253,1,0,1,,0,none,0,,0,,0,0,False,False,False,0.0,singleton
E01254,1,0,1,,0,none,0,,0,,0,0,False,False,False,0.0,singleton
E01255,1,0,1,,0,none,0,,0,,0,0,False,False,False,0.0,singleton
E01256,1,0,1,,0,none,0,,0,,0,0,False,False,False,0.0,singleton
E01257,1,0,1,,0,none,0,,0,,0,0,False,False,False,0.0,singleton
E01258,1,0,1,,0,none,0,,0,,0,0,False,False,False,0.0,singleton
E01259,1,0,1,,0,none,0,,0,,0,0,False,False,False,0.0,singleton
E01260,1,0,1,,0,none,0,,0,,0,0,False,False,False,0.0,singleton
E01261,1,0,1,,0,none,0,,0,,0,0,False,False,False,0.0,singleton
E01262,1,0,1,,0,none,0,,0,,0,0,False,False,False,0.0,singleton
E01263,1,0,1,,0,none,0,,0,,0,0,False,False,False,0.0,singleton
E01264,1,0,1,,0,none,0,,0,,0,0,False,False,False,0.0,singleton
E01265,1,0,1,,0,none,0,,0,,0,0,False,False,False,0.0,singleton
E01266,1,0,1,,0,none,0,,0,,0,0,False,False,False,0.0,singleton
E01267,1,0,1,,0,none,0,,0,,0,0,False,False,False,0.0,singleton
E01268,1,0,1,,0,none,0,,0,,0,0,False,False,False,0.0,singleton
E01269,1,0,1,,0,none,0,,0,,0,0,False,False,False,0.0,singleton
E01270,1,0,1,,0,none,0,,0,,0,0,False,False,False,0.0,singleton
E01271,1,0,1,,0,none,0,,0,,0,0,False,False,False,0.0,singleton
E01272,1,0,1,,0,none,0,,0,,0,0,False,False,False,0.0,singleton
E01273,1,0,1,,0,none,0,,0,,0,0,False,False,False,0.0,singleton
E01274,1,0,1,,0,none,0,,0,,0,0,False,False,False,0.0,singleton
E01275,1,0,1,,0,none,0,,0,,0,0,False,False,False,0.0,singleton
E01276,1,0,1,,0,none,0,,0,,0,0,False,False,False,0.0,singleton
E01277,1,0,1,,0,none,0,,0,,0,0,False,False,False,0.0,singleton
E01278,1,0,1,,0,none,0,,0,,0,0,False,False,False,0.0,singleton
E01279,1,0,1,,0,none,0,,0,,0,0,False,False,False,0.0,singleton
E01280,1,0,1,,0,none,0,,0,,0,0,False,False,False,0.0,singleton
E01281,1,0,1,,0,none,0,,0,,0,0,False,False,False,0.0,singleton
E01282,1,0,1,,0,none,0,,0,,0,0,False,False,False,0.0,singleton
E01283,1,0,1,,0,none,0,,0,,0,0,False,False,False,0.0,singleton
E01284,1,0,1,,0,none,0,,0,,0,0,False,False,False,0.0,singleton
E01285,1,0,1,,0,none,0,,0,,0,0,False,False,False,0.0,singleton
E01286,1,0,1,,0,none,0,,0,,0,0,False,False,False,0.0,singleton
E01287,1,0,1,,0,none,0,,0,,0,0,False,False,False,0.0,singleton
E01288,1,0,1,,0,none,0,,0,,0,0,False,False,False,0.0,singleton
E01289,1,0,1,,0,none,0,,0,,0,0,False,False,False,0.0,singleton
E01290,1,0,1,,0,none,0,,0,,0,0,False,False,False,0.0,singleton
E01291,1,0,1,,0,none,0,,0,,0,0,False,False,False,0.0,singleton
E01292,1,0,1,,0,none,0,,0,,0,0,False,False,False,0.0,singleton
E01293,1,0,1,,0,none,0,,0,,0,0,False,False,False,0.0,singleton
E01294,1,0,1,,0,none,0,,0,,0,0,False,False,False,0.0,singleton
E01295,1,0,1,,0,none,0,,0,,0,0,False,False,False,0.0,singleton
E01296,1,0,1,,0,none,0,,0,,0,0,False,False,False,0.0,singleton
E01297,1,0,1,,0,none,0,,0,,0,0,False,False,False,0.0,singleton
E01298,1,0,1,,0,none,0,,0,,0,0,False,False,False,0.0,singleton
E01299,1,0,1,,0,none,0,,0,,0,0,False,False,False,0.0,singleton
E01300,1,0,1,,0,none,0,,0,,0,0,False,False,False,0.0,singleton
E01301,1,0,1,,0,none,0,,0,,0,0,False,False,False,0.0,singleton
E01302,1,0,1,,0,none,0,,0,,0,0,False,False,False,0.0,singleton
E01303,1,0,1,,0,none,0,,0,,0,0,False,False,False,0.0,singleton
E01304,1,0,1,,0,none,0,,0,,0,0,False,False,False,0.0,singleton
E01305,1,0,1,,0,none,0,,0,,0,0,False,False,False,0.0,singleton
E01306,1,0,1,,0,none,0,,0,,0,0,False,False,False,0.0,singleton
E01307,1,0,1,,0,none,0,,0,,0,0,False,False,False,0.0,singleton
E01308,1,0,1,,0,none,0,,0,,0,0,False,False,False,0.0,singleton
E01309,1,0,1,,0,none,0,,0,,0,0,False,False,False,0.0,singleton
E01310,1,0,1,,0,none,0,,0,,0,0,False,False,False,0.0,singleton
E01311,1,0,1,,0,none,0,,0,,0,0,False,False,False,0.0,singleton
E01312,1,0,1,,0,none,0,,0,,0,0,False,False,False,0.0,singleton
E01313,1,0,1,,0,none,0,,0,,0,0,False,False,False,0.0,singleton
E01314,1,0,1,,0,none,0,,0,,0,0,False,False,False,0.0,singleton
E01315,1,0,1,,0,none,0,,0,,0,0,False,False,False,0.0,singleton
E01316,1,0,1,,0,none,0,,0,,0,0,False,False,False,0.0,singleton
E01317,1,0,1,,0,none,0,,0,,0,0,False,False,False,0.0,singleton
E01318,1,0,1,,0,none,0,,0,,0,0,False,False,False,0.0,singleton
E01319,1,0,1,,0,none,0,,0,,0,0,False,False,False,0.0,singleton
E01320,1,0,1,,0,none,0,,0,,0,0,False,False,False,0.0,singleton
E01321,1,0,1,,0,none,0,,0,,0,0,False,False,False,0.0,singleton
E01322,1,0,1,,0,none,0,,0,,0,0,False,False,False,0.0,singleton
E01323,1,0,1,,0,none,0,,0,,0,0,False,False,False,0.0,singleton
E01324,1,0,1,,0,none,0,,0,,0,0,False,False,False,0.0,singleton
E01325,1,0,1,,0,none,0,,0,,0,0,False,False,False,0.0,singleton
E01326,1,0,1,,0,none,0,,0,,0,0,False,False,False,0.0,singleton
E01327,1,0,1,,0,none,0,,0,,0,0,False,False,False,0.0,singleton
E01328,1,0,1,,0,none,0,,0,,0,0,False,False,False,0.0,singleton
E01329,1,0,1,,0,none,0,,0,,0,0,False,False,False,0.0,singleton
E01330,1,0,1,,0,none,0,,0,,0,0,False,False,False,0.0,singleton
E01331,1,0,1,,0,none,0,,0,,0,0,False,False,False,0.0,singleton
E01332,1,0,1,,0,none,0,,0,,0,0,False,False,False,0.0,singleton
E01333,1,0,1,,0,none,0,,0,,0,0,False,False,False,0.0,singleton
E01334,1,0,1,,0,none,0,,0,,0,0,False,False,False,0.0,singleton
E01335,1,0,1,,0,none,0,,0,,0,0,False,False,False,0.0,singleton
E01336,1,0,1,,0,none,0,,0,,0,0,False,False,False,0.0,singleton
E01337,1,0,1,,0,none,0,,0,,0,0,False,False,False,0.0,singleton
E01338,1,0,1,,0,none,0,,0,,0,0,False,False,False,0.0,singleton
E01339,1,0,1,,0,none,0,,0,,0,0,False,False,False,0.0,singleton
E01340,1,0,1,,0,none,0,,0,,0,0,False,False,False,0.0,singleton
E01341,1,0,1,,0,none,0,,0,,0,0,False,False,False,0.0,singleton
E01342,1,0,1,,0,none,0,,0,,0,0,False,False,False,0.0,singleton
E01343,1,0,1,,0,none,0,,0,,0,0,False,False,False,0.0,singleton
E01344,1,0,1,,0,none,0,,0,,0,0,False,False,False,0.0,singleton
E01345,1,0,1,,0,none,0,,0,,0,0,False,False,False,0.0,singleton
E01346,1,0,1,,0,none,0,,0,,0,0,False,False,False,0.0,singleton
E01347,1,0,1,,0,none,0,,0,,0,0,False,False,False,0.0,singleton
E01348,1,0,1,,0,none,0,,0,,0,0,False,False,False,0.0,singleton
E01349,1,0,1,,0,none,0,,0,,0,0,False,False,False,0.0,singleton
E01350,1,0,1,,0,none,0,,0,,0,0,False,False,False,0.0,singleton
E01351,1,0,1,,0,none,0,,0,,0,0,False,False,False,0.0,singleton
E01352,1,0,1,,0,none,0,,0,,0,0,False,False,False,0.0,singleton
E01353,1,0,1,,0,none,0,,0,,0,0,False,False,False,0.0,singleton
E01354,1,0,1,,0,none,0,,0,,0,0,False,False,False,0.0,singleton
E01355,1,0,1,,0,none,0,,0,,0,0,False,False,False,0.0,singleton
E01356,1,0,1,,0,none,0,,0,,0,0,False,False,False,0.0,singleton
E01357,1,0,1,,0,none,0,,0,,0,0,False,False,False,0.0,singleton
E01358,1,0,1,,0,none,0,,0,,0,0,False,False,False,0.0,singleton
E01359,1,0,1,,0,none,0,,0,,0,0,False,False,False,0.0,singleton
E01360,1,0,1,,0,none,0,,0,,0,0,False,False,False,0.0,singleton
E01361,1,0,1,,0,none,0,,0,,0,0,False,False,False,0.0,singleton
E01362,1,0,1,,0,none,0,,0,,0,0,False,False,False,0.0,singleton
E01363,1,0,1,,0,none,0,,0,,0,0,False,False,False,0.0,singleton
E01364,1,0,1,,0,none,0,,0,,0,0,False,False,False,0.0,singleton
E01365,1,0,1,,0,none,0,,0,,0,0,False,False,False,0.0,singleton
E01366,1,0,1,,0,none,0,,0,,0,0,False,False,False,0.0,singleton
E01367,1,0,1,,0,none,0,,0,,0,0,False,False,False,0.0,singleton
E01368,1,0,1,,0,none,0,,0,,0,0,False,False,False,0.0,singleton
E01369,1,0,1,,0,none,0,,0,,0,0,False,False,False,0.0,singleton
E01370,1,0,1,,0,none,0,,0,,0,0,False,False,False,0.0,singleton
E01371,1,0,1,,0,none,0,,0,,0,0,False,False,False,0.0,singleton
E01372,1,0,1,,0,none,0,,0,,0,0,False,False,False,0.0,singleton
E01373,1,0,1,,0,none,0,,0,,0,0,False,False,False,0.0,singleton
E01374,1,0,1,,0,none,0,,0,,0,0,False,False,False,0.0,singleton
E01375,1,0,1,,0,none,0,,0,,0,0,False,False,False,0.0,singleton
E01376,1,0,1,,0,none,0,,0,,0,0,False,False,False,0.0,singleton
E01377,1,0,1,,0,none,0,,0,,0,0,False,False,False,0.0,singleton
E01378,1,0,1,,0,none,0,,0,,0,0,False,False,False,0.0,singleton
E01379,1,0,1,,0,none,0,,0,,0,0,False,False,False,0.0,singleton
E01380,1,0,1,,0,none,0,,0,,0,0,False,False,False,0.0,singleton
E01381,1,0,1,,0,none,0,,0,,0,0,False,False,False,0.0,singleton
E01382,1,0,1,,0,none,0,,0,,0,0,False,False,False,0.0,singleton
E01383,1,0,1,,0,none,0,,0,,0,0,False,False,False,0.0,singleton
E01384,1,0,1,,0,none,0,,0,,0,0,False,False,False,0.0,singleton
E01385,1,0,1,,0,none,0,,0,,0,0,False,False,False,0.0,singleton
E01386,1,0,1,,0,none,0,,0,,0,0,False,False,False,0.0,singleton
E01387,1,0,1,,0,none,0,,0,,0,0,False,False,False,0.0,singleton
E01388,1,0,1,,0,none,0,,0,,0,0,False,False,False,0.0,singleton
E01389,1,0,1,,0,none,0,,0,,0,0,False,False,False,0.0,singleton
E01390,1,0,1,,0,none,0,,0,,0,0,False,False,False,0.0,singleton
E01391,1,0,1,,0,none,0,,0,,0,0,False,False,False,0.0,singleton
E01392,1,0,1,,0,none,0,,0,,0,0,False,False,False,0.0,singleton
E01393,1,0,1,,0,none,0,,0,,0,0,False,False,False,0.0,singleton
E01394,1,0,1,,0,none,0,,0,,0,0,False,False,False,0.0,singleton
E01395,1,0,1,,0,none,0,,0,,0,0,False,False,False,0.0,singleton
E01396,1,0,1,,0,none,0,,0,,0,0,False,False,False,0.0,singleton
E01397,1,0,1,,0,none,0,,0,,0,0,False,False,False,0.0,singleton
E01398,1,0,1,,0,none,0,,0,,0,0,False,False,False,0.0,singleton
E01399,1,0,1,,0,none,0,,0,,0,0,False,False,False,0.0,singleton
E01400,1,0,1,,0,none,0,,0,,0,0,False,False,False,0.0,singleton
E01401,1,0,1,,0,none,0,,0,,0,0,False,False,False,0.0,singleton
E01402,1,0,1,,0,none,0,,0,,0,0,False,False,False,0.0,singleton
E01403,1,0,1,,0,none,0,,0,,0,0,False,False,False,0.0,singleton
E01404,1,0,1,,0,none,0,,0,,0,0,False,False,False,0.0,singleton
E01405,1,0,1,,0,none,0,,0,,0,0,False,False,False,0.0,singleton
E01406,1,0,1,,0,none,0,,0,,0,0,False,False,False,0.0,singleton
E01407,1,0,1,,0,none,0,,0,,0,0,False,False,False,0.0,singleton
E01408,1,0,1,,0,none,0,,0,,0,0,False,False,False,0.0,singleton
E01409,1,0,1,,0,none,0,,0,,0,0,False,False,False,0.0,singleton
E01410,1,0,1,,0,none,0,,0,,0,0,False,False,False,0.0,singleton
E01411,1,0,1,,0,none,0,,0,,0,0,False,False,False,0.0,singleton
E01412,1,0,1,,0,none,0,,0,,0,0,False,False,False,0.0,singleton
E01413,1,0,1,,0,none,0,,0,,0,0,False,False,False,0.0,singleton
E01414,1,0,1,,0,none,0,,0,,0,0,False,False,False,0.0,singleton
E01415,1,0,1,,0,none,0,,0,,0,0,False,False,False,0.0,singleton
E01416,1,0,1,,0,none,0,,0,,0,0,False,False,False,0.0,singleton
E01417,1,0,1,,0,none,0,,0,,0,0,False,False,False,0.0,singleton
E01418,1,0,1,,0,none,0,,0,,0,0,False,False,False,0.0,singleton
E01419,1,0,1,,0,none,0,,0,,0,0,False,False,False,0.0,singleton
E01420,1,0,1,,0,none,0,,0,,0,0,False,False,False,0.0,singleton
E01421,1,0,1,,0,none,0,,0,,0,0,False,False,False,0.0,singleton
E01422,1,0,1,,0,none,0,,0,,0,0,False,False,False,0.0,singleton
E01423,1,0,1,,0,none,0,,0,,0,0,False,False,False,0.0,singleton
E01424,1,0,1,,0,none,0,,0,,0,0,False,False,False,0.0,singleton
E01425,1,0,1,,0,none,0,,0,,0,0,False,False,False,0.0,singleton
E01426,1,0,1,,0,none,0,,0,,0,0,False,False,False,0.0,singleton
E01427,1,0,1,,0,none,0,,0,,0,0,False,False,False,0.0,singleton
E01428,1,0,1,,0,none,0,,0,,0,0,False,False,False,0.0,singleton
E01429,1,0,1,,0,none,0,,0,,0,0,False,False,False,0.0,singleton
E01430,1,0,1,,0,none,0,,0,,0,0,False,False,False,0.0,singleton
E01431,1,0,1,,0,none,0,,0,,0,0,False,False,False,0.0,singleton
E01432,1,0,1,,0,none,0,,0,,0,0,False,False,False,0.0,singleton
E01433,1,0,1,,0,none,0,,0,,0,0,False,False,False,0.0,singleton
E01434,1,0,1,,0,none,0,,0,,0,0,False,False,False,0.0,singleton
E01435,1,0,1,,0,none,0,,0,,0,0,False,False,False,0.0,singleton
E01436,1,0,1,,0,none,0,,0,,0,0,False,False,False,0.0,singleton
E01437,1,0,1,,0,none,0,,0,,0,0,False,False,False,0.0,singleton
E01438,1,0,1,,0,none,0,,0,,0,0,False,False,False,0.0,singleton
E01439,1,0,1,,0,none,0,,0,,0,0,False,False,False,0.0,singleton
E01440,1,0,1,,0,none,0,,0,,0,0,False,False,False,0.0,singleton
E01441,1,0,1,,0,none,0,,0,,0,0,False,False,False,0.0,singleton
E01442,1,0,1,,0,none,0,,0,,0,0,False,False,False,0.0,singleton
E01443,1,0,1,,0,none,0,,0,,0,0,False,False,False,0.0,singleton
E01444,1,0,1,,0,none,0,,0,,0,0,False,False,False,0.0,singleton
E01445,1,0,1,,0,none,0,,0,,0,0,False,False,False,0.0,singleton
E01446,1,0,1,,0,none,0,,0,,0,0,False,False,False,0.0,singleton
E01447,1,0,1,,0,none,0,,0,,0,0,False,False,False,0.0,singleton
E01448,1,0,1,,0,none,0,,0,,0,0,False,False,False,0.0,singleton
E01449,1,0,1,,0,none,0,,0,,0,0,False,False,False,0.0,singleton
E01450,1,0,1,,0,none,0,,0,,0,0,False,False,False,0.0,singleton
E01451,1,0,1,,0,none,0,,0,,0,0,False,False,False,0.0,singleton
E01452,1,0,1,,0,none,0,,0,,0,0,False,False,False,0.0,singleton
E01453,1,0,1,,0,none,0,,0,,0,0,False,False,False,0.0,singleton
E01454,1,0,1,,0,none,0,,0,,0,0,False,False,False,0.0,singleton
E01455,1,0,1,,0,none,0,,0,,0,0,False,False,False,0.0,singleton
E01456,1,0,1,,0,none,0,,0,,0,0,False,False,False,0.0,singleton
E01457,1,0,1,,0,none,0,,0,,0,0,False,False,False,0.0,singleton
E01458,1,0,1,,0,none,0,,0,,0,0,False,False,False,0.0,singleton
E01459,1,0,1,,0,none,0,,0,,0,0,False,False,False,0.0,singleton
E01460,1,0,1,,0,none,0,,0,,0,0,False,False,False,0.0,singleton
E01461,1,0,1,,0,none,0,,0,,0,0,False,False,False,0.0,singleton
E01462,1,0,1,,0,none,0,,0,,0,0,False,False,False,0.0,singleton
E01463,1,0,1,,0,none,0,,0,,0,0,False,False,False,0.0,singleton
E01464,1,0,1,,0,none,0,,0,,0,0,False,False,False,0.0,singleton
E01465,1,0,1,,0,none,0,,0,,0,0,False,False,False,0.0,singleton
E01466,1,0,1,,0,none,0,,0,,0,0,False,False,False,0.0,singleton
E01467,1,0,1,,0,none,0,,0,,0,0,False,False,False,0.0,singleton
E01468,1,0,1,,0,none,0,,0,,0,0,False,False,False,0.0,singleton
E01469,1,0,1,,0,none,0,,0,,0,0,False,False,False,0.0,singleton
E01470,1,0,1,,0,none,0,,0,,0,0,False,False,False,0.0,singleton
E01471,1,0,1,,0,none,0,,0,,0,0,False,False,False,0.0,singleton
E01472,1,0,1,,0,none,0,,0,,0,0,False,False,False,0.0,singleton
E01473,1,0,1,,0,none,0,,0,,0,0,False,False,False,0.0,singleton
E01474,1,0,1,,0,none,0,,0,,0,0,False,False,False,0.0,singleton
E01475,1,0,1,,0,none,0,,0,,0,0,False,False,False,0.0,singleton
E01476,1,0,1,,0,none,0,,0,,0,0,False,False,False,0.0,singleton
E01477,1,0,1,,0,none,0,,0,,0,0,False,False,False,0.0,singleton
E01478,1,0,1,,0,none,0,,0,,0,0,False,False,False,0.0,singleton
E01479,1,0,1,,0,none,0,,0,,0,0,False,False,False,0.0,singleton
E01480,1,0,1,,0,none,0,,0,,0,0,False,False,False,0.0,singleton
E01481,1,0,1,,0,none,0,,0,,0,0,False,False,False,0.0,singleton
E01482,1,0,1,,0,none,0,,0,,0,0,False,False,False,0.0,singleton
E01483,1,0,1,,0,none,0,,0,,0,0,False,False,False,0.0,singleton
E01484,1,0,1,,0,none,0,,0,,0,0,False,False,False,0.0,singleton
E01485,1,0,1,,0,none,0,,0,,0,0,False,False,False,0.0,singleton
E01486,1,0,1,,0,none,0,,0,,0,0,False,False,False,0.0,singleton
E01487,1,0,1,,0,none,0,,0,,0,0,False,False,False,0.0,singleton
E01488,1,0,1,,0,none,0,,0,,0,0,False,False,False,0.0,singleton
E01489,1,0,1,,0,none,0,,0,,0,0,False,False,False,0.0,singleton
E01490,1,0,1,,0,none,0,,0,,0,0,False,False,False,0.0,singleton
E01491,1,0,1,,0,none,0,,0,,0,0,False,False,False,0.0,singleton
E01492,1,0,1,,0,none,0,,0,,0,0,False,False,False,0.0,singleton
E01493,1,0,1,,0,none,0,,0,,0,0,False,False,False,0.0,singleton
E01494,1,0,1,,0,none,0,,0,,0,0,False,False,False,0.0,singleton
E01495,1,0,1,,0,none,0,,0,,0,0,False,False,False,0.0,singleton
E01496,1,0,1,,0,none,0,,0,,0,0,False,False,False,0.0,singleton
E01497,1,0,1,,0,none,0,,0,,0,0,False,False,False,0.0,singleton
E01498,1,0,1,,0,none,0,,0,,0,0,False,False,False,0.0,singleton
E01499,1,0,1,,0,none,0,,0,,0,0,False,False,False,0.0,singleton
E01500,1,0,1,,0,none,0,,0,,0,0,False,False,False,0.0,singleton
E01501,1,0,1,,0,none,0,,0,,0,0,False,False,False,0.0,singleton
E01502,1,0,1,,0,none,0,,0,,0,0,False,False,False,0.0,singleton
E01503,1,0,1,,0,none,0,,0,,0,0,False,False,False,0.0,singleton
E01504,1,0,1,,0,none,0,,0,,0,0,False,False,False,0.0,singleton
E01505,1,0,1,,0,none,0,,0,,0,0,False,False,False,0.0,singleton
E01506,1,0,1,,0,none,0,,0,,0,0,False,False,False,0.0,singleton
E01507,1,0,1,,0,none,0,,0,,0,0,False,False,False,0.0,singleton
E01508,1,0,1,,0,none,0,,0,,0,0,False,False,False,0.0,singleton
E01509,1,0,1,,0,none,0,,0,,0,0,False,False,False,0.0,singleton
E01510,1,0,1,,0,none,0,,0,,0,0,False,False,False,0.0,singleton
E01511,1,0,1,,0,none,0,,0,,0,0,False,False,False,0.0,singleton
E01512,1,0,1,,0,none,0,,0,,0,0,False,False,False,0.0,singleton
E01513,1,0,1,,0,none,0,,0,,0,0,False,False,False,0.0,singleton
E01514,1,0,1,,0,none,0,,0,,0,0,False,False,False,0.0,singleton
E01515,1,0,1,,0,none,0,,0,,0,0,False,False,False,0.0,singleton
E01516,1,0,1,,0,none,0,,0,,0,0,False,False,False,0.0,singleton
E01517,1,0,1,,0,none,0,,0,,0,0,False,False,False,0.0,singleton
E01518,1,0,1,,0,none,0,,0,,0,0,False,False,False,0.0,singleton
E01519,1,0,1,,0,none,0,,0,,0,0,False,False,False,0.0,singleton
E01520,1,0,1,,0,none,0,,0,,0,0,False,False,False,0.0,singleton
E01521,1,0,1,,0,none,0,,0,,0,0,False,False,False,0.0,singleton
E01522,1,0,1,,0,none,0,,0,,0,0,False,False,False,0.0,singleton
E01523,1,0,1,,0,none,0,,0,,0,0,False,False,False,0.0,singleton
E01524,1,0,1,,0,none,0,,0,,0,0,False,False,False,0.0,singleton
E01525,1,0,1,,0,none,0,,0,,0,0,False,False,False,0.0,singleton
E01526,1,0,1,,0,none,0,,0,,0,0,False,False,False,0.0,singleton
E01527,1,0,1,,0,none,0,,0,,0,0,False,False,False,0.0,singleton
E01528,1,0,1,,0,none,0,,0,,0,0,False,False,False,0.0,singleton
E01529,1,0,1,,0,none,0,,0,,0,0,False,False,False,0.0,singleton
E01530,1,0,1,,0,none,0,,0,,0,0,False,False,False,0.0,singleton
E01531,1,0,1,,0,none,0,,0,,0,0,False,False,False,0.0,singleton
E01532,1,0,1,,0,none,0,,0,,0,0,False,False,False,0.0,singleton
E01533,1,0,1,,0,none,0,,0,,0,0,False,False,False,0.0,singleton
E01534,1,0,1,,0,none,0,,0,,0,0,False,False,False,0.0,singleton
E01535,1,0,1,,0,none,0,,0,,0,0,False,False,False,0.0,singleton
E01536,1,0,1,,0,none,0,,0,,0,0,False,False,False,0.0,singleton
E01537,1,0,1,,0,none,0,,0,,0,0,False,False,False,0.0,singleton
E01538,1,0,1,,0,none,0,,0,,0,0,False,False,False,0.0,singleton
E01539,1,0,1,,0,none,0,,0,,0,0,False,False,False,0.0,singleton
E01540,1,0,1,,0,none,0,,0,,0,0,False,False,False,0.0,singleton
E01541,1,0,1,,0,none,0,,0,,0,0,False,False,False,0.0,singleton
E01542,1,0,1,,0,none,0,,0,,0,0,False,False,False,0.0,singleton
E01543,1,0,1,,0,none,0,,0,,0,0,False,False,False,0.0,singleton
E01544,1,0,1,,0,none,0,,0,,0,0,False,False,False,0.0,singleton
E01545,1,0,1,,0,none,0,,0,,0,0,False,False,False,0.0,singleton
E01546,1,0,1,,0,none,0,,0,,0,0,False,False,False,0.0,singleton
E01547,1,0,1,,0,none,0,,0,,0,0,False,False,False,0.0,singleton
E01548,1,0,1,,0,none,0,,0,,0,0,False,False,False,0.0,singleton
E01549,1,0,1,,0,none,0,,0,,0,0,False,False,False,0.0,singleton
E01550,1,0,1,,0,none,0,,0,,0,0,False,False,False,0.0,singleton
E01551,1,0,1,,0,none,0,,0,,0,0,False,False,False,0.0,singleton
E01552,1,0,1,,0,none,0,,0,,0,0,False,False,False,0.0,singleton
E01553,1,0,1,,0,none,0,,0,,0,0,False,False,False,0.0,singleton
E01554,1,0,1,,0,none,0,,0,,0,0,False,False,False,0.0,singleton
E01555,1,0,1,,0,none,0,,0,,0,0,False,False,False,0.0,singleton
E01556,1,0,1,,0,none,0,,0,,0,0,False,False,False,0.0,singleton
E01557,1,0,1,,0,none,0,,0,,0,0,False,False,False,0.0,singleton
E01558,1,0,1,,0,none,0,,0,,0,0,False,False,False,0.0,singleton
E01559,1,0,1,,0,none,0,,0,,0,0,False,False,False,0.0,singleton
E01560,1,0,1,,0,none,0,,0,,0,0,False,False,False,0.0,singleton
E01561,1,0,1,,0,none,0,,0,,0,0,False,False,False,0.0,singleton
E01562,1,0,1,,0,none,0,,0,,0,0,False,False,False,0.0,singleton
E01563,1,0,1,,0,none,0,,0,,0,0,False,False,False,0.0,singleton
E01564,1,0,1,,0,none,0,,0,,0,0,False,False,False,0.0,singleton
E01565,1,0,1,,0,none,0,,0,,0,0,False,False,False,0.0,singleton
E01566,1,0,1,,0,none,0,,0,,0,0,False,False,False,0.0,singleton
E01567,1,0,1,,0,none,0,,0,,0,0,False,False,False,0.0,singleton
E01568,1,0,1,,0,none,0,,0,,0,0,False,False,False,0.0,singleton
E01569,1,0,1,,0,none,0,,0,,0,0,False,False,False,0.0,singleton
E01570,1,0,1,,0,none,0,,0,,0,0,False,False,False,0.0,singleton
E01571,1,0,1,,0,none,0,,0,,0,0,False,False,False,0.0,singleton
E01572,1,0,1,,0,none,0,,0,,0,0,False,False,False,0.0,singleton
E01573,1,0,1,,0,none,0,,0,,0,0,False,False,False,0.0,singleton
E01574,1,0,1,,0,none,0,,0,,0,0,False,False,False,0.0,singleton
E01575,1,0,1,,0,none,0,,0,,0,0,False,False,False,0.0,singleton
E01576,1,0,1,,0,none,0,,0,,0,0,False,False,False,0.0,singleton
E01577,1,0,1,,0,none,0,,0,,0,0,False,False,False,0.0,singleton
E01578,1,0,1,,0,none,0,,0,,0,0,False,False,False,0.0,singleton
E01579,1,0,1,,0,none,0,,0,,0,0,False,False,False,0.0,singleton
E01580,1,0,1,,0,none,0,,0,,0,0,False,False,False,0.0,singleton
E01581,1,0,1,,0,none,0,,0,,0,0,False,False,False,0.0,singleton
E01582,1,0,1,,0,none,0,,0,,0,0,False,False,False,0.0,singleton
E01583,1,0,1,,0,none,0,,0,,0,0,False,False,False,0.0,singleton
E01584,1,0,1,,0,none,0,,0,,0,0,False,False,False,0.0,singleton
E01585,1,0,1,,0,none,0,,0,,0,0,False,False,False,0.0,singleton
E01586,1,0,1,,0,none,0,,0,,0,0,False,False,False,0.0,singleton
E01587,1,0,1,,0,none,0,,0,,0,0,False,False,False,0.0,singleton
E01588,1,0,1,,0,none,0,,0,,0,0,False,False,False,0.0,singleton
E01589,1,0,1,,0,none,0,,0,,0,0,False,False,False,0.0,singleton
E01590,1,0,1,,0,none,0,,0,,0,0,False,False,False,0.0,singleton
E01591,1,0,1,,0,none,0,,0,,0,0,False,False,False,0.0,singleton
E01592,1,0,1,,0,none,0,,0,,0,0,False,False,False,0.0,singleton
E01593,1,0,1,,0,none,0,,0,,0,0,False,False,False,0.0,singleton
E01594,1,0,1,,0,none,0,,0,,0,0,False,False,False,0.0,singleton
E01595,1,0,1,,0,none,0,,0,,0,0,False,False,False,0.0,singleton
E01596,1,0,1,,0,none,0,,0,,0,0,False,False,False,0.0,singleton
E01597,1,0,1,,0,none,0,,0,,0,0,False,False,False,0.0,singleton
E01598,1,0,1,,0,none,0,,0,,0,0,False,False,False,0.0,singleton
E01599,1,0,1,,0,none,0,,0,,0,0,False,False,False,0.0,singleton
E01600,1,0,1,,0,none,0,,0,,0,0,False,False,False,0.0,singleton
E01601,1,0,1,,0,none,0,,0,,0,0,False,False,False,0.0,singleton
E01602,1,0,1,,0,none,0,,0,,0,0,False,False,False,0.0,singleton
E01603,1,0,1,,0,none,0,,0,,0,0,False,False,False,0.0,singleton
E01604,1,0,1,,0,none,0,,0,,0,0,False,False,False,0.0,singleton
E01605,1,0,1,,0,none,0,,0,,0,0,False,False,False,0.0,singleton
E01606,1,0,1,,0,none,0,,0,,0,0,False,False,False,0.0,singleton
E01607,1,0,1,,0,none,0,,0,,0,0,False,False,False,0.0,singleton
E01608,1,0,1,,0,none,0,,0,,0,0,False,False,False,0.0,singleton
E01609,1,0,1,,0,none,0,,0,,0,0,False,False,False,0.0,singleton
E01610,1,0,1,,0,none,0,,0,,0,0,False,False,False,0.0,singleton
E01611,1,0,1,,0,none,0,,0,,0,0,False,False,False,0.0,singleton
E01612,1,0,1,,0,none,0,,0,,0,0,False,False,False,0.0,singleton
E01613,1,0,1,,0,none,0,,0,,0,0,False,False,False,0.0,singleton
E01614,1,0,1,,0,none,0,,0,,0,0,False,False,False,0.0,singleton
E01615,1,0,1,,0,none,0,,0,,0,0,False,False,False,0.0,singleton
E01616,1,0,1,,0,none,0,,0,,0,0,False,False,False,0.0,singleton
E01617,1,0,1,,0,none,0,,0,,0,0,False,False,False,0.0,singleton
E01618,1,0,1,,0,none,0,,0,,0,0,False,False,False,0.0,singleton
E01619,1,0,1,,0,none,0,,0,,0,0,False,False,False,0.0,singleton
E01620,1,0,1,,0,none,0,,0,,0,0,False,False,False,0.0,singleton
E01621,1,0,1,,0,none,0,,0,,0,0,False,False,False,0.0,singleton
E01622,1,0,1,,0,none,0,,0,,0,0,False,False,False,0.0,singleton
E01623,1,0,1,,0,none,0,,0,,0,0,False,False,False,0.0,singleton
E01624,1,0,1,,0,none,0,,0,,0,0,False,False,False,0.0,singleton
E01625,1,0,1,,0,none,0,,0,,0,0,False,False,False,0.0,singleton
E01626,1,0,1,,0,none,0,,0,,0,0,False,False,False,0.0,singleton
E01627,1,0,1,,0,none,0,,0,,0,0,False,False,False,0.0,singleton
E01628,1,0,1,,0,none,0,,0,,0,0,False,False,False,0.0,singleton
E01629,1,0,1,,0,none,0,,0,,0,0,False,False,False,0.0,singleton
E01630,1,0,1,,0,none,0,,0,,0,0,False,False,False,0.0,singleton
E01631,1,0,1,,0,none,0,,0,,0,0,False,False,False,0.0,singleton
E01632,1,0,1,,0,none,0,,0,,0,0,False,False,False,0.0,singleton
E01633,1,0,1,,0,none,0,,0,,0,0,False,False,False,0.0,singleton
E01634,1,0,1,,0,none,0,,0,,0,0,False,False,False,0.0,singleton
E01635,1,0,1,,0,none,0,,0,,0,0,False,False,False,0.0,singleton
E01636,1,0,1,,0,none,0,,0,,0,0,False,False,False,0.0,singleton
E01637,1,0,1,,0,none,0,,0,,0,0,False,False,False,0.0,singleton
E01638,1,0,1,,0,none,0,,0,,0,0,False,False,False,0.0,singleton
E01639,1,0,1,,0,none,0,,0,,0,0,False,False,False,0.0,singleton
E01640,1,0,1,,0,none,0,,0,,0,0,False,False,False,0.0,singleton
E01641,1,0,1,,0,none,0,,0,,0,0,False,False,False,0.0,singleton
E01642,1,0,1,,0,none,0,,0,,0,0,False,False,False,0.0,singleton
E01643,1,0,1,,0,none,0,,0,,0,0,False,False,False,0.0,singleton
E01644,1,0,1,,0,none,0,,0,,0,0,False,False,False,0.0,singleton
E01645,1,0,1,,0,none,0,,0,,0,0,False,False,False,0.0,singleton
E01646,1,0,1,,0,none,0,,0,,0,0,False,False,False,0.0,singleton
E01647,1,0,1,,0,none,0,,0,,0,0,False,False,False,0.0,singleton
E01648,1,0,1,,0,none,0,,0,,0,0,False,False,False,0.0,singleton
E01649,1,0,1,,0,none,0,,0,,0,0,False,False,False,0.0,singleton
E01650,1,0,1,,0,none,0,,0,,0,0,False,False,False,0.0,singleton
E01651,1,0,1,,0,none,0,,0,,0,0,False,False,False,0.0,singleton
E01652,1,0,1,,0,none,0,,0,,0,0,False,False,False,0.0,singleton
E01653,1,0,1,,0,none,0,,0,,0,0,False,False,False,0.0,singleton
E01654,1,0,1,,0,none,0,,0,,0,0,False,False,False,0.0,singleton
E01655,1,0,1,,0,none,0,,0,,0,0,False,False,False,0.0,singleton
E01656,1,0,1,,0,none,0,,0,,0,0,False,False,False,0.0,singleton
E01657,1,0,1,,0,none,0,,0,,0,0,False,False,False,0.0,singleton
E01658,1,0,1,,0,none,0,,0,,0,0,False,False,False,0.0,singleton
E01659,1,0,1,,0,none,0,,0,,0,0,False,False,False,0.0,singleton
E01660,1,0,1,,0,none,0,,0,,0,0,False,False,False,0.0,singleton
E01661,1,0,1,,0,none,0,,0,,0,0,False,False,False,0.0,singleton
E01662,1,0,1,,0,none,0,,0,,0,0,False,False,False,0.0,singleton
E01663,1,0,1,,0,none,0,,0,,0,0,False,False,False,0.0,singleton
E01664,1,0,1,,0,none,0,,0,,0,0,False,False,False,0.0,singleton
E01665,1,0,1,,0,none,0,,0,,0,0,False,False,False,0.0,singleton
E01666,1,0,1,,0,none,0,,0,,0,0,False,False,False,0.0,singleton
E01667,1,0,1,,0,none,0,,0,,0,0,False,False,False,0.0,singleton
E01668,1,0,1,,0,none,0,,0,,0,0,False,False,False,0.0,singleton
E01669,1,0,1,,0,none,0,,0,,0,0,False,False,False,0.0,singleton
E01670,1,0,1,,0,none,0,,0,,0,0,False,False,False,0.0,singleton
E01671,1,0,1,,0,none,0,,0,,0,0,False,False,False,0.0,singleton
E01672,1,0,1,,0,none,0,,0,,0,0,False,False,False,0.0,singleton
E01673,1,0,1,,0,none,0,,0,,0,0,False,False,False,0.0,singleton
E01674,1,0,1,,0,none,0,,0,,0,0,False,False,False,0.0,singleton
E01675,1,0,1,,0,none,0,,0,,0,0,False,False,False,0.0,singleton
E01676,1,0,1,,0,none,0,,0,,0,0,False,False,False,0.0,singleton
E01677,1,0,1,,0,none,0,,0,,0,0,False,False,False,0.0,singleton
E01678,1,0,1,,0,none,0,,0,,0,0,False,False,False,0.0,singleton
E01679,1,0,1,,0,none,0,,0,,0,0,False,False,False,0.0,singleton
E01680,1,0,1,,0,none,0,,0,,0,0,False,False,False,0.0,singleton
E01681,1,0,1,,0,none,0,,0,,0,0,False,False,False,0.0,singleton
E01682,1,0,1,,0,none,0,,0,,0,0,False,False,False,0.0,singleton
E01683,1,0,1,,0,none,0,,0,,0,0,False,False,False,0.0,singleton
E01684,1,0,1,,0,none,0,,0,,0,0,False,False,False,0.0,singleton
E01685,1,0,1,,0,none,0,,0,,0,0,False,False,False,0.0,singleton
E01686,1,0,1,,0,none,0,,0,,0,0,False,False,False,0.0,singleton
E01687,1,0,1,,0,none,0,,0,,0,0,False,False,False,0.0,singleton
E01688,1,0,1,,0,none,0,,0,,0,0,False,False,False,0.0,singleton
E01689,1,0,1,,0,none,0,,0,,0,0,False,False,False,0.0,singleton
E01690,1,0,1,,0,none,0,,0,,0,0,False,False,False,0.0,singleton
E01691,1,0,1,,0,none,0,,0,,0,0,False,False,False,0.0,singleton
E01692,1,0,1,,0,none,0,,0,,0,0,False,False,False,0.0,singleton
E01693,1,0,1,,0,none,0,,0,,0,0,False,False,False,0.0,singleton
E01694,1,0,1,,0,none,0,,0,,0,0,False,False,False,0.0,singleton
E01695,1,0,1,,0,none,0,,0,,0,0,False,False,False,0.0,singleton
E01696,1,0,1,,0,none,0,,0,,0,0,False,False,False,0.0,singleton
E01697,1,0,1,,0,none,0,,0,,0,0,False,False,False,0.0,singleton
E01698,1,0,1,,0,none,0,,0,,0,0,False,False,False,0.0,singleton
E01699,1,0,1,,0,none,0,,0,,0,0,False,False,False,0.0,singleton
E01700,1,0,1,,0,none,0,,0,,0,0,False,False,False,0.0,singleton
E01701,1,0,1,,0,none,0,,0,,0,0,False,False,False,0.0,singleton
E01702,1,0,1,,0,none,0,,0,,0,0,False,False,False,0.0,singleton
E01703,1,0,1,,0,none,0,,0,,0,0,False,False,False,0.0,singleton
E01704,1,0,1,,0,none,0,,0,,0,0,False,False,False,0.0,singleton
E01705,1,0,1,,0,none,0,,0,,0,0,False,False,False,0.0,singleton
E01706,1,0,1,,0,none,0,,0,,0,0,False,False,False,0.0,singleton
E01707,1,0,1,,0,none,0,,0,,0,0,False,False,False,0.0,singleton
E01708,1,0,1,,0,none,0,,0,,0,0,False,False,False,0.0,singleton
E01709,1,0,1,,0,none,0,,0,,0,0,False,False,False,0.0,singleton
E01710,1,0,1,,0,none,0,,0,,0,0,False,False,False,0.0,singleton
E01711,1,0,1,,0,none,0,,0,,0,0,False,False,False,0.0,singleton
E01712,1,0,1,,0,none,0,,0,,0,0,False,False,False,0.0,singleton
E01713,1,0,1,,0,none,0,,0,,0,0,False,False,False,0.0,singleton
E01714,1,0,1,,0,none,0,,0,,0,0,False,False,False,0.0,singleton
E01715,1,0,1,,0,none,0,,0,,0,0,False,False,False,0.0,singleton
E01716,1,0,1,,0,none,0,,0,,0,0,False,False,False,0.0,singleton
E01717,1,0,1,,0,none,0,,0,,0,0,False,False,False,0.0,singleton
E01718,1,0,1,,0,none,0,,0,,0,0,False,False,False,0.0,singleton
E01719,1,0,1,,0,none,0,,0,,0,0,False,False,False,0.0,singleton
E01720,1,0,1,,0,none,0,,0,,0,0,False,False,False,0.0,singleton
E01721,1,0,1,,0,none,0,,0,,0,0,False,False,False,0.0,singleton
E01722,1,0,1,,0,none,0,,0,,0,0,False,False,False,0.0,singleton
E01723,1,0,1,,0,none,0,,0,,0,0,False,False,False,0.0,singleton
E01724,1,0,1,,0,none,0,,0,,0,0,False,False,False,0.0,singleton
E01725,1,0,1,,0,none,0,,0,,0,0,False,False,False,0.0,singleton
E01726,1,0,1,,0,none,0,,0,,0,0,False,False,False,0.0,singleton
E01727,1,0,1,,0,none,0,,0,,0,0,False,False,False,0.0,singleton
E01728,1,0,1,,0,none,0,,0,,0,0,False,False,False,0.0,singleton
E01729,1,0,1,,0,none,0,,0,,0,0,False,False,False,0.0,singleton
E01730,1,0,1,,0,none,0,,0,,0,0,False,False,False,0.0,singleton
E01731,1,0,1,,0,none,0,,0,,0,0,False,False,False,0.0,singleton
E01732,1,0,1,,0,none,0,,0,,0,0,False,False,False,0.0,singleton
E01733,1,0,1,,0,none,0,,0,,0,0,False,False,False,0.0,singleton
E01734,1,0,1,,0,none,0,,0,,0,0,False,False,False,0.0,singleton
E01735,1,0,1,,0,none,0,,0,,0,0,False,False,False,0.0,singleton
E01736,1,0,1,,0,none,0,,0,,0,0,False,False,False,0.0,singleton
E01737,1,0,1,,0,none,0,,0,,0,0,False,False,False,0.0,singleton
E01738,1,0,1,,0,none,0,,0,,0,0,False,False,False,0.0,singleton
E01739,1,0,1,,0,none,0,,0,,0,0,False,False,False,0.0,singleton
E01740,1,0,1,,0,none,0,,0,,0,0,False,False,False,0.0,singleton
E01741,1,0,1,,0,none,0,,0,,0,0,False,False,False,0.0,singleton
E01742,1,0,1,,0,none,0,,0,,0,0,False,False,False,0.0,singleton
E01743,1,0,1,,0,none,0,,0,,0,0,False,False,False,0.0,singleton
E01744,1,0,1,,0,none,0,,0,,0,0,False,False,False,0.0,singleton
E01745,1,0,1,,0,none,0,,0,,0,0,False,False,False,0.0,singleton
E01746,1,0,1,,0,none,0,,0,,0,0,False,False,False,0.0,singleton
E01747,1,0,1,,0,none,0,,0,,0,0,False,False,False,0.0,singleton
E01748,1,0,1,,0,none,0,,0,,0,0,False,False,False,0.0,singleton
E01749,1,0,1,,0,none,0,,0,,0,0,False,False,False,0.0,singleton
E01750,1,0,1,,0,none,0,,0,,0,0,False,False,False,0.0,singleton
E01751,1,0,1,,0,none,0,,0,,0,0,False,False,False,0.0,singleton
E01752,1,0,1,,0,none,0,,0,,0,0,False,False,False,0.0,singleton
E01753,1,0,1,,0,none,0,,0,,0,0,False,False,False,0.0,singleton
E01754,1,0,1,,0,none,0,,0,,0,0,False,False,False,0.0,singleton
E01755,1,0,1,,0,none,0,,0,,0,0,False,False,False,0.0,singleton
E01756,1,0,1,,0,none,0,,0,,0,0,False,False,False,0.0,singleton
E01757,1,0,1,,0,none,0,,0,,0,0,False,False,False,0.0,singleton
E01758,1,0,1,,0,none,0,,0,,0,0,False,False,False,0.0,singleton
E01759,1,0,1,,0,none,0,,0,,0,0,False,False,False,0.0,singleton
E01760,1,0,1,,0,none,0,,0,,0,0,False,False,False,0.0,singleton
E01761,1,0,1,,0,none,0,,0,,0,0,False,False,False,0.0,singleton
E01762,1,0,1,,0,none,0,,0,,0,0,False,False,False,0.0,singleton
E01763,1,0,1,,0,none,0,,0,,0,0,False,False,False,0.0,singleton
E01764,1,0,1,,0,none,0,,0,,0,0,False,False,False,0.0,singleton
E01765,1,0,1,,0,none,0,,0,,0,0,False,False,False,0.0,singleton
E01766,1,0,1,,0,none,0,,0,,0,0,False,False,False,0.0,singleton
E01767,1,0,1,,0,none,0,,0,,0,0,False,False,False,0.0,singleton
E01768,1,0,1,,0,none,0,,0,,0,0,False,False,False,0.0,singleton
E01769,1,0,1,,0,none,0,,0,,0,0,False,False,False,0.0,singleton
E01770,1,0,1,,0,none,0,,0,,0,0,False,False,False,0.0,singleton
E01771,1,0,1,,0,none,0,,0,,0,0,False,False,False,0.0,singleton
E01772,1,0,1,,0,none,0,,0,,0,0,False,False,False,0.0,singleton
E01773,1,0,1,,0,none,0,,0,,0,0,False,False,False,0.0,singleton
E01774,1,0,1,,0,none,0,,0,,0,0,False,False,False,0.0,singleton
E01775,1,0,1,,0,none,0,,0,,0,0,False,False,False,0.0,singleton
E01776,1,0,1,,0,none,0,,0,,0,0,False,False,False,0.0,singleton
E01777,1,0,1,,0,none,0,,0,,0,0,False,False,False,0.0,singleton
E01778,1,0,1,,0,none,0,,0,,0,0,False,False,False,0.0,singleton
E01779,1,0,1,,0,none,0,,0,,0,0,False,False,False,0.0,singleton
E01780,1,0,1,,0,none,0,,0,,0,0,False,False,False,0.0,singleton
E01781,1,0,1,,0,none,0,,0,,0,0,False,False,False,0.0,singleton
E01782,1,0,1,,0,none,0,,0,,0,0,False,False,False,0.0,singleton
E01783,1,0,1,,0,none,0,,0,,0,0,False,False,False,0.0,singleton
E01784,1,0,1,,0,none,0,,0,,0,0,False,False,False,0.0,singleton
E01785,1,0,1,,0,none,0,,0,,0,0,False,False,False,0.0,singleton
E01786,1,0,1,,0,none,0,,0,,0,0,False,False,False,0.0,singleton
E01787,1,0,1,,0,none,0,,0,,0,0,False,False,False,0.0,singleton
E01788,1,0,1,,0,none,0,,0,,0,0,False,False,False,0.0,singleton
E01789,1,0,1,,0,none,0,,0,,0,0,False,False,False,0.0,singleton
E01790,1,0,1,,0,none,0,,0,,0,0,False,False,False,0.0,singleton
E01791,1,0,1,,0,none,0,,0,,0,0,False,False,False,0.0,singleton
E01792,1,0,1,,0,none,0,,0,,0,0,False,False,False,0.0,singleton
E01793,1,0,1,,0,none,0,,0,,0,0,False,False,False,0.0,singleton
E01794,1,0,1,,0,none,0,,0,,0,0,False,False,False,0.0,singleton
E01795,1,0,1,,0,none,0,,0,,0,0,False,False,False,0.0,singleton
E01796,1,0,1,,0,none,0,,0,,0,0,False,False,False,0.0,singleton
E01797,1,0,1,,0,none,0,,0,,0,0,False,False,False,0.0,singleton
E01798,1,0,1,,0,none,0,,0,,0,0,False,False,False,0.0,singleton
E01799,1,0,1,,0,none,0,,0,,0,0,False,False,False,0.0,singleton
E01800,1,0,1,,0,none,0,,0,,0,0,False,False,False,0.0,singleton
E01801,1,0,1,,0,none,0,,0,,0,0,False,False,False,0.0,singleton
E01802,1,0,1,,0,none,0,,0,,0,0,False,False,False,0.0,singleton
E01803,1,0,1,,0,none,0,,0,,0,0,False,False,False,0.0,singleton
E01804,1,0,1,,0,none,0,,0,,0,0,False,False,False,0.0,singleton
E01805,1,0,1,,0,none,0,,0,,0,0,False,False,False,0.0,singleton
E01806,1,0,1,,0,none,0,,0,,0,0,False,False,False,0.0,singleton
E01807,1,0,1,,0,none,0,,0,,0,0,False,False,False,0.0,singleton
E01808,1,0,1,,0,none,0,,0,,0,0,False,False,False,0.0,singleton
E01809,1,0,1,,0,none,0,,0,,0,0,False,False,False,0.0,singleton
E01810,1,0,1,,0,none,0,,0,,0,0,False,False,False,0.0,singleton
E01811,1,0,1,,0,none,0,,0,,0,0,False,False,False,0.0,singleton
E01812,1,0,1,,0,none,0,,0,,0,0,False,False,False,0.0,singleton
E01813,1,0,1,,0,none,0,,0,,0,0,False,False,False,0.0,singleton
E01814,1,0,1,,0,none,0,,0,,0,0,False,False,False,0.0,singleton
E01815,1,0,1,,0,none,0,,0,,0,0,False,False,False,0.0,singleton
E01816,1,0,1,,0,none,0,,0,,0,0,False,False,False,0.0,singleton
E01817,1,0,1,,0,none,0,,0,,0,0,False,False,False,0.0,singleton
E01818,1,0,1,,0,none,0,,0,,0,0,False,False,False,0.0,singleton
E01819,1,0,1,,0,none,0,,0,,0,0,False,False,False,0.0,singleton
E01820,1,0,1,,0,none,0,,0,,0,0,False,False,False,0.0,singleton
E01821,1,0,1,,0,none,0,,0,,0,0,False,False,False,0.0,singleton
E01822,1,0,1,,0,none,0,,0,,0,0,False,False,False,0.0,singleton
E01823,1,0,1,,0,none,0,,0,,0,0,False,False,False,0.0,singleton
E01824,1,0,1,,0,none,0,,0,,0,0,False,False,False,0.0,singleton
E01825,1,0,1,,0,none,0,,0,,0,0,False,False,False,0.0,singleton
E01826,1,0,1,,0,none,0,,0,,0,0,False,False,False,0.0,singleton
E01827,1,0,1,,0,none,0,,0,,0,0,False,False,False,0.0,singleton
E01828,1,0,1,,0,none,0,,0,,0,0,False,False,False,0.0,singleton
E01829,1,0,1,,0,none,0,,0,,0,0,False,False,False,0.0,singleton
E01830,1,0,1,,0,none,0,,0,,0,0,False,False,False,0.0,singleton
E01831,1,0,1,,0,none,0,,0,,0,0,False,False,False,0.0,singleton
E01832,1,0,1,,0,none,0,,0,,0,0,False,False,False,0.0,singleton
E01833,1,0,1,,0,none,0,,0,,0,0,False,False,False,0.0,singleton
E01834,1,0,1,,0,none,0,,0,,0,0,False,False,False,0.0,singleton
E01835,1,0,1,,0,none,0,,0,,0,0,False,False,False,0.0,singleton
E01836,1,0,1,,0,none,0,,0,,0,0,False,False,False,0.0,singleton
E01837,1,0,1,,0,none,0,,0,,0,0,False,False,False,0.0,singleton
E01838,1,0,1,,0,none,0,,0,,0,0,False,False,False,0.0,singleton
E01839,1,0,1,,0,none,0,,0,,0,0,False,False,False,0.0,singleton
E01840,1,0,1,,0,none,0,,0,,0,0,False,False,False,0.0,singleton
E01841,1,0,1,,0,none,0,,0,,0,0,False,False,False,0.0,singleton
E01842,1,0,1,,0,none,0,,0,,0,0,False,False,False,0.0,singleton
E01843,1,0,1,,0,none,0,,0,,0,0,False,False,False,0.0,singleton
E01844,1,0,1,,0,none,0,,0,,0,0,False,False,False,0.0,singleton
E01845,1,0,1,,0,none,0,,0,,0,0,False,False,False,0.0,singleton
E01846,1,0,1,,0,none,0,,0,,0,0,False,False,False,0.0,singleton
E01847,1,0,1,,0,none,0,,0,,0,0,False,False,False,0.0,singleton
E01848,1,0,1,,0,none,0,,0,,0,0,False,False,False,0.0,singleton
E01849,1,0,1,,0,none,0,,0,,0,0,False,False,False,0.0,singleton
E01850,1,0,1,,0,none,0,,0,,0,0,False,False,False,0.0,singleton
E01851,1,0,1,,0,none,0,,0,,0,0,False,False,False,0.0,singleton
E01852,1,0,1,,0,none,0,,0,,0,0,False,False,False,0.0,singleton
E01853,1,0,1,,0,none,0,,0,,0,0,False,False,False,0.0,singleton
E01854,1,0,1,,0,none,0,,0,,0,0,False,False,False,0.0,singleton
E01855,1,0,1,,0,none,0,,0,,0,0,False,False,False,0.0,singleton
E01856,1,0,1,,0,none,0,,0,,0,0,False,False,False,0.0,singleton
E01857,1,0,1,,0,none,0,,0,,0,0,False,False,False,0.0,singleton
E01858,1,0,1,,0,none,0,,0,,0,0,False,False,False,0.0,singleton
E01859,1,0,1,,0,none,0,,0,,0,0,False,False,False,0.0,singleton
E01860,1,0,1,,0,none,0,,0,,0,0,False,False,False,0.0,singleton
E01861,1,0,1,,0,none,0,,0,,0,0,False,False,False,0.0,singleton
E01862,1,0,1,,0,none,0,,0,,0,0,False,False,False,0.0,singleton
E01863,1,0,1,,0,none,0,,0,,0,0,False,False,False,0.0,singleton
E01864,1,0,1,,0,none,0,,0,,0,0,False,False,False,0.0,singleton
E01865,1,0,1,,0,none,0,,0,,0,0,False,False,False,0.0,singleton
E01866,1,0,1,,0,none,0,,0,,0,0,False,False,False,0.0,singleton
E01867,1,0,1,,0,none,0,,0,,0,0,False,False,False,0.0,singleton
E01868,1,0,1,,0,none,0,,0,,0,0,False,False,False,0.0,singleton
E01869,1,0,1,,0,none,0,,0,,0,0,False,False,False,0.0,singleton
E01870,1,0,1,,0,none,0,,0,,0,0,False,False,False,0.0,singleton
E01871,1,0,1,,0,none,0,,0,,0,0,False,False,False,0.0,singleton
E01872,1,0,1,,0,none,0,,0,,0,0,False,False,False,0.0,singleton
E01873,1,0,1,,0,none,0,,0,,0,0,False,False,False,0.0,singleton
E01874,1,0,1,,0,none,0,,0,,0,0,False,False,False,0.0,singleton
E01875,1,0,1,,0,none,0,,0,,0,0,False,False,False,0.0,singleton
E01876,1,0,1,,0,none,0,,0,,0,0,False,False,False,0.0,singleton
E01877,1,0,1,,0,none,0,,0,,0,0,False,False,False,0.0,singleton
E01878,1,0,1,,0,none,0,,0,,0,0,False,False,False,0.0,singleton
E01879,1,0,1,,0,none,0,,0,,0,0,False,False,False,0.0,singleton
E01880,1,0,1,,0,none,0,,0,,0,0,False,False,False,0.0,singleton
E01881,1,0,1,,0,none,0,,0,,0,0,False,False,False,0.0,singleton
E01882,1,0,1,,0,none,0,,0,,0,0,False,False,False,0.0,singleton
E01883,1,0,1,,0,none,0,,0,,0,0,False,False,False,0.0,singleton
E01884,1,0,1,,0,none,0,,0,,0,0,False,False,False,0.0,singleton
E01885,1,0,1,,0,none,0,,0,,0,0,False,False,False,0.0,singleton
E01886,1,0,1,,0,none,0,,0,,0,0,False,False,False,0.0,singleton
E01887,1,0,1,,0,none,0,,0,,0,0,False,False,False,0.0,singleton
E01888,1,0,1,,0,none,0,,0,,0,0,False,False,False,0.0,singleton
E01889,1,0,1,,0,none,0,,0,,0,0,False,False,False,0.0,singleton
E01890,1,0,1,,0,none,0,,0,,0,0,False,False,False,0.0,singleton
E01891,1,0,1,,0,none,0,,0,,0,0,False,False,False,0.0,singleton
E01892,1,0,1,,0,none,0,,0,,0,0,False,False,False,0.0,singleton
E01893,1,0,1,,0,none,0,,0,,0,0,False,False,False,0.0,singleton
E01894,1,0,1,,0,none,0,,0,,0,0,False,False,False,0.0,singleton
E01895,1,0,1,,0,none,0,,0,,0,0,False,False,False,0.0,singleton
E01896,1,0,1,,0,none,0,,0,,0,0,False,False,False,0.0,singleton
E01897,1,0,1,,0,none,0,,0,,0,0,False,False,False,0.0,singleton
E01898,1,0,1,,0,none,0,,0,,0,0,False,False,False,0.0,singleton
E01899,1,0,1,,0,none,0,,0,,0,0,False,False,False,0.0,singleton
E01900,1,0,1,,0,none,0,,0,,0,0,False,False,False,0.0,singleton
E01901,1,0,1,,0,none,0,,0,,0,0,False,False,False,0.0,singleton
E01902,1,0,1,,0,none,0,,0,,0,0,False,False,False,0.0,singleton
E01903,1,0,1,,0,none,0,,0,,0,0,False,False,False,0.0,singleton
E01904,1,0,1,,0,none,0,,0,,0,0,False,False,False,0.0,singleton
E01905,1,0,1,,0,none,0,,0,,0,0,False,False,False,0.0,singleton
E01906,1,0,1,,0,none,0,,0,,0,0,False,False,False,0.0,singleton
E01907,1,0,1,,0,none,0,,0,,0,0,False,False,False,0.0,singleton
E01908,1,0,1,,0,none,0,,0,,0,0,False,False,False,0.0,singleton
E01909,1,0,1,,0,none,0,,0,,0,0,False,False,False,0.0,singleton
E01910,1,0,1,,0,none,0,,0,,0,0,False,False,False,0.0,singleton
E01911,1,0,1,,0,none,0,,0,,0,0,False,False,False,0.0,singleton
E01912,1,0,1,,0,none,0,,0,,0,0,False,False,False,0.0,singleton
E01913,1,0,1,,0,none,0,,0,,0,0,False,False,False,0.0,singleton
E01914,1,0,1,,0,none,0,,0,,0,0,False,False,False,0.0,singleton
E01915,1,0,1,,0,none,0,,0,,0,0,False,False,False,0.0,singleton
E01916,1,0,1,,0,none,0,,0,,0,0,False,False,False,0.0,singleton
E01917,1,0,1,,0,none,0,,0,,0,0,False,False,False,0.0,singleton
E01918,1,0,1,,0,none,0,,0,,0,0,False,False,False,0.0,singleton
E01919,1,0,1,,0,none,0,,0,,0,0,False,False,False,0.0,singleton
E01920,1,0,1,,0,none,0,,0,,0,0,False,False,False,0.0,singleton
E01921,1,0,1,,0,none,0,,0,,0,0,False,False,False,0.0,singleton
E01922,1,0,1,,0,none,0,,0,,0,0,False,False,False,0.0,singleton
E01923,1,0,1,,0,none,0,,0,,0,0,False,False,False,0.0,singleton
E01924,1,0,1,,0,none,0,,0,,0,0,False,False,False,0.0,singleton
E01925,1,0,1,,0,none,0,,0,,0,0,False,False,False,0.0,singleton
E01926,1,0,1,,0,none,0,,0,,0,0,False,False,False,0.0,singleton
E01927,1,0,1,,0,none,0,,0,,0,0,False,False,False,0.0,singleton
E01928,1,0,1,,0,none,0,,0,,0,0,False,False,False,0.0,singleton
E01929,1,0,1,,0,none,0,,0,,0,0,False,False,False,0.0,singleton
E01930,1,0,1,,0,none,0,,0,,0,0,False,False,False,0.0,singleton
E01931,1,0,1,,0,none,0,,0,,0,0,False,False,False,0.0,singleton
E01932,1,0,1,,0,none,0,,0,,0,0,False,False,False,0.0,singleton
E01933,1,0,1,,0,none,0,,0,,0,0,False,False,False,0.0,singleton
E01934,1,0,1,,0,none,0,,0,,0,0,False,False,False,0.0,singleton
E01935,1,0,1,,0,none,0,,0,,0,0,False,False,False,0.0,singleton
E01936,1,0,1,,0,none,0,,0,,0,0,False,False,False,0.0,singleton
E01937,1,0,1,,0,none,0,,0,,0,0,False,False,False,0.0,singleton
E01938,1,0,1,,0,none,0,,0,,0,0,False,False,False,0.0,singleton
E01939,1,0,1,,0,none,0,,0,,0,0,False,False,False,0.0,singleton
E01940,1,0,1,,0,none,0,,0,,0,0,False,False,False,0.0,singleton
E01941,1,0,1,,0,none,0,,0,,0,0,False,False,False,0.0,singleton
E01942,1,0,1,,0,none,0,,0,,0,0,False,False,False,0.0,singleton
E01943,1,0,1,,0,none,0,,0,,0,0,False,False,False,0.0,singleton
E01944,1,0,1,,0,none,0,,0,,0,0,False,False,False,0.0,singleton
E01945,1,0,1,,0,none,0,,0,,0,0,False,False,False,0.0,singleton
E01946,1,0,1,,0,none,0,,0,,0,0,False,False,False,0.0,singleton
E01947,1,0,1,,0,none,0,,0,,0,0,False,False,False,0.0,singleton
E01948,1,0,1,,0,none,0,,0,,0,0,False,False,False,0.0,singleton
E01949,1,0,1,,0,none,0,,0,,0,0,False,False,False,0.0,singleton
E01950,1,0,1,,0,none,0,,0,,0,0,False,False,False,0.0,singleton
E01951,1,0,1,,0,none,0,,0,,0,0,False,False,False,0.0,singleton
E01952,1,0,1,,0,none,0,,0,,0,0,False,False,False,0.0,singleton
E01953,1,0,1,,0,none,0,,0,,0,0,False,False,False,0.0,singleton
E01954,1,0,1,,0,none,0,,0,,0,0,False,False,False,0.0,singleton
E01955,1,0,1,,0,none,0,,0,,0,0,False,False,False,0.0,singleton
E01956,1,0,1,,0,none,0,,0,,0,0,False,False,False,0.0,singleton
E01957,1,0,1,,0,none,0,,0,,0,0,False,False,False,0.0,singleton
E01958,1,0,1,,0,none,0,,0,,0,0,False,False,False,0.0,singleton
E01959,1,0,1,,0,none,0,,0,,0,0,False,False,False,0.0,singleton
E01960,1,0,1,,0,none,0,,0,,0,0,False,False,False,0.0,singleton
E01961,1,0,1,,0,none,0,,0,,0,0,False,False,False,0.0,singleton
E01962,1,0,1,,0,none,0,,0,,0,0,False,False,False,0.0,singleton
E01963,1,0,1,,0,none,0,,0,,0,0,False,False,False,0.0,singleton
E01964,1,0,1,,0,none,0,,0,,0,0,False,False,False,0.0,singleton
E01965,1,0,1,,0,none,0,,0,,0,0,False,False,False,0.0,singleton
E01966,1,0,1,,0,none,0,,0,,0,0,False,False,False,0.0,singleton
E01967,1,0,1,,0,none,0,,0,,0,0,False,False,False,0.0,singleton
E01968,1,0,1,,0,none,0,,0,,0,0,False,False,False,0.0,singleton
E01969,1,0,1,,0,none,0,,0,,0,0,False,False,False,0.0,singleton
E01970,1,0,1,,0,none,0,,0,,0,0,False,False,False,0.0,singleton
E01971,1,0,1,,0,none,0,,0,,0,0,False,False,False,0.0,singleton
E01972,1,0,1,,0,none,0,,0,,0,0,False,False,False,0.0,singleton
E01973,1,0,1,,0,none,0,,0,,0,0,False,False,False,0.0,singleton
E01974,1,0,1,,0,none,0,,0,,0,0,False,False,False,0.0,singleton
E01975,1,0,1,,0,none,0,,0,,0,0,False,False,False,0.0,singleton
E01976,1,0,1,,0,none,0,,0,,0,0,False,False,False,0.0,singleton
E01977,1,0,1,,0,none,0,,0,,0,0,False,False,False,0.0,singleton
E01978,1,0,1,,0,none,0,,0,,0,0,False,False,False,0.0,singleton
E01979,1,0,1,,0,none,0,,0,,0,0,False,False,False,0.0,singleton
E01980,1,0,1,,0,none,0,,0,,0,0,False,False,False,0.0,singleton
E01981,1,0,1,,0,none,0,,0,,0,0,False,False,False,0.0,singleton
E01982,1,0,1,,0,none,0,,0,,0,0,False,False,False,0.0,singleton
E01983,1,0,1,,0,none,0,,0,,0,0,False,False,False,0.0,singleton
E01984,1,0,1,,0,none,0,,0,,0,0,False,False,False,0.0,singleton
E01985,1,0,1,,0,none,0,,0,,0,0,False,False,False,0.0,singleton
E01986,1,0,1,,0,none,0,,0,,0,0,False,False,False,0.0,singleton
E01987,1,0,1,,0,none,0,,0,,0,0,False,False,False,0.0,singleton
E01988,1,0,1,,0,none,0,,0,,0,0,False,False,False,0.0,singleton
E01989,1,0,1,,0,none,0,,0,,0,0,False,False,False,0.0,singleton
E01990,1,0,1,,0,none,0,,0,,0,0,False,False,False,0.0,singleton
E01991,1,0,1,,0,none,0,,0,,0,0,False,False,False,0.0,singleton
E01992,1,0,1,,0,none,0,,0,,0,0,False,False,False,0.0,singleton
E01993,1,0,1,,0,none,0,,0,,0,0,False,False,False,0.0,singleton
E01994,1,0,1,,0,none,0,,0,,0,0,False,False,False,0.0,singleton
E01995,1,0,1,,0,none,0,,0,,0,0,False,False,False,0.0,singleton
E01996,1,0,1,,0,none,0,,0,,0,0,False,False,False,0.0,singleton
E01997,1,0,1,,0,none,0,,0,,0,0,False,False,False,0.0,singleton
E01998,1,0,1,,0,none,0,,0,,0,0,False,False,False,0.0,singleton
E01999,1,0,1,,0,none,0,,0,,0,0,False,False,False,0.0,singleton
E02000,1,0,1,,0,none,0,,0,,0,0,False,False,False,0.0,singleton
E02001,1,0,1,,0,none,0,,0,,0,0,False,False,False,0.0,singleton
E02002,1,0,1,,0,none,0,,0,,0,0,False,False,False,0.0,singleton
E02003,1,0,1,,0,none,0,,0,,0,0,False,False,False,0.0,singleton
E02004,1,0,1,,0,none,0,,0,,0,0,False,False,False,0.0,singleton
E02005,1,0,1,,0,none,0,,0,,0,0,False,False,False,0.0,singleton
E02006,1,0,1,,0,none,0,,0,,0,0,False,False,False,0.0,singleton
E02007,1,0,1,,0,none,0,,0,,0,0,False,False,False,0.0,singleton
E02008,1,0,1,,0,none,0,,0,,0,0,False,False,False,0.0,singleton
E02009,1,0,1,,0,none,0,,0,,0,0,False,False,False,0.0,singleton
E02010,1,0,1,,0,none,0,,0,,0,0,False,False,False,0.0,singleton
E02011,1,0,1,,0,none,0,,0,,0,0,False,False,False,0.0,singleton
E02012,1,0,1,,0,none,0,,0,,0,0,False,False,False,0.0,singleton
E02013,1,0,1,,0,none,0,,0,,0,0,False,False,False,0.0,singleton
E02014,1,0,1,,0,none,0,,0,,0,0,False,False,False,0.0,singleton
E02015,1,0,1,,0,none,0,,0,,0,0,False,False,False,0.0,singleton
E02016,1,0,1,,0,none,0,,0,,0,0,False,False,False,0.0,singleton
E02017,1,0,1,,0,none,0,,0,,0,0,False,False,False,0.0,singleton
E02018,1,0,1,,0,none,0,,0,,0,0,False,False,False,0.0,singleton
E02019,1,0,1,,0,none,0,,0,,0,0,False,False,False,0.0,singleton
E02020,1,0,1,,0,none,0,,0,,0,0,False,False,False,0.0,singleton
E02021,1,0,1,,0,none,0,,0,,0,0,False,False,False,0.0,singleton
E02022,1,0,1,,0,none,0,,0,,0,0,False,False,False,0.0,singleton
E02023,1,0,1,,0,none,0,,0,,0,0,False,False,False,0.0,singleton
E02024,1,0,1,,0,none,0,,0,,0,0,False,False,False,0.0,singleton
E02025,1,0,1,,0,none,0,,0,,0,0,False,False,False,0.0,singleton
E02026,1,0,1,,0,none,0,,0,,0,0,False,False,False,0.0,singleton
E02027,1,0,1,,0,none,0,,0,,0,0,False,False,False,0.0,singleton
E02028,1,0,1,,0,none,0,,0,,0,0,False,False,False,0.0,singleton
E02029,1,0,1,,0,none,0,,0,,0,0,False,False,False,0.0,singleton
E02030,1,0,1,,0,none,0,,0,,0,0,False,False,False,0.0,singleton
E02031,1,0,1,,0,none,0,,0,,0,0,False,False,False,0.0,singleton
E02032,1,0,1,,0,none,0,,0,,0,0,False,False,False,0.0,singleton
E02033,1,0,1,,0,none,0,,0,,0,0,False,False,False,0.0,singleton
E02034,1,0,1,,0,none,0,,0,,0,0,False,False,False,0.0,singleton
E02035,1,0,1,,0,none,0,,0,,0,0,False,False,False,0.0,singleton
E02036,1,0,1,,0,none,0,,0,,0,0,False,False,False,0.0,singleton
E02037,1,0,1,,0,none,0,,0,,0,0,False,False,False,0.0,singleton
E02038,1,0,1,,0,none,0,,0,,0,0,False,False,False,0.0,singleton
E02039,1,0,1,,0,none,0,,0,,0,0,False,False,False,0.0,singleton
E02040,1,0,1,,0,none,0,,0,,0,0,False,False,False,0.0,singleton
E02041,1,0,1,,0,none,0,,0,,0,0,False,False,False,0.0,singleton
E02042,1,0,1,,0,none,0,,0,,0,0,False,False,False,0.0,singleton
E02043,1,0,1,,0,none,0,,0,,0,0,False,False,False,0.0,singleton
E02044,1,0,1,,0,none,0,,0,,0,0,False,False,False,0.0,singleton
E02045,1,0,1,,0,none,0,,0,,0,0,False,False,False,0.0,singleton
E02046,1,0,1,,0,none,0,,0,,0,0,False,False,False,0.0,singleton
E02047,1,0,1,,0,none,0,,0,,0,0,False,False,False,0.0,singleton
E02048,1,0,1,,0,none,0,,0,,0,0,False,False,False,0.0,singleton
E02049,1,0,1,,0,none,0,,0,,0,0,False,False,False,0.0,singleton
E02050,1,0,1,,0,none,0,,0,,0,0,False,False,False,0.0,singleton
E02051,1,0,1,,0,none,0,,0,,0,0,False,False,False,0.0,singleton
E02052,1,0,1,,0,none,0,,0,,0,0,False,False,False,0.0,singleton
E02053,1,0,1,,0,none,0,,0,,0,0,False,False,False,0.0,singleton
E02054,1,0,1,,0,none,0,,0,,0,0,False,False,False,0.0,singleton
E02055,1,0,1,,0,none,0,,0,,0,0,False,False,False,0.0,singleton
E02056,1,0,1,,0,none,0,,0,,0,0,False,False,False,0.0,singleton
E02057,1,0,1,,0,none,0,,0,,0,0,False,False,False,0.0,singleton
E02058,1,0,1,,0,none,0,,0,,0,0,False,False,False,0.0,singleton
E02059,1,0,1,,0,none,0,,0,,0,0,False,False,False,0.0,singleton
E02060,1,0,1,,0,none,0,,0,,0,0,False,False,False,0.0,singleton
E02061,1,0,1,,0,none,0,,0,,0,0,False,False,False,0.0,singleton
E02062,1,0,1,,0,none,0,,0,,0,0,False,False,False,0.0,singleton
E02063,1,0,1,,0,none,0,,0,,0,0,False,False,False,0.0,singleton
E02064,1,0,1,,0,none,0,,0,,0,0,False,False,False,0.0,singleton
E02065,1,0,1,,0,none,0,,0,,0,0,False,False,False,0.0,singleton
E02066,1,0,1,,0,none,0,,0,,0,0,False,False,False,0.0,singleton
E02067,1,0,1,,0,none,0,,0,,0,0,False,False,False,0.0,singleton
E02068,1,0,1,,0,none,0,,0,,0,0,False,False,False,0.0,singleton
E02069,1,0,1,,0,none,0,,0,,0,0,False,False,False,0.0,singleton
E02070,1,0,1,,0,none,0,,0,,0,0,False,False,False,0.0,singleton
E02071,1,0,1,,0,none,0,,0,,0,0,False,False,False,0.0,singleton
E02072,1,0,1,,0,none,0,,0,,0,0,False,False,False,0.0,singleton
E02073,1,0,1,,0,none,0,,0,,0,0,False,False,False,0.0,singleton
E02074,1,0,1,,0,none,0,,0,,0,0,False,False,False,0.0,singleton
E02075,1,0,1,,0,none,0,,0,,0,0,False,False,False,0.0,singleton
E02076,1,0,1,,0,none,0,,0,,0,0,False,False,False,0.0,singleton
E02077,1,0,1,,0,none,0,,0,,0,0,False,False,False,0.0,singleton
E02078,1,0,1,,0,none,0,,0,,0,0,False,False,False,0.0,singleton
E02079,1,0,1,,0,none,0,,0,,0,0,False,False,False,0.0,singleton
E02080,1,0,1,,0,none,0,,0,,0,0,False,False,False,0.0,singleton
E02081,1,0,1,,0,none,0,,0,,0,0,False,False,False,0.0,singleton
E02082,1,0,1,,0,none,0,,0,,0,0,False,False,False,0.0,singleton
E02083,1,0,1,,0,none,0,,0,,0,0,False,False,False,0.0,singleton
E02084,1,0,1,,0,none,0,,0,,0,0,False,False,False,0.0,singleton
E02085,1,0,1,,0,none,0,,0,,0,0,False,False,False,0.0,singleton
E02086,1,0,1,,0,none,0,,0,,0,0,False,False,False,0.0,singleton
E02087,1,0,1,,0,none,0,,0,,0,0,False,False,False,0.0,singleton
E02088,1,0,1,,0,none,0,,0,,0,0,False,False,False,0.0,singleton
E02089,1,0,1,,0,none,0,,0,,0,0,False,False,False,0.0,singleton
E02090,1,0,1,,0,none,0,,0,,0,0,False,False,False,0.0,singleton
E02091,1,0,1,,0,none,0,,0,,0,0,False,False,False,0.0,singleton
E02092,1,0,1,,0,none,0,,0,,0,0,False,False,False,0.0,singleton
E02093,1,0,1,,0,none,0,,0,,0,0,False,False,False,0.0,singleton
E02094,1,0,1,,0,none,0,,0,,0,0,False,False,False,0.0,singleton
E02095,1,0,1,,0,none,0,,0,,0,0,False,False,False,0.0,singleton
E02096,1,0,1,,0,none,0,,0,,0,0,False,False,False,0.0,singleton
E02097,1,0,1,,0,none,0,,0,,0,0,False,False,False,0.0,singleton
E02098,1,0,1,,0,none,0,,0,,0,0,False,False,False,0.0,singleton
E02099,1,0,1,,0,none,0,,0,,0,0,False,False,False,0.0,singleton
E02100,1,0,1,,0,none,0,,0,,0,0,False,False,False,0.0,singleton
E02101,1,0,1,,0,none,0,,0,,0,0,False,False,False,0.0,singleton
E02102,1,0,1,,0,none,0,,0,,0,0,False,False,False,0.0,singleton
E02103,1,0,1,,0,none,0,,0,,0,0,False,False,False,0.0,singleton
E02104,1,0,1,,0,none,0,,0,,0,0,False,False,False,0.0,singleton
E02105,1,0,1,,0,none,0,,0,,0,0,False,False,False,0.0,singleton
E02106,1,0,1,,0,none,0,,0,,0,0,False,False,False,0.0,singleton
E02107,1,0,1,,0,none,0,,0,,0,0,False,False,False,0.0,singleton
E02108,1,0,1,,0,none,0,,0,,0,0,False,False,False,0.0,singleton
E02109,1,0,1,,0,none,0,,0,,0,0,False,False,False,0.0,singleton
E02110,1,0,1,,0,none,0,,0,,0,0,False,False,False,0.0,singleton
E02111,1,0,1,,0,none,0,,0,,0,0,False,False,False,0.0,singleton
E02112,1,0,1,,0,none,0,,0,,0,0,False,False,False,0.0,singleton
E02113,1,0,1,,0,none,0,,0,,0,0,False,False,False,0.0,singleton
E02114,1,0,1,,0,none,0,,0,,0,0,False,False,False,0.0,singleton
E02115,1,0,1,,0,none,0,,0,,0,0,False,False,False,0.0,singleton
E02116,1,0,1,,0,none,0,,0,,0,0,False,False,False,0.0,singleton
E02117,1,0,1,,0,none,0,,0,,0,0,False,False,False,0.0,singleton
E02118,1,0,1,,0,none,0,,0,,0,0,False,False,False,0.0,singleton
E02119,1,0,1,,0,none,0,,0,,0,0,False,False,False,0.0,singleton
E02120,1,0,1,,0,none,0,,0,,0,0,False,False,False,0.0,singleton
E02121,1,0,1,,0,none,0,,0,,0,0,False,False,False,0.0,singleton
E02122,1,0,1,,0,none,0,,0,,0,0,False,False,False,0.0,singleton
E02123,1,0,1,,0,none,0,,0,,0,0,False,False,False,0.0,singleton
E02124,1,0,1,,0,none,0,,0,,0,0,False,False,False,0.0,singleton
E02125,1,0,1,,0,none,0,,0,,0,0,False,False,False,0.0,singleton
E02126,1,0,1,,0,none,0,,0,,0,0,False,False,False,0.0,singleton
E02127,1,0,1,,0,none,0,,0,,0,0,False,False,False,0.0,singleton
E02128,1,0,1,,0,none,0,,0,,0,0,False,False,False,0.0,singleton
E02129,1,0,1,,0,none,0,,0,,0,0,False,False,False,0.0,singleton
E02130,1,0,1,,0,none,0,,0,,0,0,False,False,False,0.0,singleton
E02131,1,0,1,,0,none,0,,0,,0,0,False,False,False,0.0,singleton
E02132,1,0,1,,0,none,0,,0,,0,0,False,False,False,0.0,singleton
E02133,1,0,1,,0,none,0,,0,,0,0,False,False,False,0.0,singleton
E02134,1,0,1,,0,none,0,,0,,0,0,False,False,False,0.0,singleton
E02135,1,0,1,,0,none,0,,0,,0,0,False,False,False,0.0,singleton
E02136,1,0,1,,0,none,0,,0,,0,0,False,False,False,0.0,singleton
E02137,1,0,1,,0,none,0,,0,,0,0,False,False,False,0.0,singleton
E02138,1,0,1,,0,none,0,,0,,0,0,False,False,False,0.0,singleton
E02139,1,0,1,,0,none,0,,0,,0,0,False,False,False,0.0,singleton
E02140,1,0,1,,0,none,0,,0,,0,0,False,False,False,0.0,singleton
E02141,1,0,1,,0,none,0,,0,,0,0,False,False,False,0.0,singleton
E02142,1,0,1,,0,none,0,,0,,0,0,False,False,False,0.0,singleton
E02143,1,0,1,,0,none,0,,0,,0,0,False,False,False,0.0,singleton
E02144,1,0,1,,0,none,0,,0,,0,0,False,False,False,0.0,singleton
E02145,1,0,1,,0,none,0,,0,,0,0,False,False,False,0.0,singleton
E02146,1,0,1,,0,none,0,,0,,0,0,False,False,False,0.0,singleton
E02147,1,0,1,,0,none,0,,0,,0,0,False,False,False,0.0,singleton
E02148,1,0,1,,0,none,0,,0,,0,0,False,False,False,0.0,singleton
E02149,1,0,1,,0,none,0,,0,,0,0,False,False,False,0.0,singleton
E02150,1,0,1,,0,none,0,,0,,0,0,False,False,False,0.0,singleton
E02151,1,0,1,,0,none,0,,0,,0,0,False,False,False,0.0,singleton
E02152,1,0,1,,0,none,0,,0,,0,0,False,False,False,0.0,singleton
E02153,1,0,1,,0,none,0,,0,,0,0,False,False,False,0.0,singleton
E02154,1,0,1,,0,none,0,,0,,0,0,False,False,False,0.0,singleton
E02155,1,0,1,,0,none,0,,0,,0,0,False,False,False,0.0,singleton
E02156,1,0,1,,0,none,0,,0,,0,0,False,False,False,0.0,singleton
E02157,1,0,1,,0,none,0,,0,,0,0,False,False,False,0.0,singleton
E02158,1,0,1,,0,none,0,,0,,0,0,False,False,False,0.0,singleton
E02159,1,0,1,,0,none,0,,0,,0,0,False,False,False,0.0,singleton
E02160,1,0,1,,0,none,0,,0,,0,0,False,False,False,0.0,singleton
E02161,1,0,1,,0,none,0,,0,,0,0,False,False,False,0.0,singleton
E02162,1,0,1,,0,none,0,,0,,0,0,False,False,False,0.0,singleton
E02163,1,0,1,,0,none,0,,0,,0,0,False,False,False,0.0,singleton
E02164,1,0,1,,0,none,0,,0,,0,0,False,False,False,0.0,singleton
E02165,1,0,1,,0,none,0,,0,,0,0,False,False,False,0.0,singleton
E02166,1,0,1,,0,none,0,,0,,0,0,False,False,False,0.0,singleton
E02167,1,0,1,,0,none,0,,0,,0,0,False,False,False,0.0,singleton
E02168,1,0,1,,0,none,0,,0,,0,0,False,False,False,0.0,singleton
E02169,1,0,1,,0,none,0,,0,,0,0,False,False,False,0.0,singleton
E02170,1,0,1,,0,none,0,,0,,0,0,False,False,False,0.0,singleton
E02171,1,0,1,,0,none,0,,0,,0,0,False,False,False,0.0,singleton
E02172,1,0,1,,0,none,0,,0,,0,0,False,False,False,0.0,singleton
E02173,1,0,1,,0,none,0,,0,,0,0,False,False,False,0.0,singleton
E02174,1,0,1,,0,none,0,,0,,0,0,False,False,False,0.0,singleton
E02175,1,0,1,,0,none,0,,0,,0,0,False,False,False,0.0,singleton
E02176,1,0,1,,0,none,0,,0,,0,0,False,False,False,0.0,singleton
E02177,1,0,1,,0,none,0,,0,,0,0,False,False,False,0.0,singleton
E02178,1,0,1,,0,none,0,,0,,0,0,False,False,False,0.0,singleton
E02179,1,0,1,,0,none,0,,0,,0,0,False,False,False,0.0,singleton
E02180,1,0,1,,0,none,0,,0,,0,0,False,False,False,0.0,singleton
E02181,1,0,1,,0,none,0,,0,,0,0,False,False,False,0.0,singleton
E02182,1,0,1,,0,none,0,,0,,0,0,False,False,False,0.0,singleton
E02183,1,0,1,,0,none,0,,0,,0,0,False,False,False,0.0,singleton
E02184,1,0,1,,0,none,0,,0,,0,0,False,False,False,0.0,singleton
E02185,1,0,1,,0,none,0,,0,,0,0,False,False,False,0.0,singleton
E02186,1,0,1,,0,none,0,,0,,0,0,False,False,False,0.0,singleton
E02187,1,0,1,,0,none,0,,0,,0,0,False,False,False,0.0,singleton
E02188,1,0,1,,0,none,0,,0,,0,0,False,False,False,0.0,singleton
E02189,1,0,1,,0,none,0,,0,,0,0,False,False,False,0.0,singleton
E02190,1,0,1,,0,none,0,,0,,0,0,False,False,False,0.0,singleton
E02191,1,0,1,,0,none,0,,0,,0,0,False,False,False,0.0,singleton
E02192,1,0,1,,0,none,0,,0,,0,0,False,False,False,0.0,singleton
E02193,1,0,1,,0,none,0,,0,,0,0,False,False,False,0.0,singleton
E02194,1,0,1,,0,none,0,,0,,0,0,False,False,False,0.0,singleton
E02195,1,0,1,,0,none,0,,0,,0,0,False,False,False,0.0,singleton
E02196,1,0,1,,0,none,0,,0,,0,0,False,False,False,0.0,singleton
E02197,1,0,1,,0,none,0,,0,,0,0,False,False,False,0.0,singleton
E02198,1,0,1,,0,none,0,,0,,0,0,False,False,False,0.0,singleton
E02199,1,0,1,,0,none,0,,0,,0,0,False,False,False,0.0,singleton
E02200,1,0,1,,0,none,0,,0,,0,0,False,False,False,0.0,singleton
E02201,1,0,1,,0,none,0,,0,,0,0,False,False,False,0.0,singleton
E02202,1,0,1,,0,none,0,,0,,0,0,False,False,False,0.0,singleton
E02203,1,0,1,,0,none,0,,0,,0,0,False,False,False,0.0,singleton
E02204,1,0,1,,0,none,0,,0,,0,0,False,False,False,0.0,singleton
E02205,1,0,1,,0,none,0,,0,,0,0,False,False,False,0.0,singleton
E02206,1,0,1,,0,none,0,,0,,0,0,False,False,False,0.0,singleton
E02207,1,0,1,,0,none,0,,0,,0,0,False,False,False,0.0,singleton
E02208,1,0,1,,0,none,0,,0,,0,0,False,False,False,0.0,singleton
E02209,1,0,1,,0,none,0,,0,,0,0,False,False,False,0.0,singleton
E02210,1,0,1,,0,none,0,,0,,0,0,False,False,False,0.0,singleton
E02211,1,0,1,,0,none,0,,0,,0,0,False,False,False,0.0,singleton
E02212,1,0,1,,0,none,0,,0,,0,0,False,False,False,0.0,singleton
E02213,1,0,1,,0,none,0,,0,,0,0,False,False,False,0.0,singleton
E02214,1,0,1,,0,none,0,,0,,0,0,False,False,False,0.0,singleton
E02215,1,0,1,,0,none,0,,0,,0,0,False,False,False,0.0,singleton
E02216,1,0,1,,0,none,0,,0,,0,0,False,False,False,0.0,singleton
E02217,1,0,1,,0,none,0,,0,,0,0,False,False,False,0.0,singleton
E02218,1,0,1,,0,none,0,,0,,0,0,False,False,False,0.0,singleton
E02219,1,0,1,,0,none,0,,0,,0,0,False,False,False,0.0,singleton
E02220,1,0,1,,0,none,0,,0,,0,0,False,False,False,0.0,singleton
E02221,1,0,1,,0,none,0,,0,,0,0,False,False,False,0.0,singleton
E02222,1,0,1,,0,none,0,,0,,0,0,False,False,False,0.0,singleton
E02223,1,0,1,,0,none,0,,0,,0,0,False,False,False,0.0,singleton
E02224,1,0,1,,0,none,0,,0,,0,0,False,False,False,0.0,singleton
E02225,1,0,1,,0,none,0,,0,,0,0,False,False,False,0.0,singleton
E02226,1,0,1,,0,none,0,,0,,0,0,False,False,False,0.0,singleton
E02227,1,0,1,,0,none,0,,0,,0,0,False,False,False,0.0,singleton
E02228,1,0,1,,0,none,0,,0,,0,0,False,False,False,0.0,singleton
E02229,1,0,1,,0,none,0,,0,,0,0,False,False,False,0.0,singleton
E02230,1,0,1,,0,none,0,,0,,0,0,False,False,False,0.0,singleton
E02231,1,0,1,,0,none,0,,0,,0,0,False,False,False,0.0,singleton
E02232,1,0,1,,0,none,0,,0,,0,0,False,False,False,0.0,singleton
E02233,1,0,1,,0,none,0,,0,,0,0,False,False,False,0.0,singleton
E02234,1,0,1,,0,none,0,,0,,0,0,False,False,False,0.0,singleton
E02235,1,0,1,,0,none,0,,0,,0,0,False,False,False,0.0,singleton
E02236,1,0,1,,0,none,0,,0,,0,0,False,False,False,0.0,singleton
E02237,1,0,1,,0,none,0,,0,,0,0,False,False,False,0.0,singleton
E02238,1,0,1,,0,none,0,,0,,0,0,False,False,False,0.0,singleton
E02239,1,0,1,,0,none,0,,0,,0,0,False,False,False,0.0,singleton
E02240,1,0,1,,0,none,0,,0,,0,0,False,False,False,0.0,singleton
E02241,1,0,1,,0,none,0,,0,,0,0,False,False,False,0.0,singleton
E02242,1,0,1,,0,none,0,,0,,0,0,False,False,False,0.0,singleton
E02243,1,0,1,,0,none,0,,0,,0,0,False,False,False,0.0,singleton
E02244,1,0,1,,0,none,0,,0,,0,0,False,False,False,0.0,singleton
E02245,1,0,1,,0,none,0,,0,,0,0,False,False,False,0.0,singleton
E02246,1,0,1,,0,none,0,,0,,0,0,False,False,False,0.0,singleton
E02247,1,0,1,,0,none,0,,0,,0,0,False,False,False,0.0,singleton
E02248,1,0,1,,0,none,0,,0,,0,0,False,False,False,0.0,singleton
E02249,1,0,1,,0,none,0,,0,,0,0,False,False,False,0.0,singleton
E02250,1,0,1,,0,none,0,,0,,0,0,False,False,False,0.0,singleton
E02251,1,0,1,,0,none,0,,0,,0,0,False,False,False,0.0,singleton
E02252,1,0,1,,0,none,0,,0,,0,0,False,False,False,0.0,singleton
E02253,1,0,1,,0,none,0,,0,,0,0,False,False,False,0.0,singleton
E02254,1,0,1,,0,none,0,,0,,0,0,False,False,False,0.0,singleton
E02255,1,0,1,,0,none,0,,0,,0,0,False,False,False,0.0,singleton
E02256,1,0,1,,0,none,0,,0,,0,0,False,False,False,0.0,singleton
E02257,1,0,1,,0,none,0,,0,,0,0,False,False,False,0.0,singleton
E02258,1,0,1,,0,none,0,,0,,0,0,False,False,False,0.0,singleton
E02259,1,0,1,,0,none,0,,0,,0,0,False,False,False,0.0,singleton
E02260,1,0,1,,0,none,0,,0,,0,0,False,False,False,0.0,singleton
E02261,1,0,1,,0,none,0,,0,,0,0,False,False,False,0.0,singleton
E02262,1,0,1,,0,none,0,,0,,0,0,False,False,False,0.0,singleton
E02263,1,0,1,,0,none,0,,0,,0,0,False,False,False,0.0,singleton
E02264,1,0,1,,0,none,0,,0,,0,0,False,False,False,0.0,singleton
E02265,1,0,1,,0,none,0,,0,,0,0,False,False,False,0.0,singleton
E02266,1,0,1,,0,none,0,,0,,0,0,False,False,False,0.0,singleton
E02267,1,0,1,,0,none,0,,0,,0,0,False,False,False,0.0,singleton
E02268,1,0,1,,0,none,0,,0,,0,0,False,False,False,0.0,singleton
E02269,1,0,1,,0,none,0,,0,,0,0,False,False,False,0.0,singleton
E02270,1,0,1,,0,none,0,,0,,0,0,False,False,False,0.0,singleton
E02271,1,0,1,,0,none,0,,0,,0,0,False,False,False,0.0,singleton
E02272,1,0,1,,0,none,0,,0,,0,0,False,False,False,0.0,singleton
E02273,1,0,1,,0,none,0,,0,,0,0,False,False,False,0.0,singleton
E02274,1,0,1,,0,none,0,,0,,0,0,False,False,False,0.0,singleton
E02275,1,0,1,,0,none,0,,0,,0,0,False,False,False,0.0,singleton
E02276,1,0,1,,0,none,0,,0,,0,0,False,False,False,0.0,singleton
E02277,1,0,1,,0,none,0,,0,,0,0,False,False,False,0.0,singleton
E02278,1,0,1,,0,none,0,,0,,0,0,False,False,False,0.0,singleton
E02279,1,0,1,,0,none,0,,0,,0,0,False,False,False,0.0,singleton
E02280,1,0,1,,0,none,0,,0,,0,0,False,False,False,0.0,singleton
E02281,1,0,1,,0,none,0,,0,,0,0,False,False,False,0.0,singleton
E02282,1,0,1,,0,none,0,,0,,0,0,False,False,False,0.0,singleton
E02283,1,0,1,,0,none,0,,0,,0,0,False,False,False,0.0,singleton
E02284,1,0,1,,0,none,0,,0,,0,0,False,False,False,0.0,singleton
E02285,1,0,1,,0,none,0,,0,,0,0,False,False,False,0.0,singleton
E02286,1,0,1,,0,none,0,,0,,0,0,False,False,False,0.0,singleton
E02287,1,0,1,,0,none,0,,0,,0,0,False,False,False,0.0,singleton
E02288,1,0,1,,0,none,0,,0,,0,0,False,False,False,0.0,singleton
E02289,1,0,1,,0,none,0,,0,,0,0,False,False,False,0.0,singleton
E02290,1,0,1,,0,none,0,,0,,0,0,False,False,False,0.0,singleton
E02291,1,0,1,,0,none,0,,0,,0,0,False,False,False,0.0,singleton
E02292,1,0,1,,0,none,0,,0,,0,0,False,False,False,0.0,singleton
E02293,1,0,1,,0,none,0,,0,,0,0,False,False,False,0.0,singleton
E02294,1,0,1,,0,none,0,,0,,0,0,False,False,False,0.0,singleton
E02295,1,0,1,,0,none,0,,0,,0,0,False,False,False,0.0,singleton
E02296,1,0,1,,0,none,0,,0,,0,0,False,False,False,0.0,singleton
E02297,1,0,1,,0,none,0,,0,,0,0,False,False,False,0.0,singleton
E02298,1,0,1,,0,none,0,,0,,0,0,False,False,False,0.0,singleton
E02299,1,0,1,,0,none,0,,0,,0,0,False,False,False,0.0,singleton
E02300,1,0,1,,0,none,0,,0,,0,0,False,False,False,0.0,singleton
E02301,1,0,1,,0,none,0,,0,,0,0,False,False,False,0.0,singleton
E02302,1,0,1,,0,none,0,,0,,0,0,False,False,False,0.0,singleton
E02303,1,0,1,,0,none,0,,0,,0,0,False,False,False,0.0,singleton
E02304,1,0,1,,0,none,0,,0,,0,0,False,False,False,0.0,singleton
E02305,1,0,1,,0,none,0,,0,,0,0,False,False,False,0.0,singleton
E02306,1,0,1,,0,none,0,,0,,0,0,False,False,False,0.0,singleton
E02307,1,0,1,,0,none,0,,0,,0,0,False,False,False,0.0,singleton
E02308,1,0,1,,0,none,0,,0,,0,0,False,False,False,0.0,singleton
E02309,1,0,1,,0,none,0,,0,,0,0,False,False,False,0.0,singleton
E02310,1,0,1,,0,none,0,,0,,0,0,False,False,False,0.0,singleton
E02311,1,0,1,,0,none,0,,0,,0,0,False,False,False,0.0,singleton
E02312,1,0,1,,0,none,0,,0,,0,0,False,False,False,0.0,singleton
E02313,1,0,1,,0,none,0,,0,,0,0,False,False,False,0.0,singleton
E02314,1,0,1,,0,none,0,,0,,0,0,False,False,False,0.0,singleton
E02315,1,0,1,,0,none,0,,0,,0,0,False,False,False,0.0,singleton
E02316,1,0,1,,0,none,0,,0,,0,0,False,False,False,0.0,singleton
E02317,1,0,1,,0,none,0,,0,,0,0,False,False,False,0.0,singleton
E02318,1,0,1,,0,none,0,,0,,0,0,False,False,False,0.0,singleton
E02319,1,0,1,,0,none,0,,0,,0,0,False,False,False,0.0,singleton
E02320,1,0,1,,0,none,0,,0,,0,0,False,False,False,0.0,singleton
E02321,1,0,1,,0,none,0,,0,,0,0,False,False,False,0.0,singleton
E02322,1,0,1,,0,none,0,,0,,0,0,False,False,False,0.0,singleton
E02323,1,0,1,,0,none,0,,0,,0,0,False,False,False,0.0,singleton
E02324,1,0,1,,0,none,0,,0,,0,0,False,False,False,0.0,singleton
E02325,1,0,1,,0,none,0,,0,,0,0,False,False,False,0.0,singleton
E02326,1,0,1,,0,none,0,,0,,0,0,False,False,False,0.0,singleton
E02327,1,0,1,,0,none,0,,0,,0,0,False,False,False,0.0,singleton
E02328,1,0,1,,0,none,0,,0,,0,0,False,False,False,0.0,singleton
E02329,1,0,1,,0,none,0,,0,,0,0,False,False,False,0.0,singleton
E02330,1,0,1,,0,none,0,,0,,0,0,False,False,False,0.0,singleton
E02331,1,0,1,,0,none,0,,0,,0,0,False,False,False,0.0,singleton
E02332,1,0,1,,0,none,0,,0,,0,0,False,False,False,0.0,singleton
E02333,1,0,1,,0,none,0,,0,,0,0,False,False,False,0.0,singleton
E02334,1,0,1,,0,none,0,,0,,0,0,False,False,False,0.0,singleton
E02335,1,0,1,,0,none,0,,0,,0,0,False,False,False,0.0,singleton
E02336,1,0,1,,0,none,0,,0,,0,0,False,False,False,0.0,singleton
E02337,1,0,1,,0,none,0,,0,,0,0,False,False,False,0.0,singleton
E02338,1,0,1,,0,none,0,,0,,0,0,False,False,False,0.0,singleton
E02339,1,0,1,,0,none,0,,0,,0,0,False,False,False,0.0,singleton
E02340,1,0,1,,0,none,0,,0,,0,0,False,False,False,0.0,singleton
E02341,1,0,1,,0,none,0,,0,,0,0,False,False,False,0.0,singleton
E02342,1,0,1,,0,none,0,,0,,0,0,False,False,False,0.0,singleton
E02343,1,0,1,,0,none,0,,0,,0,0,False,False,False,0.0,singleton
E02344,1,0,1,,0,none,0,,0,,0,0,False,False,False,0.0,singleton
E02345,1,0,1,,0,none,0,,0,,0,0,False,False,False,0.0,singleton
E02346,1,0,1,,0,none,0,,0,,0,0,False,False,False,0.0,singleton
E02347,1,0,1,,0,none,0,,0,,0,0,False,False,False,0.0,singleton
E02348,1,0,1,,0,none,0,,0,,0,0,False,False,False,0.0,singleton
E02349,1,0,1,,0,none,0,,0,,0,0,False,False,False,0.0,singleton
E02350,1,0,1,,0,none,0,,0,,0,0,False,False,False,0.0,singleton
E02351,1,0,1,,0,none,0,,0,,0,0,False,False,False,0.0,singleton
E02352,1,0,1,,0,none,0,,0,,0,0,False,False,False,0.0,singleton
E02353,1,0,1,,0,none,0,,0,,0,0,False,False,False,0.0,singleton
E02354,1,0,1,,0,none,0,,0,,0,0,False,False,False,0.0,singleton
E02355,1,0,1,,0,none,0,,0,,0,0,False,False,False,0.0,singleton
E02356,1,0,1,,0,none,0,,0,,0,0,False,False,False,0.0,singleton
E02357,1,0,1,,0,none,0,,0,,0,0,False,False,False,0.0,singleton
E02358,1,0,1,,0,none,0,,0,,0,0,False,False,False,0.0,singleton
E02359,1,0,1,,0,none,0,,0,,0,0,False,False,False,0.0,singleton
E02360,1,0,1,,0,none,0,,0,,0,0,False,False,False,0.0,singleton
E02361,1,0,1,,0,none,0,,0,,0,0,False,False,False,0.0,singleton
E02362,1,0,1,,0,none,0,,0,,0,0,False,False,False,0.0,singleton
E02363,1,0,1,,0,none,0,,0,,0,0,False,False,False,0.0,singleton
E02364,1,0,1,,0,none,0,,0,,0,0,False,False,False,0.0,singleton
E02365,1,0,1,,0,none,0,,0,,0,0,False,False,False,0.0,singleton
E02366,1,0,1,,0,none,0,,0,,0,0,False,False,False,0.0,singleton
E02367,1,0,1,,0,none,0,,0,,0,0,False,False,False,0.0,singleton
E02368,1,0,1,,0,none,0,,0,,0,0,False,False,False,0.0,singleton
E02369,1,0,1,,0,none,0,,0,,0,0,False,False,False,0.0,singleton
E02370,1,0,1,,0,none,0,,0,,0,0,False,False,False,0.0,singleton
E02371,1,0,1,,0,none,0,,0,,0,0,False,False,False,0.0,singleton
E02372,1,0,1,,0,none,0,,0,,0,0,False,False,False,0.0,singleton
E02373,1,0,1,,0,none,0,,0,,0,0,False,False,False,0.0,singleton
E02374,1,0,1,,0,none,0,,0,,0,0,False,False,False,0.0,singleton
E02375,1,0,1,,0,none,0,,0,,0,0,False,False,False,0.0,singleton
E02376,1,0,1,,0,none,0,,0,,0,0,False,False,False,0.0,singleton
E02377,1,0,1,,0,none,0,,0,,0,0,False,False,False,0.0,singleton
E02378,1,0,1,,0,none,0,,0,,0,0,False,False,False,0.0,singleton
E02379,1,0,1,,0,none,0,,0,,0,0,False,False,False,0.0,singleton
E02380,1,0,1,,0,none,0,,0,,0,0,False,False,False,0.0,singleton
E02381,1,0,1,,0,none,0,,0,,0,0,False,False,False,0.0,singleton
E02382,1,0,1,,0,none,0,,0,,0,0,False,False,False,0.0,singleton
E02383,1,0,1,,0,none,0,,0,,0,0,False,False,False,0.0,singleton
E02384,1,0,1,,0,none,0,,0,,0,0,False,False,False,0.0,singleton
E02385,1,0,1,,0,none,0,,0,,0,0,False,False,False,0.0,singleton
E02386,1,0,1,,0,none,0,,0,,0,0,False,False,False,0.0,singleton
E02387,1,0,1,,0,none,0,,0,,0,0,False,False,False,0.0,singleton
E02388,1,0,1,,0,none,0,,0,,0,0,False,False,False,0.0,singleton
E02389,1,0,1,,0,none,0,,0,,0,0,False,False,False,0.0,singleton
E02390,1,0,1,,0,none,0,,0,,0,0,False,False,False,0.0,singleton
E02391,1,0,1,,0,none,0,,0,,0,0,False,False,False,0.0,singleton
E02392,1,0,1,,0,none,0,,0,,0,0,False,False,False,0.0,singleton
E02393,1,0,1,,0,none,0,,0,,0,0,False,False,False,0.0,singleton
E02394,1,0,1,,0,none,0,,0,,0,0,False,False,False,0.0,singleton
E02395,1,0,1,,0,none,0,,0,,0,0,False,False,False,0.0,singleton
E02396,1,0,1,,0,none,0,,0,,0,0,False,False,False,0.0,singleton
E02397,1,0,1,,0,none,0,,0,,0,0,False,False,False,0.0,singleton
E02398,1,0,1,,0,none,0,,0,,0,0,False,False,False,0.0,singleton
E02399,1,0,1,,0,none,0,,0,,0,0,False,False,False,0.0,singleton
E02400,1,0,1,,0,none,0,,0,,0,0,False,False,False,0.0,singleton
E02401,1,0,1,,0,none,0,,0,,0,0,False,False,False,0.0,singleton
E02402,1,0,1,,0,none,0,,0,,0,0,False,False,False,0.0,singleton
E02403,1,0,1,,0,none,0,,0,,0,0,False,False,False,0.0,singleton
E02404,1,0,1,,0,none,0,,0,,0,0,False,False,False,0.0,singleton
E02405,1,0,1,,0,none,0,,0,,0,0,False,False,False,0.0,singleton
E02406,1,0,1,,0,none,0,,0,,0,0,False,False,False,0.0,singleton
E02407,1,0,1,,0,none,0,,0,,0,0,False,False,False,0.0,singleton
E02408,1,0,1,,0,none,0,,0,,0,0,False,False,False,0.0,singleton
E02409,1,0,1,,0,none,0,,0,,0,0,False,False,False,0.0,singleton
E02410,1,0,1,,0,none,0,,0,,0,0,False,False,False,0.0,singleton
E02411,1,0,1,,0,none,0,,0,,0,0,False,False,False,0.0,singleton
E02412,1,0,1,,0,none,0,,0,,0,0,False,False,False,0.0,singleton
E02413,1,0,1,,0,none,0,,0,,0,0,False,False,False,0.0,singleton
E02414,1,0,1,,0,none,0,,0,,0,0,False,False,False,0.0,singleton
E02415,1,0,1,,0,none,0,,0,,0,0,False,False,False,0.0,singleton
E02416,1,0,1,,0,none,0,,0,,0,0,False,False,False,0.0,singleton
E02417,1,0,1,,0,none,0,,0,,0,0,False,False,False,0.0,singleton
E02418,1,0,1,,0,none,0,,0,,0,0,False,False,False,0.0,singleton
E02419,1,0,1,,0,none,0,,0,,0,0,False,False,False,0.0,singleton
E02420,1,0,1,,0,none,0,,0,,0,0,False,False,False,0.0,singleton
E02421,1,0,1,,0,none,0,,0,,0,0,False,False,False,0.0,singleton
E02422,1,0,1,,0,none,0,,0,,0,0,False,False,False,0.0,singleton
E02423,1,0,1,,0,none,0,,0,,0,0,False,False,False,0.0,singleton
E02424,1,0,1,,0,none,0,,0,,0,0,False,False,False,0.0,singleton
E02425,1,0,1,,0,none,0,,0,,0,0,False,False,False,0.0,singleton
E02426,1,0,1,,0,none,0,,0,,0,0,False,False,False,0.0,singleton
E02427,1,0,1,,0,none,0,,0,,0,0,False,False,False,0.0,singleton
E02428,1,0,1,,0,none,0,,0,,0,0,False,False,False,0.0,singleton
E02429,1,0,1,,0,none,0,,0,,0,0,False,False,False,0.0,singleton
E02430,1,0,1,,0,none,0,,0,,0,0,False,False,False,0.0,singleton
E02431,1,0,1,,0,none,0,,0,,0,0,False,False,False,0.0,singleton
E02432,1,0,1,,0,none,0,,0,,0,0,False,False,False,0.0,singleton
E02433,1,0,1,,0,none,0,,0,,0,0,False,False,False,0.0,singleton
E02434,1,0,1,,0,none,0,,0,,0,0,False,False,False,0.0,singleton
E02435,1,0,1,,0,none,0,,0,,0,0,False,False,False,0.0,singleton
E02436,1,0,1,,0,none,0,,0,,0,0,False,False,False,0.0,singleton
E02437,1,0,1,,0,none,0,,0,,0,0,False,False,False,0.0,singleton
E02438,1,0,1,,0,none,0,,0,,0,0,False,False,False,0.0,singleton
E02439,1,0,1,,0,none,0,,0,,0,0,False,False,False,0.0,singleton
E02440,1,0,1,,0,none,0,,0,,0,0,False,False,False,0.0,singleton
E02441,1,0,1,,0,none,0,,0,,0,0,False,False,False,0.0,singleton
E02442,1,0,1,,0,none,0,,0,,0,0,False,False,False,0.0,singleton
E02443,1,0,1,,0,none,0,,0,,0,0,False,False,False,0.0,singleton
E02444,1,0,1,,0,none,0,,0,,0,0,False,False,False,0.0,singleton
E02445,1,0,1,,0,none,0,,0,,0,0,False,False,False,0.0,singleton
E02446,1,0,1,,0,none,0,,0,,0,0,False,False,False,0.0,singleton
E02447,1,0,1,,0,none,0,,0,,0,0,False,False,False,0.0,singleton
E02448,1,0,1,,0,none,0,,0,,0,0,False,False,False,0.0,singleton
E02449,1,0,1,,0,none,0,,0,,0,0,False,False,False,0.0,singleton
E02450,1,0,1,,0,none,0,,0,,0,0,False,False,False,0.0,singleton
E02451,1,0,1,,0,none,0,,0,,0,0,False,False,False,0.0,singleton
E02452,1,0,1,,0,none,0,,0,,0,0,False,False,False,0.0,singleton
E02453,1,0,1,,0,none,0,,0,,0,0,False,False,False,0.0,singleton
E02454,1,0,1,,0,none,0,,0,,0,0,False,False,False,0.0,singleton
E02455,1,0,1,,0,none,0,,0,,0,0,False,False,False,0.0,singleton
E02456,1,0,1,,0,none,0,,0,,0,0,False,False,False,0.0,singleton
E02457,1,0,1,,0,none,0,,0,,0,0,False,False,False,0.0,singleton
E02458,1,0,1,,0,none,0,,0,,0,0,False,False,False,0.0,singleton
E02459,1,0,1,,0,none,0,,0,,0,0,False,False,False,0.0,singleton
E02460,1,0,1,,0,none,0,,0,,0,0,False,False,False,0.0,singleton
E02461,1,0,1,,0,none,0,,0,,0,0,False,False,False,0.0,singleton
E02462,1,0,1,,0,none,0,,0,,0,0,False,False,False,0.0,singleton
E02463,1,0,1,,0,none,0,,0,,0,0,False,False,False,0.0,singleton
E02464,1,0,1,,0,none,0,,0,,0,0,False,False,False,0.0,singleton
E02465,1,0,1,,0,none,0,,0,,0,0,False,False,False,0.0,singleton
E02466,1,0,1,,0,none,0,,0,,0,0,False,False,False,0.0,singleton
E02467,1,0,1,,0,none,0,,0,,0,0,False,False,False,0.0,singleton
E02468,1,0,1,,0,none,0,,0,,0,0,False,False,False,0.0,singleton
E02469,1,0,1,,0,none,0,,0,,0,0,False,False,False,0.0,singleton
E02470,1,0,1,,0,none,0,,0,,0,0,False,False,False,0.0,singleton
E02471,1,0,1,,0,none,0,,0,,0,0,False,False,False,0.0,singleton
E02472,1,0,1,,0,none,0,,0,,0,0,False,False,False,0.0,singleton
E02473,1,0,1,,0,none,0,,0,,0,0,False,False,False,0.0,singleton
E02474,1,0,1,,0,none,0,,0,,0,0,False,False,False,0.0,singleton
E02475,1,0,1,,0,none,0,,0,,0,0,False,False,False,0.0,singleton
E02476,1,0,1,,0,none,0,,0,,0,0,False,False,False,0.0,singleton
E02477,1,0,1,,0,none,0,,0,,0,0,False,False,False,0.0,singleton
E02478,1,0,1,,0,none,0,,0,,0,0,False,False,False,0.0,singleton
E02479,1,0,1,,0,none,0,,0,,0,0,False,False,False,0.0,singleton
E02480,1,0,1,,0,none,0,,0,,0,0,False,False,False,0.0,singleton
E02481,1,0,1,,0,none,0,,0,,0,0,False,False,False,0.0,singleton
E02482,1,0,1,,0,none,0,,0,,0,0,False,False,False,0.0,singleton
E02483,1,0,1,,0,none,0,,0,,0,0,False,False,False,0.0,singleton
E02484,1,0,1,,0,none,0,,0,,0,0,False,False,False,0.0,singleton
E02485,1,0,1,,0,none,0,,0,,0,0,False,False,False,0.0,singleton
E02486,1,0,1,,0,none,0,,0,,0,0,False,False,False,0.0,singleton
E02487,1,0,1,,0,none,0,,0,,0,0,False,False,False,0.0,singleton
E02488,1,0,1,,0,none,0,,0,,0,0,False,False,False,0.0,singleton
E02489,1,0,1,,0,none,0,,0,,0,0,False,False,False,0.0,singleton
E02490,1,0,1,,0,none,0,,0,,0,0,False,False,False,0.0,singleton
E02491,1,0,1,,0,none,0,,0,,0,0,False,False,False,0.0,singleton
E02492,1,0,1,,0,none,0,,0,,0,0,False,False,False,0.0,singleton
E02493,1,0,1,,0,none,0,,0,,0,0,False,False,False,0.0,singleton
E02494,1,0,1,,0,none,0,,0,,0,0,False,False,False,0.0,singleton
E02495,1,0,1,,0,none,0,,0,,0,0,False,False,False,0.0,singleton
E02496,1,0,1,,0,none,0,,0,,0,0,False,False,False,0.0,singleton
E02497,1,0,1,,0,none,0,,0,,0,0,False,False,False,0.0,singleton
E02498,1,0,1,,0,none,0,,0,,0,0,False,False,False,0.0,singleton
E02499,1,0,1,,0,none,0,,0,,0,0,False,False,False,0.0,singleton
E02500,1,0,1,,0,none,0,,0,,0,0,False,False,False,0.0,singleton
E02501,1,0,1,,0,none,0,,0,,0,0,False,False,False,0.0,singleton
E02502,1,0,1,,0,none,0,,0,,0,0,False,False,False,0.0,singleton
E02503,1,0,1,,0,none,0,,0,,0,0,False,False,False,0.0,singleton
E02504,1,0,1,,0,none,0,,0,,0,0,False,False,False,0.0,singleton
E02505,1,0,1,,0,none,0,,0,,0,0,False,False,False,0.0,singleton
E02506,1,0,1,,0,none,0,,0,,0,0,False,False,False,0.0,singleton
E02507,1,0,1,,0,none,0,,0,,0,0,False,False,False,0.0,singleton
E02508,1,0,1,,0,none,0,,0,,0,0,False,False,False,0.0,singleton
E02509,1,0,1,,0,none,0,,0,,0,0,False,False,False,0.0,singleton
E02510,1,0,1,,0,none,0,,0,,0,0,False,False,False,0.0,singleton
E02511,1,0,1,,0,none,0,,0,,0,0,False,False,False,0.0,singleton
E02512,1,0,1,,0,none,0,,0,,0,0,False,False,False,0.0,singleton
E02513,1,0,1,,0,none,0,,0,,0,0,False,False,False,0.0,singleton
E02514,1,0,1,,0,none,0,,0,,0,0,False,False,False,0.0,singleton
E02515,1,0,1,,0,none,0,,0,,0,0,False,False,False,0.0,singleton
E02516,1,0,1,,0,none,0,,0,,0,0,False,False,False,0.0,singleton
E02517,1,0,1,,0,none,0,,0,,0,0,False,False,False,0.0,singleton
E02518,1,0,1,,0,none,0,,0,,0,0,False,False,False,0.0,singleton
E02519,1,0,1,,0,none,0,,0,,0,0,False,False,False,0.0,singleton
E02520,1,0,1,,0,none,0,,0,,0,0,False,False,False,0.0,singleton
E02521,1,0,1,,0,none,0,,0,,0,0,False,False,False,0.0,singleton
E02522,1,0,1,,0,none,0,,0,,0,0,False,False,False,0.0,singleton
E02523,1,0,1,,0,none,0,,0,,0,0,False,False,False,0.0,singleton
E02524,1,0,1,,0,none,0,,0,,0,0,False,False,False,0.0,singleton
E02525,1,0,1,,0,none,0,,0,,0,0,False,False,False,0.0,singleton
E02526,1,0,1,,0,none,0,,0,,0,0,False,False,False,0.0,singleton
E02527,1,0,1,,0,none,0,,0,,0,0,False,False,False,0.0,singleton
E02528,1,0,1,,0,none,0,,0,,0,0,False,False,False,0.0,singleton
E02529,1,0,1,,0,none,0,,0,,0,0,False,False,False,0.0,singleton
E02530,1,0,1,,0,none,0,,0,,0,0,False,False,False,0.0,singleton
E02531,1,0,1,,0,none,0,,0,,0,0,False,False,False,0.0,singleton
E02532,1,0,1,,0,none,0,,0,,0,0,False,False,False,0.0,singleton
E02533,1,0,1,,0,none,0,,0,,0,0,False,False,False,0.0,singleton
E02534,1,0,1,,0,none,0,,0,,0,0,False,False,False,0.0,singleton
E02535,1,0,1,,0,none,0,,0,,0,0,False,False,False,0.0,singleton
E02536,1,0,1,,0,none,0,,0,,0,0,False,False,False,0.0,singleton
E02537,1,0,1,,0,none,0,,0,,0,0,False,False,False,0.0,singleton
E02538,1,0,1,,0,none,0,,0,,0,0,False,False,False,0.0,singleton
E02539,1,0,1,,0,none,0,,0,,0,0,False,False,False,0.0,singleton
E02540,1,0,1,,0,none,0,,0,,0,0,False,False,False,0.0,singleton
E02541,1,0,1,,0,none,0,,0,,0,0,False,False,False,0.0,singleton
E02542,1,0,1,,0,none,0,,0,,0,0,False,False,False,0.0,singleton
E02543,1,0,1,,0,none,0,,0,,0,0,False,False,False,0.0,singleton
E02544,1,0,1,,0,none,0,,0,,0,0,False,False,False,0.0,singleton
E02545,1,0,1,,0,none,0,,0,,0,0,False,False,False,0.0,singleton
E02546,1,0,1,,0,none,0,,0,,0,0,False,False,False,0.0,singleton
E02547,1,0,1,,0,none,0,,0,,0,0,False,False,False,0.0,singleton
E02548,1,0,1,,0,none,0,,0,,0,0,False,False,False,0.0,singleton
E02549,1,0,1,,0,none,0,,0,,0,0,False,False,False,0.0,singleton
E02550,1,0,1,,0,none,0,,0,,0,0,False,False,False,0.0,singleton
E02551,1,0,1,,0,none,0,,0,,0,0,False,False,False,0.0,singleton
E02552,1,0,1,,0,none,0,,0,,0,0,False,False,False,0.0,singleton
E02553,1,0,1,,0,none,0,,0,,0,0,False,False,False,0.0,singleton
E02554,1,0,1,,0,none,0,,0,,0,0,False,False,False,0.0,singleton
E02555,1,0,1,,0,none,0,,0,,0,0,False,False,False,0.0,singleton
E02556,1,0,1,,0,none,0,,0,,0,0,False,False,False,0.0,singleton
E02557,1,0,1,,0,none,0,,0,,0,0,False,False,False,0.0,singleton
E02558,1,0,1,,0,none,0,,0,,0,0,False,False,False,0.0,singleton
E02559,1,0,1,,0,none,0,,0,,0,0,False,False,False,0.0,singleton
E02560,1,0,1,,0,none,0,,0,,0,0,False,False,False,0.0,singleton
E02561,1,0,1,,0,none,0,,0,,0,0,False,False,False,0.0,singleton
E02562,1,0,1,,0,none,0,,0,,0,0,False,False,False,0.0,singleton
E02563,1,0,1,,0,none,0,,0,,0,0,False,False,False,0.0,singleton
E02564,1,0,1,,0,none,0,,0,,0,0,False,False,False,0.0,singleton
E02565,1,0,1,,0,none,0,,0,,0,0,False,False,False,0.0,singleton
E02566,1,0,1,,0,none,0,,0,,0,0,False,False,False,0.0,singleton
E02567,1,0,1,,0,none,0,,0,,0,0,False,False,False,0.0,singleton
E02568,1,0,1,,0,none,0,,0,,0,0,False,False,False,0.0,singleton
E02569,1,0,1,,0,none,0,,0,,0,0,False,False,False,0.0,singleton
E02570,1,0,1,,0,none,0,,0,,0,0,False,False,False,0.0,singleton
E02571,1,0,1,,0,none,0,,0,,0,0,False,False,False,0.0,singleton
E02572,1,0,1,,0,none,0,,0,,0,0,False,False,False,0.0,singleton
E02573,1,0,1,,0,none,0,,0,,0,0,False,False,False,0.0,singleton
E02574,1,0,1,,0,none,0,,0,,0,0,False,False,False,0.0,singleton
E02575,1,0,1,,0,none,0,,0,,0,0,False,False,False,0.0,singleton
E02576,1,0,1,,0,none,0,,0,,0,0,False,False,False,0.0,singleton
E02577,1,0,1,,0,none,0,,0,,0,0,False,False,False,0.0,singleton
E02578,1,0,1,,0,none,0,,0,,0,0,False,False,False,0.0,singleton
E02579,1,0,1,,0,none,0,,0,,0,0,False,False,False,0.0,singleton
E02580,1,0,1,,0,none,0,,0,,0,0,False,False,False,0.0,singleton
E02581,1,0,1,,0,none,0,,0,,0,0,False,False,False,0.0,singleton
E02582,1,0,1,,0,none,0,,0,,0,0,False,False,False,0.0,singleton
E02583,1,0,1,,0,none,0,,0,,0,0,False,False,False,0.0,singleton
E02584,1,0,1,,0,none,0,,0,,0,0,False,False,False,0.0,singleton
E02585,1,0,1,,0,none,0,,0,,0,0,False,False,False,0.0,singleton
E02586,1,0,1,,0,none,0,,0,,0,0,False,False,False,0.0,singleton
E02587,1,0,1,,0,none,0,,0,,0,0,False,False,False,0.0,singleton
E02588,1,0,1,,0,none,0,,0,,0,0,False,False,False,0.0,singleton
E02589,1,0,1,,0,none,0,,0,,0,0,False,False,False,0.0,singleton
E02590,1,0,1,,0,none,0,,0,,0,0,False,False,False,0.0,singleton
E02591,1,0,1,,0,none,0,,0,,0,0,False,False,False,0.0,singleton
E02592,1,0,1,,0,none,0,,0,,0,0,False,False,False,0.0,singleton
E02593,1,0,1,,0,none,0,,0,,0,0,False,False,False,0.0,singleton
E02594,1,0,1,,0,none,0,,0,,0,0,False,False,False,0.0,singleton
E02595,1,0,1,,0,none,0,,0,,0,0,False,False,False,0.0,singleton
E02596,1,0,1,,0,none,0,,0,,0,0,False,False,False,0.0,singleton
E02597,1,0,1,,0,none,0,,0,,0,0,False,False,False,0.0,singleton
E02598,1,0,1,,0,none,0,,0,,0,0,False,False,False,0.0,singleton
E02599,1,0,1,,0,none,0,,0,,0,0,False,False,False,0.0,singleton
E02600,1,0,1,,0,none,0,,0,,0,0,False,False,False,0.0,singleton
E02601,1,0,1,,0,none,0,,0,,0,0,False,False,False,0.0,singleton
E02602,1,0,1,,0,none,0,,0,,0,0,False,False,False,0.0,singleton
E02603,1,0,1,,0,none,0,,0,,0,0,False,False,False,0.0,singleton
E02604,1,0,1,,0,none,0,,0,,0,0,False,False,False,0.0,singleton
E02605,1,0,1,,0,none,0,,0,,0,0,False,False,False,0.0,singleton
E02606,1,0,1,,0,none,0,,0,,0,0,False,False,False,0.0,singleton
E02607,1,0,1,,0,none,0,,0,,0,0,False,False,False,0.0,singleton
E02608,1,0,1,,0,none,0,,0,,0,0,False,False,False,0.0,singleton
E02609,1,0,1,,0,none,0,,0,,0,0,False,False,False,0.0,singleton
E02610,1,0,1,,0,none,0,,0,,0,0,False,False,False,0.0,singleton
E02611,1,0,1,,0,none,0,,0,,0,0,False,False,False,0.0,singleton
E02612,1,0,1,,0,none,0,,0,,0,0,False,False,False,0.0,singleton
E02613,1,0,1,,0,none,0,,0,,0,0,False,False,False,0.0,singleton
E02614,1,0,1,,0,none,0,,0,,0,0,False,False,False,0.0,singleton
E02615,1,0,1,,0,none,0,,0,,0,0,False,False,False,0.0,singleton
E02616,1,0,1,,0,none,0,,0,,0,0,False,False,False,0.0,singleton
E02617,1,0,1,,0,none,0,,0,,0,0,False,False,False,0.0,singleton
E02618,1,0,1,,0,none,0,,0,,0,0,False,False,False,0.0,singleton
E02619,1,0,1,,0,none,0,,0,,0,0,False,False,False,0.0,singleton
E02620,1,0,1,,0,none,0,,0,,0,0,False,False,False,0.0,singleton
E02621,1,0,1,,0,none,0,,0,,0,0,False,False,False,0.0,singleton
E02622,1,0,1,,0,none,0,,0,,0,0,False,False,False,0.0,singleton
E02623,1,0,1,,0,none,0,,0,,0,0,False,False,False,0.0,singleton
E02624,1,0,1,,0,none,0,,0,,0,0,False,False,False,0.0,singleton
E02625,1,0,1,,0,none,0,,0,,0,0,False,False,False,0.0,singleton
E02626,1,0,1,,0,none,0,,0,,0,0,False,False,False,0.0,singleton
E02627,1,0,1,,0,none,0,,0,,0,0,False,False,False,0.0,singleton
E02628,1,0,1,,0,none,0,,0,,0,0,False,False,False,0.0,singleton
E02629,1,0,1,,0,none,0,,0,,0,0,False,False,False,0.0,singleton
E02630,1,0,1,,0,none,0,,0,,0,0,False,False,False,0.0,singleton
E02631,1,0,1,,0,none,0,,0,,0,0,False,False,False,0.0,singleton
E02632,1,0,1,,0,none,0,,0,,0,0,False,False,False,0.0,singleton
E02633,1,0,1,,0,none,0,,0,,0,0,False,False,False,0.0,singleton
E02634,1,0,1,,0,none,0,,0,,0,0,False,False,False,0.0,singleton
E02635,1,0,1,,0,none,0,,0,,0,0,False,False,False,0.0,singleton
E02636,1,0,1,,0,none,0,,0,,0,0,False,False,False,0.0,singleton
E02637,1,0,1,,0,none,0,,0,,0,0,False,False,False,0.0,singleton
E02638,1,0,1,,0,none,0,,0,,0,0,False,False,False,0.0,singleton
E02639,1,0,1,,0,none,0,,0,,0,0,False,False,False,0.0,singleton
E02640,1,0,1,,0,none,0,,0,,0,0,False,False,False,0.0,singleton
E02641,1,0,1,,0,none,0,,0,,0,0,False,False,False,0.0,singleton
E02642,1,0,1,,0,none,0,,0,,0,0,False,False,False,0.0,singleton
E02643,1,0,1,,0,none,0,,0,,0,0,False,False,False,0.0,singleton
E02644,1,0,1,,0,none,0,,0,,0,0,False,False,False,0.0,singleton
E02645,1,0,1,,0,none,0,,0,,0,0,False,False,False,0.0,singleton
E02646,1,0,1,,0,none,0,,0,,0,0,False,False,False,0.0,singleton
E02647,1,0,1,,0,none,0,,0,,0,0,False,False,False,0.0,singleton
E02648,1,0,1,,0,none,0,,0,,0,0,False,False,False,0.0,singleton
E02649,1,0,1,,0,none,0,,0,,0,0,False,False,False,0.0,singleton
E02650,1,0,1,,0,none,0,,0,,0,0,False,False,False,0.0,singleton
E02651,1,0,1,,0,none,0,,0,,0,0,False,False,False,0.0,singleton
E02652,1,0,1,,0,none,0,,0,,0,0,False,False,False,0.0,singleton
E02653,1,0,1,,0,none,0,,0,,0,0,False,False,False,0.0,singleton
E02654,1,0,1,,0,none,0,,0,,0,0,False,False,False,0.0,singleton
E02655,1,0,1,,0,none,0,,0,,0,0,False,False,False,0.0,singleton
E02656,1,0,1,,0,none,0,,0,,0,0,False,False,False,0.0,singleton
E02657,1,0,1,,0,none,0,,0,,0,0,False,False,False,0.0,singleton
E02658,1,0,1,,0,none,0,,0,,0,0,False,False,False,0.0,singleton
E02659,1,0,1,,0,none,0,,0,,0,0,False,False,False,0.0,singleton
E02660,1,0,1,,0,none,0,,0,,0,0,False,False,False,0.0,singleton
E02661,1,0,1,,0,none,0,,0,,0,0,False,False,False,0.0,singleton
E02662,1,0,1,,0,none,0,,0,,0,0,False,False,False,0.0,singleton
E02663,1,0,1,,0,none,0,,0,,0,0,False,False,False,0.0,singleton
E02664,1,0,1,,0,none,0,,0,,0,0,False,False,False,0.0,singleton
E02665,1,0,1,,0,none,0,,0,,0,0,False,False,False,0.0,singleton
E02666,1,0,1,,0,none,0,,0,,0,0,False,False,False,0.0,singleton
E02667,1,0,1,,0,none,0,,0,,0,0,False,False,False,0.0,singleton
E02668,1,0,1,,0,none,0,,0,,0,0,False,False,False,0.0,singleton
E02669,1,0,1,,0,none,0,,0,,0,0,False,False,False,0.0,singleton
E02670,1,0,1,,0,none,0,,0,,0,0,False,False,False,0.0,singleton
E02671,1,0,1,,0,none,0,,0,,0,0,False,False,False,0.0,singleton
E02672,1,0,1,,0,none,0,,0,,0,0,False,False,False,0.0,singleton
E02673,1,0,1,,0,none,0,,0,,0,0,False,False,False,0.0,singleton
E02674,1,0,1,,0,none,0,,0,,0,0,False,False,False,0.0,singleton
E02675,1,0,1,,0,none,0,,0,,0,0,False,False,False,0.0,singleton
E02676,1,0,1,,0,none,0,,0,,0,0,False,False,False,0.0,singleton
E02677,1,0,1,,0,none,0,,0,,0,0,False,False,False,0.0,singleton
E02678,1,0,1,,0,none,0,,0,,0,0,False,False,False,0.0,singleton
E02679,1,0,1,,0,none,0,,0,,0,0,False,False,False,0.0,singleton
E02680,1,0,1,,0,none,0,,0,,0,0,False,False,False,0.0,singleton
E02681,1,0,1,,0,none,0,,0,,0,0,False,False,False,0.0,singleton
E02682,1,0,1,,0,none,0,,0,,0,0,False,False,False,0.0,singleton
E02683,1,0,1,,0,none,0,,0,,0,0,False,False,False,0.0,singleton
E02684,1,0,1,,0,none,0,,0,,0,0,False,False,False,0.0,singleton
E02685,1,0,1,,0,none,0,,0,,0,0,False,False,False,0.0,singleton
E02686,1,0,1,,0,none,0,,0,,0,0,False,False,False,0.0,singleton
E02687,1,0,1,,0,none,0,,0,,0,0,False,False,False,0.0,singleton
E02688,1,0,1,,0,none,0,,0,,0,0,False,False,False,0.0,singleton
E02689,1,0,1,,0,none,0,,0,,0,0,False,False,False,0.0,singleton
E02690,1,0,1,,0,none,0,,0,,0,0,False,False,False,0.0,singleton
E02691,1,0,1,,0,none,0,,0,,0,0,False,False,False,0.0,singleton
E02692,1,0,1,,0,none,0,,0,,0,0,False,False,False,0.0,singleton
E02693,1,0,1,,0,none,0,,0,,0,0,False,False,False,0.0,singleton
E02694,1,0,1,,0,none,0,,0,,0,0,False,False,False,0.0,singleton
E02695,1,0,1,,0,none,0,,0,,0,0,False,False,False,0.0,singleton
E02696,1,0,1,,0,none,0,,0,,0,0,False,False,False,0.0,singleton
E02697,1,0,1,,0,none,0,,0,,0,0,False,False,False,0.0,singleton
E02698,1,0,1,,0,none,0,,0,,0,0,False,False,False,0.0,singleton
E02699,1,0,1,,0,none,0,,0,,0,0,False,False,False,0.0,singleton
E02700,1,0,1,,0,none,0,,0,,0,0,False,False,False,0.0,singleton
E02701,1,0,1,,0,none,0,,0,,0,0,False,False,False,0.0,singleton
E02702,1,0,1,,0,none,0,,0,,0,0,False,False,False,0.0,singleton
E02703,1,0,1,,0,none,0,,0,,0,0,False,False,False,0.0,singleton
E02704,1,0,1,,0,none,0,,0,,0,0,False,False,False,0.0,singleton
E02705,1,0,1,,0,none,0,,0,,0,0,False,False,False,0.0,singleton
E02706,1,0,1,,0,none,0,,0,,0,0,False,False,False,0.0,singleton
E02707,1,0,1,,0,none,0,,0,,0,0,False,False,False,0.0,singleton
E02708,1,0,1,,0,none,0,,0,,0,0,False,False,False,0.0,singleton
E02709,1,0,1,,0,none,0,,0,,0,0,False,False,False,0.0,singleton
E02710,1,0,1,,0,none,0,,0,,0,0,False,False,False,0.0,singleton
E02711,1,0,1,,0,none,0,,0,,0,0,False,False,False,0.0,singleton
E02712,1,0,1,,0,none,0,,0,,0,0,False,False,False,0.0,singleton
E02713,1,0,1,,0,none,0,,0,,0,0,False,False,False,0.0,singleton
E02714,1,0,1,,0,none,0,,0,,0,0,False,False,False,0.0,singleton
E02715,1,0,1,,0,none,0,,0,,0,0,False,False,False,0.0,singleton
E02716,1,0,1,,0,none,0,,0,,0,0,False,False,False,0.0,singleton
E02717,1,0,1,,0,none,0,,0,,0,0,False,False,False,0.0,singleton
E02718,1,0,1,,0,none,0,,0,,0,0,False,False,False,0.0,singleton
E02719,1,0,1,,0,none,0,,0,,0,0,False,False,False,0.0,singleton
E02720,1,0,1,,0,none,0,,0,,0,0,False,False,False,0.0,singleton
E02721,1,0,1,,0,none,0,,0,,0,0,False,False,False,0.0,singleton
E02722,1,0,1,,0,none,0,,0,,0,0,False,False,False,0.0,singleton
E02723,1,0,1,,0,none,0,,0,,0,0,False,False,False,0.0,singleton
E02724,1,0,1,,0,none,0,,0,,0,0,False,False,False,0.0,singleton
E02725,1,0,1,,0,none,0,,0,,0,0,False,False,False,0.0,singleton
E02726,1,0,1,,0,none,0,,0,,0,0,False,False,False,0.0,singleton
E02727,1,0,1,,0,none,0,,0,,0,0,False,False,False,0.0,singleton
E02728,1,0,1,,0,none,0,,0,,0,0,False,False,False,0.0,singleton
E02729,1,0,1,,0,none,0,,0,,0,0,False,False,False,0.0,singleton
E02730,1,0,1,,0,none,0,,0,,0,0,False,False,False,0.0,singleton
E02731,1,0,1,,0,none,0,,0,,0,0,False,False,False,0.0,singleton
E02732,1,0,1,,0,none,0,,0,,0,0,False,False,False,0.0,singleton
E02733,1,0,1,,0,none,0,,0,,0,0,False,False,False,0.0,singleton
E02734,1,0,1,,0,none,0,,0,,0,0,False,False,False,0.0,singleton
E02735,1,0,1,,0,none,0,,0,,0,0,False,False,False,0.0,singleton
E02736,1,0,1,,0,none,0,,0,,0,0,False,False,False,0.0,singleton
E02737,1,0,1,,0,none,0,,0,,0,0,False,False,False,0.0,singleton
E02738,1,0,1,,0,none,0,,0,,0,0,False,False,False,0.0,singleton
E02739,1,0,1,,0,none,0,,0,,0,0,False,False,False,0.0,singleton
E02740,1,0,1,,0,none,0,,0,,0,0,False,False,False,0.0,singleton
E02741,1,0,1,,0,none,0,,0,,0,0,False,False,False,0.0,singleton
E02742,1,0,1,,0,none,0,,0,,0,0,False,False,False,0.0,singleton
E02743,1,0,1,,0,none,0,,0,,0,0,False,False,False,0.0,singleton
E02744,1,0,1,,0,none,0,,0,,0,0,False,False,False,0.0,singleton
E02745,1,0,1,,0,none,0,,0,,0,0,False,False,False,0.0,singleton
E02746,1,0,1,,0,none,0,,0,,0,0,False,False,False,0.0,singleton
E02747,1,0,1,,0,none,0,,0,,0,0,False,False,False,0.0,singleton
E02748,1,0,1,,0,none,0,,0,,0,0,False,False,False,0.0,singleton
E02749,1,0,1,,0,none,0,,0,,0,0,False,False,False,0.0,singleton
E02750,1,0,1,,0,none,0,,0,,0,0,False,False,False,0.0,singleton
E02751,1,0,1,,0,none,0,,0,,0,0,False,False,False,0.0,singleton
E02752,1,0,1,,0,none,0,,0,,0,0,False,False,False,0.0,singleton
E02753,1,0,1,,0,none,0,,0,,0,0,False,False,False,0.0,singleton
E02754,1,0,1,,0,none,0,,0,,0,0,False,False,False,0.0,singleton
E02755,1,0,1,,0,none,0,,0,,0,0,False,False,False,0.0,singleton
E02756,1,0,1,,0,none,0,,0,,0,0,False,False,False,0.0,singleton
E02757,1,0,1,,0,none,0,,0,,0,0,False,False,False,0.0,singleton
E02758,1,0,1,,0,none,0,,0,,0,0,False,False,False,0.0,singleton
E02759,1,0,1,,0,none,0,,0,,0,0,False,False,False,0.0,singleton
E02760,1,0,1,,0,none,0,,0,,0,0,False,False,False,0.0,singleton
E02761,1,0,1,,0,none,0,,0,,0,0,False,False,False,0.0,singleton
E02762,1,0,1,,0,none,0,,0,,0,0,False,False,False,0.0,singleton
E02763,1,0,1,,0,none,0,,0,,0,0,False,False,False,0.0,singleton
E02764,1,0,1,,0,none,0,,0,,0,0,False,False,False,0.0,singleton
E02765,1,0,1,,0,none,0,,0,,0,0,False,False,False,0.0,singleton
E02766,1,0,1,,0,none,0,,0,,0,0,False,False,False,0.0,singleton
E02767,1,0,1,,0,none,0,,0,,0,0,False,False,False,0.0,singleton
E02768,1,0,1,,0,none,0,,0,,0,0,False,False,False,0.0,singleton
E02769,1,0,1,,0,none,0,,0,,0,0,False,False,False,0.0,singleton
E02770,1,0,1,,0,none,0,,0,,0,0,False,False,False,0.0,singleton
E02771,1,0,1,,0,none,0,,0,,0,0,False,False,False,0.0,singleton
E02772,1,0,1,,0,none,0,,0,,0,0,False,False,False,0.0,singleton
E02773,1,0,1,,0,none,0,,0,,0,0,False,False,False,0.0,singleton
E02774,1,0,1,,0,none,0,,0,,0,0,False,False,False,0.0,singleton
E02775,1,0,1,,0,none,0,,0,,0,0,False,False,False,0.0,singleton
E02776,1,0,1,,0,none,0,,0,,0,0,False,False,False,0.0,singleton
E02777,1,0,1,,0,none,0,,0,,0,0,False,False,False,0.0,singleton
E02778,1,0,1,,0,none,0,,0,,0,0,False,False,False,0.0,singleton
E02779,1,0,1,,0,none,0,,0,,0,0,False,False,False,0.0,singleton
E02780,1,0,1,,0,none,0,,0,,0,0,False,False,False,0.0,singleton
E02781,1,0,1,,0,none,0,,0,,0,0,False,False,False,0.0,singleton
E02782,1,0,1,,0,none,0,,0,,0,0,False,False,False,0.0,singleton
E02783,1,0,1,,0,none,0,,0,,0,0,False,False,False,0.0,singleton
E02784,1,0,1,,0,none,0,,0,,0,0,False,False,False,0.0,singleton
E02785,1,0,1,,0,none,0,,0,,0,0,False,False,False,0.0,singleton
E02786,1,0,1,,0,none,0,,0,,0,0,False,False,False,0.0,singleton
E02787,1,0,1,,0,none,0,,0,,0,0,False,False,False,0.0,singleton
E02788,1,0,1,,0,none,0,,0,,0,0,False,False,False,0.0,singleton
E02789,1,0,1,,0,none,0,,0,,0,0,False,False,False,0.0,singleton
E02790,1,0,1,,0,none,0,,0,,0,0,False,False,False,0.0,singleton
E02791,1,0,1,,0,none,0,,0,,0,0,False,False,False,0.0,singleton
E02792,1,0,1,,0,none,0,,0,,0,0,False,False,False,0.0,singleton
E02793,1,0,1,,0,none,0,,0,,0,0,False,False,False,0.0,singleton
E02794,1,0,1,,0,none,0,,0,,0,0,False,False,False,0.0,singleton
E02795,1,0,1,,0,none,0,,0,,0,0,False,False,False,0.0,singleton
E02796,1,0,1,,0,none,0,,0,,0,0,False,False,False,0.0,singleton
E02797,1,0,1,,0,none,0,,0,,0,0,False,False,False,0.0,singleton
E02798,1,0,1,,0,none,0,,0,,0,0,False,False,False,0.0,singleton
E02799,1,0,1,,0,none,0,,0,,0,0,False,False,False,0.0,singleton
E02800,1,0,1,,0,none,0,,0,,0,0,False,False,False,0.0,singleton
E02801,1,0,1,,0,none,0,,0,,0,0,False,False,False,0.0,singleton
E02802,1,0,1,,0,none,0,,0,,0,0,False,False,False,0.0,singleton
E02803,1,0,1,,0,none,0,,0,,0,0,False,False,False,0.0,singleton
E02804,1,0,1,,0,none,0,,0,,0,0,False,False,False,0.0,singleton
E02805,1,0,1,,0,none,0,,0,,0,0,False,False,False,0.0,singleton
E02806,1,0,1,,0,none,0,,0,,0,0,False,False,False,0.0,singleton
E02807,1,0,1,,0,none,0,,0,,0,0,False,False,False,0.0,singleton
E02808,1,0,1,,0,none,0,,0,,0,0,False,False,False,0.0,singleton
E02809,1,0,1,,0,none,0,,0,,0,0,False,False,False,0.0,singleton
E02810,1,0,1,,0,none,0,,0,,0,0,False,False,False,0.0,singleton
E02811,1,0,1,,0,none,0,,0,,0,0,False,False,False,0.0,singleton
E02812,1,0,1,,0,none,0,,0,,0,0,False,False,False,0.0,singleton
E02813,1,0,1,,0,none,0,,0,,0,0,False,False,False,0.0,singleton
E02814,1,0,1,,0,none,0,,0,,0,0,False,False,False,0.0,singleton
E02815,1,0,1,,0,none,0,,0,,0,0,False,False,False,0.0,singleton
E02816,1,0,1,,0,none,0,,0,,0,0,False,False,False,0.0,singleton
E02817,1,0,1,,0,none,0,,0,,0,0,False,False,False,0.0,singleton
E02818,1,0,1,,0,none,0,,0,,0,0,False,False,False,0.0,singleton
E02819,1,0,1,,0,none,0,,0,,0,0,False,False,False,0.0,singleton
E02820,1,0,1,,0,none,0,,0,,0,0,False,False,False,0.0,singleton
E02821,1,0,1,,0,none,0,,0,,0,0,False,False,False,0.0,singleton
E02822,1,0,1,,0,none,0,,0,,0,0,False,False,False,0.0,singleton
E02823,1,0,1,,0,none,0,,0,,0,0,False,False,False,0.0,singleton
E02824,1,0,1,,0,none,0,,0,,0,0,False,False,False,0.0,singleton
E02825,1,0,1,,0,none,0,,0,,0,0,False,False,False,0.0,singleton
E02826,1,0,1,,0,none,0,,0,,0,0,False,False,False,0.0,singleton
E02827,1,0,1,,0,none,0,,0,,0,0,False,False,False,0.0,singleton
E02828,1,0,1,,0,none,0,,0,,0,0,False,False,False,0.0,singleton
E02829,1,0,1,,0,none,0,,0,,0,0,False,False,False,0.0,singleton
E02830,1,0,1,,0,none,0,,0,,0,0,False,False,False,0.0,singleton
E02831,1,0,1,,0,none,0,,0,,0,0,False,False,False,0.0,singleton
E02832,1,0,1,,0,none,0,,0,,0,0,False,False,False,0.0,singleton
E02833,1,0,1,,0,none,0,,0,,0,0,False,False,False,0.0,singleton
E02834,1,0,1,,0,none,0,,0,,0,0,False,False,False,0.0,singleton
E02835,1,0,1,,0,none,0,,0,,0,0,False,False,False,0.0,singleton
E02836,1,0,1,,0,none,0,,0,,0,0,False,False,False,0.0,singleton
E02837,1,0,1,,0,none,0,,0,,0,0,False,False,False,0.0,singleton
E02838,1,0,1,,0,none,0,,0,,0,0,False,False,False,0.0,singleton
E02839,1,0,1,,0,none,0,,0,,0,0,False,False,False,0.0,singleton
E02840,1,0,1,,0,none,0,,0,,0,0,False,False,False,0.0,singleton
E02841,1,0,1,,0,none,0,,0,,0,0,False,False,False,0.0,singleton
E02842,1,0,1,,0,none,0,,0,,0,0,False,False,False,0.0,singleton
E02843,1,0,1,,0,none,0,,0,,0,0,False,False,False,0.0,singleton
E02844,1,0,1,,0,none,0,,0,,0,0,False,False,False,0.0,singleton
E02845,1,0,1,,0,none,0,,0,,0,0,False,False,False,0.0,singleton
E02846,1,0,1,,0,none,0,,0,,0,0,False,False,False,0.0,singleton
E02847,1,0,1,,0,none,0,,0,,0,0,False,False,False,0.0,singleton
E02848,1,0,1,,0,none,0,,0,,0,0,False,False,False,0.0,singleton
E02849,1,0,1,,0,none,0,,0,,0,0,False,False,False,0.0,singleton
E02850,1,0,1,,0,none,0,,0,,0,0,False,False,False,0.0,singleton
E02851,1,0,1,,0,none,0,,0,,0,0,False,False,False,0.0,singleton
E02852,1,0,1,,0,none,0,,0,,0,0,False,False,False,0.0,singleton
E02853,1,0,1,,0,none,0,,0,,0,0,False,False,False,0.0,singleton
E02854,1,0,1,,0,none,0,,0,,0,0,False,False,False,0.0,singleton
E02855,1,0,1,,0,none,0,,0,,0,0,False,False,False,0.0,singleton
E02856,1,0,1,,0,none,0,,0,,0,0,False,False,False,0.0,singleton
E02857,1,0,1,,0,none,0,,0,,0,0,False,False,False,0.0,singleton
E02858,1,0,1,,0,none,0,,0,,0,0,False,False,False,0.0,singleton
E02859,1,0,1,,0,none,0,,0,,0,0,False,False,False,0.0,singleton
E02860,1,0,1,,0,none,0,,0,,0,0,False,False,False,0.0,singleton
E02861,1,0,1,,0,none,0,,0,,0,0,False,False,False,0.0,singleton
E02862,1,0,1,,0,none,0,,0,,0,0,False,False,False,0.0,singleton
E02863,1,0,1,,0,none,0,,0,,0,0,False,False,False,0.0,singleton
E02864,1,0,1,,0,none,0,,0,,0,0,False,False,False,0.0,singleton
E02865,1,0,1,,0,none,0,,0,,0,0,False,False,False,0.0,singleton
E02866,1,0,1,,0,none,0,,0,,0,0,False,False,False,0.0,singleton
E02867,1,0,1,,0,none,0,,0,,0,0,False,False,False,0.0,singleton
E02868,1,0,1,,0,none,0,,0,,0,0,False,False,False,0.0,singleton
E02869,1,0,1,,0,none,0,,0,,0,0,False,False,False,0.0,singleton
E02870,1,0,1,,0,none,0,,0,,0,0,False,False,False,0.0,singleton
E02871,1,0,1,,0,none,0,,0,,0,0,False,False,False,0.0,singleton
E02872,1,0,1,,0,none,0,,0,,0,0,False,False,False,0.0,singleton
E02873,1,0,1,,0,none,0,,0,,0,0,False,False,False,0.0,singleton
E02874,1,0,1,,0,none,0,,0,,0,0,False,False,False,0.0,singleton
E02875,1,0,1,,0,none,0,,0,,0,0,False,False,False,0.0,singleton
E02876,1,0,1,,0,none,0,,0,,0,0,False,False,False,0.0,singleton
E02877,1,0,1,,0,none,0,,0,,0,0,False,False,False,0.0,singleton
E02878,1,0,1,,0,none,0,,0,,0,0,False,False,False,0.0,singleton
E02879,1,0,1,,0,none,0,,0,,0,0,False,False,False,0.0,singleton
E02880,1,0,1,,0,none,0,,0,,0,0,False,False,False,0.0,singleton
E02881,1,0,1,,0,none,0,,0,,0,0,False,False,False,0.0,singleton
E02882,1,0,1,,0,none,0,,0,,0,0,False,False,False,0.0,singleton
E02883,1,0,1,,0,none,0,,0,,0,0,False,False,False,0.0,singleton
E02884,1,0,1,,0,none,0,,0,,0,0,False,False,False,0.0,singleton
E02885,1,0,1,,0,none,0,,0,,0,0,False,False,False,0.0,singleton
E02886,1,0,1,,0,none,0,,0,,0,0,False,False,False,0.0,singleton
E02887,1,0,1,,0,none,0,,0,,0,0,False,False,False,0.0,singleton
E02888,1,0,1,,0,none,0,,0,,0,0,False,False,False,0.0,singleton
E02889,1,0,1,,0,none,0,,0,,0,0,False,False,False,0.0,singleton
E02890,1,0,1,,0,none,0,,0,,0,0,False,False,False,0.0,singleton
E02891,1,0,1,,0,none,0,,0,,0,0,False,False,False,0.0,singleton
E02892,1,0,1,,0,none,0,,0,,0,0,False,False,False,0.0,singleton
E02893,1,0,1,,0,none,0,,0,,0,0,False,False,False,0.0,singleton
E02894,1,0,1,,0,none,0,,0,,0,0,False,False,False,0.0,singleton
E02895,1,0,1,,0,none,0,,0,,0,0,False,False,False,0.0,singleton
E02896,1,0,1,,0,none,0,,0,,0,0,False,False,False,0.0,singleton
E02897,1,0,1,,0,none,0,,0,,0,0,False,False,False,0.0,singleton
E02898,1,0,1,,0,none,0,,0,,0,0,False,False,False,0.0,singleton
E02899,1,0,1,,0,none,0,,0,,0,0,False,False,False,0.0,singleton
E02900,1,0,1,,0,none,0,,0,,0,0,False,False,False,0.0,singleton
E02901,1,0,1,,0,none,0,,0,,0,0,False,False,False,0.0,singleton
E02902,1,0,1,,0,none,0,,0,,0,0,False,False,False,0.0,singleton
E02903,1,0,1,,0,none,0,,0,,0,0,False,False,False,0.0,singleton
E02904,1,0,1,,0,none,0,,0,,0,0,False,False,False,0.0,singleton
E02905,1,0,1,,0,none,0,,0,,0,0,False,False,False,0.0,singleton
E02906,1,0,1,,0,none,0,,0,,0,0,False,False,False,0.0,singleton
E02907,1,0,1,,0,none,0,,0,,0,0,False,False,False,0.0,singleton
E02908,1,0,1,,0,none,0,,0,,0,0,False,False,False,0.0,singleton
E02909,1,0,1,,0,none,0,,0,,0,0,False,False,False,0.0,singleton
E02910,1,0,1,,0,none,0,,0,,0,0,False,False,False,0.0,singleton
E02911,1,0,1,,0,none,0,,0,,0,0,False,False,False,0.0,singleton
E02912,1,0,1,,0,none,0,,0,,0,0,False,False,False,0.0,singleton
E02913,1,0,1,,0,none,0,,0,,0,0,False,False,False,0.0,singleton
E02914,1,0,1,,0,none,0,,0,,0,0,False,False,False,0.0,singleton
E02915,1,0,1,,0,none,0,,0,,0,0,False,False,False,0.0,singleton
E02916,1,0,1,,0,none,0,,0,,0,0,False,False,False,0.0,singleton
E02917,1,0,1,,0,none,0,,0,,0,0,False,False,False,0.0,singleton
E02918,1,0,1,,0,none,0,,0,,0,0,False,False,False,0.0,singleton
E02919,1,0,1,,0,none,0,,0,,0,0,False,False,False,0.0,singleton
E02920,1,0,1,,0,none,0,,0,,0,0,False,False,False,0.0,singleton
E02921,1,0,1,,0,none,0,,0,,0,0,False,False,False,0.0,singleton
E02922,1,0,1,,0,none,0,,0,,0,0,False,False,False,0.0,singleton
E02923,1,0,1,,0,none,0,,0,,0,0,False,False,False,0.0,singleton
E02924,1,0,1,,0,none,0,,0,,0,0,False,False,False,0.0,singleton
E02925,1,0,1,,0,none,0,,0,,0,0,False,False,False,0.0,singleton
E02926,1,0,1,,0,none,0,,0,,0,0,False,False,False,0.0,singleton
E02927,1,0,1,,0,none,0,,0,,0,0,False,False,False,0.0,singleton
E02928,1,0,1,,0,none,0,,0,,0,0,False,False,False,0.0,singleton
E02929,1,0,1,,0,none,0,,0,,0,0,False,False,False,0.0,singleton
E02930,1,0,1,,0,none,0,,0,,0,0,False,False,False,0.0,singleton
E02931,1,0,1,,0,none,0,,0,,0,0,False,False,False,0.0,singleton
E02932,1,0,1,,0,none,0,,0,,0,0,False,False,False,0.0,singleton
E02933,1,0,1,,0,none,0,,0,,0,0,False,False,False,0.0,singleton
E02934,1,0,1,,0,none,0,,0,,0,0,False,False,False,0.0,singleton
E02935,1,0,1,,0,none,0,,0,,0,0,False,False,False,0.0,singleton
E02936,1,0,1,,0,none,0,,0,,0,0,False,False,False,0.0,singleton
E02937,1,0,1,,0,none,0,,0,,0,0,False,False,False,0.0,singleton
E02938,1,0,1,,0,none,0,,0,,0,0,False,False,False,0.0,singleton
E02939,1,0,1,,0,none,0,,0,,0,0,False,False,False,0.0,singleton
E02940,1,0,1,,0,none,0,,0,,0,0,False,False,False,0.0,singleton
E02941,1,0,1,,0,none,0,,0,,0,0,False,False,False,0.0,singleton
E02942,1,0,1,,0,none,0,,0,,0,0,False,False,False,0.0,singleton
E02943,1,0,1,,0,none,0,,0,,0,0,False,False,False,0.0,singleton
E02944,1,0,1,,0,none,0,,0,,0,0,False,False,False,0.0,singleton
E02945,1,0,1,,0,none,0,,0,,0,0,False,False,False,0.0,singleton
E02946,1,0,1,,0,none,0,,0,,0,0,False,False,False,0.0,singleton
E02947,1,0,1,,0,none,0,,0,,0,0,False,False,False,0.0,singleton
E02948,1,0,1,,0,none,0,,0,,0,0,False,False,False,0.0,singleton
E02949,1,0,1,,0,none,0,,0,,0,0,False,False,False,0.0,singleton
E02950,1,0,1,,0,none,0,,0,,0,0,False,False,False,0.0,singleton
E02951,1,0,1,,0,none,0,,0,,0,0,False,False,False,0.0,singleton
E02952,1,0,1,,0,none,0,,0,,0,0,False,False,False,0.0,singleton
E02953,1,0,1,,0,none,0,,0,,0,0,False,False,False,0.0,singleton
E02954,1,0,1,,0,none,0,,0,,0,0,False,False,False,0.0,singleton
E02955,1,0,1,,0,none,0,,0,,0,0,False,False,False,0.0,singleton
E02956,1,0,1,,0,none,0,,0,,0,0,False,False,False,0.0,singleton
E02957,1,0,1,,0,none,0,,0,,0,0,False,False,False,0.0,singleton
E02958,1,0,1,,0,none,0,,0,,0,0,False,False,False,0.0,singleton
E02959,1,0,1,,0,none,0,,0,,0,0,False,False,False,0.0,singleton
E02960,1,0,1,,0,none,0,,0,,0,0,False,False,False,0.0,singleton
E02961,1,0,1,,0,none,0,,0,,0,0,False,False,False,0.0,singleton
E02962,1,0,1,,0,none,0,,0,,0,0,False,False,False,0.0,singleton
E02963,1,0,1,,0,none,0,,0,,0,0,False,False,False,0.0,singleton
E02964,1,0,1,,0,none,0,,0,,0,0,False,False,False,0.0,singleton
E02965,1,0,1,,0,none,0,,0,,0,0,False,False,False,0.0,singleton
E02966,1,0,1,,0,none,0,,0,,0,0,False,False,False,0.0,singleton
E02967,1,0,1,,0,none,0,,0,,0,0,False,False,False,0.0,singleton
E02968,1,0,1,,0,none,0,,0,,0,0,False,False,False,0.0,singleton
E02969,1,0,1,,0,none,0,,0,,0,0,False,False,False,0.0,singleton
E02970,1,0,1,,0,none,0,,0,,0,0,False,False,False,0.0,singleton
E02971,1,0,1,,0,none,0,,0,,0,0,False,False,False,0.0,singleton
E02972,1,0,1,,0,none,0,,0,,0,0,False,False,False,0.0,singleton
E02973,1,0,1,,0,none,0,,0,,0,0,False,False,False,0.0,singleton
E02974,1,0,1,,0,none,0,,0,,0,0,False,False,False,0.0,singleton
E02975,1,0,1,,0,none,0,,0,,0,0,False,False,False,0.0,singleton
E02976,1,0,1,,0,none,0,,0,,0,0,False,False,False,0.0,singleton
E02977,1,0,1,,0,none,0,,0,,0,0,False,False,False,0.0,singleton
E02978,1,0,1,,0,none,0,,0,,0,0,False,False,False,0.0,singleton
E02979,1,0,1,,0,none,0,,0,,0,0,False,False,False,0.0,singleton
E02980,1,0,1,,0,none,0,,0,,0,0,False,False,False,0.0,singleton
E02981,1,0,1,,0,none,0,,0,,0,0,False,False,False,0.0,singleton
E02982,1,0,1,,0,none,0,,0,,0,0,False,False,False,0.0,singleton
E02983,1,0,1,,0,none,0,,0,,0,0,False,False,False,0.0,singleton
E02984,1,0,1,,0,none,0,,0,,0,0,False,False,False,0.0,singleton
E02985,1,0,1,,0,none,0,,0,,0,0,False,False,False,0.0,singleton
E02986,1,0,1,,0,none,0,,0,,0,0,False,False,False,0.0,singleton
E02987,1,0,1,,0,none,0,,0,,0,0,False,False,False,0.0,singleton
E02988,1,0,1,,0,none,0,,0,,0,0,False,False,False,0.0,singleton
E02989,1,0,1,,0,none,0,,0,,0,0,False,False,False,0.0,singleton
E02990,1,0,1,,0,none,0,,0,,0,0,False,False,False,0.0,singleton
E02991,1,0,1,,0,none,0,,0,,0,0,False,False,False,0.0,singleton
E02992,1,0,1,,0,none,0,,0,,0,0,False,False,False,0.0,singleton
E02993,1,0,1,,0,none,0,,0,,0,0,False,False,False,0.0,singleton
E02994,1,0,1,,0,none,0,,0,,0,0,False,False,False,0.0,singleton
E02995,1,0,1,,0,none,0,,0,,0,0,False,False,False,0.0,singleton
E02996,1,0,1,,0,none,0,,0,,0,0,False,False,False,0.0,singleton
E02997,1,0,1,,0,none,0,,0,,0,0,False,False,False,0.0,singleton
E02998,1,0,1,,0,none,0,,0,,0,0,False,False,False,0.0,singleton
E02999,1,0,1,,0,none,0,,0,,0,0,False,False,False,0.0,singleton
E03000,1,0,1,,0,none,0,,0,,0,0,False,False,False,0.0,singleton
E03001,1,0,1,,0,none,0,,0,,0,0,False,False,False,0.0,singleton
E03002,1,0,1,,0,none,0,,0,,0,0,False,False,False,0.0,singleton
E03003,1,0,1,,0,none,0,,0,,0,0,False,False,False,0.0,singleton
E03004,1,0,1,,0,none,0,,0,,0,0,False,False,False,0.0,singleton
E03005,1,0,1,,0,none,0,,0,,0,0,False,False,False,0.0,singleton
E03006,1,0,1,,0,none,0,,0,,0,0,False,False,False,0.0,singleton
E03007,1,0,1,,0,none,0,,0,,0,0,False,False,False,0.0,singleton
E03008,1,0,1,,0,none,0,,0,,0,0,False,False,False,0.0,singleton
E03009,1,0,1,,0,none,0,,0,,0,0,False,False,False,0.0,singleton
E03010,1,0,1,,0,none,0,,0,,0,0,False,False,False,0.0,singleton
E03011,1,0,1,,0,none,0,,0,,0,0,False,False,False,0.0,singleton
E03012,1,0,1,,0,none,0,,0,,0,0,False,False,False,0.0,singleton
E03013,1,0,1,,0,none,0,,0,,0,0,False,False,False,0.0,singleton
E03014,1,0,1,,0,none,0,,0,,0,0,False,False,False,0.0,singleton
E03015,1,0,1,,0,none,0,,0,,0,0,False,False,False,0.0,singleton
E03016,1,0,1,,0,none,0,,0,,0,0,False,False,False,0.0,singleton
E03017,1,0,1,,0,none,0,,0,,0,0,False,False,False,0.0,singleton
E03018,1,0,1,,0,none,0,,0,,0,0,False,False,False,0.0,singleton
E03019,1,0,1,,0,none,0,,0,,0,0,False,False,False,0.0,singleton
E03020,1,0,1,,0,none,0,,0,,0,0,False,False,False,0.0,singleton
E03021,1,0,1,,0,none,0,,0,,0,0,False,False,False,0.0,singleton
E03022,1,0,1,,0,none,0,,0,,0,0,False,False,False,0.0,singleton
E03023,1,0,1,,0,none,0,,0,,0,0,False,False,False,0.0,singleton
E03024,1,0,1,,0,none,0,,0,,0,0,False,False,False,0.0,singleton
E03025,1,0,1,,0,none,0,,0,,0,0,False,False,False,0.0,singleton
E03026,1,0,1,,0,none,0,,0,,0,0,False,False,False,0.0,singleton
E03027,1,0,1,,0,none,0,,0,,0,0,False,False,False,0.0,singleton
E03028,1,0,1,,0,none,0,,0,,0,0,False,False,False,0.0,singleton
E03029,1,0,1,,0,none,0,,0,,0,0,False,False,False,0.0,singleton
E03030,1,0,1,,0,none,0,,0,,0,0,False,False,False,0.0,singleton
E03031,1,0,1,,0,none,0,,0,,0,0,False,False,False,0.0,singleton
E03032,1,0,1,,0,none,0,,0,,0,0,False,False,False,0.0,singleton
E03033,1,0,1,,0,none,0,,0,,0,0,False,False,False,0.0,singleton
E03034,1,0,1,,0,none,0,,0,,0,0,False,False,False,0.0,singleton
E03035,1,0,1,,0,none,0,,0,,0,0,False,False,False,0.0,singleton
E03036,1,0,1,,0,none,0,,0,,0,0,False,False,False,0.0,singleton
E03037,1,0,1,,0,none,0,,0,,0,0,False,False,False,0.0,singleton
E03038,1,0,1,,0,none,0,,0,,0,0,False,False,False,0.0,singleton
E03039,1,0,1,,0,none,0,,0,,0,0,False,False,False,0.0,singleton
E03040,1,0,1,,0,none,0,,0,,0,0,False,False,False,0.0,singleton
E03041,1,0,1,,0,none,0,,0,,0,0,False,False,False,0.0,singleton
E03042,1,0,1,,0,none,0,,0,,0,0,False,False,False,0.0,singleton
E03043,1,0,1,,0,none,0,,0,,0,0,False,False,False,0.0,singleton
E03044,1,0,1,,0,none,0,,0,,0,0,False,False,False,0.0,singleton
E03045,1,0,1,,0,none,0,,0,,0,0,False,False,False,0.0,singleton
E03046,1,0,1,,0,none,0,,0,,0,0,False,False,False,0.0,singleton
E03047,1,0,1,,0,none,0,,0,,0,0,False,False,False,0.0,singleton
E03048,1,0,1,,0,none,0,,0,,0,0,False,False,False,0.0,singleton
E03049,1,0,1,,0,none,0,,0,,0,0,False,False,False,0.0,singleton
E03050,1,0,1,,0,none,0,,0,,0,0,False,False,False,0.0,singleton
E03051,1,0,1,,0,none,0,,0,,0,0,False,False,False,0.0,singleton
E03052,1,0,1,,0,none,0,,0,,0,0,False,False,False,0.0,singleton
E03053,1,0,1,,0,none,0,,0,,0,0,False,False,False,0.0,singleton
E03054,1,0,1,,0,none,0,,0,,0,0,False,False,False,0.0,singleton
E03055,1,0,1,,0,none,0,,0,,0,0,False,False,False,0.0,singleton
E03056,1,0,1,,0,none,0,,0,,0,0,False,False,False,0.0,singleton
E03057,1,0,1,,0,none,0,,0,,0,0,False,False,False,0.0,singleton
E03058,1,0,1,,0,none,0,,0,,0,0,False,False,False,0.0,singleton
E03059,1,0,1,,0,none,0,,0,,0,0,False,False,False,0.0,singleton
E03060,1,0,1,,0,none,0,,0,,0,0,False,False,False,0.0,singleton
E03061,1,0,1,,0,none,0,,0,,0,0,False,False,False,0.0,singleton
E03062,1,0,1,,0,none,0,,0,,0,0,False,False,False,0.0,singleton
E03063,1,0,1,,0,none,0,,0,,0,0,False,False,False,0.0,singleton
E03064,1,0,1,,0,none,0,,0,,0,0,False,False,False,0.0,singleton
E03065,1,0,1,,0,none,0,,0,,0,0,False,False,False,0.0,singleton
E03066,1,0,1,,0,none,0,,0,,0,0,False,False,False,0.0,singleton
E03067,1,0,1,,0,none,0,,0,,0,0,False,False,False,0.0,singleton
E03068,1,0,1,,0,none,0,,0,,0,0,False,False,False,0.0,singleton
E03069,1,0,1,,0,none,0,,0,,0,0,False,False,False,0.0,singleton
E03070,1,0,1,,0,none,0,,0,,0,0,False,False,False,0.0,singleton
E03071,1,0,1,,0,none,0,,0,,0,0,False,False,False,0.0,singleton
E03072,1,0,1,,0,none,0,,0,,0,0,False,False,False,0.0,singleton
E03073,1,0,1,,0,none,0,,0,,0,0,False,False,False,0.0,singleton
E03074,1,0,1,,0,none,0,,0,,0,0,False,False,False,0.0,singleton
E03075,1,0,1,,0,none,0,,0,,0,0,False,False,False,0.0,singleton
E03076,1,0,1,,0,none,0,,0,,0,0,False,False,False,0.0,singleton
E03077,1,0,1,,0,none,0,,0,,0,0,False,False,False,0.0,singleton
E03078,1,0,1,,0,none,0,,0,,0,0,False,False,False,0.0,singleton
E03079,1,0,1,,0,none,0,,0,,0,0,False,False,False,0.0,singleton
E03080,1,0,1,,0,none,0,,0,,0,0,False,False,False,0.0,singleton
E03081,1,0,1,,0,none,0,,0,,0,0,False,False,False,0.0,singleton
E03082,1,0,1,,0,none,0,,0,,0,0,False,False,False,0.0,singleton
E03083,1,0,1,,0,none,0,,0,,0,0,False,False,False,0.0,singleton
E03084,1,0,1,,0,none,0,,0,,0,0,False,False,False,0.0,singleton
E03085,1,0,1,,0,none,0,,0,,0,0,False,False,False,0.0,singleton
E03086,1,0,1,,0,none,0,,0,,0,0,False,False,False,0.0,singleton
E03087,1,0,1,,0,none,0,,0,,0,0,False,False,False,0.0,singleton
E03088,1,0,1,,0,none,0,,0,,0,0,False,False,False,0.0,singleton
E03089,1,0,1,,0,none,0,,0,,0,0,False,False,False,0.0,singleton
E03090,1,0,1,,0,none,0,,0,,0,0,False,False,False,0.0,singleton
E03091,1,0,1,,0,none,0,,0,,0,0,False,False,False,0.0,singleton
E03092,1,0,1,,0,none,0,,0,,0,0,False,False,False,0.0,singleton
E03093,1,0,1,,0,none,0,,0,,0,0,False,False,False,0.0,singleton
E03094,1,0,1,,0,none,0,,0,,0,0,False,False,False,0.0,singleton
E03095,1,0,1,,0,none,0,,0,,0,0,False,False,False,0.0,singleton
E03096,1,0,1,,0,none,0,,0,,0,0,False,False,False,0.0,singleton
E03097,1,0,1,,0,none,0,,0,,0,0,False,False,False,0.0,singleton
E03098,1,0,1,,0,none,0,,0,,0,0,False,False,False,0.0,singleton
E03099,1,0,1,,0,none,0,,0,,0,0,False,False,False,0.0,singleton
E03100,1,0,1,,0,none,0,,0,,0,0,False,False,False,0.0,singleton
E03101,1,0,1,,0,none,0,,0,,0,0,False,False,False,0.0,singleton
E03102,1,0,1,,0,none,0,,0,,0,0,False,False,False,0.0,singleton
E03103,1,0,1,,0,none,0,,0,,0,0,False,False,False,0.0,singleton
E03104,1,0,1,,0,none,0,,0,,0,0,False,False,False,0.0,singleton
E03105,1,0,1,,0,none,0,,0,,0,0,False,False,False,0.0,singleton
E03106,1,0,1,,0,none,0,,0,,0,0,False,False,False,0.0,singleton
E03107,1,0,1,,0,none,0,,0,,0,0,False,False,False,0.0,singleton
E03108,1,0,1,,0,none,0,,0,,0,0,False,False,False,0.0,singleton
E03109,1,0,1,,0,none,0,,0,,0,0,False,False,False,0.0,singleton
E03110,1,0,1,,0,none,0,,0,,0,0,False,False,False,0.0,singleton
E03111,1,0,1,,0,none,0,,0,,0,0,False,False,False,0.0,singleton
E03112,1,0,1,,0,none,0,,0,,0,0,False,False,False,0.0,singleton
E03113,1,0,1,,0,none,0,,0,,0,0,False,False,False,0.0,singleton
E03114,1,0,1,,0,none,0,,0,,0,0,False,False,False,0.0,singleton
E03115,1,0,1,,0,none,0,,0,,0,0,False,False,False,0.0,singleton
E03116,1,0,1,,0,none,0,,0,,0,0,False,False,False,0.0,singleton
E03117,1,0,1,,0,none,0,,0,,0,0,False,False,False,0.0,singleton
E03118,1,0,1,,0,none,0,,0,,0,0,False,False,False,0.0,singleton
E03119,1,0,1,,0,none,0,,0,,0,0,False,False,False,0.0,singleton
E03120,1,0,1,,0,none,0,,0,,0,0,False,False,False,0.0,singleton
E03121,1,0,1,,0,none,0,,0,,0,0,False,False,False,0.0,singleton
E03122,1,0,1,,0,none,0,,0,,0,0,False,False,False,0.0,singleton
E03123,1,0,1,,0,none,0,,0,,0,0,False,False,False,0.0,singleton
E03124,1,0,1,,0,none,0,,0,,0,0,False,False,False,0.0,singleton
E03125,1,0,1,,0,none,0,,0,,0,0,False,False,False,0.0,singleton
E03126,1,0,1,,0,none,0,,0,,0,0,False,False,False,0.0,singleton
E03127,1,0,1,,0,none,0,,0,,0,0,False,False,False,0.0,singleton
E03128,1,0,1,,0,none,0,,0,,0,0,False,False,False,0.0,singleton
E03129,1,0,1,,0,none,0,,0,,0,0,False,False,False,0.0,singleton
E03130,1,0,1,,0,none,0,,0,,0,0,False,False,False,0.0,singleton
E03131,1,0,1,,0,none,0,,0,,0,0,False,False,False,0.0,singleton
E03132,1,0,1,,0,none,0,,0,,0,0,False,False,False,0.0,singleton
E03133,1,0,1,,0,none,0,,0,,0,0,False,False,False,0.0,singleton
E03134,1,0,1,,0,none,0,,0,,0,0,False,False,False,0.0,singleton
E03135,1,0,1,,0,none,0,,0,,0,0,False,False,False,0.0,singleton
E03136,1,0,1,,0,none,0,,0,,0,0,False,False,False,0.0,singleton
E03137,1,0,1,,0,none,0,,0,,0,0,False,False,False,0.0,singleton
E03138,1,0,1,,0,none,0,,0,,0,0,False,False,False,0.0,singleton
E03139,1,0,1,,0,none,0,,0,,0,0,False,False,False,0.0,singleton
E03140,1,0,1,,0,none,0,,0,,0,0,False,False,False,0.0,singleton
E03141,1,0,1,,0,none,0,,0,,0,0,False,False,False,0.0,singleton
E03142,1,0,1,,0,none,0,,0,,0,0,False,False,False,0.0,singleton
E03143,1,0,1,,0,none,0,,0,,0,0,False,False,False,0.0,singleton
E03144,1,0,1,,0,none,0,,0,,0,0,False,False,False,0.0,singleton
E03145,1,0,1,,0,none,0,,0,,0,0,False,False,False,0.0,singleton
E03146,1,0,1,,0,none,0,,0,,0,0,False,False,False,0.0,singleton
E03147,1,0,1,,0,none,0,,0,,0,0,False,False,False,0.0,singleton
E03148,1,0,1,,0,none,0,,0,,0,0,False,False,False,0.0,singleton
E03149,1,0,1,,0,none,0,,0,,0,0,False,False,False,0.0,singleton
E03150,1,0,1,,0,none,0,,0,,0,0,False,False,False,0.0,singleton
E03151,1,0,1,,0,none,0,,0,,0,0,False,False,False,0.0,singleton
E03152,1,0,1,,0,none,0,,0,,0,0,False,False,False,0.0,singleton
E03153,1,0,1,,0,none,0,,0,,0,0,False,False,False,0.0,singleton
E03154,1,0,1,,0,none,0,,0,,0,0,False,False,False,0.0,singleton
E03155,1,0,1,,0,none,0,,0,,0,0,False,False,False,0.0,singleton
E03156,1,0,1,,0,none,0,,0,,0,0,False,False,False,0.0,singleton
E03157,1,0,1,,0,none,0,,0,,0,0,False,False,False,0.0,singleton
E03158,1,0,1,,0,none,0,,0,,0,0,False,False,False,0.0,singleton
E03159,1,0,1,,0,none,0,,0,,0,0,False,False,False,0.0,singleton
E03160,1,0,1,,0,none,0,,0,,0,0,False,False,False,0.0,singleton
E03161,1,0,1,,0,none,0,,0,,0,0,False,False,False,0.0,singleton
E03162,1,0,1,,0,none,0,,0,,0,0,False,False,False,0.0,singleton
E03163,1,0,1,,0,none,0,,0,,0,0,False,False,False,0.0,singleton
E03164,1,0,1,,0,none,0,,0,,0,0,False,False,False,0.0,singleton
E03165,1,0,1,,0,none,0,,0,,0,0,False,False,False,0.0,singleton
E03166,1,0,1,,0,none,0,,0,,0,0,False,False,False,0.0,singleton
E03167,1,0,1,,0,none,0,,0,,0,0,False,False,False,0.0,singleton
E03168,1,0,1,,0,none,0,,0,,0,0,False,False,False,0.0,singleton
E03169,1,0,1,,0,none,0,,0,,0,0,False,False,False,0.0,singleton
E03170,1,0,1,,0,none,0,,0,,0,0,False,False,False,0.0,singleton
E03171,1,0,1,,0,none,0,,0,,0,0,False,False,False,0.0,singleton
E03172,1,0,1,,0,none,0,,0,,0,0,False,False,False,0.0,singleton
E03173,1,0,1,,0,none,0,,0,,0,0,False,False,False,0.0,singleton
E03174,1,0,1,,0,none,0,,0,,0,0,False,False,False,0.0,singleton
E03175,1,0,1,,0,none,0,,0,,0,0,False,False,False,0.0,singleton
E03176,1,0,1,,0,none,0,,0,,0,0,False,False,False,0.0,singleton
E03177,1,0,1,,0,none,0,,0,,0,0,False,False,False,0.0,singleton
E03178,1,0,1,,0,none,0,,0,,0,0,False,False,False,0.0,singleton
E03179,1,0,1,,0,none,0,,0,,0,0,False,False,False,0.0,singleton
E03180,1,0,1,,0,none,0,,0,,0,0,False,False,False,0.0,singleton
E03181,1,0,1,,0,none,0,,0,,0,0,False,False,False,0.0,singleton
E03182,1,0,1,,0,none,0,,0,,0,0,False,False,False,0.0,singleton
E03183,1,0,1,,0,none,0,,0,,0,0,False,False,False,0.0,singleton
E03184,1,0,1,,0,none,0,,0,,0,0,False,False,False,0.0,singleton
E03185,1,0,1,,0,none,0,,0,,0,0,False,False,False,0.0,singleton
E03186,1,0,1,,0,none,0,,0,,0,0,False,False,False,0.0,singleton
E03187,1,0,1,,0,none,0,,0,,0,0,False,False,False,0.0,singleton
E03188,1,0,1,,0,none,0,,0,,0,0,False,False,False,0.0,singleton
E03189,1,0,1,,0,none,0,,0,,0,0,False,False,False,0.0,singleton
E03190,1,0,1,,0,none,0,,0,,0,0,False,False,False,0.0,singleton
E03191,1,0,1,,0,none,0,,0,,0,0,False,False,False,0.0,singleton
E03192,1,0,1,,0,none,0,,0,,0,0,False,False,False,0.0,singleton
E03193,1,0,1,,0,none,0,,0,,0,0,False,False,False,0.0,singleton
E03194,1,0,1,,0,none,0,,0,,0,0,False,False,False,0.0,singleton
E03195,1,0,1,,0,none,0,,0,,0,0,False,False,False,0.0,singleton
E03196,1,0,1,,0,none,0,,0,,0,0,False,False,False,0.0,singleton
E03197,1,0,1,,0,none,0,,0,,0,0,False,False,False,0.0,singleton
E03198,1,0,1,,0,none,0,,0,,0,0,False,False,False,0.0,singleton
E03199,1,0,1,,0,none,0,,0,,0,0,False,False,False,0.0,singleton
E03200,1,0,1,,0,none,0,,0,,0,0,False,False,False,0.0,singleton
E03201,1,0,1,,0,none,0,,0,,0,0,False,False,False,0.0,singleton
E03202,1,0,1,,0,none,0,,0,,0,0,False,False,False,0.0,singleton
E03203,1,0,1,,0,none,0,,0,,0,0,False,False,False,0.0,singleton
E03204,1,0,1,,0,none,0,,0,,0,0,False,False,False,0.0,singleton
E03205,1,0,1,,0,none,0,,0,,0,0,False,False,False,0.0,singleton
E03206,1,0,1,,0,none,0,,0,,0,0,False,False,False,0.0,singleton
E03207,1,0,1,,0,none,0,,0,,0,0,False,False,False,0.0,singleton
E03208,1,0,1,,0,none,0,,0,,0,0,False,False,False,0.0,singleton
E03209,1,0,1,,0,none,0,,0,,0,0,False,False,False,0.0,singleton
E03210,1,0,1,,0,none,0,,0,,0,0,False,False,False,0.0,singleton
E03211,1,0,1,,0,none,0,,0,,0,0,False,False,False,0.0,singleton
E03212,1,0,1,,0,none,0,,0,,0,0,False,False,False,0.0,singleton
E03213,1,0,1,,0,none,0,,0,,0,0,False,False,False,0.0,singleton
E03214,1,0,1,,0,none,0,,0,,0,0,False,False,False,0.0,singleton
E03215,1,0,1,,0,none,0,,0,,0,0,False,False,False,0.0,singleton
E03216,1,0,1,,0,none,0,,0,,0,0,False,False,False,0.0,singleton
E03217,1,0,1,,0,none,0,,0,,0,0,False,False,False,0.0,singleton
E03218,1,0,1,,0,none,0,,0,,0,0,False,False,False,0.0,singleton
E03219,1,0,1,,0,none,0,,0,,0,0,False,False,False,0.0,singleton
E03220,1,0,1,,0,none,0,,0,,0,0,False,False,False,0.0,singleton
E03221,1,0,1,,0,none,0,,0,,0,0,False,False,False,0.0,singleton
E03222,1,0,1,,0,none,0,,0,,0,0,False,False,False,0.0,singleton
E03223,1,0,1,,0,none,0,,0,,0,0,False,False,False,0.0,singleton
E03224,1,0,1,,0,none,0,,0,,0,0,False,False,False,0.0,singleton
E03225,1,0,1,,0,none,0,,0,,0,0,False,False,False,0.0,singleton
E03226,1,0,1,,0,none,0,,0,,0,0,False,False,False,0.0,singleton
E03227,1,0,1,,0,none,0,,0,,0,0,False,False,False,0.0,singleton
E03228,1,0,1,,0,none,0,,0,,0,0,False,False,False,0.0,singleton
E03229,1,0,1,,0,none,0,,0,,0,0,False,False,False,0.0,singleton
E03230,1,0,1,,0,none,0,,0,,0,0,False,False,False,0.0,singleton
E03231,1,0,1,,0,none,0,,0,,0,0,False,False,False,0.0,singleton
E03232,1,0,1,,0,none,0,,0,,0,0,False,False,False,0.0,singleton
E03233,1,0,1,,0,none,0,,0,,0,0,False,False,False,0.0,singleton
E03234,1,0,1,,0,none,0,,0,,0,0,False,False,False,0.0,singleton
E03235,1,0,1,,0,none,0,,0,,0,0,False,False,False,0.0,singleton
E03236,1,0,1,,0,none,0,,0,,0,0,False,False,False,0.0,singleton
E03237,1,0,1,,0,none,0,,0,,0,0,False,False,False,0.0,singleton
E03238,1,0,1,,0,none,0,,0,,0,0,False,False,False,0.0,singleton
E03239,1,0,1,,0,none,0,,0,,0,0,False,False,False,0.0,singleton
E03240,1,0,1,,0,none,0,,0,,0,0,False,False,False,0.0,singleton
E03241,1,0,1,,0,none,0,,0,,0,0,False,False,False,0.0,singleton
E03242,1,0,1,,0,none,0,,0,,0,0,False,False,False,0.0,singleton
E03243,1,0,1,,0,none,0,,0,,0,0,False,False,False,0.0,singleton
E03244,1,0,1,,0,none,0,,0,,0,0,False,False,False,0.0,singleton
E03245,1,0,1,,0,none,0,,0,,0,0,False,False,False,0.0,singleton
E03246,1,0,1,,0,none,0,,0,,0,0,False,False,False,0.0,singleton
E03247,1,0,1,,0,none,0,,0,,0,0,False,False,False,0.0,singleton
E03248,1,0,1,,0,none,0,,0,,0,0,False,False,False,0.0,singleton
E03249,1,0,1,,0,none,0,,0,,0,0,False,False,False,0.0,singleton
E03250,1,0,1,,0,none,0,,0,,0,0,False,False,False,0.0,singleton
E03251,1,0,1,,0,none,0,,0,,0,0,False,False,False,0.0,singleton
E03252,1,0,1,,0,none,0,,0,,0,0,False,False,False,0.0,singleton
E03253,1,0,1,,0,none,0,,0,,0,0,False,False,False,0.0,singleton
E03254,1,0,1,,0,none,0,,0,,0,0,False,False,False,0.0,singleton
E03255,1,0,1,,0,none,0,,0,,0,0,False,False,False,0.0,singleton
E03256,1,0,1,,0,none,0,,0,,0,0,False,False,False,0.0,singleton
E03257,1,0,1,,0,none,0,,0,,0,0,False,False,False,0.0,singleton
E03258,1,0,1,,0,none,0,,0,,0,0,False,False,False,0.0,singleton
E03259,1,0,1,,0,none,0,,0,,0,0,False,False,False,0.0,singleton
E03260,1,0,1,,0,none,0,,0,,0,0,False,False,False,0.0,singleton
E03261,1,0,1,,0,none,0,,0,,0,0,False,False,False,0.0,singleton
E03262,1,0,1,,0,none,0,,0,,0,0,False,False,False,0.0,singleton
E03263,1,0,1,,0,none,0,,0,,0,0,False,False,False,0.0,singleton
E03264,1,0,1,,0,none,0,,0,,0,0,False,False,False,0.0,singleton
E03265,1,0,1,,0,none,0,,0,,0,0,False,False,False,0.0,singleton
E03266,1,0,1,,0,none,0,,0,,0,0,False,False,False,0.0,singleton
E03267,1,0,1,,0,none,0,,0,,0,0,False,False,False,0.0,singleton
E03268,1,0,1,,0,none,0,,0,,0,0,False,False,False,0.0,singleton
E03269,1,0,1,,0,none,0,,0,,0,0,False,False,False,0.0,singleton
E03270,1,0,1,,0,none,0,,0,,0,0,False,False,False,0.0,singleton
E03271,1,0,1,,0,none,0,,0,,0,0,False,False,False,0.0,singleton
E03272,1,0,1,,0,none,0,,0,,0,0,False,False,False,0.0,singleton
E03273,1,0,1,,0,none,0,,0,,0,0,False,False,False,0.0,singleton
E03274,1,0,1,,0,none,0,,0,,0,0,False,False,False,0.0,singleton
E03275,1,0,1,,0,none,0,,0,,0,0,False,False,False,0.0,singleton
E03276,1,0,1,,0,none,0,,0,,0,0,False,False,False,0.0,singleton
E03277,1,0,1,,0,none,0,,0,,0,0,False,False,False,0.0,singleton
E03278,1,0,1,,0,none,0,,0,,0,0,False,False,False,0.0,singleton
E03279,1,0,1,,0,none,0,,0,,0,0,False,False,False,0.0,singleton
E03280,1,0,1,,0,none,0,,0,,0,0,False,False,False,0.0,singleton
E03281,1,0,1,,0,none,0,,0,,0,0,False,False,False,0.0,singleton
E03282,1,0,1,,0,none,0,,0,,0,0,False,False,False,0.0,singleton
E03283,1,0,1,,0,none,0,,0,,0,0,False,False,False,0.0,singleton
E03284,1,0,1,,0,none,0,,0,,0,0,False,False,False,0.0,singleton
E03285,1,0,1,,0,none,0,,0,,0,0,False,False,False,0.0,singleton
E03286,1,0,1,,0,none,0,,0,,0,0,False,False,False,0.0,singleton
E03287,1,0,1,,0,none,0,,0,,0,0,False,False,False,0.0,singleton
E03288,1,0,1,,0,none,0,,0,,0,0,False,False,False,0.0,singleton
E03289,1,0,1,,0,none,0,,0,,0,0,False,False,False,0.0,singleton
E03290,1,0,1,,0,none,0,,0,,0,0,False,False,False,0.0,singleton
E03291,1,0,1,,0,none,0,,0,,0,0,False,False,False,0.0,singleton
E03292,1,0,1,,0,none,0,,0,,0,0,False,False,False,0.0,singleton
E03293,1,0,1,,0,none,0,,0,,0,0,False,False,False,0.0,singleton
E03294,1,0,1,,0,none,0,,0,,0,0,False,False,False,0.0,singleton
E03295,1,0,1,,0,none,0,,0,,0,0,False,False,False,0.0,singleton
E03296,1,0,1,,0,none,0,,0,,0,0,False,False,False,0.0,singleton
E03297,1,0,1,,0,none,0,,0,,0,0,False,False,False,0.0,singleton
E03298,1,0,1,,0,none,0,,0,,0,0,False,False,False,0.0,singleton
E03299,1,0,1,,0,none,0,,0,,0,0,False,False,False,0.0,singleton
E03300,1,0,1,,0,none,0,,0,,0,0,False,False,False,0.0,singleton
E03301,1,0,1,,0,none,0,,0,,0,0,False,False,False,0.0,singleton
E03302,1,0,1,,0,none,0,,0,,0,0,False,False,False,0.0,singleton
E03303,1,0,1,,0,none,0,,0,,0,0,False,False,False,0.0,singleton
E03304,1,0,1,,0,none,0,,0,,0,0,False,False,False,0.0,singleton
E03305,1,0,1,,0,none,0,,0,,0,0,False,False,False,0.0,singleton
E03306,1,0,1,,0,none,0,,0,,0,0,False,False,False,0.0,singleton
E03307,1,0,1,,0,none,0,,0,,0,0,False,False,False,0.0,singleton
E03308,1,0,1,,0,none,0,,0,,0,0,False,False,False,0.0,singleton
E03309,1,0,1,,0,none,0,,0,,0,0,False,False,False,0.0,singleton
E03310,1,0,1,,0,none,0,,0,,0,0,False,False,False,0.0,singleton
E03311,1,0,1,,0,none,0,,0,,0,0,False,False,False,0.0,singleton
E03312,1,0,1,,0,none,0,,0,,0,0,False,False,False,0.0,singleton
E03313,1,0,1,,0,none,0,,0,,0,0,False,False,False,0.0,singleton
E03314,1,0,1,,0,none,0,,0,,0,0,False,False,False,0.0,singleton
E03315,1,0,1,,0,none,0,,0,,0,0,False,False,False,0.0,singleton
E03316,1,0,1,,0,none,0,,0,,0,0,False,False,False,0.0,singleton
E03317,1,0,1,,0,none,0,,0,,0,0,False,False,False,0.0,singleton
E03318,1,0,1,,0,none,0,,0,,0,0,False,False,False,0.0,singleton
E03319,1,0,1,,0,none,0,,0,,0,0,False,False,False,0.0,singleton
E03320,1,0,1,,0,none,0,,0,,0,0,False,False,False,0.0,singleton
E03321,1,0,1,,0,none,0,,0,,0,0,False,False,False,0.0,singleton
E03322,1,0,1,,0,none,0,,0,,0,0,False,False,False,0.0,singleton
E03323,1,0,1,,0,none,0,,0,,0,0,False,False,False,0.0,singleton
E03324,1,0,1,,0,none,0,,0,,0,0,False,False,False,0.0,singleton
E03325,1,0,1,,0,none,0,,0,,0,0,False,False,False,0.0,singleton
E03326,1,0,1,,0,none,0,,0,,0,0,False,False,False,0.0,singleton
E03327,1,0,1,,0,none,0,,0,,0,0,False,False,False,0.0,singleton
E03328,1,0,1,,0,none,0,,0,,0,0,False,False,False,0.0,singleton
E03329,1,0,1,,0,none,0,,0,,0,0,False,False,False,0.0,singleton
E03330,1,0,1,,0,none,0,,0,,0,0,False,False,False,0.0,singleton
E03331,1,0,1,,0,none,0,,0,,0,0,False,False,False,0.0,singleton
E03332,1,0,1,,0,none,0,,0,,0,0,False,False,False,0.0,singleton
E03333,1,0,1,,0,none,0,,0,,0,0,False,False,False,0.0,singleton
E03334,1,0,1,,0,none,0,,0,,0,0,False,False,False,0.0,singleton
E03335,1,0,1,,0,none,0,,0,,0,0,False,False,False,0.0,singleton
E03336,1,0,1,,0,none,0,,0,,0,0,False,False,False,0.0,singleton
E03337,1,0,1,,0,none,0,,0,,0,0,False,False,False,0.0,singleton
E03338,1,0,1,,0,none,0,,0,,0,0,False,False,False,0.0,singleton
E03339,1,0,1,,0,none,0,,0,,0,0,False,False,False,0.0,singleton
E03340,1,0,1,,0,none,0,,0,,0,0,False,False,False,0.0,singleton
E03341,1,0,1,,0,none,0,,0,,0,0,False,False,False,0.0,singleton
E03342,1,0,1,,0,none,0,,0,,0,0,False,False,False,0.0,singleton
E03343,1,0,1,,0,none,0,,0,,0,0,False,False,False,0.0,singleton
E03344,1,0,1,,0,none,0,,0,,0,0,False,False,False,0.0,singleton
E03345,1,0,1,,0,none,0,,0,,0,0,False,False,False,0.0,singleton
E03346,1,0,1,,0,none,0,,0,,0,0,False,False,False,0.0,singleton
E03347,1,0,1,,0,none,0,,0,,0,0,False,False,False,0.0,singleton
E03348,1,0,1,,0,none,0,,0,,0,0,False,False,False,0.0,singleton
E03349,1,0,1,,0,none,0,,0,,0,0,False,False,False,0.0,singleton
E03350,1,0,1,,0,none,0,,0,,0,0,False,False,False,0.0,singleton
E03351,1,0,1,,0,none,0,,0,,0,0,False,False,False,0.0,singleton
E03352,1,0,1,,0,none,0,,0,,0,0,False,False,False,0.0,singleton
E03353,1,0,1,,0,none,0,,0,,0,0,False,False,False,0.0,singleton
E03354,1,0,1,,0,none,0,,0,,0,0,False,False,False,0.0,singleton
E03355,1,0,1,,0,none,0,,0,,0,0,False,False,False,0.0,singleton
E03356,1,0,1,,0,none,0,,0,,0,0,False,False,False,0.0,singleton
E03357,1,0,1,,0,none,0,,0,,0,0,False,False,False,0.0,singleton
E03358,1,0,1,,0,none,0,,0,,0,0,False,False,False,0.0,singleton
E03359,1,0,1,,0,none,0,,0,,0,0,False,False,False,0.0,singleton
E03360,1,0,1,,0,none,0,,0,,0,0,False,False,False,0.0,singleton
E03361,1,0,1,,0,none,0,,0,,0,0,False,False,False,0.0,singleton
E03362,1,0,1,,0,none,0,,0,,0,0,False,False,False,0.0,singleton
E03363,1,0,1,,0,none,0,,0,,0,0,False,False,False,0.0,singleton
E03364,1,0,1,,0,none,0,,0,,0,0,False,False,False,0.0,singleton
E03365,1,0,1,,0,none,0,,0,,0,0,False,False,False,0.0,singleton
E03366,1,0,1,,0,none,0,,0,,0,0,False,False,False,0.0,singleton
E03367,1,0,1,,0,none,0,,0,,0,0,False,False,False,0.0,singleton
E03368,1,0,1,,0,none,0,,0,,0,0,False,False,False,0.0,singleton
E03369,1,0,1,,0,none,0,,0,,0,0,False,False,False,0.0,singleton
E03370,1,0,1,,0,none,0,,0,,0,0,False,False,False,0.0,singleton
E03371,1,0,1,,0,none,0,,0,,0,0,False,False,False,0.0,singleton
E03372,1,0,1,,0,none,0,,0,,0,0,False,False,False,0.0,singleton
E03373,1,0,1,,0,none,0,,0,,0,0,False,False,False,0.0,singleton
E03374,1,0,1,,0,none,0,,0,,0,0,False,False,False,0.0,singleton
E03375,1,0,1,,0,none,0,,0,,0,0,False,False,False,0.0,singleton
E03376,1,0,1,,0,none,0,,0,,0,0,False,False,False,0.0,singleton
E03377,1,0,1,,0,none,0,,0,,0,0,False,False,False,0.0,singleton
E03378,1,0,1,,0,none,0,,0,,0,0,False,False,False,0.0,singleton
E03379,1,0,1,,0,none,0,,0,,0,0,False,False,False,0.0,singleton
E03380,1,0,1,,0,none,0,,0,,0,0,False,False,False,0.0,singleton
E03381,1,0,1,,0,none,0,,0,,0,0,False,False,False,0.0,singleton
E03382,1,0,1,,0,none,0,,0,,0,0,False,False,False,0.0,singleton
E03383,1,0,1,,0,none,0,,0,,0,0,False,False,False,0.0,singleton
E03384,1,0,1,,0,none,0,,0,,0,0,False,False,False,0.0,singleton
E03385,1,0,1,,0,none,0,,0,,0,0,False,False,False,0.0,singleton
E03386,1,0,1,,0,none,0,,0,,0,0,False,False,False,0.0,singleton
E03387,1,0,1,,0,none,0,,0,,0,0,False,False,False,0.0,singleton
E03388,1,0,1,,0,none,0,,0,,0,0,False,False,False,0.0,singleton
E03389,1,0,1,,0,none,0,,0,,0,0,False,False,False,0.0,singleton
E03390,1,0,1,,0,none,0,,0,,0,0,False,False,False,0.0,singleton
E03391,1,0,1,,0,none,0,,0,,0,0,False,False,False,0.0,singleton
E03392,1,0,1,,0,none,0,,0,,0,0,False,False,False,0.0,singleton
E03393,1,0,1,,0,none,0,,0,,0,0,False,False,False,0.0,singleton
E03394,1,0,1,,0,none,0,,0,,0,0,False,False,False,0.0,singleton
E03395,1,0,1,,0,none,0,,0,,0,0,False,False,False,0.0,singleton
E03396,1,0,1,,0,none,0,,0,,0,0,False,False,False,0.0,singleton
E03397,1,0,1,,0,none,0,,0,,0,0,False,False,False,0.0,singleton
E03398,1,0,1,,0,none,0,,0,,0,0,False,False,False,0.0,singleton
E03399,1,0,1,,0,none,0,,0,,0,0,False,False,False,0.0,singleton
E03400,1,0,1,,0,none,0,,0,,0,0,False,False,False,0.0,singleton
E03401,1,0,1,,0,none,0,,0,,0,0,False,False,False,0.0,singleton
E03402,1,0,1,,0,none,0,,0,,0,0,False,False,False,0.0,singleton
E03403,1,0,1,,0,none,0,,0,,0,0,False,False,False,0.0,singleton
E03404,1,0,1,,0,none,0,,0,,0,0,False,False,False,0.0,singleton
E03405,1,0,1,,0,none,0,,0,,0,0,False,False,False,0.0,singleton
E03406,1,0,1,,0,none,0,,0,,0,0,False,False,False,0.0,singleton
E03407,1,0,1,,0,none,0,,0,,0,0,False,False,False,0.0,singleton
E03408,1,0,1,,0,none,0,,0,,0,0,False,False,False,0.0,singleton
E03409,1,0,1,,0,none,0,,0,,0,0,False,False,False,0.0,singleton
E03410,1,0,1,,0,none,0,,0,,0,0,False,False,False,0.0,singleton
E03411,1,0,1,,0,none,0,,0,,0,0,False,False,False,0.0,singleton
E03412,1,0,1,,0,none,0,,0,,0,0,False,False,False,0.0,singleton
E03413,1,0,1,,0,none,0,,0,,0,0,False,False,False,0.0,singleton
E03414,1,0,1,,0,none,0,,0,,0,0,False,False,False,0.0,singleton
E03415,1,0,1,,0,none,0,,0,,0,0,False,False,False,0.0,singleton
E03416,1,0,1,,0,none,0,,0,,0,0,False,False,False,0.0,singleton
E03417,1,0,1,,0,none,0,,0,,0,0,False,False,False,0.0,singleton
E03418,1,0,1,,0,none,0,,0,,0,0,False,False,False,0.0,singleton
E03419,1,0,1,,0,none,0,,0,,0,0,False,False,False,0.0,singleton
E03420,1,0,1,,0,none,0,,0,,0,0,False,False,False,0.0,singleton
E03421,1,0,1,,0,none,0,,0,,0,0,False,False,False,0.0,singleton
E03422,1,0,1,,0,none,0,,0,,0,0,False,False,False,0.0,singleton
E03423,1,0,1,,0,none,0,,0,,0,0,False,False,False,0.0,singleton
E03424,1,0,1,,0,none,0,,0,,0,0,False,False,False,0.0,singleton
E03425,1,0,1,,0,none,0,,0,,0,0,False,False,False,0.0,singleton
E03426,1,0,1,,0,none,0,,0,,0,0,False,False,False,0.0,singleton
E03427,1,0,1,,0,none,0,,0,,0,0,False,False,False,0.0,singleton
E03428,1,0,1,,0,none,0,,0,,0,0,False,False,False,0.0,singleton
E03429,1,0,1,,0,none,0,,0,,0,0,False,False,False,0.0,singleton
E03430,1,0,1,,0,none,0,,0,,0,0,False,False,False,0.0,singleton
E03431,1,0,1,,0,none,0,,0,,0,0,False,False,False,0.0,singleton
E03432,1,0,1,,0,none,0,,0,,0,0,False,False,False,0.0,singleton
E03433,1,0,1,,0,none,0,,0,,0,0,False,False,False,0.0,singleton
E03434,1,0,1,,0,none,0,,0,,0,0,False,False,False,0.0,singleton
E03435,1,0,1,,0,none,0,,0,,0,0,False,False,False,0.0,singleton
E03436,1,0,1,,0,none,0,,0,,0,0,False,False,False,0.0,singleton
E03437,1,0,1,,0,none,0,,0,,0,0,False,False,False,0.0,singleton
E03438,1,0,1,,0,none,0,,0,,0,0,False,False,False,0.0,singleton
E03439,1,0,1,,0,none,0,,0,,0,0,False,False,False,0.0,singleton
E03440,1,0,1,,0,none,0,,0,,0,0,False,False,False,0.0,singleton
E03441,1,0,1,,0,none,0,,0,,0,0,False,False,False,0.0,singleton
E03442,1,0,1,,0,none,0,,0,,0,0,False,False,False,0.0,singleton
E03443,1,0,1,,0,none,0,,0,,0,0,False,False,False,0.0,singleton
E03444,1,0,1,,0,none,0,,0,,0,0,False,False,False,0.0,singleton
E03445,1,0,1,,0,none,0,,0,,0,0,False,False,False,0.0,singleton
E03446,1,0,1,,0,none,0,,0,,0,0,False,False,False,0.0,singleton
E03447,1,0,1,,0,none,0,,0,,0,0,False,False,False,0.0,singleton
E03448,1,0,1,,0,none,0,,0,,0,0,False,False,False,0.0,singleton
E03449,1,0,1,,0,none,0,,0,,0,0,False,False,False,0.0,singleton
E03450,1,0,1,,0,none,0,,0,,0,0,False,False,False,0.0,singleton
E03451,1,0,1,,0,none,0,,0,,0,0,False,False,False,0.0,singleton
E03452,1,0,1,,0,none,0,,0,,0,0,False,False,False,0.0,singleton
E03453,1,0,1,,0,none,0,,0,,0,0,False,False,False,0.0,singleton
E03454,1,0,1,,0,none,0,,0,,0,0,False,False,False,0.0,singleton
E03455,1,0,1,,0,none,0,,0,,0,0,False,False,False,0.0,singleton
E03456,1,0,1,,0,none,0,,0,,0,0,False,False,False,0.0,singleton
E03457,1,0,1,,0,none,0,,0,,0,0,False,False,False,0.0,singleton
E03458,1,0,1,,0,none,0,,0,,0,0,False,False,False,0.0,singleton
E03459,1,0,1,,0,none,0,,0,,0,0,False,False,False,0.0,singleton
E03460,1,0,1,,0,none,0,,0,,0,0,False,False,False,0.0,singleton
E03461,1,0,1,,0,none,0,,0,,0,0,False,False,False,0.0,singleton
E03462,1,0,1,,0,none,0,,0,,0,0,False,False,False,0.0,singleton
E03463,1,0,1,,0,none,0,,0,,0,0,False,False,False,0.0,singleton
E03464,1,0,1,,0,none,0,,0,,0,0,False,False,False,0.0,singleton
E03465,1,0,1,,0,none,0,,0,,0,0,False,False,False,0.0,singleton
E03466,1,0,1,,0,none,0,,0,,0,0,False,False,False,0.0,singleton
E03467,1,0,1,,0,none,0,,0,,0,0,False,False,False,0.0,singleton
E03468,1,0,1,,0,none,0,,0,,0,0,False,False,False,0.0,singleton
E03469,1,0,1,,0,none,0,,0,,0,0,False,False,False,0.0,singleton
E03470,1,0,1,,0,none,0,,0,,0,0,False,False,False,0.0,singleton
E03471,1,0,1,,0,none,0,,0,,0,0,False,False,False,0.0,singleton
E03472,1,0,1,,0,none,0,,0,,0,0,False,False,False,0.0,singleton
E03473,1,0,1,,0,none,0,,0,,0,0,False,False,False,0.0,singleton
E03474,1,0,1,,0,none,0,,0,,0,0,False,False,False,0.0,singleton
E03475,1,0,1,,0,none,0,,0,,0,0,False,False,False,0.0,singleton
E03476,1,0,1,,0,none,0,,0,,0,0,False,False,False,0.0,singleton
E03477,1,0,1,,0,none,0,,0,,0,0,False,False,False,0.0,singleton
E03478,1,0,1,,0,none,0,,0,,0,0,False,False,False,0.0,singleton
E03479,1,0,1,,0,none,0,,0,,0,0,False,False,False,0.0,singleton
E03480,1,0,1,,0,none,0,,0,,0,0,False,False,False,0.0,singleton
E03481,1,0,1,,0,none,0,,0,,0,0,False,False,False,0.0,singleton
E03482,1,0,1,,0,none,0,,0,,0,0,False,False,False,0.0,singleton
E03483,1,0,1,,0,none,0,,0,,0,0,False,False,False,0.0,singleton
E03484,1,0,1,,0,none,0,,0,,0,0,False,False,False,0.0,singleton
E03485,1,0,1,,0,none,0,,0,,0,0,False,False,False,0.0,singleton
E03486,1,0,1,,0,none,0,,0,,0,0,False,False,False,0.0,singleton
E03487,1,0,1,,0,none,0,,0,,0,0,False,False,False,0.0,singleton
E03488,1,0,1,,0,none,0,,0,,0,0,False,False,False,0.0,singleton
E03489,1,0,1,,0,none,0,,0,,0,0,False,False,False,0.0,singleton
E03490,1,0,1,,0,none,0,,0,,0,0,False,False,False,0.0,singleton
E03491,1,0,1,,0,none,0,,0,,0,0,False,False,False,0.0,singleton
E03492,1,0,1,,0,none,0,,0,,0,0,False,False,False,0.0,singleton
E03493,1,0,1,,0,none,0,,0,,0,0,False,False,False,0.0,singleton
E03494,1,0,1,,0,none,0,,0,,0,0,False,False,False,0.0,singleton
E03495,1,0,1,,0,none,0,,0,,0,0,False,False,False,0.0,singleton
E03496,1,0,1,,0,none,0,,0,,0,0,False,False,False,0.0,singleton
E03497,1,0,1,,0,none,0,,0,,0,0,False,False,False,0.0,singleton
E03498,1,0,1,,0,none,0,,0,,0,0,False,False,False,0.0,singleton
E03499,1,0,1,,0,none,0,,0,,0,0,False,False,False,0.0,singleton
E03500,1,0,1,,0,none,0,,0,,0,0,False,False,False,0.0,singleton
E03501,1,0,1,,0,none,0,,0,,0,0,False,False,False,0.0,singleton
E03502,1,0,1,,0,none,0,,0,,0,0,False,False,False,0.0,singleton
E03503,1,0,1,,0,none,0,,0,,0,0,False,False,False,0.0,singleton
E03504,1,0,1,,0,none,0,,0,,0,0,False,False,False,0.0,singleton
E03505,1,0,1,,0,none,0,,0,,0,0,False,False,False,0.0,singleton
E03506,1,0,1,,0,none,0,,0,,0,0,False,False,False,0.0,singleton
E03507,1,0,1,,0,none,0,,0,,0,0,False,False,False,0.0,singleton
E03508,1,0,1,,0,none,0,,0,,0,0,False,False,False,0.0,singleton
E03509,1,0,1,,0,none,0,,0,,0,0,False,False,False,0.0,singleton
E03510,1,0,1,,0,none,0,,0,,0,0,False,False,False,0.0,singleton
E03511,1,0,1,,0,none,0,,0,,0,0,False,False,False,0.0,singleton
E03512,1,0,1,,0,none,0,,0,,0,0,False,False,False,0.0,singleton
E03513,1,0,1,,0,none,0,,0,,0,0,False,False,False,0.0,singleton
E03514,1,0,1,,0,none,0,,0,,0,0,False,False,False,0.0,singleton
E03515,1,0,1,,0,none,0,,0,,0,0,False,False,False,0.0,singleton
E03516,1,0,1,,0,none,0,,0,,0,0,False,False,False,0.0,singleton
E03517,1,0,1,,0,none,0,,0,,0,0,False,False,False,0.0,singleton
E03518,1,0,1,,0,none,0,,0,,0,0,False,False,False,0.0,singleton
E03519,1,0,1,,0,none,0,,0,,0,0,False,False,False,0.0,singleton
E03520,1,0,1,,0,none,0,,0,,0,0,False,False,False,0.0,singleton
E03521,1,0,1,,0,none,0,,0,,0,0,False,False,False,0.0,singleton
E03522,1,0,1,,0,none,0,,0,,0,0,False,False,False,0.0,singleton
E03523,1,0,1,,0,none,0,,0,,0,0,False,False,False,0.0,singleton
E03524,1,0,1,,0,none,0,,0,,0,0,False,False,False,0.0,singleton
E03525,1,0,1,,0,none,0,,0,,0,0,False,False,False,0.0,singleton
E03526,1,0,1,,0,none,0,,0,,0,0,False,False,False,0.0,singleton
E03527,1,0,1,,0,none,0,,0,,0,0,False,False,False,0.0,singleton
E03528,1,0,1,,0,none,0,,0,,0,0,False,False,False,0.0,singleton
E03529,1,0,1,,0,none,0,,0,,0,0,False,False,False,0.0,singleton
E03530,1,0,1,,0,none,0,,0,,0,0,False,False,False,0.0,singleton
E03531,1,0,1,,0,none,0,,0,,0,0,False,False,False,0.0,singleton
E03532,1,0,1,,0,none,0,,0,,0,0,False,False,False,0.0,singleton
E03533,1,0,1,,0,none,0,,0,,0,0,False,False,False,0.0,singleton
E03534,1,0,1,,0,none,0,,0,,0,0,False,False,False,0.0,singleton
E03535,1,0,1,,0,none,0,,0,,0,0,False,False,False,0.0,singleton
E03536,1,0,1,,0,none,0,,0,,0,0,False,False,False,0.0,singleton
E03537,1,0,1,,0,none,0,,0,,0,0,False,False,False,0.0,singleton
E03538,1,0,1,,0,none,0,,0,,0,0,False,False,False,0.0,singleton
E03539,1,0,1,,0,none,0,,0,,0,0,False,False,False,0.0,singleton
E03540,1,0,1,,0,none,0,,0,,0,0,False,False,False,0.0,singleton
E03541,1,0,1,,0,none,0,,0,,0,0,False,False,False,0.0,singleton
E03542,1,0,1,,0,none,0,,0,,0,0,False,False,False,0.0,singleton
E03543,1,0,1,,0,none,0,,0,,0,0,False,False,False,0.0,singleton
E03544,1,0,1,,0,none,0,,0,,0,0,False,False,False,0.0,singleton
E03545,1,0,1,,0,none,0,,0,,0,0,False,False,False,0.0,singleton
E03546,1,0,1,,0,none,0,,0,,0,0,False,False,False,0.0,singleton
E03547,1,0,1,,0,none,0,,0,,0,0,False,False,False,0.0,singleton
E03548,1,0,1,,0,none,0,,0,,0,0,False,False,False,0.0,singleton
E03549,1,0,1,,0,none,0,,0,,0,0,False,False,False,0.0,singleton
E03550,1,0,1,,0,none,0,,0,,0,0,False,False,False,0.0,singleton
E03551,1,0,1,,0,none,0,,0,,0,0,False,False,False,0.0,singleton
E03552,1,0,1,,0,none,0,,0,,0,0,False,False,False,0.0,singleton
E03553,1,0,1,,0,none,0,,0,,0,0,False,False,False,0.0,singleton
E03554,1,0,1,,0,none,0,,0,,0,0,False,False,False,0.0,singleton
E03555,1,0,1,,0,none,0,,0,,0,0,False,False,False,0.0,singleton
E03556,1,0,1,,0,none,0,,0,,0,0,False,False,False,0.0,singleton
E03557,1,0,1,,0,none,0,,0,,0,0,False,False,False,0.0,singleton
E03558,1,0,1,,0,none,0,,0,,0,0,False,False,False,0.0,singleton
E03559,1,0,1,,0,none,0,,0,,0,0,False,False,False,0.0,singleton
E03560,1,0,1,,0,none,0,,0,,0,0,False,False,False,0.0,singleton
E03561,1,0,1,,0,none,0,,0,,0,0,False,False,False,0.0,singleton
E03562,1,0,1,,0,none,0,,0,,0,0,False,False,False,0.0,singleton
E03563,1,0,1,,0,none,0,,0,,0,0,False,False,False,0.0,singleton
E03564,1,0,1,,0,none,0,,0,,0,0,False,False,False,0.0,singleton
E03565,1,0,1,,0,none,0,,0,,0,0,False,False,False,0.0,singleton
E03566,1,0,1,,0,none,0,,0,,0,0,False,False,False,0.0,singleton
E03567,1,0,1,,0,none,0,,0,,0,0,False,False,False,0.0,singleton
E03568,1,0,1,,0,none,0,,0,,0,0,False,False,False,0.0,singleton
E03569,1,0,1,,0,none,0,,0,,0,0,False,False,False,0.0,singleton
E03570,1,0,1,,0,none,0,,0,,0,0,False,False,False,0.0,singleton
E03571,1,0,1,,0,none,0,,0,,0,0,False,False,False,0.0,singleton
E03572,1,0,1,,0,none,0,,0,,0,0,False,False,False,0.0,singleton
E03573,1,0,1,,0,none,0,,0,,0,0,False,False,False,0.0,singleton
E03574,1,0,1,,0,none,0,,0,,0,0,False,False,False,0.0,singleton
E03575,1,0,1,,0,none,0,,0,,0,0,False,False,False,0.0,singleton
E03576,1,0,1,,0,none,0,,0,,0,0,False,False,False,0.0,singleton
E03577,1,0,1,,0,none,0,,0,,0,0,False,False,False,0.0,singleton
E03578,1,0,1,,0,none,0,,0,,0,0,False,False,False,0.0,singleton
E03579,1,0,1,,0,none,0,,0,,0,0,False,False,False,0.0,singleton
E03580,1,0,1,,0,none,0,,0,,0,0,False,False,False,0.0,singleton
E03581,1,0,1,,0,none,0,,0,,0,0,False,False,False,0.0,singleton
E03582,1,0,1,,0,none,0,,0,,0,0,False,False,False,0.0,singleton
E03583,1,0,1,,0,none,0,,0,,0,0,False,False,False,0.0,singleton
E03584,1,0,1,,0,none,0,,0,,0,0,False,False,False,0.0,singleton
E03585,1,0,1,,0,none,0,,0,,0,0,False,False,False,0.0,singleton
E03586,1,0,1,,0,none,0,,0,,0,0,False,False,False,0.0,singleton
E03587,1,0,1,,0,none,0,,0,,0,0,False,False,False,0.0,singleton
E03588,1,0,1,,0,none,0,,0,,0,0,False,False,False,0.0,singleton
E03589,1,0,1,,0,none,0,,0,,0,0,False,False,False,0.0,singleton
E03590,1,0,1,,0,none,0,,0,,0,0,False,False,False,0.0,singleton
E03591,1,0,1,,0,none,0,,0,,0,0,False,False,False,0.0,singleton
E03592,1,0,1,,0,none,0,,0,,0,0,False,False,False,0.0,singleton
E03593,1,0,1,,0,none,0,,0,,0,0,False,False,False,0.0,singleton
E03594,1,0,1,,0,none,0,,0,,0,0,False,False,False,0.0,singleton
E03595,1,0,1,,0,none,0,,0,,0,0,False,False,False,0.0,singleton
E03596,1,0,1,,0,none,0,,0,,0,0,False,False,False,0.0,singleton
E03597,1,0,1,,0,none,0,,0,,0,0,False,False,False,0.0,singleton
E03598,1,0,1,,0,none,0,,0,,0,0,False,False,False,0.0,singleton
E03599,1,0,1,,0,none,0,,0,,0,0,False,False,False,0.0,singleton
E03600,1,0,1,,0,none,0,,0,,0,0,False,False,False,0.0,singleton
E03601,1,0,1,,0,none,0,,0,,0,0,False,False,False,0.0,singleton
E03602,1,0,1,,0,none,0,,0,,0,0,False,False,False,0.0,singleton
E03603,1,0,1,,0,none,0,,0,,0,0,False,False,False,0.0,singleton
E03604,1,0,1,,0,none,0,,0,,0,0,False,False,False,0.0,singleton
E03605,1,0,1,,0,none,0,,0,,0,0,False,False,False,0.0,singleton
E03606,1,0,1,,0,none,0,,0,,0,0,False,False,False,0.0,singleton
E03607,1,0,1,,0,none,0,,0,,0,0,False,False,False,0.0,singleton
E03608,1,0,1,,0,none,0,,0,,0,0,False,False,False,0.0,singleton
E03609,1,0,1,,0,none,0,,0,,0,0,False,False,False,0.0,singleton
E03610,1,0,1,,0,none,0,,0,,0,0,False,False,False,0.0,singleton
E03611,1,0,1,,0,none,0,,0,,0,0,False,False,False,0.0,singleton
E03612,1,0,1,,0,none,0,,0,,0,0,False,False,False,0.0,singleton
E03613,1,0,1,,0,none,0,,0,,0,0,False,False,False,0.0,singleton
E03614,1,0,1,,0,none,0,,0,,0,0,False,False,False,0.0,singleton
E03615,1,0,1,,0,none,0,,0,,0,0,False,False,False,0.0,singleton
E03616,1,0,1,,0,none,0,,0,,0,0,False,False,False,0.0,singleton
E03617,1,0,1,,0,none,0,,0,,0,0,False,False,False,0.0,singleton
E03618,1,0,1,,0,none,0,,0,,0,0,False,False,False,0.0,singleton
E03619,1,0,1,,0,none,0,,0,,0,0,False,False,False,0.0,singleton
E03620,1,0,1,,0,none,0,,0,,0,0,False,False,False,0.0,singleton
E03621,1,0,1,,0,none,0,,0,,0,0,False,False,False,0.0,singleton
E03622,1,0,1,,0,none,0,,0,,0,0,False,False,False,0.0,singleton
E03623,1,0,1,,0,none,0,,0,,0,0,False,False,False,0.0,singleton
E03624,1,0,1,,0,none,0,,0,,0,0,False,False,False,0.0,singleton
E03625,1,0,1,,0,none,0,,0,,0,0,False,False,False,0.0,singleton
E03626,1,0,1,,0,none,0,,0,,0,0,False,False,False,0.0,singleton
E03627,1,0,1,,0,none,0,,0,,0,0,False,False,False,0.0,singleton
E03628,1,0,1,,0,none,0,,0,,0,0,False,False,False,0.0,singleton
E03629,1,0,1,,0,none,0,,0,,0,0,False,False,False,0.0,singleton
E03630,1,0,1,,0,none,0,,0,,0,0,False,False,False,0.0,singleton
E03631,1,0,1,,0,none,0,,0,,0,0,False,False,False,0.0,singleton
E03632,1,0,1,,0,none,0,,0,,0,0,False,False,False,0.0,singleton
E03633,1,0,1,,0,none,0,,0,,0,0,False,False,False,0.0,singleton
E03634,1,0,1,,0,none,0,,0,,0,0,False,False,False,0.0,singleton
E03635,1,0,1,,0,none,0,,0,,0,0,False,False,False,0.0,singleton
E03636,1,0,1,,0,none,0,,0,,0,0,False,False,False,0.0,singleton
E03637,1,0,1,,0,none,0,,0,,0,0,False,False,False,0.0,singleton
E03638,1,0,1,,0,none,0,,0,,0,0,False,False,False,0.0,singleton
E03639,1,0,1,,0,none,0,,0,,0,0,False,False,False,0.0,singleton
E03640,1,0,1,,0,none,0,,0,,0,0,False,False,False,0.0,singleton
E03641,1,0,1,,0,none,0,,0,,0,0,False,False,False,0.0,singleton
E03642,1,0,1,,0,none,0,,0,,0,0,False,False,False,0.0,singleton
E03643,1,0,1,,0,none,0,,0,,0,0,False,False,False,0.0,singleton
E03644,1,0,1,,0,none,0,,0,,0,0,False,False,False,0.0,singleton
E03645,1,0,1,,0,none,0,,0,,0,0,False,False,False,0.0,singleton
E03646,1,0,1,,0,none,0,,0,,0,0,False,False,False,0.0,singleton
E03647,1,0,1,,0,none,0,,0,,0,0,False,False,False,0.0,singleton
E03648,1,0,1,,0,none,0,,0,,0,0,False,False,False,0.0,singleton
E03649,1,0,1,,0,none,0,,0,,0,0,False,False,False,0.0,singleton
E03650,1,0,1,,0,none,0,,0,,0,0,False,False,False,0.0,singleton
E03651,1,0,1,,0,none,0,,0,,0,0,False,False,False,0.0,singleton
E03652,1,0,1,,0,none,0,,0,,0,0,False,False,False,0.0,singleton
E03653,1,0,1,,0,none,0,,0,,0,0,False,False,False,0.0,singleton
E03654,1,0,1,,0,none,0,,0,,0,0,False,False,False,0.0,singleton
E03655,1,0,1,,0,none,0,,0,,0,0,False,False,False,0.0,singleton
E03656,1,0,1,,0,none,0,,0,,0,0,False,False,False,0.0,singleton
E03657,1,0,1,,0,none,0,,0,,0,0,False,False,False,0.0,singleton
E03658,1,0,1,,0,none,0,,0,,0,0,False,False,False,0.0,singleton
E03659,1,0,1,,0,none,0,,0,,0,0,False,False,False,0.0,singleton
E03660,1,0,1,,0,none,0,,0,,0,0,False,False,False,0.0,singleton
E03661,1,0,1,,0,none,0,,0,,0,0,False,False,False,0.0,singleton
E03662,1,0,1,,0,none,0,,0,,0,0,False,False,False,0.0,singleton
E03663,1,0,1,,0,none,0,,0,,0,0,False,False,False,0.0,singleton
E03664,1,0,1,,0,none,0,,0,,0,0,False,False,False,0.0,singleton
E03665,1,0,1,,0,none,0,,0,,0,0,False,False,False,0.0,singleton
E03666,1,0,1,,0,none,0,,0,,0,0,False,False,False,0.0,singleton
E03667,1,0,1,,0,none,0,,0,,0,0,False,False,False,0.0,singleton
E03668,1,0,1,,0,none,0,,0,,0,0,False,False,False,0.0,singleton
E03669,1,0,1,,0,none,0,,0,,0,0,False,False,False,0.0,singleton
E03670,1,0,1,,0,none,0,,0,,0,0,False,False,False,0.0,singleton
E03671,1,0,1,,0,none,0,,0,,0,0,False,False,False,0.0,singleton
E03672,1,0,1,,0,none,0,,0,,0,0,False,False,False,0.0,singleton
E03673,1,0,1,,0,none,0,,0,,0,0,False,False,False,0.0,singleton
E03674,1,0,1,,0,none,0,,0,,0,0,False,False,False,0.0,singleton
E03675,1,0,1,,0,none,0,,0,,0,0,False,False,False,0.0,singleton
E03676,1,0,1,,0,none,0,,0,,0,0,False,False,False,0.0,singleton
E03677,1,0,1,,0,none,0,,0,,0,0,False,False,False,0.0,singleton
E03678,1,0,1,,0,none,0,,0,,0,0,False,False,False,0.0,singleton
E03679,1,0,1,,0,none,0,,0,,0,0,False,False,False,0.0,singleton
E03680,1,0,1,,0,none,0,,0,,0,0,False,False,False,0.0,singleton
E03681,1,0,1,,0,none,0,,0,,0,0,False,False,False,0.0,singleton
E03682,1,0,1,,0,none,0,,0,,0,0,False,False,False,0.0,singleton
E03683,1,0,1,,0,none,0,,0,,0,0,False,False,False,0.0,singleton
E03684,1,0,1,,0,none,0,,0,,0,0,False,False,False,0.0,singleton
E03685,1,0,1,,0,none,0,,0,,0,0,False,False,False,0.0,singleton
E03686,1,0,1,,0,none,0,,0,,0,0,False,False,False,0.0,singleton
E03687,1,0,1,,0,none,0,,0,,0,0,False,False,False,0.0,singleton
E03688,1,0,1,,0,none,0,,0,,0,0,False,False,False,0.0,singleton
E03689,1,0,1,,0,none,0,,0,,0,0,False,False,False,0.0,singleton
E03690,1,0,1,,0,none,0,,0,,0,0,False,False,False,0.0,singleton
E03691,1,0,1,,0,none,0,,0,,0,0,False,False,False,0.0,singleton
E03692,1,0,1,,0,none,0,,0,,0,0,False,False,False,0.0,singleton
E03693,1,0,1,,0,none,0,,0,,0,0,False,False,False,0.0,singleton
E03694,1,0,1,,0,none,0,,0,,0,0,False,False,False,0.0,singleton
E03695,1,0,1,,0,none,0,,0,,0,0,False,False,False,0.0,singleton
E03696,1,0,1,,0,none,0,,0,,0,0,False,False,False,0.0,singleton
E03697,1,0,1,,0,none,0,,0,,0,0,False,False,False,0.0,singleton
E03698,1,0,1,,0,none,0,,0,,0,0,False,False,False,0.0,singleton
E03699,1,0,1,,0,none,0,,0,,0,0,False,False,False,0.0,singleton
E03700,1,0,1,,0,none,0,,0,,0,0,False,False,False,0.0,singleton
E03701,1,0,1,,0,none,0,,0,,0,0,False,False,False,0.0,singleton
E03702,1,0,1,,0,none,0,,0,,0,0,False,False,False,0.0,singleton
E03703,1,0,1,,0,none,0,,0,,0,0,False,False,False,0.0,singleton
E03704,1,0,1,,0,none,0,,0,,0,0,False,False,False,0.0,singleton
E03705,1,0,1,,0,none,0,,0,,0,0,False,False,False,0.0,singleton
E03706,1,0,1,,0,none,0,,0,,0,0,False,False,False,0.0,singleton
E03707,1,0,1,,0,none,0,,0,,0,0,False,False,False,0.0,singleton
E03708,1,0,1,,0,none,0,,0,,0,0,False,False,False,0.0,singleton
E03709,1,0,1,,0,none,0,,0,,0,0,False,False,False,0.0,singleton
E03710,1,0,1,,0,none,0,,0,,0,0,False,False,False,0.0,singleton
E03711,1,0,1,,0,none,0,,0,,0,0,False,False,False,0.0,singleton
E03712,1,0,1,,0,none,0,,0,,0,0,False,False,False,0.0,singleton
E03713,1,0,1,,0,none,0,,0,,0,0,False,False,False,0.0,singleton
E03714,1,0,1,,0,none,0,,0,,0,0,False,False,False,0.0,singleton
E03715,1,0,1,,0,none,0,,0,,0,0,False,False,False,0.0,singleton
E03716,1,0,1,,0,none,0,,0,,0,0,False,False,False,0.0,singleton
E03717,1,0,1,,0,none,0,,0,,0,0,False,False,False,0.0,singleton
E03718,1,0,1,,0,none,0,,0,,0,0,False,False,False,0.0,singleton
E03719,1,0,1,,0,none,0,,0,,0,0,False,False,False,0.0,singleton
E03720,1,0,1,,0,none,0,,0,,0,0,False,False,False,0.0,singleton
E03721,1,0,1,,0,none,0,,0,,0,0,False,False,False,0.0,singleton
E03722,1,0,1,,0,none,0,,0,,0,0,False,False,False,0.0,singleton
E03723,1,0,1,,0,none,0,,0,,0,0,False,False,False,0.0,singleton
E03724,1,0,1,,0,none,0,,0,,0,0,False,False,False,0.0,singleton
E03725,1,0,1,,0,none,0,,0,,0,0,False,False,False,0.0,singleton
E03726,1,0,1,,0,none,0,,0,,0,0,False,False,False,0.0,singleton
E03727,1,0,1,,0,none,0,,0,,0,0,False,False,False,0.0,singleton
E03728,1,0,1,,0,none,0,,0,,0,0,False,False,False,0.0,singleton
E03729,1,0,1,,0,none,0,,0,,0,0,False,False,False,0.0,singleton
E03730,1,0,1,,0,none,0,,0,,0,0,False,False,False,0.0,singleton
E03731,1,0,1,,0,none,0,,0,,0,0,False,False,False,0.0,singleton
E03732,1,0,1,,0,none,0,,0,,0,0,False,False,False,0.0,singleton
E03733,1,0,1,,0,none,0,,0,,0,0,False,False,False,0.0,singleton
E03734,1,0,1,,0,none,0,,0,,0,0,False,False,False,0.0,singleton
E03735,1,0,1,,0,none,0,,0,,0,0,False,False,False,0.0,singleton
E03736,1,0,1,,0,none,0,,0,,0,0,False,False,False,0.0,singleton
E03737,1,0,1,,0,none,0,,0,,0,0,False,False,False,0.0,singleton
E03738,1,0,1,,0,none,0,,0,,0,0,False,False,False,0.0,singleton
E03739,1,0,1,,0,none,0,,0,,0,0,False,False,False,0.0,singleton
E03740,1,0,1,,0,none,0,,0,,0,0,False,False,False,0.0,singleton
E03741,1,0,1,,0,none,0,,0,,0,0,False,False,False,0.0,singleton
E03742,1,0,1,,0,none,0,,0,,0,0,False,False,False,0.0,singleton
E03743,1,0,1,,0,none,0,,0,,0,0,False,False,False,0.0,singleton
E03744,1,0,1,,0,none,0,,0,,0,0,False,False,False,0.0,singleton
E03745,1,0,1,,0,none,0,,0,,0,0,False,False,False,0.0,singleton
E03746,1,0,1,,0,none,0,,0,,0,0,False,False,False,0.0,singleton
E03747,1,0,1,,0,none,0,,0,,0,0,False,False,False,0.0,singleton
E03748,1,0,1,,0,none,0,,0,,0,0,False,False,False,0.0,singleton
E03749,1,0,1,,0,none,0,,0,,0,0,False,False,False,0.0,singleton
E03750,1,0,1,,0,none,0,,0,,0,0,False,False,False,0.0,singleton
E03751,1,0,1,,0,none,0,,0,,0,0,False,False,False,0.0,singleton
E03752,1,0,1,,0,none,0,,0,,0,0,False,False,False,0.0,singleton
E03753,1,0,1,,0,none,0,,0,,0,0,False,False,False,0.0,singleton
E03754,1,0,1,,0,none,0,,0,,0,0,False,False,False,0.0,singleton
E03755,1,0,1,,0,none,0,,0,,0,0,False,False,False,0.0,singleton
E03756,1,0,1,,0,none,0,,0,,0,0,False,False,False,0.0,singleton
E03757,1,0,1,,0,none,0,,0,,0,0,False,False,False,0.0,singleton
E03758,1,0,1,,0,none,0,,0,,0,0,False,False,False,0.0,singleton
E03759,1,0,1,,0,none,0,,0,,0,0,False,False,False,0.0,singleton
E03760,1,0,1,,0,none,0,,0,,0,0,False,False,False,0.0,singleton
E03761,1,0,1,,0,none,0,,0,,0,0,False,False,False,0.0,singleton
E03762,1,0,1,,0,none,0,,0,,0,0,False,False,False,0.0,singleton
E03763,1,0,1,,0,none,0,,0,,0,0,False,False,False,0.0,singleton
E03764,1,0,1,,0,none,0,,0,,0,0,False,False,False,0.0,singleton
E03765,1,0,1,,0,none,0,,0,,0,0,False,False,False,0.0,singleton
E03766,1,0,1,,0,none,0,,0,,0,0,False,False,False,0.0,singleton
E03767,1,0,1,,0,none,0,,0,,0,0,False,False,False,0.0,singleton
E03768,1,0,1,,0,none,0,,0,,0,0,False,False,False,0.0,singleton
E03769,1,0,1,,0,none,0,,0,,0,0,False,False,False,0.0,singleton
E03770,1,0,1,,0,none,0,,0,,0,0,False,False,False,0.0,singleton
E03771,1,0,1,,0,none,0,,0,,0,0,False,False,False,0.0,singleton
E03772,1,0,1,,0,none,0,,0,,0,0,False,False,False,0.0,singleton
E03773,1,0,1,,0,none,0,,0,,0,0,False,False,False,0.0,singleton
E03774,1,0,1,,0,none,0,,0,,0,0,False,False,False,0.0,singleton
E03775,1,0,1,,0,none,0,,0,,0,0,False,False,False,0.0,singleton
E03776,1,0,1,,0,none,0,,0,,0,0,False,False,False,0.0,singleton
E03777,1,0,1,,0,none,0,,0,,0,0,False,False,False,0.0,singleton
E03778,1,0,1,,0,none,0,,0,,0,0,False,False,False,0.0,singleton
E03779,1,0,1,,0,none,0,,0,,0,0,False,False,False,0.0,singleton
E03780,1,0,1,,0,none,0,,0,,0,0,False,False,False,0.0,singleton
E03781,1,0,1,,0,none,0,,0,,0,0,False,False,False,0.0,singleton
E03782,1,0,1,,0,none,0,,0,,0,0,False,False,False,0.0,singleton
E03783,1,0,1,,0,none,0,,0,,0,0,False,False,False,0.0,singleton
E03784,1,0,1,,0,none,0,,0,,0,0,False,False,False,0.0,singleton
E03785,1,0,1,,0,none,0,,0,,0,0,False,False,False,0.0,singleton
E03786,1,0,1,,0,none,0,,0,,0,0,False,False,False,0.0,singleton
E03787,1,0,1,,0,none,0,,0,,0,0,False,False,False,0.0,singleton
E03788,1,0,1,,0,none,0,,0,,0,0,False,False,False,0.0,singleton
E03789,1,0,1,,0,none,0,,0,,0,0,False,False,False,0.0,singleton
E03790,1,0,1,,0,none,0,,0,,0,0,False,False,False,0.0,singleton
E03791,1,0,1,,0,none,0,,0,,0,0,False,False,False,0.0,singleton
E03792,1,0,1,,0,none,0,,0,,0,0,False,False,False,0.0,singleton
E03793,1,0,1,,0,none,0,,0,,0,0,False,False,False,0.0,singleton
E03794,1,0,1,,0,none,0,,0,,0,0,False,False,False,0.0,singleton
E03795,1,0,1,,0,none,0,,0,,0,0,False,False,False,0.0,singleton
E03796,1,0,1,,0,none,0,,0,,0,0,False,False,False,0.0,singleton
E03797,1,0,1,,0,none,0,,0,,0,0,False,False,False,0.0,singleton
E03798,1,0,1,,0,none,0,,0,,0,0,False,False,False,0.0,singleton
E03799,1,0,1,,0,none,0,,0,,0,0,False,False,False,0.0,singleton
E03800,1,0,1,,0,none,0,,0,,0,0,False,False,False,0.0,singleton
E03801,1,0,1,,0,none,0,,0,,0,0,False,False,False,0.0,singleton
E03802,1,0,1,,0,none,0,,0,,0,0,False,False,False,0.0,singleton
E03803,1,0,1,,0,none,0,,0,,0,0,False,False,False,0.0,singleton
E03804,1,0,1,,0,none,0,,0,,0,0,False,False,False,0.0,singleton
E03805,1,0,1,,0,none,0,,0,,0,0,False,False,False,0.0,singleton
E03806,1,0,1,,0,none,0,,0,,0,0,False,False,False,0.0,singleton
E03807,1,0,1,,0,none,0,,0,,0,0,False,False,False,0.0,singleton
E03808,1,0,1,,0,none,0,,0,,0,0,False,False,False,0.0,singleton
E03809,1,0,1,,0,none,0,,0,,0,0,False,False,False,0.0,singleton
E03810,1,0,1,,0,none,0,,0,,0,0,False,False,False,0.0,singleton
E03811,1,0,1,,0,none,0,,0,,0,0,False,False,False,0.0,singleton
E03812,1,0,1,,0,none,0,,0,,0,0,False,False,False,0.0,singleton
E03813,1,0,1,,0,none,0,,0,,0,0,False,False,False,0.0,singleton
E03814,1,0,1,,0,none,0,,0,,0,0,False,False,False,0.0,singleton
E03815,1,0,1,,0,none,0,,0,,0,0,False,False,False,0.0,singleton
E03816,1,0,1,,0,none,0,,0,,0,0,False,False,False,0.0,singleton
E03817,1,0,1,,0,none,0,,0,,0,0,False,False,False,0.0,singleton
E03818,1,0,1,,0,none,0,,0,,0,0,False,False,False,0.0,singleton
E03819,1,0,1,,0,none,0,,0,,0,0,False,False,False,0.0,singleton
E03820,1,0,1,,0,none,0,,0,,0,0,False,False,False,0.0,singleton
E03821,1,0,1,,0,none,0,,0,,0,0,False,False,False,0.0,singleton
E03822,1,0,1,,0,none,0,,0,,0,0,False,False,False,0.0,singleton
E03823,1,0,1,,0,none,0,,0,,0,0,False,False,False,0.0,singleton
E03824,1,0,1,,0,none,0,,0,,0,0,False,False,False,0.0,singleton
E03825,1,0,1,,0,none,0,,0,,0,0,False,False,False,0.0,singleton
E03826,1,0,1,,0,none,0,,0,,0,0,False,False,False,0.0,singleton
E03827,1,0,1,,0,none,0,,0,,0,0,False,False,False,0.0,singleton
E03828,1,0,1,,0,none,0,,0,,0,0,False,False,False,0.0,singleton
E03829,1,0,1,,0,none,0,,0,,0,0,False,False,False,0.0,singleton
E03830,1,0,1,,0,none,0,,0,,0,0,False,False,False,0.0,singleton
E03831,1,0,1,,0,none,0,,0,,0,0,False,False,False,0.0,singleton
E03832,1,0,1,,0,none,0,,0,,0,0,False,False,False,0.0,singleton
E03833,1,0,1,,0,none,0,,0,,0,0,False,False,False,0.0,singleton
E03834,1,0,1,,0,none,0,,0,,0,0,False,False,False,0.0,singleton
E03835,1,0,1,,0,none,0,,0,,0,0,False,False,False,0.0,singleton
E03836,1,0,1,,0,none,0,,0,,0,0,False,False,False,0.0,singleton
E03837,1,0,1,,0,none,0,,0,,0,0,False,False,False,0.0,singleton
E03838,1,0,1,,0,none,0,,0,,0,0,False,False,False,0.0,singleton
E03839,1,0,1,,0,none,0,,0,,0,0,False,False,False,0.0,singleton
E03840,1,0,1,,0,none,0,,0,,0,0,False,False,False,0.0,singleton
E03841,1,0,1,,0,none,0,,0,,0,0,False,False,False,0.0,singleton
E03842,1,0,1,,0,none,0,,0,,0,0,False,False,False,0.0,singleton
E03843,1,0,1,,0,none,0,,0,,0,0,False,False,False,0.0,singleton
E03844,1,0,1,,0,none,0,,0,,0,0,False,False,False,0.0,singleton
E03845,1,0,1,,0,none,0,,0,,0,0,False,False,False,0.0,singleton
E03846,1,0,1,,0,none,0,,0,,0,0,False,False,False,0.0,singleton
E03847,1,0,1,,0,none,0,,0,,0,0,False,False,False,0.0,singleton
E03848,1,0,1,,0,none,0,,0,,0,0,False,False,False,0.0,singleton
E03849,1,0,1,,0,none,0,,0,,0,0,False,False,False,0.0,singleton
E03850,1,0,1,,0,none,0,,0,,0,0,False,False,False,0.0,singleton
E03851,1,0,1,,0,none,0,,0,,0,0,False,False,False,0.0,singleton
E03852,1,0,1,,0,none,0,,0,,0,0,False,False,False,0.0,singleton
E03853,1,0,1,,0,none,0,,0,,0,0,False,False,False,0.0,singleton
E03854,1,0,1,,0,none,0,,0,,0,0,False,False,False,0.0,singleton
E03855,1,0,1,,0,none,0,,0,,0,0,False,False,False,0.0,singleton
E03856,1,0,1,,0,none,0,,0,,0,0,False,False,False,0.0,singleton
E03857,1,0,1,,0,none,0,,0,,0,0,False,False,False,0.0,singleton
E03858,1,0,1,,0,none,0,,0,,0,0,False,False,False,0.0,singleton
E03859,1,0,1,,0,none,0,,0,,0,0,False,False,False,0.0,singleton
E03860,1,0,1,,0,none,0,,0,,0,0,False,False,False,0.0,singleton
E03861,1,0,1,,0,none,0,,0,,0,0,False,False,False,0.0,singleton
E03862,1,0,1,,0,none,0,,0,,0,0,False,False,False,0.0,singleton
E03863,1,0,1,,0,none,0,,0,,0,0,False,False,False,0.0,singleton
E03864,1,0,1,,0,none,0,,0,,0,0,False,False,False,0.0,singleton
E03865,1,0,1,,0,none,0,,0,,0,0,False,False,False,0.0,singleton
E03866,1,0,1,,0,none,0,,0,,0,0,False,False,False,0.0,singleton
E03867,1,0,1,,0,none,0,,0,,0,0,False,False,False,0.0,singleton
E03868,1,0,1,,0,none,0,,0,,0,0,False,False,False,0.0,singleton
E03869,1,0,1,,0,none,0,,0,,0,0,False,False,False,0.0,singleton
E03870,1,0,1,,0,none,0,,0,,0,0,False,False,False,0.0,singleton
E03871,1,0,1,,0,none,0,,0,,0,0,False,False,False,0.0,singleton
E03872,1,0,1,,0,none,0,,0,,0,0,False,False,False,0.0,singleton
E03873,1,0,1,,0,none,0,,0,,0,0,False,False,False,0.0,singleton
E03874,1,0,1,,0,none,0,,0,,0,0,False,False,False,0.0,singleton
E03875,1,0,1,,0,none,0,,0,,0,0,False,False,False,0.0,singleton
E03876,1,0,1,,0,none,0,,0,,0,0,False,False,False,0.0,singleton
E03877,1,0,1,,0,none,0,,0,,0,0,False,False,False,0.0,singleton
E03878,1,0,1,,0,none,0,,0,,0,0,False,False,False,0.0,singleton
E03879,1,0,1,,0,none,0,,0,,0,0,False,False,False,0.0,singleton
E03880,1,0,1,,0,none,0,,0,,0,0,False,False,False,0.0,singleton
E03881,1,0,1,,0,none,0,,0,,0,0,False,False,False,0.0,singleton
E03882,1,0,1,,0,none,0,,0,,0,0,False,False,False,0.0,singleton
E03883,1,0,1,,0,none,0,,0,,0,0,False,False,False,0.0,singleton
E03884,1,0,1,,0,none,0,,0,,0,0,False,False,False,0.0,singleton
E03885,1,0,1,,0,none,0,,0,,0,0,False,False,False,0.0,singleton
E03886,1,0,1,,0,none,0,,0,,0,0,False,False,False,0.0,singleton
E03887,1,0,1,,0,none,0,,0,,0,0,False,False,False,0.0,singleton
E03888,1,0,1,,0,none,0,,0,,0,0,False,False,False,0.0,singleton
E03889,1,0,1,,0,none,0,,0,,0,0,False,False,False,0.0,singleton
E03890,1,0,1,,0,none,0,,0,,0,0,False,False,False,0.0,singleton
E03891,1,0,1,,0,none,0,,0,,0,0,False,False,False,0.0,singleton
E03892,1,0,1,,0,none,0,,0,,0,0,False,False,False,0.0,singleton
E03893,1,0,1,,0,none,0,,0,,0,0,False,False,False,0.0,singleton
E03894,1,0,1,,0,none,0,,0,,0,0,False,False,False,0.0,singleton
E03895,1,0,1,,0,none,0,,0,,0,0,False,False,False,0.0,singleton
E03896,1,0,1,,0,none,0,,0,,0,0,False,False,False,0.0,singleton
E03897,1,0,1,,0,none,0,,0,,0,0,False,False,False,0.0,singleton
E03898,1,0,1,,0,none,0,,0,,0,0,False,False,False,0.0,singleton
E03899,1,0,1,,0,none,0,,0,,0,0,False,False,False,0.0,singleton
E03900,1,0,1,,0,none,0,,0,,0,0,False,False,False,0.0,singleton
E03901,1,0,1,,0,none,0,,0,,0,0,False,False,False,0.0,singleton
E03902,1,0,1,,0,none,0,,0,,0,0,False,False,False,0.0,singleton
E03903,1,0,1,,0,none,0,,0,,0,0,False,False,False,0.0,singleton
E03904,1,0,1,,0,none,0,,0,,0,0,False,False,False,0.0,singleton
E03905,1,0,1,,0,none,0,,0,,0,0,False,False,False,0.0,singleton
E03906,1,0,1,,0,none,0,,0,,0,0,False,False,False,0.0,singleton
E03907,1,0,1,,0,none,0,,0,,0,0,False,False,False,0.0,singleton
E03908,1,0,1,,0,none,0,,0,,0,0,False,False,False,0.0,singleton
E03909,1,0,1,,0,none,0,,0,,0,0,False,False,False,0.0,singleton
E03910,1,0,1,,0,none,0,,0,,0,0,False,False,False,0.0,singleton
E03911,1,0,1,,0,none,0,,0,,0,0,False,False,False,0.0,singleton
E03912,1,0,1,,0,none,0,,0,,0,0,False,False,False,0.0,singleton
E03913,1,0,1,,0,none,0,,0,,0,0,False,False,False,0.0,singleton
E03914,1,0,1,,0,none,0,,0,,0,0,False,False,False,0.0,singleton
E03915,1,0,1,,0,none,0,,0,,0,0,False,False,False,0.0,singleton
E03916,1,0,1,,0,none,0,,0,,0,0,False,False,False,0.0,singleton
E03917,1,0,1,,0,none,0,,0,,0,0,False,False,False,0.0,singleton
E03918,1,0,1,,0,none,0,,0,,0,0,False,False,False,0.0,singleton
E03919,1,0,1,,0,none,0,,0,,0,0,False,False,False,0.0,singleton
E03920,1,0,1,,0,none,0,,0,,0,0,False,False,False,0.0,singleton
E03921,1,0,1,,0,none,0,,0,,0,0,False,False,False,0.0,singleton
E03922,1,0,1,,0,none,0,,0,,0,0,False,False,False,0.0,singleton
E03923,1,0,1,,0,none,0,,0,,0,0,False,False,False,0.0,singleton
E03924,1,0,1,,0,none,0,,0,,0,0,False,False,False,0.0,singleton
E03925,1,0,1,,0,none,0,,0,,0,0,False,False,False,0.0,singleton
E03926,1,0,1,,0,none,0,,0,,0,0,False,False,False,0.0,singleton
E03927,1,0,1,,0,none,0,,0,,0,0,False,False,False,0.0,singleton
E03928,1,0,1,,0,none,0,,0,,0,0,False,False,False,0.0,singleton
E03929,1,0,1,,0,none,0,,0,,0,0,False,False,False,0.0,singleton
E03930,1,0,1,,0,none,0,,0,,0,0,False,False,False,0.0,singleton
E03931,1,0,1,,0,none,0,,0,,0,0,False,False,False,0.0,singleton
E03932,1,0,1,,0,none,0,,0,,0,0,False,False,False,0.0,singleton
E03933,1,0,1,,0,none,0,,0,,0,0,False,False,False,0.0,singleton
E03934,1,0,1,,0,none,0,,0,,0,0,False,False,False,0.0,singleton
E03935,1,0,1,,0,none,0,,0,,0,0,False,False,False,0.0,singleton
E03936,1,0,1,,0,none,0,,0,,0,0,False,False,False,0.0,singleton
E03937,1,0,1,,0,none,0,,0,,0,0,False,False,False,0.0,singleton
E03938,1,0,1,,0,none,0,,0,,0,0,False,False,False,0.0,singleton
E03939,1,0,1,,0,none,0,,0,,0,0,False,False,False,0.0,singleton
E03940,1,0,1,,0,none,0,,0,,0,0,False,False,False,0.0,singleton
E03941,1,0,1,,0,none,0,,0,,0,0,False,False,False,0.0,singleton
E03942,1,0,1,,0,none,0,,0,,0,0,False,False,False,0.0,singleton
E03943,1,0,1,,0,none,0,,0,,0,0,False,False,False,0.0,singleton
E03944,1,0,1,,0,none,0,,0,,0,0,False,False,False,0.0,singleton
E03945,1,0,1,,0,none,0,,0,,0,0,False,False,False,0.0,singleton
E03946,1,0,1,,0,none,0,,0,,0,0,False,False,False,0.0,singleton
E03947,1,0,1,,0,none,0,,0,,0,0,False,False,False,0.0,singleton
E03948,1,0,1,,0,none,0,,0,,0,0,False,False,False,0.0,singleton
E03949,1,0,1,,0,none,0,,0,,0,0,False,False,False,0.0,singleton
E03950,1,0,1,,0,none,0,,0,,0,0,False,False,False,0.0,singleton
E03951,1,0,1,,0,none,0,,0,,0,0,False,False,False,0.0,singleton
E03952,1,0,1,,0,none,0,,0,,0,0,False,False,False,0.0,singleton
E03953,1,0,1,,0,none,0,,0,,0,0,False,False,False,0.0,singleton
E03954,1,0,1,,0,none,0,,0,,0,0,False,False,False,0.0,singleton
E03955,1,0,1,,0,none,0,,0,,0,0,False,False,False,0.0,singleton
E03956,1,0,1,,0,none,0,,0,,0,0,False,False,False,0.0,singleton
E03957,1,0,1,,0,none,0,,0,,0,0,False,False,False,0.0,singleton
E03958,1,0,1,,0,none,0,,0,,0,0,False,False,False,0.0,singleton
E03959,1,0,1,,0,none,0,,0,,0,0,False,False,False,0.0,singleton
E03960,1,0,1,,0,none,0,,0,,0,0,False,False,False,0.0,singleton
E03961,1,0,1,,0,none,0,,0,,0,0,False,False,False,0.0,singleton
E03962,1,0,1,,0,none,0,,0,,0,0,False,False,False,0.0,singleton
E03963,1,0,1,,0,none,0,,0,,0,0,False,False,False,0.0,singleton
E03964,1,0,1,,0,none,0,,0,,0,0,False,False,False,0.0,singleton
E03965,1,0,1,,0,none,0,,0,,0,0,False,False,False,0.0,singleton
E03966,1,0,1,,0,none,0,,0,,0,0,False,False,False,0.0,singleton
E03967,1,0,1,,0,none,0,,0,,0,0,False,False,False,0.0,singleton
E03968,1,0,1,,0,none,0,,0,,0,0,False,False,False,0.0,singleton
E03969,1,0,1,,0,none,0,,0,,0,0,False,False,False,0.0,singleton
E03970,1,0,1,,0,none,0,,0,,0,0,False,False,False,0.0,singleton
E03971,1,0,1,,0,none,0,,0,,0,0,False,False,False,0.0,singleton
E03972,1,0,1,,0,none,0,,0,,0,0,False,False,False,0.0,singleton
E03973,1,0,1,,0,none,0,,0,,0,0,False,False,False,0.0,singleton
E03974,1,0,1,,0,none,0,,0,,0,0,False,False,False,0.0,singleton
E03975,1,0,1,,0,none,0,,0,,0,0,False,False,False,0.0,singleton
E03976,1,0,1,,0,none,0,,0,,0,0,False,False,False,0.0,singleton
E03977,1,0,1,,0,none,0,,0,,0,0,False,False,False,0.0,singleton
E03978,1,0,1,,0,none,0,,0,,0,0,False,False,False,0.0,singleton
E03979,1,0,1,,0,none,0,,0,,0,0,False,False,False,0.0,singleton
E03980,1,0,1,,0,none,0,,0,,0,0,False,False,False,0.0,singleton
E03981,1,0,1,,0,none,0,,0,,0,0,False,False,False,0.0,singleton
E03982,1,0,1,,0,none,0,,0,,0,0,False,False,False,0.0,singleton
E03983,1,0,1,,0,none,0,,0,,0,0,False,False,False,0.0,singleton
E03984,1,0,1,,0,none,0,,0,,0,0,False,False,False,0.0,singleton
E03985,1,0,1,,0,none,0,,0,,0,0,False,False,False,0.0,singleton
E03986,1,0,1,,0,none,0,,0,,0,0,False,False,False,0.0,singleton
E03987,1,0,1,,0,none,0,,0,,0,0,False,False,False,0.0,singleton
E03988,1,0,1,,0,none,0,,0,,0,0,False,False,False,0.0,singleton
E03989,1,0,1,,0,none,0,,0,,0,0,False,False,False,0.0,singleton
E03990,1,0,1,,0,none,0,,0,,0,0,False,False,False,0.0,singleton
E03991,1,0,1,,0,none,0,,0,,0,0,False,False,False,0.0,singleton
E03992,1,0,1,,0,none,0,,0,,0,0,False,False,False,0.0,singleton
E03993,1,0,1,,0,none,0,,0,,0,0,False,False,False,0.0,singleton
E03994,1,0,1,,0,none,0,,0,,0,0,False,False,False,0.0,singleton
E03995,1,0,1,,0,none,0,,0,,0,0,False,False,False,0.0,singleton
E03996,1,0,1,,0,none,0,,0,,0,0,False,False,False,0.0,singleton
E03997,1,0,1,,0,none,0,,0,,0,0,False,False,False,0.0,singleton
E03998,1,0,1,,0,none,0,,0,,0,0,False,False,False,0.0,singleton
E03999,1,0,1,,0,none,0,,0,,0,0,False,False,False,0.0,singleton
E04000,1,0,1,,0,none,0,,0,,0,0,False,False,False,0.0,singleton
E04001,1,0,1,,0,none,0,,0,,0,0,False,False,False,0.0,singleton
E04002,1,0,1,,0,none,0,,0,,0,0,False,False,False,0.0,singleton
E04003,1,0,1,,0,none,0,,0,,0,0,False,False,False,0.0,singleton
E04004,1,0,1,,0,none,0,,0,,0,0,False,False,False,0.0,singleton
E04005,1,0,1,,0,none,0,,0,,0,0,False,False,False,0.0,singleton
E04006,1,0,1,,0,none,0,,0,,0,0,False,False,False,0.0,singleton
E04007,1,0,1,,0,none,0,,0,,0,0,False,False,False,0.0,singleton
E04008,1,0,1,,0,none,0,,0,,0,0,False,False,False,0.0,singleton
E04009,1,0,1,,0,none,0,,0,,0,0,False,False,False,0.0,singleton
E04010,1,0,1,,0,none,0,,0,,0,0,False,False,False,0.0,singleton
E04011,1,0,1,,0,none,0,,0,,0,0,False,False,False,0.0,singleton
E04012,1,0,1,,0,none,0,,0,,0,0,False,False,False,0.0,singleton
E04013,1,0,1,,0,none,0,,0,,0,0,False,False,False,0.0,singleton
E04014,1,0,1,,0,none,0,,0,,0,0,False,False,False,0.0,singleton
E04015,1,0,1,,0,none,0,,0,,0,0,False,False,False,0.0,singleton
E04016,1,0,1,,0,none,0,,0,,0,0,False,False,False,0.0,singleton
E04017,1,0,1,,0,none,0,,0,,0,0,False,False,False,0.0,singleton
E04018,1,0,1,,0,none,0,,0,,0,0,False,False,False,0.0,singleton
E04019,1,0,1,,0,none,0,,0,,0,0,False,False,False,0.0,singleton
E04020,1,0,1,,0,none,0,,0,,0,0,False,False,False,0.0,singleton
E04021,1,0,1,,0,none,0,,0,,0,0,False,False,False,0.0,singleton
E04022,1,0,1,,0,none,0,,0,,0,0,False,False,False,0.0,singleton
E04023,1,0,1,,0,none,0,,0,,0,0,False,False,False,0.0,singleton
E04024,1,0,1,,0,none,0,,0,,0,0,False,False,False,0.0,singleton
E04025,1,0,1,,0,none,0,,0,,0,0,False,False,False,0.0,singleton
E04026,1,0,1,,0,none,0,,0,,0,0,False,False,False,0.0,singleton
E04027,1,0,1,,0,none,0,,0,,0,0,False,False,False,0.0,singleton
E04028,1,0,1,,0,none,0,,0,,0,0,False,False,False,0.0,singleton
E04029,1,0,1,,0,none,0,,0,,0,0,False,False,False,0.0,singleton
E04030,1,0,1,,0,none,0,,0,,0,0,False,False,False,0.0,singleton
E04031,1,0,1,,0,none,0,,0,,0,0,False,False,False,0.0,singleton
E04032,1,0,1,,0,none,0,,0,,0,0,False,False,False,0.0,singleton
E04033,1,0,1,,0,none,0,,0,,0,0,False,False,False,0.0,singleton
E04034,1,0,1,,0,none,0,,0,,0,0,False,False,False,0.0,singleton
E04035,1,0,1,,0,none,0,,0,,0,0,False,False,False,0.0,singleton
E04036,1,0,1,,0,none,0,,0,,0,0,False,False,False,0.0,singleton
E04037,1,0,1,,0,none,0,,0,,0,0,False,False,False,0.0,singleton
E04038,1,0,1,,0,none,0,,0,,0,0,False,False,False,0.0,singleton
E04039,1,0,1,,0,none,0,,0,,0,0,False,False,False,0.0,singleton
E04040,1,0,1,,0,none,0,,0,,0,0,False,False,False,0.0,singleton
E04041,1,0,1,,0,none,0,,0,,0,0,False,False,False,0.0,singleton
E04042,1,0,1,,0,none,0,,0,,0,0,False,False,False,0.0,singleton
E04043,1,0,1,,0,none,0,,0,,0,0,False,False,False,0.0,singleton
E04044,1,0,1,,0,none,0,,0,,0,0,False,False,False,0.0,singleton
E04045,1,0,1,,0,none,0,,0,,0,0,False,False,False,0.0,singleton
E04046,1,0,1,,0,none,0,,0,,0,0,False,False,False,0.0,singleton
E04047,1,0,1,,0,none,0,,0,,0,0,False,False,False,0.0,singleton
E04048,1,0,1,,0,none,0,,0,,0,0,False,False,False,0.0,singleton
E04049,1,0,1,,0,none,0,,0,,0,0,False,False,False,0.0,singleton
E04050,1,0,1,,0,none,0,,0,,0,0,False,False,False,0.0,singleton
E04051,1,0,1,,0,none,0,,0,,0,0,False,False,False,0.0,singleton
E04052,1,0,1,,0,none,0,,0,,0,0,False,False,False,0.0,singleton
E04053,1,0,1,,0,none,0,,0,,0,0,False,False,False,0.0,singleton
E04054,1,0,1,,0,none,0,,0,,0,0,False,False,False,0.0,singleton
E04055,1,0,1,,0,none,0,,0,,0,0,False,False,False,0.0,singleton
E04056,1,0,1,,0,none,0,,0,,0,0,False,False,False,0.0,singleton
E04057,1,0,1,,0,none,0,,0,,0,0,False,False,False,0.0,singleton
E04058,1,0,1,,0,none,0,,0,,0,0,False,False,False,0.0,singleton
E04059,1,0,1,,0,none,0,,0,,0,0,False,False,False,0.0,singleton
E04060,1,0,1,,0,none,0,,0,,0,0,False,False,False,0.0,singleton
E04061,1,0,1,,0,none,0,,0,,0,0,False,False,False,0.0,singleton
E04062,1,0,1,,0,none,0,,0,,0,0,False,False,False,0.0,singleton
E04063,1,0,1,,0,none,0,,0,,0,0,False,False,False,0.0,singleton
E04064,1,0,1,,0,none,0,,0,,0,0,False,False,False,0.0,singleton
E04065,1,0,1,,0,none,0,,0,,0,0,False,False,False,0.0,singleton
E04066,1,0,1,,0,none,0,,0,,0,0,False,False,False,0.0,singleton
E04067,1,0,1,,0,none,0,,0,,0,0,False,False,False,0.0,singleton
E04068,1,0,1,,0,none,0,,0,,0,0,False,False,False,0.0,singleton
E04069,1,0,1,,0,none,0,,0,,0,0,False,False,False,0.0,singleton
E04070,1,0,1,,0,none,0,,0,,0,0,False,False,False,0.0,singleton
E04071,1,0,1,,0,none,0,,0,,0,0,False,False,False,0.0,singleton
E04072,1,0,1,,0,none,0,,0,,0,0,False,False,False,0.0,singleton
E04073,1,0,1,,0,none,0,,0,,0,0,False,False,False,0.0,singleton
E04074,1,0,1,,0,none,0,,0,,0,0,False,False,False,0.0,singleton
E04075,1,0,1,,0,none,0,,0,,0,0,False,False,False,0.0,singleton
E04076,1,0,1,,0,none,0,,0,,0,0,False,False,False,0.0,singleton
E04077,1,0,1,,0,none,0,,0,,0,0,False,False,False,0.0,singleton
E04078,1,0,1,,0,none,0,,0,,0,0,False,False,False,0.0,singleton
E04079,1,0,1,,0,none,0,,0,,0,0,False,False,False,0.0,singleton
E04080,1,0,1,,0,none,0,,0,,0,0,False,False,False,0.0,singleton
E04081,1,0,1,,0,none,0,,0,,0,0,False,False,False,0.0,singleton
E04082,1,0,1,,0,none,0,,0,,0,0,False,False,False,0.0,singleton
E04083,1,0,1,,0,none,0,,0,,0,0,False,False,False,0.0,singleton
E04084,1,0,1,,0,none,0,,0,,0,0,False,False,False,0.0,singleton
E04085,1,0,1,,0,none,0,,0,,0,0,False,False,False,0.0,singleton
E04086,1,0,1,,0,none,0,,0,,0,0,False,False,False,0.0,singleton
E04087,1,0,1,,0,none,0,,0,,0,0,False,False,False,0.0,singleton
E04088,1,0,1,,0,none,0,,0,,0,0,False,False,False,0.0,singleton
E04089,1,0,1,,0,none,0,,0,,0,0,False,False,False,0.0,singleton
E04090,1,0,1,,0,none,0,,0,,0,0,False,False,False,0.0,singleton
E04091,1,0,1,,0,none,0,,0,,0,0,False,False,False,0.0,singleton
E04092,1,0,1,,0,none,0,,0,,0,0,False,False,False,0.0,singleton
E04093,1,0,1,,0,none,0,,0,,0,0,False,False,False,0.0,singleton
E04094,1,0,1,,0,none,0,,0,,0,0,False,False,False,0.0,singleton
E04095,1,0,1,,0,none,0,,0,,0,0,False,False,False,0.0,singleton
E04096,1,0,1,,0,none,0,,0,,0,0,False,False,False,0.0,singleton
E04097,1,0,1,,0,none,0,,0,,0,0,False,False,False,0.0,singleton
E04098,1,0,1,,0,none,0,,0,,0,0,False,False,False,0.0,singleton
E04099,1,0,1,,0,none,0,,0,,0,0,False,False,False,0.0,singleton
E04100,1,0,1,,0,none,0,,0,,0,0,False,False,False,0.0,singleton
E04101,1,0,1,,0,none,0,,0,,0,0,False,False,False,0.0,singleton
E04102,1,0,1,,0,none,0,,0,,0,0,False,False,False,0.0,singleton
E04103,1,0,1,,0,none,0,,0,,0,0,False,False,False,0.0,singleton
E04104,1,0,1,,0,none,0,,0,,0,0,False,False,False,0.0,singleton
E04105,1,0,1,,0,none,0,,0,,0,0,False,False,False,0.0,singleton
E04106,1,0,1,,0,none,0,,0,,0,0,False,False,False,0.0,singleton
E04107,1,0,1,,0,none,0,,0,,0,0,False,False,False,0.0,singleton
E04108,1,0,1,,0,none,0,,0,,0,0,False,False,False,0.0,singleton
E04109,1,0,1,,0,none,0,,0,,0,0,False,False,False,0.0,singleton
E04110,1,0,1,,0,none,0,,0,,0,0,False,False,False,0.0,singleton
E04111,1,0,1,,0,none,0,,0,,0,0,False,False,False,0.0,singleton
E04112,1,0,1,,0,none,0,,0,,0,0,False,False,False,0.0,singleton
E04113,1,0,1,,0,none,0,,0,,0,0,False,False,False,0.0,singleton
E04114,1,0,1,,0,none,0,,0,,0,0,False,False,False,0.0,singleton
E04115,1,0,1,,0,none,0,,0,,0,0,False,False,False,0.0,singleton
E04116,1,0,1,,0,none,0,,0,,0,0,False,False,False,0.0,singleton
E04117,1,0,1,,0,none,0,,0,,0,0,False,False,False,0.0,singleton
E04118,1,0,1,,0,none,0,,0,,0,0,False,False,False,0.0,singleton
E04119,1,0,1,,0,none,0,,0,,0,0,False,False,False,0.0,singleton
E04120,1,0,1,,0,none,0,,0,,0,0,False,False,False,0.0,singleton
E04121,1,0,1,,0,none,0,,0,,0,0,False,False,False,0.0,singleton
E04122,1,0,1,,0,none,0,,0,,0,0,False,False,False,0.0,singleton
E04123,1,0,1,,0,none,0,,0,,0,0,False,False,False,0.0,singleton
E04124,1,0,1,,0,none,0,,0,,0,0,False,False,False,0.0,singleton
E04125,1,0,1,,0,none,0,,0,,0,0,False,False,False,0.0,singleton
E04126,1,0,1,,0,none,0,,0,,0,0,False,False,False,0.0,singleton
E04127,1,0,1,,0,none,0,,0,,0,0,False,False,False,0.0,singleton
E04128,1,0,1,,0,none,0,,0,,0,0,False,False,False,0.0,singleton
E04129,1,0,1,,0,none,0,,0,,0,0,False,False,False,0.0,singleton
E04130,1,0,1,,0,none,0,,0,,0,0,False,False,False,0.0,singleton
E04131,1,0,1,,0,none,0,,0,,0,0,False,False,False,0.0,singleton
E04132,1,0,1,,0,none,0,,0,,0,0,False,False,False,0.0,singleton
E04133,1,0,1,,0,none,0,,0,,0,0,False,False,False,0.0,singleton
E04134,1,0,1,,0,none,0,,0,,0,0,False,False,False,0.0,singleton
E04135,1,0,1,,0,none,0,,0,,0,0,False,False,False,0.0,singleton
E04136,1,0,1,,0,none,0,,0,,0,0,False,False,False,0.0,singleton
E04137,1,0,1,,0,none,0,,0,,0,0,False,False,False,0.0,singleton
E04138,1,0,1,,0,none,0,,0,,0,0,False,False,False,0.0,singleton
E04139,1,0,1,,0,none,0,,0,,0,0,False,False,False,0.0,singleton
E04140,1,0,1,,0,none,0,,0,,0,0,False,False,False,0.0,singleton
E04141,1,0,1,,0,none,0,,0,,0,0,False,False,False,0.0,singleton
E04142,1,0,1,,0,none,0,,0,,0,0,False,False,False,0.0,singleton
E04143,1,0,1,,0,none,0,,0,,0,0,False,False,False,0.0,singleton
E04144,1,0,1,,0,none,0,,0,,0,0,False,False,False,0.0,singleton
E04145,1,0,1,,0,none,0,,0,,0,0,False,False,False,0.0,singleton
E04146,1,0,1,,0,none,0,,0,,0,0,False,False,False,0.0,singleton
E04147,1,0,1,,0,none,0,,0,,0,0,False,False,False,0.0,singleton
E04148,1,0,1,,0,none,0,,0,,0,0,False,False,False,0.0,singleton
E04149,1,0,1,,0,none,0,,0,,0,0,False,False,False,0.0,singleton
E04150,1,0,1,,0,none,0,,0,,0,0,False,False,False,0.0,singleton
E04151,1,0,1,,0,none,0,,0,,0,0,False,False,False,0.0,singleton
E04152,1,0,1,,0,none,0,,0,,0,0,False,False,False,0.0,singleton
E04153,1,0,1,,0,none,0,,0,,0,0,False,False,False,0.0,singleton
E04154,1,0,1,,0,none,0,,0,,0,0,False,False,False,0.0,singleton
E04155,1,0,1,,0,none,0,,0,,0,0,False,False,False,0.0,singleton
E04156,1,0,1,,0,none,0,,0,,0,0,False,False,False,0.0,singleton
E04157,1,0,1,,0,none,0,,0,,0,0,False,False,False,0.0,singleton
E04158,1,0,1,,0,none,0,,0,,0,0,False,False,False,0.0,singleton
E04159,1,0,1,,0,none,0,,0,,0,0,False,False,False,0.0,singleton
E04160,1,0,1,,0,none,0,,0,,0,0,False,False,False,0.0,singleton
E04161,1,0,1,,0,none,0,,0,,0,0,False,False,False,0.0,singleton
E04162,1,0,1,,0,none,0,,0,,0,0,False,False,False,0.0,singleton
E04163,1,0,1,,0,none,0,,0,,0,0,False,False,False,0.0,singleton
E04164,1,0,1,,0,none,0,,0,,0,0,False,False,False,0.0,singleton
E04165,1,0,1,,0,none,0,,0,,0,0,False,False,False,0.0,singleton
E04166,1,0,1,,0,none,0,,0,,0,0,False,False,False,0.0,singleton
E04167,1,0,1,,0,none,0,,0,,0,0,False,False,False,0.0,singleton
E04168,1,0,1,,0,none,0,,0,,0,0,False,False,False,0.0,singleton
E04169,1,0,1,,0,none,0,,0,,0,0,False,False,False,0.0,singleton
E04170,1,0,1,,0,none,0,,0,,0,0,False,False,False,0.0,singleton
E04171,1,0,1,,0,none,0,,0,,0,0,False,False,False,0.0,singleton
E04172,1,0,1,,0,none,0,,0,,0,0,False,False,False,0.0,singleton
E04173,1,0,1,,0,none,0,,0,,0,0,False,False,False,0.0,singleton
E04174,1,0,1,,0,none,0,,0,,0,0,False,False,False,0.0,singleton
E04175,1,0,1,,0,none,0,,0,,0,0,False,False,False,0.0,singleton
E04176,1,0,1,,0,none,0,,0,,0,0,False,False,False,0.0,singleton
E04177,1,0,1,,0,none,0,,0,,0,0,False,False,False,0.0,singleton
E04178,1,0,1,,0,none,0,,0,,0,0,False,False,False,0.0,singleton
E04179,1,0,1,,0,none,0,,0,,0,0,False,False,False,0.0,singleton
E04180,1,0,1,,0,none,0,,0,,0,0,False,False,False,0.0,singleton
E04181,1,0,1,,0,none,0,,0,,0,0,False,False,False,0.0,singleton
E04182,1,0,1,,0,none,0,,0,,0,0,False,False,False,0.0,singleton
E04183,1,0,1,,0,none,0,,0,,0,0,False,False,False,0.0,singleton
E04184,1,0,1,,0,none,0,,0,,0,0,False,False,False,0.0,singleton
E04185,1,0,1,,0,none,0,,0,,0,0,False,False,False,0.0,singleton
E04186,1,0,1,,0,none,0,,0,,0,0,False,False,False,0.0,singleton
E04187,1,0,1,,0,none,0,,0,,0,0,False,False,False,0.0,singleton
E04188,1,0,1,,0,none,0,,0,,0,0,False,False,False,0.0,singleton
E04189,1,0,1,,0,none,0,,0,,0,0,False,False,False,0.0,singleton
E04190,1,0,1,,0,none,0,,0,,0,0,False,False,False,0.0,singleton
E04191,1,0,1,,0,none,0,,0,,0,0,False,False,False,0.0,singleton
E04192,1,0,1,,0,none,0,,0,,0,0,False,False,False,0.0,singleton
E04193,1,0,1,,0,none,0,,0,,0,0,False,False,False,0.0,singleton
E04194,1,0,1,,0,none,0,,0,,0,0,False,False,False,0.0,singleton
E04195,1,0,1,,0,none,0,,0,,0,0,False,False,False,0.0,singleton
E04196,1,0,1,,0,none,0,,0,,0,0,False,False,False,0.0,singleton
E04197,1,0,1,,0,none,0,,0,,0,0,False,False,False,0.0,singleton
E04198,1,0,1,,0,none,0,,0,,0,0,False,False,False,0.0,singleton
E04199,1,0,1,,0,none,0,,0,,0,0,False,False,False,0.0,singleton
E04200,1,0,1,,0,none,0,,0,,0,0,False,False,False,0.0,singleton
E04201,1,0,1,,0,none,0,,0,,0,0,False,False,False,0.0,singleton
E04202,1,0,1,,0,none,0,,0,,0,0,False,False,False,0.0,singleton
E04203,1,0,1,,0,none,0,,0,,0,0,False,False,False,0.0,singleton
E04204,1,0,1,,0,none,0,,0,,0,0,False,False,False,0.0,singleton
E04205,1,0,1,,0,none,0,,0,,0,0,False,False,False,0.0,singleton
E04206,1,0,1,,0,none,0,,0,,0,0,False,False,False,0.0,singleton
E04207,1,0,1,,0,none,0,,0,,0,0,False,False,False,0.0,singleton
E04208,1,0,1,,0,none,0,,0,,0,0,False,False,False,0.0,singleton
E04209,1,0,1,,0,none,0,,0,,0,0,False,False,False,0.0,singleton
E04210,1,0,1,,0,none,0,,0,,0,0,False,False,False,0.0,singleton
E04211,1,0,1,,0,none,0,,0,,0,0,False,False,False,0.0,singleton
E04212,1,0,1,,0,none,0,,0,,0,0,False,False,False,0.0,singleton
E04213,1,0,1,,0,none,0,,0,,0,0,False,False,False,0.0,singleton
E04214,1,0,1,,0,none,0,,0,,0,0,False,False,False,0.0,singleton
E04215,1,0,1,,0,none,0,,0,,0,0,False,False,False,0.0,singleton
E04216,1,0,1,,0,none,0,,0,,0,0,False,False,False,0.0,singleton
E04217,1,0,1,,0,none,0,,0,,0,0,False,False,False,0.0,singleton
E04218,1,0,1,,0,none,0,,0,,0,0,False,False,False,0.0,singleton
E04219,1,0,1,,0,none,0,,0,,0,0,False,False,False,0.0,singleton
E04220,1,0,1,,0,none,0,,0,,0,0,False,False,False,0.0,singleton
E04221,1,0,1,,0,none,0,,0,,0,0,False,False,False,0.0,singleton
E04222,1,0,1,,0,none,0,,0,,0,0,False,False,False,0.0,singleton
E04223,1,0,1,,0,none,0,,0,,0,0,False,False,False,0.0,singleton
E04224,1,0,1,,0,none,0,,0,,0,0,False,False,False,0.0,singleton
E04225,1,0,1,,0,none,0,,0,,0,0,False,False,False,0.0,singleton
E04226,1,0,1,,0,none,0,,0,,0,0,False,False,False,0.0,singleton
E04227,1,0,1,,0,none,0,,0,,0,0,False,False,False,0.0,singleton
E04228,1,0,1,,0,none,0,,0,,0,0,False,False,False,0.0,singleton
E04229,1,0,1,,0,none,0,,0,,0,0,False,False,False,0.0,singleton
E04230,1,0,1,,0,none,0,,0,,0,0,False,False,False,0.0,singleton
E04231,1,0,1,,0,none,0,,0,,0,0,False,False,False,0.0,singleton
E04232,1,0,1,,0,none,0,,0,,0,0,False,False,False,0.0,singleton
E04233,1,0,1,,0,none,0,,0,,0,0,False,False,False,0.0,singleton
E04234,1,0,1,,0,none,0,,0,,0,0,False,False,False,0.0,singleton
E04235,1,0,1,,0,none,0,,0,,0,0,False,False,False,0.0,singleton
E04236,1,0,1,,0,none,0,,0,,0,0,False,False,False,0.0,singleton
E04237,1,0,1,,0,none,0,,0,,0,0,False,False,False,0.0,singleton
E04238,1,0,1,,0,none,0,,0,,0,0,False,False,False,0.0,singleton
E04239,1,0,1,,0,none,0,,0,,0,0,False,False,False,0.0,singleton
E04240,1,0,1,,0,none,0,,0,,0,0,False,False,False,0.0,singleton
E04241,1,0,1,,0,none,0,,0,,0,0,False,False,False,0.0,singleton
E04242,1,0,1,,0,none,0,,0,,0,0,False,False,False,0.0,singleton
E04243,1,0,1,,0,none,0,,0,,0,0,False,False,False,0.0,singleton
E04244,1,0,1,,0,none,0,,0,,0,0,False,False,False,0.0,singleton
E04245,1,0,1,,0,none,0,,0,,0,0,False,False,False,0.0,singleton
E04246,1,0,1,,0,none,0,,0,,0,0,False,False,False,0.0,singleton
E04247,1,0,1,,0,none,0,,0,,0,0,False,False,False,0.0,singleton
E04248,1,0,1,,0,none,0,,0,,0,0,False,False,False,0.0,singleton
E04249,1,0,1,,0,none,0,,0,,0,0,False,False,False,0.0,singleton
E04250,1,0,1,,0,none,0,,0,,0,0,False,False,False,0.0,singleton
E04251,1,0,1,,0,none,0,,0,,0,0,False,False,False,0.0,singleton
E04252,1,0,1,,0,none,0,,0,,0,0,False,False,False,0.0,singleton
E04253,1,0,1,,0,none,0,,0,,0,0,False,False,False,0.0,singleton
E04254,1,0,1,,0,none,0,,0,,0,0,False,False,False,0.0,singleton
E04255,1,0,1,,0,none,0,,0,,0,0,False,False,False,0.0,singleton
E04256,1,0,1,,0,none,0,,0,,0,0,False,False,False,0.0,singleton
E04257,1,0,1,,0,none,0,,0,,0,0,False,False,False,0.0,singleton
E04258,1,0,1,,0,none,0,,0,,0,0,False,False,False,0.0,singleton
E04259,1,0,1,,0,none,0,,0,,0,0,False,False,False,0.0,singleton
E04260,1,0,1,,0,none,0,,0,,0,0,False,False,False,0.0,singleton
E04261,1,0,1,,0,none,0,,0,,0,0,False,False,False,0.0,singleton
E04262,1,0,1,,0,none,0,,0,,0,0,False,False,False,0.0,singleton
E04263,1,0,1,,0,none,0,,0,,0,0,False,False,False,0.0,singleton
E04264,1,0,1,,0,none,0,,0,,0,0,False,False,False,0.0,singleton
E04265,1,0,1,,0,none,0,,0,,0,0,False,False,False,0.0,singleton
E04266,1,0,1,,0,none,0,,0,,0,0,False,False,False,0.0,singleton
E04267,1,0,1,,0,none,0,,0,,0,0,False,False,False,0.0,singleton
E04268,1,0,1,,0,none,0,,0,,0,0,False,False,False,0.0,singleton
E04269,1,0,1,,0,none,0,,0,,0,0,False,False,False,0.0,singleton
E04270,1,0,1,,0,none,0,,0,,0,0,False,False,False,0.0,singleton
E04271,1,0,1,,0,none,0,,0,,0,0,False,False,False,0.0,singleton
E04272,1,0,1,,0,none,0,,0,,0,0,False,False,False,0.0,singleton
E04273,1,0,1,,0,none,0,,0,,0,0,False,False,False,0.0,singleton
E04274,1,0,1,,0,none,0,,0,,0,0,False,False,False,0.0,singleton
E04275,1,0,1,,0,none,0,,0,,0,0,False,False,False,0.0,singleton
E04276,1,0,1,,0,none,0,,0,,0,0,False,False,False,0.0,singleton
E04277,1,0,1,,0,none,0,,0,,0,0,False,False,False,0.0,singleton
E04278,1,0,1,,0,none,0,,0,,0,0,False,False,False,0.0,singleton
E04279,1,0,1,,0,none,0,,0,,0,0,False,False,False,0.0,singleton
E04280,1,0,1,,0,none,0,,0,,0,0,False,False,False,0.0,singleton
E04281,1,0,1,,0,none,0,,0,,0,0,False,False,False,0.0,singleton
E04282,1,0,1,,0,none,0,,0,,0,0,False,False,False,0.0,singleton
E04283,1,0,1,,0,none,0,,0,,0,0,False,False,False,0.0,singleton
E04284,1,0,1,,0,none,0,,0,,0,0,False,False,False,0.0,singleton
E04285,1,0,1,,0,none,0,,0,,0,0,False,False,False,0.0,singleton
E04286,1,0,1,,0,none,0,,0,,0,0,False,False,False,0.0,singleton
E04287,1,0,1,,0,none,0,,0,,0,0,False,False,False,0.0,singleton
E04288,1,0,1,,0,none,0,,0,,0,0,False,False,False,0.0,singleton
E04289,1,0,1,,0,none,0,,0,,0,0,False,False,False,0.0,singleton
E04290,1,0,1,,0,none,0,,0,,0,0,False,False,False,0.0,singleton
E04291,1,0,1,,0,none,0,,0,,0,0,False,False,False,0.0,singleton
E04292,1,0,1,,0,none,0,,0,,0,0,False,False,False,0.0,singleton
E04293,1,0,1,,0,none,0,,0,,0,0,False,False,False,0.0,singleton
E04294,1,0,1,,0,none,0,,0,,0,0,False,False,False,0.0,singleton
E04295,1,0,1,,0,none,0,,0,,0,0,False,False,False,0.0,singleton
E04296,1,0,1,,0,none,0,,0,,0,0,False,False,False,0.0,singleton
E04297,1,0,1,,0,none,0,,0,,0,0,False,False,False,0.0,singleton
E04298,1,0,1,,0,none,0,,0,,0,0,False,False,False,0.0,singleton
E04299,1,0,1,,0,none,0,,0,,0,0,False,False,False,0.0,singleton
E04300,1,0,1,,0,none,0,,0,,0,0,False,False,False,0.0,singleton
E04301,1,0,1,,0,none,0,,0,,0,0,False,False,False,0.0,singleton
E04302,1,0,1,,0,none,0,,0,,0,0,False,False,False,0.0,singleton
E04303,1,0,1,,0,none,0,,0,,0,0,False,False,False,0.0,singleton
E04304,1,0,1,,0,none,0,,0,,0,0,False,False,False,0.0,singleton
E04305,1,0,1,,0,none,0,,0,,0,0,False,False,False,0.0,singleton
E04306,1,0,1,,0,none,0,,0,,0,0,False,False,False,0.0,singleton
E04307,1,0,1,,0,none,0,,0,,0,0,False,False,False,0.0,singleton
E04308,1,0,1,,0,none,0,,0,,0,0,False,False,False,0.0,singleton
E04309,1,0,1,,0,none,0,,0,,0,0,False,False,False,0.0,singleton
E04310,1,0,1,,0,none,0,,0,,0,0,False,False,False,0.0,singleton
E04311,1,0,1,,0,none,0,,0,,0,0,False,False,False,0.0,singleton
E04312,1,0,1,,0,none,0,,0,,0,0,False,False,False,0.0,singleton
E04313,1,0,1,,0,none,0,,0,,0,0,False,False,False,0.0,singleton
E04314,1,0,1,,0,none,0,,0,,0,0,False,False,False,0.0,singleton
E04315,1,0,1,,0,none,0,,0,,0,0,False,False,False,0.0,singleton
E04316,1,0,1,,0,none,0,,0,,0,0,False,False,False,0.0,singleton
E04317,1,0,1,,0,none,0,,0,,0,0,False,False,False,0.0,singleton
E04318,1,0,1,,0,none,0,,0,,0,0,False,False,False,0.0,singleton
E04319,1,0,1,,0,none,0,,0,,0,0,False,False,False,0.0,singleton
E04320,1,0,1,,0,none,0,,0,,0,0,False,False,False,0.0,singleton
E04321,1,0,1,,0,none,0,,0,,0,0,False,False,False,0.0,singleton
E04322,1,0,1,,0,none,0,,0,,0,0,False,False,False,0.0,singleton
E04323,1,0,1,,0,none,0,,0,,0,0,False,False,False,0.0,singleton
E04324,1,0,1,,0,none,0,,0,,0,0,False,False,False,0.0,singleton
E04325,1,0,1,,0,none,0,,0,,0,0,False,False,False,0.0,singleton
E04326,1,0,1,,0,none,0,,0,,0,0,False,False,False,0.0,singleton
E04327,1,0,1,,0,none,0,,0,,0,0,False,False,False,0.0,singleton
E04328,1,0,1,,0,none,0,,0,,0,0,False,False,False,0.0,singleton
E04329,1,0,1,,0,none,0,,0,,0,0,False,False,False,0.0,singleton
E04330,1,0,1,,0,none,0,,0,,0,0,False,False,False,0.0,singleton
E04331,1,0,1,,0,none,0,,0,,0,0,False,False,False,0.0,singleton
E04332,1,0,1,,0,none,0,,0,,0,0,False,False,False,0.0,singleton
E04333,1,0,1,,0,none,0,,0,,0,0,False,False,False,0.0,singleton
E04334,1,0,1,,0,none,0,,0,,0,0,False,False,False,0.0,singleton
E04335,1,0,1,,0,none,0,,0,,0,0,False,False,False,0.0,singleton
E04336,1,0,1,,0,none,0,,0,,0,0,False,False,False,0.0,singleton
E04337,1,0,1,,0,none,0,,0,,0,0,False,False,False,0.0,singleton
E04338,1,0,1,,0,none,0,,0,,0,0,False,False,False,0.0,singleton
E04339,1,0,1,,0,none,0,,0,,0,0,False,False,False,0.0,singleton
E04340,1,0,1,,0,none,0,,0,,0,0,False,False,False,0.0,singleton
E04341,1,0,1,,0,none,0,,0,,0,0,False,False,False,0.0,singleton
E04342,1,0,1,,0,none,0,,0,,0,0,False,False,False,0.0,singleton
E04343,1,0,1,,0,none,0,,0,,0,0,False,False,False,0.0,singleton
E04344,1,0,1,,0,none,0,,0,,0,0,False,False,False,0.0,singleton
E04345,1,0,1,,0,none,0,,0,,0,0,False,False,False,0.0,singleton
E04346,1,0,1,,0,none,0,,0,,0,0,False,False,False,0.0,singleton
E04347,1,0,1,,0,none,0,,0,,0,0,False,False,False,0.0,singleton
E04348,1,0,1,,0,none,0,,0,,0,0,False,False,False,0.0,singleton
E04349,1,0,1,,0,none,0,,0,,0,0,False,False,False,0.0,singleton
E04350,1,0,1,,0,none,0,,0,,0,0,False,False,False,0.0,singleton
E04351,1,0,1,,0,none,0,,0,,0,0,False,False,False,0.0,singleton
E04352,1,0,1,,0,none,0,,0,,0,0,False,False,False,0.0,singleton
E04353,1,0,1,,0,none,0,,0,,0,0,False,False,False,0.0,singleton
E04354,1,0,1,,0,none,0,,0,,0,0,False,False,False,0.0,singleton
E04355,1,0,1,,0,none,0,,0,,0,0,False,False,False,0.0,singleton
E04356,1,0,1,,0,none,0,,0,,0,0,False,False,False,0.0,singleton
E04357,1,0,1,,0,none,0,,0,,0,0,False,False,False,0.0,singleton
E04358,1,0,1,,0,none,0,,0,,0,0,False,False,False,0.0,singleton
E04359,1,0,1,,0,none,0,,0,,0,0,False,False,False,0.0,singleton
E04360,1,0,1,,0,none,0,,0,,0,0,False,False,False,0.0,singleton
E04361,1,0,1,,0,none,0,,0,,0,0,False,False,False,0.0,singleton
E04362,1,0,1,,0,none,0,,0,,0,0,False,False,False,0.0,singleton
E04363,1,0,1,,0,none,0,,0,,0,0,False,False,False,0.0,singleton
E04364,1,0,1,,0,none,0,,0,,0,0,False,False,False,0.0,singleton
E04365,1,0,1,,0,none,0,,0,,0,0,False,False,False,0.0,singleton
E04366,1,0,1,,0,none,0,,0,,0,0,False,False,False,0.0,singleton
E04367,1,0,1,,0,none,0,,0,,0,0,False,False,False,0.0,singleton
E04368,1,0,1,,0,none,0,,0,,0,0,False,False,False,0.0,singleton
E04369,1,0,1,,0,none,0,,0,,0,0,False,False,False,0.0,singleton
E04370,1,0,1,,0,none,0,,0,,0,0,False,False,False,0.0,singleton
E04371,1,0,1,,0,none,0,,0,,0,0,False,False,False,0.0,singleton
E04372,1,0,1,,0,none,0,,0,,0,0,False,False,False,0.0,singleton
E04373,1,0,1,,0,none,0,,0,,0,0,False,False,False,0.0,singleton
E04374,1,0,1,,0,none,0,,0,,0,0,False,False,False,0.0,singleton
E04375,1,0,1,,0,none,0,,0,,0,0,False,False,False,0.0,singleton
E04376,1,0,1,,0,none,0,,0,,0,0,False,False,False,0.0,singleton
E04377,1,0,1,,0,none,0,,0,,0,0,False,False,False,0.0,singleton
E04378,1,0,1,,0,none,0,,0,,0,0,False,False,False,0.0,singleton
E04379,1,0,1,,0,none,0,,0,,0,0,False,False,False,0.0,singleton
E04380,1,0,1,,0,none,0,,0,,0,0,False,False,False,0.0,singleton
E04381,1,0,1,,0,none,0,,0,,0,0,False,False,False,0.0,singleton
E04382,1,0,1,,0,none,0,,0,,0,0,False,False,False,0.0,singleton
E04383,1,0,1,,0,none,0,,0,,0,0,False,False,False,0.0,singleton
E04384,1,0,1,,0,none,0,,0,,0,0,False,False,False,0.0,singleton
E04385,1,0,1,,0,none,0,,0,,0,0,False,False,False,0.0,singleton
E04386,1,0,1,,0,none,0,,0,,0,0,False,False,False,0.0,singleton
E04387,1,0,1,,0,none,0,,0,,0,0,False,False,False,0.0,singleton
E04388,1,0,1,,0,none,0,,0,,0,0,False,False,False,0.0,singleton
E04389,1,0,1,,0,none,0,,0,,0,0,False,False,False,0.0,singleton
E04390,1,0,1,,0,none,0,,0,,0,0,False,False,False,0.0,singleton
E04391,1,0,1,,0,none,0,,0,,0,0,False,False,False,0.0,singleton
E04392,1,0,1,,0,none,0,,0,,0,0,False,False,False,0.0,singleton
E04393,1,0,1,,0,none,0,,0,,0,0,False,False,False,0.0,singleton
E04394,1,0,1,,0,none,0,,0,,0,0,False,False,False,0.0,singleton
E04395,1,0,1,,0,none,0,,0,,0,0,False,False,False,0.0,singleton
E04396,1,0,1,,0,none,0,,0,,0,0,False,False,False,0.0,singleton
E04397,1,0,1,,0,none,0,,0,,0,0,False,False,False,0.0,singleton
E04398,1,0,1,,0,none,0,,0,,0,0,False,False,False,0.0,singleton
E04399,1,0,1,,0,none,0,,0,,0,0,False,False,False,0.0,singleton
E04400,1,0,1,,0,none,0,,0,,0,0,False,False,False,0.0,singleton
E04401,1,0,1,,0,none,0,,0,,0,0,False,False,False,0.0,singleton
E04402,1,0,1,,0,none,0,,0,,0,0,False,False,False,0.0,singleton
E04403,1,0,1,,0,none,0,,0,,0,0,False,False,False,0.0,singleton
E04404,1,0,1,,0,none,0,,0,,0,0,False,False,False,0.0,singleton
E04405,1,0,1,,0,none,0,,0,,0,0,False,False,False,0.0,singleton
E04406,1,0,1,,0,none,0,,0,,0,0,False,False,False,0.0,singleton
E04407,1,0,1,,0,none,0,,0,,0,0,False,False,False,0.0,singleton
E04408,1,0,1,,0,none,0,,0,,0,0,False,False,False,0.0,singleton
E04409,1,0,1,,0,none,0,,0,,0,0,False,False,False,0.0,singleton
E04410,1,0,1,,0,none,0,,0,,0,0,False,False,False,0.0,singleton
E04411,1,0,1,,0,none,0,,0,,0,0,False,False,False,0.0,singleton
E04412,1,0,1,,0,none,0,,0,,0,0,False,False,False,0.0,singleton
E04413,1,0,1,,0,none,0,,0,,0,0,False,False,False,0.0,singleton
E04414,1,0,1,,0,none,0,,0,,0,0,False,False,False,0.0,singleton
E04415,1,0,1,,0,none,0,,0,,0,0,False,False,False,0.0,singleton
E04416,1,0,1,,0,none,0,,0,,0,0,False,False,False,0.0,singleton
E04417,1,0,1,,0,none,0,,0,,0,0,False,False,False,0.0,singleton
E04418,1,0,1,,0,none,0,,0,,0,0,False,False,False,0.0,singleton
E04419,1,0,1,,0,none,0,,0,,0,0,False,False,False,0.0,singleton
E04420,1,0,1,,0,none,0,,0,,0,0,False,False,False,0.0,singleton
E04421,1,0,1,,0,none,0,,0,,0,0,False,False,False,0.0,singleton
E04422,1,0,1,,0,none,0,,0,,0,0,False,False,False,0.0,singleton
E04423,1,0,1,,0,none,0,,0,,0,0,False,False,False,0.0,singleton
E04424,1,0,1,,0,none,0,,0,,0,0,False,False,False,0.0,singleton
E04425,1,0,1,,0,none,0,,0,,0,0,False,False,False,0.0,singleton
E04426,1,0,1,,0,none,0,,0,,0,0,False,False,False,0.0,singleton
E04427,1,0,1,,0,none,0,,0,,0,0,False,False,False,0.0,singleton
E04428,1,0,1,,0,none,0,,0,,0,0,False,False,False,0.0,singleton
E04429,1,0,1,,0,none,0,,0,,0,0,False,False,False,0.0,singleton
E04430,1,0,1,,0,none,0,,0,,0,0,False,False,False,0.0,singleton
E04431,1,0,1,,0,none,0,,0,,0,0,False,False,False,0.0,singleton
E04432,1,0,1,,0,none,0,,0,,0,0,False,False,False,0.0,singleton
E04433,1,0,1,,0,none,0,,0,,0,0,False,False,False,0.0,singleton
E04434,1,0,1,,0,none,0,,0,,0,0,False,False,False,0.0,singleton
E04435,1,0,1,,0,none,0,,0,,0,0,False,False,False,0.0,singleton
E04436,1,0,1,,0,none,0,,0,,0,0,False,False,False,0.0,singleton
E04437,1,0,1,,0,none,0,,0,,0,0,False,False,False,0.0,singleton
E04438,1,0,1,,0,none,0,,0,,0,0,False,False,False,0.0,singleton
E04439,1,0,1,,0,none,0,,0,,0,0,False,False,False,0.0,singleton
E04440,1,0,1,,0,none,0,,0,,0,0,False,False,False,0.0,singleton
E04441,1,0,1,,0,none,0,,0,,0,0,False,False,False,0.0,singleton
E04442,1,0,1,,0,none,0,,0,,0,0,False,False,False,0.0,singleton
E04443,1,0,1,,0,none,0,,0,,0,0,False,False,False,0.0,singleton
E04444,1,0,1,,0,none,0,,0,,0,0,False,False,False,0.0,singleton
E04445,1,0,1,,0,none,0,,0,,0,0,False,False,False,0.0,singleton
E04446,1,0,1,,0,none,0,,0,,0,0,False,False,False,0.0,singleton
E04447,1,0,1,,0,none,0,,0,,0,0,False,False,False,0.0,singleton
E04448,1,0,1,,0,none,0,,0,,0,0,False,False,False,0.0,singleton
E04449,1,0,1,,0,none,0,,0,,0,0,False,False,False,0.0,singleton
E04450,1,0,1,,0,none,0,,0,,0,0,False,False,False,0.0,singleton
E04451,1,0,1,,0,none,0,,0,,0,0,False,False,False,0.0,singleton
E04452,1,0,1,,0,none,0,,0,,0,0,False,False,False,0.0,singleton
E04453,1,0,1,,0,none,0,,0,,0,0,False,False,False,0.0,singleton
E04454,1,0,1,,0,none,0,,0,,0,0,False,False,False,0.0,singleton
E04455,1,0,1,,0,none,0,,0,,0,0,False,False,False,0.0,singleton
E04456,1,0,1,,0,none,0,,0,,0,0,False,False,False,0.0,singleton
E04457,1,0,1,,0,none,0,,0,,0,0,False,False,False,0.0,singleton
E04458,1,0,1,,0,none,0,,0,,0,0,False,False,False,0.0,singleton
E04459,1,0,1,,0,none,0,,0,,0,0,False,False,False,0.0,singleton
E04460,1,0,1,,0,none,0,,0,,0,0,False,False,False,0.0,singleton
E04461,1,0,1,,0,none,0,,0,,0,0,False,False,False,0.0,singleton
E04462,1,0,1,,0,none,0,,0,,0,0,False,False,False,0.0,singleton
E04463,1,0,1,,0,none,0,,0,,0,0,False,False,False,0.0,singleton
E04464,1,0,1,,0,none,0,,0,,0,0,False,False,False,0.0,singleton
E04465,1,0,1,,0,none,0,,0,,0,0,False,False,False,0.0,singleton
E04466,1,0,1,,0,none,0,,0,,0,0,False,False,False,0.0,singleton
E04467,1,0,1,,0,none,0,,0,,0,0,False,False,False,0.0,singleton
E04468,1,0,1,,0,none,0,,0,,0,0,False,False,False,0.0,singleton
E04469,1,0,1,,0,none,0,,0,,0,0,False,False,False,0.0,singleton
E04470,1,0,1,,0,none,0,,0,,0,0,False,False,False,0.0,singleton
E04471,1,0,1,,0,none,0,,0,,0,0,False,False,False,0.0,singleton
E04472,1,0,1,,0,none,0,,0,,0,0,False,False,False,0.0,singleton
E04473,1,0,1,,0,none,0,,0,,0,0,False,False,False,0.0,singleton
E04474,1,0,1,,0,none,0,,0,,0,0,False,False,False,0.0,singleton
E04475,1,0,1,,0,none,0,,0,,0,0,False,False,False,0.0,singleton
E04476,1,0,1,,0,none,0,,0,,0,0,False,False,False,0.0,singleton
E04477,1,0,1,,0,none,0,,0,,0,0,False,False,False,0.0,singleton
E04478,1,0,1,,0,none,0,,0,,0,0,False,False,False,0.0,singleton
E04479,1,0,1,,0,none,0,,0,,0,0,False,False,False,0.0,singleton
E04480,1,0,1,,0,none,0,,0,,0,0,False,False,False,0.0,singleton
E04481,1,0,1,,0,none,0,,0,,0,0,False,False,False,0.0,singleton
E04482,1,0,1,,0,none,0,,0,,0,0,False,False,False,0.0,singleton
E04483,1,0,1,,0,none,0,,0,,0,0,False,False,False,0.0,singleton
E04484,1,0,1,,0,none,0,,0,,0,0,False,False,False,0.0,singleton
E04485,1,0,1,,0,none,0,,0,,0,0,False,False,False,0.0,singleton
E04486,1,0,1,,0,none,0,,0,,0,0,False,False,False,0.0,singleton
E04487,1,0,1,,0,none,0,,0,,0,0,False,False,False,0.0,singleton
E04488,1,0,1,,0,none,0,,0,,0,0,False,False,False,0.0,singleton
E04489,1,0,1,,0,none,0,,0,,0,0,False,False,False,0.0,singleton
E04490,1,0,1,,0,none,0,,0,,0,0,False,False,False,0.0,singleton
E04491,1,0,1,,0,none,0,,0,,0,0,False,False,False,0.0,singleton
E04492,1,0,1,,0,none,0,,0,,0,0,False,False,False,0.0,singleton
E04493,1,0,1,,0,none,0,,0,,0,0,False,False,False,0.0,singleton
E04494,1,0,1,,0,none,0,,0,,0,0,False,False,False,0.0,singleton
E04495,1,0,1,,0,none,0,,0,,0,0,False,False,False,0.0,singleton
E04496,1,0,1,,0,none,0,,0,,0,0,False,False,False,0.0,singleton
E04497,1,0,1,,0,none,0,,0,,0,0,False,False,False,0.0,singleton
E04498,1,0,1,,0,none,0,,0,,0,0,False,False,False,0.0,singleton
E04499,1,0,1,,0,none,0,,0,,0,0,False,False,False,0.0,singleton
E04500,1,0,1,,0,none,0,,0,,0,0,False,False,False,0.0,singleton
E04501,1,0,1,,0,none,0,,0,,0,0,False,False,False,0.0,singleton
E04502,1,0,1,,0,none,0,,0,,0,0,False,False,False,0.0,singleton
E04503,1,0,1,,0,none,0,,0,,0,0,False,False,False,0.0,singleton
E04504,1,0,1,,0,none,0,,0,,0,0,False,False,False,0.0,singleton
E04505,1,0,1,,0,none,0,,0,,0,0,False,False,False,0.0,singleton
E04506,1,0,1,,0,none,0,,0,,0,0,False,False,False,0.0,singleton
E04507,1,0,1,,0,none,0,,0,,0,0,False,False,False,0.0,singleton
E04508,1,0,1,,0,none,0,,0,,0,0,False,False,False,0.0,singleton
E04509,1,0,1,,0,none,0,,0,,0,0,False,False,False,0.0,singleton
E04510,1,0,1,,0,none,0,,0,,0,0,False,False,False,0.0,singleton
E04511,1,0,1,,0,none,0,,0,,0,0,False,False,False,0.0,singleton
E04512,1,0,1,,0,none,0,,0,,0,0,False,False,False,0.0,singleton
E04513,1,0,1,,0,none,0,,0,,0,0,False,False,False,0.0,singleton
E04514,1,0,1,,0,none,0,,0,,0,0,False,False,False,0.0,singleton
E04515,1,0,1,,0,none,0,,0,,0,0,False,False,False,0.0,singleton
E04516,1,0,1,,0,none,0,,0,,0,0,False,False,False,0.0,singleton
E04517,1,0,1,,0,none,0,,0,,0,0,False,False,False,0.0,singleton
E04518,1,0,1,,0,none,0,,0,,0,0,False,False,False,0.0,singleton
E04519,1,0,1,,0,none,0,,0,,0,0,False,False,False,0.0,singleton
E04520,1,0,1,,0,none,0,,0,,0,0,False,False,False,0.0,singleton
E04521,1,0,1,,0,none,0,,0,,0,0,False,False,False,0.0,singleton
E04522,1,0,1,,0,none,0,,0,,0,0,False,False,False,0.0,singleton
E04523,1,0,1,,0,none,0,,0,,0,0,False,False,False,0.0,singleton
E04524,1,0,1,,0,none,0,,0,,0,0,False,False,False,0.0,singleton
E04525,1,0,1,,0,none,0,,0,,0,0,False,False,False,0.0,singleton
E04526,1,0,1,,0,none,0,,0,,0,0,False,False,False,0.0,singleton
E04527,1,0,1,,0,none,0,,0,,0,0,False,False,False,0.0,singleton
E04528,1,0,1,,0,none,0,,0,,0,0,False,False,False,0.0,singleton
E04529,1,0,1,,0,none,0,,0,,0,0,False,False,False,0.0,singleton
E04530,1,0,1,,0,none,0,,0,,0,0,False,False,False,0.0,singleton
E04531,1,0,1,,0,none,0,,0,,0,0,False,False,False,0.0,singleton
E04532,1,0,1,,0,none,0,,0,,0,0,False,False,False,0.0,singleton
E04533,1,0,1,,0,none,0,,0,,0,0,False,False,False,0.0,singleton
E04534,1,0,1,,0,none,0,,0,,0,0,False,False,False,0.0,singleton
E04535,1,0,1,,0,none,0,,0,,0,0,False,False,False,0.0,singleton
E04536,1,0,1,,0,none,0,,0,,0,0,False,False,False,0.0,singleton
E04537,1,0,1,,0,none,0,,0,,0,0,False,False,False,0.0,singleton
E04538,1,0,1,,0,none,0,,0,,0,0,False,False,False,0.0,singleton
E04539,1,0,1,,0,none,0,,0,,0,0,False,False,False,0.0,singleton
E04540,1,0,1,,0,none,0,,0,,0,0,False,False,False,0.0,singleton
E04541,1,0,1,,0,none,0,,0,,0,0,False,False,False,0.0,singleton
E04542,1,0,1,,0,none,0,,0,,0,0,False,False,False,0.0,singleton
E04543,1,0,1,,0,none,0,,0,,0,0,False,False,False,0.0,singleton
E04544,1,0,1,,0,none,0,,0,,0,0,False,False,False,0.0,singleton
E04545,1,0,1,,0,none,0,,0,,0,0,False,False,False,0.0,singleton
E04546,1,0,1,,0,none,0,,0,,0,0,False,False,False,0.0,singleton
E04547,1,0,1,,0,none,0,,0,,0,0,False,False,False,0.0,singleton
E04548,1,0,1,,0,none,0,,0,,0,0,False,False,False,0.0,singleton
E04549,1,0,1,,0,none,0,,0,,0,0,False,False,False,0.0,singleton
E04550,1,0,1,,0,none,0,,0,,0,0,False,False,False,0.0,singleton
E04551,1,0,1,,0,none,0,,0,,0,0,False,False,False,0.0,singleton
E04552,1,0,1,,0,none,0,,0,,0,0,False,False,False,0.0,singleton
E04553,1,0,1,,0,none,0,,0,,0,0,False,False,False,0.0,singleton
E04554,1,0,1,,0,none,0,,0,,0,0,False,False,False,0.0,singleton
E04555,1,0,1,,0,none,0,,0,,0,0,False,False,False,0.0,singleton
E04556,1,0,1,,0,none,0,,0,,0,0,False,False,False,0.0,singleton
E04557,1,0,1,,0,none,0,,0,,0,0,False,False,False,0.0,singleton
E04558,1,0,1,,0,none,0,,0,,0,0,False,False,False,0.0,singleton
E04559,1,0,1,,0,none,0,,0,,0,0,False,False,False,0.0,singleton
E04560,1,0,1,,0,none,0,,0,,0,0,False,False,False,0.0,singleton
E04561,1,0,1,,0,none,0,,0,,0,0,False,False,False,0.0,singleton
E04562,1,0,1,,0,none,0,,0,,0,0,False,False,False,0.0,singleton
E04563,1,0,1,,0,none,0,,0,,0,0,False,False,False,0.0,singleton
E04564,1,0,1,,0,none,0,,0,,0,0,False,False,False,0.0,singleton
E04565,1,0,1,,0,none,0,,0,,0,0,False,False,False,0.0,singleton
E04566,1,0,1,,0,none,0,,0,,0,0,False,False,False,0.0,singleton
E04567,1,0,1,,0,none,0,,0,,0,0,False,False,False,0.0,singleton
E04568,1,0,1,,0,none,0,,0,,0,0,False,False,False,0.0,singleton
E04569,1,0,1,,0,none,0,,0,,0,0,False,False,False,0.0,singleton
E04570,1,0,1,,0,none,0,,0,,0,0,False,False,False,0.0,singleton
E04571,1,0,1,,0,none,0,,0,,0,0,False,False,False,0.0,singleton
E04572,1,0,1,,0,none,0,,0,,0,0,False,False,False,0.0,singleton
E04573,1,0,1,,0,none,0,,0,,0,0,False,False,False,0.0,singleton
E04574,1,0,1,,0,none,0,,0,,0,0,False,False,False,0.0,singleton
E04575,1,0,1,,0,none,0,,0,,0,0,False,False,False,0.0,singleton
E04576,1,0,1,,0,none,0,,0,,0,0,False,False,False,0.0,singleton
E04577,1,0,1,,0,none,0,,0,,0,0,False,False,False,0.0,singleton
E04578,1,0,1,,0,none,0,,0,,0,0,False,False,False,0.0,singleton
E04579,1,0,1,,0,none,0,,0,,0,0,False,False,False,0.0,singleton
E04580,1,0,1,,0,none,0,,0,,0,0,False,False,False,0.0,singleton
E04581,1,0,1,,0,none,0,,0,,0,0,False,False,False,0.0,singleton
E04582,1,0,1,,0,none,0,,0,,0,0,False,False,False,0.0,singleton
E04583,1,0,1,,0,none,0,,0,,0,0,False,False,False,0.0,singleton
E04584,1,0,1,,0,none,0,,0,,0,0,False,False,False,0.0,singleton
E04585,1,0,1,,0,none,0,,0,,0,0,False,False,False,0.0,singleton
E04586,1,0,1,,0,none,0,,0,,0,0,False,False,False,0.0,singleton
E04587,1,0,1,,0,none,0,,0,,0,0,False,False,False,0.0,singleton
E04588,1,0,1,,0,none,0,,0,,0,0,False,False,False,0.0,singleton
E04589,1,0,1,,0,none,0,,0,,0,0,False,False,False,0.0,singleton
E04590,1,0,1,,0,none,0,,0,,0,0,False,False,False,0.0,singleton
E04591,1,0,1,,0,none,0,,0,,0,0,False,False,False,0.0,singleton
E04592,1,0,1,,0,none,0,,0,,0,0,False,False,False,0.0,singleton
E04593,1,0,1,,0,none,0,,0,,0,0,False,False,False,0.0,singleton
E04594,1,0,1,,0,none,0,,0,,0,0,False,False,False,0.0,singleton
E04595,1,0,1,,0,none,0,,0,,0,0,False,False,False,0.0,singleton
E04596,1,0,1,,0,none,0,,0,,0,0,False,False,False,0.0,singleton
E04597,1,0,1,,0,none,0,,0,,0,0,False,False,False,0.0,singleton
E04598,1,0,1,,0,none,0,,0,,0,0,False,False,False,0.0,singleton
E04599,1,0,1,,0,none,0,,0,,0,0,False,False,False,0.0,singleton
E04600,1,0,1,,0,none,0,,0,,0,0,False,False,False,0.0,singleton
E04601,1,0,1,,0,none,0,,0,,0,0,False,False,False,0.0,singleton
E04602,1,0,1,,0,none,0,,0,,0,0,False,False,False,0.0,singleton
E04603,1,0,1,,0,none,0,,0,,0,0,False,False,False,0.0,singleton
E04604,1,0,1,,0,none,0,,0,,0,0,False,False,False,0.0,singleton
E04605,1,0,1,,0,none,0,,0,,0,0,False,False,False,0.0,singleton
E04606,1,0,1,,0,none,0,,0,,0,0,False,False,False,0.0,singleton
E04607,1,0,1,,0,none,0,,0,,0,0,False,False,False,0.0,singleton
E04608,1,0,1,,0,none,0,,0,,0,0,False,False,False,0.0,singleton
E04609,1,0,1,,0,none,0,,0,,0,0,False,False,False,0.0,singleton
E04610,1,0,1,,0,none,0,,0,,0,0,False,False,False,0.0,singleton
E04611,1,0,1,,0,none,0,,0,,0,0,False,False,False,0.0,singleton
E04612,1,0,1,,0,none,0,,0,,0,0,False,False,False,0.0,singleton
E04613,1,0,1,,0,none,0,,0,,0,0,False,False,False,0.0,singleton
E04614,1,0,1,,0,none,0,,0,,0,0,False,False,False,0.0,singleton
E04615,1,0,1,,0,none,0,,0,,0,0,False,False,False,0.0,singleton
E04616,1,0,1,,0,none,0,,0,,0,0,False,False,False,0.0,singleton
E04617,1,0,1,,0,none,0,,0,,0,0,False,False,False,0.0,singleton
E04618,1,0,1,,0,none,0,,0,,0,0,False,False,False,0.0,singleton
E04619,1,0,1,,0,none,0,,0,,0,0,False,False,False,0.0,singleton
E04620,1,0,1,,0,none,0,,0,,0,0,False,False,False,0.0,singleton
E04621,1,0,1,,0,none,0,,0,,0,0,False,False,False,0.0,singleton
E04622,1,0,1,,0,none,0,,0,,0,0,False,False,False,0.0,singleton
E04623,1,0,1,,0,none,0,,0,,0,0,False,False,False,0.0,singleton
E04624,1,0,1,,0,none,0,,0,,0,0,False,False,False,0.0,singleton
E04625,1,0,1,,0,none,0,,0,,0,0,False,False,False,0.0,singleton
E04626,1,0,1,,0,none,0,,0,,0,0,False,False,False,0.0,singleton
E04627,1,0,1,,0,none,0,,0,,0,0,False,False,False,0.0,singleton
E04628,1,0,1,,0,none,0,,0,,0,0,False,False,False,0.0,singleton
E04629,1,0,1,,0,none,0,,0,,0,0,False,False,False,0.0,singleton
E04630,1,0,1,,0,none,0,,0,,0,0,False,False,False,0.0,singleton
E04631,1,0,1,,0,none,0,,0,,0,0,False,False,False,0.0,singleton
E04632,1,0,1,,0,none,0,,0,,0,0,False,False,False,0.0,singleton
E04633,1,0,1,,0,none,0,,0,,0,0,False,False,False,0.0,singleton
E04634,1,0,1,,0,none,0,,0,,0,0,False,False,False,0.0,singleton
E04635,1,0,1,,0,none,0,,0,,0,0,False,False,False,0.0,singleton
E04636,1,0,1,,0,none,0,,0,,0,0,False,False,False,0.0,singleton
E04637,1,0,1,,0,none,0,,0,,0,0,False,False,False,0.0,singleton
E04638,1,0,1,,0,none,0,,0,,0,0,False,False,False,0.0,singleton
E04639,1,0,1,,0,none,0,,0,,0,0,False,False,False,0.0,singleton
E04640,1,0,1,,0,none,0,,0,,0,0,False,False,False,0.0,singleton
E04641,1,0,1,,0,none,0,,0,,0,0,False,False,False,0.0,singleton
E04642,1,0,1,,0,none,0,,0,,0,0,False,False,False,0.0,singleton
E04643,1,0,1,,0,none,0,,0,,0,0,False,False,False,0.0,singleton
E04644,1,0,1,,0,none,0,,0,,0,0,False,False,False,0.0,singleton
E04645,1,0,1,,0,none,0,,0,,0,0,False,False,False,0.0,singleton
E04646,1,0,1,,0,none,0,,0,,0,0,False,False,False,0.0,singleton
E04647,1,0,1,,0,none,0,,0,,0,0,False,False,False,0.0,singleton
E04648,1,0,1,,0,none,0,,0,,0,0,False,False,False,0.0,singleton
E04649,1,0,1,,0,none,0,,0,,0,0,False,False,False,0.0,singleton
E04650,1,0,1,,0,none,0,,0,,0,0,False,False,False,0.0,singleton
E04651,1,0,1,,0,none,0,,0,,0,0,False,False,False,0.0,singleton
E04652,1,0,1,,0,none,0,,0,,0,0,False,False,False,0.0,singleton
E04653,1,0,1,,0,none,0,,0,,0,0,False,False,False,0.0,singleton
E04654,1,0,1,,0,none,0,,0,,0,0,False,False,False,0.0,singleton
E04655,1,0,1,,0,none,0,,0,,0,0,False,False,False,0.0,singleton
E04656,1,0,1,,0,none,0,,0,,0,0,False,False,False,0.0,singleton
E04657,1,0,1,,0,none,0,,0,,0,0,False,False,False,0.0,singleton
E04658,1,0,1,,0,none,0,,0,,0,0,False,False,False,0.0,singleton
E04659,1,0,1,,0,none,0,,0,,0,0,False,False,False,0.0,singleton
E04660,1,0,1,,0,none,0,,0,,0,0,False,False,False,0.0,singleton
E04661,1,0,1,,0,none,0,,0,,0,0,False,False,False,0.0,singleton
E04662,1,0,1,,0,none,0,,0,,0,0,False,False,False,0.0,singleton
E04663,1,0,1,,0,none,0,,0,,0,0,False,False,False,0.0,singleton
E04664,1,0,1,,0,none,0,,0,,0,0,False,False,False,0.0,singleton
E04665,1,0,1,,0,none,0,,0,,0,0,False,False,False,0.0,singleton
E04666,1,0,1,,0,none,0,,0,,0,0,False,False,False,0.0,singleton
E04667,1,0,1,,0,none,0,,0,,0,0,False,False,False,0.0,singleton
E04668,1,0,1,,0,none,0,,0,,0,0,False,False,False,0.0,singleton
E04669,1,0,1,,0,none,0,,0,,0,0,False,False,False,0.0,singleton
E04670,1,0,1,,0,none,0,,0,,0,0,False,False,False,0.0,singleton
E04671,1,0,1,,0,none,0,,0,,0,0,False,False,False,0.0,singleton
E04672,1,0,1,,0,none,0,,0,,0,0,False,False,False,0.0,singleton
E04673,1,0,1,,0,none,0,,0,,0,0,False,False,False,0.0,singleton
E04674,1,0,1,,0,none,0,,0,,0,0,False,False,False,0.0,singleton
E04675,1,0,1,,0,none,0,,0,,0,0,False,False,False,0.0,singleton
E04676,1,0,1,,0,none,0,,0,,0,0,False,False,False,0.0,singleton
E04677,1,0,1,,0,none,0,,0,,0,0,False,False,False,0.0,singleton
E04678,1,0,1,,0,none,0,,0,,0,0,False,False,False,0.0,singleton
E04679,1,0,1,,0,none,0,,0,,0,0,False,False,False,0.0,singleton
E04680,1,0,1,,0,none,0,,0,,0,0,False,False,False,0.0,singleton
E04681,1,0,1,,0,none,0,,0,,0,0,False,False,False,0.0,singleton
E04682,1,0,1,,0,none,0,,0,,0,0,False,False,False,0.0,singleton
E04683,1,0,1,,0,none,0,,0,,0,0,False,False,False,0.0,singleton
E04684,1,0,1,,0,none,0,,0,,0,0,False,False,False,0.0,singleton
E04685,1,0,1,,0,none,0,,0,,0,0,False,False,False,0.0,singleton
E04686,1,0,1,,0,none,0,,0,,0,0,False,False,False,0.0,singleton
E04687,1,0,1,,0,none,0,,0,,0,0,False,False,False,0.0,singleton
E04688,1,0,1,,0,none,0,,0,,0,0,False,False,False,0.0,singleton
E04689,1,0,1,,0,none,0,,0,,0,0,False,False,False,0.0,singleton
E04690,1,0,1,,0,none,0,,0,,0,0,False,False,False,0.0,singleton
E04691,1,0,1,,0,none,0,,0,,0,0,False,False,False,0.0,singleton
E04692,1,0,1,,0,none,0,,0,,0,0,False,False,False,0.0,singleton
E04693,1,0,1,,0,none,0,,0,,0,0,False,False,False,0.0,singleton
E04694,1,0,1,,0,none,0,,0,,0,0,False,False,False,0.0,singleton
E04695,1,0,1,,0,none,0,,0,,0,0,False,False,False,0.0,singleton
E04696,1,0,1,,0,none,0,,0,,0,0,False,False,False,0.0,singleton
E04697,1,0,1,,0,none,0,,0,,0,0,False,False,False,0.0,singleton
E04698,1,0,1,,0,none,0,,0,,0,0,False,False,False,0.0,singleton
E04699,1,0,1,,0,none,0,,0,,0,0,False,False,False,0.0,singleton
E04700,1,0,1,,0,none,0,,0,,0,0,False,False,False,0.0,singleton
E04701,1,0,1,,0,none,0,,0,,0,0,False,False,False,0.0,singleton
E04702,1,0,1,,0,none,0,,0,,0,0,False,False,False,0.0,singleton
E04703,1,0,1,,0,none,0,,0,,0,0,False,False,False,0.0,singleton
E04704,1,0,1,,0,none,0,,0,,0,0,False,False,False,0.0,singleton
E04705,1,0,1,,0,none,0,,0,,0,0,False,False,False,0.0,singleton
E04706,1,0,1,,0,none,0,,0,,0,0,False,False,False,0.0,singleton
E04707,1,0,1,,0,none,0,,0,,0,0,False,False,False,0.0,singleton
E04708,1,0,1,,0,none,0,,0,,0,0,False,False,False,0.0,singleton
E04709,1,0,1,,0,none,0,,0,,0,0,False,False,False,0.0,singleton
E04710,1,0,1,,0,none,0,,0,,0,0,False,False,False,0.0,singleton
E04711,1,0,1,,0,none,0,,0,,0,0,False,False,False,0.0,singleton
E04712,1,0,1,,0,none,0,,0,,0,0,False,False,False,0.0,singleton
E04713,1,0,1,,0,none,0,,0,,0,0,False,False,False,0.0,singleton
E04714,1,0,1,,0,none,0,,0,,0,0,False,False,False,0.0,singleton
E04715,1,0,1,,0,none,0,,0,,0,0,False,False,False,0.0,singleton
E04716,1,0,1,,0,none,0,,0,,0,0,False,False,False,0.0,singleton
E04717,1,0,1,,0,none,0,,0,,0,0,False,False,False,0.0,singleton
E04718,1,0,1,,0,none,0,,0,,0,0,False,False,False,0.0,singleton
E04719,1,0,1,,0,none,0,,0,,0,0,False,False,False,0.0,singleton
E04720,1,0,1,,0,none,0,,0,,0,0,False,False,False,0.0,singleton
E04721,1,0,1,,0,none,0,,0,,0,0,False,False,False,0.0,singleton
E04722,1,0,1,,0,none,0,,0,,0,0,False,False,False,0.0,singleton
E04723,1,0,1,,0,none,0,,0,,0,0,False,False,False,0.0,singleton
E04724,1,0,1,,0,none,0,,0,,0,0,False,False,False,0.0,singleton
E04725,1,0,1,,0,none,0,,0,,0,0,False,False,False,0.0,singleton
E04726,1,0,1,,0,none,0,,0,,0,0,False,False,False,0.0,singleton
E04727,1,0,1,,0,none,0,,0,,0,0,False,False,False,0.0,singleton
E04728,1,0,1,,0,none,0,,0,,0,0,False,False,False,0.0,singleton
E04729,1,0,1,,0,none,0,,0,,0,0,False,False,False,0.0,singleton
E04730,1,0,1,,0,none,0,,0,,0,0,False,False,False,0.0,singleton
E04731,1,0,1,,0,none,0,,0,,0,0,False,False,False,0.0,singleton
E04732,1,0,1,,0,none,0,,0,,0,0,False,False,False,0.0,singleton
E04733,1,0,1,,0,none,0,,0,,0,0,False,False,False,0.0,singleton
E04734,1,0,1,,0,none,0,,0,,0,0,False,False,False,0.0,singleton
E04735,1,0,1,,0,none,0,,0,,0,0,False,False,False,0.0,singleton
E04736,1,0,1,,0,none,0,,0,,0,0,False,False,False,0.0,singleton
E04737,1,0,1,,0,none,0,,0,,0,0,False,False,False,0.0,singleton
E04738,1,0,1,,0,none,0,,0,,0,0,False,False,False,0.0,singleton
E04739,1,0,1,,0,none,0,,0,,0,0,False,False,False,0.0,singleton
E04740,1,0,1,,0,none,0,,0,,0,0,False,False,False,0.0,singleton
E04741,1,0,1,,0,none,0,,0,,0,0,False,False,False,0.0,singleton
E04742,1,0,1,,0,none,0,,0,,0,0,False,False,False,0.0,singleton
E04743,1,0,1,,0,none,0,,0,,0,0,False,False,False,0.0,singleton
E04744,1,0,1,,0,none,0,,0,,0,0,False,False,False,0.0,singleton
E04745,1,0,1,,0,none,0,,0,,0,0,False,False,False,0.0,singleton
E04746,1,0,1,,0,none,0,,0,,0,0,False,False,False,0.0,singleton
E04747,1,0,1,,0,none,0,,0,,0,0,False,False,False,0.0,singleton
E04748,1,0,1,,0,none,0,,0,,0,0,False,False,False,0.0,singleton
E04749,1,0,1,,0,none,0,,0,,0,0,False,False,False,0.0,singleton
E04750,1,0,1,,0,none,0,,0,,0,0,False,False,False,0.0,singleton
E04751,1,0,1,,0,none,0,,0,,0,0,False,False,False,0.0,singleton
E04752,1,0,1,,0,none,0,,0,,0,0,False,False,False,0.0,singleton
E04753,1,0,1,,0,none,0,,0,,0,0,False,False,False,0.0,singleton
E04754,1,0,1,,0,none,0,,0,,0,0,False,False,False,0.0,singleton
E04755,1,0,1,,0,none,0,,0,,0,0,False,False,False,0.0,singleton
E04756,1,0,1,,0,none,0,,0,,0,0,False,False,False,0.0,singleton
E04757,1,0,1,,0,none,0,,0,,0,0,False,False,False,0.0,singleton
E04758,1,0,1,,0,none,0,,0,,0,0,False,False,False,0.0,singleton
E04759,1,0,1,,0,none,0,,0,,0,0,False,False,False,0.0,singleton
E04760,1,0,1,,0,none,0,,0,,0,0,False,False,False,0.0,singleton
E04761,1,0,1,,0,none,0,,0,,0,0,False,False,False,0.0,singleton
E04762,1,0,1,,0,none,0,,0,,0,0,False,False,False,0.0,singleton
E04763,1,0,1,,0,none,0,,0,,0,0,False,False,False,0.0,singleton
E04764,1,0,1,,0,none,0,,0,,0,0,False,False,False,0.0,singleton
E04765,1,0,1,,0,none,0,,0,,0,0,False,False,False,0.0,singleton
E04766,1,0,1,,0,none,0,,0,,0,0,False,False,False,0.0,singleton
E04767,1,0,1,,0,none,0,,0,,0,0,False,False,False,0.0,singleton
E04768,1,0,1,,0,none,0,,0,,0,0,False,False,False,0.0,singleton
E04769,1,0,1,,0,none,0,,0,,0,0,False,False,False,0.0,singleton
E04770,1,0,1,,0,none,0,,0,,0,0,False,False,False,0.0,singleton
E04771,1,0,1,,0,none,0,,0,,0,0,False,False,False,0.0,singleton
E04772,1,0,1,,0,none,0,,0,,0,0,False,False,False,0.0,singleton
E04773,1,0,1,,0,none,0,,0,,0,0,False,False,False,0.0,singleton
E04774,1,0,1,,0,none,0,,0,,0,0,False,False,False,0.0,singleton
E04775,1,0,1,,0,none,0,,0,,0,0,False,False,False,0.0,singleton
E04776,1,0,1,,0,none,0,,0,,0,0,False,False,False,0.0,singleton
E04777,1,0,1,,0,none,0,,0,,0,0,False,False,False,0.0,singleton
E04778,1,0,1,,0,none,0,,0,,0,0,False,False,False,0.0,singleton
E04779,1,0,1,,0,none,0,,0,,0,0,False,False,False,0.0,singleton
E04780,1,0,1,,0,none,0,,0,,0,0,False,False,False,0.0,singleton
E04781,1,0,1,,0,none,0,,0,,0,0,False,False,False,0.0,singleton
E04782,1,0,1,,0,none,0,,0,,0,0,False,False,False,0.0,singleton
E04783,1,0,1,,0,none,0,,0,,0,0,False,False,False,0.0,singleton
E04784,1,0,1,,0,none,0,,0,,0,0,False,False,False,0.0,singleton
E04785,1,0,1,,0,none,0,,0,,0,0,False,False,False,0.0,singleton
E04786,1,0,1,,0,none,0,,0,,0,0,False,False,False,0.0,singleton
E04787,1,0,1,,0,none,0,,0,,0,0,False,False,False,0.0,singleton
E04788,1,0,1,,0,none,0,,0,,0,0,False,False,False,0.0,singleton
E04789,1,0,1,,0,none,0,,0,,0,0,False,False,False,0.0,singleton
E04790,1,0,1,,0,none,0,,0,,0,0,False,False,False,0.0,singleton
E04791,1,0,1,,0,none,0,,0,,0,0,False,False,False,0.0,singleton
E04792,1,0,1,,0,none,0,,0,,0,0,False,False,False,0.0,singleton
E04793,1,0,1,,0,none,0,,0,,0,0,False,False,False,0.0,singleton
E04794,1,0,1,,0,none,0,,0,,0,0,False,False,False,0.0,singleton
E04795,1,0,1,,0,none,0,,0,,0,0,False,False,False,0.0,singleton
E04796,1,0,1,,0,none,0,,0,,0,0,False,False,False,0.0,singleton
E04797,1,0,1,,0,none,0,,0,,0,0,False,False,False,0.0,singleton
E04798,1,0,1,,0,none,0,,0,,0,0,False,False,False,0.0,singleton
E04799,1,0,1,,0,none,0,,0,,0,0,False,False,False,0.0,singleton
E04800,1,0,1,,0,none,0,,0,,0,0,False,False,False,0.0,singleton
E04801,1,0,1,,0,none,0,,0,,0,0,False,False,False,0.0,singleton
E04802,1,0,1,,0,none,0,,0,,0,0,False,False,False,0.0,singleton
E04803,1,0,1,,0,none,0,,0,,0,0,False,False,False,0.0,singleton
E04804,1,0,1,,0,none,0,,0,,0,0,False,False,False,0.0,singleton
E04805,1,0,1,,0,none,0,,0,,0,0,False,False,False,0.0,singleton
E04806,1,0,1,,0,none,0,,0,,0,0,False,False,False,0.0,singleton
E04807,1,0,1,,0,none,0,,0,,0,0,False,False,False,0.0,singleton
E04808,1,0,1,,0,none,0,,0,,0,0,False,False,False,0.0,singleton
E04809,1,0,1,,0,none,0,,0,,0,0,False,False,False,0.0,singleton
E04810,1,0,1,,0,none,0,,0,,0,0,False,False,False,0.0,singleton
E04811,1,0,1,,0,none,0,,0,,0,0,False,False,False,0.0,singleton
E04812,1,0,1,,0,none,0,,0,,0,0,False,False,False,0.0,singleton
E04813,1,0,1,,0,none,0,,0,,0,0,False,False,False,0.0,singleton
E04814,1,0,1,,0,none,0,,0,,0,0,False,False,False,0.0,singleton
E04815,1,0,1,,0,none,0,,0,,0,0,False,False,False,0.0,singleton
E04816,1,0,1,,0,none,0,,0,,0,0,False,False,False,0.0,singleton
E04817,1,0,1,,0,none,0,,0,,0,0,False,False,False,0.0,singleton
E04818,1,0,1,,0,none,0,,0,,0,0,False,False,False,0.0,singleton
E04819,1,0,1,,0,none,0,,0,,0,0,False,False,False,0.0,singleton
E04820,1,0,1,,0,none,0,,0,,0,0,False,False,False,0.0,singleton
E04821,1,0,1,,0,none,0,,0,,0,0,False,False,False,0.0,singleton
E04822,1,0,1,,0,none,0,,0,,0,0,False,False,False,0.0,singleton
E04823,1,0,1,,0,none,0,,0,,0,0,False,False,False,0.0,singleton
E04824,1,0,1,,0,none,0,,0,,0,0,False,False,False,0.0,singleton
E04825,1,0,1,,0,none,0,,0,,0,0,False,False,False,0.0,singleton
E04826,1,0,1,,0,none,0,,0,,0,0,False,False,False,0.0,singleton
E04827,1,0,1,,0,none,0,,0,,0,0,False,False,False,0.0,singleton
E04828,1,0,1,,0,none,0,,0,,0,0,False,False,False,0.0,singleton
E04829,1,0,1,,0,none,0,,0,,0,0,False,False,False,0.0,singleton
E04830,1,0,1,,0,none,0,,0,,0,0,False,False,False,0.0,singleton
E04831,1,0,1,,0,none,0,,0,,0,0,False,False,False,0.0,singleton
E04832,1,0,1,,0,none,0,,0,,0,0,False,False,False,0.0,singleton
E04833,1,0,1,,0,none,0,,0,,0,0,False,False,False,0.0,singleton
E04834,1,0,1,,0,none,0,,0,,0,0,False,False,False,0.0,singleton
E04835,1,0,1,,0,none,0,,0,,0,0,False,False,False,0.0,singleton
E04836,1,0,1,,0,none,0,,0,,0,0,False,False,False,0.0,singleton
E04837,1,0,1,,0,none,0,,0,,0,0,False,False,False,0.0,singleton
E04838,1,0,1,,0,none,0,,0,,0,0,False,False,False,0.0,singleton
E04839,1,0,1,,0,none,0,,0,,0,0,False,False,False,0.0,singleton
E04840,1,0,1,,0,none,0,,0,,0,0,False,False,False,0.0,singleton
E04841,1,0,1,,0,none,0,,0,,0,0,False,False,False,0.0,singleton
E04842,1,0,1,,0,none,0,,0,,0,0,False,False,False,0.0,singleton
E04843,1,0,1,,0,none,0,,0,,0,0,False,False,False,0.0,singleton
E04844,1,0,1,,0,none,0,,0,,0,0,False,False,False,0.0,singleton
E04845,1,0,1,,0,none,0,,0,,0,0,False,False,False,0.0,singleton
E04846,1,0,1,,0,none,0,,0,,0,0,False,False,False,0.0,singleton
E04847,1,0,1,,0,none,0,,0,,0,0,False,False,False,0.0,singleton
E04848,1,0,1,,0,none,0,,0,,0,0,False,False,False,0.0,singleton
E04849,1,0,1,,0,none,0,,0,,0,0,False,False,False,0.0,singleton
E04850,1,0,1,,0,none,0,,0,,0,0,False,False,False,0.0,singleton
E04851,1,0,1,,0,none,0,,0,,0,0,False,False,False,0.0,singleton
E04852,1,0,1,,0,none,0,,0,,0,0,False,False,False,0.0,singleton
E04853,1,0,1,,0,none,0,,0,,0,0,False,False,False,0.0,singleton
E04854,1,0,1,,0,none,0,,0,,0,0,False,False,False,0.0,singleton
E04855,1,0,1,,0,none,0,,0,,0,0,False,False,False,0.0,singleton
E04856,1,0,1,,0,none,0,,0,,0,0,False,False,False,0.0,singleton
E04857,1,0,1,,0,none,0,,0,,0,0,False,False,False,0.0,singleton
E04858,1,0,1,,0,none,0,,0,,0,0,False,False,False,0.0,singleton
E04859,1,0,1,,0,none,0,,0,,0,0,False,False,False,0.0,singleton
E04860,1,0,1,,0,none,0,,0,,0,0,False,False,False,0.0,singleton
E04861,1,0,1,,0,none,0,,0,,0,0,False,False,False,0.0,singleton
E04862,1,0,1,,0,none,0,,0,,0,0,False,False,False,0.0,singleton
E04863,1,0,1,,0,none,0,,0,,0,0,False,False,False,0.0,singleton
E04864,1,0,1,,0,none,0,,0,,0,0,False,False,False,0.0,singleton
E04865,1,0,1,,0,none,0,,0,,0,0,False,False,False,0.0,singleton
E04866,1,0,1,,0,none,0,,0,,0,0,False,False,False,0.0,singleton
E04867,1,0,1,,0,none,0,,0,,0,0,False,False,False,0.0,singleton
E04868,1,0,1,,0,none,0,,0,,0,0,False,False,False,0.0,singleton
E04869,1,0,1,,0,none,0,,0,,0,0,False,False,False,0.0,singleton
E04870,1,0,1,,0,none,0,,0,,0,0,False,False,False,0.0,singleton
E04871,1,0,1,,0,none,0,,0,,0,0,False,False,False,0.0,singleton
E04872,1,0,1,,0,none,0,,0,,0,0,False,False,False,0.0,singleton
E04873,1,0,1,,0,none,0,,0,,0,0,False,False,False,0.0,singleton
E04874,1,0,1,,0,none,0,,0,,0,0,False,False,False,0.0,singleton
E04875,1,0,1,,0,none,0,,0,,0,0,False,False,False,0.0,singleton
E04876,1,0,1,,0,none,0,,0,,0,0,False,False,False,0.0,singleton
E04877,1,0,1,,0,none,0,,0,,0,0,False,False,False,0.0,singleton
E04878,1,0,1,,0,none,0,,0,,0,0,False,False,False,0.0,singleton
E04879,1,0,1,,0,none,0,,0,,0,0,False,False,False,0.0,singleton
E04880,1,0,1,,0,none,0,,0,,0,0,False,False,False,0.0,singleton
E04881,1,0,1,,0,none,0,,0,,0,0,False,False,False,0.0,singleton
E04882,1,0,1,,0,none,0,,0,,0,0,False,False,False,0.0,singleton
E04883,1,0,1,,0,none,0,,0,,0,0,False,False,False,0.0,singleton
E04884,1,0,1,,0,none,0,,0,,0,0,False,False,False,0.0,singleton
E04885,1,0,1,,0,none,0,,0,,0,0,False,False,False,0.0,singleton
E04886,1,0,1,,0,none,0,,0,,0,0,False,False,False,0.0,singleton
E04887,1,0,1,,0,none,0,,0,,0,0,False,False,False,0.0,singleton
E04888,1,0,1,,0,none,0,,0,,0,0,False,False,False,0.0,singleton
E04889,1,0,1,,0,none,0,,0,,0,0,False,False,False,0.0,singleton
E04890,1,0,1,,0,none,0,,0,,0,0,False,False,False,0.0,singleton
E04891,1,0,1,,0,none,0,,0,,0,0,False,False,False,0.0,singleton
E04892,1,0,1,,0,none,0,,0,,0,0,False,False,False,0.0,singleton
E04893,1,0,1,,0,none,0,,0,,0,0,False,False,False,0.0,singleton
E04894,1,0,1,,0,none,0,,0,,0,0,False,False,False,0.0,singleton
E04895,1,0,1,,0,none,0,,0,,0,0,False,False,False,0.0,singleton
E04896,1,0,1,,0,none,0,,0,,0,0,False,False,False,0.0,singleton
E04897,1,0,1,,0,none,0,,0,,0,0,False,False,False,0.0,singleton
E04898,1,0,1,,0,none,0,,0,,0,0,False,False,False,0.0,singleton
E04899,1,0,1,,0,none,0,,0,,0,0,False,False,False,0.0,singleton
E04900,1,0,1,,0,none,0,,0,,0,0,False,False,False,0.0,singleton
E04901,1,0,1,,0,none,0,,0,,0,0,False,False,False,0.0,singleton
E04902,1,0,1,,0,none,0,,0,,0,0,False,False,False,0.0,singleton
E04903,1,0,1,,0,none,0,,0,,0,0,False,False,False,0.0,singleton
E04904,1,0,1,,0,none,0,,0,,0,0,False,False,False,0.0,singleton
E04905,1,0,1,,0,none,0,,0,,0,0,False,False,False,0.0,singleton
E04906,1,0,1,,0,none,0,,0,,0,0,False,False,False,0.0,singleton
E04907,1,0,1,,0,none,0,,0,,0,0,False,False,False,0.0,singleton
E04908,1,0,1,,0,none,0,,0,,0,0,False,False,False,0.0,singleton
E04909,1,0,1,,0,none,0,,0,,0,0,False,False,False,0.0,singleton
E04910,1,0,1,,0,none,0,,0,,0,0,False,False,False,0.0,singleton
E04911,1,0,1,,0,none,0,,0,,0,0,False,False,False,0.0,singleton
E04912,1,0,1,,0,none,0,,0,,0,0,False,False,False,0.0,singleton
E04913,1,0,1,,0,none,0,,0,,0,0,False,False,False,0.0,singleton
E04914,1,0,1,,0,none,0,,0,,0,0,False,False,False,0.0,singleton
E04915,1,0,1,,0,none,0,,0,,0,0,False,False,False,0.0,singleton
E04916,1,0,1,,0,none,0,,0,,0,0,False,False,False,0.0,singleton
E04917,1,0,1,,0,none,0,,0,,0,0,False,False,False,0.0,singleton
E04918,1,0,1,,0,none,0,,0,,0,0,False,False,False,0.0,singleton
E04919,1,0,1,,0,none,0,,0,,0,0,False,False,False,0.0,singleton
E04920,1,0,1,,0,none,0,,0,,0,0,False,False,False,0.0,singleton
E04921,1,0,1,,0,none,0,,0,,0,0,False,False,False,0.0,singleton
E04922,1,0,1,,0,none,0,,0,,0,0,False,False,False,0.0,singleton
E04923,1,0,1,,0,none,0,,0,,0,0,False,False,False,0.0,singleton
E04924,1,0,1,,0,none,0,,0,,0,0,False,False,False,0.0,singleton
E04925,1,0,1,,0,none,0,,0,,0,0,False,False,False,0.0,singleton
E04926,1,0,1,,0,none,0,,0,,0,0,False,False,False,0.0,singleton
E04927,1,0,1,,0,none,0,,0,,0,0,False,False,False,0.0,singleton
E04928,1,0,1,,0,none,0,,0,,0,0,False,False,False,0.0,singleton
E04929,1,0,1,,0,none,0,,0,,0,0,False,False,False,0.0,singleton
E04930,1,0,1,,0,none,0,,0,,0,0,False,False,False,0.0,singleton
E04931,1,0,1,,0,none,0,,0,,0,0,False,False,False,0.0,singleton
E04932,1,0,1,,0,none,0,,0,,0,0,False,False,False,0.0,singleton
E04933,1,0,1,,0,none,0,,0,,0,0,False,False,False,0.0,singleton
E04934,1,0,1,,0,none,0,,0,,0,0,False,False,False,0.0,singleton
E04935,1,0,1,,0,none,0,,0,,0,0,False,False,False,0.0,singleton
E04936,1,0,1,,0,none,0,,0,,0,0,False,False,False,0.0,singleton
E04937,1,0,1,,0,none,0,,0,,0,0,False,False,False,0.0,singleton
E04938,1,0,1,,0,none,0,,0,,0,0,False,False,False,0.0,singleton
E04939,1,0,1,,0,none,0,,0,,0,0,False,False,False,0.0,singleton
E04940,1,0,1,,0,none,0,,0,,0,0,False,False,False,0.0,singleton
E04941,1,0,1,,0,none,0,,0,,0,0,False,False,False,0.0,singleton
E04942,1,0,1,,0,none,0,,0,,0,0,False,False,False,0.0,singleton
E04943,1,0,1,,0,none,0,,0,,0,0,False,False,False,0.0,singleton
E04944,1,0,1,,0,none,0,,0,,0,0,False,False,False,0.0,singleton
E04945,1,0,1,,0,none,0,,0,,0,0,False,False,False,0.0,singleton
E04946,1,0,1,,0,none,0,,0,,0,0,False,False,False,0.0,singleton
E04947,1,0,1,,0,none,0,,0,,0,0,False,False,False,0.0,singleton
E04948,1,0,1,,0,none,0,,0,,0,0,False,False,False,0.0,singleton
E04949,1,0,1,,0,none,0,,0,,0,0,False,False,False,0.0,singleton
E04950,1,0,1,,0,none,0,,0,,0,0,False,False,False,0.0,singleton
E04951,1,0,1,,0,none,0,,0,,0,0,False,False,False,0.0,singleton
E04952,1,0,1,,0,none,0,,0,,0,0,False,False,False,0.0,singleton
E04953,1,0,1,,0,none,0,,0,,0,0,False,False,False,0.0,singleton
E04954,1,0,1,,0,none,0,,0,,0,0,False,False,False,0.0,singleton
E04955,1,0,1,,0,none,0,,0,,0,0,False,False,False,0.0,singleton
E04956,1,0,1,,0,none,0,,0,,0,0,False,False,False,0.0,singleton
E04957,1,0,1,,0,none,0,,0,,0,0,False,False,False,0.0,singleton
E04958,1,0,1,,0,none,0,,0,,0,0,False,False,False,0.0,singleton
E04959,1,0,1,,0,none,0,,0,,0,0,False,False,False,0.0,singleton
E04960,1,0,1,,0,none,0,,0,,0,0,False,False,False,0.0,singleton
E04961,1,0,1,,0,none,0,,0,,0,0,False,False,False,0.0,singleton
E04962,1,0,1,,0,none,0,,0,,0,0,False,False,False,0.0,singleton
E04963,1,0,1,,0,none,0,,0,,0,0,False,False,False,0.0,singleton
E04964,1,0,1,,0,none,0,,0,,0,0,False,False,False,0.0,singleton
E04965,1,0,1,,0,none,0,,0,,0,0,False,False,False,0.0,singleton
E04966,1,0,1,,0,none,0,,0,,0,0,False,False,False,0.0,singleton
E04967,1,0,1,,0,none,0,,0,,0,0,False,False,False,0.0,singleton
E04968,1,0,1,,0,none,0,,0,,0,0,False,False,False,0.0,singleton
E04969,1,0,1,,0,none,0,,0,,0,0,False,False,False,0.0,singleton
E04970,1,0,1,,0,none,0,,0,,0,0,False,False,False,0.0,singleton
E04971,1,0,1,,0,none,0,,0,,0,0,False,False,False,0.0,singleton
E04972,1,0,1,,0,none,0,,0,,0,0,False,False,False,0.0,singleton
E04973,1,0,1,,0,none,0,,0,,0,0,False,False,False,0.0,singleton
E04974,1,0,1,,0,none,0,,0,,0,0,False,False,False,0.0,singleton
E04975,1,0,1,,0,none,0,,0,,0,0,False,False,False,0.0,singleton
E04976,1,0,1,,0,none,0,,0,,0,0,False,False,False,0.0,singleton
E04977,1,0,1,,0,none,0,,0,,0,0,False,False,False,0.0,singleton
E04978,1,0,1,,0,none,0,,0,,0,0,False,False,False,0.0,singleton
E04979,1,0,1,,0,none,0,,0,,0,0,False,False,False,0.0,singleton
E04980,1,0,1,,0,none,0,,0,,0,0,False,False,False,0.0,singleton
E04981,1,0,1,,0,none,0,,0,,0,0,False,False,False,0.0,singleton
E04982,1,0,1,,0,none,0,,0,,0,0,False,False,False,0.0,singleton
E04983,1,0,1,,0,none,0,,0,,0,0,False,False,False,0.0,singleton
E04984,1,0,1,,0,none,0,,0,,0,0,False,False,False,0.0,singleton
E04985,1,0,1,,0,none,0,,0,,0,0,False,False,False,0.0,singleton
E04986,1,0,1,,0,none,0,,0,,0,0,False,False,False,0.0,singleton
E04987,1,0,1,,0,none,0,,0,,0,0,False,False,False,0.0,singleton
E04988,1,0,1,,0,none,0,,0,,0,0,False,False,False,0.0,singleton
E04989,1,0,1,,0,none,0,,0,,0,0,False,False,False,0.0,singleton
E04990,1,0,1,,0,none,0,,0,,0,0,False,False,False,0.0,singleton
E04991,1,0,1,,0,none,0,,0,,0,0,False,False,False,0.0,singleton
E04992,1,0,1,,0,none,0,,0,,0,0,False,False,False,0.0,singleton
E04993,1,0,1,,0,none,0,,0,,0,0,False,False,False,0.0,singleton
E04994,1,0,1,,0,none,0,,0,,0,0,False,False,False,0.0,singleton
E04995,1,0,1,,0,none,0,,0,,0,0,False,False,False,0.0,singleton
E04996,1,0,1,,0,none,0,,0,,0,0,False,False,False,0.0,singleton
E04997,1,0,1,,0,none,0,,0,,0,0,False,False,False,0.0,singleton
E04998,1,0,1,,0,none,0,,0,,0,0,False,False,False,0.0,singleton
E04999,1,0,1,,0,none,0,,0,,0,0,False,False,False,0.0,singleton
E05000,1,0,1,,0,none,0,,0,,0,0,False,False,False,0.0,singleton
E05001,1,0,1,,0,none,0,,0,,0,0,False,False,False,0.0,singleton
E05002,1,0,1,,0,none,0,,0,,0,0,False,False,False,0.0,singleton
E05003,1,0,1,,0,none,0,,0,,0,0,False,False,False,0.0,singleton
E05004,1,0,1,,0,none,0,,0,,0,0,False,False,False,0.0,singleton
E05005,1,0,1,,0,none,0,,0,,0,0,False,False,False,0.0,singleton
E05006,1,0,1,,0,none,0,,0,,0,0,False,False,False,0.0,singleton
E05007,1,0,1,,0,none,0,,0,,0,0,False,False,False,0.0,singleton
E05008,1,0,1,,0,none,0,,0,,0,0,False,False,False,0.0,singleton
E05009,1,0,1,,0,none,0,,0,,0,0,False,False,False,0.0,singleton
E05010,1,0,1,,0,none,0,,0,,0,0,False,False,False,0.0,singleton
E05011,1,0,1,,0,none,0,,0,,0,0,False,False,False,0.0,singleton
E05012,1,0,1,,0,none,0,,0,,0,0,False,False,False,0.0,singleton
E05013,1,0,1,,0,none,0,,0,,0,0,False,False,False,0.0,singleton
E05014,1,0,1,,0,none,0,,0,,0,0,False,False,False,0.0,singleton
E05015,1,0,1,,0,none,0,,0,,0,0,False,False,False,0.0,singleton
E05016,1,0,1,,0,none,0,,0,,0,0,False,False,False,0.0,singleton
E05017,1,0,1,,0,none,0,,0,,0,0,False,False,False,0.0,singleton
E05018,1,0,1,,0,none,0,,0,,0,0,False,False,False,0.0,singleton
E05019,1,0,1,,0,none,0,,0,,0,0,False,False,False,0.0,singleton
E05020,1,0,1,,0,none,0,,0,,0,0,False,False,False,0.0,singleton
E05021,1,0,1,,0,none,0,,0,,0,0,False,False,False,0.0,singleton
E05022,1,0,1,,0,none,0,,0,,0,0,False,False,False,0.0,singleton
E05023,1,0,1,,0,none,0,,0,,0,0,False,False,False,0.0,singleton
E05024,1,0,1,,0,none,0,,0,,0,0,False,False,False,0.0,singleton
E05025,1,0,1,,0,none,0,,0,,0,0,False,False,False,0.0,singleton
E05026,1,0,1,,0,none,0,,0,,0,0,False,False,False,0.0,singleton
E05027,1,0,1,,0,none,0,,0,,0,0,False,False,False,0.0,singleton
E05028,1,0,1,,0,none,0,,0,,0,0,False,False,False,0.0,singleton
E05029,1,0,1,,0,none,0,,0,,0,0,False,False,False,0.0,singleton
E05030,1,0,1,,0,none,0,,0,,0,0,False,False,False,0.0,singleton
E05031,1,0,1,,0,none,0,,0,,0,0,False,False,False,0.0,singleton
E05032,1,0,1,,0,none,0,,0,,0,0,False,False,False,0.0,singleton
E05033,1,0,1,,0,none,0,,0,,0,0,False,False,False,0.0,singleton
E05034,1,0,1,,0,none,0,,0,,0,0,False,False,False,0.0,singleton
E05035,1,0,1,,0,none,0,,0,,0,0,False,False,False,0.0,singleton
E05036,1,0,1,,0,none,0,,0,,0,0,False,False,False,0.0,singleton
E05037,1,0,1,,0,none,0,,0,,0,0,False,False,False,0.0,singleton
E05038,1,0,1,,0,none,0,,0,,0,0,False,False,False,0.0,singleton
E05039,1,0,1,,0,none,0,,0,,0,0,False,False,False,0.0,singleton
E05040,1,0,1,,0,none,0,,0,,0,0,False,False,False,0.0,singleton
E05041,1,0,1,,0,none,0,,0,,0,0,False,False,False,0.0,singleton
E05042,1,0,1,,0,none,0,,0,,0,0,False,False,False,0.0,singleton
E05043,1,0,1,,0,none,0,,0,,0,0,False,False,False,0.0,singleton
E05044,1,0,1,,0,none,0,,0,,0,0,False,False,False,0.0,singleton
E05045,1,0,1,,0,none,0,,0,,0,0,False,False,False,0.0,singleton
E05046,1,0,1,,0,none,0,,0,,0,0,False,False,False,0.0,singleton
E05047,1,0,1,,0,none,0,,0,,0,0,False,False,False,0.0,singleton
E05048,1,0,1,,0,none,0,,0,,0,0,False,False,False,0.0,singleton
E05049,1,0,1,,0,none,0,,0,,0,0,False,False,False,0.0,singleton
E05050,1,0,1,,0,none,0,,0,,0,0,False,False,False,0.0,singleton
E05051,1,0,1,,0,none,0,,0,,0,0,False,False,False,0.0,singleton
E05052,1,0,1,,0,none,0,,0,,0,0,False,False,False,0.0,singleton
E05053,1,0,1,,0,none,0,,0,,0,0,False,False,False,0.0,singleton
E05054,1,0,1,,0,none,0,,0,,0,0,False,False,False,0.0,singleton
E05055,1,0,1,,0,none,0,,0,,0,0,False,False,False,0.0,singleton
E05056,1,0,1,,0,none,0,,0,,0,0,False,False,False,0.0,singleton
E05057,1,0,1,,0,none,0,,0,,0,0,False,False,False,0.0,singleton
E05058,1,0,1,,0,none,0,,0,,0,0,False,False,False,0.0,singleton
E05059,1,0,1,,0,none,0,,0,,0,0,False,False,False,0.0,singleton
E05060,1,0,1,,0,none,0,,0,,0,0,False,False,False,0.0,singleton
E05061,1,0,1,,0,none,0,,0,,0,0,False,False,False,0.0,singleton
E05062,1,0,1,,0,none,0,,0,,0,0,False,False,False,0.0,singleton
E05063,1,0,1,,0,none,0,,0,,0,0,False,False,False,0.0,singleton
E05064,1,0,1,,0,none,0,,0,,0,0,False,False,False,0.0,singleton
E05065,1,0,1,,0,none,0,,0,,0,0,False,False,False,0.0,singleton
E05066,1,0,1,,0,none,0,,0,,0,0,False,False,False,0.0,singleton
E05067,1,0,1,,0,none,0,,0,,0,0,False,False,False,0.0,singleton
E05068,1,0,1,,0,none,0,,0,,0,0,False,False,False,0.0,singleton
E05069,1,0,1,,0,none,0,,0,,0,0,False,False,False,0.0,singleton
E05070,1,0,1,,0,none,0,,0,,0,0,False,False,False,0.0,singleton
E05071,1,0,1,,0,none,0,,0,,0,0,False,False,False,0.0,singleton
E05072,1,0,1,,0,none,0,,0,,0,0,False,False,False,0.0,singleton
E05073,1,0,1,,0,none,0,,0,,0,0,False,False,False,0.0,singleton
E05074,1,0,1,,0,none,0,,0,,0,0,False,False,False,0.0,singleton
E05075,1,0,1,,0,none,0,,0,,0,0,False,False,False,0.0,singleton
E05076,1,0,1,,0,none,0,,0,,0,0,False,False,False,0.0,singleton
E05077,1,0,1,,0,none,0,,0,,0,0,False,False,False,0.0,singleton
E05078,1,0,1,,0,none,0,,0,,0,0,False,False,False,0.0,singleton
E05079,1,0,1,,0,none,0,,0,,0,0,False,False,False,0.0,singleton
E05080,1,0,1,,0,none,0,,0,,0,0,False,False,False,0.0,singleton
E05081,1,0,1,,0,none,0,,0,,0,0,False,False,False,0.0,singleton
E05082,1,0,1,,0,none,0,,0,,0,0,False,False,False,0.0,singleton
E05083,1,0,1,,0,none,0,,0,,0,0,False,False,False,0.0,singleton
E05084,1,0,1,,0,none,0,,0,,0,0,False,False,False,0.0,singleton
E05085,1,0,1,,0,none,0,,0,,0,0,False,False,False,0.0,singleton
E05086,1,0,1,,0,none,0,,0,,0,0,False,False,False,0.0,singleton
E05087,1,0,1,,0,none,0,,0,,0,0,False,False,False,0.0,singleton
E05088,1,0,1,,0,none,0,,0,,0,0,False,False,False,0.0,singleton
E05089,1,0,1,,0,none,0,,0,,0,0,False,False,False,0.0,singleton
E05090,1,0,1,,0,none,0,,0,,0,0,False,False,False,0.0,singleton
E05091,1,0,1,,0,none,0,,0,,0,0,False,False,False,0.0,singleton
E05092,1,0,1,,0,none,0,,0,,0,0,False,False,False,0.0,singleton
E05093,1,0,1,,0,none,0,,0,,0,0,False,False,False,0.0,singleton
E05094,1,0,1,,0,none,0,,0,,0,0,False,False,False,0.0,singleton
E05095,1,0,1,,0,none,0,,0,,0,0,False,False,False,0.0,singleton
E05096,1,0,1,,0,none,0,,0,,0,0,False,False,False,0.0,singleton
E05097,1,0,1,,0,none,0,,0,,0,0,False,False,False,0.0,singleton
E05098,1,0,1,,0,none,0,,0,,0,0,False,False,False,0.0,singleton
E05099,1,0,1,,0,none,0,,0,,0,0,False,False,False,0.0,singleton
E05100,1,0,1,,0,none,0,,0,,0,0,False,False,False,0.0,singleton
E05101,1,0,1,,0,none,0,,0,,0,0,False,False,False,0.0,singleton
E05102,1,0,1,,0,none,0,,0,,0,0,False,False,False,0.0,singleton
E05103,1,0,1,,0,none,0,,0,,0,0,False,False,False,0.0,singleton
E05104,1,0,1,,0,none,0,,0,,0,0,False,False,False,0.0,singleton
E05105,1,0,1,,0,none,0,,0,,0,0,False,False,False,0.0,singleton
E05106,1,0,1,,0,none,0,,0,,0,0,False,False,False,0.0,singleton
E05107,1,0,1,,0,none,0,,0,,0,0,False,False,False,0.0,singleton
E05108,1,0,1,,0,none,0,,0,,0,0,False,False,False,0.0,singleton
E05109,1,0,1,,0,none,0,,0,,0,0,False,False,False,0.0,singleton
E05110,1,0,1,,0,none,0,,0,,0,0,False,False,False,0.0,singleton
E05111,1,0,1,,0,none,0,,0,,0,0,False,False,False,0.0,singleton
E05112,1,0,1,,0,none,0,,0,,0,0,False,False,False,0.0,singleton
E05113,1,0,1,,0,none,0,,0,,0,0,False,False,False,0.0,singleton
E05114,1,0,1,,0,none,0,,0,,0,0,False,False,False,0.0,singleton
E05115,1,0,1,,0,none,0,,0,,0,0,False,False,False,0.0,singleton
E05116,1,0,1,,0,none,0,,0,,0,0,False,False,False,0.0,singleton
E05117,1,0,1,,0,none,0,,0,,0,0,False,False,False,0.0,singleton
E05118,1,0,1,,0,none,0,,0,,0,0,False,False,False,0.0,singleton
E05119,1,0,1,,0,none,0,,0,,0,0,False,False,False,0.0,singleton
E05120,1,0,1,,0,none,0,,0,,0,0,False,False,False,0.0,singleton
E05121,1,0,1,,0,none,0,,0,,0,0,False,False,False,0.0,singleton
E05122,1,0,1,,0,none,0,,0,,0,0,False,False,False,0.0,singleton
E05123,1,0,1,,0,none,0,,0,,0,0,False,False,False,0.0,singleton
E05124,1,0,1,,0,none,0,,0,,0,0,False,False,False,0.0,singleton
E05125,1,0,1,,0,none,0,,0,,0,0,False,False,False,0.0,singleton
E05126,1,0,1,,0,none,0,,0,,0,0,False,False,False,0.0,singleton
E05127,1,0,1,,0,none,0,,0,,0,0,False,False,False,0.0,singleton
E05128,1,0,1,,0,none,0,,0,,0,0,False,False,False,0.0,singleton
E05129,1,0,1,,0,none,0,,0,,0,0,False,False,False,0.0,singleton
E05130,1,0,1,,0,none,0,,0,,0,0,False,False,False,0.0,singleton
E05131,1,0,1,,0,none,0,,0,,0,0,False,False,False,0.0,singleton
E05132,1,0,1,,0,none,0,,0,,0,0,False,False,False,0.0,singleton
E05133,1,0,1,,0,none,0,,0,,0,0,False,False,False,0.0,singleton
E05134,1,0,1,,0,none,0,,0,,0,0,False,False,False,0.0,singleton
E05135,1,0,1,,0,none,0,,0,,0,0,False,False,False,0.0,singleton
E05136,1,0,1,,0,none,0,,0,,0,0,False,False,False,0.0,singleton
E05137,1,0,1,,0,none,0,,0,,0,0,False,False,False,0.0,singleton
E05138,1,0,1,,0,none,0,,0,,0,0,False,False,False,0.0,singleton
E05139,1,0,1,,0,none,0,,0,,0,0,False,False,False,0.0,singleton
E05140,1,0,1,,0,none,0,,0,,0,0,False,False,False,0.0,singleton
E05141,1,0,1,,0,none,0,,0,,0,0,False,False,False,0.0,singleton
E05142,1,0,1,,0,none,0,,0,,0,0,False,False,False,0.0,singleton
E05143,1,0,1,,0,none,0,,0,,0,0,False,False,False,0.0,singleton
E05144,1,0,1,,0,none,0,,0,,0,0,False,False,False,0.0,singleton
E05145,1,0,1,,0,none,0,,0,,0,0,False,False,False,0.0,singleton
E05146,1,0,1,,0,none,0,,0,,0,0,False,False,False,0.0,singleton
E05147,1,0,1,,0,none,0,,0,,0,0,False,False,False,0.0,singleton
E05148,1,0,1,,0,none,0,,0,,0,0,False,False,False,0.0,singleton
E05149,1,0,1,,0,none,0,,0,,0,0,False,False,False,0.0,singleton
E05150,1,0,1,,0,none,0,,0,,0,0,False,False,False,0.0,singleton
E05151,1,0,1,,0,none,0,,0,,0,0,False,False,False,0.0,singleton
E05152,1,0,1,,0,none,0,,0,,0,0,False,False,False,0.0,singleton
E05153,1,0,1,,0,none,0,,0,,0,0,False,False,False,0.0,singleton
E05154,1,0,1,,0,none,0,,0,,0,0,False,False,False,0.0,singleton
E05155,1,0,1,,0,none,0,,0,,0,0,False,False,False,0.0,singleton
E05156,1,0,1,,0,none,0,,0,,0,0,False,False,False,0.0,singleton
E05157,1,0,1,,0,none,0,,0,,0,0,False,False,False,0.0,singleton
E05158,1,0,1,,0,none,0,,0,,0,0,False,False,False,0.0,singleton
E05159,1,0,1,,0,none,0,,0,,0,0,False,False,False,0.0,singleton
E05160,1,0,1,,0,none,0,,0,,0,0,False,False,False,0.0,singleton
E05161,1,0,1,,0,none,0,,0,,0,0,False,False,False,0.0,singleton
E05162,1,0,1,,0,none,0,,0,,0,0,False,False,False,0.0,singleton
E05163,1,0,1,,0,none,0,,0,,0,0,False,False,False,0.0,singleton
E05164,1,0,1,,0,none,0,,0,,0,0,False,False,False,0.0,singleton
E05165,1,0,1,,0,none,0,,0,,0,0,False,False,False,0.0,singleton
E05166,1,0,1,,0,none,0,,0,,0,0,False,False,False,0.0,singleton
E05167,1,0,1,,0,none,0,,0,,0,0,False,False,False,0.0,singleton
E05168,1,0,1,,0,none,0,,0,,0,0,False,False,False,0.0,singleton
E05169,1,0,1,,0,none,0,,0,,0,0,False,False,False,0.0,singleton
E05170,1,0,1,,0,none,0,,0,,0,0,False,False,False,0.0,singleton
E05171,1,0,1,,0,none,0,,0,,0,0,False,False,False,0.0,singleton
E05172,1,0,1,,0,none,0,,0,,0,0,False,False,False,0.0,singleton
E05173,1,0,1,,0,none,0,,0,,0,0,False,False,False,0.0,singleton
E05174,1,0,1,,0,none,0,,0,,0,0,False,False,False,0.0,singleton
E05175,1,0,1,,0,none,0,,0,,0,0,False,False,False,0.0,singleton
E05176,1,0,1,,0,none,0,,0,,0,0,False,False,False,0.0,singleton
E05177,1,0,1,,0,none,0,,0,,0,0,False,False,False,0.0,singleton
E05178,1,0,1,,0,none,0,,0,,0,0,False,False,False,0.0,singleton
E05179,1,0,1,,0,none,0,,0,,0,0,False,False,False,0.0,singleton
E05180,1,0,1,,0,none,0,,0,,0,0,False,False,False,0.0,singleton
E05181,1,0,1,,0,none,0,,0,,0,0,False,False,False,0.0,singleton
E05182,1,0,1,,0,none,0,,0,,0,0,False,False,False,0.0,singleton
E05183,1,0,1,,0,none,0,,0,,0,0,False,False,False,0.0,singleton
E05184,1,0,1,,0,none,0,,0,,0,0,False,False,False,0.0,singleton
E05185,1,0,1,,0,none,0,,0,,0,0,False,False,False,0.0,singleton
E05186,1,0,1,,0,none,0,,0,,0,0,False,False,False,0.0,singleton
E05187,1,0,1,,0,none,0,,0,,0,0,False,False,False,0.0,singleton
E05188,1,0,1,,0,none,0,,0,,0,0,False,False,False,0.0,singleton
E05189,1,0,1,,0,none,0,,0,,0,0,False,False,False,0.0,singleton
E05190,1,0,1,,0,none,0,,0,,0,0,False,False,False,0.0,singleton
E05191,1,0,1,,0,none,0,,0,,0,0,False,False,False,0.0,singleton
E05192,1,0,1,,0,none,0,,0,,0,0,False,False,False,0.0,singleton
E05193,1,0,1,,0,none,0,,0,,0,0,False,False,False,0.0,singleton
E05194,1,0,1,,0,none,0,,0,,0,0,False,False,False,0.0,singleton
E05195,1,0,1,,0,none,0,,0,,0,0,False,False,False,0.0,singleton
E05196,1,0,1,,0,none,0,,0,,0,0,False,False,False,0.0,singleton
E05197,1,0,1,,0,none,0,,0,,0,0,False,False,False,0.0,singleton
E05198,1,0,1,,0,none,0,,0,,0,0,False,False,False,0.0,singleton
E05199,1,0,1,,0,none,0,,0,,0,0,False,False,False,0.0,singleton
E05200,1,0,1,,0,none,0,,0,,0,0,False,False,False,0.0,singleton
E05201,1,0,1,,0,none,0,,0,,0,0,False,False,False,0.0,singleton
E05202,1,0,1,,0,none,0,,0,,0,0,False,False,False,0.0,singleton
E05203,1,0,1,,0,none,0,,0,,0,0,False,False,False,0.0,singleton
E05204,1,0,1,,0,none,0,,0,,0,0,False,False,False,0.0,singleton
E05205,1,0,1,,0,none,0,,0,,0,0,False,False,False,0.0,singleton
E05206,1,0,1,,0,none,0,,0,,0,0,False,False,False,0.0,singleton
E05207,1,0,1,,0,none,0,,0,,0,0,False,False,False,0.0,singleton
E05208,1,0,1,,0,none,0,,0,,0,0,False,False,False,0.0,singleton
E05209,1,0,1,,0,none,0,,0,,0,0,False,False,False,0.0,singleton
E05210,1,0,1,,0,none,0,,0,,0,0,False,False,False,0.0,singleton
E05211,1,0,1,,0,none,0,,0,,0,0,False,False,False,0.0,singleton
E05212,1,0,1,,0,none,0,,0,,0,0,False,False,False,0.0,singleton
E05213,1,0,1,,0,none,0,,0,,0,0,False,False,False,0.0,singleton
E05214,1,0,1,,0,none,0,,0,,0,0,False,False,False,0.0,singleton
E05215,1,0,1,,0,none,0,,0,,0,0,False,False,False,0.0,singleton
E05216,1,0,1,,0,none,0,,0,,0,0,False,False,False,0.0,singleton
E05217,1,0,1,,0,none,0,,0,,0,0,False,False,False,0.0,singleton
E05218,1,0,1,,0,none,0,,0,,0,0,False,False,False,0.0,singleton
E05219,1,0,1,,0,none,0,,0,,0,0,False,False,False,0.0,singleton
E05220,1,0,1,,0,none,0,,0,,0,0,False,False,False,0.0,singleton
E05221,1,0,1,,0,none,0,,0,,0,0,False,False,False,0.0,singleton
E05222,1,0,1,,0,none,0,,0,,0,0,False,False,False,0.0,singleton
E05223,1,0,1,,0,none,0,,0,,0,0,False,False,False,0.0,singleton
E05224,1,0,1,,0,none,0,,0,,0,0,False,False,False,0.0,singleton
E05225,1,0,1,,0,none,0,,0,,0,0,False,False,False,0.0,singleton
E05226,1,0,1,,0,none,0,,0,,0,0,False,False,False,0.0,singleton
E05227,1,0,1,,0,none,0,,0,,0,0,False,False,False,0.0,singleton
E05228,1,0,1,,0,none,0,,0,,0,0,False,False,False,0.0,singleton
E05229,1,0,1,,0,none,0,,0,,0,0,False,False,False,0.0,singleton
E05230,1,0,1,,0,none,0,,0,,0,0,False,False,False,0.0,singleton
E05231,1,0,1,,0,none,0,,0,,0,0,False,False,False,0.0,singleton
E05232,1,0,1,,0,none,0,,0,,0,0,False,False,False,0.0,singleton
E05233,1,0,1,,0,none,0,,0,,0,0,False,False,False,0.0,singleton
E05234,1,0,1,,0,none,0,,0,,0,0,False,False,False,0.0,singleton
E05235,1,0,1,,0,none,0,,0,,0,0,False,False,False,0.0,singleton
E05236,1,0,1,,0,none,0,,0,,0,0,False,False,False,0.0,singleton
E05237,1,0,1,,0,none,0,,0,,0,0,False,False,False,0.0,singleton
E05238,1,0,1,,0,none,0,,0,,0,0,False,False,False,0.0,singleton
E05239,1,0,1,,0,none,0,,0,,0,0,False,False,False,0.0,singleton
E05240,1,0,1,,0,none,0,,0,,0,0,False,False,False,0.0,singleton
E05241,1,0,1,,0,none,0,,0,,0,0,False,False,False,0.0,singleton
E05242,1,0,1,,0,none,0,,0,,0,0,False,False,False,0.0,singleton
E05243,1,0,1,,0,none,0,,0,,0,0,False,False,False,0.0,singleton
E05244,1,0,1,,0,none,0,,0,,0,0,False,False,False,0.0,singleton
E05245,1,0,1,,0,none,0,,0,,0,0,False,False,False,0.0,singleton
E05246,1,0,1,,0,none,0,,0,,0,0,False,False,False,0.0,singleton
E05247,1,0,1,,0,none,0,,0,,0,0,False,False,False,0.0,singleton
E05248,1,0,1,,0,none,0,,0,,0,0,False,False,False,0.0,singleton
E05249,1,0,1,,0,none,0,,0,,0,0,False,False,False,0.0,singleton
E05250,1,0,1,,0,none,0,,0,,0,0,False,False,False,0.0,singleton
E05251,1,0,1,,0,none,0,,0,,0,0,False,False,False,0.0,singleton
E05252,1,0,1,,0,none,0,,0,,0,0,False,False,False,0.0,singleton
E05253,1,0,1,,0,none,0,,0,,0,0,False,False,False,0.0,singleton
E05254,1,0,1,,0,none,0,,0,,0,0,False,False,False,0.0,singleton
E05255,1,0,1,,0,none,0,,0,,0,0,False,False,False,0.0,singleton
E05256,1,0,1,,0,none,0,,0,,0,0,False,False,False,0.0,singleton
E05257,1,0,1,,0,none,0,,0,,0,0,False,False,False,0.0,singleton
E05258,1,0,1,,0,none,0,,0,,0,0,False,False,False,0.0,singleton
E05259,1,0,1,,0,none,0,,0,,0,0,False,False,False,0.0,singleton
E05260,1,0,1,,0,none,0,,0,,0,0,False,False,False,0.0,singleton
E05261,1,0,1,,0,none,0,,0,,0,0,False,False,False,0.0,singleton
E05262,1,0,1,,0,none,0,,0,,0,0,False,False,False,0.0,singleton
E05263,1,0,1,,0,none,0,,0,,0,0,False,False,False,0.0,singleton
E05264,1,0,1,,0,none,0,,0,,0,0,False,False,False,0.0,singleton
E05265,1,0,1,,0,none,0,,0,,0,0,False,False,False,0.0,singleton
E05266,1,0,1,,0,none,0,,0,,0,0,False,False,False,0.0,singleton
E05267,1,0,1,,0,none,0,,0,,0,0,False,False,False,0.0,singleton
E05268,1,0,1,,0,none,0,,0,,0,0,False,False,False,0.0,singleton
E05269,1,0,1,,0,none,0,,0,,0,0,False,False,False,0.0,singleton
E05270,1,0,1,,0,none,0,,0,,0,0,False,False,False,0.0,singleton
E05271,1,0,1,,0,none,0,,0,,0,0,False,False,False,0.0,singleton
E05272,1,0,1,,0,none,0,,0,,0,0,False,False,False,0.0,singleton
E05273,1,0,1,,0,none,0,,0,,0,0,False,False,False,0.0,singleton
E05274,1,0,1,,0,none,0,,0,,0,0,False,False,False,0.0,singleton
E05275,1,0,1,,0,none,0,,0,,0,0,False,False,False,0.0,singleton
E05276,1,0,1,,0,none,0,,0,,0,0,False,False,False,0.0,singleton
E05277,1,0,1,,0,none,0,,0,,0,0,False,False,False,0.0,singleton
E05278,1,0,1,,0,none,0,,0,,0,0,False,False,False,0.0,singleton
E05279,1,0,1,,0,none,0,,0,,0,0,False,False,False,0.0,singleton
E05280,1,0,1,,0,none,0,,0,,0,0,False,False,False,0.0,singleton
E05281,1,0,1,,0,none,0,,0,,0,0,False,False,False,0.0,singleton
E05282,1,0,1,,0,none,0,,0,,0,0,False,False,False,0.0,singleton
E05283,1,0,1,,0,none,0,,0,,0,0,False,False,False,0.0,singleton
E05284,1,0,1,,0,none,0,,0,,0,0,False,False,False,0.0,singleton
E05285,1,0,1,,0,none,0,,0,,0,0,False,False,False,0.0,singleton
E05286,1,0,1,,0,none,0,,0,,0,0,False,False,False,0.0,singleton
E05287,1,0,1,,0,none,0,,0,,0,0,False,False,False,0.0,singleton
E05288,1,0,1,,0,none,0,,0,,0,0,False,False,False,0.0,singleton
E05289,1,0,1,,0,none,0,,0,,0,0,False,False,False,0.0,singleton
E05290,1,0,1,,0,none,0,,0,,0,0,False,False,False,0.0,singleton
E05291,1,0,1,,0,none,0,,0,,0,0,False,False,False,0.0,singleton
E05292,1,0,1,,0,none,0,,0,,0,0,False,False,False,0.0,singleton
E05293,1,0,1,,0,none,0,,0,,0,0,False,False,False,0.0,singleton
E05294,1,0,1,,0,none,0,,0,,0,0,False,False,False,0.0,singleton
E05295,1,0,1,,0,none,0,,0,,0,0,False,False,False,0.0,singleton
E05296,1,0,1,,0,none,0,,0,,0,0,False,False,False,0.0,singleton
E05297,1,0,1,,0,none,0,,0,,0,0,False,False,False,0.0,singleton
E05298,1,0,1,,0,none,0,,0,,0,0,False,False,False,0.0,singleton
E05299,1,0,1,,0,none,0,,0,,0,0,False,False,False,0.0,singleton
E05300,1,0,1,,0,none,0,,0,,0,0,False,False,False,0.0,singleton
E05301,1,0,1,,0,none,0,,0,,0,0,False,False,False,0.0,singleton
E05302,1,0,1,,0,none,0,,0,,0,0,False,False,False,0.0,singleton
E05303,1,0,1,,0,none,0,,0,,0,0,False,False,False,0.0,singleton
E05304,1,0,1,,0,none,0,,0,,0,0,False,False,False,0.0,singleton
E05305,1,0,1,,0,none,0,,0,,0,0,False,False,False,0.0,singleton
E05306,1,0,1,,0,none,0,,0,,0,0,False,False,False,0.0,singleton
E05307,1,0,1,,0,none,0,,0,,0,0,False,False,False,0.0,singleton
E05308,1,0,1,,0,none,0,,0,,0,0,False,False,False,0.0,singleton
E05309,1,0,1,,0,none,0,,0,,0,0,False,False,False,0.0,singleton
E05310,1,0,1,,0,none,0,,0,,0,0,False,False,False,0.0,singleton
E05311,1,0,1,,0,none,0,,0,,0,0,False,False,False,0.0,singleton
E05312,1,0,1,,0,none,0,,0,,0,0,False,False,False,0.0,singleton
E05313,1,0,1,,0,none,0,,0,,0,0,False,False,False,0.0,singleton
E05314,1,0,1,,0,none,0,,0,,0,0,False,False,False,0.0,singleton
E05315,1,0,1,,0,none,0,,0,,0,0,False,False,False,0.0,singleton
E05316,1,0,1,,0,none,0,,0,,0,0,False,False,False,0.0,singleton
E05317,1,0,1,,0,none,0,,0,,0,0,False,False,False,0.0,singleton
E05318,1,0,1,,0,none,0,,0,,0,0,False,False,False,0.0,singleton
E05319,1,0,1,,0,none,0,,0,,0,0,False,False,False,0.0,singleton
E05320,1,0,1,,0,none,0,,0,,0,0,False,False,False,0.0,singleton
E05321,1,0,1,,0,none,0,,0,,0,0,False,False,False,0.0,singleton
E05322,1,0,1,,0,none,0,,0,,0,0,False,False,False,0.0,singleton
E05323,1,0,1,,0,none,0,,0,,0,0,False,False,False,0.0,singleton
E05324,1,0,1,,0,none,0,,0,,0,0,False,False,False,0.0,singleton
E05325,1,0,1,,0,none,0,,0,,0,0,False,False,False,0.0,singleton
E05326,1,0,1,,0,none,0,,0,,0,0,False,False,False,0.0,singleton
E05327,1,0,1,,0,none,0,,0,,0,0,False,False,False,0.0,singleton
E05328,1,0,1,,0,none,0,,0,,0,0,False,False,False,0.0,singleton
E05329,1,0,1,,0,none,0,,0,,0,0,False,False,False,0.0,singleton
E05330,1,0,1,,0,none,0,,0,,0,0,False,False,False,0.0,singleton
E05331,1,0,1,,0,none,0,,0,,0,0,False,False,False,0.0,singleton
E05332,1,0,1,,0,none,0,,0,,0,0,False,False,False,0.0,singleton
E05333,1,0,1,,0,none,0,,0,,0,0,False,False,False,0.0,singleton
E05334,1,0,1,,0,none,0,,0,,0,0,False,False,False,0.0,singleton
E05335,1,0,1,,0,none,0,,0,,0,0,False,False,False,0.0,singleton
E05336,1,0,1,,0,none,0,,0,,0,0,False,False,False,0.0,singleton
E05337,1,0,1,,0,none,0,,0,,0,0,False,False,False,0.0,singleton
E05338,1,0,1,,0,none,0,,0,,0,0,False,False,False,0.0,singleton
E05339,1,0,1,,0,none,0,,0,,0,0,False,False,False,0.0,singleton
E05340,1,0,1,,0,none,0,,0,,0,0,False,False,False,0.0,singleton
E05341,1,0,1,,0,none,0,,0,,0,0,False,False,False,0.0,singleton
E05342,1,0,1,,0,none,0,,0,,0,0,False,False,False,0.0,singleton
E05343,1,0,1,,0,none,0,,0,,0,0,False,False,False,0.0,singleton
E05344,1,0,1,,0,none,0,,0,,0,0,False,False,False,0.0,singleton
E05345,1,0,1,,0,none,0,,0,,0,0,False,False,False,0.0,singleton
E05346,1,0,1,,0,none,0,,0,,0,0,False,False,False,0.0,singleton
E05347,1,0,1,,0,none,0,,0,,0,0,False,False,False,0.0,singleton
E05348,1,0,1,,0,none,0,,0,,0,0,False,False,False,0.0,singleton
E05349,1,0,1,,0,none,0,,0,,0,0,False,False,False,0.0,singleton
E05350,1,0,1,,0,none,0,,0,,0,0,False,False,False,0.0,singleton
E05351,1,0,1,,0,none,0,,0,,0,0,False,False,False,0.0,singleton
E05352,1,0,1,,0,none,0,,0,,0,0,False,False,False,0.0,singleton
E05353,1,0,1,,0,none,0,,0,,0,0,False,False,False,0.0,singleton
E05354,1,0,1,,0,none,0,,0,,0,0,False,False,False,0.0,singleton
E05355,1,0,1,,0,none,0,,0,,0,0,False,False,False,0.0,singleton
E05356,1,0,1,,0,none,0,,0,,0,0,False,False,False,0.0,singleton
E05357,1,0,1,,0,none,0,,0,,0,0,False,False,False,0.0,singleton
E05358,1,0,1,,0,none,0,,0,,0,0,False,False,False,0.0,singleton
E05359,1,0,1,,0,none,0,,0,,0,0,False,False,False,0.0,singleton
E05360,1,0,1,,0,none,0,,0,,0,0,False,False,False,0.0,singleton
E05361,1,0,1,,0,none,0,,0,,0,0,False,False,False,0.0,singleton
E05362,1,0,1,,0,none,0,,0,,0,0,False,False,False,0.0,singleton
E05363,1,0,1,,0,none,0,,0,,0,0,False,False,False,0.0,singleton
E05364,1,0,1,,0,none,0,,0,,0,0,False,False,False,0.0,singleton
E05365,1,0,1,,0,none,0,,0,,0,0,False,False,False,0.0,singleton
E05366,1,0,1,,0,none,0,,0,,0,0,False,False,False,0.0,singleton
E05367,1,0,1,,0,none,0,,0,,0,0,False,False,False,0.0,singleton
E05368,1,0,1,,0,none,0,,0,,0,0,False,False,False,0.0,singleton
E05369,1,0,1,,0,none,0,,0,,0,0,False,False,False,0.0,singleton
E05370,1,0,1,,0,none,0,,0,,0,0,False,False,False,0.0,singleton
E05371,1,0,1,,0,none,0,,0,,0,0,False,False,False,0.0,singleton
E05372,1,0,1,,0,none,0,,0,,0,0,False,False,False,0.0,singleton
E05373,1,0,1,,0,none,0,,0,,0,0,False,False,False,0.0,singleton
E05374,1,0,1,,0,none,0,,0,,0,0,False,False,False,0.0,singleton
E05375,1,0,1,,0,none,0,,0,,0,0,False,False,False,0.0,singleton
E05376,1,0,1,,0,none,0,,0,,0,0,False,False,False,0.0,singleton
E05377,1,0,1,,0,none,0,,0,,0,0,False,False,False,0.0,singleton
E05378,1,0,1,,0,none,0,,0,,0,0,False,False,False,0.0,singleton
E05379,1,0,1,,0,none,0,,0,,0,0,False,False,False,0.0,singleton
E05380,1,0,1,,0,none,0,,0,,0,0,False,False,False,0.0,singleton
E05381,1,0,1,,0,none,0,,0,,0,0,False,False,False,0.0,singleton
E05382,1,0,1,,0,none,0,,0,,0,0,False,False,False,0.0,singleton
E05383,1,0,1,,0,none,0,,0,,0,0,False,False,False,0.0,singleton
E05384,1,0,1,,0,none,0,,0,,0,0,False,False,False,0.0,singleton
E05385,1,0,1,,0,none,0,,0,,0,0,False,False,False,0.0,singleton
E05386,1,0,1,,0,none,0,,0,,0,0,False,False,False,0.0,singleton
E05387,1,0,1,,0,none,0,,0,,0,0,False,False,False,0.0,singleton
E05388,1,0,1,,0,none,0,,0,,0,0,False,False,False,0.0,singleton
E05389,1,0,1,,0,none,0,,0,,0,0,False,False,False,0.0,singleton
E05390,1,0,1,,0,none,0,,0,,0,0,False,False,False,0.0,singleton
E05391,1,0,1,,0,none,0,,0,,0,0,False,False,False,0.0,singleton
E05392,1,0,1,,0,none,0,,0,,0,0,False,False,False,0.0,singleton
E05393,1,0,1,,0,none,0,,0,,0,0,False,False,False,0.0,singleton
E05394,1,0,1,,0,none,0,,0,,0,0,False,False,False,0.0,singleton
E05395,1,0,1,,0,none,0,,0,,0,0,False,False,False,0.0,singleton
E05396,1,0,1,,0,none,0,,0,,0,0,False,False,False,0.0,singleton
E05397,1,0,1,,0,none,0,,0,,0,0,False,False,False,0.0,singleton
E05398,1,0,1,,0,none,0,,0,,0,0,False,False,False,0.0,singleton
E05399,1,0,1,,0,none,0,,0,,0,0,False,False,False,0.0,singleton
E05400,1,0,1,,0,none,0,,0,,0,0,False,False,False,0.0,singleton
E05401,1,0,1,,0,none,0,,0,,0,0,False,False,False,0.0,singleton
E05402,1,0,1,,0,none,0,,0,,0,0,False,False,False,0.0,singleton
E05403,1,0,1,,0,none,0,,0,,0,0,False,False,False,0.0,singleton
E05404,1,0,1,,0,none,0,,0,,0,0,False,False,False,0.0,singleton
E05405,1,0,1,,0,none,0,,0,,0,0,False,False,False,0.0,singleton
E05406,1,0,1,,0,none,0,,0,,0,0,False,False,False,0.0,singleton
E05407,1,0,1,,0,none,0,,0,,0,0,False,False,False,0.0,singleton
E05408,1,0,1,,0,none,0,,0,,0,0,False,False,False,0.0,singleton
E05409,1,0,1,,0,none,0,,0,,0,0,False,False,False,0.0,singleton
E05410,1,0,1,,0,none,0,,0,,0,0,False,False,False,0.0,singleton
E05411,1,0,1,,0,none,0,,0,,0,0,False,False,False,0.0,singleton
E05412,1,0,1,,0,none,0,,0,,0,0,False,False,False,0.0,singleton
E05413,1,0,1,,0,none,0,,0,,0,0,False,False,False,0.0,singleton
E05414,1,0,1,,0,none,0,,0,,0,0,False,False,False,0.0,singleton
E05415,1,0,1,,0,none,0,,0,,0,0,False,False,False,0.0,singleton
E05416,1,0,1,,0,none,0,,0,,0,0,False,False,False,0.0,singleton
E05417,1,0,1,,0,none,0,,0,,0,0,False,False,False,0.0,singleton
E05418,1,0,1,,0,none,0,,0,,0,0,False,False,False,0.0,singleton
E05419,1,0,1,,0,none,0,,0,,0,0,False,False,False,0.0,singleton
E05420,1,0,1,,0,none,0,,0,,0,0,False,False,False,0.0,singleton
E05421,1,0,1,,0,none,0,,0,,0,0,False,False,False,0.0,singleton
E05422,1,0,1,,0,none,0,,0,,0,0,False,False,False,0.0,singleton
E05423,1,0,1,,0,none,0,,0,,0,0,False,False,False,0.0,singleton
E05424,1,0,1,,0,none,0,,0,,0,0,False,False,False,0.0,singleton
E05425,1,0,1,,0,none,0,,0,,0,0,False,False,False,0.0,singleton
E05426,1,0,1,,0,none,0,,0,,0,0,False,False,False,0.0,singleton
E05427,1,0,1,,0,none,0,,0,,0,0,False,False,False,0.0,singleton
E05428,1,0,1,,0,none,0,,0,,0,0,False,False,False,0.0,singleton
E05429,1,0,1,,0,none,0,,0,,0,0,False,False,False,0.0,singleton
E05430,1,0,1,,0,none,0,,0,,0,0,False,False,False,0.0,singleton
E05431,1,0,1,,0,none,0,,0,,0,0,False,False,False,0.0,singleton
E05432,1,0,1,,0,none,0,,0,,0,0,False,False,False,0.0,singleton
E05433,1,0,1,,0,none,0,,0,,0,0,False,False,False,0.0,singleton
E05434,1,0,1,,0,none,0,,0,,0,0,False,False,False,0.0,singleton
E05435,1,0,1,,0,none,0,,0,,0,0,False,False,False,0.0,singleton
E05436,1,0,1,,0,none,0,,0,,0,0,False,False,False,0.0,singleton
E05437,1,0,1,,0,none,0,,0,,0,0,False,False,False,0.0,singleton
E05438,1,0,1,,0,none,0,,0,,0,0,False,False,False,0.0,singleton
E05439,1,0,1,,0,none,0,,0,,0,0,False,False,False,0.0,singleton
E05440,1,0,1,,0,none,0,,0,,0,0,False,False,False,0.0,singleton
E05441,1,0,1,,0,none,0,,0,,0,0,False,False,False,0.0,singleton
E05442,1,0,1,,0,none,0,,0,,0,0,False,False,False,0.0,singleton
E05443,1,0,1,,0,none,0,,0,,0,0,False,False,False,0.0,singleton
E05444,1,0,1,,0,none,0,,0,,0,0,False,False,False,0.0,singleton
E05445,1,0,1,,0,none,0,,0,,0,0,False,False,False,0.0,singleton
E05446,1,0,1,,0,none,0,,0,,0,0,False,False,False,0.0,singleton
E05447,1,0,1,,0,none,0,,0,,0,0,False,False,False,0.0,singleton
E05448,1,0,1,,0,none,0,,0,,0,0,False,False,False,0.0,singleton
E05449,1,0,1,,0,none,0,,0,,0,0,False,False,False,0.0,singleton
E05450,1,0,1,,0,none,0,,0,,0,0,False,False,False,0.0,singleton
E05451,1,0,1,,0,none,0,,0,,0,0,False,False,False,0.0,singleton
E05452,1,0,1,,0,none,0,,0,,0,0,False,False,False,0.0,singleton
E05453,1,0,1,,0,none,0,,0,,0,0,False,False,False,0.0,singleton
E05454,1,0,1,,0,none,0,,0,,0,0,False,False,False,0.0,singleton
E05455,1,0,1,,0,none,0,,0,,0,0,False,False,False,0.0,singleton
E05456,1,0,1,,0,none,0,,0,,0,0,False,False,False,0.0,singleton
E05457,1,0,1,,0,none,0,,0,,0,0,False,False,False,0.0,singleton
E05458,1,0,1,,0,none,0,,0,,0,0,False,False,False,0.0,singleton
E05459,1,0,1,,0,none,0,,0,,0,0,False,False,False,0.0,singleton
E05460,1,0,1,,0,none,0,,0,,0,0,False,False,False,0.0,singleton
E05461,1,0,1,,0,none,0,,0,,0,0,False,False,False,0.0,singleton
E05462,1,0,1,,0,none,0,,0,,0,0,False,False,False,0.0,singleton
E05463,1,0,1,,0,none,0,,0,,0,0,False,False,False,0.0,singleton
E05464,1,0,1,,0,none,0,,0,,0,0,False,False,False,0.0,singleton
E05465,1,0,1,,0,none,0,,0,,0,0,False,False,False,0.0,singleton
E05466,1,0,1,,0,none,0,,0,,0,0,False,False,False,0.0,singleton
E05467,1,0,1,,0,none,0,,0,,0,0,False,False,False,0.0,singleton
E05468,1,0,1,,0,none,0,,0,,0,0,False,False,False,0.0,singleton
E05469,1,0,1,,0,none,0,,0,,0,0,False,False,False,0.0,singleton
E05470,1,0,1,,0,none,0,,0,,0,0,False,False,False,0.0,singleton
E05471,1,0,1,,0,none,0,,0,,0,0,False,False,False,0.0,singleton
E05472,1,0,1,,0,none,0,,0,,0,0,False,False,False,0.0,singleton
E05473,1,0,1,,0,none,0,,0,,0,0,False,False,False,0.0,singleton
E05474,1,0,1,,0,none,0,,0,,0,0,False,False,False,0.0,singleton
E05475,1,0,1,,0,none,0,,0,,0,0,False,False,False,0.0,singleton
E05476,1,0,1,,0,none,0,,0,,0,0,False,False,False,0.0,singleton
E05477,1,0,1,,0,none,0,,0,,0,0,False,False,False,0.0,singleton
E05478,1,0,1,,0,none,0,,0,,0,0,False,False,False,0.0,singleton
E05479,1,0,1,,0,none,0,,0,,0,0,False,False,False,0.0,singleton
E05480,1,0,1,,0,none,0,,0,,0,0,False,False,False,0.0,singleton
E05481,1,0,1,,0,none,0,,0,,0,0,False,False,False,0.0,singleton
E05482,1,0,1,,0,none,0,,0,,0,0,False,False,False,0.0,singleton
E05483,1,0,1,,0,none,0,,0,,0,0,False,False,False,0.0,singleton
E05484,1,0,1,,0,none,0,,0,,0,0,False,False,False,0.0,singleton
E05485,1,0,1,,0,none,0,,0,,0,0,False,False,False,0.0,singleton
E05486,1,0,1,,0,none,0,,0,,0,0,False,False,False,0.0,singleton
E05487,1,0,1,,0,none,0,,0,,0,0,False,False,False,0.0,singleton
E05488,1,0,1,,0,none,0,,0,,0,0,False,False,False,0.0,singleton
E05489,1,0,1,,0,none,0,,0,,0,0,False,False,False,0.0,singleton
E05490,1,0,1,,0,none,0,,0,,0,0,False,False,False,0.0,singleton
E05491,1,0,1,,0,none,0,,0,,0,0,False,False,False,0.0,singleton
E05492,1,0,1,,0,none,0,,0,,0,0,False,False,False,0.0,singleton
E05493,1,0,1,,0,none,0,,0,,0,0,False,False,False,0.0,singleton
E05494,1,0,1,,0,none,0,,0,,0,0,False,False,False,0.0,singleton
E05495,1,0,1,,0,none,0,,0,,0,0,False,False,False,0.0,singleton
E05496,1,0,1,,0,none,0,,0,,0,0,False,False,False,0.0,singleton
E05497,1,0,1,,0,none,0,,0,,0,0,False,False,False,0.0,singleton
E05498,1,0,1,,0,none,0,,0,,0,0,False,False,False,0.0,singleton
E05499,1,0,1,,0,none,0,,0,,0,0,False,False,False,0.0,singleton
E05500,1,0,1,,0,none,0,,0,,0,0,False,False,False,0.0,singleton
E05501,1,0,1,,0,none,0,,0,,0,0,False,False,False,0.0,singleton
E05502,1,0,1,,0,none,0,,0,,0,0,False,False,False,0.0,singleton
E05503,1,0,1,,0,none,0,,0,,0,0,False,False,False,0.0,singleton
E05504,1,0,1,,0,none,0,,0,,0,0,False,False,False,0.0,singleton
E05505,1,0,1,,0,none,0,,0,,0,0,False,False,False,0.0,singleton
E05506,1,0,1,,0,none,0,,0,,0,0,False,False,False,0.0,singleton
E05507,1,0,1,,0,none,0,,0,,0,0,False,False,False,0.0,singleton
E05508,1,0,1,,0,none,0,,0,,0,0,False,False,False,0.0,singleton
E05509,1,0,1,,0,none,0,,0,,0,0,False,False,False,0.0,singleton
E05510,1,0,1,,0,none,0,,0,,0,0,False,False,False,0.0,singleton
E05511,1,0,1,,0,none,0,,0,,0,0,False,False,False,0.0,singleton
E05512,1,0,1,,0,none,0,,0,,0,0,False,False,False,0.0,singleton
E05513,1,0,1,,0,none,0,,0,,0,0,False,False,False,0.0,singleton
E05514,1,0,1,,0,none,0,,0,,0,0,False,False,False,0.0,singleton
E05515,1,0,1,,0,none,0,,0,,0,0,False,False,False,0.0,singleton
E05516,1,0,1,,0,none,0,,0,,0,0,False,False,False,0.0,singleton
E05517,1,0,1,,0,none,0,,0,,0,0,False,False,False,0.0,singleton
E05518,1,0,1,,0,none,0,,0,,0,0,False,False,False,0.0,singleton
E05519,1,0,1,,0,none,0,,0,,0,0,False,False,False,0.0,singleton
E05520,1,0,1,,0,none,0,,0,,0,0,False,False,False,0.0,singleton
E05521,1,0,1,,0,none,0,,0,,0,0,False,False,False,0.0,singleton
E05522,1,0,1,,0,none,0,,0,,0,0,False,False,False,0.0,singleton
E05523,1,0,1,,0,none,0,,0,,0,0,False,False,False,0.0,singleton
E05524,1,0,1,,0,none,0,,0,,0,0,False,False,False,0.0,singleton
E05525,1,0,1,,0,none,0,,0,,0,0,False,False,False,0.0,singleton
E05526,1,0,1,,0,none,0,,0,,0,0,False,False,False,0.0,singleton
E05527,1,0,1,,0,none,0,,0,,0,0,False,False,False,0.0,singleton
E05528,1,0,1,,0,none,0,,0,,0,0,False,False,False,0.0,singleton
E05529,1,0,1,,0,none,0,,0,,0,0,False,False,False,0.0,singleton
E05530,1,0,1,,0,none,0,,0,,0,0,False,False,False,0.0,singleton
E05531,1,0,1,,0,none,0,,0,,0,0,False,False,False,0.0,singleton
E05532,1,0,1,,0,none,0,,0,,0,0,False,False,False,0.0,singleton
E05533,1,0,1,,0,none,0,,0,,0,0,False,False,False,0.0,singleton
E05534,1,0,1,,0,none,0,,0,,0,0,False,False,False,0.0,singleton
E05535,1,0,1,,0,none,0,,0,,0,0,False,False,False,0.0,singleton
E05536,1,0,1,,0,none,0,,0,,0,0,False,False,False,0.0,singleton
E05537,1,0,1,,0,none,0,,0,,0,0,False,False,False,0.0,singleton
E05538,1,0,1,,0,none,0,,0,,0,0,False,False,False,0.0,singleton
E05539,1,0,1,,0,none,0,,0,,0,0,False,False,False,0.0,singleton
E05540,1,0,1,,0,none,0,,0,,0,0,False,False,False,0.0,singleton
E05541,1,0,1,,0,none,0,,0,,0,0,False,False,False,0.0,singleton
E05542,1,0,1,,0,none,0,,0,,0,0,False,False,False,0.0,singleton
E05543,1,0,1,,0,none,0,,0,,0,0,False,False,False,0.0,singleton
E05544,1,0,1,,0,none,0,,0,,0,0,False,False,False,0.0,singleton
E05545,1,0,1,,0,none,0,,0,,0,0,False,False,False,0.0,singleton
E05546,1,0,1,,0,none,0,,0,,0,0,False,False,False,0.0,singleton
E05547,1,0,1,,0,none,0,,0,,0,0,False,False,False,0.0,singleton
E05548,1,0,1,,0,none,0,,0,,0,0,False,False,False,0.0,singleton
E05549,1,0,1,,0,none,0,,0,,0,0,False,False,False,0.0,singleton
E05550,1,0,1,,0,none,0,,0,,0,0,False,False,False,0.0,singleton
E05551,1,0,1,,0,none,0,,0,,0,0,False,False,False,0.0,singleton
E05552,1,0,1,,0,none,0,,0,,0,0,False,False,False,0.0,singleton
E05553,1,0,1,,0,none,0,,0,,0,0,False,False,False,0.0,singleton
E05554,1,0,1,,0,none,0,,0,,0,0,False,False,False,0.0,singleton
E05555,1,0,1,,0,none,0,,0,,0,0,False,False,False,0.0,singleton
E05556,1,0,1,,0,none,0,,0,,0,0,False,False,False,0.0,singleton
E05557,1,0,1,,0,none,0,,0,,0,0,False,False,False,0.0,singleton
E05558,1,0,1,,0,none,0,,0,,0,0,False,False,False,0.0,singleton
E05559,1,0,1,,0,none,0,,0,,0,0,False,False,False,0.0,singleton
E05560,1,0,1,,0,none,0,,0,,0,0,False,False,False,0.0,singleton
E05561,1,0,1,,0,none,0,,0,,0,0,False,False,False,0.0,singleton
E05562,1,0,1,,0,none,0,,0,,0,0,False,False,False,0.0,singleton
E05563,1,0,1,,0,none,0,,0,,0,0,False,False,False,0.0,singleton
E05564,1,0,1,,0,none,0,,0,,0,0,False,False,False,0.0,singleton
E05565,1,0,1,,0,none,0,,0,,0,0,False,False,False,0.0,singleton
E05566,1,0,1,,0,none,0,,0,,0,0,False,False,False,0.0,singleton
E05567,1,0,1,,0,none,0,,0,,0,0,False,False,False,0.0,singleton
E05568,1,0,1,,0,none,0,,0,,0,0,False,False,False,0.0,singleton
E05569,1,0,1,,0,none,0,,0,,0,0,False,False,False,0.0,singleton
E05570,1,0,1,,0,none,0,,0,,0,0,False,False,False,0.0,singleton
E05571,1,0,1,,0,none,0,,0,,0,0,False,False,False,0.0,singleton
E05572,1,0,1,,0,none,0,,0,,0,0,False,False,False,0.0,singleton
E05573,1,0,1,,0,none,0,,0,,0,0,False,False,False,0.0,singleton
E05574,1,0,1,,0,none,0,,0,,0,0,False,False,False,0.0,singleton
E05575,1,0,1,,0,none,0,,0,,0,0,False,False,False,0.0,singleton
E05576,1,0,1,,0,none,0,,0,,0,0,False,False,False,0.0,singleton
E05577,1,0,1,,0,none,0,,0,,0,0,False,False,False,0.0,singleton
E05578,1,0,1,,0,none,0,,0,,0,0,False,False,False,0.0,singleton
E05579,1,0,1,,0,none,0,,0,,0,0,False,False,False,0.0,singleton
E05580,1,0,1,,0,none,0,,0,,0,0,False,False,False,0.0,singleton
E05581,1,0,1,,0,none,0,,0,,0,0,False,False,False,0.0,singleton
E05582,1,0,1,,0,none,0,,0,,0,0,False,False,False,0.0,singleton
E05583,1,0,1,,0,none,0,,0,,0,0,False,False,False,0.0,singleton
E05584,1,0,1,,0,none,0,,0,,0,0,False,False,False,0.0,singleton
E05585,1,0,1,,0,none,0,,0,,0,0,False,False,False,0.0,singleton
E05586,1,0,1,,0,none,0,,0,,0,0,False,False,False,0.0,singleton
E05587,1,0,1,,0,none,0,,0,,0,0,False,False,False,0.0,singleton
E05588,1,0,1,,0,none,0,,0,,0,0,False,False,False,0.0,singleton
E05589,1,0,1,,0,none,0,,0,,0,0,False,False,False,0.0,singleton
E05590,1,0,1,,0,none,0,,0,,0,0,False,False,False,0.0,singleton
E05591,1,0,1,,0,none,0,,0,,0,0,False,False,False,0.0,singleton
E05592,1,0,1,,0,none,0,,0,,0,0,False,False,False,0.0,singleton
E05593,1,0,1,,0,none,0,,0,,0,0,False,False,False,0.0,singleton
E05594,1,0,1,,0,none,0,,0,,0,0,False,False,False,0.0,singleton
E05595,1,0,1,,0,none,0,,0,,0,0,False,False,False,0.0,singleton
E05596,1,0,1,,0,none,0,,0,,0,0,False,False,False,0.0,singleton
E05597,1,0,1,,0,none,0,,0,,0,0,False,False,False,0.0,singleton
E05598,1,0,1,,0,none,0,,0,,0,0,False,False,False,0.0,singleton
E05599,1,0,1,,0,none,0,,0,,0,0,False,False,False,0.0,singleton
E05600,1,0,1,,0,none,0,,0,,0,0,False,False,False,0.0,singleton
E05601,1,0,1,,0,none,0,,0,,0,0,False,False,False,0.0,singleton
E05602,1,0,1,,0,none,0,,0,,0,0,False,False,False,0.0,singleton
E05603,1,0,1,,0,none,0,,0,,0,0,False,False,False,0.0,singleton
E05604,1,0,1,,0,none,0,,0,,0,0,False,False,False,0.0,singleton
E05605,1,0,1,,0,none,0,,0,,0,0,False,False,False,0.0,singleton
E05606,1,0,1,,0,none,0,,0,,0,0,False,False,False,0.0,singleton
E05607,1,0,1,,0,none,0,,0,,0,0,False,False,False,0.0,singleton
E05608,1,0,1,,0,none,0,,0,,0,0,False,False,False,0.0,singleton
E05609,1,0,1,,0,none,0,,0,,0,0,False,False,False,0.0,singleton
E05610,1,0,1,,0,none,0,,0,,0,0,False,False,False,0.0,singleton
E05611,1,0,1,,0,none,0,,0,,0,0,False,False,False,0.0,singleton
E05612,1,0,1,,0,none,0,,0,,0,0,False,False,False,0.0,singleton
E05613,1,0,1,,0,none,0,,0,,0,0,False,False,False,0.0,singleton
E05614,1,0,1,,0,none,0,,0,,0,0,False,False,False,0.0,singleton
E05615,1,0,1,,0,none,0,,0,,0,0,False,False,False,0.0,singleton
E05616,1,0,1,,0,none,0,,0,,0,0,False,False,False,0.0,singleton
E05617,1,0,1,,0,none,0,,0,,0,0,False,False,False,0.0,singleton
E05618,1,0,1,,0,none,0,,0,,0,0,False,False,False,0.0,singleton
E05619,1,0,1,,0,none,0,,0,,0,0,False,False,False,0.0,singleton
E05620,1,0,1,,0,none,0,,0,,0,0,False,False,False,0.0,singleton
E05621,1,0,1,,0,none,0,,0,,0,0,False,False,False,0.0,singleton
E05622,1,0,1,,0,none,0,,0,,0,0,False,False,False,0.0,singleton
E05623,1,0,1,,0,none,0,,0,,0,0,False,False,False,0.0,singleton
E05624,1,0,1,,0,none,0,,0,,0,0,False,False,False,0.0,singleton
E05625,1,0,1,,0,none,0,,0,,0,0,False,False,False,0.0,singleton
E05626,1,0,1,,0,none,0,,0,,0,0,False,False,False,0.0,singleton
E05627,1,0,1,,0,none,0,,0,,0,0,False,False,False,0.0,singleton
E05628,1,0,1,,0,none,0,,0,,0,0,False,False,False,0.0,singleton
E05629,1,0,1,,0,none,0,,0,,0,0,False,False,False,0.0,singleton
E05630,1,0,1,,0,none,0,,0,,0,0,False,False,False,0.0,singleton
E05631,1,0,1,,0,none,0,,0,,0,0,False,False,False,0.0,singleton
E05632,1,0,1,,0,none,0,,0,,0,0,False,False,False,0.0,singleton
E05633,1,0,1,,0,none,0,,0,,0,0,False,False,False,0.0,singleton
E05634,1,0,1,,0,none,0,,0,,0,0,False,False,False,0.0,singleton
E05635,1,0,1,,0,none,0,,0,,0,0,False,False,False,0.0,singleton
E05636,1,0,1,,0,none,0,,0,,0,0,False,False,False,0.0,singleton
E05637,1,0,1,,0,none,0,,0,,0,0,False,False,False,0.0,singleton
E05638,1,0,1,,0,none,0,,0,,0,0,False,False,False,0.0,singleton
E05639,1,0,1,,0,none,0,,0,,0,0,False,False,False,0.0,singleton
E05640,1,0,1,,0,none,0,,0,,0,0,False,False,False,0.0,singleton
E05641,1,0,1,,0,none,0,,0,,0,0,False,False,False,0.0,singleton
E05642,1,0,1,,0,none,0,,0,,0,0,False,False,False,0.0,singleton
E05643,1,0,1,,0,none,0,,0,,0,0,False,False,False,0.0,singleton
E05644,1,0,1,,0,none,0,,0,,0,0,False,False,False,0.0,singleton
E05645,1,0,1,,0,none,0,,0,,0,0,False,False,False,0.0,singleton
E05646,1,0,1,,0,none,0,,0,,0,0,False,False,False,0.0,singleton
E05647,1,0,1,,0,none,0,,0,,0,0,False,False,False,0.0,singleton
E05648,1,0,1,,0,none,0,,0,,0,0,False,False,False,0.0,singleton
E05649,1,0,1,,0,none,0,,0,,0,0,False,False,False,0.0,singleton
E05650,1,0,1,,0,none,0,,0,,0,0,False,False,False,0.0,singleton
E05651,1,0,1,,0,none,0,,0,,0,0,False,False,False,0.0,singleton
E05652,1,0,1,,0,none,0,,0,,0,0,False,False,False,0.0,singleton
E05653,1,0,1,,0,none,0,,0,,0,0,False,False,False,0.0,singleton
E05654,1,0,1,,0,none,0,,0,,0,0,False,False,False,0.0,singleton
E05655,1,0,1,,0,none,0,,0,,0,0,False,False,False,0.0,singleton
E05656,1,0,1,,0,none,0,,0,,0,0,False,False,False,0.0,singleton
E05657,1,0,1,,0,none,0,,0,,0,0,False,False,False,0.0,singleton
E05658,1,0,1,,0,none,0,,0,,0,0,False,False,False,0.0,singleton
E05659,1,0,1,,0,none,0,,0,,0,0,False,False,False,0.0,singleton
E05660,1,0,1,,0,none,0,,0,,0,0,False,False,False,0.0,singleton
E05661,1,0,1,,0,none,0,,0,,0,0,False,False,False,0.0,singleton
E05662,1,0,1,,0,none,0,,0,,0,0,False,False,False,0.0,singleton
E05663,1,0,1,,0,none,0,,0,,0,0,False,False,False,0.0,singleton
E05664,1,0,1,,0,none,0,,0,,0,0,False,False,False,0.0,singleton
E05665,1,0,1,,0,none,0,,0,,0,0,False,False,False,0.0,singleton
E05666,1,0,1,,0,none,0,,0,,0,0,False,False,False,0.0,singleton
E05667,1,0,1,,0,none,0,,0,,0,0,False,False,False,0.0,singleton
E05668,1,0,1,,0,none,0,,0,,0,0,False,False,False,0.0,singleton
E05669,1,0,1,,0,none,0,,0,,0,0,False,False,False,0.0,singleton
E05670,1,0,1,,0,none,0,,0,,0,0,False,False,False,0.0,singleton
E05671,1,0,1,,0,none,0,,0,,0,0,False,False,False,0.0,singleton
E05672,1,0,1,,0,none,0,,0,,0,0,False,False,False,0.0,singleton
E05673,1,0,1,,0,none,0,,0,,0,0,False,False,False,0.0,singleton
E05674,1,0,1,,0,none,0,,0,,0,0,False,False,False,0.0,singleton
E05675,1,0,1,,0,none,0,,0,,0,0,False,False,False,0.0,singleton
E05676,1,0,1,,0,none,0,,0,,0,0,False,False,False,0.0,singleton
E05677,1,0,1,,0,none,0,,0,,0,0,False,False,False,0.0,singleton
E05678,1,0,1,,0,none,0,,0,,0,0,False,False,False,0.0,singleton
E05679,1,0,1,,0,none,0,,0,,0,0,False,False,False,0.0,singleton
E05680,1,0,1,,0,none,0,,0,,0,0,False,False,False,0.0,singleton
E05681,1,0,1,,0,none,0,,0,,0,0,False,False,False,0.0,singleton
E05682,1,0,1,,0,none,0,,0,,0,0,False,False,False,0.0,singleton
E05683,1,0,1,,0,none,0,,0,,0,0,False,False,False,0.0,singleton
E05684,1,0,1,,0,none,0,,0,,0,0,False,False,False,0.0,singleton
E05685,1,0,1,,0,none,0,,0,,0,0,False,False,False,0.0,singleton
E05686,1,0,1,,0,none,0,,0,,0,0,False,False,False,0.0,singleton
E05687,1,0,1,,0,none,0,,0,,0,0,False,False,False,0.0,singleton
E05688,1,0,1,,0,none,0,,0,,0,0,False,False,False,0.0,singleton
E05689,1,0,1,,0,none,0,,0,,0,0,False,False,False,0.0,singleton
E05690,1,0,1,,0,none,0,,0,,0,0,False,False,False,0.0,singleton
E05691,1,0,1,,0,none,0,,0,,0,0,False,False,False,0.0,singleton
E05692,1,0,1,,0,none,0,,0,,0,0,False,False,False,0.0,singleton
E05693,1,0,1,,0,none,0,,0,,0,0,False,False,False,0.0,singleton
E05694,1,0,1,,0,none,0,,0,,0,0,False,False,False,0.0,singleton
E05695,1,0,1,,0,none,0,,0,,0,0,False,False,False,0.0,singleton
E05696,1,0,1,,0,none,0,,0,,0,0,False,False,False,0.0,singleton
E05697,1,0,1,,0,none,0,,0,,0,0,False,False,False,0.0,singleton
E05698,1,0,1,,0,none,0,,0,,0,0,False,False,False,0.0,singleton
E05699,1,0,1,,0,none,0,,0,,0,0,False,False,False,0.0,singleton
E05700,1,0,1,,0,none,0,,0,,0,0,False,False,False,0.0,singleton
E05701,1,0,1,,0,none,0,,0,,0,0,False,False,False,0.0,singleton
E05702,1,0,1,,0,none,0,,0,,0,0,False,False,False,0.0,singleton
E05703,1,0,1,,0,none,0,,0,,0,0,False,False,False,0.0,singleton
E05704,1,0,1,,0,none,0,,0,,0,0,False,False,False,0.0,singleton
E05705,1,0,1,,0,none,0,,0,,0,0,False,False,False,0.0,singleton
E05706,1,0,1,,0,none,0,,0,,0,0,False,False,False,0.0,singleton
E05707,1,0,1,,0,none,0,,0,,0,0,False,False,False,0.0,singleton
E05708,1,0,1,,0,none,0,,0,,0,0,False,False,False,0.0,singleton
E05709,1,0,1,,0,none,0,,0,,0,0,False,False,False,0.0,singleton
E05710,1,0,1,,0,none,0,,0,,0,0,False,False,False,0.0,singleton
E05711,1,0,1,,0,none,0,,0,,0,0,False,False,False,0.0,singleton
E05712,1,0,1,,0,none,0,,0,,0,0,False,False,False,0.0,singleton
E05713,1,0,1,,0,none,0,,0,,0,0,False,False,False,0.0,singleton
E05714,1,0,1,,0,none,0,,0,,0,0,False,False,False,0.0,singleton
E05715,1,0,1,,0,none,0,,0,,0,0,False,False,False,0.0,singleton
E05716,1,0,1,,0,none,0,,0,,0,0,False,False,False,0.0,singleton
E05717,1,0,1,,0,none,0,,0,,0,0,False,False,False,0.0,singleton
E05718,1,0,1,,0,none,0,,0,,0,0,False,False,False,0.0,singleton
E05719,1,0,1,,0,none,0,,0,,0,0,False,False,False,0.0,singleton
E05720,1,0,1,,0,none,0,,0,,0,0,False,False,False,0.0,singleton
E05721,1,0,1,,0,none,0,,0,,0,0,False,False,False,0.0,singleton
E05722,1,0,1,,0,none,0,,0,,0,0,False,False,False,0.0,singleton
E05723,1,0,1,,0,none,0,,0,,0,0,False,False,False,0.0,singleton
E05724,1,0,1,,0,none,0,,0,,0,0,False,False,False,0.0,singleton
E05725,1,0,1,,0,none,0,,0,,0,0,False,False,False,0.0,singleton
E05726,1,0,1,,0,none,0,,0,,0,0,False,False,False,0.0,singleton
E05727,1,0,1,,0,none,0,,0,,0,0,False,False,False,0.0,singleton
E05728,1,0,1,,0,none,0,,0,,0,0,False,False,False,0.0,singleton
E05729,1,0,1,,0,none,0,,0,,0,0,False,False,False,0.0,singleton
E05730,1,0,1,,0,none,0,,0,,0,0,False,False,False,0.0,singleton
E05731,1,0,1,,0,none,0,,0,,0,0,False,False,False,0.0,singleton
E05732,1,0,1,,0,none,0,,0,,0,0,False,False,False,0.0,singleton
E05733,1,0,1,,0,none,0,,0,,0,0,False,False,False,0.0,singleton
E05734,1,0,1,,0,none,0,,0,,0,0,False,False,False,0.0,singleton
E05735,1,0,1,,0,none,0,,0,,0,0,False,False,False,0.0,singleton
E05736,1,0,1,,0,none,0,,0,,0,0,False,False,False,0.0,singleton
E05737,1,0,1,,0,none,0,,0,,0,0,False,False,False,0.0,singleton
E05738,1,0,1,,0,none,0,,0,,0,0,False,False,False,0.0,singleton
E05739,1,0,1,,0,none,0,,0,,0,0,False,False,False,0.0,singleton
E05740,1,0,1,,0,none,0,,0,,0,0,False,False,False,0.0,singleton
E05741,1,0,1,,0,none,0,,0,,0,0,False,False,False,0.0,singleton
E05742,1,0,1,,0,none,0,,0,,0,0,False,False,False,0.0,singleton
E05743,1,0,1,,0,none,0,,0,,0,0,False,False,False,0.0,singleton
E05744,1,0,1,,0,none,0,,0,,0,0,False,False,False,0.0,singleton
E05745,1,0,1,,0,none,0,,0,,0,0,False,False,False,0.0,singleton
E05746,1,0,1,,0,none,0,,0,,0,0,False,False,False,0.0,singleton
E05747,1,0,1,,0,none,0,,0,,0,0,False,False,False,0.0,singleton
E05748,1,0,1,,0,none,0,,0,,0,0,False,False,False,0.0,singleton
E05749,1,0,1,,0,none,0,,0,,0,0,False,False,False,0.0,singleton
E05750,1,0,1,,0,none,0,,0,,0,0,False,False,False,0.0,singleton
E05751,1,0,1,,0,none,0,,0,,0,0,False,False,False,0.0,singleton
E05752,1,0,1,,0,none,0,,0,,0,0,False,False,False,0.0,singleton
E05753,1,0,1,,0,none,0,,0,,0,0,False,False,False,0.0,singleton
E05754,1,0,1,,0,none,0,,0,,0,0,False,False,False,0.0,singleton
E05755,1,0,1,,0,none,0,,0,,0,0,False,False,False,0.0,singleton
E05756,1,0,1,,0,none,0,,0,,0,0,False,False,False,0.0,singleton
E05757,1,0,1,,0,none,0,,0,,0,0,False,False,False,0.0,singleton
E05758,1,0,1,,0,none,0,,0,,0,0,False,False,False,0.0,singleton
E05759,1,0,1,,0,none,0,,0,,0,0,False,False,False,0.0,singleton
E05760,1,0,1,,0,none,0,,0,,0,0,False,False,False,0.0,singleton
E05761,1,0,1,,0,none,0,,0,,0,0,False,False,False,0.0,singleton
E05762,1,0,1,,0,none,0,,0,,0,0,False,False,False,0.0,singleton
E05763,1,0,1,,0,none,0,,0,,0,0,False,False,False,0.0,singleton
E05764,1,0,1,,0,none,0,,0,,0,0,False,False,False,0.0,singleton
E05765,1,0,1,,0,none,0,,0,,0,0,False,False,False,0.0,singleton
E05766,1,0,1,,0,none,0,,0,,0,0,False,False,False,0.0,singleton
E05767,1,0,1,,0,none,0,,0,,0,0,False,False,False,0.0,singleton
E05768,1,0,1,,0,none,0,,0,,0,0,False,False,False,0.0,singleton
E05769,1,0,1,,0,none,0,,0,,0,0,False,False,False,0.0,singleton
E05770,1,0,1,,0,none,0,,0,,0,0,False,False,False,0.0,singleton
E05771,1,0,1,,0,none,0,,0,,0,0,False,False,False,0.0,singleton
E05772,1,0,1,,0,none,0,,0,,0,0,False,False,False,0.0,singleton
E05773,1,0,1,,0,none,0,,0,,0,0,False,False,False,0.0,singleton
E05774,1,0,1,,0,none,0,,0,,0,0,False,False,False,0.0,singleton
E05775,1,0,1,,0,none,0,,0,,0,0,False,False,False,0.0,singleton
E05776,1,0,1,,0,none,0,,0,,0,0,False,False,False,0.0,singleton
E05777,1,0,1,,0,none,0,,0,,0,0,False,False,False,0.0,singleton
E05778,1,0,1,,0,none,0,,0,,0,0,False,False,False,0.0,singleton
E05779,1,0,1,,0,none,0,,0,,0,0,False,False,False,0.0,singleton
E05780,1,0,1,,0,none,0,,0,,0,0,False,False,False,0.0,singleton
E05781,1,0,1,,0,none,0,,0,,0,0,False,False,False,0.0,singleton
E05782,1,0,1,,0,none,0,,0,,0,0,False,False,False,0.0,singleton
E05783,1,0,1,,0,none,0,,0,,0,0,False,False,False,0.0,singleton
E05784,1,0,1,,0,none,0,,0,,0,0,False,False,False,0.0,singleton
E05785,1,0,1,,0,none,0,,0,,0,0,False,False,False,0.0,singleton
E05786,1,0,1,,0,none,0,,0,,0,0,False,False,False,0.0,singleton
E05787,1,0,1,,0,none,0,,0,,0,0,False,False,False,0.0,singleton
E05788,1,0,1,,0,none,0,,0,,0,0,False,False,False,0.0,singleton
E05789,1,0,1,,0,none,0,,0,,0,0,False,False,False,0.0,singleton
E05790,1,0,1,,0,none,0,,0,,0,0,False,False,False,0.0,singleton
E05791,1,0,1,,0,none,0,,0,,0,0,False,False,False,0.0,singleton
E05792,1,0,1,,0,none,0,,0,,0,0,False,False,False,0.0,singleton
E05793,1,0,1,,0,none,0,,0,,0,0,False,False,False,0.0,singleton
E05794,1,0,1,,0,none,0,,0,,0,0,False,False,False,0.0,singleton
E05795,1,0,1,,0,none,0,,0,,0,0,False,False,False,0.0,singleton
E05796,1,0,1,,0,none,0,,0,,0,0,False,False,False,0.0,singleton
E05797,1,0,1,,0,none,0,,0,,0,0,False,False,False,0.0,singleton
E05798,1,0,1,,0,none,0,,0,,0,0,False,False,False,0.0,singleton
E05799,1,0,1,,0,none,0,,0,,0,0,False,False,False,0.0,singleton
E05800,1,0,1,,0,none,0,,0,,0,0,False,False,False,0.0,singleton
E05801,1,0,1,,0,none,0,,0,,0,0,False,False,False,0.0,singleton
E05802,1,0,1,,0,none,0,,0,,0,0,False,False,False,0.0,singleton
E05803,1,0,1,,0,none,0,,0,,0,0,False,False,False,0.0,singleton
E05804,1,0,1,,0,none,0,,0,,0,0,False,False,False,0.0,singleton
E05805,1,0,1,,0,none,0,,0,,0,0,False,False,False,0.0,singleton
E05806,1,0,1,,0,none,0,,0,,0,0,False,False,False,0.0,singleton
E05807,1,0,1,,0,none,0,,0,,0,0,False,False,False,0.0,singleton
E05808,1,0,1,,0,none,0,,0,,0,0,False,False,False,0.0,singleton
E05809,1,0,1,,0,none,0,,0,,0,0,False,False,False,0.0,singleton
E05810,1,0,1,,0,none,0,,0,,0,0,False,False,False,0.0,singleton
E05811,1,0,1,,0,none,0,,0,,0,0,False,False,False,0.0,singleton
E05812,1,0,1,,0,none,0,,0,,0,0,False,False,False,0.0,singleton
E05813,1,0,1,,0,none,0,,0,,0,0,False,False,False,0.0,singleton
E05814,1,0,1,,0,none,0,,0,,0,0,False,False,False,0.0,singleton
E05815,1,0,1,,0,none,0,,0,,0,0,False,False,False,0.0,singleton
E05816,1,0,1,,0,none,0,,0,,0,0,False,False,False,0.0,singleton
E05817,1,0,1,,0,none,0,,0,,0,0,False,False,False,0.0,singleton
E05818,1,0,1,,0,none,0,,0,,0,0,False,False,False,0.0,singleton
E05819,1,0,1,,0,none,0,,0,,0,0,False,False,False,0.0,singleton
E05820,1,0,1,,0,none,0,,0,,0,0,False,False,False,0.0,singleton
E05821,1,0,1,,0,none,0,,0,,0,0,False,False,False,0.0,singleton
E05822,1,0,1,,0,none,0,,0,,0,0,False,False,False,0.0,singleton
E05823,1,0,1,,0,none,0,,0,,0,0,False,False,False,0.0,singleton
E05824,1,0,1,,0,none,0,,0,,0,0,False,False,False,0.0,singleton
E05825,1,0,1,,0,none,0,,0,,0,0,False,False,False,0.0,singleton
E05826,1,0,1,,0,none,0,,0,,0,0,False,False,False,0.0,singleton
E05827,1,0,1,,0,none,0,,0,,0,0,False,False,False,0.0,singleton
E05828,1,0,1,,0,none,0,,0,,0,0,False,False,False,0.0,singleton
E05829,1,0,1,,0,none,0,,0,,0,0,False,False,False,0.0,singleton
E05830,1,0,1,,0,none,0,,0,,0,0,False,False,False,0.0,singleton
E05831,1,0,1,,0,none,0,,0,,0,0,False,False,False,0.0,singleton
E05832,1,0,1,,0,none,0,,0,,0,0,False,False,False,0.0,singleton
E05833,1,0,1,,0,none,0,,0,,0,0,False,False,False,0.0,singleton
E05834,1,0,1,,0,none,0,,0,,0,0,False,False,False,0.0,singleton
E05835,1,0,1,,0,none,0,,0,,0,0,False,False,False,0.0,singleton
E05836,1,0,1,,0,none,0,,0,,0,0,False,False,False,0.0,singleton
E05837,1,0,1,,0,none,0,,0,,0,0,False,False,False,0.0,singleton
E05838,1,0,1,,0,none,0,,0,,0,0,False,False,False,0.0,singleton
E05839,1,0,1,,0,none,0,,0,,0,0,False,False,False,0.0,singleton
E05840,1,0,1,,0,none,0,,0,,0,0,False,False,False,0.0,singleton
E05841,1,0,1,,0,none,0,,0,,0,0,False,False,False,0.0,singleton
E05842,1,0,1,,0,none,0,,0,,0,0,False,False,False,0.0,singleton
E05843,1,0,1,,0,none,0,,0,,0,0,False,False,False,0.0,singleton
E05844,1,0,1,,0,none,0,,0,,0,0,False,False,False,0.0,singleton
E05845,1,0,1,,0,none,0,,0,,0,0,False,False,False,0.0,singleton
E05846,1,0,1,,0,none,0,,0,,0,0,False,False,False,0.0,singleton
E05847,1,0,1,,0,none,0,,0,,0,0,False,False,False,0.0,singleton
E05848,1,0,1,,0,none,0,,0,,0,0,False,False,False,0.0,singleton
E05849,1,0,1,,0,none,0,,0,,0,0,False,False,False,0.0,singleton
E05850,1,0,1,,0,none,0,,0,,0,0,False,False,False,0.0,singleton
E05851,1,0,1,,0,none,0,,0,,0,0,False,False,False,0.0,singleton
E05852,1,0,1,,0,none,0,,0,,0,0,False,False,False,0.0,singleton
E05853,1,0,1,,0,none,0,,0,,0,0,False,False,False,0.0,singleton
E05854,1,0,1,,0,none,0,,0,,0,0,False,False,False,0.0,singleton
E05855,1,0,1,,0,none,0,,0,,0,0,False,False,False,0.0,singleton
E05856,1,0,1,,0,none,0,,0,,0,0,False,False,False,0.0,singleton
E05857,1,0,1,,0,none,0,,0,,0,0,False,False,False,0.0,singleton
E05858,1,0,1,,0,none,0,,0,,0,0,False,False,False,0.0,singleton
E05859,1,0,1,,0,none,0,,0,,0,0,False,False,False,0.0,singleton
E05860,1,0,1,,0,none,0,,0,,0,0,False,False,False,0.0,singleton
E05861,1,0,1,,0,none,0,,0,,0,0,False,False,False,0.0,singleton
E05862,1,0,1,,0,none,0,,0,,0,0,False,False,False,0.0,singleton
E05863,1,0,1,,0,none,0,,0,,0,0,False,False,False,0.0,singleton
E05864,1,0,1,,0,none,0,,0,,0,0,False,False,False,0.0,singleton
E05865,1,0,1,,0,none,0,,0,,0,0,False,False,False,0.0,singleton
E05866,1,0,1,,0,none,0,,0,,0,0,False,False,False,0.0,singleton
E05867,1,0,1,,0,none,0,,0,,0,0,False,False,False,0.0,singleton
E05868,1,0,1,,0,none,0,,0,,0,0,False,False,False,0.0,singleton
E05869,1,0,1,,0,none,0,,0,,0,0,False,False,False,0.0,singleton
E05870,1,0,1,,0,none,0,,0,,0,0,False,False,False,0.0,singleton
E05871,1,0,1,,0,none,0,,0,,0,0,False,False,False,0.0,singleton
E05872,1,0,1,,0,none,0,,0,,0,0,False,False,False,0.0,singleton
E05873,1,0,1,,0,none,0,,0,,0,0,False,False,False,0.0,singleton
E05874,1,0,1,,0,none,0,,0,,0,0,False,False,False,0.0,singleton
E05875,1,0,1,,0,none,0,,0,,0,0,False,False,False,0.0,singleton
E05876,1,0,1,,0,none,0,,0,,0,0,False,False,False,0.0,singleton
E05877,1,0,1,,0,none,0,,0,,0,0,False,False,False,0.0,singleton
E05878,1,0,1,,0,none,0,,0,,0,0,False,False,False,0.0,singleton
E05879,1,0,1,,0,none,0,,0,,0,0,False,False,False,0.0,singleton
E05880,1,0,1,,0,none,0,,0,,0,0,False,False,False,0.0,singleton
E05881,1,0,1,,0,none,0,,0,,0,0,False,False,False,0.0,singleton
E05882,1,0,1,,0,none,0,,0,,0,0,False,False,False,0.0,singleton
E05883,1,0,1,,0,none,0,,0,,0,0,False,False,False,0.0,singleton
E05884,1,0,1,,0,none,0,,0,,0,0,False,False,False,0.0,singleton
E05885,1,0,1,,0,none,0,,0,,0,0,False,False,False,0.0,singleton
E05886,1,0,1,,0,none,0,,0,,0,0,False,False,False,0.0,singleton
E05887,1,0,1,,0,none,0,,0,,0,0,False,False,False,0.0,singleton
E05888,1,0,1,,0,none,0,,0,,0,0,False,False,False,0.0,singleton
E05889,1,0,1,,0,none,0,,0,,0,0,False,False,False,0.0,singleton
E05890,1,0,1,,0,none,0,,0,,0,0,False,False,False,0.0,singleton
E05891,1,0,1,,0,none,0,,0,,0,0,False,False,False,0.0,singleton
E05892,1,0,1,,0,none,0,,0,,0,0,False,False,False,0.0,singleton
E05893,1,0,1,,0,none,0,,0,,0,0,False,False,False,0.0,singleton
E05894,1,0,1,,0,none,0,,0,,0,0,False,False,False,0.0,singleton
E05895,1,0,1,,0,none,0,,0,,0,0,False,False,False,0.0,singleton
E05896,1,0,1,,0,none,0,,0,,0,0,False,False,False,0.0,singleton
E05897,1,0,1,,0,none,0,,0,,0,0,False,False,False,0.0,singleton
E05898,1,0,1,,0,none,0,,0,,0,0,False,False,False,0.0,singleton
E05899,1,0,1,,0,none,0,,0,,0,0,False,False,False,0.0,singleton
E05900,1,0,1,,0,none,0,,0,,0,0,False,False,False,0.0,singleton
E05901,1,0,1,,0,none,0,,0,,0,0,False,False,False,0.0,singleton
E05902,1,0,1,,0,none,0,,0,,0,0,False,False,False,0.0,singleton
E05903,1,0,1,,0,none,0,,0,,0,0,False,False,False,0.0,singleton
E05904,1,0,1,,0,none,0,,0,,0,0,False,False,False,0.0,singleton
E05905,1,0,1,,0,none,0,,0,,0,0,False,False,False,0.0,singleton
E05906,1,0,1,,0,none,0,,0,,0,0,False,False,False,0.0,singleton
E05907,1,0,1,,0,none,0,,0,,0,0,False,False,False,0.0,singleton
E05908,1,0,1,,0,none,0,,0,,0,0,False,False,False,0.0,singleton
E05909,1,0,1,,0,none,0,,0,,0,0,False,False,False,0.0,singleton
E05910,1,0,1,,0,none,0,,0,,0,0,False,False,False,0.0,singleton
E05911,1,0,1,,0,none,0,,0,,0,0,False,False,False,0.0,singleton
E05912,1,0,1,,0,none,0,,0,,0,0,False,False,False,0.0,singleton
E05913,1,0,1,,0,none,0,,0,,0,0,False,False,False,0.0,singleton
E05914,1,0,1,,0,none,0,,0,,0,0,False,False,False,0.0,singleton
E05915,1,0,1,,0,none,0,,0,,0,0,False,False,False,0.0,singleton
E05916,1,0,1,,0,none,0,,0,,0,0,False,False,False,0.0,singleton
E05917,1,0,1,,0,none,0,,0,,0,0,False,False,False,0.0,singleton
E05918,1,0,1,,0,none,0,,0,,0,0,False,False,False,0.0,singleton
E05919,1,0,1,,0,none,0,,0,,0,0,False,False,False,0.0,singleton
E05920,1,0,1,,0,none,0,,0,,0,0,False,False,False,0.0,singleton
E05921,1,0,1,,0,none,0,,0,,0,0,False,False,False,0.0,singleton
E05922,1,0,1,,0,none,0,,0,,0,0,False,False,False,0.0,singleton
E05923,1,0,1,,0,none,0,,0,,0,0,False,False,False,0.0,singleton
E05924,1,0,1,,0,none,0,,0,,0,0,False,False,False,0.0,singleton
E05925,1,0,1,,0,none,0,,0,,0,0,False,False,False,0.0,singleton
E05926,1,0,1,,0,none,0,,0,,0,0,False,False,False,0.0,singleton
E05927,1,0,1,,0,none,0,,0,,0,0,False,False,False,0.0,singleton
E05928,1,0,1,,0,none,0,,0,,0,0,False,False,False,0.0,singleton
E05929,1,0,1,,0,none,0,,0,,0,0,False,False,False,0.0,singleton
E05930,1,0,1,,0,none,0,,0,,0,0,False,False,False,0.0,singleton
E05931,1,0,1,,0,none,0,,0,,0,0,False,False,False,0.0,singleton
E05932,1,0,1,,0,none,0,,0,,0,0,False,False,False,0.0,singleton
E05933,1,0,1,,0,none,0,,0,,0,0,False,False,False,0.0,singleton
E05934,1,0,1,,0,none,0,,0,,0,0,False,False,False,0.0,singleton
E05935,1,0,1,,0,none,0,,0,,0,0,False,False,False,0.0,singleton
E05936,1,0,1,,0,none,0,,0,,0,0,False,False,False,0.0,singleton
E05937,1,0,1,,0,none,0,,0,,0,0,False,False,False,0.0,singleton
E05938,1,0,1,,0,none,0,,0,,0,0,False,False,False,0.0,singleton
E05939,1,0,1,,0,none,0,,0,,0,0,False,False,False,0.0,singleton
E05940,1,0,1,,0,none,0,,0,,0,0,False,False,False,0.0,singleton
E05941,1,0,1,,0,none,0,,0,,0,0,False,False,False,0.0,singleton
E05942,1,0,1,,0,none,0,,0,,0,0,False,False,False,0.0,singleton
E05943,1,0,1,,0,none,0,,0,,0,0,False,False,False,0.0,singleton
E05944,1,0,1,,0,none,0,,0,,0,0,False,False,False,0.0,singleton
E05945,1,0,1,,0,none,0,,0,,0,0,False,False,False,0.0,singleton
E05946,1,0,1,,0,none,0,,0,,0,0,False,False,False,0.0,singleton
E05947,1,0,1,,0,none,0,,0,,0,0,False,False,False,0.0,singleton
E05948,1,0,1,,0,none,0,,0,,0,0,False,False,False,0.0,singleton
E05949,1,0,1,,0,none,0,,0,,0,0,False,False,False,0.0,singleton
E05950,1,0,1,,0,none,0,,0,,0,0,False,False,False,0.0,singleton
E05951,1,0,1,,0,none,0,,0,,0,0,False,False,False,0.0,singleton
E05952,1,0,1,,0,none,0,,0,,0,0,False,False,False,0.0,singleton
E05953,1,0,1,,0,none,0,,0,,0,0,False,False,False,0.0,singleton
E05954,1,0,1,,0,none,0,,0,,0,0,False,False,False,0.0,singleton
E05955,1,0,1,,0,none,0,,0,,0,0,False,False,False,0.0,singleton
E05956,1,0,1,,0,none,0,,0,,0,0,False,False,False,0.0,singleton
E05957,1,0,1,,0,none,0,,0,,0,0,False,False,False,0.0,singleton
E05958,1,0,1,,0,none,0,,0,,0,0,False,False,False,0.0,singleton
E05959,1,0,1,,0,none,0,,0,,0,0,False,False,False,0.0,singleton
E05960,1,0,1,,0,none,0,,0,,0,0,False,False,False,0.0,singleton
E05961,1,0,1,,0,none,0,,0,,0,0,False,False,False,0.0,singleton
E05962,1,0,1,,0,none,0,,0,,0,0,False,False,False,0.0,singleton
E05963,1,0,1,,0,none,0,,0,,0,0,False,False,False,0.0,singleton
E05964,1,0,1,,0,none,0,,0,,0,0,False,False,False,0.0,singleton
E05965,1,0,1,,0,none,0,,0,,0,0,False,False,False,0.0,singleton
E05966,1,0,1,,0,none,0,,0,,0,0,False,False,False,0.0,singleton
E05967,1,0,1,,0,none,0,,0,,0,0,False,False,False,0.0,singleton
E05968,1,0,1,,0,none,0,,0,,0,0,False,False,False,0.0,singleton
E05969,1,0,1,,0,none,0,,0,,0,0,False,False,False,0.0,singleton
E05970,1,0,1,,0,none,0,,0,,0,0,False,False,False,0.0,singleton
E05971,1,0,1,,0,none,0,,0,,0,0,False,False,False,0.0,singleton
E05972,1,0,1,,0,none,0,,0,,0,0,False,False,False,0.0,singleton
E05973,1,0,1,,0,none,0,,0,,0,0,False,False,False,0.0,singleton
E05974,1,0,1,,0,none,0,,0,,0,0,False,False,False,0.0,singleton
E05975,1,0,1,,0,none,0,,0,,0,0,False,False,False,0.0,singleton
E05976,1,0,1,,0,none,0,,0,,0,0,False,False,False,0.0,singleton
E05977,1,0,1,,0,none,0,,0,,0,0,False,False,False,0.0,singleton
E05978,1,0,1,,0,none,0,,0,,0,0,False,False,False,0.0,singleton
E05979,1,0,1,,0,none,0,,0,,0,0,False,False,False,0.0,singleton
E05980,1,0,1,,0,none,0,,0,,0,0,False,False,False,0.0,singleton
E05981,1,0,1,,0,none,0,,0,,0,0,False,False,False,0.0,singleton
E05982,1,0,1,,0,none,0,,0,,0,0,False,False,False,0.0,singleton
E05983,1,0,1,,0,none,0,,0,,0,0,False,False,False,0.0,singleton
E05984,1,0,1,,0,none,0,,0,,0,0,False,False,False,0.0,singleton
E05985,1,0,1,,0,none,0,,0,,0,0,False,False,False,0.0,singleton
E05986,1,0,1,,0,none,0,,0,,0,0,False,False,False,0.0,singleton
E05987,1,0,1,,0,none,0,,0,,0,0,False,False,False,0.0,singleton
E05988,1,0,1,,0,none,0,,0,,0,0,False,False,False,0.0,singleton
E05989,1,0,1,,0,none,0,,0,,0,0,False,False,False,0.0,singleton
E05990,1,0,1,,0,none,0,,0,,0,0,False,False,False,0.0,singleton
E05991,1,0,1,,0,none,0,,0,,0,0,False,False,False,0.0,singleton
E05992,1,0,1,,0,none,0,,0,,0,0,False,False,False,0.0,singleton
E05993,1,0,1,,0,none,0,,0,,0,0,False,False,False,0.0,singleton
E05994,1,0,1,,0,none,0,,0,,0,0,False,False,False,0.0,singleton
E05995,1,0,1,,0,none,0,,0,,0,0,False,False,False,0.0,singleton
E05996,1,0,1,,0,none,0,,0,,0,0,False,False,False,0.0,singleton
E05997,1,0,1,,0,none,0,,0,,0,0,False,False,False,0.0,singleton
E05998,1,0,1,,0,none,0,,0,,0,0,False,False,False,0.0,singleton
E05999,1,0,1,,0,none,0,,0,,0,0,False,False,False,0.0,singleton
E06000,1,0,1,,0,none,0,,0,,0,0,False,False,False,0.0,singleton
E06001,1,0,1,,0,none,0,,0,,0,0,False,False,False,0.0,singleton
E06002,1,0,1,,0,none,0,,0,,0,0,False,False,False,0.0,singleton
E06003,1,0,1,,0,none,0,,0,,0,0,False,False,False,0.0,singleton
E06004,1,0,1,,0,none,0,,0,,0,0,False,False,False,0.0,singleton
E06005,1,0,1,,0,none,0,,0,,0,0,False,False,False,0.0,singleton
E06006,1,0,1,,0,none,0,,0,,0,0,False,False,False,0.0,singleton
E06007,1,0,1,,0,none,0,,0,,0,0,False,False,False,0.0,singleton
E06008,1,0,1,,0,none,0,,0,,0,0,False,False,False,0.0,singleton
E06009,1,0,1,,0,none,0,,0,,0,0,False,False,False,0.0,singleton
E06010,1,0,1,,0,none,0,,0,,0,0,False,False,False,0.0,singleton
E06011,1,0,1,,0,none,0,,0,,0,0,False,False,False,0.0,singleton
E06012,1,0,1,,0,none,0,,0,,0,0,False,False,False,0.0,singleton
E06013,1,0,1,,0,none,0,,0,,0,0,False,False,False,0.0,singleton
E06014,1,0,1,,0,none,0,,0,,0,0,False,False,False,0.0,singleton
E06015,1,0,1,,0,none,0,,0,,0,0,False,False,False,0.0,singleton
E06016,1,0,1,,0,none,0,,0,,0,0,False,False,False,0.0,singleton
E06017,1,0,1,,0,none,0,,0,,0,0,False,False,False,0.0,singleton
E06018,1,0,1,,0,none,0,,0,,0,0,False,False,False,0.0,singleton
E06019,1,0,1,,0,none,0,,0,,0,0,False,False,False,0.0,singleton
E06020,1,0,1,,0,none,0,,0,,0,0,False,False,False,0.0,singleton
E06021,1,0,1,,0,none,0,,0,,0,0,False,False,False,0.0,singleton
E06022,1,0,1,,0,none,0,,0,,0,0,False,False,False,0.0,singleton
E06023,1,0,1,,0,none,0,,0,,0,0,False,False,False,0.0,singleton
E06024,1,0,1,,0,none,0,,0,,0,0,False,False,False,0.0,singleton
E06025,1,0,1,,0,none,0,,0,,0,0,False,False,False,0.0,singleton
E06026,1,0,1,,0,none,0,,0,,0,0,False,False,False,0.0,singleton
E06027,1,0,1,,0,none,0,,0,,0,0,False,False,False,0.0,singleton
E06028,1,0,1,,0,none,0,,0,,0,0,False,False,False,0.0,singleton
E06029,1,0,1,,0,none,0,,0,,0,0,False,False,False,0.0,singleton
E06030,1,0,1,,0,none,0,,0,,0,0,False,False,False,0.0,singleton
E06031,1,0,1,,0,none,0,,0,,0,0,False,False,False,0.0,singleton
E06032,1,0,1,,0,none,0,,0,,0,0,False,False,False,0.0,singleton
E06033,1,0,1,,0,none,0,,0,,0,0,False,False,False,0.0,singleton
E06034,1,0,1,,0,none,0,,0,,0,0,False,False,False,0.0,singleton
E06035,1,0,1,,0,none,0,,0,,0,0,False,False,False,0.0,singleton
E06036,1,0,1,,0,none,0,,0,,0,0,False,False,False,0.0,singleton
E06037,1,0,1,,0,none,0,,0,,0,0,False,False,False,0.0,singleton
E06038,1,0,1,,0,none,0,,0,,0,0,False,False,False,0.0,singleton
E06039,1,0,1,,0,none,0,,0,,0,0,False,False,False,0.0,singleton
E06040,1,0,1,,0,none,0,,0,,0,0,False,False,False,0.0,singleton
E06041,1,0,1,,0,none,0,,0,,0,0,False,False,False,0.0,singleton
E06042,1,0,1,,0,none,0,,0,,0,0,False,False,False,0.0,singleton
E06043,1,0,1,,0,none,0,,0,,0,0,False,False,False,0.0,singleton
E06044,1,0,1,,0,none,0,,0,,0,0,False,False,False,0.0,singleton
E06045,1,0,1,,0,none,0,,0,,0,0,False,False,False,0.0,singleton
E06046,1,0,1,,0,none,0,,0,,0,0,False,False,False,0.0,singleton
E06047,1,0,1,,0,none,0,,0,,0,0,False,False,False,0.0,singleton
E06048,1,0,1,,0,none,0,,0,,0,0,False,False,False,0.0,singleton
E06049,1,0,1,,0,none,0,,0,,0,0,False,False,False,0.0,singleton
E06050,1,0,1,,0,none,0,,0,,0,0,False,False,False,0.0,singleton
E06051,1,0,1,,0,none,0,,0,,0,0,False,False,False,0.0,singleton
E06052,1,0,1,,0,none,0,,0,,0,0,False,False,False,0.0,singleton
E06053,1,0,1,,0,none,0,,0,,0,0,False,False,False,0.0,singleton
E06054,1,0,1,,0,none,0,,0,,0,0,False,False,False,0.0,singleton
E06055,1,0,1,,0,none,0,,0,,0,0,False,False,False,0.0,singleton
E06056,1,0,1,,0,none,0,,0,,0,0,False,False,False,0.0,singleton
E06057,1,0,1,,0,none,0,,0,,0,0,False,False,False,0.0,singleton
E06058,1,0,1,,0,none,0,,0,,0,0,False,False,False,0.0,singleton
E06059,1,0,1,,0,none,0,,0,,0,0,False,False,False,0.0,singleton
E06060,1,0,1,,0,none,0,,0,,0,0,False,False,False,0.0,singleton
E06061,1,0,1,,0,none,0,,0,,0,0,False,False,False,0.0,singleton
E06062,1,0,1,,0,none,0,,0,,0,0,False,False,False,0.0,singleton
E06063,1,0,1,,0,none,0,,0,,0,0,False,False,False,0.0,singleton
E06064,1,0,1,,0,none,0,,0,,0,0,False,False,False,0.0,singleton
E06065,1,0,1,,0,none,0,,0,,0,0,False,False,False,0.0,singleton
E06066,1,0,1,,0,none,0,,0,,0,0,False,False,False,0.0,singleton
E06067,1,0,1,,0,none,0,,0,,0,0,False,False,False,0.0,singleton
E06068,1,0,1,,0,none,0,,0,,0,0,False,False,False,0.0,singleton
E06069,1,0,1,,0,none,0,,0,,0,0,False,False,False,0.0,singleton
E06070,1,0,1,,0,none,0,,0,,0,0,False,False,False,0.0,singleton
E06071,1,0,1,,0,none,0,,0,,0,0,False,False,False,0.0,singleton
E06072,1,0,1,,0,none,0,,0,,0,0,False,False,False,0.0,singleton
E06073,1,0,1,,0,none,0,,0,,0,0,False,False,False,0.0,singleton
E06074,1,0,1,,0,none,0,,0,,0,0,False,False,False,0.0,singleton
E06075,1,0,1,,0,none,0,,0,,0,0,False,False,False,0.0,singleton
E06076,1,0,1,,0,none,0,,0,,0,0,False,False,False,0.0,singleton
E06077,1,0,1,,0,none,0,,0,,0,0,False,False,False,0.0,singleton
E06078,1,0,1,,0,none,0,,0,,0,0,False,False,False,0.0,singleton
E06079,1,0,1,,0,none,0,,0,,0,0,False,False,False,0.0,singleton
E06080,1,0,1,,0,none,0,,0,,0,0,False,False,False,0.0,singleton
E06081,1,0,1,,0,none,0,,0,,0,0,False,False,False,0.0,singleton
E06082,1,0,1,,0,none,0,,0,,0,0,False,False,False,0.0,singleton
E06083,1,0,1,,0,none,0,,0,,0,0,False,False,False,0.0,singleton
E06084,1,0,1,,0,none,0,,0,,0,0,False,False,False,0.0,singleton
E06085,1,0,1,,0,none,0,,0,,0,0,False,False,False,0.0,singleton
E06086,1,0,1,,0,none,0,,0,,0,0,False,False,False,0.0,singleton
E06087,1,0,1,,0,none,0,,0,,0,0,False,False,False,0.0,singleton
E06088,1,0,1,,0,none,0,,0,,0,0,False,False,False,0.0,singleton
E06089,1,0,1,,0,none,0,,0,,0,0,False,False,False,0.0,singleton
E06090,1,0,1,,0,none,0,,0,,0,0,False,False,False,0.0,singleton
E06091,1,0,1,,0,none,0,,0,,0,0,False,False,False,0.0,singleton
E06092,1,0,1,,0,none,0,,0,,0,0,False,False,False,0.0,singleton
E06093,1,0,1,,0,none,0,,0,,0,0,False,False,False,0.0,singleton
E06094,1,0,1,,0,none,0,,0,,0,0,False,False,False,0.0,singleton
E06095,1,0,1,,0,none,0,,0,,0,0,False,False,False,0.0,singleton
E06096,1,0,1,,0,none,0,,0,,0,0,False,False,False,0.0,singleton
E06097,1,0,1,,0,none,0,,0,,0,0,False,False,False,0.0,singleton
E06098,1,0,1,,0,none,0,,0,,0,0,False,False,False,0.0,singleton
E06099,1,0,1,,0,none,0,,0,,0,0,False,False,False,0.0,singleton
E06100,1,0,1,,0,none,0,,0,,0,0,False,False,False,0.0,singleton
E06101,1,0,1,,0,none,0,,0,,0,0,False,False,False,0.0,singleton
E06102,1,0,1,,0,none,0,,0,,0,0,False,False,False,0.0,singleton
E06103,1,0,1,,0,none,0,,0,,0,0,False,False,False,0.0,singleton
E06104,1,0,1,,0,none,0,,0,,0,0,False,False,False,0.0,singleton
E06105,1,0,1,,0,none,0,,0,,0,0,False,False,False,0.0,singleton
E06106,1,0,1,,0,none,0,,0,,0,0,False,False,False,0.0,singleton
E06107,1,0,1,,0,none,0,,0,,0,0,False,False,False,0.0,singleton
E06108,1,0,1,,0,none,0,,0,,0,0,False,False,False,0.0,singleton
E06109,1,0,1,,0,none,0,,0,,0,0,False,False,False,0.0,singleton
E06110,1,0,1,,0,none,0,,0,,0,0,False,False,False,0.0,singleton
E06111,1,0,1,,0,none,0,,0,,0,0,False,False,False,0.0,singleton
E06112,1,0,1,,0,none,0,,0,,0,0,False,False,False,0.0,singleton
E06113,1,0,1,,0,none,0,,0,,0,0,False,False,False,0.0,singleton
E06114,1,0,1,,0,none,0,,0,,0,0,False,False,False,0.0,singleton
E06115,1,0,1,,0,none,0,,0,,0,0,False,False,False,0.0,singleton
E06116,1,0,1,,0,none,0,,0,,0,0,False,False,False,0.0,singleton
E06117,1,0,1,,0,none,0,,0,,0,0,False,False,False,0.0,singleton
E06118,1,0,1,,0,none,0,,0,,0,0,False,False,False,0.0,singleton
E06119,1,0,1,,0,none,0,,0,,0,0,False,False,False,0.0,singleton
E06120,1,0,1,,0,none,0,,0,,0,0,False,False,False,0.0,singleton
E06121,1,0,1,,0,none,0,,0,,0,0,False,False,False,0.0,singleton
E06122,1,0,1,,0,none,0,,0,,0,0,False,False,False,0.0,singleton
E06123,1,0,1,,0,none,0,,0,,0,0,False,False,False,0.0,singleton
E06124,1,0,1,,0,none,0,,0,,0,0,False,False,False,0.0,singleton
E06125,1,0,1,,0,none,0,,0,,0,0,False,False,False,0.0,singleton
E06126,1,0,1,,0,none,0,,0,,0,0,False,False,False,0.0,singleton
E06127,1,0,1,,0,none,0,,0,,0,0,False,False,False,0.0,singleton
E06128,1,0,1,,0,none,0,,0,,0,0,False,False,False,0.0,singleton
E06129,1,0,1,,0,none,0,,0,,0,0,False,False,False,0.0,singleton
E06130,1,0,1,,0,none,0,,0,,0,0,False,False,False,0.0,singleton
E06131,1,0,1,,0,none,0,,0,,0,0,False,False,False,0.0,singleton
E06132,1,0,1,,0,none,0,,0,,0,0,False,False,False,0.0,singleton
E06133,1,0,1,,0,none,0,,0,,0,0,False,False,False,0.0,singleton
E06134,1,0,1,,0,none,0,,0,,0,0,False,False,False,0.0,singleton
E06135,1,0,1,,0,none,0,,0,,0,0,False,False,False,0.0,singleton
E06136,1,0,1,,0,none,0,,0,,0,0,False,False,False,0.0,singleton
E06137,1,0,1,,0,none,0,,0,,0,0,False,False,False,0.0,singleton
E06138,1,0,1,,0,none,0,,0,,0,0,False,False,False,0.0,singleton
E06139,1,0,1,,0,none,0,,0,,0,0,False,False,False,0.0,singleton
E06140,1,0,1,,0,none,0,,0,,0,0,False,False,False,0.0,singleton
E06141,1,0,1,,0,none,0,,0,,0,0,False,False,False,0.0,singleton
E06142,1,0,1,,0,none,0,,0,,0,0,False,False,False,0.0,singleton
E06143,1,0,1,,0,none,0,,0,,0,0,False,False,False,0.0,singleton
E06144,1,0,1,,0,none,0,,0,,0,0,False,False,False,0.0,singleton
E06145,1,0,1,,0,none,0,,0,,0,0,False,False,False,0.0,singleton
E06146,1,0,1,,0,none,0,,0,,0,0,False,False,False,0.0,singleton
E06147,1,0,1,,0,none,0,,0,,0,0,False,False,False,0.0,singleton
E06148,1,0,1,,0,none,0,,0,,0,0,False,False,False,0.0,singleton
E06149,1,0,1,,0,none,0,,0,,0,0,False,False,False,0.0,singleton
E06150,1,0,1,,0,none,0,,0,,0,0,False,False,False,0.0,singleton
E06151,1,0,1,,0,none,0,,0,,0,0,False,False,False,0.0,singleton
E06152,1,0,1,,0,none,0,,0,,0,0,False,False,False,0.0,singleton
E06153,1,0,1,,0,none,0,,0,,0,0,False,False,False,0.0,singleton
E06154,1,0,1,,0,none,0,,0,,0,0,False,False,False,0.0,singleton
E06155,1,0,1,,0,none,0,,0,,0,0,False,False,False,0.0,singleton
E06156,1,0,1,,0,none,0,,0,,0,0,False,False,False,0.0,singleton
E06157,1,0,1,,0,none,0,,0,,0,0,False,False,False,0.0,singleton
E06158,1,0,1,,0,none,0,,0,,0,0,False,False,False,0.0,singleton
E06159,1,0,1,,0,none,0,,0,,0,0,False,False,False,0.0,singleton
E06160,1,0,1,,0,none,0,,0,,0,0,False,False,False,0.0,singleton
E06161,1,0,1,,0,none,0,,0,,0,0,False,False,False,0.0,singleton
E06162,1,0,1,,0,none,0,,0,,0,0,False,False,False,0.0,singleton
E06163,1,0,1,,0,none,0,,0,,0,0,False,False,False,0.0,singleton
E06164,1,0,1,,0,none,0,,0,,0,0,False,False,False,0.0,singleton
E06165,1,0,1,,0,none,0,,0,,0,0,False,False,False,0.0,singleton
E06166,1,0,1,,0,none,0,,0,,0,0,False,False,False,0.0,singleton
E06167,1,0,1,,0,none,0,,0,,0,0,False,False,False,0.0,singleton
E06168,1,0,1,,0,none,0,,0,,0,0,False,False,False,0.0,singleton
E06169,1,0,1,,0,none,0,,0,,0,0,False,False,False,0.0,singleton
E06170,1,0,1,,0,none,0,,0,,0,0,False,False,False,0.0,singleton
E06171,1,0,1,,0,none,0,,0,,0,0,False,False,False,0.0,singleton
E06172,1,0,1,,0,none,0,,0,,0,0,False,False,False,0.0,singleton
E06173,1,0,1,,0,none,0,,0,,0,0,False,False,False,0.0,singleton
E06174,1,0,1,,0,none,0,,0,,0,0,False,False,False,0.0,singleton
E06175,1,0,1,,0,none,0,,0,,0,0,False,False,False,0.0,singleton
E06176,1,0,1,,0,none,0,,0,,0,0,False,False,False,0.0,singleton
E06177,1,0,1,,0,none,0,,0,,0,0,False,False,False,0.0,singleton
E06178,1,0,1,,0,none,0,,0,,0,0,False,False,False,0.0,singleton
E06179,1,0,1,,0,none,0,,0,,0,0,False,False,False,0.0,singleton
E06180,1,0,1,,0,none,0,,0,,0,0,False,False,False,0.0,singleton
E06181,1,0,1,,0,none,0,,0,,0,0,False,False,False,0.0,singleton
E06182,1,0,1,,0,none,0,,0,,0,0,False,False,False,0.0,singleton
E06183,1,0,1,,0,none,0,,0,,0,0,False,False,False,0.0,singleton
E06184,1,0,1,,0,none,0,,0,,0,0,False,False,False,0.0,singleton
E06185,1,0,1,,0,none,0,,0,,0,0,False,False,False,0.0,singleton
E06186,1,0,1,,0,none,0,,0,,0,0,False,False,False,0.0,singleton
E06187,1,0,1,,0,none,0,,0,,0,0,False,False,False,0.0,singleton
E06188,1,0,1,,0,none,0,,0,,0,0,False,False,False,0.0,singleton
E06189,1,0,1,,0,none,0,,0,,0,0,False,False,False,0.0,singleton
E06190,1,0,1,,0,none,0,,0,,0,0,False,False,False,0.0,singleton
E06191,1,0,1,,0,none,0,,0,,0,0,False,False,False,0.0,singleton
E06192,1,0,1,,0,none,0,,0,,0,0,False,False,False,0.0,singleton
E06193,1,0,1,,0,none,0,,0,,0,0,False,False,False,0.0,singleton
E06194,1,0,1,,0,none,0,,0,,0,0,False,False,False,0.0,singleton
E06195,1,0,1,,0,none,0,,0,,0,0,False,False,False,0.0,singleton
E06196,1,0,1,,0,none,0,,0,,0,0,False,False,False,0.0,singleton
E06197,1,0,1,,0,none,0,,0,,0,0,False,False,False,0.0,singleton
E06198,1,0,1,,0,none,0,,0,,0,0,False,False,False,0.0,singleton
E06199,1,0,1,,0,none,0,,0,,0,0,False,False,False,0.0,singleton
E06200,1,0,1,,0,none,0,,0,,0,0,False,False,False,0.0,singleton
E06201,1,0,1,,0,none,0,,0,,0,0,False,False,False,0.0,singleton
E06202,1,0,1,,0,none,0,,0,,0,0,False,False,False,0.0,singleton
E06203,1,0,1,,0,none,0,,0,,0,0,False,False,False,0.0,singleton
E06204,1,0,1,,0,none,0,,0,,0,0,False,False,False,0.0,singleton
E06205,1,0,1,,0,none,0,,0,,0,0,False,False,False,0.0,singleton
E06206,1,0,1,,0,none,0,,0,,0,0,False,False,False,0.0,singleton
E06207,1,0,1,,0,none,0,,0,,0,0,False,False,False,0.0,singleton
E06208,1,0,1,,0,none,0,,0,,0,0,False,False,False,0.0,singleton
E06209,1,0,1,,0,none,0,,0,,0,0,False,False,False,0.0,singleton
E06210,1,0,1,,0,none,0,,0,,0,0,False,False,False,0.0,singleton
E06211,1,0,1,,0,none,0,,0,,0,0,False,False,False,0.0,singleton
E06212,1,0,1,,0,none,0,,0,,0,0,False,False,False,0.0,singleton
E06213,1,0,1,,0,none,0,,0,,0,0,False,False,False,0.0,singleton
E06214,1,0,1,,0,none,0,,0,,0,0,False,False,False,0.0,singleton
E06215,1,0,1,,0,none,0,,0,,0,0,False,False,False,0.0,singleton
E06216,1,0,1,,0,none,0,,0,,0,0,False,False,False,0.0,singleton
E06217,1,0,1,,0,none,0,,0,,0,0,False,False,False,0.0,singleton
E06218,1,0,1,,0,none,0,,0,,0,0,False,False,False,0.0,singleton
E06219,1,0,1,,0,none,0,,0,,0,0,False,False,False,0.0,singleton
E06220,1,0,1,,0,none,0,,0,,0,0,False,False,False,0.0,singleton
E06221,1,0,1,,0,none,0,,0,,0,0,False,False,False,0.0,singleton
E06222,1,0,1,,0,none,0,,0,,0,0,False,False,False,0.0,singleton
E06223,1,0,1,,0,none,0,,0,,0,0,False,False,False,0.0,singleton
E06224,1,0,1,,0,none,0,,0,,0,0,False,False,False,0.0,singleton
E06225,1,0,1,,0,none,0,,0,,0,0,False,False,False,0.0,singleton
E06226,1,0,1,,0,none,0,,0,,0,0,False,False,False,0.0,singleton
E06227,1,0,1,,0,none,0,,0,,0,0,False,False,False,0.0,singleton
E06228,1,0,1,,0,none,0,,0,,0,0,False,False,False,0.0,singleton
E06229,1,0,1,,0,none,0,,0,,0,0,False,False,False,0.0,singleton
E06230,1,0,1,,0,none,0,,0,,0,0,False,False,False,0.0,singleton
E06231,1,0,1,,0,none,0,,0,,0,0,False,False,False,0.0,singleton
E06232,1,0,1,,0,none,0,,0,,0,0,False,False,False,0.0,singleton
E06233,1,0,1,,0,none,0,,0,,0,0,False,False,False,0.0,singleton
E06234,1,0,1,,0,none,0,,0,,0,0,False,False,False,0.0,singleton
E06235,1,0,1,,0,none,0,,0,,0,0,False,False,False,0.0,singleton
E06236,1,0,1,,0,none,0,,0,,0,0,False,False,False,0.0,singleton
E06237,1,0,1,,0,none,0,,0,,0,0,False,False,False,0.0,singleton
E06238,1,0,1,,0,none,0,,0,,0,0,False,False,False,0.0,singleton
E06239,1,0,1,,0,none,0,,0,,0,0,False,False,False,0.0,singleton
E06240,1,0,1,,0,none,0,,0,,0,0,False,False,False,0.0,singleton
E06241,1,0,1,,0,none,0,,0,,0,0,False,False,False,0.0,singleton
E06242,1,0,1,,0,none,0,,0,,0,0,False,False,False,0.0,singleton
E06243,1,0,1,,0,none,0,,0,,0,0,False,False,False,0.0,singleton
E06244,1,0,1,,0,none,0,,0,,0,0,False,False,False,0.0,singleton
E06245,1,0,1,,0,none,0,,0,,0,0,False,False,False,0.0,singleton
E06246,1,0,1,,0,none,0,,0,,0,0,False,False,False,0.0,singleton
E06247,1,0,1,,0,none,0,,0,,0,0,False,False,False,0.0,singleton
E06248,1,0,1,,0,none,0,,0,,0,0,False,False,False,0.0,singleton
E06249,1,0,1,,0,none,0,,0,,0,0,False,False,False,0.0,singleton
E06250,1,0,1,,0,none,0,,0,,0,0,False,False,False,0.0,singleton
E06251,1,0,1,,0,none,0,,0,,0,0,False,False,False,0.0,singleton
E06252,1,0,1,,0,none,0,,0,,0,0,False,False,False,0.0,singleton
E06253,1,0,1,,0,none,0,,0,,0,0,False,False,False,0.0,singleton
E06254,1,0,1,,0,none,0,,0,,0,0,False,False,False,0.0,singleton
E06255,1,0,1,,0,none,0,,0,,0,0,False,False,False,0.0,singleton
E06256,1,0,1,,0,none,0,,0,,0,0,False,False,False,0.0,singleton
E06257,1,0,1,,0,none,0,,0,,0,0,False,False,False,0.0,singleton
E06258,1,0,1,,0,none,0,,0,,0,0,False,False,False,0.0,singleton
E06259,1,0,1,,0,none,0,,0,,0,0,False,False,False,0.0,singleton
E06260,1,0,1,,0,none,0,,0,,0,0,False,False,False,0.0,singleton
E06261,1,0,1,,0,none,0,,0,,0,0,False,False,False,0.0,singleton
E06262,1,0,1,,0,none,0,,0,,0,0,False,False,False,0.0,singleton
E06263,1,0,1,,0,none,0,,0,,0,0,False,False,False,0.0,singleton
E06264,1,0,1,,0,none,0,,0,,0,0,False,False,False,0.0,singleton
E06265,1,0,1,,0,none,0,,0,,0,0,False,False,False,0.0,singleton
E06266,1,0,1,,0,none,0,,0,,0,0,False,False,False,0.0,singleton
E06267,1,0,1,,0,none,0,,0,,0,0,False,False,False,0.0,singleton
E06268,1,0,1,,0,none,0,,0,,0,0,False,False,False,0.0,singleton
E06269,1,0,1,,0,none,0,,0,,0,0,False,False,False,0.0,singleton
E06270,1,0,1,,0,none,0,,0,,0,0,False,False,False,0.0,singleton
E06271,1,0,1,,0,none,0,,0,,0,0,False,False,False,0.0,singleton
E06272,1,0,1,,0,none,0,,0,,0,0,False,False,False,0.0,singleton
E06273,1,0,1,,0,none,0,,0,,0,0,False,False,False,0.0,singleton
E06274,1,0,1,,0,none,0,,0,,0,0,False,False,False,0.0,singleton
E06275,1,0,1,,0,none,0,,0,,0,0,False,False,False,0.0,singleton
E06276,1,0,1,,0,none,0,,0,,0,0,False,False,False,0.0,singleton
E06277,1,0,1,,0,none,0,,0,,0,0,False,False,False,0.0,singleton
E06278,1,0,1,,0,none,0,,0,,0,0,False,False,False,0.0,singleton
E06279,1,0,1,,0,none,0,,0,,0,0,False,False,False,0.0,singleton
E06280,1,0,1,,0,none,0,,0,,0,0,False,False,False,0.0,singleton
E06281,1,0,1,,0,none,0,,0,,0,0,False,False,False,0.0,singleton
E06282,1,0,1,,0,none,0,,0,,0,0,False,False,False,0.0,singleton
E06283,1,0,1,,0,none,0,,0,,0,0,False,False,False,0.0,singleton
E06284,1,0,1,,0,none,0,,0,,0,0,False,False,False,0.0,singleton
E06285,1,0,1,,0,none,0,,0,,0,0,False,False,False,0.0,singleton
E06286,1,0,1,,0,none,0,,0,,0,0,False,False,False,0.0,singleton
E06287,1,0,1,,0,none,0,,0,,0,0,False,False,False,0.0,singleton
E06288,1,0,1,,0,none,0,,0,,0,0,False,False,False,0.0,singleton
E06289,1,0,1,,0,none,0,,0,,0,0,False,False,False,0.0,singleton
E06290,1,0,1,,0,none,0,,0,,0,0,False,False,False,0.0,singleton
E06291,1,0,1,,0,none,0,,0,,0,0,False,False,False,0.0,singleton
E06292,1,0,1,,0,none,0,,0,,0,0,False,False,False,0.0,singleton
E06293,1,0,1,,0,none,0,,0,,0,0,False,False,False,0.0,singleton
E06294,1,0,1,,0,none,0,,0,,0,0,False,False,False,0.0,singleton
E06295,1,0,1,,0,none,0,,0,,0,0,False,False,False,0.0,singleton
E06296,1,0,1,,0,none,0,,0,,0,0,False,False,False,0.0,singleton
E06297,1,0,1,,0,none,0,,0,,0,0,False,False,False,0.0,singleton
E06298,1,0,1,,0,none,0,,0,,0,0,False,False,False,0.0,singleton
E06299,1,0,1,,0,none,0,,0,,0,0,False,False,False,0.0,singleton
E06300,1,0,1,,0,none,0,,0,,0,0,False,False,False,0.0,singleton
E06301,1,0,1,,0,none,0,,0,,0,0,False,False,False,0.0,singleton
E06302,1,0,1,,0,none,0,,0,,0,0,False,False,False,0.0,singleton
E06303,1,0,1,,0,none,0,,0,,0,0,False,False,False,0.0,singleton
E06304,1,0,1,,0,none,0,,0,,0,0,False,False,False,0.0,singleton
E06305,1,0,1,,0,none,0,,0,,0,0,False,False,False,0.0,singleton
E06306,1,0,1,,0,none,0,,0,,0,0,False,False,False,0.0,singleton
E06307,1,0,1,,0,none,0,,0,,0,0,False,False,False,0.0,singleton
E06308,1,0,1,,0,none,0,,0,,0,0,False,False,False,0.0,singleton
E06309,1,0,1,,0,none,0,,0,,0,0,False,False,False,0.0,singleton
E06310,1,0,1,,0,none,0,,0,,0,0,False,False,False,0.0,singleton
E06311,1,0,1,,0,none,0,,0,,0,0,False,False,False,0.0,singleton
E06312,1,0,1,,0,none,0,,0,,0,0,False,False,False,0.0,singleton
E06313,1,0,1,,0,none,0,,0,,0,0,False,False,False,0.0,singleton
E06314,1,0,1,,0,none,0,,0,,0,0,False,False,False,0.0,singleton
E06315,1,0,1,,0,none,0,,0,,0,0,False,False,False,0.0,singleton
E06316,1,0,1,,0,none,0,,0,,0,0,False,False,False,0.0,singleton
E06317,1,0,1,,0,none,0,,0,,0,0,False,False,False,0.0,singleton
E06318,1,0,1,,0,none,0,,0,,0,0,False,False,False,0.0,singleton
E06319,1,0,1,,0,none,0,,0,,0,0,False,False,False,0.0,singleton
E06320,1,0,1,,0,none,0,,0,,0,0,False,False,False,0.0,singleton
E06321,1,0,1,,0,none,0,,0,,0,0,False,False,False,0.0,singleton
E06322,1,0,1,,0,none,0,,0,,0,0,False,False,False,0.0,singleton
E06323,1,0,1,,0,none,0,,0,,0,0,False,False,False,0.0,singleton
E06324,1,0,1,,0,none,0,,0,,0,0,False,False,False,0.0,singleton
E06325,1,0,1,,0,none,0,,0,,0,0,False,False,False,0.0,singleton
E06326,1,0,1,,0,none,0,,0,,0,0,False,False,False,0.0,singleton
E06327,1,0,1,,0,none,0,,0,,0,0,False,False,False,0.0,singleton
E06328,1,0,1,,0,none,0,,0,,0,0,False,False,False,0.0,singleton
E06329,1,0,1,,0,none,0,,0,,0,0,False,False,False,0.0,singleton
E06330,1,0,1,,0,none,0,,0,,0,0,False,False,False,0.0,singleton
E06331,1,0,1,,0,none,0,,0,,0,0,False,False,False,0.0,singleton
E06332,1,0,1,,0,none,0,,0,,0,0,False,False,False,0.0,singleton
E06333,1,0,1,,0,none,0,,0,,0,0,False,False,False,0.0,singleton
E06334,1,0,1,,0,none,0,,0,,0,0,False,False,False,0.0,singleton
E06335,1,0,1,,0,none,0,,0,,0,0,False,False,False,0.0,singleton
E06336,1,0,1,,0,none,0,,0,,0,0,False,False,False,0.0,singleton
E06337,1,0,1,,0,none,0,,0,,0,0,False,False,False,0.0,singleton
E06338,1,0,1,,0,none,0,,0,,0,0,False,False,False,0.0,singleton
E06339,1,0,1,,0,none,0,,0,,0,0,False,False,False,0.0,singleton
E06340,1,0,1,,0,none,0,,0,,0,0,False,False,False,0.0,singleton
E06341,1,0,1,,0,none,0,,0,,0,0,False,False,False,0.0,singleton
E06342,1,0,1,,0,none,0,,0,,0,0,False,False,False,0.0,singleton
E06343,1,0,1,,0,none,0,,0,,0,0,False,False,False,0.0,singleton
E06344,1,0,1,,0,none,0,,0,,0,0,False,False,False,0.0,singleton
E06345,1,0,1,,0,none,0,,0,,0,0,False,False,False,0.0,singleton
E06346,1,0,1,,0,none,0,,0,,0,0,False,False,False,0.0,singleton
E06347,1,0,1,,0,none,0,,0,,0,0,False,False,False,0.0,singleton
E06348,1,0,1,,0,none,0,,0,,0,0,False,False,False,0.0,singleton
E06349,1,0,1,,0,none,0,,0,,0,0,False,False,False,0.0,singleton
E06350,1,0,1,,0,none,0,,0,,0,0,False,False,False,0.0,singleton
E06351,1,0,1,,0,none,0,,0,,0,0,False,False,False,0.0,singleton
E06352,1,0,1,,0,none,0,,0,,0,0,False,False,False,0.0,singleton
E06353,1,0,1,,0,none,0,,0,,0,0,False,False,False,0.0,singleton
E06354,1,0,1,,0,none,0,,0,,0,0,False,False,False,0.0,singleton
E06355,1,0,1,,0,none,0,,0,,0,0,False,False,False,0.0,singleton
E06356,1,0,1,,0,none,0,,0,,0,0,False,False,False,0.0,singleton
E06357,1,0,1,,0,none,0,,0,,0,0,False,False,False,0.0,singleton
E06358,1,0,1,,0,none,0,,0,,0,0,False,False,False,0.0,singleton
E06359,1,0,1,,0,none,0,,0,,0,0,False,False,False,0.0,singleton
E06360,1,0,1,,0,none,0,,0,,0,0,False,False,False,0.0,singleton
E06361,1,0,1,,0,none,0,,0,,0,0,False,False,False,0.0,singleton
E06362,1,0,1,,0,none,0,,0,,0,0,False,False,False,0.0,singleton
E06363,1,0,1,,0,none,0,,0,,0,0,False,False,False,0.0,singleton
E06364,1,0,1,,0,none,0,,0,,0,0,False,False,False,0.0,singleton
E06365,1,0,1,,0,none,0,,0,,0,0,False,False,False,0.0,singleton
E06366,1,0,1,,0,none,0,,0,,0,0,False,False,False,0.0,singleton
E06367,1,0,1,,0,none,0,,0,,0,0,False,False,False,0.0,singleton
E06368,1,0,1,,0,none,0,,0,,0,0,False,False,False,0.0,singleton
E06369,1,0,1,,0,none,0,,0,,0,0,False,False,False,0.0,singleton
E06370,1,0,1,,0,none,0,,0,,0,0,False,False,False,0.0,singleton
E06371,1,0,1,,0,none,0,,0,,0,0,False,False,False,0.0,singleton
E06372,1,0,1,,0,none,0,,0,,0,0,False,False,False,0.0,singleton
E06373,1,0,1,,0,none,0,,0,,0,0,False,False,False,0.0,singleton
E06374,1,0,1,,0,none,0,,0,,0,0,False,False,False,0.0,singleton
E06375,1,0,1,,0,none,0,,0,,0,0,False,False,False,0.0,singleton
E06376,1,0,1,,0,none,0,,0,,0,0,False,False,False,0.0,singleton
E06377,1,0,1,,0,none,0,,0,,0,0,False,False,False,0.0,singleton
E06378,1,0,1,,0,none,0,,0,,0,0,False,False,False,0.0,singleton
E06379,1,0,1,,0,none,0,,0,,0,0,False,False,False,0.0,singleton
E06380,1,0,1,,0,none,0,,0,,0,0,False,False,False,0.0,singleton
E06381,1,0,1,,0,none,0,,0,,0,0,False,False,False,0.0,singleton
E06382,1,0,1,,0,none,0,,0,,0,0,False,False,False,0.0,singleton
E06383,1,0,1,,0,none,0,,0,,0,0,False,False,False,0.0,singleton
E06384,1,0,1,,0,none,0,,0,,0,0,False,False,False,0.0,singleton
E06385,1,0,1,,0,none,0,,0,,0,0,False,False,False,0.0,singleton
E06386,1,0,1,,0,none,0,,0,,0,0,False,False,False,0.0,singleton
E06387,1,0,1,,0,none,0,,0,,0,0,False,False,False,0.0,singleton
E06388,1,0,1,,0,none,0,,0,,0,0,False,False,False,0.0,singleton
E06389,1,0,1,,0,none,0,,0,,0,0,False,False,False,0.0,singleton
E06390,1,0,1,,0,none,0,,0,,0,0,False,False,False,0.0,singleton
E06391,1,0,1,,0,none,0,,0,,0,0,False,False,False,0.0,singleton
E06392,1,0,1,,0,none,0,,0,,0,0,False,False,False,0.0,singleton
E06393,1,0,1,,0,none,0,,0,,0,0,False,False,False,0.0,singleton
E06394,1,0,1,,0,none,0,,0,,0,0,False,False,False,0.0,singleton
E06395,1,0,1,,0,none,0,,0,,0,0,False,False,False,0.0,singleton
E06396,1,0,1,,0,none,0,,0,,0,0,False,False,False,0.0,singleton
E06397,1,0,1,,0,none,0,,0,,0,0,False,False,False,0.0,singleton
E06398,1,0,1,,0,none,0,,0,,0,0,False,False,False,0.0,singleton
E06399,1,0,1,,0,none,0,,0,,0,0,False,False,False,0.0,singleton
E06400,1,0,1,,0,none,0,,0,,0,0,False,False,False,0.0,singleton
E06401,1,0,1,,0,none,0,,0,,0,0,False,False,False,0.0,singleton
E06402,1,0,1,,0,none,0,,0,,0,0,False,False,False,0.0,singleton
E06403,1,0,1,,0,none,0,,0,,0,0,False,False,False,0.0,singleton
E06404,1,0,1,,0,none,0,,0,,0,0,False,False,False,0.0,singleton
E06405,1,0,1,,0,none,0,,0,,0,0,False,False,False,0.0,singleton
E06406,1,0,1,,0,none,0,,0,,0,0,False,False,False,0.0,singleton
E06407,1,0,1,,0,none,0,,0,,0,0,False,False,False,0.0,singleton
E06408,1,0,1,,0,none,0,,0,,0,0,False,False,False,0.0,singleton
E06409,1,0,1,,0,none,0,,0,,0,0,False,False,False,0.0,singleton
E06410,1,0,1,,0,none,0,,0,,0,0,False,False,False,0.0,singleton
E06411,1,0,1,,0,none,0,,0,,0,0,False,False,False,0.0,singleton
E06412,1,0,1,,0,none,0,,0,,0,0,False,False,False,0.0,singleton
E06413,1,0,1,,0,none,0,,0,,0,0,False,False,False,0.0,singleton
E06414,1,0,1,,0,none,0,,0,,0,0,False,False,False,0.0,singleton
E06415,1,0,1,,0,none,0,,0,,0,0,False,False,False,0.0,singleton
E06416,1,0,1,,0,none,0,,0,,0,0,False,False,False,0.0,singleton
E06417,1,0,1,,0,none,0,,0,,0,0,False,False,False,0.0,singleton
E06418,1,0,1,,0,none,0,,0,,0,0,False,False,False,0.0,singleton
E06419,1,0,1,,0,none,0,,0,,0,0,False,False,False,0.0,singleton
E06420,1,0,1,,0,none,0,,0,,0,0,False,False,False,0.0,singleton
E06421,1,0,1,,0,none,0,,0,,0,0,False,False,False,0.0,singleton
E06422,1,0,1,,0,none,0,,0,,0,0,False,False,False,0.0,singleton
E06423,1,0,1,,0,none,0,,0,,0,0,False,False,False,0.0,singleton
E06424,1,0,1,,0,none,0,,0,,0,0,False,False,False,0.0,singleton
E06425,1,0,1,,0,none,0,,0,,0,0,False,False,False,0.0,singleton
E06426,1,0,1,,0,none,0,,0,,0,0,False,False,False,0.0,singleton
E06427,1,0,1,,0,none,0,,0,,0,0,False,False,False,0.0,singleton
E06428,1,0,1,,0,none,0,,0,,0,0,False,False,False,0.0,singleton
E06429,1,0,1,,0,none,0,,0,,0,0,False,False,False,0.0,singleton
E06430,1,0,1,,0,none,0,,0,,0,0,False,False,False,0.0,singleton
E06431,1,0,1,,0,none,0,,0,,0,0,False,False,False,0.0,singleton
E06432,1,0,1,,0,none,0,,0,,0,0,False,False,False,0.0,singleton
E06433,1,0,1,,0,none,0,,0,,0,0,False,False,False,0.0,singleton
E06434,1,0,1,,0,none,0,,0,,0,0,False,False,False,0.0,singleton
E06435,1,0,1,,0,none,0,,0,,0,0,False,False,False,0.0,singleton
E06436,1,0,1,,0,none,0,,0,,0,0,False,False,False,0.0,singleton
E06437,1,0,1,,0,none,0,,0,,0,0,False,False,False,0.0,singleton
E06438,1,0,1,,0,none,0,,0,,0,0,False,False,False,0.0,singleton
E06439,1,0,1,,0,none,0,,0,,0,0,False,False,False,0.0,singleton
E06440,1,0,1,,0,none,0,,0,,0,0,False,False,False,0.0,singleton
E06441,1,0,1,,0,none,0,,0,,0,0,False,False,False,0.0,singleton
E06442,1,0,1,,0,none,0,,0,,0,0,False,False,False,0.0,singleton
E06443,1,0,1,,0,none,0,,0,,0,0,False,False,False,0.0,singleton
E06444,1,0,1,,0,none,0,,0,,0,0,False,False,False,0.0,singleton
E06445,1,0,1,,0,none,0,,0,,0,0,False,False,False,0.0,singleton
E06446,1,0,1,,0,none,0,,0,,0,0,False,False,False,0.0,singleton
E06447,1,0,1,,0,none,0,,0,,0,0,False,False,False,0.0,singleton
E06448,1,0,1,,0,none,0,,0,,0,0,False,False,False,0.0,singleton
E06449,1,0,1,,0,none,0,,0,,0,0,False,False,False,0.0,singleton
E06450,1,0,1,,0,none,0,,0,,0,0,False,False,False,0.0,singleton
E06451,1,0,1,,0,none,0,,0,,0,0,False,False,False,0.0,singleton
E06452,1,0,1,,0,none,0,,0,,0,0,False,False,False,0.0,singleton
E06453,1,0,1,,0,none,0,,0,,0,0,False,False,False,0.0,singleton
E06454,1,0,1,,0,none,0,,0,,0,0,False,False,False,0.0,singleton
E06455,1,0,1,,0,none,0,,0,,0,0,False,False,False,0.0,singleton
E06456,1,0,1,,0,none,0,,0,,0,0,False,False,False,0.0,singleton
E06457,1,0,1,,0,none,0,,0,,0,0,False,False,False,0.0,singleton
E06458,1,0,1,,0,none,0,,0,,0,0,False,False,False,0.0,singleton
E06459,1,0,1,,0,none,0,,0,,0,0,False,False,False,0.0,singleton
E06460,1,0,1,,0,none,0,,0,,0,0,False,False,False,0.0,singleton
E06461,1,0,1,,0,none,0,,0,,0,0,False,False,False,0.0,singleton
E06462,1,0,1,,0,none,0,,0,,0,0,False,False,False,0.0,singleton
E06463,1,0,1,,0,none,0,,0,,0,0,False,False,False,0.0,singleton
E06464,1,0,1,,0,none,0,,0,,0,0,False,False,False,0.0,singleton
E06465,1,0,1,,0,none,0,,0,,0,0,False,False,False,0.0,singleton
E06466,1,0,1,,0,none,0,,0,,0,0,False,False,False,0.0,singleton
E06467,1,0,1,,0,none,0,,0,,0,0,False,False,False,0.0,singleton
E06468,1,0,1,,0,none,0,,0,,0,0,False,False,False,0.0,singleton
E06469,1,0,1,,0,none,0,,0,,0,0,False,False,False,0.0,singleton
E06470,1,0,1,,0,none,0,,0,,0,0,False,False,False,0.0,singleton
E06471,1,0,1,,0,none,0,,0,,0,0,False,False,False,0.0,singleton
E06472,1,0,1,,0,none,0,,0,,0,0,False,False,False,0.0,singleton
E06473,1,0,1,,0,none,0,,0,,0,0,False,False,False,0.0,singleton
E06474,1,0,1,,0,none,0,,0,,0,0,False,False,False,0.0,singleton
E06475,1,0,1,,0,none,0,,0,,0,0,False,False,False,0.0,singleton
E06476,1,0,1,,0,none,0,,0,,0,0,False,False,False,0.0,singleton
E06477,1,0,1,,0,none,0,,0,,0,0,False,False,False,0.0,singleton
E06478,1,0,1,,0,none,0,,0,,0,0,False,False,False,0.0,singleton
E06479,1,0,1,,0,none,0,,0,,0,0,False,False,False,0.0,singleton
E06480,1,0,1,,0,none,0,,0,,0,0,False,False,False,0.0,singleton
E06481,1,0,1,,0,none,0,,0,,0,0,False,False,False,0.0,singleton
E06482,1,0,1,,0,none,0,,0,,0,0,False,False,False,0.0,singleton
E06483,1,0,1,,0,none,0,,0,,0,0,False,False,False,0.0,singleton
E06484,1,0,1,,0,none,0,,0,,0,0,False,False,False,0.0,singleton
E06485,1,0,1,,0,none,0,,0,,0,0,False,False,False,0.0,singleton
E06486,1,0,1,,0,none,0,,0,,0,0,False,False,False,0.0,singleton
E06487,1,0,1,,0,none,0,,0,,0,0,False,False,False,0.0,singleton
E06488,1,0,1,,0,none,0,,0,,0,0,False,False,False,0.0,singleton
E06489,1,0,1,,0,none,0,,0,,0,0,False,False,False,0.0,singleton
E06490,1,0,1,,0,none,0,,0,,0,0,False,False,False,0.0,singleton
E06491,1,0,1,,0,none,0,,0,,0,0,False,False,False,0.0,singleton
E06492,1,0,1,,0,none,0,,0,,0,0,False,False,False,0.0,singleton
E06493,1,0,1,,0,none,0,,0,,0,0,False,False,False,0.0,singleton
E06494,1,0,1,,0,none,0,,0,,0,0,False,False,False,0.0,singleton
E06495,1,0,1,,0,none,0,,0,,0,0,False,False,False,0.0,singleton
E06496,1,0,1,,0,none,0,,0,,0,0,False,False,False,0.0,singleton
E06497,1,0,1,,0,none,0,,0,,0,0,False,False,False,0.0,singleton
E06498,1,0,1,,0,none,0,,0,,0,0,False,False,False,0.0,singleton
E06499,1,0,1,,0,none,0,,0,,0,0,False,False,False,0.0,singleton
E06500,1,0,1,,0,none,0,,0,,0,0,False,False,False,0.0,singleton
E06501,1,0,1,,0,none,0,,0,,0,0,False,False,False,0.0,singleton
E06502,1,0,1,,0,none,0,,0,,0,0,False,False,False,0.0,singleton
E06503,1,0,1,,0,none,0,,0,,0,0,False,False,False,0.0,singleton
E06504,1,0,1,,0,none,0,,0,,0,0,False,False,False,0.0,singleton
E06505,1,0,1,,0,none,0,,0,,0,0,False,False,False,0.0,singleton
E06506,1,0,1,,0,none,0,,0,,0,0,False,False,False,0.0,singleton
E06507,1,0,1,,0,none,0,,0,,0,0,False,False,False,0.0,singleton
E06508,1,0,1,,0,none,0,,0,,0,0,False,False,False,0.0,singleton
E06509,1,0,1,,0,none,0,,0,,0,0,False,False,False,0.0,singleton
E06510,1,0,1,,0,none,0,,0,,0,0,False,False,False,0.0,singleton
E06511,1,0,1,,0,none,0,,0,,0,0,False,False,False,0.0,singleton
E06512,1,0,1,,0,none,0,,0,,0,0,False,False,False,0.0,singleton
E06513,1,0,1,,0,none,0,,0,,0,0,False,False,False,0.0,singleton
E06514,1,0,1,,0,none,0,,0,,0,0,False,False,False,0.0,singleton
E06515,1,0,1,,0,none,0,,0,,0,0,False,False,False,0.0,singleton
E06516,1,0,1,,0,none,0,,0,,0,0,False,False,False,0.0,singleton
E06517,1,0,1,,0,none,0,,0,,0,0,False,False,False,0.0,singleton
E06518,1,0,1,,0,none,0,,0,,0,0,False,False,False,0.0,singleton
E06519,1,0,1,,0,none,0,,0,,0,0,False,False,False,0.0,singleton
E06520,1,0,1,,0,none,0,,0,,0,0,False,False,False,0.0,singleton
E06521,1,0,1,,0,none,0,,0,,0,0,False,False,False,0.0,singleton
E06522,1,0,1,,0,none,0,,0,,0,0,False,False,False,0.0,singleton
E06523,1,0,1,,0,none,0,,0,,0,0,False,False,False,0.0,singleton
E06524,1,0,1,,0,none,0,,0,,0,0,False,False,False,0.0,singleton
E06525,1,0,1,,0,none,0,,0,,0,0,False,False,False,0.0,singleton
E06526,1,0,1,,0,none,0,,0,,0,0,False,False,False,0.0,singleton
E06527,1,0,1,,0,none,0,,0,,0,0,False,False,False,0.0,singleton
E06528,1,0,1,,0,none,0,,0,,0,0,False,False,False,0.0,singleton
E06529,1,0,1,,0,none,0,,0,,0,0,False,False,False,0.0,singleton
E06530,1,0,1,,0,none,0,,0,,0,0,False,False,False,0.0,singleton
E06531,1,0,1,,0,none,0,,0,,0,0,False,False,False,0.0,singleton
E06532,1,0,1,,0,none,0,,0,,0,0,False,False,False,0.0,singleton
E06533,1,0,1,,0,none,0,,0,,0,0,False,False,False,0.0,singleton
E06534,1,0,1,,0,none,0,,0,,0,0,False,False,False,0.0,singleton
E06535,1,0,1,,0,none,0,,0,,0,0,False,False,False,0.0,singleton
E06536,1,0,1,,0,none,0,,0,,0,0,False,False,False,0.0,singleton
E06537,1,0,1,,0,none,0,,0,,0,0,False,False,False,0.0,singleton
E06538,1,0,1,,0,none,0,,0,,0,0,False,False,False,0.0,singleton
E06539,1,0,1,,0,none,0,,0,,0,0,False,False,False,0.0,singleton
E06540,1,0,1,,0,none,0,,0,,0,0,False,False,False,0.0,singleton
E06541,1,0,1,,0,none,0,,0,,0,0,False,False,False,0.0,singleton
E06542,1,0,1,,0,none,0,,0,,0,0,False,False,False,0.0,singleton
E06543,1,0,1,,0,none,0,,0,,0,0,False,False,False,0.0,singleton
E06544,1,0,1,,0,none,0,,0,,0,0,False,False,False,0.0,singleton
E06545,1,0,1,,0,none,0,,0,,0,0,False,False,False,0.0,singleton
E06546,1,0,1,,0,none,0,,0,,0,0,False,False,False,0.0,singleton
E06547,1,0,1,,0,none,0,,0,,0,0,False,False,False,0.0,singleton
E06548,1,0,1,,0,none,0,,0,,0,0,False,False,False,0.0,singleton
E06549,1,0,1,,0,none,0,,0,,0,0,False,False,False,0.0,singleton
E06550,1,0,1,,0,none,0,,0,,0,0,False,False,False,0.0,singleton
E06551,1,0,1,,0,none,0,,0,,0,0,False,False,False,0.0,singleton
E06552,1,0,1,,0,none,0,,0,,0,0,False,False,False,0.0,singleton
E06553,1,0,1,,0,none,0,,0,,0,0,False,False,False,0.0,singleton
E06554,1,0,1,,0,none,0,,0,,0,0,False,False,False,0.0,singleton
E06555,1,0,1,,0,none,0,,0,,0,0,False,False,False,0.0,singleton
E06556,1,0,1,,0,none,0,,0,,0,0,False,False,False,0.0,singleton
E06557,1,0,1,,0,none,0,,0,,0,0,False,False,False,0.0,singleton
E06558,1,0,1,,0,none,0,,0,,0,0,False,False,False,0.0,singleton
E06559,1,0,1,,0,none,0,,0,,0,0,False,False,False,0.0,singleton
E06560,1,0,1,,0,none,0,,0,,0,0,False,False,False,0.0,singleton
E06561,1,0,1,,0,none,0,,0,,0,0,False,False,False,0.0,singleton
E06562,1,0,1,,0,none,0,,0,,0,0,False,False,False,0.0,singleton
E06563,1,0,1,,0,none,0,,0,,0,0,False,False,False,0.0,singleton
E06564,1,0,1,,0,none,0,,0,,0,0,False,False,False,0.0,singleton
E06565,1,0,1,,0,none,0,,0,,0,0,False,False,False,0.0,singleton
E06566,1,0,1,,0,none,0,,0,,0,0,False,False,False,0.0,singleton
E06567,1,0,1,,0,none,0,,0,,0,0,False,False,False,0.0,singleton
E06568,1,0,1,,0,none,0,,0,,0,0,False,False,False,0.0,singleton
E06569,1,0,1,,0,none,0,,0,,0,0,False,False,False,0.0,singleton
E06570,1,0,1,,0,none,0,,0,,0,0,False,False,False,0.0,singleton
E06571,1,0,1,,0,none,0,,0,,0,0,False,False,False,0.0,singleton
E06572,1,0,1,,0,none,0,,0,,0,0,False,False,False,0.0,singleton
E06573,1,0,1,,0,none,0,,0,,0,0,False,False,False,0.0,singleton
E06574,1,0,1,,0,none,0,,0,,0,0,False,False,False,0.0,singleton
E06575,1,0,1,,0,none,0,,0,,0,0,False,False,False,0.0,singleton
E06576,1,0,1,,0,none,0,,0,,0,0,False,False,False,0.0,singleton
E06577,1,0,1,,0,none,0,,0,,0,0,False,False,False,0.0,singleton
E06578,1,0,1,,0,none,0,,0,,0,0,False,False,False,0.0,singleton
E06579,1,0,1,,0,none,0,,0,,0,0,False,False,False,0.0,singleton
E06580,1,0,1,,0,none,0,,0,,0,0,False,False,False,0.0,singleton
E06581,1,0,1,,0,none,0,,0,,0,0,False,False,False,0.0,singleton
E06582,1,0,1,,0,none,0,,0,,0,0,False,False,False,0.0,singleton
E06583,1,0,1,,0,none,0,,0,,0,0,False,False,False,0.0,singleton
E06584,1,0,1,,0,none,0,,0,,0,0,False,False,False,0.0,singleton
E06585,1,0,1,,0,none,0,,0,,0,0,False,False,False,0.0,singleton
E06586,1,0,1,,0,none,0,,0,,0,0,False,False,False,0.0,singleton
E06587,1,0,1,,0,none,0,,0,,0,0,False,False,False,0.0,singleton
E06588,1,0,1,,0,none,0,,0,,0,0,False,False,False,0.0,singleton
E06589,1,0,1,,0,none,0,,0,,0,0,False,False,False,0.0,singleton
E06590,1,0,1,,0,none,0,,0,,0,0,False,False,False,0.0,singleton
E06591,1,0,1,,0,none,0,,0,,0,0,False,False,False,0.0,singleton
E06592,1,0,1,,0,none,0,,0,,0,0,False,False,False,0.0,singleton
E06593,1,0,1,,0,none,0,,0,,0,0,False,False,False,0.0,singleton
E06594,1,0,1,,0,none,0,,0,,0,0,False,False,False,0.0,singleton
E06595,1,0,1,,0,none,0,,0,,0,0,False,False,False,0.0,singleton
E06596,1,0,1,,0,none,0,,0,,0,0,False,False,False,0.0,singleton
E06597,1,0,1,,0,none,0,,0,,0,0,False,False,False,0.0,singleton
E06598,1,0,1,,0,none,0,,0,,0,0,False,False,False,0.0,singleton
E06599,1,0,1,,0,none,0,,0,,0,0,False,False,False,0.0,singleton
E06600,1,0,1,,0,none,0,,0,,0,0,False,False,False,0.0,singleton
E06601,1,0,1,,0,none,0,,0,,0,0,False,False,False,0.0,singleton
E06602,1,0,1,,0,none,0,,0,,0,0,False,False,False,0.0,singleton
E06603,1,0,1,,0,none,0,,0,,0,0,False,False,False,0.0,singleton
E06604,1,0,1,,0,none,0,,0,,0,0,False,False,False,0.0,singleton
E06605,1,0,1,,0,none,0,,0,,0,0,False,False,False,0.0,singleton
E06606,1,0,1,,0,none,0,,0,,0,0,False,False,False,0.0,singleton
E06607,1,0,1,,0,none,0,,0,,0,0,False,False,False,0.0,singleton
E06608,1,0,1,,0,none,0,,0,,0,0,False,False,False,0.0,singleton
E06609,1,0,1,,0,none,0,,0,,0,0,False,False,False,0.0,singleton
E06610,1,0,1,,0,none,0,,0,,0,0,False,False,False,0.0,singleton
E06611,1,0,1,,0,none,0,,0,,0,0,False,False,False,0.0,singleton
E06612,1,0,1,,0,none,0,,0,,0,0,False,False,False,0.0,singleton
E06613,1,0,1,,0,none,0,,0,,0,0,False,False,False,0.0,singleton
E06614,1,0,1,,0,none,0,,0,,0,0,False,False,False,0.0,singleton
E06615,1,0,1,,0,none,0,,0,,0,0,False,False,False,0.0,singleton
E06616,1,0,1,,0,none,0,,0,,0,0,False,False,False,0.0,singleton
E06617,1,0,1,,0,none,0,,0,,0,0,False,False,False,0.0,singleton
E06618,1,0,1,,0,none,0,,0,,0,0,False,False,False,0.0,singleton
E06619,1,0,1,,0,none,0,,0,,0,0,False,False,False,0.0,singleton
E06620,1,0,1,,0,none,0,,0,,0,0,False,False,False,0.0,singleton
E06621,1,0,1,,0,none,0,,0,,0,0,False,False,False,0.0,singleton
E06622,1,0,1,,0,none,0,,0,,0,0,False,False,False,0.0,singleton
E06623,1,0,1,,0,none,0,,0,,0,0,False,False,False,0.0,singleton
E06624,1,0,1,,0,none,0,,0,,0,0,False,False,False,0.0,singleton
E06625,1,0,1,,0,none,0,,0,,0,0,False,False,False,0.0,singleton
E06626,1,0,1,,0,none,0,,0,,0,0,False,False,False,0.0,singleton
E06627,1,0,1,,0,none,0,,0,,0,0,False,False,False,0.0,singleton
E06628,1,0,1,,0,none,0,,0,,0,0,False,False,False,0.0,singleton
E06629,1,0,1,,0,none,0,,0,,0,0,False,False,False,0.0,singleton
E06630,1,0,1,,0,none,0,,0,,0,0,False,False,False,0.0,singleton
E06631,1,0,1,,0,none,0,,0,,0,0,False,False,False,0.0,singleton
E06632,1,0,1,,0,none,0,,0,,0,0,False,False,False,0.0,singleton
E06633,1,0,1,,0,none,0,,0,,0,0,False,False,False,0.0,singleton
E06634,1,0,1,,0,none,0,,0,,0,0,False,False,False,0.0,singleton
E06635,1,0,1,,0,none,0,,0,,0,0,False,False,False,0.0,singleton
E06636,1,0,1,,0,none,0,,0,,0,0,False,False,False,0.0,singleton
E06637,1,0,1,,0,none,0,,0,,0,0,False,False,False,0.0,singleton
E06638,1,0,1,,0,none,0,,0,,0,0,False,False,False,0.0,singleton
E06639,1,0,1,,0,none,0,,0,,0,0,False,False,False,0.0,singleton
E06640,1,0,1,,0,none,0,,0,,0,0,False,False,False,0.0,singleton
E06641,1,0,1,,0,none,0,,0,,0,0,False,False,False,0.0,singleton
E06642,1,0,1,,0,none,0,,0,,0,0,False,False,False,0.0,singleton
E06643,1,0,1,,0,none,0,,0,,0,0,False,False,False,0.0,singleton
E06644,1,0,1,,0,none,0,,0,,0,0,False,False,False,0.0,singleton
E06645,1,0,1,,0,none,0,,0,,0,0,False,False,False,0.0,singleton
E06646,1,0,1,,0,none,0,,0,,0,0,False,False,False,0.0,singleton
E06647,1,0,1,,0,none,0,,0,,0,0,False,False,False,0.0,singleton
E06648,1,0,1,,0,none,0,,0,,0,0,False,False,False,0.0,singleton
E06649,1,0,1,,0,none,0,,0,,0,0,False,False,False,0.0,singleton
E06650,1,0,1,,0,none,0,,0,,0,0,False,False,False,0.0,singleton
E06651,1,0,1,,0,none,0,,0,,0,0,False,False,False,0.0,singleton
E06652,1,0,1,,0,none,0,,0,,0,0,False,False,False,0.0,singleton
E06653,1,0,1,,0,none,0,,0,,0,0,False,False,False,0.0,singleton
E06654,1,0,1,,0,none,0,,0,,0,0,False,False,False,0.0,singleton
E06655,1,0,1,,0,none,0,,0,,0,0,False,False,False,0.0,singleton
E06656,1,0,1,,0,none,0,,0,,0,0,False,False,False,0.0,singleton
E06657,1,0,1,,0,none,0,,0,,0,0,False,False,False,0.0,singleton
E06658,1,0,1,,0,none,0,,0,,0,0,False,False,False,0.0,singleton
E06659,1,0,1,,0,none,0,,0,,0,0,False,False,False,0.0,singleton
E06660,1,0,1,,0,none,0,,0,,0,0,False,False,False,0.0,singleton
E06661,1,0,1,,0,none,0,,0,,0,0,False,False,False,0.0,singleton
E06662,1,0,1,,0,none,0,,0,,0,0,False,False,False,0.0,singleton
E06663,1,0,1,,0,none,0,,0,,0,0,False,False,False,0.0,singleton
E06664,1,0,1,,0,none,0,,0,,0,0,False,False,False,0.0,singleton
E06665,1,0,1,,0,none,0,,0,,0,0,False,False,False,0.0,singleton
E06666,1,0,1,,0,none,0,,0,,0,0,False,False,False,0.0,singleton
E06667,1,0,1,,0,none,0,,0,,0,0,False,False,False,0.0,singleton
E06668,1,0,1,,0,none,0,,0,,0,0,False,False,False,0.0,singleton
E06669,1,0,1,,0,none,0,,0,,0,0,False,False,False,0.0,singleton
E06670,1,0,1,,0,none,0,,0,,0,0,False,False,False,0.0,singleton
E06671,1,0,1,,0,none,0,,0,,0,0,False,False,False,0.0,singleton
E06672,1,0,1,,0,none,0,,0,,0,0,False,False,False,0.0,singleton
E06673,1,0,1,,0,none,0,,0,,0,0,False,False,False,0.0,singleton
E06674,1,0,1,,0,none,0,,0,,0,0,False,False,False,0.0,singleton
E06675,1,0,1,,0,none,0,,0,,0,0,False,False,False,0.0,singleton
E06676,1,0,1,,0,none,0,,0,,0,0,False,False,False,0.0,singleton
E06677,1,0,1,,0,none,0,,0,,0,0,False,False,False,0.0,singleton
E06678,1,0,1,,0,none,0,,0,,0,0,False,False,False,0.0,singleton
E06679,1,0,1,,0,none,0,,0,,0,0,False,False,False,0.0,singleton
E06680,1,0,1,,0,none,0,,0,,0,0,False,False,False,0.0,singleton
E06681,1,0,1,,0,none,0,,0,,0,0,False,False,False,0.0,singleton
E06682,1,0,1,,0,none,0,,0,,0,0,False,False,False,0.0,singleton
E06683,1,0,1,,0,none,0,,0,,0,0,False,False,False,0.0,singleton
E06684,1,0,1,,0,none,0,,0,,0,0,False,False,False,0.0,singleton
E06685,1,0,1,,0,none,0,,0,,0,0,False,False,False,0.0,singleton
E06686,1,0,1,,0,none,0,,0,,0,0,False,False,False,0.0,singleton
E06687,1,0,1,,0,none,0,,0,,0,0,False,False,False,0.0,singleton
E06688,1,0,1,,0,none,0,,0,,0,0,False,False,False,0.0,singleton
E06689,1,0,1,,0,none,0,,0,,0,0,False,False,False,0.0,singleton
E06690,1,0,1,,0,none,0,,0,,0,0,False,False,False,0.0,singleton
E06691,1,0,1,,0,none,0,,0,,0,0,False,False,False,0.0,singleton
E06692,1,0,1,,0,none,0,,0,,0,0,False,False,False,0.0,singleton
E06693,1,0,1,,0,none,0,,0,,0,0,False,False,False,0.0,singleton
E06694,1,0,1,,0,none,0,,0,,0,0,False,False,False,0.0,singleton
E06695,1,0,1,,0,none,0,,0,,0,0,False,False,False,0.0,singleton
E06696,1,0,1,,0,none,0,,0,,0,0,False,False,False,0.0,singleton
E06697,1,0,1,,0,none,0,,0,,0,0,False,False,False,0.0,singleton
E06698,1,0,1,,0,none,0,,0,,0,0,False,False,False,0.0,singleton
E06699,1,0,1,,0,none,0,,0,,0,0,False,False,False,0.0,singleton
E06700,1,0,1,,0,none,0,,0,,0,0,False,False,False,0.0,singleton
E06701,1,0,1,,0,none,0,,0,,0,0,False,False,False,0.0,singleton
E06702,1,0,1,,0,none,0,,0,,0,0,False,False,False,0.0,singleton
E06703,1,0,1,,0,none,0,,0,,0,0,False,False,False,0.0,singleton
E06704,1,0,1,,0,none,0,,0,,0,0,False,False,False,0.0,singleton
E06705,1,0,1,,0,none,0,,0,,0,0,False,False,False,0.0,singleton
E06706,1,0,1,,0,none,0,,0,,0,0,False,False,False,0.0,singleton
E06707,1,0,1,,0,none,0,,0,,0,0,False,False,False,0.0,singleton
E06708,1,0,1,,0,none,0,,0,,0,0,False,False,False,0.0,singleton
E06709,1,0,1,,0,none,0,,0,,0,0,False,False,False,0.0,singleton
E06710,1,0,1,,0,none,0,,0,,0,0,False,False,False,0.0,singleton
E06711,1,0,1,,0,none,0,,0,,0,0,False,False,False,0.0,singleton
E06712,1,0,1,,0,none,0,,0,,0,0,False,False,False,0.0,singleton
E06713,1,0,1,,0,none,0,,0,,0,0,False,False,False,0.0,singleton
E06714,1,0,1,,0,none,0,,0,,0,0,False,False,False,0.0,singleton
E06715,1,0,1,,0,none,0,,0,,0,0,False,False,False,0.0,singleton
E06716,1,0,1,,0,none,0,,0,,0,0,False,False,False,0.0,singleton
E06717,1,0,1,,0,none,0,,0,,0,0,False,False,False,0.0,singleton
E06718,1,0,1,,0,none,0,,0,,0,0,False,False,False,0.0,singleton
E06719,1,0,1,,0,none,0,,0,,0,0,False,False,False,0.0,singleton
E06720,1,0,1,,0,none,0,,0,,0,0,False,False,False,0.0,singleton
E06721,1,0,1,,0,none,0,,0,,0,0,False,False,False,0.0,singleton
E06722,1,0,1,,0,none,0,,0,,0,0,False,False,False,0.0,singleton
E06723,1,0,1,,0,none,0,,0,,0,0,False,False,False,0.0,singleton
E06724,1,0,1,,0,none,0,,0,,0,0,False,False,False,0.0,singleton
E06725,1,0,1,,0,none,0,,0,,0,0,False,False,False,0.0,singleton
E06726,1,0,1,,0,none,0,,0,,0,0,False,False,False,0.0,singleton
E06727,1,0,1,,0,none,0,,0,,0,0,False,False,False,0.0,singleton
E06728,1,0,1,,0,none,0,,0,,0,0,False,False,False,0.0,singleton
E06729,1,0,1,,0,none,0,,0,,0,0,False,False,False,0.0,singleton
E06730,1,0,1,,0,none,0,,0,,0,0,False,False,False,0.0,singleton
E06731,1,0,1,,0,none,0,,0,,0,0,False,False,False,0.0,singleton
E06732,1,0,1,,0,none,0,,0,,0,0,False,False,False,0.0,singleton
E06733,1,0,1,,0,none,0,,0,,0,0,False,False,False,0.0,singleton
E06734,1,0,1,,0,none,0,,0,,0,0,False,False,False,0.0,singleton
E06735,1,0,1,,0,none,0,,0,,0,0,False,False,False,0.0,singleton
E06736,1,0,1,,0,none,0,,0,,0,0,False,False,False,0.0,singleton
E06737,1,0,1,,0,none,0,,0,,0,0,False,False,False,0.0,singleton
E06738,1,0,1,,0,none,0,,0,,0,0,False,False,False,0.0,singleton
E06739,1,0,1,,0,none,0,,0,,0,0,False,False,False,0.0,singleton
E06740,1,0,1,,0,none,0,,0,,0,0,False,False,False,0.0,singleton
E06741,1,0,1,,0,none,0,,0,,0,0,False,False,False,0.0,singleton
E06742,1,0,1,,0,none,0,,0,,0,0,False,False,False,0.0,singleton
E06743,1,0,1,,0,none,0,,0,,0,0,False,False,False,0.0,singleton
E06744,1,0,1,,0,none,0,,0,,0,0,False,False,False,0.0,singleton
E06745,1,0,1,,0,none,0,,0,,0,0,False,False,False,0.0,singleton
E06746,1,0,1,,0,none,0,,0,,0,0,False,False,False,0.0,singleton
E06747,1,0,1,,0,none,0,,0,,0,0,False,False,False,0.0,singleton
E06748,1,0,1,,0,none,0,,0,,0,0,False,False,False,0.0,singleton
E06749,1,0,1,,0,none,0,,0,,0,0,False,False,False,0.0,singleton
E06750,1,0,1,,0,none,0,,0,,0,0,False,False,False,0.0,singleton
E06751,1,0,1,,0,none,0,,0,,0,0,False,False,False,0.0,singleton
E06752,1,0,1,,0,none,0,,0,,0,0,False,False,False,0.0,singleton
E06753,1,0,1,,0,none,0,,0,,0,0,False,False,False,0.0,singleton
E06754,1,0,1,,0,none,0,,0,,0,0,False,False,False,0.0,singleton
E06755,1,0,1,,0,none,0,,0,,0,0,False,False,False,0.0,singleton
E06756,1,0,1,,0,none,0,,0,,0,0,False,False,False,0.0,singleton
E06757,1,0,1,,0,none,0,,0,,0,0,False,False,False,0.0,singleton
E06758,1,0,1,,0,none,0,,0,,0,0,False,False,False,0.0,singleton
E06759,1,0,1,,0,none,0,,0,,0,0,False,False,False,0.0,singleton
E06760,1,0,1,,0,none,0,,0,,0,0,False,False,False,0.0,singleton
E06761,1,0,1,,0,none,0,,0,,0,0,False,False,False,0.0,singleton
E06762,1,0,1,,0,none,0,,0,,0,0,False,False,False,0.0,singleton
E06763,1,0,1,,0,none,0,,0,,0,0,False,False,False,0.0,singleton
E06764,1,0,1,,0,none,0,,0,,0,0,False,False,False,0.0,singleton
E06765,1,0,1,,0,none,0,,0,,0,0,False,False,False,0.0,singleton
E06766,1,0,1,,0,none,0,,0,,0,0,False,False,False,0.0,singleton
E06767,1,0,1,,0,none,0,,0,,0,0,False,False,False,0.0,singleton
E06768,1,0,1,,0,none,0,,0,,0,0,False,False,False,0.0,singleton
E06769,1,0,1,,0,none,0,,0,,0,0,False,False,False,0.0,singleton
E06770,1,0,1,,0,none,0,,0,,0,0,False,False,False,0.0,singleton
E06771,1,0,1,,0,none,0,,0,,0,0,False,False,False,0.0,singleton
E06772,1,0,1,,0,none,0,,0,,0,0,False,False,False,0.0,singleton
E06773,1,0,1,,0,none,0,,0,,0,0,False,False,False,0.0,singleton
E06774,1,0,1,,0,none,0,,0,,0,0,False,False,False,0.0,singleton
E06775,1,0,1,,0,none,0,,0,,0,0,False,False,False,0.0,singleton
E06776,1,0,1,,0,none,0,,0,,0,0,False,False,False,0.0,singleton
E06777,1,0,1,,0,none,0,,0,,0,0,False,False,False,0.0,singleton
E06778,1,0,1,,0,none,0,,0,,0,0,False,False,False,0.0,singleton
E06779,1,0,1,,0,none,0,,0,,0,0,False,False,False,0.0,singleton
E06780,1,0,1,,0,none,0,,0,,0,0,False,False,False,0.0,singleton
E06781,1,0,1,,0,none,0,,0,,0,0,False,False,False,0.0,singleton
E06782,1,0,1,,0,none,0,,0,,0,0,False,False,False,0.0,singleton
E06783,1,0,1,,0,none,0,,0,,0,0,False,False,False,0.0,singleton
E06784,1,0,1,,0,none,0,,0,,0,0,False,False,False,0.0,singleton
E06785,1,0,1,,0,none,0,,0,,0,0,False,False,False,0.0,singleton
E06786,1,0,1,,0,none,0,,0,,0,0,False,False,False,0.0,singleton
E06787,1,0,1,,0,none,0,,0,,0,0,False,False,False,0.0,singleton
E06788,1,0,1,,0,none,0,,0,,0,0,False,False,False,0.0,singleton
E06789,1,0,1,,0,none,0,,0,,0,0,False,False,False,0.0,singleton
E06790,1,0,1,,0,none,0,,0,,0,0,False,False,False,0.0,singleton
E06791,1,0,1,,0,none,0,,0,,0,0,False,False,False,0.0,singleton
E06792,1,0,1,,0,none,0,,0,,0,0,False,False,False,0.0,singleton
E06793,1,0,1,,0,none,0,,0,,0,0,False,False,False,0.0,singleton
E06794,1,0,1,,0,none,0,,0,,0,0,False,False,False,0.0,singleton
E06795,1,0,1,,0,none,0,,0,,0,0,False,False,False,0.0,singleton
E06796,1,0,1,,0,none,0,,0,,0,0,False,False,False,0.0,singleton
E06797,1,0,1,,0,none,0,,0,,0,0,False,False,False,0.0,singleton
E06798,1,0,1,,0,none,0,,0,,0,0,False,False,False,0.0,singleton
E06799,1,0,1,,0,none,0,,0,,0,0,False,False,False,0.0,singleton
E06800,1,0,1,,0,none,0,,0,,0,0,False,False,False,0.0,singleton
E06801,1,0,1,,0,none,0,,0,,0,0,False,False,False,0.0,singleton
E06802,1,0,1,,0,none,0,,0,,0,0,False,False,False,0.0,singleton
E06803,1,0,1,,0,none,0,,0,,0,0,False,False,False,0.0,singleton
E06804,1,0,1,,0,none,0,,0,,0,0,False,False,False,0.0,singleton
E06805,1,0,1,,0,none,0,,0,,0,0,False,False,False,0.0,singleton
E06806,1,0,1,,0,none,0,,0,,0,0,False,False,False,0.0,singleton
E06807,1,0,1,,0,none,0,,0,,0,0,False,False,False,0.0,singleton
E06808,1,0,1,,0,none,0,,0,,0,0,False,False,False,0.0,singleton
E06809,1,0,1,,0,none,0,,0,,0,0,False,False,False,0.0,singleton
E06810,1,0,1,,0,none,0,,0,,0,0,False,False,False,0.0,singleton
E06811,1,0,1,,0,none,0,,0,,0,0,False,False,False,0.0,singleton
E06812,1,0,1,,0,none,0,,0,,0,0,False,False,False,0.0,singleton
E06813,1,0,1,,0,none,0,,0,,0,0,False,False,False,0.0,singleton
E06814,1,0,1,,0,none,0,,0,,0,0,False,False,False,0.0,singleton
E06815,1,0,1,,0,none,0,,0,,0,0,False,False,False,0.0,singleton
E06816,1,0,1,,0,none,0,,0,,0,0,False,False,False,0.0,singleton
E06817,1,0,1,,0,none,0,,0,,0,0,False,False,False,0.0,singleton
E06818,1,0,1,,0,none,0,,0,,0,0,False,False,False,0.0,singleton
E06819,1,0,1,,0,none,0,,0,,0,0,False,False,False,0.0,singleton
E06820,1,0,1,,0,none,0,,0,,0,0,False,False,False,0.0,singleton
E06821,1,0,1,,0,none,0,,0,,0,0,False,False,False,0.0,singleton
E06822,1,0,1,,0,none,0,,0,,0,0,False,False,False,0.0,singleton
E06823,1,0,1,,0,none,0,,0,,0,0,False,False,False,0.0,singleton
E06824,1,0,1,,0,none,0,,0,,0,0,False,False,False,0.0,singleton
E06825,1,0,1,,0,none,0,,0,,0,0,False,False,False,0.0,singleton
E06826,1,0,1,,0,none,0,,0,,0,0,False,False,False,0.0,singleton
E06827,1,0,1,,0,none,0,,0,,0,0,False,False,False,0.0,singleton
E06828,1,0,1,,0,none,0,,0,,0,0,False,False,False,0.0,singleton
E06829,1,0,1,,0,none,0,,0,,0,0,False,False,False,0.0,singleton
E06830,1,0,1,,0,none,0,,0,,0,0,False,False,False,0.0,singleton
E06831,1,0,1,,0,none,0,,0,,0,0,False,False,False,0.0,singleton
E06832,1,0,1,,0,none,0,,0,,0,0,False,False,False,0.0,singleton
E06833,1,0,1,,0,none,0,,0,,0,0,False,False,False,0.0,singleton
E06834,1,0,1,,0,none,0,,0,,0,0,False,False,False,0.0,singleton
E06835,1,0,1,,0,none,0,,0,,0,0,False,False,False,0.0,singleton
E06836,1,0,1,,0,none,0,,0,,0,0,False,False,False,0.0,singleton
E06837,1,0,1,,0,none,0,,0,,0,0,False,False,False,0.0,singleton
E06838,1,0,1,,0,none,0,,0,,0,0,False,False,False,0.0,singleton
E06839,1,0,1,,0,none,0,,0,,0,0,False,False,False,0.0,singleton
E06840,1,0,1,,0,none,0,,0,,0,0,False,False,False,0.0,singleton
E06841,1,0,1,,0,none,0,,0,,0,0,False,False,False,0.0,singleton
E06842,1,0,1,,0,none,0,,0,,0,0,False,False,False,0.0,singleton
E06843,1,0,1,,0,none,0,,0,,0,0,False,False,False,0.0,singleton
E06844,1,0,1,,0,none,0,,0,,0,0,False,False,False,0.0,singleton
E06845,1,0,1,,0,none,0,,0,,0,0,False,False,False,0.0,singleton
E06846,1,0,1,,0,none,0,,0,,0,0,False,False,False,0.0,singleton
E06847,1,0,1,,0,none,0,,0,,0,0,False,False,False,0.0,singleton
E06848,1,0,1,,0,none,0,,0,,0,0,False,False,False,0.0,singleton
E06849,1,0,1,,0,none,0,,0,,0,0,False,False,False,0.0,singleton
E06850,1,0,1,,0,none,0,,0,,0,0,False,False,False,0.0,singleton
E06851,1,0,1,,0,none,0,,0,,0,0,False,False,False,0.0,singleton
E06852,1,0,1,,0,none,0,,0,,0,0,False,False,False,0.0,singleton
E06853,1,0,1,,0,none,0,,0,,0,0,False,False,False,0.0,singleton
E06854,1,0,1,,0,none,0,,0,,0,0,False,False,False,0.0,singleton
E06855,1,0,1,,0,none,0,,0,,0,0,False,False,False,0.0,singleton
E06856,1,0,1,,0,none,0,,0,,0,0,False,False,False,0.0,singleton
E06857,1,0,1,,0,none,0,,0,,0,0,False,False,False,0.0,singleton
E06858,1,0,1,,0,none,0,,0,,0,0,False,False,False,0.0,singleton
E06859,1,0,1,,0,none,0,,0,,0,0,False,False,False,0.0,singleton
E06860,1,0,1,,0,none,0,,0,,0,0,False,False,False,0.0,singleton
E06861,1,0,1,,0,none,0,,0,,0,0,False,False,False,0.0,singleton
E06862,1,0,1,,0,none,0,,0,,0,0,False,False,False,0.0,singleton
E06863,1,0,1,,0,none,0,,0,,0,0,False,False,False,0.0,singleton
E06864,1,0,1,,0,none,0,,0,,0,0,False,False,False,0.0,singleton
E06865,1,0,1,,0,none,0,,0,,0,0,False,False,False,0.0,singleton
E06866,1,0,1,,0,none,0,,0,,0,0,False,False,False,0.0,singleton
E06867,1,0,1,,0,none,0,,0,,0,0,False,False,False,0.0,singleton
E06868,1,0,1,,0,none,0,,0,,0,0,False,False,False,0.0,singleton
E06869,1,0,1,,0,none,0,,0,,0,0,False,False,False,0.0,singleton
E06870,1,0,1,,0,none,0,,0,,0,0,False,False,False,0.0,singleton
E06871,1,0,1,,0,none,0,,0,,0,0,False,False,False,0.0,singleton
E06872,1,0,1,,0,none,0,,0,,0,0,False,False,False,0.0,singleton
E06873,1,0,1,,0,none,0,,0,,0,0,False,False,False,0.0,singleton
E06874,1,0,1,,0,none,0,,0,,0,0,False,False,False,0.0,singleton
E06875,1,0,1,,0,none,0,,0,,0,0,False,False,False,0.0,singleton
E06876,1,0,1,,0,none,0,,0,,0,0,False,False,False,0.0,singleton
E06877,1,0,1,,0,none,0,,0,,0,0,False,False,False,0.0,singleton
E06878,1,0,1,,0,none,0,,0,,0,0,False,False,False,0.0,singleton
E06879,1,0,1,,0,none,0,,0,,0,0,False,False,False,0.0,singleton
E06880,1,0,1,,0,none,0,,0,,0,0,False,False,False,0.0,singleton
E06881,1,0,1,,0,none,0,,0,,0,0,False,False,False,0.0,singleton
E06882,1,0,1,,0,none,0,,0,,0,0,False,False,False,0.0,singleton
E06883,1,0,1,,0,none,0,,0,,0,0,False,False,False,0.0,singleton
E06884,1,0,1,,0,none,0,,0,,0,0,False,False,False,0.0,singleton
E06885,1,0,1,,0,none,0,,0,,0,0,False,False,False,0.0,singleton
E06886,1,0,1,,0,none,0,,0,,0,0,False,False,False,0.0,singleton
E06887,1,0,1,,0,none,0,,0,,0,0,False,False,False,0.0,singleton
E06888,1,0,1,,0,none,0,,0,,0,0,False,False,False,0.0,singleton
E06889,1,0,1,,0,none,0,,0,,0,0,False,False,False,0.0,singleton
E06890,1,0,1,,0,none,0,,0,,0,0,False,False,False,0.0,singleton
E06891,1,0,1,,0,none,0,,0,,0,0,False,False,False,0.0,singleton
E06892,1,0,1,,0,none,0,,0,,0,0,False,False,False,0.0,singleton
E06893,1,0,1,,0,none,0,,0,,0,0,False,False,False,0.0,singleton
E06894,1,0,1,,0,none,0,,0,,0,0,False,False,False,0.0,singleton
E06895,1,0,1,,0,none,0,,0,,0,0,False,False,False,0.0,singleton
E06896,1,0,1,,0,none,0,,0,,0,0,False,False,False,0.0,singleton
E06897,1,0,1,,0,none,0,,0,,0,0,False,False,False,0.0,singleton
E06898,1,0,1,,0,none,0,,0,,0,0,False,False,False,0.0,singleton
E06899,1,0,1,,0,none,0,,0,,0,0,False,False,False,0.0,singleton
E06900,1,0,1,,0,none,0,,0,,0,0,False,False,False,0.0,singleton
E06901,1,0,1,,0,none,0,,0,,0,0,False,False,False,0.0,singleton
E06902,1,0,1,,0,none,0,,0,,0,0,False,False,False,0.0,singleton
E06903,1,0,1,,0,none,0,,0,,0,0,False,False,False,0.0,singleton
E06904,1,0,1,,0,none,0,,0,,0,0,False,False,False,0.0,singleton
E06905,1,0,1,,0,none,0,,0,,0,0,False,False,False,0.0,singleton
E06906,1,0,1,,0,none,0,,0,,0,0,False,False,False,0.0,singleton
E06907,1,0,1,,0,none,0,,0,,0,0,False,False,False,0.0,singleton
E06908,1,0,1,,0,none,0,,0,,0,0,False,False,False,0.0,singleton
E06909,1,0,1,,0,none,0,,0,,0,0,False,False,False,0.0,singleton
E06910,1,0,1,,0,none,0,,0,,0,0,False,False,False,0.0,singleton
E06911,1,0,1,,0,none,0,,0,,0,0,False,False,False,0.0,singleton
E06912,1,0,1,,0,none,0,,0,,0,0,False,False,False,0.0,singleton
E06913,1,0,1,,0,none,0,,0,,0,0,False,False,False,0.0,singleton
E06914,1,0,1,,0,none,0,,0,,0,0,False,False,False,0.0,singleton
E06915,1,0,1,,0,none,0,,0,,0,0,False,False,False,0.0,singleton
E06916,1,0,1,,0,none,0,,0,,0,0,False,False,False,0.0,singleton
E06917,1,0,1,,0,none,0,,0,,0,0,False,False,False,0.0,singleton
E06918,1,0,1,,0,none,0,,0,,0,0,False,False,False,0.0,singleton
E06919,1,0,1,,0,none,0,,0,,0,0,False,False,False,0.0,singleton
E06920,1,0,1,,0,none,0,,0,,0,0,False,False,False,0.0,singleton
E06921,1,0,1,,0,none,0,,0,,0,0,False,False,False,0.0,singleton
E06922,1,0,1,,0,none,0,,0,,0,0,False,False,False,0.0,singleton
E06923,1,0,1,,0,none,0,,0,,0,0,False,False,False,0.0,singleton
E06924,1,0,1,,0,none,0,,0,,0,0,False,False,False,0.0,singleton
E06925,1,0,1,,0,none,0,,0,,0,0,False,False,False,0.0,singleton
E06926,1,0,1,,0,none,0,,0,,0,0,False,False,False,0.0,singleton
E06927,1,0,1,,0,none,0,,0,,0,0,False,False,False,0.0,singleton
E06928,1,0,1,,0,none,0,,0,,0,0,False,False,False,0.0,singleton
E06929,1,0,1,,0,none,0,,0,,0,0,False,False,False,0.0,singleton
E06930,1,0,1,,0,none,0,,0,,0,0,False,False,False,0.0,singleton
E06931,1,0,1,,0,none,0,,0,,0,0,False,False,False,0.0,singleton
E06932,1,0,1,,0,none,0,,0,,0,0,False,False,False,0.0,singleton
E06933,1,0,1,,0,none,0,,0,,0,0,False,False,False,0.0,singleton
E06934,1,0,1,,0,none,0,,0,,0,0,False,False,False,0.0,singleton
E06935,1,0,1,,0,none,0,,0,,0,0,False,False,False,0.0,singleton
E06936,1,0,1,,0,none,0,,0,,0,0,False,False,False,0.0,singleton
E06937,1,0,1,,0,none,0,,0,,0,0,False,False,False,0.0,singleton
E06938,1,0,1,,0,none,0,,0,,0,0,False,False,False,0.0,singleton
E06939,1,0,1,,0,none,0,,0,,0,0,False,False,False,0.0,singleton
E06940,1,0,1,,0,none,0,,0,,0,0,False,False,False,0.0,singleton
E06941,1,0,1,,0,none,0,,0,,0,0,False,False,False,0.0,singleton
E06942,1,0,1,,0,none,0,,0,,0,0,False,False,False,0.0,singleton
E06943,1,0,1,,0,none,0,,0,,0,0,False,False,False,0.0,singleton
E06944,1,0,1,,0,none,0,,0,,0,0,False,False,False,0.0,singleton
E06945,1,0,1,,0,none,0,,0,,0,0,False,False,False,0.0,singleton
E06946,1,0,1,,0,none,0,,0,,0,0,False,False,False,0.0,singleton
E06947,1,0,1,,0,none,0,,0,,0,0,False,False,False,0.0,singleton
E06948,1,0,1,,0,none,0,,0,,0,0,False,False,False,0.0,singleton
E06949,1,0,1,,0,none,0,,0,,0,0,False,False,False,0.0,singleton
E06950,1,0,1,,0,none,0,,0,,0,0,False,False,False,0.0,singleton
E06951,1,0,1,,0,none,0,,0,,0,0,False,False,False,0.0,singleton
E06952,1,0,1,,0,none,0,,0,,0,0,False,False,False,0.0,singleton
E06953,1,0,1,,0,none,0,,0,,0,0,False,False,False,0.0,singleton
E06954,1,0,1,,0,none,0,,0,,0,0,False,False,False,0.0,singleton
E06955,1,0,1,,0,none,0,,0,,0,0,False,False,False,0.0,singleton
E06956,1,0,1,,0,none,0,,0,,0,0,False,False,False,0.0,singleton
E06957,1,0,1,,0,none,0,,0,,0,0,False,False,False,0.0,singleton
E06958,1,0,1,,0,none,0,,0,,0,0,False,False,False,0.0,singleton
E06959,1,0,1,,0,none,0,,0,,0,0,False,False,False,0.0,singleton
E06960,1,0,1,,0,none,0,,0,,0,0,False,False,False,0.0,singleton
E06961,1,0,1,,0,none,0,,0,,0,0,False,False,False,0.0,singleton
E06962,1,0,1,,0,none,0,,0,,0,0,False,False,False,0.0,singleton
E06963,1,0,1,,0,none,0,,0,,0,0,False,False,False,0.0,singleton
E06964,1,0,1,,0,none,0,,0,,0,0,False,False,False,0.0,singleton
E06965,1,0,1,,0,none,0,,0,,0,0,False,False,False,0.0,singleton
E06966,1,0,1,,0,none,0,,0,,0,0,False,False,False,0.0,singleton
E06967,1,0,1,,0,none,0,,0,,0,0,False,False,False,0.0,singleton
E06968,1,0,1,,0,none,0,,0,,0,0,False,False,False,0.0,singleton
E06969,1,0,1,,0,none,0,,0,,0,0,False,False,False,0.0,singleton
E06970,1,0,1,,0,none,0,,0,,0,0,False,False,False,0.0,singleton
E06971,1,0,1,,0,none,0,,0,,0,0,False,False,False,0.0,singleton
E06972,1,0,1,,0,none,0,,0,,0,0,False,False,False,0.0,singleton
E06973,1,0,1,,0,none,0,,0,,0,0,False,False,False,0.0,singleton
E06974,1,0,1,,0,none,0,,0,,0,0,False,False,False,0.0,singleton
E06975,1,0,1,,0,none,0,,0,,0,0,False,False,False,0.0,singleton
E06976,1,0,1,,0,none,0,,0,,0,0,False,False,False,0.0,singleton
E06977,1,0,1,,0,none,0,,0,,0,0,False,False,False,0.0,singleton
E06978,1,0,1,,0,none,0,,0,,0,0,False,False,False,0.0,singleton
E06979,1,0,1,,0,none,0,,0,,0,0,False,False,False,0.0,singleton
E06980,1,0,1,,0,none,0,,0,,0,0,False,False,False,0.0,singleton
E06981,1,0,1,,0,none,0,,0,,0,0,False,False,False,0.0,singleton
E06982,1,0,1,,0,none,0,,0,,0,0,False,False,False,0.0,singleton
E06983,1,0,1,,0,none,0,,0,,0,0,False,False,False,0.0,singleton
E06984,1,0,1,,0,none,0,,0,,0,0,False,False,False,0.0,singleton
E06985,1,0,1,,0,none,0,,0,,0,0,False,False,False,0.0,singleton
E06986,1,0,1,,0,none,0,,0,,0,0,False,False,False,0.0,singleton
E06987,1,0,1,,0,none,0,,0,,0,0,False,False,False,0.0,singleton
E06988,1,0,1,,0,none,0,,0,,0,0,False,False,False,0.0,singleton
E06989,1,0,1,,0,none,0,,0,,0,0,False,False,False,0.0,singleton
E06990,1,0,1,,0,none,0,,0,,0,0,False,False,False,0.0,singleton
E06991,1,0,1,,0,none,0,,0,,0,0,False,False,False,0.0,singleton
E06992,1,0,1,,0,none,0,,0,,0,0,False,False,False,0.0,singleton
E06993,1,0,1,,0,none,0,,0,,0,0,False,False,False,0.0,singleton
E06994,1,0,1,,0,none,0,,0,,0,0,False,False,False,0.0,singleton
E06995,1,0,1,,0,none,0,,0,,0,0,False,False,False,0.0,singleton
E06996,1,0,1,,0,none,0,,0,,0,0,False,False,False,0.0,singleton
E06997,1,0,1,,0,none,0,,0,,0,0,False,False,False,0.0,singleton
E06998,1,0,1,,0,none,0,,0,,0,0,False,False,False,0.0,singleton
E06999,1,0,1,,0,none,0,,0,,0,0,False,False,False,0.0,singleton
E07000,1,0,1,,0,none,0,,0,,0,0,False,False,False,0.0,singleton
E07001,1,0,1,,0,none,0,,0,,0,0,False,False,False,0.0,singleton
E07002,1,0,1,,0,none,0,,0,,0,0,False,False,False,0.0,singleton
E07003,1,0,1,,0,none,0,,0,,0,0,False,False,False,0.0,singleton
E07004,1,0,1,,0,none,0,,0,,0,0,False,False,False,0.0,singleton
E07005,1,0,1,,0,none,0,,0,,0,0,False,False,False,0.0,singleton
E07006,1,0,1,,0,none,0,,0,,0,0,False,False,False,0.0,singleton
E07007,1,0,1,,0,none,0,,0,,0,0,False,False,False,0.0,singleton
E07008,1,0,1,,0,none,0,,0,,0,0,False,False,False,0.0,singleton
E07009,1,0,1,,0,none,0,,0,,0,0,False,False,False,0.0,singleton
E07010,1,0,1,,0,none,0,,0,,0,0,False,False,False,0.0,singleton
E07011,1,0,1,,0,none,0,,0,,0,0,False,False,False,0.0,singleton
E07012,1,0,1,,0,none,0,,0,,0,0,False,False,False,0.0,singleton
E07013,1,0,1,,0,none,0,,0,,0,0,False,False,False,0.0,singleton
E07014,1,0,1,,0,none,0,,0,,0,0,False,False,False,0.0,singleton
E07015,1,0,1,,0,none,0,,0,,0,0,False,False,False,0.0,singleton
E07016,1,0,1,,0,none,0,,0,,0,0,False,False,False,0.0,singleton
E07017,1,0,1,,0,none,0,,0,,0,0,False,False,False,0.0,singleton
E07018,1,0,1,,0,none,0,,0,,0,0,False,False,False,0.0,singleton
E07019,1,0,1,,0,none,0,,0,,0,0,False,False,False,0.0,singleton
E07020,1,0,1,,0,none,0,,0,,0,0,False,False,False,0.0,singleton
E07021,1,0,1,,0,none,0,,0,,0,0,False,False,False,0.0,singleton
E07022,1,0,1,,0,none,0,,0,,0,0,False,False,False,0.0,singleton
E07023,1,0,1,,0,none,0,,0,,0,0,False,False,False,0.0,singleton
E07024,1,0,1,,0,none,0,,0,,0,0,False,False,False,0.0,singleton
E07025,1,0,1,,0,none,0,,0,,0,0,False,False,False,0.0,singleton
E07026,1,0,1,,0,none,0,,0,,0,0,False,False,False,0.0,singleton
E07027,1,0,1,,0,none,0,,0,,0,0,False,False,False,0.0,singleton
E07028,1,0,1,,0,none,0,,0,,0,0,False,False,False,0.0,singleton
E07029,1,0,1,,0,none,0,,0,,0,0,False,False,False,0.0,singleton
E07030,1,0,1,,0,none,0,,0,,0,0,False,False,False,0.0,singleton
E07031,1,0,1,,0,none,0,,0,,0,0,False,False,False,0.0,singleton
E07032,1,0,1,,0,none,0,,0,,0,0,False,False,False,0.0,singleton
E07033,1,0,1,,0,none,0,,0,,0,0,False,False,False,0.0,singleton
E07034,1,0,1,,0,none,0,,0,,0,0,False,False,False,0.0,singleton
E07035,1,0,1,,0,none,0,,0,,0,0,False,False,False,0.0,singleton
E07036,1,0,1,,0,none,0,,0,,0,0,False,False,False,0.0,singleton
E07037,1,0,1,,0,none,0,,0,,0,0,False,False,False,0.0,singleton
E07038,1,0,1,,0,none,0,,0,,0,0,False,False,False,0.0,singleton
E07039,1,0,1,,0,none,0,,0,,0,0,False,False,False,0.0,singleton
E07040,1,0,1,,0,none,0,,0,,0,0,False,False,False,0.0,singleton
E07041,1,0,1,,0,none,0,,0,,0,0,False,False,False,0.0,singleton
E07042,1,0,1,,0,none,0,,0,,0,0,False,False,False,0.0,singleton
E07043,1,0,1,,0,none,0,,0,,0,0,False,False,False,0.0,singleton
E07044,1,0,1,,0,none,0,,0,,0,0,False,False,False,0.0,singleton
E07045,1,0,1,,0,none,0,,0,,0,0,False,False,False,0.0,singleton
E07046,1,0,1,,0,none,0,,0,,0,0,False,False,False,0.0,singleton
E07047,1,0,1,,0,none,0,,0,,0,0,False,False,False,0.0,singleton
E07048,1,0,1,,0,none,0,,0,,0,0,False,False,False,0.0,singleton
E07049,1,0,1,,0,none,0,,0,,0,0,False,False,False,0.0,singleton
E07050,1,0,1,,0,none,0,,0,,0,0,False,False,False,0.0,singleton
E07051,1,0,1,,0,none,0,,0,,0,0,False,False,False,0.0,singleton
E07052,1,0,1,,0,none,0,,0,,0,0,False,False,False,0.0,singleton
E07053,1,0,1,,0,none,0,,0,,0,0,False,False,False,0.0,singleton
E07054,1,0,1,,0,none,0,,0,,0,0,False,False,False,0.0,singleton
E07055,1,0,1,,0,none,0,,0,,0,0,False,False,False,0.0,singleton
E07056,1,0,1,,0,none,0,,0,,0,0,False,False,False,0.0,singleton
E07057,1,0,1,,0,none,0,,0,,0,0,False,False,False,0.0,singleton
E07058,1,0,1,,0,none,0,,0,,0,0,False,False,False,0.0,singleton
E07059,1,0,1,,0,none,0,,0,,0,0,False,False,False,0.0,singleton
E07060,1,0,1,,0,none,0,,0,,0,0,False,False,False,0.0,singleton
E07061,1,0,1,,0,none,0,,0,,0,0,False,False,False,0.0,singleton
E07062,1,0,1,,0,none,0,,0,,0,0,False,False,False,0.0,singleton
E07063,1,0,1,,0,none,0,,0,,0,0,False,False,False,0.0,singleton
E07064,1,0,1,,0,none,0,,0,,0,0,False,False,False,0.0,singleton
E07065,1,0,1,,0,none,0,,0,,0,0,False,False,False,0.0,singleton
E07066,1,0,1,,0,none,0,,0,,0,0,False,False,False,0.0,singleton
E07067,1,0,1,,0,none,0,,0,,0,0,False,False,False,0.0,singleton
E07068,1,0,1,,0,none,0,,0,,0,0,False,False,False,0.0,singleton
E07069,1,0,1,,0,none,0,,0,,0,0,False,False,False,0.0,singleton
E07070,1,0,1,,0,none,0,,0,,0,0,False,False,False,0.0,singleton
E07071,1,0,1,,0,none,0,,0,,0,0,False,False,False,0.0,singleton
E07072,1,0,1,,0,none,0,,0,,0,0,False,False,False,0.0,singleton
E07073,1,0,1,,0,none,0,,0,,0,0,False,False,False,0.0,singleton
E07074,1,0,1,,0,none,0,,0,,0,0,False,False,False,0.0,singleton
E07075,1,0,1,,0,none,0,,0,,0,0,False,False,False,0.0,singleton
E07076,1,0,1,,0,none,0,,0,,0,0,False,False,False,0.0,singleton
E07077,1,0,1,,0,none,0,,0,,0,0,False,False,False,0.0,singleton
E07078,1,0,1,,0,none,0,,0,,0,0,False,False,False,0.0,singleton
E07079,1,0,1,,0,none,0,,0,,0,0,False,False,False,0.0,singleton
E07080,1,0,1,,0,none,0,,0,,0,0,False,False,False,0.0,singleton
E07081,1,0,1,,0,none,0,,0,,0,0,False,False,False,0.0,singleton
E07082,1,0,1,,0,none,0,,0,,0,0,False,False,False,0.0,singleton
E07083,1,0,1,,0,none,0,,0,,0,0,False,False,False,0.0,singleton
E07084,1,0,1,,0,none,0,,0,,0,0,False,False,False,0.0,singleton
E07085,1,0,1,,0,none,0,,0,,0,0,False,False,False,0.0,singleton
E07086,1,0,1,,0,none,0,,0,,0,0,False,False,False,0.0,singleton
E07087,1,0,1,,0,none,0,,0,,0,0,False,False,False,0.0,singleton
E07088,1,0,1,,0,none,0,,0,,0,0,False,False,False,0.0,singleton
E07089,1,0,1,,0,none,0,,0,,0,0,False,False,False,0.0,singleton
E07090,1,0,1,,0,none,0,,0,,0,0,False,False,False,0.0,singleton
E07091,1,0,1,,0,none,0,,0,,0,0,False,False,False,0.0,singleton
E07092,1,0,1,,0,none,0,,0,,0,0,False,False,False,0.0,singleton
E07093,1,0,1,,0,none,0,,0,,0,0,False,False,False,0.0,singleton
E07094,1,0,1,,0,none,0,,0,,0,0,False,False,False,0.0,singleton
E07095,1,0,1,,0,none,0,,0,,0,0,False,False,False,0.0,singleton
E07096,1,0,1,,0,none,0,,0,,0,0,False,False,False,0.0,singleton
E07097,1,0,1,,0,none,0,,0,,0,0,False,False,False,0.0,singleton
E07098,1,0,1,,0,none,0,,0,,0,0,False,False,False,0.0,singleton
E07099,1,0,1,,0,none,0,,0,,0,0,False,False,False,0.0,singleton
E07100,1,0,1,,0,none,0,,0,,0,0,False,False,False,0.0,singleton
E07101,1,0,1,,0,none,0,,0,,0,0,False,False,False,0.0,singleton
E07102,1,0,1,,0,none,0,,0,,0,0,False,False,False,0.0,singleton
E07103,1,0,1,,0,none,0,,0,,0,0,False,False,False,0.0,singleton
E07104,1,0,1,,0,none,0,,0,,0,0,False,False,False,0.0,singleton
E07105,1,0,1,,0,none,0,,0,,0,0,False,False,False,0.0,singleton
E07106,1,0,1,,0,none,0,,0,,0,0,False,False,False,0.0,singleton
E07107,1,0,1,,0,none,0,,0,,0,0,False,False,False,0.0,singleton
E07108,1,0,1,,0,none,0,,0,,0,0,False,False,False,0.0,singleton
E07109,1,0,1,,0,none,0,,0,,0,0,False,False,False,0.0,singleton
E07110,1,0,1,,0,none,0,,0,,0,0,False,False,False,0.0,singleton
E07111,1,0,1,,0,none,0,,0,,0,0,False,False,False,0.0,singleton
E07112,1,0,1,,0,none,0,,0,,0,0,False,False,False,0.0,singleton
E07113,1,0,1,,0,none,0,,0,,0,0,False,False,False,0.0,singleton
E07114,1,0,1,,0,none,0,,0,,0,0,False,False,False,0.0,singleton
E07115,1,0,1,,0,none,0,,0,,0,0,False,False,False,0.0,singleton
E07116,1,0,1,,0,none,0,,0,,0,0,False,False,False,0.0,singleton
E07117,1,0,1,,0,none,0,,0,,0,0,False,False,False,0.0,singleton
E07118,1,0,1,,0,none,0,,0,,0,0,False,False,False,0.0,singleton
E07119,1,0,1,,0,none,0,,0,,0,0,False,False,False,0.0,singleton
E07120,1,0,1,,0,none,0,,0,,0,0,False,False,False,0.0,singleton
E07121,1,0,1,,0,none,0,,0,,0,0,False,False,False,0.0,singleton
E07122,1,0,1,,0,none,0,,0,,0,0,False,False,False,0.0,singleton
E07123,1,0,1,,0,none,0,,0,,0,0,False,False,False,0.0,singleton
E07124,1,0,1,,0,none,0,,0,,0,0,False,False,False,0.0,singleton
E07125,1,0,1,,0,none,0,,0,,0,0,False,False,False,0.0,singleton
E07126,1,0,1,,0,none,0,,0,,0,0,False,False,False,0.0,singleton
E07127,1,0,1,,0,none,0,,0,,0,0,False,False,False,0.0,singleton
E07128,1,0,1,,0,none,0,,0,,0,0,False,False,False,0.0,singleton
E07129,1,0,1,,0,none,0,,0,,0,0,False,False,False,0.0,singleton
E07130,1,0,1,,0,none,0,,0,,0,0,False,False,False,0.0,singleton
E07131,1,0,1,,0,none,0,,0,,0,0,False,False,False,0.0,singleton
E07132,1,0,1,,0,none,0,,0,,0,0,False,False,False,0.0,singleton
E07133,1,0,1,,0,none,0,,0,,0,0,False,False,False,0.0,singleton
E07134,1,0,1,,0,none,0,,0,,0,0,False,False,False,0.0,singleton
E07135,1,0,1,,0,none,0,,0,,0,0,False,False,False,0.0,singleton
E07136,1,0,1,,0,none,0,,0,,0,0,False,False,False,0.0,singleton
E07137,1,0,1,,0,none,0,,0,,0,0,False,False,False,0.0,singleton
E07138,1,0,1,,0,none,0,,0,,0,0,False,False,False,0.0,singleton
E07139,1,0,1,,0,none,0,,0,,0,0,False,False,False,0.0,singleton
E07140,1,0,1,,0,none,0,,0,,0,0,False,False,False,0.0,singleton
E07141,1,0,1,,0,none,0,,0,,0,0,False,False,False,0.0,singleton
E07142,1,0,1,,0,none,0,,0,,0,0,False,False,False,0.0,singleton
E07143,1,0,1,,0,none,0,,0,,0,0,False,False,False,0.0,singleton
E07144,1,0,1,,0,none,0,,0,,0,0,False,False,False,0.0,singleton
E07145,1,0,1,,0,none,0,,0,,0,0,False,False,False,0.0,singleton
E07146,1,0,1,,0,none,0,,0,,0,0,False,False,False,0.0,singleton
E07147,1,0,1,,0,none,0,,0,,0,0,False,False,False,0.0,singleton
E07148,1,0,1,,0,none,0,,0,,0,0,False,False,False,0.0,singleton
E07149,1,0,1,,0,none,0,,0,,0,0,False,False,False,0.0,singleton
E07150,1,0,1,,0,none,0,,0,,0,0,False,False,False,0.0,singleton
E07151,1,0,1,,0,none,0,,0,,0,0,False,False,False,0.0,singleton
E07152,1,0,1,,0,none,0,,0,,0,0,False,False,False,0.0,singleton
E07153,1,0,1,,0,none,0,,0,,0,0,False,False,False,0.0,singleton
E07154,1,0,1,,0,none,0,,0,,0,0,False,False,False,0.0,singleton
E07155,1,0,1,,0,none,0,,0,,0,0,False,False,False,0.0,singleton
E07156,1,0,1,,0,none,0,,0,,0,0,False,False,False,0.0,singleton
E07157,1,0,1,,0,none,0,,0,,0,0,False,False,False,0.0,singleton
E07158,1,0,1,,0,none,0,,0,,0,0,False,False,False,0.0,singleton
E07159,1,0,1,,0,none,0,,0,,0,0,False,False,False,0.0,singleton
E07160,1,0,1,,0,none,0,,0,,0,0,False,False,False,0.0,singleton
E07161,1,0,1,,0,none,0,,0,,0,0,False,False,False,0.0,singleton
E07162,1,0,1,,0,none,0,,0,,0,0,False,False,False,0.0,singleton
E07163,1,0,1,,0,none,0,,0,,0,0,False,False,False,0.0,singleton
E07164,1,0,1,,0,none,0,,0,,0,0,False,False,False,0.0,singleton
E07165,1,0,1,,0,none,0,,0,,0,0,False,False,False,0.0,singleton
E07166,1,0,1,,0,none,0,,0,,0,0,False,False,False,0.0,singleton
E07167,1,0,1,,0,none,0,,0,,0,0,False,False,False,0.0,singleton
E07168,1,0,1,,0,none,0,,0,,0,0,False,False,False,0.0,singleton
E07169,1,0,1,,0,none,0,,0,,0,0,False,False,False,0.0,singleton
E07170,1,0,1,,0,none,0,,0,,0,0,False,False,False,0.0,singleton
E07171,1,0,1,,0,none,0,,0,,0,0,False,False,False,0.0,singleton
E07172,1,0,1,,0,none,0,,0,,0,0,False,False,False,0.0,singleton
E07173,1,0,1,,0,none,0,,0,,0,0,False,False,False,0.0,singleton
E07174,1,0,1,,0,none,0,,0,,0,0,False,False,False,0.0,singleton
E07175,1,0,1,,0,none,0,,0,,0,0,False,False,False,0.0,singleton
E07176,1,0,1,,0,none,0,,0,,0,0,False,False,False,0.0,singleton
E07177,1,0,1,,0,none,0,,0,,0,0,False,False,False,0.0,singleton
E07178,1,0,1,,0,none,0,,0,,0,0,False,False,False,0.0,singleton
E07179,1,0,1,,0,none,0,,0,,0,0,False,False,False,0.0,singleton
E07180,1,0,1,,0,none,0,,0,,0,0,False,False,False,0.0,singleton
E07181,1,0,1,,0,none,0,,0,,0,0,False,False,False,0.0,singleton
E07182,1,0,1,,0,none,0,,0,,0,0,False,False,False,0.0,singleton
E07183,1,0,1,,0,none,0,,0,,0,0,False,False,False,0.0,singleton
E07184,1,0,1,,0,none,0,,0,,0,0,False,False,False,0.0,singleton
E07185,1,0,1,,0,none,0,,0,,0,0,False,False,False,0.0,singleton
E07186,1,0,1,,0,none,0,,0,,0,0,False,False,False,0.0,singleton
E07187,1,0,1,,0,none,0,,0,,0,0,False,False,False,0.0,singleton
E07188,1,0,1,,0,none,0,,0,,0,0,False,False,False,0.0,singleton
E07189,1,0,1,,0,none,0,,0,,0,0,False,False,False,0.0,singleton
E07190,1,0,1,,0,none,0,,0,,0,0,False,False,False,0.0,singleton
E07191,1,0,1,,0,none,0,,0,,0,0,False,False,False,0.0,singleton
E07192,1,0,1,,0,none,0,,0,,0,0,False,False,False,0.0,singleton
E07193,1,0,1,,0,none,0,,0,,0,0,False,False,False,0.0,singleton
E07194,1,0,1,,0,none,0,,0,,0,0,False,False,False,0.0,singleton
E07195,1,0,1,,0,none,0,,0,,0,0,False,False,False,0.0,singleton
E07196,1,0,1,,0,none,0,,0,,0,0,False,False,False,0.0,singleton
E07197,1,0,1,,0,none,0,,0,,0,0,False,False,False,0.0,singleton
E07198,1,0,1,,0,none,0,,0,,0,0,False,False,False,0.0,singleton
E07199,1,0,1,,0,none,0,,0,,0,0,False,False,False,0.0,singleton
E07200,1,0,1,,0,none,0,,0,,0,0,False,False,False,0.0,singleton
E07201,1,0,1,,0,none,0,,0,,0,0,False,False,False,0.0,singleton
E07202,1,0,1,,0,none,0,,0,,0,0,False,False,False,0.0,singleton
E07203,1,0,1,,0,none,0,,0,,0,0,False,False,False,0.0,singleton
E07204,1,0,1,,0,none,0,,0,,0,0,False,False,False,0.0,singleton
E07205,1,0,1,,0,none,0,,0,,0,0,False,False,False,0.0,singleton
E07206,1,0,1,,0,none,0,,0,,0,0,False,False,False,0.0,singleton
E07207,1,0,1,,0,none,0,,0,,0,0,False,False,False,0.0,singleton
E07208,1,0,1,,0,none,0,,0,,0,0,False,False,False,0.0,singleton
E07209,1,0,1,,0,none,0,,0,,0,0,False,False,False,0.0,singleton
E07210,1,0,1,,0,none,0,,0,,0,0,False,False,False,0.0,singleton
E07211,1,0,1,,0,none,0,,0,,0,0,False,False,False,0.0,singleton
E07212,1,0,1,,0,none,0,,0,,0,0,False,False,False,0.0,singleton
E07213,1,0,1,,0,none,0,,0,,0,0,False,False,False,0.0,singleton
E07214,1,0,1,,0,none,0,,0,,0,0,False,False,False,0.0,singleton
E07215,1,0,1,,0,none,0,,0,,0,0,False,False,False,0.0,singleton
E07216,1,0,1,,0,none,0,,0,,0,0,False,False,False,0.0,singleton
E07217,1,0,1,,0,none,0,,0,,0,0,False,False,False,0.0,singleton
E07218,1,0,1,,0,none,0,,0,,0,0,False,False,False,0.0,singleton
E07219,1,0,1,,0,none,0,,0,,0,0,False,False,False,0.0,singleton
E07220,1,0,1,,0,none,0,,0,,0,0,False,False,False,0.0,singleton
E07221,1,0,1,,0,none,0,,0,,0,0,False,False,False,0.0,singleton
E07222,1,0,1,,0,none,0,,0,,0,0,False,False,False,0.0,singleton
E07223,1,0,1,,0,none,0,,0,,0,0,False,False,False,0.0,singleton
E07224,1,0,1,,0,none,0,,0,,0,0,False,False,False,0.0,singleton
E07225,1,0,1,,0,none,0,,0,,0,0,False,False,False,0.0,singleton
E07226,1,0,1,,0,none,0,,0,,0,0,False,False,False,0.0,singleton
E07227,1,0,1,,0,none,0,,0,,0,0,False,False,False,0.0,singleton
E07228,1,0,1,,0,none,0,,0,,0,0,False,False,False,0.0,singleton
E07229,1,0,1,,0,none,0,,0,,0,0,False,False,False,0.0,singleton
E07230,1,0,1,,0,none,0,,0,,0,0,False,False,False,0.0,singleton
E07231,1,0,1,,0,none,0,,0,,0,0,False,False,False,0.0,singleton
E07232,1,0,1,,0,none,0,,0,,0,0,False,False,False,0.0,singleton
E07233,1,0,1,,0,none,0,,0,,0,0,False,False,False,0.0,singleton
E07234,1,0,1,,0,none,0,,0,,0,0,False,False,False,0.0,singleton
E07235,1,0,1,,0,none,0,,0,,0,0,False,False,False,0.0,singleton
E07236,1,0,1,,0,none,0,,0,,0,0,False,False,False,0.0,singleton
E07237,1,0,1,,0,none,0,,0,,0,0,False,False,False,0.0,singleton
E07238,1,0,1,,0,none,0,,0,,0,0,False,False,False,0.0,singleton
E07239,1,0,1,,0,none,0,,0,,0,0,False,False,False,0.0,singleton
E07240,1,0,1,,0,none,0,,0,,0,0,False,False,False,0.0,singleton
E07241,1,0,1,,0,none,0,,0,,0,0,False,False,False,0.0,singleton
E07242,1,0,1,,0,none,0,,0,,0,0,False,False,False,0.0,singleton
E07243,1,0,1,,0,none,0,,0,,0,0,False,False,False,0.0,singleton
E07244,1,0,1,,0,none,0,,0,,0,0,False,False,False,0.0,singleton
E07245,1,0,1,,0,none,0,,0,,0,0,False,False,False,0.0,singleton
E07246,1,0,1,,0,none,0,,0,,0,0,False,False,False,0.0,singleton
E07247,1,0,1,,0,none,0,,0,,0,0,False,False,False,0.0,singleton
E07248,1,0,1,,0,none,0,,0,,0,0,False,False,False,0.0,singleton
E07249,1,0,1,,0,none,0,,0,,0,0,False,False,False,0.0,singleton
E07250,1,0,1,,0,none,0,,0,,0,0,False,False,False,0.0,singleton
E07251,1,0,1,,0,none,0,,0,,0,0,False,False,False,0.0,singleton
E07252,1,0,1,,0,none,0,,0,,0,0,False,False,False,0.0,singleton
E07253,1,0,1,,0,none,0,,0,,0,0,False,False,False,0.0,singleton
E07254,1,0,1,,0,none,0,,0,,0,0,False,False,False,0.0,singleton
E07255,1,0,1,,0,none,0,,0,,0,0,False,False,False,0.0,singleton
E07256,1,0,1,,0,none,0,,0,,0,0,False,False,False,0.0,singleton
E07257,1,0,1,,0,none,0,,0,,0,0,False,False,False,0.0,singleton
E07258,1,0,1,,0,none,0,,0,,0,0,False,False,False,0.0,singleton
E07259,1,0,1,,0,none,0,,0,,0,0,False,False,False,0.0,singleton
E07260,1,0,1,,0,none,0,,0,,0,0,False,False,False,0.0,singleton
E07261,1,0,1,,0,none,0,,0,,0,0,False,False,False,0.0,singleton
E07262,1,0,1,,0,none,0,,0,,0,0,False,False,False,0.0,singleton
E07263,1,0,1,,0,none,0,,0,,0,0,False,False,False,0.0,singleton
E07264,1,0,1,,0,none,0,,0,,0,0,False,False,False,0.0,singleton
E07265,1,0,1,,0,none,0,,0,,0,0,False,False,False,0.0,singleton
E07266,1,0,1,,0,none,0,,0,,0,0,False,False,False,0.0,singleton
E07267,1,0,1,,0,none,0,,0,,0,0,False,False,False,0.0,singleton
E07268,1,0,1,,0,none,0,,0,,0,0,False,False,False,0.0,singleton
E07269,1,0,1,,0,none,0,,0,,0,0,False,False,False,0.0,singleton
E07270,1,0,1,,0,none,0,,0,,0,0,False,False,False,0.0,singleton
E07271,1,0,1,,0,none,0,,0,,0,0,False,False,False,0.0,singleton
E07272,1,0,1,,0,none,0,,0,,0,0,False,False,False,0.0,singleton
E07273,1,0,1,,0,none,0,,0,,0,0,False,False,False,0.0,singleton
E07274,1,0,1,,0,none,0,,0,,0,0,False,False,False,0.0,singleton
E07275,1,0,1,,0,none,0,,0,,0,0,False,False,False,0.0,singleton
E07276,1,0,1,,0,none,0,,0,,0,0,False,False,False,0.0,singleton
E07277,1,0,1,,0,none,0,,0,,0,0,False,False,False,0.0,singleton
E07278,1,0,1,,0,none,0,,0,,0,0,False,False,False,0.0,singleton
E07279,1,0,1,,0,none,0,,0,,0,0,False,False,False,0.0,singleton
E07280,1,0,1,,0,none,0,,0,,0,0,False,False,False,0.0,singleton
E07281,1,0,1,,0,none,0,,0,,0,0,False,False,False,0.0,singleton
E07282,1,0,1,,0,none,0,,0,,0,0,False,False,False,0.0,singleton
E07283,1,0,1,,0,none,0,,0,,0,0,False,False,False,0.0,singleton
E07284,1,0,1,,0,none,0,,0,,0,0,False,False,False,0.0,singleton
E07285,1,0,1,,0,none,0,,0,,0,0,False,False,False,0.0,singleton
E07286,1,0,1,,0,none,0,,0,,0,0,False,False,False,0.0,singleton
E07287,1,0,1,,0,none,0,,0,,0,0,False,False,False,0.0,singleton
E07288,1,0,1,,0,none,0,,0,,0,0,False,False,False,0.0,singleton
E07289,1,0,1,,0,none,0,,0,,0,0,False,False,False,0.0,singleton
E07290,1,0,1,,0,none,0,,0,,0,0,False,False,False,0.0,singleton
E07291,1,0,1,,0,none,0,,0,,0,0,False,False,False,0.0,singleton
E07292,1,0,1,,0,none,0,,0,,0,0,False,False,False,0.0,singleton
E07293,1,0,1,,0,none,0,,0,,0,0,False,False,False,0.0,singleton
E07294,1,0,1,,0,none,0,,0,,0,0,False,False,False,0.0,singleton
E07295,1,0,1,,0,none,0,,0,,0,0,False,False,False,0.0,singleton
E07296,1,0,1,,0,none,0,,0,,0,0,False,False,False,0.0,singleton
E07297,1,0,1,,0,none,0,,0,,0,0,False,False,False,0.0,singleton
E07298,1,0,1,,0,none,0,,0,,0,0,False,False,False,0.0,singleton
E07299,1,0,1,,0,none,0,,0,,0,0,False,False,False,0.0,singleton
E07300,1,0,1,,0,none,0,,0,,0,0,False,False,False,0.0,singleton
E07301,1,0,1,,0,none,0,,0,,0,0,False,False,False,0.0,singleton
E07302,1,0,1,,0,none,0,,0,,0,0,False,False,False,0.0,singleton
E07303,1,0,1,,0,none,0,,0,,0,0,False,False,False,0.0,singleton
E07304,1,0,1,,0,none,0,,0,,0,0,False,False,False,0.0,singleton
E07305,1,0,1,,0,none,0,,0,,0,0,False,False,False,0.0,singleton
E07306,1,0,1,,0,none,0,,0,,0,0,False,False,False,0.0,singleton
E07307,1,0,1,,0,none,0,,0,,0,0,False,False,False,0.0,singleton
E07308,1,0,1,,0,none,0,,0,,0,0,False,False,False,0.0,singleton
E07309,1,0,1,,0,none,0,,0,,0,0,False,False,False,0.0,singleton
E07310,1,0,1,,0,none,0,,0,,0,0,False,False,False,0.0,singleton
E07311,1,0,1,,0,none,0,,0,,0,0,False,False,False,0.0,singleton
E07312,1,0,1,,0,none,0,,0,,0,0,False,False,False,0.0,singleton
E07313,1,0,1,,0,none,0,,0,,0,0,False,False,False,0.0,singleton
E07314,1,0,1,,0,none,0,,0,,0,0,False,False,False,0.0,singleton
E07315,1,0,1,,0,none,0,,0,,0,0,False,False,False,0.0,singleton
E07316,1,0,1,,0,none,0,,0,,0,0,False,False,False,0.0,singleton
E07317,1,0,1,,0,none,0,,0,,0,0,False,False,False,0.0,singleton
E07318,1,0,1,,0,none,0,,0,,0,0,False,False,False,0.0,singleton
E07319,1,0,1,,0,none,0,,0,,0,0,False,False,False,0.0,singleton
E07320,1,0,1,,0,none,0,,0,,0,0,False,False,False,0.0,singleton
E07321,1,0,1,,0,none,0,,0,,0,0,False,False,False,0.0,singleton
E07322,1,0,1,,0,none,0,,0,,0,0,False,False,False,0.0,singleton
E07323,1,0,1,,0,none,0,,0,,0,0,False,False,False,0.0,singleton
E07324,1,0,1,,0,none,0,,0,,0,0,False,False,False,0.0,singleton
E07325,1,0,1,,0,none,0,,0,,0,0,False,False,False,0.0,singleton
E07326,1,0,1,,0,none,0,,0,,0,0,False,False,False,0.0,singleton
E07327,1,0,1,,0,none,0,,0,,0,0,False,False,False,0.0,singleton
E07328,1,0,1,,0,none,0,,0,,0,0,False,False,False,0.0,singleton
E07329,1,0,1,,0,none,0,,0,,0,0,False,False,False,0.0,singleton
E07330,1,0,1,,0,none,0,,0,,0,0,False,False,False,0.0,singleton
E07331,1,0,1,,0,none,0,,0,,0,0,False,False,False,0.0,singleton
E07332,1,0,1,,0,none,0,,0,,0,0,False,False,False,0.0,singleton
E07333,1,0,1,,0,none,0,,0,,0,0,False,False,False,0.0,singleton
E07334,1,0,1,,0,none,0,,0,,0,0,False,False,False,0.0,singleton
E07335,1,0,1,,0,none,0,,0,,0,0,False,False,False,0.0,singleton
E07336,1,0,1,,0,none,0,,0,,0,0,False,False,False,0.0,singleton
E07337,1,0,1,,0,none,0,,0,,0,0,False,False,False,0.0,singleton
E07338,1,0,1,,0,none,0,,0,,0,0,False,False,False,0.0,singleton
E07339,1,0,1,,0,none,0,,0,,0,0,False,False,False,0.0,singleton
E07340,1,0,1,,0,none,0,,0,,0,0,False,False,False,0.0,singleton
E07341,1,0,1,,0,none,0,,0,,0,0,False,False,False,0.0,singleton
E07342,1,0,1,,0,none,0,,0,,0,0,False,False,False,0.0,singleton
E07343,1,0,1,,0,none,0,,0,,0,0,False,False,False,0.0,singleton
E07344,1,0,1,,0,none,0,,0,,0,0,False,False,False,0.0,singleton
E07345,1,0,1,,0,none,0,,0,,0,0,False,False,False,0.0,singleton
E07346,1,0,1,,0,none,0,,0,,0,0,False,False,False,0.0,singleton
E07347,1,0,1,,0,none,0,,0,,0,0,False,False,False,0.0,singleton
E07348,1,0,1,,0,none,0,,0,,0,0,False,False,False,0.0,singleton
E07349,1,0,1,,0,none,0,,0,,0,0,False,False,False,0.0,singleton
E07350,1,0,1,,0,none,0,,0,,0,0,False,False,False,0.0,singleton
E07351,1,0,1,,0,none,0,,0,,0,0,False,False,False,0.0,singleton
E07352,1,0,1,,0,none,0,,0,,0,0,False,False,False,0.0,singleton
E07353,1,0,1,,0,none,0,,0,,0,0,False,False,False,0.0,singleton
E07354,1,0,1,,0,none,0,,0,,0,0,False,False,False,0.0,singleton
E07355,1,0,1,,0,none,0,,0,,0,0,False,False,False,0.0,singleton
