wallet,transaction_count,incoming_count,outgoing_count,total_incoming_btc,total_outgoing_btc,avg_transaction_amount,avg_time_gap_minutes,unique_counterparties,fan_in,fan_out,unique_ips,unique_asns,rapid_transfer_ratio,split_ratio,merge_ratio,max_amount_ratio,outgoing_small_amount_ratio,asn_change_ratio,max_transactions_in_5min,peeling_chain_consistency,tx_anomaly_count,tx_total_count,tx_anomaly_score_mean,tx_anomaly_score_min,tx_anomaly_score_max,tx_anomaly_ratio,profile_deviation_detected,peeling_chain_detected,actual_anomaly,if_anomaly_score,if_score_normalized,xgb_probability,risk_score,risk_level
bc1q242c89d01d9043e39598951a0ecf64,40,26,14,0.7491376999999999,1.13761292,0.0471687655,3182.269979305983,16,9,7,50,8,0.0,0.1428571428571428,0.0,2.121372758778362,0.0,0.7948717948717948,1,0.6153846153846154,0,14,0.2184127426773609,0.1102215842368049,0.2435910512382242,0.0,0,0,0,-0.07734204645688686,0.19020850387131458,0.0055248304,0.05954872469057228,LOW
352c12ac6620c4a19873ed7752f35b8,45,20,25,1.1930957400000002,2.65758583,0.0855707015555555,2711.2536495844697,37,10,27,69,11,0.0,0.24,0.1,4.322662851630927,0.04,0.8181818181818182,1,0.4583333333333333,0,25,0.1394989499456471,0.0011433627663278,0.2409191286401998,0.0,1,0,1,-0.0008105231166511961,0.3787076369345121,0.968251,0.6493252246206979,HIGH
18aa0648b139b40d6b43ca8d80b5c48,24,7,17,0.21455228,1.7328753199999998,0.0811428166666666,5691.311970705072,15,4,11,28,3,0.0,0.3529411764705882,0.1428571428571428,1.3678719511764414,0.1176470588235294,0.5217391304347826,1,0.375,0,17,0.1914038516184744,0.0302830719644601,0.237806480662265,0.0,0,0,0,-0.13835276488773268,0.03993751709571183,0.004000998,0.013781704228105249,LOW
1ddf86c76fb6a41d1985ef76910cd73,23,11,12,0.47062122,0.25951991,0.0317452665217391,5689.588735317425,13,6,7,29,4,0.0,0.25,0.0909090909090909,6.259057125731938,0.0833333333333333,0.5,1,0.1818181818181818,0,12,0.1982324217567118,0.0231892800675321,0.2428694046037907,0.0,0,0,0,-0.1341510933949308,0.05028634329492996,0.012127828,0.020543425336048454,LOW
bc1qc68d8a3ba55047a28245c31b567cd2,27,10,17,0.47250048,3.37665779,0.1425614174074074,4456.997276355769,26,8,18,36,7,0.0,0.5882352941176471,0.0,1.5175632747860093,0.1176470588235294,0.4615384615384615,1,0.3125,0,17,0.1268239393363488,0.0347730966678743,0.2105684451811084,0.0,0,0,0,-0.08950426433891978,0.16025264481050805,0.035460994,0.0640332402120323,LOW
3a5d4e20d578f44878e520041415815,17,3,14,0.1233443599999999,1.0975020599999998,0.0718144952941176,6897.719512757292,17,2,15,20,1,0.0,0.5714285714285714,0.0,1.4819220639377595,0.2142857142857142,0.0,1,0.3846153846153846,0,14,0.1782884815022518,0.0289453097856784,0.2372296161106033,0.0,0,0,0,-0.09710260912731455,0.1415377239149681,0.054088388,0.06680109179800364,LOW
3ced030daacd743e6b8d45530a27358,30,13,17,0.55270156,0.4149903300000001,0.0322563963333333,4178.317191947127,29,12,17,38,6,0.0,0.4705882352941176,0.2307692307692307,2.8522646905760585,0.1176470588235294,0.5862068965517241,1,0.375,1,17,0.1954811687889566,-0.0358059389660238,0.2409264175050602,0.0588235294117647,0,0,0,-0.08234058543926376,0.17789697231363447,0.022934195,0.0636894794747567,LOW
1621554a601c84f40a77de7b152d9d8,36,20,16,0.6930268999999999,0.1651154,0.0238372861111111,3641.3961809138095,24,10,14,44,4,0.0,0.5,0.1,8.847536549086628,0.0,0.7142857142857143,1,0.6,0,16,0.1786248886946954,0.0722504520595443,0.2404071655753007,0.0,0,0,0,-0.1347538056002353,0.04880184745285155,0.06144085,0.042288936124721885,LOW
bc1qd4310c51d5334905acd3060b252cf4,31,21,10,2.23951148,0.8868044799999999,0.1008489019354838,4196.580431426667,19,12,7,40,5,0.0,0.3,0.1428571428571428,3.5156806854079377,0.1,0.6666666666666666,1,0.2222222222222222,1,10,0.1707934268009268,-0.0007784451721953,0.2399594476354748,0.1,0,0,0,-0.0717039035708385,0.2040953964839408,0.010717594,0.06605153622776357,LOW
bc1qeee47ae43b3a47418418aaf35dc112,25,10,15,0.40052226,0.49759157,0.0359245532,4831.215282365972,21,7,14,29,2,0.0,0.5333333333333333,0.2,1.5899197720464355,0.0666666666666666,0.2916666666666667,1,0.5,0,15,0.1949803392545792,0.0292419513547478,0.245506924101738,0.0,0,0,0,-0.13732016831495691,0.042480829318923906,0.009977069,0.017233929547835335,LOW
bc1qd5365fe3395f4c9da13eea60090505,37,20,17,0.87813942,1.9410336800000003,0.0761938675675675,3442.653586193981,21,7,14,43,5,0.0277777777777777,0.4705882352941176,0.05,1.3769185965502784,0.0,0.7222222222222222,2,0.4375,0,17,0.1964901849289626,0.0566461726349452,0.2395441007756798,0.0,0,0,0,-0.13385752954871732,0.051009398685633874,0.015174526,0.02213135588518969,LOW
1fc277a4055cd4636a7b7b0eaf1a49f,26,11,15,0.4490598899999999,0.3202451,0.0295886534615384,4599.9877240333335,17,6,11,33,6,0.0,0.4,0.0,6.795137631789707,0.0666666666666666,0.56,1,0.5,0,15,0.2035860586876764,0.0952132034282572,0.2406288892036215,0.0,0,0,0,-0.1465993871773557,0.019625871848787425,0.020388959,0.015062793000556695,LOW
bc1qce0f8a3d51174660ac75736e947e32,33,18,15,0.5153942100000001,0.2455326599999999,0.02305839,4022.6833758963535,21,9,12,41,5,0.0,0.4666666666666667,0.1111111111111111,4.950860540646844,0.1333333333333333,0.6875,1,0.2142857142857142,0,15,0.19206229418597,0.0896176323244839,0.2413806193652399,0.0,0,0,0,-0.144025361058159,0.025965765147311613,0.0064639947,0.010698527013183572,LOW
1d0b46419a5384de6a8b83f7e6f5238,26,10,16,0.40991784,0.25498295,0.0255731073076923,5070.620520086666,21,7,14,32,4,0.0,0.625,0.1,4.653747244984698,0.1875,0.44,1,0.4666666666666667,0,16,0.1969407438830992,0.0852525993775175,0.2398033150602119,0.0,0,0,0,-0.1342842389765162,0.04995840226351386,0.02236595,0.02505219801437606,LOW
19f4ca72061714743baecd88a21f90b,31,16,15,0.2804991099999999,1.94577717,0.0718153638709677,4325.413038464444,18,4,14,36,3,0.0,0.3333333333333333,0.0,1.453089068340128,0.0666666666666666,0.6333333333333333,1,0.3571428571428571,0,15,0.1843197886192153,0.0714933769436264,0.236439409526425,0.0,0,0,0,-0.13639626744460603,0.04475642119919051,0.037350927,0.030234842002614705,LOW
12114adc3d5974a40907bd183bd2770,31,19,12,0.43257354,0.92593703,0.0438229216129032,3854.266540254445,15,7,8,39,6,0.0,0.4166666666666667,0.0,1.4942612289789472,0.0,0.8,1,0.4545454545454545,0,12,0.1913176274307626,0.0915468891222455,0.23875859882131,0.0,0,0,0,-0.14013813343309128,0.035540107919597004,0.0046682036,0.012762724040843061,LOW
31acaef4aa8664064819f1e2e89e297,59,14,45,0.35176047,5.387776149999999,0.0972802816949152,2154.40596543592,50,10,40,67,5,0.5,0.5333333333333333,0.1428571428571428,1.62814403791741,0.0666666666666666,0.3448275862068966,8,0.4090909090909091,11,45,0.0889299625470457,-0.0678391259946216,0.2388122697191961,0.2444444444444444,0,0,1,0.1681952915040339,0.7949733552713885,0.7675536,0.5838911180907397,MEDIUM
bc1q16905d5cb16f4cb68e2728e8a2c92d,30,16,14,0.64959665,0.7443409599999999,0.046464587,4258.700740708621,25,10,15,37,6,0.0344827586206896,0.5,0.1875,2.128450070148832,0.0,0.6206896551724138,2,0.4615384615384615,0,14,0.2143783886598978,0.0163434648799265,0.2444281321576734,0.0,0,0,0,-0.12068966315638041,0.08344219619069239,0.0103813745,0.029704277199607314,LOW
bc1qd3d061d8d16e444fab63ef85bd0bbf,38,19,19,0.49537363,1.11621564,0.0424102439473684,3516.6277396977475,30,12,18,47,6,0.0,0.5263157894736842,0.1578947368421052,1.4972050808065804,0.1052631578947368,0.7027027027027027,1,0.2777777777777778,0,19,0.2037582650699927,0.0976525750715421,0.24366326008342,0.0,0,0,0,-0.12186192359242332,0.08055488823869973,0.0037281802,0.025844147465062587,LOW
18ba1c6c3deec4e55a789c783310411,25,18,7,0.7629082199999999,0.27446994,0.0414951264,5108.128515145138,15,10,5,34,5,0.0,0.2857142857142857,0.1111111111111111,1.774344886756862,0.2857142857142857,0.7083333333333334,1,0.3333333333333333,0,7,0.1395239410027282,0.0282853643737345,0.2422487329927091,0.0,0,0,0,-0.08090279381550203,0.18143829048914928,0.002833051,0.055706360067220684,LOW
18bb7d4e8cf2e417389f550ccb420af,28,15,13,1.0774923900000002,0.0936861,0.0418278032142857,4760.070052798766,20,8,12,34,6,0.0,0.4615384615384615,0.1333333333333333,22.06661845871993,0.0,0.7037037037037037,1,0.5,0,13,0.1771966690078747,0.0794384294500694,0.235793937200274,0.0,0,0,0,-0.13492059182064953,0.0483910486527911,0.017808618,0.022531192613501283,LOW
16f7c1bab446b42fe97ce79d9ec8107,24,7,17,0.44873686,0.38946459,0.0349250604166666,5316.628395421739,15,2,13,27,2,0.0,0.5294117647058824,0.0,4.2748645995024495,0.0588235294117647,0.3043478260869565,1,0.4375,0,17,0.2117462489142596,0.0491185824325826,0.2448785529755608,0.0,0,0,0,-0.13195805756101137,0.055687847608813235,0.0063332478,0.01955631568081337,LOW
1d7ef495fbdcb468a8ad3ae131ae754,39,12,27,0.54666646,0.5671410800000001,0.0285591676923076,3174.7653756951754,31,7,24,45,5,0.0,0.5925925925925926,0.1666666666666666,5.257723782038293,0.1111111111111111,0.3947368421052631,1,0.5,0,27,0.2097907350649327,0.0345751475741837,0.2458815882005427,0.0,0,0,0,-0.0715074222094984,0.20457933518866292,0.19197063,0.14776058546775456,LOW
17b199c4ca46c43b0b36f0c7c35d654,22,12,10,0.3589778,1.4897025199999998,0.0840309236363636,5980.773498859524,9,3,6,25,2,0.0,0.3,0.0833333333333333,1.3581465231588834,0.1,0.1428571428571428,1,0.6666666666666666,0,10,0.1338937789450335,0.0079884314974523,0.2181278434821428,0.0,0,0,0,-0.08899675318730038,0.16150265798056954,0.023612686,0.059076505311086276,LOW
3ec31d5e603004ea69dbb553c8caed0,15,5,10,0.59162128,0.23755256,0.055278256,7963.851857470237,14,3,11,19,4,0.0,0.7,0.0,9.044321895338118,0.1,0.5,1,0.3333333333333333,0,10,0.1779128459348291,0.0345302464731286,0.2404685328866628,0.0,0,0,0,-0.10474275792382898,0.12271983865983885,0.02623977,0.04862384779479385,LOW
bc1qec86cd39688f44d38f3af3af54d7b3,24,8,16,0.18319055,0.4238303499999999,0.0252925375,5507.332423830435,18,5,13,30,5,0.0,0.375,0.0,3.252823868360901,0.0,0.4782608695652174,1,0.4666666666666667,0,16,0.2152169463688396,0.1688571513649867,0.2421331976399426,0.0,0,0,0,-0.12885421930881374,0.06333268197473323,0.010796014,0.023858011084337338,LOW
bc1q4cff80857fb746a99add9327ac9c50,26,13,13,1.31060231,0.41147844,0.066233875,5290.369310818666,19,5,14,30,3,0.0,0.6153846153846154,0.0769230769230769,6.6285860651297135,0.0,0.56,1,0.3333333333333333,0,13,0.1989001290757528,0.0825233481228242,0.2419128006910558,0.0,0,0,0,-0.1410542579128447,0.03328366949168578,0.005411261,0.012420168283232256,LOW
bc1q1db11c054d424eb1ab8a3f2e47da63,30,16,14,0.58662693,0.73346799,0.044003164,4458.886142217816,23,8,15,37,6,0.0,0.7142857142857143,0.125,2.413546167548972,0.0714285714285714,0.6896551724137931,1,0.5384615384615384,0,14,0.1668639622645617,0.0323048375626204,0.2458630009853264,0.0,0,0,0,-0.13297109141867003,0.05319271886188639,0.015689239,0.023017972793694892,LOW
1d6e6f236f3604f4ea93e039721a472,29,19,10,0.7694410100000001,0.12125303,0.0307135875862068,4290.62049926131,26,15,11,40,9,0.0,0.6,0.1578947368421052,5.590802423043124,0.0,0.7857142857142857,1,0.1111111111111111,0,10,0.1436867802766489,0.0071306596893176,0.2445934948729679,0.0,0,0,0,-0.06581747525536258,0.21859382256874493,0.005123753,0.06788383557277634,LOW
bc1q87cea6d8b01d409b833397d1f3f0e3,34,29,5,2.2524889500000005,0.20935784,0.0724072585294117,3963.619548879798,15,12,3,43,7,0.0,0.4,0.1379310344827586,3.8149216696174686,0.4,0.9090909090909092,1,0.5,0,5,0.1738785739016023,0.0579460227582465,0.2323752334457586,0.0,0,0,0,-0.01850202784348015,0.33513300052272826,0.0015221091,0.10122484926056131,LOW
39ffbddacdd694214b87ba9d837b0e3,43,38,5,2.18391577,0.09528726,0.0530047216279069,2976.200772102381,19,17,2,53,5,0.0,0.2,0.1578947368421052,15.66182499556478,0.0,0.6666666666666666,1,0.5,0,5,0.1702040268395212,0.0701288004497887,0.2367516815696694,0.0,0,0,0,-0.012315207257322491,0.35037130058535276,0.0123975845,0.11069030297019582,LOW
bc1q7f38935a6b3247169dd1afe34e1391,36,18,18,0.3973313599999999,0.94354219,0.0372464875,3649.965596049524,22,10,12,44,6,0.0,0.3888888888888889,0.1111111111111111,1.2506261536419554,0.1666666666666666,0.6857142857142857,1,0.3529411764705882,0,18,0.1961447414539866,0.1047856854397142,0.24541792696594,0.0,0,0,0,-0.12577317769422347,0.07092136762913945,0.0065610716,0.024228892374416836,LOW
18830223bb3004c959c6e14660085ab,28,14,14,0.92415511,0.7838667900000001,0.0610007821428571,4621.532889234568,20,10,10,34,5,0.037037037037037,0.3571428571428571,0.2142857142857142,5.235949870225317,0.1428571428571428,0.6666666666666666,2,0.1538461538461538,0,14,0.1708821963097833,0.013541433951379,0.2439506451275013,0.0,0,0,0,-0.12232554276691376,0.07941298215021894,0.21865077,0.12221673884519996,LOW
318109c8582f248cab33d097127e691,28,12,16,0.43396307,2.40780905,0.1014918614285714,4423.917208796296,17,4,13,33,5,0.0,0.375,0.0,1.201092113373078,0.0625,0.6666666666666666,1,0.2666666666666666,0,16,0.1823802733471917,0.036128230561064,0.2371065662706719,0.0,0,0,0,-0.14266700603911475,0.029311428898751254,0.016305484,0.016130896414571855,LOW
bc1q06726101d52b4484a450fce56dc65d,23,9,14,0.5274778699999999,3.1191205700000006,0.1585477582608695,5870.750761512879,20,5,15,29,5,0.0,0.6428571428571429,0.0,1.5025671085746832,0.0714285714285714,0.6363636363636364,1,0.1538461538461538,0,14,0.1360660586506561,0.0053027997168666,0.2168323328485965,0.0,0,0,0,-0.11566820175144321,0.09581018627149787,0.022306606,0.03878102847326674,LOW
1314d378c8d964672a2a775338aed26,20,6,14,0.21011693,3.07148789,0.164080241,6191.237361656141,15,4,11,25,5,0.0,0.5,0.0,1.3230134133039169,0.0714285714285714,0.5263157894736842,1,0.3076923076923077,0,14,0.1536696644688401,0.0309644412958133,0.2201622267639511,0.0,0,0,0,-0.11343962432321952,0.10129923045681752,0.019075492,0.038973740436276307,LOW
122cfbee287984af194dd805e4472a8,21,6,15,0.23861033,2.57684132,0.1340691261904762,5121.960730376666,21,6,15,25,3,0.0,0.5333333333333333,0.3333333333333333,1.1860689689982324,0.0,0.2,1,0.5714285714285714,0,15,0.1668209166677522,0.0420963366398255,0.2230694020235668,0.0,0,0,0,-0.10243820433457795,0.12839601410639648,0.031827677,0.05284125834170688,LOW
1c880916f5304400e8338de1fe45933,24,0,24,0.0,0.34260757,0.0142753154166666,5364.228220886232,21,0,21,25,1,0.0,0.4583333333333333,0.0,1.5216561439416278,0.0833333333333333,0.0,1,0.4782608695652174,0,24,0.2092608391184755,0.0660069098255812,0.2424612357081262,0.0,0,0,0,-0.06441203933748602,0.22205544779888498,0.053473387,0.09067965714690597,LOW
3267ba40cabfd47179602c3f2ff52ce,22,11,11,0.6642183799999999,0.31781274,0.0446377781818181,5514.518347861112,20,10,10,27,3,0.0,0.5454545454545454,0.3636363636363636,10.019740452737938,0.0909090909090909,0.3333333333333333,1,0.3,0,11,0.1940125877038052,0.1168247995780006,0.2371399604923651,0.0,0,0,0,-0.11098745842775537,0.10733897885392174,0.02287363,0.04249482721301932,LOW
bc1q76904e99ad2246a08888de27d6919d,21,8,13,0.36383872,1.4376300400000002,0.0857842266666666,5955.198189670833,11,4,7,26,4,0.0,0.3076923076923077,0.0,1.606548242155172,0.0769230769230769,0.45,1,0.1666666666666666,0,13,0.1874954887158037,0.0428100387708204,0.2342402921739461,0.0,0,0,0,-0.1370420810410477,0.0431657655093974,0.007016731,0.016107258468610233,LOW
bc1q9483135ae1eb483285263cf544a9b0,39,31,8,0.61231215,1.26669381,0.04817964,3220.4819286061406,17,11,6,46,6,0.0,0.375,0.1290322580645161,1.2832963352736595,0.0,0.868421052631579,1,0.4285714285714285,1,8,0.1668191416125082,-0.034391786209358,0.2267633034548641,0.125,0,0,0,-0.04093075238694094,0.2798904684570834,0.0129757235,0.0898062159646274,LOW
bc1q725f502c1ddc414d9f0048ef6beef2,25,12,13,0.40269286,0.4523661799999999,0.0342023616,4331.6235493923605,21,9,12,31,5,0.0,0.3846153846153846,0.3333333333333333,3.9153478822119183,0.1538461538461538,0.625,1,0.5,0,13,0.1691048461594431,0.0380502198786827,0.2342273101780152,0.0,1,0,1,-0.12310772470961567,0.07748644767577079,0.9435083,0.5478246605943877,MEDIUM
168d3ce2b54c94afd8aa2fa77aa9a65,11,3,8,0.0790481999999999,0.6820785599999999,0.0691933418181818,10778.689886423334,8,1,7,13,2,0.0,0.375,0.0,1.3268472187105231,0.0,0.3,1,0.5714285714285714,0,8,0.1865651871439563,0.0982602843931456,0.2384126972225795,0.0,0,0,0,-0.037581293946229166,0.28814027173747153,0.003180495,0.08787330417705187,LOW
bc1q88ab980a5f1044d99efc980de2ed0c,26,13,13,0.26221559,0.52849557,0.0304119676923076,4473.405519557334,13,6,7,32,6,0.0,0.2307692307692307,0.0769230769230769,2.0736684764689075,0.1538461538461538,0.76,1,0.25,0,13,0.1999679004919967,0.0595856355853993,0.2436634038429997,0.0,0,0,0,-0.12102750644690868,0.08261007937664856,0.007664435,0.028232019574567883,LOW
bc1q253726e15a884415bf4379e5999eb0,22,6,16,0.40455726,0.2211088699999999,0.0284393695454545,5336.601751805555,18,4,14,27,5,0.0,0.375,0.0,12.141096159232111,0.125,0.4761904761904761,1,0.2666666666666666,0,16,0.1747411010419547,0.0104598587052949,0.2354461057664563,0.0,1,0,1,-0.13058565509237208,0.05906811059406981,0.95004255,0.545239575805937,MEDIUM
300a11f6372324d3e818fa64f647dea,29,18,11,1.20469884,1.0759089000000002,0.0786416462068965,4482.856876396429,17,6,11,35,6,0.0,0.6363636363636364,0.0555555555555555,1.9848873262466016,0.1818181818181818,0.7857142857142857,1,0.2,0,11,0.1938963243925353,0.0249906212830453,0.2389506598975782,0.0,0,0,0,-0.13548454956798717,0.0470020060489373,0.0012961779,0.014683881808997587,LOW
bc1q1edb93de4dff4809be9f6047a71f97,18,11,7,1.2445553800000002,0.74587534,0.1105794844444444,6854.3648697,13,6,8,24,4,0.0,0.5714285714285714,0.0909090909090909,3.249148606393242,0.1428571428571428,0.8235294117647058,1,0.3333333333333333,0,7,0.1863014351684614,0.1427853153797545,0.2250336156768397,0.0,0,0,0,-0.08870187450117345,0.1622289518561877,0.0015581027,0.04936983175715557,LOW
18799ac1681a24c99a9632759e5702e,24,10,14,0.29156318,0.3765344,0.0278373991666666,4802.274568384783,14,7,7,29,4,0.0,0.3571428571428571,0.2,2.3618198884165222,0.0,0.4347826086956521,1,0.3076923076923077,0,14,0.2188406217793739,0.1737297373292572,0.2421420872443778,0.0,0,0,0,-0.11620222366077215,0.0944948764154828,0.0017826392,0.029150650522955252,LOW
1a6e543097aa7421d84fbaaa1b4ba3f,23,9,14,0.2313813299999999,0.47270363,0.0306123895652173,5462.527874720455,23,3,20,27,4,0.0,0.8571428571428571,0.0,1.5898582160461712,0.0,0.5454545454545454,1,0.6153846153846154,0,14,0.1875746687534031,0.0529916211464149,0.2451635794623575,0.0,0,0,0,-0.10979271354489845,0.1102816665833821,0.020435546,0.04228049549208969,LOW
1c04d4676fe334e21a1525074ccf3d1,25,9,16,0.60563854,0.25140297,0.0342816604,4843.377927398611,20,5,15,31,5,0.0,0.4375,0.0,8.487836399215373,0.0625,0.5833333333333334,1,0.5333333333333333,0,16,0.1932410450910472,0.0367201189116426,0.242745221687574,0.0,0,0,0,-0.14489505176356382,0.023823694313661523,0.12937154,0.06536429850014933,LOW
3d22708e6075e427388c4cd75033808,28,14,14,0.8786886600000001,0.31490165,0.0426282253571428,4464.20275501358,13,3,10,32,4,0.0,0.3571428571428571,0.0,5.9382537279529615,0.0714285714285714,0.6296296296296297,1,0.3846153846153846,0,14,0.2050901707558496,0.1321817998144152,0.2417445253299712,0.0,0,0,0,-0.1378790015775912,0.04110440845421521,0.004465257,0.014340688011069799,LOW
bc1qced4f5ceb4bf46918124b339accbaf,44,26,18,0.5513084300000001,0.75991163,0.0298004559090909,3014.767496602713,27,11,16,53,7,0.0,0.5,0.0769230769230769,1.7447073239413626,0.0,0.6976744186046512,1,0.4705882352941176,0,18,0.2207849185845963,0.1563968606313632,0.2441237560565635,0.0,0,0,0,-0.09463650344770569,0.14761180636308402,0.004134461,0.04614404920718613,LOW
32ac89369ba4549528d2489ede0c71f,18,7,11,0.6548281,0.4072981799999999,0.0590070155555555,7501.765319262745,18,5,13,22,2,0.0,0.5454545454545454,0.1428571428571428,4.890374667384232,0.0909090909090909,0.1176470588235294,1,0.3,1,11,0.1689629870175079,-0.0001336961848146,0.2436906233645734,0.0909090909090909,0,0,0,-0.08105889574346276,0.1810538073793688,0.009700012,0.058681147744227606,LOW
bc1q5b313615e3ca496eb44f6404254f40,16,3,13,0.34697971,0.16627392,0.032078351875,7445.542490547778,17,3,14,20,4,0.0,0.4615384615384615,0.0,18.871172306695502,0.2307692307692307,0.2666666666666666,1,0.25,0,13,0.1574343731152576,0.0216365358906684,0.2391822102192845,0.0,0,0,0,-0.09427301989722903,0.14850707580444847,0.538992,0.28709851720868834,LOW
bc1q99e95b5cd0cd4eafb93d53fd217710,40,28,12,1.94003427,0.72724946,0.0666820932499999,3279.48706037906,28,12,16,48,6,0.0,0.8333333333333334,0.1428571428571428,6.975020992311179,0.0833333333333333,0.7692307692307693,1,0.5454545454545454,0,12,0.2061951639331823,0.0390066775391687,0.2445116352897006,0.0,0,0,0,-0.08862288076174207,0.1624235154915414,0.051385574,0.07185056296672111,LOW
35aa766c83e5943e6abd61697b647af,30,15,15,0.73691814,0.1033616,0.0280093246666666,4047.046791605172,14,5,9,35,5,0.0,0.4,0.0666666666666666,14.89734349787035,0.2,0.6896551724137931,1,0.2142857142857142,1,15,0.1860072178323662,-0.0100457699792546,0.2391019883218163,0.0666666666666666,0,0,0,-0.08763609645222048,0.1648539909184874,0.018434195,0.057751584305194045,LOW
bc1qd2a783a6ad8a4dfa815e4e8ed8e4b7,28,16,12,0.35009154,2.41337106,0.0986950928571428,4029.5793230746913,9,4,5,32,4,0.0,0.25,0.0625,1.5035485990056252,0.0,0.7777777777777778,1,0.4545454545454545,0,12,0.1869807344464722,0.1466232634883417,0.2294928418695963,0.0,0,0,0,-0.08897343809995878,0.16156008364726698,0.0040292908,0.05028120583882807,LOW
bc1q941d0d83f115449f9d0805e52af851,27,15,12,1.4909272,0.66493828,0.0798468696296296,4576.327577422437,21,10,11,34,4,0.0,0.3333333333333333,0.1333333333333333,5.352276453468311,0.25,0.7307692307692307,1,0.5454545454545454,1,12,0.1507607841270911,-0.0180018811127535,0.2377242595227497,0.0833333333333333,0,0,0,-0.0750894141295052,0.19575679589908263,0.06743916,0.08907465983808321,LOW
11ee1dfc56dbd4e79bf4cd426a05ec1,25,10,15,0.32992143,3.14489303,0.1389925784,5106.218208855556,19,7,12,32,5,0.0,0.4666666666666667,0.1,1.4755708052218772,0.0666666666666666,0.5416666666666666,1,0.4285714285714285,0,15,0.1711271634736099,0.0626697437115142,0.2130499947028534,0.0,0,0,0,-0.11975406582549203,0.08574659675756288,0.010280269,0.03035009993359206,LOW
1e932ff84a2a0430f9529eed14bf11f,37,18,19,1.50526195,0.28229306,0.0483122975675675,3583.2328443078704,23,8,15,43,5,0.0,0.3684210526315789,0.1111111111111111,17.569865955862582,0.0526315789473684,0.5833333333333334,1,0.2777777777777778,0,19,0.1912316920338783,0.0231266594559009,0.2398273249481191,0.0,0,0,0,-0.12773602610443707,0.06608682092849619,0.053590536,0.04394178753144802,LOW
1a4531678f2aa42968758ba7932a908,21,10,11,0.84992603,2.30025804,0.1500087652380952,6191.003890021666,18,8,10,28,5,0.0,0.5454545454545454,0.2,1.3334372761514126,0.0909090909090909,0.5,1,0.4,0,11,0.1426143971565314,0.0016206567189768,0.2141010664608642,0.0,0,0,0,-0.11071570507461492,0.10800831443275583,0.014308225,0.03884119574339858,LOW
bc1qdb64014687a1416693702842c358da,24,13,11,0.31010631,0.21521951,0.0218885758333333,5754.248304539855,16,4,12,29,4,0.0,0.5454545454545454,0.0,2.351456672762726,0.0909090909090909,0.5652173913043478,1,0.2,0,11,0.1871622307072744,0.0920821608116515,0.2385462927786071,0.0,0,0,0,-0.1478535173670994,0.016536916563471917,0.0033221513,0.006456043046209443,LOW
bc1qee443c10468e49d2b2047ad511a188,20,7,13,0.4308066699999999,0.11563622,0.0273221445,6126.334854449124,15,3,12,24,3,0.0,0.6153846153846154,0.0,10.088146782770032,0.0769230769230769,0.5263157894736842,1,0.4166666666666667,1,13,0.1841868856620074,-0.0380266622913352,0.234485622638757,0.0769230769230769,0,0,0,-0.07955000263294049,0.18477025036658093,0.041229405,0.07398430602146758,LOW
1672e00f7624848d0b11494212abf5e,30,20,10,0.7283369700000001,0.86543209,0.0531256353333333,4093.727732161494,23,13,10,41,7,0.0,0.6,0.1,1.872476094640957,0.1,0.4482758620689655,1,0.4444444444444444,0,10,0.1857924101209888,0.0220655797478888,0.2392725451090179,0.0,0,0,0,-0.11936744868087396,0.08669884484315092,0.0024874867,0.027129022395399733,LOW
364f71d429ea44521bc0af5650287c2,47,31,16,2.48463783,0.3284280699999999,0.0598524659574468,2820.925108189855,19,9,10,55,7,0.0,0.25,0.064516129032258,10.041097962932945,0.0625,0.8260869565217391,1,0.4,0,16,0.2106060314601305,0.0927097454230473,0.2424424071158369,0.0,0,0,0,-0.08069340419817683,0.1819540225641893,0.00884223,0.05856521029180189,LOW
bc1q3b2419560e90485b8796681d440297,23,12,11,6.65980735,1.46358307,0.3531908878260869,5564.04926171591,16,4,12,27,3,0.0,0.5454545454545454,0.0833333333333333,9.010196453371112,0.1818181818181818,0.5,1,0.3,1,11,0.1526176388337742,-0.0356854713643458,0.2220529429053204,0.0909090909090909,0,0,0,-0.0006061894247125776,0.37921091613378793,0.47910494,0.3293604871547421,LOW
319f50f53d375439693d2e6db64cafa,28,13,15,0.42418425,0.5343737,0.0342342125,4771.652986259876,18,6,12,34,5,0.0,0.3333333333333333,0.0769230769230769,2.4186618227293053,0.0666666666666666,0.6296296296296297,1,0.4285714285714285,0,15,0.1902525539098611,0.0312219168536328,0.2463215867587804,0.0,0,0,0,-0.1488836360669395,0.01399970740576578,0.007435485,0.007545880190655567,LOW
bc1q7454e79021334954bf3bb4da5e52ff,23,6,17,0.07745147,0.17179576,0.0108368360869565,5071.412849697727,17,3,14,27,4,0.0,0.4705882352941176,0.0,2.492687024003086,0.0588235294117647,0.5,1,0.4375,0,17,0.1948385747069616,0.0592908364809386,0.239341079888351,0.0,0,0,0,-0.13500323927826796,0.04818748581448599,0.023776568,0.025155701370654714,LOW
301bcdbdebc8242f79e9b67d754c18a,34,13,21,0.93720833,0.55024821,0.0437487217647058,3797.45961154596,26,7,19,40,4,0.0303030303030303,0.4761904761904761,0.0769230769230769,16.458155414227978,0.0952380952380952,0.3636363636363636,2,0.35,0,21,0.2088565167857081,0.0699782049918584,0.2429489108919385,0.0,0,1,1,-0.11191889761803742,0.10504481989554458,0.427,0.5,MEDIUM
bc1q92ba76280e9048218972b128e45fea,36,17,19,1.0564619,0.8092403200000001,0.0518250616666666,3766.0878375861903,30,12,18,43,6,0.0,0.5789473684210527,0.2352941176470588,4.375145308121151,0.0526315789473684,0.5428571428571428,1,0.3888888888888889,0,19,0.2001616820547366,0.058212954807815,0.23989284004406,0.0,0,0,0,-0.11191731559418555,0.10504871646145032,0.023790952,0.04222054325663759,LOW
3bf00fd17ccc44ec2ac269798f18ba2,20,6,14,0.06673394,0.23292886,0.01498314,6289.033251747369,19,6,13,23,3,0.0,0.5,0.3333333333333333,2.346383075989837,0.0714285714285714,0.4210526315789473,1,0.4615384615384615,0,14,0.1995647602617309,0.0933310198490616,0.2424491876813733,0.0,0,0,0,-0.12025636128678885,0.0845094299684595,0.005003115,0.027604230766985743,LOW
3f9e9475ee8a6435d9d64e849dfdfa9,23,7,16,0.19897006,1.06068632,0.0547676686956521,4479.879083206818,15,6,9,26,3,0.0,0.375,0.2857142857142857,1.4544256186654618,0.0,0.5454545454545454,1,0.6,0,16,0.2189549808950047,0.1601186850914269,0.2427172670259363,0.0,0,0,0,-0.10110899286295694,0.13166989654232197,0.0016696642,0.0402523178153422,LOW
384a725a004e84fd0841eeeb95a623c,20,7,13,0.32357311,1.18651478,0.0755043945,6538.177857567544,21,6,15,26,5,0.0,0.7692307692307693,0.1428571428571428,1.7025242447316418,0.0,0.6842105263157895,1,0.5,0,13,0.1863239351406007,0.0846429205125971,0.2405767933169972,0.0,0,0,0,-0.12309509739961039,0.07751754906883121,0.0033414473,0.024758915983841657,LOW
17029977c4a594bfc97e03380fa9699,22,13,9,0.8983114900000001,1.881501,0.1263551131818181,5663.819084739683,14,5,9,26,3,0.0,0.5555555555555556,0.1538461538461538,1.616219391709252,0.0,0.5714285714285714,1,0.625,0,9,0.1503357749457371,0.0449234701481042,0.2034781348935727,0.0,0,0,0,-0.10732221802097042,0.11636656133226415,0.001084388,0.035397942982617725,LOW
199693b05abfb419d8bbb2b29e7e145,39,22,17,1.2737315400000002,2.08930893,0.0862318069230769,3301.731612117105,20,9,11,47,7,0.0,0.2352941176470588,0.0909090909090909,1.4184299542161796,0.1176470588235294,0.6578947368421053,1,0.375,0,17,0.1686754256809656,0.0425319155715451,0.2413283457197221,0.0,0,0,0,-0.11695073670338585,0.09265126931789613,0.0146694835,0.0343966482896301,LOW
bc1q285784cbd51441c988b23d152344b7,38,18,20,0.59364482,1.0648602100000002,0.0436448692105263,3228.934524333333,24,11,13,47,6,0.0,0.4,0.1666666666666666,1.404571450479148,0.2,0.6756756756756757,1,0.4210526315789473,0,20,0.1879779261404881,0.0368881944204014,0.246679534168046,0.0,0,0,0,-0.11237836470368162,0.10391314050991457,0.0071881167,0.034408594489661215,LOW
bc1qb2064db733c14f96b8f128aba75a38,24,7,17,0.6433857199999999,0.9275437800000002,0.0654553958333333,5579.263411449276,20,4,16,29,4,0.0,0.5294117647058824,0.0,4.716121441454249,0.1176470588235294,0.5217391304347826,1,0.375,1,17,0.1854686603200158,-0.0419416422001074,0.2426873701843684,0.0588235294117647,0,0,0,-0.09962974826981502,0.13531331445987801,0.3527187,0.1993174082822078,LOW
32e2cf55a40874c499a441a471c025c,35,18,17,0.41035152,4.79326141,0.1486746551428571,3686.1842867205887,31,9,22,43,7,0.0,0.7647058823529411,0.1111111111111111,1.5688521880568551,0.0,0.7647058823529411,1,0.5625,0,17,0.1335371569702917,0.0418608103486237,0.2067573628085277,0.0,0,0,0,-0.050562074618604624,0.2561682712279786,0.020606617,0.0861234581468412,LOW
bc1q4706608307814e35a5494a2fb5e20a,33,19,14,1.0333991400000002,0.7111790699999999,0.0528660063636363,4090.4369827890623,26,11,15,42,7,0.0,0.5,0.1052631578947368,4.9623490505371946,0.0714285714285714,0.8125,1,0.3846153846153846,0,14,0.1908867960415929,0.0399378725734642,0.24497755914687,0.0,0,0,0,-0.13912787489134065,0.03802840099123858,0.10412571,0.05826508756097479,LOW
351115c60d0034eb887b365448f530e,23,12,11,0.4157832199999999,3.85278143,0.1855897673913043,5632.907339862121,20,6,15,30,5,0.0,0.8181818181818182,0.0,1.215771957968832,0.0909090909090909,0.6818181818181818,1,0.3,0,11,0.1158921102626735,0.0048232606742836,0.1737733118396723,0.0,0,0,0,-0.07087853159673313,0.20612830912938565,0.025882268,0.07348551320544139,LOW
bc1q8b45850283c44e649f7f01e8a8c82d,33,15,18,0.37623528,1.72143926,0.0635658951515151,4095.827571844271,23,6,17,39,5,0.0,0.3888888888888889,0.0666666666666666,1.852433520761572,0.1111111111111111,0.71875,1,0.2941176470588235,0,18,0.1989045893079419,0.0488895611844486,0.2381828711104937,0.0,0,0,0,-0.14176663093846653,0.03152907619618392,0.01842934,0.01775192593706553,LOW
15aa54aca48ea42388fd8a985520ec2,26,15,11,0.41183383,0.39704607,0.0311107653846153,5139.525098846,22,12,10,33,6,0.0,0.5454545454545454,0.2666666666666666,4.030007042594962,0.0909090909090909,0.8,1,0.6,0,11,0.197295602310658,0.0067693970846648,0.2433846172631728,0.0,0,0,0,-0.1249208327917899,0.07302071529879568,0.010058131,0.026432373384399407,LOW
3d828e79afbe84978b829b70184ce88,18,10,8,0.7962948700000001,0.08983878,0.0492296472222222,6290.600293865686,11,5,6,22,4,0.0,0.375,0.2,15.509300988165275,0.125,0.7058823529411765,1,0.4285714285714285,0,8,0.1939790099114197,0.0267618498652991,0.2412702771193651,0.0,0,0,0,-0.1060582761609078,0.11947968301683973,0.005306421,0.038231794333116145,LOW
3f760390543b44af59897d7be2fbac1,20,7,13,0.14606544,0.27930322,0.021268433,6374.5733550543855,12,6,6,24,4,0.0,0.1538461538461538,0.2857142857142857,1.6258780321425983,0.0,0.6842105263157895,1,0.5,0,13,0.2092274501954693,0.0403996153216005,0.244507375197489,0.0,0,0,0,-0.10206188759967583,0.12932289201487437,0.0012625253,0.03936500400267716,LOW
bc1qa0c8a15f131d4f52b05421765eb88d,33,7,26,0.35219753,2.85688197,0.0972448333333333,3680.780516758854,24,3,21,37,3,0.0,0.1153846153846153,0.0,31.2771626638032,0.1538461538461538,0.125,1,0.4,0,26,0.1806416802918313,0.056017274444767,0.2438299995896337,0.0,1,0,1,-0.031191075230098897,0.3038795466859096,0.99877566,0.6406128965508626,HIGH
bc1qcc3254b6d6e341288b4e71010517a2,21,9,12,0.6212833799999999,0.3991929499999999,0.0485941109523809,6030.76055181,9,4,5,26,4,0.0,0.0833333333333333,0.0,3.3369435290239218,0.0833333333333333,0.55,1,0.4545454545454545,0,12,0.2037099277120532,0.0553089158722966,0.2420383297960954,0.0,0,0,0,-0.10603693593885122,0.11953224453896125,0.0007995661,0.03621947810954739,LOW
130b76ebf5f2f4c4b8c0e8c46cd8455,30,15,15,0.42381836,5.0568662600000005,0.1826894873333333,3879.998494091954,23,11,12,37,6,0.0,0.4666666666666667,0.2666666666666666,1.6562848544365951,0.1333333333333333,0.6551724137931034,1,0.2857142857142857,0,15,0.1147423932894699,0.0466528941835053,0.1657252727282205,0.0,0,0,0,-0.06280916550544408,0.2260033677482419,0.053834837,0.0920266867567245,LOW
bc1q2c2e28eeb7d342568cd9a00e5178bb,31,16,15,1.2747134,2.86938077,0.1336804570967741,4132.454679677778,18,5,13,37,5,0.0,0.6,0.0,9.55843090540613,0.0,0.7333333333333333,1,0.4285714285714285,0,15,0.2006127719868296,0.0489614312146486,0.2335976812699204,0.0,1,0,1,-0.12311842544759027,0.07746009147974446,0.50060254,0.5,MEDIUM
1b2b3c6d13add413e90ff49a8fa7bbe,19,6,13,0.09330688,0.95507452,0.0551779684210526,7035.478566568519,20,3,17,23,2,0.0,0.8461538461538461,0.0,1.430866355010803,0.0769230769230769,0.5,1,0.4166666666666667,0,13,0.1657000471615924,0.079744167771161,0.2447005663741831,0.0,0,0,0,-0.08611942037707915,0.16858960355004113,0.021799548,0.0603866768320812,LOW
1b9917f4478474f0cb951da06a0da76,17,5,12,0.0893467299999999,0.63561688,0.0426449182352941,7513.278200507292,19,7,12,22,5,0.0,0.5833333333333334,0.4,1.4283595749352456,0.0833333333333333,0.5,1,0.3636363636363636,0,12,0.1941625246552043,0.1062374921738557,0.2401294120815864,0.0,0,0,0,-0.09455150923063299,0.14782114933097926,0.0027365568,0.045577795386804835,LOW
320c3a9a24892443f8f9f65b3bca0bc,56,39,17,1.6753912899999996,0.22995341,0.0340240125,2395.477706759394,27,13,14,67,8,0.0,0.4705882352941176,0.0512820512820512,16.266147123404,0.1176470588235294,0.6545454545454545,1,0.4375,0,17,0.2004442554206079,0.0188916259398154,0.2446612706448798,0.0,0,0,0,-0.04639567665960326,0.266430217795755,0.033400137,0.09495912623351381,LOW
330b8bcd10d47443f8bcf1ae5143716,47,32,15,2.00263645,0.2976933099999999,0.0489431863829787,2689.930039933696,21,9,12,54,6,0.0,0.2666666666666666,0.09375,8.003265432458871,0.2,0.6739130434782609,1,0.4285714285714285,0,15,0.1866066435417986,0.010538532988836,0.245336425570988,0.0,0,0,0,-0.07620840346025298,0.1930006960653553,0.028530503,0.07073893475154905,LOW
bc1qa34504ac565c422791d99da8b5e6fc,32,15,17,0.50741137,1.15434689,0.051929945625,4175.851105488172,26,10,16,39,6,0.0,0.5294117647058824,0.2,2.169800101258996,0.1176470588235294,0.6451612903225806,1,0.3125,0,17,0.18906861560151,0.0496023178596297,0.2450415948249406,0.0,0,0,0,-0.13777491565588912,0.04136077478731041,0.00875186,0.01634656929285635,LOW
bc1q19b085a890914c489694a121e22f63,30,8,22,0.2218172599999999,2.69028525,0.0970700836666666,4248.929381882758,25,5,20,36,6,0.0,0.1818181818181818,0.0,6.326121652348292,0.0454545454545454,0.4137931034482758,1,0.2857142857142857,0,22,0.1908760004262318,0.0485380526388939,0.2436344181636163,0.0,1,0,1,-0.0809689236289931,0.1812754110380598,0.9925881,0.6010472546781477,HIGH
1a0da40f2b9d147e4adbd49fb7001ba,18,4,14,0.07716903,1.3722592999999998,0.0805237961111111,7341.573571321568,18,2,16,21,3,0.0,0.7857142857142857,0.0,1.600795436866927,0.0,0.2941176470588235,1,0.4615384615384615,0,14,0.1940364416259743,0.116855132948215,0.2344904723561226,0.0,0,0,0,-0.0930429673809936,0.15153672715349828,0.0155948,0.05247867810077618,LOW
37370514b971b40168cb420beadb6c3,21,11,10,0.2012885099999999,0.10766777,0.0147122038095238,5968.072750993333,19,7,12,27,5,0.0,0.5,0.1818181818181818,2.959487282589518,0.1,0.6,1,0.3333333333333333,0,10,0.1556831048240593,0.0211186673995139,0.2363901674353373,0.0,0,0,0,-0.12981340092777804,0.06097019269275302,0.013057229,0.024166810580961807,LOW
36b91b6b906e745b6a82dd45728c6a9,37,20,17,1.13012179,0.38086125,0.0408373794594594,3651.461808277315,26,7,19,44,5,0.0,0.6470588235294118,0.05,8.78575799184585,0.1176470588235294,0.7222222222222222,1,0.375,0,17,0.1885509282514009,0.0012665976634536,0.2427005084744909,0.0,0,0,0,-0.12692132943000117,0.06809344003312205,0.07836484,0.05569221112046366,LOW
36e3c75ef61404a759978a991c685b1,29,19,10,0.8290874900000001,0.97018777,0.0620439744827586,4319.536806867857,21,11,10,36,7,0.0,0.5,0.1578947368421052,1.2631623438927555,0.1,0.7142857142857143,1,0.3333333333333333,0,10,0.1845935270029905,0.0337854408238522,0.2422722676675404,0.0,0,0,0,-0.13037660588891098,0.05958300422090621,0.0036332188,0.01950984968754152,LOW
14419babb9df1486fa663d8389cd33c,26,12,14,0.8315809100000001,0.2168010299999999,0.0403223823076923,4962.741100726,16,4,12,31,4,0.0,0.4285714285714285,0.0,12.708797366938327,0.0714285714285714,0.76,1,0.5384615384615384,0,14,0.2136491289520008,0.1329634971362356,0.2403216205301913,0.0,0,0,0,-0.137750280326826,0.041421452243715885,0.004560967,0.014478870858875025,LOW
bc1q63a798a7709a4b63a18a4ba3eb1b9d,24,10,14,0.43970746,1.4393205,0.0782928316666666,4918.7564701,16,4,12,29,4,0.0,0.5,0.0,1.3835152577665253,0.0,0.6956521739130435,1,0.3846153846153846,0,14,0.2104102188101937,0.1453451131777218,0.2383320971958065,0.0,0,0,0,-0.13897405006234465,0.03840727554702699,0.0012451255,0.012082489142399847,LOW
bc1q4a4b1108eee148d49c72e6965e55bc,28,17,11,0.8494268600000001,0.26544374,0.0398168071428571,4677.923379260494,19,9,10,33,4,0.0,0.5454545454545454,0.1764705882352941,4.599444046957894,0.0,0.4814814814814814,1,0.5,0,11,0.203882879146744,0.0516707264439229,0.2459516828437293,0.0,0,0,0,-0.13828078342052447,0.0401148093221457,0.001282783,0.012611695154841876,LOW
3c205edc1a21d49158b1bf8d803f459,32,18,14,0.7340643700000001,0.94650477,0.052517785625,4127.462152647312,17,6,11,37,3,0.0,0.2857142857142857,0.1111111111111111,1.59406398234591,0.1428571428571428,0.6129032258064516,1,0.5384615384615384,1,14,0.1959106277055835,-0.0219518867499065,0.2383652406873128,0.0714285714285714,0,0,0,-0.10298200509667527,0.12705661868160217,0.004798709,0.040276404608354716,LOW
10d2a06cefc044cfd9f1cba58f10c88,19,6,13,0.1940331799999999,1.07929974,0.0670175221052631,6791.657611598148,16,2,14,22,3,0.0,0.5384615384615384,0.0,1.4296133291266888,0.0,0.4444444444444444,1,0.5,0,13,0.208920021023363,0.170969036191198,0.2395846094671234,0.0,0,0,0,-0.11951270336296155,0.08634107878216248,0.008378373,0.029672591691190423,LOW
3686c27faeafa4f71a9dfd5531d7c95,30,17,13,0.97440964,1.75979239,0.0911400676666666,4034.115196595977,17,5,12,35,5,0.0,0.5384615384615384,0.0588235294117647,1.7780318497949965,0.1538461538461538,0.7586206896551724,1,0.4166666666666667,1,13,0.1711001944937651,-0.0291946164280061,0.2339970090505918,0.0769230769230769,0,0,0,-0.10908943196131426,0.11201386742061847,0.011528068,0.03879179087956689,LOW
30d2a7c9422a6409c95ca27c76169ed,32,21,11,1.21265644,0.1238309,0.041765229375,4271.525550706452,24,15,9,40,7,0.0,0.4545454545454545,0.238095238095238,12.390546805440422,0.0909090909090909,0.8064516129032258,1,0.4,0,11,0.2046368527907459,0.0642947951349295,0.2400480603690544,0.0,0,0,0,-0.09421286707512,0.14865523377026404,0.0040689395,0.04642759280436571,LOW
3cc842ade025a41c99f8fe1aec804f4,27,10,17,1.41103826,0.29970186,0.0633607451851851,4584.1441833506415,20,5,15,33,5,0.0,0.6470588235294118,0.0,13.52631694584571,0.0,0.5,1,0.5,0,17,0.2068154011470564,0.1031274293364752,0.2452667346942184,0.0,0,0,0,-0.1283023068911459,0.06469205661823395,0.011249344,0.024469821771115192,LOW
369bb952aca4d49c08595b0c8646017,35,21,14,2.9151950900000005,0.1560482,0.0877498082857142,3745.249423922058,25,11,14,42,6,0.0,0.5,0.1904761904761904,42.2332227552877,0.0,0.7058823529411765,1,0.5384615384615384,0,14,0.1966843883125289,0.0799009538125812,0.2379162741963371,0.0,0,0,0,-0.09584713728116395,0.14462998373491895,0.016456988,0.050794639403174316,LOW
bc1q8d806d91204d4e16953774b507c0d6,8,4,4,0.07533928,0.07476788,0.018763395,15951.2660709,7,2,5,10,2,0.0,0.75,0.25,1.479528248493359,0.0,0.4285714285714285,1,0.3333333333333333,0,4,0.1852814225811901,0.0389414155703744,0.2430244185225702,0.0,0,0,0,0.028530648641056033,0.4509757063259708,0.0014454259,0.1359431535210841,LOW
1e760ffeeee49401e9458b83db36d69,23,10,13,0.51101525,0.15431874,0.0289275647826086,5814.680238484849,20,6,14,29,4,0.0,0.5384615384615384,0.1,12.7204442609004,0.1538461538461538,0.5909090909090909,1,0.3333333333333333,1,13,0.1826905666360971,-0.0322626099138629,0.2386785565179975,0.0769230769230769,0,0,0,-0.1004426712335712,0.1333110640508019,0.04304665,0.059364310951891035,LOW
1b7769983a3bc4565941ccaae860fa9,26,16,10,0.8954330699999999,0.1397677199999999,0.039815415,5173.109406376667,10,5,5,31,5,0.0,0.3,0.0625,16.515392423947816,0.1,0.72,1,0.3333333333333333,0,10,0.2047572732619167,0.0071425751881719,0.2405890153216079,0.0,0,0,0,-0.12068457984717057,0.08345471651352573,0.0021278881,0.025993964620112265,LOW
1582c8ef4708748c29440416237bd7a,29,16,13,2.4573262600000003,0.6661713,0.1077068124137931,4230.851799466666,23,12,11,39,6,0.0,0.6153846153846154,0.1875,18.6114753434012,0.0769230769230769,0.5357142857142857,1,0.3333333333333333,0,13,0.172323280718865,0.0525945023459943,0.2459484844367918,0.0,0,0,0,-0.10940136523524663,0.11124556765153623,0.11096628,0.08330849336145704,LOW
bc1qa6b8ccec826f4a52b44ef60fdc02df,44,26,18,2.21692143,0.14451526,0.0536690156818181,2911.833229359302,28,13,15,52,3,0.0,0.4444444444444444,0.1538461538461538,26.58636928658519,0.0555555555555555,0.627906976744186,1,0.3529411764705882,0,18,0.1738389572978599,0.043476971293539,0.239209601561623,0.0,0,0,0,-0.08930797612229702,0.16073610779476646,0.020970011,0.05765733725378657,LOW
bc1qe32b072b4c2047538a3c8e2284a0d7,31,16,15,1.30766857,2.4537153000000003,0.121334963548387,4289.151838351111,21,5,16,36,3,0.0,0.6666666666666666,0.0625,1.6238707485360364,0.1333333333333333,0.4,1,0.2142857142857142,0,15,0.1579329118156116,0.0122123974391911,0.2181372262816979,0.0,0,0,0,-0.10814353673558752,0.11434363197039021,0.005863012,0.03694144472144679,LOW
bc1q890b1ffc655140e388a9b12e8c1716,48,12,36,0.44851681,3.90864785,0.0907742637499999,2665.8908698450355,42,4,38,53,4,0.0,0.4444444444444444,0.0,11.369726438932933,0.0277777777777777,0.4042553191489361,1,0.3142857142857143,0,36,0.1894302184018342,0.062753701415209,0.2409603831392094,0.0,1,0,1,0.03163912184491835,0.45863195669842577,0.9966667,0.6860895944005037,HIGH
bc1qa1c572382a8b4a2ba69149913a7ffa,22,5,17,0.26519163,0.3196869299999999,0.026585389090909,6111.25678555873,18,1,17,24,2,0.0,0.5294117647058824,0.0,4.554766803671939,0.0,0.3809523809523809,1,0.5625,0,17,0.211783985199132,0.1311055693567714,0.2437006248116646,0.0,0,0,0,-0.10752854326031752,0.1158583768999083,0.15873177,0.10618681039796779,LOW
bc1q04775a16ce4543e483fe8238dd44e6,34,17,17,0.90222779,1.74022627,0.0777192370588235,3587.726471792424,21,9,12,42,7,0.0,0.2941176470588235,0.1176470588235294,1.4530687444195176,0.0588235294117647,0.7272727272727273,1,0.625,0,17,0.1914002169540867,0.080982604086725,0.2327607275465759,0.0,0,0,0,-0.12811554477151038,0.06515205657777787,0.0064564296,0.022451010225482584,LOW
1a506fcacc4a24806849d5b26cdbfdc,24,12,12,0.74692848,0.43547048,0.0492666233333333,5530.831066992029,19,9,10,31,4,0.0,0.4166666666666667,0.1666666666666666,4.14492701113952,0.0,0.5217391304347826,1,0.3636363636363636,0,12,0.1820664109922307,0.0282067189064909,0.244404815515146,0.0,0,0,0,-0.14096835398202257,0.033495253108213385,0.03432515,0.025494892383298287,LOW
31b11072ae7d24e21b8cf385156103d,41,30,11,1.7752558000000005,0.59872579,0.05790199,3269.0479044345834,29,17,12,52,7,0.0,0.5454545454545454,0.1666666666666666,6.689321803158176,0.1818181818181818,0.85,1,0.2,0,11,0.1803892705578811,0.0574768952666654,0.2416933915982423,0.0,0,0,0,-0.0773492098432379,0.1901908602643663,0.07693554,0.09167824719335599,LOW
119e61494c3b54c97aa60a1346fa144,16,6,10,1.49213706,0.09646603,0.0992876931249999,7443.680877847777,12,3,9,20,4,0.0,0.6,0.0,46.2084912330055,0.1,0.3333333333333333,1,0.4444444444444444,1,10,0.1996496795344226,-0.0328147111406955,0.2379333076981922,0.1,0,0,0,-0.026060224552066413,0.3165169653922659,0.003246212,0.09641588490844792,LOW
176a473ad428343578b3c87e39b315d,29,15,14,8.91157702,0.94253503,0.3397969672413793,4160.732670432738,20,6,14,35,4,0.0,0.5714285714285714,0.0666666666666666,51.10412987736507,0.0,0.7142857142857143,1,0.3846153846153846,0,14,0.2226010781307598,0.1880122786015288,0.2439890795387317,0.0,0,0,0,-0.0009224522030640836,0.37843195268268315,0.055904716,0.1386867077462522,LOW
bc1q97280e8ef8d546858ca549d4dc01ed,21,7,14,0.16339583,4.27347158,0.2112794004761904,5998.886054788333,15,2,13,24,3,0.0,0.5,0.0,1.2965695769836405,0.0,0.5,1,0.3076923076923077,0,14,0.1209780348588108,0.0066000606892793,0.1863905984743314,0.0,0,0,0,-0.0821493942642349,0.17836788115184032,0.033341844,0.06851419360870278,LOW
1ba8b5ef583c54ac1ac04b99f68f746,31,18,13,6.441039409999999,0.50397396,0.2240326893548387,4114.373659536667,24,7,17,37,5,0.0,0.7692307692307693,0.0555555555555555,25.6305399566352,0.0,0.6,1,0.5833333333333334,0,13,0.2067175671567158,0.1151592816523958,0.2419619649381811,0.0,0,0,0,-0.04588977123266941,0.2676762760241408,0.07518834,0.11413763450263675,LOW
311d4490c3c6d496bb095e74b19055a,36,24,12,0.5285864899999999,0.99431268,0.0423027547222222,3647.3216479419048,18,10,8,42,3,0.0,0.25,0.125,1.5107605710608532,0.0833333333333333,0.4857142857142857,1,0.2727272727272727,0,12,0.1792817030676624,0.0421546534311142,0.2383294719657989,0.0,0,0,0,-0.12278403606932503,0.07828370121802601,0.004356124,0.025445366036700345,LOW
3691f5c73ff944ec39caf762cc31039,24,10,14,0.54746277,1.2225699,0.07375136125,5029.204477961594,14,2,12,27,3,0.0,0.4285714285714285,0.0,1.3912213493721686,0.0714285714285714,0.5217391304347826,1,0.3846153846153846,0,14,0.1977665426480727,0.0746121452036866,0.242151650567022,0.0,0,0,0,-0.14324389203279236,0.027890543687815426,0.002424672,0.00945826547733693,LOW
bc1q0cf0778facc54e6184c99434a4c900,28,18,10,0.6891259099999999,0.6300264,0.0471125825,4913.984240429012,17,8,9,36,6,0.0,0.3,0.0555555555555555,1.3917207699569558,0.1,0.7037037037037037,1,0.4444444444444444,1,10,0.1583209465916679,-0.0096274085921559,0.2378855761601435,0.1,0,0,0,-0.10031832534404339,0.13361733121174368,0.0072670523,0.043355372808867074,LOW
3ace162278038404680e6ad259df7fd,34,23,11,1.2853305900000005,0.3545358,0.0482313644117647,3847.7211355944446,18,9,9,41,7,0.0,0.5454545454545454,0.0869565217391304,8.295497522071175,0.0,0.7878787878787878,1,0.4,0,11,0.1969172727153511,0.0890873761368942,0.2383360068862378,0.0,0,0,0,-0.13177153911372758,0.05614724739701533,0.02449485,0.02786685558948214,LOW
bc1qd15b173dc1ba4ae79eb354621fa71c,46,26,20,3.4056071400000008,0.36809099,0.0820369158695652,2807.2946650337035,35,15,20,57,6,0.0,0.7,0.1153846153846153,39.62629197709737,0.05,0.6888888888888889,1,0.4736842105263157,0,20,0.2002898628478988,0.1265842247461886,0.2436726496940525,0.0,0,0,0,-0.021157888409225778,0.3285915468533148,0.010213146,0.10317337984291643,LOW
3e0e58d166bdd4922a4a18c5120b5da,22,7,15,0.23758563,0.44397476,0.0309800177272727,5642.840468653968,15,2,13,25,3,0.0,0.4,0.0,2.336191970722612,0.0666666666666666,0.3809523809523809,1,0.2142857142857142,0,15,0.1887532006498321,0.0384833514802583,0.2428070162076157,0.0,0,0,0,-0.1354952528406682,0.04697564360986305,0.017732453,0.02207229656723187,LOW
bc1qae4d3ebf15014a2d9e23a81a994064,21,10,11,1.13695494,0.90679742,0.0973215409523809,6216.872656228333,17,4,13,26,4,0.0,0.6363636363636364,0.0,4.381635755349151,0.0,0.75,1,0.6,0,11,0.1971176915064988,0.0888557949805824,0.2323169497377577,0.0,0,0,0,-0.13864049496762448,0.039228830423231935,0.018510068,0.020098179373525385,LOW
30364db98a7a3428bb17a5a5bbac8b1,45,27,18,6.506000279999999,3.8762292,0.2307162106666666,2973.173108404545,26,8,18,54,6,0.0,0.3333333333333333,0.0,3.6157394750527057,0.0555555555555555,0.5681818181818182,1,0.5294117647058824,0,18,0.1771031019785759,0.0909444530510174,0.2232117846069242,0.0,0,0,0,-0.01488227842132922,0.34404853752240455,0.04998003,0.12570557302530083,LOW
117dffc0bae014b44adf739bedd710a,38,21,17,1.4767855500000002,0.9415209600000002,0.063639645,3456.8592702310807,27,9,18,44,5,0.0,0.5294117647058824,0.1428571428571428,3.5645124809821205,0.0,0.7567567567567568,1,0.625,0,17,0.1845296307070222,0.0422560399399667,0.2438612594216715,0.0,0,0,0,-0.1348623669025389,0.04853445814090148,0.014033833,0.02087556178059332,LOW
3a0d987197b5243b6be69de3f19b5c0,34,20,14,1.25852372,2.2762547200000003,0.1039640717647058,3799.862043575252,26,11,15,43,7,0.0,0.5,0.1,1.3036549452582764,0.1428571428571428,0.7272727272727273,1,0.2307692307692307,0,14,0.1518594863302521,0.0130241940284431,0.2322365529393263,0.0,0,0,0,-0.1146141889830865,0.09840624714159851,0.035964172,0.045705751506280555,LOW
10ee3a8553b6f4d19a159060d001d3d,40,30,10,3.6146047599999993,0.28925052,0.097596382,3367.709399794872,26,13,13,50,7,0.0,0.7,0.1,15.996795219669496,0.0,0.7948717948717948,1,0.5555555555555556,0,10,0.2037727402537265,0.1220511227600183,0.2380472705470535,0.0,0,0,0,-0.06017886203402706,0.23248187362941988,0.0063633053,0.07260804931757714,LOW
3c46cb14104ca4f3cab571bfc785321,47,36,11,1.79616802,0.9421698,0.0582625068085106,2800.942631851812,26,17,9,56,8,0.0,0.4545454545454545,0.1666666666666666,5.098356701588193,0.0,0.8260869565217391,1,0.4,0,11,0.2012868228180738,0.0553618065937389,0.2425366035147363,0.0,0,0,0,-0.053656677963103805,0.24854618267997908,0.010453818,0.07926807316179516,LOW
bc1q2e77e08ce9974e0e82f41c9d0acd2c,21,9,12,0.48685905,0.2584216299999999,0.0354895561904761,6237.980878615001,16,6,10,27,5,0.0,0.4166666666666667,0.1111111111111111,4.606752308243757,0.0833333333333333,0.5,1,0.3636363636363636,0,12,0.2060499673106455,0.0976913303088953,0.2433210053794878,0.0,0,0,0,-0.14403981903286184,0.025930154779473785,0.0014349526,0.008424775099246157,LOW
bc1qd933edd18ec04befa7ec200e46a666,24,11,13,0.88556438,0.58308872,0.0611938791666666,5577.202209535507,22,6,16,29,4,0.0,0.6153846153846154,0.0909090909090909,3.032319947886189,0.0,0.5217391304347826,1,0.25,0,13,0.1897156521023959,0.0886517536534841,0.2472580308215905,0.0,0,0,0,-0.14776847789583625,0.01674637099361559,0.002669858,0.006225347338076353,LOW
bc1q7912b0fefbe84cc1bafe21d19fb39e,25,17,8,2.7131368,0.10906206,0.1128879543999999,5393.824881188194,15,8,7,32,7,0.0,0.5,0.1176470588235294,49.95518238250163,0.0,0.7083333333333334,1,0.4285714285714285,0,8,0.1735747218494578,0.076847504269265,0.239071750088773,0.0,0,0,0,-0.07482867089831308,0.19639901326111406,0.002201447,0.05991035506058171,LOW
1522fa3a09c994b4183f3dc5d05fb9d,30,16,14,0.6981252,0.15181452,0.0283313239999999,4479.172614870116,19,7,12,36,4,0.0,0.5,0.0625,7.192286962355675,0.0,0.6206896551724138,1,0.5384615384615384,0,14,0.2152642458705785,0.161504849683037,0.2410097296469258,0.0,0,0,0,-0.14040143549400846,0.034891588093381186,0.0055225464,0.01295262224273117,LOW
bc1qeb9095079a47416ebf90eb2e7adcca,33,14,19,1.52544134,1.7575468,0.0994844890909091,3856.717730605209,31,7,24,39,4,0.0,0.7894736842105263,0.1428571428571428,2.829827842150656,0.2105263157894736,0.28125,1,0.3333333333333333,0,19,0.1826365716802155,0.015512192754654,0.2437859966568253,0.0,0,0,0,-0.07343274270177996,0.19983722072622834,0.009448818,0.06420313433343666,LOW
170f1f257cdc8431fbdd9f1b96ee9ed,33,22,11,1.0824673699999998,0.77013925,0.0561395945454545,4056.52343751875,31,20,11,43,7,0.0,0.5454545454545454,0.3181818181818182,2.0288226662017967,0.0909090909090909,0.84375,1,0.5,1,11,0.1931001940569345,-0.0109172154140483,0.2442104717925403,0.0909090909090909,0,0,0,-0.0446175053324393,0.2708099000362106,0.0047592027,0.08338461123094104,LOW
1c518b1883bd0439ea8f3de4b99d389,24,9,15,0.39956049,0.21638273,0.0256643008333333,5491.842059076811,21,10,11,29,5,0.0,0.4666666666666667,0.3333333333333333,6.376797133376125,0.0666666666666666,0.4782608695652174,1,0.3571428571428571,0,15,0.1851927707694858,0.0230508296389115,0.2427976780729235,0.0,0,0,0,-0.12251994926554416,0.0789341538863313,0.04617427,0.044458667478469965,LOW
3d9e1739cc20f443f9aead534de8f5e,14,3,11,0.22615193,0.8768796800000002,0.0787879721428571,8593.224448012821,16,5,11,18,3,0.0,0.5454545454545454,0.6666666666666666,1.2016675467523974,0.1818181818181818,0.2307692307692307,1,0.5,1,11,0.149975368025308,-0.0051031550093243,0.235755997442522,0.0909090909090909,0,0,0,-0.01910555923257662,0.333646487009658,0.0210272,0.10955618625495837,LOW
14b0f403ff5db4db29d7c4a9f8f23da,34,20,14,0.9881833599999998,1.99005204,0.0875951588235294,4023.640186129293,29,12,17,42,6,0.0,0.7142857142857143,0.15,1.2603979709727744,0.0714285714285714,0.7575757575757576,1,0.3846153846153846,0,14,0.1841934613022134,0.1027722324910981,0.2273356503301838,0.0,0,0,0,-0.11177314398670801,0.10540381488149649,0.0011215087,0.03212582333639721,LOW
3d5aa71d7101d467ca08dceaf56510a,17,4,13,0.0600557399999999,0.7887246800000001,0.04992826,7853.012963288542,14,2,12,20,3,0.0,0.6153846153846154,0.0,1.1956759383492692,0.0769230769230769,0.375,1,0.4166666666666667,0,13,0.2021071144540961,0.0609426970065001,0.2416533080739977,0.0,0,0,0,-0.11717464346415712,0.09209978114086433,0.0050434708,0.02989949621042026,LOW
385a66763552b44c1999a9c8614ecdc,28,16,12,1.7498908700000002,0.54405414,0.0819266075,4821.205269431482,17,7,10,34,4,0.037037037037037,0.3333333333333333,0.125,11.968193310762718,0.1666666666666666,0.6296296296296297,2,0.3636363636363636,0,12,0.1763478732393025,0.0592392307637296,0.228316392937576,0.0,0,0,0,-0.11439915854689842,0.09893587270025175,0.27442268,0.1531709612567537,LOW
1fd090de06398435686bdb6bb4264b3,21,8,13,0.32792613,0.9003127200000002,0.0584875642857142,5816.5784478525,10,5,5,27,4,0.0,0.1538461538461538,0.0,1.5560167988749796,0.0,0.45,1,0.5,0,13,0.2147499810417328,0.1684699420579941,0.2366865601879971,0.0,0,0,0,-0.0968025541782363,0.1422767670609032,0.0027620974,0.04392597392484471,LOW
1c370bf991e0746f280a35a9cbcdfbe,32,15,17,0.34484031,1.3897461300000002,0.05420582625,4094.9169789607527,19,6,13,38,5,0.1290322580645161,0.5294117647058824,0.0666666666666666,1.3410837642852966,0.0,0.5161290322580645,3,0.375,0,17,0.220022621137854,0.1129649778906873,0.2454737767679852,0.0,0,0,0,-0.09992928655318356,0.13457554387502774,0.0012921047,0.04095411025579022,LOW
3c0cc7e903f2748508b6425f37d795b,37,20,17,1.27546595,5.437799190000001,0.1814395983783783,3688.9599051634254,25,7,18,44,5,0.0,0.5294117647058824,0.05,1.5237626631700707,0.0,0.6111111111111112,1,0.625,0,17,0.1414841788462259,0.0783281577010438,0.2000450255212624,0.0,0,0,0,-0.07991890093736653,0.18386164424536663,0.023004463,0.0655105013183297,LOW
bc1q71d7707486ad49d992a50399d668fb,33,27,6,3.89034774,0.86938727,0.1442343942424242,3780.632587796354,24,15,9,44,6,0.0,0.5,0.1481481481481481,5.672218797847832,0.0,0.71875,1,0.8,0,6,0.1399627317586793,0.0151026310903608,0.2093461525287375,0.0,0,0,0,-0.02299050964301802,0.3240777530762422,0.18271601,0.1794455268529912,LOW
bc1qa65f923a64d5436bb44c352a10e33c,16,6,10,0.1014381,0.7754638799999999,0.05480637375,6410.988394744445,10,1,9,18,2,0.0,0.6,0.0,1.496951697255793,0.2,0.5333333333333333,1,0.4444444444444444,0,10,0.1811698198219226,0.1086578153720714,0.2334264732634575,0.0,0,0,0,-0.08369330938756159,0.17456517803594354,0.0066727954,0.05537231131583417,LOW
39743b75d57a140dcbfb2533d72d037,15,6,9,0.09301372,0.89498793,0.0658667766666666,8082.491646491667,15,7,8,20,4,0.0,0.5555555555555556,0.3333333333333333,1.200507527416042,0.0,0.7142857142857143,1,0.625,0,9,0.1913981236827425,0.1002165018917947,0.239496678964778,0.0,0,0,0,-0.08970926528576656,0.15974772214503385,0.002213556,0.04892041689414173,LOW
1446b8260ec894a64a8d7bc3f566a70,26,13,13,3.36042917,1.52191157,0.1877823361538461,4998.807093536667,18,8,10,32,5,0.0,0.3076923076923077,0.1538461538461538,8.013628157885462,0.0769230769230769,0.68,1,0.4166666666666667,0,13,0.1873034852822565,0.1240685899466015,0.2313499411642184,0.0,0,0,0,-0.0970867028024961,0.14157690160682157,0.36145446,0.205127574662001,LOW
bc1q601de272eefd44ddb27f9e67e74c91,26,9,17,0.27970331,0.1157110799999999,0.0152082457692307,4756.778911876667,15,4,11,31,4,0.0,0.2941176470588235,0.0,7.739386406409566,0.0588235294117647,0.48,1,0.4375,0,17,0.1789924793015929,0.0903113826961351,0.2365782491494872,0.0,0,0,0,-0.13514674221805056,0.04783403434036879,0.12663072,0.07133403512143704,LOW
172044995596e4f13a2233c4b2a4e8d,31,21,10,0.64589241,0.26183661,0.0292815812903225,3887.3177181077776,18,10,8,37,4,0.0,0.6,0.1904761904761904,10.683612913746945,0.2,0.5333333333333333,1,0.3333333333333333,0,10,0.1922096457700222,0.0507661618598044,0.2449246860990662,0.0,0,0,0,-0.10969989182366008,0.11051028889768102,0.018105129,0.041300394340910845,LOW
3137a125dabdb43268394dc8663c3c6,37,23,14,1.41591406,0.50441637,0.0519008224324324,3467.3126857425927,15,6,9,44,5,0.0,0.3571428571428571,0.0,11.044745779057855,0.1428571428571428,0.5833333333333334,1,0.3846153846153846,0,14,0.1859559117171626,0.0325959641599937,0.2416088570342532,0.0,0,0,0,-0.12677418339026608,0.06845586455720264,0.42538935,0.21196196364419936,LOW
bc1q09a1a561b0324a8fbcd581e2d8e588,29,19,10,0.7526467800000002,2.08498837,0.0978494879310344,4471.356120939881,19,7,12,36,5,0.0,0.6,0.0526315789473684,1.5480506048373843,0.0,0.5357142857142857,1,0.4444444444444444,0,10,0.1698821360729598,0.1196612248845059,0.2158684588971093,0.0,0,0,0,-0.11849568881297001,0.08884601207786855,0.003965629,0.028438336536367407,LOW
32a27c36c2b174ed38ed0e60d8f2b3c,39,22,17,1.1860331999999998,1.0878417,0.0583044846153846,3422.797469317105,24,13,11,49,7,0.0526315789473684,0.4117647058823529,0.1818181818181818,2.972601961635528,0.0588235294117647,0.6842105263157895,2,0.375,0,17,0.1853646828479049,0.0341125692409399,0.2408469832306169,0.0,0,0,0,-0.1055513046130348,0.12072836712883525,0.006805027,0.03928077210563902,LOW
3eb00061f79f2456787b7ad389e7174,28,14,14,1.32253099,0.92936714,0.0804249332142857,4382.574445917901,13,5,8,33,5,0.0,0.3571428571428571,0.0714285714285714,5.049042930163782,0.1428571428571428,0.7777777777777778,1,0.4615384615384615,0,14,0.1878797835101677,0.0143337769375049,0.2395904070648827,0.0,0,0,0,-0.13579433137879032,0.046239005389515656,0.075172395,0.04769927840313437,LOW
1d6d8598a70234f64b052c2aeed7407,21,10,11,0.96464819,0.7327440100000001,0.0808282,6527.27596429,22,7,15,27,4,0.0,0.6363636363636364,0.1,2.4088707543653403,0.1818181818181818,0.55,1,0.4,0,11,0.1771175546579461,0.0474283464964278,0.2356530019363456,0.0,0,0,0,-0.13192483042275044,0.05576968691480105,0.008167065,0.02040608516479118,LOW
bc1q601219a3496c4d09bae87ff54ae6fb,15,6,9,0.23238999,2.57536861,0.1871839066666666,7653.437851492857,12,3,9,19,3,0.0,0.4444444444444444,0.0,1.4701902862490546,0.1111111111111111,0.4285714285714285,1,0.5,0,9,0.1235572494361941,0.0209085225991543,0.2223285582569821,0.0,0,0,0,-0.07738097503433022,0.19011262177228938,0.019229604,0.06568710783511403,LOW
bc1qdbac6dc17ae748b3b3fe808a90ef22,18,4,14,0.12186503,0.55377332,0.0375354638888888,7307.263641179412,26,7,19,22,3,0.0,0.6428571428571429,0.5,1.3251658114910865,0.2142857142857142,0.1764705882352941,1,0.3076923076923077,0,14,0.161477047950568,0.0166131888884341,0.2463393712487742,0.0,0,0,0,-0.05294089348722181,0.25030917846622547,0.053408854,0.09912673770923161,LOW
3054663af430a4879ac261046c277b3,25,18,7,0.5620438600000001,0.64224869,0.048171702,4769.555438397917,14,8,6,33,5,0.0,0.4285714285714285,0.0555555555555555,1.3236624905942591,0.1428571428571428,0.75,1,0.3333333333333333,0,7,0.1242924797858324,0.0162631833592885,0.2382196293365156,0.0,0,0,0,-0.10449947905568602,0.12331904084131999,0.007778715,0.040496133783894425,LOW
104c78f8bc712473cb086f484275076,39,20,19,0.97579012,0.53155528,0.038649882051282,3422.060213964474,28,11,17,47,7,0.0,0.5789473684210527,0.1,3.813462169694573,0.0526315789473684,0.7894736842105263,1,0.3333333333333333,0,19,0.2172337133637531,0.0507172346388519,0.2444545349342784,0.0,0,0,0,-0.12210893502527281,0.07994649265323843,0.0019218178,0.024848765789686932,LOW
194329eb62aff4e7587403f5d353a49,28,10,18,0.7311964800000001,1.5353209199999998,0.08094705,4574.329887537654,15,5,10,32,3,0.0,0.2777777777777778,0.1,2.472245679374675,0.0555555555555555,0.4814814814814814,1,0.4117647058823529,0,18,0.1955738306431763,0.0878652228658731,0.2435944914072551,0.0,0,0,0,-0.13383282112659872,0.051070256172136654,0.0021954034,0.016309008355555293,LOW
357e027fd9104498095706c319cb547,28,8,20,0.69993315,1.6955803800000002,0.0855540546428571,4577.977057110494,19,4,15,33,4,0.0,0.45,0.0,2.230994009247516,0.1,0.4814814814814814,1,0.3157894736842105,0,20,0.2059859064735027,0.0485838307820566,0.2446137979124003,0.0,0,0,0,-0.13530725301565194,0.047438692069960396,0.0058632814,0.016870084288913834,LOW
bc1q98eb0dc9e3e642939ac7fb5165c43b,34,16,18,1.16474596,0.1644178699999999,0.0390930538235294,3840.144404251515,24,7,17,41,6,0.0,0.5555555555555556,0.0625,48.995769185195215,0.1111111111111111,0.6363636363636364,1,0.4705882352941176,0,18,0.1878184929546905,0.016600377190766,0.2414111860085237,0.0,0,0,0,-0.10281914438484163,0.12745774885190098,0.06316181,0.06666014038077761,LOW
1d73e460d8de0406da58ba22d6e4414,29,17,12,1.2953905499999998,1.04031873,0.0805416993103448,3963.184529384524,13,6,7,35,4,0.0,0.25,0.0588235294117647,2.8243275382627395,0.0,0.7142857142857143,1,0.6363636363636364,0,12,0.2033666683356338,0.1047457649171008,0.241669627339377,0.0,0,0,0,-0.12309299069523172,0.07752273793652477,0.0012518717,0.02382016362159646,LOW
15021737abb114ebba9994df5e2c829,29,8,21,1.1428267,4.544621350000001,0.1961188982758621,4090.372164180357,21,5,16,32,3,0.0,0.3809523809523809,0.25,1.4946776691832764,0.0476190476190476,0.4642857142857143,1,0.4,0,21,0.1515498524544479,0.061572956313133,0.235587106417189,0.0,0,0,0,-0.07415886033135188,0.19804877411361202,0.017228844,0.06716761187400122,LOW
bc1qc9eabf52fd564b9a8280759fb737b7,17,6,11,0.18814104,1.77675895,0.1155823523529411,8050.625755480209,21,10,11,24,4,0.0,0.6363636363636364,0.3333333333333333,1.4344708899125789,0.0,0.375,1,0.5,0,11,0.1649956377781757,0.02901642428907,0.2362263162804432,0.0,0,0,0,-0.09286012953602046,0.15198706152245314,0.005752665,0.04818481756286296,LOW
3ea6ed50d4b9340ad8e6aae6408e7ed,41,21,20,1.6967489000000002,0.1443356099999999,0.0449045002439024,3121.7641676754165,21,10,11,48,5,0.0,0.3,0.1428571428571428,40.42976822044142,0.1,0.55,1,0.4210526315789473,0,20,0.1885640025948462,0.0474355281394258,0.2389637966273264,0.0,0,0,0,-0.0916842858421486,0.15488319513170204,0.009601106,0.0507854561640867,LOW
3185700c30d7649c2a913e62b94d438,12,6,6,0.94438686,0.13067495,0.0895884841666666,11111.678119168182,11,3,8,16,3,0.0,0.6666666666666666,0.0,14.410641279065151,0.0,0.5454545454545454,1,0.6,0,6,0.1736523818484563,0.0520203892887167,0.232523504465238,0.0,0,0,0,-0.03162991850017549,0.3027986642945804,0.011039497,0.09580737308722728,LOW
39d94f9cab7bd4437927c2617440b64,20,8,12,0.23882803,0.24368008,0.0241254055,6242.752683493859,15,6,9,25,3,0.0,0.5,0.25,4.277757794285615,0.1666666666666666,0.5263157894736842,1,0.4545454545454545,1,12,0.1765721396153328,-0.0171243581389766,0.2393880221239513,0.0833333333333333,0,0,0,-0.09001308036944444,0.15899941768975465,0.032824986,0.06247106886426034,LOW
3a4705ff01d5647c3a95fb451e27e89,31,18,13,2.36582006,0.37909218,0.0885455561290322,4184.880176781667,17,8,9,39,4,0.0,0.4615384615384615,0.0555555555555555,14.054950968920666,0.0,0.7333333333333333,1,0.5833333333333334,0,13,0.2214891375247215,0.1804772855530693,0.2470423202677925,0.0,0,0,0,-0.10333460413021495,0.12618815808862968,0.0051953215,0.04019434206186391,LOW
bc1q1d8f01538ecb440db86666040145f8,34,16,18,2.32453373,0.54707428,0.084459059117647,3987.312737383334,29,9,20,41,6,0.0,0.5,0.1875,21.429551526297413,0.0555555555555555,0.6666666666666666,1,0.3529411764705882,0,18,0.2006610408725483,0.0218710051421483,0.241775743441111,0.0,0,0,0,-0.10673772571946927,0.11780618107725825,0.210819,0.13021040253761307,LOW
bc1qa220342ef72a48539ecfb590ca29f2,16,6,10,0.24819351,0.97480426,0.076437360625,6854.971780092223,13,6,7,22,4,0.0,0.4,0.1666666666666666,1.3178995578367871,0.1,0.3333333333333333,1,0.3333333333333333,0,10,0.1852224613109993,0.1183374135236083,0.2302722751277187,0.0,0,0,0,-0.10874466032036445,0.11286304894200143,0.0023254503,0.03490536723747455,LOW
bc1q46262ca51d094d99b5b81386fbd3aa,18,4,14,0.10270749,0.18816968,0.0161598427777777,5865.841077057843,14,3,11,20,2,0.0,0.4285714285714285,0.25,2.22876270056509,0.0714285714285714,0.3529411764705882,1,0.5384615384615384,0,14,0.2018390548263917,0.0407489147753552,0.2418516930930822,0.0,0,0,0,-0.11743348690337574,0.09146224301588944,0.0035093732,0.029017890750340853,LOW
3813b1668f2c44212ab929b21945fd6,20,5,15,0.3096922,0.35684507,0.0333268635,6946.470753242105,14,3,11,24,4,0.0,0.4,0.0,5.1328347265385394,0.0666666666666666,0.3157894736842105,1,0.5,0,15,0.205895583856,0.1298209965681205,0.2396933562412998,0.0,0,0,0,-0.12623530676990952,0.06978313169278094,0.016289666,0.028265289154342975,LOW
3a2fef06db5d7499ba986f8d52681cc,29,11,18,0.49550743,2.449256690000001,0.1015435903448275,4530.143628223214,23,7,16,33,3,0.0,0.3888888888888889,0.1818181818181818,1.4361598236888546,0.0,0.4285714285714285,1,0.4705882352941176,0,18,0.1942777210007004,0.0521917223748888,0.2331202645997926,0.0,0,0,0,-0.12845803746675788,0.06430848815894973,0.018971339,0.027829648938348446,LOW
bc1q6f20faf3c0ed43a7b03ed51f6d3dc4,37,22,15,1.28574748,1.2131441200000002,0.0675376108108108,3537.439332312963,20,6,14,43,4,0.0,0.6,0.0454545454545454,2.050765015468435,0.1333333333333333,0.5555555555555556,1,0.3571428571428571,0,15,0.1598546552965001,0.0282414511429655,0.2429600218105437,0.0,0,0,0,-0.1338013287864231,0.05114782262530716,0.008109287,0.01899352591279683,LOW
bc1q9804abdbcd4e40529bca7d267fcd0f,34,14,20,0.4684168299999999,1.18318201,0.0485764364705882,3654.500885063132,22,7,15,41,5,0.0,0.45,0.0714285714285714,1.5838801736545294,0.05,0.5151515151515151,1,0.4736842105263157,0,20,0.1982997258842061,0.0931482617148956,0.2418752967515119,0.0,0,0,0,-0.13605943417684774,0.04558605030087471,0.009749303,0.01806300099911642,LOW
3f7b0c687ef464f12bde67b4a38b2ee,35,19,16,0.6480067599999999,1.1678111799999995,0.0518805125714285,3801.198133691667,21,8,13,43,5,0.0,0.5,0.0526315789473684,1.4311235249209695,0.0625,0.5588235294117647,1,0.2666666666666666,0,16,0.1981400449944168,0.0610553230236959,0.2405777165306017,0.0,0,0,0,-0.15241034057813158,0.0053133424424765515,0.005992239,0.004290510110292972,LOW
36407a0542e75448a90df25764bab82,24,8,16,0.8049548300000001,5.07391133,0.2449527566666667,5477.284097877536,16,6,10,29,4,0.0,0.3125,0.125,1.5817929690733945,0.125,0.3478260869565217,1,0.4666666666666667,1,16,0.1205908843931789,-0.0040049246960045,0.1881154974390816,0.0625,0,0,0,-0.05187354111653808,0.25293809512390625,0.017169692,0.08360778958092312,LOW
bc1qeb2881ed99fa400ea4fb41063d8073,23,12,11,0.47260122,0.60888692,0.0470212234782608,5800.465542056818,18,9,9,30,5,0.0,0.5454545454545454,0.1666666666666666,2.623582083115054,0.0909090909090909,0.5454545454545454,1,0.4,0,11,0.2025148541589695,0.0593733827759597,0.2433946800533932,0.0,0,0,0,-0.14638985221948758,0.02014196190136594,0.0029320703,0.007362020153806872,LOW
3b2d12821aeb7448ea68ae60a574034,19,2,17,0.10578388,0.6595854799999998,0.0402825978947368,7060.100007002778,19,3,16,22,3,0.0,0.4705882352941176,0.5,2.3858463527073352,0.0588235294117647,0.2222222222222222,1,0.25,0,17,0.2094287162451482,0.0897492690584168,0.241025125219939,0.0,0,0,0,-0.0728988571439359,0.20115219474498874,0.008365492,0.0641101299283339,LOW
30d4507d8f9d94671863d1b22086ddf,15,10,5,0.9571522299999998,0.18896407,0.0764077533333333,9121.661984132144,10,3,7,19,4,0.0,0.6,0.0,7.094880828752468,0.0,0.6428571428571429,1,0.5,0,5,0.1608060232792096,0.0683828410831542,0.2404742392689509,0.0,0,0,0,-0.05640598576606354,0.2417745660341448,0.0030802786,0.07391849514943857,LOW
bc1q91e0de174a1345239a3d38dab57cef,19,8,11,0.2925502599999999,0.19507995,0.0256647478947368,7288.373511730556,12,3,9,23,4,0.0,0.5454545454545454,0.0,2.858369675961052,0.0909090909090909,0.6666666666666666,1,0.4,0,11,0.1902225935123518,0.0463517166963717,0.2411369219231646,0.0,0,0,0,-0.13726105401139732,0.04262642938653369,0.004703403,0.014904460182442483,LOW
bc1qc4fe48989ac74d40b10cc043c1bec8,15,4,11,0.1698915899999999,0.99760878,0.0778333579999999,8907.51398405238,15,2,13,18,2,0.0,0.5454545454545454,0.0,1.6025632546868762,0.0,0.5,1,0.3,0,11,0.1951997487318023,0.0592085941730827,0.2447328409829347,0.0,0,0,0,-0.09875087648735748,0.1374779985251677,0.0054336987,0.04368856392696953,LOW
39cec5cdea46543e297008913db8edb,27,9,18,0.176718,1.4150161499999996,0.0589531166666666,4690.057003882693,14,3,11,31,4,0.0,0.3333333333333333,0.0,1.4438536022190025,0.1111111111111111,0.4230769230769231,1,0.4117647058823529,0,18,0.210218013256776,0.0127649055089172,0.2389694730425522,0.0,0,0,0,-0.13381668377032585,0.05111000290047297,0.01023899,0.019940546547714377,LOW
30f9159e8f62b4a60a2f65f6b1837c7,24,7,17,0.22853898,5.65493178,0.2451446149999999,5159.216838349275,24,5,19,30,5,0.0,0.6470588235294118,0.0,1.552062592388226,0.0,0.2608695652173913,1,0.625,0,17,0.1278116987742731,0.0174381098962242,0.1925314754852501,0.0,0,0,0,-0.07343661026263032,0.19982769482323381,0.04261337,0.07912432407733455,LOW
1da93638744c54845ac4cabe7969d06,29,14,15,0.7938454200000001,0.14823512,0.0324855358620689,4240.902313588095,21,6,15,36,6,0.0,0.6666666666666666,0.0,13.91180316083093,0.0666666666666666,0.75,1,0.5714285714285714,0,15,0.2023256276287518,0.0886696772381369,0.2416426887490116,0.0,0,0,0,-0.1325710862448291,0.054177942011758885,0.027402008,0.028584286275209547,LOW
304a9581465cc4d40a523a62c874325,45,23,22,0.76784071,3.75176161,0.1004356071111111,2828.762744851136,31,8,23,52,5,0.0,0.6818181818181818,0.0869565217391304,1.4167665601015271,0.0909090909090909,0.6363636363636364,1,0.4285714285714285,0,22,0.1615394804523051,0.023389605618027,0.2295252343306991,0.0,0,0,0,-0.06777759119261295,0.21376600602009926,0.020936385,0.07355117459219405,LOW
bc1q1dba5fa06a3649e5adb2738fa576d0,31,16,15,1.88074423,0.4349393,0.0746994687096774,4336.095467301111,27,9,18,39,5,0.0,0.5333333333333333,0.125,12.898155238400076,0.0,0.5333333333333333,1,0.4285714285714285,0,15,0.2129980112949503,0.1221552217414052,0.243029691606985,0.0,0,1,1,-0.12259157336996973,0.0787577418537284,0.106527686,0.5,MEDIUM
1f8aabb1944ee49d3b8569f6ee62bac,26,14,12,0.5703250200000001,0.13188528,0.0270080884615384,4943.166385780667,14,6,8,33,5,0.04,0.4166666666666667,0.0,9.852171196764838,0.0833333333333333,0.72,2,0.3636363636363636,0,12,0.1752929790161973,0.0467137398279726,0.2421794705867304,0.0,0,0,0,-0.13307915478504873,0.052926555979073815,0.0053271297,0.018275175035467973,LOW
3dcf0d4bc140e4e0ca0cc7c5cd617c7,25,11,14,0.7674049300000001,1.82782645,0.1038092552,5391.365358263888,23,10,13,32,5,0.0,0.7142857142857143,0.2727272727272727,1.9206530659260928,0.0714285714285714,0.625,1,0.5384615384615384,0,14,0.1992634568113886,0.0298111973778235,0.2360776322035567,0.0,0,0,0,-0.12645853060926304,0.0692333255689682,0.0022330075,0.021774850956539554,LOW
16765522721994de69de8c073f22a73,25,14,11,0.45868656,1.00818134,0.058674716,5431.537836815972,12,4,9,30,3,0.0,0.5454545454545454,0.0,1.4091608913378786,0.0,0.5,1,0.5,0,11,0.2066612129695959,0.0404366230989923,0.2423398481824788,0.0,0,0,0,-0.13936170998531588,0.03745245907122575,0.001451189,0.011888772786992586,LOW
bc1q4d65668ae430477d9e4cf45dec8971,20,8,12,0.28779148,0.3997125000000001,0.034375199,4230.724587716667,18,5,13,25,4,0.0,0.75,0.125,1.8183884972003024,0.25,0.3684210526315789,1,0.4545454545454545,0,12,0.1844745668862663,0.0532770731396734,0.2456885783903702,0.0,0,0,0,-0.10854717423102744,0.11334946231791937,0.0038396465,0.03573267955854405,LOW
bc1qf64846a716e14bef82e501cc76c9da,25,12,13,0.8771755400000001,0.1032366499999999,0.0392164876,4943.009841297917,18,5,13,31,4,0.0,0.6153846153846154,0.0,40.06264923105388,0.0769230769230769,0.75,1,0.4166666666666667,0,13,0.1916475373483288,0.0571448634445473,0.2391185197589494,0.0,0,0,0,-0.12149775355977299,0.08145184850351773,0.0074144597,0.02777206144677628,LOW
bc1q822c5d16d6b84ed79f70c1c21d6221,33,27,6,0.97433452,0.61035258,0.0480208212121212,4019.96635388125,15,10,5,41,4,0.0,0.1666666666666666,0.074074074074074,1.2448447296961471,0.0,0.59375,1,0.4,0,6,0.1941314365974673,0.0604789351820879,0.2369547953732672,0.0,0,0,0,-0.08347633585330305,0.17509958949569676,0.00090969197,0.05293923823118974,LOW
1aa262e60bbd74466b653c499d1f20b,42,27,15,0.52130407,1.46220714,0.0472264573809523,3092.736464124797,22,12,10,52,7,0.0,0.3333333333333333,0.1111111111111111,1.386246175715429,0.0666666666666666,0.8048780487804879,1,0.6428571428571429,0,15,0.21293894983549,0.1090937182377688,0.2384638549920025,0.0,0,0,0,-0.11050250704400211,0.10853342672880453,0.0018654197,0.03339946683191422,LOW
3708e5795da1d4c789e7e4cf8be3d61,36,21,15,0.7673687299999998,2.1387482,0.0807254702777777,3595.6532904728574,22,9,13,44,7,0.0,0.4666666666666667,0.0952380952380952,1.2901246465581857,0.2,0.7714285714285715,1,0.5714285714285714,0,15,0.1923266270500465,0.0194237790283909,0.2318327131120989,0.0,0,0,0,-0.11764127526149215,0.09095045488393969,0.01590407,0.03444196814318498,LOW
13d2fcf19b2604d8d83c1ae3508ab38,30,19,11,1.3778636599999996,0.6843587599999998,0.0687407473333333,4447.963451058045,18,7,11,36,4,0.0,0.5454545454545454,0.1052631578947368,8.059783726787751,0.0909090909090909,0.6206896551724138,1,0.3,0,11,0.1836733634565626,0.0191859192824704,0.2417661260448381,0.0,1,0,1,-0.14467550297839143,0.02436444868341435,0.94798315,0.5339017442157726,MEDIUM
3de73101193584a638de05ae025cf1b,21,13,8,1.48365176,0.21678552,0.0809732038095238,5784.155120394166,12,8,4,29,5,0.0,0.375,0.0769230769230769,12.269306889046211,0.25,0.7,1,0.2857142857142857,0,8,0.1829319870451178,0.0350936888071714,0.2425596739830715,0.0,0,0,0,-0.09154700266487875,0.1552213271689344,0.0045104753,0.04859611209241833,LOW
3dde8d2995a584a40a216480f384fe7,27,15,12,0.4211387,0.30164299,0.0267696922222222,4992.298968550641,26,8,18,33,3,0.0,0.8333333333333334,0.1333333333333333,3.775231054082012,0.25,0.4230769230769231,1,0.2727272727272727,1,12,0.1611353297393879,-0.0241980243382843,0.2438343197081833,0.0833333333333333,0,0,0,-0.04125124716743933,0.27910108147458923,0.014526505,0.09026725151657072,LOW
3c64d0a89935a438ba9c28e0b2aca03,30,16,14,0.7783687100000001,0.38970076,0.038935649,4026.77491886954,18,7,11,37,4,0.0,0.4285714285714285,0.0625,7.52063358378373,0.0714285714285714,0.6551724137931034,1,0.3846153846153846,0,14,0.1953608663031407,0.0243882126590754,0.2447010634302948,0.0,0,0,0,-0.14980581913860846,0.01172834650834369,0.038911965,0.021028888273715875,LOW
355264da84ae94ab3b620fb8dd2afd6,24,9,15,0.2968322699999999,0.51881058,0.03398511875,5583.839554957246,18,2,16,27,3,0.0,0.6,0.0,1.6404755590329698,0.0666666666666666,0.5217391304347826,1,0.5,0,15,0.2040813741792493,0.1158092282620361,0.2436025374277464,0.0,0,0,0,-0.13249162153573601,0.05437366565764236,0.0067451876,0.01934743410185065,LOW
bc1qfc4423983c6f439f9f81070c5d0ec4,46,23,23,0.71116342,0.69834569,0.0306415023913043,2919.3595163714813,26,5,21,52,5,0.0,0.5217391304347826,0.0,2.508725180987339,0.0869565217391304,0.5555555555555556,1,0.5,0,23,0.194193085294756,0.095360839855535,0.2437005165313955,0.0,0,0,0,-0.08384386482244233,0.17419435608291897,0.023818072,0.06297643919409596,LOW
bc1q38db1263f8404babacca807948f348,21,3,18,0.08232449,0.33325136,0.0197893261904761,5940.502198075001,21,4,17,25,4,0.0,0.5555555555555556,0.3333333333333333,2.559422058122104,0.0,0.25,1,0.5882352941176471,0,18,0.1970475142199952,0.0800100061558227,0.2400160023769926,0.0,0,0,0,-0.10616630768438184,0.11921359856392974,0.01415974,0.042135962313312396,LOW
bc1q197817a8c19846ae92fc8c1b94c699,14,4,10,0.18278426,0.29208817,0.0339194592857142,8207.110074552564,10,2,8,17,2,0.0,0.4,0.0,2.272039653465448,0.0,0.3076923076923077,1,0.5555555555555556,1,10,0.1854145312299744,-0.04196604084558,0.2465259951411758,0.1,0,0,0,-0.03185566961041991,0.3022426334368129,0.011662532,0.09592092917775927,LOW
186025138dddd42f59f02fb4d4b2c4e,15,5,10,0.1461295,3.338960739999999,0.2323393493333333,8680.310269341668,13,4,9,19,3,0.0,0.4,0.2,1.659525660939623,0.1,0.6428571428571429,1,0.6666666666666666,0,10,0.1080570006007186,0.0183341688883861,0.1722974591725022,0.0,0,0,0,-0.028573002978574513,0.31032792675427945,0.014517053,0.09963105175027952,LOW
bc1q4c23642ffa5a46fdbf37a03a9d8124,39,22,17,1.6714486799999997,0.13331576,0.0462760112820512,3414.303132432895,23,8,15,45,4,0.0,0.6470588235294118,0.0909090909090909,18.324561209177265,0.0588235294117647,0.5,1,0.3125,0,17,0.1839408136902663,0.0308407422143941,0.2364844229889564,0.0,0,0,0,-0.11726182214896957,0.09188505777209405,0.01105521,0.03254036173146785,LOW
bc1q537bcd52aa284f5c863de3a6cbeab5,29,14,15,0.8261600600000001,0.39638621,0.0421567679310344,4458.952591054166,18,7,11,35,4,0.0,0.4666666666666667,0.1428571428571428,4.070457974545014,0.1333333333333333,0.6428571428571429,1,0.2142857142857142,0,15,0.1850779211361337,0.1006275239102665,0.2447034974367721,0.0,0,0,0,-0.14620958134968454,0.020585973743693368,0.0054504275,0.008628484372897843,LOW
bc1q40290ed185e143958aadc70675ddcf,33,11,22,0.6960293699999999,1.0871684599999998,0.0540362978787878,3970.719225478125,27,8,19,39,4,0.0,0.4545454545454545,0.1818181818181818,2.4010616101372664,0.0454545454545454,0.375,1,0.5238095238095238,0,22,0.204096888937385,0.0539617651788447,0.2435009775925598,0.0,0,0,0,-0.11174847968256296,0.10546456370428262,0.006338162,0.0344915419349076,LOW
373dd8c36b7e24a7da4f7c014144a24,26,5,21,0.08466336,0.62825775,0.0274200426923076,5109.467587145333,23,5,18,29,3,0.0,0.3333333333333333,0.4,1.4281669937003325,0.1428571428571428,0.32,1,0.5,0,21,0.1931090547004696,0.0213314806183565,0.2439107890140568,0.0,0,0,0,-0.07183843087593733,0.2037640522315636,0.0374392,0.07797685594542428,LOW
1831019be835b4b0fbe754cb4f89478,14,5,9,0.31852886,0.8665342500000001,0.084647365,9484.557564514103,10,5,5,20,4,0.0,0.4444444444444444,0.0,1.460802366946682,0.1111111111111111,0.5384615384615384,1,0.375,0,9,0.1951281919814254,0.0440406842530552,0.2425485878087374,0.0,0,0,0,-0.09552302388421785,0.14542828346386721,0.0025629373,0.04478180685947141,LOW
341aefc9c64c7462991ff4a2b1fda23,34,19,15,0.90944708,0.28525834,0.0351383947058823,3754.0634709510105,24,7,17,40,4,0.0,0.5333333333333333,0.0526315789473684,11.11489469582598,0.1333333333333333,0.6060606060606061,1,0.2857142857142857,0,15,0.1709796915357511,0.0291697959405867,0.2436521715471963,0.0,0,0,0,-0.1397947318639734,0.03638591491841355,0.2769769,0.13555538244147025,LOW
3ec29ab64357c4298a3bf3d040407fd,25,10,15,4.5308252300000005,0.42145537,0.198091224,5275.298728484722,18,5,13,31,5,0.0,0.4,0.0,74.7943887595906,0.0666666666666666,0.7083333333333334,1,0.3571428571428571,0,15,0.2012598925518042,0.0221846433790791,0.2471679646285498,0.0,0,0,0,-0.05452542176517511,0.24640644409387447,0.108392105,0.12269837727585177,LOW
33068c40f69234faa8517bb9aea7636,30,17,13,3.88997759,0.74601577,0.154533112,4395.411988641954,17,5,12,36,5,0.0,0.6153846153846154,0.0,10.772141330705116,0.1538461538461538,0.7241379310344828,1,0.1666666666666666,0,13,0.1630340909976569,0.0271497404286105,0.235318161003177,0.0,0,0,0,-0.10152779049973715,0.1306383870673174,0.32211688,0.18414411135411246,LOW
11b53e7d2730c4a6f8ce1e0f46fa922,32,17,15,0.28160862,0.546122,0.025866581875,4016.775574160215,26,10,16,39,4,0.0,0.6,0.1176470588235294,1.286551075742393,0.1333333333333333,0.4516129032258064,1,0.2142857142857142,0,15,0.1848373514806449,0.0605978746518403,0.2411551665428212,0.0,0,0,0,-0.13673819878863025,0.04391423540302967,0.004129122,0.015032375456173286,LOW
bc1qc82f885564d84abbb2a1e310f59c5d,18,4,14,0.62148377,0.09287085,0.0396863677777777,7399.572557932353,17,6,11,23,3,0.0588235294117647,0.5,0.25,55.64205521246976,0.1428571428571428,0.3529411764705882,2,0.3846153846153846,0,14,0.1722992163537846,0.0573675050812518,0.2377200205870075,0.0,0,0,0,-0.0581810590353567,0.23740251439082538,0.017486071,0.07908948571165775,LOW
123cd40e3f588453fbc75c1e41403da,16,4,12,0.02587693,0.38865363,0.02590816,4994.5278346566665,13,2,11,19,3,0.0,0.6666666666666666,0.0,1.617117184794834,0.0,0.4,1,0.4545454545454545,0,12,0.2056538201120793,0.1041345787116084,0.2406678607646884,0.0,0,0,0,-0.10388219320917058,0.12483943194085488,0.0023283684,0.038499595301960794,LOW
34e4299db677749feae99133cdabfdd,41,22,19,1.1095864,0.31952978,0.0348564921951219,3123.973607237084,22,11,12,48,6,0.0,0.3684210526315789,0.1363636363636363,14.458550678158616,0.1052631578947368,0.65,1,0.3888888888888889,0,19,0.1908748128201275,0.0627628907092104,0.2412658810930188,0.0,0,0,0,-0.1224737226869097,0.07904801115215802,0.036239218,0.04002205161696966,LOW
bc1q7f35b43b05bc4654b41a7fa18fb920,25,11,14,0.21062314,1.4307520299999998,0.0656550068,5250.510329675,19,4,15,30,5,0.0,0.6428571428571429,0.0,1.6718280726810506,0.0714285714285714,0.7083333333333334,1,0.5384615384615384,0,14,0.1959580766810785,0.0763195617337707,0.2472230783564053,0.0,0,0,0,-0.14523892044478282,0.02297673680558736,0.0124059655,0.012475705227032109,LOW
393fdf7e399854f61b4f0089685be9a,50,9,41,0.7545209800000001,2.6392187,0.0678747936,2634.3038344955785,46,5,41,56,6,0.5918367346938775,0.4878048780487805,0.0,2.91026938357206,0.024390243902439,0.2857142857142857,9,0.575,9,41,0.0866046712324296,-0.0555909592444211,0.2416673326381324,0.2195121951219512,0,0,1,0.15519878549227606,0.7629626228418797,0.96935624,0.6650990913512363,HIGH
1646048374f0e4d0ba5993410ff3b60,26,9,17,0.72276763,0.11884797,0.0323698307692307,5212.491090646667,16,4,12,31,4,0.0,0.4705882352941176,0.0,25.95508277790017,0.0,0.48,1,0.4375,0,17,0.212385964132332,0.1455754371744557,0.2363998542962736,0.0,0,0,0,-0.1208373065462311,0.08307854668033783,0.006107132,0.027671773288719847,LOW
369bacce10f6a470aaa03f514ff8827,26,13,13,0.8789237400000002,0.57497202,0.0559190676923076,5204.543232691333,17,4,13,31,5,0.16,0.5384615384615384,0.0,8.00257074572841,0.1538461538461538,0.32,3,0.5833333333333334,0,13,0.1866374875626246,0.0020240948663028,0.2392668446279837,0.0,0,0,0,-0.10263177951320146,0.12791923340531378,0.34484488,0.19355595605484305,LOW
3414187c407484b058a49b5d48d6d34,29,10,19,0.50180501,0.4418797899999999,0.0325408551724137,4637.160003016072,21,4,17,34,5,0.0,0.5263157894736842,0.0,4.933313906118977,0.1052631578947368,0.5357142857142857,1,0.3333333333333333,0,19,0.2044549307382649,0.0436596291479139,0.2462712746741103,0.0,0,0,0,-0.13781366511326698,0.04126533386566661,0.090980366,0.05332076405721432,LOW
bc1q29795cb410f449ffaa78c00151a8ca,19,9,10,0.1882378,0.37114421,0.0294411584210526,5849.430316453703,15,5,10,25,5,0.0,0.5,0.0,1.5365972891791904,0.1,0.7777777777777778,1,0.2222222222222222,0,10,0.1875948052754579,0.0230719383708873,0.2470743243045824,0.0,0,0,0,-0.13675594943967923,0.04387051508768766,0.0034647866,0.014720308423994091,LOW
356a61eb334304bf697b6c3ab3489cf,24,13,11,0.60924438,6.463951149999999,0.2947164804166667,5140.46020436087,16,5,11,30,3,0.0,0.7272727272727273,0.0,1.2422957493559876,0.0,0.5652173913043478,1,0.6,1,11,0.0661530436315603,-0.0045806068949501,0.1237228673197325,0.0909090909090909,0,0,0,0.012328131923760921,0.41106848611980507,0.0047013545,0.12543615542590567,LOW
bc1qaa19df0bd23c45c881fc036921a443,37,29,8,0.7951906300000001,0.2089885,0.0271399764864864,3381.826689523148,18,10,8,45,5,0.0277777777777777,0.375,0.1034482758620689,2.168576682396208,0.125,0.8055555555555556,2,0.1428571428571428,0,8,0.2125736289297486,0.1325009753674003,0.2430365743651087,0.0,0,0,0,-0.08168464009337362,0.179512582765911,0.0019374175,0.05472561272560253,LOW
1547adeb6eaf54daa9e9563eb2437da,23,7,16,0.84844331,0.60962431,0.063394244347826,5163.441638883333,24,4,20,27,4,0.0,0.75,0.1428571428571428,5.655887309716864,0.1875,0.5454545454545454,1,0.0666666666666666,0,16,0.1926326949973315,0.0305914997146478,0.2422216420375519,0.0,0,0,0,-0.11287681529540211,0.10268544373460743,0.11112557,0.0808121382223014,LOW
34df7790bb4d34dacb7a38967544258,36,12,24,1.25909884,2.11989817,0.0938610280555555,3693.182703962381,26,6,20,42,5,0.0,0.4166666666666667,0.0833333333333333,3.8449283985418585,0.0416666666666666,0.5428571428571428,1,0.4782608695652174,0,24,0.201208592752194,0.0361762145036017,0.2470233434477642,0.0,0,0,0,-0.09921856855296252,0.13632606079990964,0.10593948,0.08857058170680791,LOW
174a528b0b26e4e40b7c4f4c59201e6,16,1,15,0.02942663,0.1375017,0.0104330206249999,7243.407924702222,13,1,12,18,1,0.0,0.4666666666666667,0.0,2.688522358496082,0.1333333333333333,0.0,1,0.4285714285714285,0,15,0.2002856143780116,0.0633502392695054,0.2362677450345712,0.0,0,0,0,-0.09512809252013382,0.1464010096883061,0.016070835,0.051152178694912266,LOW
1682b339d41044fd1991addd09f2fc0,31,4,27,0.16079189,3.30026186,0.1116468951612903,4182.422322050556,27,2,25,33,2,0.0,0.2592592592592592,0.25,26.67544869327195,0.1111111111111111,0.2,1,0.1153846153846153,0,27,0.1751557810415326,0.0272321392877296,0.2322334673011737,0.0,1,0,1,-0.017377762740147684,0.3379020947215884,0.99866974,0.6507720070480683,HIGH
16665f946308b463a876fc73a57055b,45,25,20,1.37296109,1.01219236,0.05300341,3010.229368254545,31,9,22,51,6,0.0681818181818181,0.55,0.08,2.699532670778089,0.0,0.6363636363636364,2,0.5789473684210527,0,20,0.1996650839887811,0.0718615509165863,0.2440421284133892,0.0,0,0,0,-0.08761966643372021,0.1648944584815038,0.00730599,0.052756032892713925,LOW
bc1q091b07eee3434c7096bdda4030c321,23,16,7,0.37395857,0.22079254,0.0258587439130434,5944.010729327273,12,8,4,30,6,0.0454545454545454,0.4285714285714285,0.125,4.066198202487621,0.1428571428571428,0.4545454545454545,2,0.3333333333333333,0,7,0.1468863885685377,0.053171388442022,0.2449438912077182,0.0,0,0,0,-0.08256696190315027,0.177339401193577,0.019242864,0.06186110864523588,LOW
348a165695eba47b9be874f844111f2,29,15,14,0.2793985599999999,0.95182186,0.0424558765517241,4508.0449849642855,18,5,13,34,4,0.0,0.5714285714285714,0.0666666666666666,1.291172096368837,0.0,0.5,1,0.4615384615384615,0,14,0.2049024725042872,0.0808466609281713,0.2430959043732566,0.0,0,0,0,-0.15027893836054973,0.010563041555834322,0.0011154345,0.0036708579651497327,LOW
bc1qc874114117c84d8aae08885011e276,23,11,12,0.4782058900000001,0.2766354,0.0328191865217391,5948.112713647727,15,7,8,29,5,0.0,0.3333333333333333,0.0909090909090909,5.693514942385931,0.0833333333333333,0.5909090909090909,1,0.2727272727272727,1,12,0.1676921226194511,-0.0195949267355125,0.2448206801849231,0.0833333333333333,0,0,0,-0.10047335246149114,0.1332354953882194,0.026891422,0.052071787558409466,LOW
312068aa47f8c492fa9e6f4fc931b7e,24,18,6,2.91414767,1.51977414,0.1847467420833333,5190.124404594203,14,5,9,30,6,0.0,0.8333333333333334,0.0,2.095781117731481,0.0,0.9130434782608696,1,0.4,0,6,0.1412423715424655,0.0596476919110164,0.199952680979536,0.0,0,0,0,-0.03907227428733251,0.28446794836736433,0.001674212,0.08609377988600496,LOW
101c405f4e0d2421bb3e03acaf774e0,30,15,15,0.21273457,0.23336034,0.0148698303333333,4433.708560421264,23,6,17,37,7,0.0,0.6,0.0,3.253286731506531,0.0,0.5517241379310345,1,0.1428571428571428,0,15,0.1953133896769661,0.0862088378445385,0.2430603337604714,0.0,0,0,0,-0.1309250875729187,0.05823207956366573,0.012411646,0.023054864069261653,LOW
108f2fe94e0654379a26257d27fe724,22,12,10,0.2357715199999999,0.62238635,0.0390071759090909,6069.240648134921,12,5,7,27,3,0.0,0.4,0.0833333333333333,1.10889111014928,0.1,0.7142857142857143,1,0.4444444444444444,0,10,0.195483104952553,0.0303624726144728,0.2449778033739267,0.0,0,0,0,-0.13553921833475735,0.04686735545409678,0.0028022819,0.015321233467572803,LOW
bc1qd06d34724cc84278b4edd5ffc24b7c,19,4,15,0.08878083,0.29180622,0.020030897368421,6896.428106934259,17,3,14,23,4,0.0,0.5333333333333333,0.0,2.050734642277512,0.0666666666666666,0.3888888888888889,1,0.5714285714285714,0,15,0.2029358946258711,0.0599271816658939,0.2438290899766811,0.0,0,0,0,-0.1306157887975235,0.05899389049431074,0.009462439,0.021956264763386215,LOW
1eae47c4af3b74228b1ab100a8fc606,21,10,11,0.7331293099999999,1.93616675,0.1271093361904762,6393.853496609167,16,7,9,27,5,0.0,0.4545454545454545,0.1,6.4639710809020405,0.2727272727272727,0.4,1,0.5,0,11,0.1345857690794337,0.0071906531462945,0.2274767248165182,0.0,1,0,1,-0.09092099231933365,0.1567632069365596,0.94272614,0.5712557229452256,MEDIUM
36833f50dba494c67aa6883b73dc148,21,5,16,0.4739685,1.86368546,0.1113168552380952,6512.477525813333,16,2,14,24,3,0.0,0.5,0.0,1.3359553976459442,0.0625,0.4,1,0.4,1,16,0.1830796327879488,-0.0207463095606186,0.238308811402548,0.0625,0,0,0,-0.08370818126147184,0.17452854822358968,0.019694915,0.06122127595627749,LOW
376b2c8d4682f465a951383738d3d85,23,12,11,0.8210948499999999,0.27035298,0.0474542534782608,5932.112624283333,19,8,11,29,4,0.0,0.5454545454545454,0.1666666666666666,11.851606376134187,0.1818181818181818,0.5454545454545454,1,0.2,0,11,0.1868897763947567,0.0635091771776362,0.2398088268983688,0.0,0,0,0,-0.13531424685179605,0.047421466069582884,0.04031793,0.03236950881992691,LOW
bc1q48c8f7a9f14244509548831ecfef03,29,12,17,0.5264792199999999,1.2594068100000002,0.0615822768965517,4668.869090845833,24,8,16,37,5,0.0,0.6470588235294118,0.0833333333333333,1.797220143023859,0.1176470588235294,0.75,1,0.25,0,17,0.1840710770339667,0.0290530485596284,0.2365546570009243,0.0,0,0,0,-0.14615947966155962,0.020709375505011555,0.008298651,0.009947205696809673,LOW
3a0f0bbd0a4384f3ab7e836c0429513,28,16,12,0.7540760900000001,1.73206854,0.0887908796428571,4863.148577427778,23,14,9,35,5,0.0,0.4166666666666667,0.3125,1.47284698229999,0.0833333333333333,0.4814814814814814,1,0.3636363636363636,1,12,0.1743657227211494,-0.0295922782920323,0.2338694067126023,0.0833333333333333,0,0,0,-0.06641265021134468,0.21712789116783984,0.0058134077,0.06775440077404393,LOW
bc1q42b24caa13254702a87d81a20ddc8c,31,16,15,0.51916055,0.80279232,0.0426436409677419,4160.327259871667,22,9,13,38,4,0.0,0.5333333333333333,0.125,3.32031847497289,0.0,0.6,1,0.5,0,15,0.2076118433218415,0.124009822618623,0.2463263178818631,0.0,0,0,0,-0.13850436199032512,0.039564129488012884,0.0018650842,0.01270852672721198,LOW
1cb9420bd8b3b43dda5c60fc0c25d33,17,2,15,0.21370746,0.65105188,0.0508681964705882,7780.622052791667,17,2,16,20,3,0.0,0.5333333333333333,0.0,2.890094812412209,0.0666666666666666,0.25,1,0.3571428571428571,0,15,0.1785224766643111,0.0352364531249289,0.2425761175459079,0.0,0,0,0,-0.11817802472903771,0.08962842698107579,0.13921525,0.0895353864884687,LOW
3b8c3556623bf4992a242a57b8396fc,32,17,15,1.57334326,0.26357281,0.0574036271875,4067.704791226344,30,9,21,39,5,0.0,0.6666666666666666,0.1176470588235294,29.144294394521005,0.0,0.7096774193548387,1,0.5714285714285714,0,15,0.1879090764027751,0.0991676755891763,0.2413251016000403,0.0,0,0,0,-0.10374075584037357,0.1251877958598958,0.011534639,0.04274692589486321,LOW
3a9f806e34a964560a9cf7994cbe57d,25,9,16,1.7192137,1.11708148,0.1134518072,5009.451110321527,18,5,13,29,4,0.0,0.3125,0.1111111111111111,7.267026297947871,0.125,0.625,1,0.4,0,16,0.1951712352802243,0.0557100198503888,0.2415890621366906,0.0,0,0,0,-0.1366414121610759,0.04415262338473753,0.17550972,0.0922251599936317,LOW
19cfd01cbdd80443eb21e3611d2e5e1,24,10,14,0.28147412,1.16367855,0.0602146945833333,5447.654076792029,23,6,17,28,4,0.0,0.7857142857142857,0.2,1.2420047643496854,0.0714285714285714,0.6521739130434783,1,0.2307692307692307,0,14,0.1714561426995859,0.0170115198055965,0.2396321190726584,0.0,0,0,0,-0.11719756789278707,0.09204331767673724,0.008543596,0.031457613169000836,LOW
33f04bdbbc1a04dafafd977d8c58774,37,17,20,0.63536088,1.37161952,0.0542427135135135,3332.5873974657407,26,5,21,43,5,0.0,0.65,0.0,1.9644322013170776,0.1,0.5555555555555556,1,0.3684210526315789,0,20,0.1967730170229994,0.0498824033673032,0.2399387549877513,0.0,0,0,0,-0.11717043061888327,0.09211015748837698,0.009410233,0.03186765224966141,LOW
1d80c0e105c2945cd8933c315f11400,29,21,8,5.00592412,0.48893044,0.1894777434482758,4373.109806113095,12,6,6,35,5,0.0,0.375,0.0476190476190476,11.792081801201096,0.125,0.7857142857142857,1,0.4285714285714285,0,8,0.1844948746244507,0.0435042859377774,0.2358131260099834,0.0,0,0,0,-0.055045694074530194,0.2451249998603104,0.13416947,0.13391376038771385,LOW
1b0437224a34a4cadbf4cead832a5e1,29,19,10,0.93886956,0.11278394,0.0362639137931034,4350.776680880953,16,7,9,37,5,0.0,0.5,0.0,11.040673845721582,0.1,0.8571428571428571,1,0.2222222222222222,1,10,0.1658682227908746,-0.0022976230345016,0.2345410491508906,0.1,0,0,0,-0.09630224821903194,0.1435090336545931,0.029633103,0.056387606511849965,LOW
3aeeda32689ed4dfe8a104886b2c18f,35,15,20,1.87931956,4.288308059999999,0.176217932,3523.089917519608,16,5,11,41,4,0.0,0.35,0.0,2.0583043696117467,0.15,0.2058823529411764,1,0.4736842105263157,0,20,0.1560915220406392,0.0147259432992702,0.2294274272399515,0.0,0,0,0,-0.08448503759284409,0.1726151308683998,0.038832072,0.06925897080506224,LOW
bc1q902cfc582abc423a9c00b1841902f6,32,20,12,1.0282061999999996,0.69858133,0.0539621103125,4064.826186143548,17,12,5,42,5,0.0,0.25,0.1,2.103660020381205,0.0,0.7096774193548387,1,0.7272727272727273,0,12,0.2012854409842375,0.0897047640411939,0.2417957549758657,0.0,0,0,0,-0.11998000533392411,0.08519010187015769,0.0023098523,0.026596464086922515,LOW
3f8ba33d8859d42ba9fd82dea423530,39,25,14,1.3011546800000002,0.41463844,0.0439946953846153,3395.6221244820176,29,12,17,46,6,0.0,0.7142857142857143,0.12,5.766511118332844,0.2142857142857142,0.7894736842105263,1,0.3846153846153846,0,14,0.2051091470496546,0.0557124972133441,0.2460332925153539,0.0,0,0,0,-0.09997805536679494,0.134455425018313,0.028154051,0.053005950517726684,LOW
bc1qd07ab7827b2a4ccc846afc756fd33c,33,14,19,0.7595273399999999,0.4369338,0.0362563981818181,3932.861900647396,26,9,17,39,4,0.0,0.4210526315789473,0.2142857142857142,6.414892294192098,0.0,0.625,1,0.5,0,19,0.2206567992379148,0.168262532742945,0.2429440276788424,0.0,0,0,0,-0.1073660995181922,0.11625848006296746,0.12124741,0.08943887588706192,LOW
bc1qd5e21a96110c44219fecd6a810e126,35,15,20,2.2651770200000003,3.1571727500000004,0.1549242791428571,3768.6774810362745,18,6,12,42,6,0.0,0.35,0.0,2.6426348968006805,0.0,0.6470588235294118,1,0.5263157894736842,0,20,0.1846060033689219,0.0964749099287152,0.2312762971893677,0.0,0,0,0,-0.0935331168058906,0.15032947636804403,0.011372506,0.0502164702368123,LOW
3eae9ecea8cbc4227af3b1b3459808a,25,16,9,0.33463444,3.80352506,0.1655263799999999,5184.487395183333,12,6,6,31,4,0.0,0.4444444444444444,0.0625,1.2307533131636954,0.2222222222222222,0.6666666666666666,1,0.25,1,9,0.0806632060684773,-0.0144521493926539,0.1581929409884667,0.1111111111111111,0,0,0,-0.010129940294713202,0.3557536699670809,0.019304087,0.11541293966168932,LOW
bc1q8d6e4a59e2664901a0c7fa9e7f70f9,13,5,8,0.13112716,0.28654393,0.0321285453846153,5964.043954174999,12,4,8,18,4,0.0,0.5,0.0,1.0342695771950996,0.125,0.6666666666666666,1,0.2857142857142857,0,8,0.2033944302106575,0.0133570152434014,0.2431418481547893,0.0,0,0,0,-0.1068769520967297,0.117463262887894,0.0039781113,0.03702912893506851,LOW
bc1qbfd16783875b44bfb77aefda827292,21,3,18,0.1192723799999999,2.15561692,0.1083280619047619,6562.9920145725,21,2,19,24,3,0.0,0.5555555555555556,0.0,1.507684901289302,0.1111111111111111,0.3,1,0.4705882352941176,0,18,0.1808213201080734,0.0365278982846034,0.2424784740801926,0.0,0,0,0,-0.10918992689258022,0.11176634579039216,0.048447117,0.055331105363776084,LOW
bc1q38a4a1bbb4844ce483496f6f809e27,20,9,11,0.23670562,0.61704282,0.0426874219999999,6310.679250891229,11,4,7,25,3,0.0526315789473684,0.3636363636363636,0.0,2.594935903709704,0.0,0.5263157894736842,2,0.4,0,11,0.2043943620476104,0.1255213761636445,0.2451299416748676,0.0,0,0,0,-0.10238119214607588,0.12853643660993008,0.003449205,0.04011307318583318,LOW
bc1qd457bc98eb4f47dfb8ad5b37470ff2,23,11,12,0.2434796699999999,0.52898887,0.0335855886956521,5795.322605745454,15,5,10,27,4,0.0,0.5,0.1818181818181818,1.4908519720250537,0.0833333333333333,0.5,1,0.4545454545454545,0,12,0.1679962411792664,0.031275538576916,0.2405416478739296,0.0,0,0,0,-0.1437264114568899,0.026702085792835527,0.0032974004,0.009494455895518056,LOW
bc1qb03c7d39cd5a4222b8f9692bc290b8,29,13,16,0.8096357999999999,0.5471165700000001,0.0467845644827586,4338.018905217262,25,11,14,36,5,0.0,0.625,0.2307692307692307,4.691188991030243,0.0,0.6071428571428571,1,0.4666666666666667,0,16,0.2027944293581802,0.0862888162338811,0.241548624041937,0.0,0,0,0,-0.1340047981607762,0.05064667226273089,0.011910071,0.020553533524716703,LOW
bc1q1d6b23bd517945fcb26175542574d4,27,7,20,0.2481983599999999,0.0578652699999999,0.01133569,4176.26425848718,18,5,13,31,3,0.0,0.35,0.1428571428571428,22.57181206054106,0.15,0.3846153846153846,1,0.2631578947368421,1,20,0.1175761356027192,-0.0232305955060374,0.2300148861719569,0.05,0,0,0,-0.05991543188379733,0.23313070894294494,0.63018745,0.3535235689908669,LOW
30983dee791154b03bbd0f439026b88,26,6,20,0.12681092,0.41170553,0.0207121711538461,4848.810778343333,19,2,17,28,2,0.0,0.55,0.1666666666666666,1.5876238604705484,0.1,0.4,1,0.3157894736842105,0,20,0.2003701466784207,0.0120369894593833,0.2416001419744807,0.0,0,0,0,-0.10571277131258755,0.12033067044705148,0.016151281,0.04336727743101119,LOW
bc1q7e31443feca7453281754bce39ceda,20,15,5,0.63399544,0.91574597,0.0774870705,6636.262206719298,10,5,5,25,4,0.0,0.6,0.0666666666666666,1.3658543671806742,0.0,0.6842105263157895,1,0.5,0,5,0.1535264653396978,0.1136961841509089,0.2087998880055488,0.0,0,0,0,-0.07036039744709627,0.2074044870199365,0.0006997065,0.06253621401574581,LOW
1f47ed3e2eb6e4548837c363dbcf4e2,22,4,18,0.13773939,2.23646388,0.1079183304545454,5772.451379100794,18,3,15,26,4,0.0,0.5,0.0,1.425391511753861,0.0,0.3333333333333333,1,0.5882352941176471,0,18,0.1947029344409198,0.1355372561530247,0.2384587998788115,0.0,0,0,0,-0.11416055226578514,0.0995235661783148,0.028621431,0.042736713442752636,LOW
1ad9dfd63d5e4422ca181135fcaf8f2,19,2,17,0.13536179,0.78051689,0.0482041410526315,6572.525009690741,13,1,12,21,2,0.0,0.3529411764705882,0.0,1.7185117604215931,0.0,0.2222222222222222,1,0.375,0,17,0.213903935200689,0.0931262911890239,0.247105247645605,0.0,0,0,0,-0.10696012372730052,0.11725840899797008,0.0043360163,0.037128729989794565,LOW
bc1q7e9811fa59f14930b7fc282283f227,40,22,18,0.85446886,1.18229622,0.0509191269999999,3216.501432576068,26,9,17,48,6,0.0,0.4444444444444444,0.0909090909090909,1.3199110517475945,0.1111111111111111,0.717948717948718,1,0.3529411764705882,0,18,0.2008398529909836,0.0487270938126674,0.2442330030102607,0.0,0,0,0,-0.13526474736250987,0.0475433845994942,0.006836774,0.017339563602300663,LOW
1f9fc12846730497382a2828858beec,23,16,7,0.71826046,0.31791776,0.0450512269565217,5655.042290067424,15,10,5,29,5,0.0,0.4285714285714285,0.1875,11.267412438901689,0.0,0.7272727272727273,1,0.3333333333333333,0,7,0.1729663022356296,0.1189747131500955,0.2418641139613327,0.0,0,0,0,-0.10646953678715115,0.11846673739487347,0.008855492,0.03952499265606527,LOW
39a96a703efd944049d396a1cec5581,28,7,21,0.36085467,3.19344784,0.1269393753571428,4259.698889047531,24,3,21,47,9,0.1111111111111111,0.1428571428571428,0.0,3.0555530100164057,0.1904761904761904,0.8148148148148148,2,0.35,0,21,0.1180262714296909,0.0207051390795258,0.2435888235429035,0.0,1,0,1,-0.0040683364611756034,0.3706835579103107,0.65566194,0.5062529465921484,MEDIUM
bc1qfaf1ea6fc9d347058c98452cdf4cb1,53,38,15,0.7783259600000001,0.3652834499999999,0.0215775360377358,2424.6942763589745,29,12,17,64,5,0.0,0.7333333333333333,0.0526315789473684,2.473941348118004,0.0666666666666666,0.6153846153846154,1,0.5,0,15,0.2041146756949671,0.0994108602551994,0.2462726271127344,0.0,0,0,0,-0.05514782242160421,0.24487345508445318,0.0025138215,0.07459325619830642,LOW
13c22b04f699d4b2db1a07a930b3d36,48,28,20,1.4107133399999998,0.75373743,0.045092724375,2791.126301943617,24,8,16,55,5,0.0,0.45,0.0714285714285714,3.6941901759511344,0.15,0.7659574468085106,1,0.3684210526315789,0,20,0.1977006224010676,0.0329546840598805,0.2439316064915741,0.0,0,0,0,-0.09987775079672534,0.1347024777839602,0.02413934,0.05127344583898845,LOW
bc1q8571f16e6ffa47e58eb71591dc04f7,16,7,9,0.49986777,21.892613330000003,1.39953006875,7695.282422943334,13,3,10,20,4,0.0,0.5555555555555556,0.0,1.4527183097250966,0.1111111111111111,0.6666666666666666,1,0.5,7,9,-0.0175972676049468,-0.0513080726204058,0.0053496855192495,0.7777777777777778,0,0,0,0.16649014251349037,0.7907735289458088,0.014957107,0.24396275673281106,LOW
bc1q4025e5a200094bccb345cc203f0143,28,12,16,0.44006363,1.1648868299999997,0.0573196592857142,4496.247661887654,22,5,17,32,4,0.0,0.5625,0.0833333333333333,9.219682724222215,0.1875,0.6666666666666666,1,0.2,0,16,0.1921093031590049,0.0587532868062813,0.2426530816650553,0.0,1,0,1,-0.1363548996632009,0.04485831112103287,0.986416,0.5573446674657959,MEDIUM
bc1qb882882e23dd4efdb06ce9d093deae,47,34,13,1.6539156500000003,0.41319168,0.0439810070212766,2886.144257372826,23,9,14,56,7,0.0,0.5384615384615384,0.0294117647058823,3.141938628661621,0.0769230769230769,0.717391304347826,1,0.4166666666666667,1,13,0.1971623722250103,-0.0110948629176398,0.2426857004337728,0.0769230769230769,0,0,0,-0.06571061918324778,0.21885701185437606,0.011231823,0.07071142376504112,LOW
bc1q835554b8942041ea8a37ac431d4a91,28,14,14,0.68338586,1.13054088,0.0647830978571428,4229.6342700462965,14,5,9,32,2,0.0,0.3571428571428571,0.1428571428571428,1.5557719956792695,0.0714285714285714,0.2962962962962963,1,0.3076923076923077,1,14,0.2086155491963673,-0.0081057266697663,0.2424258894634997,0.0714285714285714,0,0,0,-0.09815671358997902,0.13894143719940188,0.00226893,0.042703449644427904,LOW
3480aef197cd943de83069b76947334,37,28,9,1.2121316700000002,0.36560412,0.0426415078378378,3352.392972844445,21,9,12,44,5,0.0,0.7777777777777778,0.1071428571428571,3.4844690275495336,0.0,0.75,1,0.5,0,9,0.1984336476804043,0.0744902327080466,0.2408107272392507,0.0,0,0,0,-0.09864935210714165,0.13772805571494012,0.00078943,0.04167366019361655,LOW
13a653a9bf06b409a9ced56ce52f081,20,8,12,0.71107513,1.2758804100000003,0.099347777,5813.038799635965,15,3,12,24,3,0.0,0.5,0.0,2.0482635812751786,0.0,0.5263157894736842,1,0.3636363636363636,0,12,0.1735463595802155,0.0598315336147682,0.2338808995124353,0.0,0,0,0,-0.1409522715546102,0.0335348645453372,0.0042993203,0.011995153489849518,LOW
3be608e7d17e44dd3abf0c8f97c7225,25,8,17,0.42947089,2.06876855,0.0999295776,5335.532425931944,22,4,18,28,3,0.0,0.6470588235294118,0.125,1.2053706317608055,0.0588235294117647,0.5416666666666666,1,0.3125,0,17,0.1780579056154313,0.0130247120744663,0.237693302744207,0.0,0,0,0,-0.129689768417793,0.06127470278132138,0.005031127,0.020646417829061084,LOW
bc1q1917e1290169467fb8284d26cbb6b9,33,10,23,0.42282258,0.5966716900000001,0.0308937657575757,3839.8474798265615,25,6,19,38,3,0.0,0.4347826086956521,0.2,4.303283877776809,0.0,0.25,1,0.4090909090909091,0,23,0.2053344644642276,0.1083503142831361,0.2412260410316154,0.0,0,0,0,-0.09630791117471266,0.1434950856474217,0.069052026,0.07412193575820852,LOW
1f2e0f4c54d514da8a3404e03c2c074,30,17,13,0.5848641,1.02556303,0.0536809043333333,4274.154913263218,19,7,12,35,4,0.0,0.7692307692307693,0.1176470588235294,1.2233980316255322,0.0769230769230769,0.8620689655172413,1,0.4166666666666667,0,13,0.1868046563506157,0.0416644876215516,0.2386903853156602,0.0,0,0,0,-0.1374767326225304,0.04209520735612773,0.0016997642,0.013393456040386149,LOW
bc1q02ed9e98a3be470d93088e47a52780,66,46,20,1.16204927,4.932133370000001,0.0923361006060606,1941.8357347833328,35,24,11,78,6,0.0461538461538461,0.35,0.1739130434782608,1.7348570085527664,0.15,0.7076923076923077,3,0.3157894736842105,0,20,0.1584490237003161,0.042002034259866,0.2321120221375989,0.0,0,0,0,0.04774021280368057,0.4982893626225899,0.046564184,0.17044069127240508,LOW
38cff7e40fbb746a8b56619888ea4cf,17,4,13,0.22681439,0.08511111,0.0183485588235294,6905.9396256229165,12,3,9,21,3,0.0,0.3846153846153846,0.0,12.483890158908576,0.0769230769230769,0.25,1,0.3333333333333333,0,13,0.17782032393128,0.0013153414739605,0.2361480503306239,0.0,0,0,0,-0.11163821684517511,0.1057361439414131,0.32362983,0.17735425757012688,LOW
1a73b6544df1b4c158fbd3e6ad90132,22,6,16,0.16864696,2.08749882,0.1025520809090909,5801.151433212699,16,3,13,26,4,0.0,0.625,0.0,1.4515892846295584,0.0,0.4285714285714285,1,0.5333333333333333,0,16,0.182550585815339,0.0768778909655472,0.236470461889722,0.0,0,0,0,-0.13221521303773698,0.05505446697937336,0.0038864808,0.01826525643759783,LOW
102cee088b569440eb7db2cc15cb69d,60,38,22,1.70190125,1.5441370100000005,0.0541006376666666,2207.5017876838983,35,17,18,72,6,0.0,0.4545454545454545,0.1052631578947368,1.497698080729711,0.0909090909090909,0.8305084745762712,1,0.4285714285714285,0,22,0.1972069573311418,0.0465023031732119,0.2444990630621857,0.0,0,0,0,-0.016421772630748732,0.3402567232324775,0.006693758,0.105089208008322,LOW
bc1qd042367340b0405bb801c4ecf56d45,19,3,16,0.10034612,0.40133434,0.0264042347368421,6931.109321211112,12,2,10,22,3,0.0,0.4375,0.0,1.813972184998809,0.125,0.2777777777777778,1,0.4666666666666667,0,16,0.1937110559214528,0.0296981903280851,0.2452039808544914,0.0,0,0,0,-0.11760364957987895,0.09104312791663849,0.008944509,0.03133796692785157,LOW
3f7b19ad80854467e9945a559a08989,17,8,9,0.14670589,0.7100760500000001,0.0503989376470588,7831.055946691667,14,4,10,21,3,0.0,0.5555555555555556,0.125,1.27315460107029,0.0,0.3125,1,0.625,0,9,0.20504554287505,0.1256554232229086,0.2361882241935269,0.0,0,0,0,-0.1081250009764061,0.11438928602748814,0.0013385122,0.03491911629686491,LOW
37d77ac7f3f794bc59e8a408ff209e0,31,16,15,0.2493963,1.40112236,0.0532425374193548,4139.5315790566665,12,3,9,35,2,0.0,0.2666666666666666,0.0,1.3476249352051115,0.2666666666666666,0.6,1,0.2142857142857142,0,15,0.1695365482610039,0.0234113922897566,0.2473017684458089,0.0,0,0,0,-0.0997000436278887,0.13514017516410903,0.025871681,0.05218430836956667,LOW
bc1qedb5bbf80e5345c4a67bd40b8fe09d,41,19,22,1.58473327,0.82356308,0.0587389353658536,3213.5698758554167,21,7,14,47,3,0.0,0.3636363636363636,0.1052631578947368,6.807534525210881,0.0454545454545454,0.375,1,0.3333333333333333,0,22,0.2107943494921811,0.1288152035501922,0.2409816694813396,0.0,0,0,0,-0.09931723353321809,0.13608304638663068,0.16462193,0.11490478509366255,LOW
3f2ba1cfb47e5495996ad7d15f9cb6a,31,12,19,0.8529938,1.3555107399999995,0.0712420819354838,4124.247169544445,22,8,14,38,7,0.0,0.2631578947368421,0.1666666666666666,7.953863983034706,0.0,0.6333333333333333,1,0.5555555555555556,0,19,0.2284669658897277,0.1958052659670234,0.2447978996951713,0.0,0,0,0,-0.08580774364164506,0.1693572714581279,0.62277156,0.3310543630914148,LOW
bc1q712162d1995540f8b1d106a4474d28,22,11,11,0.44773525,0.2262262799999999,0.030634615,6143.185675343651,17,7,10,28,5,0.0,0.5454545454545454,0.0909090909090909,4.16048493685801,0.0,0.7142857142857143,1,0.5,0,11,0.2010820773998942,0.1218351105647774,0.2393935125541209,0.0,0,0,0,-0.1409789939971975,0.033469046474022456,0.0059753293,0.012729611948660846,LOW
364584b931def462f8ad2318bd37f0e,40,29,11,1.29362627,0.36518233,0.041470215,3386.2667354615382,20,13,7,51,7,0.0,0.3636363636363636,0.0689655172413793,4.455607202253718,0.0909090909090909,0.6923076923076923,1,0.2,0,11,0.1874623639826868,0.0648453758761656,0.2417511546553431,0.0,0,0,0,-0.10584885379614345,0.11999549574967436,0.0044423,0.03799768373687926,LOW
3f71f9e3414f8443eb313b05369e5de,21,9,12,0.1923810799999999,7.59087428,0.3706312076190476,6428.556294349166,12,3,9,25,3,0.0,0.5,0.0,1.2608166850735871,0.0,0.45,1,0.4545454545454545,1,12,0.0742543730413087,-0.0117332287719374,0.1296526305415333,0.0833333333333333,0,0,0,0.02320586219878129,0.43786061878677157,0.030958308,0.14528942372851356,LOW
3c80e0841b63a42258387fc9930ef82,31,16,15,0.7739822300000001,0.5898904899999999,0.0439958941935483,3972.439524685556,22,7,15,37,4,0.0,0.5333333333333333,0.0625,3.0542261043871703,0.1333333333333333,0.7,1,0.2857142857142857,0,15,0.2033636291960284,0.1193851922423229,0.2391593858898767,0.0,0,0,0,-0.1474508567629494,0.017528680107280478,0.004855097,0.007443397618095537,LOW
3defaee0028b446528db07aaa6c8619,26,10,16,1.41460481,2.68039,0.1574998003846154,4811.603341889333,21,7,14,31,4,0.0,0.3125,0.3,2.584800117181886,0.0625,0.52,1,0.5333333333333333,0,16,0.1732949390235579,0.010175950262202,0.2382202534089483,0.0,0,0,0,-0.10605873651994441,0.11947854914055567,0.03209744,0.05028741209294289,LOW
bc1q20f3758d1f654951837542cab81f1d,29,12,17,0.90612901,0.8556826399999998,0.0607521258620689,4639.476907916667,23,7,16,34,3,0.0,0.5294117647058824,0.25,4.460192206343939,0.0,0.6071428571428571,1,0.5,0,17,0.2099363475522686,0.1118413971721102,0.2429987245275014,0.0,0,0,0,-0.13285774321437926,0.05347189843796895,0.031519506,0.030225346915850656,LOW
bc1qc04eabc0a31540ad94cacec0881d49,24,13,11,1.11670769,3.2784722600000005,0.1831324979166666,5318.892607763768,12,4,8,29,3,0.0,0.2727272727272727,0.0,1.2751654517585471,0.0909090909090909,0.5652173913043478,1,0.6,0,11,0.1185930083382675,0.0008002145573063,0.1654553594605627,0.0,0,0,0,-0.06773668735969834,0.21386675322473922,0.012484925,0.0697782419716444,LOW
bc1qe2e8b97f5fc74d5ebbfe6cc9b13c40,25,14,11,1.04371719,0.25168312,0.0518160124,5530.796003542361,21,10,11,32,5,0.0,0.4545454545454545,0.2142857142857142,14.775058670700387,0.0909090909090909,0.625,1,0.6,0,11,0.1956478080830485,0.0870082281287969,0.2446131926704689,0.0,0,0,0,-0.13334097640964265,0.05228168250603782,0.011127872,0.020692047421584446,LOW
bc1q542f38cfa1304d7a9b90a0166b8978,39,8,31,1.24606933,3.04750747,0.1100917128205128,2943.284117804386,32,4,28,59,9,0.0526315789473684,0.2580645161290322,0.0,4.632232972457366,0.1290322580645161,0.6842105263157895,2,0.2666666666666666,0,31,0.1545233792159228,0.0332254420015446,0.2413284483556663,0.0,0,0,1,0.01807461610475536,0.42522222616053607,0.9738594,0.5658034110599071,MEDIUM
321377394ffb84a50be640dadba9069,34,20,14,1.34342314,0.15770298,0.0441507682352941,3921.837701351515,21,7,14,39,5,0.0,0.6428571428571429,0.1,12.006061542155042,0.2142857142857142,0.8181818181818182,1,0.3846153846153846,0,14,0.1727527789158025,0.0468987387626653,0.2395262047609656,0.0,0,0,0,-0.12802764982275633,0.06536854412327094,0.02521836,0.03095882473489607,LOW
36925dca616234cdca34dd37f1750d7,24,11,13,0.56182317,0.8816403099999999,0.0601443116666666,5243.629440164493,13,3,10,28,3,0.0,0.3846153846153846,0.0,1.3096124063562382,0.0769230769230769,0.4347826086956521,1,0.3333333333333333,0,13,0.1759962415037277,0.0474986336914382,0.243667619548019,0.0,0,0,0,-0.14533740069587792,0.022734177385036625,0.0047726124,0.008967928707380437,LOW
36fabbc6c2d7d4a668c3f1e6a74b6f0,32,20,12,0.7913914599999999,0.5102988700000001,0.0406778228125,3866.7041148489247,24,8,16,40,7,0.0,0.6666666666666666,0.05,1.8210299072700944,0.0833333333333333,0.9032258064516128,1,0.2727272727272727,0,12,0.1635946245948543,0.0193326106272474,0.2439404805419638,0.0,0,0,0,-0.12678969083975722,0.06841766930565765,0.014217433,0.026923145083920748,LOW
3a43faf9b9b154278a613b3d1dc985a,38,28,10,0.8937706299999999,0.12510807,0.026812597368421,3295.4446737945946,20,10,10,48,7,0.0,0.6,0.0357142857142857,8.77180795385505,0.1,0.7027027027027027,1,0.4444444444444444,0,10,0.1732946026595554,0.055500972799269,0.2463785739703383,0.0,0,0,0,-0.10738644364806377,0.1162083719418124,0.014795727,0.041520588822533955,LOW
bc1q3d4627f9291046efb3c6ea4c8de378,13,1,12,0.0483337,0.33091807,0.029173213076923,10562.200880669445,12,1,11,15,2,0.0,0.3333333333333333,0.0,1.5652277259529412,0.0833333333333333,0.1666666666666666,1,0.3636363636363636,0,12,0.1776060065609281,0.009990686252737,0.2378139617360318,0.0,0,0,0,-0.067922810761531,0.2134083264437609,0.0114062615,0.06915531559638062,LOW
1fa9e8e430f5747dc8741c967fc026f,41,23,18,1.0840000400000005,0.9979745599999998,0.0507798682926829,3017.76255394,25,6,19,47,6,0.0,0.6111111111111112,0.0434782608695652,2.7539999605999936,0.1111111111111111,0.725,1,0.3529411764705882,0,18,0.1971275811307616,0.0639312653088307,0.2467790048973017,0.0,0,0,0,-0.1301487745316811,0.060144158781119485,0.004807158,0.020206468529790134,LOW
11175adc152f34dd0a619db052d8946,21,4,17,0.22053106,0.48142657,0.0334265538095238,5561.788220759167,21,4,18,24,2,0.0,0.5294117647058824,0.25,3.490733773177288,0.1176470588235294,0.2,1,0.3125,0,17,0.1978453574605972,0.0270777431365039,0.2417367538881507,0.0,0,0,0,-0.11882837467670376,0.0880265981401974,0.042710587,0.045627743019043626,LOW
1d7ab3816458b480aa8e903d6e34b3b,22,12,10,1.43895334,0.24210067,0.0764115459090909,5145.548309695239,16,5,11,28,6,0.0,0.6,0.0,11.511600353118656,0.0,0.7142857142857143,1,0.5555555555555556,1,10,0.168953740887017,-0.0238914519043653,0.2386259079762121,0.1,0,0,0,-0.07671304780082239,0.1917577439254941,0.0055002184,0.060002421418768805,LOW
10ff362d52cfd4e2a90fe38058ce395,27,10,17,0.50213162,0.45521882,0.0354574237037037,4819.8525838852565,22,7,15,33,4,0.0,0.5294117647058824,0.2,28.59547400250237,0.0,0.5384615384615384,1,0.4375,0,17,0.199421623284413,0.0914950927171616,0.2399314017345127,0.0,0,1,1,-0.1209667632092637,0.0827596915512897,0.9526616,0.6035256127342468,HIGH
16d3851b0787a479ab213ef30a12492,9,0,9,0.0,0.96290658,0.10698962,14004.651601575,11,0,11,10,1,0.0,0.7777777777777778,0.0,1.4566925258958194,0.0,0.0,1,0.625,0,9,0.1891982731650835,0.0849021840417069,0.2299193741181361,0.0,0,0,0,0.003600089030868947,0.389571089402189,0.0027532591,0.11811029341417555,LOW
bc1qcd3187d65ada4089830689647fd9b8,46,25,21,1.11556731,0.45574598,0.0341589845652173,2838.940672483704,29,11,18,54,7,0.0,0.4761904761904761,0.12,4.938454619569124,0.0952380952380952,0.6222222222222222,1,0.5,0,21,0.1926630289815968,0.0580298515330973,0.2407686677419537,0.0,0,0,0,-0.09568813029287881,0.14502162208385772,0.05829307,0.06973836785622688,LOW
bc1qacc4327bb21a47faaf20cce684502d,33,23,10,1.53151244,1.43898362,0.0900150321212121,3714.471531019271,21,11,10,43,7,0.0,0.5,0.0869565217391304,1.474467048933403,0.0,0.6875,1,0.2222222222222222,0,10,0.1476739510816857,0.0124887629614632,0.222722731238633,0.0,0,0,0,-0.10388768532223425,0.12482590472349396,0.00803927,0.04106544273540041,LOW
16ebcbd4d083541a6827814663479b1,10,3,7,0.63885288,0.02891897,0.066777185,12062.344679618518,11,4,7,13,3,0.0,0.7142857142857143,0.3333333333333333,59.5995942259253,0.0,0.2222222222222222,1,0.5,0,7,0.1397666441355317,0.0280338533466629,0.2119937166288791,0.0,0,0,0,0.02924333447722194,0.4527310700819809,0.01632172,0.1431640949951386,LOW
35530f2415bbf4fb4b7a0b626fe55e0,20,5,15,0.17763837,0.6608622900000001,0.041925033,6243.845563703509,20,3,17,24,4,0.0,0.5333333333333333,0.0,2.972515101325141,0.0,0.4736842105263157,1,0.5714285714285714,0,15,0.2239811145494119,0.1874980256196834,0.2427533556718052,0.0,0,0,0,-0.10819372067786592,0.11422002761495202,0.019528268,0.04305372874865558,LOW
30cf41c590e1e41bba8b5de5ad49ae5,24,8,16,0.0843526599999999,0.09032637,0.0072782929166666,5522.7239573869565,25,9,16,31,6,0.0,0.5625,0.25,3.216254136619579,0.0625,0.5217391304347826,1,0.4,0,16,0.1734807441511245,0.0555703343909966,0.237820604387811,0.0,0,0,0,-0.12055709638761697,0.08376871159106938,0.017728053,0.03310823696980014,LOW
3bd2c926b54654e40a7225bf35ba6d1,54,38,16,2.21764428,1.26215545,0.0644407357407407,2375.580723472327,32,17,15,67,9,0.0,0.5625,0.1052631578947368,5.01144226600336,0.0625,0.6981132075471698,1,0.4,0,16,0.2031242814671938,0.1055515620997917,0.242191545182877,0.0,0,0,0,-0.02701389075088806,0.31416806073358855,0.007840073,0.09777845090477526,LOW
bc1q2081ed743aaf4d949e5d656ea0a6c5,18,2,16,0.01793571,0.49009274,0.0282238027777777,6294.282875968628,14,1,13,20,2,0.0,0.4375,0.0,1.503424542034112,0.0625,0.2352941176470588,1,0.4666666666666667,0,16,0.2103825379199952,0.0524022036350455,0.246714245349214,0.0,0,0,0,-0.11454596353784796,0.09857428818820284,0.0037682413,0.03126799494457503,LOW
130d5fb420f314304beab848d69f307,29,11,18,0.34928859,0.8457978699999998,0.0412098779310344,4582.090903566072,24,7,17,33,2,0.0,0.6666666666666666,0.2727272727272727,1.3487148248811525,0.1111111111111111,0.2857142857142857,1,0.3529411764705882,0,18,0.1809606812315266,0.024468530989578,0.2411507749215591,0.0,0,0,0,-0.1204324097290339,0.08407581807505984,0.010694086,0.030035083811974225,LOW
3fc70d6d3034f444f91ff782f89c3c7,28,17,11,1.36724377,1.72492871,0.1104347314285714,4261.096126849383,19,8,11,36,7,0.0,0.5454545454545454,0.0588235294117647,1.3841251520110824,0.0,0.8148148148148148,1,0.4,0,11,0.1903631907347674,0.087905560553069,0.2351599608586341,0.0,0,0,0,-0.13530241308980373,0.04745061293324208,0.0045116125,0.016265409350634738,LOW
bc1q6764e341611e4a42a449e980146426,26,14,12,0.5363522300000001,0.49717135,0.0397509069230769,4440.651746611999,18,4,14,31,4,0.0,0.5833333333333334,0.0,3.742754405638173,0.0,0.68,1,0.3636363636363636,0,12,0.1985883282019714,0.0737731387064669,0.241773559794632,0.0,0,0,0,-0.14944169648822975,0.012625190069394004,0.006210606,0.006582329640199748,LOW
bc1q96fc2acad9754294bfaa84cad23266,21,8,13,0.4064634399999999,0.5595959,0.0460028257142857,6349.75671105,16,2,14,24,3,0.0,0.5384615384615384,0.0,1.6681769556157569,0.0769230769230769,0.5,1,0.5,0,13,0.2064458820414635,0.082908239527679,0.246260717319004,0.0,0,0,0,-0.14043026358876132,0.03482058374600111,0.004633981,0.012531466438670452,LOW
1e8b4de104e544f0ba977a3ce8e8ee6,27,10,17,0.52577567,4.17324853,0.1740379333333333,4771.321450060897,17,7,10,33,5,0.0,0.4117647058823529,0.1,1.7189474727585876,0.0588235294117647,0.4615384615384615,1,0.5,0,17,0.166007323302491,0.0573756474724395,0.2179017803918348,0.0,0,0,0,-0.10838469194844785,0.11374966040712009,0.010227597,0.038727316868935255,LOW
bc1q66b96a54e79f4600957d6e55d44616,51,35,16,2.0646103,0.3269513999999999,0.0468933666666666,2546.5300591983337,25,13,12,61,7,0.0,0.5,0.0857142857142857,9.508578981187169,0.0625,0.84,1,0.5333333333333333,0,16,0.2080386477145443,0.1108320272412464,0.2473002940705456,0.0,0,0,0,-0.06628657173840308,0.2174384257268054,0.0059510437,0.06790949735257455,LOW
169ab56a0069e460487edf474978724,20,7,13,0.21311338,0.15595947,0.0184536425,6218.210444967544,14,3,11,24,3,0.0,0.6923076923076923,0.0,3.558127391503303,0.0769230769230769,0.5789473684210527,1,0.3333333333333333,0,13,0.1953134815478395,0.0447843208853944,0.2375247749109874,0.0,0,0,0,-0.12724694525778052,0.06729143977794362,0.0072547747,0.023452080540383793,LOW
bc1q17e7130989994b928b2a8b1211e97e,22,10,12,0.2300624399999999,0.10366834,0.0151695809090909,5861.003535037302,15,5,10,27,4,0.0,0.6666666666666666,0.1,5.054712458430313,0.0,0.4761904761904761,1,0.4545454545454545,0,12,0.1774881344886372,0.1111382896185932,0.2393961854333612,0.0,0,0,0,-0.12954439203376483,0.06163276859735573,0.0047597853,0.020631733966589346,LOW
1f97da81dcd54400dae57ac382602d5,45,33,12,2.18918568,0.10198137,0.0509148233333333,3001.3095747189395,30,18,12,57,7,0.0227272727272727,0.5833333333333334,0.1515151515151515,47.28161776173607,0.0,0.7045454545454546,2,0.6363636363636364,0,12,0.1917896597444311,0.125256294465906,0.2388996571330178,0.0,0,0,0,-0.02268176085223278,0.32483820938048424,0.0035323915,0.09904103894580948,LOW
158337a92022c474681b145a8ee85b2,22,5,17,0.3340632899999999,1.27707611,0.073233609090909,5915.847067181747,17,3,14,26,4,0.0,0.4117647058823529,0.0,1.5542539260206725,0.0588235294117647,0.3809523809523809,1,0.5625,0,17,0.2108462663780095,0.0880752849326458,0.2453320150707261,0.0,0,0,0,-0.13370036345860214,0.05139650285448645,0.0048325392,0.017593593491855304,LOW
bc1qc7e0a64266b14a0bb356fbb3509c1a,23,11,12,0.16395583,6.826381819999999,0.3039277239130434,5152.3473731583335,19,4,15,28,4,0.0,0.75,0.0,1.305530260340262,0.0,0.5909090909090909,1,0.2727272727272727,1,12,0.0655191382360035,-0.0365929339419198,0.1383935963241712,0.0833333333333333,0,0,0,0.013954500989480256,0.41507427544097125,0.046829216,0.14559543028682476,LOW
39554b07a41504873a5f0c8318d3f34,22,10,12,0.9195438199999998,0.2652413899999999,0.0538538731818181,5911.795340523016,15,8,7,29,5,0.0,0.4166666666666667,0.1,7.117390872241192,0.0,0.5714285714285714,1,0.5454545454545454,0,12,0.2223605225961079,0.1323374873702048,0.2466041630146928,0.0,0,0,0,-0.12309049079806444,0.07752889524828614,0.0038220154,0.02497857550064093,LOW
bc1q75da999a3d7f45e88ee213f2251cf6,20,3,17,0.080164,5.33722966,0.270869683,6925.78658645614,19,3,16,24,3,0.0,0.4705882352941176,0.0,1.5244542811853896,0.0588235294117647,0.3157894736842105,1,0.375,0,17,0.1528454167769001,0.0964446756975035,0.2138268712101901,0.0,0,0,0,-0.06052588218000238,0.23162715398166106,0.05527901,0.09436369951931693,LOW
bc1q04b9f45c31354506829151ca799b74,19,9,10,0.50074254,2.31310549,0.1480972647368421,7003.204708102778,24,8,16,27,6,0.0,0.8,0.1111111111111111,1.450913714545582,0.1,0.7222222222222222,1,0.3333333333333333,0,10,0.1394119981999047,0.0225905374725187,0.2107481800896619,0.0,0,0,0,-0.07800951537534417,0.18856451056000298,0.016911108,0.06417935150965066,LOW
bc1q773ace3c1d7f451e9feb7f84409fa8,46,24,22,1.9903537,1.17667569,0.068848465,2947.3272708003706,31,8,23,52,6,0.0,0.5909090909090909,0.0833333333333333,5.425763401066158,0.0909090909090909,0.6,1,0.3809523809523809,0,22,0.1927915329141455,0.0192777510104111,0.2445827079746278,0.0,0,0,0,-0.08936958321675226,0.1605843679183272,0.0312524,0.06223888940583311,LOW
32961418a83ee4138b4cfb1ab311a79,36,25,11,1.83852842,0.4899975399999999,0.0646812766666666,3550.6477533661905,17,11,6,45,6,0.0,0.2727272727272727,0.12,5.46052097428958,0.0909090909090909,0.6285714285714286,1,0.3,0,11,0.1919178466183357,0.0612814953650168,0.2363160092524516,0.0,0,0,0,-0.11168330250277675,0.1056250967937729,0.014322246,0.03813253969648543,LOW
3c2f82c83496346c89c67ec3320db39,26,11,15,0.24806627,8.88658549,0.35133276,4898.282470856,16,3,13,29,3,0.0,0.6,0.0909090909090909,1.3970735414422328,0.1333333333333333,0.52,1,0.3571428571428571,5,15,0.0227767729576458,-0.064069011041537,0.0919096623112428,0.3333333333333333,0,0,0,0.09113318381137026,0.6051673791442559,0.030178184,0.19513039631051557,LOW
bc1q60d2f218b32540f99dec8d3e7b4264,18,8,10,0.3116830499999999,0.6432903999999998,0.0530540805555555,5780.780510986275,25,8,17,24,6,0.0,0.8,0.25,1.3081619146528427,0.1,0.7058823529411765,1,0.2222222222222222,0,10,0.1616426923664533,0.0661982302594922,0.2325088626021865,0.0,0,0,0,-0.08847154603961815,0.1627962568493202,0.011947767,0.05421537201006754,LOW
3455cd826359649d483bd26550e1526,32,13,19,0.8790909999999998,1.85795862,0.085532800625,4142.314932322043,20,4,16,37,4,0.0,0.4210526315789473,0.0,2.522990346804813,0.1052631578947368,0.4516129032258064,1,0.5,0,19,0.1951253055666351,0.0438203510773449,0.2408764920368432,0.0,0,0,0,-0.141998601480622,0.030957726715812154,0.012546776,0.014933367059769949,LOW
14e709b69208c46449abe7761fd7c71,32,17,15,2.6334707,0.3936484,0.0945974718749999,3937.008789901613,18,6,12,39,5,0.0,0.3333333333333333,0.0,14.066609955554195,0.2,0.3225806451612903,1,0.3571428571428571,0,15,0.2031239743412141,0.0492643330383968,0.2446624820582078,0.0,0,0,0,-0.11275079380607006,0.10299583794146018,0.00587086,0.03354063832080137,LOW
3ad3de9fe87da4306a7fbb286390928,46,32,14,0.6191507799999999,4.30214463,0.1069846828260869,2914.530422326666,16,8,8,54,7,0.0,0.3571428571428571,0.03125,1.300947153608673,0.0714285714285714,0.8222222222222222,1,0.4615384615384615,0,14,0.1361747195905175,0.0528567642718025,0.1867388075582489,0.0,0,0,0,-0.049512726930706685,0.2587528418835406,0.038444012,0.09492565740157378,LOW
365af9a7924174f3fad42a93be00e80,16,4,12,0.07174565,0.53043812,0.037636485625,8695.722731922222,12,3,9,20,4,0.0,0.4166666666666667,0.0,1.2927327525574066,0.1666666666666666,0.4,1,0.3636363636363636,1,12,0.1609502327117943,-0.056782417268094,0.243262273487957,0.0833333333333333,0,0,0,-0.053377771362973725,0.2492331368922505,0.022491775,0.08489124002156595,LOW
35fe78ed0d11745e4b37c2417331711,42,23,19,0.6344422600000001,1.76503044,0.0571303023809523,3122.3399388170733,31,8,23,49,5,0.024390243902439,0.7368421052631579,0.0434782608695652,1.4717847731362506,0.0526315789473684,0.7804878048780488,2,0.4444444444444444,0,19,0.1901117105844307,0.0642729574900164,0.2397943589863609,0.0,0,0,0,-0.09473619666839089,0.14736625936687572,0.006412547,0.04709552399683172,LOW
1784a8b24eabe4a3f924f9b76390f95,35,21,14,0.93673753,2.04141259,0.0850900034285714,3600.9707440205884,26,15,11,45,7,0.0,0.4285714285714285,0.238095238095238,1.292306602365253,0.0714285714285714,0.6470588235294118,1,0.4615384615384615,1,14,0.18863231865193,-0.0162107216138132,0.2334517702115951,0.0714285714285714,0,0,0,-0.06863271962771961,0.21165980243705168,0.008111661,0.06714818831614391,LOW
1734a3469eae5418cb624ca361f378d,24,13,11,0.4185104999999999,1.2672174699999998,0.0702386654166666,5501.253174755073,11,8,3,30,5,0.0,0.1818181818181818,0.2307692307692307,1.2776115083787034,0.0909090909090909,0.5652173913043478,1,0.6,0,11,0.1938892628952752,0.0123430948397283,0.2355612334466177,0.0,0,0,0,-0.11866174410580133,0.0884370135714609,0.006061543,0.029258798182383135,LOW
347f88ee92fe74a298a900754a3b57e,38,16,22,0.9891108,1.95279317,0.0774185255263157,3493.8767650869368,28,11,17,45,4,0.0,0.5,0.1875,3.45270211029145,0.0,0.5405405405405406,1,0.3809523809523809,0,22,0.1989721181056779,0.0907819527450808,0.2432917166605041,0.0,0,0,0,-0.09907404756750376,0.13668201974701308,0.011895082,0.04635739266625471,LOW
12217fe7f8c76467dbb344f21a9bf91,7,1,6,0.02732034,0.4145715499999999,0.0631274128571428,20451.17786918889,4,1,3,9,2,0.0,0.1666666666666666,0.0,1.1323207707329912,0.3333333333333333,0.3333333333333333,1,0.4,1,6,0.1245862281029297,-0.00622706041056,0.2019715413980843,0.1666666666666666,0,0,0,0.11337454748026266,0.6599484365013797,0.062162865,0.22595781962059613,LOW
1d89b9dd3c8dd4fd7aff933d2fa762f,19,9,10,0.31189386,0.53344072,0.0444912936842105,7124.94776767037,10,5,5,25,5,0.0,0.4,0.0,1.2692133296194208,0.3,0.6666666666666666,1,0.4444444444444444,1,10,0.1553602541652586,-0.019658827873499,0.2428106121283272,0.1,0,0,0,-0.04600809472484785,0.2673848421845517,0.0129081765,0.0860241320423389,LOW
3c64e7ccdac68431d8684ce064d1f81,23,19,4,0.50470051,0.15372834,0.0286273413043478,5590.25722932197,8,6,2,29,5,0.0,0.25,0.0526315789473684,1.6105279399285108,0.0,0.6818181818181818,1,0.6666666666666666,0,4,0.1842432793824444,0.1415053946942955,0.2414253210689246,0.0,0,0,0,-0.06846588200907006,0.21207072783230296,0.0012779246,0.06419628442814514,LOW
bc1qecf5d5dd368141449e3b4bcc393daf,29,19,10,0.5643020200000001,0.20531521,0.0265385251724137,4469.694722914881,9,4,5,34,4,0.0,0.2,0.0,5.2661774872990526,0.0,0.6785714285714286,1,0.5555555555555556,0,10,0.1956033669351339,0.0662697839111206,0.2434929099049876,0.0,0,0,0,-0.10561588140406253,0.1205693128124771,0.0029392666,0.03749346375214748,LOW
1a21db180b4aa4578933924a367ebf9,37,19,18,1.7401026300000002,1.2150230599999998,0.0798682618918918,3491.0231949939816,24,10,14,43,4,0.0277777777777777,0.4444444444444444,0.2105263157894736,5.880307024430286,0.1111111111111111,0.6111111111111112,2,0.5882352941176471,0,18,0.1932225837618332,0.0242682814117027,0.2407522552447302,0.0,0,0,0,-0.11703988008967697,0.09243170683826939,0.1300025,0.08623063643349986,LOW
124c3bbf755964d16b91185d3029e16,32,21,11,0.73937134,0.2454853599999999,0.030776771875,4218.330195006452,19,12,7,40,8,0.0,0.3636363636363636,0.1428571428571428,4.346142616105374,0.0,0.7096774193548387,1,0.3,1,11,0.1934274069697809,-0.0341316611385029,0.241710025932414,0.0909090909090909,0,0,0,-0.07941959490995304,0.185091447981041,0.0056349738,0.05806317244524995,LOW
bc1q6a38e776660e44e895ed6ba7fbe6bd,20,6,14,0.2173953,1.2934635599999995,0.075542943,6472.723893676315,23,6,17,25,4,0.0,0.5,0.1666666666666666,1.5389357714792402,0.1428571428571428,0.4736842105263157,1,0.2307692307692307,1,14,0.1769841197539973,-0.0306425780854476,0.2383583548675234,0.0714285714285714,0,0,0,-0.09122902531101362,0.15600451366413637,0.037317995,0.06359445053729118,LOW
145ae5da4e9854cc1b26037f965cf7d,42,27,15,1.1502070099999997,0.80015594,0.046437213095238,3167.1915253418697,21,11,10,50,6,0.024390243902439,0.3333333333333333,0.1111111111111111,4.258452904315791,0.0666666666666666,0.6829268292682927,2,0.5714285714285714,0,15,0.210665336290199,0.0297240120892923,0.244306992650415,0.0,0,0,0,-0.11459677163622506,0.09844914652005525,0.021298148,0.039118910065578494,LOW
3637373346e794620a6afaec3f8a02f,29,17,12,1.43947577,0.36261163,0.0621409448275862,4455.717456975595,18,6,12,35,4,0.0,0.6666666666666666,0.0588235294117647,9.775938913757871,0.0,0.6785714285714286,1,0.3636363636363636,0,12,0.2161210563670635,0.1685066473999617,0.2444464548076605,0.0,0,0,0,-0.12230519252911987,0.07946310531534563,0.008403528,0.027620518945717248,LOW
370d9f8ed51d543efb6b901cc68a3d6,46,20,26,0.83141687,0.5831700700000001,0.03075189,2883.2416009714816,37,9,28,53,6,0.0222222222222222,0.6538461538461539,0.1,6.3401338215179575,0.0769230769230769,0.6222222222222222,2,0.48,0,26,0.2033826871200895,0.0716173348259664,0.2446476758833631,0.0,0,0,0,-0.05625226399046779,0.24215318676672729,0.20878373,0.16659863417399629,LOW
bc1q054ddcd55b06422aa9df0cd213d24d,33,16,17,1.40555646,4.80502385,0.1881994033333333,4047.518952571875,18,5,13,39,5,0.0,0.2941176470588235,0.0,1.3324625254655609,0.0,0.5,1,0.4375,0,17,0.1362173815499255,0.026574466966812,0.1721403328739222,0.0,0,0,0,-0.07464427272452046,0.1968531907605455,0.021019623,0.06851478687695639,LOW
122f6f4f48e1e46b08f0e7077a6ec7b,38,14,24,1.64431941,0.64375949,0.0602126026315789,3411.0144118454955,28,5,23,43,4,0.0,0.625,0.0714285714285714,14.21080178837143,0.0833333333333333,0.5405405405405406,1,0.4782608695652174,0,24,0.2056279503256648,0.0611484291403071,0.2460473665395041,0.0,0,0,0,-0.08821523842120071,0.1634275491816888,0.063804604,0.07774033623287349,LOW
30c3a873330534411bbabca192b9bf0,37,19,18,0.5640528100000002,1.42542883,0.053769774054054,3383.8709737731483,25,8,17,45,7,0.0,0.6111111111111112,0.0526315789473684,1.90893193046034,0.0,0.6944444444444444,1,0.3529411764705882,0,18,0.218357685833604,0.148120353548479,0.2402042753080298,0.0,0,0,0,-0.11328475298595764,0.10168068258969118,0.003984332,0.032297154168436315,LOW
19310d52a462f4bfcb7f9926e7749ad,23,12,11,1.93240172,0.1319176199999999,0.0897530147826086,5727.040276693181,18,4,14,28,4,0.0,0.4545454545454545,0.0,44.47232379062395,0.1818181818181818,0.6363636363636364,1,0.4,1,11,0.1467902455079869,-0.0549637557941682,0.2393643653478169,0.0909090909090909,0,0,0,-0.049694900115815066,0.2583041445891247,0.01809053,0.08563198149890261,LOW
bc1qbabe42fb68da4f03a635308f7b492c,29,17,12,1.06594562,0.18934995,0.043286054137931,4641.032755792262,18,7,11,35,5,0.0,0.5833333333333334,0.0588235294117647,30.507979051612523,0.0,0.5714285714285714,1,0.5454545454545454,0,12,0.2185073399856935,0.1735251019344793,0.2404165685790195,0.0,0,0,0,-0.11340384059370406,0.1013873667135786,0.0051285075,0.03272403829701099,LOW
3d3552b2449b74dc09ce5d38552683f,32,17,15,0.5549440300000001,0.59991412,0.0360893171875,3983.027896806452,16,5,11,38,5,0.0,0.4,0.0,1.9146901617258272,0.0666666666666666,0.7096774193548387,1,0.2857142857142857,0,15,0.1946650047168141,0.0948435249068342,0.2467057947089637,0.0,0,0,0,-0.14545473061464315,0.022445190742613506,0.002286208,0.007762350853905568,LOW
bc1q3af1755b11904e33978cb57a56394d,26,13,13,0.77434653,0.29934852,0.0412959634615384,5182.252107572666,14,5,9,31,3,0.0,0.4615384615384615,0.0769230769230769,7.010668807168453,0.1538461538461538,0.6,1,0.3333333333333333,0,13,0.1861044820720192,0.027384104190581,0.2423930508552594,0.0,0,0,0,-0.14413127616238275,0.025704893490076756,0.0062425965,0.010520636352271049,LOW
392cda4cd24f84994b1f729908bc808,11,2,9,0.11446253,0.5687387199999999,0.0621092045454545,11990.821576103332,8,2,6,14,3,0.0,0.3333333333333333,0.0,1.4387060560560931,0.0,0.4,1,0.75,0,9,0.1991313969542793,0.0468205267731478,0.244476387253918,0.0,0,0,0,-0.04314913267574455,0.2744265400914484,0.004707432,0.08444630621330838,LOW
1d769b7d63cc840b1af37216a35a9d6,29,9,20,0.52919828,1.14277194,0.0576541455172413,4363.319251569048,23,7,16,35,4,0.0,0.45,0.1111111111111111,2.326112825843856,0.2,0.3928571428571428,1,0.4210526315789473,0,20,0.1788803415358185,0.0240013614509113,0.2391318330733948,0.0,0,0,0,-0.1287976669227927,0.06347197197279363,0.049048964,0.04111362554848501,LOW
35e391bc9e1854bcca371e660405108,16,3,13,0.16335534,0.73530054,0.0561659925,8019.923848466667,11,2,9,19,3,0.0,0.3076923076923077,0.0,5.487172551230401,0.1538461538461538,0.2666666666666666,1,0.3333333333333333,0,13,0.1754583050646483,0.0061266221583885,0.2361065782749695,0.0,1,0,1,-0.10255540412556641,0.12810734797207302,0.9659779,0.5731222626229757,MEDIUM
147e4076d1dee425abef0256791aa6b,33,10,23,0.1218733499999999,12.57473284,0.3847456421212121,3932.3357049375,24,5,19,37,3,0.0,0.4782608695652174,0.2,1.3783994861237807,0.0434782608695652,0.34375,1,0.5,2,23,0.0829865289315709,-0.0096702091223315,0.1694941374135924,0.0869565217391304,0,0,0,0.06148021826894412,0.5321313535492767,0.08818125,0.1993209673560008,LOW
bc1q349028f219df4db0b5e8c8c1d6dcf5,47,27,20,0.99916156,1.94884052,0.0627234485106383,2688.886682263406,32,11,21,57,7,0.0,0.5,0.074074074074074,1.6482472017127945,0.0,0.782608695652174,1,0.5789473684210527,0,20,0.2125099645076034,0.0766670667683948,0.2414573874728277,0.0,0,0,0,-0.08500902030708307,0.17132454781107523,0.0050515146,0.05367054579666977,LOW
1e5d483c9942c4811b9c85b20e8e7ae,14,2,12,0.04865941,0.07062257,0.0085201414285714,9192.368926907691,13,2,11,17,2,0.0,0.5,0.0,4.220023364794209,0.1666666666666666,0.3076923076923077,1,0.5454545454545454,0,12,0.13389022923652,0.0233046163983829,0.2403069648778495,0.0,0,0,0,-0.07138992169157399,0.2048687420212535,0.13861388,0.12383686846266115,LOW
1964dd15676634c9780812740882dab,45,24,21,2.80688801,1.57985364,0.0974831477777777,2945.675834775379,31,11,21,56,7,0.0,0.5714285714285714,0.0416666666666666,5.082444398909972,0.0952380952380952,0.6136363636363636,1,0.35,0,21,0.1798080402964299,0.0251565449096797,0.2418565182338979,0.0,0,0,0,-0.08483913372842156,0.171742982874159,0.02572247,0.06309800605024218,LOW
33a9d723640c546de9cddff5ba3690a,29,14,15,0.49755612,0.25469701,0.0259397631034482,4535.288438745833,14,6,8,33,4,0.0,0.3333333333333333,0.1428571428571428,4.28834502348567,0.0,0.5714285714285714,1,0.4285714285714285,0,15,0.1985222103202996,0.0607900077699214,0.2413888484427773,0.0,0,0,0,-0.136119788802249,0.04543739528830014,0.0035570913,0.015231909703836328,LOW
1343bf62348774d4e94a30172fc9708,24,14,10,0.45831837,0.44872723,0.0377935666666666,4537.753799042754,13,7,6,29,4,0.0,0.4,0.1428571428571428,2.5398591812840485,0.0,0.5217391304347826,1,0.5555555555555556,0,10,0.1769644192777687,0.0627086643663032,0.2384510129096547,0.0,0,0,0,-0.13544620391962725,0.047096452378464236,0.0037747533,0.015827574608134477,LOW
bc1q34287de059f3483b9fba5c68fbd19b,37,20,17,3.0918637300000005,1.77225989,0.1314628005405405,3384.5676892259257,21,6,15,42,4,0.0277777777777777,0.5294117647058824,0.05,5.363412667174437,0.1176470588235294,0.7222222222222222,2,0.5,0,17,0.2058853831367837,0.1210284276058349,0.2424943025567101,0.0,0,0,0,-0.10447151369825969,0.1233879202442195,0.011525721,0.04220295060684758,LOW
bc1q9ec5208d8bcc43c88e3d1f0e017802,51,34,17,4.11343581,0.38243919,0.0881544117647058,2435.9269912,28,15,13,58,7,0.0,0.4117647058823529,0.1764705882352941,14.27125389845535,0.2352941176470588,0.78,1,0.25,0,17,0.1683158067695673,0.0245346319848938,0.2441659963619278,0.0,0,0,0,-0.025618351176861398,0.31760531101135886,0.02051095,0.10451152062716626,LOW
149696c89bd3f47ffa43776a17b04c6,40,28,12,2.55030003,0.17299888,0.06808247275,3333.7522331311966,27,12,15,48,7,0.0,0.5833333333333334,0.1071428571428571,31.71033468374196,0.0833333333333333,0.7948717948717948,1,0.5454545454545454,0,12,0.2036052152222328,0.1282557698289088,0.2411088080287973,0.0,0,0,0,-0.09068921428751647,0.15733408225895976,0.0061507793,0.04996807532257442,LOW
1406539681d544450b95231baa4551c,60,10,50,0.6089410299999999,0.6150807899999999,0.0204003636666666,2145.5816899242936,54,8,46,67,5,0.4915254237288136,0.54,0.2,9.12408835023526,0.08,0.2033898305084746,8,0.4081632653061224,11,50,0.0919426711859483,-0.0720098620175092,0.2414875192584643,0.22,0,0,1,0.1697533180329096,0.7988108151462807,0.98081344,0.6810092912109832,HIGH
16a6797fd78b94940866211811840c5,20,5,15,0.15354572,1.6552228800000002,0.09043843,6413.348054236842,15,3,12,22,2,0.0,0.4666666666666667,0.4,1.3719510855546369,0.0666666666666666,0.3157894736842105,1,0.5,0,15,0.202484126591117,0.0617913237937691,0.2296122745276546,0.0,0,0,0,-0.09051675542223397,0.15775885293091269,0.0031346898,0.048738266271032185,LOW
bc1qbb35ac837dc54f58a8c41ef200347f,20,7,13,0.20692757,0.67315008,0.0440038825,6638.53771450614,19,5,14,24,4,0.0,0.5384615384615384,0.2857142857142857,1.2355484047081384,0.0769230769230769,0.3684210526315789,1,0.25,1,13,0.197978666213858,-0.0293026705285557,0.2471468028402084,0.0769230769230769,0,0,0,-0.08859288471909477,0.16249739652497133,0.015635464,0.05578517753816414,LOW
3bb563729d3914cfb9fa5fa3bca60f6,23,10,13,2.18017062,0.15588259,0.1015675308695652,5623.274348044697,17,6,11,30,7,0.0,0.4615384615384615,0.0,48.39588602153111,0.0769230769230769,0.5454545454545454,1,0.3333333333333333,0,13,0.1603584606658475,0.0110646118968241,0.2377766324016142,0.0,0,0,0,-0.0902316058748438,0.15846118368470485,0.0032824448,0.049015455176908716,LOW
bc1q72ffe7be631544848f392d223ebbb9,28,12,16,0.73971247,5.538585390000001,0.2242249235714286,4208.461226672222,18,4,14,32,4,0.0,0.5625,0.0833333333333333,1.180614427347174,0.125,0.5555555555555556,1,0.4,1,16,0.1221521527603249,-0.0194557011625322,0.2196815936472494,0.0625,0,0,0,-0.06946620609662046,0.20960690357981546,0.06281375,0.09114825883119829,LOW
391a22c843882411ab2ecd8e6499f71,23,18,5,0.7635890700000001,0.26013553,0.0445097652173913,5278.61009045303,12,8,4,31,5,0.0,0.4,0.0555555555555555,3.718887921687207,0.0,0.9545454545454546,1,0.5,0,5,0.1908065728176202,0.0447948861929637,0.2428009356300445,0.0,0,0,0,-0.10081157320964196,0.13240244888623115,0.0011834811,0.040253301119199565,LOW
bc1q5e096ae5147b4e258a7d31c18481b9,29,14,15,0.94769263,0.59357118,0.0531470279310344,4459.803267466071,16,6,10,35,4,0.0,0.4666666666666667,0.0714285714285714,4.867599998347828,0.0,0.7857142857142857,1,0.5714285714285714,0,15,0.2259846652155328,0.1919841015019142,0.2439004815650414,0.0,0,0,0,-0.12184666323431897,0.08059247489773061,0.0021894001,0.025162972555690485,LOW
38e0dac98b93446eca239484d7c57f6,23,9,14,0.27378041,0.63700105,0.0395991939130434,5672.163254473485,18,3,15,27,3,0.0,0.5,0.0,3.8274332785858687,0.0714285714285714,0.5454545454545454,1,0.3076923076923077,0,14,0.1956060074766425,0.0152797330652731,0.2436734552688964,0.0,1,0,1,-0.14499211506420123,0.023584624878952052,0.93876964,0.5295217277861801,MEDIUM
bc1qa75b0696e1cd4f6c923f1840ee4b63,26,15,11,0.53229577,0.03512754,0.0218239734615384,4977.218075869333,20,7,13,33,5,0.0,0.6363636363636364,0.0666666666666666,28.02834037130713,0.0909090909090909,0.92,1,0.3,0,11,0.1060236954970952,0.0003560663907964,0.2111705413096308,0.0,0,0,0,-0.09609885033254562,0.14401000794069363,0.020864971,0.05259223895161269,LOW
176bdba69dde94d55af9293cb9e871f,30,16,14,0.3531986299999999,0.8362438499999998,0.0396480826666666,4437.884308111494,22,8,14,35,5,0.0689655172413793,0.4285714285714285,0.125,1.169893896085492,0.0,0.7241379310344828,3,0.5384615384615384,0,14,0.2140494156354577,0.0983899436689411,0.2456721951929356,0.0,0,0,0,-0.1239748925473359,0.07535059073086384,0.0069923834,0.02575174972345174,LOW
36cc5cd61498e440bb385b0421c39f4,31,11,20,0.61552574,0.53993043,0.0372727796774193,4311.414757337778,29,6,23,37,5,0.0,0.65,0.0909090909090909,7.465337493987133,0.2,0.6333333333333333,1,0.3684210526315789,0,20,0.1759229187527554,0.0384526203795104,0.2429587665786683,0.0,0,0,0,-0.10190821930841054,0.12970138101415946,0.17871541,0.11933234634589288,LOW
3a1ba9b0440744629a87e3b4d16b97f,31,18,13,0.3574729400000001,0.8347999799999998,0.0384604167741935,4397.895546287223,18,10,8,39,7,0.0,0.3846153846153846,0.1111111111111111,1.5177181649312228,0.0,0.7333333333333333,1,0.5833333333333334,0,13,0.2113394128586203,0.0630253937078473,0.2400195311527669,0.0,0,0,0,-0.1316890827904209,0.05635033946653793,0.002816486,0.01817252045455006,LOW
1bc289823ad0e4ac4b1dccb876fcd83,25,9,16,0.7039514200000001,0.74850529,0.0580982683999999,4819.363644324306,16,6,10,29,3,0.0,0.1875,0.2222222222222222,3.837249821150568,0.125,0.3333333333333333,1,0.3333333333333333,0,16,0.200549327857506,0.0051567563192945,0.2421440586434228,0.0,0,0,0,-0.11797412938851287,0.09013062650941513,0.06719056,0.057274938553520144,LOW
3685891af8cad4c6994f8841548c6d1,26,13,13,0.5304819500000001,5.26744954,0.222997365,4339.414996229333,17,5,12,31,3,0.0,0.4615384615384615,0.0769230769230769,1.5509142057384795,0.0,0.68,1,0.25,0,13,0.1241688629329275,0.0355831373014998,0.1746043560376581,0.0,0,0,0,-0.08924426632354104,0.16089302668660324,0.007858465,0.05180421735440028,LOW
1e18711e2c4644c70a5c8ec49561bad,39,26,13,0.93834547,0.6285562100000001,0.0401769661538461,3215.276912441667,26,15,11,46,5,0.0,0.4615384615384615,0.1923076923076923,2.7652138925737564,0.0,0.7105263157894737,1,0.5833333333333334,0,13,0.196832317885146,0.1177158635776582,0.2430992864465086,0.0,0,0,0,-0.1049500454641688,0.1222092840551023,0.0028073096,0.03792607446323884,LOW
31deb30fea49d4657a0f0ce713608fc,17,7,10,2.00182841,0.62435449,0.1544813470588235,6928.347024013541,16,8,8,20,2,0.0,0.3,0.5714285714285714,16.304510688441518,0.1,0.5625,1,0.5555555555555556,0,10,0.2004857539809202,0.0316164624292236,0.2432104989735177,0.0,0,0,0,-0.03873566346757623,0.28529702957383224,0.07144942,0.11774134810540506,LOW
302a2c816e5324837b0c85c5cd92d48,37,25,12,0.6635555299999999,1.27406518,0.0523681272972973,3622.713459597685,22,11,11,44,5,0.0,0.5833333333333334,0.16,1.5046450814394308,0.1666666666666666,0.7777777777777778,1,0.3636363636363636,0,12,0.1901721089079742,0.0504111822074668,0.2341430432603274,0.0,0,0,0,-0.12915067935315083,0.06260249317270218,0.0034736802,0.020343903975432214,LOW
1bc2c882418934220a2bc265a0f06ad,15,3,12,0.25167287,0.63712549,0.059253224,8699.676861585715,7,2,5,17,2,0.0,0.1666666666666666,0.3333333333333333,1.9882901859956728,0.0,0.3571428571428571,1,0.4545454545454545,0,12,0.2123925993556011,0.1182096850019218,0.2428034283907903,0.0,0,0,0,-0.04767056117221702,0.26329014407325735,0.002204731,0.0799791721967353,LOW
35245d9d58e764c2592081b7da96889,40,30,10,1.2842226000000003,0.77906787,0.05158226175,3117.824367676496,23,13,10,48,5,0.0,0.8,0.1,1.391949057915994,0.1,0.6410256410256411,1,0.2222222222222222,0,10,0.1913248045688763,0.1240990692743467,0.2411905020320357,0.0,0,0,0,-0.08065151636690648,0.18205719338237955,0.0007765719,0.05496661536131527,LOW
386d63f08e1fd4a68871c4fa9040752,36,22,14,0.9114911999999998,0.58026649,0.0414377136111111,3575.805139418095,20,7,13,43,5,0.0,0.5714285714285714,0.0454545454545454,5.855464817685015,0.1428571428571428,0.4571428571428571,1,0.3846153846153846,0,14,0.1943997803993413,0.0586268638765212,0.2437312632318585,0.0,0,0,0,-0.1435216664594563,0.027206378048246212,0.1677262,0.08363870139884505,LOW
1f29b7209b1864de0a0362d875d177d,65,47,18,3.74090001,0.68408262,0.0680766558461538,2049.186726751041,35,14,21,78,8,0.0,0.6111111111111112,0.0212765957446808,7.594302511967786,0.0555555555555555,0.78125,1,0.4117647058823529,0,18,0.2005203678909451,0.0673594610958905,0.242976213605339,0.0,0,0,0,0.010683751895400828,0.40701833532907394,0.13399951,0.18240528081851548,LOW
bc1q3f9cc6b54c2e46858e6a56dcc9129b,27,12,15,0.9339272,0.76733473,0.0630097011111111,3885.277856776282,18,7,11,34,6,0.0384615384615384,0.4,0.0833333333333333,7.600804105114053,0.1333333333333333,0.5384615384615384,2,0.3571428571428571,0,15,0.1993113064119782,0.0701474509374043,0.237653362283809,0.0,1,0,1,-0.13677137530247363,0.04383252078629933,0.97206694,0.5505798697898907,MEDIUM
bc1q172f6af57bef4b5b90f5d0782b2bd7,19,7,12,0.23443574,0.13133714,0.0192512042105263,6959.270846086111,17,4,13,23,3,0.0,0.6666666666666666,0.1428571428571428,5.548055158606143,0.0833333333333333,0.6111111111111112,1,0.3636363636363636,0,12,0.1770188867929404,0.041902253016994,0.2397322563499981,0.0,0,0,0,-0.12845497841902515,0.06431602267310092,0.02782042,0.031813995027199594,LOW
bc1q8961e0028403440ebe8b4118f39483,17,9,8,0.55268969,0.18640458,0.0434761335294117,8059.187288383333,11,3,8,21,2,0.0,0.5,0.0,5.212004433388597,0.0,0.375,1,0.2857142857142857,1,8,0.1349161165471066,-0.0104876289581082,0.238869465156723,0.125,0,0,0,-0.03359489975755936,0.29795886433586777,0.0056851683,0.09194598495093077,LOW
bc1qb8c800386fcc453190dc3b874479be,28,11,17,0.42614872,0.4659213,0.0318596435714285,4731.644165190741,24,6,18,34,4,0.0,0.6470588235294118,0.0909090909090909,5.811794811600737,0.0588235294117647,0.5925925925925926,1,0.3125,0,17,0.1877377502868893,0.0103687428599703,0.2451861710672787,0.0,0,0,0,-0.1376019535534831,0.04178678494539102,0.34919995,0.16967600733591987,LOW
bc1q197aad79841942239129cef09f18b3,17,1,16,0.00755186,0.2035478399999999,0.0124176294117647,5707.6323433875,14,1,13,19,2,0.0,0.375,0.0,1.4762959414081824,0.0625,0.125,1,0.3333333333333333,0,16,0.1911027702974547,0.023795639688057,0.2406017960198449,0.0,0,0,0,-0.11366862017080959,0.10073520772655122,0.0086985715,0.03413491948097739,LOW
1e2e8d5984fc440e5889f0d33f47af4,28,15,13,0.8814342599999999,0.32350736,0.0430336292857142,4818.922862459259,20,6,14,34,5,0.0,0.6153846153846154,0.0666666666666666,6.563874016443739,0.0769230769230769,0.6666666666666666,1,0.3333333333333333,0,13,0.1709213355926635,0.0083052652211248,0.2408438119522592,0.0,0,0,0,-0.14569518084816002,0.021852955561807358,0.0106169,0.011333491848239483,LOW
bc1q9a2a8c6a226b43eda93d3b5333eb02,27,15,12,1.37080032,0.59024316,0.07263124,4666.361115632051,16,7,9,34,5,0.0,0.5,0.0666666666666666,4.49825211514161,0.0,0.7307692307692307,1,0.6363636363636364,0,12,0.2054990998440193,0.0874318627177991,0.2436585230031397,0.0,0,0,0,-0.14535016970842146,0.02270272697493789,0.00458101,0.008872272438884846,LOW
1d0cfd92ff1b04aeb958079dcbdf021,49,37,12,1.1577222100000004,0.17150944,0.0271271765306122,2738.072737344444,23,15,8,60,7,0.1041666666666666,0.25,0.1081081081081081,9.86346736066884,0.0833333333333333,0.6666666666666666,3,0.3636363636363636,0,12,0.2046077103215926,0.0544932494927218,0.2420679995379275,0.0,0,0,0,-0.02380418550392427,0.32207364826189777,0.009119491,0.10072586542379051,LOW
1ef299af10d944a6193fda737f0a915,32,21,11,0.4933979799999999,0.99745773,0.0465892409375,3912.376858340861,18,10,8,41,4,0.032258064516129,0.3636363636363636,0.0952380952380952,1.4205709850525832,0.0,0.5161290322580645,2,0.6,1,11,0.2018960188265944,-0.001053502396542,0.236850311564079,0.0909090909090909,0,0,0,-0.0860751941712184,0.1686985338456837,0.008704823,0.05452673037655376,LOW
bc1qee675e776ea34ca9879d7bb587ad15,27,14,13,0.39895007,1.07127537,0.054452794074074,4686.918095528846,19,7,12,34,5,0.0,0.5384615384615384,0.0714285714285714,1.4037798437099749,0.0769230769230769,0.6923076923076923,1,0.25,0,13,0.2004728246283688,0.0894954302467582,0.240467930355301,0.0,0,0,0,-0.15456758228287049,0.0,0.0042628227,0.0019182701362296939,LOW
bc1q1d04bc0abc0846da83cab767f6d3cc,31,11,20,0.2070766,1.1728384500000002,0.0445133887096774,4186.530017120555,22,6,16,36,5,0.0,0.5,0.0909090909090909,1.541862633986816,0.1,0.5,1,0.2631578947368421,0,20,0.1996601947851794,0.0574076398182114,0.2440811555503478,0.0,0,0,0,-0.13863719788904888,0.03923695121354183,0.012253937,0.017285356921393633,LOW
3393a4b3d7ccb4eeba6cb2751499af5,17,5,12,0.1471119599999999,0.02141903,0.0099135876470588,8018.052051036459,14,4,10,22,3,0.0,0.5,0.0,23.087830378095813,0.0833333333333333,0.5,1,0.3636363636363636,0,12,0.0826442534401264,0.0068163475228385,0.1201128570369109,0.0,0,0,0,-0.02705652714845691,0.3140630461771301,0.24335982,0.2037308331727687,LOW
bc1q699ed0c35fcf469d824574a1c7aef1,10,2,8,0.0751535899999999,0.6623925500000001,0.073754614,12701.969266174074,9,1,8,12,2,0.0,0.5,0.0,1.4595846365660383,0.0,0.2222222222222222,1,0.2857142857142857,0,8,0.1787909456544773,0.0801096371807273,0.240950948004351,0.0,0,0,0,-0.0323289112679398,0.30107702692228805,0.0032942784,0.09180553333425,LOW
1e0fe061bb4fc445bad752aad24d8bd,19,9,10,0.27305712,0.2112150199999999,0.025488007368421,7034.493194315741,19,7,12,25,6,0.0,0.8,0.1111111111111111,2.736522425303945,0.1,0.6666666666666666,1,0.4444444444444444,0,10,0.1627952022255857,0.0028677772103923,0.241569340698377,0.0,0,0,0,-0.09580817232583161,0.14472595543363112,0.0093804635,0.047638995023663096,LOW
34bcb0c07f155411e9fe5c1efc0ee9f,38,26,12,1.5779379000000002,0.8952871599999999,0.06508487,3448.2483276554053,22,13,9,49,7,0.0,0.4166666666666667,0.0769230769230769,2.258377645072464,0.0833333333333333,0.7567567567567568,1,0.2727272727272727,0,12,0.1940178381206345,0.0767761250315993,0.2364459647901642,0.0,0,0,0,-0.11978634010237782,0.08566710437393206,0.003177106,0.0271298289272741,LOW
bc1q247ed9b2e2e8427eb8913edfc0cdab,34,18,16,1.38786171,2.2509193,0.1070229708823529,3897.040004272222,20,7,13,42,5,0.0,0.5,0.0,3.323092046446918,0.0625,0.8181818181818182,1,0.4666666666666667,0,16,0.1826603229222412,0.0179257755017786,0.2310519090941696,0.0,0,0,0,-0.1317280912040214,0.05625426072898067,0.04135039,0.03548395424789952,LOW
3cd3f5afc312347b994b06f41daf2dc,25,10,15,0.3111316899999999,0.49243137,0.0321425224,5227.355123875695,20,5,15,31,6,0.0,0.6666666666666666,0.0,2.1018924802825385,0.0,0.5833333333333334,1,0.3571428571428571,0,15,0.1968005950499365,0.0856584964653268,0.2425192936306779,0.0,0,0,0,-0.1391775694448561,0.037906002013055703,0.012307236,0.016910056511511867,LOW
31d53fef0c6dc407abbe4722b026dee,21,11,10,0.49412494,1.22931618,0.0820686247619047,5973.7753035775,15,8,7,28,6,0.0,0.4,0.0909090909090909,1.467171909852172,0.1,0.65,1,0.6666666666666666,0,10,0.1882134171380463,0.1232778762219863,0.2336317865279903,0.0,0,0,0,-0.12655369038390524,0.0689989445683079,0.00338911,0.022224782876162735,LOW
12e0533e6d7954e8ba7a983f9d24d9b,66,16,50,0.7987047199999999,2.64869523,0.0522333325757575,2045.173814939744,46,4,42,71,5,0.4461538461538462,0.32,0.0,81.74050655150164,0.06,0.3230769230769231,8,0.4081632653061224,13,50,0.0826214217000872,-0.1042678380822982,0.2356261790883577,0.26,1,0,1,0.1862116807321913,0.8393481906622757,0.9981383,0.8009666721931132,CRITICAL
11d3c7a95d2ad4e05be0c9d4dde8146,30,10,20,0.31080943,1.95597211,0.0755593846666666,4518.434426913219,20,4,16,33,3,0.0,0.5,0.2,1.3373848364179697,0.05,0.5517241379310345,1,0.4210526315789473,0,20,0.1961508972699375,0.0244161351552936,0.2473659318718231,0.0,0,0,0,-0.12291064613472635,0.07797185733300202,0.009497127,0.027665264247005442,LOW
3b2e06825e8b34a34830355e6bb2f23,25,6,19,0.10449565,0.44724326,0.0220695564,5165.504301863194,21,3,18,28,3,0.0,0.5263157894736842,0.1666666666666666,1.4644836454004242,0.1578947368421052,0.4583333333333333,1,0.2777777777777778,0,19,0.2076880383325341,0.1196798373271075,0.2443571291887268,0.0,0,0,0,-0.10789223645331775,0.11496259110355417,0.009846652,0.03891977079118502,LOW
bc1q699aacbaaeac4a55b3a9ddd9759121,20,6,14,0.10746694,1.2294731,0.066847002,6519.253871981579,9,2,7,23,2,0.0526315789473684,0.2142857142857142,0.0,1.3334903152393558,0.0714285714285714,0.4210526315789473,2,0.3846153846153846,0,14,0.1742688958467333,0.0414862927128231,0.2380493708393343,0.0,0,0,0,-0.08307360452816515,0.17609152722713842,0.014208333,0.05922120790066568,LOW
145c7976a4ff54de68022380143ba59,42,29,13,2.10848979,0.1382438799999999,0.0534936588095238,3139.5825898166668,22,9,13,50,5,0.0,0.6923076923076923,0.0689655172413793,22.97266918585745,0.1538461538461538,0.7073170731707317,1,0.1666666666666666,1,13,0.1527107244295953,-0.0513828334832352,0.2421271726597598,0.0769230769230769,0,0,0,-0.0517179542664708,0.2533213095834347,0.014511625,0.08252662420557416,LOW
333feae8256dd4e479a919c9c398185,19,1,18,0.09194909,0.6523763100000001,0.0391750210526315,7211.883005418518,10,1,9,21,2,0.0,0.2777777777777778,0.0,1.981086736476876,0.1666666666666666,0.1111111111111111,1,0.4705882352941176,1,18,0.1804501424611577,-0.0078012452072556,0.2441329727989248,0.0555555555555555,0,0,0,-0.05266424339964254,0.25099057482937787,0.047338404,0.09659945339637939,LOW
bc1qca8d3d3c0d2e4bfb92843e7c39dc84,22,11,11,0.1746467699999999,1.32502786,0.0681670286363636,5867.450304315873,15,9,6,30,7,0.0,0.3636363636363636,0.0909090909090909,1.2697528026074232,0.0909090909090909,0.6190476190476191,1,0.3,0,11,0.2086088744519171,0.1182487157383803,0.243989340748864,0.0,0,0,0,-0.11786419934271292,0.09040138707220657,0.0033804977,0.028641640044853398,LOW
bc1q5ef0f17f9b2e425cba321185daa4ed,31,22,9,1.02454596,3.00467961,0.1299750183870968,3642.042469941111,22,13,9,41,8,0.0,0.5555555555555556,0.1363636363636363,1.1350705328012969,0.0,0.8666666666666667,1,0.625,1,9,0.1058079822964778,-0.049288617126844,0.195738281348211,0.1111111111111111,0,0,0,-0.006907687471307877,0.3636901625026086,0.0119998455,0.11450697904166039,LOW
12b61f84f28fd40c29824df00d9a253,25,5,20,0.05291144,0.5611171900000002,0.0245611452,5079.682798763889,17,3,14,29,2,0.0,0.35,0.0,1.42858174559971,0.05,0.0833333333333333,1,0.4210526315789473,0,20,0.2097814782180928,0.0674407001459549,0.2422144148363931,0.0,0,0,0,-0.11205977673625922,0.10469783096219407,0.013168932,0.03733536833511384,LOW
bc1q8c8561c93858450e8ca7c06528db5d,22,9,13,1.43401757,0.5389972,0.0896824895454545,5961.166785984127,26,10,16,28,6,0.0,0.6153846153846154,0.3333333333333333,12.067339265426138,0.0,0.4761904761904761,1,0.5,0,13,0.1932209506179497,0.106104563235548,0.243254057857042,0.0,0,0,0,-0.10572534411617857,0.12029970330470748,0.15241802,0.1046780188157378,LOW
1cd9a8a604088479f9428da9f8292f2,25,7,18,0.06652737,1.07083655,0.0454945568,5199.66622681875,18,3,15,28,2,0.125,0.3888888888888889,0.1428571428571428,1.5703070956482743,0.0555555555555555,0.0833333333333333,2,0.4705882352941176,0,18,0.2041933547222734,0.1115998967355519,0.2409083146517552,0.0,0,0,0,-0.08526756817750769,0.1706877376797296,0.009357667,0.055417271179333254,LOW
1fe85ccfeea1c4feebc78a461e294e2,31,17,14,0.72944438,1.8635914500000004,0.0836463170967741,4392.350771718889,25,10,15,37,4,0.0,0.7857142857142857,0.2352941176470588,1.292242077630287,0.0714285714285714,0.6666666666666666,1,0.3846153846153846,0,14,0.1956208189551107,0.0926538625293265,0.2351545926683386,0.0,0,0,0,-0.1080170005990378,0.11465529376672937,0.0015506344,0.03509437359459991,LOW
bc1q1810430efbd84d25b2d3f44440d4b9,27,6,21,0.1319706,8.807449089999999,0.3310896181481481,5082.1818621160255,22,2,20,30,1,0.0,0.4285714285714285,0.0,1.3234065691025418,0.1904761904761904,0.0,1,0.3,1,21,0.0602190253435311,-0.0670435769561009,0.1349442595579002,0.0476190476190476,0,0,0,0.06704699959880212,0.5458424807924339,0.3520969,0.3221963441770765,LOW
bc1qc0a7f9517d0940119b7b87917b41ae,26,19,7,0.7165860300000001,0.09932501,0.0313811938461538,5095.596855805334,12,6,6,33,5,0.0,0.1428571428571428,0.0,5.0863545119943545,0.1428571428571428,0.48,1,0.3333333333333333,0,7,0.1871011881158449,0.0254376858162899,0.2400690338472387,0.0,0,0,0,-0.09359325977267868,0.15018134267614036,0.003305335,0.04654180353484526,LOW
1ef92da6304464dc2a08d77914ca464,29,13,16,0.4631865599999999,0.87942312,0.0462968855172413,4294.339792440476,23,5,18,35,5,0.0,0.4375,0.0,1.73946896377941,0.0,0.6428571428571429,1,0.4666666666666667,0,16,0.218821013333944,0.0865938893084541,0.2441836394619052,0.0,0,0,0,-0.13284063077860003,0.053514046812497496,0.00681468,0.019120819932056343,LOW
bc1q6b2fe2c00c874669a4d74965db0c68,22,11,11,0.3084638,0.9682374700000002,0.0580318759090909,5539.56083701111,15,3,12,26,4,0.0,0.5454545454545454,0.0,1.462663098441123,0.0,0.7142857142857143,1,0.5,0,11,0.1795073166180046,0.0992935978596453,0.2438006714985315,0.0,0,0,0,-0.14332960898405728,0.027679420606801803,0.004652466,0.010397435837316482,LOW
355317a0835d14fc2ae9c939e95c705,24,9,15,1.60989912,1.10388534,0.1130743524999999,5233.240279649275,15,6,9,29,4,0.0,0.3333333333333333,0.1111111111111111,5.8851775659850425,0.0666666666666666,0.782608695652174,1,0.4285714285714285,0,15,0.2101359331826661,0.0951714077608402,0.2372084461653689,0.0,0,0,0,-0.12949744155243675,0.0617484088543502,0.0073007043,0.02180983940671228,LOW
1a3ac38855e084ba08afd24835342c9,26,13,13,0.97863714,0.21060499,0.0457400819230769,4925.905899988,21,6,15,29,3,0.0,0.4615384615384615,0.2307692307692307,7.724190064101535,0.0769230769230769,0.6,1,0.3333333333333333,0,13,0.1749782858758445,0.0434031832040185,0.2302155558096484,0.0,0,0,0,-0.13412533195359294,0.050349794395165584,0.013447181,0.02115616995987205,LOW
bc1q845e10559d5b4f4498d9e2e97aafa8,28,17,11,1.4863066,0.56338964,0.0732034371428571,4610.377450558024,18,8,10,33,5,0.0,0.6363636363636364,0.1764705882352941,5.030241502849608,0.0909090909090909,0.8888888888888888,1,0.3,0,11,0.1938604946038421,0.0995754165549533,0.2468139892384448,0.0,0,0,0,-0.1359409377459465,0.04587791009303725,0.0032428857,0.015222671566886593,LOW
bc1q8a753678bde640c7926e277ef920e6,28,15,13,0.8342714099999999,0.7639540300000001,0.05707948,3812.453707796296,13,6,7,33,5,0.0,0.2307692307692307,0.0666666666666666,2.6807324606819565,0.0,0.6296296296296297,1,0.5,0,13,0.210666200742814,0.0963555913226905,0.242513702680274,0.0,0,0,0,-0.129106972179525,0.06271014507844677,0.0020789702,0.019748580099969,LOW
181dd674ca219457180a1da007c0876,24,7,17,0.28251669,0.84655445,0.0470446308333333,5444.256450032609,18,3,15,28,3,0.0,0.4117647058823529,0.0,1.4431345919315222,0.1764705882352941,0.2608695652173913,1,0.3125,0,17,0.1739533258062173,0.0439471264347017,0.241734074055168,0.0,0,0,0,-0.13236076152403703,0.05469597727096589,0.0964223,0.05979882508527193,LOW
15d6dabdd25444211b529d4a823a270,26,16,10,1.11120062,0.17623657,0.049516815,4091.740539358,17,7,10,31,4,0.0,0.7,0.125,8.681690119774077,0.1,0.56,1,0.4444444444444444,0,10,0.2103896162079548,0.1480767633915456,0.2398352960750022,0.0,0,0,0,-0.11435098247542291,0.0990545316176648,0.003580194,0.03132744672371551,LOW
bc1q2e95727549d343b89581cc33e2ce97,20,11,9,0.9920428,0.0619626,0.05270027,6802.922799127194,14,4,10,25,5,0.0,0.6666666666666666,0.0,30.93310231059372,0.0,0.631578947368421,1,0.375,0,9,0.1396641633741802,0.0127199671633957,0.2297096252041541,0.0,0,0,0,-0.07682224698321705,0.19148878349828435,0.0103014,0.06208226475929532,LOW
bc1q9efe0df019f740d2a98141fff04e15,30,16,14,1.6405435100000003,0.3207089199999999,0.065375081,4112.513337716092,22,8,14,35,5,0.0,0.5,0.1875,7.145419600691757,0.1428571428571428,0.6551724137931034,1,0.4615384615384615,0,14,0.1879334820791864,0.0955130864460538,0.2423426071549539,0.0,0,0,0,-0.14123125587057378,0.03284771891694599,0.015259193,0.016720952361110847,LOW
38697bf2d485847fa8742eaf6067850,25,7,18,0.45217813,1.08526674,0.0614977948,5072.662350399306,21,3,18,29,4,0.0,0.5555555555555556,0.0,2.714056875050472,0.0555555555555555,0.5416666666666666,1,0.3529411764705882,0,18,0.1944011607163119,0.0258832592653981,0.2417775816909143,0.0,0,0,0,-0.14166584883481942,0.03177730513945622,0.041177157,0.028062912146256575,LOW
32e49fa88cd4d4556b839e031c90776,32,14,18,2.3363336400000003,2.70444523,0.1575243396875,4051.142401993011,29,6,23,38,6,0.0,0.7777777777777778,0.0714285714285714,3.0149435839894805,0.1666666666666666,0.6451612903225806,1,0.2941176470588235,0,18,0.1862939701003496,0.0280552984023144,0.2383231209991763,0.0,0,0,0,-0.07585687959416088,0.19386650849293244,0.0043857023,0.06013351844857803,LOW
bc1qf2bdafaa55594303b353ba78e4fcf7,45,31,14,0.98442166,0.44250826,0.0317095537777777,2886.5065447886363,27,15,12,53,5,0.0,0.5714285714285714,0.1935483870967742,3.279677626151228,0.1428571428571428,0.7045454545454546,1,0.4615384615384615,0,14,0.1936995138175702,0.0457338120338522,0.240081895618078,0.0,0,0,0,-0.0985013838048116,0.13809250549318441,0.002805918,0.04269041469664737,LOW
bc1qe94cff66378c46ebaf1d199f0d8d03,32,18,14,1.65764841,0.2987868199999999,0.0611386009375,3882.939745601075,21,11,10,40,6,0.0,0.4285714285714285,0.2222222222222222,8.449730733009664,0.1428571428571428,0.6774193548387096,1,0.4615384615384615,0,14,0.1729351183026529,0.0371308517712225,0.2443311740193293,0.0,0,0,0,-0.1237716289936805,0.07585123415170694,0.021038879,0.03222286585086162,LOW
18b16be2c98a74066bfb63161e9e4b8,39,23,16,1.18099367,0.5979084099999998,0.0456128738461538,3300.4419301298244,24,7,17,47,5,0.0,0.625,0.0,5.789621089086548,0.0625,0.7105263157894737,1,0.5333333333333333,0,16,0.1960798516836819,0.0967836172663286,0.2407313120732365,0.0,0,0,0,-0.1307049712823325,0.05877423171401728,0.14997892,0.08512278015673372,LOW
392a6bd3ef7d346a9a43974af216794,43,31,12,1.51290636,0.50805332,0.0469990623255813,2999.382860341667,21,9,12,53,6,0.0,0.5,0.0,2.181776781481538,0.0833333333333333,0.6904761904761905,1,0.0909090909090909,0,12,0.1611013387618156,0.0533821031917423,0.2369781378654988,0.0,0,0,0,-0.11710343002144741,0.09227518170297715,0.008814162,0.03164892697102002,LOW
1bc482a60e5af4e5ea9e24b83187216,30,15,15,0.71486391,0.22762422,0.031416271,4283.93512598046,28,10,18,37,5,0.0,0.4666666666666667,0.1333333333333333,6.565302417799575,0.1333333333333333,0.6551724137931034,1,0.3571428571428571,0,15,0.1716682739128761,0.0503376664147531,0.2430260182525619,0.0,1,0,1,-0.13761514986063894,0.04175428209754551,0.050419956,0.5,MEDIUM
bc1q727dde3fb36a4100ae1bd968253893,25,13,12,0.64696104,0.4725963599999999,0.044782296,4629.959387218056,14,5,9,29,3,0.0,0.4166666666666667,0.1538461538461538,3.629063575110949,0.0833333333333333,0.625,1,0.3636363636363636,0,12,0.2047064971478238,0.1040936515908775,0.2452194447265357,0.0,0,0,0,-0.1420005063579194,0.030953034953470574,0.0005991891,0.009555545571756153,LOW
39902940a780e40b0a82105a572a504,32,20,12,1.07971923,0.24009994,0.0412443490625,4185.10295277043,19,9,10,39,6,0.032258064516129,0.6666666666666666,0.1,7.734264677990074,0.0833333333333333,0.6129032258064516,2,0.4545454545454545,0,12,0.1930006990913879,0.0596009577848931,0.245538065034041,0.0,0,0,0,-0.1281734884639535,0.0650093397558031,0.0064523895,0.022406377237224506,LOW
bc1qe94bc0e5a2fe4aa9877eec83262c7d,38,19,19,0.3553598,0.7386142199999999,0.0287887899999999,3266.0684927328825,30,11,19,45,6,0.0,0.5263157894736842,0.1578947368421052,1.725542728533472,0.2105263157894736,0.6216216216216216,1,0.1666666666666666,0,19,0.1879038322081164,0.0053936700671887,0.2415235597896546,0.0,0,0,0,-0.09652466322300968,0.14296121971335396,0.036312066,0.059228794877309754,LOW
1ab25cac42ba84497a6d68628182a1d,16,8,8,0.31568427,0.3977145799999999,0.044587428125,6862.696440591111,14,4,10,19,3,0.0,0.5,0.125,1.6119845038307925,0.0,0.4666666666666667,1,0.4285714285714285,0,8,0.1715864072732129,0.0066397535010013,0.2399481380877053,0.0,0,0,0,-0.11046842573666465,0.10861736987545026,0.0014834632,0.0332527693635268,LOW
16993665a05b740648558bc92990bf0,15,5,10,0.27981071,0.97095228,0.0833841993333333,8277.413780034523,14,4,10,19,4,0.0,0.5,0.2,1.2338561966323842,0.0,0.6428571428571429,1,0.4444444444444444,0,10,0.1908664265021139,0.1158698883225589,0.2406159348151924,0.0,0,0,0,-0.10190672945958623,0.12970505055057427,0.0008773667,0.03930633016215241,LOW
15c019feebf5c4b45bdd7d90170cdb5,23,9,14,0.66639422,0.6259715000000001,0.0561898139130434,5947.098448666667,22,9,13,29,4,0.0,0.6428571428571429,0.3333333333333333,4.91022532269289,0.0,0.5,1,0.3846153846153846,0,14,0.2210603014671308,0.1903055834610603,0.2462049834009309,0.0,0,0,0,-0.10029690868635943,0.13367008099680402,0.0076820366,0.04355794072628098,LOW
1f39a47f06fdf4f4581bfe2f86d6294,29,19,10,1.31683735,0.27207566,0.0547901037931034,4170.672829817262,20,8,12,36,5,0.0,0.4,0.0526315789473684,5.088204677279485,0.0,0.5714285714285714,1,0.6666666666666666,0,10,0.212997173661526,0.1015648068327952,0.2459685525280929,0.0,0,0,0,-0.13473166729407215,0.04885637467689086,0.003971634,0.016444147664939665,LOW
34a217bf7b3bb4ce7b4ac2156da587b,34,18,16,2.9530052600000003,0.32890744,0.096526844117647,3829.381618642424,20,4,16,38,3,0.0,0.5625,0.0555555555555555,14.86108340522196,0.125,0.6363636363636364,1,0.4,0,16,0.1890268669391998,0.0415747067861542,0.2440790502817413,0.0,0,0,0,-0.11934248245763013,0.0867603373005322,0.03264668,0.04071910571975504,LOW
3f56f336d5370401f93298ba34ae028,38,21,17,0.91344342,4.03370072,0.1301880036842105,3474.976267068018,24,10,14,46,5,0.0,0.4117647058823529,0.0952380952380952,1.4412711658110444,0.1176470588235294,0.5675675675675675,1,0.3125,0,17,0.1558440193761613,0.0302193368784057,0.2127426164916515,0.0,0,0,0,-0.104423644592198,0.12350582309783219,0.023887467,0.04780110654449677,LOW
bc1qea52186f4cac49a3a482c6bb2a52cb,23,7,16,1.49271237,0.23000839,0.0749009026086956,5440.557946432576,18,5,13,29,4,0.0,0.4375,0.0,80.68308489049295,0.0625,0.5,1,0.5333333333333333,0,16,0.195519724760502,0.0896347758608336,0.2411328139103966,0.0,0,0,0,-0.09346015501511262,0.15050918315693473,0.0070467955,0.048323812853082224,LOW
bc1qf0581af027884649b8ccb828fb678e,20,7,13,0.103443,0.58777061,0.0345606805,5785.201433651754,16,4,12,24,4,0.0,0.4615384615384615,0.1428571428571428,1.4015502367062602,0.1538461538461538,0.631578947368421,1,0.1666666666666666,0,13,0.2086990233543013,0.0432070006301124,0.2432358754730412,0.0,0,0,0,-0.1373345889110068,0.04244531101568075,0.0028623464,0.014021649096223806,LOW
bc1q06f5ba4b32c048f08a88802dac3bf3,34,21,13,2.0195505600000003,0.22777944,0.0660979411764705,3748.350639828283,19,8,11,41,6,0.0,0.5384615384615384,0.0952380952380952,18.7977581321546,0.0769230769230769,0.696969696969697,1,0.3333333333333333,0,13,0.1923981625201561,0.045134907280926,0.2407282365735238,0.0,0,0,0,-0.13263832561602718,0.054012329691170376,0.0151697965,0.023030107114767648,LOW
1f8b6ec33c5a24da5929e6d9ef0f2a8,28,15,13,0.8055674,0.28400777,0.0389133989285714,4703.82152744074,20,11,9,34,5,0.0,0.5384615384615384,0.2666666666666666,6.268978638181673,0.2307692307692307,0.6666666666666666,1,0.25,0,13,0.1848926554714879,0.069782130818164,0.2402356848537908,0.0,0,0,0,-0.11812313188340912,0.0897636294879743,0.013400059,0.03295911520401325,LOW
13456d6b209554f72bde2e7f87e1efa,35,16,19,0.88187433,0.5355724,0.040498478,3648.6927444058815,19,7,13,41,4,0.0,0.3157894736842105,0.0625,7.746956882927199,0.0,0.5588235294117647,1,0.3888888888888889,0,19,0.2155940665845773,0.1272145935814995,0.2409359160345699,0.0,0,0,0,-0.1273942335923955,0.06692866477787189,0.17895214,0.10060705987638144,LOW
bc1q0b28fbabde74440c9f4095678de203,46,34,12,2.71645173,0.36290817,0.0669426065217391,2849.0090858425924,24,14,10,55,9,0.0,0.4166666666666667,0.1176470588235294,11.724467889744712,0.1666666666666666,0.8,1,0.0909090909090909,0,12,0.1602947517727598,0.0132647323520433,0.2402306824167869,0.0,0,0,0,-0.046328621811978665,0.2665953756299814,0.024039844,0.09079654186002017,LOW
3b0e7429bd946447e8e074dab30442d,31,15,16,1.54728001,1.7967444500000005,0.1078717567741935,4381.7541699327785,22,5,17,37,6,0.0,0.625,0.0,2.5651791389186243,0.1875,0.6666666666666666,1,0.1333333333333333,0,16,0.1710574527182045,0.0237536822323342,0.2390762442502083,0.0,0,0,0,-0.12202075301305954,0.08016368724349993,0.00452981,0.026087520530280045,LOW
394a044d309ec40a791846d45a84616,44,13,31,0.33998651,3.229783989999999,0.0811311477272727,2776.356461075969,39,7,32,50,5,0.0,0.2580645161290322,0.0769230769230769,30.33810714151228,0.032258064516129,0.2790697674418604,1,0.3,0,31,0.1819514818258621,0.0229478414746746,0.2426768329957043,0.0,1,0,1,0.0026597896246945973,0.387255107501558,0.99839383,0.6654537544069921,HIGH
3c7fd3b33f1c84d949edb9bedc2004a,23,4,19,0.11823818,4.50126855,0.2008481186956522,5994.949881545454,22,3,19,26,3,0.0,0.5263157894736842,0.25,1.4613705112664672,0.0,0.3636363636363636,1,0.5555555555555556,0,19,0.1474823659973569,0.0371390380559712,0.2108336453566768,0.0,0,0,0,-0.06718642287007093,0.2152220689786032,0.03550055,0.08054186689950689,LOW
13458acf395414bfcb0925b79215450,23,11,12,0.43182613,0.12008575,0.0239961686956521,5015.948990184091,16,4,12,28,5,0.0,0.5,0.0,8.11680715729085,0.0833333333333333,0.5,1,0.6363636363636364,0,12,0.1957984935216296,0.0953223800265087,0.2364724986349586,0.0,0,0,0,-0.14605526020819565,0.02096607073006402,0.030810708,0.02015463924812487,LOW
3e8b8d316fb0248bcb7391515f22b5a,43,28,15,1.30661489,0.77257403,0.0483532306976744,3138.406531321825,23,10,13,51,7,0.0,0.5333333333333333,0.1071428571428571,2.582226125777672,0.1333333333333333,0.8333333333333334,1,0.2857142857142857,0,15,0.1811084074686621,0.057256214835232,0.2432384553413077,0.0,0,0,0,-0.1263960534783773,0.06938720836777104,0.0049746423,0.023054751383628287,LOW
1f9cee654aa584a64b630eeb713c910,22,11,11,0.59671118,1.00950918,0.0730100163636363,6052.527938173809,10,5,5,28,6,0.0,0.1818181818181818,0.0,3.816964089697692,0.0909090909090909,0.8095238095238095,1,0.3,0,11,0.2016060380569333,0.1109820188278253,0.2343190136948619,0.0,0,0,0,-0.10560535257424475,0.12059524559424073,0.0067893593,0.039233785300540176,LOW
3ac41c0063c3748a18c96e8d63b3c7a,18,10,8,0.50645221,0.14481774,0.0361816638888888,5170.479185879412,15,6,9,25,6,0.0,0.625,0.0,5.699013168016551,0.0,0.5882352941176471,1,0.4285714285714285,0,8,0.2124989656011594,0.1435651350987656,0.2450126438300835,0.0,0,0,0,-0.10860510489714514,0.11320677758012299,0.002048195,0.03488372102557967,LOW
35e67ad1b8cff4a16addc803bd87290,10,2,8,0.16684042,0.45755115,0.062439157,12166.083598555557,10,2,8,12,2,0.0,0.75,0.5,1.6695966925303227,0.0,0.4444444444444444,1,0.7142857142857143,0,8,0.1981914565294422,0.0854646436708085,0.2373749822680007,0.0,0,0,0,0.010209932358844376,0.40585130548344767,0.0013146682,0.12234699230806295,LOW
bc1qeaa2e3c3b50a4751876d63824327fc,13,4,9,0.06977706,0.18870557,0.0198832792307692,10426.63649396389,15,5,10,17,4,0.0,0.4444444444444444,0.25,2.4178219968383163,0.1111111111111111,0.4166666666666667,1,0.375,0,9,0.1706281071466865,0.0843159799556502,0.2323908214268157,0.0,0,0,0,-0.06567561960770452,0.21894321671950276,0.003236265,0.06713928413749473,LOW
172916d3b19b24ae9a299499033945d,39,29,10,2.10903865,1.30175481,0.0874562425641025,3343.43777371272,14,8,6,46,6,0.0789473684210526,0.2,0.0689655172413793,1.5327723680190846,0.0,0.7631578947368421,2,0.4444444444444444,0,10,0.1948489225212093,0.0341805521011799,0.2331343074205298,0.0,0,0,0,-0.05365679942054419,0.24854588352714352,0.0042638914,0.07648251610606721,LOW
bc1qa86ba31cc1644834b6d7aedd314c69,27,15,12,0.7429932599999999,0.0754805599999999,0.0303138451851851,4629.724983461539,24,9,15,35,7,0.0,0.6666666666666666,0.0666666666666666,18.037648586729244,0.0833333333333333,0.7307692307692307,1,0.3636363636363636,0,12,0.1817986082337472,0.1178609151806064,0.2361257751603165,0.0,0,0,0,-0.11862413796737731,0.08852963846877632,0.03656768,0.04301434815512722,LOW
3c4abcf5b35264b4992312ee4ab0e14,14,4,10,0.095243,0.64138929,0.0526165921428571,8549.291833325642,9,2,7,17,2,0.0,0.3,0.0,1.3226370523357494,0.0,0.0769230769230769,1,0.4444444444444444,0,10,0.1838480336057777,0.0821780628932751,0.239266653460488,0.0,0,0,0,-0.07966933724472697,0.18447632611309153,0.0048651476,0.057532214155091826,LOW
1e3ce311a1bb5491f8634b516a29a5d,32,22,10,2.1616723600000003,0.11969884,0.07129285,4165.881193553226,22,13,9,41,6,0.0,0.6,0.1818181818181818,28.6088545227752,0.1,0.7096774193548387,1,0.3333333333333333,0,10,0.1943781280765731,0.008239205610554,0.2401873111399898,0.0,0,0,0,-0.0905320627869925,0.15772115049326962,0.002568684,0.04847225290183588,LOW
118f6ddcec3ff40b6a501b0ea947e86,33,21,12,0.7738633400000002,0.3443461800000001,0.0338851369696969,3980.8674711083336,22,10,12,41,7,0.0,0.5833333333333334,0.0952380952380952,7.670551456316412,0.1666666666666666,0.8125,1,0.2727272727272727,1,12,0.1929847710336201,-0.0370670450814382,0.2428537394627182,0.0833333333333333,0,0,0,-0.08460224917862402,0.17232643568319808,0.01142802,0.056840539362438706,LOW
3cdc9432b235c4a58bd7ac599d4a2e9,19,8,11,0.3494783,1.05666654,0.0740076231578947,6886.936126850927,12,2,10,22,3,0.0,0.5454545454545454,0.0,1.6748670059493842,0.0909090909090909,0.6111111111111112,1,0.2,0,11,0.188372967066144,0.02078333742782,0.2452838047159561,0.0,0,0,0,-0.1336536437092799,0.05151157481254772,0.00563542,0.017989411427547442,LOW
136dc2c05cb2e449bb08b8dbb96bac6,21,0,21,0.0,1.1547189799999995,0.054986618095238,6257.658993981667,17,0,17,22,1,0.0,0.5714285714285714,0.0,1.577570693866022,0.0952380952380952,0.0,1,0.45,0,21,0.2102203776996991,0.0439065772317679,0.2477110070621174,0.0,0,0,0,-0.07395025350614715,0.1985625781512939,0.012707821,0.06528729289089688,LOW
bc1q1ad5b500f26542a286c9162f07f70f,41,33,8,2.0282572,0.27729305,0.0562329329268292,3274.8602809958334,21,12,9,53,7,0.05,0.875,0.0303030303030303,5.869525641896142,0.125,0.675,2,0.5714285714285714,0,8,0.1795131516257511,0.0432775388677445,0.246596986795584,0.0,0,0,0,-0.04536161552423329,0.26897713727473926,0.004608262,0.08276685895165715,LOW
3845c7156c7054ffdb30105b991b171,29,17,12,0.3676766099999999,0.4019449899999999,0.0265386758620689,4644.784065531548,23,8,15,35,5,0.0714285714285714,0.8333333333333334,0.1176470588235294,6.0519247084250924,0.0,0.6428571428571429,2,0.4545454545454545,0,12,0.2103947553071094,0.0846422923845684,0.2437813445090042,0.0,0,0,0,-0.0900090594004252,0.15900932144106025,0.0764572,0.08210853827291904,LOW
3e486781be40a49a3b1a4f93b563c40,31,16,15,0.4207768,0.36272717,0.0252743216129032,4035.799166984444,21,9,12,35,4,0.0,0.4666666666666667,0.1875,2.702513805696554,0.0,0.7666666666666667,1,0.5,0,15,0.2052142022476036,0.1226678796706821,0.2395738258029437,0.0,0,0,0,-0.1347139123840167,0.04890010548227663,0.0010720167,0.01515243913051638,LOW
3aa870ae7891b48e7bee188e18ee644,42,24,18,1.3129035999999998,1.9075180000000005,0.0766767047619047,2998.6295333081302,30,10,20,49,6,0.024390243902439,0.6111111111111112,0.1666666666666666,4.631926340948643,0.2222222222222222,0.6341463414634146,2,0.1176470588235294,1,18,0.1632939084960416,-0.0018260872991844,0.2441961461681991,0.0555555555555555,0,0,0,-0.04430377573627631,0.27158262419368073,0.087933384,0.12104480963249577,LOW
395bb8fea29304513b8a19787142198,31,13,18,0.5043708600000001,1.34178671,0.05955347,4250.259938674444,27,10,17,38,6,0.0,0.4444444444444444,0.1538461538461538,1.4325429890546226,0.0555555555555555,0.6,1,0.2941176470588235,0,18,0.2128945627429395,0.0964737512149868,0.2453798565263541,0.0,0,0,0,-0.1307773633585872,0.05859592814681934,0.0033567424,0.01908931253031047,LOW
3a8ceca59f09a48dc9d7b34fc64428a,40,26,14,0.8670854699999999,0.2105031899999999,0.0269397165,2926.4624733029914,18,7,11,48,6,0.0,0.4285714285714285,0.0,6.639523755739913,0.0,0.7692307692307693,1,0.2307692307692307,0,14,0.1993037626524127,0.1104612949872145,0.2408816302292811,0.0,0,0,0,-0.11944978560044905,0.08649604686812563,0.027495818,0.03832193179045917,LOW
3d0450909d7b94440bc1878c4f3f229,25,10,15,1.23676352,0.63469625,0.0748583908,5318.388702870139,19,6,13,31,6,0.0,0.5333333333333333,0.1,8.049478884751254,0.0,0.75,1,0.2857142857142857,0,15,0.1899950150989774,0.078013964518234,0.2433831007592136,0.0,0,0,0,-0.1428524606592102,0.028854649344591015,0.08614612,0.047422149354072726,LOW
34d3fdbed85ec4bc4a5bd98ac3b734b,37,23,14,1.64961627,0.46397087,0.0571239767567567,3591.806476063889,31,10,21,44,5,0.0,0.7142857142857143,0.1739130434782608,10.216050468057205,0.2142857142857142,0.7222222222222222,1,0.3076923076923077,0,14,0.1536213723667405,0.048858056355423,0.2463379709075532,0.0,0,0,0,-0.09059642690133668,0.15756262000511612,0.14368725,0.11192804621490993,LOW
32ffc6f24e6e049f791321acf5038a1,23,13,10,0.49564431,0.47316394,0.0421220978260869,5684.830862434091,18,5,13,28,3,0.0,0.7,0.0769230769230769,1.8287225485298224,0.1,0.5,1,0.3333333333333333,0,10,0.1448746009978388,0.0289456318256949,0.239321057893178,0.0,0,0,0,-0.12204066132638247,0.08011465254984251,0.0024826957,0.025151608812062298,LOW
1ef92ef42616244f38ccfee8cc712ec,18,8,10,0.13261325,0.55325321,0.0381036922222222,6790.50631912451,13,5,8,24,5,0.0,0.5,0.0,1.318061229529595,0.0,0.5294117647058824,1,0.4444444444444444,0,10,0.200452160556398,0.091572277161584,0.2440472851847202,0.0,0,0,0,-0.13009419364118158,0.060278592934419166,0.0026137226,0.0192597529596342,LOW
18e9ff8f2fdce4bdf826c7717126cb6,41,22,19,1.78976024,1.33088815,0.0761133753658536,3152.2193803925,25,9,16,49,4,0.0,0.4736842105263157,0.0454545454545454,8.333265304877393,0.0526315789473684,0.375,1,0.3888888888888889,0,19,0.2012625445940291,0.0501209487850116,0.2389603926249389,0.0,0,0,0,-0.12281260519953197,0.07821333470705986,0.77580565,0.37257654089559267,LOW
3b1f8bacbbdb646bc84ed21ab0f6b40,37,18,19,0.4761891,0.7255749699999999,0.03248011,3617.7827061824073,21,7,14,43,6,0.0,0.4736842105263157,0.1111111111111111,2.479610900373973,0.0526315789473684,0.6666666666666666,1,0.6111111111111112,0,19,0.1959160777240431,0.0451628345836605,0.2477191948254897,0.0,0,0,0,-0.13883410424863518,0.038751965727082366,0.017463123,0.019483994607827508,LOW
36b12e95fbaf64cff9f3a2ee3a34ef2,21,6,15,0.2188734499999999,1.49223888,0.0814815395238095,6493.112656549167,14,6,8,26,5,0.0,0.1333333333333333,0.1666666666666666,1.3675442199088057,0.0,0.5,1,0.4285714285714285,0,15,0.202957460238478,0.0885935537152737,0.2343290800990642,0.0,0,0,0,-0.09650575917230902,0.14300778088204538,0.0015297331,0.043590714127890694,LOW
32a26dcd9ce47479cadc78ef8c9c9bf,39,29,10,3.31119111,4.09691174,0.1899513551282051,3351.5098216469296,22,14,8,50,8,0.0,0.2,0.1034482758620689,1.28777172058047,0.0,0.7894736842105263,1,0.4444444444444444,1,10,0.1111167348230124,-0.0140295496813206,0.1702442351760633,0.1,0,0,0,0.04052103266486584,0.48050833412347205,0.028680658,0.15705879641574014,LOW
bc1q38be6e75a9484c72b067cd3b9c9f1e,35,22,13,1.93024408,0.41221838,0.0669274988571428,3667.6398912137256,22,10,12,43,6,0.0,0.4615384615384615,0.0909090909090909,14.021956594557134,0.0769230769230769,0.7058823529411765,1,0.4166666666666667,0,13,0.1939804056147904,0.0399982887151254,0.2459192012754811,0.0,0,0,0,-0.1304180212244604,0.05948099717196928,0.013630115,0.023977850860944706,LOW
bc1qe2809deb64e34e65a02e2765d542f3,27,15,12,0.7593980200000001,0.6431049300000001,0.0519445537037037,4690.951603174359,22,12,10,36,5,0.0,0.4166666666666667,0.2,1.8124499728360344,0.0833333333333333,0.6538461538461539,1,0.4545454545454545,0,12,0.1859367035567297,0.0301908709421998,0.2385614511697764,0.0,0,0,0,-0.13791885833160594,0.04100624023214687,0.0024629754,0.013410211009601382,LOW
338c5d03ed36246ca8faaa360519922,41,7,34,0.188244,7.327255090000001,0.1833048558536585,2979.5430433204165,34,4,30,61,9,0.025,0.2941176470588235,0.0,1.7324194247027511,0.2058823529411764,0.65,2,0.303030303030303,0,34,0.1191029217477493,0.0239600600821666,0.2137450304072875,0.0,0,0,1,0.07224120311513449,0.5586359391877369,0.9847824,0.6107428518017922,HIGH
38e00ed4668b34e1fa0a0e9a122a08b,21,11,10,0.47502735,0.6589020600000001,0.0539966385714285,5974.7669712475,14,8,6,28,7,0.0,0.2,0.0909090909090909,2.241453842590452,0.1,0.75,1,0.6666666666666666,0,10,0.1737089417298334,0.0327294056473718,0.2411174890783206,0.0,0,0,0,-0.11703811663877733,0.09243605026371388,0.008795847,0.03168894626577827,LOW
bc1qe78a72e76a7e4d7fa650aa8cafc6de,38,19,19,1.14515392,3.04833055,0.1103548544736842,3392.4322307864863,38,14,24,47,5,0.0,0.8421052631578947,0.2631578947368421,1.4383410269891732,0.0,0.7027027027027027,1,0.5555555555555556,0,19,0.162554615867955,0.0247541298061866,0.2321866625576131,0.0,0,0,0,-0.0311611070325562,0.3039533591361224,0.006699632,0.09420084210571288,LOW
32cd9a20dcbfa4638990db32e0eb7bf,8,0,8,0.0,0.54555722,0.0681946525,9471.105763576192,5,0,5,9,1,0.0,0.5,0.0,1.6377350277719356,0.0,0.0,1,0.4285714285714285,0,8,0.2337771999114777,0.2268738561517479,0.2450973841983472,0.0,0,0,0,0.011995933761017152,0.4102502734023605,0.002344679,0.12413018761003833,LOW
36d427fc4b6d7489b8eac1e5de62e70,35,20,15,1.2852521899999996,0.4364339499999999,0.0491910325714285,3679.985848187745,25,9,16,43,6,0.0,0.6666666666666666,0.05,5.893094808505666,0.2,0.7058823529411765,1,0.4285714285714285,0,15,0.2031199631608707,0.0574469096188737,0.2439576695977224,0.0,0,0,0,-0.12224779396276164,0.07960447947759111,0.056945935,0.04950701417201364,LOW
3e12549dbbde74a27a92f826e957ec0,26,14,12,0.39293919,0.4272661199999999,0.031546358076923,5267.093825712001,21,9,12,32,5,0.0,0.75,0.2142857142857142,1.6131310910784356,0.0833333333333333,0.84,1,0.4545454545454545,0,12,0.1989082556422391,0.108788781445796,0.2458876012145103,0.0,0,0,0,-0.12419616426817676,0.07480559272573496,0.002548487,0.023588496910985128,LOW
14b0ddfb7ba59462f81f77729907578,28,21,7,1.7801934500000005,0.03830089,0.0649462264285714,4904.4412668679015,20,13,7,36,5,0.1111111111111111,0.4285714285714285,0.1904761904761904,40.27933564049359,0.0,0.7407407407407407,4,0.3333333333333333,0,7,0.1924905123450155,0.106021292163531,0.2399549717585116,0.0,0,0,0,-0.04430975440085627,0.27156789858727687,0.0036138133,0.08309658556774716,LOW
15c7c2476fa0f47fd9b732fef7002d3,16,2,14,0.20954865,0.28519163,0.0309212675,7352.146745546666,13,1,12,18,2,0.0,0.5714285714285714,0.0,4.665615496357917,0.0714285714285714,0.2,1,0.4615384615384615,0,14,0.2092983478122962,0.0184523914167967,0.2440541172435189,0.0,0,0,0,-0.10882624527918167,0.11266210306588613,0.053738836,0.05798110702307165,LOW
1ed5f8c09c93b4c11843facfb3632fc,35,16,19,1.40393202,0.4841862699999999,0.0539462368571428,3732.969154898039,22,6,17,40,4,0.0294117647058823,0.631578947368421,0.0625,12.642920079211796,0.1052631578947368,0.6470588235294118,2,0.3888888888888889,0,19,0.195128055763465,0.0496537116754151,0.2442538848067931,0.0,0,0,0,-0.12304022918515956,0.07765269090849808,0.22070916,0.12261493000423507,LOW
1c8eae2d09b83432a87bc1ac43e7bdf,24,3,21,0.08610727,11.48677297,0.4822033433333333,5626.429770410869,25,3,22,28,3,0.0,0.5714285714285714,0.0,1.2538987058972837,0.1904761904761904,0.217391304347826,1,0.4,4,21,0.0447717038686284,-0.0821293743291856,0.1662015269927149,0.1904761904761904,0,0,0,0.10704604470123391,0.6443611695116505,0.14149001,0.25697885196643305,LOW
3813f36d9eb464fd4a4ac7eb506b66e,23,9,14,1.01116978,1.6684421199999997,0.1165048652173913,5464.522167375757,17,4,13,28,4,0.0,0.5,0.0,3.3787947342282787,0.0,0.5,1,0.5384615384615384,0,14,0.2005370203408271,0.1586540065038877,0.2388991022664197,0.0,0,0,0,-0.1314745876600525,0.056878646553030585,0.0024722633,0.018176112448750725,LOW
13ce792f9255b4da1ad0e7c6192a358,26,15,11,0.8933846600000002,0.20679465,0.0423145888461538,4184.616838312667,16,7,9,33,6,0.0,0.5454545454545454,0.0666666666666666,7.896756180071851,0.0,0.76,1,0.3,0,11,0.2092153274545694,0.0694237404780043,0.2438169781372251,0.0,0,0,0,-0.14221800841246296,0.030417321734505117,0.0058097765,0.01173959593858636,LOW
360828aca655a4e198dedaae3db4bb0,22,7,15,0.6233666,0.6625689100000001,0.058451614090909,6076.628415093651,18,5,13,28,5,0.0,0.4,0.0,3.876061295629911,0.1333333333333333,0.4761904761904761,1,0.5,0,15,0.1848219240014482,0.0415752691848606,0.2378081458982673,0.0,0,0,0,-0.1442025793882898,0.0255292717896131,0.11617533,0.059937680193252185,LOW
bc1qcc604b884ea7413fb00bfaecd99d5e,26,14,12,1.05170968,0.07040738,0.0431583484615384,4646.292907648667,16,5,11,30,4,0.12,0.3333333333333333,0.0714285714285714,20.10237047013287,0.3333333333333333,0.6,2,0.1818181818181818,0,12,0.1436113346030836,0.0082152923863421,0.2279675695921257,0.0,0,0,0,-0.044542777743936,0.2709939560308385,0.015505482,0.08827565367562555,LOW
1e4406f861cd045878f0f8a16fda33a,17,8,9,1.37094711,0.17351029,0.0908504352941176,6193.200329829167,16,5,11,21,3,0.0,0.5555555555555556,0.125,23.57593155896925,0.0,0.4375,1,0.375,0,9,0.1839555275019493,0.0896078111222754,0.2420551436940645,0.0,0,0,0,-0.10654705104146744,0.1182758177698491,0.0028243016,0.03675368096883112,LOW
bc1qe16fdae0a3f94c36ae41b8b10a2abd,24,14,10,0.27887962,1.12498744,0.0584944608333333,5755.035632493478,24,12,12,31,5,0.0,0.6,0.2857142857142857,1.2193054015519995,0.1,0.782608695652174,1,0.3333333333333333,0,10,0.1731050587546142,0.0475945668981084,0.2317617826920857,0.0,0,0,0,-0.11332382585827244,0.10158444508864359,0.0035127215,0.0320560581356775,LOW
32eb0107ce54b4ef3ac56301dd63ed4,37,23,14,0.4342244399999999,0.5976021100000001,0.027887204054054,3528.311843048148,25,13,12,45,4,0.0,0.4285714285714285,0.1739130434782608,1.6219284313521327,0.0714285714285714,0.6111111111111112,1,0.3846153846153846,0,14,0.2111875145809492,0.1054713528295666,0.2437274219824438,0.0,0,0,0,-0.12015764831655223,0.0847525625823103,0.0016018593,0.02614660546252616,LOW
3ba2367352b7648e3a977b0500ec846,24,5,19,0.38158937,0.95372871,0.0556382533333333,5662.631138714493,22,4,18,28,4,0.0,0.5263157894736842,0.2,3.385405103307814,0.0526315789473684,0.3478260869565217,1,0.3888888888888889,0,19,0.191569876427168,0.0237644873543216,0.2427694730664451,0.0,0,0,0,-0.13060389086330204,0.05902319541583984,0.03295773,0.03253793628069916,LOW
bc1q906c8889518a432ab397c0ab9d490e,22,10,12,2.43289786,0.38761171,0.1282049804545454,6004.004874793651,18,7,11,29,5,0.0,0.4166666666666667,0.1,62.87049843149872,0.0833333333333333,0.4761904761904761,1,0.4545454545454545,1,12,0.179758832050264,-0.0212948451524073,0.2418224966948087,0.0833333333333333,0,0,0,-0.0533261591305384,0.24936025916350418,0.012314785,0.08034973112139861,LOW
bc1q05a4a48a35a34ca88b2e64ef90cd23,39,23,16,1.07671677,0.85719379,0.0495874502564102,3430.0122456833333,24,9,15,46,5,0.0,0.625,0.0869565217391304,2.8132923401915244,0.0,0.7631578947368421,1,0.5333333333333333,0,16,0.2150539863248157,0.110284906901599,0.241980750626462,0.0,0,0,0,-0.12851465949694618,0.06416902662549347,0.0016825766,0.02000786742004433,LOW
13491ae6a5b024c5eace3e5ee2330b3,76,29,47,0.88258287,0.2769011299999999,0.0152563684210526,1613.701511962,44,10,34,85,7,0.4266666666666667,0.3617021276595745,0.0689655172413793,15.76179908916659,0.0212765957446808,0.4133333333333333,7,0.5217391304347826,12,47,0.0806499468518986,-0.0791456109985385,0.2337019841138472,0.2553191489361702,0,0,1,0.183691899023388,0.8331419027577958,0.71254355,0.5705871581057048,MEDIUM
1b29aa15b987741c58cfb9dd4f6326a,34,17,17,0.4088045099999999,0.38509207,0.0233498994117647,4007.7742246166654,21,3,18,38,4,0.0,0.5882352941176471,0.0,2.905479307244129,0.0,0.5454545454545454,1,0.5625,0,17,0.205169144438851,0.0790917464687166,0.2450899420272428,0.0,0,0,0,-0.12912370574960091,0.0626689298600022,0.0027265328,0.020027618684621575,LOW
1e9590503499d4782a96dd4aca34a35,33,15,18,1.3187885700000002,0.8121976,0.0645753384848484,4005.576220988021,24,11,13,39,4,0.0,0.4444444444444444,0.2666666666666666,8.425504050743866,0.0555555555555555,0.53125,1,0.4117647058823529,0,18,0.2054310732395248,0.0084756032592469,0.2421082069396237,0.0,0,0,0,-0.11807270948017068,0.08988782117896095,0.558002,0.27806724414268974,LOW
196b738fd41b64f5c957890145c1f9c,22,14,8,0.4504559999999999,0.29832087,0.0340353122727272,5811.966859430952,21,13,8,29,6,0.0,0.625,0.2857142857142857,2.038517559475644,0.0,0.6666666666666666,1,0.2857142857142857,0,8,0.1900920547324259,0.0789195175586049,0.2463868337613219,0.0,0,0,0,-0.10081168934787343,0.1324021628347455,0.0007860782,0.04007438405264858,LOW
1dd40042d464e4cb1b864ce5826d9fa,28,13,15,0.7149409900000001,1.86135879,0.0920107064285714,4700.769993841358,26,9,18,36,7,0.0,0.7333333333333333,0.0769230769230769,1.4087153197663171,0.2,0.6666666666666666,1,0.2142857142857142,0,15,0.1669697175727648,0.0389189959415857,0.2284908408422259,0.0,0,0,0,-0.10455208222548351,0.12318947786556264,0.011277154,0.042031562792410194,LOW
39aa50e636ab04dd0b5e57ccedace2d,22,12,10,0.7551147200000001,1.81761718,0.1169423590909091,5004.475265343651,14,5,9,26,4,0.0,0.4,0.0833333333333333,1.2986162119478164,0.1,0.6666666666666666,1,0.3333333333333333,1,10,0.1472338159465009,-0.0124548484523744,0.2196320435997282,0.1,0,0,0,-0.0885110849063725,0.1626988715918445,0.0065684053,0.051765443704771506,LOW
bc1qd948e8c4724b4c36bbd7e65944d662,23,3,20,0.21100138,0.7847826099999999,0.0432949560869565,5827.421983458334,20,2,18,26,3,0.0,0.55,0.0,2.945257254536137,0.1,0.2727272727272727,1,0.4210526315789473,0,20,0.1794459912413216,0.0350891741182495,0.2415096125419441,0.0,0,0,0,-0.11537086114949069,0.0965425439098447,0.16671582,0.10398487947639731,LOW
bc1q0166d63b5c3b4b01b4f85af22b8c23,24,11,13,0.47163888,0.25668034,0.0303466341666666,4880.651699863043,19,6,13,30,5,0.0,0.6153846153846154,0.0909090909090909,11.447650008543128,0.0,0.7391304347826086,1,0.6666666666666666,0,13,0.2199145426600764,0.1009548950603206,0.2444331374414535,0.0,0,0,0,-0.13586543080561797,0.04606388565148667,0.011848977,0.019151204898940788,LOW
16e70efadb2054c88a6d5d8352dbf4a,30,17,13,0.5394724700000001,0.7971215299999999,0.0445531333333333,4052.45031648046,15,7,8,35,5,0.0,0.3846153846153846,0.1176470588235294,1.475453040746555,0.0,0.6896551724137931,1,0.5,0,13,0.2228195730446034,0.1605620901263462,0.244189860144069,0.0,0,0,0,-0.12541910179122773,0.0717934657900051,0.0017352179,0.022318887766536795,LOW
bc1q0ea728146bce4995a59f3da06d176e,19,7,12,0.31159891,0.13594427,0.0235549042105263,7272.7374112611105,15,4,11,23,3,0.0,0.4166666666666667,0.1428571428571428,7.724101829267795,0.0,0.6666666666666666,1,0.4545454545454545,0,12,0.1837218397303031,0.0405603591378043,0.2370441161952504,0.0,0,0,0,-0.1320653495066576,0.05542358475533431,0.031398624,0.030756456122122123,LOW
153ba236b6aee437a9359101c4ad69c,27,15,12,0.87752027,4.80664765,0.2105247377777777,4967.418999194231,17,6,11,34,6,0.0,0.4166666666666667,0.0,1.795594624874286,0.0,0.5769230769230769,1,0.6363636363636364,0,12,0.1128796460371014,0.010507259346856,0.170803793607927,0.0,0,0,0,-0.08065328175893505,0.18205284517588402,0.011970852,0.06000273648003395,LOW
12bd28d29d58c42d2b3ef036c609240,38,28,10,4.487847589999999,0.1611763199999999,0.1223427344736842,3497.152959829279,20,11,9,45,5,0.0,0.6,0.1785714285714285,41.927492280700775,0.1,0.7027027027027027,1,0.4444444444444444,0,10,0.195888628890385,0.0827649697303128,0.2389154727344546,0.0,0,0,0,-0.052420485341326484,0.25159095726872216,0.0026018547,0.07664812182345161,LOW
3a9e28000311545f4b07cc86cdfdaf6,25,11,14,0.87761895,0.74260864,0.0648091036,5444.137496636806,27,13,14,31,6,0.0,0.5,0.5454545454545454,4.613480642591632,0.1428571428571428,0.6666666666666666,1,0.2307692307692307,0,14,0.1732304527190227,0.0545767058400512,0.2436397603201834,0.0,0,0,0,-0.0819666774961807,0.17881791730519386,0.2297807,0.15704668593345955,LOW
bc1q1c636cfaf8564a7fbbc201f7ed198e,26,9,17,0.08512752,0.15679426,0.0093046838461538,4953.856241162666,21,3,18,30,4,0.0,0.5882352941176471,0.0,1.4918391697126947,0.0588235294117647,0.56,1,0.375,0,17,0.1956497079856791,0.1097297143607979,0.235471940203635,0.0,0,0,0,-0.12879287901093156,0.06348376472427196,0.011633241,0.02428008755559846,LOW
3e0dd4e576b744f3aafa6160bbc4e32,56,41,15,3.41869746,0.20618113,0.0647299748214285,2337.664879955152,33,15,18,67,8,0.0,0.6666666666666666,0.0975609756097561,48.220296700317895,0.0,0.7454545454545455,1,0.6428571428571429,0,15,0.1975916451491854,0.1017237789344712,0.238549285038804,0.0,0,0,0,0.01304476440943636,0.4128335705762349,0.009981045,0.12834154099569445,LOW
1b1be55ef67b146e9af9f2c42a06f50,27,14,13,0.63397652,0.36787431,0.0371055862962962,4995.154419241667,20,7,13,34,4,0.0,0.3846153846153846,0.0714285714285714,8.624070367346164,0.0769230769230769,0.5384615384615384,1,0.5,0,13,0.2040807068848536,0.0491774756223224,0.2403338139312062,0.0,0,0,0,-0.15292743298910166,0.004039730381364269,0.011776743,0.006511453297404839,LOW
3c8040b3a368343deab76e02d49a677,48,17,31,0.8107452300000001,4.6695562,0.1141729464583333,2678.942633122695,39,7,32,69,8,0.0851063829787234,0.3225806451612903,0.0588235294117647,2.1076564197757937,0.032258064516129,0.8085106382978723,2,0.5,0,31,0.1429438051995023,0.0307186230880145,0.2375017038109337,0.0,0,0,1,0.039836795375167156,0.47882303987754,0.9662774,0.5784717362964529,MEDIUM
3b51baa9e22384b1f82b5fb7c779854,19,7,12,0.1944891699999999,1.15576819,0.0710661768421052,6513.14532132963,19,3,16,22,3,0.0,0.75,0.1428571428571428,1.3072615455836132,0.0,0.4444444444444444,1,0.4545454545454545,0,12,0.2220001564822493,0.1906320064233057,0.2343923709137407,0.0,0,0,0,-0.08670516192809752,0.16714690687098513,0.0020154323,0.05105101656902852,LOW
1f43a8e30cf054276a663a772563854,19,7,12,0.24933636,0.94032674,0.062613847368421,6655.625275412964,13,5,8,24,5,0.0,0.25,0.1428571428571428,1.2788582815377398,0.0833333333333333,0.5555555555555556,1,0.4545454545454545,0,12,0.2152228436549615,0.1587788777331095,0.2440405561010653,0.0,0,0,0,-0.11102673181068173,0.10724224749002131,0.001759189,0.03296430926205448,LOW
3da54ef6df4db4a319d7338400934b8,43,28,15,1.6746443699999998,0.30808887,0.0461100753488372,3101.525589125397,17,10,7,54,8,0.0,0.2666666666666666,0.0,16.74156728331966,0.0666666666666666,0.7142857142857143,1,0.3571428571428571,0,15,0.19354591809243,0.0177360211181211,0.2392691276726306,0.0,0,0,0,-0.07346938398447245,0.19974697229368177,0.014483427,0.06644163374856915,LOW
bc1q41f9a7f3fae9409f9d29672ec18a23,29,13,16,0.5177037099999999,0.77489955,0.0445725262068965,4424.29934145119,20,7,13,35,5,0.0,0.5625,0.1538461538461538,1.503243877536072,0.125,0.7857142857142857,1,0.6666666666666666,1,16,0.1960815227749847,-0.0151553707407895,0.2468837817184582,0.0625,0,0,0,-0.11024596508923806,0.10916529623769143,0.006804202,0.035811479706249885,LOW
14213725fe42740a7ae5f8f197d2d05,52,39,13,2.2948707999999995,1.19149564,0.0670455084615384,2552.217348742484,21,11,10,61,7,0.0784313725490196,0.5384615384615384,0.0512820512820512,7.308889992163526,0.0,0.6666666666666666,3,0.3333333333333333,0,13,0.2118337490391048,0.1603806636293008,0.2387214683140271,0.0,0,0,0,-0.03872186138525402,0.28533102446167263,0.11716899,0.13832535258939443,LOW
3844510e3670649209b5d9658292122,22,10,12,1.41507215,2.14033577,0.1616094509090909,6119.530713180952,16,3,13,25,1,0.0,0.3333333333333333,0.1,1.715543832727804,0.0,0.0,1,0.5454545454545454,0,12,0.1736096428658843,0.08717121885665,0.2213960282788616,0.0,0,0,0,-0.09554426065225352,0.1453759767516907,0.0027097694,0.04483218927210438,LOW
bc1q308d74e8c6ec4a38a1044d69139e04,22,8,14,0.8066279900000001,0.8154897700000001,0.0737326254545454,6220.664174353175,19,5,14,28,5,0.0,0.4285714285714285,0.0,3.420476198808045,0.0,0.6190476190476191,1,0.3846153846153846,0,14,0.192946997144439,0.0863816778802557,0.2431628136582115,0.0,0,0,0,-0.14725184021060178,0.018018863053410702,0.012725248,0.011132020563271477,LOW
1c94ff653619a43c2aa0d3494704045,22,11,11,0.44071939,0.40218489,0.0383138309090909,5606.599072740476,14,4,10,27,5,0.0,0.4545454545454545,0.0,1.9012246647042448,0.0909090909090909,0.7619047619047619,1,0.2,2,11,0.16747837437555,-0.0112272061658816,0.2417237613818378,0.1818181818181818,0,0,0,-0.06961292514870793,0.20924553073741967,0.0046268404,0.06485573724038295,LOW
bc1q7063d4529d504f6b9ef3ed7f3fffbb,18,6,12,0.17248133,1.4827570899999998,0.09195769,6706.081271832352,14,6,8,23,4,0.0,0.4166666666666667,0.1666666666666666,1.3895458714309186,0.0833333333333333,0.4117647058823529,1,0.2727272727272727,0,12,0.188092753991086,0.1108162760579732,0.2366077375613889,0.0,0,0,0,-0.1238145792548716,0.07574544654098124,0.0017069961,0.023491782186163875,LOW
bc1qded908e831b349a0a30e59e8283b2e,19,5,14,1.27858261,0.4900318899999999,0.0930849736842105,6505.535789563889,16,3,13,23,3,0.0,0.4285714285714285,0.0,13.257145958675542,0.0714285714285714,0.5,1,0.3076923076923077,0,14,0.1864461218492618,0.0561356665695224,0.2424707596726652,0.0,0,0,0,-0.1256272452211119,0.07128080310705363,0.334138,0.17174634510959105,LOW
bc1q60ddb59d7e854b1aaecf6b40e39e70,17,3,14,0.18475067,0.2343204199999999,0.0246512405882352,7074.612886216667,17,2,15,20,3,0.0,0.7142857142857143,0.0,5.952987894365874,0.0714285714285714,0.375,1,0.4615384615384615,0,14,0.1885304627193763,0.0534429089482703,0.2415721747989845,0.0,1,1,1,-0.11207081147053854,0.10467065212457982,0.9176393,0.6943388665834951,HIGH
191e4297c52e741b3a5234215bc0c71,38,21,17,1.9247517100000004,1.84776088,0.0992766471052631,3550.138987730631,24,6,18,43,4,0.0,0.5294117647058824,0.0476190476190476,3.4752602898207985,0.0588235294117647,0.5135135135135135,1,0.4375,0,17,0.1769279239571487,0.0126262674758933,0.2285460182783529,0.0,0,0,0,-0.12279234501540381,0.07826323606766494,0.026149442,0.035246219443372584,LOW
32fb8f09cb8734b3a9023c13354c794,20,5,15,0.2368172699999999,1.94518514,0.1091001205,6616.015789473684,19,5,14,24,2,0.0,0.5333333333333333,0.2,1.3076504399205673,0.1333333333333333,0.0526315789473684,1,0.5,0,15,0.1718145237105689,0.0356927569992103,0.2231601024882433,0.0,0,1,1,-0.11719604123234129,0.09204707788113344,0.024360193,0.5,MEDIUM
35eebfab4126744efa1bd837558746e,32,18,14,1.01716091,0.8512175399999998,0.0583868265625,4163.932310004839,19,9,10,38,6,0.0,0.5,0.1111111111111111,2.075118160075779,0.0,0.7096774193548387,1,0.5384615384615384,0,14,0.202535728452176,0.135720171861663,0.2460118131642883,0.0,0,0,0,-0.14076671942232893,0.033991884274548044,0.0016123826,0.0109231374544511,LOW
bc1q9c7a8b7850a346268875a8beca61ce,23,9,14,0.3422167399999999,0.69713007,0.0451889917391304,5568.437887101515,21,6,15,28,4,0.0,0.5,0.1111111111111111,2.316352128295696,0.0,0.5454545454545454,1,0.3846153846153846,0,14,0.1848954810881879,0.0715673989440471,0.2456420466389755,0.0,0,0,0,-0.1500681460265592,0.011082228558514701,0.016966643,0.010959657553510126,LOW
334ff011b354b49c49a26f3e4c1055a,22,11,11,0.66030394,0.92651184,0.07212799,5359.658753890476,20,8,12,29,5,0.0,0.4545454545454545,0.0909090909090909,1.3649136807650657,0.0909090909090909,0.6190476190476191,1,0.5,0,11,0.2014151774186727,0.0914080076247718,0.2439584888843681,0.0,0,0,0,-0.1504394733008611,0.010167639821303096,0.0025141945,0.004181679373840156,LOW
33d35563e6cdb4801abd0b51d248baa,13,4,9,0.0654457599999999,0.63939072,0.0542181907692307,10440.407699447223,9,2,7,16,3,0.0,0.5555555555555556,0.0,1.2155278458696182,0.0,0.6666666666666666,1,0.75,0,9,0.2001264656545678,0.0925573959741319,0.2371272476090561,0.0,0,0,0,-0.06341413482036068,0.22451331258646698,0.00348937,0.06892421027241513,LOW
314b14ed4b324494baa0e27fc7afa74,45,28,17,0.4770666799999999,0.08490558,0.0124882724444444,2859.177957457576,31,13,18,52,6,0.0,0.5882352941176471,0.1785714285714285,8.862440062288965,0.0588235294117647,0.7954545454545454,1,0.25,0,17,0.1440373078046536,0.0672858431307149,0.2376861337695846,0.0,0,0,0,-0.08474766756126384,0.1719682664234906,0.039980557,0.06958173030792086,LOW
bc1qe6b2a835b17142818162fcf9ac61af,26,9,17,0.14464213,2.4386751,0.099358355,4512.654197497333,21,11,10,34,5,0.0,0.3529411764705882,0.3333333333333333,1.5331613964919206,0.0588235294117647,0.36,1,0.375,0,17,0.1913465370566451,0.0261024410488369,0.2402920570262451,0.0,0,0,0,-0.10511193940545493,0.12181053506581391,0.010713581,0.04136427196785332,LOW
bc1q62847b0cbd314037b0808a52c54c86,35,24,11,2.3267374700000008,1.15250641,0.099406968,3773.684980056863,14,5,9,40,4,0.0,0.1818181818181818,0.0416666666666666,1.6243249063417955,0.0909090909090909,0.5882352941176471,1,0.5,1,11,0.1569029443075976,-0.0529724151219591,0.2379555525176898,0.0909090909090909,0,0,0,-0.0595562095229622,0.23401548296336142,0.010334744,0.07485527960247935,LOW
bc1qaad07ef74d4347c7971ba70b583c52,38,27,11,1.3887839600000005,0.89060994,0.05998405,3391.377717209009,20,12,8,46,6,0.0,0.4545454545454545,0.1111111111111111,4.682918432656636,0.0,0.8648648648648649,1,0.5,0,11,0.1873226729965491,0.0695472868624088,0.2427715334414086,0.0,0,0,0,-0.12315490386153277,0.07737024419716639,0.022402648,0.0332922648063649,LOW
bc1q8084f4288bd7456897d0bdd1a4300f,19,10,9,0.5829923499999999,0.12409998,0.0372153857894736,6330.827722664815,15,6,9,25,3,0.1111111111111111,0.4444444444444444,0.1,26.09986017961796,0.1111111111111111,0.2222222222222222,3,0.375,0,9,0.1980984233922693,0.0430295237464158,0.2355518402195559,0.0,0,0,0,-0.07814917034845459,0.1882205367279097,0.0045663025,0.058520997153730527,LOW
bc1q6b99f56078494b648c7140fa913d24,44,28,16,0.8590866500000003,0.17016815,0.0233921545454545,2860.864796667829,23,10,13,52,7,0.0,0.4375,0.0714285714285714,15.119098500042972,0.0625,0.813953488372093,1,0.3333333333333333,0,16,0.2085636693020204,0.0916756013673212,0.2389247528714083,0.0,0,0,0,-0.10970618503062202,0.11049478856520706,0.01314076,0.03906177845313207,LOW
38bf27bdc1c674e468749da03068920,21,16,5,0.4668257,0.08106016,0.0260898028571428,6470.2013176625,12,6,6,28,4,0.0,0.4,0.0,4.436339433143246,0.0,0.55,1,0.5,1,5,0.1386490947057492,-0.0202207776223668,0.2371710221612926,0.2,0,0,0,-0.021372229587460823,0.32806361895493197,0.008758026,0.10236019741875388,LOW
121266520d529477cb06020d70dea53,11,6,5,0.35820799,0.06291165,0.0382836036363636,11950.670866946666,8,3,5,15,3,0.0,0.6,0.0,7.93258103551096,0.2,0.7,1,0.25,1,5,0.1480230208752619,-0.0360258568176168,0.2333176598150062,0.2,0,0,0,0.06595586329755798,0.5431549836950101,0.136376,0.22431569068898552,LOW
32bc39dfac601434e988422e1a4e4c1,10,1,9,0.16823249,0.09349988,0.026173237,11804.655847153705,7,1,6,12,2,0.0,0.1111111111111111,0.0,13.010768546625162,0.1111111111111111,0.2222222222222222,1,0.375,0,9,0.1568652454909597,0.0168716258538397,0.2359456412884866,0.0,0,0,0,0.004077764245300264,0.390747615882732,0.25562128,0.23225385820537137,LOW
3faa02f1383ed40aaa9ec22c4e9e7c3,42,26,16,1.91411923,0.8034809899999998,0.0647047671428571,3103.856768269512,29,11,18,51,5,0.0,0.6875,0.1153846153846153,4.986218001768155,0.125,0.7804878048780488,1,0.3333333333333333,1,16,0.1728666320265848,-0.0082276683829226,0.2442762143045715,0.0625,0,0,0,-0.0714621436597998,0.2046908574345563,0.028542783,0.07425150963046712,LOW
1a10d4adcd28047e38b4f0a567f2048,26,16,10,0.68810406,0.84870173,0.059107915,4827.700763306,18,10,8,33,5,0.0,0.4,0.1875,1.370956099283304,0.0,0.68,1,0.5555555555555556,0,10,0.2071666432950777,0.0873908605299682,0.2422990058236046,0.0,0,0,0,-0.13605420168434534,0.04559893806603882,0.0009330289,0.01409954439564372,LOW
bc1q5c75454c1f11473ba3de04df399af7,37,26,11,0.58167432,0.9079931099999998,0.0402612818918918,3330.783771139815,21,11,10,45,5,0.0,0.5454545454545454,0.1153846153846153,1.4870610404313618,0.0909090909090909,0.5833333333333334,1,0.2,0,11,0.1807566248295024,0.0595108589444957,0.2334402770007092,0.0,0,0,0,-0.12653227040313708,0.06905170253821107,0.0037185787,0.022388871116661702,LOW
131b4f2788fd8403598f7fc1729367c,22,7,15,0.18656107,4.648699560000001,0.219784574090909,5929.491537705556,13,3,11,26,3,0.0,0.2666666666666666,0.0,1.4810083661921136,0.0,0.6190476190476191,1,0.5,1,15,0.1388672912057092,-0.0229938349185633,0.2109337729376439,0.0666666666666666,0,0,0,-0.04690455448744746,0.26517683846659584,0.057940736,0.10562638255330063,LOW
bc1q565c2eb3e2fe4088bf4da83eb0069d,22,7,15,0.13932633,0.7900475199999998,0.0422442659090909,5532.436129187302,16,3,13,26,3,0.0,0.5333333333333333,0.0,1.6381381425678816,0.0666666666666666,0.4285714285714285,1,0.6428571428571429,0,15,0.2126397952940269,0.0625845349296738,0.242999295992156,0.0,0,0,0,-0.14076027838100397,0.03400774872690427,0.003754008,0.011891628168009184,LOW
3e37ab70bb62447c1be109af62ad3e4,34,22,12,0.8332787599999999,0.11600526,0.0279201182352941,4021.559316904545,24,11,13,42,6,0.0,0.6666666666666666,0.1363636363636363,10.941582878497666,0.0,0.7272727272727273,1,0.5454545454545454,0,12,0.1758861486084799,0.0936010443822488,0.2343759284752811,0.0,0,0,0,-0.12236104259797564,0.07932554514273504,0.012860939,0.02958508595768958,LOW
bc1q3fbe24a2f5204864bb16711de3903c,41,25,16,1.5279225399999998,0.42959061,0.0477442231707317,3277.42545478,32,16,16,53,6,0.0,0.5625,0.12,13.2336657443238,0.0,0.8,1,0.6,0,16,0.2072974280291667,0.1075273554647168,0.2446347193009628,0.0,0,0,0,-0.08859595623412686,0.16248983130353747,0.11027483,0.09837062131016869,LOW
3c3981f37be9d48a993f1f5a21cbc38,30,13,17,0.4821478199999999,1.1405528399999998,0.054090022,4342.667033985632,17,5,12,36,6,0.0,0.4705882352941176,0.0,1.6865413312211346,0.0588235294117647,0.6206896551724138,1,0.6875,0,17,0.2137089317913253,0.1231305152684225,0.2415342839019108,0.0,0,0,0,-0.1408909994830121,0.03368577925176326,0.0019404432,0.010978933206754636,LOW
1a65408a8be804fc39b52355d3c7b7e,28,9,19,1.01210165,1.76668439,0.0992423585714285,4229.802862240123,17,5,12,31,3,0.0,0.3157894736842105,0.2222222222222222,1.8369291254975224,0.0526315789473684,0.4074074074074074,1,0.5555555555555556,0,19,0.2004692796577625,0.0193399392861041,0.2443760864430826,0.0,0,0,0,-0.1241234834578056,0.07498460745257354,0.0023477683,0.023551877940460195,LOW
bc1q1a3fe019be364b679525c027e88868,22,13,9,0.31327887,2.39968539,0.1233165572727272,5887.809817605556,18,9,9,27,4,0.0,0.5555555555555556,0.2307692307692307,1.504948859889042,0.0,0.6190476190476191,1,0.375,0,9,0.1126300942138843,0.02570835948503,0.1927899206313707,0.0,0,0,0,-0.08104716822492569,0.18108269256263362,0.0120582655,0.05975102696764286,LOW
176dd60ec4c834b7eb183e9d5ab901d,20,11,9,0.28490443,0.17708677,0.0230995599999999,6380.000184552631,13,7,6,25,4,0.0,0.2222222222222222,0.1818181818181818,3.04615318738478,0.0,0.7368421052631579,1,0.5,0,9,0.212001859454513,0.1576302872032501,0.2353765755723234,0.0,0,0,0,-0.09713442476403822,0.14145936117398877,0.0024889472,0.043557834575558126,LOW
3c5535d87364649779121c7571e045b,32,19,13,0.5161036000000001,0.6204777899999999,0.0355181684375,4278.294295173656,20,5,15,38,5,0.0,0.5384615384615384,0.0,2.6110984181396057,0.0,0.8064516129032258,1,0.5,0,13,0.199337240966329,0.0273653921227085,0.2426512497392589,0.0,0,0,0,-0.14562193492814174,0.022033362168408954,0.014941708,0.01333377719397471,LOW
bc1qdbba3615fa884e6181699d709d6d4b,28,7,21,0.2372136,0.66184552,0.0321092542857142,4747.645302863581,28,5,23,34,6,0.0,0.7142857142857143,0.0,2.026794279090306,0.0,0.4444444444444444,1,0.5,0,21,0.191871465893743,0.0713685205821597,0.239988883178532,0.0,0,0,0,-0.0835236785179676,0.17498298328094133,0.02405259,0.0633185601710452,LOW
bc1qe0ebf3dc8df145ee857e1db542e1bf,13,2,11,0.07702896,0.58447163,0.0508846607692307,8731.348994445834,13,1,12,15,2,0.0,0.5454545454545454,0.0,1.5763110159294906,0.0,0.25,1,0.5,0,11,0.219459157051023,0.1652531606557532,0.2413036021242025,0.0,0,0,0,-0.06668494765954541,0.21645721546871685,0.0033538789,0.06644641012568242,LOW
bc1qcfea5617c1ff41af8234970ea22659,21,5,16,0.3568988,0.49326502,0.0404839914285714,5756.0936230625,13,1,12,23,2,0.0,0.375,0.0,3.3612005613228204,0.0625,0.4,1,0.4,0,16,0.2093755742211629,0.0307616964931787,0.2471350303175979,0.0,0,0,0,-0.12425292391432269,0.07466579224059477,0.006786411,0.025453622625438852,LOW
bc1q3dcdcdc964e149b39168760d3102d1,34,24,10,1.61671219,0.29903769,0.0563455847058823,3923.4447403939394,18,10,8,43,6,0.0303030303030303,0.5,0.0416666666666666,3.592959748399624,0.3,0.8484848484848485,2,0.4444444444444444,0,10,0.1750565241023633,0.0510453953527795,0.2450465384835532,0.0,0,0,0,-0.07994091962732891,0.18380741163914183,0.0017948133,0.05594988947868281,LOW
bc1q88d2e8b7b9284f5dbcce8be1cba55b,28,16,12,2.54995903,0.67287121,0.11510108,4354.768192318519,18,7,11,35,5,0.0,0.5,0.0625,7.4709446481829715,0.0833333333333333,0.6666666666666666,1,0.5454545454545454,0,12,0.1805659254311903,0.0225394572646724,0.2444614426346735,0.0,0,0,0,-0.13705831236391192,0.04312578733890194,0.15759206,0.08385415791311543,LOW
bc1q48273a7f2a034056a63b11f5097505,27,4,23,0.21117604,0.93188307,0.0423355225925925,4797.040318978205,27,3,24,31,3,0.0,0.5652173913043478,0.0,2.809731456411123,0.0,0.1538461538461538,1,0.4090909090909091,0,23,0.2059625125944874,0.0961348569533107,0.247556631636148,0.0,0,0,0,-0.07778087667155675,0.1891276536357918,0.029863594,0.07017691297002192,LOW
186d28ebca92348fa854409585fe269,18,7,11,0.20121625,0.90019648,0.0611895961111111,6788.449448435295,10,2,8,21,2,0.0,0.4545454545454545,0.0,1.403574432766207,0.0909090909090909,0.4117647058823529,1,0.5,0,11,0.1988064526315487,0.0757478188645034,0.2403914251172349,0.0,0,0,0,-0.119416016241708,0.08657922167726265,0.005262485,0.028341884651475864,LOW
3cec92464d912407b9515617f59abcd,19,5,14,0.1534433399999999,5.98178485,0.3229067468421053,5389.9148124,20,4,16,24,5,0.0,0.6428571428571429,0.0,1.5333993104442356,0.0,0.4444444444444444,1,0.5384615384615384,0,14,0.1227022788270184,0.040733378231761,0.1711876289354962,0.0,0,0,0,-0.04362865820652051,0.27324545623360996,0.030242927,0.09558295400142348,LOW
30bc6a08da7de4a818345676657ad42,21,12,9,1.2720589999999998,1.06293735,0.1111903023809523,6093.345916221666,11,5,6,25,3,0.05,0.3333333333333333,0.1666666666666666,1.833627720620256,0.0,0.65,2,0.5,0,9,0.2056273664440692,0.1622103844852179,0.2387021675493791,0.0,0,0,0,-0.07751896186603635,0.18977275661587392,0.0003572607,0.05709259428865831,LOW
bc1q6a5eee513aec4a9fad93526335d1a3,19,8,11,0.3791453499999999,0.47092003,0.0447402831578947,6931.51559812963,15,5,10,23,3,0.0,0.6363636363636364,0.125,1.8587858707980824,0.0,0.6666666666666666,1,0.5,0,11,0.1758592554632389,0.1059244101713832,0.23933142564929,0.0,0,0,0,-0.12542014670968143,0.07179089212866858,0.0010971397,0.022030980478271053,LOW
1f50116caf26645869e4fe1a8b23bab,39,28,11,1.66280807,0.12808112,0.0459202356410256,3276.5600314745616,21,9,12,48,5,0.0789473684210526,0.5454545454545454,0.0357142857142857,36.44711081799196,0.0,0.6842105263157895,3,0.1,0,11,0.1965816249443465,0.0791181390669454,0.2379072911034362,0.0,0,0,0,-0.07387709422461042,0.1987427713650614,0.027468735,0.07198376185232848,LOW
3c38dddd997b143e587d95b70858d9f,33,15,18,2.00428995,0.3886721000000001,0.0725140015151515,3890.5998434875,27,11,16,42,6,0.0,0.5555555555555556,0.1333333333333333,13.656718506053322,0.0555555555555555,0.6875,1,0.4117647058823529,0,18,0.1938489121336602,0.0675812976347995,0.242797787431847,0.0,0,0,0,-0.12532898973245482,0.07201541413515587,0.01909444,0.03019712179794842,LOW
bc1qe4cdbfd8d74243e683b94fdfda48a6,23,10,13,0.50019596,5.29146887,0.2518115143478261,6003.297935078031,20,6,14,27,4,0.0454545454545454,0.5384615384615384,0.2,1.459435897335707,0.0769230769230769,0.6818181818181818,2,0.4166666666666667,0,13,0.0915276490821713,0.0165002877439182,0.1758037399627112,0.0,0,0,0,-0.049976754956679914,0.25760992878322087,0.017550036,0.08518049441619004,LOW
bc1qb4709b88f20f47828c0b8889e4a184,16,6,10,0.26015801,0.41385535,0.042125835,8411.993471513333,11,4,7,21,4,0.0,0.4,0.0,2.2115259863815537,0.2,0.5333333333333333,1,0.2222222222222222,0,10,0.1831445550674313,0.1166559457713443,0.2426327347485158,0.0,0,0,0,-0.09589987117670395,0.14450009877825679,0.0069473404,0.04647633283315569,LOW
316dcfbed582c4bb4b4f9f6c08dfb1c,29,12,17,0.39409979,1.0993764300000002,0.05149918,4569.740402986309,16,5,11,32,3,0.0,0.4117647058823529,0.1666666666666666,2.8628140303356524,0.0588235294117647,0.6785714285714286,1,0.3125,0,17,0.2061262229153187,0.0569584591737943,0.2366225390292021,0.0,0,0,0,-0.14297513666223666,0.028552495157546525,0.0032707246,0.010037574539021172,LOW
bc1q2f5fc6276ef34c86898764c31c3b57,26,17,9,1.43531712,0.06727859,0.0577921426923076,5070.870107528667,21,9,12,34,6,0.0,0.6666666666666666,0.1176470588235294,19.705076466483384,0.3333333333333333,0.76,1,0.125,1,9,0.1352719522419298,-0.0362868714092076,0.2319646450556391,0.1111111111111111,0,0,0,-0.008687835010409706,0.3593056128007361,0.017031373,0.11545580180234279,LOW
19e91db2417d34dff8abf1eefdb43ef,26,8,18,0.38020189,3.4172583,0.1460561611538461,4361.016960274666,22,5,17,32,6,0.0,0.4444444444444444,0.0,1.264125408888214,0.1111111111111111,0.44,1,0.3529411764705882,0,18,0.1698847896707541,0.0125259388165945,0.2351884093837116,0.0,0,0,0,-0.11629729108301101,0.09426072288119458,0.09126499,0.06934746369291443,LOW
bc1q8fdfa8015707408784d37070b43d9e,22,9,13,0.44229108,0.59506373,0.0471524913636363,6056.004635738888,16,4,12,27,5,0.0,0.4615384615384615,0.0,2.025852816910976,0.0,0.4761904761904761,1,0.5,0,13,0.2220028123853867,0.169991383938293,0.242161422235009,0.0,0,0,0,-0.12830892387534049,0.06467575881401248,0.0014184647,0.02004103675369411,LOW
366121af594e646cca4f9ab41dc6337,28,9,19,0.0636231699999999,2.29655754,0.0842921682142857,4842.851210904321,21,5,16,33,5,0.0,0.3684210526315789,0.1111111111111111,1.61714621897741,0.0,0.4444444444444444,1,0.3888888888888889,0,19,0.2095433838823561,0.1220276787065401,0.2350273647451423,0.0,0,0,0,-0.11333273724252718,0.10156249611738186,0.006400812,0.03334911419015485,LOW
300d86720a2244de1bc084123824817,34,16,18,1.4495376800000002,0.99327054,0.0718473005882353,3610.0724641888887,20,8,12,41,5,0.0,0.3333333333333333,0.0625,3.1814505399998088,0.0555555555555555,0.5757575757575758,1,0.3529411764705882,0,18,0.2027702210061862,0.0700604253393711,0.2440689774068541,0.0,0,0,0,-0.14177248315900876,0.0315146620247346,0.006504492,0.0123814199637199,LOW
3e582e07e63ab4a4caa834c20013e78,33,13,20,0.8037525300000001,0.61492974,0.0429903718181818,3861.523905046875,27,8,19,39,5,0.0,0.55,0.1538461538461538,4.688156185589987,0.0,0.625,1,0.4736842105263157,0,20,0.2266600460367491,0.1136452797329597,0.243820435200594,0.0,0,0,0,-0.11425049427912348,0.09930203665949333,0.029111005,0.04289056266742178,LOW
bc1qcc204d4832084e02b9fa6aeddc6ddc,25,15,10,0.5905270499999999,0.2442059999999999,0.033389322,5457.54038870625,15,6,9,31,6,0.0,0.5,0.0666666666666666,4.662973259968826,0.0,0.6666666666666666,1,0.3333333333333333,0,10,0.206318520468294,0.0647461747026096,0.2388574516561992,0.0,0,0,0,-0.14173257243228155,0.03161296318299792,0.00051253237,0.00971452851667731,LOW
bc1q4039e29c4e9e4087b0a32f99540803,29,22,7,1.42502611,0.0445008599999999,0.0506733437931034,4290.735642672024,16,11,5,38,7,0.0,0.4285714285714285,0.0909090909090909,91.2077176535046,0.1428571428571428,0.8571428571428571,1,0.6666666666666666,0,7,0.1573778510059105,0.0478684451579342,0.2333042470935151,0.0,0,0,0,-0.041676954288977,0.278052553758867,0.0145168,0.08994832576464039,LOW
bc1qd7d18991351e4ac8a122958e37361e,20,9,11,0.7851882100000002,0.51277525,0.064898173,6688.594967804386,13,5,8,26,5,0.0,0.3636363636363636,0.0,3.947864572104311,0.1818181818181818,0.5789473684210527,1,0.4,0,11,0.1896183783436507,0.1077402686899958,0.2389381976916516,0.0,0,0,0,-0.12640581971506032,0.06936315387273824,0.040574647,0.03906753641302882,LOW
318f87296186b4a58bd8f76a185f2e4,32,21,11,0.95729952,1.03428182,0.062236916875,3668.5925241876334,22,10,12,37,5,0.0,0.5454545454545454,0.1428571428571428,1.592900858178883,0.0,0.6129032258064516,1,0.2,0,11,0.1958061633309392,0.0741409722834004,0.2351317464330596,0.0,0,0,0,-0.14718175975024922,0.0181914730505017,0.0028027096,0.0067186611810212595,LOW
344039b559f314e55aab07d4637ccbd,41,26,15,1.2798090800000002,1.7773142700000002,0.0745639841463414,3163.95294785,21,5,16,47,5,0.0,0.5333333333333333,0.0,1.59826444089584,0.0666666666666666,0.7,1,0.3571428571428571,0,15,0.1836115042340183,0.026287619697909,0.2399051540492584,0.0,0,0,0,-0.12452039175863622,0.07400701198149498,0.007857353,0.02573791258981459,LOW
3b59769254f9a4b3e92beea2ec05a57,12,0,12,0.0,1.10507032,0.0920891933333333,9752.952205039392,7,0,7,13,1,0.0,0.3333333333333333,0.0,1.4525756450378162,0.1666666666666666,0.0,1,0.4545454545454545,0,12,0.1897467860093443,0.0125671393020585,0.2384091229045314,0.0,0,0,0,-0.04860243475064174,0.26099491520558354,0.015698772,0.085362921834244,LOW
33defa67ec0654fd0bcc9f19713bdc5,24,12,12,0.6045567299999999,0.39389417,0.0416021208333333,5555.520654044203,23,9,14,31,5,0.0,0.5833333333333334,0.1666666666666666,3.675003512011078,0.1666666666666666,0.6086956521739131,1,0.4545454545454545,0,12,0.1859150385221851,0.0285742917670661,0.2409785776365978,0.0,0,0,0,-0.13702986324841243,0.04319585825052129,0.0026044783,0.014130772685769994,LOW
15ee5afa894cd487a88c4d4b377fae8,25,10,15,0.80194293,0.28066362,0.0433042619999999,5115.390099036806,21,5,16,31,4,0.0416666666666666,0.5333333333333333,0.0,15.47001694095114,0.2,0.375,2,0.2857142857142857,0,15,0.1906806047179261,0.0597418238258448,0.2402730218631223,0.0,0,0,0,-0.12094635397723841,0.08280996002074313,0.10364871,0.07148490404282877,LOW
bc1q223174d41d3a4fe598da72877ecaf3,36,8,28,0.31778892,3.56049557,0.1077301247222222,3172.404993519048,32,4,28,41,4,0.0,0.6071428571428571,0.0,1.4999389321837917,0.1071428571428571,0.2571428571428571,1,0.2962962962962963,0,28,0.1836519861048477,0.0345164173323169,0.2328674009478531,0.0,0,0,0,-0.03960384781057147,0.28315866894998715,0.5296299,0.3232810494526582,LOW
17e076e4225664f3996cafd601d08c9,25,17,8,1.01135525,0.29554205,0.052275892,5407.726015420833,12,5,7,31,3,0.0416666666666666,0.375,0.0,3.424174541136464,0.0,0.625,2,0.4285714285714285,0,8,0.1668630675896327,0.0760647926296393,0.2392809889959457,0.0,0,0,0,-0.10808744791013503,0.1144817802067101,0.0009910766,0.034790518511483445,LOW
1a20efa7b768742acbf6f37286a1ef2,30,18,12,0.67359828,0.2936861,0.0322428126666666,4179.236507808046,20,9,11,36,6,0.0344827586206896,0.5,0.1666666666666666,7.440740403027263,0.1666666666666666,0.6206896551724138,2,0.1818181818181818,0,12,0.160325115722466,0.0101949664158161,0.2430853513735761,0.0,0,0,0,-0.12219994046890686,0.07972234387793198,0.03433767,0.03936865411579029,LOW
317039b8203244a75ace98ebbcba1bb,21,11,10,0.1909561699999999,0.55326577,0.03543914,5903.61348286,15,6,9,27,5,0.0,0.5,0.0909090909090909,1.5544363146279694,0.0,0.6,1,0.4444444444444444,0,10,0.2098608092103238,0.1041839242356733,0.2436555294843984,0.0,0,0,0,-0.13724620773971818,0.04266299613992623,0.0010167229,0.013256424124377598,LOW
309c92174bbba45bc821aa8052de415,27,15,12,0.30351039,1.30230827,0.0594747651851851,4871.9525908455125,21,7,14,34,6,0.0,0.6666666666666666,0.0666666666666666,1.396039978936152,0.0833333333333333,0.5769230769230769,1,0.4545454545454545,0,12,0.1825395497837867,0.0408966364827141,0.2370536408273625,0.0,0,0,0,-0.14588187333360553,0.021393127113085105,0.0066120187,0.009393346354589199,LOW
1f52edbc8c5204b069922e482f786d2,24,9,15,0.39042038,3.55114673,0.1642319629166666,5490.728404767391,14,5,9,29,5,0.0,0.4666666666666667,0.1111111111111111,1.4170773205746083,0.1333333333333333,0.5217391304347826,1,0.3571428571428571,0,15,0.1568919231918136,0.0283360547131867,0.2325226868449957,0.0,0,0,0,-0.11646918053379507,0.09383735469196543,0.010911572,0.03306141376112194,LOW
1dd9c24416dbf4dcdb9c83dc91b3ac5,45,24,21,1.1837765100000002,1.51704589,0.0600182755555555,2967.8523471973485,33,11,22,55,5,0.0,0.6190476190476191,0.0833333333333333,2.815747938913538,0.1428571428571428,0.3409090909090909,1,0.25,0,21,0.179754244330108,0.0757084739277773,0.240516139685118,0.0,0,0,0,-0.09555297035305144,0.14535452453203018,0.0058829007,0.04625366249988084,LOW
1b8524c126ec746fd84dc8eb131f04c,25,15,10,0.44547369,1.37883537,0.0729723624,5220.302446145139,20,7,13,29,4,0.0,0.6,0.2,1.360185686195653,0.1,0.5833333333333334,1,0.5555555555555556,1,10,0.1760350469216178,-0.0351570874468786,0.230539229638283,0.1,0,0,0,-0.08914762960176775,0.16113104544647233,0.0039540473,0.050118634865820993,LOW
35f5e05badef84653b2d94cfcd4e019,30,19,11,1.43033358,0.4181278,0.0616153793333333,3924.48285434023,21,9,12,39,5,0.0,0.5454545454545454,0.0526315789473684,11.765752802225848,0.0,0.8620689655172413,1,0.3,0,11,0.201480133881712,0.0990001155574078,0.2442899155837105,0.0,0,1,1,-0.13944631096949878,0.03724408464616861,0.9259776,0.5778631279378722,MEDIUM
1e3b7cae0d6a7457dbdab59453f34f1,19,6,13,0.6098622600000001,0.3310508499999999,0.0495217426315789,7328.421635334259,18,4,14,24,5,0.0,0.6923076923076923,0.0,13.972453109584588,0.1538461538461538,0.5555555555555556,1,0.4166666666666667,0,13,0.1957653281226971,0.0593033541345516,0.246429110765002,0.0,0,0,0,-0.12008764812519279,0.08492497487478294,0.12783495,0.08300321663502705,LOW
10b23954437b94f0f9ff2ec027b568c,28,16,12,0.25269803,1.1253319900000005,0.0492153578571428,4266.178063,16,8,8,33,4,0.0,0.5,0.1875,1.276546693736846,0.1666666666666666,0.6296296296296297,1,0.3636363636363636,0,12,0.1797314321412673,0.0234483944315395,0.2424386655951033,0.0,0,0,0,-0.13388969960999197,0.05093016298776461,0.007973046,0.018866919522108415,LOW
309ab2ed1d6904f44a3a08e68a1aebe,29,20,9,0.97198283,0.38178138,0.0466815244827586,4580.788343288095,18,7,11,35,6,0.0,0.4444444444444444,0.05,2.490935610260082,0.0,0.8214285714285714,1,0.625,0,9,0.1877889548482563,0.1101212199397428,0.2448800887037217,0.0,0,0,0,-0.1329200871282898,0.05331834375604193,0.0016569936,0.016741150248033406,LOW
bc1q01ed8a61cb414d0a96a2be40338eea,13,5,8,0.13667304,0.09712575,0.0179845223076923,8578.396250140278,12,4,8,16,2,0.0,0.25,0.2,5.955692127168054,0.125,0.5,1,0.0,0,8,0.1821725907855602,0.0233847689058378,0.2401386308676545,0.0,0,0,0,-0.06972365614629927,0.20897279740952812,0.08953599,0.10298303309554864,LOW
bc1q7a87bc3cd3d3433580903a72390351,31,14,17,1.3073974400000004,2.75918127,0.1311799583870967,3869.894891258889,21,6,15,36,4,0.0,0.5882352941176471,0.0714285714285714,1.3764477562795852,0.0,0.6,1,0.5,0,17,0.1938550680408153,0.1151078259930267,0.2173354533884837,0.0,0,0,0,-0.11268246817743854,0.1031641257423678,0.0016647917,0.031698393950977,LOW
33cb88e0ed15d4ab1b2af2bdc894435,19,10,9,1.3163201,0.21248293,0.080463317368421,6648.295720650926,11,4,7,23,4,0.0,0.4444444444444444,0.1,15.4253767328555,0.0,0.6666666666666666,1,0.25,0,9,0.1482812483327426,0.0004858723481083,0.2348746441919337,0.0,0,0,0,-0.09928304364096613,0.1361672569807458,0.0058972854,0.04350395539205039,LOW
bc1qbaf4053e6e8c416ab00ed9000f9c24,30,15,15,0.97661433,1.0932130000000002,0.0689942443333333,4179.161017210919,24,8,16,35,5,0.1034482758620689,0.6666666666666666,0.1333333333333333,2.3297753270873143,0.0,0.6206896551724138,3,0.5,0,15,0.2151723767700546,0.1231505034650489,0.2407127755057578,0.0,0,0,0,-0.10649233182021728,0.11841059263538646,0.001327306,0.03612046551673882,LOW
3c4b3b575729c4b9e8440d0d2d4b5f2,16,7,9,0.34209992,0.32673571,0.041802226875,8486.185426887778,12,4,8,20,4,0.0,0.5555555555555556,0.1428571428571428,2.000962327772376,0.0,0.4,1,0.375,0,9,0.2125423376726007,0.165799282228875,0.2415467496387632,0.0,0,0,0,-0.08752729941985338,0.16512196083971678,0.000710733,0.0498564181028383,LOW
3dd7c9266530e44d8b1618e1560c4ec,23,11,12,0.6588965499999999,0.12559913,0.0341085078260869,5952.628043931818,15,2,13,26,3,0.0,0.6666666666666666,0.0,10.225405732943146,0.0833333333333333,0.5454545454545454,1,0.5454545454545454,1,12,0.1774764101663722,-0.0050550937472271,0.2393973040094389,0.0833333333333333,0,0,0,-0.08690226807534507,0.16666142930231825,0.010593674,0.054765582202799125,LOW
3a3906ae8d7c14263a7ff7b61962b8a,36,21,15,1.6212087799999997,0.33247329,0.0542689463888888,3370.373876697144,25,11,14,44,6,0.0,0.4666666666666667,0.1428571428571428,7.183876851731455,0.0666666666666666,0.7142857142857143,1,0.3571428571428571,0,15,0.1909998275208665,0.079269307279933,0.2446614231648568,0.0,0,0,0,-0.13571771008874223,0.046427725620315725,0.0058918083,0.016579631238727646,LOW
bc1qfdccf2033cda4b138044c4fa2f490b,27,10,17,0.95006821,0.26620696,0.0450472285185185,5034.405021341667,21,5,16,32,3,0.0,0.5882352941176471,0.1,14.44520746199979,0.0588235294117647,0.5384615384615384,1,0.3125,0,17,0.19225709469049,0.0808693541009344,0.244376612609212,0.0,0,0,0,-0.13387641571817782,0.05096288155890216,0.009590964,0.019604798145969837,LOW
bc1qdd060182d98e402cacd2047c47b018,30,19,11,1.45268561,0.20037423,0.0551019946666666,3945.633019351724,20,9,11,37,5,0.0,0.7272727272727273,0.1052631578947368,12.536453635838214,0.1818181818181818,0.5517241379310345,1,0.3,0,11,0.1590473083945542,0.053161737658735,0.2381587154229335,0.0,0,0,0,-0.11613877445626447,0.09465115345690633,0.013923084,0.034660733907443245,LOW
16af111a8be224336b6eeafe636df38,37,17,20,0.50007528,0.34801179,0.0229212721621621,3534.1746777435187,25,8,17,43,4,0.0,0.45,0.1176470588235294,5.746891728109767,0.15,0.5555555555555556,1,0.2631578947368421,0,20,0.2144126799897707,0.074819566905484,0.2401468612480911,0.0,0,0,0,-0.12340408237391065,0.07675651103844702,0.034297768,0.03846094836470622,LOW
bc1qd2751c952fdd48b5ba846534b877d7,29,18,11,0.66065088,0.5580177100000001,0.0420230548275862,4403.545469643453,18,10,8,37,7,0.0,0.4545454545454545,0.1666666666666666,1.5792909415248368,0.2727272727272727,0.5714285714285714,1,0.3,1,11,0.1626945492073023,-0.00692136854639,0.2420984283151481,0.0909090909090909,0,0,0,-0.07759875275365352,0.18957622958379963,0.008217629,0.06057080180580311,LOW
120cc3bc832d145fb82cb4dc2f308e5,21,9,12,0.43002241,0.1858869699999999,0.029329018095238,5799.49138475,13,4,9,26,4,0.0,0.4166666666666667,0.0,6.895587748500319,0.0,0.5,1,0.5454545454545454,0,12,0.2059413566875606,0.0915830624969016,0.2427787380940973,0.0,0,0,0,-0.13960059597524,0.0368640766630846,0.008237037,0.014765889407032063,LOW
bc1q815ec52f2b0b4014b1e2c5d00f5cde,17,5,12,0.23263113,0.27366479,0.0297821129411764,7573.082084557292,14,2,12,20,2,0.0,0.5,0.0,2.2747570729473945,0.25,0.4375,1,0.0909090909090909,0,12,0.1893940423860948,0.0637367298237898,0.2433720059963288,0.0,0,0,0,-0.10651554360037757,0.11835342141696426,0.013699829,0.04167094926970783,LOW
bc1qe6aea8d40da2435a9a8f81fc0c2f28,38,24,14,0.93963975,0.7035682199999999,0.0432423149999999,3365.4221995666667,21,9,12,46,6,0.0,0.5,0.0416666666666666,2.5175185377747464,0.0,0.8378378378378378,1,0.5384615384615384,0,14,0.2147464079394762,0.0839665015252594,0.2445528740839844,0.0,0,0,0,-0.13900509656854448,0.038330807194537866,0.004417529,0.013487130170442745,LOW
bc1qf126e4389148492897a94152a9b901,30,17,13,0.4264276399999999,0.27285265,0.023309343,4443.754158292529,21,8,13,38,6,0.0,0.4615384615384615,0.0588235294117647,3.848412224973557,0.0,0.7241379310344828,1,0.5833333333333334,0,13,0.1796149631990049,0.0283571414986451,0.2420011886108795,0.0,0,0,0,-0.1437124720546012,0.02673641890332598,0.039958928,0.026002441868321593,LOW
31e00a77f240d447ca291896e85c052,55,12,43,1.4552993200000002,1.37102663,0.0513877445454545,2133.459201929012,43,6,37,60,5,0.5370370370370371,0.4883720930232558,0.0833333333333333,10.056482697865636,0.0697674418604651,0.2777777777777778,8,0.2142857142857142,11,43,0.0840672583684109,-0.0854051929405141,0.2456041169372174,0.2558139534883721,0,0,1,0.16569134806457708,0.788806077436364,0.98375916,0.6793334473954905,HIGH
1a4f4dc31125241d4b444c7fda3dd7e,34,24,10,1.2727230899999995,0.25150241,0.0448301617647058,3856.135122681313,26,13,13,40,4,0.0909090909090909,0.6,0.2083333333333333,14.122319995105132,0.0,0.6060606060606061,3,0.3333333333333333,0,10,0.1960722352574272,0.0933526975709702,0.2371160004334102,0.0,0,0,0,-0.07387542373123579,0.19874688583370337,0.012760857,0.06536645126791682,LOW
bc1q53cde395e937498ab4d33029de49d4,32,18,14,1.7140671999999997,0.6677675500000001,0.0744323359375,4064.150917333871,19,9,10,38,5,0.0,0.2857142857142857,0.1666666666666666,7.205863644457343,0.1428571428571428,0.7096774193548387,1,0.3846153846153846,0,14,0.1980506722763542,0.0192970639488664,0.2452517811470017,0.0,0,0,0,-0.12671023006503895,0.06861338326107358,0.13464676,0.08117505329481034,LOW
bc1q81e5e275b72c43df97c8d716616085,21,12,9,0.8233731400000001,0.4825603199999999,0.0621873076190476,5561.985146099167,18,8,10,28,6,0.0,0.4444444444444444,0.1666666666666666,2.470144995090781,0.0,0.55,1,0.125,0,9,0.1749636802868703,0.0268670296978142,0.2433708646961618,0.0,0,0,0,-0.1294387946389896,0.06189285772795321,0.0038691778,0.020308987223371388,LOW
bc1qa62030fa42b84779a814903c2deab3,17,7,10,0.3066110699999999,0.20512635,0.0301022011764705,7993.661492905208,12,6,6,21,3,0.0,0.2,0.2857142857142857,6.320104707099231,0.0,0.5625,1,0.4444444444444444,0,10,0.2069503467123619,0.11620979688488,0.2383120978503664,0.0,0,0,0,-0.08935117927813219,0.160629697297953,0.009549611,0.0524862341113217,LOW
3bafb8214ad234b93a20376a6fc17bf,23,13,10,1.5238795899999995,1.29909213,0.1227379008695652,5428.949589670455,12,5,7,28,4,0.0,0.3,0.0769230769230769,3.372795188706697,0.0,0.6818181818181818,1,0.4444444444444444,0,10,0.2026400972086242,0.1491651945589567,0.2344168718895472,0.0,0,0,0,-0.104448036253733,0.12344574580088777,0.0009866237,0.0374777043910098,LOW
188bc8df0d3d1483ba20bc197ca0af9,26,11,15,0.4618820499999999,0.92748592,0.0534372296153846,5179.868901032667,19,5,14,32,4,0.0,0.5333333333333333,0.0,1.513301193868944,0.0,0.64,1,0.2142857142857142,0,15,0.20490583615224,0.0667187191298998,0.2435601471342377,0.0,0,0,0,-0.15256455199030594,0.004933515722262337,0.0030847273,0.0028681819337479696,LOW
bc1qea56d5a725304490b0a63d169ed1f5,28,9,19,0.29374351,3.4305053000000005,0.1330088860714285,4735.322503511111,27,8,19,33,4,0.0,0.631578947368421,0.3333333333333333,1.4835971191369437,0.0526315789473684,0.3703703703703703,1,0.6111111111111112,0,19,0.1711889449907242,0.0696503488994848,0.2258854731862539,0.0,0,0,0,-0.09024557825904517,0.15842676933890548,0.0093791485,0.05174864733974924,LOW
1419a04ef8af541e397903eab80c7cd,30,15,15,0.7278467,0.2116114899999999,0.031315273,4056.8426694045975,22,10,12,40,7,0.0,0.4666666666666667,0.0666666666666666,12.482419956922524,0.0,0.6206896551724138,1,0.3571428571428571,0,15,0.1892413160814561,0.0477880106838073,0.2435666568843131,0.0,0,0,0,-0.13231870000098045,0.05479957589654446,0.025840092,0.02806791381284094,LOW
1fea264b392584ebea8c3b14f786160,29,11,18,0.7678568100000002,0.40526616,0.0404525162068965,4634.8771572178575,21,5,16,35,5,0.0,0.3333333333333333,0.0,9.16334056594652,0.1111111111111111,0.6071428571428571,1,0.3529411764705882,0,18,0.1947080997672498,0.052263985670002,0.2435391435132115,0.0,0,0,0,-0.13831303527095778,0.04003537217545077,0.12329049,0.06749133026530613,LOW
364ee80be0c0643c6ba366bd52305d0,52,38,14,2.5253575300000004,1.09611985,0.0696437957692307,2538.366733384967,26,11,15,61,5,0.0196078431372549,0.5714285714285714,0.0526315789473684,1.8617062882749968,0.0714285714285714,0.7843137254901961,2,0.3076923076923077,1,14,0.1941766288293469,-0.011085023977485,0.242397508874881,0.0714285714285714,0,0,0,-0.03530319229438533,0.2937512953740105,0.009674711,0.09247900872414544,LOW
bc1qa48aaf3c39cf4c5cae71660bf8c4f2,18,6,12,0.19872927,0.47110764,0.0372131616666666,7185.745641012744,15,4,11,23,5,0.0,0.4166666666666667,0.0,1.915090416571124,0.0,0.6470588235294118,1,0.4545454545454545,0,12,0.207053265393876,0.1313305598911079,0.2433363391110297,0.0,0,0,0,-0.1275831003343656,0.06646348107876318,0.002673169,0.02114197024690937,LOW
164eb0787011a43ada0d97bc713a4d1,15,4,11,0.13089864,0.19972734,0.0220417319999999,7837.773225461905,10,3,7,19,4,0.0,0.4545454545454545,0.0,5.509025369089797,0.0,0.5714285714285714,1,0.5,0,11,0.1967693455630766,0.0591208100963696,0.2402487462740615,0.0,0,0,0,-0.1081841188300946,0.11424367721581849,0.07275112,0.06701110704453109,LOW
19af5e4c1d42a478884032e5f2e5f60,26,10,16,0.30007343,0.5535147599999999,0.032830315,4096.673802712667,12,1,11,28,2,0.0,0.375,0.0,1.3595525660642012,0.125,0.36,1,0.4,0,16,0.2042555249514591,0.0929911647830935,0.2471215475029463,0.0,0,0,0,-0.12628318612141443,0.06966520360437506,0.0059520733,0.023577994048826316,LOW
13879eea2de2449d3a8e6f03a9f0025,47,34,13,1.9922784200000003,0.23569024,0.0474035885106383,2640.237772280797,24,13,11,57,7,0.0,0.3846153846153846,0.0588235294117647,17.93491596129582,0.1538461538461538,0.7608695652173914,1,0.25,0,13,0.1941116636493944,0.0215992742038463,0.2430240380549206,0.0,0,0,0,-0.07598581167360036,0.19354894542692194,0.022880392,0.06836085981577066,LOW
bc1qb5ecd23d1fcc4d9f92ca6521dd3579,27,9,18,0.3733419600000001,0.67426529,0.0388002685185185,4957.718893419872,15,3,12,31,4,0.0,0.3333333333333333,0.0,2.7094971606426945,0.1111111111111111,0.6153846153846154,1,0.3529411764705882,1,18,0.1978532373359904,-0.0050315365609728,0.2437892297172428,0.0555555555555555,0,0,0,-0.10654462055376657,0.11828180412428894,0.02494128,0.046708117268911956,LOW
3cd7ea24811224478b82cfec3bb913e,29,17,12,0.8651570800000001,0.7653646299999999,0.0562248865517241,4362.82608093869,12,6,6,34,5,0.0,0.3333333333333333,0.0588235294117647,2.1819523865971897,0.0,0.8214285714285714,1,0.5454545454545454,0,12,0.2058713106514193,0.1362767603237626,0.2397385963779154,0.0,0,0,0,-0.13274669942387463,0.05374540218294368,0.0014716547,0.016785865278410035,LOW
10428ffd470584d3c9a819c281f8827,39,24,15,1.1107720000000003,1.47176511,0.0662189002564102,3373.90793050307,31,14,17,48,7,0.0,0.6666666666666666,0.2083333333333333,1.814164221646257,0.0666666666666666,0.6842105263157895,1,0.5714285714285714,0,15,0.1714737931455795,0.0475075091374823,0.2385709990227139,0.0,0,0,0,-0.10306210239947977,0.12685933694094967,0.003953133,0.03983671078600153,LOW
15ac91e06eefc4e78b6998e0494b1cc,29,13,16,0.67447783,3.1986004300000004,0.1335544227586207,4292.585804192262,20,4,16,32,3,0.0,0.625,0.1538461538461538,1.502502333466802,0.125,0.6428571428571429,1,0.4,0,16,0.1622739372190734,0.0211233439898415,0.2149717152321918,0.0,0,0,0,-0.11818165226086036,0.08961949227582122,0.008395167,0.030663672723489122,LOW
bc1q73623bafda424b038d9e7dcf3a042b,29,20,9,1.43203136,1.26818372,0.0931108648275862,4578.774938994643,16,6,10,35,5,0.0,0.6666666666666666,0.05,1.754739786754386,0.1111111111111111,0.7142857142857143,1,0.5,1,9,0.1561552296518903,-0.0402440108241246,0.2163196719733315,0.1111111111111111,0,0,0,-0.06383952287425843,0.22346557074264287,0.003142146,0.06845363682054162,LOW
1e131655b69a3420b96c6bdd8cd4bba,29,15,14,1.5965081199999998,0.3642828299999999,0.0676134810344827,4646.330952886309,17,8,9,37,5,0.0,0.5,0.0666666666666666,11.769208297894702,0.1428571428571428,0.5,1,0.3846153846153846,0,14,0.1958228543039837,0.1026315164065359,0.2449745826265571,0.0,0,0,0,-0.1355279456711666,0.04689512031779513,0.010906776,0.01897658557446547,LOW
bc1qf6621f2c6ba545faaf30178f83ed9a,46,34,12,3.37339462,1.76142514,0.1116265165217391,2928.0256119985183,28,20,8,57,8,0.0,0.4166666666666667,0.2352941176470588,4.062707340592807,0.0833333333333333,0.8,1,0.5454545454545454,0,12,0.1893620044176588,0.1223561500530558,0.2166939290220202,0.0,0,0,0,-0.002906614941129315,0.37354490823801884,0.015398866,0.11899296178968706,LOW
3e5d2553666c54f14aea91e4ee525d4,36,24,12,1.5101342599999996,0.17333543,0.0467630469444444,3769.310014475714,23,11,12,43,7,0.0,0.25,0.2083333333333333,8.959226738506171,0.0,0.7428571428571429,1,0.3636363636363636,0,12,0.173098066170897,0.0064939374247672,0.2314623841841105,0.0,0,0,0,-0.08915965817700733,0.1611014187527168,0.034151744,0.06369871028341259,LOW
bc1qae9b1500fa7c4fc08981b85f74e317,31,13,18,0.38512039,5.71948555,0.1969227722580645,4384.213452202778,25,11,14,38,5,0.0,0.3888888888888889,0.2307692307692307,1.5094131181845454,0.0555555555555555,0.4666666666666667,1,0.3529411764705882,0,18,0.1149684037814723,0.0150867993313242,0.2200086004931704,0.0,0,0,0,-0.07404642919263227,0.19832569493333407,0.058099985,0.08564270104014846,LOW
166b61353ede745e8b279b60cf369ab,25,11,14,0.55386525,0.28445161,0.0335326744,5342.8583433652775,13,2,11,28,3,0.0,0.4285714285714285,0.0,5.6266577626901215,0.0714285714285714,0.75,1,0.5384615384615384,0,14,0.189793096624712,0.088465722577349,0.2403601198965696,0.0,0,0,0,-0.1424478882819294,0.029851121635358233,0.013054593,0.01482990275878331,LOW
3aae1b01ca4e14a56afcb64ff6efcbb,26,13,13,0.13741591,0.7299808300000001,0.033361413076923,4860.220814528,16,5,11,29,1,0.0,0.4615384615384615,0.2307692307692307,1.4958465172783846,0.0769230769230769,0.0,1,0.25,0,13,0.1965610405599247,0.0515109027439901,0.2418036194614108,0.0,0,0,0,-0.12852098991335537,0.06415343464518287,0.0035498717,0.020843472592099604,LOW
10acf627c643a4f51b485ed6bd60869,17,6,11,0.29525062,0.03780057,0.0195912464705882,7774.606513884375,17,4,13,22,4,0.0,0.6363636363636364,0.0,25.61935169929228,0.0,0.5,1,0.5,0,11,0.1501159657859513,0.0029566924819034,0.2272399489535031,0.0,0,0,0,-0.09619963285273198,0.14376177797147432,0.17254363,0.12077316465803623,LOW
bc1q8a47f55de1dd424f8cf49f1c4e28e5,32,10,22,0.4728240400000001,0.2330179899999999,0.0220575634375,4135.086883231183,24,6,18,36,4,0.0,0.4545454545454545,0.2,7.242681948834235,0.1818181818181818,0.4516129032258064,1,0.238095238095238,0,22,0.164534974456075,0.0009862117861063,0.2406016039331684,0.0,0,0,0,-0.09491819890843273,0.1469179831146061,0.15853363,0.11541553116437375,LOW
bc1q4c150affb6b047509b123918ddc2df,33,16,17,1.00360437,2.59662448,0.1090978439393939,4088.401451955208,25,9,17,41,7,0.03125,0.5882352941176471,0.125,1.3436960307692565,0.1764705882352941,0.5625,2,0.25,2,17,0.1382836222171318,-0.0674143426662624,0.2160701445359967,0.1176470588235294,0,0,0,-0.01643771478263295,0.340217457297629,0.010808564,0.10692909075563724,LOW
1f1003b4dcc1c4818b2e1e778902a05,25,8,17,0.5247411799999999,0.6756557499999999,0.0480158771999999,4832.035433676389,20,7,13,33,3,0.0,0.4117647058823529,0.0,6.901922654327834,0.0,0.4166666666666667,1,0.625,0,17,0.230178319360515,0.1947009194826462,0.244540680043052,0.0,0,0,0,-0.10662918630619417,0.1180735164759617,0.16159762,0.10814098071688595,LOW
1a04b0a6308634c7f906e4b5233ef80,15,3,12,0.17524893,0.2143318299999999,0.0259720506666666,9250.91637649881,17,3,14,19,4,0.0,0.5833333333333334,0.0,4.610551012207278,0.0,0.3571428571428571,1,0.5454545454545454,0,12,0.2030004819683735,0.1091385786817588,0.234581685606694,0.0,0,0,0,-0.09413503254977151,0.148846942231173,0.07433287,0.07810387404117425,LOW
3a06345cc4fe54fd6a8996dd11a080a,32,17,15,0.24363683,0.92438015,0.036500530625,4158.459071744624,22,8,14,38,5,0.0,0.4,0.1176470588235294,1.4305321042623471,0.0,0.5161290322580645,1,0.5,0,15,0.1780642246219632,0.0841987788878292,0.2426101237693218,0.0,0,0,0,-0.14024263703732143,0.03528271282356858,0.009125228,0.014691166418468593,LOW
1d220df93564a4a80bf005df1782914,17,7,10,0.48143255,0.7962865999999998,0.07515995,7819.144054705208,17,3,14,21,4,0.0,0.8,0.0,1.489538042032298,0.1,0.5625,1,0.3333333333333333,0,10,0.1717485579117084,0.0585842431147211,0.2409910751608036,0.0,0,0,0,-0.10264060118273455,0.12789750540374553,0.00826009,0.042086292031388986,LOW
3ffe6b26e337c41d3a20f494fd7d7b2,18,11,7,1.12615268,0.32931294,0.0808592011111111,6328.998583827452,12,6,6,23,3,0.0588235294117647,0.4285714285714285,0.0909090909090909,5.500099184226604,0.0,0.5294117647058824,2,0.3333333333333333,0,7,0.1933958955868972,0.080286310557486,0.2433039409071267,0.0,0,0,0,-0.0879300329902602,0.16413001757811937,0.0018580006,0.05007510552810932,LOW
bc1q8e5277580ff54ae6ad7518303d0039,42,27,15,1.0375047099999997,1.9180183200000005,0.0703695959523809,3166.3066478833334,25,13,12,52,8,0.0,0.4,0.1111111111111111,1.3570423134816256,0.0,0.902439024390244,1,0.3571428571428571,0,15,0.2131510622328726,0.1740493619908156,0.2421548652411148,0.0,0,0,0,-0.09056109441074534,0.15764964484866748,0.0014193158,0.04793358557049942,LOW
3bbf77b8f27dd45e485c30192cfe095,71,27,44,0.95484804,0.7983948200000001,0.0246935614084507,1858.0614379214285,45,10,35,78,6,0.4142857142857143,0.4318181818181818,0.074074074074074,13.680380542092982,0.0454545454545454,0.3428571428571428,8,0.4651162790697674,10,44,0.0918099822848998,-0.0626105404052268,0.240181761933786,0.2272727272727272,0,0,1,0.1595864790508139,0.7737696262286337,0.9919077,0.6784893599774311,HIGH
3363fd36c9b024934842c7fdcb5b895,24,11,13,0.4639456099999999,0.37348918,0.03489311625,5681.736994881159,17,5,12,29,4,0.0,0.3846153846153846,0.0909090909090909,3.916444843138272,0.1538461538461538,0.7391304347826086,1,0.3333333333333333,1,13,0.1832394797569421,-0.0287219180370353,0.2466562297837294,0.0769230769230769,0,0,0,-0.10578264258372788,0.12015857568843256,0.022952469,0.0463761831342074,LOW
3e8e751cc40364b7f968a6656c6e2ba,37,19,18,1.7588159099999998,0.8393119900000001,0.0702196729729729,3653.20443228287,30,12,18,47,8,0.0,0.5555555555555556,0.1052631578947368,10.496509765159573,0.0555555555555555,0.6111111111111112,1,0.6470588235294118,0,18,0.2023955555006423,0.0204538540972784,0.2462575218689041,0.0,0,0,0,-0.1046377075517459,0.122978580459314,0.47980866,0.25280746593009157,LOW
393dbecadab744cf89eeb76544a2c7c,46,34,12,1.64459575,0.5804513600000001,0.048370589347826,2891.353717475556,21,10,11,54,6,0.0,0.5,0.0588235294117647,3.0025460418462537,0.0833333333333333,0.6666666666666666,1,0.3636363636363636,1,12,0.1698884611966727,-0.0183884458366984,0.2409841336805467,0.0833333333333333,0,0,0,-0.06636327079573712,0.21724951395315684,0.009974808,0.06966351793385374,LOW
bc1qa721f3a5a1bf404d9ec08fbb44b69c,29,17,12,1.2446440299999997,0.28340264,0.0526912644827586,4708.760735432738,20,7,13,35,5,0.0,0.5833333333333334,0.1176470588235294,13.25845508075617,0.1666666666666666,0.75,1,0.4545454545454545,0,12,0.1580909593969575,0.0194114222609361,0.2380898253738568,0.0,0,0,0,-0.13508876329951341,0.04797683792512964,0.014292369,0.020824616997544024,LOW
1d731efd2db4c45e08507725c766cb1,30,15,15,1.04118659,0.4070207,0.0482735763333333,4361.092198609195,28,11,17,37,6,0.0,0.6666666666666666,0.2,9.361314235460885,0.1333333333333333,0.6551724137931034,1,0.5,0,15,0.2069333119485301,0.1125476048859054,0.2433781478412575,0.0,0,0,0,-0.12023322852250107,0.084566406568732,0.012274454,0.030893426194294134,LOW
35880d7ade8b348f4be4562a898a4ef,37,24,13,0.93310209,0.36689325,0.0351350091891891,3281.7944511337964,18,9,9,46,6,0.0,0.3076923076923077,0.0416666666666666,4.168270504945493,0.0,0.6111111111111112,1,0.3333333333333333,0,13,0.2077913681589513,0.1263664551391317,0.2421913453779189,0.0,0,0,0,-0.1241608100926429,0.07489267097986389,0.0068985177,0.02557213412844136,LOW
bc1q35603f1e8c6441119e4121f022daf3,26,12,14,0.3799515799999999,0.5672308199999999,0.0364300923076923,5176.528137246667,21,14,7,34,5,0.0,0.2142857142857142,0.4166666666666667,3.813166826298001,0.0,0.52,1,0.4615384615384615,0,14,0.2145210366086295,0.1654734634937871,0.2379288077534085,0.0,0,0,0,-0.06929362046150045,0.21003198648917631,0.0051965984,0.06534806520805643,LOW
110ade6817a9f40ee928e0bc697be49,25,7,18,0.1729231499999999,0.4822892299999999,0.0262084952,4959.29764181875,20,3,17,29,4,0.0,0.4444444444444444,0.0,1.364706805980329,0.1111111111111111,0.4166666666666667,1,0.5882352941176471,0,18,0.2119100124460601,0.0252024939713896,0.2444111577414389,0.0,0,0,0,-0.1350647074486307,0.04803608811170089,0.016917601,0.02202374679973789,LOW
3fe99672404c641c19faea2e6715cea,46,8,38,5.0973865300000005,6.317567589999996,0.2481511765217391,2749.786298838518,63,28,35,74,11,0.5333333333333333,0.1578947368421052,0.25,44.12461634171705,0.131578947368421,0.6444444444444445,4,0.7027027027027027,6,38,0.093406472163516,-0.030834088494093,0.2352488777082338,0.1578947368421052,0,0,1,0.2039685556092944,0.883083835454882,0.9885357,0.7097662076986136,HIGH
bc1q289f7d34d6fe47dd87ca946e255554,32,12,20,0.48595301,0.90500621,0.043467475625,3812.0951497639785,25,9,16,39,5,0.0,0.45,0.1666666666666666,1.8948254358277008,0.15,0.2580645161290322,1,0.3684210526315789,0,20,0.1868978686334061,0.0512850012662029,0.2416474824784673,0.0,0,0,0,-0.13128725217305837,0.057340058731295676,0.030182047,0.030783938034551744,LOW
330c4cc66ce6941fdb90befb3be680c,20,8,12,0.64010749,0.18645711,0.04132823,6648.668737101754,16,6,10,26,6,0.0,0.5,0.125,10.873369073088046,0.0,0.631578947368421,1,0.4545454545454545,0,12,0.1881319258558578,0.0535263743138924,0.2414965166599896,0.0,0,0,0,-0.13707596541997702,0.04308230740254428,0.0045429408,0.014969015586898643,LOW
35e265096f0844075b4966fe8fc1d40,27,15,12,0.55660774,0.42062661,0.0361938648148148,5016.335937825001,25,10,15,33,4,0.0,0.5833333333333334,0.2666666666666666,1.70166214261593,0.0,0.4615384615384615,1,0.5454545454545454,0,12,0.2097251496866755,0.1285590560167032,0.2447260527981373,0.0,0,0,0,-0.1237763703330716,0.07583955610943399,0.0016251999,0.023483206802036798,LOW
181c403d6acaa4d03a0a5eec699da73,32,10,22,0.65903641,1.42117155,0.06500649875,4174.793709086021,28,7,21,36,4,0.0,0.5454545454545454,0.2,3.818850411116004,0.0454545454545454,0.5161290322580645,1,0.5238095238095238,1,22,0.1939525407458323,-0.012753327826699,0.2417759414388854,0.0454545454545454,0,0,0,-0.07084956633140604,0.20619965133145873,0.23613895,0.1681224228056533,LOW
34ae0697acf354923ac6eb45c4ed9cb,22,6,16,1.0568250099999998,0.66486783,0.0782587654545454,5944.018611465079,16,4,12,27,5,0.0,0.375,0.0,15.233237681880158,0.0625,0.4285714285714285,1,0.4666666666666667,0,16,0.2032659024293286,0.0788922143415157,0.2436952676263046,0.0,0,0,0,-0.13772070903755695,0.04149428709852464,0.10465075,0.05954112247975995,LOW
bc1qd85c8c4577c44e5dab34a490a959e7,29,16,13,1.47777445,4.51077979,0.2065018703448276,4383.55064097381,16,8,8,38,7,0.0,0.2307692307692307,0.0,1.2975880120408072,0.0,0.6785714285714286,1,0.4166666666666667,1,13,0.0996067366650144,-0.0620776474350784,0.1784799364249497,0.0769230769230769,0,0,0,-0.01034594639268227,0.3552216413280779,0.035384495,0.12248951375965517,LOW
1636332f8da9c4fe9a8221a1d7c92bb,26,10,16,0.5666920700000001,16.031160879999998,0.6383789596153846,4847.166107854,22,7,15,31,5,0.0,0.625,0.2,1.4037264817438682,0.125,0.68,1,0.4666666666666667,2,16,0.0199042699425249,-0.0659069030391645,0.0714829586784125,0.125,0,0,0,0.08043761980731157,0.578823926741982,0.032776807,0.1883967403903915,LOW
32d3009335140446fadae096205217b,36,23,13,1.3342172099999998,0.88657424,0.0616886513888888,3590.487270740476,25,9,16,43,6,0.0,0.6923076923076923,0.1304347826086956,2.15564748286678,0.0769230769230769,0.8,1,0.25,0,13,0.1641450092222519,0.0463206871929872,0.2436731717970829,0.0,0,0,0,-0.12473798523459256,0.07347107358921141,0.008614591,0.025917888032342705,LOW
3f418743bbe19446899d1c4f4a0c8ec,12,4,8,0.16033473,0.16251444,0.0269040975,8688.387162699999,11,4,7,16,3,0.0,0.5,0.25,2.9735361502443847,0.125,0.4545454545454545,1,0.4285714285714285,0,8,0.2008339627424051,0.1501087980900969,0.2381655106259169,0.0,0,0,0,-0.0686201576258536,0.21169074297446597,0.0033388247,0.0650096939369994,LOW
34d667a085b58441bafceceabf43434,22,4,18,0.34753187,1.47560043,0.08286965,5955.737636401587,16,4,12,26,2,0.0,0.4444444444444444,0.25,1.5302102466632836,0.1111111111111111,0.2857142857142857,1,0.2941176470588235,0,18,0.2036149924778909,0.0844509641481421,0.2392274518301154,0.0,0,0,0,-0.11677193575483558,0.0930916607059359,0.0009873554,0.028371808114158195,LOW
bc1qfd5f212f9e8746ae959f9fbed3be25,29,15,14,0.51695887,3.6285814,0.1429496644827586,4190.4090187988095,26,7,19,35,5,0.0,0.7857142857142857,0.1333333333333333,1.543709441784309,0.0,0.6785714285714286,1,0.6153846153846154,1,14,0.1291187183604514,-0.021100906450861,0.1992323587559043,0.0714285714285714,0,0,0,-0.04315204647982557,0.2744193633161901,0.020430056,0.09151933371314164,LOW
bc1q0d2d0412b88a487a88ece3a1e9a025,60,28,32,1.0533076199999998,2.55606997,0.0601562931666666,2057.361202823164,45,14,31,85,11,0.0338983050847457,0.34375,0.1428571428571428,15.906390893776804,0.0625,0.864406779661017,2,0.3548387096774194,0,32,0.1565764391873363,0.0347124120062645,0.2454619560853851,0.0,1,0,1,0.06068236062662147,0.5301662094188371,0.99227834,0.7055751087305736,HIGH
1cf754cdcbabf43129ba04ac3573e1b,36,24,12,2.1535345300000004,2.8417829,0.1387588175,3676.583085725714,24,15,9,45,7,0.0,0.5,0.1666666666666666,1.408920543525357,0.0833333333333333,0.7714285714285715,1,0.4545454545454545,0,12,0.1345873450115762,0.0263574969560638,0.2060401931215731,0.0,0,0,0,-0.05898374301895215,0.23542548285626674,0.007866667,0.07416764480383188,LOW
129c7b4147c2747609a5f4ea984d641,16,2,14,0.0287053099999999,1.6454527,0.104634875625,8166.443765888889,12,4,8,19,3,0.0,0.2142857142857142,0.5,1.557704586986105,0.0,0.2,1,0.6923076923076923,0,14,0.2123906999899608,0.1583288095961219,0.2377275020863697,0.0,0,0,0,-0.036078010437637864,0.2918428981291859,0.001450778,0.08820571952043425,LOW
3c1e2ad4966e447439eb0de3010c08b,26,11,15,0.69262618,1.09075268,0.0685914946153846,5020.100884455333,20,4,16,30,3,0.0,0.6,0.0909090909090909,2.418224968700589,0.0,0.52,1,0.3571428571428571,0,15,0.2004951591185795,0.1052898622427719,0.2363245941266926,0.0,0,0,0,-0.14025991472751276,0.035240157423123704,0.0017527421,0.01136078117216527,LOW
bc1qb3f38f202f4c4a2aa0557787833478,16,5,11,0.06962132,0.0905119799999999,0.01000833125,8329.920479721111,15,4,11,19,2,0.0,0.4545454545454545,0.4,2.0873705746585123,0.0,0.1333333333333333,1,0.5,0,11,0.1838077284617797,0.1265697520590696,0.2372922110008549,0.0,0,0,0,-0.07038457044019558,0.20734494830903816,0.0031381664,0.06361565927356454,LOW
315957ed9737b4071be2afaf4ac8e2b,33,18,15,2.66419147,1.23624076,0.118194916060606,3992.208780880729,21,7,14,39,5,0.0,0.5333333333333333,0.1111111111111111,9.048892718517545,0.0,0.625,1,0.3571428571428571,0,15,0.2084646310077872,0.0636005710079457,0.2422140473282276,0.0,0,0,0,-0.13003094734224319,0.06043437021414665,0.23445562,0.12363533794117042,LOW
3a8daa0bac1e040c887553b5076887a,30,21,9,0.84510279,0.42936649,0.0424823093333333,4000.6132951471263,10,5,5,35,5,0.2413793103448276,0.2222222222222222,0.0476190476190476,2.204485805979436,0.1111111111111111,0.6551724137931034,3,0.25,0,9,0.1904700457058971,0.0653996849694812,0.2404036130134552,0.0,0,0,0,-0.06556292624026072,0.21922078341539472,0.005284421,0.06814422449371448,LOW
32341bf7a5a8e46ff832397e2e4f280,12,2,10,0.04375485,0.20114791,0.0204085633333333,10922.422744689396,8,2,6,15,3,0.0,0.3,0.0,1.173115975334334,0.1,0.3636363636363636,1,0.4444444444444444,0,10,0.1894824843212666,0.1037550164169878,0.2326474188326837,0.0,0,0,0,-0.04431747691279775,0.27154887783945286,0.0073760725,0.0847838958436122,LOW
38eea54e57b6d4064af1fbf4938448e,22,9,13,0.8433421200000001,0.7121116400000003,0.0707024436363636,4690.208124284127,10,4,6,25,2,0.0,0.3076923076923077,0.1111111111111111,2.7483022661851937,0.1538461538461538,0.4285714285714285,1,0.3333333333333333,0,13,0.1921816924400587,0.0445954585324396,0.2431448503874911,0.0,0,0,0,-0.12272187210135138,0.07843681268842898,0.0047512637,0.02566911247321034,LOW
bc1q177fedfcf2cc42ffb741af63ac4097,26,11,15,0.2950903099999999,1.03346118,0.0510981342307692,4968.98393249,19,4,15,29,3,0.0,0.5333333333333333,0.0909090909090909,1.513853977629774,0.0666666666666666,0.52,1,0.5,0,15,0.2057054265032383,0.0306518079457026,0.2429588889490615,0.0,0,0,0,-0.14734131885566754,0.017798474822699802,0.006047121,0.0080607466363936,LOW
1a52c7e1aff60438990d322168f6c96,13,3,10,0.15931302,0.3399633000000001,0.0384058707692307,9312.258781311111,13,5,8,17,3,0.0,0.4,0.3333333333333333,2.1125671313845045,0.0,0.4166666666666667,1,0.2222222222222222,0,10,0.2070200262921858,0.1181514028389429,0.2417830386071123,0.0,0,0,0,-0.07506859014047768,0.19580808592582308,0.0014726825,0.05940513286113981,LOW
3899fbbd4f6a1416d8b5429e9f4dce2,51,34,17,1.20537539,0.4642446799999999,0.0327376484313725,2568.519177752,29,12,17,62,7,0.0,0.6470588235294118,0.0588235294117647,5.351496886790596,0.0,0.58,1,0.5625,0,17,0.194290093809973,0.0931450775307043,0.2415152206668457,0.0,0,0,0,-0.06912761317875721,0.21044086674548798,0.029142193,0.07624624672441963,LOW
3bf7e528b00bb45a7b3c64611b24d50,39,28,11,2.7221536800000004,0.26513252,0.076597082051282,3347.0356782385966,27,16,11,49,9,0.0,0.4545454545454545,0.2142857142857142,24.66148238206429,0.0909090909090909,0.8157894736842105,1,0.4,0,11,0.1759070526997763,0.0453201270033645,0.2407750327743737,0.0,0,0,0,-0.058268125754075195,0.23718806679745746,0.013671951,0.07730879796877572,LOW
35ca46c759126426e994099204e6424,26,13,13,1.19288008,1.3419351000000002,0.0974928915384615,5149.550702846001,24,8,16,34,7,0.0,0.6923076923076923,0.0769230769230769,4.593824497916571,0.0,0.72,1,0.5833333333333334,0,13,0.1823544681738689,0.0833240220789987,0.236480498559043,0.0,0,0,0,-0.12886627145074708,0.06330299723559783,0.034012467,0.034296508612972995,LOW
372ffd03db67c4b75833840dda61032,21,5,16,0.13483243,0.7183199400000001,0.0406263033333333,6442.78740606,19,4,15,26,4,0.0,0.5,0.0,1.944372536036997,0.0,0.35,1,0.4,0,16,0.2139313018720382,0.1205872251474659,0.2467115446239233,0.0,0,0,0,-0.12603575933953248,0.07027462220530918,0.012088905,0.026522393625501427,LOW
18f446596705b47ea8f8d182ea6faea,38,31,7,1.26672878,1.51981144,0.0733300057894736,3092.159551314865,18,10,8,47,6,0.0,0.5714285714285714,0.064516129032258,1.5397895242484907,0.0,0.7297297297297297,1,0.3333333333333333,0,7,0.1391202691316007,0.0782193502515842,0.20853231659812,0.0,0,0,0,-0.07408921957486453,0.19822030110864347,0.002162574,0.06043924867395983,LOW
1613cf1dab43a4c329599dfe4883fc0,28,14,14,0.3399297999999999,0.06843463,0.0145844439285714,4147.742924927778,18,7,11,34,5,0.0,0.5,0.0714285714285714,17.007974692945215,0.0714285714285714,0.5185185185185185,1,0.4615384615384615,0,14,0.1581086601025362,0.0688745881820888,0.2325156931888914,0.0,0,0,0,-0.13451834101839039,0.04938180284388088,0.25745553,0.1306695268651462,LOW
bc1q300c1afa089b43c888267ce4268f2d,34,18,16,0.8962313000000001,0.8828508,0.052325944117647,3708.921077444444,23,9,14,39,4,0.0,0.5625,0.2222222222222222,8.124953726605526,0.125,0.5757575757575758,1,0.4,0,16,0.2029200984350015,0.058480583225469,0.2434335446610197,0.0,1,0,1,-0.13740406941308286,0.04227417873143355,0.95244396,0.541282028456924,MEDIUM
bc1qf6446ded907f4e908e5d240be505a7,20,2,18,0.04946916,0.4474855000000001,0.024847733,6065.492696144737,19,2,17,23,3,0.0,0.6666666666666666,0.0,1.4729587005010825,0.0555555555555555,0.1578947368421052,1,0.4705882352941176,0,18,0.1934473198886133,0.080712618148519,0.2447738241021292,0.0,0,0,0,-0.105356329870187,0.12120859499301403,0.014243419,0.04277211694203582,LOW
1e70630cd9e5e456b8ad6fc0a0b5f2c,18,8,10,0.26147637,0.1990599199999999,0.0255853494444444,5810.948740267647,15,7,8,22,3,0.0,0.4,0.375,4.588485516489313,0.2,0.7058823529411765,1,0.2222222222222222,0,10,0.1787086260307867,0.0047027407778527,0.2397166879997724,0.0,0,0,0,-0.08874113575026082,0.16213225037824835,0.038733773,0.06606987256101288,LOW
bc1qcebe31f420b9478fad063e4360ee0b,20,9,11,0.4403437,0.08782057,0.0264082135,6162.972608307895,14,3,11,24,4,0.0,0.6363636363636364,0.0,12.338815344521295,0.1818181818181818,0.6842105263157895,1,0.4,0,11,0.1784634236914895,0.0350767197800159,0.2371691827624868,0.0,0,0,0,-0.12745403686458606,0.0667813677625995,0.024759408,0.03117614359519306,LOW
bc1q1f30a23242b545898f5ca57c558195,29,18,11,1.1469646000000002,0.5355226099999999,0.0580168003448275,4500.854727731547,23,10,13,35,3,0.0,0.5454545454545454,0.1666666666666666,5.893667838163223,0.0,0.75,1,0.6,0,11,0.203749297793115,0.1169110015828936,0.2463734343883861,0.0,0,0,0,-0.13298895972352037,0.053148708762170684,0.030635674,0.029730664982331338,LOW
1875960f91ccf484b86abb3d604c243,35,26,9,1.33472815,1.8963459900000004,0.092316404,3800.596108402941,19,14,5,43,6,0.0,0.2222222222222222,0.1538461538461538,1.2945986940396224,0.1111111111111111,0.7058823529411765,1,0.375,1,9,0.1177835727392577,-0.0038791696396699,0.2095982921885214,0.1111111111111111,0,0,0,-0.015780395902200928,0.3418364508012166,0.020084426,0.11158892629472107,LOW
3597cec7b458a463590bc8637f00bf7,13,6,7,1.31600445,0.44019165,0.1350920076923077,10187.391556181945,6,2,4,16,3,0.0,0.2857142857142857,0.0,6.16982539362661,0.2857142857142857,0.8333333333333334,1,0.3333333333333333,1,7,0.1516761417449921,-0.0399577104226432,0.2432696515041086,0.1428571428571428,0,0,0,0.040098099756382455,0.4794666393666776,0.22616744,0.2456153399964962,LOW
1583d366f47a444d1af79f2da41bb0c,38,21,17,0.8840234400000001,0.19975814,0.0285205678947368,3241.470822461712,27,11,16,45,6,0.054054054054054,0.7058823529411765,0.1428571428571428,27.4570372281404,0.0588235294117647,0.5135135135135135,2,0.4375,0,17,0.2124644136014867,0.1255016500649957,0.2384809568980934,0.0,0,0,0,-0.08914236747029025,0.16114400621320324,0.015369541,0.05525949527268265,LOW
323567333276e471389ff90e613d57b,48,28,20,0.60176765,0.39295678,0.020723425625,2684.580855197518,30,10,20,55,4,0.0,0.65,0.0714285714285714,6.0867061664337125,0.15,0.2978723404255319,1,0.4736842105263157,0,20,0.1902550960276497,0.0371421763390363,0.2435101938194934,0.0,0,0,0,-0.08182191361494012,0.17917447451092722,0.025531037,0.06524130899708844,LOW
34ef458497bc842f29bf06c5864dfee,35,22,13,1.6437098799999998,0.09740181,0.0497460482857142,3770.68481282598,29,14,15,44,6,0.0,0.6923076923076923,0.1818181818181818,48.81952699323385,0.1538461538461538,0.7058823529411765,1,0.4166666666666667,0,13,0.1608770846755632,0.0092778006021876,0.2410069472015727,0.0,0,0,0,-0.06666021449200521,0.21651813390383684,0.01657903,0.07241600361475219,LOW
31c6515da4bb9422599e0c00df5c51d,26,11,15,0.8078372699999999,3.2675958200000004,0.1567474265384615,5124.21319778,15,4,11,31,5,0.0,0.4666666666666667,0.0,1.4897291423031451,0.0666666666666666,0.56,1,0.4285714285714285,1,15,0.1470686465329497,-0.0364046620481701,0.2122654771509328,0.0666666666666666,0,0,0,-0.07998327334664079,0.18370309332658452,0.009286684,0.05928993583738685,LOW
168ac70e0fbe54210a9700fbc80c240,24,11,13,0.4897681000000001,0.23954472,0.0303880341666666,5230.153160651449,21,6,15,29,5,0.0,0.6923076923076923,0.0909090909090909,4.423709123906444,0.1538461538461538,0.5652173913043478,1,0.4166666666666667,0,13,0.1958165511569909,0.0374033746447581,0.2417665122462989,0.0,0,0,0,-0.14025910312955792,0.03524215641000135,0.02597128,0.02225972264223773,LOW
bc1qc20f7b81f5bf47a0868cbd2f0e5446,20,12,8,1.2943972199999998,0.40762621,0.0851011715,6562.672731125439,14,6,8,26,6,0.0,0.5,0.0833333333333333,10.31102731553588,0.25,0.7368421052631579,1,0.2857142857142857,0,8,0.1507827257556507,0.0522267847194249,0.2413130978417565,0.0,0,0,0,-0.09074724161214776,0.1571911594487297,0.006229039,0.049960415278511264,LOW
34603c2e685a646c8a99eedd4202fb7,17,4,13,0.06608695,0.57070617,0.0374584188235294,5943.080544079166,11,2,9,20,3,0.0,0.3076923076923077,0.0,1.245065749970302,0.0,0.5,1,0.5,0,13,0.2047979814104868,0.0906269702902785,0.2442442182070506,0.0,0,0,0,-0.11838333428149894,0.08912274421194438,0.0036216683,0.02836657397356404,LOW
bc1q8009cb64432d4859993724254eaaec,39,26,13,1.8235811,0.6933466900000002,0.06453661,3400.518615292544,20,10,10,47,4,0.0,0.5384615384615384,0.0769230769230769,5.056465764660536,0.0769230769230769,0.631578947368421,1,0.4166666666666667,0,13,0.2099151770173621,0.0615680016687495,0.2470799190362363,0.0,0,0,0,-0.12506695546734037,0.07266081134732606,0.006703885,0.02481499140413416,LOW
34f9e13e90469420ca574a4fd276240,33,18,15,0.95228733,0.38226255,0.0404409054545454,3992.604785332812,26,11,15,40,6,0.0,0.5333333333333333,0.1666666666666666,4.551770337212405,0.1333333333333333,0.75,1,0.3571428571428571,0,15,0.2003720723445097,0.0437554718241253,0.2464076077326395,0.0,0,0,0,-0.13629139902866505,0.04501471483595383,0.0050529935,0.015778261566943563,LOW
1a969f55909d74cba9a5a76671b389e,28,13,15,0.3689377499999999,1.58245644,0.0696926496428571,4755.004467168518,23,8,15,35,5,0.0,0.5333333333333333,0.0769230769230769,1.5606077795881996,0.0666666666666666,0.5555555555555556,1,0.5,0,15,0.2065488153286032,0.1314979424719636,0.2406336779130239,0.0,0,0,0,-0.14086142116014416,0.03375863143050902,0.0049360483,0.012348810999078252,LOW
3fd0c3ea0caf94c95bc11f41726eb9f,17,6,11,1.07717778,0.0951824799999999,0.0689623682352941,7800.498497865626,9,3,6,21,3,0.0,0.3636363636363636,0.0,35.22645172595059,0.0909090909090909,0.3125,1,0.4,1,11,0.1748119869023993,-0.0025860869275813,0.2433890703834269,0.0909090909090909,0,0,0,-0.053876300659420784,0.24800524626515422,0.019376848,0.08312115505886708,LOW
3c476e5ad610345eea196387b2be5e6,22,8,14,0.3949175099999999,3.1467382399999995,0.1609843522727272,6030.086659426191,15,4,11,27,5,0.0,0.5,0.0,1.675968788382946,0.0,0.4761904761904761,1,0.3076923076923077,0,14,0.1451446217185445,0.0483869849663803,0.2291042045521512,0.0,0,0,0,-0.11891236610908523,0.08781972505708553,0.00961179,0.030671223094493202,LOW
116d1dffebaa94955b8dafaf8f5e68e,26,10,16,0.109038,0.8100062299999999,0.035347855,4713.721885998,14,4,10,31,5,0.0,0.375,0.0,1.358535394971459,0.0,0.64,1,0.4666666666666667,0,16,0.2156944228905404,0.1926649578636199,0.2439375059285454,0.0,0,0,0,-0.11675762102360387,0.09312691826137763,0.0040476373,0.029759512281269912,LOW
37f474518865148ef95c269d0bdbb9d,42,25,17,2.27860142,1.2904885999999998,0.0849783338095238,3149.4732265097564,31,11,20,49,7,0.073170731707317,0.7058823529411765,0.16,3.454639805701301,0.1176470588235294,0.7804878048780488,3,0.25,2,17,0.1738656401292926,-0.015302677724956,0.2379617846914205,0.1176470588235294,0,0,0,-0.01538033631779212,0.34282180796573336,0.009217201,0.10699428247067265,LOW
30918eb80135c42ecb7e50715861d77,26,17,9,2.42569506,0.36834299,0.1074630019230769,4776.637434685334,18,9,9,33,5,0.04,0.3333333333333333,0.1764705882352941,7.457491912621482,0.0,0.84,2,0.5,1,9,0.1828846371985211,-0.0402094599725835,0.2434512996887645,0.1111111111111111,0,0,0,-0.04344609857755727,0.27369510534929425,0.008855915,0.08609369303219673,LOW
1cd4e11985ea74a369921f74af295ff,30,10,20,0.28535745,1.80572427,0.069702724,4447.149851556322,20,3,17,34,4,0.0,0.5,0.0,1.5985049692497295,0.05,0.5517241379310345,1,0.4210526315789473,0,20,0.1856900331971233,0.0074496549138887,0.2423778278236318,0.0,0,0,0,-0.12627393265989628,0.06968799512083619,0.047769535,0.042402688877270486,LOW
10a0d1e4ae0c5411a950a3b8f26d1b2,23,10,13,0.27680819,0.70268514,0.0425866665217391,5631.162172639394,21,5,16,28,4,0.0,0.7692307692307693,0.1,1.3704522058536814,0.0,0.5,1,0.4166666666666667,0,13,0.207733064048233,0.1204627945527865,0.2418124442796546,0.0,0,0,0,-0.1273852357510219,0.06695082669526667,0.002459847,0.02119217913805047,LOW
bc1q13389d67362b4dd782473d1ecd552c,33,17,16,1.94827792,0.59000939,0.0769177972727272,4022.0068654911456,22,5,17,39,4,0.0,0.625,0.0,7.338072949897234,0.125,0.4375,1,0.4666666666666667,0,16,0.176179682055192,0.0529015420592826,0.2417706333551839,0.0,0,0,0,-0.13315297031481732,0.05274474640883799,0.042687733,0.0350329038357669,LOW
3fe62deb1c0c54fbfb9be81eb117f23,41,23,18,0.93469641,1.32114629,0.0550205536585365,3189.88990008875,23,7,16,48,5,0.0,0.6111111111111112,0.0434782608695652,1.919528874693183,0.0,0.65,1,0.5882352941176471,0,18,0.1922939519888195,0.1061719560489083,0.2459148289712252,0.0,0,0,0,-0.1290844131769665,0.0627657084886528,0.0063538244,0.02168893338663271,LOW
151a155f8acb4442f95e0e0ba364ade,31,19,12,1.00358461,1.13481036,0.0689804829032258,4164.612297717777,13,4,9,36,5,0.0,0.4166666666666667,0.0,1.3546006216830817,0.0833333333333333,0.7,1,0.3636363636363636,0,12,0.2075287060055138,0.081369960788351,0.2362476965450258,0.0,0,0,0,-0.1398346602224887,0.03628757033259746,0.0008579244,0.011272337077870448,LOW
bc1q5473d0c8c0ad446391f7bf323bea1e,8,1,7,0.02794272,0.3507390199999999,0.0473352175,15917.845424619049,8,1,7,10,2,0.0,0.4285714285714285,0.0,1.2019313288129827,0.0,0.2857142857142857,1,0.5,0,7,0.1763018832259064,0.0871183854377652,0.232561917661302,0.0,0,0,0,-0.007928098266577754,0.36117686416642386,0.0042919987,0.11028445858973716,LOW
bc1q2a8d7cb2e572417389b2acd29b41bf,22,7,15,0.24933404,1.8102109,0.093615679090909,5253.1036392992055,15,3,12,26,3,0.0,0.4666666666666667,0.0,1.3370938371674457,0.0,0.4285714285714285,1,0.4285714285714285,0,15,0.2103460721749632,0.0955690181825449,0.2442570959472143,0.0,0,0,0,-0.13160586200534818,0.056555314425278884,0.0025455845,0.018112107357352726,LOW
39857e922c2b1448c98ad8a4c96f576,28,14,14,0.5083500000000001,0.1343697,0.022954275,4785.971252589507,19,6,13,34,4,0.0,0.5714285714285714,0.0714285714285714,9.881724234592715,0.0714285714285714,0.6296296296296297,1,0.3076923076923077,0,14,0.1725615631877317,0.0005338405124447,0.2377212739549676,0.0,0,0,0,-0.13895968129713954,0.03844266618955099,0.008845252,0.015513163110369335,LOW
32a3721f0db994f47b6f5f00534fe3e,57,16,41,7.550497269999998,6.68559209,0.2497559536842105,2302.124308165773,75,31,44,87,11,0.4464285714285714,0.2439024390243902,0.125,396.55454540956674,0.3902439024390244,0.75,3,0.75,9,41,0.098220008349869,-0.0412927079248747,0.2349491945751006,0.2195121951219512,0,0,1,0.25143706132775645,1.0,0.9853461,0.7434057176113129,HIGH
1ca4f9b01bc154322920359141c8232,32,15,17,0.33555039,2.9215292200000005,0.1017837378125,4033.342793764516,23,4,19,37,4,0.064516129032258,0.5882352941176471,0.0,1.2780364296264903,0.0,0.4516129032258064,2,0.4375,0,17,0.1865737974010618,0.0622398590378159,0.2294605966123363,0.0,0,0,0,-0.10289974665830742,0.1272592233553722,0.0084960135,0.042000973068108995,LOW
bc1qa0dc7cb0ba5f4aa1b79ff0075ee6ca,26,13,13,0.5152118600000001,0.35753087,0.033567028076923,5128.577667378,17,7,10,32,5,0.0,0.3846153846153846,0.0769230769230769,2.757698295661825,0.0,0.68,1,0.4166666666666667,0,13,0.209081139290339,0.0915404892026312,0.2406857226218161,0.0,0,0,0,-0.1502128809515058,0.010725742672886741,0.0007747071,0.0035663409977238747,LOW
360c4afdb574f41bd871f426cb0f8d2,33,22,11,1.6054569800000005,0.67098519,0.068983096060606,3897.358563229688,17,7,10,40,6,0.0,0.3636363636363636,0.0454545454545454,3.097627724826834,0.0909090909090909,0.75,1,0.5,1,11,0.2033374806119842,-0.0113545144701572,0.2405968652724412,0.0909090909090909,0,0,0,-0.09368796010498653,0.14994809329390257,0.0062252646,0.04778579693251767,LOW
30f9514bc9def4c1ebc17c1f1a6ecdb,45,11,34,7.72560276,8.65733422,0.3640652662222222,2926.578552751136,61,31,30,76,11,0.5454545454545454,0.088235294117647,0.1818181818181818,40.44059104890329,0.1176470588235294,0.8181818181818182,5,0.8787878787878788,10,34,0.0675305831015598,-0.0416166442765577,0.237211514829652,0.2941176470588235,0,0,1,0.23483403889388588,0.9591063237941843,0.98402923,0.7305450551735335,HIGH
3405f3deb63454ce882f1637db243e5,22,11,11,0.30458927,2.82846668,0.1424116340909091,5594.736975669048,16,5,11,28,4,0.0,0.4545454545454545,0.0,1.3030920158632922,0.0909090909090909,0.6666666666666666,1,0.5,0,11,0.128654982897922,0.010909316247708,0.200002976494826,0.0,0,0,0,-0.11055027453541916,0.10841577415470526,0.019290533,0.04120547168643547,LOW
bc1q0841e146cb0040fea605bb52f68378,15,3,12,0.0529835799999999,0.55419864,0.0404788146666666,6981.914220289285,11,1,10,17,2,0.0,0.4166666666666667,0.0,1.4548932940671255,0.1666666666666666,0.2857142857142857,1,0.3636363636363636,0,12,0.1861997194106121,0.053817986123696,0.2419710477490983,0.0,0,0,0,-0.11156314199334288,0.10592105525465469,0.0073205014,0.03507054212572175,LOW
bc1q23969b4225814720b3e4d6d1d8f7ff,36,23,13,0.98848476,0.2649366,0.0348172599999999,3467.567686219524,21,10,11,45,7,0.0,0.5384615384615384,0.0869565217391304,8.982434111706727,0.0769230769230769,0.6857142857142857,1,0.1666666666666666,0,13,0.1702545412310861,0.0465602486668178,0.2390962594173376,0.0,0,0,0,-0.1314057651511502,0.05704815818297214,0.02285208,0.027397883149764973,LOW
1a77ce2b0301f487a9848e3caf64f4d,20,7,13,0.51380135,0.16196795,0.033788465,5248.242802714912,19,7,12,26,4,0.0,0.6153846153846154,0.1428571428571428,24.21845998609161,0.0769230769230769,0.5789473684210527,1,0.1666666666666666,0,13,0.2093547391827652,0.0434625816058699,0.2440200321960982,0.0,0,0,0,-0.1304372029933784,0.059433751976083256,0.0048557143,0.020015196945694248,LOW
336f3e6f4a83c4f5aa9264687d5ffad,21,9,12,1.71179973,0.29675692,0.0956455547619047,5975.4498641400005,15,3,12,23,2,0.0,0.5,0.1111111111111111,9.463756663281174,0.1666666666666666,0.55,1,0.1818181818181818,0,12,0.162819096814393,0.0628486257295335,0.2339179122599423,0.0,0,0,0,-0.11625116857224255,0.0943743238251599,0.0063500474,0.031169818323886163,LOW
1d4b5ebb5632e4b85b1420fd4b2fb94,32,17,15,0.6322394299999999,0.13758239,0.024056931875,4134.63445533871,24,8,16,40,5,0.0,0.6,0.0588235294117647,12.402710114997308,0.1333333333333333,0.7419354838709677,1,0.3571428571428571,0,15,0.1952866211266043,0.0640183935044496,0.2368272039108463,0.0,0,0,0,-0.13648263949179745,0.044543684599866656,0.033833597,0.028588223406097346,LOW
174ba438c7b894ac7a98f7a80102a9f,28,13,15,0.30007722,1.7596966200000002,0.0735633514285714,4728.40908489321,21,8,13,34,5,0.0,0.6,0.1538461538461538,1.2585274849171966,0.1333333333333333,0.5185185185185185,1,0.4285714285714285,0,15,0.172611008058029,0.0127221183394979,0.2295326541658368,0.0,0,0,0,-0.13432219606773088,0.04986491296034451,0.011920491,0.020323694943163977,LOW
33b1143a5c7414addbacaed9478ed59,20,8,12,0.32416862,0.84048606,0.0582327339999999,6840.736252558771,15,5,10,26,5,0.0,0.5,0.0,1.6287896242543596,0.0,0.4736842105263157,1,0.4545454545454545,0,12,0.2077321472837822,0.0650811083391664,0.2457598434339164,0.0,0,0,0,-0.14393626971373946,0.026185199446454695,0.0020685773,0.008786419599439963,LOW
bc1q67510110d91847f690430c88a5516b,25,13,12,1.2882728199999998,1.04846839,0.0934696484,5471.608777990972,15,6,9,29,4,0.0,0.3333333333333333,0.1538461538461538,2.347143366343877,0.0833333333333333,0.625,1,0.2727272727272727,0,12,0.1932561701956495,0.0527144365195091,0.2425466532280648,0.0,0,0,0,-0.14326211790907034,0.027845652880370726,0.0009965184,0.008802129138980094,LOW
3249a4b23fb6a4fe78e187d17932bff,26,18,8,0.93389464,0.53006466,0.0563061269230769,4795.149343924667,19,11,8,36,7,0.0,0.5,0.0555555555555555,2.416429590876231,0.0,0.8,1,0.7142857142857143,0,8,0.1981519313592123,0.1169520034294754,0.2425936569523952,0.0,0,0,0,-0.11593824626015797,0.09514505962094226,0.0025046137,0.029670593988703364,LOW
3e6cd21fb11494577b09d0517043924,30,20,10,1.93550662,1.14586146,0.1027122693333333,4440.445134129311,12,8,4,39,6,0.0,0.2,0.0,3.336322924145503,0.0,0.7241379310344828,1,0.4444444444444444,0,10,0.191400230237302,0.0872399998157793,0.2343789132120271,0.0,0,0,0,-0.10012693249195809,0.13408873678578648,0.010025991,0.04473831685657415,LOW
341ed66d14a4b4fcbb5649dda1d0cd7,15,1,14,0.04551769,0.58939389,0.0423274386666666,8270.078337784524,13,1,12,17,2,0.0,0.3571428571428571,0.0,1.3673957240962022,0.0,0.1428571428571428,1,0.3846153846153846,0,14,0.2050972250251519,0.0562336500420502,0.2446999848145103,0.0,0,0,0,-0.1009200563480332,0.13213525209403074,0.004733832,0.04177079999767552,LOW
bc1q8a48d5887e014e9bba4af0fa2969d0,19,12,7,0.60473706,1.26904386,0.0986200484210526,7202.577619237037,10,4,6,24,4,0.0,0.5714285714285714,0.0,1.37958856083173,0.0,0.8888888888888888,1,0.6666666666666666,0,7,0.1447942494682642,0.0186840779939946,0.2290512328226842,0.0,0,0,0,-0.10084600906810942,0.13231763247092806,0.0024617244,0.04080306569673938,LOW
1de34abba46114c23bcffe5617c6708,33,14,19,0.6374709700000002,0.4695983399999999,0.0335475548484848,4080.063192210938,21,5,16,39,4,0.0,0.4210526315789473,0.0,3.466879732559576,0.0,0.34375,1,0.5,0,19,0.1968126373402882,0.045924112206127,0.2385067267635868,0.0,0,0,0,-0.1379358810298888,0.04096431288340655,0.012744889,0.018024493763503333,LOW
3482f769758f144c9875299248a47f7,31,17,14,0.34323687,0.26706978,0.0196873112903225,4209.558443655,22,5,17,37,4,0.0,0.7142857142857143,0.0,5.118064489745393,0.0714285714285714,0.5,1,0.5384615384615384,0,14,0.2011202830155635,0.0713313608445619,0.2384604063048201,0.0,0,0,0,-0.13064505516933772,0.05892180665912612,0.05234344,0.041231088756270365,LOW
1317269b1868f4e3e9ca16b0c5b8c7d,38,24,14,1.1143885400000002,0.38819545,0.0395416839473684,3457.063233234685,23,12,11,48,6,0.0,0.4285714285714285,0.0833333333333333,5.9416791388850685,0.0714285714285714,0.6756756756756757,1,0.4615384615384615,0,14,0.2094609533575877,0.0930373863525881,0.2439667384397582,0.0,0,0,0,-0.13662918929757778,0.04418272861552852,0.0037702518,0.014951431852653973,LOW
16cbd9cda844045dbbf4c889ba67636,30,15,15,0.58101027,1.54048749,0.070716592,4282.512637925288,26,8,18,35,4,0.0,0.7333333333333333,0.1333333333333333,1.471680423799603,0.0,0.5517241379310345,1,0.4285714285714285,0,15,0.1899478716249293,0.0440144774565154,0.2395618496297859,0.0,0,0,0,-0.13370187782309756,0.0513927729353359,0.0028030681,0.01667921249810757,LOW
38f0c83f197cf475cab81625929b00a,23,10,13,0.29873389,0.7322669399999999,0.0448261230434782,5367.353687279546,20,7,13,29,6,0.0,0.6923076923076923,0.2,1.5020355502292104,0.0,0.6363636363636364,1,0.5,0,13,0.2186707394179289,0.1682825275834097,0.2434671349625589,0.0,0,0,0,-0.1181384357154362,0.0897259357515407,0.0014874805,0.02758714693988658,LOW
31fd30e2e615f40c088e1578936a971,17,7,10,0.1971319799999999,0.3676680799999999,0.0332235329411764,6502.648510814584,14,4,10,20,3,0.0,0.5,0.1428571428571428,1.205583476103956,0.0,0.5625,1,0.4444444444444444,0,10,0.2189495354649092,0.1782810450403296,0.2442125032481092,0.0,0,0,0,-0.10346050120160172,0.12587807032641307,0.0008881632,0.03816309454284134,LOW
bc1q3984fa5fc7d64984b2c0ec8f27521c,32,17,15,0.4036588099999999,1.0909906800000002,0.0467077965625,3808.530577783333,23,9,14,38,5,0.0,0.6,0.1764705882352941,1.6145966120227453,0.0,0.6774193548387096,1,0.5,0,15,0.2060645097730389,0.1470164229930979,0.2434043661838105,0.0,0,0,0,-0.13048796218384734,0.0593087307693859,0.0016663078,0.01854245771107599,LOW
199fd158a591a438399bcf91c067b50,58,11,47,0.44950681,5.036083550000002,0.094579144137931,2275.5953117002923,51,9,42,64,6,0.5087719298245614,0.5319148936170213,0.1818181818181818,1.42577119163513,0.0851063829787234,0.2280701754385964,8,0.4130434782608695,12,47,0.0929344105409853,-0.0914347608874389,0.2408974204327229,0.2553191489361702,0,0,1,0.17529662611503094,0.8124641271695726,0.81332546,0.6097356883366476,HIGH
bc1q93955301d4e048d597ffb3f137da24,26,16,10,0.47960115,1.90730606,0.0918041234615384,4972.47167616,20,10,10,33,6,0.0,0.4,0.1875,1.1890119636096683,0.0,0.76,1,0.6666666666666666,0,10,0.1618898142105166,0.0353799215980578,0.2218593612921229,0.0,0,0,0,-0.11762361649729741,0.09099394887956914,0.008074162,0.03093155738233905,LOW
bc1qf58f0ced28984647befbde11f769ce,13,7,6,0.09194837,0.05998499,0.0116871815384615,10457.476332483337,8,5,3,17,4,0.0,0.1666666666666666,0.1428571428571428,2.2056580701420283,0.1666666666666666,0.75,1,0.4,0,6,0.1570357139691135,0.0677552601352585,0.2393881531816274,0.0,0,0,0,-0.027625527686814366,0.3126615830477991,0.0061345035,0.09655900140566881,LOW
bc1q3fc6c0d5d6a3460bac4ee27415a149,20,14,6,0.5579551700000001,0.47240598,0.0515180575,6503.105151791228,15,7,8,28,6,0.0,0.6666666666666666,0.0,1.386309481687937,0.1666666666666666,0.8421052631578947,1,0.2,0,6,0.1623789033751655,0.0456443646818987,0.238017693795882,0.0,0,0,0,-0.09074366759943109,0.15719996233503386,0.0022824493,0.04818709081700553,LOW
bc1q954b47b099c04e9bb398992c5fc353,38,17,21,0.38347261,1.3590722199999998,0.0458564428947368,3209.3493072364863,30,7,23,43,4,0.0,0.7142857142857143,0.1764705882352941,1.7754210053684962,0.0,0.3513513513513513,1,0.55,0,21,0.212429904387424,0.1359573436059772,0.2463142746601903,0.0,0,0,0,-0.07567803279454094,0.19430701281334964,0.0028328474,0.059566885145622514,LOW
bc1qe5c8e1f2ecc14852b6bd3b366f1685,28,17,11,0.38545092,1.27719722,0.0593802907142857,4259.0416240086415,14,7,7,36,5,0.0,0.3636363636363636,0.0,1.6729486616792328,0.0,0.5185185185185185,1,0.4,0,11,0.166540722488074,0.0878771488734135,0.2373688536202832,0.0,0,0,0,-0.13707140693282382,0.043093535074998114,0.019178025,0.021558171404722087,LOW
1ac654f5d513a4235b43aa72828f8d8,23,16,7,1.27789199,0.61659279,0.0823689034782608,4553.264185780304,12,6,6,29,5,0.0,0.5714285714285714,0.0625,2.1160613885816337,0.1428571428571428,0.7727272727272727,1,0.3333333333333333,0,7,0.1962935829558181,0.0212457747763006,0.2415114226538546,0.0,0,0,0,-0.11334309276010057,0.10153699020818512,0.0005655764,0.030715606450924693,LOW
18b32064382134aff9c2b33cbbeefe9,17,7,10,0.34589432,0.42858936,0.0455578635294117,7590.5759296270835,17,5,12,23,5,0.0,0.7,0.0,3.728679747532761,0.1,0.625,1,0.4444444444444444,0,10,0.1849885256027065,0.0887273807621982,0.2436451978324054,0.0,0,0,0,-0.11549524253148108,0.09623618933004419,0.009086785,0.032959910053587796,LOW
3eab73c5f849c4b62a3462d43c00fc2,33,17,16,0.49873032,0.25976959,0.0229848457575757,3751.784197784375,24,7,17,39,4,0.0,0.625,0.0588235294117647,7.475386307085151,0.0625,0.375,1,0.2,0,16,0.2132096271472158,0.1655648050572648,0.2376745425255446,0.0,0,0,0,-0.12999828909000954,0.060514808339048896,0.041928235,0.03702214751904293,LOW
bc1q6ba09008447f42d49a3cc68fffd031,13,3,10,0.24361769,0.44044905,0.0526205184615384,10691.364746944444,13,2,11,16,3,0.0,0.6,0.0,2.668665946764792,0.1,0.5,1,0.4444444444444444,0,10,0.1607084253190585,0.0382108555120855,0.2425647874772232,0.0,0,0,0,-0.07236110727726913,0.20247668665691498,0.016501565,0.06816871003670777,LOW
1fa458459fa8447608996ace39e0e19,18,9,9,0.4069127700000001,0.37901165,0.0436624677777777,7238.331666564706,12,4,8,23,4,0.0,0.3333333333333333,0.0,1.745682411089291,0.1111111111111111,0.7647058823529411,1,0.375,1,9,0.1660001726697967,-0.0262260083556264,0.2413042754290163,0.1111111111111111,0,0,0,-0.0744211261242198,0.1974028066425615,0.0053501762,0.06162842120987455,LOW
1883de27b037244d586ba39133cf1c7,35,14,21,1.4746782099999998,0.8540323099999998,0.0665345862857142,3707.1099028102944,26,8,18,41,5,0.0,0.3809523809523809,0.2142857142857142,9.535027092916996,0.0,0.5882352941176471,1,0.35,0,21,0.2242512280086054,0.1726806441659578,0.2437870763180452,0.0,0,0,0,-0.0827924096039252,0.17678411764122645,0.6035256,0.32462174285119055,LOW
36d088c64c04c4bbfb531a48ce9b5df,19,3,16,0.0538492899999999,0.3052194199999999,0.0188983531578947,7026.474756764815,12,2,10,22,3,0.0,0.375,0.0,1.4661503850757394,0.0,0.2777777777777778,1,0.4,0,16,0.2104510697427977,0.1580340650404013,0.2421682795541574,0.0,0,0,0,-0.10263915446949812,0.12790106869608517,0.002875366,0.03966423523424672,LOW
bc1qf69f448510b94b9e9ee17b15cda63a,53,40,13,1.1120718400000005,0.37807703,0.0281160164150943,2443.5088843275644,24,11,13,61,6,0.0961538461538461,0.6923076923076923,0.075,3.52552549241484,0.0769230769230769,0.75,3,0.4166666666666667,1,13,0.1883086470000569,-0.0284114383246778,0.2427602337214539,0.0769230769230769,0,0,0,-0.008623706924869079,0.35946356194380585,0.0017570156,0.10862972559307117,LOW
371bdb80842d24b5e884ee042f24c35,12,1,11,0.07378632,0.8602169000000001,0.0778336016666666,11808.727802839394,16,1,15,14,2,0.0,0.7272727272727273,0.0,1.4458750667497782,0.0909090909090909,0.1818181818181818,1,0.3,0,11,0.1975725014073541,0.0561232720720822,0.2392403268004684,0.0,0,0,0,-0.05241058536620247,0.2516153411650145,0.01976616,0.0843793736870135,LOW
bc1q40a83c7c3f714d9ba048efb4d06db7,30,9,21,0.20452312,2.60623737,0.0936920163333333,4418.9162414051725,25,8,17,37,7,0.0,0.4761904761904761,0.1111111111111111,1.3940315199231947,0.0,0.4827586206896552,1,0.45,0,21,0.1971661761503526,0.0669382605668289,0.2374961121251664,0.0,0,0,0,-0.10500209233346391,0.12208109126195527,0.017748274,0.04461105082394247,LOW
bc1qb6988b50d55c45caaffe980278d0a4,24,6,18,0.21369853,0.3767218,0.0246008470833333,4842.952092100724,23,7,16,28,4,0.0,0.5,0.3333333333333333,3.679434111976234,0.0555555555555555,0.4347826086956521,1,0.5294117647058824,0,18,0.2003348986881662,0.113749940951457,0.2418692419321335,0.0,0,0,0,-0.11750661755500308,0.09128212031833362,0.014337218,0.03383638440701971,LOW
1753b53e308e34ec28ade3035ce0a81,25,13,12,0.5164446400000001,0.0562583799999999,0.0229081208,4968.5117270875,11,6,5,31,4,0.0,0.1666666666666666,0.0769230769230769,26.85315532416655,0.0833333333333333,0.7916666666666666,1,0.3636363636363636,1,12,0.1391985877975181,-0.0016922779538169,0.2296444141478555,0.0833333333333333,0,0,0,-0.07152638036311854,0.20453264076307326,0.011248676,0.06642169619737538,LOW
bc1qd9e77bf7225f4547b9d4590df9d99a,14,6,8,0.29413918,0.6409857400000001,0.0667946371428571,7643.456926929487,15,4,11,19,4,0.0,0.75,0.0,1.4010227921997134,0.25,0.6153846153846154,1,0.1428571428571428,0,8,0.1510332336077729,0.0399090874424628,0.2335727815899724,0.0,0,0,0,-0.07221688057526054,0.2028319207762245,0.008240777,0.06455792577369701,LOW
3f22884e440cd4dd78cacb172275396,26,15,11,0.35104879,0.20693497,0.0214609138461538,4725.094908143333,24,11,13,33,5,0.0,0.6363636363636364,0.2666666666666666,4.115411642590286,0.0,0.64,1,0.5,0,11,0.21077906899678,0.0888926366160085,0.243215663185286,0.0,0,0,0,-0.12821657960954375,0.06490320514313698,0.003608577,0.02109482117197609,LOW
bc1q74e34849627d48fdb9f473ede70c91,26,9,17,0.16701949,0.43759886,0.0232545519230769,4639.328368098667,22,3,19,30,3,0.0,0.4705882352941176,0.0,2.1635539516916986,0.0588235294117647,0.32,1,0.3125,0,17,0.2049860034767513,0.1170479924255479,0.2462668254716944,0.0,0,0,0,-0.12552886992670625,0.07152310401654766,0.024838407,0.03263421398537315,LOW
3bff83e9fcb67455194f388b315d63a,25,12,13,0.97255647,1.95829337,0.1172339936,5267.095340325694,17,6,11,30,4,0.0,0.5384615384615384,0.0833333333333333,1.9756604317159487,0.0769230769230769,0.5833333333333334,1,0.3333333333333333,0,13,0.1665816674576381,0.0242507392135042,0.2257592170101769,0.0,0,0,0,-0.14069384837478077,0.03417136756050289,0.0035291992,0.011839549834743739,LOW
19b0bc30b44fb49dd8110a284d5e775,29,15,14,1.54168316,1.95250525,0.1204892555172413,4230.290415201191,23,11,12,37,5,0.0,0.5,0.2,4.225941755690886,0.0714285714285714,0.6071428571428571,1,0.3846153846153846,0,14,0.1780309363589188,0.0446890752090328,0.2406660806662316,0.0,0,0,0,-0.1337349382008634,0.051311344364785974,0.026120938,0.02714782482668871,LOW
16c27200a38fa4626826e569a865acd,29,15,14,0.31068067,0.40095159,0.0245390434482758,4609.823582057143,25,10,15,35,5,0.0,0.6428571428571429,0.2666666666666666,2.18999471725378,0.2857142857142857,0.5714285714285714,1,0.2307692307692307,0,14,0.1620334956739557,0.0114482445629401,0.2409532305051256,0.0,0,0,0,-0.09819443839289682,0.13884852002835105,0.025981698,0.05334632000558325,LOW
3e6f6e2ea66264cd29a44d5400ca356,24,7,17,0.61739499,8.49093029,0.3795135533333333,5252.658437515943,22,7,15,30,4,0.0,0.4117647058823529,0.1428571428571428,1.562359389997951,0.0588235294117647,0.4782608695652174,1,0.4375,1,17,0.091571386718674,-0.0036691846315199,0.1457266356999975,0.0588235294117647,0,0,0,-0.00013998892761546422,0.3803591800870057,0.056561507,0.1395604311866032,LOW
12917aca81a7941369935232033184a,43,29,14,1.64418548,0.1363986699999999,0.0414089337209302,3132.970233131746,21,11,10,54,6,0.0,0.4285714285714285,0.0344827586206896,13.014124591933289,0.0,0.7619047619047619,1,0.4615384615384615,0,14,0.188609533707337,0.0752565780715254,0.2343784292041339,0.0,0,0,0,-0.10644217688247032,0.11853412555190912,0.02259694,0.04572886084477005,LOW
1371f072cce364e848be3fc4f0d243a,42,10,32,6.26937635,6.138407179999998,0.2954234173809523,3119.4359301601626,61,29,32,72,11,0.5853658536585366,0.0625,0.1,278.21585258874825,0.21875,0.8048780487804879,6,0.8064516129032258,7,32,0.0799153500862056,-0.031580435391626,0.2417822818040311,0.21875,0,0,1,0.2307253095414592,0.948986416504732,0.98565453,0.7282404617804143,HIGH
bc1qdc655ec10d94496b82bd078533c99c,14,3,11,0.0221499399999999,1.13565203,0.0827001407142857,7213.710072302564,13,6,7,17,3,0.0,0.4545454545454545,1.0,1.119641120477858,0.0,0.3846153846153846,1,0.4,0,11,0.2198164230535409,0.1787010874082649,0.2383734399943812,0.0,0,0,0,-0.020249047215501692,0.33083004635825075,0.0009563631,0.09967937728340161,LOW
1f708887430f54f7b80084790202397,30,9,21,0.7278392199999999,5.17813643,0.196865855,4224.040242843103,29,10,19,35,5,0.0,0.5238095238095238,0.4444444444444444,7.200489735862863,0.0,0.4482758620689655,1,0.5,0,21,0.1689050262049391,0.0298192642608686,0.2227637792164309,0.0,1,0,1,-0.041568582688066236,0.27831947583135125,0.91865844,0.5968921416347508,MEDIUM
bc1q654df7748f0d44cd87324c6466bed1,24,8,16,0.64986322,1.5483033,0.0915902716666666,5075.293617009421,13,4,9,29,5,0.0,0.4375,0.0,2.183391879092447,0.0625,0.4347826086956521,1,0.4666666666666667,0,16,0.2070115487630629,0.0489272986909181,0.2394419785442513,0.0,0,0,0,-0.1397415517821482,0.03651689884350432,0.0011512806,0.011473145891273717,LOW
3059c79b94d1e495abced257fe00dee,36,23,13,1.4199511999999996,0.10424582,0.0423388061111111,3691.370474748095,27,12,15,45,6,0.0,0.6923076923076923,0.1304347826086956,12.13855065294816,0.0769230769230769,0.8285714285714286,1,0.5833333333333334,0,13,0.168159577872067,0.034403308858235,0.2403934068713961,0.0,0,0,0,-0.11434343899497607,0.09907311140625973,0.01611927,0.03697560448685079,LOW
1ffa841365ac1412cab18a6ffa7f548,33,15,18,0.8281358600000001,5.049533429999999,0.1781111906060606,3457.499415746875,25,8,17,39,4,0.0,0.4444444444444444,0.1333333333333333,1.5221997721196916,0.2222222222222222,0.71875,1,0.4117647058823529,0,18,0.1213334726106771,0.0088149540221982,0.2016750648663314,0.0,0,0,0,-0.0720240760847286,0.20330680325248712,0.07312771,0.0938995083112087,LOW
bc1qf02e0fa1260d43c8916e2964df4198,45,30,15,1.61922023,0.22981442,0.0410896588888888,2726.5735683564394,31,14,17,56,7,0.0909090909090909,0.6666666666666666,0.1,13.481347793209975,0.1333333333333333,0.6818181818181818,3,0.5,0,15,0.1865699752139217,0.0169492913999144,0.2458577836731595,0.0,0,0,0,-0.057203660140363766,0.23980987329761239,0.0142468605,0.07835404922285691,LOW
18d1e710171fc469386c84c8d9d0b3a,50,30,20,1.86960076,1.02505303,0.0578930758,2606.888933032313,31,11,20,58,5,0.0,0.6,0.1,5.08189091945285,0.1,0.7142857142857143,1,0.5789473684210527,0,20,0.1879865326998863,0.052013615032616,0.2431766696739142,0.0,0,0,0,-0.0949069101496065,0.14694578762128818,0.011830863,0.04940762408904692,LOW
bc1q06ff5131e9544c65b87136afe392c4,35,20,15,1.11262727,3.55719045,0.1334233634285714,3753.1475751519606,28,14,14,45,6,0.0,0.6,0.2,1.8070982179963664,0.0666666666666666,0.7647058823529411,1,0.5714285714285714,1,15,0.1560176415854137,-0.0034013691794595,0.2145687151953642,0.0666666666666666,0,0,0,-0.05917996600342157,0.23494218054049912,0.00940392,0.07471441816578418,LOW
bc1q10a293f9c993476985eae75083eef6,17,1,16,0.0098407,0.67769899,0.0404435111764705,8214.079693409374,13,2,11,19,2,0.0,0.4375,1.0,1.2526366360074503,0.125,0.0625,1,0.2666666666666666,0,16,0.1988960569130352,0.0357091788747765,0.244387503398811,0.0,0,0,0,-0.041635364563418154,0.2781549903349342,0.006745373,0.08648191485840863,LOW
1f4f26506f4514826beeeba4fbe8682,30,13,17,0.63263953,2.3486219099999994,0.0993753813333333,4473.4209096241375,19,3,16,34,4,0.0,0.5882352941176471,0.0,1.3897734031176638,0.0,0.6206896551724138,1,0.625,0,17,0.1946192404837863,0.0368252581293315,0.2328141316313902,0.0,0,0,0,-0.13375448824627456,0.05126319209431612,0.0051499153,0.01769641951194407,LOW
bc1qeead00eace37426f928e253f113950,30,14,16,0.86001847,0.6518500300000001,0.0503956166666666,4251.699074138506,19,7,12,36,5,0.0,0.4375,0.1428571428571428,7.155964044730396,0.0,0.6896551724137931,1,0.6,0,16,0.2169921704242711,0.1295492055979487,0.2476600303186829,0.0,0,0,0,-0.13744745300299105,0.04216732382080402,0.090719245,0.053473857937161466,LOW
bc1q705f5b3d85ec407d801d7106165ac1,16,5,11,0.12305457,0.63469739,0.0473594975,7042.709930442222,12,3,9,19,2,0.0,0.2727272727272727,0.2,1.14071002576894,0.0,0.2666666666666666,1,0.5,0,11,0.2007566970818309,0.0786039739006678,0.2396818184358263,0.0,0,0,0,-0.1017096629989016,0.13019043037020417,0.0017215745,0.03983183757114634,LOW
bc1q12c55b531638418f978a70ebda7ba8,26,12,14,0.7544849000000001,0.52605468,0.0492515223076923,5214.186541821333,16,5,11,32,6,0.0,0.5,0.0,10.197733160199856,0.0714285714285714,0.52,1,0.3846153846153846,0,14,0.1946130090524284,0.0581139294400002,0.2439951181723225,0.0,0,0,0,-0.14796153569875092,0.016270864602364005,0.34110415,0.15837812083853392,LOW
106893d45ad6e4f31b5bcced2fbcdb0,38,18,20,0.51336709,1.4404695199999995,0.0514167528947368,3542.6812323995496,32,12,20,45,5,0.0,0.5,0.2222222222222222,1.5121609020495592,0.05,0.7027027027027027,1,0.3684210526315789,0,20,0.1896186322639706,0.0320505934669276,0.2420163384868847,0.0,0,0,0,-0.10565619778913521,0.1204700125071551,0.008996084,0.040189241794888544,LOW
bc1q0a3aa4f48e79491fbae8e26e0e2d84,27,12,15,1.4765038700000002,0.12393325,0.0592754488888888,5052.565794072436,27,11,16,34,5,0.0,0.6,0.25,56.57647966460318,0.2,0.6538461538461539,1,0.5714285714285714,0,15,0.1757718908619116,0.0370000371229382,0.2412857641424224,0.0,0,0,0,-0.08083231159312387,0.18161189003656172,0.009295967,0.05866675229778845,LOW
bc1q86137ceaa7c64f65bef7804779c703,29,18,11,0.39840272,0.30907805,0.0243958886206896,4610.062712792857,16,10,6,36,6,0.0,0.1818181818181818,0.1666666666666666,1.789346450109205,0.0,0.6428571428571429,1,0.4,0,11,0.2187184553635199,0.1398356456351878,0.2442714901370238,0.0,0,0,0,-0.09932513720558583,0.13606357943596364,0.0014135413,0.04145516738208211,LOW
bc1q2fd7ba98308640608bc2147f039c08,28,16,12,1.15792872,0.90441792,0.0736552371428571,4516.481602661728,17,7,10,36,5,0.0,0.5,0.0,2.240999387617255,0.0,0.6296296296296297,1,0.5454545454545454,0,12,0.2031649064810422,0.1082467634630374,0.2397035281560421,0.0,0,0,0,-0.14660468657196407,0.019612819301995762,0.0013130371,0.006474712455023267,LOW
bc1qf585ae5a849d4099b47d6c180319ff,21,8,13,0.19600428,0.35606683,0.0262891004761904,5952.0696201425,16,6,10,28,4,0.0,0.4615384615384615,0.0,2.54789142965824,0.0769230769230769,0.55,1,0.5833333333333334,0,13,0.2002183490457271,0.0310115478285742,0.2393967959083565,0.0,0,0,0,-0.14605454007132818,0.020967844445903983,0.004069237,0.008121510001093115,LOW
3ffcd364042fb49ccbce66c0b120857,25,11,14,0.55295659,0.7258992899999999,0.0511542352,5117.426334097917,18,3,15,29,4,0.0,0.5,0.0,3.792345544981135,0.0,0.7083333333333334,1,0.5384615384615384,0,14,0.2129299081966336,0.0740959757732547,0.2387559689751864,0.0,0,0,0,-0.14916324279050308,0.013311028771262924,0.010036883,0.008509906002927291,LOW
19c5f2fd16a954ea689de4d250834bb,25,8,17,0.48522943,0.7410873099999999,0.0490526695999999,5117.130526320833,13,4,9,29,4,0.0,0.3529411764705882,0.125,2.0754830122534376,0.0588235294117647,0.4583333333333333,1,0.375,0,17,0.2047412738042544,0.0691523023834709,0.2457873680783951,0.0,0,0,0,-0.1390788959388219,0.03814903742554926,0.0010952554,0.01193757615633873,LOW
35bec02fb2bd342979c0d6b2ba5cb00,34,20,14,1.30319986,0.57243331,0.0551656814705882,4005.770991292424,25,8,17,42,7,0.0,0.7142857142857143,0.05,4.643825774362635,0.0,0.7575757575757576,1,0.5384615384615384,0,14,0.2065921931931662,0.1147757287419556,0.2441657138230921,0.0,0,0,0,-0.11992474544806636,0.08532620840668968,0.011465948,0.030757539062649882,LOW
36964ca0e77a946aa9766be5f5ff8a2,18,8,10,0.08894884,0.2599054,0.0193807911111111,7646.684535546078,17,6,11,22,4,0.0,0.5,0.375,1.804348932026134,0.0,0.8235294117647058,1,0.3333333333333333,0,10,0.2098784653834949,0.1005709582207258,0.2435036253835427,0.0,0,0,0,-0.09736919145023232,0.14088112471810416,0.0013950253,0.04289209877289514,LOW
107f67e876a7e4649812dd618a3dea1,20,3,17,0.0464028799999999,0.8729339499999998,0.0459668415,5985.598328937719,11,2,9,23,2,0.0,0.4117647058823529,0.0,1.2659751365478862,0.1764705882352941,0.3157894736842105,1,0.4375,0,17,0.2019295502790063,0.0483839015440998,0.2401465716310832,0.0,0,0,0,-0.10781026748422057,0.11516448280697958,0.009009545,0.038603639741199895,LOW
