txid,is_anomaly,anomaly_type,wallet_ids
ec2f5d0ce48a4ce5a21fd688aec55595,0,normal,
7bb1db6577e047468ce5f6e443322f8b,0,normal,
d6dbb48c26814869811368f4b2c9f66a,0,normal,
8ad13e69633943c99fdbb7eb88947d29,0,normal,
0f7664ca548b445b95d435b4e8b2172d,0,normal,
99eaa4344c4d4d108713533282cb3fb2,0,normal,
b8e5375d586f466f8b0d9ee765457eeb,0,normal,
d997a3653c2c44958a4c0b88ef2ac487,0,normal,
f6032165ffc0483595a535e1ea86575d,0,normal,
5fc228ec04e9489f8dc34645a991c551,0,normal,
79891457851b4d038344d80027ffda54,0,normal,
0712930bdbca467aacaf91de63cfe1ad,0,normal,
0bfd74cd148247cc837810500f261419,0,normal,
4b9ae982f88448bc9233d696a78c5899,0,normal,
5e545444cefc474085900949aa702255,0,normal,
d6526b1bfe7b44afbc545b002c4a4eb9,0,normal,
2f75a289715741468e679134082c0288,0,normal,
3553e9920595483b91d25f063a42364e,0,normal,
84899938b3ec4b2889eba20053e1a606,0,normal,
4551a8c6f8ae4d5796c4042449d43c97,0,normal,
63db4302dfac4be7b7f6f707e2e9e2ce,0,normal,
333f4460be2b4fa49a84cb574b4a2cf1,0,normal,
1b27842f4cba4ea28e0aaeebe5020042,0,normal,
08bea5b7a1e045f69ea8ae6fce0032b1,0,normal,
3d734eb64c424347994de05e82ece61d,0,normal,
f4ccf12cd8344d5080efcdb31002b7bf,0,normal,
79547f20dc514f47ab9b8a4f5ffc6929,0,normal,
a99c7697fca444a58565b46d80eb89f7,0,normal,
1df25d86d88b40d19b8c99ba9fc96ae6,0,normal,
99d729cf74794dc48ffb67435d65af73,0,normal,
9259d3231d584263bc26ed219b1d5f60,0,normal,
4444d28c3aab4db7a2d054aa2c3c3ae2,0,normal,
bd5b5ccff54b433d93ac23376d9a483a,0,normal,
852fdda5647647aa8033d8463d6adb42,0,normal,
62429c87666d448098b5d111e6cb5df4,0,normal,
6d94ff4cdc444cb883a7bfb403c83c6e,0,normal,
7383372883ab498cb1d2b11ef289aa3a,0,normal,
e2c2a3799d3741e68f27aaebcf1636de,0,normal,
fe97b16f3fe84cc08d7213305adedda2,0,normal,
9f466d1666494d358954103af521f81f,0,normal,
888f1e6fd610467da62b7305020ce6ff,0,normal,
12c199a0fb2048abb06d5bfa789a8a5c,0,normal,
fd0ae2917b80400fa4380df8d05e20f7,0,normal,
669052ff78ba4f15a5dbe1681e15ed40,0,normal,
fb31a1d661274aa296d375920d89b5ab,0,normal,
3039e3cde18848b48769e438f3429b51,0,normal,
ab78b2e540d6471aa12ea1c056f873b6,0,normal,
202ec5b92aa1460bba8d2f1d0e9360a1,0,normal,
8a38830eb83d41b3823610dcf1be600d,0,normal,
a3e2f6a17c164c45b3bb680a4caa4e5f,0,normal,
3dc3c04bcc0647899f6bde8bd6f687f4,0,normal,
e675de5d574145b0a86ea57f223db1da,0,normal,
7493790ed92143ffb7968170ca1a8aa4,0,normal,
08bc68b3f8da4396b6188bf753f8d905,0,normal,
6ee55373ddf3410ea98e7f359be20cec,0,normal,
3984734d13f645b8ba3e59669e07f254,0,normal,
23f6d56d24e341b689c3b76d9a0a337f,0,normal,
61111c74bdfd44d590b53939db551985,0,normal,
6e9ac9583d194ed6ad23da3cc4411431,0,normal,
12e85fe9c94c4182a2b5bbcd67ea902d,0,normal,
b102cb874e53418cbbb67083e2ee446d,0,normal,
05a98fbea2db4d6f96ec99690d618597,0,normal,
3267049a720d4d10ace9fe842ba0b36e,0,normal,
6f2dd3b735154bf6883313dbb7b73e70,0,normal,
5c3a3f2302064da38455862c09c4fa78,0,normal,
8aba058c451546ebb779a06de3bbf06d,0,normal,
29cfaf24bffa42d495379f7b20254bb0,0,normal,
6d0c1d08c33e4471b7549a3e28a2be0b,0,normal,
2c7d0392213f4e909cca9edbb27cb479,0,normal,
6956a6f5258e4448901b317af017fa0e,0,normal,
f150fd2b8fb342d48140ecc50a77c5ad,0,normal,
d0964dee92c04c82af5900f6b61acdb5,0,normal,
c0e58ec965b24fb3858ac0e11e7053ad,0,normal,
60f7d399dcc84723b41e0111dd5ef3c2,0,normal,
41d23ec88bcc4a08b672cc7325d1f42f,0,normal,
1a9ae50acb87408ea0c4dbffb1a51567,0,normal,
72afc4b27da44d8881b1ee256c907c0f,0,normal,
6dc7dbfa48a34ccd982f28aeac1269d3,0,normal,
261fa93897e647248caf9d17efe6e1a2,0,normal,
3942d56b59cc4042b361ee1473333448,0,normal,
40965a7765f848c490b56d7eceb4b33f,0,normal,
d523559eb6d64ba7bc0dc3a002c497ea,0,normal,
fb52e01bf02e41d4b807daf189ed5713,1,profile_deviation,deviation_383
86bf1786563a460ea231a2dd8f6beab7,0,normal,
2708b5f46dd0455aa01d7d7e7b90ced4,0,normal,
c82fac3fea124f3ea8a90d7d092bb8d3,0,normal,
65b6301a99164d1c9097cf80dcdd35f8,0,normal,
e940d3ca2ecf441aa3594021ceecce83,0,normal,
b44524f0b20d4b819e42835f0a95b13f,0,normal,
d02d501779e744d9a92e8b4590833699,0,normal,
609227932f6b451080d4a20de1134b57,0,normal,
42de00afc8fc4ccab88a9b98540fe9c0,0,normal,
59445c1d0ffa425c98ab9471251a40a1,0,normal,
dc20c495e7a9436ca65585bbb9097354,0,normal,
fdb54453f3f14d1cb6e2733bdb643b27,0,normal,
8cb269f38c9b42009b098b765a14901c,0,normal,
9712d2246ed24f87b70341d083bd1e83,0,normal,
6969f2eaa3134650ace534a83b6a56f8,0,normal,
1a37a4975ca04d4b9b18de937be0e875,0,normal,
21d74b768785421f90a0d5a1a8265f70,0,normal,
81428b19a18a4a9aa9de1192b2f8acf5,0,normal,
eb6add2f0c264074abd8f1e20e0f611f,0,normal,
4ce5d2b82dbd412ba38c18bc0777c5c2,0,normal,
1b4c8f2ee7b948dfa5c62b16ca360722,0,normal,
7b23ee469b4a4690b07ffd250739daf3,0,normal,
cea72210168c4abb8a600eb89cfc9ec8,0,normal,
28871a8cc82f4af3ae914b928f4d878b,0,normal,
84f81704648443b3a0b053e8a14622a2,0,normal,
9d735bf4e8b64c0996c76cdc00f4c13b,0,normal,
eae47b46b58a4ab4b3580ab43405673e,0,normal,
e5e5ff49a5994f739030512d35e89be2,0,normal,
599debe3e87e459caf6cc8a15754beff,0,normal,
cfff32f9c3bf42be97b5883354ec09c4,0,normal,
04dea98bfb094ad09c627ff1235d5be1,0,normal,
4d318448605e43c88fbb23a87259751a,0,normal,
e2e04a18b3474811871afbd44234eaab,0,normal,
43eae8dc08f7464999374f46e59d0930,0,normal,
a4218b2025544228b0222bdf4b0fe372,0,normal,
24eaaa76dab4415992575ccbe1525d8c,0,normal,
5b77ad30243b4fe78e404d3a304c1a52,0,normal,
5c4101cb71e14b2691bd76a51e14991b,0,normal,
d30faf21753d42849b673ddd120dbcd8,0,normal,
ac2b4f66123c4561a274edd978ddc5ae,0,normal,
ed9acc50294f470182721fd47a4b6440,0,normal,
e37e0548d18d463c862fa4797ee9b308,0,normal,
c5f7ddec5bf141c5944960bc3f47ca99,0,normal,
1eb3dd5a225b4709a74464595ad65d34,0,normal,
611ee51f69a44d4e8d76db3a1a8594ed,0,normal,
eb1f83defb354aec8f1f3422f93a4c67,0,normal,
9eebde9292b047d9a336f0dff4142d6a,0,normal,
d3f7eb00202a4d4ab52ab64443cd6a05,0,normal,
abf6024e69d34df1903f118e7eb5668f,0,normal,
9e526bcb5f054a65a6d2001c0af42702,0,normal,
3638752eaddd4495bcbfc11e483637ef,0,normal,
7bb69233366a49d987ec59fdbb5c855e,0,normal,
9daab77686c944f89f7d99240dc772f7,0,normal,
009e773a6dca41439461df5ce393d3b1,0,normal,
9c7dcd16a2584485af5c9e6193791640,0,normal,
851d6da7e0c84c8cadcef5293c7dbde6,0,normal,
4b756cde2877480098748cd6588fcf38,0,normal,
0344f041169f47b58d91b8440b543cd7,0,normal,
e2864f33f2be45b485fa64cb926cdde1,0,normal,
725163f41a1e4ad48d327ee4fcef0b88,0,normal,
1cfab642fedf4382b05a49d6cd19f18d,0,normal,
9005b14685bf41e19b8faf71e5a31ac5,0,normal,
76ef6faf8a704910885ce270bf4143ec,0,normal,
124d720164174d1688e3d17c2f19e794,0,normal,
30c010557f054d91b270286c356e7fd5,0,normal,
0d9e4a37cef446efb18a0d9d7c334777,0,normal,
cc3e7aaae4a2423f80a8cf96867177c8,0,normal,
fd720c89787844ef93d76eb2e484a2f2,0,normal,
9f4cddbba3ed4728aaa20591b9c3a2bf,0,normal,
f5ea27e51bf04dd79704aa0103e8af2b,0,normal,
bfd998c8e8644089ae192466d25d4d6a,0,normal,
a27c289494c5494b81a329dea9428c4e,0,normal,
65f27161ff1a4cf7861fcf032c52cb27,0,normal,
b8e20fc9f1574eb4ba79e7fb90f90202,0,normal,
76d0b7f1ba5c44278bdf9e24e779b0ad,0,normal,
594305ff17864e4e99dadc2d60926199,0,normal,
2fce73f8780346a7b42534084e0146ba,0,normal,
cd4a5636384f444d91df1be2b261f001,0,normal,
f998c9c8966f4df1a9cd197b00b04901,0,normal,
5922305b79654d1d996d47e258d34c41,0,normal,
7111ddd715fa4159b1eb80a4111d06c1,0,normal,
0cd40aab8eb8400c83adf230c17cab67,0,normal,
f1a7a6d456214dfc866d41df3f61252e,0,normal,
952cb5395ab3457990527636725ba099,0,normal,
7ce1afdfa1154d78b0f7d341d253231c,0,normal,
6fdede06084c425b87909d70db49a0f0,0,normal,
d4fe3a1bea1d47ee9ab2718d045a2928,0,normal,
2034206bec22468197d4eccfc3d9b1bd,0,normal,
f2819276ab884a898073f86b019f1a05,0,normal,
7d17f16466f141aeabdf9746162a568b,0,normal,
2f25567aefaf41deb262520cafa4fa73,0,normal,
49034acc1e104b85a43e279abc77d4a7,0,normal,
96c533b0b6a548159045879929418dbf,0,normal,
7a9e5b7f8f034d45b6cb0bebe41502aa,0,normal,
1dfa9138704f4146becbe2dcb166e50d,0,normal,
bafb27f617c848edbee1dc9e7f777794,0,normal,
7b34fc26a2ae4c2581336fb4bfe8a8eb,0,normal,
9c38c7ee86e647dbb9d37e5ace9d13e7,0,normal,
6c649e5820db48f3b99f2aca9a399662,0,normal,
fab6e534e4b142aabceb51e19cb6555f,0,normal,
707b0ca7ed6a4d80854f5c8ffb968478,0,normal,
fc3262b0f7a0462d940d36098936c1fb,0,normal,
1f4ed7402afe442f9e92b5e4d82654fb,0,normal,
d7143856e2674be1a46308f87da6d5e1,0,normal,
4a9fa6232bee4f8f87fb8edee8fe3f28,0,normal,
a7e1a744025e4771ae5e841c8c8257f3,0,normal,
4a6d1e630496433ba902d1b38799fd4f,0,normal,
d8ff2b0584cb40b2b208bbf104a44c95,0,normal,
0e5a73da662042afbf18880262d4d656,0,normal,
333d1973e35b4f4099ec698034125ce8,0,normal,
680e4ff3c3d54aedb01e19f2f58bab3d,0,normal,
1da8a92ae48b4e2f99428b3accd2da23,0,normal,
96dd2df559a24c3880f00e7b0838a393,0,normal,
207a3f8b36094737911a193f92b700ee,0,normal,
04b8ee36da2f417fabeae4a99446f02c,0,normal,
2e7a4875c85b4201b3914d0698ca7428,0,normal,
4e589cc9f60e487089008d3f734946a4,0,normal,
bece6a212b1e43999404b594decc82af,0,normal,
60371a85395a4655a0adf1decdac6de1,0,normal,
8cc327cfd4974b3d90d918e3d1ec6f84,0,normal,
28a7f35edc484d3f9d39067e2e88c779,0,normal,
7d5e71acede44e77a1757c0837daa6ac,0,normal,
0bcfe55a19a74a46bbd4fb75971c7e6a,0,normal,
4f9499d230de496bb23c6e11b0e2642f,0,normal,
a29bbf9aa9e6413e88a2ab144a625e6c,0,normal,
9c81a997d42f4f8cb1ca4b0bc479d60e,0,normal,
a2e6e702c0254f06a07bfaee2ddc419b,0,normal,
3da2eb9ce0584f398964012c65d5846f,0,normal,
b6c4ed8e8fcc4b0b84a47a06629262fe,0,normal,
84c3d578703f4abf9c03c7ed01d96712,0,normal,
45db8b6bb80547828df79c9f7366bf96,0,normal,
f51be943e53c433dacb461ecad04d986,0,normal,
0d276bd7382e4f1b86baf5c78a3a38dd,0,normal,
3cceaff2132e45b388086af4b5cf880b,0,normal,
d6cb5259e6074cf1a06136a9103c6a05,0,normal,
d4ba60df8a234d80bcf1cb7d46b6e04b,0,normal,
4db6e5f5140b4897b6ab68f06b024372,0,normal,
ad03d0c905b24d77becb2ab20c1a086c,0,normal,
7630f111551148f58890cc1314ab0496,0,normal,
d40ba80d1ba84f038c0d483679d8c4e4,0,normal,
e37a8d7f4e8c44be84127647ebc656a7,0,normal,
2e78620180f240b28f44e8c5cc0be5b0,0,normal,
5af698f0c7a24658aedb9d548b6a4093,0,normal,
eeebca9bd6a54643a6256abd0927eb3c,0,normal,
eac4535afb0441f691e725fab73b494b,0,normal,
6b5e2bc4e4414ebd986b8ab8eb1cf771,0,normal,
87ee86b4fd6a4f9eb24e72142432d0cc,0,normal,
969b7378dde6484482bdaa9c1f0eb786,0,normal,
5dc2fe15fb3e454fb700f88411071773,0,normal,
72d248e788134665955140a0ddf3051d,0,normal,
1ddbf04376e544458f9cc8a5ff791690,0,normal,
9cac79b9819d4f20833b1aed0f678938,0,normal,
306db10c4c6d49b6ae7d7a43cbcecbd7,0,normal,
ac202591f76344a1b584b4042ba211ce,0,normal,
0892fcb5c9c44b018fcb7585417fd2f1,0,normal,
d5e3ea24aba84b8dacc3c6ba6e6ca755,0,normal,
2a67a3387bf6464e8efae25e91ba89a7,0,normal,
68581fc34887417facf93ec482df1e71,0,normal,
c5526a3046e947e9ae19c2c1528ba850,0,normal,
266f1628840c4e3faeea9868690ec3b7,0,normal,
5b9be9a2d8524420abadb1b5a4268e38,0,normal,
62183c97b535469698a18709cc123a65,0,normal,
1e9c07400d17429398d3d1170d48e1ec,0,normal,
90d2fa58885d459c9f66c4c21e52faae,0,normal,
36b7329a6b4143519a729977723e0c8b,0,normal,
bc5bd625d5e74c2fa68ce378cb8aabb7,0,normal,
72d4e7f4cc1f4970b6ae3d36dbddffb0,0,normal,
1cafc80789994667846ffe01b5251ca6,0,normal,
f8295865d30744818b78ca43a1d836b2,0,normal,
9e276d4ac2b94da5b27dbbe48eb6a3f7,0,normal,
bad7aa8346ce41e682531ce9b80f2d13,0,normal,
a20ca3f014de4a54a9e0f9bfaab692ca,0,normal,
42e83f4c34584835a89e0dfa82a527f4,0,normal,
8cb6f30dd1ee4a7bb23e4aad86788792,0,normal,
6388fdbcc210405cb3976c3c91463e85,0,normal,
1339dcf01c70496288c1148fb8d7ed26,0,normal,
13fcd167228342af9bf1e09ad3a85b06,0,normal,
aa3ffc72bb5d45bdb320be479ad791af,0,normal,
822811ff38ab49a9a330643f1cf18dc9,0,normal,
443392de75a84b78a09832631d0d0066,0,normal,
52efc7b079184816bbc42aef3f4373a2,0,normal,
fc11464f049044008bc0ca1613fce980,0,normal,
656678669ac9403fbb4c26c3f259fecf,0,normal,
264a43e370d545099610abfc1f5de90a,0,normal,
458e99e1d2a84e37a64bff3370d3cd4c,0,normal,
7218070b1a044ce0b9bfe8adcc527b86,0,normal,
600b550e5e1f450f8f456439bbdaa094,0,normal,
4812ed898a5d4bc3a2c37a09810e6efb,0,normal,
90950c86cd0c419a88c55acdbbf35c23,0,normal,
1af70ec33adb4104a2c08ed40a17bd0a,0,normal,
a69b38e4ff6f4df488cb596b99f69096,0,normal,
92997713aec54873ae6c8548e6b2abda,0,normal,
537541489fe4420aaca3aadd60d55e5c,0,normal,
fa8c6191788f4e28b2afc460a07225da,0,normal,
2a43219d7b9344e5bae9dc1696a6b2f8,0,normal,
6e476bae9cdb43b5a8ec8262cc7f50dc,0,normal,
47f7acd4453748558a6810dcdc3a2961,0,normal,
191efb8983ca4d1b994cece9b5c40602,0,normal,
fc5d7ed76e564061a947a4f2d4665cf6,0,normal,
db425854103643ba808d1b1d800e7e0a,0,normal,
d5f8c2a4d6ba46dda3082fe9cae45b10,0,normal,
b0fd1010733a4257a093cee5bdb0fbe8,0,normal,
262a801b7cd94962a5dde7c888403ca2,0,normal,
b41b7963a9d748018db0ee05e9d48a10,0,normal,
dcd341e1f6bf4730868a42c8bc7de5ef,0,normal,
ce3822a392744e1980db0dde348e0311,0,normal,
e8dbce0815b9495794bb9e04450b652e,0,normal,
38f270e461ba41288b825715f0995b7b,0,normal,
658733c3435e4a1a83ab28bc9f41de51,0,normal,
df382c5984514bd6977a45eb9fddd6c2,0,normal,
efac730f22c4481aa96ee3502c55ce34,0,normal,
88154302acaf40eba14c824fcce73508,0,normal,
1d001d86e9724a24b68aa79e7961ae94,0,normal,
7cd79af1e6f440559f3fbe4052e14aef,0,normal,
3d80b8d8efab4d37b0c0e21f36792dc0,0,normal,
9a23c2e652ae446f838d12e0a8ecb1f6,0,normal,
0b78a30dd21642fe9ad3f29b22678006,0,normal,
5628be0c3b094d05b12af38066da720b,0,normal,
0d7df501f001494fbde7abbfd7db8fc1,0,normal,
1966eed147e64219838a862e23cfbd3b,1,peeling_chain,synthetic_chain_632_hop0
560d72273aba46198c0feab35ebbf5ac,1,peeling_chain,synthetic_chain_632_hop1
5d4a64a929f14207941cde25406bb45c,0,normal,
b8e7a4fe9b5f4311af4305bf6a8ad9d7,0,normal,
350d4d4a9dba40f9875ab79cf6bb8c53,1,peeling_chain,synthetic_chain_632_hop2
5ce470f85fb74b52999bdfc9cb75d80c,0,normal,
d5f8a10eb1964802ad7f580aadf9094f,0,normal,
1d019695c0eb4ab5a2409473ef0fcb16,0,normal,
0ed2203b13124c509bf876864af6b80b,1,peeling_chain,synthetic_chain_632_hop3
ec183568329e4d4f8fbe532b90c8c353,0,normal,
3b608eb3850941a68cc5ec3aa07952de,0,normal,
c7d3ef445c49458b933a3e0f0ffdf106,1,peeling_chain,synthetic_chain_632_hop4
174ad8e460ea4e77b14c2c634e08afd4,0,normal,
17eef4d8ffc046a79ee4f8c5534f6d04,0,normal,
e33ea90c65b944ccba4940642de73061,0,normal,
30f30d4a4a034420aaa038f5bdf7e977,0,normal,
b090b332830a4564be40a3d9bec9ab9c,1,peeling_chain,synthetic_chain_632_hop5
968143cf5e674f2e9e419a1bdc3946da,0,normal,
80298955d8be4c1da625cea4cc0dceca,0,normal,
d11430fbd81346bcab41f020ca2d9057,1,peeling_chain,synthetic_chain_632_hop6
12bcc12f2cb34aff9594ec869dce2b4a,0,normal,
1a0916b8d8f0402aab471dd9c415e1ff,0,normal,
cf5455bfa8244e808a5f515d97b9c9d8,1,peeling_chain,synthetic_chain_632_hop7
90b7e591fc8945e99b7d58c54430388c,0,normal,
a704e3aa32e1455ba399245a40774810,0,normal,
e5e1ff4e661846a081f48c42cd540b46,0,normal,
03323ea968fd405a926c690d5a1828b4,0,normal,
3b8d203ca42b46a3b97b6a2ac7a79824,1,peeling_chain,synthetic_chain_632_hop8
9c69659436d146c7aa6a2d10aebdb177,0,normal,
bd9fe6659eab4170bdb4d7829b24c65f,0,normal,
f697c9fd90f74778918ddd4ffa6d071a,0,normal,
901559c06a6a4cddb76b18468d52d2cd,0,normal,
a8eba1d8dba9465bb7ad6f13b2c41fb9,0,normal,
09b149562015404d9cfbc0990df293f7,0,normal,
c612a33086464462a9efcd35827b53e6,0,normal,
5851a4233b45491a8ce27a5bab6f0257,0,normal,
62962aff5a074b088b8633709af5687b,0,normal,
46c4d6f383c345a9a14aeb32db641785,0,normal,
96638c0f23af42deb46fe3e1888c5750,0,normal,
948265ef3aee404eab4cb48e2ed23d55,0,normal,
d35362992f414b46919bc74484afb494,0,normal,
87bd35a05abc40219e1c7fbc062e6fd9,0,normal,
f49e42f2e54d48359c4b4b35b5668336,0,normal,
8ed96e3a7de648e48dd2cebaa777d772,0,normal,
46f80a80aca944519a387145d797ba93,0,normal,
04e53451037745c8938497790eff00c2,0,normal,
7c51e3a57b5c4e0a81a332e339eee7a1,0,normal,
212691dcd58b4c4abb4a637ee95f0347,0,normal,
34022dc8431644c4beb8e240b41a1ba7,0,normal,
e073466e89814e58aa4c91138c2d3c02,0,normal,
c70c823e0549444ebd93e57d5610d1f0,0,normal,
3ed79cd22a5841d4ba63168a52c51658,0,normal,
4f907f3252184215b18b14fd5c48ec6d,0,normal,
8f7474c3311c458e866f9c77f3efe515,0,normal,
f5090addc1ea4239807173463aaa7b72,0,normal,
d59634d066144e17aecd02b3ae49d73b,0,normal,
1636a28d10624575b0bbc37a511b679b,0,normal,
79b9276555364028bccf88570008758e,0,normal,
45e500f3d9c246bfbe832ba3f2cdfa55,0,normal,
9900a4fb769b4210b67421285234efee,0,normal,
499d35523f634ea0911a1eab9148ca62,0,normal,
2d74fcb1777a4a1f9f7940ef08cc66df,0,normal,
1dfe8f18515a4176b990f2da563b7273,0,normal,
53769d47b6cd45d4b7834991d2b3e562,0,normal,
ab699721a1f64a858fabe88fb9caedf7,0,normal,
ae8a18e53e714ecd83e149f99087052a,0,normal,
b2349efb19b94481bc95280e1cff92f6,0,normal,
8d41bd6ab9c54848b0713b02d535abc6,0,normal,
1ff55876e35f4e40970788c3671bee15,0,normal,
30ae33a3f2654efaa1de27aee57809e6,0,normal,
dcec1c04bba84e33a43d3782597d1e66,0,normal,
c8506f76dea34e2dae5b8d502f7d78ed,1,wallet_reuse_burst,burst_665
87286fd8df0c4ce1ac5bfd98f82b89d3,1,wallet_reuse_burst,burst_665
0affd303153d4bb39d630bacc1da91fc,1,wallet_reuse_burst,burst_665
df732ae228f24546b45f447c323d9117,1,wallet_reuse_burst,burst_665
17e31008ed85464fbaeb57fb20329020,1,wallet_reuse_burst,burst_665
5f00a1ae3bc84ac998b4c97d48e48e9a,1,wallet_reuse_burst,burst_665
5e9598c72a264812948893d33d6e81d1,1,wallet_reuse_burst,burst_665
0700ff4d73c74ee38ef6852e2335f74a,1,wallet_reuse_burst,burst_665
9387cf6ab05f436080cd36669f807844,1,wallet_reuse_burst,burst_665
cce0c904a544411ab23a51b2ffc54e12,1,wallet_reuse_burst,burst_665
f40931aad8444c2d8d8674b79d221319,1,wallet_reuse_burst,burst_665
f859bf3b6eeb41d9b03c936e1b868663,0,normal,
816eb0ae39e54979a4b557f39e817bbc,1,wallet_reuse_burst,burst_665
276f0f4d0a4b4388807fff1900c2c347,1,wallet_reuse_burst,burst_665
97d8fcaffa3942c785bb88d1fdaa0960,1,wallet_reuse_burst,burst_665
16d173745c604f8cb66f8a53a47bf3a6,1,wallet_reuse_burst,burst_665
4820fbb2014e489d8cc062dcd2799a93,1,wallet_reuse_burst,burst_665
27c376472c62421781056796b8af3da4,1,wallet_reuse_burst,burst_665
4933586b06004a89a89f5916f5838c7c,1,wallet_reuse_burst,burst_665
ce3fc0e005834d398af7e180aa4c1ba3,1,wallet_reuse_burst,burst_665
b14d4bf33f8c421d99e35533f873e6ca,1,wallet_reuse_burst,burst_665
086154ef05c644c4afb501abcb9813d8,1,wallet_reuse_burst,burst_665
6128a656c11e4ad1b63db35fa08a01b8,0,normal,
c24493adcc9748668537140dba6aa70c,1,wallet_reuse_burst,burst_665
89cf696918ad4605857f959f9921221e,1,wallet_reuse_burst,burst_665
ba5cc7fa6ed84f7c8234337a262da01b,1,wallet_reuse_burst,burst_665
03ddabeec022447bb827c5771d53dd12,1,wallet_reuse_burst,burst_665
714d0a9d6b484f6cbd6ed277b946914a,1,wallet_reuse_burst,burst_665
072e882488374a2fbaeb4ced8b31b82a,1,wallet_reuse_burst,burst_665
44d9106c4a264a47b10f481c99a35466,1,wallet_reuse_burst,burst_665
e48212d3aea941c1a65bc98002ed93a6,0,normal,
d341e24ae96443bdbfdc25c312485ba4,1,wallet_reuse_burst,burst_665
6d2d2fffd20c4f4dbf605a06ff4bdd6f,1,wallet_reuse_burst,burst_665
f62bd9e3695548b8a5d29616106d158b,0,normal,
a18f748720a8435d86c13d14babcdb2c,0,normal,
ecaf2751533b43df97c19f56554c4abf,0,normal,
09dbeea419d843c4ad8d57379977e5b7,0,normal,
621885123e154f4ca266e0ee8c0f8cc7,0,normal,
499e6d7934c34854aa56d82124cef948,0,normal,
669a7bb0086c40878face748c4c3673c,0,normal,
5c45df32614a426eaa1c6be6dbdd3a7a,0,normal,
6a149fbb1e8a4d1c8776774692409a6d,0,normal,
92bbabb8ec1e49cbbc225455cfa2b018,0,normal,
2f59d024722f4ed1bb98328b25828553,0,normal,
2ced2d11ce7c428aa13e5555657da163,0,normal,
a24bdf64dd2e4416b4e8da218f764dc6,0,normal,
6ba9f01cb01347aca6af64ea9a28a9f2,0,normal,
aa250579f8a74ced87811298bf1ee9fb,0,normal,
54179e70a781475bb9a736985268e231,0,normal,
2ab96d4a10fa4183bc6d66fa30b0409f,0,normal,
ad570a8fe06a406f9ea88fb95f49ee62,0,normal,
82a38aca407c4ab48831628655a88694,0,normal,
d59132392cdd4beaa68d743752ea3317,0,normal,
5a7ebadbf8fc4d048e209b188450294f,0,normal,
4815812a126f4833aa0126b71155a975,0,normal,
fddcc6e6a0e546139a38ae19e54867c6,0,normal,
e453acc920c340339857013b4879c762,0,normal,
f613f1960d6f4ee190a61a2d8edf64a9,0,normal,
96e983cf43944998b3a102265a94656d,0,normal,
76566c5c69344a71998e95267442f51d,0,normal,
9723769a02f44c4b8191e0d8c9a3c983,0,normal,
c25a6b2614b649d08b69c2f67aeda55c,0,normal,
6a11c50318784934a0b888ca39f69217,0,normal,
9823e81a0e7e41e7a7ee316c56c062ab,0,normal,
a52633e9930a437bb587b88abec7be16,0,normal,
c385728ed5624ae3870191fc364e3f51,1,wallet_reuse_burst,burst_525
bb8b285a1f84432db2069776abc8d3c5,1,wallet_reuse_burst,burst_525
4e0c7272734f446f9264e7e6f3f89cc9,1,wallet_reuse_burst,burst_525
675795fa2e6b46149b6145a54a178aa1,1,wallet_reuse_burst,burst_525
56db64362a38426da50201d826a4c17e,1,wallet_reuse_burst,burst_525
d6fd8de8752f4825a144c23484c2330a,1,wallet_reuse_burst,burst_525
84776f4597f54b86909aa15db6cbec24,1,wallet_reuse_burst,burst_525
0b77952955ad46e9a0148802c1844daa,1,wallet_reuse_burst,burst_525
9fb85b3d8fd9426ebea2382d04be16db,0,normal,
a3b9e7eb6d194cbf90c498f5ac238b8f,1,wallet_reuse_burst,burst_525
ddf68a036a0543cba47277c85461a3cc,1,wallet_reuse_burst,burst_525
da2a5f2ab67641c4b14ab99bab7f9132,1,wallet_reuse_burst,burst_525
95971a0fddfd421990bf660ed1665df0,0,normal,
7ffeadc5364845809cebf7bfd3a066e2,1,wallet_reuse_burst,burst_525
954c49682cff46f5a2555d4e6fb51d3d,1,wallet_reuse_burst,burst_525
397353f365e146868b89982e8e5592cb,1,wallet_reuse_burst,burst_525
ae5683368a2543beb8bbbd96fc2f28f1,1,wallet_reuse_burst,burst_525
10d7c04125934b24bfb6f29435665420,1,wallet_reuse_burst,burst_525
9bd801ef4f3f441f819715470aeb2c6c,1,wallet_reuse_burst,burst_525
d74b70ee924e43b9b8667cbe78bbc925,1,wallet_reuse_burst,burst_525
58a1f39b0e40485c853830e0d527a9c3,1,wallet_reuse_burst,burst_525
5014a19053654d59aa315c23a17ddfe2,1,wallet_reuse_burst,burst_525
5403501f6cde4fe6b13c0c9870b40557,1,wallet_reuse_burst,burst_525
a1f17b4bc7394c3d945ebe9ad7ab625e,1,wallet_reuse_burst,burst_525
483b6dc0975b4871bd4ea74227676a90,1,wallet_reuse_burst,burst_525
e3ce56add943455685818d597f6a6d1c,1,wallet_reuse_burst,burst_525
273d519aa28745339ce1dcf94c8dc6e8,1,wallet_reuse_burst,burst_525
d82a1e01549a4ec5bfb20b2dc38ab5a4,0,normal,
7af2c90461ac48a9b345b371cb0e2fb4,1,wallet_reuse_burst,burst_525
a2da29bee55a41cd97fbf53c2fad0117,1,wallet_reuse_burst,burst_525
c6cc06e939874dcea6787664974f5c6f,1,wallet_reuse_burst,burst_525
18bba0e3ec7d42e7aef2c072d08fdc1c,1,wallet_reuse_burst,burst_525
42c4392795ae4baeba3bd2f6c39b046c,1,wallet_reuse_burst,burst_525
333c4c1cd4ae4a5ba7d57b4f204dc994,0,normal,
8538322be34a45aaa4e60bda7781ae54,0,normal,
7e94e0fee4b34150af778d1fb5b4a887,0,normal,
d18d4ba9bfff4fd79e71f0d8f61c73d5,0,normal,
e8018d38bdad4c4ba13a8bdf648c3874,0,normal,
a98a0c11e8ef4459a45654a04dbecf30,0,normal,
3629412b446a480db55a9b4cb28538e0,1,profile_deviation,deviation_380
7fbf4ca84f0342a39c2af98867518b01,0,normal,
1fadca7daf4142dc9267e80bbdaa8f8b,0,normal,
e0e9896e7b7540ee98dc184b2e66005e,0,normal,
e802914a76b9454fbfd129c13cc5a095,0,normal,
72b1ae4a9f984822aee593f94408b058,0,normal,
15096ae75fa445778f33dbf2ee00ec50,0,normal,
3d1d093f9edb457abf1a047cda534091,0,normal,
553c5f6c0f08496dae7edb939646acdb,0,normal,
10955dea9a384ccfbf95096589352de0,0,normal,
3a5b9162f4d247acaf6829d96db3a5b5,0,normal,
fc6a4d4097784917a055dfbaa6a27307,0,normal,
d1828d41b96f4cd89286a7285e19aaa9,0,normal,
c5a76138dbc341188048ba7909b430a1,0,normal,
ef542853c9374ff995528cfb9630aded,0,normal,
cbbb14f3a93c47a799498402b950ec95,0,normal,
e7c760a3ee7c4641b081bc6b81acd927,0,normal,
683244bdeb6149199207e4e3b46da1ee,0,normal,
2b0c08502af947bd9e2f5efa6f67036f,0,normal,
c2667d5d03064a5daaf4f040cb48e994,0,normal,
e05eed09065f414a8dc199d5f2e1c90b,0,normal,
0c8024f4414e4e9d98fc84a13dbfa825,0,normal,
3e9eb53ec14b4fd3b52a93e2c3dfca79,0,normal,
e883906365834af3bfc614001140c5de,0,normal,
f92c18fe7949490ab4d8b1552a04bc64,0,normal,
209947f779e34f23a6a54df09c1d4b9b,0,normal,
550b6997f2d2448dad370823efdb2e5f,0,normal,
c3d941a2187e46c9b269a05320fb39df,0,normal,
880553bae0254c2487d537f8178f3d05,0,normal,
b27f1009d29e4dc083083cfd3a705b1e,0,normal,
0b53fb992eac4572b364e132b304a8fc,0,normal,
0fc4016dd642446eb7dd98002fdf19f0,0,normal,
9b0a28d18dd542029e918d011e3fb693,0,normal,
691302681bd246e9962539c1456b31ee,0,normal,
fda9605b87e6474899e13a4ecb8a358d,0,normal,
d1dcf9155f6f41148e8454de34edffa9,0,normal,
c419fecbfbfe425593a7dba6a32938db,0,normal,
d4cecae3ce5a467aae7d8e5f03c99dc3,0,normal,
7dcd81956f01479b87699fda15200dad,0,normal,
fc3fa79feaa44fe88dc9e2dbcdc1eee7,0,normal,
26b3c887e85f4c21813e33791715ab79,0,normal,
b40e14b24fb544fdbebb3f35844a0e3d,0,normal,
cf8c7e9dddbc45e996018719e67e0028,0,normal,
cec512c24daa446dbe8e4392fc3e5aba,0,normal,
06ebe0e0782a46668e28a3abfded53dc,0,normal,
b8f2b92ef13e4971ac5195cab17e526d,0,normal,
190c960166e54a14ba3c11106c1c06d1,0,normal,
39514d392b824ea6847557e44f7b6fc1,0,normal,
2404bdef7ccf44dea881b3df9d9faaee,0,normal,
666339a1f47c468fa5973eaafb50a0ee,0,normal,
cb775762ae4f45f6bb12d0cb502f8daa,0,normal,
cd33f95ca0d54b28a9f3be4606ae3cb4,0,normal,
0d8aefe03b5e42578f9e039c54828d5e,0,normal,
d109c76d407741bfaf5a4aa7e8fcf7a5,0,normal,
fe5145bd71ea4662b2d0a083016cd2cd,0,normal,
ff0ef40fe39b472fbb13fac312efb9c7,0,normal,
8af4424de25a4183881952dea50018ae,0,normal,
ff70cd12c8ae46d7a8beaf7e24f37c1e,0,normal,
30a4836bf017499fb9f26853f89a26bd,0,normal,
4acaf18c74c14933ab60d3917b971ae3,0,normal,
9e7d6bbfb2fa4cc8985d28965a8f7d08,0,normal,
ad0f4e181e604a66b8dbe0046b8b5518,0,normal,
3d877e4e7dba44e4bd3d19df07259dee,0,normal,
d8eddc8bf1644fd0887950236834a661,0,normal,
853d7facb5ac4010802a0ab1eca83193,0,normal,
c7d0391fe6914646b44865ff9669af62,0,normal,
14e3ba34be5f491d97bceb236e1ac453,0,normal,
2756438d4d5c47a28006c7846dae2f6f,0,normal,
36dfc864aec34ffa82182b08e34da464,0,normal,
9fc1283708264a8eac3b2d17f8eda464,0,normal,
ef56597a9a994e1cb51f9eb8d42ec0db,0,normal,
75e817015f7e4e4394b63a9a41cd2ad7,0,normal,
c8cb4b3d0235420b85839c512ca522a2,0,normal,
06f2f7f51cf24f5aa08c345c1a70fdd7,0,normal,
5731d0e7e80946318f7e3a386f1a0cec,0,normal,
b8571523683846a7a875c75d09ac0886,0,normal,
eecfc291672447349391cbf5127521c0,0,normal,
04fe1378ff2a49a098037dbe6c593819,0,normal,
fa94f8825d36415aa8f0b037412160d8,0,normal,
4c812d514eae46288963271b9c707b98,0,normal,
044388a294ff4e43b1a944956e00dcd7,0,normal,
fe87b1006356438297ca4d90e5d4b917,0,normal,
5b296aad9d194bdd9f70dc30906730b2,0,normal,
a6537c7190ef48fc85d4803a6d0ba061,1,profile_deviation,deviation_253
fae76ee5c09f4bb3959dbba827d7bb35,0,normal,
8be3dd8abd0a41f4af42f73d7f99d7c9,0,normal,
7ef42207185845659a11d0f61a86db6a,0,normal,
e5e2626a304d4c70bace10c2e740d204,0,normal,
994e603632744a09a5917fd959829e9f,0,normal,
75d00eb5ed4c43ffb0bc1fad4e9a3295,0,normal,
92254279f5c34b4fbf4060369cd2322a,0,normal,
23624a0be1b5402886c11c5e9c9e14a0,0,normal,
f5a67d6e981041fda05d8d5873ff3b66,0,normal,
44ba8b6e38ff427784a6220b2c468f7a,0,normal,
ad0d25a1ad3143efb257e9829ff75c30,0,normal,
05341b5e538b4b9a8476e33427f8cc25,0,normal,
0dc2a29fa62949b4a382bd515455fe99,0,normal,
dabdb10740d14d9ea6e8a880b523afa3,0,normal,
510c3d6a1ae94ebdba2e9e573cb6ffde,0,normal,
16549f524918406a8de1b5f44f49c8e7,0,normal,
34945578177f47ea8e9a96f578fb6bec,0,normal,
a69b52c20f22426bab3d836c87184fe1,0,normal,
02641255983c4c098966d212a9e2fd14,0,normal,
0f502b602f434db2811709bf6c021334,0,normal,
f5d0934c4821453f8288300a920ea944,0,normal,
5415acbef6324472866c97320f54ad1f,0,normal,
bee07e3eb71f433db428a60f4a824652,0,normal,
d66224a47bc744b7878fda54a4f0bea1,0,normal,
e2ac09b517f04f6188738ef201e72d42,0,normal,
b7de728177ea425baf5232e64441bc4b,0,normal,
5a182786d96647868f801b486c74fafe,0,normal,
3ae302d9c2734b3a8448c55dd39d3fd9,0,normal,
8591b8d39ed644159c114d28b8019587,0,normal,
ddf86ad2d9a4497688d09aa251e29667,0,normal,
c3e9fe0b45bd42088673056d536b76b9,0,normal,
33a73a89ca2b4cbd8f76a7bc450fb6d6,0,normal,
db7b8fd493b8419fa0abbcb9fe95e90f,0,normal,
1fb1caa9cf2a44188bce3b88d9496aed,0,normal,
38915a3bc900427abeb35bed602a5ca2,0,normal,
99c6d88f461f45c48372d4f4ee9fbf3a,0,normal,
24a11bd32add40e191bebe988adfd148,0,normal,
d65c8e901ca24e7f8b9949a2394cb083,0,normal,
d832f7f2092f42f5ada52f10b333ae80,0,normal,
ba5e474dae3f4b37bba733950708f380,0,normal,
ef6d60c2f018435dae33a0a2aa9d0e2a,0,normal,
155f555860cb4cf4bc719053b17389a5,0,normal,
9433deed87d04b5eae751dfcaf4089b1,0,normal,
3d123b99736641ce980cb9575cc1f036,0,normal,
6ea523ff1c7a4d53bb76232ff2898cd0,0,normal,
9dfda1da52bc407aa1fab2b927a43bcb,0,normal,
c436ee79aabe4d3b82c96c06a0c4054e,0,normal,
8f431165e3a049e6a23c674d921fd95c,0,normal,
06fe5373c7e445738adecd5edeb70dbd,0,normal,
241ff83513a842a7836a956f848fa13c,0,normal,
702d1bfd5b904b7ebd964a581e5f7f5b,0,normal,
3a4008cae9bf4ceeb873e555c21faf65,0,normal,
d35682fb71fa4beebb948a2f82b882a0,0,normal,
bd01de07016f4d75ac3c83266f39c217,0,normal,
3bcdd69cb8b94fa09ec4262f9c8559ef,0,normal,
24d76d77ab9d48608f06498a2943c8ce,0,normal,
b10abc5d8d074ba0b49c0d417f0ce6f4,0,normal,
5283a62eb83a482db2d10208f1b2c29c,0,normal,
70186b32216b4ebf8a39594da7ceb98d,0,normal,
7034d6bf0f344f68a7e73a2525a79e8d,0,normal,
1883d11d619b4077988610dc0724d9bd,0,normal,
ee244e0f1acc49b78d044cb4f7e53a9a,0,normal,
22ce7b6a694543b2a7cc59ea26759f78,0,normal,
ee40a855a5b44db0ad10fc883dea9795,0,normal,
f9359171780e44d1a18be58caad8a135,0,normal,
10270447ee7549bd9d3a6c55715ef266,0,normal,
83e9c26e0e654847afae94d54e650f69,0,normal,
349ad53610954fc591edbb6f0a6044e7,0,normal,
be77504e179f46d9a2ef3e04db8c14c6,0,normal,
1259ee1a5336426e823e2e7d9b49ceb8,0,normal,
248530530e144dba8cada0aa8bb3fba8,0,normal,
581535ccd10a48a5bdc66db85a097e4f,0,normal,
83b591227dfe49ef9c406e364fd6bd70,0,normal,
1569b123f69148ca95b87afc67fd8923,0,normal,
4266554d1cb044bd8686f195a2cd9042,0,normal,
2e4a0bdb8caa49a4a8fda650fc38d974,0,normal,
d16abb15b7e04c30a46a8b8daf2ee259,1,peeling_chain,synthetic_chain_480_hop0
c84aedb21f5148629de0f98aaaafcbfd,0,normal,
87410c55373d425ebb61be47f4b61338,0,normal,
0d49fedbdfd6420a853a7040b00e1afa,0,normal,
ce6268ee2ce34661a99c7f32c13e8883,1,peeling_chain,synthetic_chain_480_hop1
b1880ca2329145109aed19fdb0fbf201,0,normal,
3ba49001e8454914953baba92295aede,1,peeling_chain,synthetic_chain_480_hop2
234fe19657664a229fc0a5a543ec1305,0,normal,
a04da0fdb37c4f6b812c33f3357e8874,0,normal,
bc1ec14c58e44956b667e9a365c7a722,0,normal,
8b718b8ed1bb4f1cbdebaea1310d877f,1,peeling_chain,synthetic_chain_480_hop3
ed6c6e653a674d58af377ef4ed595543,1,peeling_chain,synthetic_chain_480_hop4
c666b13b82644ab8bbec4f53d787a2c2,1,peeling_chain,synthetic_chain_480_hop5
bda700189b48457aaa0a70d5725e6b72,0,normal,
d6c5f8da11b64f13a70e5ac6ef2b0e2a,0,normal,
f11dfa8907ff425b88355121a5547f3d,0,normal,
a5d9e9cb0255474bae0bb79f6ac43151,1,peeling_chain,synthetic_chain_480_hop6
df63ee61c67d430d99aff6ecd50ddf8c,0,normal,
15e4b5e483094669858a8a167268b024,1,fan_out_mixer,mixer_674_fanin
ca68e98a154d49c593fc8c8d5bb5e72c,0,normal,
de8820b374ec46f2bbc5b38e1410d103,1,peeling_chain,synthetic_chain_480_hop7
38def18c0f3e43afaeb432f6d4c05f26,1,fan_out_mixer,mixer_674_fanout0
09dbaa6c3d754d4ab3f9cb1665f21dee,1,fan_out_mixer,mixer_674_fanout1
234aebd46e78441992aff7e678600569,1,fan_out_mixer,mixer_674_fanout2
39971dd40a714858ad440baad4cec854,1,fan_out_mixer,mixer_674_fanout3
19960cb025f9461383072889f3bcfbd1,0,normal,
422f05d6e8e540fba4b33eb02da8f474,1,fan_out_mixer,mixer_674_fanout4
4ae623aee5854e2a91cc3cd5e6f08bff,1,fan_out_mixer,mixer_674_fanout5
14aa7f380a0e4fa38404dcae4bed573e,1,fan_out_mixer,mixer_674_fanout6
57b0e82af6b34ca399d82321085a9af0,1,fan_out_mixer,mixer_674_fanout7
8f3a5f38711843f1adef44341361c6a3,1,fan_out_mixer,mixer_674_fanout8
e31b6c4194e44a6ab459e9c8c537705b,1,fan_out_mixer,mixer_674_fanout9
c4e4fc4951e842fabc7d9125bf3e16d4,1,peeling_chain,synthetic_chain_480_hop8
837d3c62dbec4d949c409f49fdb8e598,1,fan_out_mixer,mixer_674_fanout10
c4aa4f0de9b74f7d961c10813d93dcb5,1,fan_out_mixer,mixer_674_fanout11
3da4123bf83444edbace74a0ca307e0c,1,fan_out_mixer,mixer_674_fanout12
ea9e3caca8f24150b932eadbdc010f4a,1,fan_out_mixer,mixer_674_fanout13
871e3526e106452aab1422d6898d63c7,1,fan_out_mixer,mixer_674_fanout14
54b1bdf18b1c4f8b87ebfc538d83a3fe,1,fan_out_mixer,mixer_674_fanout15
1f98722f1d394d6486abefe9aad0abfb,1,fan_out_mixer,mixer_674_fanout16
bbbd607e9a354fc0be132910954a2534,1,fan_out_mixer,mixer_674_fanout17
9d0eaa5749784930b56d52ec39b0d0b3,1,fan_out_mixer,mixer_674_fanout18
07509117b13241509e1f3e85dac7c199,1,peeling_chain,synthetic_chain_480_hop9
a685366c397348aeac5edb5175333e72,1,fan_out_mixer,mixer_674_fanout19
9537bc9ccf8c4f5ebacdfcb67fcb3ed8,1,fan_out_mixer,mixer_674_fanout20
6c8989a4b98f42b1ab1fdd03a1d87e99,1,fan_out_mixer,mixer_674_fanout21
5bd820cb3bfc4e839b131ce50d83e8bf,1,fan_out_mixer,mixer_674_fanout22
4dcb775f76e64794a73ace38327f7248,1,fan_out_mixer,mixer_674_fanout23
018a79561ee34f26bfc70ebffd83be87,1,fan_out_mixer,mixer_674_fanout24
e6b81629f6544f7983298e38ccacfc5c,0,normal,
a8caa89c9e1e488492e7d5b93ff30e38,0,normal,
2e0e917852df49c28d4886c10dc2142c,0,normal,
4c691b8a5b9f47c8922e6b38277619b7,0,normal,
87438610dc0747fb93da21f5a55fe45a,0,normal,
80d338f1270848feba3c0750986641de,0,normal,
e381c601a7304e8f9ca1e3024e49d8cb,0,normal,
4157b6eb41074c88a89306f800faabcf,0,normal,
ba836d9676c4425abdf160af64f645cd,0,normal,
6354362687714ae080dc4bf1ca5907c3,0,normal,
cb45a4ef4f2c460ba06eb8771f04f8dd,0,normal,
1924d7560b6c4c429afccc94bb026a9a,0,normal,
cf683a5614a54dcfada2aca4b78aeb5c,0,normal,
d00d8fded0074dfaaf77b471feb79d17,0,normal,
5dd4faa8ab144992a4df17e55703738f,0,normal,
2a71b7b4cff84d8199d12583eb697f60,0,normal,
a6f53959d54c4944ade375b2b5162b77,0,normal,
b1286245568040f7b0b34b28e197ef77,0,normal,
98b407864de74abbadcf14ac2bfcf817,0,normal,
cd6d83fa17354c4988ebc8d96f4fc60d,0,normal,
4e915a726aca47ec86912f716792a70e,0,normal,
d1ab3d987cae4d7f82422eeaee8efb3f,0,normal,
cb436c1acfb749a3a05942cf3545fabf,0,normal,
2336befaa3634cacb66ab4699574748f,0,normal,
fc9d4ee24c734d3bac815cbdc2887065,0,normal,
17824dc2084240bab51d096e5fcfa1af,0,normal,
74cb62bb4e6f4a5ea20ef5e1438a29ab,0,normal,
f1aefb9fe7ec458d91455985a91937a6,0,normal,
b2dd6d9d9a1a413b9db322f056259a09,0,normal,
0184cc8d173d438da1dea4441c86cb67,0,normal,
ec41e6c6088440dfa12fb6a624b45f7b,0,normal,
cd11ee2d79814b1582b78475083e037c,0,normal,
2d7e78029e6849eda0a128dc25856b3e,0,normal,
4df2eb9e8ddf49998c1c31715655ea9c,0,normal,
5857043c9fe3463aa9d98bf426184f01,0,normal,
a6fb1f9128e8445cb179084f8eb202d3,0,normal,
31a142b1131640d6850990f8ebd6a8a9,0,normal,
093547f8a79446a9b5601668013584cf,0,normal,
a64e0b79793641a2b6ba7a1f4dc39a6e,0,normal,
9d81f841fc51419b9f31fa68c4c87740,0,normal,
1195f73256634d7d8aa0c8be37c48c57,0,normal,
afa18ff3ef0549259b0965cfc4a27232,0,normal,
46b1fe9714f84863b617cf87018971e0,0,normal,
037a54101ad54a09a316075d89393f25,0,normal,
9b323b46084d45709450c9430131f86c,0,normal,
670bd4d01ecc437a8a7d81906b5c1604,0,normal,
a63bc3f4025941f9bcb9acbc1636528b,0,normal,
3c42bda83b934245a0fef2a9608d773c,0,normal,
88322b60a63a48efb276d6c5b0c13101,0,normal,
6c40ebfaca73442f8c88ab3487976629,0,normal,
fd078baddebb4fc6b4a55155b348b859,0,normal,
c5d1602da54d41d1beca1733c113a982,0,normal,
1a2d8538cfd546f4a4d2d663df344e1a,0,normal,
61a3a4e28e5e411ebe04a4b36a22feec,0,normal,
93a1864a8608463a9d52526b4520fde5,0,normal,
63bd5779e64f405191a7e3ca2f0c0755,0,normal,
ecfb3295adbe4738b7051154cfc1a397,0,normal,
256f2affb4e54201abb73fdd18146504,0,normal,
d91e0734b1f74b099535be5e36f202c2,0,normal,
71e75afe39b34b418fe1eb10dc49d798,0,normal,
ae038d2256c9424aaa63d31dddea7bb2,0,normal,
cb3038ae15cd44ed8027696fbd254683,0,normal,
f6b9a30a1d7e41bab2880eb50dd7da3d,0,normal,
4b755ad61e284dc4aa38c429b51af455,0,normal,
7f6c169192c9467091eb1ebf6a536eee,0,normal,
f7c202859e3648b0b6418828ec42344a,0,normal,
fd82d47c45274284beff7a5342cbd5b1,0,normal,
a33d96007789451486ef237150d4c707,0,normal,
547d6a87901a43d8b5073e9d1bf71c03,0,normal,
2f348ab9fc794c6db32eb116e8e43417,0,normal,
4c4e61bd0f064267b422a29e70c8d9fa,0,normal,
8de732813b464a38ac49597104fa6beb,0,normal,
ca74204975c640f89820060aafac35e1,0,normal,
ac999e24976845b193743f4278abfb7e,0,normal,
edd54bf86ea547bc8f2acbb2ad9f6bb1,0,normal,
4e399fb100db4ac293f8a2598cbb2281,0,normal,
820d690329624c0c93071f168a621cb2,0,normal,
ef2bb6e66d504617945b4789f0b24fe4,0,normal,
3005313a40b1457d8d146b2b65b5ce0a,0,normal,
cae5c2ffbac348d49e87eb9565a281cb,0,normal,
5abc534af5ea476885f0de8df4c3ac41,0,normal,
9459dc905f034beb94034786a5d21873,0,normal,
c3e55a1e8f5247d8babef6ee88102554,0,normal,
06e2f12369164529a77b74bf8b687607,0,normal,
e75b9b83580c4439a9b63cee52651532,0,normal,
cb0da94a3dbe4a798678ba3591c71ab9,0,normal,
edd8a24503d74ae28bb59ac0f6209763,0,normal,
712581a639aa4434bb8442e4228272ff,0,normal,
dcd4443710da4a36920e228085927631,0,normal,
64f21c93e7004684a83faba9e8056eca,0,normal,
b682a6ef15a9446a860ab8e665b51638,0,normal,
c376491313414e158986c11c0625db2e,0,normal,
9a2226082bcf486287f4d847cac787e7,0,normal,
a8d0b5c6bec94ea38dbb0b2aef056a9c,0,normal,
920fea3556314d479a0b830a88c61150,0,normal,
2d41b76b87aa40ffa252046b8b59e0d6,0,normal,
11023e9bafca4daaa0bf50b8f4738590,0,normal,
052d6f829a4e4a7a884456a44f860fd0,0,normal,
e33de84b78fb4fb6b5352ac2bde83175,0,normal,
6f7cc42e71df4196a607214fbff91acd,0,normal,
6d0745a4c3b04c6590a15c68201f4154,0,normal,
51c91aa32cec46f19f747487f155537f,0,normal,
b73302a01ea749da9ff068490546a205,0,normal,
1acd2d9326b0409785e50fc425233192,0,normal,
1bc4f805e5174d7c8266ff1860f1df39,0,normal,
e6d13e08ac1a48e49109e76527335ccb,0,normal,
e1db6a3c8cfe46fa86c02250ba0b625b,0,normal,
86243329a1734076b3ad9d4b71f95b6c,0,normal,
58a8440a008c459abdf15ac962e2c3be,0,normal,
cb30b0ba43ed445a83f6ad4e3c697709,0,normal,
6067a301bf2b4ff48167895bfd66d700,0,normal,
97b029dc86bd4cdd9b1d47f6b116e321,0,normal,
447bca9383044f359f524e91f5bec92a,0,normal,
4ef7eabb33bd4428b8897b7bc5726680,0,normal,
85cff3ee497d4954856ca35365838324,0,normal,
ac56d2a29a1b44728501e6636bd210f4,0,normal,
af1a546f6df54d89a96301a41d6354b7,0,normal,
1b37083f9f37444b8577c3b06de5fa24,0,normal,
9b72221fd1564908ae2fd3ee63110220,0,normal,
f75ddee50ece40729a6cc64897fd70ea,0,normal,
12b91a39ebd840908e2b9de192701815,0,normal,
f21de888ead249149b258b75934ca4ef,0,normal,
3bee7c78b90e4838849d0fa35a734555,0,normal,
587a1729713d4cdd8d646060a8092255,0,normal,
e690309d3e1344ebaa2a8b53b0c3352a,0,normal,
94c10ae36c2b45979570b16a268d26ef,0,normal,
2559ca0bd65f46b8a6f61ec07fa3a167,0,normal,
2432ba7f35fd42d78ae23c350236d83d,0,normal,
0339850d2b48443d901b0c3e390eb316,0,normal,
d0297fccd5f941f6a0ca05c2eb53e8b1,0,normal,
d476c2b6ff0f4fab92db8c70be28866d,0,normal,
a235705cca4740f0b9c638ac8cfed55d,0,normal,
8f2f148d926440f6b6770acabce652b7,0,normal,
f6b196c4a8ed4f46846b528d1568d04c,0,normal,
2066a1cc65ab41a5a31bd987d909d36a,0,normal,
00c3b267f29f492cacb82a1186e23447,0,normal,
4c1eba4fc5114e95999dc4a3fea200e4,0,normal,
551ce2d997e1415c93657933971f872c,0,normal,
595fa63936d94c3483236640b116f0cc,0,normal,
34d4b29640074b3aa5ee6f0e8adf2f19,0,normal,
86ea575ff1c349c59536c9cc669bb167,0,normal,
692733aff1b94822a3b1d2176f3ce829,0,normal,
ba0176b06145480bb0cf855bddb4539c,0,normal,
c063b7d6844f48c2bc542dd8331eb7ca,0,normal,
556cd2993bdb4e8e902a1ebaca5b37cf,0,normal,
2ae4c3e26c5a434894897890d4048c4d,0,normal,
ca2fb2d8e1d740dc992f1af08dd913eb,0,normal,
1cfa6a35d6b54097876e4c99f83329c8,0,normal,
db03d7fd20f7495eb395c4412e32a5f6,0,normal,
9e25b9f2a01643f593bdd3cb13b80116,0,normal,
d1352c200d784efba56080160ffdeeab,0,normal,
af07ae040e124914af76d2ea21b7d16c,0,normal,
f557b0f942704b4cafb8d4526e76779c,0,normal,
80ea58bcf0fa4c87a9534174ee5d1918,0,normal,
4a01d09753cf40f0b669c105e11b5505,0,normal,
7de1dffb706b47eabf3cc208504b7d31,0,normal,
5d5914e9887e4490b04a33c55fc7f5dc,0,normal,
ac60132c87af43968418cae4d7c919ca,0,normal,
ad769706d2504fbab22de5cf1f4aa244,0,normal,
8a2d6b5096a04d9c9fc300e93ed248de,0,normal,
47af15b065c3491287c72a7099f16bf7,0,normal,
e0a7b07f449d4b6e8d88c9580f198d4d,0,normal,
5fd922200b534f3fa6624a3e4c75a2fc,0,normal,
d4f88b65f24d4bac9eeaa2b557da11ea,0,normal,
ab2827b74bf9498caa5c3bad8410474d,0,normal,
0ce45e03713e43c192417ab90b12419d,0,normal,
572c7efa7f3f4d56ab604e9b65e3cf62,0,normal,
eaf0ecb2a6c54b59a6800481e405487f,0,normal,
20969baddc3f4993b4dbc38d53739f3f,0,normal,
9878925d05594a56b6ed6e7551583176,0,normal,
ebcc4f6527484c26ab88c58267267f38,0,normal,
0973d78786dc4af4b21973cb2c27962c,0,normal,
2c5c10bcfd0c4e209d4c68bc98357023,0,normal,
706211532819417ea81ddc7f373e33c7,0,normal,
d4e02a9389454e75bfd2ab89e221133b,0,normal,
4eb6da35e331475ca2d6824fcf105154,0,normal,
40361375dd6e4f2c813d9676098ea904,0,normal,
a124226efd8f41f5adc55b49d3a72bf8,0,normal,
1c76630d883641c38e8d8fe08226f133,0,normal,
6a86dd5a10574f4badd97bccaed93de2,0,normal,
beac95d69e82478d98b5eb266b6f4f24,0,normal,
aebec457598d4bbd9552292bfad779c5,0,normal,
2d6b1303a4de4522a16dd1be8b65b2db,0,normal,
88f6b57dc9c740b3a7d2ca324ce11724,0,normal,
b199bee7108047078caa80aa537e27e6,0,normal,
1ed5cb809b094448bd850e8d43117c81,0,normal,
05e171791dd944d495d44c678e798a88,0,normal,
612edb437de4473c922de22c091deb2a,0,normal,
e22b0802f79c4c15876af9569d9bd61d,0,normal,
c371d92d33774a939d34be5e270c238f,0,normal,
8f984d8e359346febbccbb872b43c6f4,0,normal,
bc2d882ddb5349ae923527d3e0eae1b4,0,normal,
7de70184af9443e6b8885f813ce1d284,0,normal,
0d5a69dc917e42c694036ae9029f4e72,0,normal,
eb348adbeb474dd287cbe6d8687f0d18,0,normal,
736f6d4cb2fd4cc9ac187ee9deb1c249,0,normal,
16c67ea5458c48ad9e02092b204a8216,0,normal,
c25711772de74cd98aa44303d7f46bca,0,normal,
6dc11ee408814929947daf66326d6a44,0,normal,
9d0c6dd304594ed586577618cb405de9,0,normal,
3565e300b6aa4d4a94d25a2c0b4a961b,0,normal,
ab591dee2e2c4c498161665bf6e8228b,0,normal,
cbc98d72989c48c8895f995cb3d37366,0,normal,
85fc5e59ffaa4957b2cff01af41dbe2a,0,normal,
200c172359a443ce9aded176ba57cb09,0,normal,
e1baea3881d9400e9d227e9c6e7bb2d7,0,normal,
6a4a48a4527540ca8d16f14f49e6090c,0,normal,
98d64c3a6beb4f27a40d054b7e7fbcad,0,normal,
f9759d2e17ad4848822c96d2379da8ed,0,normal,
abfebc1f7d764ad89e1cb4cf3e3f0fce,0,normal,
aa56b938421c41e3a5daab52a51752f3,0,normal,
088b79aeeb3744f9a9ca9cfe8714b3c1,0,normal,
a016ef4c0f9a4ebb888be8b5ac4021df,0,normal,
c5568b1e0ffb43769acd14eaac64eb30,0,normal,
2f0e448a0f13425ea772ff0848bea189,0,normal,
0b7527e50f434730b42fade8a8850dd7,0,normal,
1ba05d99e0dc40b6a232ae3cde0470f9,0,normal,
7e4e94f6b982401baf71846a8e49b576,0,normal,
ae0d87d6473348a5b74edc3076f7e89c,0,normal,
6cbb722c94cc4239902eae54ecb626b9,0,normal,
cbd5d3089d7442f49ac1d8cddab8cfe6,0,normal,
0ab18bda2e194eb189bb9625f024ab6a,0,normal,
832ffe578d2a4abcabe35b3b1c9e5c51,0,normal,
b27e0739ead44fe39dfd21e84a8ddfbe,0,normal,
6d341a4423d24b028f7c8ceadba57797,0,normal,
e8b4e05786e841d281952809766fc750,0,normal,
d9d4e534a00349848ed3b239d487d045,0,normal,
95913623dfdf47fa8810e14f1f6373ad,0,normal,
d2fe4fcf40c74d5c9bbbe9110f4ce653,0,normal,
2f7c082055294ecd9bbcb3c5ef7e6613,0,normal,
41751f30505b4cd8ba05087a7ae6e35d,0,normal,
b0b0eec3a0be47b79deb3db921957a5d,0,normal,
671018aaaded45b0b4baff090658e7a5,0,normal,
559c29a9abf842b0a385e78c6167df02,0,normal,
3609a6c4711b4186b005b532012fffaa,0,normal,
954fbde895e0488795257c01970b6a1b,0,normal,
2636b327e4e04a5eb92174c6f83731c7,0,normal,
d4288522ff5c421ebc4e7359d5dbe953,0,normal,
702466ae1254449fbd8184a0d5ee6261,0,normal,
099489276c074789b55c4e2f9409bad0,0,normal,
73ef31133aaa4d63a6c9cd1dff007d98,0,normal,
c1e602e6d53a4ad599f9df2500b3baa9,0,normal,
5ce637316cad4581ac8d45e40e9ffdb3,0,normal,
ed7a622b342a459c9a8289aa157dddf8,0,normal,
0e2f123e527941259202d8006fdf13c3,0,normal,
3e5a506f8b6a42e9ab89d09c9e8db2dd,0,normal,
b6ba03945a184d01907760ec73a6dfef,0,normal,
f4edfea7b484423696cabdf6c3cf089b,1,peeling_chain,synthetic_chain_659_hop0
6a430642523949adb5af8805d97393e7,1,peeling_chain,synthetic_chain_659_hop1
6895d1b9694a4ffa86a27ad08367f1dc,0,normal,
f3f76300328944cdb50e2bd28e00d044,0,normal,
d6bb9eb14a87495497fdfcbc87d71b46,0,normal,
a9234b3192664f6fb14a702acc5be89f,0,normal,
1375bd1d28e045bba590411a046fa583,1,peeling_chain,synthetic_chain_659_hop2
8b90c4e110c94d2b94613f0738919b4e,0,normal,
b201e54c6bf64fc8954a8c1cca7ca6d4,0,normal,
dc62e6f0849847b1ab2713614b951d85,0,normal,
c6ce203a6a1c4b1a9e23427f90b40e60,1,peeling_chain,synthetic_chain_659_hop3
938c192d21e54df2bd54356ba4dd0e5b,1,peeling_chain,synthetic_chain_659_hop4
d30359f06e2a4589b28bef8181264a3a,0,normal,
dd3c21b790004b769c022986cb777dd3,1,peeling_chain,synthetic_chain_659_hop5
c992601e154a422d9b882bff210dbaac,0,normal,
1c163405a117466cbef36479030db7f4,0,normal,
800b5ba0bb8f49c99c6ee87cc261bfdd,0,normal,
866b0c278513451ba6e819d85ba92ccb,0,normal,
a69957c5b07f45c38d7bd4f96144eaa3,0,normal,
45dc7e0ae8cb4bb6b90e0b1bd917000c,1,peeling_chain,synthetic_chain_659_hop6
6e88e552b2f44b91922b9fd91588d0be,1,peeling_chain,synthetic_chain_659_hop7
a6cc4afa40604c3483a760dbc5b8b2c5,0,normal,
84eb0f89f89b483f8d9dd64d9abbf624,0,normal,
91e6500d46794fd19396de989f182078,0,normal,
d91f2b240d194eb6bdbbd2b1d8d2ef85,1,peeling_chain,synthetic_chain_659_hop8
ffb01eff1fbb48a293b5af10dd6ab8d9,0,normal,
125f989684c646d5a5a402e7503eed4c,0,normal,
ce3041e5554546adad58b9eac4952c42,0,normal,
f531729095ac4aca8cf927415adfa105,0,normal,
3e98cbea6a6f4808b34d2a0db3b05be5,1,peeling_chain,synthetic_chain_659_hop9
5b417e39b34d4e25b9d4bfb882134eda,0,normal,
9e10995a782741c9b711390666aa20d2,1,profile_deviation,deviation_43
42d214e747c748d2aed2b65a8b84d627,0,normal,
c452b07c62694124903433cff7d13b94,0,normal,
b81a9101a9bc4b489c3f1611d3a9ad28,0,normal,
1cc3cc24fd8c489696d223c955d4f915,0,normal,
706f510666c84f47b1cf26a4a143bd5e,0,normal,
fd3e06b26c5f4829bfa728d522efab6a,0,normal,
f369f50692834fd5929b1d03064aa735,0,normal,
13660a40fdb04eff95e74aab3d2f80df,0,normal,
0e6d2c525aff414989a28c8b030b2105,0,normal,
c9552a748ec74a12b6a82d332837d742,0,normal,
0f1af10b10f74356a41e3226e5ac55d6,0,normal,
8699ab51d89443d4a0630c0390540a5c,0,normal,
ea3306cf4f8048db8e6031b8520abf8c,0,normal,
64398a52bc3b43949b864f6978715150,0,normal,
31b941c91b4448e186addcaef69fbbf7,0,normal,
e99b49acda8b46c995bbc2dba14a3480,1,profile_deviation,deviation_486
78cc698a67eb48239e6b234137ec1cf8,0,normal,
df2da7b62e1147388549739d4af6016a,0,normal,
b3ceedb8d1154a7d811c3bff6edf8932,0,normal,
4fc958a6ff6a4a85b8ac7784b7e11d88,0,normal,
40d3bc167a9342beb3f2b80ffca6d6fb,0,normal,
d1e29ba83d5748d8866dcf773b8b954b,0,normal,
9df967b6efb64352bb97419d54946f36,0,normal,
ed13c3c633434302ace85a6bef88bdfd,0,normal,
ec88a892b28644bab86ac23598277cdc,0,normal,
c19f5d625ad2490f88018607206d63f6,0,normal,
7605835152b04ad88536dbf2e269c1dc,0,normal,
f3f5a069635043db8026d2180cc3469e,0,normal,
e2077db5007f44ed86f560fd1b069a46,0,normal,
04d8ef03e01948f0861ea50b626aa48d,0,normal,
048db674e80b40ad9c8f5878bc126c7e,0,normal,
6ccd965a415e4948a5f4d0668c0b80ef,0,normal,
20eca46d7ceb434eadee3b9e09cb20e7,0,normal,
10102a262b3d440989a7285578f16eac,0,normal,
f2bf34b2b5c74a8296b0c5612738f6d0,0,normal,
bce3748612284373ae5fac5494a7d07d,0,normal,
89762f146b8f40c79fdbda41a0ad1d85,0,normal,
e08db2aaa328444093517d655c6d6d60,0,normal,
07abda4756844f0a98d5ef734fbb3dbb,0,normal,
0d7da090a760416da75cf6a8d4c001d3,0,normal,
c553aa425abf46bbbf99d9b50fb95c21,0,normal,
058d68f945c5478092670cd466936e46,0,normal,
d4acdf8a15b747609fcaccd42f3d197d,0,normal,
96e3679f81e246cfac77f1bd73470f2c,0,normal,
722043fdbb2b452bb0abcbbc2a32b6dd,0,normal,
dc8e88e08a9e4677a7bbef10fec6b986,0,normal,
2f4495f3caae4721b3197d91184b1ec2,0,normal,
39a9c475052d4d4a80d816da8df2f638,0,normal,
62059d600b94433bb70be717b0568678,0,normal,
0414c1aa287941d48d9c369633ac0c2e,0,normal,
45e5e01cdf784370a3aa676be2821fa9,0,normal,
27ab11b334994af4aba9950f69ffe0f2,0,normal,
0dab08ba9ff1414abe6291c0f87c9e0c,0,normal,
2ea962ee3bd44c1a87df3fe1932bf36e,0,normal,
d966107b45ce4dac9c2ccd6d2e96d8e9,0,normal,
045b82947c3143578e1a45fe7ee1a4c6,0,normal,
11087517ac8e467b95b14774d5f89852,0,normal,
c5c7dd46187a49f7a986dbcf7bb13ae2,0,normal,
e2517ba1b80a4cdaa074bc0982d90583,0,normal,
4e138fe7e8334046af4884a91223856e,0,normal,
841fd5251a4446498a040db8350ee4cd,0,normal,
ad2377506e8347f5b3459c6e707e5493,0,normal,
aa276c7a22164b699844355f8278a0b9,0,normal,
18cb2b6849c640dbace7942f26c6d454,0,normal,
f34f62294cc44a02bc83b6605691cab8,0,normal,
e563086b85d24f358f85a7f30a09cad8,0,normal,
67f4b94b19284107a2c14c3bc7002032,0,normal,
e15b2880eac0448da8a8e1f87a69ff22,0,normal,
d592ea505120483e8a477a79ddd25dbe,0,normal,
a567c55ac4e0407386b304ededb09d8d,0,normal,
6c2c2c20f4c84a1389144a8795e6f379,0,normal,
baea043ae861447da2efc492892b7273,0,normal,
4bbdb3ef31e84841a9cc38d896e531f4,0,normal,
a1780b23ff8a491084b4c053d201c26a,0,normal,
c48eaa634793412e841cf474ce27f56b,0,normal,
46d12becbc304ecea688440aaec7bda7,0,normal,
a93976b7d9ce4f8ab18f44c1d5035311,0,normal,
a82196e4ec2a41f5b53e90bf98f84ab5,0,normal,
46bf2a77f19f47f6ae0c429ce43b4e42,0,normal,
5dd4f0e897244b32b88350fa33c3a99d,0,normal,
5b184929251442ed9957faded26e630e,0,normal,
88d3714a7cc8478e827c98dd1396a378,0,normal,
8531ce522b1948b9804247d42f8b0248,0,normal,
41e64e3be25d4dbe996614ef805bac48,0,normal,
9cfaed08f98d43f6a3870ee59da208a8,0,normal,
0b73505a25ac4fca822c7654d270088f,0,normal,
2c56ec0598934ca2a39542d8b111eaf3,0,normal,
a26ef2a834aa4cd882518a576039760b,0,normal,
be6e8b36af434df59a075f88b57f7108,0,normal,
cb2afea223c44c65a1e31290d1276ced,0,normal,
a9509e8d17d84196a85bb8216a1a6d35,0,normal,
d55c524e54534db29d16cea35a8bd90f,0,normal,
a9992577dc1044f38ba079a95ad86571,0,normal,
eac842918b974d61b678b5ac894b8b53,0,normal,
5f99c792a4294521b512e64f8a5500bb,0,normal,
04490c2cf4c04290bf586424d4608518,0,normal,
6d84c82aef064bba8151339023300abe,0,normal,
c101c12b5ac34ee096b3c6e634674ec3,0,normal,
d51782c9a2e442db97041f96f4a41649,0,normal,
41d1657702e14af6a8b6ff2a881a79fe,0,normal,
0c87bfceaa2a4a4d90d065db8ab74094,0,normal,
216feb25eedc46cd99813fc393a6c395,0,normal,
342b32c14d0d4e6ba2642d558c6ff0ed,0,normal,
3bc6e3da449e4f18b13f41e2a08abdc7,0,normal,
fa22703bd0234768a31bda673d4a7652,0,normal,
359bd1ab1a19408291c9981ab715fed8,0,normal,
eaaab542d4c044d6b51649f67c455075,0,normal,
5b392271b92747b99d93f0a0fe859803,0,normal,
16831e2f22d44dc9a03d7acc36bebfd0,0,normal,
dc252c935e054b80a84ace6301790151,0,normal,
d0a4413374d248fc88ea844dd4d79844,0,normal,
30ca9c00028a40f39d690f4ff8bb87c5,0,normal,
d5d8e9b453344865bcb4619f465ad8c1,0,normal,
41765e510da2465f8631a2410b57cd89,0,normal,
62fda502204541898a262f915e71fdec,0,normal,
1b3c09cd40b24eed984558c9a87769b9,0,normal,
18b45f57db5b4626b2f11a8b0372f786,0,normal,
022057cedd14406bb5f3843693010d27,0,normal,
6447d3d4d3824f0bb04805c1d1a6424d,0,normal,
d84be512a7e94c058ecec41c3239b983,0,normal,
34e4efc8c1bb4103890abb01ae6e04b7,0,normal,
bb6637a7172b4e01a51506bde526a83d,0,normal,
af1be495340a4b2f819f6bfc669dd3d4,0,normal,
3a2f753ff5b14fc3ae33a51db744dde0,0,normal,
57cebc3c8b364637a9c3f2580adf3ceb,0,normal,
85c6f2c4821b4e60876b8f6e67be6b67,0,normal,
eef5b953413d43068f972ee493725f64,0,normal,
5d44eb2894d1465bb197dcd8c8accd48,0,normal,
3ca73f86b528428485941ac508f9a5fe,0,normal,
deb6845891ac4823aa33719a5fb1e0fd,0,normal,
3ce0e86bfce44dbaafcf946ff20d6fd7,0,normal,
3acb4c5add8a411e8132298d88ca5f66,0,normal,
32d64a34091d442cb662a33f48133e16,0,normal,
6c1bf400c8f5486886f3a0145fe06e7b,0,normal,
1749eb267c7444189fbaeada7fc30018,0,normal,
db295aee3ad7417e8220469978e35296,0,normal,
1ead2f6ba0fe4163a277b07c6a487984,0,normal,
a5351d2e38c14f4198d99e63e42ba38c,0,normal,
2cd4556bf8024a028ef4f0ab5bc392e1,0,normal,
06292428804945cea8e29face9efffcf,0,normal,
3f217db3496d4f4cb237697c4ce13b07,0,normal,
6600b0723de54981b7635442e552cee6,0,normal,
24711551c09943b38cb9e0908e7ad35f,0,normal,
02fd027b67934432a702f7c4b0ad2480,0,normal,
735bf825f38044a59990070a262420f5,0,normal,
517da1eb2060419482967de84436a291,0,normal,
331b2c7a5bf040388b7df6eca6ad5edc,0,normal,
a1176941ff394afc9289a409cfebbb2a,0,normal,
90a60c81a594484b8575ff5e1164b625,0,normal,
1bf61b6e46f84d1c83fc8124793c6292,0,normal,
cad8fa199da5442c878c713c18be1ea8,0,normal,
913c4d8a7b4e483eb7962a2ea753ade7,0,normal,
e9d475de55cc4bd2ab37af35b16c7728,0,normal,
432d575ab0c44fb981ad2e2591cc14ed,0,normal,
59c1b836b0a04aeaa657b40c4f95f614,0,normal,
b48f5790c8cf4a3bbac43c6bb26d4836,0,normal,
ca38cf43e0bd4cba9e02102783d85052,0,normal,
48414fb0313a4d84b1e3e2b7d066ecd2,0,normal,
891f366511aa45fdad822db751b65835,0,normal,
0f196b9afdb64a94b5f8feb89863e519,0,normal,
3f894ba0ee064d54860fa075609faa6b,0,normal,
8f7365e7f3c24ecf88f9367af28e0819,0,normal,
1b9fa4231c4f47479c6473e113fb70c8,0,normal,
792e28af5eb74442ab6f2e1d5ece0d78,0,normal,
af2f68a582c1496ba126c77bba282e8c,0,normal,
a94dd75ff65546ce893e25101f9a1912,0,normal,
baa5647ba1e54212a466cf041589543e,0,normal,
1894972218e54a0cba42a6150740b499,0,normal,
566a46050da040468cf72a099cdd2742,0,normal,
b89d5d542a914a3d93329bdc747617c9,0,normal,
6f7c279397c641aa93dd257f38acba25,0,normal,
10826b459b684345ba7fcedd56625d13,0,normal,
3e37f706f66f4573afea69132f5c8d93,0,normal,
8637008295244c3fbdc7eb13bd66f714,0,normal,
69b1792beb4d45058a11baf21b01ead4,0,normal,
c1f0e983fc814f988d09ef4fd9abdb6d,0,normal,
13e0ad4623ff4bfd9f0d697ea436debd,0,normal,
a85be327e6314c1e8c1f0ee462027d2d,0,normal,
e849d2d12524406dad0da0d384e704fd,0,normal,
1cd84651c26440768ebd87ebcb2bdd7e,0,normal,
485f441a53474f66af3d5f6e1695a4b4,0,normal,
a6473fc77f6f423680de1bd7e141ed6d,0,normal,
32fdd2572d304c8a93088057a0482ee3,0,normal,
1b7284d8acc94e8ba19e4938672faecf,0,normal,
33d8ee84602c4636aa161dedbd3ea611,0,normal,
b44b10af74154110a2409fb843ff8617,0,normal,
45c1bbb915c54ebc9d62be89219784ac,0,normal,
211d4ecb338f41f1bc79f95a39f3121f,0,normal,
67a088f40a99429e838d08bfb267044b,0,normal,
341511dc6d894138808a8185b10e5699,0,normal,
c5d0dd72c6cb4b31b7dabff93e170a52,0,normal,
69ae8589a1f345d6bda1f7209d671f0a,0,normal,
384458aa277a43aab901e0c20ddf6955,0,normal,
7d9bbb8c4fb643bab9ae9e34685926e8,0,normal,
44d71f3d2c89491082d438a478bf2e3f,0,normal,
e9b9b249f95442218fe03a0da356a9c8,0,normal,
72ffe067f0814275b2b70e646bc74b95,0,normal,
8a4ab643ff0644f7888c308026d12047,0,normal,
856aeaa175ec453eb36c0e71729e8254,1,profile_deviation,deviation_89
85681e4c045b4db2a32a40b42cbf9b62,0,normal,
b1c39846798a4edfa6839ddb949d74a5,0,normal,
1a11f603578e49c68136c112b2b26d7d,0,normal,
da08a448894240f087b2b21180bb0383,0,normal,
3b95bc799fd043989bd1ebe7f19836a4,0,normal,
632753c08db641d0bc467a26e34cda8f,0,normal,
e87aa764c1a04256a6f6ac2e2922f7f8,0,normal,
d469d0ee9b924f8b84a7cf2ceadb0b08,0,normal,
4cf3e94ed3a24ce083abe4218f908c71,0,normal,
c503a9a60d9f4004bf0433d25472e1bb,0,normal,
94bf0b575a44423d8a015ab4e2b5746b,0,normal,
7bf20efb592a446f80f48806dafe2cf0,0,normal,
e0b0b4c7fd5143bfbd5307c67627a795,0,normal,
4e07b5bfe6674c608bdca201e4d1da60,0,normal,
f74fef7cfedd43358fa2217583e6240f,0,normal,
b8765487976d4ed8a091c17085bdca49,0,normal,
2f408e3eb8ed419685ea8b129510453b,0,normal,
4e3dee55df814391b9d8d45eb780a243,0,normal,
fbed21fb349c46fea26a2c1f6e88300a,0,normal,
059c7cffc73542ebb637b640e14293b4,0,normal,
b83cf3ba6ab545a182bd4f32e40a33cf,0,normal,
a477eb7ea81b47c9b5f8d3cb01c7174b,0,normal,
9651f4a6211d4136b4839cabf03b8042,0,normal,
1b5c12786244402780b2dbe6ba64c52d,0,normal,
a670bee3f8424f69b13db784b7908447,0,normal,
751cf5bf983c4caeb63608b7e92ee23b,0,normal,
0d56667b921f4227b9543fb4b3383b57,0,normal,
ad5333b7596347bb8d490ccab927ed62,0,normal,
d85ec6513c824203b1ac023bcc49ac1f,0,normal,
4d5fc67165ef43dbbed2b55a5011c7f9,0,normal,
f938649515ea485796d7f2a2811de6f8,0,normal,
5b925224668c407abf36e6ef095cefe2,0,normal,
54be2698f70942c2bd30455498cce880,0,normal,
86baf4cff0cf436e947d563fec48bb24,0,normal,
8029173700aa4916808fdbb3c48b307f,0,normal,
6718074af9c7493d9d7170de1aef9900,0,normal,
abc03f93772a43118f52fe442cf87468,0,normal,
10c4dffbd682424184b976d794ab095e,0,normal,
a43ed4b06e614af89102f6d855b744ac,0,normal,
e5503479d6a7434e85c03678038623d6,0,normal,
3f0b17d240844c5cb90c5f1a897e351d,0,normal,
bde8486d260448f5bec56ec9c05addef,0,normal,
35013ffdcd464819ac04d40787d00236,0,normal,
1bac831504e649edadb36e18c4b3313f,0,normal,
cc79f8a2a02f4369b8ba7a201634ad62,0,normal,
3a29b0c498a44d87a800a0febc385476,0,normal,
73927b51417542b3ae4b128a104799a3,0,normal,
b74054e93be64d4ca8e0d58375170f8c,0,normal,
6c259a9330df4e139ccb00375e1ad8ac,0,normal,
dc538fc67f6a46adab2afcee4edc9181,0,normal,
32a29ef66e4549eab2d14c0d6b0de185,0,normal,
d50af58886ef46ef96bc8b4cf4259dd5,0,normal,
6c8e324c52b649f09287e60cb2952e54,0,normal,
fafa1b9828724ca3892eaa2812547e64,0,normal,
e4a01631f7994859ae2cd07e2af22449,0,normal,
ec356cd6658d480a88154ee34ac3354a,0,normal,
37869f55b9144d0fb129d6ba5bffee7d,0,normal,
0bb793ccf7384d2c8cbcb3e2ff8b1986,0,normal,
ac083a7a8b9b4766ab595e8cc1d32705,0,normal,
54a4dd490e934f5e96a6c4290f7af1fa,0,normal,
1059e7a138464967a9704647d9243e41,0,normal,
0af1f2ac104a4fe79e5b2726e8735db9,0,normal,
671fbc73ebef4607b6fa6d8042207580,0,normal,
2d48cc2e9d774da5b0056fc6fb904d93,0,normal,
b299f43012e4433ea2a4f4345a159f38,0,normal,
1c39aadd51dd467e9b212e125b33dfb1,0,normal,
75b248317934489d915fe51eddc38f14,0,normal,
018126df0f0d4d90afd8284d194e2776,0,normal,
338e985f26fd431980a576cb9092d27a,0,normal,
c8575f8dbd4344ecbe315d68e1ee9f96,0,normal,
4e5d4fb0f6ab4400afdfb9855dc850d3,0,normal,
492afb3943d94eaa82a870748a7086b5,0,normal,
c9f3b0eaee1d490fb99c30d7e1abeb9b,0,normal,
c2af5e2838724fb1a637b4d0d4e4118d,0,normal,
e659c6d7bea0470080161bd5de149415,0,normal,
1882bd974b0e405882e87892608d33c1,0,normal,
4add054a8f544067974506d5d4da1044,0,normal,
391d76a369d04bc8b9890aad387c410c,0,normal,
15f4f83816d84224931390a78609780a,0,normal,
7edd4935e19f407eb85e4bf4448de6cd,0,normal,
7b811ea7d71d458497ed104692c0591e,0,normal,
da8e9bbb0af64926b649938f352eadc2,0,normal,
11ebc37fc2f241c8839d8c31c7674272,0,normal,
6b21c822c99743b18961bc08b9606d38,0,normal,
0a082cadfcbb4109ae64d9246592d7b8,0,normal,
056958210e6a4b68bedb672cd28a0d4e,0,normal,
0f5e49b837184deaaded5208cc63d0a7,0,normal,
b178ecc507e3494b807e8f7a76701e52,0,normal,
764f7d5e8c1841938f999f1093f8f8af,0,normal,
e88f646bc2524778bddbd415ca990ffc,0,normal,
28e13a82c05c4b63a2878a745d9bd3c4,0,normal,
8be63114382d41afad2c6c1f77e93ba7,0,normal,
f81b248ef7264e21a3cf1a64563877b5,0,normal,
11e0122e502345feaf838b9e070f09ef,0,normal,
b35d196413644ebc9871ff9eb61a5a55,0,normal,
633bbafbfda94769921dff5afc6182b5,0,normal,
356e552a6e684ecea14609185c7ef2db,0,normal,
56bf0e84ff924f0689ef0a377c7ca68b,0,normal,
c71a7149141549e7994a804461db9972,0,normal,
5d7e51099aa9430ca9c6ddbb771b457f,0,normal,
b2aa2d30623149189fd9ed3a39ab33f6,0,normal,
3403048979f142fe8af0c1d4825f7d39,0,normal,
616fd94b291341cc805035660a9e152c,0,normal,
23c7cb23b15440a0b452385e857f3483,0,normal,
de8a4b8e3b3941029e1394fc9cc581f7,0,normal,
eb1e8c1ef0fc4a94ae71c0cb1c5cbf63,0,normal,
c51b2d03eee84e36a0a3dc9dcc13d11c,0,normal,
dc73d0011e89467594531f70b7062c59,0,normal,
331bf266f6c44191bee0088ce9a9d336,0,normal,
74ff12a9a1334c45ab857745eb21ab64,0,normal,
3ea612c855be49099d3c2b1252f374cd,0,normal,
283b16d03880474594deebade349d30c,0,normal,
7eeaf37c9b574a94b327bd2b1a99ac52,0,normal,
09f1ab84efd241249dbe014b3a4e99dd,0,normal,
f20c6ac4016949a799820f5d594e3e57,0,normal,
df76f5ac8b3f4adca4264f74b8d59ece,0,normal,
c21cf3932a9f46ce8eb0f16f0869947c,0,normal,
feb049478af24e6ca7433f7d60fe4da7,0,normal,
e2433ebb159e4a9584aa2b7e172e15bc,0,normal,
5a4c2badb2ed4b279ca76e0beacd3033,0,normal,
11c2da843cbb472aa990f69bef77dc48,0,normal,
9ca4c218a9f5453b834ce5fe653fd672,0,normal,
47fdc314d91344ed816f1e24da0223a6,0,normal,
8c204ef49cf14e50a8513265f668efea,0,normal,
d4e45fd67a9f408e99643abe036f680f,0,normal,
f073d2b5ea754ebbb7e5c143c0997ab9,0,normal,
4f1a867c728d43f6b19514eeb8692cf9,0,normal,
b738ae645bf64e7f80602987ad43add4,0,normal,
ceea40621b334101b73bd9efdac9ea9f,0,normal,
a4f82b53182840b5b30801cfe680fe3b,0,normal,
0d49e205281442d49364ca3c72f8e211,0,normal,
3b1265667546458f9d1dac1c5d7a84cd,0,normal,
e24a54ac64c849a7b00299c039bf98c4,0,normal,
21bc8df085614810938e422be6df4074,0,normal,
ce27f7b22619438da712f9161dc4f517,0,normal,
4d3d7f64de2d461a9d200c1582af43ae,0,normal,
dba6bf6fad454fc0ad940a2e193d5ba0,1,structuring,structuring_380
ff3ae522923042518d88ea46eea1af52,0,normal,
b51e149ee9d8449c9ea7ca3bd6f9eaf6,0,normal,
27707ce0e7b84c299a7d9687415fb36a,0,normal,
dca3df62b4f549c48e80e2ddacad78e2,0,normal,
f85aa989e7d34ec5a8c01f92e31039b2,0,normal,
897c088fab2a4bbd9cdbb31be76e09fb,0,normal,
88c4f394dcb84a848d9ceb28bcdc70f5,0,normal,
3437d64fc6244d28b999f71f9fb180fc,0,normal,
8b97ebce5a8640a282991cbb7f9d4a6c,0,normal,
901bd74603ed4fcab174517fb9bdfde4,0,normal,
8a30cd7896074e4c8c1cf5ba76cfd88c,0,normal,
5ed974b3e4a9439d983d7620e411518c,0,normal,
19abbd66a24c45949feba8b441d501b5,0,normal,
b44fb7b2019f4c98a35bc7652d7bd0ab,0,normal,
4c2af72d2388456ab0d5ac7b6546f120,0,normal,
0fa156f96fb64642858cb5e2ac9075dd,0,normal,
b988436d007342d4b05ba782797ad70c,0,normal,
44b6d4c4f1354a6da7006d855a8efe24,0,normal,
898f22071dc4480386e161ac784397b4,0,normal,
6b4215d2cd87451390025ff9156baa26,0,normal,
02224d86f0a64eb7a7d6abe29c134cb2,0,normal,
c89894b4d96946c1b032544eccba95b5,0,normal,
ff69de266fa8455fa64130eda6e72dc9,0,normal,
b3ca42a8f2f34464b7be80b3cc408132,0,normal,
83ef151a6e4d496d8876f70b6b651220,0,normal,
b89a9524dbd94e249c746f9eadaf1960,0,normal,
a8f61231f38e4e31ace0f45bfde25aa1,0,normal,
eaa38cc10172432eaa0a181b8573221e,0,normal,
2372e4ba3dd447a3862ed0cefa4c350e,0,normal,
3dc830d6e00b440d97569b570968855d,0,normal,
9ca74b69e3b14d239226e855e8fca78d,0,normal,
37677d87a3594239b2b2893c2b46c98e,0,normal,
b5125d05abee4bd4bac9d8925d9a0e54,0,normal,
728ff9f4f93b461ebb59bcd8e11b00e0,0,normal,
bf5c3e0856854757ad959df6f1b87d61,0,normal,
e91ba325df9d4cd59ccc7d9d3947eb73,0,normal,
78e7f2db0cf14f1895baae465208456d,1,structuring,structuring_380
a57eee32384e4bfba74acc9d4195d96c,0,normal,
2c0c57be9992414bb12d6a3008f396c6,0,normal,
18a9f8fbcb464d6abe570fd76268551f,0,normal,
1f67ad88ad9649079df19185fa0df593,0,normal,
c870534e076f406fb25d203bfe71eac0,0,normal,
f98f088d8bf04eb98bd8b182f96668b4,0,normal,
f77dcf2ac8c744a6a96e2e6189c172b4,0,normal,
daeae5582d0844f090e00112d83bfced,0,normal,
0011b3c11b0b4733b669c0c055b5eda7,0,normal,
10bb3960f9a944fbbc574a59eb82cbc2,0,normal,
2d2999be88bd4b8c87acc80a1795d845,0,normal,
13e41faddd4646f7bff3343a81a61ab0,0,normal,
06b8c2f3f2a8454b88d78cad5b6c3581,0,normal,
5fbca5a91c434cf98fcd24a1d739f27e,0,normal,
072d4bce977242b89f513b56d76bba4b,0,normal,
4b105e63a551487db854948160fff376,0,normal,
fef215a0df9d431daa3efacf69e760dc,0,normal,
cb7cddece35e417690aa5b634e8a7a3f,0,normal,
5d09842a091b4a749b128c8fa2eb28be,0,normal,
0b1a17d6f5624faea97d3f0e7a58feaa,0,normal,
3deab37d0ed84db9b3174cdf5c0788d0,0,normal,
bbb9e2ade07044c6985ca4c2b6a8b6d6,0,normal,
48888e25aaa44dd59015759e899251d0,0,normal,
a660d76ccf0d49438fee3bfc2cacb347,0,normal,
ee823781a7f34a9b8c634b0b17c94899,0,normal,
9be890568da54a17a6908fd2dd241b47,0,normal,
5d1bd447733448f0b522241f928fd47f,0,normal,
c9bf789be17d467980a12b3ee1c61d87,0,normal,
bcf3ac1e9e024721a465e072679a0f5d,0,normal,
4ea164e3c9744ff7b6db699e5a6ccbb1,0,normal,
d18df4bc0c144a37a02b0c605d875144,0,normal,
9847e7c4808b4301870263e368edb9a0,0,normal,
beacd3aa84e144aebbe39bc998839b4e,0,normal,
7a1ba0a68e6d40f996e8af702cad8a35,0,normal,
580d5edeb50f4e21b414dff05025157a,0,normal,
08feedff6bac462782fbf6488cffe7fc,0,normal,
0f9a404f1f024d4c98a9b87b22f558f0,0,normal,
07569be0c3a14ec49454ef773146ddb9,0,normal,
8626d63d49664fcaafa18cb1ccbf99f2,0,normal,
787de1f1bf8042f0bbbabf90add0e71e,0,normal,
3a7602e1c1ac42aea1450ea91b754c24,0,normal,
c2eb1f50e3be414fbaa4ad9b04810a36,0,normal,
55cd4ee6d1f34a7d8a42a56bdd472b1b,0,normal,
a267f7bfa5eb4bf790daaef415f21d02,0,normal,
b838cb164a1249269b9d4a6fa8253888,0,normal,
0244a866293e47e8b2b10bd4794b2a01,0,normal,
a4eea33c53f04fc6836d36e548c1d7aa,0,normal,
711ab4b9cfe243a3b37922b9ae8767ae,0,normal,
b45e63a3455c49989f1f77c2a8ef9681,0,normal,
ef7863f7e82142fbb64a1de653a9825b,0,normal,
72d423c612844c859fdb24df749d2e59,0,normal,
af2b9977f24d4d909d421c318b9516b8,0,normal,
0c7e04a7cbc048908fe26d8f2dd08209,0,normal,
ec282a35c32648fc97d9bceb98c06770,0,normal,
2a23ee318c0b4ceaa5b6fe32bf4b87b0,0,normal,
5df8b769158948689ff0df32491a934f,0,normal,
bc570d47f8e14cd19a5bac5bf0983643,0,normal,
26d4486232e447a29421fd319c5a2bf7,0,normal,
c746da9306fd4d52939a15e9e775fd0b,0,normal,
66176945904d466c99328fcf6a55cfa3,0,normal,
c6854ebfd24d4c2ca48c08eb4058e985,0,normal,
7fa6204b565741e993fea81620e7f74d,0,normal,
08e43ddfb9ed4f128bf4b1c311b99773,0,normal,
0e3549bbece5443498fa0516cfdd12ba,0,normal,
09eb59321f4c4eba94281019d8215d08,1,profile_deviation,deviation_223
dad1da2f129c4b098281e5b35cd19c37,0,normal,
deb6ed6336c840648d39b20afbac96a9,0,normal,
e924a75ba39a4270afcaa94b8facb365,0,normal,
080f91299d3848b6a1ec02308eea31cf,0,normal,
7803224ada1c47ea8537c84abbf7baba,0,normal,
374407bee0464943b309677ede228c2a,0,normal,
0b78f2ca472d4fc69e00cbdc19eacab2,0,normal,
032aeb878bb14bd2a606a808dc9b8b67,0,normal,
09052ce8fe3242e7b7682fd1643df8f3,0,normal,
b283e17d40eb44cb8380abd0626ac42d,0,normal,
95a683c6d360483e88f2eb397bb7016e,0,normal,
978546f969e24689830a36dad5b61360,0,normal,
e52a1539dd324e788ee79d96057537d9,0,normal,
ff47b62607be434ea06db625e5edd890,0,normal,
d380f43995654b3eb4cc790d7bee1887,0,normal,
4006e822355c46b4a321ecba79083412,0,normal,
b36ad7e0e5904f44a1315999ee6b5298,0,normal,
d6f539eda93e4deeb4ae23f4c1c5d478,0,normal,
e8ba5c5e05134d5ba5e091e406c59c31,0,normal,
5411a764ae474dd8a681940a095a0ca0,0,normal,
974f3ad3e3624a3d81ee16ef799b7e2b,0,normal,
6fa0c6b83231488ab2f232c8848fee3f,0,normal,
3ad79122f9c9489ea1e1f57e00598696,0,normal,
6bcdb9530aed43a8ad6c6db754b6411b,0,normal,
186e5f0c05eb4f54a546db28356c9398,0,normal,
8e6f3c4650234dbe9bb0ea96a761c65b,0,normal,
a597b56c4979430994b72f4494ad063c,0,normal,
1e168653c49c40a790394a559b526d3e,0,normal,
25d4bce3febf4e73b4fd50e84dc64845,0,normal,
d2f3242c596341b9aa2560e863ba38be,0,normal,
401ea2604e334cb092d03ad6c593168e,0,normal,
1d656cd7835d432aa8e53ba8166e45b5,0,normal,
b8f9462dbc044d739a0de8a3ee3a46d4,0,normal,
44fc770ea8ab4f04afce0060d54cbba2,0,normal,
a15ca134ae544df3a30ebf488a5dc56c,0,normal,
efdb853d421a4b5f8427be44d0c8844d,0,normal,
ab785e91d4404a30bdf335258ed50b59,0,normal,
b0af31e0155844b4a3246a22d1c4e7e9,0,normal,
9af96ae9362e4621849d944ba88652c1,0,normal,
d4e0516980b846afa437edec69874166,0,normal,
0eb75c52aee54e3795553f961474282b,0,normal,
0ff9fa36515943fb9073746684f20b3e,0,normal,
cb459186bcce4c3bb80a71dac6334b99,0,normal,
19909418eaca459686dfa37134f01940,0,normal,
47522e01759c4b54a4384c362ab60354,0,normal,
b6b1aeefae824848b4afb0b6aa70407a,0,normal,
c1e4da25ef3947f9b6e1aba82e63280e,0,normal,
1dea2a62fa3545bb85bb608c4485a5f0,0,normal,
541431ed39b34f2da6fa09a90c25750a,0,normal,
73a2e55c58b142f5ae5f456d545683fd,0,normal,
5b442db617da45dbb89d9509033c9112,0,normal,
b2cf550418594bcebd0da906a1e89002,0,normal,
a6212904ab87428493f50c790ed20252,0,normal,
6bd7ea39ca3044929f5e2d65d5bed89c,0,normal,
dfbfd5fa87c74f96b9f46fbe85ccc560,0,normal,
f4645432b0584f4dae05a9156c79c55a,0,normal,
2c92399616a24ff38b3ef6f99ba879a6,0,normal,
c07cb035a7e145e2a0beae2ed74e6f95,0,normal,
07eeaf4848734aa7bf41d1d7bf5c151b,0,normal,
2033d088827b433595189a18cb575e53,0,normal,
71e23ddf2810405b9f050757a6bc8ea3,0,normal,
2b2c604342e1419b9282bc385e9c641c,0,normal,
f218de55520c47f8bcfe84e86fab740b,0,normal,
da6457d631864e3387651cb31228284d,0,normal,
8cf50af6d4e74591b26b2af64058266e,0,normal,
99785cb7ed73498aada5b417bb24574e,0,normal,
75271df3e9d54de7b133938c1edcdfba,0,normal,
325075c56a3a4591a5301144e3a886fd,0,normal,
666dd8eabd6c474caa5e477798dd4252,0,normal,
3efd519d1fdc4327b074072834462978,0,normal,
05425222a3d2438c902da974f8cca618,0,normal,
dff8faf06df64ed6b75d80869f52dec9,0,normal,
a1c2f656360c44fca175b4562472829a,0,normal,
b6a928dd7ac9455d94bb18081bbc1ece,0,normal,
69ab23ac9bcc4652bc896d8a32da8e6b,0,normal,
5e83ddfd48c64be58879d522ab1ee6f8,0,normal,
b18e835148fe460f9b0262e554a5fc21,0,normal,
08d23351810d40b69d3a8c4f0f92511b,0,normal,
f9b1147b99b24d2c8ac9bc2c9c993475,0,normal,
ec2022dfe68641868264a79e60b2f590,0,normal,
78d3630f386e4f34908729abc9dd4bfd,0,normal,
454bce5dac34439d8754e9549649baf5,0,normal,
a954bd4702974bc18a73acb4d67d01e2,0,normal,
88c4523c9a374d86a598a458206c29d8,0,normal,
85f0154aa63b4238831a2212229d2cf5,0,normal,
d7d19583600342daa6b1117e9043e28d,0,normal,
0779895fc9aa48fcbb8f101f4d2c41e8,0,normal,
803866fe6cc34584be742685274b4cac,0,normal,
73abf6e062464ebc88b42312b3b3f660,0,normal,
067117cf5a364b7faaeb5ba71ea87943,0,normal,
f0131dad16d04e91961c047220fb36fc,0,normal,
b8624850341741ffab2e9e654386cb1e,0,normal,
63b9cfa81d6f4701b7d43b4d20f74dea,0,normal,
8d4dfd1660814fbd870d53ba69b6dbee,0,normal,
f14c40d7aec843aeb05def833951ce30,0,normal,
6b522fa1997643c99f5110e30e0e282f,1,structuring,structuring_380
080e3a6ac982419a8766e977361d370d,0,normal,
653c3c4eeab94c00b93e1b6379c64f92,0,normal,
fbe72c10644b4ad3b14d0c1f27df009d,0,normal,
fbac38d832f84bfebc14764cd91cecbe,0,normal,
930a622664bd4fe49b41554b7e20a048,0,normal,
b4a6244992614fd6b1701c9e6730923a,0,normal,
9d4da07a880340c483895397508e6cb4,0,normal,
6cc0c472e82e4ba9904e1b97d79067cc,0,normal,
fbdc427106a04ee3ae63aca448a56d05,0,normal,
6ab3ba14f47a4d9bba024ce94ae4bb2b,0,normal,
cd0e9ec777724cd9ba6b8db3244fd0f4,0,normal,
48556bf9ad5f4ffbbe22438da70d4b00,0,normal,
feaf649ba61445b6a2ca45155e54feaf,0,normal,
3ca24b69c6b44551b80a21107110b82b,0,normal,
54841af3882b49fba65cfadd004bf5bf,0,normal,
9b290d9b728046cba204c15314cfc2b7,0,normal,
ef76bec18ab24659ae027b807f817b18,0,normal,
a8c727add2514e84a00ccc60f0d6e206,0,normal,
4a797005615149509daaa2f5980560b0,0,normal,
cb876b08357a496b90f24a99b4e723b9,0,normal,
38be9b1a41804ccb94ac2fad55b30b98,0,normal,
4d5945116c194c50a323685df3bfac13,0,normal,
d80de91d0e894c5d99640edb939f7ea2,0,normal,
d2e81bf8974c4fe0accec095973e15d7,0,normal,
964bc260b14c4bc8adaf5b8cab195075,0,normal,
813dc21638414db7947be223d7097d29,0,normal,
d8392a93163248b993beedc6ebdfc936,0,normal,
5d59fd79106348a8887b2ffdce79e9f5,0,normal,
046264cb5ca44b8880ab31dac08ca555,0,normal,
9e5491fa1d6349288b2dc9fd57bdd535,0,normal,
46010f8d805e49e69f98225bbbfd86db,1,structuring,structuring_380
6d85fbb23ef849d1b2b63648aefeed77,0,normal,
01b3b101fcc5425582999d4cf7bf5c72,0,normal,
892e6809609848068ad5bb4640f42b74,0,normal,
5a45ed9242064df1b021e84be0c95d89,0,normal,
356b3d2387ff4b4a9f1f10e6003969ad,0,normal,
fe15821d5db5444abbe2b12eb530f95d,0,normal,
51ae1be43f4f42af8778ae1194fec42d,0,normal,
abcad27e469e42d4a153cd9b33119086,0,normal,
0a6d1857c9304fa4b6b9eec78d1adb51,0,normal,
85477e34fd7d47efb8bae0f5da9e24dd,0,normal,
400ccbb4046042f18398868087d7f22d,0,normal,
69f53985bd154ef188991c2134261fa2,0,normal,
9a77a02507b949c19c457f744c18197e,0,normal,
185ad4a26e2649afaa22d0c7ce4cd0ec,0,normal,
ca7ff0f30a574bc0a3a6cd34da05235e,0,normal,
f7f724244bea4baf86da14eb0cdfafe9,0,normal,
f8bab8c3311e4c1d9aea61860d02bbf3,0,normal,
b37d03bc4ce74fe6ba2c74073bbb970a,0,normal,
eda51e6ff0b64be190dfa4730500cfad,0,normal,
6b7e819afa794baca323e2c3d6f773e3,0,normal,
06d2d79c6fd140ecae44bd7c60eb41e7,0,normal,
f4d65c20d3e245c7a206c41bd61b3007,0,normal,
5b825950c6174674b527a31e9a2dc661,0,normal,
8368b71a59914b52af6fcabebe5814bd,0,normal,
6e82c80e7e194e7ebe5a09bff95daef1,0,normal,
9055e2e11e1046848ec77f874a2a1123,0,normal,
b08e9b6bd76748088f5ab7c50a8f49fd,0,normal,
5a6182f4ee0b4b1c85b32aff8a95b49a,0,normal,
c9f68881de914b03b164f1b6c441e550,0,normal,
97cc7820f96a4e318b5fb7a1994beebf,1,wallet_reuse_burst,burst_312
82bf2f414d6946a795aacc880a86a712,1,wallet_reuse_burst,burst_312
791c1451d855448bb2f2e4683c654ee5,1,wallet_reuse_burst,burst_312
dd090ad98c6b475282185c43585bd457,0,normal,
ec32bbe7eb1e45a8b185995097511a78,1,wallet_reuse_burst,burst_312
4b17072a564548db98d6fdb609431360,1,wallet_reuse_burst,burst_312
f0a0cb461ee34e7cb16cb9c324615ad0,1,wallet_reuse_burst,burst_312
1a3ad0f8070e43ee950d96467168bd9d,1,wallet_reuse_burst,burst_312
9f6b0a91ac3d4469a8960771c3479ee8,1,wallet_reuse_burst,burst_312
d420999c44ac4a7eba5d0ff44e9a9ead,1,wallet_reuse_burst,burst_312
de36c63fd0244772ba4485bff3b94a50,1,wallet_reuse_burst,burst_312
92bfbdc1a7724c7a88037d2abbb3251b,1,wallet_reuse_burst,burst_312
caf62d697cf5453399c4f3670b1fad31,0,normal,
b73f4d2ebee945c19d0b74e5d106ec0f,1,wallet_reuse_burst,burst_312
f816875a335e47d2a118bc51489c2b1c,1,wallet_reuse_burst,burst_312
57534dff572f45b8981d7a4b6bbe85b4,1,wallet_reuse_burst,burst_312
f8afa6ffc9a444d589d9c1f3f27811db,1,wallet_reuse_burst,burst_312
34ceb672e6c04a89a0c518342120322a,1,wallet_reuse_burst,burst_312
bc3a3cfb09614cb4ae6fdcd8afb67825,1,wallet_reuse_burst,burst_312
f4b1462b53004fe4bd76b156400aa762,1,wallet_reuse_burst,burst_312
1878d6206ab94b6ba446e4da753282fc,1,wallet_reuse_burst,burst_312
32862eee5f0a4823b81e2d2d793b7fde,1,wallet_reuse_burst,burst_312
d41dcc37030848e192c750d1ffc03456,1,wallet_reuse_burst,burst_312
44f1d1dcf9654b72a74b598bc23a6022,1,wallet_reuse_burst,burst_312
f0ddb45b03de47acbf70a1718f5c29cd,1,wallet_reuse_burst,burst_312
4a7742020f724da4ab8e413f71eb7cd8,1,wallet_reuse_burst,burst_312
17021badf7274b57a011b2c36dedf124,1,wallet_reuse_burst,burst_312
055c8799bff84550a9d6fa8210656d94,1,wallet_reuse_burst,burst_312
727e1634ddf84e38bffcb9608aa2bf9f,1,wallet_reuse_burst,burst_312
130f4f0b40bc4046a24672c51807d861,1,wallet_reuse_burst,burst_312
e5322004bdfa4b7e9c8625801b673826,1,wallet_reuse_burst,burst_312
ef82cd2d50f54114ab5a2d7fb95a86ef,1,wallet_reuse_burst,burst_312
5fb94af5310c4310a8fd984a98e41672,0,normal,
a04721d441db4c4d8a7b4520b4e5215d,0,normal,
540200d7471e4129a5e7318bdb10dbfc,0,normal,
87b4d9eb3c074d099838fa73afaf2aba,0,normal,
de08e238eb6546d1b5b466db019c8793,0,normal,
6ca041925be240579cab580a380f0979,0,normal,
c3db072dcf2344b09bb768baf5069019,0,normal,
423b162b87724704aa3f7aeb0ced916d,0,normal,
bc54747825344ed2bd872de840733733,0,normal,
21a1b59cc3fc4e4794d2c28e69334399,0,normal,
7352ce83176245c9949e66308d92cb7b,0,normal,
3c18e33c70ae4d58a89ca868a2d8bdf4,0,normal,
5694ec30875c40c9908f657b75750009,0,normal,
debe90fc570744538606fd98a5ac6460,0,normal,
5878bc1150054a10bbd83986cf6e16ae,0,normal,
755b59b907cf41bd8a842852a39e0168,0,normal,
3fdfc11d202e4476a434d115577668db,0,normal,
e01760baf5db40958bfefa856b6b90a2,0,normal,
5db177ee3d6142f49046ba73a6b00d8a,1,profile_deviation,deviation_30
5bfa6faa00ef4bdb95d6b772b1b1b40c,0,normal,
10eff24ef47d43a1a78a6b3b78889a3b,0,normal,
080b637a42d94a21a6519ee805e4a2bc,0,normal,
bb1d73b089bb4b27a4a012e06665635a,0,normal,
e5bd8f1d556a4ad3868fa8b73b23cd19,1,structuring,structuring_380
7faaa5c6e6e0415490039ca30974f683,0,normal,
347541825bea4995b939be7d89876299,0,normal,
09ec419b0e0d4c198fbcc20c994164b6,0,normal,
2f5a9dc7fcbf438cae7d9841ddeb8990,0,normal,
cd4e78adc1ee46f8bbda6af54ff548fb,0,normal,
c05fbbf6f14b481dbbb6a86941259a29,0,normal,
bcfffe2359224c0b813d78c50079f74d,0,normal,
e3d4b5b277a0431abaed08dd65b8e147,0,normal,
d9403350f2154a049507d5ece7390fa3,0,normal,
d864e6130afb4c58a07edc343fee3c58,0,normal,
8c90d376acdb4923a248f28492c0a561,0,normal,
131e65f5cdd548ad9d3c5cfd525e5e0b,0,normal,
32c03d123f8a4f47b5408e1d912b7825,0,normal,
dd76bafe4d434dad9eb28a46015a9327,0,normal,
1b5346ae8a474713a432a89f6498a607,0,normal,
76cf4755dd174479b3532c4454024849,1,structuring,structuring_380
88ffe371916d42a99e7c8e30ae2ae595,0,normal,
092fba8054e24eeab5b8edb2d92130c9,0,normal,
329f605989fe49eea5a1e3e955c8b736,0,normal,
be2ec8a6fb8a40e889310a80d906ce8f,0,normal,
9800ea4f8d5f461492e4b880df061392,0,normal,
74ad5bfc869f4a5383a77615041b9a30,0,normal,
a07c61353794479b807943650a56c68f,0,normal,
32a74452f4ce4f39ad29dcab65ffdb2b,0,normal,
b646f510de8241b6aaa8c4a213449f87,0,normal,
0415e77fd3544577b7c5cddbd45d90c9,0,normal,
222d2b6b22214c799de1c18348235c0f,0,normal,
eb1407240b70402590e8db2b5ab40981,0,normal,
f566ff9e0e4e413aa001397811f72e4d,0,normal,
c37c9c3b77644e4987e8b7ef4acf3f8f,0,normal,
3538001c726b4bf5b35bf4b2154bc70b,0,normal,
f8748a19c80a4b6bb9f8365204a99df0,0,normal,
25e52dea11a349759f8cfda54d6f68bf,0,normal,
1e3de5ca4dbd410b8e9296fccc3b6da4,0,normal,
95d78e1754e444e699428603b8174422,0,normal,
24bd422470994340a9a407b4fa348ac0,0,normal,
813a50ca7efd46f0ac702fdb0d0e472e,0,normal,
405a651c859940fba888c57da298184f,0,normal,
97ab8257ab484fbdbdd197606d30515a,0,normal,
f7a0d7b5ac37413b82fabcb147c410dd,0,normal,
a05d93152851447c9232476bc008c632,0,normal,
87ade040ddad4429a1ec7d9a27a532a5,0,normal,
b908ad9bc882438eb351bdae7275d395,0,normal,
a7b39993725d44edb27b395e6a776944,0,normal,
2ff2fc12bf0a4f28b2f8255bbe6baf8e,0,normal,
dadc4c2efa2c4e46a8e96d88363f03fa,0,normal,
c96e4df56e014773b0ad6332e516d328,0,normal,
a4802866c6224794af8fbb1c8b1fcff2,0,normal,
5313d9997098445ebc74e2ebee36a949,0,normal,
a9b3fea83eea4263a9f9a01f6a292358,0,normal,
1a511557bc1a4be391cfff0d22c0a8c6,0,normal,
aa861f99805b47e1b5d83c8a0e9e0137,0,normal,
cc21fadcc70644878a30e32e903dd3fe,0,normal,
6851decc8d934400bb2ac23a06159f35,0,normal,
fd12daa32ae445b59b60c1a09444d00e,0,normal,
e995a7ab150746a2b4bd1a71362148b1,0,normal,
2e5dab411829464ca9a6d39632938d7e,0,normal,
cc9310f7e1514e949e157c3cdead2ae7,0,normal,
4e109c6534ae480ea6e8fcc090eb8a91,0,normal,
5d219e009ba247758a8e45ed2dfdf1d7,0,normal,
7a5c725120564a7f8ca21d5105b37a46,0,normal,
a607dfaee30048a0bb4fd76f7df9b084,0,normal,
e2f2b5b6c4f445cab4f7368f2a1f9cd6,0,normal,
8a104041b85c49ac86429f2142d9d067,0,normal,
865a8c4f51f54dbfa612433fe48f358b,0,normal,
c36e1d70894d4050a3233c2d12c4ad73,0,normal,
6b724f0c12794bcab7ec6986dc346e24,0,normal,
e15647b688804b31bf53efa70430aa16,0,normal,
0df3b7acdec741f28289ca5884eb48b8,0,normal,
41fa665e2fcc4326b5d6c5c68942f1bc,0,normal,
b719b29be42a4307abc4def51f791545,0,normal,
f31acd77ef0943d89828978e59e2f3b3,0,normal,
31e91f258fe94e1daf079982c212f759,0,normal,
98680fd3a13849cfbb38d40b1a5814f7,0,normal,
39496692ac9641578acc11215e00337c,0,normal,
3e1c655504334865909a076013951df3,0,normal,
ae2e24bf771c44a197c9e1829e0d4f22,0,normal,
4fc55a9d767c42dc976a10d3b6a09f43,0,normal,
559e74ca0c2a4f949049009079a7dd5e,0,normal,
b73686d9052f483eb4d1e6adf8b005c0,0,normal,
c4a4f2a4a4f64010bd5e01d3f772d54d,0,normal,
4652a184f5dc4fb49d45cbe8e9698a72,0,normal,
22b74ee1820d4508a8b64a141e372cc1,0,normal,
c6068bddb58a446fb1fba34461376a22,0,normal,
8cb1202459b9425fb7b85a6192f7e75f,0,normal,
2a9f91b6e5ed4ee7941cbc3480846dac,0,normal,
bcb21b9ba8034ca48a414679e8ee1a82,1,structuring,structuring_380
809b56590b0441749e1aa9093961df61,0,normal,
bd6903aedcc44b65a980d47b35b1e3c2,0,normal,
8e41a0f8cffd45969fc5309fc17e5453,0,normal,
1b205b1cf2ff41b1a3a1c8a61748ec12,0,normal,
546c40d5ae4748edbd5039bdf901a752,0,normal,
1a468887348747a0b404a25abce0d0c6,0,normal,
f9f6efb016b0486eaa311ab6a8358e02,0,normal,
4ed448fee1674888a84b9e26ef5871a1,1,profile_deviation,deviation_417
c2e111fbe6ff4c179a5ea7cd66bf95eb,0,normal,
a63db92fad9d4b5698eb7cf00e7e368b,0,normal,
2fc6f40dc25b4f4f9b0cfdabcde6d931,0,normal,
ec97e0671acb404b97f05141deff4eda,0,normal,
481ca58a0692499c9490c6d4a57e8527,0,normal,
f3fce20609f44b42951ae20fbfb08fe6,0,normal,
8e9dc41acb384c1a915158ce3ab6d175,0,normal,
9826c76f7ea04cd59eafac274cbfc356,0,normal,
94a4872bad344a77bcfcf3deb39aa7ec,0,normal,
f2b6b076aa5141d3a04fffd47c3d3357,0,normal,
0ad9af9ecee64cc3b9301a93d93df956,0,normal,
dbf5598387854d28bf4b562262813c36,0,normal,
2f978e8349dc49fc888694a8be66f820,0,normal,
2fa6a5f9c0954a00a487399851180067,0,normal,
572433604c494df8845f7dc74514ef43,0,normal,
634481f39c7c4d7c90c69ae83fa5eb35,0,normal,
69df8a613ffb477bb749da396ce39197,0,normal,
66984084de90404b98754ae162f0bd44,0,normal,
aebe6d30accc4d98bc1fad92d9fd5e76,0,normal,
896cf05194c64afd8efeeb9cd86e1fb7,0,normal,
96cd06a85c884c3687f0e9987d0433df,0,normal,
1d92cd3849b14ab59f088e2eaf86bea0,0,normal,
8c1bd788ae5f4e9bb2256304a317f0f1,0,normal,
5e0b99bffe5948779b8dee0914bdba5a,0,normal,
944d8aff1d9342c2b271565f8ac5305a,0,normal,
f374d49df32c4305b1196de96a45c127,0,normal,
381f4a4aa1b343ad922c4b34d0e59b2f,0,normal,
949a20a40a7e46ea851408bac021f877,0,normal,
7fdbcffae07a428785179ec85293204f,0,normal,
d52a89507e854ca795bcd9265b4dbb6f,0,normal,
9e0c80a78d3b4f0aad74081a84c9cf87,0,normal,
6b66c73735384620af1180b23b9df60d,0,normal,
18441d0e522a4800bec0fb58b0ccafdb,0,normal,
7e2de7a16f884aeaa7a37acd1d4c0b69,0,normal,
16fdba8d7ae04f6baf346d8681e125b9,0,normal,
161cc352bcb649cd92121eb0f97dfde3,0,normal,
82e8644bdea4447d977cfa512e7c1727,0,normal,
3e9480187d8f455a90261a4eeb6a9466,0,normal,
e3cac6603f3648b1ac3cd81c88b429ee,0,normal,
f5d085d6121045c59fdd1fade47ca314,0,normal,
48dfee36404f453da6a4b2f6f9be85b6,0,normal,
19639ce3b2a94135b70b6578c1a1b114,0,normal,
f30d8324831b469f9872129bf9cbd3a7,0,normal,
6c94be68f8a7419f8cc3f12d46c6573f,0,normal,
e046d68bcfdf4baaa3babab41a40900a,0,normal,
5759f799ddd64510842f11bdecdb1e79,0,normal,
4d640ba6fc2840c99537c606f4bccf38,0,normal,
6634ca30ea704c96a1d864daae71675b,0,normal,
ed5a445526734edc974809c7f153f9d9,0,normal,
00db2443e0404ad9891240d1cb75d51e,0,normal,
fff21ea9a94a49eead54a7f16be41767,0,normal,
6db564b226b44077a3f09471d183c5ca,0,normal,
0c8eff46ba824bf6882adbd938a753e9,0,normal,
63f036632a5149449795e1429932daf0,0,normal,
72bd57c5d4cb48e9a5827a57ac0f9dbe,0,normal,
28246fe92b80438ba372455d6a841f84,0,normal,
0ed2ee7b19454ccc8597608d28d27920,0,normal,
c49b0e44251c4a86b984d97cc0fb0eff,0,normal,
dc7e3012ac154a09bd1571309333e174,0,normal,
0443140abd994c1e9c183e7d42956c2b,0,normal,
8bc82a88dfb24cd2afc1bb03df1494aa,0,normal,
79848ccc2fb341e680866db12b771e0f,0,normal,
aee10525978146c594fbd4c09d5d99c4,0,normal,
2241b8a7e7c248a2ba8eefcb45506ed2,0,normal,
1af6f2804b8645748ec7312910854d48,0,normal,
16206eea43d44b6788990d4ebb94a70f,0,normal,
5807eb29e475401288f39ed5a9d859b1,0,normal,
1a31b966bca74896afe32176d61f1d51,0,normal,
e368e8933254447088f5dbb96893b6c1,0,normal,
d4c81383ddf342bea461c59e40cda5bc,0,normal,
9f4bf9ec1b3d4f54a929387d6650c5ad,0,normal,
b7d67193ead946859d552111614e1602,0,normal,
8d2716827c124d8da677084dffd4ec94,0,normal,
6c55ccf06ba7423d9507e3cb0ab5894c,0,normal,
18818b5eb1ef465a9b2ad2bac0cb192c,0,normal,
7d9ce8c3cb004d1e8fecd4abda398060,0,normal,
b02df6676b584124a0ffb0a5b62d8050,0,normal,
cfb31c6342a94b94b1ceefa95a115afd,0,normal,
d4b12d9f60cf408aa5b676e6f0da88d8,0,normal,
d9b63abd5d3e400887d8f7377626dee8,0,normal,
5ad65c18de2047779176d5bacc51534f,0,normal,
cb9405718177499cb9d79ca1bef81aa0,0,normal,
d9c9bcfd26a1456e8c0c97ca558fb4c4,0,normal,
6bf8058bf78f42e79e90801f122ab045,0,normal,
a0427d33b5f5473abced0f17f60a60ef,0,normal,
17987ffcef4141999adffc62923d9623,0,normal,
c093b341cfef4cb7a05a011fea2aabec,0,normal,
02246920a6d84261823af690b2823fd1,0,normal,
6c9d8de91618431daa8774be6398169d,0,normal,
badd4053cdbb46f4b6d09e5a24080124,0,normal,
4b54c1c43cc44d6ea61f2c190cfb948d,0,normal,
fe906e75fed64d7ab7f37f171385d7ac,0,normal,
404d8c0c00ef4fe6a05d874d61f94cec,0,normal,
41c811de0183466dbbbe02f183d47f15,0,normal,
191d8667fde6424684bff56f1d2fbcea,0,normal,
5c1360dd0bf24e6987539445ecc6823c,0,normal,
a3b61009b93742b49f3fa523227361e7,0,normal,
b2517c02d1b549a1a52387ea75c231c9,0,normal,
603f02ee5fdf4f05bece3ecb8426c5b3,0,normal,
36e3cff44fac4367bab923a976ad843c,0,normal,
0411689849ed4b6ca52fb21634004592,0,normal,
50e51b1677f94c9cb2bf85ae7d5b6f0a,0,normal,
83454056d1954dc3a5e50f1e5ca4c4b7,0,normal,
1457dbe53ea74e51a7b3f435c307452f,0,normal,
80ef8cce7cb24cb2958d7e1b51fdbbeb,0,normal,
93b8576900d44548a212d01c06402581,0,normal,
f7aa758833ae43ad978a9514171aecf3,0,normal,
bf51df0f4c034e119ddf5dcd069626c6,0,normal,
a7bfbc67d0ba4d7e8376757a027a2638,1,structuring,structuring_380
50f93611ea1c4bd88bc0eb5c7d27fdc0,0,normal,
1fb07c09a5c448b893a826fd5f9bc6dd,0,normal,
3a7cf41b1a7f4d6da52c96ac4858e1c5,0,normal,
d2503649fa564d8aa9ce55e20a4b63a7,0,normal,
710249c3b5ce45ad9ad0dc9afd6e72b6,0,normal,
0178d97904274fa8905251a639ebd702,0,normal,
52115a46fa6d4d1c8efcd14aec9627d6,0,normal,
c268b85da0c84df1b56d70842e829b29,0,normal,
9b70cada53c24a8c8b018653d2e51b3a,0,normal,
2984d10a4691489f9172a463944bc3e9,0,normal,
d47ceedf44274406aaecf575c87536a6,0,normal,
2f1794749afa4d8d88a89016c0eb7e9e,0,normal,
d02c13b752e34d95b5235e6e00372954,0,normal,
324a2aa78b7a43a8ad546123c74a4730,0,normal,
7a2c6341dd1c4a72b599e2c90f3f63bc,0,normal,
e818ceff61c04d04b27d8a77bd8625a5,0,normal,
b169b816f7d94d9b991cbc76e1212e97,0,normal,
255819876ddb4464a98a276a8f51c788,0,normal,
a1d75678555c40e5947c222c2169d2f5,0,normal,
560c12c2eec948d2b7cb6cec8cc2a23b,0,normal,
04b275dec78447c9930864c46dd3bb43,0,normal,
47fa6fd940a14f8eab68550aa7bd2f11,0,normal,
8f160a47919e4fe3ac5eeb91c8ac1563,0,normal,
aa8c0ea498a24e538623f6a2345c043e,0,normal,
005d77f647e04272bba47e777bdad1dc,0,normal,
9a25b5e5465c4455a099c60808e83d0d,0,normal,
4b0946660dc542c49cbe056608115f5b,0,normal,
d04b95012ac9477abd8bba4f9c8053c9,0,normal,
b4986597251f46f990452a44f7ef9440,0,normal,
63ebc49c4eb144db8f0523c40f1c31f0,0,normal,
e3ed2f31a23644b99ef94b3ffe68d916,0,normal,
8c9b32b9c4514b2684bb73ff051d19bf,0,normal,
945bd8ae9d0b496996f82b799a565435,0,normal,
e16b102a42d241a5b7fa3134bd4868b2,0,normal,
59649050a9d0415398f3c4fc9e519e4f,0,normal,
b5ff90fd2b304f4b82f834175fdf933b,0,normal,
adde2d3a632845aab7127940f6b77d48,0,normal,
09ff0590da0f46daaecd062fc171372f,0,normal,
837d773ac5b241d980fe84ab6e98a583,1,structuring,structuring_592
eadb7b6b443b43b7bf6a553039da19ea,0,normal,
488aa35cb7d7476591aed4b6f267efa8,0,normal,
a73936e5b3664fc7afe421397ee3d5a6,0,normal,
d7327e2f2b494e1db773d8c56fa0bba3,0,normal,
5c4bf326d34b4b1ab8ddb8a8f21bc947,0,normal,
d4beaa47d79b43d6a2dd6fc2d839c36d,0,normal,
a82e50daeeaf495b8d37c8791b4ea0dd,0,normal,
4aca2088b0394687a688dfd22d1a768c,0,normal,
4a1b266e61394478a46dbb59c45aa24d,0,normal,
749af47eacf04a7fbfacd1585070b0dd,0,normal,
01e682ef9f744388b31f8ffbebceb781,0,normal,
dbf63b41e3404acea455b66c44aa013b,0,normal,
34baba012ef94001bcc717931c61bf9e,0,normal,
3614cbd7cb454759927168bb62047b2b,0,normal,
ffaf0753587b419d9fe91fe49ab591cc,0,normal,
b4ac8c4613b742a3af6bee192209b9ab,0,normal,
52862389240c4184aca809dab40aaa66,0,normal,
4ec95c69c0b64d8ba4af959f548b95ae,0,normal,
2eab7cb068bc4157bc6d303877f0f24b,0,normal,
31835982d75f4fd2bc23e2b5d2e17efc,0,normal,
2835899753ff47d8b7b1a153e3bb4815,0,normal,
cf7327399b2b44bc88e3cfd81d4fb41c,0,normal,
1d56d03bebb94e3b9e33c6e73c32f537,0,normal,
71b765c7978f464c98538eb3ee75eb63,0,normal,
a1b21dd46f3f4c129daa9d3bea2a10c3,0,normal,
7dacc35b1a53436bb78893a83a556c5a,0,normal,
e705f6ba8eda408f991ef181df215697,0,normal,
3c52ec9a4f2e400b9723e65f49a2e62f,0,normal,
0234f866800341e99c89dcedd49dc99a,0,normal,
aa94e9748d8e4ae7b5279059d53171a7,0,normal,
dd620abb361a4c8d9df57971a4c36f4d,0,normal,
85c2e842e160444795bdc540eeaa8b11,0,normal,
98d5cd8a1134498dae402b8e6f9f4012,0,normal,
8b808b9c34df41adbf95540fec35b3c9,0,normal,
9ebf45dc4dd94b76b94be7f3345d1ce5,0,normal,
c1c0dced49724cb8806f002ad3443774,0,normal,
ba8175439aec46179507afd0cb3e4b79,0,normal,
b731c27e66a44f35b36bfc385bc80c59,0,normal,
846aaec9d87b4a488a99cef7baa2705d,0,normal,
2ac833a069904aad88c2fdcb26ad0bad,0,normal,
573f0a91851e45d1b0ece5ca94aaf4cb,0,normal,
8a23bf5384624645921a2117cbb313ca,0,normal,
49521bc6fb3b434aae1a0b145147da5c,0,normal,
47c3fda2f07f424fab5847b8d547f1eb,0,normal,
fabb96c213c849f1be059f899b3a65b3,0,normal,
86625cfb54d4404683620ce46f29c19e,0,normal,
72d4d7fea110446d814ddf29b134bcf3,0,normal,
91a0d6b0ddfa4beab6e261b44a208020,0,normal,
df6faff1b61f450d9dce9ff9f008845a,0,normal,
f66e0a708a684b3b86a24bda64b61fdd,0,normal,
189bcad72cfa4d42a612c1b32ee5e019,0,normal,
a16c2c73179f4ae1bed99a95bfd7ed1d,0,normal,
9fe5466858eb450082abfd8c961c263d,0,normal,
e07658199aa74749b3126f5f0b577c6f,1,structuring,structuring_349
e78c2461dbef405fb79a1e125e366e60,0,normal,
59a5173946e54df49def522c20d6b9ee,0,normal,
e3ffe2f38e324a8db7034fa6dd581d1e,0,normal,
ae5c080433d741c48bfe09d96fdd8702,0,normal,
ecd5bd55a2174301a2fdb809c685d5d5,0,normal,
154e236dcfa04499b604b0cb04178f96,0,normal,
bf5114db05394130beb0a6b26a472758,0,normal,
1881b3e2df2042c088d76fa74eb166a3,0,normal,
b076bbd3a7a344c09dda4c7e71abc983,0,normal,
751b50344dcf4abaa8e099f3d61213d9,0,normal,
30dcf675b43d4df1be2ab6566e117d65,0,normal,
06d6db661f9c46b0b038a2a3e9ae61a2,0,normal,
c602701c113f43a0aeee2d986e973a60,0,normal,
dbfcf8596c6a42c3b0519d441262eb0e,0,normal,
5f7cd1b61975410c9ffb65a0b95547e0,0,normal,
c0c4ebc15a554075b9a05d6b66b5519f,0,normal,
e076ee9d63e2490686aaf1df4fbf1573,1,structuring,structuring_349
b47cf150131d4227921c3abb3cd4b910,0,normal,
63b18bae14b34692aef22be84f52f7c3,0,normal,
3fd4f72a480a4cec84c14d4ea28f77aa,0,normal,
6c8c80af5eb54f728991be5c1e858d2b,0,normal,
1934e609b6364afeb2665a40d6c5ba41,0,normal,
f86b7c0534da4d4cbe0ef7a3f55a751b,0,normal,
aee8b8206def42068038b0520f172480,0,normal,
1844c996ff19463fbed0b0acb0b150f7,0,normal,
7436db2e5ffe447a8594fe323715e4fc,0,normal,
61b12428d8f844dcb6ae8bd091347a8a,0,normal,
00f0f37cfb12419891acd3ce0e813727,0,normal,
72663c71e193413ab2b614740d42c672,0,normal,
dd079afed04444b5878bd8d9f0e49b37,0,normal,
508a75a9fb9d47ea818e687d7c7b7d8e,0,normal,
4d8311d01708490a8e4cd8dcfd223a57,0,normal,
5f0367290bb54cd39f313efe0bf150ee,1,structuring,structuring_380
a165d29cc00f4a5da47bb13a665a716b,0,normal,
7a5b1a1e298347729a37e333242d7b07,0,normal,
c4ed7aa183254395a6ee7179ca82df44,0,normal,
6eb681fa0c3c4368b393a21f963c5b33,0,normal,
8cfe63fb5e9344d4b2686a8588234b6a,0,normal,
2d4d16d5510c4adbbbe746e7fc597336,0,normal,
b1323558bbbb4f629e003292fd348f4a,0,normal,
e9f3ff32773f422386d8c695fb3c0ce8,0,normal,
191c30bf9878406584f836bf3e25ff3d,0,normal,
c148e8aef20743ff9202c67db9115912,0,normal,
0d1b183945cb4e5a91bb297e80f2c1ef,0,normal,
f039f165f0b34509ab9f3ba98b9c9c1f,0,normal,
33104ac510494176b3475e9910fc5635,0,normal,
8a1ae741a31a4b8cbe89996b9fb2e5fd,0,normal,
ab8331f2c7904f6f9c7dd00a3766186e,0,normal,
c6a3b494bd0348fe90693d84414a0e46,0,normal,
a14aadf6840742f992e4216ce9396234,0,normal,
95a2ef18b8a9485294f0a9a22ad32000,0,normal,
c43b7d7245af4d57817f072bd20b41a7,0,normal,
cc789621bff04c54a1899885e07ad41e,0,normal,
237609a7a9ca41298f4d559a1fd7d607,0,normal,
4c46e79ce4e148e58185aeec0d778624,0,normal,
420aefaf79bf469fa6d30d69bba27862,0,normal,
7028adba28d44ec58371d91ccb9e5dfc,0,normal,
f746da358a3b4d2290a16b2336276a03,0,normal,
8ea600e996664d0fa42c5cf6a060feb6,0,normal,
d33693bcea0c4c7abbb61fe0c87ee50f,0,normal,
077cd9e7cfa14d3cb92a8464d378b1d7,0,normal,
94afd0542b2d4f75805fe4b7932410c1,0,normal,
92021ee86d934c65b30d0f2fedbf497a,0,normal,
d84caded8bdd460c970e10e1da95467d,0,normal,
28e08cd4fad5414db9da965a07acaf52,0,normal,
3f377ea10e444fda8c3396357f3725a6,0,normal,
97a45c808b234e9fa280387000ab7b60,0,normal,
f74e6035ffaf4a5eb7baa9cd4e60736d,0,normal,
06282e4487eb451ebc2190e5f00e17a8,1,wallet_reuse_burst,burst_88
4963b172f509402cbe0d41751376518c,1,wallet_reuse_burst,burst_88
d21d4107de2849b9b17a4e0c3286ebf6,1,wallet_reuse_burst,burst_88
2a5a89a64c724953804a38673b2ca924,1,wallet_reuse_burst,burst_88
fcae97e92f7945fba4256491a1e06d92,1,wallet_reuse_burst,burst_88
6777374b81df40778e01cabfe2c794f9,1,wallet_reuse_burst,burst_88
fa83612a26814b54a313023719ae93be,1,wallet_reuse_burst,burst_88
da9d60b536e14c598de7ad85d2c34b87,1,wallet_reuse_burst,burst_88
1e003922802b41f993a7ba5e32cfdc2e,1,wallet_reuse_burst,burst_88
bcc41d018e354557bdc908b252ab39a9,1,wallet_reuse_burst,burst_88
96aefe28e1304a2b83b4f9794de74eef,1,wallet_reuse_burst,burst_88
e0d42b4896d54fe28d4202610ff723c6,1,wallet_reuse_burst,burst_88
ae070fc6d954451b9e407452ed67e066,1,wallet_reuse_burst,burst_88
5604d107f95649e5b8132ab7ccd85326,1,wallet_reuse_burst,burst_88
b2764a98260e4f2fb63791fd6275401d,1,wallet_reuse_burst,burst_88
a20c64df72e5436bbc858559962b6e9e,1,wallet_reuse_burst,burst_88
81715ad2338945cb9dddfed83b05666c,1,wallet_reuse_burst,burst_88
76f395358ba04bd6ade9db1a14063fa6,1,wallet_reuse_burst,burst_88
18b9fd30be334679b439cd1143e18921,1,wallet_reuse_burst,burst_88
78f50b3b23364e3a8e61dcb4cb2c0698,1,wallet_reuse_burst,burst_88
ed69f1adab2e4c47be068098a8b23308,1,wallet_reuse_burst,burst_88
923796fd98c941638ed6940ca8fa0f93,1,wallet_reuse_burst,burst_88
a3909ce24ca4492483aef4a70b4fc4d4,1,wallet_reuse_burst,burst_88
c6945af1b9304acab0d41f209b1c47e8,1,wallet_reuse_burst,burst_88
fb2dd5e9e0934f0fbf3b0f9957759a42,1,wallet_reuse_burst,burst_88
e7988e84b08547aab9a444fedf9277ac,1,wallet_reuse_burst,burst_88
f669de3a7b84446b8ec1ceadaf96782c,1,wallet_reuse_burst,burst_88
5278c95bfb6742a788d84eb50b6e9b7d,1,wallet_reuse_burst,burst_88
dad78dcd188b402e810313553eb28e35,1,wallet_reuse_burst,burst_88
8391bee69d404f60b840f721349c4d83,1,wallet_reuse_burst,burst_88
3fb5fd53ac81406cb601b04a95efacdc,0,normal,
afe5275a38a34872957d039c3eb6d626,0,normal,
5099680c71114a8c9c8758cff33424a5,0,normal,
c8c8dd5281344cfc9a979bb42796b1cc,0,normal,
a6da1a43de4d44338197457645f5850b,0,normal,
a36a48c114684c559de1d9e6a919770f,0,normal,
fea34975c8734357a194640659a640a6,0,normal,
26d8e9330d8a4f73a9a06c8f6f625b73,0,normal,
982d60f006694efe8f9beb2ded3891db,0,normal,
181e3e636c834f8fbe07cf3e62678ac6,0,normal,
772de0edda474c9cb1b77d03b65636c6,0,normal,
eb260515d0f74fb19fc71c6be12fc041,0,normal,
9b119bb030424476b45df1ce220e9d53,0,normal,
8aed1194e22541b3820f136657bbafad,0,normal,
e11ab7cb9ad643889d718995a8c0219b,0,normal,
fc068dd3e86f450ebc3f906b81c63927,0,normal,
1f2c1eaea68b457e856277fb0bc37b5f,0,normal,
d6f6f158c6fc457fb5a7316549f3bc60,0,normal,
f55775bf27f4417a92f1597e09797507,0,normal,
129f312479754a4388cc5de123507678,0,normal,
b3e50dc0f1a248f4912637e74482c116,0,normal,
cc9e8b386ce84ad294e961abfc7dd574,1,structuring,structuring_592
544bcfda71234ec883ed1448576c49a0,0,normal,
3029e00c9b3a4e29a911f6e6b4f10890,1,structuring,structuring_380
30153c3806c94c4385fec9eb3eb54df9,0,normal,
8144319aff754590bd0379f32fbf1cdc,0,normal,
44297c09da664c66bba18fbb3f1030b4,0,normal,
6c8d66df88664031bb9ab3d6ab374cb4,0,normal,
6eed2d557eee453f989fcd8b3ce00bfe,0,normal,
15bcba59a13a4289b52c54ef6f7b83c0,0,normal,
b4a0c6e961434a90981696ca035a2a91,0,normal,
98c5ae909e3241db86c9e09b7c3ab05d,0,normal,
3a30344cce8845b0914508d3205b0935,0,normal,
be231fb90e3747869c04381c4dd636de,0,normal,
1c169ae441fd4e1885b7299c24ce4aac,0,normal,
303805c7fa5e46b1bfee7da7cd4e7b0a,0,normal,
a6a5074527f648c4aab80b273443b933,0,normal,
3c149c92f57e4226a675e75d727bf721,0,normal,
b6d9ea36b2a54fc6a6ef0dea46560781,0,normal,
61b29e5e914d4652a02f275f57b5bf68,0,normal,
201758a8c7094c2bbfcf5e25e4fd9593,0,normal,
838c0cd57fb044b487dbb7afdd91b0a7,0,normal,
5bf1eefbe5e84732b933fd17386f1faa,0,normal,
09853a9ac61445a384763b6eb0565877,0,normal,
3ff9c3fb5fd74987b6215fb1893f280c,0,normal,
c725ad3e2e254cb5a8d7afd83baa77a2,0,normal,
d5a752966ad7407cb4e1a0d0088579b4,0,normal,
7f534fde76a1466db976298e6ffcf14c,0,normal,
5f6d716d0b7c4d6998cda9b361318e62,0,normal,
2d11729c3c164eb6afb0a21128897059,0,normal,
9f9db846866b4e9a869112cbc89ce5d0,0,normal,
1597c40bf3bf459ca553a48aec381493,0,normal,
1772e24e954348f2bd69b5432b483a4e,0,normal,
193e9753b02542deb43074eb6afca10d,0,normal,
40e652e6de9e46ad9ecf17bb1968c7a2,0,normal,
238b6e5155654ad184a1afc7885d8eec,0,normal,
3a01819097784a0387de8bdbf7fa5cf5,0,normal,
a2ec1c431c26405eaca63b16ecd34859,0,normal,
ded10c1816fa4a0391cb509f1140b91b,0,normal,
6e8815c0d8894ac19126c6b23995ad4d,0,normal,
ea99d9a83a324336b274682d551fd956,0,normal,
cf93430323a74309918bb811ca026a09,0,normal,
d07a570a5f0747c396d44a77380ca56b,0,normal,
8b751f482d184534a5969f6a41f02d55,0,normal,
e4b9d650cd27479ea34212af4952b459,0,normal,
01548b4e044c4afc8850eb57a1610f20,0,normal,
978d0939835a4a87ac6b4e32e8751b0f,0,normal,
41b80e09380d43c9b633e846b33b991f,0,normal,
8c5d435db55d4e0aa39632b6f2e3b545,0,normal,
8b2135cbcbea474e8dc3615517e1de20,0,normal,
cf3c5aeee83e43bd8741395b76ed839f,0,normal,
0822cc5e4d764e38ba0f963cccda6685,1,structuring,structuring_349
e395486e281f454191ae0cc8493e5dba,0,normal,
bf74045797864d0aa85d9675bc21aab4,0,normal,
16d39cd24d074b14b5d04d0b6ecb5eb8,0,normal,
0709fa92ee0c4881944a708c458993f2,0,normal,
ffe1a7bb7b764529a272dacd78f3b20c,0,normal,
d439ef3ee29a4526882a6678dbd7f963,0,normal,
8aeadad11ec547bda219eda259f6cc38,0,normal,
d60ed49ecfdb4636aaef2aedda763a2d,0,normal,
bf698c9e6d1c484b97b4dba82d56bd5c,0,normal,
ee36e927c70e48579ef943932055b969,0,normal,
5d185d058900446d9a9224ee362fd8e4,0,normal,
8cc21343b3e34c0895db5ae63cce7d70,0,normal,
21972176c61c452192f7c38b532ffb17,0,normal,
ccc9a1bded614a05bd8fe7d46ba2711c,0,normal,
26cda6e095cd485593ab7b8a3e02f689,0,normal,
691e416800ef45c79d9634fd4d767d93,1,fan_out_mixer,mixer_260_fanin
dda84744e7524634959b83884b1c20a8,0,normal,
02f77f1b5ed647c2a38c810b2f99bd40,1,fan_out_mixer,mixer_260_fanout0
080b4ac0cd2d40279b591f5ff9e52403,1,fan_out_mixer,mixer_260_fanout1
197a06c2808940d0ae8535a8fd1ba847,1,fan_out_mixer,mixer_260_fanout2
19bfc14708204ecf99484bbaa39899d3,1,fan_out_mixer,mixer_260_fanout3
0db5527135224ff28ac4c7f106c5f600,1,fan_out_mixer,mixer_260_fanout4
2a068397e39d409cba8b0529222b4e23,1,fan_out_mixer,mixer_260_fanout5
a06f2ded1891433db9cfc3f13eae12aa,1,fan_out_mixer,mixer_260_fanout6
e3d0ea824ab04958b4233b7d386cc8a8,1,fan_out_mixer,mixer_260_fanout7
85f402af4c944601b275b56d23079679,1,fan_out_mixer,mixer_260_fanout8
0ce63f4c243b4550adfbc6dc8cb82994,1,fan_out_mixer,mixer_260_fanout9
ad2aae7f16be4d0abc861643e98ade0b,1,fan_out_mixer,mixer_260_fanout10
239309d55a0a46ed9105e5c18021121b,1,fan_out_mixer,mixer_260_fanout11
d5cc0b4f8e6142d79307e5a2423b229c,1,fan_out_mixer,mixer_260_fanout12
ea53c8e10d2046f78bb35b010c6d4b11,1,fan_out_mixer,mixer_260_fanout13
64b499e6e9394a7c9c4a942fd605c14b,1,fan_out_mixer,mixer_260_fanout14
18ab9121283a407db3679f857a75210b,1,profile_deviation,deviation_462
19e509b4c2ff460eaf1dcdebdbbb963d,1,fan_out_mixer,mixer_260_fanout15
bf3ffc8e60cf4277b4641d198f62c51b,0,normal,
54083cc517154b48a2c1a8f96528d826,1,fan_out_mixer,mixer_260_fanout16
e8c899c803734268910209263e6bb36b,1,fan_out_mixer,mixer_260_fanout17
ec67e3a5a7da40998cfd524191dd4ec1,1,fan_out_mixer,mixer_260_fanout18
005e6c3cf0dd4bf58b6dd9a11d012b78,1,fan_out_mixer,mixer_260_fanout19
004cd01e911c469a95518dd92df40748,1,fan_out_mixer,mixer_260_fanout20
1377a829766340da8bdbe6049fe2e987,1,fan_out_mixer,mixer_260_fanout21
91540612b5304e1ca55e02c35ae9918a,1,fan_out_mixer,mixer_260_fanout22
154f818f437c4f20a799da2ffb61c078,1,fan_out_mixer,mixer_260_fanout23
cda2dd7d26ae4f64a2c321ad4509d3e1,0,normal,
9c3070b0eadd48048126d6466b1c9bdf,1,fan_out_mixer,mixer_260_fanout24
2df848259cc54c8da7aa6dcc1a98cc8f,0,normal,
7bef434535eb47d3ab330351c556eefd,0,normal,
aeed891566584c50b07f1b0285509e2d,0,normal,
81d3779f45e24cb3a29a39eb622393aa,0,normal,
56535c8b03734527801adc0f375ab573,0,normal,
df27f97cd6b44cb8afd9f2991c9b1650,0,normal,
a09009a8e9274218999ee7879734eaad,0,normal,
8affdfc4bfde491da3de6288ebe2c9db,0,normal,
3e94decf51cd4f64beae414501bfe82c,0,normal,
b71b9bf447354f11bf253d11f1b9abcf,0,normal,
b505e57ff50846a2b23a2674b1868c70,0,normal,
1840358fd8ad478fb98e140e46f1f778,1,structuring,structuring_349
6d500b6c89554e6f94bd628d0eb18da3,0,normal,
0a48292d0ed64b4dbef4640712204765,0,normal,
8d3196a3e72c4b939b9cb442c4352c7a,0,normal,
08518f0e4d734eb1804d0fbd138e0d4f,0,normal,
ec55a33be7884b90a6a25c7c87f6980e,0,normal,
42c13f0c548448838bc347f1cffd4a11,0,normal,
70c948bc3eae40c48aa1a781454846a4,0,normal,
3f21aa5695574b5593a34c2d2209ddce,0,normal,
d6342548473948e487c15597e34eafb9,0,normal,
8db5c6bb50194c718ea1ced1621fc5a6,0,normal,
66f7f601a2834a37a652701852722dc4,0,normal,
5997471f2ec44ec596a7d0ee2afa7576,0,normal,
cb00acc2edf640629799e2729ed7f580,0,normal,
2492f35608874e7aac3c4b3d95a92756,0,normal,
120e95cdb8aa4552a8784f7b1302b4b1,0,normal,
6ac41ed94ca1471a8d791a25274d0bfb,0,normal,
d7285fc3eb5141b3972ff511d6666d5f,0,normal,
db58ca278a15476395f6910dd39b163b,0,normal,
1b886b0b471d42b1af1aec6a8b418471,0,normal,
26b6650ca8eb4f09a5ce3455b97116dd,0,normal,
f3735f2f14ff430e8e5d63d3d64155c2,0,normal,
cd93a26f5a384d2abc02996ceff3c23a,0,normal,
d34dfa81d9cb4c7f893deb6606a6ccc5,0,normal,
99ffc5cd23ca4b758de3e2762658c332,0,normal,
4a35b7a860194e478ed5e01d3d7d948f,0,normal,
bc4c7c936c99423d856a0d067f16899d,0,normal,
a6b0471a75db47aa90db7542e50b7e15,0,normal,
e825fd7502d2416eab8d691b972a591d,0,normal,
8d948791017a4c38bb8f056924ad74c8,1,structuring,structuring_349
6eff6885cbb7491d855dc03da69dc051,0,normal,
fbcae41ec1d9415f96a2c51219d2f64d,0,normal,
b1c3d8b679bf42f5bcc263f27a0607e3,0,normal,
62114b42acec45d2b1d9d9c47fba715f,0,normal,
59033d5deabd4bf198e7249ea152f282,0,normal,
9ec1941dceef497081037e9b6ed2956f,0,normal,
6fcaf9b5861a4f14b94484390499336a,0,normal,
7c0919f9f7714037b8e233bcbf1d8901,0,normal,
6415a546ff2c4eb29705be999dd72618,0,normal,
eaffce27b31246ccafa8cce57949f6ae,0,normal,
0fb1b8218dc74fcc8e103f27d1280577,0,normal,
5459167416af49bf9427a88bbb320994,0,normal,
df518246d83f4198b292ae4ccfb20498,0,normal,
a49fdecf3e3749c49a611c3765e36c93,0,normal,
f44e6754d58a4d9591865d51576d6c95,0,normal,
4fc366f4c9244ee5a08a6d4be37f9952,0,normal,
72043042fe5c45169984a5b4aeba77d7,0,normal,
2dd30da17ca94483b9e00eb0a5999870,0,normal,
e808e22edd8c4cce927932f9857f07c4,0,normal,
3fd5d0865b1e491cbe0b25e9ab882454,1,structuring,structuring_380
8990d5e1393a4837a25b17a1610de223,0,normal,
dd8dbabd3d8b46c69e072ba101638b0c,0,normal,
685257b861764b0391d4384913e9ec59,0,normal,
b28f3b4044cc49919800238a528f9e53,0,normal,
026a84bb74a44df6aff7d4251f78c214,0,normal,
05120eec95944cbdbbb8c232611a2847,0,normal,
b151d75da38d4bc2bbc109913ce844d8,0,normal,
4909d9d49266447bad2b1f371dc0c1ca,0,normal,
4471c9b5fe374b8ab72da3b27e3f5caf,0,normal,
669f5223ae43483b9c4b7a0945b443b4,0,normal,
7f5cc2d7180a40f0ad6977a4e59520d3,0,normal,
9f292f4127924f4f901bf2fcad7a7e31,0,normal,
085f20464b36441caadf0f6796cf87f7,0,normal,
ff0cca60a82b4b3e99fca6db6da55fd6,0,normal,
9c0642ae6ee3475bacede47d1c281c02,0,normal,
5fb8334b55344cd0b80859537a2b261a,0,normal,
b0827c0e82574912a02600dbe164b93f,0,normal,
4b914026d6d740a69c32cd5a12a01a78,0,normal,
48874b757a2d479d8e72ed3b098b1cc1,0,normal,
9ae6a629950b43ad8c0beebb3ffccc80,0,normal,
5a42ab5060bb44cc9300e58df504cf2f,0,normal,
a34cba09d1084baf8f37f76c5e17a669,0,normal,
b587e64543c54cc0883dcb3391480587,0,normal,
c68a25e2bade46a592489fb5c62d5a28,0,normal,
66a0936ffe244b748159624c5375b612,0,normal,
cb2e73da7a3340799c765ddac2d30c98,0,normal,
7cea34efacb44902968da08d7b4f6e63,0,normal,
2f442fbd20f5449f9acb4760d34df337,0,normal,
7cd71d2180534d54a9a0fff1e784bdca,0,normal,
0a218a01b5904411aef955959ca81a13,0,normal,
9a66741f1eb94b218468032c801dabe1,0,normal,
4e7c89cf25524cecba9845db9ad8a5d1,0,normal,
ccc045f6bd08422688354fb320e951d0,0,normal,
ed7da9aad03d406fb794eb0dfd8bc53a,0,normal,
50e6d0018ecc4ed88cfc01403fef90ce,0,normal,
6b2048fda2034a91907074d4176c8608,0,normal,
c16d9e7fec8f4195806dd90e91356a75,0,normal,
4d3b07d94c2849d9b5939feef9f42460,0,normal,
ab30624e170a407e9ac26d20970fd567,1,structuring,structuring_592
792d2b1b07c04bc3a7736cf98ca18c30,0,normal,
1eaddddf8b7949c2abb9fe8a7954846e,0,normal,
ac39e6a8acdb4b4eb2252ada164db19a,0,normal,
f6f842daf8cf43d2bf40d34c5df4bf96,0,normal,
f4698a15db924c9a94754a701558ef9b,0,normal,
62e1ba6d9a8746c9b1011d80f7a107f3,0,normal,
a61832605b3846d09157bacc8dc8a655,0,normal,
4ab9ef252ba74792b532554702533755,0,normal,
67eb6fefb5d249c3bc93e20e25120340,0,normal,
33ee9ee1bbf0476d9c52944225b41e05,0,normal,
3a817749164546c299fc607a7c9bddab,0,normal,
edb4d494ca09469bb594242d9ae07381,0,normal,
5b3435acf5344cac83bfc73e990e5122,0,normal,
d913447d6a2f4d80a15cf3ca3d9b755c,0,normal,
f6afb204e99d4bdeb16d7e597a763840,0,normal,
4e27b6daf5b64504992d4f746aa91fff,0,normal,
de8fb240d03c44389caee9c187e16b4b,0,normal,
f912729641874fa38075556bd79141ca,0,normal,
56cdb3d0f084431795f95f5edbed43aa,0,normal,
7150dfc0b89c471db3a837eb31bc9a76,0,normal,
7400154434e2446aa1e24ae6936cd91c,0,normal,
51c62834374a4df9a976962c8b8c580f,0,normal,
9ed48e59cb1148acac76b50e5b96441c,0,normal,
f35cc40815974433973face9c0bbccc5,0,normal,
919c61265a2541198195647a0b827461,0,normal,
72cd16db6281409c91149a2e6bac686c,0,normal,
c46e5268e73445bcb5529db53deee0ab,0,normal,
76068c97d56d445989bf990070f73f4b,0,normal,
eac0652bef24475cb2d1d679ad48a29c,0,normal,
103111bf28fc487ca8c176e1adb63f4a,0,normal,
217ca1d9e2b84620b2cd1955b76a5ccf,0,normal,
0513d700bf944d178b834cddc0966dee,0,normal,
7a94c03fb71c4f9593b53d5ea49a38f9,0,normal,
00278931f02a4484bb6c1859065b3aba,0,normal,
de4d79ed7a41435887c03e27dbbf67db,0,normal,
a416f4de6839454ea1857aa7b0492435,0,normal,
c69ad4465037489fb78a9412fc3ff118,0,normal,
1e70b5f6ee8449c89a239cf3f875b13c,0,normal,
7f4aee2807cd49f4aa55f951d44903f2,0,normal,
0097fb8852db44dfa63c7a068681f124,0,normal,
7d128122d150456fb26dadabe915ac7b,0,normal,
a363d58e9a42472f9e9a77f82c160ff4,0,normal,
cc0d04dc09114862a704db155006aa8f,0,normal,
81c551e37c774658abe21aba42ae8b81,0,normal,
34209b58ae0a492aa01968d778dd168e,0,normal,
30ebb70859de4885b8149081520ca9b4,1,profile_deviation,deviation_298
c4675c3f5f61477bb6223ba0dc8f187d,0,normal,
921387e2db194a7db11f4f21fa9946f0,0,normal,
10f052b3186140b4a5af36acdc53593a,0,normal,
6bc1bc52ce724d79b82cc227b1d84a87,0,normal,
1a80337cb1f94c1586ca5e5f9cbb0ff0,0,normal,
729b1705b6d249dfbc9c9e9adfe4832e,0,normal,
4321875e4fbe4bfd8524906966f46fb2,0,normal,
e839cfd973f2482391fdf0e9c997d542,0,normal,
f5a56ed073e244a2bc1c0d767ae72089,0,normal,
9d4801ec62b642819a2c24754f0b5653,0,normal,
d5c66feca3d3499a9dd6cca9095b5b9c,0,normal,
abee4b9c461a4c41a807f9e19221299f,0,normal,
7b98230c81f64438bc3cdd7555d79bf4,0,normal,
0683aa4d460c4c05bd3dfd18ff760133,0,normal,
eefa7487700d4a76871d286cceba7130,0,normal,
3560586f7562463b80e656f9d567562b,0,normal,
0233bd5a1e37410391a2e4831096380e,0,normal,
75bc3d40b785486b9af97bde24d0b498,0,normal,
2f6836ae1deb471cbf8879bf1f3f8e98,0,normal,
08b1c090a4c7496caa5d005d9bed6f25,0,normal,
1c9b4ec78623416e9faab75f921dd165,0,normal,
30a85a5bdfe04aa48da16031e75ec299,0,normal,
a9d74121a68741ddbedd3c32b6c84c2f,0,normal,
12b7163d06f84e11aa1b8c9f6e59cb66,1,structuring,structuring_349
939222bc359545c39567af651d14762d,0,normal,
a377ca659ee749ddb9ae26432b49efe4,0,normal,
58efa2c9699849c5b9cd023c67587fc0,0,normal,
d1915278c3d441b7bf844307d719e39c,0,normal,
7b4d8d5707714bfaab651c0afcefdf21,0,normal,
38ed49871d0e4daabaec8920c5d80aa9,0,normal,
7e0345cbd66c435d99c10a7008eb1497,0,normal,
096a35fbc53749f28063359bbd8d8b4e,0,normal,
58edab7abec342c0b34a2970c7134b52,0,normal,
3ca7c2b5e6804f61a64a883b37185d29,0,normal,
216489ec8e074fff85536ed33ea45b07,0,normal,
d940d74683764ce0a0571a49c9d5f877,0,normal,
4bb93540d98e46c9977914206d3a9f40,0,normal,
5baa5ad7c7084ce0a8d2dde7ff831964,0,normal,
9414eaa50a27485e9304193172546339,0,normal,
d8902800e54a4914b77e31d59d642deb,0,normal,
d5894bd910c541fe96aeb35a20c5689d,0,normal,
9338c5afbccf4bfab115b3a748dd9ec8,0,normal,
c3057d1ba6de4c38928c1536d2e959a6,0,normal,
7264718afac942ca9bb4ac737ca4e73e,0,normal,
434f447d363e4876b2f6e242b4c18640,0,normal,
256f2500e0624b04b4fb597af3c85649,0,normal,
467d201df25845fa88c58f04624a4f97,0,normal,
58dd7b69ab8842d58338b36ea0bdb250,0,normal,
db1bda86f9134d61b65067b144c79bc5,0,normal,
f2104a95357647fd819a24408fa527fb,0,normal,
49ae266518e24c2c8ca35430db8285fb,0,normal,
0dec9433e87f413fa658338baa672789,0,normal,
3dcac33f52ff41c19b6d06dc44fe79f8,0,normal,
852350df2d344aa9a39887d8a46c1848,0,normal,
6014c34bbe554e90925445cd9d9001dd,0,normal,
c193988a74084e1b98adea921e0b6ec6,1,structuring,structuring_380
456d6b8e30544953bf142e99a10fa76e,0,normal,
7789d563be6940048ba1e07ace9db9d7,0,normal,
7ce2b60420b44ab885a471b5f9c995c2,0,normal,
87ab4819fbef451286f1cd571345b531,0,normal,
10dccaf9ad474cb490183fde59304b6e,0,normal,
0ce20ac66538474db9f338ded05a33f6,0,normal,
d5a5269f33384bf7932f5bed5be572fd,0,normal,
aca41ca36b504cdfaa03f814e03fc42b,0,normal,
3470824ed08549e8b3ca6067c3e4d2bd,0,normal,
cb94524eaba04e15860800eb1d9cf829,0,normal,
ce97ddfa8fb1471c873ddd5a3d7286c5,0,normal,
f86467ac8b164b19977c6b1855ea7d49,0,normal,
a93e1c404a5c4f7aa590870b27d67ae4,0,normal,
965ff00a9bb14d88b675db9c05e8d69a,0,normal,
12c21c03da624f01bda319d76b78d7ec,0,normal,
0f7c149253d641e891bd9180d8d2b740,0,normal,
6d23cf113af7456b886214e01dc6b980,0,normal,
3fdbd0c8e3b846ab973e00bac6b325d0,0,normal,
4a565e5bf1884a01ac9b628dc16ce379,0,normal,
98e5ac3dfd2848d3876bba71df8bf3cf,0,normal,
95907bf021bc402786a5383a1109b9d9,0,normal,
5992921199094fbca7f0300f3ebbd226,0,normal,
c32cfb31487a4c209e532c038702b929,0,normal,
c8a263a6f11f4faeb572e155bb53c42d,0,normal,
792be47ae6e144bb90db8011862561a7,0,normal,
b726b5fd5a794108be143f9c058ab341,0,normal,
b45700d8aa2e4aeeb2aab3bce338357d,0,normal,
95fca7efa58940a8ae479055252d2694,1,structuring,structuring_349
f89b58499bd74e43a282f97b3b72f12a,0,normal,
0df4df5a86004756bf439783f8b7dccb,0,normal,
9113966be0c8448a83b719a452a6c830,0,normal,
4fc026eaaa6e40c5a442d588d04ea912,0,normal,
38f5a8aa4c31407f8c1ddb6135113270,0,normal,
42a6de9dcf9b4ddbb8e959e274018a6d,0,normal,
d752e4ac90874f149c9739b97f6811e2,0,normal,
1a17e60976d3424e9a5cc31211b7040d,0,normal,
6702f372e84e47c4b96ad31344a1b50a,0,normal,
172c87cf170844159ca575663caa50eb,0,normal,
21cbd0bee40d47be886dac8d94b4152d,0,normal,
11b59cf008f84369bd78e749739adaa2,0,normal,
f6287b6f66d9468cb43c743313834619,0,normal,
3f8dfd5dd0de4a6f97c6b299947b0b9c,0,normal,
81d01dd81fb74db3b53ab198b4c5ebfd,0,normal,
6734a7f810dc491ebb6ef6d61495ee59,0,normal,
0e1f2f47ae0e4b1fb5ab3055ea264480,0,normal,
f7c65f3834ee4cc0ae63534529cdb68e,0,normal,
5511d1768cfb4bce80a6c2c6c9bed798,0,normal,
c38e56d859dc4f56b77ecf40735b02a2,0,normal,
d7078441593a49f8ad3a61af8822452b,0,normal,
e2531b7e6b2749faab56b80e4b298bda,0,normal,
3e9b048e2a084d60852168919234bb84,0,normal,
2773daf583d34ebe8229b6ec22b1d58b,0,normal,
a4fac02f1e8a4338b5320428f70de27f,0,normal,
25d0f714663d424fac966205798321aa,1,structuring,structuring_592
eda329400296445d824a39ca30a864f6,0,normal,
b701f42604eb4f86848003cfcacc072d,0,normal,
b0bb7f645e8c4a639aef0b158c7897d7,0,normal,
2dfb5a101df54360bd7264b173463b80,0,normal,
1def91889fc74a0d88bdb59afba93f6d,0,normal,
aa97242905904307acf1fad4c5b176e8,0,normal,
4199de3d5b9d4af38654777858f3f716,0,normal,
b2cfa6352b0e4f9da4af142300ecf0cd,0,normal,
58b1532c08ac42dfacd463fef39fe33f,0,normal,
f046bed75dbd421f859c0a2bee4aedda,0,normal,
ab2787e5eb6c4716b58f737130623196,0,normal,
a1745292633646288d3b75918fceb06b,0,normal,
948aaee6e44c4b718c5f4c8a6809d727,0,normal,
48ba5659dba347598420bbdbc61ce89b,0,normal,
148a77a92f694bdca51a740bbf9ea933,0,normal,
9857d1904da74a54bedfa845bea34302,0,normal,
3807991c0e474a25ac44021ee173d987,0,normal,
a8bc516260d04e6f99abc67e385ab8ff,0,normal,
4662239b2a584b59836a71bf2fc408b9,0,normal,
28e5e948453144bd92a3050fe2b61572,0,normal,
19a0ef2a16294ef196900da71be2566d,0,normal,
8291cc97ce7047649fd5ac746e76061b,1,structuring,structuring_349
f49d2b672e954e278a703e75ea13f289,0,normal,
55b74c3c84f14ddf8bda03e32f581658,0,normal,
290755a3321e416cb37338dd39a93ce9,0,normal,
57ebb9c2e051498e8d2b3ccd83b9fc60,0,normal,
fc75204c477b4e32a8d06d748ca0301a,0,normal,
5a16e37a901041538aec62d455d4712c,0,normal,
5a009f7d868041eab03fdd78b0adfd59,1,structuring,structuring_566
387789afdea840328558d70ac5785b2d,0,normal,
a3dccc2a3d7a464f88a4b84047eb3bbe,0,normal,
e1929652c1054c5496f29bd0eafe05f7,0,normal,
fa7ae790312c424b9f73f5923ee712fb,0,normal,
ee4afb9f62114f29a034a56d35d4a2e0,0,normal,
50e5da65c376426abead19dd59c3ca1d,0,normal,
4023e95528ea41dcb89923d69cdc9f63,0,normal,
765ec9f29d724b7aa2c40038784c3cd9,0,normal,
200598f4f7ef4ed3bd848d27fd6b3d04,0,normal,
91b22a03e4b1463cb6f0295e6e224905,0,normal,
ffcd4c3be65f4af290955fbb7c3ba831,0,normal,
5d2b9c8878044c029ac11e00d6faa923,0,normal,
4e38f5bd47b443adba4658acb432a2a4,0,normal,
81241ad8d5d74228aed34413ebb71b67,0,normal,
37b5c6d91b2749da9451f25938da28c3,0,normal,
eefc2e5745f54401bc6bb32ad58e3678,0,normal,
7dc268ac2a9d44a2ab8d691265e6d4fa,0,normal,
4f239676c14e40d2aeeab0d4516df9e6,0,normal,
1a221590025a47d8bd7480db4e7f6c2f,0,normal,
c23bc10cef524a04a95a48de846cbd8a,0,normal,
c43b2aa758414cf4a34146b2e064ec4c,0,normal,
50c314c1926a4c9d9bbf8b4fc6959691,0,normal,
711b023d61cc4e8c8cdc54f5552f66f8,0,normal,
b2b34f47913f445da191128d604d78e7,0,normal,
210bf70285674378a52740c6ff744ba1,0,normal,
6f9c3a5e7f1e45248f23cfe3c3ec2427,0,normal,
7fbe73f82bae4628ab93a06ac747ed07,0,normal,
744c798f065e49d7a5a93e186c8f745c,0,normal,
5a21d2e2881f48ee994efe23b924f5cb,0,normal,
93499b20403a46bf81b99d5867f3310e,0,normal,
1aafc23b28544dbc9b85bfa789fafba9,0,normal,
0f8992c64da54b949c373e0eafd3125e,0,normal,
5d08f874d6594343abf124e821c9211f,0,normal,
eed064662dca41d5a8f4c8468ddf2570,0,normal,
ca5d180eeddb49ff90914dfc78d27d8d,0,normal,
ca497b40a1284234968a6aaba802662e,0,normal,
7d078309773346bb903a83a76933f75f,0,normal,
fc19fbed43ec488f9973e4906f551833,0,normal,
b1d21e8930e84196960a3bef4f629c98,0,normal,
2a08ae92d95b40f28e8251bfbb0ce361,0,normal,
fc3c2231100042dea4ab2540fbf54ac8,0,normal,
9199c415d0b340eeaf07291d0f9dcd9c,0,normal,
0099bfdc759644deb14700181d9bcd36,0,normal,
5de55626ae154a8bae1610a0ba18703f,0,normal,
ad60519081d94134968ceaff1ee915d6,0,normal,
c9a1b60a07b748c4b6c9b8e26406c7f4,0,normal,
2fe739e9245a4bcd9bf5522ce529eb85,0,normal,
e3edd74f83e94a4795a133a1411d33ad,0,normal,
3ea1967ee1074da58929567e66f2d15c,0,normal,
dbef4d26ec35425c993b5dcb904d31a0,0,normal,
ad2aad9ed6864f10bb958e67b4b57203,0,normal,
87d231b7d18c4a32bf4129ffb43177c1,0,normal,
ed90ea0a9b73451e9594392900837b79,0,normal,
85784edd65bd43749837ef94608e9f8c,0,normal,
14608f17611741ffa75330fafd4e9a87,0,normal,
b6c146e71bf74459977a8b82f2ab5254,0,normal,
5446dc3c6eb54eeb9bc88e857f768af1,0,normal,
89dd3305d89d4a21a745651e9ad510c5,0,normal,
753571f41b5d4656bc963505c1fccba1,0,normal,
d59f761bb76c436797cb5d1cf4f8d8aa,1,structuring,structuring_566
ed24d6d6c1ca4496935faf4269e18748,0,normal,
27779d64e73a4a6b80d0dbe3ee0d034d,0,normal,
c2fed1887c4742f3a80d23da683eaf60,0,normal,
4dca083756e54070a887e1b8e17ac51a,1,structuring,structuring_349
4f8e6805ad154effbfa72f242713fc06,0,normal,
a05aa197fae244bcacbf338fded82c37,0,normal,
b685bb44a342492881dfd64d904d89ab,0,normal,
336eb2237c0e402399351a971f3b69c0,0,normal,
47ee7e66296b4b599dc857d00596dd75,0,normal,
e7f03b02908049e0bb5527ee8ec5d8ec,0,normal,
3d027dcc9be948b7a43e5f68bf8ce875,0,normal,
8d7411c2943d4b319a21105309e65416,0,normal,
c0e6d9ceca374f23aba6e2deaeea52a0,0,normal,
3fb8c90ed56b4149be9fbb6ebc34672f,0,normal,
a7a8a5fdf6d240e8a52a0826ec6fb694,0,normal,
3e92f986ddf6429cbe6a69fb8ea11ee8,0,normal,
8a4ebf3ae4334a2bbd3e770a88b19c38,0,normal,
2c07723f7d7b409994ab0375825d74ea,0,normal,
b628c1329e0c415fb3b0934120f61dd6,0,normal,
c2570979ae4f4394abdd85c13990a653,0,normal,
6985b0d4032b42aebffdc7a752cd696b,0,normal,
992db389f3934e41983b984ae8a06e4d,0,normal,
a607198a1a8c4db6b6903e47c3cd838b,0,normal,
a350572ede6e4b10a6a6dc54e387c18b,0,normal,
0a9f2238f8544d88aef5f84fd86b814c,0,normal,
d2ed1d07bdb84f6bb5fddf04f9569379,0,normal,
778fb46ec4354ee982b0ad7866fbebfb,0,normal,
bcb275b585d6479d9e435e2bf61491ab,0,normal,
c69c8cac69634ceca73222eab57e66c4,0,normal,
542630c88c0c47acb6a67c89e36609ec,0,normal,
db977bd3f99847aba42b3f89cc45d0d3,0,normal,
8914fde8d4354fe1a623f7ef7775e513,0,normal,
40d6cac405fc43539334d94d691816a2,0,normal,
976629a075474877a22c1447ee7135a4,0,normal,
7578724573c74207b62f86a62f67b61b,0,normal,
4c32d085b2fd4c70a2e59b4666944751,0,normal,
c9aa4e40874241a78aa6d3b0dc75c390,0,normal,
142b5fa88b6344b38416228788fe9c3e,0,normal,
aa5dd1dfd5fa4533b404d44cb410922c,0,normal,
ab3ba682431e42e7adae423a117c6bef,0,normal,
225ef77045dc44e7b508cce9af45effe,0,normal,
0c43424a8abc4dc99416d6c2fbda009e,0,normal,
e7c313024950479a8fbcd713205f677d,0,normal,
90e173f7c59e4df19698d5dcb6db15e1,0,normal,
8c52f438bbe248df8a8b17ad966cb9d5,0,normal,
1aeac635adf749208c73743a64c88770,0,normal,
ae7612f55c7a4574abd5e7cae9354936,0,normal,
4b751e1703da46d8997978de2c32727d,0,normal,
0fcf2f9028644c938b005c0102fffa04,1,structuring,structuring_592
01ff88cc809d452a8745488d6f013f70,0,normal,
3328fef6a8254f78a35f8845eabe4af2,0,normal,
0ad09aa69fef415db21ebbf768aa3bba,0,normal,
36f81617e77d4638bcf960de6d5f1ff9,0,normal,
47720aaa4642413598cd92ef29e5a4f9,0,normal,
8b23ffd55e674044b63dbb72ba9267fb,0,normal,
db9819cea15a4d5a8b655367c2fe09b2,0,normal,
362cbab7f7074c95a5d53b5a03e68f93,0,normal,
c5caad071d6447e583d2c1d26299153a,0,normal,
f61e682ec4644dfc8fbea7c57d9bceb3,0,normal,
43faa7f3b8f8402fb04e9d03c00b5dee,0,normal,
e40838e1d29b4c22a1f23a6dbb6a47f0,0,normal,
24b7829a80f24a2db70063a1b217400c,0,normal,
aaedee43b348452c8f5403bfad406802,0,normal,
d3fc0aee47ed4dd7a6dc5646f1d1b47c,0,normal,
a29a0d4349fe4fbb9c2337c621d6e6b0,0,normal,
38936ec6a526429bab4710f86ecb064c,0,normal,
41c56b164302406caafe97277c26afd9,0,normal,
666f62aae79e43eeb97544120bbdcf07,0,normal,
83cc6f900a6249b384d15dbbda8829c9,0,normal,
77599a920c864ef7b1342a25f1845ae8,0,normal,
be31295ea1e74145a62f6e21c33cf2f2,0,normal,
34d5d4aca6164e7bbfcc7b814bd9a222,0,normal,
54551add295e45169df5e2fc9a055337,0,normal,
f31874ef1b264c63b732ea27577ca838,0,normal,
31d9e9b594524121afbf87559e0cc20d,0,normal,
eff477cea42e4d8d80f917e562c1c128,0,normal,
aa7beb840e224c95ba75fa63830a3e7c,0,normal,
b1da94ee628f4a2facb5e20beef723e7,0,normal,
8988b740aa5649889757d421bddb87ef,0,normal,
78aae77fb0244d12ba8c9e9b51b1a7a4,0,normal,
0dcb5b71191c4596ad82c073441466e4,0,normal,
2f8b032956774a03a4a17c9ffec9f6a9,0,normal,
29e927d99fd24fc49340e7f1677a9d18,0,normal,
0782775c53ab4635b1b602feea8b2b24,0,normal,
e0a8c128222f48dc900a8df5c9d917cb,1,profile_deviation,deviation_272
912628d67e93495e9a0c6821fb70b335,0,normal,
3b86f1c497f745c0a067377fa8af7c03,0,normal,
c4059b48723c47d7a7089bae0de4e263,0,normal,
2a81b1e4e17b4217b4cad05224a84b60,0,normal,
bef8bfe3fad3410bb06af72afb0d4a89,0,normal,
163c82ee39ac45cdbe563ab42f505cf5,0,normal,
d3bfb7faf64844f294ae3e1019e8d341,0,normal,
4272f2eb824b45f289f80d7813f36795,0,normal,
e928cee816ab45468494cf016fd61847,0,normal,
8d63962523204ff6b782231c3846882f,0,normal,
36c00e39bbb34a44bb3b4b9e61026554,0,normal,
aea4488d29a44a2f97a354f7249fd60f,0,normal,
c50757d622db413cac5d07426532be3d,0,normal,
306fb7ef2a3e4455b5e6151359faa5c0,0,normal,
89f87cf35a9a419c918afa3d5dd57cce,0,normal,
802f43a371904f898cb02025e1d02a92,0,normal,
6e65587a37534c0f99b93f63a3459209,0,normal,
d2c1baeb7120405d9f26977d26049876,0,normal,
b67aa4bda17d4543b9a30266337bf1b7,0,normal,
42fdff2539df4de3ba622e145f67780a,0,normal,
c1311160ab234d4aa22a07668b5f51b5,0,normal,
880f75f0c0ce425abb6800eefb062426,0,normal,
fe0ee2e9e7194b96be76088cb8050615,0,normal,
9f24e16c27de4976934830a6ea436dcb,0,normal,
6e3135959c7b4c5badbaa9f94e212edc,0,normal,
a660708f54934238bdae947a6dcebe01,0,normal,
33bc223af9f444699b24d3837511da6b,0,normal,
4aa15ded1ad1476bb52e31f22a3bd1cd,0,normal,
f105d0d141a640c09b4f86e2041fcf57,0,normal,
53ead93021814692949c6ede81b6be65,0,normal,
acd058d5538d48fda75991a8224c94ee,0,normal,
655190144d3b44d193eb05c2f8ca71e4,0,normal,
97591155baae4799a9cf48c87e52b317,0,normal,
6fb42781f6a2407a88c2d5bc14d45754,0,normal,
ebb28b9b34aa445fbb4a1f151ffd83cd,0,normal,
a81b96a97f454fa9b4536c21f442fa26,0,normal,
217c24e7bb4e455688409414c2a04f58,0,normal,
720a05a697c14260b790c71fe5cb7a09,0,normal,
c538f5491ce3486bbb95e808067de8df,0,normal,
e4cd1f4a14b04df68022641aaf0fa2fc,0,normal,
92887a2d479949dbba210b525910cf34,0,normal,
788f82e56dfa415ea9789ea996b12712,0,normal,
11f887233e624c35b2efc51b065ce330,0,normal,
f2cf19eb1eb64f4c9c91d37bf9bdb8f0,0,normal,
727d486225b94b7da8a070c70a8cc50a,0,normal,
3d4122e3482e4740af761b721b1a560d,0,normal,
a281f4481e134a70a5d0598a192b3371,0,normal,
b3ea9aef0b8b4bb4a5b9a9d99cb531ef,0,normal,
8f684e661e1f4981b46746459bc04deb,0,normal,
7722fe081b9345e291ffe5c62e5324c9,0,normal,
2094ef12434b4e23a019fd82b98420b1,0,normal,
89cd291b57404b36bf956fcfd9516dbf,0,normal,
4b431d20da834557953330bac15d4b57,0,normal,
2bf3d609724c443a8222bbc61d7e8ba0,0,normal,
3e8a10ee1e06484792f414cd27f0dc4c,0,normal,
0dc994712aba4de286dbd9afa6fafe3f,0,normal,
3a7cab02131040009b8888420ec7ce16,0,normal,
bd4df143956f42969b8c3bec536af770,1,structuring,structuring_566
379fff5218f44368b8a5ade2cc06a768,0,normal,
d9c6338c6b244e6ab8debb882de28f32,0,normal,
60a8dbf814584c36bf49fd7c9b63b440,0,normal,
71b9990af3134127a06fbfab39ea9273,0,normal,
da1b87198dfa4119a17f5b265fac5a66,0,normal,
d41a32232852479a972ae47620967259,0,normal,
5429ce44b7be45d7910fff74f8e9b7ef,0,normal,
9364f854eab64eddba5798597cad1b62,0,normal,
6c0707b6c1f74153b71a1042e7fe8097,0,normal,
074f4e08d2df41458d4eb6062e0e2f46,0,normal,
8f54d59306fd42fbb79eb9f9819c4e9e,0,normal,
2a63d1b691b9474d930f278af299133d,0,normal,
204d3c8fe565493d81268e7ccd94bd49,0,normal,
9f189eccc7bf4d3fa1ab9f6310487fef,1,structuring,structuring_592
a12c5850f8d5483daafae5707602b947,0,normal,
c6485c032ea84f209b9549ea225a7c40,0,normal,
61a0376967f849e8b96d342d4c228fe7,1,structuring,structuring_349
45329a08a5d143b8b33f0e235a951a98,0,normal,
21327788ca6541e682146d55b44b4d7c,0,normal,
e770f2ddbfa94401b90ca6ec1badc45a,0,normal,
ae4c289f3b2a40f5a2cd675b889d03af,0,normal,
93582cd68f36416eb46e6b39c9640848,0,normal,
2bba6c1732d94c1abb22aa843da779f1,0,normal,
53e7eb2093804d0da5229a7da6e11fc8,0,normal,
a5262f66a7394cf980999f68b598b756,0,normal,
18badc9aed2146b9b1387fe2c240f138,0,normal,
85b4554fe5984de4bc202534b68b7881,0,normal,
c30febea4a574397a7d49e3fd8e8d770,0,normal,
e667f533a9d7411a8aa57219b48d0d96,0,normal,
653ba8fc9ce24fa9876238a119958cb8,0,normal,
c813079047174298821c02598ca7860a,0,normal,
dc7aaa3b17124a049426a33886213041,0,normal,
ef63e5a8b8434af9bea74b680f503299,0,normal,
3356162f68e742e389cd7f6ddba50266,0,normal,
5936cb1cba2f4796aed508296d87b7d3,0,normal,
f28e7d55ca5d4cbe9e494ad0d5a69be7,0,normal,
b30cdab1482b44ff852823fc252cf073,0,normal,
0ae0f6067c3d4affbf4101f2a0ebf071,0,normal,
ff508ae85f584a37b158f6ae082f5c6f,0,normal,
24cbec7f0df04b8a9328382e7b0576e7,0,normal,
468923765b164455b268d026e4c5c986,0,normal,
0ce398e650044ff38a49b0353405ea1d,0,normal,
d30583d2ec344bf59e83e0e335f76b94,0,normal,
0c37e5d50cd243f1913358089cfb75f5,0,normal,
aaaf4f878b7f4fc4bac6b9b7dbe6c4e1,0,normal,
51abf4cb2b7c4755b3b7c91f8eecbb9c,0,normal,
45c169b8827443c5b43807ab7cf871fa,0,normal,
d600606c1b394615ae88fbd7ee7097ed,0,normal,
ad8b371103354a2a9e00e417fa3b312f,0,normal,
c9e40342d8cc410c8d81fb75e18861e5,0,normal,
bdf2b0f34e7f4bb4b6f5a815b1334fda,0,normal,
aaf5f03d2f694098ac6f148de78dcc3f,0,normal,
505c36b440684fdd8559d7bbba1928cc,0,normal,
279db994f4bb433ea4b0d5671f096bfc,0,normal,
8f5bffc1590e496ab7811fb8d501e8ee,0,normal,
4e3bc09e776d48c596276eaa4dfe4617,0,normal,
710c1f9b50be430a8662df1a91237edf,0,normal,
9cfe668ac5ec490cb5fdc9770730bdcf,1,structuring,structuring_349
0a2cf7e6265d418e968b4522e9abd20e,0,normal,
195001d81de54671b4aa6d7a6b77606c,0,normal,
657e373764db4ba59bc4c4f7db599e60,0,normal,
a4d8cdaf693647f284493e238d1b316a,0,normal,
efaf0edea9884b229b93a160eea2924f,0,normal,
f430bf7f1bcc45da848eb81f299a26cf,0,normal,
33266a3251a244deaf0b110e79dbea6f,0,normal,
e3140ca3c817472ab30cb6dc05a05136,0,normal,
35e9c9a892554805a491dbcac248e520,0,normal,
1cd1bf7444164ca6b76e84babe090809,0,normal,
e18855f8b5724c5d861d5b46a64633ae,0,normal,
b57731431a8e452d9b609542d10f1477,0,normal,
f15d0c15b9c849869c98ea9a50cae079,0,normal,
5a3c3535f2034470aa141faf5419e44e,0,normal,
56c670590d1449b5b815146a577672ad,0,normal,
e4d770caf998473684c636b4baa2c3c6,0,normal,
47c1eeabed944449b849b64863fcc8bd,0,normal,
bc6dad175a4b4d838e74a96d400acca5,0,normal,
a1441760dc2a44438d32daa753f07da0,0,normal,
f47f4b15d8214ce28fc736a8b69ca5d2,0,normal,
a9c5afd6dbf04c30b0118e5290c1833f,0,normal,
5c40b876d9334eca8286e20696787904,0,normal,
ecc7c0efcf8e455bad4a5468ac8baadb,0,normal,
e6c6d80cce694dfa9e93efc70cce1656,0,normal,
b4deb57f08484f4bb7560ebee1938b48,0,normal,
898cbda57ad143fbb7600e9e0882dc88,0,normal,
c56871c46180427cac7b1b83e35a22f2,0,normal,
fec85f9efebc474eb3104f35e58f7b65,0,normal,
46355e5972ab494eb5421846c05a501a,0,normal,
139f4dd4ad354f2f83372b20cd630d21,0,normal,
c720edb55a8b474db2f49a928b036408,0,normal,
3a61a33b8d6047f598f8505f3ddf0a1c,0,normal,
a1ca64ee492748c880fef0e589d6b5a1,0,normal,
7c6978fbc2b84057aaeb6c15307a1993,0,normal,
119cd6b4e1694da2877e8a5c1d8949e4,0,normal,
8f43b8f717f34842a825bbe3e4eebaa1,0,normal,
8ff87defb39d4e908f6968e9c83fc713,0,normal,
442b88e140184bf0a38ee8d3c1d3cb40,1,structuring,structuring_566
96e71fc43da848eebd843caa2131f2d1,0,normal,
91919d51e52c41f6b2bb56341654c37d,0,normal,
27120b0090c14133896a0e6dbd23eb6c,0,normal,
86e6ea6477e048ab8f48c29c484b8971,0,normal,
ac0d31adf945439faef4f4dc6862e222,0,normal,
818d50675e3c4f4fa2a4b33211db1666,0,normal,
b3544d5c1a3c4e1a9d7bcc12be0ff2cc,0,normal,
3b979b3352494f43aa9356547312b603,0,normal,
82159efcc074487082f4a3d2d5b3aa52,0,normal,
54a8d4a35e924a0db7d417a1b1b59d8b,0,normal,
07e56f81902d4eea8dc02b1b21f4b40e,0,normal,
16aa5c35b4364b85b1aa7e0c847ad470,0,normal,
c75b94d335af4e61b031344e74016995,0,normal,
e1c25d53171c4cc1b27f3923a48d163e,0,normal,
55e880f96ea14351a6ef1e5b4d149ec8,0,normal,
208b84457f4644fe8bc7377347fe6e59,0,normal,
50dbebfc06644b94898050dbdc29f484,0,normal,
c30dc8d65b6046329aa50f50a715063e,0,normal,
f46685533481463eaa49ecf3c8f00c9d,0,normal,
9a65cdf359334eb78e00961b3ca733e7,0,normal,
054dbdbb4cf0448e9cb9a8a5b4cd9bd9,0,normal,
ec051a70a30c4baa86f103c22d7075e0,0,normal,
e7eaca5cc7a54ba2a3baea3793b70921,0,normal,
c3ceb7fff0794782beefd58aa0bcc7f6,0,normal,
740b12a2928b411b96fdc351c1189aeb,0,normal,
5dde19e679154db78cd13cba88ef1416,0,normal,
5f324d0407d446d28c76c89ca9e8cd7e,0,normal,
6ca3549097f34ebf8e0fa7e21de395cc,0,normal,
ed929554e475471f8d235af09d9822f6,0,normal,
a35c4da580964806aa997674427c2195,0,normal,
0f6602a9cacc4b6cbf061e7c4a4e095f,0,normal,
32f55a6046fb46719624b0531f46a036,0,normal,
d01e90e767394d7ba9648f71d5614d89,0,normal,
00fa562328d249349f69b6426c3ea537,0,normal,
eb1cf9b8d0a84ae289f42562f5bfc74e,0,normal,
709b5cad8d8a4bd39bdc55c378d6dd64,0,normal,
b74bba38dd864b7da2f702698d3da31d,0,normal,
88fdcf2554d34cb1b0034b1c6a5b555a,0,normal,
4688f45af6ce4548bdb5eefa5858304e,0,normal,
dde26e76317f426faefc7bc109a7b403,0,normal,
b154d343f9f749418c2484c0b2ec7d5b,0,normal,
3399bd2ac8b74e9fb3eb2f1ecde525f6,0,normal,
043bedd5b1ca4ac3a85e6397f024f1ef,0,normal,
f3a1d0808047496bb2dcd7a0acec2638,0,normal,
f98ecf18deca4ea19a16cfac54a6e892,0,normal,
17444c98c7d6488eab8b75e51ab9bca8,0,normal,
4ec977f687624eeabaf283ee9bf4e1b7,0,normal,
daea6321ca66433f97232837a0b48a76,0,normal,
f9bcbb32a4244af68ec709f51bf96b9f,0,normal,
5772e0c140d342b8afe544b248d1667e,0,normal,
8f99c5bfdc0a4dde9fa07b93183e3e1c,0,normal,
d837f41ef36a44bdb55191fc754a23f0,0,normal,
845e9f1614ce4439a3b571f7c4b2a0ed,0,normal,
96f9eabc06234f17b1bf428d28a2f4d0,0,normal,
3868ea9cc39a4d978e8feb33ef9cede0,0,normal,
b6be22979ee34af3b74f203ced64e2db,0,normal,
5f59f60742644233a514c930945e73ec,0,normal,
11fef46d52774e72a33f87099b3626d1,0,normal,
47cf4990b7da49e096c3ea75b4d6da8c,0,normal,
0e3d7b9b73854106ae975bc2fd35bc28,0,normal,
89eabd38c9d942a495d71a41b5d18836,0,normal,
ee9de91f7c194083b84118e69e6557b0,1,structuring,structuring_592
a7575d90988542e0ab177267e45e199a,0,normal,
7240ed0843f34d53a357803b97d675b6,0,normal,
81a49b3e0eb64f62b49807122747f94b,0,normal,
627ca269cb074b7685486a03edfbb629,0,normal,
13d764b7a9ef4379aa551096ddc7678a,0,normal,
3bbe65135a0842c890fe56debd1387f1,0,normal,
cf0bf0f4029a4dcb8750427a98f26bff,0,normal,
6e9b9f88d3064b7c8b018bb34175bdfb,0,normal,
e63a05f9513541bbba45ef2d3930a940,0,normal,
78412cc7a2ab4990a6ffc7aecae25788,0,normal,
5f756851a84e4025a0ce85353f7225cc,0,normal,
e6221571315d4f98b4d7e69eea01b455,0,normal,
d8c5949355174c6e9b87f6e08e28521b,0,normal,
1eba2f06f17e43cd9760b252a48cd3cb,0,normal,
d760fc0f4f79436e800d939a46434be2,0,normal,
7429b6d64bd24213b591c2ade4778823,1,structuring,structuring_566
8ba1563ead0e4d1f877a649987437ca6,0,normal,
bf41aa21a1cb49c4936100712972a86b,0,normal,
451fe2995e664478b605005e797be3e0,0,normal,
20decde770c94582afc8729069d4a9ad,0,normal,
72da811e65994af1b02ec8cdcf636882,0,normal,
01122e6069fa445b8db9a3a091e339c1,0,normal,
acc9b582d17246ddaaa7510a45b16f27,0,normal,
4c4ae8520a5a46deb5402677a7e0cfdf,1,structuring,structuring_349
aa17dc5af3804d45b7fbd710297a0827,0,normal,
f51b5b7f03874ffdb6d3d8059292efc9,0,normal,
77d13579002343ee9f2e8bc69a9e3783,0,normal,
1bd499433f7e4960866ccc7b511f21fa,0,normal,
7fc51110b89f492f8f10130dc0697324,0,normal,
0acab8978fed4bc1b5345e50c1e3e092,0,normal,
92e176eb27974445aae314e2e2defc36,0,normal,
4bf0048234d148eeb58109a0d43b2232,0,normal,
ce6606bdb7844cc9ba7175a2f5c1e379,0,normal,
53acfcb7cf8943779914759e08d77c5f,0,normal,
364cc14028a54c25b3bfd4e303163a6d,0,normal,
001986af790e41019fbe53e6b80f5b4e,0,normal,
b0ff1fedba1f408a90e94682e08beac9,0,normal,
68031fe27d2e4119a70d9491b740ed62,0,normal,
48dab2ed5837466684b3eb7fdfa783be,0,normal,
16817125e25648ff89c0b61fd4b9564d,0,normal,
6f0e3e32078840bf8474d598acf4f432,0,normal,
632643787a8f415d8f6056f9d8ac5772,0,normal,
a30e2ef45cc141d19619d5cc0f07c918,0,normal,
eebfdf7f5dbd41dfbc53495b5d6481c6,0,normal,
44fc4f2da5474259b48e550626376582,0,normal,
6b536a7614ca4259a66bf44455e6f368,0,normal,
ef449d52b96f46088b8f57f81ea70287,0,normal,
172b1661ed6e45398f1e755c4a402925,0,normal,
9e871b3f17744477958b61cbbb4c2ad8,0,normal,
c07db982fac4477da582c47c021d5b9f,0,normal,
94d33b93a1df49d48b2dacd4b4cb6d65,0,normal,
dbbb573b1b1245478586aa89fe0436b8,0,normal,
ab2e848abff645c6b128909d02f840e8,0,normal,
311852c0d5fb48bfbd59fa4236e6b3b1,0,normal,
88974226a29c4581bf76e6b9ccc8d39b,0,normal,
ef7f25423345445084415793ec4a4986,0,normal,
a257f08bce1b497484209b03c401c419,0,normal,
6ffadd84de26444abf6c79ce8fb12ab7,0,normal,
afdb1c2bf1b64641aed1830a3fed1a3f,0,normal,
903e106da43945c08ff0ebe6be1d6c80,0,normal,
7e5698adc2904f2f80ab414294ef9f05,0,normal,
5f0461005b2143a0891dc20aaafbdb65,0,normal,
8eb77e74d4c84c07a1507278acf56c39,0,normal,
bb0c6b001bd346b882d51f503c964724,0,normal,
6a3f59e1326042a1b48d03541a6b6927,0,normal,
1f0581d5fb6b4c9f86bb9a7b66d28953,0,normal,
b986a90db4044bf38a5df60b642ad9d9,0,normal,
66824198db284af38eed24d42f90fe22,0,normal,
b40f345bb7854e9a9bd1672c24eb7850,0,normal,
64953f8767f44d95958fbe979994f512,0,normal,
fa7a2ec3ecd746549fc1c432717e6bce,0,normal,
fb7c3727e9774393b38fa020975fcf32,0,normal,
25e7005230fe471a86e0b8526bb5faa3,0,normal,
426867fb59044e5d88c10cd1d01078bf,0,normal,
04dc8b9e54eb4edaad06bd4af7eca3d6,0,normal,
fe77b0ccc8f94990953df3eee20bf820,0,normal,
3b24251b3c1a42f28b29887dcc15d7d1,0,normal,
00c9a7c2d4b44df19b01860686bf43a9,0,normal,
f87ccedf34584e3cb04f77eeb72feb7f,0,normal,
f6a6589198534393a0610e5c98e1cd93,1,fan_out_mixer,mixer_639_fanin
03134f705dbc4ce78d19bfd72ebc061d,1,fan_out_mixer,mixer_639_fanout0
004d9679ff5546bfb972e0df3f85a28a,1,fan_out_mixer,mixer_639_fanout1
80d46453f22d41e383bf3b8bcfe409e5,1,fan_out_mixer,mixer_639_fanout2
0d869d7dd18c4f94b893c15b8931858f,1,fan_out_mixer,mixer_639_fanout3
2961b351c6a745ec90787c58fc023696,1,fan_out_mixer,mixer_639_fanout4
fe6d4e5dceb6455299082127b0feb4b8,1,fan_out_mixer,mixer_639_fanout5
0ea8afbe3f7341d893888ce1cfb5d479,1,fan_out_mixer,mixer_639_fanout6
22293761ec5d471391dd03e7b2aa7804,1,fan_out_mixer,mixer_639_fanout7
e6220d7af7b34e5aad9ed5367adaef66,0,normal,
381120f50b1f4f4e8eb6601ebcc86897,1,fan_out_mixer,mixer_639_fanout8
e1d566c33697425c805d68418b20f61c,1,fan_out_mixer,mixer_639_fanout9
ae87fdda6ae74db3bb4ba7cc7da4d30a,1,fan_out_mixer,mixer_639_fanout10
16363298a42640b7a5f33d566adf2334,1,fan_out_mixer,mixer_639_fanout11
84ade4927e1d4663ad472304a0897304,1,fan_out_mixer,mixer_639_fanout12
a766a162eb5b4fa98e9f565318af9124,1,fan_out_mixer,mixer_639_fanout13
1e9058d31d0948d9aaa5bad9e7ab6470,0,normal,
1b9ace850d8445cfb2f751ef0bc88800,0,normal,
4ac5c6c789674e9c97e965c6556e6dcf,1,fan_out_mixer,mixer_639_fanout14
971b46b88b8d42f898faff4617a86fd4,1,fan_out_mixer,mixer_639_fanout15
c1b08c9f623d410d914fd0b726882e9e,1,fan_out_mixer,mixer_639_fanout16
7ffe36ff840b46099039c2d082b1e5cf,0,normal,
138c83e7004e4f00abee29b31d480958,1,fan_out_mixer,mixer_639_fanout17
ebaab0b4bc24473490448962d4177ff6,1,fan_out_mixer,mixer_639_fanout18
bdcdad0f2458451cbb7c58b34586ca62,1,fan_out_mixer,mixer_639_fanout19
87c57635bc5f4978ae94f07e3e86d610,0,normal,
f29546458af44b13b8cf9679e0e55cc2,1,fan_out_mixer,mixer_639_fanout20
d457a15745f9469bbf2966bdb5c60ccd,1,fan_out_mixer,mixer_639_fanout21
e264d1a83b584610a79265ee45d2f054,0,normal,
34c18f695bac477dbcbd9528d6abd35d,1,fan_out_mixer,mixer_639_fanout22
a1e625b61abe45f69cd033c9b3fc14b9,0,normal,
74b3076ae2fb4243ac715d8411162d76,1,fan_out_mixer,mixer_639_fanout23
74739a15d665420c9fb95c39107670f2,1,fan_out_mixer,mixer_639_fanout24
a80c68ef4022431787923ab4f601be4b,0,normal,
ec7879a7c30f4d8da99f1c1c8876e935,0,normal,
58deef89d102490eabbc36c859284c9f,1,structuring,structuring_592
e446cb98263a48bb8556d9aa44cade11,0,normal,
c73578c4bd20483184c6149628906354,0,normal,
df8f688881ee497eb81e04fffc31ea36,0,normal,
256c755e153248b7bbd2b3f7d02d80e6,0,normal,
0608243ef39242efa9e03a5a534b69a1,0,normal,
8933d98e72b041429a6965c8405c1c12,0,normal,
8476730e96fa407ea6846c9134bd0160,0,normal,
37a1f87992f54fe698cb9135c44b38b7,0,normal,
ec8b66fd7e4d4844aa09f631019a442e,0,normal,
dce5dd5ebd144ab58e5371edfa834196,0,normal,
b5bbfa60290749c6bd86e02833ffc49d,0,normal,
cd44ed2d89d64bc28e2ddcc1967c8f8c,0,normal,
1e4ce1452ea642af84bf33f10f111e6a,0,normal,
a3d66c69472d4d64a67c21edc4884056,0,normal,
130cc6620b65444e9cc83db18948cb66,0,normal,
d5ca142d8f084e0bac744789d8cb6662,1,structuring,structuring_566
6e3370a2ec7b4aba850a00182e0fba79,0,normal,
4673fe14055f4cd4b97672289188456b,0,normal,
f6ec3bc2865949dca98d453ddadc8248,0,normal,
e08820cc56c641f7ba5c79f1239f1d4b,0,normal,
72e494ed712744ee81a48ba6b3dae792,0,normal,
0598b38c9ddd4f679fe6241238de3a0a,0,normal,
457935fe6303469f82947d972b09b96f,0,normal,
6447c42fe87040c0974b7b41c85db5b3,0,normal,
b07a7fe8491747d081e828b109a08a09,0,normal,
71256ce0e0e942f09918095e1a21e9e7,0,normal,
8e092a9f754a43a884ae9614c49687a6,0,normal,
77ff56875c1c42caa112c4805a813387,0,normal,
d7790917757f4a3ebb6e3600c4f789f3,0,normal,
236d4f26d8c04a83acd0a8f06545bbb8,0,normal,
fd8c5bdaa3c34d7faa616564e3120fc7,0,normal,
97bcb60f127f47228a23b17aaf46fb09,1,wallet_reuse_burst,burst_610
be4aafb5290b4938b5637b2160017432,1,wallet_reuse_burst,burst_610
c39da25e933f4dab9438370e6e462df6,1,wallet_reuse_burst,burst_610
3bdd13b845ee4a938b964a2ff936411a,1,wallet_reuse_burst,burst_610
eb9da6ff8cdd4c4a97ac92191d084e20,1,wallet_reuse_burst,burst_610
afd6370f320a460e98229ee88379a42f,1,wallet_reuse_burst,burst_610
da44002e0b5f4a30afd3d4888bf7df0b,1,wallet_reuse_burst,burst_610
112abf95566e4f258e7454446f2ab19c,1,wallet_reuse_burst,burst_610
2530bea966854f28a0e4050aaf410401,1,wallet_reuse_burst,burst_610
df33eb509f3a40ee9a5edf206136d9bc,1,wallet_reuse_burst,burst_610
e3e95463e6bd4e66b059d820914f35e4,1,wallet_reuse_burst,burst_610
8ba63a92ba1a4b43887cd35f0789c4e8,1,wallet_reuse_burst,burst_610
0dbdb3de4b36456dae5d4195847f32f3,1,wallet_reuse_burst,burst_610
e8edd1ed6708422eb7a7f73d03200a6d,1,wallet_reuse_burst,burst_610
f0655eca43ae44158669e1b192db73d1,1,wallet_reuse_burst,burst_610
a49a1d4dedae4f288e4f0cad20afc449,1,wallet_reuse_burst,burst_610
2ed253f2077d40698d44bd60930cfae4,1,wallet_reuse_burst,burst_610
a0f055c5e52a40d69536092478a9bcb2,1,wallet_reuse_burst,burst_610
d87d195c7cc54289860c56f3c2a0ed83,0,normal,
a368d1bd7ad1454a977b070b5ce2ab51,1,wallet_reuse_burst,burst_610
5fc00b3a4df14251b3c2f00742e46a02,1,wallet_reuse_burst,burst_610
b7dd72244ab9491da4112ecf65312429,1,wallet_reuse_burst,burst_610
8696c3f2e57a4aa6ba4a779a4eef49de,1,wallet_reuse_burst,burst_610
bb1105cc8185410aa4a490688f273841,1,wallet_reuse_burst,burst_610
729b8f6d51c84f71b205a3ea93889d4a,1,wallet_reuse_burst,burst_610
5a090322e86844a2b53924e279d01f63,1,wallet_reuse_burst,burst_610
d05db06c462c4a6ab23e19f870c229ad,1,wallet_reuse_burst,burst_610
6950687bea814dedb12d4a61450cec93,1,wallet_reuse_burst,burst_610
9d253ac055e34a39af24842444f02963,1,wallet_reuse_burst,burst_610
4b5544b23dd74724915e22e1ed67aed0,1,wallet_reuse_burst,burst_610
d61dbd3ab538400493cf24ccd9b9da4c,1,wallet_reuse_burst,burst_610
7a831c65964448a485d09f0f354df56d,0,normal,
1c665670178b421d83687a8b8136e5d6,0,normal,
a75c7a41303745bda264b072326ca939,1,structuring,structuring_592
ded500e5d11b480da8ee3ae869daddb4,0,normal,
a7f79697cda34e5b950afa7ae1ba097c,0,normal,
6178588aec1f449fb37bfaf0ee905c35,0,normal,
bd45dc0112a843d286e925cc2275148e,0,normal,
0d0127b1298b49c6b1d4f4daf6276a53,0,normal,
971f5c205d3d4d12a7215759d9a32dc6,0,normal,
bd2e6108c57240d29be18f3d3dab6525,0,normal,
758ec1fee48842acbc1ffb47ab065eb2,0,normal,
ed3658a96b564768bb2e41502ab101d5,0,normal,
2ca74e1574be458a913a32f633b09092,0,normal,
2d20563b53c04f94bb99ffea0b521cf6,0,normal,
3f0a107a7c424964adecb70958c2f0a2,0,normal,
e884a513f6a3426b8b0b223a57edd266,0,normal,
6b1925ef1183453ea3e706d58132ff95,0,normal,
fa1fecc2944d47908bc17b0d68dc759b,0,normal,
30ee81cd53834c05ac87ccda9d09286a,0,normal,
e6b30484bc8c47f7b2d327313b60c7ef,0,normal,
63cffcef1777485295343f0389c58a73,0,normal,
918a84e2fbfc40d7848913f732dfaf42,0,normal,
4787238a813940b98daf19445fece1fc,0,normal,
594fc2a6043742e9a3ac84f5549a0f03,0,normal,
607cf0641033400daebbeb020040cc4e,0,normal,
70800b248d9c43aab011ea014c59dc90,0,normal,
b97562f55e2248d3b54b209d444065b7,0,normal,
a7ed35973291494b81b266d5afb147f5,0,normal,
7cf734cb3ef94a07b815728f662994be,0,normal,
49aa6fc00d0144abbdad1067beefbd6d,0,normal,
f357a9058a1943bdb30a46b032bdca92,0,normal,
db36239e0d4e4dce8cf89b42e1dfc581,0,normal,
30769b4f82de4156aa4399bf963f0bc3,0,normal,
3c73e3dbe6d947db80c108804faa0ef5,0,normal,
c33828888282474e957823148949eee8,0,normal,
5d9bd7c0550b4fc3ad0e99f1d5acccc8,0,normal,
e8ed94681cdc4ec5bbc3f3f74cefc08a,1,wallet_reuse_burst,burst_476
274a18b94a164c278804a8a5df98760c,1,wallet_reuse_burst,burst_476
7dda45b7a22a4d8fada84bae3b63753b,1,wallet_reuse_burst,burst_476
a6226b667b5e48129a715eabad080428,1,wallet_reuse_burst,burst_476
b8daa8aaee8042d78fd4ae9afeed4706,1,wallet_reuse_burst,burst_476
881e49422f654e51920cb3cc53713549,1,wallet_reuse_burst,burst_476
4439ae4b91294ffbb6760aeeb58becae,1,wallet_reuse_burst,burst_476
5adf1279ccd947f4a4bd1c614314e792,1,wallet_reuse_burst,burst_476
e8f0ff421dc849ce9a75953395d2ab65,1,wallet_reuse_burst,burst_476
9430cb76cc374b3b9ceb78d3c6646292,0,normal,
5939708b30e14af882aa12b5f6b5562e,1,wallet_reuse_burst,burst_476
862892fb9d604b459600279266f700a4,1,wallet_reuse_burst,burst_476
9a65925d89224b56893d23e5e9301007,1,wallet_reuse_burst,burst_476
510d6a10245549b688dc1eb2cd80677d,1,wallet_reuse_burst,burst_476
8c7526df13644c73beb90cf776466280,1,wallet_reuse_burst,burst_476
a3455145ae644ec18db0472b083eba63,0,normal,
a844204d1a8f45c594abd624bb20b29f,1,wallet_reuse_burst,burst_476
bd27132ede1646f4b7efe761b5eaf2a1,1,wallet_reuse_burst,burst_476
d60870dededa435d853a509d79d39539,1,wallet_reuse_burst,burst_476
f1c59a2db2a44d4db11b99eac2674a57,1,wallet_reuse_burst,burst_476
ad9263bfdd734383b769db0560918de0,0,normal,
1336cae74f7a4be3b552865b78f74a19,1,wallet_reuse_burst,burst_476
c608d36ddb3c44e6ba131c726a81e6d0,0,normal,
57587409876c4a9d9039a312716d3a76,1,wallet_reuse_burst,burst_476
1187e2cbc86f4a87b96a9332124a6ca3,1,wallet_reuse_burst,burst_476
c3f3a708593944e38a4dc0d936978402,1,wallet_reuse_burst,burst_476
fd9cf2f65d2e4ffda27e503c12de8e6d,1,wallet_reuse_burst,burst_476
94825545c8cf4a8783606bf04c9ecb6e,1,wallet_reuse_burst,burst_476
861832331f034158a8f5ac0424c169f3,1,wallet_reuse_burst,burst_476
23eca0aa76ec4cdd8dc468839c3ec3df,1,wallet_reuse_burst,burst_476
99731bc562084b56921ae80bce82b9cf,0,normal,
f9226c2183564ff7bbdb2dfd347fbf37,1,wallet_reuse_burst,burst_476
414a6dd74b6443c794422e1f5f15b322,1,wallet_reuse_burst,burst_476
b17c02dfbef44e72a6473143055493b7,1,wallet_reuse_burst,burst_476
585db9ae7204462cbf5948ccb2335bae,0,normal,
5062a6a1fd254a158b34528edff56244,1,wallet_reuse_burst,burst_476
06b2d439a4da4f62a2f7908d50a98654,0,normal,
b105fc65d3d84a0b98e21b9f7684d96a,0,normal,
ed006ce51f5548219b35965c53832845,0,normal,
bd0316c2f11c4a31971eab956709003d,0,normal,
d423808ae8a54f21ae640fdade18da4b,0,normal,
f1bce0ff66074c55935c84edfe9eda06,0,normal,
6d1836541f41408693b075001d0b2124,0,normal,
f0803059a19b481eae531cd5d8d0542b,0,normal,
847f0783c59643d5a802026c892d7164,0,normal,
7d56f54606d64fa78c8b0b50376ba342,0,normal,
203cdece2cfb41ed914bd55c832b7d2f,0,normal,
2c58164c363f4499b21d14291f0280d6,0,normal,
4beb86d169a645d4995a606409634097,0,normal,
9f9c9913b2834285877af11236ac6420,0,normal,
23736651ef2146a1930f8aece1307a81,0,normal,
a4fca365a54849d9aad94a74e9274352,0,normal,
82d5e84df21f475290f75b8a1c5fcfb6,0,normal,
68aa5912bc0e4a98a841ca3e54f5476c,0,normal,
61943f741793477eb7f30a3a0b2dce52,0,normal,
8c25e725097149daa7351f0cd5518aeb,0,normal,
dd00a9b8a55d4e1fb3c1932804d62f5b,0,normal,
9013fc88309746df824794b8915c263a,0,normal,
aed2300f893c4ed8819a0133066fe165,0,normal,
55dea58d01ab4d0396f45f535e66cd37,0,normal,
4b85fac04660460fa69c19b49ed7a320,0,normal,
e9c6ed364eea480b898b82aa62d33c42,0,normal,
39e2561af4c043319660f0c3e456e180,0,normal,
36e26cef54f34cb9a9623a8e6527bd8f,0,normal,
05994885cc074e87ac4451c370755da8,0,normal,
d78a700a19ff4ffea2100f3f1bfa4d93,0,normal,
caa5bb708026432696b901dc61c6c79d,0,normal,
f97e4bf553d549e1ac7f70a5280d7102,0,normal,
abef69f1b5e74b34a62a3cbbd0f76243,0,normal,
32207d7324d34f3287bb5fda477ddbbe,0,normal,
68791c15d5bd4095aa59f8b1b9a160e2,0,normal,
d26627dce77743328d1b5836b3459ac1,0,normal,
ad570eb8ce304d32af8e76a220ad5c77,0,normal,
d6b2a0c7af574bdba643c97d127d03eb,0,normal,
3e348032153c4d09ad9c94c844ed89de,0,normal,
76897efb5027417a80de83efb064f331,0,normal,
180af29414f04d9c9efad42085542eed,0,normal,
87917e9b48d34917af76dd37ea7b6875,0,normal,
34c312363f40418d85df259b37550379,0,normal,
d040cf993d884b68b12049ad3160cd75,0,normal,
27d4ffae90b44e268b7fa3e3f5c2e38e,0,normal,
45fadb07efcc42619b9637e3ed56cb94,0,normal,
5dd93e8a415d4cc396bf56dcaf7fc923,0,normal,
59ecf1221553479e8cad24fe07eabfe2,0,normal,
cdf8e54fc347419dbe8d16fd6eadcd3f,1,structuring,structuring_566
25e8087d69b54d5186d90c648e9b30f0,0,normal,
a0baeff84aa240ada31ca3600b29d746,0,normal,
9d321e64401047638c2ce3bf49116868,0,normal,
637b90d26f1a470e8fc225efe7cf4b1a,0,normal,
437f6b634f154dd09e6799587dc8e9fd,0,normal,
799768dfeacc49b8bef4211c6d395585,0,normal,
d1b7841e42314c39a72b4716f8075216,0,normal,
bfcb8bd3b12d4386b2263ea4fb715d61,0,normal,
d264dc4530fe4002b36d222009aeea55,0,normal,
809feac7b68646e2bd89db4bed4f7030,0,normal,
909275fd382442bfad63bd4b84dc8471,0,normal,
d6dfe3464c8f4eb49164a7533dd1f513,0,normal,
6385144a8b194db5a9d76e93d6ca2e47,0,normal,
260c0df8391f43a39b8df1e1e579a404,0,normal,
5c2f204a766048d3bf8b775b9cadeef2,0,normal,
d67d1cf649cf4d169568327270b28503,0,normal,
a4657b2bc2d5440f91331d91a3075d63,0,normal,
35caefd07eea4020927808647fece213,0,normal,
37e8cc0e378146cfb1d8308ee70d44a9,0,normal,
a8e5e5613d1c41a08f8571da5386d7cb,0,normal,
827de958513c478b91f0d51a4d24b4af,0,normal,
370b5186220b44858ba965145812d95a,0,normal,
d98cfbf5022548a6a4272e9536970b72,0,normal,
331b3b44291f42f68ce6f6c8e46128ba,0,normal,
3cb85120dd9a4cfbbc0d7362b42920bc,0,normal,
b5679199c31649ad9cbd866dd76952d1,0,normal,
2c5e20b7fac74a8290ea41c44c5fdc14,0,normal,
ffed90a81be247d59b3b086f0b46896f,0,normal,
a2d588edd67f4f41afa2d67c1a58be00,0,normal,
9f2a0680b57c44b299283a8bd3a7ba7c,0,normal,
bfc652ce77c443159ac3c3334985df83,0,normal,
4003ab4229c547e7bf09b627567a3332,0,normal,
ee9265b8b6544ac5899ca7b403b78913,0,normal,
f32c017434ab42bdb45f7e4dbc4f49f7,0,normal,
d9f1731f5b8e4acf94153a8869eae922,0,normal,
9271969bf9764643aee14b8ff8980cd0,0,normal,
d33c40326b694ea499cb372214d919fd,0,normal,
453cf1a9cbb647528c109bc023e44e2e,0,normal,
2d0254b8df264633a2d3e0e6c70feae0,0,normal,
f0aa58f2508a439182d1535d695b83d6,0,normal,
16a9fa640b534036abebe161b0e73901,0,normal,
711bf586324d495c9b966c8c30a222ed,0,normal,
a3b31dde149d473099b54275238ca63d,0,normal,
769a0d07c1c040dcacb80c9e60c1e096,0,normal,
d6ee188c4d924f0aa54ad5c1c4bfa19d,0,normal,
9fb4902b9d334540ab73640a4df9a9bd,0,normal,
18aed1f325a14f61b69e06e49d65b9ba,0,normal,
2be6ede147b849d8868cd39ddb6b5d3a,0,normal,
46e7558d229d47e7ac09a64a0c6e5905,0,normal,
e82cc13665a449e5a2cd544e9504c4bc,0,normal,
d9fc9228eb794aa6baaebdc36a20c381,0,normal,
133af5f0c1994ca1abb5e8afcec3fb8a,0,normal,
981ba68ad0c24f27a604d0c2d8dd2c8d,0,normal,
5d598c71ca264fbdbd036ab4da38933b,0,normal,
099b0024a1ac4801a2bd71313090bf27,0,normal,
e524fac23ee84b7db03433d9a784138e,0,normal,
88d145bb3fa04bd3922acacf1e8cc10f,0,normal,
2f6db9a3217448e39d64d025e5a80ee7,0,normal,
6fcdfdc6bef042ff97f280fa0cbfb542,0,normal,
a08d932793c94a298ff5bac37f0e98d0,0,normal,
a38d5356f8ba419f9828a40dbbeda437,0,normal,
705d81579ef748fd8d1dbfc3cf6cf35c,0,normal,
eb1f7199e8184229b8cae84057bd3f10,1,structuring,structuring_592
ce25a970d7c940b5a76e77adee5d65d8,0,normal,
aba246130f80451988b538c49903bca3,0,normal,
691b0fa2da8341bcb8eae798d40121cb,0,normal,
8c91e958f3f84ad3b26ad215535a738b,0,normal,
61a7306fb2b842e8a3572fd7048ac328,0,normal,
464448d4ac304efe85a3551acaeb2b10,0,normal,
a2f365fbab0e41eab39ff9956b20b2af,0,normal,
98ca77ad740b4e8295ed3ccf4bbed027,0,normal,
1dde0e43fd734a61904d8f3fb9782b72,1,structuring,structuring_566
cdfe51d61dee4f43be56cc0ea444f1e4,0,normal,
18fa4e2180464c69be4ea582692aef92,0,normal,
fdc0afc1d13a499797383196e016b8d2,0,normal,
0da81bb38e37452cb309281a053cac37,0,normal,
2614030b9d2e456187eeb2ff3e680244,0,normal,
b1ccd38c667844768e24efe6b4f7c6bc,0,normal,
a09fdb80fadc4ec2a5d906ae73ed5fb6,0,normal,
3241bcefe993471ca7fcca88ba312b40,0,normal,
87919560f22546b5aed4a9e57dbcb496,0,normal,
f936e32a034144fea4c2766cbeaefe66,0,normal,
a94ce97eaac1424babfc869322300aab,0,normal,
23122290f3e643ea82b59b32ff4cfa97,0,normal,
26d80319fee34802b04a9e7e7d6b3224,0,normal,
ef1595b7856c46b3b85948e2dbad3d77,0,normal,
3c0c0950e1454a4495f3590faf3dccc6,0,normal,
e3dcf545142743eb87ec6bf658b8f136,0,normal,
258514823fda483e928fd1326defa1d6,0,normal,
88b9354227ad4cdaa2e239174b4f742b,0,normal,
4f633fdced8f437ca4ac5cd117168837,0,normal,
39d77f63b3284f99a46389ef6823b77b,0,normal,
3244981e68364b398d58f724a26c3f91,0,normal,
5d5ac1ef75dc4a30bb1498cdbe43e3a3,0,normal,
47d6c02a61724b2bb36c2149b76becf5,0,normal,
1ff4a1cc346f4fb1b8836773aa3812e1,0,normal,
dfdba0a8da8c4fa89fd7f6be18cc4b09,0,normal,
c9e91686682143af8b759151fe352796,0,normal,
502ca7203d5a4990ad56448ed249853b,0,normal,
038cf02f19a74ec5834d35012b75ebdc,0,normal,
1a01c8f37671429cbbc260716cdc9534,0,normal,
d7d72fc946d64e148a8944b30a98b955,0,normal,
28f4ac0c1f08436495886768c9dda3a5,0,normal,
c1c66148dd054e4d8a490ff5c79f2bb8,0,normal,
e589e16108d64767bb34bb1cd09c60a6,0,normal,
cefdc991ef154d32bd328b6c6a387855,0,normal,
09a8e37464e44b5ba3b3feb63c4ad385,0,normal,
f6cad31329074240a3f6be276420f783,0,normal,
1ec77b92a0bd4b27bfefcf03aea56d2e,0,normal,
c22528f598bd4a98b5148ba369e6e649,0,normal,
e7fa221d3f2a4ae5b24870653d37c32b,0,normal,
5d27711021514ff493f12054483ec95b,0,normal,
38c6a36565cb467cbe9a23dc59b7ba17,0,normal,
34a78f361a364a239c0fe52610b99645,0,normal,
f3f5c8f1d355494981f2b85026b272b6,0,normal,
c0c7f3a4660844fc960b4682cb7d1720,0,normal,
4f560091d52b4c9aac5295ecf28ed612,0,normal,
5df1adb56b7347bd82bbe06179ad0608,0,normal,
88873264ef654c3c8dbdbad82a66200c,0,normal,
2fdaa40fefb744fe89c364211f21f714,0,normal,
ab4c83f72c264526b2ce28274bc5ab8a,0,normal,
c7b53f0a783a4d079a6ade179f12c213,0,normal,
3e7a024ef9b549179de7583b57562782,0,normal,
01175797ffa94612941a5c68c2818016,0,normal,
30b1a366316c482eb3e3b75c603c4ffb,0,normal,
49fc0dda27344e7e9cf430ed43df5806,0,normal,
cb10c1f715a94a3cad011660d44b2e69,0,normal,
10f719e91851492fb7710c5239240933,0,normal,
1489bd641f5a4c40ae93800c9cf0f765,0,normal,
416f9b18138a417cb341f1503c7db3b7,0,normal,
1635bf9670e946db8344fddb6b0cc890,0,normal,
185f3b1737814a35b7024775919eba79,1,structuring,structuring_592
e273e39956bf445e9e244ad25d9a258e,0,normal,
5d96f5d9ce1b4f73a97df02c1f6b6dd2,0,normal,
9f1a2c68a19d443bbeb957145f80cde2,0,normal,
321e78e3caf14c70aef1a8e7907a8095,0,normal,
fe3e27a1945d42599ced42b4a02fee55,0,normal,
d3b4a01b0c1a487f821da83276621e7c,0,normal,
f1965b9569c644ea8deb7f74273dc30c,0,normal,
76fdd588c5f046a4a98313afd24750c6,0,normal,
2ae0c2e7b2214dd1ab60e9aca9499c3b,0,normal,
dbb613e14ba84553b8e525e0fcb45ad2,0,normal,
b3df9fe19e8847258d389cade18d7032,0,normal,
02d575b1db3f447c96a3cd558b2466fc,0,normal,
7a8aaeec96884144972501e084ec177d,0,normal,
9be18238a2964fa68561ef7b8f003c41,1,structuring,structuring_566
4d2a79010f7a47f9a935fc4db59498a7,0,normal,
1f6357a60e284a75be71bd96f8d2a858,0,normal,
8703d7d209384a138830e31a939066fb,0,normal,
c528018c49a14350bba11bd0a1f82ffe,0,normal,
ba542170688640e4bae14946090ab822,0,normal,
f4a5e919399e4326a85c5e3f9eb50498,0,normal,
fab71fcc2e594d2db619567c1f40b7da,0,normal,
82aec881241f421d93c1210adf688f5c,0,normal,
2e0fbae463a148c4b7925ad078c84520,0,normal,
343dd7291c6c44cba4aa53adf8c0ddac,0,normal,
6bf822819f4e49ef8482fb275a3ff0ea,0,normal,
864a008bf7de44e784c789f3131d97ae,0,normal,
939eb112b3b6444ebfa638d78e0d91aa,0,normal,
371b5a00a0034b54b5078e9479c5f5fe,0,normal,
4db21a3821c148ac80e173f01f0c73d7,0,normal,
200e94bc1e094accb55bdd57da977fe5,0,normal,
37b9c45eb89a4e31856544bfaed137d8,0,normal,
c7183004053243e1b139e93b6cebb4cd,0,normal,
f50484ef4f704d629e8f3c360f8d45d9,0,normal,
73e6156eb42b44baab29138e50dd4206,0,normal,
0428725fa8704b96a261f000bc1ee90c,0,normal,
daf03fe061ae4cb8b9d1461411c889f3,0,normal,
2afd8c5ae0ee4c218c727432075bd3bc,0,normal,
d2582e0844114dc98ad49277744c3748,1,structuring,structuring_566
411b97a6d7af47e4a3433161b85ebf22,0,normal,
ee2d5cb0ba474351b10fea398aa5bbb7,0,normal,
f84927baf6e94e05ba1d9829f5b0f63c,0,normal,
9101b3d2f05a4604a23dacf86d32b072,0,normal,
0e98640272cf401ebada97798a5ae67c,0,normal,
f6acff968e774ec1af65bbca7c787953,0,normal,
f20c5188865548eeae5bcbc6e0e9afed,0,normal,
a3fc8a16c560448b9f3e265ae2e3341a,0,normal,
9c527dd1bf2b4f1bb512ecf3d55992f4,0,normal,
ced8e93928d04922a4da8c47bb8b13bc,0,normal,
0fe9dada92314d3a99b817b05a60d852,0,normal,
1563d37c8f0e4b65bd4c92b64d6002c1,1,structuring,structuring_592
7e8b2c6b4f13482fb390741d1ccabe6c,0,normal,
1cf41581fb5f4fe4ba440f5a53ba9d9c,0,normal,
f13fc7a3db884da4be367a88de2727a8,0,normal,
c1a1212be1c14b11b181e4b8df20b3ab,0,normal,
3dd550c337a443d4a21592fd871980c3,0,normal,
2c903c94eaef4873b13bac224b6a80cc,0,normal,
dd1ce50ef9c0485b9ca006f1c7b5897a,0,normal,
9a8200e333054c5bab06acb51d5aa367,0,normal,
10ca09a808914a77a233579b77cccaf4,0,normal,
9a263da1dc25497fa234fee82e4afcb5,0,normal,
b1b9a844e1514ee0a90518417c14472a,0,normal,
d16723d3406e404ab42842ecbc0ee927,0,normal,
42c9577801c048d9a62527408a80295f,0,normal,
b4590ac290fd4262a4a1d3cfbef853f0,0,normal,
d8dbd5bccd9a472882a8a13c6bf6b72b,0,normal,
c784645afc4a4ad3949e5c48090eaed6,0,normal,
340a4c30e51e44acbdc56ec23bc4f622,0,normal,
6303020e86254fe4859b06f26113ebd0,0,normal,
60b13d2102204eeaa1a2a882065075d7,0,normal,
3a6c9a3fedb343d1837ffe3b64682e68,1,structuring,structuring_566
6e6f8d00d979441fba70ea4a3f5a9974,0,normal,
65e8a72e7a6d46ee8273f28b51d4d843,0,normal,
2a0f7d699c3a42a79469de221f8b9267,0,normal,
ef7645a76baa4dbf9c7435f9fd59ac0d,0,normal,
94e1043e1fa4457f9e8e3d9eacdd67a5,0,normal,
7d6af3595431460c90991e0773e9f91d,0,normal,
18bc03dc44af4f57b9987a1f1f7ea01a,0,normal,
ba65fe825d7e4440b4c216c0d04e36db,0,normal,
c83127fc61954daabf56c6967a7e2f6e,0,normal,
8a15288908484fc4863fcdde5c1178ea,0,normal,
51dd2edd8a644b898b08b87d97f6d4cf,0,normal,
9f3bb30049554179a22d67de8782ee2c,1,peeling_chain,synthetic_chain_354_hop0
05db8fac630146ce9bcd719349440269,0,normal,
7b6280dc563e4f11a11edd3c0023e359,0,normal,
3e43b09bcbf1444daefba505bd44517b,0,normal,
d16d76ff47a24ca28d9c710513c07cc7,0,normal,
b4402cb964e943fe8452b416ca6add24,0,normal,
2efa0f472d2141bc84a5c32f65ff5548,1,peeling_chain,synthetic_chain_354_hop1
6c991febc18240be99bca205627c0a4a,1,peeling_chain,synthetic_chain_354_hop2
d63e65ec50d04accb14d7b9465cb63af,0,normal,
26ff12bace014053a1c4125c3a02c1ef,0,normal,
738faab358f341f2864d325620660aa1,0,normal,
7c9c1e07eec6473899bb4fdc475eb9a7,1,peeling_chain,synthetic_chain_354_hop3
988119ddb2ba4b77bc5c9ecf2cb8cfd8,0,normal,
67319467420f4c5db9b28c2d105a4d8b,0,normal,
27514c54bcf642ffae996ff113183702,0,normal,
da5e7bfd4f0341aca495ec4cc28ad2a2,0,normal,
3b4bb4ffa81d48afb2de7d51a89f2cb6,1,peeling_chain,synthetic_chain_354_hop4
3d96382e5226433ba89a0fb74c1877bd,0,normal,
d8e3ee4d54fa4288b0e8fe2435f7ce1a,0,normal,
4166692a28c749f79ae9d4563f931237,0,normal,
03091afc85514a2b934df828dd503186,0,normal,
763c24b1f6f04ddb846ab4230021aed3,1,peeling_chain,synthetic_chain_354_hop5
716daf45cd0a4e4e9d27f688ab26ce08,0,normal,
c94bbfcb0f08462ca0a18dd5270a0ea7,0,normal,
4ada856d067b4c53b7a3375389acfb86,0,normal,
af3dab17908a4909bd0eaaff12370634,0,normal,
f27b6fdb8a4140ae88fb11f217f9647f,0,normal,
faab187c660744b2b9626648b9d633bf,0,normal,
79bf243f0f2043d781953f393c3563fa,0,normal,
7cde307ebd3b4b73957e385f24cb14db,0,normal,
ac0b4b44b9fc4fb48985880b6b63481b,0,normal,
1ed7ed587287408eb3e3ac449c4e85cc,0,normal,
f5e4ee562401459a90cc5d00febdd55f,0,normal,
ed74a532e7b142b18cd43b9c1f5a468d,0,normal,
3a59b054bd8a4a2d92d3d91a901c84f0,0,normal,
1e9e453dfbce47faac3c7b1410c0cedc,0,normal,
186c38605f564642ab81d4ae0b808100,0,normal,
d7a0046b2abd4344b140cb8cfbd6cb94,0,normal,
df39aec14155429db419f50dbdff6a0b,0,normal,
a77fb82ec6244292a4385bf7906d99da,0,normal,
49afb64df00a4eeda966724fbc2ab331,0,normal,
2a7a9437f97141ad8ed14e584d49de72,0,normal,
5fd047fa6403482aa468a5718b97b598,0,normal,
651b6d33962d4f0f9a64fd6bf4becea2,0,normal,
712516c96c404e189d2a84c396b44514,0,normal,
1055e9c6416042a58e9f3c4b8f849508,0,normal,
ef2d5a3cc3f5402c82ae9c8a8625bec7,0,normal,
ceff0269e0c147c6b6c60e975464abbe,0,normal,
1bc6f17a55ec4ccba2bf6fd8e441f2f6,0,normal,
a17f0dbf05b84558ba2d9d467fc6d13f,0,normal,
da47ddafe21c4c269168d75ea43a3c33,0,normal,
f74f66cd2d1545b1a8e48569c58808ae,0,normal,
b38840cd5714417da94cdb2a150ce853,0,normal,
d607ac2d92cf4015a5cec0490cc1edc7,0,normal,
931dee6e263c4f1b9082f2efb541ec94,0,normal,
17652c87771d4f2c9eeaa61c9d359060,0,normal,
37730c8aa0a04871a6ff820faa16c564,0,normal,
1ba755798c3f48d690bbb113ea4feeb1,0,normal,
a4e0db8934e748ea8cddc82f6fe1b2e8,0,normal,
ea05863aa9194eae9b29290d53bd2ca1,0,normal,
21a2651619e24b948681da6e174546b1,0,normal,
a4ca804b2b1440b78e20a024981e05fc,0,normal,
96eb37022bf4443da222055c3d89bd1b,0,normal,
f5c02387d457449fa618c969f660797a,0,normal,
a0a00c04d83b4b45837eeac903f77270,0,normal,
cfb8754fb4054f5ab2307f679996d4de,0,normal,
e4cf92263a6b43049c9094128db0daf6,0,normal,
eb2c839a3be746aeb43edf34fb38b7f4,0,normal,
f9721fd47f4d4be8ba92f475b8cdc4de,0,normal,
01cbfcb8525f4ded998375cf5704b936,0,normal,
069bccb99a1340bea3bd5e0e6256c558,0,normal,
3847c8dc07e64ecd86d97e0397b701fa,0,normal,
24595a28039944aa8ae635a1ce74da80,0,normal,
f42642e1387346d38c56223bb747b9c2,0,normal,
3459183b8239478b8b3263ada83cb3f5,0,normal,
7196ba3948d94987ae538093ad6802cb,0,normal,
289b0146e1244508bf59a9faf8e34c52,0,normal,
ab3bd18d86364da79c0cab9367c15d34,0,normal,
b5a89318969341898e0804b2b90ed43f,0,normal,
7b7c5462b6ac42a6879f4ec5737d7b37,0,normal,
a623ef9d17e3442f9882076147008fb1,0,normal,
473f0bbcc4a9412787395a20317d1713,0,normal,
61a0b2c4e7c5487aaaa0c845eb8661ff,0,normal,
4c32bf7e50f14f8b867c4d461bb8edf9,0,normal,
51fa75b757a949158d4f59d4defa3f27,0,normal,
aa5f9d4809074af9b8ac5c0f6e06095e,0,normal,
594a1a794017479d89a980efaf58229b,0,normal,
04022a7dd070409690573bd8f1b8655c,0,normal,
01bf25e8a14443dfaa9a5fabf0e1ba9c,1,peeling_chain,synthetic_chain_20_hop0
d62119dddc02468fa76f74e3a66f2d7e,1,peeling_chain,synthetic_chain_20_hop1
6c2c28a71db14cefa648a48cb460c7a5,0,normal,
f55fd1ef22244dbcb233b36a82c36737,0,normal,
79455f66986d4cd487074b79c4ab61e3,0,normal,
08c34a765623484fa5d8f98ab965d8bb,0,normal,
0cb10d92dfa5469185a98d028b529021,0,normal,
5e667c894e2149b69b532ce4b4686fa7,1,peeling_chain,synthetic_chain_20_hop2
892579e07c8b46148b586bc2ecac20d9,0,normal,
0e6b18b7851f45b0b20ece2fdab85374,0,normal,
cdbf1863db1648bcadce28889bac634d,1,peeling_chain,synthetic_chain_20_hop3
7dfe5444c008410781a1af42710aa2ea,1,peeling_chain,synthetic_chain_20_hop4
659dbb82181a464fb8ed27909058ad30,0,normal,
750ae00acc524c878ca7ddc4ae5d1dc6,1,peeling_chain,synthetic_chain_20_hop5
da2fc687ce7c402e894c649c3d512c0a,0,normal,
cc798ac71a344516bd70f6b307e10524,0,normal,
ade96e60f80d4ff9b95b3c8c363ab5bc,1,peeling_chain,synthetic_chain_20_hop6
e967c58e417042759f604c57f4f1f994,0,normal,
d8b2d136b3584795b95bbf508de40dd2,1,peeling_chain,synthetic_chain_20_hop7
5ad645b3e75345bdb023ab1fb19d2634,0,normal,
eea2d88da1e44a8a901438c1533339a4,1,peeling_chain,synthetic_chain_20_hop8
475c492f7317480999ec1450bc5d0625,0,normal,
ebcb8f04f5fd40ebb9e315b53b301264,0,normal,
80ebb23033914dce8c571fdff01355ef,0,normal,
e3e68c5c2c3c4224a3e8997824897e44,0,normal,
cfae80647fb34689b63b94ded7014371,0,normal,
0ee91883fa4a4040875be6b80514b88d,0,normal,
2af8826ef31b4c608b3664e36d9fd081,0,normal,
27ca062ccf52482b8a951ded721d1ce2,0,normal,
de37a3dfd2a54378bafefb342aef4832,0,normal,
75a157bddc9a4183be2cbcdff04a8fbe,0,normal,
99911778e2194eb9ac8ee2da08be721d,0,normal,
a9a3ddb6888b4a918b5987b6d8e59811,0,normal,
809c7d511fcb437b99b8e83bc44ba5f5,0,normal,
2b1420b8ca17486ea90b47d7f362b3c1,0,normal,
86c971204988416abeeff015234c2938,0,normal,
4ed19fb57bab43e4ab9e03c65b9e4956,1,structuring,structuring_566
6b6d62be69944b6689aac62bf7f16167,0,normal,
e959658575714017b1d42ddcf1e94c41,0,normal,
a965687b47be400186cdc3deca230b7f,0,normal,
1785ee21ffaf4fc2b02fb9190d02f584,0,normal,
f02e37bf5b564c0b85f15e9bf3402ab0,0,normal,
abde29a36a824df3a437fc9838fd7069,0,normal,
17ea821ce581442b87eb726bec87b236,0,normal,
156ff1ecc2fa4cde960885672c7bffca,0,normal,
4c2b7c62c1534ac295b11ac47520d2c3,0,normal,
a1661bc0ed45459988fae1a401fb66c0,0,normal,
5beaaac6ea5e4cd183814c66a12e8132,0,normal,
ff8c1e5e43d04e3582c9ad2320e6bac9,0,normal,
817d8f30156544579abde3b6acdb0772,0,normal,
edd246dca691411582a98b1f631db26f,0,normal,
dd427a989c3d4ba9a4c1aa8c8c4f65df,0,normal,
df5060ad2c4548768f68bd3a7c61cfac,0,normal,
fddf9c196d1a4d04a36d634886c261dd,0,normal,
3c4e59a6c2ab45149b2db0060f26619f,0,normal,
604581304664441190b7cabecbb7b24c,0,normal,
d9483220925244bf878611f2669220e1,0,normal,
19ba8706748f4085a8ac58e20cf2b55c,0,normal,
1dafe4ebbd2640d587a070b38588d35d,0,normal,
9472bc0d4c5b4e1688a164bf01008793,0,normal,
6c2c1b1ba14e493bb0566e4ff9249e16,0,normal,
53db643f0cf54e9898412a4693cf7838,0,normal,
fee6f3fa0ccd4083a06bec3145e7b6b8,0,normal,
e884c62d65c04e5c9d5d5b23c33f7f65,0,normal,
442fae61a935450fac2bc7e747385d2a,0,normal,
5232f686fc3c45cf8d12b4edc09cd5c1,0,normal,
505b3d66296b471a8c78677aee303cab,0,normal,
9cec5bb3f23840aa8d42eb83c272b2dc,0,normal,
5e0fb70efb204325805c62639bbb1e1b,0,normal,
f8487c3b36784dcc9a6c8fbccae2f739,0,normal,
a608f81df846463bab6a1a0ff4aaf9f7,0,normal,
54e8bc8678d547cba9d18ca624897f7c,0,normal,
83f62dd2c7024b57a60a9255920e7ee0,0,normal,
3c56fae46d2f4c51a40634381a312d49,0,normal,
7981e83302eb4933abe49be3fe51015f,0,normal,
a7f19741c3294e11ad4e349b384edb30,0,normal,
0a76f40d7b6d4cdcaa16daf936c56177,0,normal,
d0963ce35d764a6599831342a531d0cc,0,normal,
fa4dfa72968a48bd9974b4bbbb84c2ca,0,normal,
03a0aa2fe51f4901ba5c6f2579c6f453,0,normal,
3092796191fe4216aa19fca83e6d63ef,0,normal,
223192c14eab489e8e0888c35838a242,0,normal,
b6b94d7f6251403eab53fd1ad351106f,0,normal,
3b0a50d32c6b439c836ff8b837d7afe9,0,normal,
d5c3140a93e84f2a9516b030f20df441,0,normal,
429e672967fa49348c896622b0d3565a,0,normal,
61a52b39b8f6422590e755d3b74e9759,0,normal,
3527eb6a69914ff1be72aff910060f4c,0,normal,
6f86cae9dbca48b38ec7f881e10a4582,0,normal,
dcd40cf4fe254587b3b3e6ec55b0fece,0,normal,
84a99c02345240098789fbba40f7c20b,0,normal,
86cf9a82ac804641b16ccec2dfa15639,0,normal,
318b750a6ba54d54a2a1c4ff283845be,0,normal,
67c3fc6f6749406699fb5d197389f9fc,0,normal,
9c32c0a0a5124c08855bfd46e1db174e,0,normal,
155f512c25404774a0c361990e4b3974,0,normal,
6999c2feb0024927a40db9a6bbc5f60c,0,normal,
7c531273f584458ea115b12416401b53,0,normal,
2f001dfa48c14610b2edc686d684d43e,0,normal,
8fda1a495c7c4d7686c46b6496444e5e,0,normal,
3318e0f72aca4687939ab1937c3c747d,0,normal,
14ee632b9de1467b948d48a54dcf15fb,0,normal,
80cd7b8cfc1a472cb873836f285dde22,0,normal,
c85c708696944d17a317063728fed3c2,0,normal,
2391fcd448794147b58f7be0da340f83,0,normal,
467b497fd1e44c7b88332e8f2aa690fc,0,normal,
80e286a6ec984c3a95bdf7b3ddab39ef,0,normal,
b0543cbde3554b6ca8f4a6fd7e699a64,0,normal,
f9f48bc454da4864bec09affeed260a9,0,normal,
838abdd6fe864ae29d1ba1948017cd8b,0,normal,
7e955fe22b5e4b7289c09e384dc051dc,0,normal,
50860dcf393a46e68070544f93a5f0f0,0,normal,
d3e0312415b949ca92958fe71204de54,0,normal,
9af1103baa1e4639bb06e4d03739428b,0,normal,
0fe65b96212a4f3abcf2bdd2b70909dc,0,normal,
30f788cb72324b04ae3777b7ff6d3179,0,normal,
84d0a1a0eef94a839bcf33c6834f5aa7,0,normal,
35c6071504254c9f93beeaf2341392d3,0,normal,
101ed5389cab44acae1e60374c5bfaf8,0,normal,
578ceb3fde234317a3821055319ed690,0,normal,
fb5864a5c7934e86a09ec1ae3a677f80,0,normal,
3ee76e4b671b41608cf93233a0667d1d,0,normal,
2ee85b3d561d4a478362bdb8b27f2789,0,normal,
b7a62f355f604468bfe8ace6dff24846,0,normal,
af23706792524116991eec34c95b9552,0,normal,
42c46d906ff04ed4825a5aa477a71329,0,normal,
7b21c46d85644875940f23976926e06a,0,normal,
8cc02cff58e34d19b7270598ac1d8927,0,normal,
07ac12e60efe46f595b898213614b4c1,0,normal,
632d05da42a64e9eac80d9ea9bc20b2e,0,normal,
ad98655a1d5147329600398e7cbbf43d,0,normal,
64acd6a2991141299ad777c97e6d019a,0,normal,
6410e9b3a73e459a99cbfd6a4fd22394,0,normal,
004508f4c80d488a9652214b4f748d1f,0,normal,
2073fc44d2a840fb9637a9fbb995a40b,0,normal,
588b6b5f26cc4153b8163247af2de522,0,normal,
14175f3f1ca740ce8e1409f002bfd576,0,normal,
274582bc0b58484a83962efb0452c85c,0,normal,
5d66fc99b1cd4ce19cb1a47b4e99de23,0,normal,
adde0edc9fd848e4ac10290671b578ca,0,normal,
bd2c5334af6c48d8bd47e412f48fff04,0,normal,
0d27a32c3a864dddb1d1cc9df45935c0,0,normal,
439283caa28945689818188f9b81a7f0,0,normal,
00e44b8fb38f44b7b8316166a180e776,0,normal,
40051f93be0c47b6b3d40db3a94f81a9,0,normal,
6d98d8d671994e2cb57de051968590c8,0,normal,
3d8daf24eeea4cb2837906f3ef2ba2c6,0,normal,
1f8c0d4be49b4ffdb9b351bc9b624bd8,0,normal,
1f63ecf1f0264e04888d0c74cd402a00,0,normal,
f74e56d6bd35424bacfe6d2bdd59920a,0,normal,
e1eeaccdb1a04708ace07270d060eab2,0,normal,
812e7d02910d4ff9b53fef12d858c7e1,0,normal,
6c32f300527b4a479188f297b6280a04,0,normal,
d1ab0251efa243e081671098222f1706,0,normal,
8bfcb3ef13854c7da99424d1c9a702f6,0,normal,
0dccd6c6e4b3400ca62e1dad0a873deb,0,normal,
81e546b1b9e64284b36862157688af06,0,normal,
c047042d63784bd9905ab21f1493191c,0,normal,
9fce70c0fdda491c9bf4952052681e8d,0,normal,
8219bc2c29de4627978c82cb8dd82304,0,normal,
0f6ec48159564ad99462e224ccbcc50d,0,normal,
41f9ea61b25040d296c31a8d71d5af0d,0,normal,
ed20ea2d35cf49948e841ada720f2377,0,normal,
c4534741cd474e639300e7b8093543fb,0,normal,
41ce7e24ca1e4724a1a7e6ff74808a8b,0,normal,
bbe1901a6c224ed68434167b26ba76bb,0,normal,
12fd378568364929ad6ac4bf839fbd46,0,normal,
1cb4b311310544658f8012f25bede1a6,0,normal,
6ace985bd7c84fe69257339f17e93eba,0,normal,
dbf7dcdf306244b6bee6d73148575a10,0,normal,
9fe506dad670479f94eadb0257d9c6dd,0,normal,
57245acdb3904b168e1d26dca6962008,0,normal,
d1a2354baf3e4d248e72ba7447dbed76,0,normal,
365018e133454337863d9cb0d2615727,0,normal,
fd7dafa7683a4d98b9d7c907a3bf8b52,1,ip_hopping,iphop_594
2248c8afe2c447269a2f2293fce09075,1,ip_hopping,iphop_594
57b38ee0bbaf462299e120ff2253b1b1,1,ip_hopping,iphop_594
b8e496f429444e7c9003b49fa4d0eddc,0,normal,
2f1582ffa63142fb898de418db539de0,0,normal,
15f061acf24c4d6d85198ab461784844,1,ip_hopping,iphop_594
a2edc0bd4b24468c8a3b0eee900c19e8,0,normal,
1fe75b5a4cf848e2aafd679cd5c5152f,0,normal,
20677d14741149998f4b798177232d7f,1,ip_hopping,iphop_594
3502cd94fc4948d8ad945b157417d585,0,normal,
505ebccab6654591aa51051ee2d2240d,0,normal,
e264e80c7c604c61bfd19acb523deac7,0,normal,
f800d090b877408b9220cf13f9e6d50f,0,normal,
cc3edb58a2b1411b88d7d8d87f5e47e3,1,ip_hopping,iphop_594
8438e8da26f54f27ac0079e2fbfc5337,1,ip_hopping,iphop_594
d39abb3e4eb744a890827f080716b873,1,ip_hopping,iphop_594
fb566d52cb2443c9aef88cdbd9cd9be1,0,normal,
6cc21e537b3146d0acd1ca239ec791ec,1,ip_hopping,iphop_594
55720137dc0b4defbd30b37e704cf414,1,ip_hopping,iphop_594
f2a3f09bba044e2db093ae6cccf41d42,1,ip_hopping,iphop_594
13cf7f908061490290bfe1baabbfa889,0,normal,
3a49f8cb8f8d4bdab0e4255e6764deca,0,normal,
905aaf64c66f4762ab68bb9014d58088,1,ip_hopping,iphop_594
f908951da2ae4dee8a832fe8d39f0848,1,ip_hopping,iphop_594
2efefaa078154a4cb9c581afc19b7cbb,0,normal,
3c41294f6a1f4641b6a4ac2c1dd475ae,1,ip_hopping,iphop_594
aeccdce558464a60ac406de378af216a,0,normal,
e631aa37b70948c58e6f2d28d8e68282,1,ip_hopping,iphop_594
27d2530dc26c4a0f98ddf333e0edcff3,0,normal,
a9ae1e000df143b6894b0d0534ab84dc,0,normal,
bdbb4150c51e4daab62e834483a955c0,0,normal,
3b729080102844f190e4298d7cb2165e,0,normal,
5db4cd3f36df414fae0cfc90836cb425,0,normal,
7278415b63684abca71713281944d2d2,0,normal,
ad8e66dba3464ee7a994dd25b41e7bab,0,normal,
61b99e750356494a86d51b0401c4a28d,0,normal,
3c25e6dce8b543cc8feb63def9c46942,0,normal,
a22ecaf751f34d31b57edcbf3a0a4e6d,0,normal,
8e564ef9f45a425591e7a64f7299554b,0,normal,
fc137a2d3cd8488097a296027090244b,0,normal,
c88e948ff3ef4211b6bac2589700f180,0,normal,
e28467da7eba4edb8503201376f52512,0,normal,
bb75f6485f394b249e1779253e83cd58,0,normal,
2b8908c5f55246b4b47b76f95eb2766d,0,normal,
28c748587525486c9db307d0bdb80300,0,normal,
bade3411f69f491bbe39bf20817d503d,0,normal,
f28dedab2eea43b591fa18c37bc35425,0,normal,
ad01888630ae448bb1f1a8f27146684b,0,normal,
9e32c85738b241baa38c900370cc6b20,0,normal,
d3d54a14804447f99dbee95c26f5fdf9,0,normal,
148f3bc8a1494bf1bcbf126fb68ec917,0,normal,
1af9bdc7cf764fb68952a37866c38748,0,normal,
4b62d2fe756e4ae9965c210392f1853d,0,normal,
2fd0eec9cedf4996b08741fc004f0cc7,0,normal,
302caa2164784d03839088464ffb8d1e,0,normal,
233ae7f311114ee4a093955ec2e6330b,0,normal,
0e4354f0411942a4aa9588d782e70fd3,0,normal,
8f9a1d3f1ff24b8d8372b41381cd5d26,0,normal,
f8c8dc4d6aee45d0adf606fa75f7cf7e,0,normal,
9d0deea1146a4f65ae35f418a46c455b,0,normal,
9441f5a3b48140d5b275afa331e15fe6,0,normal,
df61ddb761034586b2759afeb815def0,0,normal,
fecf7bfe01244de38ed3d89d166765f1,0,normal,
eacfcf56bbe3481a9c5feaba2ae9819a,0,normal,
a3c07ce18b7d4e0eb49bcec6dba5f658,0,normal,
bfffc50d408143e889df114d610c5dc9,0,normal,
3ac23b024e19493392ef096f1f3fc10b,0,normal,
1d47cb00873841889286f5d13dd56410,0,normal,
871651bef41a4d34a930b41c99a0900a,0,normal,
e15fade2421147da97801e8eb6cf2509,0,normal,
5f522774fb824a0a938150bfcbac9c0f,0,normal,
38b081eac6e5407c9ee67d8827bc531c,0,normal,
de52c8fe5fa94765a12536748bfb72a8,0,normal,
889d235127c4445f94eddd2cee40867b,0,normal,
5f00f9413e234af4af6ded7b9da25124,0,normal,
a63e6851fba24534a90dac70f4a96cf6,0,normal,
45cd689516a146218a503abed0480537,0,normal,
4732a476cf1a43c6a901240b278a8a03,0,normal,
93eadbb7be2a4e7a912039f2ba272513,0,normal,
da927607827044ebad2613424944fc5b,0,normal,
01c1af2884f34489b29085564fa0908f,0,normal,
997f1dc7146f49ab9ac5721c8d1b36c8,0,normal,
57c4fef0d6f2432eb518c9de224762d9,0,normal,
27c9c2780be6404f8dd531e643002d47,0,normal,
5d9894cbf88c4ec8baf06fa2852b2c7c,0,normal,
84a13ef033b742a099e8d4f01c69a06c,0,normal,
db71521943ee46a7a55ef89b697c65fa,0,normal,
c90c0955ec284e5f9e2fd48b7ed7d3ab,0,normal,
08e90bbbb02843e6964ebd88cac219f5,0,normal,
eb1fc37306fe414cb8f3812a5df8d8d6,0,normal,
f0cf6954dd584f66924f7cc1a8cbf60a,0,normal,
ee58531272ac4cc88f78558ea33393dd,0,normal,
223ef9f9174445d4bf6dc0932dde84e3,0,normal,
8550ada8b83b4d36a2e64880630d7b17,0,normal,
3bc0a536360745f7b28b5c9717686326,0,normal,
5bbc2edc983c4580b217d6c09b2bd7cb,0,normal,
458efebcdafb46918e845710fd2f7e15,0,normal,
4aad57dd064f4f459210021a3526b645,0,normal,
48b9f7ec022c41a58bc96342b3f7d4f1,0,normal,
d8d92e4b854445bc9475b5a5da06b25c,0,normal,
7b23cee4c3994a6f9a90d80b7d75e58b,0,normal,
0486c8f93abe4c8f8153469add006b92,0,normal,
4d721e43ca3c44bf9fbb9f4fb75a9792,0,normal,
97c8c87c78ee4f7481a96ef887538dc4,0,normal,
89fe1b28a49a439aa19b254bd9c69672,0,normal,
51c15b03e9ed468ab088a18afee1569a,0,normal,
d36d6d4206414304a5768a9c5b761c9a,0,normal,
d7216f2f697a44f5836c9804363072e9,0,normal,
a0c4d1d276694969adc0f56ba0e1f16f,0,normal,
7d58eeda52de46c1b6977f6f46a420f5,0,normal,
0be2af6f5c10481087333292729e8736,0,normal,
c6a90b25228842dbab6f9302592c31e2,0,normal,
de5551880eb4452a898861a0ca35edbb,0,normal,
0835fd6e72a04a3daad599a0238da489,0,normal,
4f27827e584143988be3f41f0ec4ddf5,0,normal,
4d9ba8a700ad4138b1048d8fb6a19c81,0,normal,
c71662cd0bf14c0aab479cf8eb84f151,0,normal,
6bd2702cb9cb420c85f49458bab66112,0,normal,
60aeea73e79045d493e1468be9c9261a,0,normal,
e4027d47c7e94a1d8cde91b0ac613a26,0,normal,
db96b0306bd5467581351e8e08b5b360,0,normal,
7f60f24208c2410bbaae32e77b9854b6,0,normal,
982da8baa30f423897a9b53706d7f1de,0,normal,
f152e0a030d74f7e9831df4de8d3c14e,0,normal,
703a507e7fca48b49c62ea261134ad3e,0,normal,
1c5fd285bfd9404e9fb4003fcb0e83f8,0,normal,
3ae9268ad2fa4dd19c874d92216a3cbe,0,normal,
e6fae10be59a40ff951f44bbc5d1900a,0,normal,
6383740797434c57a7d8a9f195334766,0,normal,
458d0b205f9a4f7fb1bd34d1b6606ef1,0,normal,
9c6cbb13757045f0bcee9d6f890434ee,0,normal,
6a13e285de47447dbbdde5b34330768c,0,normal,
a992198b0da640be8d0c6bf78fe0609c,0,normal,
89ff37bc45ea4c88b1b62732b44685ba,0,normal,
b77efb7a825f4c679b5cecca18dd1f64,0,normal,
8f8d1d9c09c04cd2b5ebbd426798bd14,0,normal,
07875f27267140d88003e85dcffcb229,0,normal,
4518bfc161f347e4bc1d6755e92725e0,0,normal,
dc17bfedb54e4424b46cb4807ad570dc,0,normal,
59a40d345fe74a719b03011c2c9ac4e1,0,normal,
89dff16bbdf2428981b9d1eb0db81e48,0,normal,
3dc0491e43f541ddbe1320c3dd28974c,0,normal,
e0df387d777548abbdbbe7941d88f6eb,0,normal,
2e3c3aabdcb4403ca197d8bfb3cf059c,0,normal,
90193311cfed4f979939f1a29d0bb62d,0,normal,
32ac82c9896848b38650e0bf82953907,0,normal,
888320f69d20428f941ac90f8d249c09,0,normal,
081a6f93352d4ff1824a214d4ff4fe1f,0,normal,
2fd0f0fdbfed4940bfec1fdf31ade544,0,normal,
545f50b118604cd985088e457fb70476,0,normal,
3552d3939b924b2cbf771041de1476d4,0,normal,
da100824c4d74b99ba1da93264e76aea,0,normal,
8371dc2cf23c4d1f9336a82e172350b2,0,normal,
02e0904c3d6a4e7985a40d6903b56abc,0,normal,
3a0424cb13c24b739177eec1d758e14b,0,normal,
ede357e55ae2468fb0ddfda33854746c,0,normal,
03b2cd820de340bdbaf49133248dfd8b,0,normal,
997fcf04f7154a9ca744308eec5f1191,0,normal,
a20e4860d80d45daac6f28986a914886,0,normal,
0e1ced36aa4d4e0dbffb268ec5cc9af5,0,normal,
3de5253876d7449d875892e318242f72,0,normal,
767fd5503e804bd4828590d84918dad7,0,normal,
866f91e06df446b0b595b29190c20ca2,0,normal,
6ab1d90c98ce4e51ac87fcba9769aa86,0,normal,
176aa1c659af4e0d9cd7f781df0c0d69,0,normal,
a6ede411484b40ea8665710d1457d004,0,normal,
ff7c8df3e3cd4a09a513f72e67e9450d,0,normal,
8db37ff8c2f54916b2a971c9c49ae123,0,normal,
ff1cf2cabe354764827a1527041d8ba3,0,normal,
5bcef7b4ebf34918a42d8cbaebbf4e90,0,normal,
799dee32d6b448108aaf3ece4cc26633,0,normal,
ce446c44086041348fd0a6d9a5acda62,0,normal,
c367b905c7b64ddf88b513f3f08af250,0,normal,
243d9ac14e5042b38f67c2e71cf9dfdb,0,normal,
a52954a7a6c94f2bb0ea1ddecc0884f0,0,normal,
ac9e1bad3acf4c19b84cf749610b3abd,0,normal,
653f004680a043cb8cad3170835e829d,0,normal,
05089c8f5cae4ca397d7065e461a0d69,0,normal,
830aee9528a847ceba610c0256cd64b8,0,normal,
8ba76b90805046f8a125fc72dd47e652,0,normal,
53fc06a312db46fd865df743cb9c37f9,0,normal,
6b4d21e70f2d4ce086587874bf7f36e0,0,normal,
66eb185fdb3e4409b1d87ff1d48be53b,0,normal,
ecaa4db666d545cdb419686eeab4d9ba,0,normal,
10edfb885d1f419eb1034a13fbecb05e,0,normal,
5d56074543d64e89bb22b9fc0ef80ff5,0,normal,
2dec5e16bc1f4f37a1a099085bb17661,0,normal,
39663217d95d4be69975849e07ee6c0b,0,normal,
75fedd49c28e4664adcc94c241ca2034,0,normal,
6db0109aeda041aca81c0382d9e7eba0,0,normal,
9b33460a8a6543c29b0bd26dd72c07c4,0,normal,
f761d331965a414797b55797017bbf85,0,normal,
afb3ed29ea7b4b9d8a924b4a76734579,0,normal,
41aaab839b02464492b73c2d37c3307d,0,normal,
98a9936e138a4e0092fc744269c2d7b4,0,normal,
8e65e47a9b6642e08d7399ee406d515e,0,normal,
96241f3880ea4ed592b39fd6cc562db2,0,normal,
38af8c183d384f53b1c0194ef5def4dc,0,normal,
a10ba28f0eb84948b89c794f5de860c0,0,normal,
51f42bb68e8947eda9307ea15ca4c9e5,0,normal,
85921c51f61f40e9a52034cc1a3c3e6d,0,normal,
4adec97bb1314378b5aeee07add06c08,0,normal,
665d5d4ff5ae4214a4e05a9734f7efa6,0,normal,
cbbde4fe412341919f361007577d9474,0,normal,
67f4700485154df49bfa57848fb80936,0,normal,
0273d2edb3634ae7b6cbc1946dfc9f5b,0,normal,
a07db9a916284d3298751571c88b00a1,0,normal,
a647503a3b5c4f9999b6fc7738ab45c4,0,normal,
e2c0f62b815f4ad9bf4a685ade2d7dd5,0,normal,
2a22a396fbee41d8be2ea9c4f37070c9,0,normal,
48dd73e2e1984c488fb9e4eddddfda35,0,normal,
8a23882b43114619b942f25bfa27c50b,0,normal,
069d5c927c9644a09ae50c4b9c5c211d,0,normal,
2402f36d625c40b39864114e6cf116e5,0,normal,
b5877370981340f9b73a49eb621ec302,0,normal,
767a574591c84e5db3ca02d7d0973855,0,normal,
4aa875c88aa0495b9f9bf18ea27fc886,0,normal,
4bde887896884007b8f1617acf4b71d2,1,ip_hopping,iphop_217
021e3ee98dea4c89bf704f7fdbca5549,0,normal,
30d41f4a045146bc8bd59f07aced828a,0,normal,
d63e0d609a5544a2bada7f27b54ed7a8,0,normal,
3cc36357d70d46c09849bbab3bc981b0,1,ip_hopping,iphop_217
32375c311dee486b91704ec4cdd2ba72,0,normal,
cbb54b3b962848f5a77456ccc928751c,0,normal,
8651a583f8c4464ba6bd0698bda7aedd,1,ip_hopping,iphop_217
b0020bac13a34808abd17b03b4949860,1,ip_hopping,iphop_217
561ebe0dbc404f3ca390d025c4032ed6,1,ip_hopping,iphop_217
754c8df6d2c04a61baaf26ef9d34a93d,0,normal,
f859ee999e7a4a4589ee25b60f28f07e,0,normal,
303c6cfc0f7b4d73952d1d6a4d8f18fa,1,ip_hopping,iphop_217
6217b859e2b640c5aa0e8a9cca568edb,0,normal,
7844e9eb17d9487584de5761f5fe8970,1,ip_hopping,iphop_217
773e53c316c5414d9ebfa06730b03f43,0,normal,
29f22ec60c3b490e9d330551745c42e0,1,ip_hopping,iphop_217
4fb0649e82cb4804b9db803c80d7b42f,0,normal,
56a0a65a1ed84a52875b91b2ba775f2b,0,normal,
bc1f4544c8874b2db821395f8dce9702,1,ip_hopping,iphop_217
b87227960b0448ff937dea3f7e688e19,0,normal,
d95a0147e91d4bd2b2c651aca670da98,1,ip_hopping,iphop_217
830c418b22f2482d911c7e5e7d7cb83f,1,ip_hopping,iphop_217
46564a42ef50423a92ae76d50d6c379d,1,ip_hopping,iphop_217
bd8b992d77fc458e803f2d006833f160,0,normal,
57baaf4621714910bd050dd6c9df4879,1,ip_hopping,iphop_217
d010e4cd782e4b2a95140dc546dd2308,0,normal,
0ab78ab1fe664dc2a30f7b133d4864a6,1,ip_hopping,iphop_217
ad3ed66815364ae1a8eae1f562dd8df9,0,normal,
c04b852430f64a68b2b3fd009f014342,1,ip_hopping,iphop_217
f704ea263dee4f09ba7ccdf610e07817,0,normal,
f3d88839d78d434eaa3f7ea822477020,0,normal,
83a66cf1e8ea4fdc9f15b95aa46a3737,0,normal,
84a172e2005b421eb5917d16ccb0e060,0,normal,
560eb29138a9496e9beb3b1bb28b11ea,0,normal,
e566863c537b43f991ffa8c48ca96c1b,0,normal,
fa6a8c65379e46058483e2962d77e621,0,normal,
43fcfb8ae5344262bfff8065daa1a6c3,0,normal,
2f80eebafb7e4bbfa7a7bfe35091cf8a,0,normal,
531d42e4cb004fd6b28fb738a896d88f,0,normal,
88d2caf498b2435c82a65c7dc65cb195,0,normal,
313acbad599e43cf97c0c6360fd362ab,0,normal,
aece37a89f7147caa187caa2629d2723,0,normal,
dc6e2648687f42fb8c78dac42114f602,0,normal,
4972a0418f744b9f90830f551d2f7071,0,normal,
b111f6cbdeac4d2193d8777c4003cc94,0,normal,
7d79b4a17cc34e58bee8a78cc3e3f88a,0,normal,
a7e66b9eba7f445a8729b403541734e1,0,normal,
b470f3f8790a4d8492fd2deedb4e81fc,0,normal,
41446ce08ff3416aa0b8753f674330a4,0,normal,
e14256e2132b414396d1fc8ca922d5c6,0,normal,
3eee7c3fdfd54d8099170b1d1b0ab4c7,0,normal,
5d5f38f09e0644adad46c308e3a8be2c,0,normal,
a0362c5cc209446c8cff792b51d7a2ab,0,normal,
2e8414f8487d4dc698f487e8d64bc008,0,normal,
39b163e548bf420dafe993ba23675936,0,normal,
1f88cb6eb0cd40c2bb992977569d20e2,0,normal,
f1d189a2e29a4d098b0b902b255b07d7,0,normal,
c5a96b7e382d4e6693e420257bc06019,0,normal,
3c1f460ad8c64df78b64fdd9352d5954,0,normal,
4d46bc014b014e219bed39a8068c6016,0,normal,
6bfed812b7e049488f08068216d866bf,0,normal,
9d08fe251778462ea75e31136069a69d,0,normal,
cb9d1598b35547ceb0a0b7c1826cdcce,0,normal,
5498e9a16318415195023cf9593e26a0,0,normal,
50d2ffb1dc944579b6299683898d64a7,0,normal,
bde9ccf17c6e4421a0d29641510dfd52,0,normal,
f23b50758e0f4ef0a6112d9ba31325d5,0,normal,
ae50dd3b8f1d4f318b34fe8be5eaf6ef,0,normal,
1ca23bf9588d41f78af0f6e3d634fc44,0,normal,
e7c521ee3a2341c0b24acb419956c9b8,0,normal,
c5047b3af3ba441aa803b9b71e077e04,0,normal,
d27df12567984d4d90f8bd467c1f56b9,0,normal,
d8507e6914564421a367ccfab1ac69a8,0,normal,
ef24f67b63c4483aa70f08461c70961e,0,normal,
0f82f8eb10d44a6ba3137eadaff149d1,0,normal,
8c08a0915c364749967655cdab5ca956,0,normal,
90cdb17b23b14f11b974142a3a87fb33,0,normal,
fe5518ba2e8342b9a80078e49eea25c3,0,normal,
2c80a544df864b1598d4671a15a9fde0,0,normal,
7ab8881ea1fa482e8e247b9e67c998d4,0,normal,
e2a8c31ce3c94e67b69167f90790bc60,0,normal,
1368bfaa2eff4a679fd7048b8ec11ca5,0,normal,
e19ddd3e844c4f3c95c7065188eefec0,0,normal,
249ffea3e18f4ef28af305ab80fbeef8,0,normal,
a5032058651942f792a080d9162a90a2,0,normal,
1a6d0e74a7f84d25b5bea21409846db2,0,normal,
15ea29c97abb46fdb5cdfc1be9b78ed0,0,normal,
553a4cb2e5a34e218cb5b3b4d62b9ec1,0,normal,
7cfeb8dc83ee468e9f02061c5964f446,0,normal,
d88e978dce8043eaa2b40e3f77057e7e,0,normal,
b1384bc63aa646b4bf6e8fd97673309f,0,normal,
607263ed54204a36828a0e2640eaee2b,0,normal,
7e12b309d5b648fe8fb7e2f7b663bbde,0,normal,
6be840a40b1c48af9f3bcc2da6a2ce19,0,normal,
f45f1e070ec24a7284c5f5c6c0bf3f39,0,normal,
7e1996a0190945709645be0d63435309,0,normal,
e8604110620444c2bea224f1024e3207,0,normal,
bdf75275cad74e80b1b3ae54a09c9e50,0,normal,
e907775439e248bc84747de61fd65c6d,0,normal,
9ffffc24f8064c79ad51d96056ae6283,0,normal,
2cc27cd301e241e894f3c5b1b377d64d,0,normal,
d99f24f5f8a8427b96c7cf79f2da592f,0,normal,
9a06e7356deb4b93841d3f276f1857c2,0,normal,
e2e51ac561da411cb2a7962e6c24582e,0,normal,
cb8d4933ecad4c1889f57b72ca369833,0,normal,
62c4cdc65b71450a98382664dee70b01,0,normal,
961abd97128d44b18cf21df1ae6507a7,0,normal,
1dfda56b22074b2d8b99c64ac703211d,0,normal,
2e76d1086793486ebc78b5bb2914215f,0,normal,
888c74a60ff345ebb515ff54042677ad,0,normal,
f1035f940f864e5ba7a09f02ceda78ec,0,normal,
f3737e1fead742d19b42ecf6356c036d,0,normal,
0f6bee2949b54791a3a3d9a389875a49,0,normal,
2edd184cef7947918385526b050c6023,0,normal,
0ef807caa81648ea8e5992a9910d1483,0,normal,
b1906b757cab48db97901495ecd816bf,0,normal,
c24c42fdf241441cb242062c53061b4d,0,normal,
4b361d60827e48cabf971534d7f20987,0,normal,
01dc2d0db2b74d8791e11d4a2648a3bb,0,normal,
1b0c856909714fd38527a669c26a51a6,0,normal,
61db5f44a59c4d4e9ae542976d27df11,0,normal,
49973b3b36de4c2d9601e05ca442e03e,0,normal,
33356884476543829f3fc2ceaf70cf65,0,normal,
f7cb0ad46b254e1d81f7a1e74d6ff8aa,0,normal,
498a852680cf463da336b9512a8f12e4,0,normal,
7e6598c193cb427c971b0bcfafe58630,0,normal,
e6659bcde0d944bf92a9e33765849392,0,normal,
7b5b372aeeea4fb19e69cb4c9865db66,0,normal,
91d74acbb6b448d18cfe6bc44ab02a7c,0,normal,
7c3bfd927b574a0d88598818878a63ed,0,normal,
d995f5a7f46049d1a92241b3c4b86a35,0,normal,
a9409df7c729420a83aaa2bf488e50dc,0,normal,
eed14e8b320642ddba6336f3b238aafe,0,normal,
4ac291dd0163480aace2f28e2db5ea9f,0,normal,
ab497a083633488fb2a4943314de4d2a,0,normal,
8d51bbef8f8f442aaaff278d503dd1a0,0,normal,
c8edbf7e65d64ec9b22ec7ba5d9c90d3,0,normal,
94c6e33aa97540e4a7c3ba8b839d57ac,0,normal,
525aee4518c648eb82e51e784dddf682,0,normal,
7b34e534867840d596a56dab8e477d95,0,normal,
457080ab1c894362a0744dd7b2131f27,0,normal,
720896ca6d434551b7e8b72a0af4c880,0,normal,
ea967981a1354202a848c9e4a9c57fb9,0,normal,
76a0fe4ce4da4d55acb6843fa02bc62a,0,normal,
4c623d7a829344c6875279e807bd7c3a,0,normal,
4c672c8534414dcb85d8ac9009e84c9a,0,normal,
daba73ccdf754b7db343926efa032c17,0,normal,
02c7ed8936ea467bb87577b91af212b6,0,normal,
f432241a0ddb4307812fbe451b45cacc,0,normal,
e4dbb9e83655447c95ade752c63cbba0,0,normal,
6614587d30d24dc0aa5b7e45df2eb383,0,normal,
a4fe79f5f1bd4e8bac0d6e42075bb1e3,0,normal,
dcd796433ecc41b2b7e87eeee97f8b6c,0,normal,
573808bbcb854e4287918a99c2f0dfa8,0,normal,
2c8cba1432854b7eb366ffb66d5c92a7,0,normal,
03898581c04c4643a5ca13c3e3700640,0,normal,
45f0d99ed17940d1bd536a2759eb323e,0,normal,
f44bb22645a849d1b78b75d02a2b8b17,0,normal,
e7d6b63f14594ba38dba41a3b3fa537e,0,normal,
2879b412f50c42e3a7dbb1e4a1d4858a,0,normal,
7f6eea8edc1d4fb28ede052d4c708358,0,normal,
b57754a86be048bdacd7befb82b4bc10,0,normal,
19fc1c550cfc4a13bf6254f74325407e,0,normal,
674de6e1ae644e118f731fea872dc820,0,normal,
a0ef8377425741228524fb1a85336aeb,0,normal,
03f63b8950054d8c97d4fbb2b8508906,0,normal,
60088b6a413d44dbba04fc01268d1c9a,0,normal,
e9a7a67ff7a3418080069bdced389254,0,normal,
a7e4a2887109443fa4c251807269c312,0,normal,
dca5b444795e40fc8e2f618f2ddec43a,0,normal,
27f6cfe341974aeea62f234f01121c66,0,normal,
63664b4376fb41f79e2f40f1f547a160,0,normal,
d106a3db58894fe4a35767bf56bbc58c,0,normal,
d519c2bd68c24963aff0892ee916ac6a,0,normal,
34b2eacbb9614d8081bafa8d0363638d,0,normal,
c889c7b13e79434eb0eba71a68d86975,0,normal,
eac69f137a694117a38e04d22fc046c4,0,normal,
5a86afa1d3a3414ca336e7342bd79ca0,0,normal,
20933c7ae5cb41df813fa3a0e23f5558,0,normal,
936ed577de1944a08157f916825e5098,0,normal,
a5ecb49e1c7d4f60b56bbcbc28cf58bd,0,normal,
81277d6453a94e0dba7a1ac9bb2865b7,0,normal,
2df5821d6a1c4eb1998405987903f7ec,0,normal,
7641bf6fb4cd4333befd73e6f17aeeed,0,normal,
6d5b97424f1848d9bfce979a93709437,0,normal,
e22b785c23454fca94441dac954eaaf9,0,normal,
5832751d56454bb68a5065c15c5566de,0,normal,
57c75a953266414e9b9c6564197f5d8e,0,normal,
a37876c7c7874abeb6d327cfdaa95a4e,0,normal,
b4e7e55e0acb4db09e4525101b6b6731,0,normal,
d6589c0c79d042fd9345d30190ff455e,0,normal,
af66dd302d014b9da7b28d038489d9ec,0,normal,
1bba2fd2cf9f41d3876679c798fc7e30,0,normal,
cbdecda1e4d443958e858214e0a0185d,0,normal,
1bc94853d2e84cf6bfc51572938b8712,0,normal,
b13d78fb4b0c4f159d1575bc92cf09a4,0,normal,
49bf98e7a17042789fe3371b15f5e0bf,0,normal,
7ce01f49b86f4c909d0c140160d4ac52,0,normal,
235b25524c8b4468856378f2a35efea7,0,normal,
38edcd2861114749b4cc4f3effd6ce0f,0,normal,
43499cfa62b841a1866429c7f54f55ef,0,normal,
cd4260f1fac94387b891b4c5078cf429,0,normal,
ed24e4ee8c4d49e6bf9fa6578126adbd,0,normal,
afc4ce5cd94e40ec9054b78876a8014e,0,normal,
40d64b8424aa433f838c64c43a8f89a4,0,normal,
5968938ba0264be78245d98d40241326,0,normal,
3aed4e78631347b4bd1f8a39d112f097,0,normal,
584b1b757bba462cbde65618e2c91dd8,0,normal,
66108356daba4174aef9705c3f8f53d2,0,normal,
b424326a58584296bfbca47afac7f028,0,normal,
bf0b37621c454379a5161fbd4e239428,0,normal,
fcfad789d70941fba1b53e7357a1405f,0,normal,
7a875592b8d94327aada621c39744a9b,0,normal,
3a67019c031c451e9321caddfaba97c1,0,normal,
baea78471538427db642b01555940a9c,0,normal,
38af3aa63dbe40f6a6159bbd8969cc3d,0,normal,
47cb3305cb7a4b7b9584ebe2a1472629,0,normal,
b7f0235eb4ea4ea3851b84361a2151fd,0,normal,
1bf892bfcf674f62a4ee918ddfcca8c1,0,normal,
aecc4a6a1aff4909b2535f623389fe62,0,normal,
405d056235634c29a08c901fc1a4d49e,0,normal,
231e1a02dca34f5fa8f310d79a5fc4b1,0,normal,
04272d69821043969e7c4af09e5d8c3e,0,normal,
d863b2306bfb48c1b6811e46f5f6b997,0,normal,
160e56accec44db19bb471539af08b42,0,normal,
1f764b80e12d4049814f3f57b3b4c0fd,0,normal,
5d1a6da6653643dc8a4e6ade75f1a878,0,normal,
17611f62ec784f418f1da216845c555a,0,normal,
3e6ad441ef8d4be7b60d4c08d6fcd583,0,normal,
d6d5f232be674d2d98923bf3b7d15c31,0,normal,
11b12dacc8264f5c89a3a93e64905f08,0,normal,
de3b6d64f6434be4bf7329ee040e0d60,0,normal,
55d239b7b32941a786f1809e02407d28,0,normal,
1f0351969ed84256be8a4613c8644344,0,normal,
9680bf5d92eb4ad9be88ffaf7a6ba790,0,normal,
98ddf6a553844e26b7a9a55730e3c5ae,0,normal,
fbe76c46856d44a4bf0ac0f5d8787dd6,0,normal,
c60b292007904cff8ba6c65611ce72ed,0,normal,
ac1d0f8638724ea3ab5446a0969f4e01,0,normal,
1ff5c7cf213a42c6897f3ad1f80e685a,0,normal,
4efe8ef71fd948a69689667b919d4b53,0,normal,
da794c598d0d483685476ef2a70bc4c7,0,normal,
fa1547486693461b84617aaf96106e1a,0,normal,
8b5212301cbd445eb0eed2fd1ffde142,0,normal,
bee244f4b50844dfbbc29375bf9a60d6,0,normal,
1eb6af5a945d4a57a631d4e62e98ce0b,0,normal,
8f56f11f157b49bab097d4f6220d5225,0,normal,
ccc5973ad8444027a3483db99c7c47f0,0,normal,
155fe614ab2240368128566d302cab3f,0,normal,
aa839ac93dde42188ac68a636de70d4e,0,normal,
a8c7ccd73702445e821c1f366345b98b,0,normal,
6ab25a8acaf84007ad3cdfedb5f85798,0,normal,
d37031d76ad547e9ba2a71fb1b55ee67,0,normal,
a5810a09d09946b79fe94e1fc444dc4b,0,normal,
e8b9624b372048f3948a5acb00583873,0,normal,
24c60b3905754bcd99a7fb52b0ac8a73,0,normal,
4a449e3014e04faf97b0c26bdcad981f,0,normal,
1856f96b1d3e47138f8abdf6511b409d,0,normal,
5403e22aed9d48ad9e24a31ab659bbfd,0,normal,
e69d1f07110f4dad83c4bcfaa5de2253,0,normal,
ab772a94875a46e8a5d24f7f09355af9,0,normal,
59ebdbead2b9455c81df6bf76d189c66,0,normal,
92e3e5abfc6a4823a367b6ebf1f8331b,0,normal,
e9f7f64966a247fab4552b144a9fb465,0,normal,
f0edbf7207d24d9991cd03fa468b3688,0,normal,
76ba96e8b69a41548e7d41d78c00c9e8,0,normal,
376bcd3500b841a2a763db923caf8022,0,normal,
a232efa00e1b462ea0ab3fe321763b5c,0,normal,
fecd1621bb5c47c3b56de14c3ec403b1,0,normal,
078e7ad7aa894b4db86274959fe2db55,0,normal,
3bcf2538ace0440d90679371fd0075e9,0,normal,
536055d1f5ec4d528046d44beb119d6c,0,normal,
3190cba5619b441fa15db4a5b30dec6c,0,normal,
04583695780b4af092ec07f12d14ddb2,0,normal,
8c7d12dd0cdd4da1a15209f35286d7e4,0,normal,
e66807cf874743459ac1bdb41e10b571,0,normal,
d994c0783d7c4e80a5e2394be9839f54,0,normal,
4a33d0c65a284458a6fa44a8a9803c7e,0,normal,
ea5cf23c79b943d4a14a21050bf26ccf,0,normal,
3793371522224d5d9a15962155ca7998,0,normal,
9a5f95b11cb949f5a153b62c9c82c370,0,normal,
a3086067d7e24e2b95d3fcb367475613,0,normal,
3f4bb59635de47dda358a12d7be74665,0,normal,
9750bf0952cc43e1bcc93f34f077786f,0,normal,
fd80b9387e33410fa4c1e79fcecea1be,0,normal,
e59fd37a592547b6b73b78e918c6fd95,0,normal,
2afbfbb2b0b44d31bffe9255c66c92ef,0,normal,
56a52b6879b545c8967442ac7149b17f,0,normal,
2a7c1766df5b4f0d8663984117102a12,0,normal,
843fef041a4d4f578d86305c3acb0cfb,0,normal,
df7a5ed521dc4928ba9e8ce443dc8b49,0,normal,
281f844f32194481a5192ca27a5dfbc7,0,normal,
967d58c456834a7ba87fd1ade1f6eaf8,0,normal,
fafcee65a69d475bb73702bd65799219,0,normal,
76059731803847ccadddd7eb3ec03e83,0,normal,
ac1fbb0b19a844a69c079c4e8a83168a,0,normal,
2f1e6b4acf9b44b58e51ad5f6f971888,0,normal,
a41aa7705b7347359eafec35a950e668,0,normal,
bf422f509c4c4f41b8fb6571c75e0157,0,normal,
b2943331ae9240eab1b875ee84f6244f,0,normal,
8ec328a0e86b42039e8d93bdf295aaec,0,normal,
989991aecda3445f89c7bd7d88e2757e,0,normal,
c4e028817dbe4ffcb74122ac0b21c0d7,0,normal,
27c65390197a4be3acd4156f58909c6d,0,normal,
0c4e8a3f71614c40b6f68989fb49c2c4,0,normal,
10633761bacd4e4cadf553541caabc17,0,normal,
8cc3d531f27749b8ab58c3d15b8ec12f,0,normal,
b89f9d2d54794d6d9045bf52424725f8,0,normal,
d5104fc2b87d4217b3fe617061a583b1,0,normal,
2c12fe661f8d42caa7e4915815f3d2ea,0,normal,
cc6bc889a6c8446593b504e952c847b6,0,normal,
4a7247c4b9cc4e8aa32a6100da300ae1,0,normal,
7f87f6339f824c3089d2afbaac2c927d,0,normal,
33734b2697ef45169fb447ad38cb7933,0,normal,
acec01ca951d46edb763b60659ad5e25,0,normal,
2d3733ed059645ecb3c0dd6f3b1e117d,0,normal,
49c60929c63c476d8a8321117c6e516d,0,normal,
e617749985e04e22b7262d4eade21f51,0,normal,
f58004d43afd4719ac24edf22d76f327,0,normal,
9047d5b49ea54df0a880382b41a324d2,0,normal,
cf0876ffc2204acea73fe24e2c68c378,0,normal,
0df0c0cc827841f4823f2b3abc7e9e2a,0,normal,
9bbe6280db0b4680a143466b0936d69e,0,normal,
63dd275ec2544542b78221644359c892,0,normal,
e0f08f7dfd7d41b2adfce9729074eb9b,0,normal,
e1c93684c6af40d2abdff64c44ad8001,0,normal,
dc4ee1901b1b4ef0a56ac48174c9f1c6,0,normal,
5fcd4898eff2497f85a17ac6ee62ac53,0,normal,
761841398a784beea0c9510e239aee63,0,normal,
d9e8d4fbcc6b4ab39cf5abd87bfa3943,0,normal,
319ef1cc42984cbd87d90cd6452e11b8,0,normal,
6e93200d73ef48f6a8ac35a2f09083d6,0,normal,
044da3497f514a96bd90394096e37b30,0,normal,
e08a14e2e42245b7a258b70e1d32bbd4,0,normal,
11ac338dbe6541cbb0e13fd257637d9f,0,normal,
160db0de069d4034bea5f113f0fdbac4,0,normal,
e863140f52df444cbd62e27397fac87b,0,normal,
0c84fd04dc2b4335a9418d3426f46816,0,normal,
9c26c0fb541f4cb2a254a0edcc7a33d7,0,normal,
11f3919a8920451788b4437112ec8705,0,normal,
c423dde6cfb549df8797218a7f12f6a7,0,normal,
1c96b56b47054dbf887b8e32b1fdc9cd,0,normal,
45012ed79e6d47a695839b44925955f2,0,normal,
cf7ad9650bba42648d27576b511cf1a7,0,normal,
5b2dfe7d25164d3c8b7990ef61cb1208,0,normal,
5b2266438e5644ab93eaafa3aff4b202,0,normal,
e2daf20c73904c4691841b6329a60370,0,normal,
0859e5a27a4e4bbf9c9184b40e04b1a5,0,normal,
2687c1b181874b73be1208af8a35f510,0,normal,
e741aacb47c94a6aa5358a569378a08f,0,normal,
1f4c0cc1e2cf4a119f5c0aed24df6c3d,0,normal,
10328d0531114e63886d71c010a3d468,0,normal,
62be8462ebce4b91860ece6279648041,0,normal,
34bd76c54fa54c58be333194b6d6e2eb,0,normal,
d8ccdebae770435da0e5dcec2ebea7f1,0,normal,
0db8206f03a94b459125f9570df68715,0,normal,
de7e89cc62e14df38ec30dd57a8702e1,0,normal,
67b3d4c8366c4ecea56739c618abb867,0,normal,
d68e0d20813041798ef032dd6c5d5348,0,normal,
e566f7d3577641ffaef48ddf394b54ad,0,normal,
2a65a2587e864a36a12b9974661f3c9a,0,normal,
e4f3e4f58ee6439ea0c881cb0cb15ad8,0,normal,
4b84feb73a2f4d4c87b9cda326b2dfae,0,normal,
b2375e7ef0114e0b9d0ea09807595bd7,0,normal,
dca3ec69594a4734ad1254c435dfad13,0,normal,
1f0266350c6a4a949f93e5396f196c45,0,normal,
d065f4c6209b452dac26b6942b0ed976,0,normal,
8c507ec631894354a32e1fad8c1c8e94,0,normal,
cd052e5419a74a8abaaf8e047267474f,0,normal,
2edb88257f3b478c988798a2a8a233ea,0,normal,
960e758cedb241a08e421b82836b686f,0,normal,
cc55ee28d7d34f6699be6825b6716ca6,0,normal,
46d7cbb123744bef950c635a9e191a94,0,normal,
58f789f143784d3592f76dc1606aba05,0,normal,
401573c8888141aa94fb264b806473d5,0,normal,
142915c4ba824944af3852ea22de7453,0,normal,
b0e04a5d79cc43fcb03c139c2a5574d4,0,normal,
6219c0fccad84a848d5b1ad6219c7d55,0,normal,
3f06c18d779c4ddcae0c6bc8ebe30a3b,0,normal,
e3ea489dac94427daffccb6d775875a2,0,normal,
f078825b75e542ca99e5e3318642a935,0,normal,
023bd69bd5a54b55b90209ce92cf0aa5,0,normal,
824074d7556b4071a628ef1b5cf7ac00,0,normal,
61e95aab001a42809c5666286bbd6d6d,0,normal,
6a09dced7e7746a6b59da57f9f7a19b5,0,normal,
f9ee5eb4df564e54b3a21fd3a171c668,0,normal,
6b84ee2cd2534b28a850c6cedff2adb4,0,normal,
e337233e863547b3857cef5a7fab13a8,0,normal,
7c9c460900d244d38fae4e1ac3357e06,0,normal,
bed035658ed84406b0785ca0d04c901b,0,normal,
90fd7b3fe8b646d3859d3e3e7a34437d,0,normal,
9d82ecd334f842aab8d26b91c00f18a8,0,normal,
f610d8c7b68c4483b80fa122d8b45dae,0,normal,
bc844525db5f4d6c8dd5c86eb3af3c33,0,normal,
f7a716957b394d59a0b7597e365f9a3d,0,normal,
48e0169bf33648af8e777050cae9d418,0,normal,
730b928f8a0844d7b2273b4bc2fd147d,0,normal,
209ab9436e0f4b5b9b9bfc3ac73493ab,0,normal,
7875be4f69dd4378a681b0f51cd18b7f,0,normal,
8a33ab27d218484a93c1fc6e8c12f088,0,normal,
54c36f0e31514f98a121b71bb2beb871,0,normal,
c758142dbfd645a18203d567d6bdf0cc,0,normal,
79f4d50fc2e64a0892ec23cc3893d6da,0,normal,
bd05d472cd0448cf92a8f051a2f2ea69,0,normal,
816f0af993bd44ffbaa2c2b579e90194,0,normal,
564d7ee830284428971e19a4c2421f20,0,normal,
024a8874f17a4236a265d72f4ad911dd,0,normal,
ee436bf19b9947c29e82fa120a83883f,0,normal,
265dfc8bdf1b44d9b9b0951c95dcdd84,0,normal,
60ab2308a6ec4bcc88cb1bca62675915,0,normal,
ffe6026c27824a5ba30e75440c0879fb,0,normal,
11d38c7e27474f3cad16bcfd826f86f0,0,normal,
718715e2cc22441a802879f1e2b81766,0,normal,
7906fa58a1b34ad1be86740f7b37f7d8,0,normal,
8bd3f2588df747a6b9287047b7534cfa,0,normal,
5ac01e81722841f28817cfd6eb2f6d1c,0,normal,
57aa2737a02b4663ac9aba2834bf25d0,0,normal,
8ec2b6a394b94c29a7b31cc3721a245b,0,normal,
9e9b41de1e0142e08708e7f5f00f28f3,0,normal,
afeb0e34153c4c13b7eb9193f53a78db,0,normal,
5e6ed06142e34d6daa347f3381d06aac,0,normal,
fc8a376df8ef4c5f8d576400484092fb,0,normal,
a73913e32b094d688785eee008905064,0,normal,
f67ac680561f4f5ba5cc8835bfffb9fc,0,normal,
ab62b21a3a444e2dad70ef608ab9307b,0,normal,
3ad50b3ee8804d468096dc6f2da6c01f,0,normal,
3997918944894720aafd2168a1ed93c0,0,normal,
56ea67d277054a1f9595686e3649e719,0,normal,
660e3fa8ca1745cdad364d2078215640,0,normal,
4ed85e23aaae4e599b123b46ce66728c,0,normal,
5ac84666389e47fc8e753b6475fea896,0,normal,
cf302a98c74e45b5a6a642e230c5a3f2,0,normal,
ec98695c07d64e69ac1d3c3a977eab2b,0,normal,
0556d67a470049369a3e6564727b22e1,0,normal,
8b5f6166285a4ebab8018df29cc01a7e,0,normal,
94c4392f516946bbbbf8ae6630dd4612,0,normal,
151c0792ec5f4b25aa529c3ff839f739,0,normal,
861de333f0ea4c3eb3603df04f554c5e,0,normal,
9513cb01bb0f4037b9d249d9b84643ad,0,normal,
79cccba991d248b7943f365a1125a12c,0,normal,
802c09847406423ab662f163d18941dd,0,normal,
004e92e0d7f243eaa8f2c8df56a6a530,0,normal,
a038ab7c959b41dba71dac1ba4d4350f,0,normal,
637d47837e6e476395bef768a9877562,0,normal,
d2529e2ac43e460da6be76fdb240f0e9,0,normal,
9f88caa5476b4607aaaa9e55fb4d906e,0,normal,
e8a2e0effe10414dbc4d064f3ceedcf9,0,normal,
0be4b4b7bc6e4c4ebad8cda8ceb1689e,0,normal,
dc96b94733e04e3e8baa3f53ab2ba641,0,normal,
4864e10140ba498190a5cab8c8382ea4,0,normal,
a6edd61001f44a29891e9be07ee83cb0,0,normal,
0b161b80fc7b4ed3b92214514fa544d6,0,normal,
713ab21e04d3422abe37945cf37b495c,0,normal,
8e96b0b66e6346d79301bab901ea90de,0,normal,
ff33989e4ab741b2b3fb5e64ee7f27f8,0,normal,
8f96711519d74974a60cbd8d044fe7ef,0,normal,
060ab946ea7e4ca388d6cc0dfaa6789f,0,normal,
669f8103c2e34f5792076cf2061b8260,0,normal,
954e3031746d4282a2c91673a0045d97,0,normal,
a5378881156f4e9096d1469427cdf308,0,normal,
b6f19aeb80a147e4bcd823ff22c5c8cf,0,normal,
4353f11920b64652b18b29c78f96718d,0,normal,
4c7ddf0dc03f405d94d5b83c9f7a4aa2,0,normal,
111ad704da9b43a9a67c1d6279eba4d8,0,normal,
6109697eb75b48c2b8bb9d3aa783d5d3,0,normal,
5ac0c8e7607d4b2d9428310ee5bd535a,0,normal,
732ce396fd6840998c8f6efb81525c71,0,normal,
38cb434148244fc58270e2e5066fffcd,0,normal,
07be485e61e84d56ae67ba37a20c5518,0,normal,
f5b16293382e423ea5407096f46a66db,0,normal,
f0ce20463b3b4ace84a2915c26878464,0,normal,
4bf61ecf3fd849b08ea400cb9284b771,0,normal,
dc7f89d57d6941f18391984cbd6a38af,0,normal,
f5dda59dd3c74bdfa6a3fc1792e19510,0,normal,
ff48843f283949e792d4e690fae4a241,0,normal,
a3e7464b35224cb79291b88bd383510c,0,normal,
bb76442222124c82a8d5a346b9e18638,0,normal,
1496bc8640b54f0292bcdb214759ea35,0,normal,
e6f5f4846f9e43019a4c2ef9af9f2603,0,normal,
252b6ef6e2da4554a01b14d5bd985591,0,normal,
ef517313196a49ce8725ea169facb371,0,normal,
6eb6b29496d84bc1a89f3868c43d0c0f,0,normal,
6dfcf6d758ca4ca6ae7ef48959c48c38,0,normal,
82d043c509e04ff78536b8fe1e0aa815,0,normal,
6e97c02e4c264c7f946e5aee4a34c506,0,normal,
b0e0f38fbe934635914013791f793d57,0,normal,
0868681e2257414abcfbd5ae82ae7e28,0,normal,
c3a636a8f2ac43d5b05668e1ec6ce24a,0,normal,
fd4496ce3bd8442b89c002866b2b4448,0,normal,
8633c122759448a2a278cc5015fc44b4,0,normal,
96b65251a1094ba298d0d673b1902712,0,normal,
26a82c2027694a9a92f1721a227b3ca4,0,normal,
38b4a77ef44f4e80ba69b49451ab4800,0,normal,
6c064193b4784e968ee37890b3005344,0,normal,
dcfb6fbbb2644f94a8797d7d4df035fa,0,normal,
70af3a0b11524527986d0032531b1b86,0,normal,
17f2f6c27da645e380bbc104d25fff34,0,normal,
fb731ac70d4245fea7c9cc0b524c0c2a,0,normal,
b06be572f9154199a8d5f9e508a849d5,0,normal,
94212bcef7a94494972c868cdcda1cb6,0,normal,
d163b7d9577c4cd09701b578a62bda76,0,normal,
bb60499cca644fe9ba0a698a41f33f14,0,normal,
467e342ad3934a52a6edb1c44f3c48ae,0,normal,
708fe8c2b9b04e1cb87718eabae4d960,0,normal,
dc8bf579d33148e2ae36cad1c37d4a46,0,normal,
9f6ff5548448431d9644b1928edc1cac,0,normal,
b68c0cae60234a269cf0c5ba54efa38e,0,normal,
08173d2047014239a901c0b17f98ea4a,0,normal,
901d25548ef0495d881b5845adda9bd6,0,normal,
4f8d23c8a52c43e586cc4852bd27c8ad,0,normal,
567d0739f29a4a60baa1b7834b1f229e,0,normal,
0619c6d31bb847bca2244f93b49c0d47,0,normal,
27788b86867b416496444a9a1a2cc2a6,0,normal,
a3198b2c9eb241fc8d5b8b99f49830ee,0,normal,
2a9ac768d6c44a7789f469364e3ca7c0,0,normal,
6964eaa5fe9a4724ae189854f9091d61,0,normal,
618b901097a647b0b4a021edc4ac0ae0,0,normal,
197bd5a7c0e0458d9378c2f33c7960d8,0,normal,
87b83d0096b04069ad08b6217636d677,0,normal,
d965876572274bfcb58b0b9142cb01a6,0,normal,
d0dd1f82438f43cc8c0046dd0aa3dabe,0,normal,
e2f7e831a5634bfb96c2840b2fa0217c,0,normal,
33f8ec7495f049308d6845ee3b4653a6,0,normal,
cb6dd87610a04e7498e4fe3d975f0196,0,normal,
47c40220c7cc4a7b85fe4704a2d06fac,0,normal,
0d6519df8d604438b8b1d34c6e8d79d2,0,normal,
1b9067e12faf4d5493fc03bdc53056e2,0,normal,
ac962c30940841488a16e52066842a11,0,normal,
f460c4fac5144fffb7cc46c973c62ae7,0,normal,
edd5015dbccc406fb42e350565d0bdc3,0,normal,
b0945a3e05284899a0fb947b8b24baca,0,normal,
213888dc44ed443593b19d1b39d10b9d,0,normal,
ae5145025cb44151b83b178f0077c988,0,normal,
97b04844d73f4981bb1730cfb40b1ef3,0,normal,
05be5a3f72594183b8134a13e05244b0,0,normal,
c8165601fb294d6591a39603af2ace26,0,normal,
be44b893ae364644b7854bf7d1fd9740,0,normal,
e85fce712d334ee59ea2f1e8e3d6ac82,0,normal,
88bf07e724d7455ba22de69342359897,0,normal,
bec315c5949045bdad594f07d16d9140,0,normal,
47c4fb6175aa46558672b07c7c226ce4,0,normal,
b2da568753244f64a335fcfde05f5116,0,normal,
a62782aa80e84949908905e6688b39f9,0,normal,
c53c8d7a75934cfaac2884640121d905,0,normal,
e9334e29e08649fa9511ba87951716b3,0,normal,
5e2719447df74aa3b833dddffbe009e4,0,normal,
42a2ede83f0e496cb7a185e69aac6027,0,normal,
b105b80ba91b4cca9215385cec3224a7,0,normal,
48b0191c27944e3892c1617810f9a6f1,0,normal,
3875106363f945238df91851d75541f1,0,normal,
5ef44fc7d9c74b6db9e45e24500d5fd5,0,normal,
b2f5b50eaf99408fa47fd64da36165cf,0,normal,
1f6a839a6c36431989f07d903e803468,0,normal,
22a29e96221144ebb3a7a53032518bab,0,normal,
1e410c5672684369a1f2d113c4d9d493,0,normal,
5da94cc23ef146fbb92a9c74908ef752,0,normal,
a30193a4a30a461eb0507eeb574fd0a6,0,normal,
3717a1587a804b55bb699b5be0b64932,0,normal,
7741d20cbf644b62924b24dc3d47126e,0,normal,
fc62df47a7f54d23a78fafdc735a47eb,0,normal,
4540c28097e243da86a03fe806333e31,0,normal,
d46540a3734447789a20d09225e8fb0a,0,normal,
2cfc781788034a8d858d777217ccd71f,0,normal,
f921076716a54691941334bdb219375f,0,normal,
677a1a403b4b4c928ace4fd9977869db,0,normal,
9fa5a02896d74629a702ccc57544253e,0,normal,
39ab1345dd33417f831fa8bdf9d022b8,1,ip_hopping,iphop_533
23f9b2f45afb4683ae9c31b5dbf2dc81,1,ip_hopping,iphop_533
a1b3b622404d4991805bdb4a8c60d667,0,normal,
e5cd94f378ac4992a3c22bcdb3d621d6,0,normal,
3ca798241921405290f4802c40509161,1,ip_hopping,iphop_533
6168687cf5b747e7a1b5ff603e65ea3c,0,normal,
917ebc0165ef476bb4b523373e1a51f3,1,ip_hopping,iphop_533
cdeb6efd1f5941fca25ba0dbbd07aee0,0,normal,
688b336595274ae4911c3a4928bde3dc,0,normal,
419169bf193840999ae7e9ddb7a1282f,1,ip_hopping,iphop_533
10e0026130b24aa5bc823454a8fc054b,1,ip_hopping,iphop_533
273649f85599493db334782180ca1da7,0,normal,
df8ab8ea367f459faf71e2475a69caeb,0,normal,
813dad19900b4db98c7ea8405decba72,1,ip_hopping,iphop_533
05c324274a4f4c8a85eca297dd28bb4d,0,normal,
36b6b4f4e5a0421cbb898fcb3decf308,1,ip_hopping,iphop_533
7b706a3ad7bd42ed87b7a2cb1f6af901,1,ip_hopping,iphop_533
23eef45a7eee41ea9cd7eb66d2b22a3a,0,normal,
85b9b766de2148979553221f0d2c0d97,1,ip_hopping,iphop_533
1195dfeacad845e3b39b7fc3f5edc2e4,0,normal,
14d4166f63d44b5c9be687267a0ac0df,1,ip_hopping,iphop_533
45f322f200044761b2c111c9c373c8fc,0,normal,
15362608b3a24fc1bf42f39aff96ec05,1,ip_hopping,iphop_533
6dfcd39430c84b55b0879071fb36abd7,0,normal,
e689434265584f8bb2821b569d457c4c,1,ip_hopping,iphop_533
5062943361ae4e9e8ef8de7d939286f8,0,normal,
c2eab96b9d9f4464ad8d5c0a11ffc3e2,0,normal,
d0d8eb8718b648f5b4f29529bd983925,0,normal,
7a673ca351f748059bfa53a442afc44c,1,ip_hopping,iphop_533
b25d10d050fd4558b27d16beffc3be2f,0,normal,
7dd666cc45ed43fb8d9aa33b2c1c0aad,0,normal,
08a848d629fe42b0aa5a60ce65771b23,1,ip_hopping,iphop_533
694f9579ddb84cd89dd31517feb698dc,0,normal,
ce333645837f431f9f755b0f045fc97d,0,normal,
6d4ea4cce6e6494bbca2013568ab1ef0,0,normal,
2eb9bb040d9a4af792c4915afb6fba3e,0,normal,
b91b77ec666947df88743ca16387a868,0,normal,
04ce492090b4436696d87ba385953d0a,0,normal,
f2511cca9bab41e7af2bb3b239a145e8,0,normal,
e055dae0e6134fe895f9cd08c0b10de0,0,normal,
1d734d9bac2543879e8af4732067a8f3,0,normal,
a42ac3d2ecf24de0a819147d8b6596ed,0,normal,
54e3d4b06cb04048841223cb21daf35a,0,normal,
c1375600ebf2483ebbb06d2977d391b9,0,normal,
d435920f96d84a488802946b1df52fdd,0,normal,
ebc9d136709d4db0b7af71ad4f6c3c8e,0,normal,
01f35a4015ff40238c38161cc48648e9,0,normal,
f35bb67b16b64911b8e9f2d2cbfcc7f6,0,normal,
8b3df3d8bac14723a3d02640a502561d,0,normal,
0081d5dba53c4f6e90dd63e805dc38e0,0,normal,
0f036529fede4bc79e1189dd22b2ae60,0,normal,
f04ecdb79ab04284b3ee419fb5afa0b9,0,normal,
3c958b986dfc494b8d987b025d555b94,0,normal,
7e22737044644f3191987df1f296002e,0,normal,
03514612c762474ebbb39b5ed78d773f,0,normal,
a0273e9e7ee242baa115c145ec7f50c1,0,normal,
77db5590f6df4ed2bf5d5013e712b11a,0,normal,
ab3b430f37854438a9bcd3034fe93f06,0,normal,
13613bd9ca204ce29bfbada5e41721c4,0,normal,
a99e5049e6994106b741dd4958062d07,0,normal,
165e8c945adb45edafa65f89d80f55e2,0,normal,
b729ddcaeb5d41b39542a3fe0fee18d4,0,normal,
b185e525b8cd4e98a433d78e52fdda39,0,normal,
fed19d35197c438391e9aa1fbc37c05f,0,normal,
82932b70d2284071be03c0763edc689a,0,normal,
a082f90035ba41d897762034cd8c7d49,0,normal,
581d712f367e4af299e5ca986f1d63d3,0,normal,
4f2e4b8bbc0445638fd8ad5d17e9a182,0,normal,
8eaff2f73c54494c9fd65052dd9882bb,0,normal,
b591837654b1403085f5ae11f74ceec0,0,normal,
acd238f4c0364978a07848affd09186a,0,normal,
bc02771fed7b423a80746e73ec310050,0,normal,
38adfc326c624b11873208a7bc088087,0,normal,
89e227ac9862452f905571ddd41c70f6,0,normal,
14794526c8154adb83ee66dbbd75aad9,0,normal,
62916ee29a044807979370c02550c781,0,normal,
a1b4a1197f9d43cda2ae968eeb9c127f,0,normal,
92367d9b8cb34eccabfbc612a0249c5b,0,normal,
1b2363409b3a414fae5f2504cd8fddc7,0,normal,
9999cdd86cc543bf80b4af4a8ce8f46e,0,normal,
c5795b9dad1e4915a7e4a657b80c4039,0,normal,
4cb0219a30044524b85e30a35f1d8440,0,normal,
ed0cc5ac94b24255a449c7f4116b019e,0,normal,
345df7e7b5994b2388cbc2f55f05e747,0,normal,
9d6646c59d5340ff8a81e84500f2cb89,0,normal,
2fc6f681352943b899aa43384d222c9c,0,normal,
635bb1cce239482aa1a8b723d93b31f1,0,normal,
670634d0af8c499e97f1f697bc4e679b,0,normal,
128fe148a6de4c68a54983c5f1214f77,0,normal,
70195add594b4ebab180580608a9cebc,0,normal,
fcba2bdb58a840759d85e86510e89241,0,normal,
54e5c2177566410fa82289cb2e4fdaba,0,normal,
e4da4cffcd004ed7af04979d3a6f89d9,0,normal,
7685fe6edd0042cab51ac944d8c0aaf5,0,normal,
68752641daa848a8a1c81117043beef4,0,normal,
551a3a43ede242b08da305dd8a330adb,0,normal,
086e65210a8141188852daccb138cbe6,0,normal,
39929f165d7f40988abd5464403910c7,0,normal,
5e817863aecb49a4867523b670129ab0,0,normal,
71001c58900745139e2d1fa9b1ac0a56,0,normal,
b23ddc658c7c4d5b9ecec42131544aca,0,normal,
faffa639638a4e298a635b555b27d1c7,0,normal,
312e44cf47df456dba088f1bef0c61ab,0,normal,
ed93c99de9054ffaa3a0dc486894fb26,0,normal,
ada24e05cee7415c9b470b3e45c21b84,0,normal,
041c31d773f847e1bcbc79ee71b3d97d,0,normal,
f3b0af9fb4fb490d81199af2a9d41fa0,0,normal,
607ebc1a8b484964b8881f2fb776db2c,0,normal,
2481acbd7c294ddca9ba556c6351e5e2,0,normal,
0938ea98dd3a4886a3c39049287ba966,0,normal,
55572a74a0b24e1cab909f319f735626,0,normal,
873c3342dc3e4aff977e1e668d7a33db,0,normal,
b77eb3f670b748028a1f3f5435cfb2c4,0,normal,
35a839f615b94b8eb4fb89757f9c85ea,0,normal,
adc256e278be44d386b6d7413ee1594d,0,normal,
f414776a2e6b4ed6990aa6ce9052735f,0,normal,
1e0a19953fdb452495c64ab469f5da03,0,normal,
0533325a2a7f4d408fcfcb9a1b7d4079,0,normal,
0100f80eabc34a5593964e125e99f0c8,0,normal,
98c1e54dced3440688b49ecb7c0764c1,0,normal,
3db99cd68ebf4de1bf161823b97d6bc2,0,normal,
920201556a044f3eb3abfc552cf19d9d,0,normal,
df17f8fd34364f368f3073d8df98dc85,0,normal,
d00cb5dbc47f4ff2ae5fa73c6853a07f,0,normal,
808ed8c9d92f45fbb46d34006d75b2b3,0,normal,
13011043b58c4c7094307f3430a06f8d,0,normal,
cade917c87224a658a181ebc922d03e0,0,normal,
80411a81507145b0a7e1eadcb8067974,0,normal,
659805b8cf18486ba3c1ca9249af176d,0,normal,
583790868f444616bc411c2f2ddd168e,0,normal,
adb03efc2f8b498994cc1d6d8c7fe9aa,0,normal,
1d1a276f3f5849b298372d3708392ac5,0,normal,
68dc7f59d5854b298bd27f8d7fdbfe82,0,normal,
26465b1919064ff792a5bf27ec6ab007,0,normal,
e40d96811cd44809bf2be0400384e5db,0,normal,
ec2b68b49a98449e87a26dfeba17dc1c,0,normal,
a36a4f87df894b748bca4b2e018f8176,0,normal,
eed9dd643ff94ce4ad572602331401b9,0,normal,
74e1084e293d49b8ac5740df0769d546,0,normal,
248f7e9bb2be4c8cbd5769d1dcb05d8d,0,normal,
a0588cb039324c11be8210d22f81ddea,0,normal,
bbac8a9a8861456fb68dc78a2d1f49b6,0,normal,
787afc168fea4fce83aaad703ce44f59,0,normal,
b7b664bafb1f4af291f521edb1929da0,0,normal,
3a51fb90735b47d1883b581b37045322,0,normal,
c02e78427392443fbd77622a03c74908,0,normal,
2dcebbf0f6484ef897ba4841881c8a59,0,normal,
b383f537c0d94fa29c931115065f3275,0,normal,
8b4a237e310a43f38e4c463993d0d858,0,normal,
538c1941ab4245baaa5461681dd55351,0,normal,
2ced9792f6cb471b8e0f3737eb4f0fff,0,normal,
61d93abbbb2048698081f885b63a9bfd,0,normal,
ca94a7e398fd4b13895ddb2d42a6cebc,0,normal,
6c97c91c19bf49ae8df509a56c9ce66c,0,normal,
08f8479e7b7c4d21a97cea1330647ef5,0,normal,
6cb6c9fa50b6496b901d513b738efba8,0,normal,
be8a2e170e8a4dec8ef0ead0fb0cc67a,0,normal,
8048b1f2be544548b442beea8465c7ff,0,normal,
1ec741c57677493f89d9b1d65d1f0bb7,0,normal,
9251be951dea480aaaba2d2751d67f4a,0,normal,
be2f705a57534ffa9a7a1c17f7c57974,0,normal,
5ab5675d69e4462fb2e31cd90a7d783a,0,normal,
36064237ffc54bc7be7938f7bbe28653,0,normal,
1b1392138eea4002997b0b003ca4010d,0,normal,
68f5ebd661ea41aca80848007ce880d5,0,normal,
ea7b5376c01c418aa71347d25264356c,0,normal,
b0e69b9c2dba44769400fb820803f35a,0,normal,
0998d23ff2684977a97644cc330caf84,0,normal,
87a2be5d88964aefab3da81724c1d91e,0,normal,
40f7024860ef4be6bfdeb39467868a4c,0,normal,
6bddee2686874a38ad78e7c4158e37dc,0,normal,
944c8440c6fa440eae71d5d3e46be028,0,normal,
3d30f2e100304b04bff221ac1a7c5651,0,normal,
f5d7c7703a4e4d2bb06560c377bbdc6a,0,normal,
66d738c1d0d14a9791cf9fc28eaa7f05,0,normal,
09fee8d443034eaa8dde2403c71e76e9,0,normal,
be9ffc4de5b445b9adb19448a68ff7d9,0,normal,
9a3a6021baeb405ba331896dc40b7604,0,normal,
6195f2148fc248df874c4d0a62b95bbb,0,normal,
845e949d39d442c4944b59281f104635,0,normal,
a5e59ce7db2a436d90ebc136c08d796a,0,normal,
6a843ea930044dee92fecac226f1f981,0,normal,
91d1734e8c284245aad8cc52f5571d9e,0,normal,
5850a1ac4c614df1badf38cb382d98d5,0,normal,
d0cb01ac79f64fe380bcc5eab983e907,0,normal,
9fa44125f77c44f9a7c0802cfc96b28e,0,normal,
8d843c40fdab4129ac72d34e8b5e7c52,0,normal,
7881be102cf14f47ad4a3fc0b3a1184c,0,normal,
aedb912fcd554385babd15091be76bfe,0,normal,
c6b49cb69c1b425da8d6463504684db0,0,normal,
48bf647f665f4ae880470e5a8ffec8df,0,normal,
c86ebd71802942959881b7a148bc3679,0,normal,
948e6663184d43d09e55711810757450,0,normal,
5cc163a6db0244efb045a9d028307a3b,0,normal,
ca6085ed2edc40abb1d71b3184498fd6,0,normal,
bbb1037fd00e4534b764f91a11acd10a,0,normal,
20fa71e62dde4212ad342c7aef0cc32c,0,normal,
36665ba86a494633a42b8298d6a32a3e,0,normal,
0ec793b7cf424de19fa5ba5741fa6a70,0,normal,
7485c1e0202c4d5c95fe06d83fedc257,0,normal,
8fc54f5c93f544989e1a65169e7fdb58,0,normal,
100a295994434d5faee494999d20e4da,0,normal,
2a53372aa33e4ed5b5598fd6f067a0d4,0,normal,
5230cd5a73724566b8ffc06d0daa55eb,0,normal,
1e05909175e64657b688abc3918af510,0,normal,
7dffb1f18dd3480cb2232cd2e9324e04,0,normal,
c70c3c86c3484595a54491f3e0a34fd9,0,normal,
fbaf2e9a2e7342c8960fd6874617e43f,0,normal,
12447b69303c4e5799a8dcd6326bd8ff,0,normal,
30063337264143a3be0d6542838a84a1,0,normal,
67ae947e557d4c3283967955aef79505,0,normal,
e30c65059d0040ca815b18e7520accfa,0,normal,
1b9d7179b5744269b4b5b10c851cc785,0,normal,
fab487a2518f478e830ec814872d33d9,0,normal,
0dee346202354bf297bddc308dee8b1b,0,normal,
b7c78704ac59493eb8a7d29f4a360a67,0,normal,
863873eead654fa6b2e928eac2d14c4d,0,normal,
6bfc63aa982f492f9d220f435826d4a3,0,normal,
d68490b9294d457c842dcf497efa4a96,0,normal,
724aeae298ad4b759c8eb7881ab02039,0,normal,
2560a79dce6e4c6781ee52c09515e1e1,0,normal,
da921e537cf441fb8fef5c5a93692f0a,0,normal,
419af7942b9145e58999cfa39d890358,0,normal,
92ae06b0829945209825cb1cc7886299,0,normal,
2d6b2906846b4d62ad5653fd88787f6c,0,normal,
42b5dc1843f546fb8de6f23baa5d5bca,0,normal,
f28fdc29280e4320b9e36ce0475dc948,0,normal,
1c5d1083bc3c4af8a06ed13ece40e07e,0,normal,
fc58e208ec6e4655b58a61cd40e22e0b,0,normal,
13baa8568ac1423da13332bdfcba9c7e,0,normal,
215924c738e04dc6847e8d6a4ac891f3,0,normal,
aa48a79a2edb424e9dba15065739e224,0,normal,
0d14baff02404e4b93664db7a011fa31,0,normal,
d6eb9be8af094c3d96ebf22d6fc2d502,0,normal,
a353f394bbef4623afa06c50c8037961,0,normal,
68cf0dcd28c9468081bca6d86acb9d79,0,normal,
3fd102f3937d41dbb035f1fb8fad8d8d,0,normal,
a62d643ac0ef41d0820c41c67fc2bba9,0,normal,
b04b59c2ac7d422ab264a6173749101f,0,normal,
551e7dab22bb49f88b5ed561098026b4,0,normal,
aba95a910c234ae9829d3ad436f48587,0,normal,
a00d5f080dc6484ea0e3d5efd2214ae8,0,normal,
ce9151b7235a4940b10f273595baa8d0,0,normal,
abaeec64768244668725cf3e2c55ae21,0,normal,
4244a829deca44c9b4d50ebd5f5c081c,0,normal,
b45569efc3c342a4b99284736d7cb7d7,0,normal,
c026b7b72a454867a53ec08d6a5d304a,0,normal,
4b2e2c8ce97544f09ff9427ba7e95f68,0,normal,
73cb2f02accb478891dd1caf7b90880e,0,normal,
025fd5f9b7b9431a9dd157fc0ba897aa,0,normal,
8ba5aecaef954fe08e2f8ca941d5c36e,0,normal,
e90cc85f578f49d2be6d04425f618c53,0,normal,
dd8656cd7f4946d297d441ed220ebf50,0,normal,
4fa813d4d9da4b08bc0411d76c72be97,0,normal,
d28119ebfc9b4fb4b676dee91ac057f0,0,normal,
c0b8e974b09d4c379f650ed5b72257ad,0,normal,
ff878f01103c4965b96dc39cda54fabd,0,normal,
2204e200e5534e94b982da8ed7bbf9bd,0,normal,
5b3bb73ba997424695815b98f439e7d3,0,normal,
59250a1c66684403afb8acba26a38908,0,normal,
6155f84bb05a4de091b94247db200556,0,normal,
33abfaa37cd3426888b4330fc2543f10,0,normal,
74336b15a1d14587aa4421f6cbc91084,0,normal,
520a45a421d4430dafc5e175b0d3f586,0,normal,
3233b92e63e9453cb35c3cc027089986,0,normal,
445a12d1ea2e4251b4c4cf4bd7a4b16a,0,normal,
66d01d78c14d496097c4c36f263c5e67,0,normal,
32d8b2a26bf5428ea003fc9401201b69,0,normal,
38e905161bb447a0afce76151f554c44,0,normal,
6e22f726eb6e4597913095e08b6f61ec,0,normal,
9a70cdc7cc834bb5a4289506a7dcc1bf,0,normal,
c229efdfe8b04b3a9f53c3a3fd9dd22c,0,normal,
8b6f7521616740948bf689596bad2bf4,0,normal,
a583f36a534a47a484381108d2b7e637,0,normal,
118b3075f9ab4b299c25eba2efd93d8a,0,normal,
afd587f5a9424932aaec90e77ac13c1b,0,normal,
f75db642032447fa8fdcb73d21d99d13,0,normal,
38f46d148fb747149cd3a5ad3728af84,0,normal,
168b4fc29cac4f0584f8586b4227e519,0,normal,
eee0994ad49d4af8a5031ce60daa6e83,0,normal,
34f795a204ad483aaa4407fc5f7a45ed,0,normal,
819b963e3c3449f589cfb9ee74f42698,0,normal,
1a529f8b6cf14c0b85815273e2ddf409,0,normal,
209d3e08702f4cf2beea44fa54c23f24,0,normal,
b16fb0545c1e43bab49051fa31aaec5b,0,normal,
60e0e71c617d43a78acbfe8f9d56c3d8,0,normal,
11614cd815a242c19f5d01b9da00b26a,0,normal,
e707d7c9497042c09a007361c8808722,0,normal,
3a92f1c43fc542a3b40c0029f75667ba,0,normal,
1cc1ae12f06943499abf3425fc6d9fd1,0,normal,
fb5a7ec2b32a49f7af6c02d993b3d4b2,0,normal,
877ab3360cde4ecfa85b1382f967e1ad,0,normal,
2791c957485647ce97512eec7a2f36e3,0,normal,
5ff5b748912640d29ee15ab5729ff907,0,normal,
79c05e59e80a40afa1725a61f5994286,0,normal,
1441781d6f7549a2a3fc1e246d91490e,0,normal,
42270450405e4f1d93ec577aa9dfc784,0,normal,
25c0590f04e946b395be6dd220c9271b,0,normal,
ecb89ba74e2d42dda49a3a5fd27944b3,0,normal,
b3cb2802f1c84bca961fdf9c460eaf4a,0,normal,
1bc2a443d8364de09a50c43930a4778a,0,normal,
6626a2674c9e4ae392e6ea5651c7ffa5,0,normal,
5ae0073c37794f60a7f22bcaaf1733dd,0,normal,
a352a76ffc6c42b7a8e7397394f47bcc,0,normal,
0282e384b31242fcb4ac17570f531cc4,0,normal,
e52f24b38b0e4422b360b511ff51730e,0,normal,
78967e3e61074206bc35774a9c3d0e1d,0,normal,
422193ea9f3c45ceaa4c45e7ee4d1d1e,0,normal,
3f45c19122c3448380068aca9f001b11,0,normal,
67722998dc80440a848665d2591bcada,0,normal,
47cef09f63354993a815adc9b073e77f,0,normal,
ab216d52b0bc469aacce3f2c01780a73,0,normal,
7c25909ff65d488a80a628a86b854c73,0,normal,
71efe71f08d04d039bb495d06690985c,0,normal,
4f9db3a66b7948e0b3bf25ec1e926495,0,normal,
0bb83d028e1944fd9fde1de41c1d5354,0,normal,
3c7ac48631594663b53bc54cccdbe4ac,0,normal,
50dab278a28e4d10aac6b2b4b80b65cf,0,normal,
e1068370c6b8406491242320b0978284,0,normal,
617a75a3ac01492a820ffd3a11faebac,0,normal,
b06ab787afe444bbaf4d2f062c4d34e8,0,normal,
04098193f012430591677699960d29f9,0,normal,
0d8308e4d774443e9e7567f3e4018b57,0,normal,
07e676e0e5fd44e29bd471ac97cb2881,0,normal,
2054b22dda2e4029b776011552c3ab80,0,normal,
5c3982b47b83488d9562aa38aee92ade,0,normal,
b167f3cd1ee14784922a1dab3e1e6cd5,0,normal,
bfbe879544104ae5abceda0f47b59442,0,normal,
cc8fc87ac4ec439c8d6626e09b7334f9,0,normal,
88d1f109d82940bf8122e4931fbfe22e,0,normal,
4b5329f4f18a4f40a1a1884e2af1ecc2,0,normal,
f914edc786bd4cfc9ec46e9e4a83c8c1,0,normal,
fe332e98ddc140dcaadadf5ce24ad9db,0,normal,
9f0ff5ff9a434dd4ba2203f176ddb74a,0,normal,
920fd355f1c940428000a08eb1f318a8,0,normal,
7371a987f27c49d88d2c51d3c6c29773,0,normal,
abfd309ab7ab43989b4376ddf355df51,0,normal,
38d0809dae974bcdb0fa1549771ee14e,0,normal,
92b4d5cb91824a0499295aab3e2a1351,0,normal,
35a79700e9c24add997d4ded525f110e,0,normal,
e8427cb83a064272ab65cb97805d00c2,0,normal,
bed48b1ffb0d4ca796d36f809de92d46,0,normal,
783abb48f16c49ecb0f39ea4861bb19c,0,normal,
ef70679454944be3a2ad6ab5de8bc9e9,0,normal,
b18fac0dcb4a408a979bf7e8b8d04c2a,0,normal,
d88397ab7db144569bb4c7fcac145295,0,normal,
86c38fb108554a2fa6e820b241e42a0a,0,normal,
909f969e2a2e4a84b44e123ec43b70e1,0,normal,
0ce4f557e8004b989649629f9edb7dab,0,normal,
4d229f1bce504c0fa87faf0347a9b4c9,0,normal,
7aa9776da1c44d079a1f98845f2201e3,0,normal,
d13867dece0847cfa6c9e5177e49aa83,0,normal,
85dbca941d204c3da3fb21f5c3e5b74b,0,normal,
13ae7d6782d640788f8ab318b3b1ce54,0,normal,
c88a8de1a5984873b15485096d59afd7,0,normal,
e426563bd58b416e8ab1b6c45285a279,0,normal,
83c71394f7e04ed088135093b8ea4bac,0,normal,
736a090ab48e4ae98984f1bdc3ebb00e,0,normal,
f818c2816cd34a94aab597a08c764c23,0,normal,
6366fb2b47e24cda8fdd6a46ea31a651,0,normal,
e945d5f4939d4dfaa3cd2430e786749d,0,normal,
a266c4d4813f46bd9b7b17285b466f20,0,normal,
3c12a56e7e174dc28256db6c5e1b4378,0,normal,
43065995f0434d29a00d8a3434f1c203,0,normal,
1bc58f8d94324774ae33570961a4acb5,0,normal,
e5d4d1da1c7240aba19928d628f0301e,0,normal,
de84fd4aeb80446fb516f2ffd8d7b510,0,normal,
0b4e8c1ca60347a79b82aa698c227f3d,0,normal,
e9ccb2f2112a44fcb27760b034acc501,0,normal,
c11f73476ac248559bf3b1425cf0fb37,0,normal,
b8d8bfb3637644ee9f07c5ffa34a790d,0,normal,
4184745ca5564287a9f726e1daa8ddc3,0,normal,
4e3655a8332e46e6953110dae8ab2cae,0,normal,
0e940903922441818e39b55707446610,0,normal,
a6038674d07e479cb624a4c9615daf10,0,normal,
99b9a21afcfc4304b1b2905d0d56cc86,0,normal,
f27936f05b4f4331a8533d9c972f7999,0,normal,
5e14145416794d6282f8737b5a3cbd39,0,normal,
61e0fe716eca4a138efcbb688b3c4c4d,0,normal,
c88b9db9e2ed4d13845efd2789f3e249,0,normal,
57e69ea078974f5092a6a5b929944234,0,normal,
221bec51f6de435d9a037d059ab09750,0,normal,
767405bbc9e54301ae8c117f52fb3837,0,normal,
602f011d97fc4b659e34c29e85c904b1,0,normal,
b840b2b814fe429aa2f054f41b58f01d,0,normal,
75beecde3735446f9d931f1982fd447e,0,normal,
a92e4ca395ae4052910d7a6cc8996773,0,normal,
cef35f87c1b34d139f0aea6a49ae1e31,0,normal,
cf407502e9c4479db66169850f9e37f5,0,normal,
33606d3155c449139b3c009c59dedd8c,0,normal,
fc5f08aada8d492591fd9513cb64aaba,0,normal,
914751c32ca94fa8889cd2eb1f6598e9,0,normal,
e2d62df5317f405d9872de13d132be34,0,normal,
5386326ef9344b7a92d1e2a75e4b944c,0,normal,
af75fff958ef45a6aae71ae64c1b5452,0,normal,
e87daa1e734043b2be7305b37baedbd9,0,normal,
790547187ed442f0ad275f39e904b8eb,0,normal,
5fcc11de9f684141918490966e9f13a1,0,normal,
0e097c1bc51f4aef91d7813f1f395e38,0,normal,
1700868200af408ba44bbf9862cf6bbd,0,normal,
e0986c11fe6847c9a573c04d200df31d,0,normal,
414dacc5eba84f1eaa3969c0241817a3,0,normal,
c02d981f77454d60ae1ba7604b104df1,0,normal,
229156c9dd6542f5b77be89788d7605c,0,normal,
56a3b98255e84e1bbba310e8c7f139b5,0,normal,
1a8125215eb6418e8503ea10b1e336c9,0,normal,
232cd582b54541b38b393f47a14ec8d9,0,normal,
a0f8735ced934767b47f1c8eeeb631e5,0,normal,
078530123d874b67a09b01573d80a138,0,normal,
4434c24710bb42b2bce0c7360df53755,0,normal,
5cab922048144dc89f9a54115feb597b,0,normal,
75fa4d714d65439c868b1efdb28cc482,0,normal,
97f39a0b0b674b9e807efd81163ded6c,0,normal,
a40fdc89d7f9490da1435664dff9c41e,0,normal,
479d2989a9c247009a4a5108e7572fff,0,normal,
0966415bfb964cc4ab54a40224728984,0,normal,
b2bebca2cf4943fcaff5b3123139e866,0,normal,
83fd45595e034efcba5a298df049e0eb,0,normal,
8a29718596f945cd9ed345ef153e60aa,0,normal,
a5d93b039da14fed8074e79017a4d9e2,0,normal,
47822b02605b4f0d85b3103dafc0434e,0,normal,
25d81076c42049ceb7c0e0adca1e89b8,0,normal,
df94709f2c5740e5a5cff2e87b933da8,0,normal,
0e802561ce1048c9b3fe6215f6e7b4fe,0,normal,
7c0315f4d323472896d86829b53a465a,0,normal,
f273504c509148038de3428bf3a310ee,0,normal,
003d9b680e374905a5a6c3e4e9ec0754,0,normal,
979bc9d63d1a4bebb19f274aa25e7010,0,normal,
007c81fa49924226a53ceb04c8e557f2,0,normal,
ea7f1c85e94447bda96cbcbae0913821,0,normal,
d524bcf05ff04aacb6f5eea5c43a04a3,0,normal,
913da2e717244bec9733998e639a1242,0,normal,
36516f8fa96f4ef29b45a50e607598d8,0,normal,
eb9dea60d769417da4392ad494070f04,0,normal,
169bb06c70724717a7d07259e761ff72,0,normal,
94c730c5b2214135833a511b318bb3f7,0,normal,
2f043dc1b12740329627b81c1a320414,0,normal,
659e58933b9d47048bc32d843730ad9b,0,normal,
456ef65bb00743d4b0e84f6f0e8c43c0,0,normal,
2fe5238c1c884e4c99a3b123dc20c4cb,0,normal,
73ffea593729497bbc97bc7dae99a9b4,0,normal,
29fcab83ee1a460e876dbafadeae351f,0,normal,
c8cec8e2b6744c5190ade19629438c8d,0,normal,
fa021daf89bc4771a8fd399ee1e2c3c1,0,normal,
4d194480943944cd80584014e58328b5,0,normal,
3c89f052e61b476c959febc89e5c56a8,0,normal,
0d7da3de388948c9be622e80c4c3062d,0,normal,
cb1f2079518744f085d9255e7463ae2a,0,normal,
55d31539b43a4abba081da173d9f674e,0,normal,
9687e661505c4c4c9204a6c5aa9d1811,0,normal,
739a23cf767745179aab0c4f5c72c6fe,0,normal,
776ec647490c47349962df8f11beedbf,0,normal,
28fbf85a7b034809ac4620210d3715e9,0,normal,
d00cb84586d7443d8e2583d5dd229609,0,normal,
828523e609814e77bdbc693020d78bbc,0,normal,
9df6d107754340df851dd66658695ba5,0,normal,
b53c398b6b0c47828a79f13408e0eef6,0,normal,
cd4d5aa151f7472b90c3f7f16f915158,0,normal,
1711be90e80e416a9e4a834f3281f347,0,normal,
0dd7151daed441e1b781012a26b79a04,0,normal,
4873bc48790440f482309c5e19409c59,0,normal,
41cc9120d01c4e658583788f8d4390d0,0,normal,
246c8114a5024caf8132e6206b9e6cf3,0,normal,
4db31aa169c14030bb52757cda934d17,0,normal,
8622c6a624fd4294b4c8053d68e97d87,0,normal,
5be9330b934244e783ef7b99903ad54c,0,normal,
1125ca94661d4883acfbb721656c542b,0,normal,
60d6496969bc4e43a7de487b27eddfbd,0,normal,
d5bf4f99f3db4dcc99b45d2fe2017ae0,0,normal,
ecf2e227af9f4c4c8883f3c8e52b4aa2,0,normal,
61d6dea5ced34898b5dc706fd52947cd,0,normal,
db6ad0526f644ee7b9db493c2c1ca3c1,0,normal,
10499b9652224887b90a68ab27ab9813,0,normal,
db50020763684147b51c4cd0665b2aa9,0,normal,
b94cc0f72bdd41449cbef30e890d04c4,0,normal,
3f136f0d97af43dc9780516d98bbade4,0,normal,
7208871f1bf54ea9b6a9b0ee090712d9,0,normal,
53f5a99ee74246a289acc3ff1f4c031c,0,normal,
e4b419c214da4b8086b9cdcbea4d8863,0,normal,
4bc1536193724bdc9ce2388297e43dd7,0,normal,
afa3d1a551894782ae60d935aa6baba4,0,normal,
44357a0852684556846dd3ac74646fad,0,normal,
90b725d009734f52baa40b007aa6f0d1,0,normal,
991c2f11edd44fb9839b03ec0a177212,0,normal,
f03c81b5097a4c92a10ff9a007785a25,0,normal,
bd8f96f3b9f54a67b3d6f0de62a8759b,0,normal,
ff7114d0b34b40b19128929004e56e53,0,normal,
6d19360f84834a52ac4f8a8c5bd613c7,0,normal,
f7062db31e544b1f93929e723e94b7a5,0,normal,
44e49b0a89cd41e8aa63f8b53fdf7773,0,normal,
21dbff607df34ceaa23a45967d809f5a,0,normal,
aabc6e2cc0e64a5491ea16adc9cfee09,0,normal,
de9328e780e8432cbe2b05ad27466a12,0,normal,
950903ef0904476a8f71665db7468cc1,0,normal,
db50c7115ab04b288693ecc1600bfaa4,0,normal,
a734653eef604df0a50b6900db29e9f1,0,normal,
c2f4a2d2902f4e9c933df9676dbec7ef,0,normal,
4b28b35f4bdc4cbb82b6b041eedb0bc7,0,normal,
60316c01fdda41dc8f582e49b4940ed7,0,normal,
fd5ba9b6712242589ff977ac0407c2b1,0,normal,
29c77ace40c24f20b3e15c3bbdc8f33b,0,normal,
6e1823d184d940fdbd6df32ec8311a4d,0,normal,
8b83cb2ce313450aad8a46db5a9f9454,0,normal,
41df099dfe044e8cbce4f5f0acf43190,0,normal,
cc8b65ec6111461db5facfac650f4d7f,0,normal,
980a5ef9d6e4472583605ce128fc99b3,0,normal,
a7d138b56b6a47d8a0893e6a460359c8,0,normal,
89e60697b6fa48a78b3fb7fc6f2625a2,0,normal,
9c384c6142c64b49b3d47434a1b44593,0,normal,
5f62dc00330f421f8299f685da7e2faa,0,normal,
ee7a6aac4414409fb265530e4dc89e74,0,normal,
5fdf53ce4eaa4389ae7f9409ac519d28,0,normal,
39b0547792374cd9b5ed70a62188f590,0,normal,
7929ba0e90474c618bf2d0fe5f6ac0a2,0,normal,
eb274b3b13ab4eebbeb53a1bba828248,0,normal,
27ec7666f4c4425990b302b03d13f44c,0,normal,
4854ec9ed5cc4ce39cc9300f8e184d58,0,normal,
f24518e614dd49e5b9b8aa7cba6c59e4,0,normal,
4cc295ae9c854f14b6470bfc403a20bd,0,normal,
56fd53a992aa492997c3856485e48511,0,normal,
bbd9660eacf2451f99637b302ac77a49,0,normal,
c516d241a4c04f57a6a5e890fdb95c77,0,normal,
7d6d1194cee24fdbab75fcbb6d0cd03e,0,normal,
5418c365288b4132bb0f9d5f61c905d3,0,normal,
c0e6b9b57ec64fdebeb897ebbd0a8746,0,normal,
a742a93d423b44d78bd34338ea5c0528,0,normal,
2460ea945b9f4993a74ad21d86950259,0,normal,
9ed1aba30e8d4d6d80feefbbc724feae,0,normal,
faa8dc1690844f15adb93482f693b2c6,0,normal,
5848dc89e0b647788044da824c87d452,0,normal,
388d867a6b0543409f7849dad4cfa9f7,0,normal,
d81db06895214a8f8589f8b530120b22,0,normal,
62069505adbd4672a2b5f762a98581e1,0,normal,
44fb292f24d64c1681b77d210e6d26b9,0,normal,
634101628a8c4193b1896d794e10555f,0,normal,
4f26a4ee10b74609bd8be38c558d80c5,0,normal,
f6e4b6d74d944134bcbae6b524049118,0,normal,
13a844513ce845b9bf7d0822c9d552ae,0,normal,
34185fe4182c454fb7328552d5850816,0,normal,
b89e452eeabe4a42bc543a5877554fc4,0,normal,
6903b7fdc2094249931da2f820b731f5,0,normal,
aae3c8109ffe48e784191538888f26d8,0,normal,
6bb755c26cf644d1a2827676a8b806c4,0,normal,
f4cdc91877c84fcda3cce930e25968a0,0,normal,
0b7dca27ff364dc4b65516b5662a07d0,0,normal,
ddda286201bf4088a13d38a25e643177,0,normal,
aae1215c6268425fa452eec15ac32c50,0,normal,
df06485525034124a41d7212186b322e,0,normal,
534529ed1b504b47a2ca49fa6be354ea,0,normal,
371d05d62dfa43988587835e9470e2c0,0,normal,
05d6930c8a7c4c5eb5e5050fae8d1b83,0,normal,
2a82f6a704af402cab14ee3c3a84408e,0,normal,
264d2115d87143cda013d89d7371ce58,0,normal,
0b230816de1a49ea9d7117936e11d61f,0,normal,
a4f0d36a2fc447cab4b5062412c37774,0,normal,
b575731e3ca44ed38da6b0d56ac2a7e2,0,normal,
acd133d1c37b4402a410a59def886366,0,normal,
1e2a482d62564c5b99f644859052754d,0,normal,
44dac25fd28a4a0c8b7f2147edd2662f,0,normal,
bb3a8abd20f745f8abb4434a8dcbe5d3,0,normal,
b53a09f1dcbe46e79933dce762e8d149,0,normal,
88bddbfd81be4e489ffa11545623a8b8,0,normal,
5889aab2b8254b5e996994c01bb71d59,0,normal,
2234c02a15ec4dc691fc9844759a63d4,0,normal,
dcef2636fb9d429ab7f13cce6a9dca0a,0,normal,
733ac07872d043a6b16f185ff2e0afdd,0,normal,
0234cbe524334439a1a484c93f8427a7,0,normal,
d3b55c70b66f49e78bcf3f9844c2b803,0,normal,
181f2929b2a74da6be0d9e2a07260f4f,0,normal,
603fa2ccaae14d509d98f8ce78f36ccf,0,normal,
a4c0e0da4e3f42fdba73ebcb0c0a2e1c,0,normal,
7b236c9bbd2d4afd82c84c099531a03f,0,normal,
cb8711549bf044aa9cacebd92d7b04f9,0,normal,
53465c4e8067448dae188063d53c9eab,0,normal,
501d60be30da427182946aae3ba1a9a7,0,normal,
80bc9e9dc1ff4060a03a6537aec67296,0,normal,
78b295969b3047d7858af045f696f64b,0,normal,
bd94d4a7b25646eb9b753ac197470c64,0,normal,
c8fdbaf0798e44b59260f348c0feb035,0,normal,
c0db713bfccc445598ed1d3f5668d6ae,0,normal,
344ce96392cc4596bd0e60c8b50d62a5,0,normal,
80611a1fdecc4cf1bfba9f7579537648,0,normal,
f1a0dd84481a49668b5b447874c2c42c,0,normal,
1b032d0e95d3454e9149eaf443fc780c,0,normal,
97a2c798ecc3408d86c328ef8d9281aa,1,structuring,structuring_86
9c4b45ea365a40dd80659e69e200352e,0,normal,
c2f87f57337749ad80ec2f874566b24b,0,normal,
94a571d899924530a3ef6369634dda51,0,normal,
014e164780b54e578394064029797990,0,normal,
a370b87d034748f09281c1a230f0c642,0,normal,
c2ae3000e92d42f2b7a517fe828ab548,0,normal,
d315e2b890d441688a86fe8fa1710df2,0,normal,
3579b8b5affc4e06bcde0a008af8c112,0,normal,
6b8205dac9fc4b258ee56321282f284c,1,wallet_reuse_burst,burst_32
94ef4cc2efa3471e9aaf55fed5dc72a3,1,wallet_reuse_burst,burst_32
c4b78befd8d044e0ab58fed7245132a3,1,wallet_reuse_burst,burst_32
b36c006e3a5f43f083f735645e043585,1,wallet_reuse_burst,burst_32
b2f16c57b86e45b9ba57c53767255967,0,normal,
957f376c95e24ee4b4ca59ad38fc6f36,1,wallet_reuse_burst,burst_32
dc4f1c10513d4a54ab2d923189198314,1,wallet_reuse_burst,burst_32
60e9814bdd0d4cd6a340eaa0adff8c78,1,wallet_reuse_burst,burst_32
732e2da184dc427c9819f1704693fe78,1,wallet_reuse_burst,burst_32
edd9b7a7966e444a9041cc5c125cf380,1,wallet_reuse_burst,burst_32
29441c23773241f387b06f69122607b5,1,wallet_reuse_burst,burst_32
b9c2a1d6befe4a55a899d92de9a98598,1,wallet_reuse_burst,burst_32
7e3942f6f29a4e9f80e4bc24f59aec97,1,wallet_reuse_burst,burst_32
f7d14c64270a49cf966bce7d3c791b42,1,wallet_reuse_burst,burst_32
8d2c6a1f8a4c467f8e532592bcd94232,1,wallet_reuse_burst,burst_32
88e10829763649768f1d4084686fc4c6,1,wallet_reuse_burst,burst_32
00dfb7e0c6aa4cacb7f992937cccd687,1,wallet_reuse_burst,burst_32
5cb302c965274449a0ca64fd6fcaeca8,1,wallet_reuse_burst,burst_32
8abc45b2b1c54cdebe1516895904a81d,1,wallet_reuse_burst,burst_32
053743283a7a4e14bfd6cafafd523579,1,wallet_reuse_burst,burst_32
1333f2bd344c43a3b6060d27240379a1,1,wallet_reuse_burst,burst_32
64126476a49546a69c8334a3fa2e4a60,1,wallet_reuse_burst,burst_32
5cbf1636725b4a70bf2f7d1377419f3d,1,wallet_reuse_burst,burst_32
2af188cfa7094b158530c4002cc11b2e,1,wallet_reuse_burst,burst_32
a71700b860c340df8b3d3707d7462ed8,1,wallet_reuse_burst,burst_32
6f9df18172fd4dbeb2ec815fb6718dd3,1,wallet_reuse_burst,burst_32
7fc9862906ea43b7aaa9750984f2ce18,1,wallet_reuse_burst,burst_32
48ac60cfb2dd4c21929405ecfebbcfe0,0,normal,
dbf11daf7a814237b7116a7592e29623,1,wallet_reuse_burst,burst_32
aa3090b11f9c425a94d98ba9453d1818,1,wallet_reuse_burst,burst_32
648d6fdb64a94e10a727b0e4047d01dc,1,wallet_reuse_burst,burst_32
c4e4b1840f8b4748932cfc0429276b35,1,wallet_reuse_burst,burst_32
25a5e23631404c1caf94487af28bca87,0,normal,
12d77bf287de47cc85b7aa30cc830c8d,0,normal,
85453a880afd4929aab9e4a1432bdf0f,0,normal,
66c3ce6fcfe64b60b17468b40f22ea62,0,normal,
29c9415e1ecf40cc8e819f43df8b8425,0,normal,
a1bc77ba8f414be187177c4aa69d1ebb,0,normal,
874606a824884c159ffc7f3125f3d908,0,normal,
bdca7ad2d17d4072bb00282568bdb7db,0,normal,
0a5f3cb1a569448b91f5ee31ac572795,0,normal,
a7dd96b6da9346b797e8cac4dfc8da04,0,normal,
51ffcb7b5d05497591487bd635e862f0,0,normal,
c370a60558e24289934c6f93b846b60d,0,normal,
16153d9ec0914c96b51c25ce53dee86a,0,normal,
17221e4c88e74513b798dea3c8f859ec,0,normal,
3a48a66f12b94fe5a6fe79924b6055e5,0,normal,
8d05195fd0794479a824f333db05fed0,0,normal,
7fd0fe929de54b1ba2dc4075aa4e204d,0,normal,
05e2a3c9b98b40bb930068aff9819e54,0,normal,
550f84914e2a4025bf0db2efc0c85f09,0,normal,
d55099c801b941edacaa73a8dc9e1555,0,normal,
310c4bc9173f440eab49c52737946f9c,0,normal,
188a01be769f46afb5621f9ba32ebe97,0,normal,
c02be3b007974b0fa48a1a97b8ca4c5d,0,normal,
875ea28058d74168a0bf7097dd01fdc1,1,structuring,structuring_86
f498ca0ac0c648c2ac3e565d4f384846,0,normal,
2a54757941df433b91c11b5e4955434e,0,normal,
8ca6ff131b334b65979c67524627e665,0,normal,
43a047114e554368a051b16cc440ed39,0,normal,
e7713c0273bd4448a33dc9d5093ae655,0,normal,
381fd04d4da04b2cb8dad74334b3eee8,0,normal,
378019914bf8437aa1b89f8c9c07842c,0,normal,
722c5b5afd4449f5bc202c4172062065,0,normal,
b7669f448cda4378a0d61cafc3e67f5b,0,normal,
ce3f23d89350494dbea55fe625eeec88,0,normal,
6b56174ac0714c58a0ba2e888aa748b5,0,normal,
1327f13656324071b5f16b5faacc8166,0,normal,
ede17b52c38b405b891e0108b02553a1,0,normal,
f617b0add31a42aba692d3b480351d7e,0,normal,
7d6a895d41474f81a47b43c74d9b3f93,0,normal,
a7fa1d3b526f4975adc17569bb1dba4f,0,normal,
21891136dc034d778ca2d95e7e710a1e,0,normal,
beb812696a414e93a5909bd5551a63d7,0,normal,
56f8f9d6a2924c668cbb7246bdac606e,0,normal,
5ea299d7de9a4047b445ded503537763,0,normal,
39c1e48116eb41bea3e24ab57b0a1010,1,structuring,structuring_86
fa7bbb4d94a74a2d96132d4bc8cd81c6,0,normal,
819a9f6b61be4385a4e75d5d302736e0,0,normal,
65232f913c014eb2a7749400ddf21954,0,normal,
1a16e94e149e4099937fdc9f33522543,0,normal,
c5b43751023e4966a5df9c1a5688add7,0,normal,
d5efd1e7edaa474dab5a960c6b4647bb,0,normal,
66cdf4844f0e4560913c8bde359ce066,0,normal,
d0b5722e7e404312abc0e128d86af0f6,0,normal,
88678e30ca4c43d38bfd4b526596946e,0,normal,
e4bd0fdd6f624d2c9c51734fc6c9938f,0,normal,
6a2746c39a1842069537c62424ffa159,0,normal,
a426e068e2994433bc76ec16cd64779a,0,normal,
7e7af230b1014dd896259e04e341a6c1,0,normal,
81314eb8c7414ccc807d4aee5b8d96d7,0,normal,
29c1c55f767040b9b5576ee7a377bedf,0,normal,
3eb64af2e41847148f303317aa60f8db,0,normal,
4e7b749173064ecc963a02aac86bd977,0,normal,
c6a64923056942aea034be086cc64a39,0,normal,
b2125f3b0758477cb8acaff0c185335d,0,normal,
5d3190afda6a476ca4959a334886e6cf,0,normal,
76ad53e19f94484689a6ba3228258295,0,normal,
83f9812f5b374c839791ef4a9e290d14,0,normal,
56b70d3c078e4a25b79c7e1e1f3a322d,0,normal,
92dd477001134015b5027f1e4296715d,0,normal,
181fd64012ea4549a85e2a3c558bdec5,0,normal,
b91a87de11bc4521b7a93a3b9e46a006,0,normal,
0b4b0c06e16341de98c20c8b6b161bc4,0,normal,
233ab1490f024575abad176f1a6b90e7,0,normal,
fe0b8ea42e004a68a741a3b9ad23cdff,0,normal,
26a0d70dab1447bd8f46f91f74ebb91c,0,normal,
09288bb7d66b4e5199df3bc379533959,0,normal,
a565816cd8bc46b08940a5a3febd715c,0,normal,
0576398f95724ede9016e79828013530,0,normal,
44aa0badb2374bb1988f98ebd0106722,0,normal,
1b4fcb29a73146929348ad39e62a9632,0,normal,
06b0e845435e4d268b0e8d5d39c084af,0,normal,
15a736ec2c294584833d8fd377ee3801,0,normal,
92dafb17d5bc42edbba615decfc8d505,0,normal,
331d5d0d201e4aaeb0d71b1eefc7a6bd,0,normal,
70f767e9bedc47d1843884e7ec471576,0,normal,
f941bcc746d34cd2811cd8aeeb7ffae3,0,normal,
6d30bba00cec45a38f12b67bd772c04b,0,normal,
477edafd4d11405b9f29c6dc079889d5,1,structuring,structuring_86
ec8e1a53dd3646c8af335daf8df4c934,0,normal,
520dad7007f542098330c2a3a597751b,0,normal,
bf434dad0ed74b378a09689e6cdda94a,0,normal,
92b43dc2da5044ae92b159427070b521,0,normal,
4865995d859044d88d43ee74aedfcddf,0,normal,
d1dad7f36d4f457e89b99714ad650ef3,0,normal,
94164fd7ce284aa3b00c08a2c810f2cd,0,normal,
be780295834e4269b800acb0abae6af8,0,normal,
64c31bccc8b64ca4baba1f57bd84dec0,0,normal,
6f24364d4e0f4e599b7377a46ff9bfca,0,normal,
5fe26f8e107f4c81814a529045515173,0,normal,
a096fbf8e7d1445386507b91d4f03232,0,normal,
a01d68852e584b60a202007275d65be6,0,normal,
6ec1dc2bc6db497287ea42c690bf4bfe,0,normal,
6fb4f98cd3c64bcea3799d8225cd36db,0,normal,
45792bbead4448e8a77dac568df23c9a,0,normal,
d6ef79c44913423f86c592d51dc0843c,0,normal,
b2aeb83f4fb348f386c81a350e87ae77,0,normal,
fd3ec008c3874bf690bedf4ad9ecee1b,0,normal,
1372d675a2374a1e8d7254e836f670a4,0,normal,
15bc5428a7334c0a9e83cbb134d4cb6c,0,normal,
d5c50e513a6649aaa8dca27b89e40c6d,0,normal,
777c070b7952490fadbf9c84a955b1a0,0,normal,
38bf3dfc2f594ae99aa89a739ccfad24,0,normal,
44b447b2de0248cf8c09d0ba2bc90566,0,normal,
29d3f45ec4604de9a045988c6c52dedf,0,normal,
56789378c27e4398b46f306c7399cafc,0,normal,
20be1943af3742f4ae91efc90479db4d,0,normal,
41d88629dc2943b98836b9e50d53dfb9,0,normal,
ffa674f4c3494a49b68c7ab2b27762cb,0,normal,
4d05829df8164d3dba4c3fab4837245b,0,normal,
51c4bda631df4d09804bd348f3359bed,0,normal,
f74aa234080a47cab42a36cdc9da9228,0,normal,
44ff894a58ba437fa17947e7bc1510fe,0,normal,
53c291da07c24a1d8e0b253177e2a99a,0,normal,
4cd9bee7fc26473ba49905741e88dd49,0,normal,
bda4c4bc93834f2192db55f0410cc558,0,normal,
328c62df23e74583bacdce0afdd73568,0,normal,
2778ca810c0b498d8d5d79fb95a30705,0,normal,
5baaa6856122451ca1819f41b62d3a4f,0,normal,
a83245d25c9b460aa95ea811d14dc04b,0,normal,
5f5b7a36d3844a108d40cc853d5bfd6d,0,normal,
8dbe3084f6d544d1b2865a2fc9496d22,0,normal,
53cd329977b241b58244ab1118acee63,0,normal,
8455f63456974a7ab5f05e448138c0ae,0,normal,
a183d856bd4947bf950e02d7aa031dd8,0,normal,
4ee207056f15467db6ffecf9b73c5fe0,0,normal,
736bb02bc06a4114ab41cc1e6226fbb0,0,normal,
5bbed5a9373f45b6b10d3c9b92cdf9cf,0,normal,
4811eddda3684dfbac46d335246f09b9,0,normal,
1460f0819f464910be820c6603a70efb,0,normal,
968a6d357ae54d5ab79b5c56dc17ce41,0,normal,
e33ea371f79c4611bce13c83fec1c6a1,0,normal,
5039626729194e34a8faf2d8b74e69ac,0,normal,
4557194ab0f2466891a6db5adaa2c105,0,normal,
9c8d44d530d0426abaedc211801be2d4,0,normal,
2139a1ce82904cbbafb2373dc533a33a,0,normal,
3d049d7156654efab035c2735166cbcd,0,normal,
5243c7cf70a749e892e518b1a2596ba2,0,normal,
2b326a72078949dea7abe48059cb613f,0,normal,
05453051e3e4415d9359d1a05850f4c9,0,normal,
48b503a067954b4b998cee5a41da6098,0,normal,
53ca7573c09748989198bfea5338bd7a,0,normal,
3b28e05b2f3b453eb3b518fa736e6222,0,normal,
dde70d5fde9245ebab4b6f01003b8e0b,0,normal,
ba546b42aaf84c6ab296db0e9993782d,0,normal,
edb33ff43c1b418c899bb3e490eec5b0,0,normal,
e3a4264cfdda4d6eb6ef90eb893b222b,0,normal,
eb5e6a90c58048b8979fbb183660b071,0,normal,
2a4242b3ed3841e3acc57a33915b47e3,0,normal,
0edae701dde244e78302e49b2a524590,0,normal,
e5679a829129406285ec48e3deeb1c3c,0,normal,
aaa3459be4694fa69936a554ff0e9550,0,normal,
44ce2dc12b0e4171ab314db95a1761a7,0,normal,
93079e8469114cc2ac86b157161d5c1d,0,normal,
d91c1258eb0b4ecb99940d0584a0a663,0,normal,
e73aa3803bc346e889c5e6c9cb4fd20f,0,normal,
43baec7e87e64b9c823780f1b88d6744,0,normal,
9106ee099f5e4eb5a4faca50ed38de61,0,normal,
9eb38bc593a54c5bacef801ce3146fa9,0,normal,
a02066f7a0a845cc88e99b6facfe29ee,0,normal,
ee3c4dda3ec5453c8557bf295c1b73fc,0,normal,
a8ed9c1ffd714f00a329567ed774f367,0,normal,
521d6d92c44d4a4593762d2fc070eeb3,0,normal,
11149fc1a6664d98a03be184a8e2deba,0,normal,
1d938d22c0954cf6b24310fc564c827d,0,normal,
5c251acce5dd40b9ad3f86e086e019bd,0,normal,
ba32fd766acf43259a458c61ce418ac2,0,normal,
814e92513494482f903f1165ef9ab4d2,0,normal,
65671cd5724449bb92f95c37e964ea7b,0,normal,
00de21d2c8954db7815dbc56ec328e42,0,normal,
362376d6987849ccb8af441fbe2e066f,0,normal,
2ec70c6228214f899395dd57a5694ecc,0,normal,
962f4302d4814671a02e7e685a9d2e1f,0,normal,
90b9cce1f8a9420a98ecd01913af8dbb,0,normal,
b0435a7311114ed583b6933698c516f4,0,normal,
447e4945943341cbac6ece82a9bfc62f,0,normal,
78d1767175254a5d9c102466500becdc,0,normal,
4cfddbcfcb9f479f84da2aa4d9d68649,0,normal,
e15cf78c9db14527ad1904640792a01b,1,structuring,structuring_86
68b132d86fdf46908e0ecd3814181528,0,normal,
b1a0d4b4a58348ef9e23da6869e87bde,0,normal,
f31589a756be4364b13430d1df488b5d,0,normal,
c6abfdc4fd304cf18df1e12f2134df0e,0,normal,
9370db030e8e4af7b534dc91f6727f51,0,normal,
e553ac70ca164590b22bb6d504743769,0,normal,
71b1f02a09ea4d64bdc925ca34fe00c1,0,normal,
591fb2013c8b4ecabdeb8db1c09193cc,0,normal,
1c66e95f841647dfa479add12f15fe78,0,normal,
5c15015d65434bd4a6f7c541b45549ae,0,normal,
74d6c8bd503541a1b1ed841225a19ae6,0,normal,
f698f701ad974bf391217f9b5083bcbe,0,normal,
07476aa3fe66496a888696057c28681f,0,normal,
28c4054c491b42aa90677f507c148446,0,normal,
92a5099f7cb140e695e83f85c16a13d4,0,normal,
7d808421289d4284af2f0117b1177222,0,normal,
c36447395d38444195984bf6f02e2d65,0,normal,
ad9be88312ac4a719ce54f84c73c42f8,0,normal,
8aced13e8d5147e5b7b9ffc3a956139d,0,normal,
2bdfa34fa90e4f329ce0e03c1945c8e3,0,normal,
7ba0a1ecc3074d8e92054b80dd9395fd,0,normal,
24ae4143aa204e8ca2ad8e5ac66f9681,0,normal,
8e3e1755bed846b1aa9082012133996b,0,normal,
1c014ddfbeeb4441b7e48338b873a037,0,normal,
f64c2993c7024363ab09be202ec1e0fd,0,normal,
975dc009338c49888ef7bf40e9603403,0,normal,
2a5dafbc2cdb44c085bb423ab944d0eb,0,normal,
a729e2dd98af416fb6a8aafc4361d163,0,normal,
27b89459f1b24feab2871a72ddfe8437,0,normal,
344b8e09fbc54f8690edb25f42bc34bf,0,normal,
d055225e23f3441da5ce28220e6d39f8,0,normal,
036bce508a564859b55bbbdf82de4fbc,0,normal,
ff381744b6a6436aa57e1e563df6dfa1,0,normal,
f9ee58a1443740ae965bf6551bbf5571,0,normal,
c9c12ec8d13b4d21ad4d24eea7b85e72,0,normal,
61df0bbbcdff41d0bffa7bc10ef96175,0,normal,
46b26fb718a1486e9f91dc8a8f7b163c,0,normal,
7e8f0cf6bdfa4b05adbe3c6829ea4397,0,normal,
6e9bf797550a43c4aaa2816e317db694,0,normal,
6c66cfed28e44682b8cf02d138487174,0,normal,
71c26217725f42ce972560f5d6bee15e,0,normal,
44633fddcee04ffbaac78653653afb09,0,normal,
d8bbf6c468f742278539440c102a33e2,0,normal,
aa5a26f3038f40f090fbcf08dcdd410b,0,normal,
a294083707ab40c99b11d3d4167a5c0e,0,normal,
63fde63fe8ea42e49757417d45c86056,0,normal,
691cf8f799f546f8b5e9b0682f7fbab1,0,normal,
56b36c25156844c7b43e986f82c5f2c4,0,normal,
e8d57ad54d084f77bdc91a03a2499d87,0,normal,
2dc68006a77b48aaa15221f302b74f4a,0,normal,
b3968ccaa8e44405a110e86a6601a71f,0,normal,
7f41ead9a584499cbddeb31bb498a144,0,normal,
85d883750afa4c8daaf9cc1e72683842,0,normal,
6559313301e840139d85980739dfdfad,0,normal,
2f764d89e88a497686515db204ac789e,0,normal,
8992e195a92d4d9ba49b985055b0a10a,0,normal,
9c1e93e1ca7e4273abe1796612b52dd2,0,normal,
91208a72f4a443c88aacf2ca3da47f08,0,normal,
28df06b1324642328651b340ded33c47,0,normal,
dcca9ffba79a4ffbade16af0782e3173,0,normal,
e0b0dc2d83e54dc69748c5d133f746e7,0,normal,
12621b67d807441db003793465140938,0,normal,
490d8a9e94fa4586876d21c77e47d80f,0,normal,
f328352d75b144e4b5e91a8de80e9247,0,normal,
f68f1e63d4d142dd83c70a3925cf0e4b,0,normal,
9ccdc5ccf78145d2859f0e3cb8bf05df,0,normal,
fa9fe52bc00f49c2b9f3ed6a8c6bdf27,0,normal,
69fd4e12be854c2e905c60c398c734e8,0,normal,
5ce1a64efd7247a28278c98fb1cf10ee,0,normal,
98c27d50df99466e9cbd819a6ff3a6f0,0,normal,
d7bf434dc33145d7b26934bb745f326e,0,normal,
ba6d29249e0f470181ca8d0df051e40c,0,normal,
8856e475aa8c44d486af1ea569fe4e89,0,normal,
32e290f92722467499dd454dde1c81a2,0,normal,
d30ecf389171413cbb0bba5f47edbcc5,0,normal,
cd7f976619cc4c519c4d20d60a711923,0,normal,
3f0c4bd1195f49faa0b373072d6c4bbd,0,normal,
15f61476cd724d53a09a409265326c7e,0,normal,
d886a87ed05948b1af1e42e14512e229,0,normal,
b77fc63f9aeb4569a9ef0e268ee58708,0,normal,
fef4f598c5b6461bbecf1a9bedd4d376,0,normal,
1ecc7f0f4542430c9b66119a1a65dde6,0,normal,
7d4fdd5df84d49218b853803a84295f9,0,normal,
5f82325086a247a1ba378cc9fd3db3cd,0,normal,
d36191888fff43568b0a0f49e2b9c308,0,normal,
2bcb398c0cea41c4830814eb37ec76c6,0,normal,
7e07f68a1e084b5c8683ca8843ffe0ef,0,normal,
fd499f6f201e4d60a30f1745e0a3e3d6,0,normal,
a823fe8c171740809d0d826b3ace3d34,0,normal,
551758fe23af4e569bc2e27fa6123546,0,normal,
15bef1d6815247459461caaa398f8582,0,normal,
e886f40835da41e3b4bb0f0a440e144d,0,normal,
fcd831feddf14ecea2024b8ad5d2617e,0,normal,
aa33a14d49324d448ddc74e132332a08,0,normal,
44fb065628b74a9eb02239b8cc77e60a,0,normal,
a7e8d6279f4649618c790d36c79c0cb0,0,normal,
ced29a366e8c43dfbdfd562b20952757,0,normal,
19fe91cfed8645618f94cd03d373d95a,1,fan_out_mixer,mixer_650_fanin
f49710f1f4644cdfb3330e24aa3b5075,1,fan_out_mixer,mixer_650_fanout0
276c9a875a7349f5bd3f3da15e1e4bd9,1,fan_out_mixer,mixer_650_fanout1
c94bc28e50874f18b154ef9a94e4a2e8,1,fan_out_mixer,mixer_650_fanout2
3aa5b0f429be48dabe6ab9f3fa5cb3e1,0,normal,
3984f55ff5c049fbb8aa7eb862f3f23c,1,fan_out_mixer,mixer_650_fanout3
7ad85a232754458581ef7f72c3c525fa,1,fan_out_mixer,mixer_650_fanout4
9265098ed5984676884f016b9a1eeb79,1,fan_out_mixer,mixer_650_fanout5
9d1fed53afc84d79b9cf1ab493c788f7,1,fan_out_mixer,mixer_650_fanout6
361341482db649f3b4ecb01e27439fb5,0,normal,
dce89e15ed6f496db5200d6634a37704,1,fan_out_mixer,mixer_650_fanout7
2746ef5fc3554c2ebe32e0c170c31fbd,1,fan_out_mixer,mixer_650_fanout8
8a3b74ba83064549a8bf9ff022df92b7,1,fan_out_mixer,mixer_650_fanout9
332ebef0b4d94933bdedb53a58119fe4,1,fan_out_mixer,mixer_650_fanout10
78c61c8906b74ede955f222f5023355c,1,fan_out_mixer,mixer_650_fanout11
b0906411a23843d7aec61b0eeb47ab82,1,fan_out_mixer,mixer_650_fanout12
a2251435c68b4bad9661d3636819a316,1,fan_out_mixer,mixer_650_fanout13
6dd8ef0252754178b1b98dcadac68a81,1,fan_out_mixer,mixer_650_fanout14
eb8a01b582ca4eb2939cd09963bb45f6,1,fan_out_mixer,mixer_650_fanout15
5a906c1ee72944ea8edebc1f5e5a0a33,0,normal,
34dfc52fdf154ff883b93bf5de75c93a,1,fan_out_mixer,mixer_650_fanout16
019a75da67c54a56b6889cc847dbb243,1,fan_out_mixer,mixer_650_fanout17
08b32d9a5f7849618b49b55712e812c1,1,fan_out_mixer,mixer_650_fanout18
1fd8912da2474cb6b407905188bd4926,1,fan_out_mixer,mixer_650_fanout19
70be9e00c3234a95ae8a7de155725680,0,normal,
71dc527d78c64f05a6d2b46165194856,1,fan_out_mixer,mixer_650_fanout20
c6ef05ea1f1048a089dc9d8264cefccf,1,fan_out_mixer,mixer_650_fanout21
7629a5bea78940ffbcdbab97a57c6c14,1,fan_out_mixer,mixer_650_fanout22
35c9c68662ea4d7286c737bef5dd3a4f,1,fan_out_mixer,mixer_650_fanout23
a4935f025f1a4276af45a8595ad721ee,1,fan_out_mixer,mixer_650_fanout24
ac693ebe60a1433988572decaf52ff82,0,normal,
9f2e2211627f4e52bb3166dc7a57ab38,0,normal,
6507fd1643c94abbaded44768f7add93,0,normal,
17f7bba0715d45c8b9b6391583d87bdc,0,normal,
9e5ed18e6a594aafb98675d8325db751,0,normal,
3767e8905e3c4dbf96ed98b6e9aa2b9e,0,normal,
1c151bdf9ab34d4f8b2b951e1cba32f0,0,normal,
85d6786ba4d54cb3a1ba731af99714b3,0,normal,
92b24a32e1bd4ca2a8a68680f08b25f6,0,normal,
8e8f36f32d98443dba457a722041ccd7,0,normal,
892290cee7044e73b37e3271418788b4,0,normal,
25708d67b1e54926a9ed52065f7cd876,0,normal,
cb31efc2f55945c8b6e637a4cdf4df1e,0,normal,
48446609a00e4717931677e924c1b573,0,normal,
c986191096234f44a0d06a33b27718c6,0,normal,
b2695560d52344dea226e96659e7f3cd,0,normal,
c846fff47fce4db0b62afb92ca738b27,0,normal,
e0bdac9b547a423baad651bc2e7fbfb4,0,normal,
06b3fd2d06f9485a9d51a1653d190184,0,normal,
55a53597f5a044479bc5ad34bd739461,0,normal,
f1db0e63692343a0978f0b1d323c4f6f,0,normal,
540c96d1b7cb4890a888a36929fff7aa,0,normal,
5ff670e8bd0d4232b73c1ba30f66f7d5,0,normal,
63088f583df243c8a7795e9b738614db,0,normal,
1f45751bb20e4dec994327857689dfbe,1,structuring,structuring_86
0b0b6972388248f9a92d5ac764b94270,0,normal,
51c8dbe3fcf2402d958458817475fd64,0,normal,
07ad231e4c5740108526acf11a78cbd5,0,normal,
771e00b05d4b40cc8922c06658fee460,0,normal,
060f85dc3f4b40ca89bb1198b368fee0,0,normal,
d1589e079e88488cb24381d20a40ab8f,0,normal,
2a24408cd9fc4d67a5782fb040f3a01f,0,normal,
fc1441316041441f9b1f4129afd2906f,0,normal,
b4e7e1b5f8a54c55852ac0dd6f06764c,0,normal,
8d99484f88bd434486a0aec55cb93cec,0,normal,
3080bbd938184aeebb3ab1767c41f549,0,normal,
d16011f726bc4371b0893ec1eeec90a1,0,normal,
2198d4e5e5e64d48aad54668a85b2c56,0,normal,
49af2bddd3a44a00b81e8920fef8950e,0,normal,
cc59a184657d405099a3b58ed0b3d952,0,normal,
fc4eaf67dd114b86ae98f65bd3dd0bd7,0,normal,
45b47538627f4948860c8d27fab99b63,0,normal,
17804ea5ca304f648c4b671a1272bcd8,0,normal,
baf73dd4fb6c40be8e8851442c56ccbe,0,normal,
139d888381ff4883b66ce846dbdeb8c0,0,normal,
6d6d19daa9ff4486aa8bd368de2b2824,0,normal,
2fe70432dce7442a96c1da5f31117d16,0,normal,
348d6dfadcf7493bbff1723f33fbbb64,0,normal,
a4bbbd9a41814de7a26cee0f2f236dc4,0,normal,
0b64de075da9439bb72700ff936e0ff1,0,normal,
b5922ee702c84a69b231703d8020c51f,0,normal,
bf84726ee453486cb948fc9efd9c16a3,0,normal,
e4f4986124fd45298d23860cbcc65464,0,normal,
3841339218cc4ce2b11e6385aee8de11,0,normal,
50dbbb5b6006465b85f1250f8af2add4,0,normal,
78c0e4e7dd604cefbc7594ae572d02d0,1,structuring,structuring_86
addd965be7f6477886552bc91eaf7c09,0,normal,
c8b666ef40674c79b78015aa45c76786,0,normal,
5b400f3a60db4da1ba77c82057fdef73,0,normal,
24bd2bc8a8ea48259164a0846d7416b1,0,normal,
eeef02afa04f40f3a2ff76b708400d8c,0,normal,
105033fc99a34bca8d0866ef780994ca,0,normal,
fa7d131c773e43959549c3a08e82c52e,0,normal,
27c4be6f139744c8ab25de3d21572b5d,0,normal,
0b570155af0e4ee08e795111f280b6af,0,normal,
df83b614269642e7ac3268e930152606,0,normal,
4b3522cf7c6b4bb6a75dfc902082cdd8,0,normal,
2ab381ccd1834d32ab105c9505f954e4,0,normal,
89ae0da7715941c885c8f0897dc9753f,0,normal,
7acce7df5711499fa5b89dc70b490b5a,0,normal,
797a028ae5f64b64ac3222c00eff3cda,0,normal,
7448dd44fc234f6286b2c1d53553ad8d,0,normal,
e0a63baeac7f46778e05c86c86014ab8,0,normal,
4e45ddce5ca549468a93ae3a10fe80e5,0,normal,
f4c68ef7cff34985b2b3ca069407ae5b,0,normal,
70ba4ba0fb9142969b37f18b21dbaf82,0,normal,
9eabf19185c04d3bb649dd0ac309ace8,0,normal,
3cfcd5b3ac894685a46a4f3918879795,0,normal,
a91be9ed592c46a48f6eee1f70dba598,0,normal,
32d3f8508b9c490ba93f8872266d2ffd,0,normal,
f8165ec783dd478f92e13b655188d7f2,0,normal,
e93caf8743c2441bad9c422b09abc174,0,normal,
3b04d649343d4cad978048a065a3de2c,0,normal,
f6fd2dc195064f36971a1719c61f4d03,0,normal,
56708bfb5a6a408389e9bdb6d2c65126,0,normal,
e2c4faddb37344c480805757d52cf443,0,normal,
300d3ed0accd4e8c850f4e90f22c85de,0,normal,
d20a684b647343059da39ef6d3273fdd,0,normal,
1fdef5b1b8c64dc09d7e7f4a20357c6c,0,normal,
d42a40b2e053494aa3b3e7c71c5e2ded,0,normal,
f0dedd57cda742e495ab7130c72f72f7,0,normal,
4651a55f171f4ca98141c791604d997b,0,normal,
d8db3f3ac5e840f1b60eefd55942e4bb,0,normal,
feadc0da75fc48fd9ad4926e49a9aee1,0,normal,
f1c04d3fbb9e4fbdb82ee8ae1bcea94b,0,normal,
a4a5a522fe664e8b896733a6e87977c5,0,normal,
64f722263a3a4b1380ec4b614909cd66,0,normal,
b018a674f1974802856647b51272ec60,0,normal,
e480198f1d134ddbb09409c6ed405828,0,normal,
fb8d97a5f1e44f89aeeff24cdb0621fc,0,normal,
a7fd3fe4f0cc40bc87cec56a5a4416d6,0,normal,
4898ec26adc549b8874eaa2211405baf,0,normal,
0fda904c7f20438d983c6b66fca96b29,0,normal,
1c177fbb11974ebaadecb9e52b7afb22,0,normal,
dfe1b90c4a2e4eae89830a41652a87d1,0,normal,
1fd79023fb3645abbe697bd4ab14db73,0,normal,
5960dc08867c4dd88227e2b7c2ab9f1a,0,normal,
358a6ac327294148a16493f535679300,0,normal,
24a4011f74484ec0939df1b7c622aed8,0,normal,
f356b408fc99458e9870c022f1cfa394,0,normal,
0a3785afe3cb43cfac316db50a93a839,0,normal,
caf0485330564bc4a5862483fdfcda50,0,normal,
7f8ff9eaf0d6420a956b90f7f635b249,1,ip_hopping,iphop_73
265b3265dd2a4f37a519277327a72fbe,1,ip_hopping,iphop_73
3370e011f68b45dbb5900192cb66b033,0,normal,
8728a7609e684264a4715c54c50ddb8a,1,ip_hopping,iphop_73
55993d7dd412429483ec7d4ad2f8ed48,1,ip_hopping,iphop_73
df022600ad984fb8be0d66899e2c40e8,1,ip_hopping,iphop_73
504265efb2be42f698d3092f82fca586,1,ip_hopping,iphop_73
518e230e3fb9470194e6cc1b66817c95,0,normal,
9fe4d705346a4abaa7a899cd9bdf1a41,1,ip_hopping,iphop_73
08d7f39d219a476c910de687b10b522f,1,ip_hopping,iphop_73
1ff0d8a4a3ff4ea09f262458ba1be271,1,ip_hopping,iphop_73
11c1b9f184bd4df899c665b95ea03d80,0,normal,
b02aad9b5eaf437fbab5b0354e2593fa,0,normal,
1c112412969042869615709faaf33172,1,ip_hopping,iphop_73
2a2ef8f95c2c4f9cab1abe9544b7a437,0,normal,
dbded67e2d484097ad035876cd1e1620,1,ip_hopping,iphop_73
2a58ba68eb1c4551a62367b028ac3c69,0,normal,
8bb14f1beabd4e0db346cc05ad74d149,1,ip_hopping,iphop_73
96c9c1c9345343e8b7a417e07e38ae7e,0,normal,
83fcf97795df42829897234eac3c2992,1,ip_hopping,iphop_73
590b62aaae2847b7a82b5451eacf9ff5,1,ip_hopping,iphop_73
7e8b10df391943d88e8bd14f365a8a8b,0,normal,
c3c85740e20d47dcac20479108707a0b,1,ip_hopping,iphop_73
2815cd545cc24f3f937a75db1de73a01,0,normal,
c2805f4dc1d14775a7e4ba4ba895b14f,0,normal,
c4da2011ee374f3692667af18916c0b8,0,normal,
3f00b7688370492d9662595c3070eb90,0,normal,
0256eebc954a4e2ea1c86540b682fe7f,0,normal,
577a1f50355c499088c9c45576f7c477,0,normal,
bc5fd835dac14fe3b56845e796b5f80a,0,normal,
fd3678e374864080bfab37a608121c8d,0,normal,
5b6cce8b7b2542e9854fc9af4f590cb7,0,normal,
5bdde521526a42eebc44dc65a3317517,0,normal,
4c03666ac0444888b19a925265e26087,0,normal,
fee556778c2748cd8004cffe706cfaab,0,normal,
a7dd30e2f4e949138d470e49f6cedf35,0,normal,
f028d82e840d42fbbb2f124f5ae17b15,0,normal,
48368cbf87084389a9c1422223b24adf,0,normal,
2bb7a575dab8425fae8fc236ead2afe7,0,normal,
78c64b06784f4221b2ffadd1842074be,0,normal,
9fc3ee2af83e45168c49b7ac0f38a4d2,0,normal,
5e8b57217a574de2862e92d3acc24035,0,normal,
21817e228fc3413a9c8b1221b97adf6f,0,normal,
e99ea2de54684f058c2014a01a3ca7ba,0,normal,
57818edafa3e46e9a3bf8c94a0fdb759,0,normal,
6791b1bc596f4feb8bd1ed5e2a6484e4,0,normal,
ee622890fb494f95abe03f771991c460,0,normal,
9c6d63abe1cc4a7f822b6d24561a2038,0,normal,
90eae0d4402a4781a71ac81816abf167,0,normal,
34f9112bb10d4a33be057ca1f0578407,0,normal,
cea52ba49719458d97f4ec2ff86aa505,0,normal,
855dff8494a34160a3e16ee81885c34e,0,normal,
9a86b2e7691e4394a12fcd821abf7ee4,0,normal,
5f24c334309b4659bdd7b2e2fa22e231,0,normal,
1d17f978d6804b0a8c01444f86956675,0,normal,
f485cecab83c41ac8c288d2e1fabd777,0,normal,
3e046d3f2cef4832a35f8289b9bd0e39,0,normal,
460651a92f2f439c98ce0c9b4c81ffa6,0,normal,
d3ee985c3b674b00ba57c6803fa75b11,0,normal,
3545cec0addf4bb2a8197e95b029ac9c,0,normal,
e977d9f1c3ef4b789344ef3e41f6153c,0,normal,
371181bbe3ca4639a3625616fe64705b,0,normal,
dc54f03cc4fd4a499a6ece26b98a1c85,0,normal,
8a990378d41347129c0fe2a668a7b5e7,0,normal,
84526003838d44dca9bd57ebf7d442cc,0,normal,
9c913f6c90d142f9bd7f9f95457cd98c,0,normal,
5099cfafe68e41af95a8feb53ae4c304,0,normal,
aff54f8d389f4482905967f888604da5,0,normal,
7aa2127b00214ad19160dbcb5c987b7c,0,normal,
ea5a7ca612ce407ba929d325dd3d5ee8,0,normal,
b91f301dbfd249428ff7ca93fe08628d,0,normal,
7c6f09996de7456fb4561eb993aecfb9,0,normal,
d057ce4aa74d4fb289c8b340856b4131,0,normal,
21e3240578b447ee97c6c5e78ce26fb8,0,normal,
553d8548a89f435fb18f0e45cc5677b4,0,normal,
33e0826034694918a80c462ab41f3bf3,0,normal,
afc98208ab8e4b7faa055aa20fd65132,0,normal,
045e391ec985459f94f3edbeb75d6273,0,normal,
2a13886e5eed437a81552fc0d9486a3f,0,normal,
31c5985b0a05404b8b951619abe0f27b,0,normal,
02e9293edcc14582a0075072c79576b0,0,normal,
d7f06925dba54bffa8632688db4901b4,0,normal,
4cfe741b7e3147e4b518f5596211beed,0,normal,
9660b8932a214de2acb3c1a5aac8c065,1,structuring,structuring_86
8472c8ca237643889d8ac125ea681cda,0,normal,
e70bd0cabae64a559bfc58b5cf80fcdb,0,normal,
7b7f014c7a2947e284a1c6baabfc0406,0,normal,
43acaadadae5491a89c1dd05f71ee661,0,normal,
c8f78f891ff340ecbc40554187e69438,0,normal,
ab0d1305a4844e21be60b95b17e40a8e,0,normal,
f6c6c51b9c3642a9b25dd0c28068779c,0,normal,
6d8a530c22a348dd85ca87632b6096e7,0,normal,
7a84624d3eb54874923e519e2bc903b2,0,normal,
30cee9eb1e5e4023975b231e5079686d,0,normal,
79b031d4435f4486b6b7be747cabe6ab,0,normal,
4e53014bf2704f44a5052a87eea3c2b9,0,normal,
1038f9176029458990a7c569b16ac146,0,normal,
aa442402219f4966a5cc47bdead4232b,0,normal,
16b1c9c0ff2545bcac0df57943338367,0,normal,
ce32a5de853d411792d2521baac2c51f,0,normal,
e2fc0e76bc614302bdda626825c71a51,0,normal,
bee89a1c5e874fab986525820de24155,0,normal,
c9708c5230ea4618a87bc0d817ce9ef7,0,normal,
47190abba4e745c9b963df2359034b64,0,normal,
902bcb88021845dc84199ecbdc2d8f13,0,normal,
9ca0ff9fb86a4bcc9b33f2716fe65997,0,normal,
05039618f5bb4c55813ef6b09fcae0bf,0,normal,
b47022afaac149da9cbddf196bda7577,0,normal,
4ccd0cc4c4f3474bb94f49d757371b79,0,normal,
a6dddb16889c4b12877d56c14ce4e3ba,0,normal,
148269d600b8420d89f2c7f020bc0626,0,normal,
5b4d7c40a0494c38881122996b554aa1,0,normal,
2687937fb06b46c2a0eafff9c6e73a20,0,normal,
13b8fc612698413ea43a7288d194798e,0,normal,
e66a84693c9b4b26bd23cde825006434,0,normal,
1f8c1469c2fb46638235d8566721411c,0,normal,
838194d394a0447fad644583811112e5,0,normal,
3ebfe6fb7b6e406193ed7d21128b658b,0,normal,
3d9013e91ac742bfbbbc4a584a2efcf1,0,normal,
646b1c51f9fa4553a0fce79da57c0b76,0,normal,
c2ee53cca9f54e5caa74b7877fb3eeed,0,normal,
7bd1846956b140728ad3b8b79bc0cf8a,0,normal,
628dc503379246ef8c9f098011223b51,0,normal,
9c2f67ca615b416ba1a39ed680526a7b,0,normal,
61458a52bf8e418ca3de5d3c313cb352,0,normal,
76c68ddf6cf74a77b0a288ab7ebf3c37,0,normal,
c634179514ed480d90e677f52fb5a264,0,normal,
bd78a89e3f574b2e932c82974b273459,0,normal,
7647056895a3450d8adf6bc8da763373,0,normal,
9b744cf745274f02b7170c7c8de9a098,0,normal,
3bbc8ff70c2e4d359eca8e5eca8b192c,0,normal,
121d2554c4b54782bf4605e4216b9221,0,normal,
6fc4a9f93a2447eea831c49b0608d617,0,normal,
3dd9b6024f8d42958d8d74e62d05b448,0,normal,
502be5c11352416fb32203de7035625b,0,normal,
c8c049d4f50646b7928bcc5c782e6e67,0,normal,
648bf147d06840bab7cc633d7bccdc7d,0,normal,
6e21af2bd26541b9a7bc9fe85cc9267b,0,normal,
5f30ed7911a74fa4b9a7d14a6c2aa288,0,normal,
abd3ac953ebe4c3e9fdec9ffe691b1b6,0,normal,
2dae2cf30d804c9286d8a50f26ad3ea9,0,normal,
dbab70ff1ad749d08ecec75e011b7969,0,normal,
399b411e0d6341d8a46438848c79b9a2,0,normal,
a1d857ec734b472ab8a941a052cfca24,0,normal,
b5e0895d431e40df96f8724ad3922ce6,0,normal,
cbb896b1f33448d9a79a248be9bc5315,0,normal,
742bc4ee72974e93876fc7eb7ae915dc,0,normal,
29bc93b9f844459baf5bdf15981497ea,0,normal,
0a991302bd61499f997e698ccfce24df,0,normal,
dabff79ca70c4f78a0c2652ca13d53ae,0,normal,
d8ac5fc2ede64d7c8f54d5b2b934ddc2,0,normal,
9100c9cf2a194522a83277db669df50b,0,normal,
6c77b4e228704edbae1a1d31fc78216b,0,normal,
6a5e3b669f834f54bd94cb012027a455,0,normal,
8a2e003d31074d99aee187ea16708949,0,normal,
a5cd3f1c1cd7409297a236d0754e3a40,0,normal,
20b4292edbc3495aba67b2af4f787ef5,0,normal,
f440a2cc0bc94d30a8faadd798930ad0,0,normal,
c7fcfc190ac94ac7b673d7f0eee0e005,0,normal,
c66333475b744e2bb97c240ddcc91573,0,normal,
aa4b507c4f6d4b02a4205cac39813838,0,normal,
f9fa3d0de18741bea09972142c3c7437,0,normal,
e29a38f1bf724cff9bf1ea82df2131a1,0,normal,
87c39e0ecf0948d682616c0ff26fc6a0,0,normal,
3f577d6411964459bc51773d361c76fb,0,normal,
8f2000b93b8041e1a49262a99ba6b2a3,0,normal,
7c6de87d10eb447d91aa8cea8269e45e,0,normal,
1d660ede549c4757b7642a4a26da7e7f,0,normal,
2138eb69c19e4a5f854ea97f190367dc,0,normal,
041d51b856804700a41d636b539c6bc9,0,normal,
9605aa48f1f0478db65cfd32ad1edd9a,0,normal,
82b6edf3d7e949eab5b79e5b8c63da7c,0,normal,
852f8ca377a24cd98767054753b37a4b,0,normal,
8971eb6c5ebe444aa2c8c79b54b8822e,0,normal,
3f4095380e80418883feb0cd29d44c21,0,normal,
c615b62966bf4a799d94a261754f59bd,0,normal,
760085735a93470b987bfd8a484496bc,0,normal,
718e80df26414b3c93a21075bc66ee3e,0,normal,
5d7e35f942de4f6baee90f4285ff9abe,0,normal,
0bbd4fa214e746b5aafefb751adfd269,0,normal,
9a824da342304ee1a7b09662800863ca,0,normal,
df22871264464f02baf8224d9c52cb10,0,normal,
55f2edeb116b4718ab244e4023d06aab,0,normal,
0806f4b979354fcd91cccbad6c260405,0,normal,
7774a76af7c84d6d9bfc6f86827b097d,0,normal,
6b4c63b8bc65465f85c18472e74b6b02,0,normal,
591f6b12ab3440e2a7ab4d727c467525,1,structuring,structuring_86
c32a0879adfa44ff8fc89730f314aa8c,0,normal,
fc81b2d8c08e404d8ebd9ea50e80fbb9,0,normal,
c75904f80e7f48ea94098b5681e31ac6,0,normal,
286c99c1605541d0a6b21df1557c8651,0,normal,
44220c77298041d0b820e86313da9c6e,0,normal,
557751f930c048f89ba8235acfae4593,0,normal,
b586109db7b444b6a2ab5f6d76f65f2c,0,normal,
aeabc91d945d43a0849dbba8f3b93427,0,normal,
18c285c09d8b49fb98773484f53a601a,0,normal,
99a9b5ad21d648acadb3e6c924e7ee68,0,normal,
a99b511281a5472f98b6763a3ab26a81,0,normal,
3eeb2d67bc454ccc815bddd720e6f96e,0,normal,
28babb28e9a240d0b68f621a7f205ad9,0,normal,
35400b46eaaf4d51b9b65003fd9cd468,0,normal,
306e3d2cb2c84686a92802e5c8d85639,0,normal,
0edd188688e44de693989e51d3a5a30e,0,normal,
8d2ae76e365b48b7b023e2c5e1009f6d,0,normal,
121bfe684dd7457b8f414f86f854f234,0,normal,
95325eb703af4619b5875317d0a3af51,0,normal,
5808ad5a96514dc2b1fa8efd4422d8b6,0,normal,
20a6e5b6d75c469588873421fff1bc0b,0,normal,
544340db08fd4af688401763978d120d,0,normal,
0adeac15e4c644ea98af6650dbe090c9,0,normal,
f4db53eb2f404b0e825ed0cae8070cc2,0,normal,
0adc2c54006345339af903f6d3afe752,0,normal,
c8ec3f0b4b7d4bb48695a5bedf2773b0,0,normal,
b1bc5409345c4fbab18d8f6e857b7a13,0,normal,
829e0a8b6688421b979bdef86a2511e5,0,normal,
bfb24c6ea67c49129599796a7f860cbe,0,normal,
bebb8cd0e5634d1ead1a1cdd8594e69a,0,normal,
77ed82f38e8c493f9bc2b3dd2a29e902,0,normal,
748754c7a7d24159a4e7c3fc319b2f68,0,normal,
3c17715b17c84fa0be3311be577cdee7,0,normal,
7b42d8ee60e34407a51029884e8f32e8,0,normal,
06d6db30b07d4018a9d7cb3e31fe5897,0,normal,
4232566c558245d0b74cf30b7c7d101d,0,normal,
5329729865c34558a2979a59c7011e56,0,normal,
04b8610084a04358b376aef4a20341de,0,normal,
ee70c07e3d1041a2b604d349fd86799c,0,normal,
21550f89c9ba4dcbb8f8b96fda34d28d,0,normal,
c7f10e010b57421d8c4a16cb7f3236a2,0,normal,
ebbbb66039024f37b1c5927116a1b50d,0,normal,
d1d753c41009498a9a92e1695e727aad,0,normal,
e9ea4366e02b43e99e054f30a2310ae4,0,normal,
71473b2aed7b414dbb535b2a0be5ab4d,0,normal,
b0d9b62d084a47d58425f6fc70d6b7d3,0,normal,
b015d02c750c4437b0abb4421f7a2b85,0,normal,
3d3086f45014433eb89951c0faf7202c,0,normal,
06d137d5aeb243dbb618803d1b4db0aa,0,normal,
2a7fb896723b433aa55eeb1c170277da,0,normal,
d8fb848ef7be40be8d858ba2d8813f4f,0,normal,
66b4687cb30b4d3a9675854853b9d140,0,normal,
e999c7f9c1ee415b95d9d27f80e490b6,0,normal,
8b5ca33249664c1094cb657ec7e19faa,0,normal,
99dbdd07c9964f68b08ec3a0ee51a617,0,normal,
d8bf73ffa95d44548a623b423768d3d5,0,normal,
b21008d3c2854b978f0f9a4f25972e94,1,peeling_chain,synthetic_chain_546_hop0
64236885fc3e49eeab14dccb9f1c285b,1,peeling_chain,synthetic_chain_546_hop1
1ed08c80b28b46a2a4f4f0fc5f9a649d,1,peeling_chain,synthetic_chain_546_hop2
8871211672d742919067a15db4d57f3e,0,normal,
d6233e21d45e4f4596efb55b35521200,0,normal,
02d261602c80434c814a98e05c24c9e3,1,peeling_chain,synthetic_chain_546_hop3
c2055c731c8b47cea37aaa7c45f42033,0,normal,
37d45e3b3a3645d7bd53695936fab762,0,normal,
873f3790d23847ca9db56ec113ec0fc4,0,normal,
f7632fd61a614175acc65e7eb7b3f1f8,0,normal,
0035a225d1fa4ed39d0c63c742f26477,0,normal,
90f5bc12d94445a3ba96540a6ff4bbe9,1,peeling_chain,synthetic_chain_546_hop4
3cce3cb1a17b453582be442cae7e835e,0,normal,
2ad420b990904b8faea3468af8b083fe,0,normal,
ce891b1e31914d32a55aef133a3e22ee,1,peeling_chain,synthetic_chain_546_hop5
3540c5240b334811ae2fdb5ce00b6830,0,normal,
3384f6bed11c4cbabd84f18cec6e5811,0,normal,
229ce98ca8cb4fa0ace401c4e5a375f7,0,normal,
d9af028f72114cd9bf036d9b01193147,1,peeling_chain,synthetic_chain_546_hop6
4470fee8bf26482b8e739ddf2e1af3a6,1,peeling_chain,synthetic_chain_546_hop7
5549b34a23bf4c98b5c2e6a7bdc6cab2,0,normal,
cea72d57dcb04333af343cc77db9dc33,0,normal,
74bb2c81c2b942199d58ee39c430da64,0,normal,
4465fe3c544c4fd89a4e65cb7e183e45,0,normal,
679c9d9d465947d8860d693c896f33dc,0,normal,
a21f2f4729fe4e2f9443a9288df9f5b8,0,normal,
d637c401c8b94f7d8aeae6fc6e601dad,0,normal,
ec43f3f25d5c4a7996e4dbbaf21d0c72,0,normal,
0ddbbc48dc1c45f2927ae256c3ad0cbf,0,normal,
262a0ef6424f479b9d36fa51fdf6f525,0,normal,
8b14f3702776417fac1447c6b30f7a34,0,normal,
d210fe60bd0b48a3bed2a4be75e335fe,0,normal,
d1c1064f9c204e3a9e44d1af89192b41,0,normal,
52d02f8680864b37a0ded072f9d9041e,0,normal,
136100761ff244d587fde5efdd550cb4,1,structuring,structuring_86
043d02d845d54b2e9a700557c66401cf,0,normal,
d8875de46c354a218b1af2d993ffb998,0,normal,
c1899cc284694c9ab4c02cf2ebeb2625,0,normal,
adfb8601650049719742d7af4b59b78a,0,normal,
3a5437fa0f3e46ccb6c2731c1b0c6b3b,0,normal,
c38ed0b2215d47bf99688b93d7808a37,0,normal,
2fb3abf8257b4b5fbdc8eaa878cc4bcf,0,normal,
6e51c41484a3481ab0f66bb21a8b802d,0,normal,
80ca0fc4d11b41538f066776def4a029,0,normal,
9e8dcd9aecac45b2a0c2b8502bf63950,0,normal,
118c720def4a4b31b4055f4f71f1a0a9,0,normal,
f939c6613feb4f3abfa033f5e3098fef,0,normal,
7a82c06dcd3e41deb9b990c86aaa1e13,0,normal,
70a01240c71f4e6e9e42595fbc76bd7b,0,normal,
3b30795fab6b468e856ac609bddc887b,0,normal,
e5c9719a593d4756985c1a54d8d02e39,0,normal,
a53f9e8287ce4e609f7144c251a6da13,0,normal,
80b7ca67c0b9458f874994f894b0fadb,0,normal,
73641888fd814ec4aab82ab7cb7db22f,0,normal,
12e3af4cab514e80aaa3c1a62e503499,0,normal,
b1035fbac4eb45a7908c1689ca3e38cc,0,normal,
a7cf1fc695ff455089d982268b29ff24,0,normal,
ae2037eab6ca4e8699a6e089c6b7b896,0,normal,
a1b007d6f61f4ce9aa54a66e34d47423,0,normal,
e2ba1fe6e3574e809aaf69d1de4112e7,0,normal,
db6ca9a3c4214ea1ba75700cb2f213a5,0,normal,
5171850f24a94496b73e85e43bfcedae,0,normal,
beb907cb493547178d4bf73d40245029,0,normal,
7f37177d90ae478abc5b018ba59c90f5,0,normal,
744a8ffd964143d3a4544f1ff095bbb3,0,normal,
5891faac5adb4e889ce65962736b0168,0,normal,
f06270f081b74274863981ffb0e332c1,0,normal,
50a00f535e3f4a7eb1d3b0ee478ae49b,0,normal,
3a536e37efd94880a9d69f0681361f7f,0,normal,
4cc82a69c86b4e65991bf9f4f024e272,0,normal,
ba80a8dcd05a4dec95fae05f36d5d070,0,normal,
99f0d22249434ae0843b31d5ca3c4f8b,0,normal,
349ac4bce1c54c59aa7ffd6b3b829cca,0,normal,
ca7d265d660d460bbee219976365213b,0,normal,
4ddf26e444a04826882cec831da2b208,0,normal,
4b12567d6a544089ab4f491f037cc55d,0,normal,
34864758a78d4356843e0a69da998be3,0,normal,
085dc2683db845d48df739dc9938f8cb,0,normal,
25b0467c6c9243248d94a126b77b388c,0,normal,
f48cbf6486244127a989e6b39f46d534,0,normal,
765233915bb248bea5e1d382bf39754e,1,structuring,structuring_86
2f43912da174490c8ba5bf7a6447ec45,0,normal,
2943e32e3fa84c7eb62731c16674cf9f,0,normal,
075790b430a04a1e91eb0978a56c50c6,0,normal,
78f8fa995a1a4de9aa5db87419a4523d,0,normal,
7790333bcc564c0db4f1880560386f74,0,normal,
d5dfc1b4fda6471d905be5da5d423d5b,0,normal,
de1018021737491895fe215b254417d0,0,normal,
7c427b570b8541b0848f8c933e9c3641,0,normal,
dd2b4afc9bbc45c887fde9bb89b3f868,0,normal,
8a9b27f86edd470884d13bbd014f17ba,0,normal,
c2950ba50e8c407594984c43a0667d3c,0,normal,
48580fab98b14ffc978a51fb902d4297,0,normal,
94893e0617fe44dfa6f676502c7a8ba3,0,normal,
48036c3d94f1411d87646e0cfa45d2a7,0,normal,
b7fb052deba44848ad2d9d1496f38de5,0,normal,
9ef2c7e516a04c1b8530f62cbcc8afe5,0,normal,
26852ff8bebf47f18cacf52eb52af43d,0,normal,
7b24272306e949eeaa04fdebb8057061,0,normal,
aa2720f4f7ba49028cf0adf28c7400be,0,normal,
bd383f1365684269b0399c5a1db8cbf3,0,normal,
18847fdb854541a3901517a011b4c6c5,0,normal,
3cde6bd796b448f3a35d9e0286e55531,0,normal,
c24df89ad39d497bbf9e4cd8c5773f21,0,normal,
744396295c5c45e6ac0ee6266422a7d3,0,normal,
d8723db0c2794033bca2e1fe7ea5a650,0,normal,
f47df7dfd3624941953cc80254e085de,0,normal,
b877f434f95142dbbfd00ef416f5c2e4,0,normal,
37baa5f7c1f546f7b3d046f6092526c5,0,normal,
09e14c207eee4493bf0ebc72493f03ce,0,normal,
ab758d0477424203ab1c024682cce191,0,normal,
37fb5bda130c452ca41433547731c83b,0,normal,
8cb3b8ec050e40e1b9be427d67a58463,0,normal,
24cc86b08ee449ecb454eb1a135e9604,0,normal,
e17e74ff983749ae9d9df53f43cab13e,0,normal,
dcea35b3ead243daa966e0a5c342ed9e,0,normal,
3d3c554777f5436bb17d34c1c48e967d,0,normal,
474ae8b33a6c42fb91f3290a808b6873,1,structuring,structuring_86
0b9bf50e81bf49868f04f1f241d40ae4,0,normal,
256710ebb7ed4280968c4e6edb4e2994,0,normal,
7e4fd84357a248359570853e03fd6824,0,normal,
61624f0e77b94633b9479a5b0ea0edb8,0,normal,
4e13e82376d0465b9554218483108dad,0,normal,
03807336d03a4c9f893799950c57a568,0,normal,
529cc249185a490c89081efbd3b7562b,0,normal,
08293aa4e3c948cbaa20dad8b0dd72a4,0,normal,
b7c1d4f8011b4c18a4913f321ed6325f,0,normal,
0c4eb462c15f4aebbda656582366dddb,0,normal,
2425cb1faab846cfae88824a66f676ba,0,normal,
e5f3c552b48d4c2c97e6b7e2586d9131,0,normal,
bc1c37f2548b4820a16cd9406434c8bf,0,normal,
9c22ae200db348588c39621961f53da5,0,normal,
143b38f406fc429cbffe6cad04093675,0,normal,
a0cf010518c24b489eb81b6893e30331,0,normal,
3b67968cefa140caa2b125dcda6e3412,0,normal,
ef095605a2264afa81a53ed570c641ba,0,normal,
4edd7d1d4b064dd3a6aa65305d83b321,0,normal,
87a0e3fc571549129927f53daeaf71b6,0,normal,
01a99eff512f479cb5e5b725f90a0e46,0,normal,
ca775ae39264432e8d82ee7f4b6df667,0,normal,
9c1bc249660c443f80a4c8d6465bc1b9,0,normal,
c269380bbab4496395dd84164ab33942,0,normal,
87992b4762cb48148cb3e03702109f6a,0,normal,
c99b1ef255ce401291610052d7240b6e,0,normal,
4624fcca8ccd4442b5eaef5a30b3acaa,0,normal,
186e29be193c4e5684107a828f1c6da4,0,normal,
d1436266dc8747b89ad0033f03ed243b,0,normal,
9b8a90600b634e358c2da5e34d8d9864,0,normal,
1907f84a28884f10aae8d15545be6221,0,normal,
bc7867fd49a043d981f05907033ed467,0,normal,
3bf344d5825e4c928c2ca313d0de3013,0,normal,
084ab4af3cbe470194daded3243b84f6,0,normal,
e1cea4af3ab14e75b5cb79f5cfac3c4e,0,normal,
49616c6ce8f94c83a21964fe433d6d33,0,normal,
02f6a840d41c47be8fc7b02fef9ed451,0,normal,
5e82db4ce62f4ccb8b2527909da628c2,0,normal,
612efc00af344e32a6e662ed007113cf,0,normal,
5d68c82f7027447ca1146e9cf079c7a4,0,normal,
35e58477accf4f0e9e0a66ac058b290c,0,normal,
3fe2f0baff1c4f9486028d7866cd8cd5,0,normal,
ba4e15e0b9a640e69b4a0c5c2a67900d,0,normal,
919518cad1674a63960453282d57d020,0,normal,
94a2777c7eea4bc8bae29670d9c1c4e0,0,normal,
304a492b2df74260874d952bbff7820c,0,normal,
8c99c7fc7c48400f9df8fd76c90e1594,0,normal,
83b14e5b3dae443ab8f218b9cea32eca,0,normal,
c12c950d86134f639a798f7ac367d217,0,normal,
8f590223e0c24ba786bfa733c089e7f2,0,normal,
d249c928b5454cbab81fb565e34afa70,0,normal,
639f9a62ae6b4fb79f0b27b84fa210b0,0,normal,
905f6d38fbe942f0ab4f5b0236581599,0,normal,
7f7cd73ba9f54732ae112df0de4314e8,0,normal,
d08254d66990475e9b57406b2deafe7f,0,normal,
82a6ce8d4db141628a7f3f46c41e975a,1,ip_hopping,iphop_682
749b1398dd3349ffa0acd99eb65fb0dc,1,ip_hopping,iphop_682
2830f0f7827247f4bf67910853b5b238,1,ip_hopping,iphop_682
d135dc85704442399289f3b347883f54,1,ip_hopping,iphop_682
ca5741fc74514cfe910af1107e9d6158,0,normal,
83825f10f70d45db8f4cae76e9428199,0,normal,
1a54b99320404aff9fbcc3a8d1fcccca,0,normal,
95af20f4edb14410b71829757deda1ae,0,normal,
42a9f7a08ad741c4aeb42f3819470e4b,1,ip_hopping,iphop_682
463440c0830b4c11a98301ec6d7d3c64,0,normal,
b6096b73a4b24d54b0fc20087e603ba2,1,ip_hopping,iphop_682
76e48935ca334c52adb6f7708df36adf,0,normal,
ae7be9a54ee34d39a676eee15c399f79,1,ip_hopping,iphop_682
25f7014ba75e4833b4035e769ce87166,1,ip_hopping,iphop_682
a487b0667176492bbe52289b0d2124f6,0,normal,
23b0634372b947728576fbb9e608f2a6,0,normal,
ad0d8cd0654e4deb99e48a89e97754bf,0,normal,
ecbc779137f64e59b2b001e359e50316,1,ip_hopping,iphop_682
761fad5800314179b122ae12edd8237d,0,normal,
62db85a03127475993b933f7b5f89562,0,normal,
88c44a12d85d4761bee676b0a13e02bc,0,normal,
2646ee49aacf413ebfe9f14e7708344a,1,ip_hopping,iphop_682
f9b37e6bcd084943815271a54b262bac,0,normal,
b882144a93834177ad9d5a7e05307985,1,ip_hopping,iphop_682
fcb60c03691240e4a2a842956c2ace34,1,ip_hopping,iphop_682
d05dfb4b67ff45d19b8112f84bb5de8c,0,normal,
01137b98597948a390598eb4d3f85bee,1,ip_hopping,iphop_682
3ae75b13d0b54328af7af899bab1a244,1,ip_hopping,iphop_682
0633eb3787064890b6de5b93ce4fcca9,0,normal,
b16a87009d1840a891a9859938fe8dc7,1,ip_hopping,iphop_682
76516f9e410b47d8a0195e1f731b32e6,0,normal,
08db83226e9049e3bb521c9857e92eb7,0,normal,
075b853bbc124dc7a3f832e7d8201338,0,normal,
d7e9a225dd2c4bfd81e2a108df7ede72,0,normal,
1eb1a136f6f04b658422f554b1d14c1b,0,normal,
0dd3bf87a7ea426c95e90acf7682a694,0,normal,
a364db438bf54382b310b2ab36e6d2c7,0,normal,
80604e12ab814caca767ef72f06ecdfd,0,normal,
fdf049182b964cbfb430fcbec2b14c8d,0,normal,
cc6582b68f5d47a29657abd0b6e82d78,0,normal,
be5026a4c4584b90ad1328f951574ad6,0,normal,
81dc6cc6c07342c4aabae238a34f769f,0,normal,
ce1aa03f403245b3b3eb653e80583772,0,normal,
f2850612888d4c2186ddfc7a741afc1d,0,normal,
1a30b733f49e41df887863dd0d2d6839,0,normal,
9c5f2a5dfa8841a38346a4ac7239a571,0,normal,
02e10872d5d1437aa33cba4164a17b7e,0,normal,
59bdebee852849618ecc292ae73519e4,0,normal,
ad64b91dcf1d4a86b8faeee0509867e7,0,normal,
53fe7f1841e34cb8adbc6f6b8a3793aa,0,normal,
18b98115533a47f4b2a89cbe1117014f,0,normal,
66f5d704da59405cbc3e3cb666fa693e,0,normal,
57861eb21316471697860d9124ec88b8,0,normal,
85e1b483912c4fc9ae30ee93bf5ff4d6,0,normal,
f8e80663893547ca8e9b50c40c437241,0,normal,
eabc9237a83b48d98da6f0256fb38d0b,0,normal,
cd501d0cbe0f4b099ab7c7d0c478bc09,0,normal,
cd6c2b2b768b42dba9f0a7c41f39bc99,0,normal,
f38671b9f41e4323a54e56799bae7e66,0,normal,
54c5e6b24d9644b799c023bc22c639db,0,normal,
db71ef44723048d9894fb81cb8b33e29,0,normal,
efa07b8a983d40169c1c6aaa70528847,0,normal,
a24510c1d4f2496e929a4c17ba5bd3a6,0,normal,
47b0b15686b1437980c3e2936149f361,0,normal,
10a53f97209a40078fac87afed219b2a,0,normal,
e2a86cdfac2c404fb9f04f46268f70ff,0,normal,
da9cec17bafd489ca06ba1028a5041fa,0,normal,
ab41e461f7d54a6c90bcf4c6cbf24125,0,normal,
03f53420f2aa4a69993d70ca26771245,0,normal,
00462aee5df14d88abbe3b0e21f567d2,0,normal,
52e6139682d04eadb573fd29ce52cbda,0,normal,
8a9f3658eebd46ab930a5b71e67eb044,0,normal,
d6d6b6002ed74bc08d5cc971dd56fa6e,0,normal,
6c20efc249dd4622b0b4e850060288df,0,normal,
ff7a17842d084aa8a2650f44d54d5ca0,0,normal,
580b92f57f7d4e69860e40232dea39d1,0,normal,
0f207ff66bc44de8a7f4cd9bc1d59489,0,normal,
a2b9f907f2704f87a63844575dc373a7,0,normal,
9d9e6e2ba15845508e1cd0c360b5a2f1,0,normal,
349696e9592a42a9b18580e6b7213845,0,normal,
2ed7af1a6bea44b9b25620745e0ae229,0,normal,
68f567bb92d64d43b689ad8e495c32ce,0,normal,
86ea8f6f90f74c8e87d88583f63285f5,0,normal,
161d5ba64eb640e2822c5683df06943d,0,normal,
1bfe795c9c53432291a26514db4f9849,0,normal,
c5b9732f3adc46a899788f62b7daab40,0,normal,
cc2e19a521344f998d812933d064b8fd,0,normal,
83a1c5592faa432abc1595b48ac51226,0,normal,
bb12553f3d6d4afb998122f0e36389a1,0,normal,
04a08c9304ad4841855a0a7f13b523b1,0,normal,
a4d7c5f55dd64e29a416b949ad26866b,0,normal,
d9e172d986cd4092b35cd254b020fa5a,0,normal,
f96228c742a448f5b32b755b3eb1e899,0,normal,
acde9c9faf6b4e39b4e6e0c28ddd2f21,0,normal,
50d542ab9a824680b8ca61e4aa11c181,0,normal,
8a1d02b3d78a485bbbb5901d640320df,0,normal,
9cf45a73f77243cf804990b39c7e4473,0,normal,
a9d2e84060b74972b44f5680f4c1ecf8,0,normal,
dd9156bf78cd4703a1f47affcbd8715b,0,normal,
92cc82f86d764e609b4ae955822489be,0,normal,
8551f8f4ba2f44028a904269133e71c6,0,normal,
b3ae107e00ef4ec3ba163d87d9ea2d1d,0,normal,
66a4f9fb8ff34512a76e36868b226875,0,normal,
c01995589ff74d62bcd0523bf3646b8f,0,normal,
15ee3de5180e4e888989c2782b5185a9,0,normal,
a04e63d8a6e341609be7c67302328fb8,0,normal,
739dba5734d84f1ba459e08c76c39567,0,normal,
048bba08ad1041b2bf646bc16cde7783,0,normal,
b947fdb0447449b386d26dca17ed8b51,0,normal,
67b5ed2acb51474994427ef90173a791,0,normal,
8f696e17cf5544ec9560dfcefcdb6e0f,0,normal,
9a77b2e58ac64f12b76aa2f0fae234d9,0,normal,
c88562c2a9854dde9733f6fd26ce076a,0,normal,
9321dbfed1c94cb591d508d945c517bd,0,normal,
d15dd0e5d64146fe91b3871a0c49d80d,0,normal,
1f5991cfd48845cdb50f94c5f54a1df2,0,normal,
9039ca64172c4586a868ace9824a178f,0,normal,
bae060ee0c184223b41133b160826880,0,normal,
6d1cadef42744ed492a1d44c5e097bf2,0,normal,
fb49dc71ce65436ca5739bf2312ceb6e,0,normal,
47f3898b3d0546729ec5bc0e12d481eb,0,normal,
c736ea0d45d94b67aa329711913dd339,0,normal,
39a8e905bcd1411382c3fb2a5e7c73dd,0,normal,
01fccf41430c4160936d847b0f6db441,0,normal,
15e1cb4ec59e45a3bac249e077137708,0,normal,
f020e7b824e7496c98cc534e6eddf0b9,0,normal,
11d8b3a3f94e4f79b0d70c999c5451e3,0,normal,
5ade38129e3f4c01a2425def00ccf77a,0,normal,
5df090eb1315427d82a79ea6908d515b,0,normal,
59b39c0cfa474efa851230ffa2362d63,0,normal,
7cda90a7a3e64f9a9c7df1888c9ce0e7,0,normal,
4db280a7d29b4066b7cf30e7c652bc26,0,normal,
90e8524b6be040d0bf3065e3567e63cb,0,normal,
7e2d96e74bc149cc99c5fc329bc5bf24,0,normal,
97cbd143a2024526b3cb52af05f6665c,0,normal,
9f609c34e99641e28022b359068de58e,0,normal,
777b4d47e63744318429df3cb96b5460,0,normal,
6cc2473239c74e418a2b399f140943b0,0,normal,
bb67bd24984a4e848d713c035a24a4c1,0,normal,
ebb88db76e744737a9832637afbe15db,0,normal,
a8649ae00c2442839b87814b7afab7fa,0,normal,
1eebbdf493df4ae2b2824d9e0d44158f,0,normal,
b4ea23b508f245a795178b6a11ec543c,1,ip_hopping,iphop_740
dd15e1e1804f4bddaca96471d557b3c5,0,normal,
a5e3ad1653b345ec83ce9b379e5e5395,1,ip_hopping,iphop_740
dfd80e45274c4cc3891b0c659df499e4,1,ip_hopping,iphop_740
0a57a3958c404ddfbdee7a429cf710c3,1,ip_hopping,iphop_740
6ae33627ae244a54a4da20614e68a708,0,normal,
7d5f48c8ae9a4baf8be7f5ca9aea5aea,0,normal,
86ddf33eb50c434dbbf53697b54e0699,1,ip_hopping,iphop_740
86d3c50b1e86499c8c8e90f37a04fbf9,0,normal,
d214fe99335b4c5f95eab5398203133f,0,normal,
287987795b6b4398968fddc935b88aac,1,ip_hopping,iphop_740
560f52ab0c1444c892eb9ba8cbc2da5d,0,normal,
1e4552e8848c4b9a9e0b389353919162,1,ip_hopping,iphop_740
91bf3f8a0c3c4840b3e22eb910c98b38,0,normal,
0e045c751c514c91bdf29f5721f18965,1,ip_hopping,iphop_740
cadb2dbe79794620966ef47ccce5f155,0,normal,
fb449309cb66489388920547e0987fbe,0,normal,
f055152a82fa4f818ad7598e94245551,1,ip_hopping,iphop_740
c6570d7ec6944abbbf0ab21e5e50bd87,1,ip_hopping,iphop_740
4167e0d3d9534974adb3021268d22486,0,normal,
e4bf375b0051447a9c8a15cb231bc99b,1,ip_hopping,iphop_740
e772858abf684126b71979e0441db325,0,normal,
e33e5dbe03d4459794fa0c53879e29dd,1,ip_hopping,iphop_740
7f533b1957f24f67a4fc6a4df7ab00c5,0,normal,
53fcb5e44b4641428fb8e50ba7189c80,0,normal,
755c0665b5fa40b7ba0eabf0daa01921,1,ip_hopping,iphop_740
f5ef0f7917544f16912cb56bf5db961d,1,ip_hopping,iphop_740
8533304ce5584275bf1b0fe94c258ed8,0,normal,
e7306cae78684f01bca72353f95a2ac2,1,ip_hopping,iphop_740
aeeb08bc329c4c6da12065040ea00f9b,0,normal,
9b5880fec88f41ae8310b35b160b4dc5,0,normal,
412d06a6c36645419b0c584ea0d79ff9,0,normal,
1180b5ce5d7b4122a36c8183ec45f33c,0,normal,
6f318c2f91e04d22af0984bc62ad5310,0,normal,
9527a3abaa914b5e8f99f8423c5ad85a,0,normal,
3ed51f08776744f68027f3f2a9d055df,0,normal,
871f2c31ceb7462697d620a90f6a7750,0,normal,
c00be5452a344294801b1e7ea53cb846,0,normal,
8284b21d67c7492c8a28ee09f2138472,0,normal,
789e4203c73c4252950af4c8f5f23f83,0,normal,
4c7002624f004409af7d8e30b99ef9ee,0,normal,
7a180bffc5d54166b04466ec80497540,0,normal,
bd0ff40c03ac4f9aabfb99371dfd1de2,0,normal,
088ca6352f104bd7976aa511e9c1e134,0,normal,
57750d11173f4adcb258f10a6ba8d0e9,0,normal,
fedca9733c4d417ab957a748273fb0e1,0,normal,
f3d2271a293743f6a78bb52ed37ca5e9,0,normal,
beceb1ed5d9c42ef9ea26cd2e9f6ac14,0,normal,
2d2ddaa7ee9646e08adf45baa1e58ebb,0,normal,
75d754fb8afd4792b2733b8c7b125812,0,normal,
6d60732bf0a347c38ab35e71e47ff790,0,normal,
706e87b95a014880a45bb789a12f35d0,0,normal,
f20e79ddb3304f068d919e0837f49840,0,normal,
cb5b2b26a972433f85f73e29ce622856,0,normal,
f7c94aa7d35340fea348acba74083058,0,normal,
a43d910cb80e4cb29fda20a4e5d16f12,0,normal,
82f2afeded8d4adcae63c037c2aac52e,0,normal,
41dea0bca628482ab022eb7d9dfda78a,0,normal,
2d42d9b46be74e3aa2312d9d20fe69c0,0,normal,
5abd530940f94610a71412b9cb492e27,0,normal,
4819d320dba8476b928b8996d500a0e4,0,normal,
8508abfaec1a4b4ab8dd9a2d6a7afa7c,0,normal,
b16e13a3d9874c27bcec1ceda9a739c3,0,normal,
30f13d29d72f48d79c8370a19cb1c8cf,0,normal,
b6d7e0d4b3a14f189e1c6ae32916c472,0,normal,
5b1fb8a8556a47608b24dc6b8fc08083,0,normal,
d0f664f57624437ca46396536e8d5214,0,normal,
6432e4c8c08b429a9d4b9836ddc898aa,0,normal,
2193906e8d5d41ff9bbeba48f0117a87,0,normal,
1aa5123d87774d85924da86b4e515c63,0,normal,
ca6a922cbf5d455087cf6dc128ec1d29,0,normal,
2430341dfc58458eae85f71440a970ac,0,normal,
c8fee93e782e443e9b5406f7e630cc98,0,normal,
bbca2846d1cb454dac2d683d24541341,0,normal,
f2130bf031364fc1be707bf676830f6f,0,normal,
64cafcbf16e0488b9126cc2552711d25,0,normal,
9ee25fb2aa8842ef96ae52763af84d5c,0,normal,
c5d20dbcd63742e2a4bc8dff15ac3aec,0,normal,
1c8b65ad73084f45bbd429c653ac79c1,0,normal,
9f40ab1645194003bf9b360be1855a33,0,normal,
dd6a65162fd54c7f9b872fdd9d8122e8,0,normal,
a48bee06d31c4b79b2772d9cbbda046a,0,normal,
81e761a1c130403bac7f8126395ac964,0,normal,
6dc2ec94849249709b59ea0c7d00f348,0,normal,
1a41aac0c8b64eaf9b97aa9172ba010b,0,normal,
1a122c86b7824acda136dcf6247fc4c4,0,normal,
3e101d1b60ad43d992f1f64beea022b7,0,normal,
9941a73c3fc046b290b3ad39329c618c,0,normal,
1100bdb707d74ef4b538b8d910cbaf77,0,normal,
22e36c53abbe45bca54ae68839f68032,0,normal,
f698b1bb89e244099a157b502d4f2dd3,0,normal,
6706de350eac4c9f83462b49f0853f4f,0,normal,
20f2f757bcd648839d3cb69d3b644b97,0,normal,
938755ae127c4838a8a76b9c2c171e94,0,normal,
0e921e156d80442b9037504b0d4b8202,0,normal,
e47a1c6616594f5aa588287ed384b964,0,normal,
b18f538498654b1e9d1b376192f4d891,0,normal,
de9f638d2c3e4b3693025790ac1eb836,0,normal,
e67458b32fea407686ac91896060f0fa,0,normal,
05a05bfcccfd474abd9d5ccaac23ded3,0,normal,
c899af6c93bb45949f4bd6b21693dfd2,0,normal,
80a3bc797e4345e1b7080d4ce5d57c1a,0,normal,
bd70ea80a3024c8f83a8187a7059ab22,0,normal,
6ab0f9c6404c40ddb0d49eb7d8fb114a,0,normal,
06e7f875d99b4ff6b1bce6a53c7f86cc,0,normal,
95c7136e9f3b4c19861f104fe448c13f,0,normal,
311cde308fbd4e01b17b846bd37c11f6,0,normal,
8f38a4236e634f0ab8578ccebb5057b7,0,normal,
ef31c6832e5c4485a868a0829ace8dcb,0,normal,
2972da2bc77b4fdc9209b58e557e160e,0,normal,
582ea45dda244ae89448a52ece33f513,0,normal,
b88078e3245541bbb840b182a94b28e5,0,normal,
09effc15f452442f816612ae6c9c568d,0,normal,
c20271cf155447ab975639f659b87b45,0,normal,
97d1277d88e14535b847efca538230be,0,normal,
2e0c2b67b7774a7ea4d1755307d7e47b,0,normal,
58c58b0a263d4210961f3c338b43a392,0,normal,
511a6bd6c90e404cbe10027488ee1150,0,normal,
eac4b6e180a44b39b9f23dffb3d90cf5,0,normal,
963d1e061d424a7985712ab025ddd899,0,normal,
85bf4066424341499828495af468b2ca,0,normal,
c08357146621499da24bc63526b7dd89,0,normal,
3c1c9adb22fe45ba8b2f112c34abe409,0,normal,
4e6d8a246eb8489f9bb38e8d3e3ee771,0,normal,
f1bd547214bd4913977775c19f9525bc,0,normal,
7233a7a7f011426e858a9048989a6633,0,normal,
4a378606e36a4204b7d2d235e4acf415,0,normal,
963dacd03b0f473681b94c42e9cca6fc,0,normal,
a44b380a11d540b09d32f1498e592817,0,normal,
faa55fe0716c453faff5b2c510d55cbc,0,normal,
cccb1730f3db41fc97af650ef193b8f1,0,normal,
160f91b91e524ab5b52fbb4830dfe2fd,0,normal,
ed980fdee8ee44ab87bf44817cfdfad4,0,normal,
3080e286c3eb4f2eb87e86e8a71e5ae0,0,normal,
f5f899aedff040978d6932b48fd7daf4,0,normal,
303e51155edd4e46a6bdc2b83687cd83,0,normal,
afc53d6987c74cffaea194964e66ea8f,0,normal,
ec9f3ee4388f4a9dbf3e006bee0aeafe,0,normal,
515719b611c14dc4ad6f6fe721cc4852,0,normal,
54710e5b9f6d4ab6b59a6e2a8d358950,0,normal,
22c4611f83064a7da3d833422ccbdbe4,0,normal,
1f13e477313444318cac69975d0dc2c8,0,normal,
f68ae53f22b3447b88e73b7f57987380,0,normal,
ea95cf60f6cd459eac3a8948ff1dc44f,0,normal,
b21294beb6404881bca84884325ed307,0,normal,
5e21d6eb21b04aecbd328a950e3b72b3,0,normal,
16a76c17ca2b47c0b31f3ebe6358f8c5,0,normal,
eb9a0e15c49841ecae52f9f0741a4325,0,normal,
a42998789d27431db0bf9d201031b214,0,normal,
00d78005cc5340b0942b79b9ec03f44b,0,normal,
9cd8c2744ebf45e7909591c4efbe608a,0,normal,
48252eba9786449f877da2b2ed5d3b39,0,normal,
8fbb9dbfd1254c568451d4ed9f88991c,0,normal,
0d9ba4cd508a49cc88e29f94d79838c4,0,normal,
efcbb58475af4072a43691cad488f48f,0,normal,
cef73b8dae5343edb5c5d3d3b465afe9,0,normal,
346e3f12fa8140b29646b2c81f20ab9a,0,normal,
a6e08d40d61b46958ac1d7b2d232c130,0,normal,
57a4e227fd254bfabc31d3c793b4024a,0,normal,
898ea0b0be31497bb287406928d018de,0,normal,
ac26538727c241fbab1247eb5b8a79fa,0,normal,
c52b1ce600ea4e899978e9e3466dc2b3,0,normal,
88c74417ae134711a013d49821687233,0,normal,
3feef49e2d9c4c95b7da174041adeb1c,0,normal,
67bd475c1409452db1691b86b663c1d7,0,normal,
8a06bd067393483bb9fb532b017c768a,0,normal,
6d3a75c50b0c437cb0bdcc9847a35783,0,normal,
354a93791535466e8f0c7acd38cf6fc8,0,normal,
a5d703f847684039a6d5b96b0758c40f,0,normal,
2da3ba927778462c90bb12a68b3cecde,0,normal,
2ca723dac0b64b0a8c91962e18f1363a,0,normal,
5b581ad20ed748ddb4736fd9cb330bf7,0,normal,
7900f4aabad448bc85874d0b0469e7a5,0,normal,
c8b530ab74ff49a9b28401f691acab6d,0,normal,
dba72986e54b468fbda332bff2d868a3,0,normal,
e3ac58586d944125967903f264cc535a,0,normal,
de14b1f9fef642dc92bf1e68956a9e4c,0,normal,
278fc1f431b6430e8822a037342ec8a6,0,normal,
0e9953d398f8418db80dbcd4644186b8,0,normal,
072272f224c342b5b8ecfea8ade916af,0,normal,
92e64cfaf11b41c483af02842ae891bc,0,normal,
81168bedb1fe4527ba9ad2f64e05bc32,0,normal,
88e4d498683c4f1ca0129a6b2e72332b,0,normal,
5528a225d7ce4a96873ba962c50fc048,0,normal,
0ece327372a6487383b1c430c1646c99,0,normal,
19cf9ecdfa434a70a6e2cf10606f6993,0,normal,
41517bbfc64342ac92971bf6a91e90e0,0,normal,
5e02f14ac0454da0855fc6571239914e,0,normal,
660ac791546241c8adee82890e3c6105,0,normal,
28a0d48705054e0799e76de1849deccd,0,normal,
c00dfd8fb1c74690b15687c2736d620d,0,normal,
6b69f30e45b24dc68bd5f14da091d81b,0,normal,
6eafcf0752bf4f05bfda3a1a9038885b,0,normal,
bece9f6270e34a40b3dcb6338d4d9404,0,normal,
f74dfef7c6d84b76910f4844f19c4c95,0,normal,
72633a5a15c64d5d9333367dbd7ac92f,0,normal,
c409d959e1a149e7a587d493bcfda701,0,normal,
341fbf15597f4f559386b20dc67c1180,0,normal,
7b0ec07d75a2474580429d7b1bb3679f,0,normal,
36350a2beac34687bcb6e77c4322b04e,0,normal,
f5d8ea41e7d4453f889ca0b9094dd5b6,0,normal,
4a760382b6a34693b31012738e00f6f6,0,normal,
2b140f04bae24706baf6fb4c53852de8,0,normal,
121ad1a898214045af70311a9e525033,0,normal,
789c92acbcbb47368c3ee3e485c49abb,0,normal,
11bf3bd7588b49a5b274f3f3dde5c10b,0,normal,
2b7e1574b12e49ea8ce0369e57cf0759,0,normal,
eeab37c31a354b07b77b9a9a90338880,0,normal,
e4f3b2d9917341619e131a0e2f9736c8,1,wallet_reuse_burst,burst_200
2e8ebc6053c240eb9f395c9e52bfd249,1,wallet_reuse_burst,burst_200
a6652515c59449c5a4874dab7fee054f,0,normal,
24bcc39b50724fd6acc9a7ad82bd3ca2,1,wallet_reuse_burst,burst_200
12d4baa2fde04cd8badfee6ae17e43a9,0,normal,
f3a232db57554328b5c430a64fc8ec87,1,wallet_reuse_burst,burst_200
a54fdf6a8d354f53a34f75d042dc1937,1,wallet_reuse_burst,burst_200
a3afc02c4d7e47cb8d6d81d958566fcb,1,wallet_reuse_burst,burst_200
ff96fd4c5f0c4ef1b20880f9f4c51512,1,wallet_reuse_burst,burst_200
e579285ca3ac4a8cb6ec9dba85a97066,1,wallet_reuse_burst,burst_200
27226be7356e4405ba49c685673235c7,1,wallet_reuse_burst,burst_200
3087d8e68cd8444c9230d0fb2d76d3b5,1,wallet_reuse_burst,burst_200
23e35e0b6afe47a8ae9b11b901c7fa8e,1,wallet_reuse_burst,burst_200
2c99b4c5f8934db88923de04959f5171,1,wallet_reuse_burst,burst_200
e87f0d31ba0a498db36c1bafa80d5049,1,wallet_reuse_burst,burst_200
12f01966df3448548df6436855372fb1,1,wallet_reuse_burst,burst_200
cc36372444d4444d9b1c517f4e983165,0,normal,
ba8cdadf3ecb46d2aab83b49f93ab3dd,1,wallet_reuse_burst,burst_200
dc2e05fce80f4183a7fe920786dd2b75,1,wallet_reuse_burst,burst_200
f16151583e7a402bb1b58608d0941f24,1,wallet_reuse_burst,burst_200
d882af2005ba4b7a951853cfa4be0bf0,1,wallet_reuse_burst,burst_200
f3931178a0c64ea98ee8867e9d0f41f9,1,wallet_reuse_burst,burst_200
f3fc7a0059bc4c4d8a9831d076b7396b,1,wallet_reuse_burst,burst_200
2c2147ba73d34e17ae6281001ae60a37,1,wallet_reuse_burst,burst_200
75c048c550804e249642a977c32ab9d0,1,wallet_reuse_burst,burst_200
3d2464ad591e4355a53c127f6a491893,1,wallet_reuse_burst,burst_200
2e68022141804800bff93f3e65d9c41e,1,wallet_reuse_burst,burst_200
160f132a93a24b47b06c641d1fb5f2c6,1,wallet_reuse_burst,burst_200
7817256ae04b46a686ea2e15625e4b20,1,wallet_reuse_burst,burst_200
5cbed3ed4d824a85a5b43e16d495eb30,1,wallet_reuse_burst,burst_200
3a33ce1cc2dc4280b0003110c063c3ec,1,wallet_reuse_burst,burst_200
f028d7d19bf446cd95c18bcad9dd8d27,1,wallet_reuse_burst,burst_200
be72687d55814b96a8598f7a37e36621,1,wallet_reuse_burst,burst_200
aa57e2ee914b4b74a86625196d6b5a0f,0,normal,
e91fb33e1c8e436aa637b78643b00187,0,normal,
0077cd463da3456c8af73fff1a8f4bc0,0,normal,
7a3a8736e3d54b4a8a9ef88906752473,0,normal,
fcc674c3ba0b4e95a535a8f7c3ea88f5,0,normal,
9cb9d610ed214ccd894b35954272299e,0,normal,
9d52da6395d4490ca7d4eac6ace2b5b2,0,normal,
945d5c1b6ace438f83e307fb85a0c1ab,0,normal,
9ec23efd25eb4bf9a365afec8b2a000b,0,normal,
3a53296a31da413487929ba1fd4e6072,0,normal,
ae833b7611ae4667a11262a14a08c210,0,normal,
aa0efa56ba02430984d5337a6492f7de,0,normal,
ed30099d69984c138824e420349bd9db,0,normal,
c28d79a1b7c946a4836042067e203057,0,normal,
cbc172eb12a142e7aaf97704c4a94f48,0,normal,
771942afa88c4a77bd284b6fd5f19aac,0,normal,
4692998ba0e042d890f3aa229b5d5bf4,0,normal,
72e8d2136e584d239bfbc7decc20c2e0,0,normal,
c3d5d3d8f2694491906ab682721e5aee,0,normal,
91bce872fc054e08a389a00599f51370,0,normal,
55e2bee3909d4c4daed5cdf004876f80,0,normal,
ff4b3bb6ac58412d8c312273c8a79cb3,0,normal,
d83715a5dc9d409c941bb5eb8eeb25bc,0,normal,
ae1850bb69d0467f9a66f9c7a2e20c98,0,normal,
55520258adf74e57bbba2aa35e83d378,0,normal,
006e6e85174d45cfa46f93c17c5c8c89,0,normal,
bede11825f89494aac41e8d5af4db391,0,normal,
b0f6c22a50514b4780f32addea21805e,0,normal,
413fcf34c1294a50adf49b749c5ed75d,0,normal,
007d42c878c94f45957165526dc44788,0,normal,
32244458797c4fd0ac17b19eb89a01d4,0,normal,
933777598440434c9a23f1e8527934a7,0,normal,
6245e1b71bae41f693619e1c5fded549,0,normal,
23cbe090cdf94b0cb083b345da883466,0,normal,
cd9c15a73a774bb7b428bbc33d7bb425,0,normal,
f70ea7271bef429b980de595ba499171,0,normal,
d3b5b5b8fed248c68d6ccd78e5b260a8,0,normal,
620b759a820b4caebe273de1e2597a0f,0,normal,
cc708e72b3744fc5a3430759735b30a3,0,normal,
f6a6615d9fac4b78a3fe1eb68e3d2d3c,0,normal,
a6dd1b38cbe440d6a3d032a3145186d1,0,normal,
a0540ecdeb3e465297b532c8a8389510,0,normal,
c9948977ed1c43188bae2a0d59e9d808,0,normal,
a3fdf6d963944b4dbd94b3594870984c,0,normal,
7642b4ae01214b27b569ae17d0038f8b,0,normal,
959ee5df45c649c39364151e929bfff7,0,normal,
89f756b0e1a64469906fb0d88c8b430e,0,normal,
ae49ac73871f40f09d1734155631b9d0,0,normal,
8fa0ca75bad1427ebc35c10a229dddfa,0,normal,
0b3c6a0f3b404788ae6cdcb03b7a7280,0,normal,
68ada18a705e4570a7f359198df6fadb,0,normal,
bed5f31e6841494da2946297b69576cf,0,normal,
81dd43dc2c2049e491676cb180e005f2,0,normal,
691d4b11f82d41898139f7402e204f04,0,normal,
ff639f0befd74b39b2058a34d98969e2,0,normal,
6f744f57260f4cf1930a32a5d1eb851e,0,normal,
24011c6c1f114c34883310a1e6538466,0,normal,
5e550e4d5a5e41eeb56f1ec3527704e8,0,normal,
4a6ddcc09e144c918fd3f8b4efeb5bb4,0,normal,
262f68076cbe4479aff59f1ad0c72e87,0,normal,
f290848f7c0c40d6ab04867eb61ed7a5,0,normal,
9f81ad8f46b54e719d3999c48a8ff147,0,normal,
391f1fedc5164a17acc3f20cc7d23230,0,normal,
6579877843f74db2be063dfb4266c5ef,0,normal,
66dc85d2c62a4a8c8020ad6d69347696,0,normal,
da40a9b202e446e28bd9e722563e9037,0,normal,
b2c8931ed78f4c1a9d0ae85caad027a7,0,normal,
f024028bc9674e528a62c2aa7e99ddc4,0,normal,
a0c73c44c47740a6a14d38f1f27b9764,0,normal,
5ec96c9f015c4fa09b127b22082c3f22,0,normal,
361d610c48984ee3b342b73b08ff7a8e,0,normal,
e316e88344274a02b3fb49e74a6254f2,0,normal,
05e94abdacc24874a1c6fe340e34e1fe,0,normal,
4ffd1298cf2944aaa626db6130322e50,0,normal,
072cee5cdbf54aee98d163869bc87a81,0,normal,
7b0e5ae062b64c92941c27c17d429eaa,0,normal,
d00790ee79464dcfbec8f78d60fc40bc,0,normal,
d34951508cf7406aadce50fbb3765948,0,normal,
9831e61def674bf5ba03d99c4ff91225,0,normal,
37d7bdfbe884482faddd0a42ffe67353,0,normal,
494e42f90f2d43a48cbdbd2764c4efec,0,normal,
b8d3d65ec3d74ca3bd9f572462cf348c,0,normal,
a393f9ecf9854e4cb893b3f900758a32,0,normal,
3aab60df988748afa428841220f077e0,0,normal,
6781aa4c496f4c7cb8ce262d7b0be310,0,normal,
d8021ba05200452fb1db13404a87a2f9,0,normal,
8084bfd1d7c0424f96a981d2f2e0ffe0,0,normal,
c7274bc27417415686ab4f1c67c55f5d,0,normal,
1f9e83851692454ca1871d22ee8ad7c0,0,normal,
32ce0fc953714442a246df2cc3706733,0,normal,
c760f55e3ae0454f856ce615ce4cd5e4,0,normal,
db88e21cb878434ba19fc560295301dd,0,normal,
c06796881a35451f931db040459a56a0,0,normal,
bf2709d78e6c46c6a0daf67240e0b460,0,normal,
dfffc894ddd242b8b904f64d0c547c4c,0,normal,
a32c76e67ea349ba8e5820b693e5798a,0,normal,
dcfaba3f4bc847d3a2480da1f367829b,0,normal,
ddad4d392ee8463ab4132c5806bbde37,0,normal,
92d3a52a2bb940a4a794f31789522251,0,normal,
ce8c67669b6a4954a3b688e320bb6143,0,normal,
2c320f46062942048d80a0117f80fb50,0,normal,
6b808b7fdb0748ffb24abc379349a771,0,normal,
bd8f9f63abb846f79851a9c9b694b2a8,0,normal,
c550988dd9e3442b913fbf42c2a6e207,0,normal,
e6115a1976ee42f78f715716e59a891b,0,normal,
b6685457b86f477680fa0e3912b2d94e,0,normal,
235324dda0914c3ea2809f0ef5eaf280,0,normal,
6606ad2cb43b41539734e6a555e1a764,0,normal,
70b7169b2ca6468db36153097f233264,0,normal,
23292870c3b94ac2816f9d570cb04aa2,0,normal,
255dabb2bb38432e8caffb2def9d1d86,0,normal,
95d65eb8e70446158a0d10cd17856401,0,normal,
8f81bfdab9f54631af35b2a62c4b16a2,0,normal,
e7b32566698e4f3f881b223ee66e60ad,0,normal,
c531d092ad564812b41745a73b73acbb,0,normal,
8bf4514fdcb54c1795ef7be0e645f68b,0,normal,
4e02a4fbcdf64071aa753eefc2d82643,0,normal,
c9bf7ce64a0a4146a9549c33c0d75a64,0,normal,
0d7459ccbe6e423f93464f6f64559d45,0,normal,
9d54d0b68cdb409e9130800e7246a9a8,0,normal,
0b6ca3a24a624f529ace528d67753b65,0,normal,
9e1d6bd6a8a245ab9454803cf6cac57f,0,normal,
92db724053d04290b5b3efa52c4f1e6b,0,normal,
2317fe9bdf9f42c39199c4c57a27a5d3,0,normal,
32407bf05cb24211a8801a7d2ca3d79e,0,normal,
64102af5c90d4344a549c324f1e5ad1a,0,normal,
489bde57bc1d4cfc984a2ba25bba061e,0,normal,
3352fd73cf314d63a1d12f35d20a423d,0,normal,
eb8f4ecb9b8747e283d22e9ab711ef5d,0,normal,
d4442c088c544fcd975b58c94dca044c,0,normal,
a98127d5991d4ca5bdd3637f92acc12b,0,normal,
5fa4d769027b4bab9e665617f55ba803,0,normal,
6824748714e44b0fa5d49dd41df3781f,0,normal,
f672ef7ed6724972b883f1812a4abac5,0,normal,
d0d6e62b7f68456ba24bab70fa85309a,0,normal,
2f727091940d4612b9aa49d003288472,0,normal,
904c35b8593647c1bb5d288cc32937e9,0,normal,
03612b882c824ee6ab4e09936f07b56a,0,normal,
0e0d12faf5c14ac6b1c4fef22cfb4a9c,0,normal,
47842dd349644025aaf54cbd6c835258,0,normal,
c0d5c8494fc3468cab9a105f23e11aa9,0,normal,
a3892b9945334fa39b976eeb9416fba6,0,normal,
539593cfe4e94e0dbf4bf7add03502bd,0,normal,
cd7f3ddbab4c4235bca446261e969b0d,0,normal,
750fa2bdaa9247d2b85fa4b10d789a06,0,normal,
89e9aa2a65f645248dc7b5589c432b65,0,normal,
4380991862a5485383ffaa92574e3c77,0,normal,
89dd12a139f540b68e22c5785824fc19,0,normal,
69e7a877c41f42439548647201a29e70,0,normal,
93fcbf23d30c437883241cc5264df63b,0,normal,
c93452009b0d4814a464134f9c6f052e,0,normal,
baea32b5dbb541e58388b005aa01eb52,0,normal,
051befcd7fde41e6a752d12961665148,0,normal,
d0751883c7a5433285cbf330195e7269,0,normal,
abc29f8760de41db9c06d7225d486836,0,normal,
2d6701f2556e4d248a37e01beb02e852,0,normal,
d72c3850584f4df5b067b1b2bf3176c9,0,normal,
28c4dd0ad06a4d5883f5acc2974b3e20,0,normal,
993b56792bd24357a567038529ee96b9,0,normal,
a00e0a810cff46edbce156cb7f994621,0,normal,
c7001757d0c940b9a58b7c29314452d9,0,normal,
6130989f6f1e44918130c2abefdaf69c,0,normal,
37380961a5e34a268022957de5fe7052,0,normal,
2bc73c6a1c614156a6008ae3cc7f77f9,0,normal,
86540334230b4e79b5a218180584dfdf,0,normal,
02a326b5fd544211be59b5d608d39e41,0,normal,
e9ba34489f6443b59c19fd1ebdd55774,0,normal,
ce927019166843ab88e1ed8c30aa032c,0,normal,
687b716f432949a88498f8d8639a19a0,0,normal,
cebc87f2ccb44fdf92590e354856f822,0,normal,
7e73cb620a314c1eb7ea4aac3faaab0d,0,normal,
896b1aaa09524f2c9ca14948daec090f,0,normal,
4cf62350d2cb4e18a455d4595fee530e,0,normal,
c5ec2a198f60463291226fed3bc7ad16,0,normal,
70aa65ed2bb643df8e8c08146d4c1291,0,normal,
fe6e040e98594e4d98bdc19e69fc3af7,0,normal,
b0f3805d76354949803c8dcd3b904df7,0,normal,
48a89b5d963d4874b593eb5aed9f7d01,0,normal,
b9112e241e23473d9c15d659f31b408e,0,normal,
54102b86897d4eeb92d7031766ebe81a,0,normal,
c4ec906965934389bb0f090509fcaca4,0,normal,
087d7b731a47428b873cddd148861e7d,0,normal,
b2a0147e3bb440788efa53b2a67f75ce,0,normal,
b6a22b0200fa4725b39818234cde092b,0,normal,
288b640becd5455fb37ade49993620ef,0,normal,
3b0bc7d49e36495a9cbe7bb631072a4c,0,normal,
4f87f12a611f4eb9a806216cbf4a6ce2,0,normal,
6ba57062a6fa4028a5196b36b40ed136,0,normal,
fafdd6cb42024fccb9a86c059749d995,0,normal,
ea603d4c19f04c14996896a1de765e09,0,normal,
e1aa63b1d8a9463199ba36807581494d,0,normal,
15a73875919a49cb80ee6f9e00f0dd5d,0,normal,
bc4dcc64be824e4fbe057e2edad67f38,0,normal,
7b9b2e6010054322b55414927ac89ff5,0,normal,
b82d71d35a024828892533ec126843a6,0,normal,
4706d411229c4d49810ccc7dd3765e3d,0,normal,
8c9ab07e62f94534b42ba00361886142,0,normal,
9b6c1d246d5242bbb4ce367dfb81907c,0,normal,
d8cda7a4c71f41d9a9ca1e776b3d6bc0,0,normal,
90469b004cb349a8a87682133f4e4e41,0,normal,
f15bc91b97ed426599195e1c585cdd28,0,normal,
174535fdd08c4037a237be727c7d02f7,0,normal,
b2628ab62c9d4ea48901e11f1e8f4d6a,0,normal,
d3f6f2497b354e63bf5b5d5d0bb8d81f,0,normal,
b6199d4a85b747cf9405d2e1a78b8f37,0,normal,
f080e8eb4502408bb66930fc4d179ae7,0,normal,
4a647754eecf401ebecb4c9c458b5d01,0,normal,
c8de03d319f242699e5f81d66d450b57,0,normal,
36e868f8c7a34adaa4d5b93f1a862eb2,0,normal,
32be0bb1c1f945eda875338417efcb71,0,normal,
6b399d433b1b435e8689f3ba70d60c97,0,normal,
9cc8889c97d64bcb9bb03dd21550ab6f,0,normal,
4600eaab2c634e7883a096aeaa49f64c,0,normal,
7de95529785d47f58e178ceb48eae150,0,normal,
2836cf561e4445b19f0a022b1c63a46c,0,normal,
a55ee741053b49e790f2f4bf31cd7d80,0,normal,
abd1cca30d1246f8ad2cf5b0570a6bee,0,normal,
00d152cddeb640d98ab8f5a1d4b46975,0,normal,
b81dc71a61b44ef4892ce213c8fb9c5d,0,normal,
1180b952fbad4aed981d5fc2908d6f20,0,normal,
c6cb4cc87898477d9cd0975bfcc8b4e4,0,normal,
dcc8ad7614854bcf904762311171eb9f,0,normal,
c6f55cf0062a47618e038df219b80969,0,normal,
5ca3bb92a3644ab19e6e46d16e286831,0,normal,
39f636eac4a844849895b92b343db26e,0,normal,
8d362eaecdc84cbcad188220c1d70814,0,normal,
7368d2e6fea44e7a80ab7e1d0f2f3353,0,normal,
6b9f907f53e544b6b5668c7888c5279d,0,normal,
5e3b295024ab43009f594d0e6a8ccd02,0,normal,
9e7fc03c8d134e74b58a72a2f87199cb,0,normal,
37ad03fc6f514fd0ace06952f806b596,0,normal,
85bcea8db4bf45a7a716d46a640afc6b,0,normal,
573182ce401f448b8e658736f390618d,0,normal,
8693ecfcaff8481ab40da178368903bb,0,normal,
529e7edbceba4eb7a6b23148d19f5172,0,normal,
ec7c785316b74e52a4e6d1b4abf25f38,0,normal,
b917b89c3b4c4cc4a698bf6fe1135018,0,normal,
7576ad2434454e448a03658900c3f048,0,normal,
230155b3711745f7aa392a2023ad1467,0,normal,
f1a0cf70ea8042ba9cf1b3d8ee7f5023,0,normal,
04e17223fe1749e191b27409f773f1e2,0,normal,
86ba145fb4b94f2aa1b69fe24bf01edc,0,normal,
6a3e6eb8030d46978cdb9a307fe4eaef,0,normal,
bd866e21670041918128b52269ab84b0,0,normal,
bf20d646b7e040b1967182774a8b6d9c,0,normal,
64b21fb47fa2491baf5634245567aaef,0,normal,
4861cf319b414fe7af034dbd0fd9841f,0,normal,
2069f8174a55400a99e01b04cd969111,0,normal,
30328ac147b44764b9476f6cbb52d38f,0,normal,
262f77ff19394f42b6db4ab30b1e8278,0,normal,
56fac5c5b19142218c0781c50511a051,0,normal,
f3e52c472e3e4974a69d701122a4325e,0,normal,
a70a6a8ce54f415d82c42b5b0bda6cc8,0,normal,
a0af8673eae843e9b5957d29c4345dbf,0,normal,
cd98f645634b42b694ed84a727e9eeaf,0,normal,
2b6bc707a4fd4a8cbaaee1b987452d68,0,normal,
60f3448fee13459083e356852475d713,0,normal,
879084d113b64ecabbdc261a146cfba0,0,normal,
e6abdf0fd71642228079abd062e57495,0,normal,
0474ef86774a49a4ac92e81382bb8540,0,normal,
fd408bec55ee46e9bbee19b15daf7b4a,0,normal,
38fb5cd535dc4edab38d8ece98426de5,0,normal,
acfa4dd04bd84f1a81f0498974c4a62f,0,normal,
d449530982814941b2c716585d1304ef,0,normal,
adb85b0ae1a447f6b49185b241b59eb7,0,normal,
0908b4f35f8747fe8d9737f0590f5380,0,normal,
beea6b755cf54ead9d6dc6dbcb0813b4,0,normal,
d64a27912fdb4aadaf9a8b70d667e718,0,normal,
7bea1be6f767478fac6b7dee4b444036,0,normal,
e03dc8f9361b43d290f0261e87a06f9f,0,normal,
01b86d0c6882448089f6d77928625451,0,normal,
ac0d5106a5aa428bbbd02ccfdf1a66b9,0,normal,
92eb73f6648443b4b694cabff49b0d28,0,normal,
0e66e7dc001f4fcbb8ac26e122ab6fca,0,normal,
036b69dfacbf4cfc98cc7927214cdf36,0,normal,
990b9264452d4234a4bc03012532fc00,0,normal,
a41da665a4a64ef98a005779e56d7358,0,normal,
9d29d206b1e54cf0a7c553cec19fcff2,0,normal,
e6142151afac4d3bb5aa5b616c5fe8d3,0,normal,
de1427d82da543078cf4c8dc7143c4ec,0,normal,
8eb35f39b59849898b5d400c849140f6,0,normal,
8f41da3141ee4b379f98ac70c017b34c,0,normal,
4e29c188e6e143629e2ba5ead54f8ad5,0,normal,
44b4f57a2f4c4946bf7002607c43951a,0,normal,
767e9baf945a43f19106a50fd58153b2,0,normal,
5e9ab527992446e3812280b102fcae5b,0,normal,
53cde6441d4e42ee80f7d01edde2a680,0,normal,
0f194cf77f76466ead98160b094473a1,0,normal,
44878ac59d794cb19ccd77ae7ed26d2d,0,normal,
1ace7488f39d4d308f00400980f94061,0,normal,
bde23a034ee546e6b89cd609a665811e,0,normal,
839126a642ed42088927a786519caeab,0,normal,
8c76df06e761411394af86960a04728c,0,normal,
e7e37ab5118d4a4182ea987978e2e018,0,normal,
e0f557518a274a10b3adb5152b68dd3e,0,normal,
b9f83243831a41f4b4607f505bc0c033,0,normal,
30ad986e730048e1b87f685f764325a8,0,normal,
ebd38f13d14747019a13369610389f4b,0,normal,
2233e00f8eef4c55a6345d81468a0d98,0,normal,
730bf94bc11b4205a1e18d0b166fb132,0,normal,
cc5062577a4a4fc08e619d5d9ac6adce,0,normal,
27c7e582afd9426694030a42364eaeea,0,normal,
eff7a2c27ec84b99b502427ee8dda4f8,0,normal,
4dbfaedae7a84590a07aed231f34f76c,0,normal,
0406beba891f4a4cb23f989b83db4c3c,0,normal,
bce2893e754747d7b5cca4421bc1bf1d,0,normal,
8a6b7d23ec10495fa534fd83f3ec63c3,0,normal,
24beaedf1ee04b239ff0645ad21b6aa2,0,normal,
2d61e3a2486c400cba0cab9bc424bf50,0,normal,
5a0433f149134a2fada4f12e98e55b15,0,normal,
ed2e0c5370be450e82bc3d4681dfbab2,0,normal,
dab2673fb31b46d7a6f7b427c6e322c1,0,normal,
3898cd078e12492fbc454e908735473e,0,normal,
6509304a053f49c0aee9873bc1058919,0,normal,
aaa12812864842aab3484c2ae85d7e5b,0,normal,
c0617d31a3a24ea8b67b2a1a74396526,0,normal,
f4abaa0ed0d349889814845cef16d53f,0,normal,
70234a33f4ca4807b90d1fbb12fb7a43,0,normal,
0fa8fb564b374ea994dbc848898fa658,0,normal,
7f41c7b723b8454fa13429cc6cc7b42c,0,normal,
9738bc8b4999460c859b7ce19276b2c0,0,normal,
d112c65c1a0c4932aa795ee87423c5c8,0,normal,
d2dec1af38074832a23891347ad36707,0,normal,
44459a7321974f02a329e58c39779bf6,0,normal,
42b6ef05bf9c4f99bf83e021dbacc35a,0,normal,
d7b511436b8442fcb05d6aaf707c315d,0,normal,
6b6ea3a8abe645bba6d9e8cb52340569,0,normal,
fd11840cc7f54fc2a6302717f1228664,1,structuring,structuring_82
258ef1febbc34afaa884019f51841510,0,normal,
2c3f65b44ae34fdfa38b821e65e8625f,0,normal,
98f2ceba1d1f46aea63cd9d34ff255d1,0,normal,
56ae7d98111144b5bf26415266ead32f,0,normal,
bdcd66d979914c0f9b2440d79271f23c,0,normal,
ee73baf852dd48889146192a2c10aacf,0,normal,
d444ee4a6f894eea9f5ae6c1541b8084,0,normal,
7f6ea65b5dee43cca68be3695314e483,0,normal,
01d9023ac1824539a81f79868ad4cf1f,0,normal,
3cf6f9714c6847c8bbe61b22c2dfc732,0,normal,
5014083b690b4ebab7c9dc794346ebe4,0,normal,
52820325a28e479b9b75d52c3501d152,0,normal,
4f5b5949c3854503a4a81c9aa2f7b8e8,0,normal,
012cb4b3436145cb95e7d6b00d057c3b,0,normal,
db70fbc14d9249bdb27bebcc8430f99f,0,normal,
2afa4e3cda27437fbe0fddedbb1da1ba,0,normal,
1d3af6dc7ee246beb77c427f9e54ed44,0,normal,
a15560b4f2954d95b92c7973fc32e0af,0,normal,
dc60d98473404bb7a521e6bb1186bb26,0,normal,
517ec047b6a84de3b362f1c8a30c70b7,0,normal,
b51d49ed054e46fcb3acaef9a7a14d7f,0,normal,
e13dc84f695e4c568034f016a2fe814c,0,normal,
37b43e1626a04594b7905f6aef1dbe76,0,normal,
e30f95cb58b140b186121ce1f7a67cae,0,normal,
755fe3ea0f9d4eb0902a3d3d896de0e1,0,normal,
c6e65714967f416986a6fc6acf0ac252,0,normal,
13ea835c6643443592e111c54625e886,1,structuring,structuring_82
0a0dbcaaceb6466383d48a3d3faaab0c,0,normal,
c60e4bcc20594c19a48d8e116b525dc8,0,normal,
c3a0d39f36a84fe585697cbe4f34f44d,0,normal,
230ca1de68564512968dae6569ac4c99,0,normal,
7377f2884fb945b4bf032b3c9192f5a9,0,normal,
379167ef9c934de1861bddbfc3548dd2,0,normal,
84c70fda0113442a9f6b032177a9d16c,0,normal,
811892c9fac44c61a04ae72edf4f6716,0,normal,
74760d6f0e8243109c98a91316c5c450,0,normal,
46144e52ad2445308c99db21ebb1a86a,0,normal,
96ff07a8ff4d4c05a3aa47eab9fb9f46,0,normal,
aaf008e7213f4ef9aadee649f81e51fb,0,normal,
740e53e646d4493a80491d257b3e62cf,0,normal,
7cdb0d3e13704662882b41a5a2be0812,0,normal,
dcec08c1766c4b4387ffa6e92342c438,0,normal,
98df4e8b72c8473289b42547255992b1,0,normal,
8d8ec0e82294406fac3b65582afd8af6,0,normal,
7412640be0844d0ebeefb7cc6b7b9f4c,0,normal,
7ac81e315b9a4d8ab83bd661f4714f5f,0,normal,
bfd7e87571834eb0be9586f8109f3c9d,0,normal,
abd801192c7b4f18a2a5166fe874b2cc,0,normal,
f0cd2395148047099c3357d61361bd83,0,normal,
af765cca362243c4b1e8fd953444201c,0,normal,
b47012e71b5f4b7f8bcc522fafdf6cf0,0,normal,
cbe4f65fb3c74569911c57f56ccd7011,1,structuring,structuring_82
5df56f074e844c559ce448beed85c319,1,structuring,structuring_82
6121c16168c34aeeb4f700be32f0f9b9,1,structuring,structuring_82
db8d7383745d4294b2b6980aeaa6f996,1,structuring,structuring_82
d4bac8daab29422ebafc9b53efa20732,1,structuring,structuring_82
989443bab6414375bd64820c5f23baa0,1,structuring,structuring_82
689e6f59db2347d1b21ad12e9d1e8fa7,1,structuring,structuring_82
74a470a695624bf1a95d9f350b70be2b,1,structuring,structuring_82
a7583574b19b4bd2b055d4e5749efd66,1,structuring,structuring_82
80f96308d149483d85aee0202faed4ba,1,structuring,structuring_82
