txid,canonical_wallet_id,detector,priority_tier,xgb_proba,if_score,top_reasons,top_feature_1,shap_1,top_feature_2,shap_2,top_feature_3,shap_3
397bc1fd2995402cba8849541049df4d,376,both,high,0.9999937,-0.1953216914258059,"burst of tx in the last hour (sender_tx_count_1h=23, impact=+7.523); high tx volume in 24h (sender_tx_count_24h=23, impact=+1.919); abnormal fee amount (fee=0.000811, impact=+1.027)",sender_tx_count_1h,7.5235,sender_tx_count_24h,1.9192,fee,1.0273
7f2a882456b34c0faf2edecccff85dcd,353,both,high,0.99999297,-0.045753269968554,"burst of tx in the last hour (sender_tx_count_1h=4, impact=+7.964); high tx volume in 24h (sender_tx_count_24h=4, impact=+1.945); abnormal fee amount (fee=0.0008732, impact=+0.950)",sender_tx_count_1h,7.9639,sender_tx_count_24h,1.9448,fee,0.9499
d607a69b20024bdcbe281559b5157a4c,353,both,high,0.9999918,-0.1681950910050583,"burst of tx in the last hour (sender_tx_count_1h=22, impact=+8.342); high tx volume in 24h (sender_tx_count_24h=22, impact=+2.060); abnormal fee amount (fee=0.0008308, impact=+0.855)",sender_tx_count_1h,8.3423,sender_tx_count_24h,2.0603,fee,0.8554
fa01dce006994c4798d45df841ebad7f,579,both,high,0.99998844,-0.0890809462526759,"burst of tx in the last hour (sender_tx_count_1h=6, impact=+7.400); high tx volume in 24h (sender_tx_count_24h=13, impact=+1.964); large total BTC moved (total_input_btc=0.2137, impact=+0.968)",sender_tx_count_1h,7.4002,sender_tx_count_24h,1.9644,total_input_btc,0.9681
7bd4556c392f42a9a5da47ffeeabd8fc,353,both,high,0.9999881,-0.1435414569884445,"burst of tx in the last hour (sender_tx_count_1h=16, impact=+8.290); high tx volume in 24h (sender_tx_count_24h=16, impact=+1.973); abnormal fee amount (fee=0.000793, impact=+0.961)",sender_tx_count_1h,8.2902,sender_tx_count_24h,1.9733,fee,0.9606
34de5c1f8b1a4c0492b7338bcf0cd494,579,both,high,0.9999871,-0.0034006264002289,"burst of tx in the last hour (sender_tx_count_1h=4, impact=+7.258); high tx volume in 24h (sender_tx_count_24h=4, impact=+1.907); large total BTC moved (total_input_btc=0.2191, impact=+1.012)",sender_tx_count_1h,7.2576,sender_tx_count_24h,1.9071,total_input_btc,1.0124
5a481b79fd9c4fb4ac68182d372bac0f,353,both,high,0.99998677,-0.1584421223545682,"burst of tx in the last hour (sender_tx_count_1h=12, impact=+8.308); high tx volume in 24h (sender_tx_count_24h=12, impact=+1.703); consistent ASN recently (sender_distinct_asn_last10=8, impact=-0.674)",sender_tx_count_1h,8.3083,sender_tx_count_24h,1.7031,sender_distinct_asn_last10,-0.674
0791261734344e03ac8b1580a5816ad1,353,both,high,0.9999863,-0.15880281912624,"burst of tx in the last hour (sender_tx_count_1h=21, impact=+8.038); high tx volume in 24h (sender_tx_count_24h=21, impact=+2.014); abnormal fee amount (fee=0.0008098, impact=+0.944)",sender_tx_count_1h,8.0383,sender_tx_count_24h,2.0141,fee,0.9442
91c5cd40bfb44fa48d51c05a0a1581ba,376,both,high,0.9999858,-0.1532311760458903,"burst of tx in the last hour (sender_tx_count_1h=10, impact=+7.793); high tx volume in 24h (sender_tx_count_24h=10, impact=+1.985); rapid repeat transacting (sender_time_since_last_tx_min=1.333, impact=+0.823)",sender_tx_count_1h,7.793,sender_tx_count_24h,1.9847,sender_time_since_last_tx_min,0.8231
5c1f0d30f4d443df9669388aab09bbb7,376,both,high,0.9999858,-0.148986261492293,"burst of tx in the last hour (sender_tx_count_1h=11, impact=+7.733); high tx volume in 24h (sender_tx_count_24h=11, impact=+1.963); rapid repeat transacting (sender_time_since_last_tx_min=0.6667, impact=+0.840)",sender_tx_count_1h,7.7328,sender_tx_count_24h,1.9635,sender_time_since_last_tx_min,0.8396
5402547bb3aa474699c83a941eec3081,499,both,high,0.99998486,-0.0778635990406724,"burst of tx in the last hour (sender_tx_count_1h=20, impact=+9.072); high tx volume in 24h (sender_tx_count_24h=20, impact=+2.476); rapid repeat transacting (sender_time_since_last_tx_min=1.2, impact=+1.214)",sender_tx_count_1h,9.0724,sender_tx_count_24h,2.4761,sender_time_since_last_tx_min,1.2145
d80428d325d94fc3916fc11344a8f0d1,376,both,high,0.9999845,-0.1856221600469416,"burst of tx in the last hour (sender_tx_count_1h=21, impact=+7.927); high tx volume in 24h (sender_tx_count_24h=21, impact=+2.043); rapid repeat transacting (sender_time_since_last_tx_min=1.1, impact=+0.843)",sender_tx_count_1h,7.9273,sender_tx_count_24h,2.0429,sender_time_since_last_tx_min,0.8428
38493e47be9e468b8f06724448d1a042,353,both,high,0.9999838,-0.1006838301210049,"burst of tx in the last hour (sender_tx_count_1h=7, impact=+8.206); high tx volume in 24h (sender_tx_count_24h=7, impact=+1.954); consistent ASN recently (sender_distinct_asn_last10=5, impact=-0.585)",sender_tx_count_1h,8.2057,sender_tx_count_24h,1.9539,sender_distinct_asn_last10,-0.5846
f25fb3936461478aad1e4759f4e68d61,376,both,high,0.9999838,-0.1568766614733627,"burst of tx in the last hour (sender_tx_count_1h=19, impact=+7.806); high tx volume in 24h (sender_tx_count_24h=19, impact=+2.035); large total BTC moved (total_input_btc=0.2184, impact=+0.717)",sender_tx_count_1h,7.8065,sender_tx_count_24h,2.0349,total_input_btc,0.7166
ad22cf81c28a4cfa8d0938b1efc6cdb0,666,both,high,0.9999825,-0.0016764111031857,"burst of tx in the last hour (sender_tx_count_1h=20, impact=+8.539); high tx volume in 24h (sender_tx_count_24h=20, impact=+2.540); small total BTC moved (total_input_btc=0.04118, impact=-1.112)",sender_tx_count_1h,8.5386,sender_tx_count_24h,2.5404,total_input_btc,-1.1118
5682c6dd17cc4f9896b3b6fcc7cefb0e,376,both,high,0.9999808,-0.1334671154353336,"burst of tx in the last hour (sender_tx_count_1h=9, impact=+7.854); high tx volume in 24h (sender_tx_count_24h=9, impact=+1.949); large total BTC moved (total_input_btc=0.2184, impact=+0.799)",sender_tx_count_1h,7.8539,sender_tx_count_24h,1.9492,total_input_btc,0.7992
cde44223f83d42aab2a9e453f4622673,376,both,high,0.999979,-0.1602308261815666,"burst of tx in the last hour (sender_tx_count_1h=18, impact=+7.916); high tx volume in 24h (sender_tx_count_24h=18, impact=+2.135); large total BTC moved (total_input_btc=0.2184, impact=+0.776)",sender_tx_count_1h,7.9163,sender_tx_count_24h,2.1347,total_input_btc,0.7758
6ffd2fe4cca243ae9e4255a4439158d4,376,both,high,0.99997866,-0.1486673336941038,"burst of tx in the last hour (sender_tx_count_1h=17, impact=+7.519); high tx volume in 24h (sender_tx_count_24h=17, impact=+2.013); large total BTC moved (total_input_btc=0.2184, impact=+0.741)",sender_tx_count_1h,7.5193,sender_tx_count_24h,2.0129,total_input_btc,0.7406
c7222a3b2f5d4beaacb974ee4f7883ea,376,both,high,0.9999764,-0.1411910821213748,"burst of tx in the last hour (sender_tx_count_1h=13, impact=+7.920); high tx volume in 24h (sender_tx_count_24h=13, impact=+2.202); large total BTC moved (total_input_btc=0.2184, impact=+0.846)",sender_tx_count_1h,7.9201,sender_tx_count_24h,2.2017,total_input_btc,0.8457
a761e4ebd7d04833880cfdbaa11dca17,376,both,high,0.99997544,-0.1548636410435276,"burst of tx in the last hour (sender_tx_count_1h=15, impact=+7.582); high tx volume in 24h (sender_tx_count_24h=15, impact=+2.015); large total BTC moved (total_input_btc=0.2184, impact=+0.826)",sender_tx_count_1h,7.5818,sender_tx_count_24h,2.0155,total_input_btc,0.8258
c55aae2775284396a43901946fb82aac,376,both,high,0.99997497,-0.0947576413447915,"burst of tx in the last hour (sender_tx_count_1h=7, impact=+7.695); high tx volume in 24h (sender_tx_count_24h=7, impact=+1.899); large total BTC moved (total_input_btc=0.2184, impact=+0.775)",sender_tx_count_1h,7.6952,sender_tx_count_24h,1.8988,total_input_btc,0.7749
960b878e75744bf69cf9f14dc9166672,353,both,high,0.9999746,-0.1509508822511229,"burst of tx in the last hour (sender_tx_count_1h=19, impact=+8.504); high tx volume in 24h (sender_tx_count_24h=19, impact=+2.114); rapid repeat transacting (sender_time_since_last_tx_min=0.7333, impact=+0.701)",sender_tx_count_1h,8.5037,sender_tx_count_24h,2.1144,sender_time_since_last_tx_min,0.7012
e7630a9db7294ae4bef448767dabf136,353,both,high,0.9999745,-0.1541612344091893,"burst of tx in the last hour (sender_tx_count_1h=18, impact=+8.455); high tx volume in 24h (sender_tx_count_24h=18, impact=+2.096); rapid repeat transacting (sender_time_since_last_tx_min=1.35, impact=+0.683)",sender_tx_count_1h,8.4547,sender_tx_count_24h,2.0964,sender_time_since_last_tx_min,0.6833
e0b8ded6a57b49d2a1ac42692bf25410,376,both,high,0.9999738,-0.1701843082265359,"burst of tx in the last hour (sender_tx_count_1h=20, impact=+7.723); high tx volume in 24h (sender_tx_count_24h=20, impact=+2.193); large total BTC moved (total_input_btc=0.2184, impact=+0.865)",sender_tx_count_1h,7.7231,sender_tx_count_24h,2.1932,total_input_btc,0.8647
7d507668ea1a493f85ac399c45afea2a,353,both,high,0.9999733,-0.0348407082649526,"burst of tx in the last hour (sender_tx_count_1h=3, impact=+8.324); high tx volume in 24h (sender_tx_count_24h=3, impact=+2.121); rapid repeat transacting (sender_time_since_last_tx_min=1.15, impact=+0.639)",sender_tx_count_1h,8.3241,sender_tx_count_24h,2.1206,sender_time_since_last_tx_min,0.6387
314e2ed079e94e80b24526ff6283e978,376,both,high,0.9999728,-0.1817741685974686,"burst of tx in the last hour (sender_tx_count_1h=22, impact=+8.014); high tx volume in 24h (sender_tx_count_24h=22, impact=+2.036); large total BTC moved (total_input_btc=0.2184, impact=+0.778)",sender_tx_count_1h,8.0142,sender_tx_count_24h,2.0358,total_input_btc,0.7776
154480e1005c4bc49e514f27f8c09e61,353,both,high,0.9999727,-0.0701267330911874,"burst of tx in the last hour (sender_tx_count_1h=5, impact=+8.316); high tx volume in 24h (sender_tx_count_24h=5, impact=+1.740); rapid repeat transacting (sender_time_since_last_tx_min=2.017, impact=+0.626)",sender_tx_count_1h,8.3155,sender_tx_count_24h,1.7402,sender_time_since_last_tx_min,0.6259
466f7b250e804a4c9780827598e55ddb,353,both,high,0.99997115,-0.0801248614308458,"burst of tx in the last hour (sender_tx_count_1h=6, impact=+8.389); high tx volume in 24h (sender_tx_count_24h=6, impact=+2.097); rapid repeat transacting (sender_time_since_last_tx_min=1.25, impact=+0.696)",sender_tx_count_1h,8.3888,sender_tx_count_24h,2.0974,sender_time_since_last_tx_min,0.696
93de0c07fcf6454ab7fd9622bbb2507b,376,both,high,0.99997103,-0.1417628136997559,"burst of tx in the last hour (sender_tx_count_1h=16, impact=+8.035); high tx volume in 24h (sender_tx_count_24h=16, impact=+2.043); large total BTC moved (total_input_btc=0.2184, impact=+0.787)",sender_tx_count_1h,8.035,sender_tx_count_24h,2.0427,total_input_btc,0.7866
041067ebe87f4b2d90e9fd71ba04a547,666,both,high,0.9999678,-0.0428024747663463,"burst of tx in the last hour (sender_tx_count_1h=25, impact=+9.210); high tx volume in 24h (sender_tx_count_24h=25, impact=+2.594); small total BTC moved (total_input_btc=0.04101, impact=-1.029)",sender_tx_count_1h,9.21,sender_tx_count_24h,2.5942,total_input_btc,-1.0286
bb65b685c45947598e857db2f48d5df7,353,both,high,0.99996567,-0.1309870480130968,"burst of tx in the last hour (sender_tx_count_1h=9, impact=+8.213); high tx volume in 24h (sender_tx_count_24h=9, impact=+2.127); large total BTC moved (total_input_btc=0.2834, impact=+0.538)",sender_tx_count_1h,8.2127,sender_tx_count_24h,2.127,total_input_btc,0.5384
068ced5ee0694ec2890a327161c89f9a,353,both,high,0.99996436,-0.1090534304574515,"burst of tx in the last hour (sender_tx_count_1h=8, impact=+8.222); high tx volume in 24h (sender_tx_count_24h=8, impact=+2.265); near-perfect input/output balance (input_output_ratio=1.001, impact=-0.534)",sender_tx_count_1h,8.2215,sender_tx_count_24h,2.2649,input_output_ratio,-0.5343
49380ba1fddb44439e3642fb356c6dd2,499,both,high,0.9999634,-0.0094662130658008,"burst of tx in the last hour (sender_tx_count_1h=21, impact=+9.757); high tx volume in 24h (sender_tx_count_24h=21, impact=+2.505); abnormally low fee (fee=4.128e-05, impact=-1.109)",sender_tx_count_1h,9.7569,sender_tx_count_24h,2.5046,fee,-1.1091
86b47fc24ab34223be3f764d5624d721,89,both,high,0.9999621,-0.1629941319362858,"burst of tx in the last hour (sender_tx_count_1h=10, impact=+7.937); high tx volume in 24h (sender_tx_count_24h=10, impact=+2.182); amount close to sender's usual pattern (sender_amount_zscore=-0.7768, impact=-1.637)",sender_tx_count_1h,7.9366,sender_tx_count_24h,2.1823,sender_amount_zscore,-1.6374
c33b3579c4814b5fb32957ea8f4c0d64,353,both,high,0.999962,-0.149102417024647,"burst of tx in the last hour (sender_tx_count_1h=13, impact=+8.584); high tx volume in 24h (sender_tx_count_24h=13, impact=+2.071); rapid repeat transacting (sender_time_since_last_tx_min=0.7667, impact=+0.636)",sender_tx_count_1h,8.5836,sender_tx_count_24h,2.0713,sender_time_since_last_tx_min,0.6363
700861200a6e4c5cbbaa9f2f25912613,376,both,high,0.9999604,-0.1905473110314485,"burst of tx in the last hour (sender_tx_count_1h=24, impact=+7.655); high tx volume in 24h (sender_tx_count_24h=24, impact=+2.145); large total BTC moved (total_input_btc=0.2184, impact=+0.860)",sender_tx_count_1h,7.6548,sender_tx_count_24h,2.1448,total_input_btc,0.8597
d93e829fa60f4dc7ba263651e2eaa3cb,353,both,high,0.99995816,-0.1336258173977,"burst of tx in the last hour (sender_tx_count_1h=10, impact=+8.116); high tx volume in 24h (sender_tx_count_24h=10, impact=+2.104); large total BTC moved (total_input_btc=0.2834, impact=+0.551)",sender_tx_count_1h,8.1162,sender_tx_count_24h,2.1036,total_input_btc,0.551
18cf7ba0cde94584acf27f55d050c455,499,both,high,0.9999578,-0.0587428234923442,"burst of tx in the last hour (sender_tx_count_1h=26, impact=+9.933); high tx volume in 24h (sender_tx_count_24h=26, impact=+2.560); rapid repeat transacting (sender_time_since_last_tx_min=0.9167, impact=+1.248)",sender_tx_count_1h,9.9335,sender_tx_count_24h,2.5598,sender_time_since_last_tx_min,1.248
f6657e03b2f8430c8f828ad7bfb88b96,666,both,high,0.99995744,-0.0347391554127269,"burst of tx in the last hour (sender_tx_count_1h=27, impact=+8.376); high tx volume in 24h (sender_tx_count_24h=27, impact=+2.442); rapid repeat transacting (sender_time_since_last_tx_min=0.8667, impact=+0.929)",sender_tx_count_1h,8.3762,sender_tx_count_24h,2.4422,sender_time_since_last_tx_min,0.929
73f3a26e9810419ebf393d81c446f9d2,579,both,high,0.99995625,-0.0751371562762808,"burst of tx in the last hour (sender_tx_count_1h=6, impact=+7.555); high tx volume in 24h (sender_tx_count_24h=9, impact=+2.104); large total BTC moved (total_input_btc=0.215, impact=+0.928)",sender_tx_count_1h,7.5546,sender_tx_count_24h,2.1039,total_input_btc,0.9276
1ccba1ed2ae94709b1d01cf8bb524e85,579,both,high,0.9999554,-0.0719082592828284,"burst of tx in the last hour (sender_tx_count_1h=6, impact=+7.490); high tx volume in 24h (sender_tx_count_24h=11, impact=+2.294); large total BTC moved (total_input_btc=0.2103, impact=+0.810)",sender_tx_count_1h,7.4897,sender_tx_count_24h,2.2941,total_input_btc,0.8098
0fb6c7de8b9e419ebd423adfbc826a99,353,both,high,0.9999547,-0.1682545900396874,"burst of tx in the last hour (sender_tx_count_1h=15, impact=+8.453); high tx volume in 24h (sender_tx_count_24h=15, impact=+1.704); rapid repeat transacting (sender_time_since_last_tx_min=0.5667, impact=+0.692)",sender_tx_count_1h,8.4526,sender_tx_count_24h,1.7043,sender_time_since_last_tx_min,0.6915
634e295744ba4401a9fcfe7c74f344fe,376,both,high,0.99995303,-0.1006528606694995,"burst of tx in the last hour (sender_tx_count_1h=6, impact=+7.848); high tx volume in 24h (sender_tx_count_24h=6, impact=+1.685); rapid repeat transacting (sender_time_since_last_tx_min=1.083, impact=+0.731)",sender_tx_count_1h,7.848,sender_tx_count_24h,1.6845,sender_time_since_last_tx_min,0.731
1f85c30bdb2548b59f681126e626b18c,376,both,high,0.9999498,-0.0474301444927477,"burst of tx in the last hour (sender_tx_count_1h=2, impact=+7.208); high tx volume in 24h (sender_tx_count_24h=2, impact=+1.685); abnormal fee amount (fee=0.0008518, impact=+0.940)",sender_tx_count_1h,7.2077,sender_tx_count_24h,1.6851,fee,0.9401
dda9afb6f85946ed9e16d00ab63b35a3,306,both,high,0.99994934,-0.0454760503831053,"burst of tx in the last hour (sender_tx_count_1h=23, impact=+7.662); high tx volume in 24h (sender_tx_count_24h=23, impact=+2.194); rapid repeat transacting (sender_time_since_last_tx_min=1.433, impact=+0.969)",sender_tx_count_1h,7.6619,sender_tx_count_24h,2.1937,sender_time_since_last_tx_min,0.9691
24a5e508698c47738de49ad1b4709f55,499,both,high,0.99994934,-0.0727953552442927,"burst of tx in the last hour (sender_tx_count_1h=29, impact=+10.041); high tx volume in 24h (sender_tx_count_24h=29, impact=+2.454); rapid repeat transacting (sender_time_since_last_tx_min=1.15, impact=+1.290)",sender_tx_count_1h,10.0412,sender_tx_count_24h,2.4541,sender_time_since_last_tx_min,1.2899
b52be2e7af86499d904c85c5c50b531a,353,both,high,0.99994934,-0.178763371998034,"burst of tx in the last hour (sender_tx_count_1h=23, impact=+8.477); high tx volume in 24h (sender_tx_count_24h=23, impact=+2.112); consistent ASN recently (sender_distinct_asn_last10=7, impact=-0.513)",sender_tx_count_1h,8.4767,sender_tx_count_24h,2.1121,sender_distinct_asn_last10,-0.5125
2baba6afd69a48f2984095f8d864152c,499,both,high,0.9999461,-0.0525042452924338,"burst of tx in the last hour (sender_tx_count_1h=24, impact=+10.022); high tx volume in 24h (sender_tx_count_24h=24, impact=+2.523); rapid repeat transacting (sender_time_since_last_tx_min=0.65, impact=+1.255)",sender_tx_count_1h,10.0223,sender_tx_count_24h,2.5231,sender_time_since_last_tx_min,1.2548
8f52a72fcacb44adb0ba94fcc3c0cd0c,89,both,high,0.9999461,-0.0273420681767825,"burst of tx in the last hour (sender_tx_count_1h=2, impact=+7.891); high tx volume in 24h (sender_tx_count_24h=2, impact=+2.175); rapid repeat transacting (sender_time_since_last_tx_min=1.167, impact=+0.728)",sender_tx_count_1h,7.8912,sender_tx_count_24h,2.1751,sender_time_since_last_tx_min,0.7279
8e3fe77059be47c18239770571b76500,376,both,high,0.99994576,-0.0727527003534389,"burst of tx in the last hour (sender_tx_count_1h=5, impact=+7.947); high tx volume in 24h (sender_tx_count_24h=5, impact=+1.919); rapid repeat transacting (sender_time_since_last_tx_min=1.583, impact=+0.869)",sender_tx_count_1h,7.9474,sender_tx_count_24h,1.9194,sender_time_since_last_tx_min,0.8688
8edd9afc326b4a13a398c70e6be3d1e1,353,both,high,0.99994564,-0.2056071119984579,"burst of tx in the last hour (sender_tx_count_1h=24, impact=+8.568); high tx volume in 24h (sender_tx_count_24h=24, impact=+1.738); rapid repeat transacting (sender_time_since_last_tx_min=1.467, impact=+0.714)",sender_tx_count_1h,8.5685,sender_tx_count_24h,1.7382,sender_time_since_last_tx_min,0.714
56fcfece7ccf4a96b49634919e32f2a4,666,both,high,0.99994457,-0.0265912172996565,"burst of tx in the last hour (sender_tx_count_1h=22, impact=+9.370); high tx volume in 24h (sender_tx_count_24h=22, impact=+2.442); small total BTC moved (total_input_btc=0.04402, impact=-1.056)",sender_tx_count_1h,9.3699,sender_tx_count_24h,2.4424,total_input_btc,-1.056
b23947621b0d4f0b981c4c794bc96b6f,353,both,high,0.9999442,-0.0358630380652539,"burst of tx in the last hour (sender_tx_count_1h=2, impact=+8.088); high tx volume in 24h (sender_tx_count_24h=2, impact=+1.712); consistent ASN recently (sender_distinct_asn_last10=3, impact=-0.485)",sender_tx_count_1h,8.0882,sender_tx_count_24h,1.7119,sender_distinct_asn_last10,-0.4849
aab1ecd7618841c78e2d82be1198b782,376,both,high,0.9999435,-0.1336996870820576,"burst of tx in the last hour (sender_tx_count_1h=8, impact=+7.675); high tx volume in 24h (sender_tx_count_24h=8, impact=+1.997); large total BTC moved (total_input_btc=0.2184, impact=+0.782)",sender_tx_count_1h,7.6749,sender_tx_count_24h,1.9968,total_input_btc,0.7825
f533c8ff57054de291259b8c1c39840e,376,both,high,0.99994266,-0.1581480915603631,"burst of tx in the last hour (sender_tx_count_1h=12, impact=+7.913); high tx volume in 24h (sender_tx_count_24h=12, impact=+1.795); near-perfect input/output balance (input_output_ratio=1.001, impact=-0.870)",sender_tx_count_1h,7.9131,sender_tx_count_24h,1.795,input_output_ratio,-0.8702
aab7d4d5f6934f48bf366e1a0e88a82e,58,both,high,0.9999416,-0.0432780024777628,"burst of tx in the last hour (sender_tx_count_1h=3, impact=+6.701); high tx volume in 24h (sender_tx_count_24h=6, impact=+2.091); large total BTC moved (total_input_btc=0.2272, impact=+1.059)",sender_tx_count_1h,6.701,sender_tx_count_24h,2.0907,total_input_btc,1.0591
c232de673f7d491cb317a531bb839763,353,both,high,0.99994123,-0.1455444832481385,"burst of tx in the last hour (sender_tx_count_1h=11, impact=+8.048); high tx volume in 24h (sender_tx_count_24h=11, impact=+1.717); consistent ASN recently (sender_distinct_asn_last10=7, impact=-0.535)",sender_tx_count_1h,8.0477,sender_tx_count_24h,1.7167,sender_distinct_asn_last10,-0.5355
5082b410e9f747db9a308325f4d1582d,353,both,high,0.9999368,-0.168504896118564,"burst of tx in the last hour (sender_tx_count_1h=14, impact=+8.523); high tx volume in 24h (sender_tx_count_24h=14, impact=+1.729); abnormally low fee (fee=0.0002037, impact=-0.750)",sender_tx_count_1h,8.5235,sender_tx_count_24h,1.7287,fee,-0.7495
c007e0d891974aba993e8e36813d1ef6,89,both,high,0.9999361,-0.1466107807808503,"burst of tx in the last hour (sender_tx_count_1h=13, impact=+8.286); high tx volume in 24h (sender_tx_count_24h=13, impact=+2.261); amount close to sender's usual pattern (sender_amount_zscore=-0.6939, impact=-1.440)",sender_tx_count_1h,8.2856,sender_tx_count_24h,2.261,sender_amount_zscore,-1.4399
aaf7484c822f4cafa364d4eb270cce8e,666,both,high,0.99993527,-0.0341439707481564,"burst of tx in the last hour (sender_tx_count_1h=24, impact=+8.790); high tx volume in 24h (sender_tx_count_24h=24, impact=+2.022); rapid repeat transacting (sender_time_since_last_tx_min=1.15, impact=+1.008)",sender_tx_count_1h,8.7899,sender_tx_count_24h,2.0224,sender_time_since_last_tx_min,1.0079
a3888f9f3cd249af90d85f9ad0cb704c,615,both,high,0.99993324,-0.0587525636219562,"burst of tx in the last hour (sender_tx_count_1h=4, impact=+7.366); high tx volume in 24h (sender_tx_count_24h=8, impact=+1.962); large total BTC moved (total_input_btc=0.2213, impact=+0.969)",sender_tx_count_1h,7.3658,sender_tx_count_24h,1.9617,total_input_btc,0.9686
229b06eaa59049a29dc377d6851ffc47,499,both,high,0.9999331,-0.0268672859174141,"burst of tx in the last hour (sender_tx_count_1h=19, impact=+9.520); high tx volume in 24h (sender_tx_count_24h=19, impact=+2.504); rapid repeat transacting (sender_time_since_last_tx_min=1.45, impact=+1.260)",sender_tx_count_1h,9.5203,sender_tx_count_24h,2.5042,sender_time_since_last_tx_min,1.2597
5618bbc7076a4620a1887b8d80d85b85,499,both,high,0.9999329,-0.0002660766212334,"burst of tx in the last hour (sender_tx_count_1h=17, impact=+9.074); high tx volume in 24h (sender_tx_count_24h=17, impact=+2.110); rapid repeat transacting (sender_time_since_last_tx_min=1.117, impact=+1.190)",sender_tx_count_1h,9.0737,sender_tx_count_24h,2.1102,sender_time_since_last_tx_min,1.1896
8d63a1cbad9146c0b5eb2380ce7f7132,376,both,high,0.99992704,-0.0654489330851058,"burst of tx in the last hour (sender_tx_count_1h=4, impact=+7.881); high tx volume in 24h (sender_tx_count_24h=4, impact=+1.820); rapid repeat transacting (sender_time_since_last_tx_min=1.283, impact=+0.794)",sender_tx_count_1h,7.8808,sender_tx_count_24h,1.8196,sender_time_since_last_tx_min,0.7938
cdda274999dc4cdba41172d693589bc2,666,both,high,0.9999249,-0.0501968076808095,"burst of tx in the last hour (sender_tx_count_1h=29, impact=+8.726); high tx volume in 24h (sender_tx_count_24h=29, impact=+2.546); small total BTC moved (total_input_btc=0.02044, impact=-1.290)",sender_tx_count_1h,8.7263,sender_tx_count_24h,2.546,total_input_btc,-1.2896
d246dd70c3974c88a0fe8c554a87d934,376,both,high,0.99991953,-0.1573113949630856,"burst of tx in the last hour (sender_tx_count_1h=14, impact=+8.009); high tx volume in 24h (sender_tx_count_24h=14, impact=+1.807); large total BTC moved (total_input_btc=0.2184, impact=+0.818)",sender_tx_count_1h,8.0093,sender_tx_count_24h,1.8068,total_input_btc,0.818
a4ee64ebf13541c1a248575537d222c2,306,both,high,0.99991786,-0.0329849257615089,"burst of tx in the last hour (sender_tx_count_1h=21, impact=+7.746); high tx volume in 24h (sender_tx_count_24h=21, impact=+2.035); rapid repeat transacting (sender_time_since_last_tx_min=1.25, impact=+1.014)",sender_tx_count_1h,7.746,sender_tx_count_24h,2.0349,sender_time_since_last_tx_min,1.0136
453ac6b64c4446d2bf65a959942c77ab,499,both,high,0.99991727,-0.0544566579306547,"burst of tx in the last hour (sender_tx_count_1h=25, impact=+10.177); high tx volume in 24h (sender_tx_count_24h=25, impact=+2.498); small total BTC moved (total_input_btc=0.01143, impact=-1.055)",sender_tx_count_1h,10.1766,sender_tx_count_24h,2.4976,total_input_btc,-1.0554
a20304fee2684d09a66299a7772f9bc7,499,both,high,0.9999163,-0.0354324068906322,"burst of tx in the last hour (sender_tx_count_1h=27, impact=+9.821); high tx volume in 24h (sender_tx_count_24h=27, impact=+2.467); small total BTC moved (total_input_btc=0.007628, impact=-1.286)",sender_tx_count_1h,9.8205,sender_tx_count_24h,2.4674,total_input_btc,-1.2861
692e3b9974da48eba5dbe4f08d5d0cb6,353,both,high,0.9999162,-0.165769688799064,"burst of tx in the last hour (sender_tx_count_1h=20, impact=+8.209); high tx volume in 24h (sender_tx_count_24h=20, impact=+1.722); near-perfect input/output balance (input_output_ratio=1.001, impact=-0.588)",sender_tx_count_1h,8.2092,sender_tx_count_24h,1.7225,input_output_ratio,-0.5878
e7c466f313c247819968d62185cc868c,306,both,high,0.9999087,-0.0508568313181676,"burst of tx in the last hour (sender_tx_count_1h=26, impact=+8.273); high tx volume in 24h (sender_tx_count_24h=26, impact=+2.126); unusually few outputs (n_outputs=2, impact=-1.003)",sender_tx_count_1h,8.2733,sender_tx_count_24h,2.1258,n_outputs,-1.0034
2ebec8656b034ffeb0851ca619bfda71,499,both,high,0.99990845,-0.0097324214082593,"burst of tx in the last hour (sender_tx_count_1h=22, impact=+9.490); high tx volume in 24h (sender_tx_count_24h=22, impact=+2.465); small total BTC moved (total_input_btc=0.008325, impact=-1.105)",sender_tx_count_1h,9.4901,sender_tx_count_24h,2.4648,total_input_btc,-1.1048
9584bc946d634bda882c66c2cf527bf5,89,both,high,0.9999075,-0.1414135683380277,"burst of tx in the last hour (sender_tx_count_1h=12, impact=+8.026); high tx volume in 24h (sender_tx_count_24h=12, impact=+2.306); amount close to sender's usual pattern (sender_amount_zscore=-0.7185, impact=-1.442)",sender_tx_count_1h,8.0261,sender_tx_count_24h,2.3057,sender_amount_zscore,-1.4419
086cc2ccc6a444579b695408ea473714,376,both,high,0.999907,-0.0430672469689707,"burst of tx in the last hour (sender_tx_count_1h=3, impact=+7.887); high tx volume in 24h (sender_tx_count_24h=3, impact=+1.798); rapid repeat transacting (sender_time_since_last_tx_min=1.017, impact=+0.708)",sender_tx_count_1h,7.8865,sender_tx_count_24h,1.7977,sender_time_since_last_tx_min,0.7079
9f8eff10870c40a099afd92ef0f54803,306,both,high,0.99990654,-0.0541772004073376,"burst of tx in the last hour (sender_tx_count_1h=24, impact=+7.215); high tx volume in 24h (sender_tx_count_24h=24, impact=+1.885); long dormancy before reuse (minutes_since_addr_last_output=9447, impact=-1.152)",sender_tx_count_1h,7.2151,sender_tx_count_24h,1.8846,minutes_since_addr_last_output,-1.152
9a3ccc82b1024cae999085e0084421a7,89,both,high,0.9999063,-0.1629325486314696,"burst of tx in the last hour (sender_tx_count_1h=19, impact=+8.399); high tx volume in 24h (sender_tx_count_24h=19, impact=+2.257); amount close to sender's usual pattern (sender_amount_zscore=-0.5856, impact=-1.606)",sender_tx_count_1h,8.3991,sender_tx_count_24h,2.257,sender_amount_zscore,-1.6057
cd86fa81d81f4485bda184aca711c4fc,353,both,high,0.99990475,-0.1620539412120774,"burst of tx in the last hour (sender_tx_count_1h=17, impact=+8.184); high tx volume in 24h (sender_tx_count_24h=17, impact=+1.704); consistent ASN recently (sender_distinct_asn_last10=6, impact=-0.584)",sender_tx_count_1h,8.1844,sender_tx_count_24h,1.7041,sender_distinct_asn_last10,-0.5839
93ddb469281a412cb590d44b358c8dc7,499,both,high,0.99990344,-0.0271522670143351,"burst of tx in the last hour (sender_tx_count_1h=28, impact=+9.941); high tx volume in 24h (sender_tx_count_24h=28, impact=+2.539); small total BTC moved (total_input_btc=0.01142, impact=-1.289)",sender_tx_count_1h,9.9405,sender_tx_count_24h,2.5385,total_input_btc,-1.2893
c89215e21ea44d87a4f94fae7afb87d6,58,both,high,0.9999031,-0.0605264580869373,"burst of tx in the last hour (sender_tx_count_1h=4, impact=+7.988); high tx volume in 24h (sender_tx_count_24h=7, impact=+1.968); abnormally low fee (fee=0.0002024, impact=-0.727)",sender_tx_count_1h,7.9879,sender_tx_count_24h,1.9678,fee,-0.7268
03694dae769846109283812b21d3ef93,579,both,high,0.99989986,-0.0834190513696073,"burst of tx in the last hour (sender_tx_count_1h=5, impact=+7.634); high tx volume in 24h (sender_tx_count_24h=7, impact=+1.774); large total BTC moved (total_input_btc=0.2485, impact=+1.121)",sender_tx_count_1h,7.6338,sender_tx_count_24h,1.7744,total_input_btc,1.1215
6817e1028d614993a461caa085a06b61,89,both,high,0.9998976,-0.1504663857911474,"burst of tx in the last hour (sender_tx_count_1h=15, impact=+8.203); high tx volume in 24h (sender_tx_count_24h=15, impact=+2.276); amount close to sender's usual pattern (sender_amount_zscore=-0.6514, impact=-1.677)",sender_tx_count_1h,8.2026,sender_tx_count_24h,2.2756,sender_amount_zscore,-1.6774
7ba77e9817614ab085c93677d31ca9ba,89,both,high,0.9998969,-0.1416900641119498,"burst of tx in the last hour (sender_tx_count_1h=11, impact=+7.986); high tx volume in 24h (sender_tx_count_24h=11, impact=+2.306); amount close to sender's usual pattern (sender_amount_zscore=-0.746, impact=-1.462)",sender_tx_count_1h,7.9859,sender_tx_count_24h,2.3057,sender_amount_zscore,-1.4621
deb429f5b41b47d2805b634f9a127284,615,both,high,0.9998963,-0.0597470214005069,"burst of tx in the last hour (sender_tx_count_1h=5, impact=+9.133); high tx volume in 24h (sender_tx_count_24h=10, impact=+2.154); long dormancy before reuse (minutes_since_addr_last_output=8091, impact=-1.025)",sender_tx_count_1h,9.1332,sender_tx_count_24h,2.1536,minutes_since_addr_last_output,-1.0246
d18722578893471da9f2e54fcb19ab59,666,both,high,0.9998903,-0.0311218813676638,"burst of tx in the last hour (sender_tx_count_1h=23, impact=+9.448); high tx volume in 24h (sender_tx_count_24h=23, impact=+2.570); small total BTC moved (total_input_btc=0.03842, impact=-1.308)",sender_tx_count_1h,9.4478,sender_tx_count_24h,2.5702,total_input_btc,-1.3077
ec6bd50c18634a22aaf4045e520319b0,89,both,high,0.99988973,-0.1322983256797548,"burst of tx in the last hour (sender_tx_count_1h=8, impact=+8.153); high tx volume in 24h (sender_tx_count_24h=8, impact=+2.319); amount close to sender's usual pattern (sender_amount_zscore=-0.852, impact=-1.476)",sender_tx_count_1h,8.1526,sender_tx_count_24h,2.3194,sender_amount_zscore,-1.4755
b1238ecc313341a394341730acaa6fd6,58,both,high,0.9998872,-0.0624054299659011,"burst of tx in the last hour (sender_tx_count_1h=5, impact=+9.885); high tx volume in 24h (sender_tx_count_24h=8, impact=+2.517); small total BTC moved (total_input_btc=0.01464, impact=-1.264)",sender_tx_count_1h,9.885,sender_tx_count_24h,2.5175,total_input_btc,-1.264
c69a235c33784982848169f5e87bb74e,89,both,high,0.99988174,-0.0545684860008327,"burst of tx in the last hour (sender_tx_count_1h=3, impact=+7.637); high tx volume in 24h (sender_tx_count_24h=3, impact=+2.127); amount close to sender's usual pattern (sender_amount_zscore=-1.214, impact=-0.733)",sender_tx_count_1h,7.6373,sender_tx_count_24h,2.1268,sender_amount_zscore,-0.7335
26b1df0ef69e44e9b2e51eddde3aee80,615,both,high,0.99986887,-0.0460335679597104,"burst of tx in the last hour (sender_tx_count_1h=5, impact=+9.071); high tx volume in 24h (sender_tx_count_24h=14, impact=+2.438); long dormancy before reuse (minutes_since_addr_last_output=8144, impact=-0.993)",sender_tx_count_1h,9.0707,sender_tx_count_24h,2.438,minutes_since_addr_last_output,-0.993
bb28858ae7c44d9b929211a9110c59af,58,both,high,0.9998685,-0.0919824673516004,"burst of tx in the last hour (sender_tx_count_1h=4, impact=+7.547); high tx volume in 24h (sender_tx_count_24h=9, impact=+2.409); abnormally low fee (fee=0.0007365, impact=-0.502)",sender_tx_count_1h,7.5467,sender_tx_count_24h,2.409,fee,-0.5025
f8f1b295f3a347488199526f035020d1,666,both,high,0.9998658,-0.0256327542892493,"burst of tx in the last hour (sender_tx_count_1h=26, impact=+8.972); high tx volume in 24h (sender_tx_count_24h=26, impact=+2.557); amount close to sender's usual pattern (sender_amount_zscore=-0.8431, impact=-1.504)",sender_tx_count_1h,8.972,sender_tx_count_24h,2.5571,sender_amount_zscore,-1.5038
6f55725e2e4a4f63a744483042f4c0fa,666,both,high,0.99986017,-0.0402172046253378,"burst of tx in the last hour (sender_tx_count_1h=28, impact=+8.581); high tx volume in 24h (sender_tx_count_24h=28, impact=+2.054); rapid repeat transacting (sender_time_since_last_tx_min=0.9167, impact=+0.935)",sender_tx_count_1h,8.5808,sender_tx_count_24h,2.0544,sender_time_since_last_tx_min,0.9352
943ac2a1095743a7b19ceb4b25f41d18,89,both,high,0.9998555,-0.1707781094208658,"burst of tx in the last hour (sender_tx_count_1h=21, impact=+8.530); high tx volume in 24h (sender_tx_count_24h=21, impact=+2.319); amount close to sender's usual pattern (sender_amount_zscore=-0.5594, impact=-1.621)",sender_tx_count_1h,8.5301,sender_tx_count_24h,2.3186,sender_amount_zscore,-1.6211
07473cdc2a5c4179a1b073075a920b91,306,both,high,0.9998497,-0.0842312585943776,"burst of tx in the last hour (sender_tx_count_1h=25, impact=+9.058); high tx volume in 24h (sender_tx_count_24h=25, impact=+2.443); unusually few inputs (n_inputs=3, impact=-1.819)",sender_tx_count_1h,9.0582,sender_tx_count_24h,2.443,n_inputs,-1.8195
27962486ca504f8e9c67c448e1d1e84f,89,both,high,0.99984884,-0.1700718393603814,"burst of tx in the last hour (sender_tx_count_1h=20, impact=+8.057); high tx volume in 24h (sender_tx_count_24h=20, impact=+2.369); amount close to sender's usual pattern (sender_amount_zscore=-0.5721, impact=-1.483)",sender_tx_count_1h,8.0572,sender_tx_count_24h,2.3694,sender_amount_zscore,-1.4828
647308c2c8204efeab2943129d0f705b,89,both,high,0.99984527,-0.1713798817352261,"burst of tx in the last hour (sender_tx_count_1h=22, impact=+8.361); high tx volume in 24h (sender_tx_count_24h=22, impact=+2.326); amount close to sender's usual pattern (sender_amount_zscore=-0.5476, impact=-1.663)",sender_tx_count_1h,8.3609,sender_tx_count_24h,2.3256,sender_amount_zscore,-1.6627
6e98237ee57f46c7bb248366122137a4,615,both,high,0.9998379,-0.0580280980038154,"burst of tx in the last hour (sender_tx_count_1h=5, impact=+7.872); high tx volume in 24h (sender_tx_count_24h=9, impact=+1.875); large total BTC moved (total_input_btc=0.2289, impact=+1.139)",sender_tx_count_1h,7.8717,sender_tx_count_24h,1.8749,total_input_btc,1.1386
359ed8ae3ed844dbb05159bf91d3c656,89,both,high,0.99983597,-0.1212417465022049,"burst of tx in the last hour (sender_tx_count_1h=7, impact=+8.110); high tx volume in 24h (sender_tx_count_24h=7, impact=+2.269); amount close to sender's usual pattern (sender_amount_zscore=-0.8989, impact=-1.597)",sender_tx_count_1h,8.1104,sender_tx_count_24h,2.2692,sender_amount_zscore,-1.5969
a66b926e8b384c29a153c6a9ce954324,89,both,high,0.99983597,-0.1563285079426334,"burst of tx in the last hour (sender_tx_count_1h=16, impact=+8.061); high tx volume in 24h (sender_tx_count_24h=16, impact=+2.250); amount close to sender's usual pattern (sender_amount_zscore=-0.6329, impact=-1.634)",sender_tx_count_1h,8.0613,sender_tx_count_24h,2.2502,sender_amount_zscore,-1.6338
7b55c89677a246d38052c0ad2db3096d,89,both,high,0.9998338,-0.1438414777649512,"burst of tx in the last hour (sender_tx_count_1h=14, impact=+7.973); high tx volume in 24h (sender_tx_count_24h=14, impact=+2.336); amount close to sender's usual pattern (sender_amount_zscore=-0.6717, impact=-1.608)",sender_tx_count_1h,7.9728,sender_tx_count_24h,2.3361,sender_amount_zscore,-1.6084
f27b4665ef184523b0655e2791b3830e,89,both,high,0.99983275,-0.091785610104797,"burst of tx in the last hour (sender_tx_count_1h=5, impact=+8.159); high tx volume in 24h (sender_tx_count_24h=5, impact=+2.218); amount close to sender's usual pattern (sender_amount_zscore=-1.022, impact=-1.702)",sender_tx_count_1h,8.1592,sender_tx_count_24h,2.2182,sender_amount_zscore,-1.7019
2934c24707d54c4c8fae1bc16401f00c,615,both,high,0.9998318,-0.0728037059157646,"burst of tx in the last hour (sender_tx_count_1h=5, impact=+8.293); high tx volume in 24h (sender_tx_count_24h=12, impact=+2.490); small total BTC moved (total_input_btc=0.1446, impact=-1.258)",sender_tx_count_1h,8.2929,sender_tx_count_24h,2.4904,total_input_btc,-1.2576
80cfdbca25fd4c0da5e9c751482abfe8,89,both,high,0.9998171,-0.1606877660758778,"burst of tx in the last hour (sender_tx_count_1h=18, impact=+8.113); high tx volume in 24h (sender_tx_count_24h=18, impact=+2.271); amount close to sender's usual pattern (sender_amount_zscore=-0.6002, impact=-1.666)",sender_tx_count_1h,8.1128,sender_tx_count_24h,2.2713,sender_amount_zscore,-1.6664
0e935e7ce588444a82b05ae2185db248,666,both,high,0.99981517,-0.0063071237374576,"burst of tx in the last hour (sender_tx_count_1h=21, impact=+9.045); high tx volume in 24h (sender_tx_count_24h=21, impact=+2.562); small total BTC moved (total_input_btc=0.03395, impact=-1.399)",sender_tx_count_1h,9.0455,sender_tx_count_24h,2.562,total_input_btc,-1.3987
362d3d6ea5794d93998817e1c029ed2c,306,both,high,0.99980253,-0.0443643066741435,"burst of tx in the last hour (sender_tx_count_1h=29, impact=+8.778); high tx volume in 24h (sender_tx_count_24h=29, impact=+2.181); small total BTC moved (total_input_btc=0.1181, impact=-1.258)",sender_tx_count_1h,8.7783,sender_tx_count_24h,2.1813,total_input_btc,-1.2584
dcea2b12b1744641a1d3833557e6c9b3,89,both,high,0.99979633,-0.1960399310050826,"burst of tx in the last hour (sender_tx_count_1h=23, impact=+8.291); high tx volume in 24h (sender_tx_count_24h=23, impact=+1.912); amount close to sender's usual pattern (sender_amount_zscore=-0.5364, impact=-1.480)",sender_tx_count_1h,8.2905,sender_tx_count_24h,1.9122,sender_amount_zscore,-1.4799
19c1eb7cf4464ffaaa36d4a1d30c448c,58,both,high,0.999788,-0.076903560808376,"burst of tx in the last hour (sender_tx_count_1h=3, impact=+9.267); high tx volume in 24h (sender_tx_count_24h=14, impact=+2.328); amount close to sender's usual pattern (sender_amount_zscore=-0.9882, impact=-1.371)",sender_tx_count_1h,9.2665,sender_tx_count_24h,2.3278,sender_amount_zscore,-1.371
50d16dda612e46eb9bdc439373f5c6c5,89,both,high,0.99978095,-0.0836713145361384,"burst of tx in the last hour (sender_tx_count_1h=4, impact=+7.835); high tx volume in 24h (sender_tx_count_24h=4, impact=+2.151); amount close to sender's usual pattern (sender_amount_zscore=-1.106, impact=-1.225)",sender_tx_count_1h,7.835,sender_tx_count_24h,2.151,sender_amount_zscore,-1.2249
6bdc41c41bc047e58d3089d184490da4,89,both,high,0.9997806,-0.1401080510512566,"burst of tx in the last hour (sender_tx_count_1h=9, impact=+8.071); high tx volume in 24h (sender_tx_count_24h=9, impact=+2.267); amount close to sender's usual pattern (sender_amount_zscore=-0.8118, impact=-1.607)",sender_tx_count_1h,8.0712,sender_tx_count_24h,2.2665,sender_amount_zscore,-1.6073
b58620c61b17404eb4e44773b85897ce,89,both,high,0.99975497,-0.1046726922491338,"burst of tx in the last hour (sender_tx_count_1h=6, impact=+8.021); high tx volume in 24h (sender_tx_count_24h=6, impact=+2.269); amount close to sender's usual pattern (sender_amount_zscore=-0.9544, impact=-1.641)",sender_tx_count_1h,8.0207,sender_tx_count_24h,2.2692,sender_amount_zscore,-1.6411
149b5c6828a141d5b3512fbff8002138,499,both,high,0.99974364,-0.0198073086804025,"burst of tx in the last hour (sender_tx_count_1h=23, impact=+9.518); high tx volume in 24h (sender_tx_count_24h=23, impact=+2.529); small total BTC moved (total_input_btc=0.01053, impact=-1.222)",sender_tx_count_1h,9.5184,sender_tx_count_24h,2.5289,total_input_btc,-1.2217
0ef540e463a441ebbdb75af8e699b618,89,both,high,0.99972993,-0.181945434983864,"burst of tx in the last hour (sender_tx_count_1h=24, impact=+8.250); high tx volume in 24h (sender_tx_count_24h=24, impact=+2.319); amount close to sender's usual pattern (sender_amount_zscore=-0.5259, impact=-1.638)",sender_tx_count_1h,8.25,sender_tx_count_24h,2.3188,sender_amount_zscore,-1.6381
fe02ed2db70f4e908501f39fe82417e9,666,both,high,0.99967587,-0.0461256151439475,"burst of tx in the last hour (sender_tx_count_1h=19, impact=+9.776); high tx volume in 24h (sender_tx_count_24h=19, impact=+2.757); unusually few inputs (n_inputs=3, impact=-1.703)",sender_tx_count_1h,9.7762,sender_tx_count_24h,2.7573,n_inputs,-1.7028
d89383cdc9674f7ab4cfa04f296b4a46,89,both,high,0.9996458,-0.1605442663372895,"burst of tx in the last hour (sender_tx_count_1h=17, impact=+7.892); high tx volume in 24h (sender_tx_count_24h=17, impact=+1.957); amount close to sender's usual pattern (sender_amount_zscore=-0.6159, impact=-1.479)",sender_tx_count_1h,7.8922,sender_tx_count_24h,1.9571,sender_amount_zscore,-1.4793
76d0c17f922e428dac4175d603e06d14,579,both,high,0.9996424,-0.0565300937166585,"burst of tx in the last hour (sender_tx_count_1h=6, impact=+8.745); high tx volume in 24h (sender_tx_count_24h=10, impact=+2.232); small total BTC moved (total_input_btc=0.1629, impact=-1.060)",sender_tx_count_1h,8.7446,sender_tx_count_24h,2.2324,total_input_btc,-1.0601
7deb5bbd17b64897ad8ef655ecdc0d5c,615,both,high,0.99962795,-0.0244121123869838,"burst of tx in the last hour (sender_tx_count_1h=6, impact=+9.243); high tx volume in 24h (sender_tx_count_24h=6, impact=+2.179); long dormancy before reuse (minutes_since_addr_last_output=8049, impact=-0.990)",sender_tx_count_1h,9.2432,sender_tx_count_24h,2.1791,minutes_since_addr_last_output,-0.9899
71d1cd2d05534d68a797662856656ecc,615,both,high,0.9995896,-0.0826683193564964,"burst of tx in the last hour (sender_tx_count_1h=5, impact=+8.648); high tx volume in 24h (sender_tx_count_24h=11, impact=+2.425); small total BTC moved (total_input_btc=0.1536, impact=-1.206)",sender_tx_count_1h,8.6478,sender_tx_count_24h,2.4248,total_input_btc,-1.2059
4c7174825fce468d96f9456505a52ce7,579,both,high,0.9995684,-0.0511907521756995,"burst of tx in the last hour (sender_tx_count_1h=6, impact=+8.475); high tx volume in 24h (sender_tx_count_24h=8, impact=+2.051); abnormally low fee (fee=0.000198, impact=-0.609)",sender_tx_count_1h,8.4746,sender_tx_count_24h,2.051,fee,-0.6089
4d990cb9ed3248eea9edbe9141dd7b5e,579,both,high,0.9995628,-0.0651547055805163,"burst of tx in the last hour (sender_tx_count_1h=6, impact=+9.060); high tx volume in 24h (sender_tx_count_24h=12, impact=+2.555); small total BTC moved (total_input_btc=0.1466, impact=-1.429)",sender_tx_count_1h,9.0596,sender_tx_count_24h,2.5554,total_input_btc,-1.4292
3c604544aa7144e0bd04e39fbef44f31,306,both,high,0.99955887,-0.0378787921158062,"burst of tx in the last hour (sender_tx_count_1h=28, impact=+8.803); high tx volume in 24h (sender_tx_count_24h=28, impact=+2.262); small total BTC moved (total_input_btc=0.1113, impact=-1.600)",sender_tx_count_1h,8.8028,sender_tx_count_24h,2.2618,total_input_btc,-1.6003
50288560a3c74081ad693b0cd1030391,579,both,high,0.9995437,-0.0213156832551522,"burst of tx in the last hour (sender_tx_count_1h=4, impact=+8.854); high tx volume in 24h (sender_tx_count_24h=5, impact=+2.460); small total BTC moved (total_input_btc=0.1545, impact=-1.338)",sender_tx_count_1h,8.8538,sender_tx_count_24h,2.4599,total_input_btc,-1.3378
0fefd41ce52745a4b867f0b730b73551,579,both,high,0.9995321,-0.0326253371913323,"burst of tx in the last hour (sender_tx_count_1h=5, impact=+9.178); high tx volume in 24h (sender_tx_count_24h=6, impact=+2.188); amount close to sender's usual pattern (sender_amount_zscore=-2.18, impact=-1.306)",sender_tx_count_1h,9.1783,sender_tx_count_24h,2.1876,sender_amount_zscore,-1.3056
2bcf0bb653004e6092730ee3ed91eb7b,615,both,high,0.9995105,-0.0311750774968398,"burst of tx in the last hour (sender_tx_count_1h=4, impact=+9.443); high tx volume in 24h (sender_tx_count_24h=7, impact=+2.498); amount close to sender's usual pattern (sender_amount_zscore=-0.6757, impact=-1.026)",sender_tx_count_1h,9.4429,sender_tx_count_24h,2.4985,sender_amount_zscore,-1.0257
62406e6e404d40dfa222fd3a33a34788,306,both,high,0.99944264,-0.0274573518081581,"burst of tx in the last hour (sender_tx_count_1h=20, impact=+9.160); high tx volume in 24h (sender_tx_count_24h=20, impact=+2.384); amount close to sender's usual pattern (sender_amount_zscore=-0.8501, impact=-1.213)",sender_tx_count_1h,9.1595,sender_tx_count_24h,2.3841,sender_amount_zscore,-1.2131
91354f3c5af34a2d868c7232e592d652,306,both,high,0.99940777,-0.000959953663563,"burst of tx in the last hour (sender_tx_count_1h=19, impact=+9.409); high tx volume in 24h (sender_tx_count_24h=19, impact=+2.360); small total BTC moved (total_input_btc=0.1576, impact=-1.485)",sender_tx_count_1h,9.4093,sender_tx_count_24h,2.3602,total_input_btc,-1.4855
b82c7eff2b744818a160e5b9e12385b1,666,both,high,0.9994056,-0.0092113751950583,"burst of tx in the last hour (sender_tx_count_1h=9, impact=+9.488); high tx volume in 24h (sender_tx_count_24h=9, impact=+2.774); unusually few inputs (n_inputs=3, impact=-1.699)",sender_tx_count_1h,9.4882,sender_tx_count_24h,2.7739,n_inputs,-1.6992
e0a2cb41cd95427ca6690a676dde71ad,579,both,high,0.99938846,-0.0756306260310516,"burst of tx in the last hour (sender_tx_count_1h=6, impact=+9.317); high tx volume in 24h (sender_tx_count_24h=14, impact=+2.226); amount close to sender's usual pattern (sender_amount_zscore=-2.268, impact=-1.264)",sender_tx_count_1h,9.3169,sender_tx_count_24h,2.2263,sender_amount_zscore,-1.2643
715081ad972f485f95cdae4dbc5d0ee5,58,both,high,0.99936,-0.0632273178128844,"burst of tx in the last hour (sender_tx_count_1h=5, impact=+8.819); high tx volume in 24h (sender_tx_count_24h=10, impact=+2.303); amount close to sender's usual pattern (sender_amount_zscore=-1.039, impact=-1.582)",sender_tx_count_1h,8.8194,sender_tx_count_24h,2.3028,sender_amount_zscore,-1.5816
8223b36f60ed44019537e34663b79e4d,306,both,high,0.99923503,-0.0360311934584863,"burst of tx in the last hour (sender_tx_count_1h=18, impact=+9.016); high tx volume in 24h (sender_tx_count_24h=18, impact=+2.422); unusually few inputs (n_inputs=3, impact=-1.648)",sender_tx_count_1h,9.0165,sender_tx_count_24h,2.4218,n_inputs,-1.6477
c713b944bb84418fa2fe98ffc21e89d7,306,both,high,0.99912566,-0.0358569421296756,"burst of tx in the last hour (sender_tx_count_1h=22, impact=+8.699); high tx volume in 24h (sender_tx_count_24h=22, impact=+2.108); amount close to sender's usual pattern (sender_amount_zscore=-0.7257, impact=-1.385)",sender_tx_count_1h,8.6986,sender_tx_count_24h,2.1084,sender_amount_zscore,-1.3851
3e031670d40641c08be629861ac4d4c2,58,both,high,0.9991001,-0.0840027780082333,"burst of tx in the last hour (sender_tx_count_1h=3, impact=+8.276); high tx volume in 24h (sender_tx_count_24h=13, impact=+2.604); small total BTC moved (total_input_btc=0.1503, impact=-1.345)",sender_tx_count_1h,8.2763,sender_tx_count_24h,2.6035,total_input_btc,-1.3451
27e2ac3740634afd96a4dc509eebd1d0,306,both,high,0.99890316,-0.0336793604877582,"burst of tx in the last hour (sender_tx_count_1h=27, impact=+8.546); high tx volume in 24h (sender_tx_count_24h=27, impact=+2.176); small total BTC moved (total_input_btc=0.09816, impact=-1.544)",sender_tx_count_1h,8.5458,sender_tx_count_24h,2.1759,total_input_btc,-1.5438
51b410a95cc24eeaae22785f2236245f,58,both,high,0.9987987,-0.0569634241611318,"burst of tx in the last hour (sender_tx_count_1h=3, impact=+8.282); high tx volume in 24h (sender_tx_count_24h=12, impact=+2.579); amount close to sender's usual pattern (sender_amount_zscore=-0.8806, impact=-1.302)",sender_tx_count_1h,8.2817,sender_tx_count_24h,2.5789,sender_amount_zscore,-1.3015
df6bb6f6d1d047cabd74c85c4f944946,615,both,high,0.99872416,-0.0839035299011108,"burst of tx in the last hour (sender_tx_count_1h=5, impact=+8.084); high tx volume in 24h (sender_tx_count_24h=13, impact=+2.303); small total BTC moved (total_input_btc=0.113, impact=-1.148)",sender_tx_count_1h,8.0844,sender_tx_count_24h,2.3026,total_input_btc,-1.1485
29d13c49dc8049ffb897b17dc70c2a0e,306,both,high,0.9985251,-0.0063323235318479,"burst of tx in the last hour (sender_tx_count_1h=11, impact=+9.478); high tx volume in 24h (sender_tx_count_24h=11, impact=+2.558); unusually few inputs (n_inputs=3, impact=-1.625)",sender_tx_count_1h,9.4776,sender_tx_count_24h,2.5579,n_inputs,-1.625
ed16f4fe65e74c49af1499a445799abf,58,both,high,0.9982387,-0.063374053930106,"burst of tx in the last hour (sender_tx_count_1h=5, impact=+8.285); high tx volume in 24h (sender_tx_count_24h=11, impact=+2.570); amount close to sender's usual pattern (sender_amount_zscore=-0.972, impact=-1.317)",sender_tx_count_1h,8.2846,sender_tx_count_24h,2.5702,sender_amount_zscore,-1.317
613bcca0ed9b44e4aa39127a1036965f,606,both,high,0.9969008,-0.0291991032515979,"very uneven output split (output_min_max_ratio=0.05024, impact=+5.937); large total BTC moved (total_input_btc=0.2061, impact=+1.452); quiet in the last hour (sender_tx_count_1h=0, impact=-1.032)",output_min_max_ratio,5.9365,total_input_btc,1.4518,sender_tx_count_1h,-1.0319
d87d303905b7490ca2c1311eaae23d39,606,both,high,0.99324256,-0.0219536579048993,"very uneven output split (output_min_max_ratio=0.03537, impact=+5.855); large total BTC moved (total_input_btc=0.1956, impact=+1.462); quiet in the last hour (sender_tx_count_1h=0, impact=-1.039)",output_min_max_ratio,5.8554,total_input_btc,1.4617,sender_tx_count_1h,-1.0391
17c233ce5ec64f30a5a3f07628f300e3,606,both,high,0.9930727,-0.0331130331980872,"very uneven output split (output_min_max_ratio=0.05771, impact=+5.925); quiet in the last hour (sender_tx_count_1h=0, impact=-1.050); large total BTC moved (total_input_btc=0.1665, impact=+0.571)",output_min_max_ratio,5.9249,sender_tx_count_1h,-1.0496,total_input_btc,0.5714
ad3cbc942ca64ed2a26f3cbc09b3d698,606,both,high,0.99219066,-0.0207165398195429,"very uneven output split (output_min_max_ratio=0.02767, impact=+6.005); large total BTC moved (total_input_btc=0.2123, impact=+1.435); quiet in the last hour (sender_tx_count_1h=0, impact=-1.037)",output_min_max_ratio,6.0046,total_input_btc,1.4345,sender_tx_count_1h,-1.0371
c7862b14f2924b6499a9dbae413103d6,606,both,high,0.988247,-0.0184591894948364,"very uneven output split (output_min_max_ratio=0.04356, impact=+5.823); quiet in the last hour (sender_tx_count_1h=0, impact=-1.043); large total BTC moved (total_input_btc=0.174, impact=+0.952)",output_min_max_ratio,5.8234,sender_tx_count_1h,-1.0435,total_input_btc,0.9517
faad6c5c025e4e06abe96f00608a7216,376,both,high,0.8953659,-0.2113377259127666,"unusually many inputs (n_inputs=25, impact=+2.280); quiet in the last hour (sender_tx_count_1h=0, impact=-1.060); very fast address reuse (minutes_since_addr_last_output=-1, impact=+0.677)",n_inputs,2.2803,sender_tx_count_1h,-1.0598,minutes_since_addr_last_output,0.6773
c31576ead6674582b212fbe91f9c1d49,353,both,high,0.8914576,-0.2177795121248265,"unusually many inputs (n_inputs=25, impact=+2.281); quiet in the last hour (sender_tx_count_1h=0, impact=-1.061); abnormal fee amount (fee=0.02171, impact=+0.711)",n_inputs,2.2811,sender_tx_count_1h,-1.061,fee,0.7106
4d76410a89424922bd23635a5112c6dc,794,both,high,0.88783336,-0.0236668712426291,"very uneven output split (output_min_max_ratio=0.02513, impact=+4.985); quiet in the last hour (sender_tx_count_1h=0, impact=-1.323); small total BTC moved (total_input_btc=0.08708, impact=-0.795)",output_min_max_ratio,4.9853,sender_tx_count_1h,-1.3233,total_input_btc,-0.795
ed0dcf7dd957463cab22f1c20072247c,353,both,high,0.82235634,-0.0040157739716867,"very uneven output split (output_min_max_ratio=0.04573, impact=+4.959); small total BTC moved (total_input_btc=0.05759, impact=-1.528); quiet in the last hour (sender_tx_count_1h=0, impact=-1.326)",output_min_max_ratio,4.9588,total_input_btc,-1.5276,sender_tx_count_1h,-1.3263
b09c331916274d12bf82509702aaacc3,540,both,high,0.812301,-0.0540307581299247,"amount far from sender's usual pattern (sender_amount_zscore=10, impact=+4.221); consistent ASN recently (sender_distinct_asn_last10=2, impact=-0.522); unusually many outputs (n_outputs=1, impact=+0.500)",sender_amount_zscore,4.2211,sender_distinct_asn_last10,-0.5219,n_outputs,0.5003
6417f68ee90a4673aa13e8897457de4e,376,both,high,0.75287926,-0.0044443533231233,"very uneven output split (output_min_max_ratio=0.06276, impact=+4.955); quiet in the last hour (sender_tx_count_1h=0, impact=-1.332); small total BTC moved (total_input_btc=0.0583, impact=-1.188)",output_min_max_ratio,4.9553,sender_tx_count_1h,-1.3321,total_input_btc,-1.1882
3a6e51bfeeb54a69882590fca6f749c5,89,both,high,0.75177276,-0.2118252742068238,"unusually many inputs (n_inputs=25, impact=+2.280); quiet in the last hour (sender_tx_count_1h=0, impact=-1.061); near-perfect input/output balance (input_output_ratio=1.004, impact=-0.997)",n_inputs,2.2803,sender_tx_count_1h,-1.0614,input_output_ratio,-0.9972
bf6588b49b76420aa12a5436f5fd3075,376,both,high,0.73439234,-0.0218118287932745,"very uneven output split (output_min_max_ratio=0.05534, impact=+4.777); small total BTC moved (total_input_btc=0.0653, impact=-1.606); quiet in the last hour (sender_tx_count_1h=0, impact=-1.323)",output_min_max_ratio,4.7775,total_input_btc,-1.6058,sender_tx_count_1h,-1.323
a9a06987a4f84e5ca56cd76d71cc4227,376,both,high,0.6904502,-0.013883245517695,"very uneven output split (output_min_max_ratio=0.08126, impact=+4.986); small total BTC moved (total_input_btc=0.07085, impact=-1.705); quiet in the last hour (sender_tx_count_1h=0, impact=-1.331)",output_min_max_ratio,4.9859,total_input_btc,-1.7054,sender_tx_count_1h,-1.3313
f3880d248a284e46934dd3cb085117bd,794,both,high,0.6887634,-0.0070032136615084,"very uneven output split (output_min_max_ratio=0.03276, impact=+4.973); small total BTC moved (total_input_btc=0.09894, impact=-1.884); quiet in the last hour (sender_tx_count_1h=0, impact=-1.339)",output_min_max_ratio,4.9731,total_input_btc,-1.884,sender_tx_count_1h,-1.3389
7c8219e9814542028957f3c1757e9a39,606,both,high,0.6160636,-0.0211687162933366,"very uneven output split (output_min_max_ratio=0.08351, impact=+3.599); quiet in the last hour (sender_tx_count_1h=0, impact=-1.412); unusually few outputs (n_outputs=2, impact=-1.393)",output_min_max_ratio,3.5987,sender_tx_count_1h,-1.4119,n_outputs,-1.3932
f6ef43e4a84b4dd4bd7f8874cf76d0ae,666,xgboost,medium-high,0.99998367,0.09823665806499,"burst of tx in the last hour (sender_tx_count_1h=6, impact=+7.006); high tx volume in 24h (sender_tx_count_24h=6, impact=+1.900); very fast address reuse (minutes_since_addr_last_output=-1, impact=+0.669)",sender_tx_count_1h,7.0062,sender_tx_count_24h,1.8998,minutes_since_addr_last_output,0.6692
618419df44494b799ba1a146d130cf27,666,xgboost,medium-high,0.9999782,0.0337082736834603,"burst of tx in the last hour (sender_tx_count_1h=14, impact=+8.684); high tx volume in 24h (sender_tx_count_24h=14, impact=+2.549); unusually few outputs (n_outputs=2, impact=-0.812)",sender_tx_count_1h,8.6839,sender_tx_count_24h,2.5487,n_outputs,-0.8115
ecf504df3fe443e7aa05c1a5829727a9,666,xgboost,medium-high,0.9999734,0.0449831235430817,"burst of tx in the last hour (sender_tx_count_1h=15, impact=+8.908); high tx volume in 24h (sender_tx_count_24h=15, impact=+2.547); small total BTC moved (total_input_btc=0.04149, impact=-0.876)",sender_tx_count_1h,8.9083,sender_tx_count_24h,2.5466,total_input_btc,-0.8759
d2ae40423c344c539f22a3e98b3a7a35,499,xgboost,medium-high,0.9999722,0.0517909191267155,"burst of tx in the last hour (sender_tx_count_1h=10, impact=+9.870); high tx volume in 24h (sender_tx_count_24h=10, impact=+2.412); rapid repeat transacting (sender_time_since_last_tx_min=1.1, impact=+1.292)",sender_tx_count_1h,9.8703,sender_tx_count_24h,2.4123,sender_time_since_last_tx_min,1.2917
b7e0526f307c499da59de7aa67cb5aeb,306,xgboost,medium-high,0.999961,0.0516521525198465,"burst of tx in the last hour (sender_tx_count_1h=12, impact=+7.896); high tx volume in 24h (sender_tx_count_24h=12, impact=+2.408); rapid repeat transacting (sender_time_since_last_tx_min=1.083, impact=+1.053)",sender_tx_count_1h,7.8959,sender_tx_count_24h,2.4079,sender_time_since_last_tx_min,1.053
b8b0c5980df3442fb8e8f916a852cb66,58,xgboost,medium-high,0.99996006,0.0580737264127423,"burst of tx in the last hour (sender_tx_count_1h=2, impact=+8.306); high tx volume in 24h (sender_tx_count_24h=2, impact=+2.119); large total BTC moved (total_input_btc=0.2662, impact=+0.535)",sender_tx_count_1h,8.3058,sender_tx_count_24h,2.1191,total_input_btc,0.5354
7a6244353d0d42b397de43163955511a,579,xgboost,medium-high,0.9999584,0.0475648285131313,"burst of tx in the last hour (sender_tx_count_1h=2, impact=+7.459); high tx volume in 24h (sender_tx_count_24h=2, impact=+1.842); large total BTC moved (total_input_btc=0.2517, impact=+1.202)",sender_tx_count_1h,7.4593,sender_tx_count_24h,1.8424,total_input_btc,1.2024
ce1b9f0da9a84ff7b66188774b8732eb,306,xgboost,medium-high,0.99995625,0.1058653994567863,"burst of tx in the last hour (sender_tx_count_1h=4, impact=+8.555); high tx volume in 24h (sender_tx_count_24h=4, impact=+2.597); rapid repeat transacting (sender_time_since_last_tx_min=1.367, impact=+1.006)",sender_tx_count_1h,8.5551,sender_tx_count_24h,2.5969,sender_time_since_last_tx_min,1.0057
ed90346f8ef54889ae4f4eef43fd4ad3,306,xgboost,medium-high,0.9999547,0.0834207240575915,"burst of tx in the last hour (sender_tx_count_1h=5, impact=+7.191); high tx volume in 24h (sender_tx_count_24h=5, impact=+2.020); rapid repeat transacting (sender_time_since_last_tx_min=1, impact=+0.919)",sender_tx_count_1h,7.1907,sender_tx_count_24h,2.0204,sender_time_since_last_tx_min,0.9188
f28a9e92659a4fae9f7bac0db15669a4,499,xgboost,medium-high,0.9999541,0.0358331123310327,"burst of tx in the last hour (sender_tx_count_1h=16, impact=+9.601); high tx volume in 24h (sender_tx_count_24h=16, impact=+2.480); rapid repeat transacting (sender_time_since_last_tx_min=0.5667, impact=+0.969)",sender_tx_count_1h,9.6005,sender_tx_count_24h,2.4803,sender_time_since_last_tx_min,0.969
324f93e5011d43279d15609f00d624de,306,xgboost,medium-high,0.99995255,0.0215632241253943,"burst of tx in the last hour (sender_tx_count_1h=13, impact=+8.254); high tx volume in 24h (sender_tx_count_24h=13, impact=+1.962); rapid repeat transacting (sender_time_since_last_tx_min=0.8833, impact=+0.880)",sender_tx_count_1h,8.2538,sender_tx_count_24h,1.9618,sender_time_since_last_tx_min,0.8797
85fc49be97a14d1999fa781c4baa7670,499,xgboost,medium-high,0.9999511,0.0849979365229967,"burst of tx in the last hour (sender_tx_count_1h=7, impact=+9.221); high tx volume in 24h (sender_tx_count_24h=7, impact=+2.464); small total BTC moved (total_input_btc=0.009002, impact=-1.078)",sender_tx_count_1h,9.2207,sender_tx_count_24h,2.464,total_input_btc,-1.0776
56252140da7b4c5baaa67696bde22484,306,xgboost,medium-high,0.999951,0.0735541959790033,"burst of tx in the last hour (sender_tx_count_1h=6, impact=+8.128); high tx volume in 24h (sender_tx_count_24h=6, impact=+2.326); rapid repeat transacting (sender_time_since_last_tx_min=0.6333, impact=+0.995)",sender_tx_count_1h,8.1276,sender_tx_count_24h,2.326,sender_time_since_last_tx_min,0.9948
9b4ac7190d1f4e25a9ba890ac9ea81d8,499,xgboost,medium-high,0.9999503,0.0943452063393387,"burst of tx in the last hour (sender_tx_count_1h=6, impact=+9.047); high tx volume in 24h (sender_tx_count_24h=6, impact=+2.359); small total BTC moved (total_input_btc=0.01713, impact=-1.140)",sender_tx_count_1h,9.0466,sender_tx_count_24h,2.3588,total_input_btc,-1.1404
acfa47db09584f23bdbf1df7a04fdd2c,306,xgboost,medium-high,0.9999498,0.0595602246833944,"burst of tx in the last hour (sender_tx_count_1h=10, impact=+8.648); high tx volume in 24h (sender_tx_count_24h=10, impact=+2.583); rapid repeat transacting (sender_time_since_last_tx_min=1.267, impact=+1.110)",sender_tx_count_1h,8.6478,sender_tx_count_24h,2.5826,sender_time_since_last_tx_min,1.1105
7ff84171b9a9408b83021890ec5fff03,499,xgboost,medium-high,0.9999465,0.0116135592673153,"burst of tx in the last hour (sender_tx_count_1h=15, impact=+9.999); high tx volume in 24h (sender_tx_count_24h=15, impact=+2.397); small total BTC moved (total_input_btc=0.01345, impact=-1.057)",sender_tx_count_1h,9.9992,sender_tx_count_24h,2.3969,total_input_btc,-1.0569
e4f92957f9164fd0b4f7d1131325badc,499,xgboost,medium-high,0.99994373,0.0666000553030923,"burst of tx in the last hour (sender_tx_count_1h=9, impact=+9.637); high tx volume in 24h (sender_tx_count_24h=9, impact=+2.483); small total BTC moved (total_input_btc=0.00945, impact=-0.976)",sender_tx_count_1h,9.6366,sender_tx_count_24h,2.4829,total_input_btc,-0.9759
521d14bf1b6d4763859cd5f955383486,499,xgboost,medium-high,0.9999436,0.0452050046425758,"burst of tx in the last hour (sender_tx_count_1h=13, impact=+9.755); high tx volume in 24h (sender_tx_count_24h=13, impact=+2.372); small total BTC moved (total_input_btc=0.01485, impact=-1.227)",sender_tx_count_1h,9.7546,sender_tx_count_24h,2.3719,total_input_btc,-1.2271
dbe69906fd384d798dfab86f91e8e6af,306,xgboost,medium-high,0.999943,0.0660945897799639,"burst of tx in the last hour (sender_tx_count_1h=7, impact=+8.633); high tx volume in 24h (sender_tx_count_24h=7, impact=+2.541); rapid repeat transacting (sender_time_since_last_tx_min=0.6667, impact=+0.944)",sender_tx_count_1h,8.6327,sender_tx_count_24h,2.5406,sender_time_since_last_tx_min,0.9435
5aa9a9a699ec48818448282ea1112211,666,xgboost,medium-high,0.999943,0.025587323517598,"burst of tx in the last hour (sender_tx_count_1h=18, impact=+9.153); high tx volume in 24h (sender_tx_count_24h=18, impact=+2.537); small total BTC moved (total_input_btc=0.04011, impact=-1.202)",sender_tx_count_1h,9.1526,sender_tx_count_24h,2.5368,total_input_btc,-1.2016
7c8d9850d4e64a8eb91da7004caeb27e,499,xgboost,medium-high,0.99993634,0.0120489006015621,"burst of tx in the last hour (sender_tx_count_1h=18, impact=+9.981); high tx volume in 24h (sender_tx_count_24h=18, impact=+2.532); small total BTC moved (total_input_btc=0.01235, impact=-1.100)",sender_tx_count_1h,9.9809,sender_tx_count_24h,2.5322,total_input_btc,-1.0997
a603a28e0758408faad0a7778bba16de,499,xgboost,medium-high,0.9999341,0.0580530388533609,"burst of tx in the last hour (sender_tx_count_1h=12, impact=+10.101); high tx volume in 24h (sender_tx_count_24h=12, impact=+2.612); small total BTC moved (total_input_btc=0.01148, impact=-1.294)",sender_tx_count_1h,10.1015,sender_tx_count_24h,2.6115,total_input_btc,-1.2944
2662122bae4747baa25bdb9bbb225aef,58,xgboost,medium-high,0.99993074,0.0233171383201166,"burst of tx in the last hour (sender_tx_count_1h=4, impact=+7.943); high tx volume in 24h (sender_tx_count_24h=4, impact=+2.085); large total BTC moved (total_input_btc=0.2071, impact=+0.736)",sender_tx_count_1h,7.9428,sender_tx_count_24h,2.0846,total_input_btc,0.7359
c3733fb6bfcb49f99b91cf6ee095a109,499,xgboost,medium-high,0.9999269,0.0828888527854645,"burst of tx in the last hour (sender_tx_count_1h=8, impact=+10.030); high tx volume in 24h (sender_tx_count_24h=8, impact=+2.501); small total BTC moved (total_input_btc=0.01344, impact=-1.342)",sender_tx_count_1h,10.0296,sender_tx_count_24h,2.5014,total_input_btc,-1.3419
d3b1119ce6c74ec9928fe7c8d8e869ab,499,xgboost,medium-high,0.99992085,0.0667654346731869,"burst of tx in the last hour (sender_tx_count_1h=11, impact=+9.899); high tx volume in 24h (sender_tx_count_24h=11, impact=+2.529); small total BTC moved (total_input_btc=0.01146, impact=-1.268)",sender_tx_count_1h,9.8993,sender_tx_count_24h,2.5289,total_input_btc,-1.268
0af4df558f3f45388ccbc88d8a1456c3,499,xgboost,medium-high,0.9999186,0.101547381182679,"burst of tx in the last hour (sender_tx_count_1h=5, impact=+10.090); high tx volume in 24h (sender_tx_count_24h=5, impact=+2.551); small total BTC moved (total_input_btc=0.01226, impact=-1.269)",sender_tx_count_1h,10.0899,sender_tx_count_24h,2.5514,total_input_btc,-1.2692
81a65e03d4934a60a20bd3c5bb947078,499,xgboost,medium-high,0.99991775,0.0259503773379116,"burst of tx in the last hour (sender_tx_count_1h=14, impact=+9.066); high tx volume in 24h (sender_tx_count_24h=14, impact=+2.041); small total BTC moved (total_input_btc=0.0208, impact=-1.001)",sender_tx_count_1h,9.0661,sender_tx_count_24h,2.0411,total_input_btc,-1.0013
af796522f0db4c3fa8faf80057e7a1bc,666,xgboost,medium-high,0.9998721,0.068849439948491,"burst of tx in the last hour (sender_tx_count_1h=10, impact=+9.602); high tx volume in 24h (sender_tx_count_24h=10, impact=+2.772); small total BTC moved (total_input_btc=0.02799, impact=-1.295)",sender_tx_count_1h,9.6021,sender_tx_count_24h,2.7716,total_input_btc,-1.2951
dbd6a84d180f4fe6ac21cbebba6cc135,666,xgboost,medium-high,0.99987113,0.0910217370403016,"burst of tx in the last hour (sender_tx_count_1h=7, impact=+9.024); high tx volume in 24h (sender_tx_count_24h=7, impact=+2.551); small total BTC moved (total_input_btc=0.03306, impact=-1.562)",sender_tx_count_1h,9.0236,sender_tx_count_24h,2.5505,total_input_btc,-1.5621
3ac704fa5563425da5c4228611a18b98,666,xgboost,medium-high,0.9998652,0.0054620377092114,"burst of tx in the last hour (sender_tx_count_1h=11, impact=+9.627); high tx volume in 24h (sender_tx_count_24h=11, impact=+2.745); unusually few inputs (n_inputs=3, impact=-1.781)",sender_tx_count_1h,9.6266,sender_tx_count_24h,2.7449,n_inputs,-1.7814
0358534045dd48bea72965d070f5c5eb,615,xgboost,medium-high,0.99986446,0.0029919360099915,"burst of tx in the last hour (sender_tx_count_1h=5, impact=+8.725); high tx volume in 24h (sender_tx_count_24h=5, impact=+2.173); small total BTC moved (total_input_btc=0.1032, impact=-1.505)",sender_tx_count_1h,8.7247,sender_tx_count_24h,2.1729,total_input_btc,-1.505
91484ffe1e324336b6646b0942aa6dbe,666,xgboost,medium-high,0.9998568,0.1332944841337687,"burst of tx in the last hour (sender_tx_count_1h=2, impact=+9.348); high tx volume in 24h (sender_tx_count_24h=2, impact=+2.226); near-perfect input/output balance (input_output_ratio=1.001, impact=-1.187)",sender_tx_count_1h,9.3478,sender_tx_count_24h,2.2259,input_output_ratio,-1.1873
8b7ab1034c30499a8b5a4f92252b1973,666,xgboost,medium-high,0.99984586,0.0539612076517445,"burst of tx in the last hour (sender_tx_count_1h=12, impact=+9.690); high tx volume in 24h (sender_tx_count_24h=12, impact=+2.577); small total BTC moved (total_input_btc=0.03301, impact=-1.240)",sender_tx_count_1h,9.6896,sender_tx_count_24h,2.5766,total_input_btc,-1.2404
a961f613ba614e8db7f5d98bbc64136a,666,xgboost,medium-high,0.9998323,0.1272770555046442,"burst of tx in the last hour (sender_tx_count_1h=3, impact=+9.198); high tx volume in 24h (sender_tx_count_24h=3, impact=+2.513); small total BTC moved (total_input_btc=0.03852, impact=-1.350)",sender_tx_count_1h,9.1985,sender_tx_count_24h,2.5127,total_input_btc,-1.35
75aca820c9bb414f9599da60a5789503,499,xgboost,medium-high,0.99982387,0.099171663836048,"burst of tx in the last hour (sender_tx_count_1h=2, impact=+10.146); high tx volume in 24h (sender_tx_count_24h=2, impact=+2.549); unusually few inputs (n_inputs=2, impact=-1.566)",sender_tx_count_1h,10.1459,sender_tx_count_24h,2.5489,n_inputs,-1.5659
586c7b06d9194058bc55aea77cb05013,499,xgboost,medium-high,0.99982256,0.0978348475534845,"burst of tx in the last hour (sender_tx_count_1h=4, impact=+10.237); high tx volume in 24h (sender_tx_count_24h=4, impact=+2.465); small total BTC moved (total_input_btc=0.01221, impact=-1.252)",sender_tx_count_1h,10.2366,sender_tx_count_24h,2.4651,total_input_btc,-1.2521
032075eb9e8049d1ae3de9deef755310,306,xgboost,medium-high,0.999819,0.0726881932210538,"burst of tx in the last hour (sender_tx_count_1h=2, impact=+8.813); high tx volume in 24h (sender_tx_count_24h=2, impact=+2.259); unusually few inputs (n_inputs=2, impact=-1.770)",sender_tx_count_1h,8.8131,sender_tx_count_24h,2.2589,n_inputs,-1.7699
d405402db7ab43c19bd533f3f6a3c02c,499,xgboost,medium-high,0.9998154,0.1145757700528264,"burst of tx in the last hour (sender_tx_count_1h=3, impact=+9.430); high tx volume in 24h (sender_tx_count_24h=3, impact=+2.312); small total BTC moved (total_input_btc=0.01619, impact=-1.488)",sender_tx_count_1h,9.4297,sender_tx_count_24h,2.3116,total_input_btc,-1.4882
0dd55d0544fd4340a8371dde82641cd0,666,xgboost,medium-high,0.99981207,0.0602850508744816,"burst of tx in the last hour (sender_tx_count_1h=13, impact=+8.766); high tx volume in 24h (sender_tx_count_24h=13, impact=+2.557); amount close to sender's usual pattern (sender_amount_zscore=-0.9825, impact=-1.415)",sender_tx_count_1h,8.7658,sender_tx_count_24h,2.5574,sender_amount_zscore,-1.4149
72befff2b6784295b46d6088bddb95d0,666,xgboost,medium-high,0.9997979,0.0411451431843662,"burst of tx in the last hour (sender_tx_count_1h=16, impact=+9.340); high tx volume in 24h (sender_tx_count_24h=16, impact=+2.571); amount close to sender's usual pattern (sender_amount_zscore=-0.5431, impact=-1.454)",sender_tx_count_1h,9.3404,sender_tx_count_24h,2.5706,sender_amount_zscore,-1.4538
2d142693a6734b189b6a2f1053a9b561,666,xgboost,medium-high,0.99973935,0.0911632015934688,"burst of tx in the last hour (sender_tx_count_1h=4, impact=+9.032); high tx volume in 24h (sender_tx_count_24h=4, impact=+2.487); amount close to sender's usual pattern (sender_amount_zscore=-2.193, impact=-1.205)",sender_tx_count_1h,9.0324,sender_tx_count_24h,2.4871,sender_amount_zscore,-1.2045
12fd8887ff0b4283920f66a2fdb44a13,666,xgboost,medium-high,0.999731,0.0364112715018778,"burst of tx in the last hour (sender_tx_count_1h=17, impact=+9.313); high tx volume in 24h (sender_tx_count_24h=17, impact=+2.571); amount close to sender's usual pattern (sender_amount_zscore=-0.4715, impact=-1.364)",sender_tx_count_1h,9.3132,sender_tx_count_24h,2.5706,sender_amount_zscore,-1.3639
f8ad36c1274543b599cc894986b14bb8,306,xgboost,medium-high,0.99971515,0.016505770266325,"burst of tx in the last hour (sender_tx_count_1h=17, impact=+8.718); high tx volume in 24h (sender_tx_count_24h=17, impact=+2.279); long dormancy before reuse (minutes_since_addr_last_output=9440, impact=-1.394)",sender_tx_count_1h,8.718,sender_tx_count_24h,2.279,minutes_since_addr_last_output,-1.3937
7bdd8ac962a24689a019213418c9dc54,58,xgboost,medium-high,0.99971277,0.0413912640193923,"burst of tx in the last hour (sender_tx_count_1h=3, impact=+9.224); high tx volume in 24h (sender_tx_count_24h=3, impact=+2.474); amount close to sender's usual pattern (sender_amount_zscore=-1.537, impact=-0.993)",sender_tx_count_1h,9.2236,sender_tx_count_24h,2.4736,sender_amount_zscore,-0.9931
590eb2e5e17e428d8263116512533ad4,615,xgboost,medium-high,0.99971205,0.0546669854900792,"burst of tx in the last hour (sender_tx_count_1h=3, impact=+9.618); high tx volume in 24h (sender_tx_count_24h=3, impact=+2.184); small total BTC moved (total_input_btc=0.05278, impact=-1.018)",sender_tx_count_1h,9.6178,sender_tx_count_24h,2.1837,total_input_btc,-1.0183
48e0694b31494f0c8a96848bc6e39c2e,579,xgboost,medium-high,0.9996891,0.035109774849923,"burst of tx in the last hour (sender_tx_count_1h=3, impact=+8.873); high tx volume in 24h (sender_tx_count_24h=3, impact=+2.414); small total BTC moved (total_input_btc=0.131, impact=-1.195)",sender_tx_count_1h,8.8729,sender_tx_count_24h,2.4137,total_input_btc,-1.1954
db4fe14c058846158f20ff1042bed173,666,xgboost,medium-high,0.99968636,0.0927061910135085,"burst of tx in the last hour (sender_tx_count_1h=8, impact=+8.846); high tx volume in 24h (sender_tx_count_24h=8, impact=+2.552); amount close to sender's usual pattern (sender_amount_zscore=-0.897, impact=-1.434)",sender_tx_count_1h,8.8462,sender_tx_count_24h,2.5521,sender_amount_zscore,-1.4337
8ba2091c15304c1bbd8137dd033a83f9,666,xgboost,medium-high,0.9996854,0.0638905766050234,"burst of tx in the last hour (sender_tx_count_1h=5, impact=+9.338); high tx volume in 24h (sender_tx_count_24h=5, impact=+2.476); unusually few inputs (n_inputs=2, impact=-1.848)",sender_tx_count_1h,9.3381,sender_tx_count_24h,2.4761,n_inputs,-1.8476
9edeceeb315a414d9c3c6fb4d9b3e5e5,615,xgboost,medium-high,0.9996402,0.0835308334191607,"burst of tx in the last hour (sender_tx_count_1h=2, impact=+8.979); high tx volume in 24h (sender_tx_count_24h=2, impact=+2.047); small total BTC moved (total_input_btc=0.1261, impact=-1.367)",sender_tx_count_1h,8.9789,sender_tx_count_24h,2.0474,total_input_btc,-1.3674
cb436e9e91774ba0af420fe54f9f0615,306,xgboost,medium-high,0.99957114,0.1114196818487766,"burst of tx in the last hour (sender_tx_count_1h=3, impact=+8.985); high tx volume in 24h (sender_tx_count_24h=3, impact=+2.267); small total BTC moved (total_input_btc=0.1243, impact=-1.583)",sender_tx_count_1h,8.9854,sender_tx_count_24h,2.2673,total_input_btc,-1.5831
17f627cae0244412b81df380cc87ada4,615,xgboost,medium-high,0.999559,0.0291217169945411,"burst of tx in the last hour (sender_tx_count_1h=4, impact=+8.676); high tx volume in 24h (sender_tx_count_24h=4, impact=+2.316); small total BTC moved (total_input_btc=0.1256, impact=-1.371)",sender_tx_count_1h,8.6761,sender_tx_count_24h,2.3158,total_input_btc,-1.3706
f1e3c9e52a9d492d99f6ae06f7f271d7,306,xgboost,medium-high,0.9994535,0.0721647147811667,"burst of tx in the last hour (sender_tx_count_1h=8, impact=+8.793); high tx volume in 24h (sender_tx_count_24h=8, impact=+2.377); small total BTC moved (total_input_btc=0.15, impact=-1.384)",sender_tx_count_1h,8.7934,sender_tx_count_24h,2.3765,total_input_btc,-1.3837
6396d4df3fca4e089bf2963a64189cd2,306,xgboost,medium-high,0.99936813,0.0290666575337174,"burst of tx in the last hour (sender_tx_count_1h=15, impact=+8.864); high tx volume in 24h (sender_tx_count_24h=15, impact=+2.305); small total BTC moved (total_input_btc=0.1491, impact=-1.321)",sender_tx_count_1h,8.8643,sender_tx_count_24h,2.3051,total_input_btc,-1.3206
aa81a21a3a8e42e994c7fecbd83a4c17,306,xgboost,medium-high,0.99926263,0.0149889172617381,"burst of tx in the last hour (sender_tx_count_1h=14, impact=+9.097); high tx volume in 24h (sender_tx_count_24h=14, impact=+2.345); small total BTC moved (total_input_btc=0.1295, impact=-1.433)",sender_tx_count_1h,9.097,sender_tx_count_24h,2.3445,total_input_btc,-1.433
5b8c4400c24a412bae9160ec594d003a,306,xgboost,medium-high,0.9991572,0.0691072313887851,"burst of tx in the last hour (sender_tx_count_1h=9, impact=+8.815); high tx volume in 24h (sender_tx_count_24h=9, impact=+2.268); small total BTC moved (total_input_btc=0.1259, impact=-1.534)",sender_tx_count_1h,8.8151,sender_tx_count_24h,2.2683,total_input_btc,-1.5339
520da8080427467886a198475c8ef3de,306,xgboost,medium-high,0.99838054,0.0298148781722128,"burst of tx in the last hour (sender_tx_count_1h=16, impact=+9.108); high tx volume in 24h (sender_tx_count_24h=16, impact=+2.253); small total BTC moved (total_input_btc=0.09847, impact=-1.505)",sender_tx_count_1h,9.1082,sender_tx_count_24h,2.2527,total_input_btc,-1.5045
fd83114e016a4184a450e2ed950a8f6f,58,xgboost,medium-high,0.998228,0.0170726739905374,"burst of tx in the last hour (sender_tx_count_1h=3, impact=+8.682); high tx volume in 24h (sender_tx_count_24h=5, impact=+2.470); small total BTC moved (total_input_btc=0.03575, impact=-1.017)",sender_tx_count_1h,8.6819,sender_tx_count_24h,2.4701,total_input_btc,-1.0167
1f39a5a90cff4a18ab8733dc78a7ffab,376,xgboost,medium-high,0.9950505,0.0168613616304196,"burst of tx in the last hour (sender_tx_count_1h=1, impact=+4.564); rapid repeat transacting (sender_time_since_last_tx_min=0.6333, impact=+0.958); large total BTC moved (total_input_btc=0.2184, impact=+0.829)",sender_tx_count_1h,4.564,sender_time_since_last_tx_min,0.958,total_input_btc,0.8287
7af647ffe61c43aea8f26542501272a5,353,xgboost,medium-high,0.9936652,0.0091925046125106,"burst of tx in the last hour (sender_tx_count_1h=1, impact=+4.670); large total BTC moved (total_input_btc=0.2834, impact=+0.535); consistent ASN recently (sender_distinct_asn_last10=2, impact=-0.504)",sender_tx_count_1h,4.67,total_input_btc,0.5354,sender_distinct_asn_last10,-0.5037
6f823edfd3104c67b8ea2a49d0201db9,606,xgboost,medium-high,0.9856698,0.0792784983582743,"very uneven output split (output_min_max_ratio=0.04164, impact=+5.577); amount far from sender's usual pattern (sender_amount_zscore=10, impact=+1.746); large total BTC moved (total_input_btc=0.2217, impact=+1.386)",output_min_max_ratio,5.5769,sender_amount_zscore,1.7457,total_input_btc,1.3863
eacf4ea8c0a846c8a44d3674d8a0bdd9,418,xgboost,medium-high,0.95007074,0.1137443588153317,"high tx volume in 24h (sender_tx_count_24h=2, impact=+2.308); rapid repeat transacting (sender_time_since_last_tx_min=697.7, impact=+1.296); large total BTC moved (total_input_btc=0.1737, impact=+1.094)",sender_tx_count_24h,2.3085,sender_time_since_last_tx_min,1.2955,total_input_btc,1.0938
869b3c39885d4e52a6a3c5ec16f406d6,399,xgboost,medium-high,0.92815447,0.1214354979020101,"large total BTC moved (total_input_btc=0.2599, impact=+2.582); rapid repeat transacting (sender_time_since_last_tx_min=511.5, impact=+1.523); unusually many outputs (n_outputs=1, impact=+0.730)",total_input_btc,2.5816,sender_time_since_last_tx_min,1.5225,n_outputs,0.7299
546dfa5d045241a5b7016ff5f8d86361,739,xgboost,medium-high,0.908735,0.1258131309135215,"large total BTC moved (total_input_btc=0.1899, impact=+1.652); rapid repeat transacting (sender_time_since_last_tx_min=583.2, impact=+1.414); unusually many outputs (n_outputs=1, impact=+0.722)",total_input_btc,1.6522,sender_time_since_last_tx_min,1.414,n_outputs,0.7221
ff9e83b0b56a4d53953b00b0958154ae,58,xgboost,medium-high,0.9081375,0.1020691684398304,"amount far from sender's usual pattern (sender_amount_zscore=10, impact=+3.196); large total BTC moved (total_input_btc=0.2615, impact=+1.195); quiet in the last hour (sender_tx_count_1h=0, impact=-0.960)",sender_amount_zscore,3.1956,total_input_btc,1.1954,sender_tx_count_1h,-0.96
3419ddd885d64453b1927df00e9429c7,150,xgboost,medium-high,0.90729654,0.095589189353737,"very fast address reuse (minutes_since_addr_last_output=-1, impact=+1.960); abnormally low fee (fee=5.759e-05, impact=-1.428); rapid repeat transacting (sender_time_since_last_tx_min=966.4, impact=+1.118)",minutes_since_addr_last_output,1.9595,fee,-1.4282,sender_time_since_last_tx_min,1.1179
005b7d6470264d709f20d954f75ecc50,684,xgboost,medium-high,0.89200985,0.1372915269077285,"amount far from sender's usual pattern (sender_amount_zscore=10, impact=+4.269); quiet in the last hour (sender_tx_count_1h=0, impact=-1.004); long dormancy before reuse (minutes_since_addr_last_output=4073, impact=-0.946)",sender_amount_zscore,4.2687,sender_tx_count_1h,-1.0038,minutes_since_addr_last_output,-0.9464
707ac68a5a91418a9a2f5c53f212114e,666,xgboost,medium-high,0.8908985,0.1741881043265325,"very fast address reuse (minutes_since_addr_last_output=-1, impact=+1.588); amount far from sender's usual pattern (sender_amount_zscore=1.062, impact=+1.240); quiet in the last hour (sender_tx_count_1h=0, impact=-1.164)",minutes_since_addr_last_output,1.5884,sender_amount_zscore,1.2399,sender_tx_count_1h,-1.1645
63947407bff64fe791295c09015acd49,543,xgboost,medium-high,0.87292457,0.1662295076137196,"large total BTC moved (total_input_btc=0.2472, impact=+2.462); amount far from sender's usual pattern (sender_amount_zscore=1.046, impact=+1.650); quiet in the last hour (sender_tx_count_1h=0, impact=-1.139)",total_input_btc,2.4616,sender_amount_zscore,1.65,sender_tx_count_1h,-1.1389
82db0b79ca644dee823f8fb5b99d0898,58,xgboost,medium-high,0.87255967,0.1166011880722679,"burst of tx in the last hour (sender_tx_count_1h=1, impact=+2.755); large total BTC moved (total_input_btc=0.2002, impact=+1.342); long gap since last tx (sender_time_since_last_tx_min=13.95, impact=-1.045)",sender_tx_count_1h,2.7551,total_input_btc,1.3423,sender_time_since_last_tx_min,-1.0448
52f4fd7be9ef46cd9fe20c0ee4a8240c,368,xgboost,medium-high,0.8613045,0.1248017311309179,"very fast address reuse (minutes_since_addr_last_output=-1, impact=+2.067); unusually many outputs (n_outputs=1, impact=+0.669); near-perfect input/output balance (input_output_ratio=1.002, impact=-0.549)",minutes_since_addr_last_output,2.0668,n_outputs,0.6686,input_output_ratio,-0.5491
efdbad6fa9d2471ebed1c599d93775d9,89,xgboost,medium-high,0.8527127,0.0003558557301566,"burst of tx in the last hour (sender_tx_count_1h=1, impact=+3.214); amount close to sender's usual pattern (sender_amount_zscore=-1.584, impact=-1.755); rapid repeat transacting (sender_time_since_last_tx_min=1.633, impact=+0.741)",sender_tx_count_1h,3.2143,sender_amount_zscore,-1.7554,sender_time_since_last_tx_min,0.7415
149eaf98af364c42a863732ecd99f0c4,717,xgboost,medium-high,0.8406703,0.0625057573355443,"amount far from sender's usual pattern (sender_amount_zscore=10, impact=+3.793); quiet in the last hour (sender_tx_count_1h=0, impact=-1.094); long dormancy before reuse (minutes_since_addr_last_output=8607, impact=-0.651)",sender_amount_zscore,3.7932,sender_tx_count_1h,-1.094,minutes_since_addr_last_output,-0.6507
f1defd8c94e5410da1176f16dc2c975d,543,xgboost,medium-high,0.8352673,0.1596373124815743,"large total BTC moved (total_input_btc=0.2529, impact=+2.358); amount far from sender's usual pattern (sender_amount_zscore=1.085, impact=+1.390); quiet in the last hour (sender_tx_count_1h=0, impact=-1.137)",total_input_btc,2.3576,sender_amount_zscore,1.3899,sender_tx_count_1h,-1.1374
f5ca4711eb7042bb97a08392ad399a34,794,xgboost,medium-high,0.79925996,0.091959294881123,"very uneven output split (output_min_max_ratio=0.04314, impact=+4.982); amount far from sender's usual pattern (sender_amount_zscore=10, impact=+2.107); small total BTC moved (total_input_btc=0.1034, impact=-1.734)",output_min_max_ratio,4.9818,sender_amount_zscore,2.1073,total_input_btc,-1.7343
8b67f188c9334f9e93854b0ed5d76d94,666,xgboost,medium-high,0.7950716,0.1491464856916017,"burst of tx in the last hour (sender_tx_count_1h=1, impact=+5.542); small total BTC moved (total_input_btc=0.04513, impact=-1.866); rapid repeat transacting (sender_time_since_last_tx_min=1.217, impact=+1.281)",sender_tx_count_1h,5.5419,total_input_btc,-1.8661,sender_time_since_last_tx_min,1.2815
a02a6b97959f4d00a54d430a65869264,499,xgboost,medium-high,0.7913956,0.1535519344241397,"burst of tx in the last hour (sender_tx_count_1h=1, impact=+5.546); abnormally low fee (fee=2.861e-05, impact=-2.214); small total BTC moved (total_input_btc=0.01344, impact=-1.832)",sender_tx_count_1h,5.5463,fee,-2.2143,total_input_btc,-1.8321
b0972ab5f6ca42b181aecf3a63677138,579,xgboost,medium-high,0.725285,0.067738018718691,"burst of tx in the last hour (sender_tx_count_1h=1, impact=+2.989); large total BTC moved (total_input_btc=0.2631, impact=+1.601); long gap since last tx (sender_time_since_last_tx_min=17.93, impact=-1.412)",sender_tx_count_1h,2.9886,total_input_btc,1.6006,sender_time_since_last_tx_min,-1.4117
95490b5b41684508a6859691f04507eb,399,xgboost,medium-high,0.72442245,0.1441814800319336,"large total BTC moved (total_input_btc=0.212, impact=+1.912); amount far from sender's usual pattern (sender_amount_zscore=1.072, impact=+1.172); quiet in the last hour (sender_tx_count_1h=0, impact=-1.079)",total_input_btc,1.9122,sender_amount_zscore,1.1716,sender_tx_count_1h,-1.0788
3342665ec93b422dad97782e9d661640,667,xgboost,medium-high,0.69954383,0.1420112097819932,"large total BTC moved (total_input_btc=0.2365, impact=+2.734); long dormancy before reuse (minutes_since_addr_last_output=8813, impact=-0.918); unusually many outputs (n_outputs=1, impact=+0.671)",total_input_btc,2.7337,minutes_since_addr_last_output,-0.9178,n_outputs,0.6713
e0f53b805dd04b31b9e89080d2a554e4,270,xgboost,medium-high,0.64289105,0.1373545621027926,"large total BTC moved (total_input_btc=0.2532, impact=+2.385); quiet in the last hour (sender_tx_count_1h=0, impact=-1.059); unusually many outputs (n_outputs=1, impact=+0.718)",total_input_btc,2.3847,sender_tx_count_1h,-1.0593,n_outputs,0.718
356aefffe6de4ef197b1ab21f95f7eea,418,xgboost,medium-high,0.60221565,0.1694016078349604,"large total BTC moved (total_input_btc=0.199, impact=+1.647); amount far from sender's usual pattern (sender_amount_zscore=1.154, impact=+1.507); quiet in the last hour (sender_tx_count_1h=0, impact=-1.090)",total_input_btc,1.6472,sender_amount_zscore,1.5074,sender_tx_count_1h,-1.0896
fe35b302e32943b8892a1735f3b387fa,368,xgboost,medium-high,0.59228337,0.1342404507587226,"very fast address reuse (minutes_since_addr_last_output=-1, impact=+1.923); rapid repeat transacting (sender_time_since_last_tx_min=599.3, impact=+1.425); amount close to sender's usual pattern (sender_amount_zscore=-0.003184, impact=-1.185)",minutes_since_addr_last_output,1.9225,sender_time_since_last_tx_min,1.4252,sender_amount_zscore,-1.1849
f0ca6c14376d402e82fd46874c9db513,308,xgboost,medium-high,0.5654892,0.1745268578467578,"very fast address reuse (minutes_since_addr_last_output=-1, impact=+1.194); quiet in the last hour (sender_tx_count_1h=0, impact=-1.151); large total BTC moved (total_input_btc=0.05034, impact=+1.129)",minutes_since_addr_last_output,1.1937,sender_tx_count_1h,-1.1515,total_input_btc,1.1286
28f5bffa379e4c4ba4ffe52797226658,579,xgboost,medium-high,0.51255673,0.1118844357397178,"rapid repeat transacting (sender_time_since_last_tx_min=507, impact=+0.702); abnormally low fee (fee=0.0001003, impact=-0.577); unusually many outputs (n_outputs=1, impact=+0.547)",sender_time_since_last_tx_min,0.7017,fee,-0.5771,n_outputs,0.5467
b57af5bbe28544c88a87739291a10073,794,isolation_forest,worth reviewing,0.4433789,-0.0137414443613836,"very uneven output split (output_min_max_ratio=0.02351, impact=+5.087); small total BTC moved (total_input_btc=0.09563, impact=-1.979); quiet in the last hour (sender_tx_count_1h=0, impact=-1.349)",output_min_max_ratio,5.0873,total_input_btc,-1.9793,sender_tx_count_1h,-1.3492
7f5e51ebc58e4eeda08668581541923a,353,isolation_forest,worth reviewing,0.43264887,-0.0158109521410297,"very uneven output split (output_min_max_ratio=0.04334, impact=+5.083); small total BTC moved (total_input_btc=0.05494, impact=-1.670); quiet in the last hour (sender_tx_count_1h=0, impact=-1.365)",output_min_max_ratio,5.0829,total_input_btc,-1.6697,sender_tx_count_1h,-1.3647
eb518d8140674778a94456838511baf9,794,isolation_forest,worth reviewing,0.39434347,-0.0072199198411316,"very uneven output split (output_min_max_ratio=0.06934, impact=+4.973); small total BTC moved (total_input_btc=0.09329, impact=-1.891); quiet in the last hour (sender_tx_count_1h=0, impact=-1.348)",output_min_max_ratio,4.9731,total_input_btc,-1.8911,sender_tx_count_1h,-1.3481
683657e57414416ab54204cdb7c0275c,353,isolation_forest,worth reviewing,0.3351698,-0.0084403726673938,"very uneven output split (output_min_max_ratio=0.08275, impact=+5.361); small total BTC moved (total_input_btc=0.05099, impact=-1.496); quiet in the last hour (sender_tx_count_1h=0, impact=-1.348)",output_min_max_ratio,5.3605,total_input_btc,-1.4959,sender_tx_count_1h,-1.3477
b30b47d2c83544e4877896d806e55c4b,89,isolation_forest,worth reviewing,0.13228267,-0.1697363436457304,"amount far from sender's usual pattern (sender_amount_zscore=10, impact=+3.551); small total BTC moved (total_input_btc=3.742, impact=-1.181); quiet in the last hour (sender_tx_count_1h=0, impact=-1.023)",sender_amount_zscore,3.5513,total_input_btc,-1.1809,sender_tx_count_1h,-1.0231
c8e6a28c9bc547caa25b4145170d453a,376,isolation_forest,worth reviewing,0.120374165,-0.0239614456760822,"very uneven output split (output_min_max_ratio=0.05643, impact=+4.834); abnormally low fee (fee=4.236e-05, impact=-2.356); quiet in the last hour (sender_tx_count_1h=0, impact=-1.417)",output_min_max_ratio,4.8342,fee,-2.3564,sender_tx_count_1h,-1.4171
3cd10d6658ec4eaf90e65ee100d4e2e2,353,isolation_forest,worth reviewing,0.105546564,-0.0201919004925148,"very uneven output split (output_min_max_ratio=0.03068, impact=+5.057); abnormally low fee (fee=4.309e-05, impact=-2.428); small total BTC moved (total_input_btc=0.05259, impact=-1.616)",output_min_max_ratio,5.0568,fee,-2.4281,total_input_btc,-1.6162
f2118476a8e143bc94a4f4a973d55522,89,isolation_forest,worth reviewing,0.013090699,-0.0075314290197521,"quiet in the last hour (sender_tx_count_1h=0, impact=-1.406); amount close to sender's usual pattern (sender_amount_zscore=0.1274, impact=-1.307); input/output amount mismatch (input_output_ratio=1.001, impact=+1.276)",sender_tx_count_1h,-1.4058,sender_amount_zscore,-1.3073,input_output_ratio,1.2762
9dedf27cdb4f4e48899ee53752c5c37e,432,isolation_forest,worth reviewing,0.008108018,-0.1065966923224561,"unusually few inputs (n_inputs=2, impact=-2.870); unusually few outputs (n_outputs=15, impact=-1.900); rapid repeat transacting (sender_time_since_last_tx_min=875.5, impact=+1.165)",n_inputs,-2.8697,n_outputs,-1.9002,sender_time_since_last_tx_min,1.1655
bb55696bf7ba4d4b9aae43c221df87a0,353,isolation_forest,worth reviewing,0.007486513,-0.0079135112771064,"very uneven output split (output_min_max_ratio=0.08361, impact=+2.961); quiet in the last hour (sender_tx_count_1h=0, impact=-1.912); unusually few outputs (n_outputs=2, impact=-1.615)",output_min_max_ratio,2.9606,sender_tx_count_1h,-1.9117,n_outputs,-1.6147
d0bb003f43334b44a7e46a14bf6f19a5,25,isolation_forest,worth reviewing,0.00583936,-0.0371242752208268,"unusually few inputs (n_inputs=5, impact=-2.662); amount close to sender's usual pattern (sender_amount_zscore=-0.03798, impact=-1.405); large total BTC moved (total_input_btc=0.2577, impact=+1.318)",n_inputs,-2.6616,sender_amount_zscore,-1.4054,total_input_btc,1.3178
f91c0237ad4f4bf98cb635d8c5be8e95,27,isolation_forest,worth reviewing,0.003840469,-0.0619169735841315,"unusually few inputs (n_inputs=5, impact=-2.283); amount far from sender's usual pattern (sender_amount_zscore=-1.638, impact=+1.355); quiet in the last hour (sender_tx_count_1h=0, impact=-1.196)",n_inputs,-2.2833,sender_amount_zscore,1.3549,sender_tx_count_1h,-1.1963
cd237bfc029f466ea8a77d57ef048c34,432,isolation_forest,worth reviewing,0.0021040617,-0.1030915287533067,"unusually few inputs (n_inputs=8, impact=-2.445); small total BTC moved (total_input_btc=0.1173, impact=-1.845); quiet in the last hour (sender_tx_count_1h=0, impact=-1.311)",n_inputs,-2.445,total_input_btc,-1.8447,sender_tx_count_1h,-1.3107
8a39ae2324634e34a0a23ffd1a19f21d,246,isolation_forest,worth reviewing,0.0018221387,-0.012804566989544,"small total BTC moved (total_input_btc=0.03197, impact=-2.546); long gap since last tx (sender_time_since_last_tx_min=1384, impact=-1.113); quiet in the last hour (sender_tx_count_1h=0, impact=-0.849)",total_input_btc,-2.5458,sender_time_since_last_tx_min,-1.1129,sender_tx_count_1h,-0.8494
add893ea4d3442f88205584d4fc99be1,58,isolation_forest,worth reviewing,0.00068410253,-0.1259005378971774,"unusually few inputs (n_inputs=2, impact=-2.204); high tx volume in 24h (sender_tx_count_24h=15, impact=+1.919); quiet in the last hour (sender_tx_count_1h=0, impact=-1.721)",n_inputs,-2.2036,sender_tx_count_24h,1.9194,sender_tx_count_1h,-1.7208
280c2fd7676e4426b07aacb544476273,579,isolation_forest,worth reviewing,0.0005564327,-0.0180100973622593,"amount close to sender's usual pattern (sender_amount_zscore=-0.6515, impact=-1.670); small total BTC moved (total_input_btc=0.109, impact=-1.452); quiet in the last hour (sender_tx_count_1h=0, impact=-1.448)",sender_amount_zscore,-1.6704,total_input_btc,-1.452,sender_tx_count_1h,-1.4484
35b4e8b1ff8b4d1fb90598d294b9b9d9,353,isolation_forest,worth reviewing,0.0005329392,-0.0144560560082778,"small total BTC moved (total_input_btc=0.03986, impact=-1.481); quiet in the last hour (sender_tx_count_1h=0, impact=-1.463); long dormancy before reuse (minutes_since_addr_last_output=4087, impact=-1.179)",total_input_btc,-1.4806,sender_tx_count_1h,-1.4627,minutes_since_addr_last_output,-1.179
c596a151009b4b39842556c9cfe6dabb,432,isolation_forest,worth reviewing,0.0004862939,-0.1318128734510212,"unusually few inputs (n_inputs=8, impact=-2.968); unusually few outputs (n_outputs=2, impact=-2.267); quiet in the last hour (sender_tx_count_1h=0, impact=-0.885)",n_inputs,-2.9679,n_outputs,-2.2668,sender_tx_count_1h,-0.8854
e6f99dff16e44f758ed8e04729223380,203,isolation_forest,worth reviewing,0.0004762784,-0.0158313383258423,"unusually few inputs (n_inputs=2, impact=-2.108); unusually few outputs (n_outputs=2, impact=-1.248); amount close to sender's usual pattern (sender_amount_zscore=-0.5137, impact=-1.183)",n_inputs,-2.1082,n_outputs,-1.2478,sender_amount_zscore,-1.1826
077b53df4adc4ab8b0818eb2e9d251b1,30,isolation_forest,worth reviewing,0.00047538348,-0.000930967408638,"unusually few outputs (n_outputs=15, impact=-1.771); quiet in the last hour (sender_tx_count_1h=0, impact=-1.603); small total BTC moved (total_input_btc=0.1399, impact=-1.549)",n_outputs,-1.7715,sender_tx_count_1h,-1.6032,total_input_btc,-1.5491
e8f18babfea74d6cba7efe322015e40e,238,isolation_forest,worth reviewing,0.00047522853,-0.0892262603350129,"unusually few inputs (n_inputs=5, impact=-2.415); small total BTC moved (total_input_btc=0.0939, impact=-1.688); quiet in the last hour (sender_tx_count_1h=0, impact=-1.320)",n_inputs,-2.4154,total_input_btc,-1.6875,sender_tx_count_1h,-1.3198
d4a54f57a0494152aace0d4be6ce181e,89,isolation_forest,worth reviewing,0.00045298465,-0.0094523851253224,"unusually few inputs (n_inputs=2, impact=-2.413); amount close to sender's usual pattern (sender_amount_zscore=-0.1343, impact=-1.374); consistent ASN recently (sender_distinct_asn_last10=5, impact=-1.110)",n_inputs,-2.4127,sender_amount_zscore,-1.3739,sender_distinct_asn_last10,-1.1103
741c23bf2ec048d3a007de08ed8a9936,25,isolation_forest,worth reviewing,0.00045136354,-0.0674025719449122,"unusually few inputs (n_inputs=2, impact=-2.807); unusually few outputs (n_outputs=15, impact=-1.940); quiet in the last hour (sender_tx_count_1h=0, impact=-1.516)",n_inputs,-2.8071,n_outputs,-1.9397,sender_tx_count_1h,-1.5161
edc2d992c69b4b8aaa62f8e928844568,562,isolation_forest,worth reviewing,0.0003116588,-0.0002468682180489,"long dormancy before reuse (minutes_since_addr_last_output=2.678e+04, impact=-2.411); unusually few inputs (n_inputs=3, impact=-2.318); small total BTC moved (total_input_btc=0.09603, impact=-1.446)",minutes_since_addr_last_output,-2.4115,n_inputs,-2.3175,total_input_btc,-1.4462
81c31d0263d94b7ea62d2732318ec773,25,isolation_forest,worth reviewing,0.0002824159,-0.0894127787605133,"unusually few inputs (n_inputs=5, impact=-2.263); unusually few outputs (n_outputs=4, impact=-1.754); quiet in the last hour (sender_tx_count_1h=0, impact=-1.563)",n_inputs,-2.263,n_outputs,-1.7535,sender_tx_count_1h,-1.5625
8b1b347f02594740b8f7fec807af5629,90,isolation_forest,worth reviewing,0.0002632323,-0.0048732082318838,"small total BTC moved (total_input_btc=0.01023, impact=-2.268); abnormally low fee (fee=4.946e-05, impact=-2.141); quiet in the last hour (sender_tx_count_1h=0, impact=-1.493)",total_input_btc,-2.268,fee,-2.1411,sender_tx_count_1h,-1.4925
683a5b42cc1044ed834cb281ee562885,238,isolation_forest,worth reviewing,0.00022604266,-0.0014621507358316,"unusually few inputs (n_inputs=3, impact=-2.393); unusually few outputs (n_outputs=8, impact=-1.689); quiet in the last hour (sender_tx_count_1h=0, impact=-1.500)",n_inputs,-2.3932,n_outputs,-1.6893,sender_tx_count_1h,-1.5001
9dacd2ed19ba40e2a704f34f9bb74e47,27,isolation_forest,worth reviewing,0.00022324176,-0.1041793452857047,"unusually few inputs (n_inputs=8, impact=-2.177); unusually few outputs (n_outputs=2, impact=-1.515); quiet in the last hour (sender_tx_count_1h=0, impact=-1.459)",n_inputs,-2.1768,n_outputs,-1.5149,sender_tx_count_1h,-1.4592
2f7b3e5bb2a34b5589435b0bdd696d17,203,isolation_forest,worth reviewing,0.00019143241,-0.0502625317995595,"unusually few inputs (n_inputs=3, impact=-2.155); quiet in the last hour (sender_tx_count_1h=0, impact=-1.499); long dormancy before reuse (minutes_since_addr_last_output=5360, impact=-1.329)",n_inputs,-2.1554,sender_tx_count_1h,-1.4995,minutes_since_addr_last_output,-1.3294
c4c71ed52c224becb8e8037df38ab0f9,733,isolation_forest,worth reviewing,0.00015188436,-0.0362890680108766,"unusually few inputs (n_inputs=5, impact=-2.298); small total BTC moved (total_input_btc=0.02969, impact=-1.991); quiet in the last hour (sender_tx_count_1h=0, impact=-1.634)",n_inputs,-2.2985,total_input_btc,-1.9906,sender_tx_count_1h,-1.6345
464dbfea81db4c6db39880037a3db85b,353,isolation_forest,worth reviewing,0.00014531893,-0.083375852356477,"unusually few inputs (n_inputs=3, impact=-2.433); long dormancy before reuse (minutes_since_addr_last_output=6592, impact=-1.847); amount close to sender's usual pattern (sender_amount_zscore=-2.258, impact=-1.361)",n_inputs,-2.4333,minutes_since_addr_last_output,-1.8474,sender_amount_zscore,-1.3612
af39c9fc73384f04a6d2a01836890519,432,isolation_forest,worth reviewing,0.00013746823,-0.1911080378419467,"unusually few inputs (n_inputs=5, impact=-2.770); unusually few outputs (n_outputs=15, impact=-2.149); amount close to sender's usual pattern (sender_amount_zscore=0, impact=-1.585)",n_inputs,-2.7701,n_outputs,-2.149,sender_amount_zscore,-1.5852
f1db4448f8194c70948afef91e9d5ff2,429,isolation_forest,worth reviewing,0.00013401892,-0.0289459933321973,"small total BTC moved (total_input_btc=0.03696, impact=-2.735); unusually few inputs (n_inputs=5, impact=-2.646); quiet in the last hour (sender_tx_count_1h=0, impact=-1.426)",total_input_btc,-2.7345,n_inputs,-2.6459,sender_tx_count_1h,-1.4263
6b3293b48a0a4bec8edaa9750fc5e608,89,isolation_forest,worth reviewing,0.00012190379,-0.1453247177639434,"unusually few inputs (n_inputs=8, impact=-2.079); quiet in the last hour (sender_tx_count_1h=0, impact=-1.604); unusually few outputs (n_outputs=4, impact=-1.167)",n_inputs,-2.0789,sender_tx_count_1h,-1.6038,n_outputs,-1.1667
8bc217269c864739b9fab487bb7dc697,432,isolation_forest,worth reviewing,9.5403455e-05,-0.108212102778274,"unusually few inputs (n_inputs=5, impact=-2.336); quiet in the last hour (sender_tx_count_1h=0, impact=-1.623); small total BTC moved (total_input_btc=0.1354, impact=-1.591)",n_inputs,-2.3357,sender_tx_count_1h,-1.6235,total_input_btc,-1.5905
5cdc936cbf104db98b1d4470e47058ef,733,isolation_forest,worth reviewing,8.3543746e-05,-0.0637685842060374,"unusually few inputs (n_inputs=5, impact=-2.282); quiet in the last hour (sender_tx_count_1h=0, impact=-1.523); long dormancy before reuse (minutes_since_addr_last_output=3.211e+04, impact=-1.378)",n_inputs,-2.2816,sender_tx_count_1h,-1.5227,minutes_since_addr_last_output,-1.3783
0919dfdd8295408ca65e687638363ec0,25,isolation_forest,worth reviewing,8.350846e-05,-0.1922807095699976,"unusually few inputs (n_inputs=5, impact=-2.647); amount close to sender's usual pattern (sender_amount_zscore=-0.0647, impact=-1.973); unusually few outputs (n_outputs=8, impact=-1.707)",n_inputs,-2.6472,sender_amount_zscore,-1.9728,n_outputs,-1.7071
03512ae60f81467087f72b41f1fb4545,579,isolation_forest,worth reviewing,8.242812e-05,-0.0702910632633682,"unusually few inputs (n_inputs=3, impact=-2.607); unusually few outputs (n_outputs=2, impact=-1.925); quiet in the last hour (sender_tx_count_1h=0, impact=-1.535)",n_inputs,-2.607,n_outputs,-1.925,sender_tx_count_1h,-1.5354
67a4bcc0d2084897bc298974bcb53853,733,isolation_forest,worth reviewing,7.348118e-05,-0.154201944943671,"unusually few inputs (n_inputs=5, impact=-1.837); quiet in the last hour (sender_tx_count_1h=0, impact=-1.701); abnormally low fee (fee=4.982e-05, impact=-1.392)",n_inputs,-1.8373,sender_tx_count_1h,-1.7012,fee,-1.3917
5e7b1c52ce1143179c39682b902fdf29,223,isolation_forest,worth reviewing,7.160041e-05,-0.0545937078034813,"unusually few inputs (n_inputs=2, impact=-2.275); small total BTC moved (total_input_btc=0.03562, impact=-1.826); quiet in the last hour (sender_tx_count_1h=0, impact=-1.722)",n_inputs,-2.2747,total_input_btc,-1.8255,sender_tx_count_1h,-1.7224
6b500a3995e541e7a4f5c53286049ec7,58,isolation_forest,worth reviewing,7.0274706e-05,-0.0062164077296067,"quiet in the last hour (sender_tx_count_1h=0, impact=-1.671); small total BTC moved (total_input_btc=0.0227, impact=-1.578); amount close to sender's usual pattern (sender_amount_zscore=-1.159, impact=-1.096)",sender_tx_count_1h,-1.6707,total_input_btc,-1.5781,sender_amount_zscore,-1.0958
676b30d597f34cf7bd62c6b25fcd1c81,733,isolation_forest,worth reviewing,5.978362e-05,-0.0800666448037299,"unusually few inputs (n_inputs=8, impact=-1.917); abnormally low fee (fee=2.515e-05, impact=-1.727); quiet in the last hour (sender_tx_count_1h=0, impact=-1.678)",n_inputs,-1.9166,fee,-1.7267,sender_tx_count_1h,-1.6784
94a42c72cd7844dbaa361128dad16bab,238,isolation_forest,worth reviewing,5.8495018e-05,-0.027310348871017,"quiet in the last hour (sender_tx_count_1h=0, impact=-1.717); small total BTC moved (total_input_btc=0.1013, impact=-1.526); long dormancy before reuse (minutes_since_addr_last_output=1.033e+04, impact=-1.294)",sender_tx_count_1h,-1.7171,total_input_btc,-1.5258,minutes_since_addr_last_output,-1.2944
5779272b18c34b06adcdeea1db02cf7d,30,isolation_forest,worth reviewing,5.5554687e-05,-0.0863404185081597,"unusually few inputs (n_inputs=5, impact=-2.358); small total BTC moved (total_input_btc=0.09858, impact=-1.724); quiet in the last hour (sender_tx_count_1h=0, impact=-1.537)",n_inputs,-2.3579,total_input_btc,-1.7241,sender_tx_count_1h,-1.5372
d050ac97bcd344a1bf07ba19612d3bfe,58,isolation_forest,worth reviewing,4.5997855e-05,-0.0209983298840873,"amount close to sender's usual pattern (sender_amount_zscore=-0.4438, impact=-2.812); long dormancy before reuse (minutes_since_addr_last_output=3223, impact=-1.529); long gap since last tx (sender_time_since_last_tx_min=1338, impact=-1.238)",sender_amount_zscore,-2.8121,minutes_since_addr_last_output,-1.5292,sender_time_since_last_tx_min,-1.2385
c4c3374302174433884e23dac4b01510,615,isolation_forest,worth reviewing,4.2549524e-05,-0.0651584940801613,"unusually few inputs (n_inputs=3, impact=-2.196); amount close to sender's usual pattern (sender_amount_zscore=-0.5054, impact=-1.607); quiet in the last hour (sender_tx_count_1h=0, impact=-1.540)",n_inputs,-2.1963,sender_amount_zscore,-1.6075,sender_tx_count_1h,-1.5402
b73e1acbf37042a1ba612f161be598c4,30,isolation_forest,worth reviewing,4.1054354e-05,-0.1652120645448825,"unusually few inputs (n_inputs=8, impact=-2.225); quiet in the last hour (sender_tx_count_1h=0, impact=-1.714); unusually few outputs (n_outputs=8, impact=-1.498)",n_inputs,-2.2254,sender_tx_count_1h,-1.7139,n_outputs,-1.4979
e3da892b85014d749a7257d228a59b2a,89,isolation_forest,worth reviewing,3.9035574e-05,-0.1887945578060075,"unusually few inputs (n_inputs=5, impact=-2.165); quiet in the last hour (sender_tx_count_1h=0, impact=-1.591); unusually few outputs (n_outputs=8, impact=-1.401)",n_inputs,-2.1651,sender_tx_count_1h,-1.5912,n_outputs,-1.4013
b87a8f3ece59449382226714b36029cc,89,isolation_forest,worth reviewing,3.5934183e-05,-0.1681749972069826,"unusually few inputs (n_inputs=3, impact=-2.014); quiet in the last hour (sender_tx_count_1h=0, impact=-1.704); long dormancy before reuse (minutes_since_addr_last_output=1.239e+04, impact=-1.564)",n_inputs,-2.0142,sender_tx_count_1h,-1.7042,minutes_since_addr_last_output,-1.5644
4c290293b427486f9369ba398ada80b5,223,isolation_forest,worth reviewing,3.3965134e-05,-0.0510267552117165,"unusually few inputs (n_inputs=5, impact=-2.192); quiet in the last hour (sender_tx_count_1h=0, impact=-1.802); small total BTC moved (total_input_btc=0.03434, impact=-1.206)",n_inputs,-2.1918,sender_tx_count_1h,-1.8016,total_input_btc,-1.2063
3bd433e7354143bab410d9f34cb2cd68,423,isolation_forest,worth reviewing,3.197836e-05,-0.0109438193769042,"unusually few inputs (n_inputs=3, impact=-2.319); small total BTC moved (total_input_btc=0.1415, impact=-1.753); amount close to sender's usual pattern (sender_amount_zscore=0.09023, impact=-1.516)",n_inputs,-2.3195,total_input_btc,-1.7531,sender_amount_zscore,-1.5156
1d2d1f7969f14f1b8766b1c84fc33887,429,isolation_forest,worth reviewing,3.1297663e-05,-0.074850913638119,"small total BTC moved (total_input_btc=0.02431, impact=-2.233); unusually few inputs (n_inputs=8, impact=-1.991); abnormally low fee (fee=2.677e-05, impact=-1.810)",total_input_btc,-2.2326,n_inputs,-1.9913,fee,-1.8101
c27d5f5abf894c4c98752a98d2a1b237,30,isolation_forest,worth reviewing,3.125787e-05,-0.0377308485334773,"unusually few inputs (n_inputs=5, impact=-2.207); quiet in the last hour (sender_tx_count_1h=0, impact=-1.641); small total BTC moved (total_input_btc=0.09235, impact=-1.445)",n_inputs,-2.2071,sender_tx_count_1h,-1.6408,total_input_btc,-1.4446
15f06dc0e67f462599f6d202d1a0c131,27,isolation_forest,worth reviewing,2.9849563e-05,-0.0946379391115923,"unusually few inputs (n_inputs=8, impact=-2.222); quiet in the last hour (sender_tx_count_1h=0, impact=-1.532); amount close to sender's usual pattern (sender_amount_zscore=-0.2871, impact=-1.364)",n_inputs,-2.2217,sender_tx_count_1h,-1.5316,sender_amount_zscore,-1.3643
f70295bd8b544adcba38b3f3098756bb,432,isolation_forest,worth reviewing,2.911502e-05,-0.0166519480552445,"unusually few inputs (n_inputs=2, impact=-2.381); long dormancy before reuse (minutes_since_addr_last_output=1.706e+04, impact=-2.253); unusually few outputs (n_outputs=8, impact=-1.850)",n_inputs,-2.3814,minutes_since_addr_last_output,-2.2534,n_outputs,-1.8501
17f75a034eaa4cf1ba48fe64dcf6ebe6,27,isolation_forest,worth reviewing,2.7333688e-05,-0.076628890660603,"unusually few inputs (n_inputs=3, impact=-2.240); small total BTC moved (total_input_btc=0.3754, impact=-1.539); long gap since last tx (sender_time_since_last_tx_min=1116, impact=-1.522)",n_inputs,-2.2397,total_input_btc,-1.5392,sender_time_since_last_tx_min,-1.5219
0a28aa397a5a4255ada3845063ae8a94,27,isolation_forest,worth reviewing,2.4098083e-05,-0.0421756297240603,"unusually few inputs (n_inputs=2, impact=-2.261); unusually few outputs (n_outputs=8, impact=-1.726); amount close to sender's usual pattern (sender_amount_zscore=2.007, impact=-1.159)",n_inputs,-2.2611,n_outputs,-1.7257,sender_amount_zscore,-1.1589
020172dd67264b0f923ffcfa3f4ab2dc,27,isolation_forest,worth reviewing,2.2224807e-05,-0.0720295289548728,"unusually few inputs (n_inputs=5, impact=-2.499); unusually few outputs (n_outputs=2, impact=-1.568); quiet in the last hour (sender_tx_count_1h=0, impact=-1.536)",n_inputs,-2.4988,n_outputs,-1.5675,sender_tx_count_1h,-1.5361
73ff2371852a4ddfb84e4c52bd409b09,733,isolation_forest,worth reviewing,2.1661115e-05,-0.0088109283842429,"unusually few inputs (n_inputs=3, impact=-2.218); quiet in the last hour (sender_tx_count_1h=0, impact=-1.723); amount close to sender's usual pattern (sender_amount_zscore=2.37, impact=-1.410)",n_inputs,-2.2181,sender_tx_count_1h,-1.7226,sender_amount_zscore,-1.4104
93dcb3ebb8874948b9649c177f8fbf7b,733,isolation_forest,worth reviewing,1.8642162e-05,-0.0132826062265256,"unusually few inputs (n_inputs=3, impact=-2.114); small total BTC moved (total_input_btc=0.03116, impact=-1.837); quiet in the last hour (sender_tx_count_1h=0, impact=-1.792)",n_inputs,-2.114,total_input_btc,-1.8374,sender_tx_count_1h,-1.7924
98b13685cef04afa9c082ff6a8b0d4d6,30,isolation_forest,worth reviewing,1.8381295e-05,-0.0622387846815384,"unusually few inputs (n_inputs=2, impact=-2.076); quiet in the last hour (sender_tx_count_1h=0, impact=-1.726); long dormancy before reuse (minutes_since_addr_last_output=2.514e+04, impact=-1.682)",n_inputs,-2.0763,sender_tx_count_1h,-1.7258,minutes_since_addr_last_output,-1.6818
785fb87cdc8f4c4a9290e5f488672a65,27,isolation_forest,worth reviewing,1.6969037e-05,-0.1076473686641165,"unusually few inputs (n_inputs=8, impact=-2.308); unusually few outputs (n_outputs=2, impact=-1.575); quiet in the last hour (sender_tx_count_1h=0, impact=-1.544)",n_inputs,-2.3076,n_outputs,-1.5747,sender_tx_count_1h,-1.5443
ecae443c357d46c58e7e5447f19698f3,89,isolation_forest,worth reviewing,1.682506e-05,-0.1738808160544296,"unusually few inputs (n_inputs=5, impact=-2.173); quiet in the last hour (sender_tx_count_1h=0, impact=-1.586); amount close to sender's usual pattern (sender_amount_zscore=2.031, impact=-1.507)",n_inputs,-2.1725,sender_tx_count_1h,-1.5864,sender_amount_zscore,-1.5072
26dfa165b24d49e9a9cf84a4aa95851b,429,isolation_forest,worth reviewing,1.6787044e-05,-0.0398628472527161,"small total BTC moved (total_input_btc=0.01951, impact=-2.630); unusually few inputs (n_inputs=5, impact=-2.178); amount close to sender's usual pattern (sender_amount_zscore=-0.8868, impact=-1.604)",total_input_btc,-2.6298,n_inputs,-2.1783,sender_amount_zscore,-1.6045
09c4f1cdaf2144e2816b10b201fae196,30,isolation_forest,worth reviewing,1.563466e-05,-0.1127536293640336,"unusually few inputs (n_inputs=5, impact=-2.236); quiet in the last hour (sender_tx_count_1h=0, impact=-1.708); long dormancy before reuse (minutes_since_addr_last_output=1.148e+04, impact=-1.503)",n_inputs,-2.2358,sender_tx_count_1h,-1.7076,minutes_since_addr_last_output,-1.5026
c6c46db734af4c899918f5888759ffbc,89,isolation_forest,worth reviewing,1.5452526e-05,-0.1458866568819782,"unusually few inputs (n_inputs=8, impact=-2.537); unusually few outputs (n_outputs=4, impact=-1.569); quiet in the last hour (sender_tx_count_1h=0, impact=-1.559)",n_inputs,-2.5374,n_outputs,-1.569,sender_tx_count_1h,-1.5592
10e5a10885f24f89b2e80652891b5998,223,isolation_forest,worth reviewing,1.4298738e-05,-0.1510248701538145,"unusually few inputs (n_inputs=8, impact=-2.216); quiet in the last hour (sender_tx_count_1h=0, impact=-1.767); small total BTC moved (total_input_btc=0.03506, impact=-1.689)",n_inputs,-2.2161,sender_tx_count_1h,-1.7666,total_input_btc,-1.6892
6752565e70d941079648285bd672da00,223,isolation_forest,worth reviewing,1.422471e-05,-0.0634865963507417,"unusually few inputs (n_inputs=2, impact=-1.856); quiet in the last hour (sender_tx_count_1h=0, impact=-1.769); small total BTC moved (total_input_btc=0.02716, impact=-1.501)",n_inputs,-1.8559,sender_tx_count_1h,-1.7694,total_input_btc,-1.5006
10ab1da8ccf94cf698dedf2597f81fc3,89,isolation_forest,worth reviewing,1.0836351e-05,-0.1533891552458084,"unusually few inputs (n_inputs=5, impact=-2.016); long dormancy before reuse (minutes_since_addr_last_output=1.629e+04, impact=-2.011); quiet in the last hour (sender_tx_count_1h=0, impact=-1.663)",n_inputs,-2.0157,minutes_since_addr_last_output,-2.0111,sender_tx_count_1h,-1.6632
9b344f830b044509ba4633146cff9577,432,isolation_forest,worth reviewing,1.0645027e-05,-0.0610492026442133,"unusually few inputs (n_inputs=5, impact=-2.070); amount close to sender's usual pattern (sender_amount_zscore=-0.4431, impact=-1.825); long dormancy before reuse (minutes_since_addr_last_output=1.979e+04, impact=-1.815)",n_inputs,-2.0697,sender_amount_zscore,-1.8247,minutes_since_addr_last_output,-1.8147
211ffaa27fa54b6ca56d62883e6d9a5c,30,isolation_forest,worth reviewing,1.0187683e-05,-0.1616413438350309,"unusually few inputs (n_inputs=8, impact=-2.356); unusually few outputs (n_outputs=8, impact=-1.695); quiet in the last hour (sender_tx_count_1h=0, impact=-1.682)",n_inputs,-2.3564,n_outputs,-1.6947,sender_tx_count_1h,-1.6818
87d019fcba7a4fc6b6e4e137b1d55baa,30,isolation_forest,worth reviewing,8.995618e-06,-0.1076322670545651,"unusually few inputs (n_inputs=8, impact=-2.419); small total BTC moved (total_input_btc=0.09669, impact=-2.130); amount close to sender's usual pattern (sender_amount_zscore=-0.3995, impact=-1.510)",n_inputs,-2.4195,total_input_btc,-2.1303,sender_amount_zscore,-1.5098
13f1a0976448477685d59d4492c977df,429,isolation_forest,worth reviewing,7.856865e-06,-0.1067595308541099,"unusually few inputs (n_inputs=5, impact=-2.071); small total BTC moved (total_input_btc=0.02387, impact=-1.861); abnormally low fee (fee=3.289e-05, impact=-1.715)",n_inputs,-2.0711,total_input_btc,-1.8609,fee,-1.7148
057e98091b3d4e43b108bb79c66a5006,238,isolation_forest,worth reviewing,7.262433e-06,-0.1535600704296241,"unusually few inputs (n_inputs=8, impact=-2.132); quiet in the last hour (sender_tx_count_1h=0, impact=-1.726); small total BTC moved (total_input_btc=0.1041, impact=-1.680)",n_inputs,-2.1317,sender_tx_count_1h,-1.726,total_input_btc,-1.6803
dc9e6d8f83f94215b51e9344e284a6c6,429,isolation_forest,worth reviewing,5.6955378e-06,-0.1639651401640941,"unusually few inputs (n_inputs=8, impact=-2.305); small total BTC moved (total_input_btc=0.0257, impact=-2.246); amount close to sender's usual pattern (sender_amount_zscore=0.1235, impact=-1.818)",n_inputs,-2.3052,total_input_btc,-2.2456,sender_amount_zscore,-1.818
dc51f88d8a7c46e5a615e084f0f8b974,223,isolation_forest,worth reviewing,4.247119e-06,-0.0939353523437129,"small total BTC moved (total_input_btc=0.03109, impact=-2.699); unusually few inputs (n_inputs=5, impact=-2.294); quiet in the last hour (sender_tx_count_1h=0, impact=-1.727)",total_input_btc,-2.6992,n_inputs,-2.2939,sender_tx_count_1h,-1.7268
