txid,is_anomaly,anomaly_type,wallet_ids
83c1ba0f9d9f499d90245ec8305412de,0,normal,
b9954664d3d045e3a3d0626f96c0f286,0,normal,
f1dc27aecda34ad59a2d3d66d2af6760,0,normal,
3faac1cfd0f1425ca56cb5a5051499a1,0,normal,
cc7217c462af4aef86fb10ebaaf29576,0,normal,
b5ef9082db3c4630bae3f7982ee27950,0,normal,
7263e41eff844023a657c69c0b019eba,0,normal,
6e1a5b34483d4657bc9b46e0f1f1603a,0,normal,
443ba5803b22489db005067683f2dfc2,0,normal,
4ee3f42268cf4efc8a11b4f6bb982c27,0,normal,
13c6e80e7693434d97ee5750f3d5baa5,0,normal,
5a6284aaa9d849e6a4e5c45e46095d88,0,normal,
5ee80e42a9ef43489fa664733f74a0f4,0,normal,
19babfcf665f405a91241462995de04a,0,normal,
e4254a08a4b94625a9374c785aa794cb,0,normal,
481583e5d39e47c7bdedb58ac1fbe2fe,0,normal,
b2ab9f82128d4fc8b60bf5381087333a,0,normal,
2567b7182df945e1a1b47e7ba366d613,0,normal,
4c8f9fc9cea94e35830963f98cd9f759,0,normal,
a7beb2c440ac4d149637b2863d67a70b,0,normal,
a6b256d34c3446b48b7331c5459fa8d3,0,normal,
7372b155e80247659bb8caa491e823f0,0,normal,
c38454ac2c49423d93bdce0bcf95750d,0,normal,
a2739ba568464377a85a604ae234661a,0,normal,
2e04212baed04e41bbcbe003ca609ab3,0,normal,
47fc3c751aab419fa4e283e1e8992a17,0,normal,
205cc3c053e84a59af4962ca4fefb391,0,normal,
64a30163c56c49e7bda0157e73ba4da5,0,normal,
829d38eb2cf948d7baf1be6f9afbc8e2,0,normal,
0f179a635dcf493494b83c6e91ea4c90,0,normal,
d611766a3fad43c28906dfb5683e40f1,0,normal,
5ba9c25e76724ba2925355a5714a4f95,0,normal,
bfc473a30296451fb8f37272cec9ee92,0,normal,
ca2e6cc71f1549efb4c88efe6a31690b,0,normal,
4ba249ad4f8a406a9404a663d896b48d,0,normal,
182364a47aa44531a6f31d23f40c9049,0,normal,
9e5929bb211a4d449416856dfe7d7e14,0,normal,
08358e19dd314504a38b99288ee0de2b,0,normal,
981a3bc6436d48aca97f65b62af99b98,0,normal,
35b0d3576b1e4edcb41c6ea9b8ee229d,0,normal,
821ec9c5e4274bbc9d501deb6db03e12,0,normal,
e8dc31f547db48318f03b998da74f60b,0,normal,
7d238a3c594f444c8ad9e04620a6a237,0,normal,
17c86d8b8461417c97d16c07f4221391,0,normal,
4f43552a641d4c06a0507b52d5f897b7,0,normal,
c41b82d4169542648bd564e405c9327f,0,normal,
98701894753245748001365748c8b2d0,0,normal,
ae268b15ec6a4ee1a7f6502e0248ba4f,0,normal,
9ccdf563495d43ad83805fbed375ff8f,0,normal,
df8a0844f4134366a319a49ff7f55062,0,normal,
9b79c95e44ee4f66bd0fd125f87a57f4,0,normal,
ed5ed8e904c7453c9d0085113294cbb0,0,normal,
8dcea586e702439783ab4d5ed88e3f30,0,normal,
8dea174518424075930abbbdb49132fa,0,normal,
f66f6a2cae9a42609505444c9031acda,0,normal,
ee4ac349f30e48be9390112eb2aad8c8,0,normal,
a85edc512c40473bbd5dcb0496912e01,0,normal,
765b469ce6404887a497734ddc92994e,0,normal,
b2d38c08f7454b2c9c2ad6c6ec31842f,0,normal,
2d31220e9445480394abe245fb7f06a1,0,normal,
7fd839dd8c364b709f68086ce495bf9c,0,normal,
fe998f4c82c04f8c97f7005e1158fa5d,0,normal,
3be2ff56f6cc47ebb8a0551b1b9c612c,0,normal,
39a411f7de284a57a7c38241c16a6ff8,0,normal,
984a64b3b9054e82a600325fcdeb6c04,0,normal,
b74c6dd7a8e3480abd376448f0d8485a,0,normal,
daee8e13a702415fb0a7f45eb16ac53e,0,normal,
913abd4025454d6ba3322e5b0704df74,0,normal,
496297a521484c22b9c5dbffc54f54e4,0,normal,
946a294a3f10421ba9d3c5d9bde2ffd5,0,normal,
2a280b740c6c444999ed18f54fc68ae6,0,normal,
0ca37d3a30a04246aff4f8d5c792ed42,0,normal,
241296e33c40453390e4f0b02f7315a4,0,normal,
37880eaa9c7b44bda6a8fb3cef765057,0,normal,
25630206f397449bac4bac746e222ba4,0,normal,
2661d26cf7434047b4b4f8c26b7429e9,0,normal,
821497c0e26b469988944843adc758cc,0,normal,
0ad0d25d6c354e8d8357c46e6226c84d,0,normal,
6e85df3cb1b84c9d9e5c9e4b83ada185,0,normal,
269d16aacef94bcaa9977df36a461fcb,0,normal,
b55063d2ea464fc1b7857ae663ea1df7,0,normal,
402c95fb5aed41fd8b5c3c51f7173d97,0,normal,
3d111cb7f44e40a2b2acb14e04ce718d,0,normal,
a3ad7bd3e78549ffa0db6cebcae33a34,0,normal,
f848ea99ff2144cc9838863dfad30c40,0,normal,
857c02053878475688cde7bedaa099f2,0,normal,
bdbd4edaa8144a1aa0a6a4e408f02c48,0,normal,
a89e663792b842188b3f4fde25c1ca46,0,normal,
3a2c36e865d54be5b9fabfa79009ba54,0,normal,
2a1a3b70a9d64fd4a43be4dbc5ecd898,0,normal,
1577f2ae62af41f59197d86e5604ce87,0,normal,
88663777805047738e3612b290dfcdb5,0,normal,
3411fee5f95441888744f44d3984935a,0,normal,
00d79ee4862f451d9b6c08ec588f7b44,0,normal,
cfe84f1119f84a2fa171e595a982114a,0,normal,
21502e31ede5448899265fae40b0f917,0,normal,
1e33fc3478824f0ba6e13ad71f3926bb,0,normal,
710039a4ef1343dd93eab9f48686ca9c,0,normal,
5bd921bbd1724ff8973d18ce0559b486,0,normal,
f12bccb6c9b14c16ac0c6706b99f3805,0,normal,
9cd5c1b0a8404c8687b8f6014b1043b0,0,normal,
dd654cd67a254981a053c46716abda3d,0,normal,
e2f8b2b9a0b74126b00a4fe9b345379a,0,normal,
d967f6ed069e4f6ba2e2515ebccaf04a,0,normal,
8603f5c0596f4df4a6cbc2db1b76bfa0,0,normal,
c8ac212fc9b24dafab44a9b459cb7b53,0,normal,
c9059721eb254fda9b04f45c3924fe4b,0,normal,
c0a05a75d8304a5c9e85a803858868ab,0,normal,
be1c7369d8e34a6fb97e6a26632bde0b,0,normal,
80c0bee86d624a508ee645cd08790363,0,normal,
78e504aed60548f99dd3b9450d7d818e,0,normal,
2e8ebbdabe274faca5bb7d6a79abd9a4,0,normal,
9d67bdab6fa94abca720dc12e718cfd5,0,normal,
ccb3a1a7954043ffbf93cedf62bc3578,0,normal,
0bf2e35afddf4909be5c3fd1ea3032bb,0,normal,
0d6c0ec8d7db4fe1ab4116a3e260affc,0,normal,
e4b8e8ca44c044c28d84f4cae1473ed9,0,normal,
86faa73b62384c8c9b3a3104de7fcb20,0,normal,
1b37f34f6c374c79b3be637b9c5c8353,0,normal,
305dfbdb00ed42ea8b5b0b3f53b5db4f,0,normal,
a9c399427b9b479698e75efec3b61ccc,0,normal,
1df38e24bfa545b3a8d084a41f12e88b,0,normal,
e0a4d378b1024f69b866a5c889ef460b,0,normal,
b021dca33b27429dbf46d9cae0c89664,0,normal,
0f0950cbf47248219cee5d3c9e114aea,0,normal,
014e10aeeec948008ed2daa1a6cfd295,0,normal,
be233d6347c14311b35db40917d38a93,0,normal,
d74f2967f3b8457080dea2ba69b5b515,0,normal,
6899f2be4e3640e6b49e3cf4d0c2cd5c,0,normal,
39a289baee92484a8660457acba3fae3,0,normal,
6654f0e82b044c52b47e0db272605c8d,0,normal,
3ecdac60338e4e38ad042f01bba7f8e4,0,normal,
a66fc2dabe264b7586755a264de58676,0,normal,
a1c806d5dc8c4682919cc113de06dc92,0,normal,
42d98a8c22e84b37ad97aee36ee00cce,0,normal,
1c3a7ff0153c446c906397b65a88b12f,0,normal,
1d667d9515dc4d95bfc9beb63aca2b11,0,normal,
039962dd6c4e4942b92d2813f2f3a3c4,0,normal,
66096c5864c946d1a7155653e20f921c,0,normal,
71e50656e7b1462d9198eb86eab23813,0,normal,
713f7a27479a4abcbf081a5d091c2717,0,normal,
cbc545af7db149e8ace52fc4804b21a2,0,normal,
da672d8b221648e387b78ccd195e1100,0,normal,
fe7b2155ec754dee8b0cd39bb25bea5d,0,normal,
65eae9a54c6a4095ae556ece1eb0738b,0,normal,
4e59e89598e347dda1216b9add5de1c8,0,normal,
6cb59231eb884411ae337512181224d6,0,normal,
1703652d8e6e470dadc2ac06bd4f5608,0,normal,
b8ba71c8039849c1a95232119cc9e0a4,0,normal,
cafeaba7176249acaf87637af56c40c6,0,normal,
9f4391506cee4cc29cbcfade329f789f,0,normal,
9358754357214c89a6d25431529edeba,0,normal,
70b66424d3d8431cb16081bd940af2ef,0,normal,
dcc4b766c33d405b9b38147de4e5768f,0,normal,
069be3b80f5e464e96a1f7a86e1c0075,0,normal,
3011390596794f17b1042f92b94dc6a4,0,normal,
0b9fc7c4c01d49fab484d9df0c9850e4,0,normal,
e260b2c583514ea1aa700f8341234653,0,normal,
f235ab2d5b3445f5864f2977a9652c6b,0,normal,
8f174265524c48d8996980dc0b466095,0,normal,
dc94e4d36b0049ab863089292754b34c,0,normal,
4732394eafc14e0d8bc73f27cb99d6a0,0,normal,
d17e21c12d204c70b87df77601c98447,0,normal,
3b3920c9f3374c849cb128468e75748c,0,normal,
4f86e8feddd448708625db226d4d02ba,0,normal,
75e90396215e4faca003c784034497ed,0,normal,
ec74eff2886442ebb54968862e82078c,0,normal,
13f2d015df4a43718b3eb67d5eb6f269,0,normal,
cd91f3a77de04456844107c4528e411f,0,normal,
7721bfd0b77b456baed07659a22d08d0,0,normal,
06c2583a767d48888693d17a9706bcb8,0,normal,
a98a24de787546a99d9215f060751ae7,0,normal,
59bae91952fe471798173fef49d39c41,0,normal,
574ebca5049540788799dcf946a68ad8,0,normal,
51c60d1d927c45419e86d259c376b8ac,0,normal,
67bf9f6d94e847788ff4475ef0fbbeb1,0,normal,
a06132e9e8234475b79d3015cef35fe4,0,normal,
6d59538c8da74ccc8eb999630d681a09,0,normal,
9fcc68667775400da6d3dd7f2829a2e4,0,normal,
0fd00ead61094eccabe41e2cf23760f7,0,normal,
2702db1f916047169998af85aa8c44d6,0,normal,
db572ab8048948e190e0eb234344058f,0,normal,
858b7a683e3d4156a158b0636eb1e074,0,normal,
c342d4bf41484df3a907a922b0a7df92,0,normal,
450a61c2d64b47f597b1e60b69b6f3c2,0,normal,
78e9e97c4a5949edb919f5e318cba0ff,0,normal,
39bd97e04a6f4665840656a043ca08da,0,normal,
b3a0333675ec4e729ab2c4585f8d499e,0,normal,
43bd891a53e4433cb0f4d22ad44c0e98,0,normal,
65cb5d6e3d9547babb72dc6bd8b2c85d,0,normal,
944c7899db7c4fbb8cdcba3f3d457c2e,0,normal,
7c3ecd6363734319ae319f7638cd912d,0,normal,
619f15f13ae2464c9307762e5568fb2f,0,normal,
0fc47e2cf6734dcfbe43484e689eae23,0,normal,
b61dbbec3246478fb097e069d08a7dab,0,normal,
5d56ba76c95d43a9a0ee5ca4018e9715,0,normal,
65995e4837104236a69ea3733080c5b7,0,normal,
d3cd77a1a5bb492d87bdaf5afa690401,0,normal,
06c1b6208faf4a4d8ccd9f975acebbf2,0,normal,
9b993afe10db46f893fb236fec0821f3,0,normal,
cba73b56b1614ec98478a586d5f1e02b,0,normal,
6a0228a5496d443180bafd6f79bb8fbd,0,normal,
3e39e3bdd5284c5287312f1473e4fe73,0,normal,
f0e0e3b0446c430aa0b5c5350452c6b2,0,normal,
91c630fe7a2140c29773985fa28af4c4,0,normal,
f7daf945b6d34ea7aaa9ea3d51dbeaf3,0,normal,
06813bb41c424a4e97065224016bbc49,0,normal,
28ddac89aad5435c862146b97e00f4ff,0,normal,
8ee8899bdb1142e98763bd5468492c08,0,normal,
5e978ac141174570a0988ec985cdb62c,0,normal,
099c385d9aaf4d77a3351dfc3d40f5c8,0,normal,
dde53cd5ff414e6194e6780d66c2006e,0,normal,
c0afa498b5a642b898a6e3cba7c65512,0,normal,
501de2cd6d4f475e89c1162b1b8e9d39,0,normal,
b63c061eb66e48e285eb2f2293c3e90a,0,normal,
7189fb257c9e46db87c3131da18d018b,0,normal,
dfbb5e84131b428ebf889f40b43feef1,0,normal,
d179f3b20ed548fab3f26e8357ccd468,0,normal,
6e10c4b600494a91854cc9212c9c6d1d,0,normal,
d398d7f596ef42279058044b92d0c5ff,0,normal,
e455ec6356bf47049e4603d89f9b70b7,0,normal,
9e73efc9f2e645a793a568f0d222b7bb,0,normal,
958a5382c46a4c3f8d2a4114a290a3f7,0,normal,
841d6f1328e6415eb55b37f631b389eb,0,normal,
369af3c49f0f4c0ebee5e814ab1236f8,0,normal,
4543624866504da2966dcfc98a000b3b,0,normal,
a74d07971bf041f0a743756be2f5167a,0,normal,
6d758a5266f5423f85c4cbf96e9cef24,0,normal,
2cb6e78a3cf24bbe89227c75bfd4d01e,0,normal,
290c790951524f4d8811b0cd290bcf3b,0,normal,
458ab6231fdd4facaab26b46fb690741,0,normal,
2dfbf659e80149b799f4fe1402caf153,0,normal,
fb299764ca00417880cb7af7ebaf3043,0,normal,
410d316bd754464b9f15c56ee9f8c47c,0,normal,
b0f901d0f69b44839538f6ebd1e11468,0,normal,
47084dcba1ee4684adcfacfa522b4648,0,normal,
6dc6d25e5bbf4e288976d7f4aca42b63,0,normal,
32d4daa78aab4071a2fdfb72ccb1cd91,0,normal,
31dd54b60fc54d5289bb59283cf2ffc4,0,normal,
c4b13059e3874ca0b8ab1e152d997ae9,0,normal,
11149f5622ca4c9ebb36e9a6ecc9bf53,0,normal,
d71f6dd392ca4734911e72b1ddb43e88,0,normal,
aaccb74f6344425cbfa2de5924e8a380,0,normal,
21ab69d96c014cc39665eeac93ebb2eb,0,normal,
89faa96506d945fb9ca8026bd30839a4,0,normal,
e3e9ee85a1824d18bc6da0a83d46f4e2,0,normal,
b911c885985d455dad64cd2eda91bcc1,0,normal,
f07a44681169406ba1395d79a5488b7c,0,normal,
889bde86d6704b808b0f600d37f58384,0,normal,
dfeaad7721a24d1bb9fc8f0aa97a1c4f,0,normal,
e657b69eb2534c6cae79221e6224eeea,0,normal,
befd77d8d01c4d58bd1dbf77a84c55cd,0,normal,
d85d1769441344af929c875b57640585,0,normal,
5a4c77463c7f4aafa2f3bb4e1c6d976b,0,normal,
f77dab2887ff496cb4f8fbea9b595f4c,0,normal,
70db45dc94ef4f9baf932ef1c11db8d0,0,normal,
936a32ba6ab4459d9600ec6d67df09e1,0,normal,
a83dd34a83b840fba51648bbe64ac206,0,normal,
38187f7b81ea4b48a5164fbcd2ef2747,0,normal,
2c2cf8b6e119407d9a95ebeb0e2432a8,0,normal,
3973f4a6ccd8445e997374400724f5a3,0,normal,
f0c5a122297041dbaf6db53a39ca3a7e,0,normal,
5d3bb90a909645be9435b016b3408eac,0,normal,
841031253d7f44e0a54b71cf32f54da1,0,normal,
59cc223796ea4d7386d77f3a31facc7b,0,normal,
54cf3637c73a4f939268e6b92f88ba47,0,normal,
ccb0e675b80348f5af3d0b01d7986d9d,0,normal,
68f846ab732e47639f1220e3865f99a8,0,normal,
c5513293cdfd447a94dd80eb345397e9,0,normal,
2bf720d2f8ed41d1844a9699b0703eaa,0,normal,
2ad2194b577f4029b6c85d579db0f8f1,0,normal,
d4be9cb836d94ec1b41e607057657cd0,0,normal,
df0b9b1081e342988fa6428138e4e38b,0,normal,
87d3ec3062eb4663ba8f422acdc62a4e,0,normal,
c18d539a174b4bf885a5fea5548cc00f,0,normal,
8d5608b31bab4ed9bd7cd78cd2a9507f,0,normal,
7ce06803e0c34415945d156e00c41107,0,normal,
b1c474147f7240eb8ba0cff2d1c7de66,0,normal,
5a75546adb3d4d50a05b9795e1636c80,0,normal,
e8d270b83de34f56a140c2eaf5917f83,0,normal,
e7a76f77576c43c4a424fbd9d9fcdf4e,0,normal,
eda42f4a965c4b089f904b740f1d2c1a,0,normal,
b2a9cdd92a764409acefed41e95afb4b,0,normal,
badbde2724bb421a9b49a7c63ea89b2b,0,normal,
5f2a70be45c34179bdc2f861a22e2baf,0,normal,
e600485e515d47f994801b4f767b7d81,0,normal,
d514692a46d4427e95900c14b8cf7f08,0,normal,
bd3b00cb988b491f86e1a563af03998e,0,normal,
ccbef7d623df4803a569000c6214dd1d,0,normal,
d2b83158b6494afb8f68b1983ea1cc8c,0,normal,
7b34d39b945b4745912456e87c392053,0,normal,
5e4a6a03bd464d40abfc66e2d83e1863,0,normal,
9b94a2b5e0234a0c90658923dd389773,0,normal,
86fface007e2446eb3703c1195e998b2,0,normal,
985881f0b0db4fe99f6954c9c26347e5,0,normal,
fae2557d5eaf422199b4f619c5b4859d,0,normal,
dc324eb8be324674be93c5f10b5e2f12,0,normal,
5e4d705539534a28b39ca89d8a601a1f,0,normal,
1768b2b776e54f5aa1af02c78e2e6701,0,normal,
ea3f878ef53c47b6b5ca00c830ae25d5,0,normal,
724207d2ae964dfeab93a029c7dac7be,0,normal,
e0af8af15fb44c898228323ed1b50781,0,normal,
fe8fe32c0cad441fbd92330c8d58b4db,0,normal,
435052c0d9dd43948299ebb4030a7769,0,normal,
f51ac3584e73490e92fb640b9bc09ab1,0,normal,
07838e69ef344ea89e53e2bf31f91294,0,normal,
da523c784d354265a988bcafb70161ec,0,normal,
553ea59b45c543c0ba1bf47752f268f3,0,normal,
597a367948734188ba06d1d3a6c5bbc4,0,normal,
f7291671db3845c1ae70984bd6bffe34,0,normal,
3ca3b0f9dd1c4a5896d22ba8181fc388,0,normal,
7a542f6fd26f458fb987ece764630a72,0,normal,
54c1adeab2a0417a822099b990aa4c0b,0,normal,
8283435c97674743bb0351012a0745e1,0,normal,
3638fdca0d934d92bcbc51ba31c381a8,0,normal,
789cbba484b04f1fb9d42915a8cc6d8b,0,normal,
a485ab362f344fa588aad5d03b73f17b,0,normal,
3177ac7d831046d0a748cba7394ac621,0,normal,
2ab7e4e09b87404f9a89ce804ba4da64,0,normal,
100adf13c62346aebdea4e4c75ad8d49,0,normal,
03bcbf289bcd495084838561cf5ed22f,0,normal,
a214318855bc4faabcf0baaec822359f,0,normal,
58aceac65c5347bd9a82549efe26c81d,0,normal,
1b24a8d0e4fc49aba76f1fffa05bfd7f,0,normal,
95b04195fbab4955967d49326577a4b8,0,normal,
90ac9fec08e64d7587efeda16cb4b743,0,normal,
5900785206d64bb4a5eb69d24a598a52,0,normal,
6be8c41fd64e4fd6ad2684934a64fb23,0,normal,
02f915594b944750af5a28f7d9674793,0,normal,
7558d21de86141608b652df592b2ac6f,0,normal,
7ca3535336f34521b9aaff53b035db7d,0,normal,
be19071c6e47463d86c967ef9d4a91e6,0,normal,
4a2754a9c7af42b3903c1c10478783a0,0,normal,
cf5e52cf93424f9b88356555b6b44e92,0,normal,
77ef23c236ac42ca9cee6c815ba65835,0,normal,
4f82196523a04953987796928db7d399,0,normal,
5e75919df9cd407e968fb583fb6c7ed5,0,normal,
bb345b161fb74d35a51184091bd7d87c,0,normal,
483f506094124f6797d93dbab05ca2b6,0,normal,
b9bd0f8dd8b94a26b72739c970152a06,0,normal,
c1ce0a13c6c24562a0506b1d0a13cd6a,0,normal,
946a1e98f8824045854cb52c943cc26c,0,normal,
545b6cfaeb9648debc0111fb08b6a456,0,normal,
a8cd22d3d37546c8b4546a4013f9fd21,0,normal,
c9d1eb7e0a5f4b5e870e60eb0d48b821,0,normal,
3e5b3c21c40b44419640a698826b228a,0,normal,
8f05358ea5fa4b46bc1c5e1c1d63d11b,0,normal,
b9d424a29c1c4d9982e4ba22973b7604,0,normal,
39ca01652bde4b369195bb3d42ab30bb,0,normal,
a68496f6cb36471297170e308ebcc91b,0,normal,
49c404bab8db453f9d0a256bdde6a853,0,normal,
8e4c1cfdd7d447f8ac1cd0a52abaa984,0,normal,
84aa9b73ba174a3588d686095cc1e926,0,normal,
86830d20302c4e599c5feb79c40bfcf2,0,normal,
accdc01e20d243eaae00a592f5a4b513,0,normal,
7873c195cb9047f88c3cfb9d9d2b2531,0,normal,
aea6a86354ae41ef9ed346f8717f9888,0,normal,
f479b9d2fb80456fb963a84f33375c0a,0,normal,
ad72e12d17c94aecbc4249d05076e8f1,0,normal,
3d8dc853445e427b9ad084d7061fe2f8,0,normal,
e5a7ec55687548a68658259b63569020,0,normal,
f06539ba68da4929acd8fa2b92d3337f,0,normal,
75ba292099794e979f32320d6b83bf9c,0,normal,
e673eb5d9b4d4ea594fabea0fea1cb7e,0,normal,
8a69a76302ab4050b4ae61ea9bdbf3c9,0,normal,
a34d614d321d4e078278361c08cee010,0,normal,
4b55b84804034569b1d4db3f1f2074b5,0,normal,
928da8b93b5e4dd2b1a7f91a4e247287,0,normal,
229c620f7c8342b3a1f06cf4f2bad9b5,0,normal,
452445deac3d4782ad6ccbfdb224ed0a,0,normal,
1e05bf726ec040429048b8543598f1f8,0,normal,
13c1a62d39b64acda25d144f5bd107cb,0,normal,
91d55843ec3b47c4a4cff990e30c38b5,0,normal,
1b341140384241d4885e0889aa43a234,0,normal,
39e9f0d3a43247af8d93f282b081491c,0,normal,
ae83862b6e5d40baaf2d6188ced7454c,0,normal,
3d5ed4204fc041b88a5ac98ba78df0fe,0,normal,
02e79672aec24b3d8fa0ff6339204acd,0,normal,
9af9bec4c43f4275b0a522bd75b1cfb1,0,normal,
b1052170830a47e4abacaa32194fa910,0,normal,
bdeb4c0eda624fe4a058a50dab23eec7,0,normal,
e0a2407611d04ed1a67b71b3d35f5b3f,0,normal,
9cf4aeb7ae7c4e44a2459037249270ae,0,normal,
f8f30b7716cc4ef8be113bedf7f8eeab,0,normal,
df98e77cb48a4ae39890b7b11f9b6ffc,0,normal,
4097fa5c574b4ad0af61ae5d2dbb0425,0,normal,
af7e582ef31f4a6e94c55daf99a277b8,0,normal,
4ec8f25a41454cefaf04f0ca2e8ae0ee,0,normal,
eb4ace82b4294a1c839863008478974a,0,normal,
4636d14e1375422095994ba4d9b742ba,0,normal,
0b355520c82e47778c34e3556637f65a,0,normal,
c018eac33d6441cf94dd3ddbd29e8811,0,normal,
aec30795f7764e988f1b790ac843ae56,0,normal,
8035d5701cbc4fdf8c0b3e8db5800078,0,normal,
33ce2bd007ad46f5a6fb811a19acc095,0,normal,
cedf6ac2d8bd4036859ad7b113bca235,0,normal,
52d1d7c330b94cc4a6efd9e1d0328780,0,normal,
6f0956bb543c4b7084142c5264005070,0,normal,
661615848a0a4fcabd43f39f0058ad69,0,normal,
082865121b4a458d8d5c3f881cbe0831,0,normal,
40dd14ffc1cd490bb63c1efeae932942,0,normal,
fa04b8cf00064d799399119c58329096,0,normal,
d5cf64c037f74767bc0d1878d5c16db9,0,normal,
e183f45bc06646048e9deb0685ec44c3,0,normal,
8c9963ff5db645a19e68a51f3dfbb245,0,normal,
86e1592cc4ba4debb7add7a0946c74c2,0,normal,
5d5d5e9950884e22a90945d326f57723,0,normal,
1e39ce59bec14d62a2ec7f0c118a7e86,0,normal,
344f6d1684574617a7cea501c60e0b49,0,normal,
7b043adb8f024df189c6c2a1d522060a,0,normal,
6a35643683f24704a59fcb66cdb49eda,0,normal,
e84dc0b0914f4a8ba1635d7888191a73,0,normal,
3066b5dfb3bf48e1ba2ea42809c378b3,0,normal,
1e7280a58b194699892d4f7c1b852e22,0,normal,
bc359aeb9a4c4d6b850bc4cc1aa3b57d,0,normal,
2fc7fe6c56dc453ab1838750e4d4c86e,0,normal,
c0e1a4a93c3046a2aa3cde9eef6db70f,0,normal,
0b5847d31ebb4b4d9de7df5755fd98b7,0,normal,
1b45eaf2260b430b92d30450b7792bd2,0,normal,
78de0d81754f47fa817a49525ac52e6f,0,normal,
bfedfee13f964c54af065c52aea41387,0,normal,
4b21b588c79d4ee58dff73954798ed2c,0,normal,
a157cfb1f6774b7e963ac73904c9a801,0,normal,
2a92e85dcfa943f5852b0034f887cbfa,0,normal,
05a0a5704a9b4857bdfe5dc7ec1ec891,0,normal,
5853601e98084859ba5aa8aeb096516c,0,normal,
8b22b99d3f3e499bb059c941f71c6047,0,normal,
011de47eeb6140808b10c997a47e2fbd,0,normal,
77e32a717e0d4ebf9399bb33b1ca66be,0,normal,
4e927a8d9b204b06bcd2713882d42fb7,0,normal,
594567ebe8ff44a0b789b75e572aafde,0,normal,
641e2d93d69342c69fd42c99392a9605,0,normal,
8742c5b24470445990b8de6a1c38c19b,0,normal,
b301b5aa06d943ccb31c2063179d3817,0,normal,
eb03293797ef459e9af4b8d2302b5dc1,0,normal,
594722f456ac4be68a399cb65c96e91f,0,normal,
ccacba1b62cd42b7b19d1d292302c194,0,normal,
e8af32bd9684493fb106c76b5b4f4862,0,normal,
22696384853b4b7ea65eb88900d33609,0,normal,
232a7f684ddb40e791101a1fb04ba2ad,0,normal,
abc4d2a1952d4b128c7e1eb4c9a5b179,0,normal,
da051bfb914546eda68929b731751995,0,normal,
a433e1b054c449f9a228c683ef586787,0,normal,
a02eb4cfd4c546608fd2f51be4b735c1,0,normal,
b52daaf4360840aaab4d80f60925d92d,0,normal,
e607a24b22cf4231b432697a25592a03,0,normal,
f8e3b68b9c974898b4d9eff292cdbff2,0,normal,
1429b54897cd41459ff9c5098a2948e8,0,normal,
51f6d490ca7b43f8953f12789d15e57f,0,normal,
4f48e06faab44e5595de2184687af233,0,normal,
f7c7a10a00634c74afd58d1d3aec320a,0,normal,
aa9cc519ad254a65b964f7f20fbe7320,0,normal,
e370207509004de3b409c3811d435230,0,normal,
8d001e26f4814a3fa68d76fe46a06c8e,0,normal,
88f77339daf443d79ffed1200b37d1a3,0,normal,
75f1cd9cf6ef4aa2a1d88958ff2a2a3b,0,normal,
3fd03385d82e420fbcb4e01e21434b14,0,normal,
f3c62dcb74724c718661d77f2e856a0f,0,normal,
4f57889b74e144bfbc38f97242f2d118,0,normal,
b77f788ce7df4f169bade0b1c505c9c0,0,normal,
b72fe7e055e04ab5a64cbaace30b09d1,0,normal,
6720df4cf8194f6792548899934aa173,0,normal,
e1a792e3ecb24690948eda97fbafe219,0,normal,
a6d72fe65e974ac895e9f1af6a3721ba,0,normal,
dfe6051401d34d1daa51af1d25541231,0,normal,
8c3e43955237450d8218659537d5cfa9,0,normal,
314b208ff8ce4eea96a15faaae2e9abf,0,normal,
b1525dc404dd4a3e87b1a8c08c44b422,0,normal,
d137b2567ff945e794533473ddf91a01,0,normal,
017b798b0e5a4268aea1aa17b1e02805,0,normal,
1f30af0ca7f94880b6e806e769d4e8cf,0,normal,
b0c26d3aa5e34cae9f6d149fcf23f26c,0,normal,
9a03935378f94dc6b6bf9e70c313b75a,0,normal,
45de2ed8ca574d4dbb76de6fbb51b7ca,0,normal,
6aa39ba55a08425181ae8fa4c41c05d9,0,normal,
5d8318402cb4418896d60b1261043e8b,0,normal,
b12b24f1892d4df094e9ec89011ea04a,0,normal,
6849430fe3dc471eaacfbfb4f71798b1,0,normal,
f69b236ce97d4f698e9cc3d0aa78d78d,0,normal,
9b36653ac8d647beb8767bd82636c204,0,normal,
2003021c4ea84453bbb3f85523851ca0,0,normal,
5e0119546700460caf5862bc88d49ba9,0,normal,
eb2ab10448894b23bb4d65317bba5c17,0,normal,
09450d09af1847698103c978807729ca,0,normal,
28eb15ef175940aeac11b9b3f6fca2e6,0,normal,
749711095202436f9e06f46edd53238e,0,normal,
63e59f66f4ba49fc9a999f3bb2d76b5f,0,normal,
0c0a13bc156b4c27a14f136375a6ad5e,0,normal,
5da91e2bd59b4f5dace8e005bef29016,0,normal,
b87191b700ef443d985c9ebb10872fe9,0,normal,
466b24db718c4f7cbce3039f3328ddf6,0,normal,
b93e94ca59034df0b127f012fd21b6e3,0,normal,
3c38da68e72e49a3957ae6a20bbf6766,0,normal,
62dd0a5762a44fb49184962135dd9c24,0,normal,
fc02bd1a6dfc45b6a79215d8e8251fda,0,normal,
4bdc2fd76c8d49ed9e538869e09db3cb,0,normal,
4601dde842d54c88af2c2d35766b5c3b,0,normal,
46da0516db03495aa5c9b2d202c4632a,0,normal,
936c9427e39b476d84172df1b1264beb,0,normal,
ae0714dfd53947adaf0cca88e13f9e88,0,normal,
eaeea00f480b4025b1955dfc24acc11b,0,normal,
4c6833cf757448c2a19da394b6411cab,0,normal,
11aaf2cb57ff4c90b5d7406f21f1761b,0,normal,
7ab41e124a5c49a1bf00f92e6e5b1ca1,0,normal,
ee530bfaa8af407481fb11a5e9122d89,0,normal,
3f4704cd5b2841bfb460ad5987a9d963,0,normal,
9145cd38616d418e83ab04ef827c4f4b,0,normal,
708d888dd6c9463e8d4ded8196f94b24,0,normal,
c97667b0a2fa4ed88e923656c4777a56,0,normal,
169b9305466f4d5a8868fce20d788a7c,0,normal,
35d5b1dabe8e4790ba97321bfaf98a0c,0,normal,
66b14e03005d4282ab60552a07dd0688,0,normal,
275cda6c89714e6289179d50f6cfb932,0,normal,
56b68c4878aa41c5b3d0a4378609e581,0,normal,
7e8c6a54b2ba41b09133f8bb52f666e0,0,normal,
3159526cc21d46cf972e6ef798de44cc,0,normal,
b78111ef716e43fb9cd49d7970598c51,0,normal,
1316ca334fce45e89ed6a884b5f15168,0,normal,
c1c95cf549da4e09b857f581d20c7d41,0,normal,
c15fd155dd6444129b4357178759a9a4,0,normal,
0a144233866a423eb9c166560614d82a,0,normal,
a4b1d4edf8004d7c990ac97d7a9f048c,0,normal,
6e539ff187fb415e98a9ce7e53f54f47,0,normal,
6bb02eee2ca846f383d3f55c0e15c67e,0,normal,
24e335caa627473a9fc722dcf094defd,0,normal,
79fca3a9dee44007add56a5d94a9c12a,0,normal,
d7d7899a74b44f169e481757f714dcd5,0,normal,
122eebce56d9435dac27a73c381150f2,0,normal,
372550b41e2c48e99c4939059bae024e,0,normal,
88438a9caf7e472abc77ccdad660cd97,0,normal,
de172a0587294dc1916709ac7dde41b0,0,normal,
be0d10074684427f8086cbafce8c7e55,0,normal,
58a4c6c55f2c416b8a8b1ee60ae1dabb,0,normal,
56195291a90241329316ebdcaff31d00,0,normal,
044d00c7fd0140deafff876016a23099,0,normal,
8f124eac4da14c85b5a514957e416401,0,normal,
0a44a52cae6c478083bddec061d44724,0,normal,
cb8850aec0514adda84b00f320e2e376,0,normal,
6d737e023e524205b5d7bcf3583376f1,0,normal,
1414cab25fa4465e8449f5416bf12194,0,normal,
37a65d4823cc47d3bbcbadc0634893b1,0,normal,
862664bdb32d47b88efcf729b653c446,0,normal,
075fa9a8f1214924bcf9f5bd2c3c53e0,0,normal,
453f4175d79c4cf5a6ab8b699522d605,0,normal,
2f293057149a4433b110f45f70b1a15d,0,normal,
ef83bbf415da49d59fc59fda09599250,0,normal,
e6efb1a3d9e7456c9eea70ace2e74066,0,normal,
18abb6363f53443297eef06d29d7e03c,0,normal,
a845489ff0e2425c971b2d0b3bf5ab3a,0,normal,
7a85b0ea129c49828b76ee5a76da4175,0,normal,
95b324828cda4491ba15890e104781c5,0,normal,
96fce920ec344421b8edadc7b4472352,0,normal,
f34f1858e68c47868135ccecc1d5df33,0,normal,
c910257fabcd4286ba2f1f9ddac91f9f,0,normal,
9d8f1771ae1744e3b6a3908245ca5179,0,normal,
05d4a27168db4a378686f69e70648074,0,normal,
05caf4a1cf7747e7b59e0e074309c20e,0,normal,
a87a8431b0d74f2caa98b2e3c3374590,0,normal,
83da7c5dbffb4d10894bec6efe840a2a,0,normal,
75a7411c858e42dea592057dab153a05,0,normal,
a2f4d95dece14f7fadb0001197ba85e9,0,normal,
9cbdd9336276480c94fb0032f233008b,0,normal,
6e5633cdc8864e18a887320c74869240,0,normal,
6754a6164a1644278ab6bc4a3fecd582,0,normal,
e404d09a667e497880783ae61b158962,0,normal,
ab4c1e437ca94f2fb8092145dd95293d,0,normal,
cf3428a1ab584b1a9a552328b160e768,0,normal,
e6b4b8ba15ae458494357b6340000501,0,normal,
e4a2b8cbb16440ccb7046ec5f54d8b2f,0,normal,
a6a8da45513e4d0e83720ac5226b8b6e,0,normal,
b4f0615085c54d918b2e9ac3cad66add,0,normal,
2aecbc6063974cff82a842e20ab95ac0,0,normal,
765bf0245811446cb565a93aec8131b9,0,normal,
08c3a8a6d2214e92a94cf748ab9c51aa,0,normal,
5989003055ff4c4493aa2890427b5822,0,normal,
7bec866b827b464da522ac2826eec754,0,normal,
e15dec4b9e6e4408ad2fa399a973a31f,0,normal,
1ce9d8ce78334bc382ce475fb1fe1422,0,normal,
f38dc9b707cd4457956372de2b959d30,0,normal,
2210cd1009914ce5a83631425fd49219,0,normal,
9d542f05513f4f8b9dea51963f4143f8,0,normal,
a8a4c8982362481daaf87e448226638d,0,normal,
b1c5779c4a254fa3879bdd26c133e40d,0,normal,
8ab813f6466a475e8fae55b197018bc2,0,normal,
d45bad7f27ea4280ad492afb737a7e00,0,normal,
d2d6eb1f8fc041d19fcb2cd3502b1c9a,0,normal,
85780a22e8ad4928859025463a8aea18,0,normal,
13f21048a1754e3abcd506adb47db6fc,0,normal,
ef0052f8eb6a479893198f88f970c413,0,normal,
20957b25f17c46afa7c79547da920f8e,0,normal,
5b821d5dcb764dbaa0d81405a8f91c33,0,normal,
7242298cc0804ebf83a7b28425a3b66a,0,normal,
b55f682caf0b440480fd22be1500576d,0,normal,
a09f4c9b1b2c47b083cdc8561cf209f4,0,normal,
ec57c90cd65d48b0b690bad637c5646a,0,normal,
dcd0795ef89e4cd085b96ddea04c7c75,0,normal,
b17f2d3602ae480aa4f4759c3d5f8aaf,0,normal,
ab4e496950244ea389d0b15885734391,0,normal,
f76e9105ff484eb0bea18569f16f975b,0,normal,
89621f95c1ac43df905a6b12c986ee75,0,normal,
e101db5af05e4053b0b5a616ed0d73db,0,normal,
fb727283d42f4088bed0fe44fcae6a1d,0,normal,
d7d335e918584988856efcc86df66c21,0,normal,
895728a64d174c0a98e326626f9fd3f3,0,normal,
772a065ee68e49d8b53c81e0c6227e0d,0,normal,
d7addb759e37418d992a26117abecb26,0,normal,
7fd0eb01acd34766b1b9f1c74efd7e37,0,normal,
d437ad3de3124587b89c44390c870ef1,0,normal,
b7913702ea1c45e4a56b4e7ae9b4addd,0,normal,
191272a645014fd5b5f08c98701f6862,0,normal,
a79512e690b24d55af6f777befcb2c3c,0,normal,
b750302cad3d4f6fa8df99d636e89609,0,normal,
09b467b92aaa44f88e567daee3953eeb,0,normal,
4189f99be52c43c6b59528f4922207ce,0,normal,
701f1e7fc9cb462797e8869e0a7bade4,0,normal,
a1445e7b65c74619965dd5534343b034,0,normal,
791008666fc14372ba68cb0056d765c4,0,normal,
d8e724634a3c4a93b93c23bbc0001aad,0,normal,
ee70aa6ea3c34674acfde196216b7c89,0,normal,
6291c95986e54271b97dfbef5b63b7c3,0,normal,
ba8b9f4dab6f4274953157f0a3c8c805,0,normal,
0e9d64c1072549ac85b021cd432812af,0,normal,
f83b348beaba4533985aa051d2ee834d,0,normal,
ccbe516576c94aef928f7ec6f01399c6,0,normal,
663ec9da14ad418699c148fae1ef3456,0,normal,
43b39867a0f24974a1f2c03d0a751f55,0,normal,
79cc1fafe2f84fab8fde2f43428542a7,0,normal,
d56a6cbee8a34136b3c3d173f6324bba,0,normal,
d4459a25814b4d8ab3123870c7957d7c,0,normal,
e7fc90834ce44715b0186795145969c9,0,normal,
1d7f8ec446f84546ae8c0e0b93a71a7c,0,normal,
e792ebabcbbe4fec8e21ea5fe9c5c55a,0,normal,
49311fce3e6744eeb34aa6097805a776,0,normal,
cfa5dbd24d114aa0af2d52d45561dbe6,0,normal,
42acccab8c67444fadacba800b98d90a,0,normal,
8610c809f51645198f1a7f62e0e33498,0,normal,
d57397ac83604c3b99d2bb6d8a42339f,0,normal,
d843927302114e07b00a2c0896a2c15d,0,normal,
050d985948ed4cf9b5f9040928b51fcd,0,normal,
d8d66c698b8e4af494110f9bf29191ea,0,normal,
2aaf6ebf56844ca5a1898e762b3609c7,0,normal,
29c6d96ed372490d9498556e29941145,0,normal,
5f261ddb90a44d15a0b225219ea21efc,0,normal,
0e845116484047ec878b41d8f60e5c94,0,normal,
63ed3da140e24c779263218f0a2a5cf6,0,normal,
397dd9539bbb4be6970efb110ea6b37d,0,normal,
99ffd66f82ea4cdc94c4c2b39fe3723f,0,normal,
51e06211efa0402db6e3ca3c3bd9de2d,0,normal,
7269be49c9a54eaeac28cbd846d33b6a,0,normal,
1f37d145c9444eaa92ed4c29704827bb,0,normal,
51e321cfc0914686992de9a32514706b,0,normal,
d0a8eeddda5f4c459983b22c082fdf5d,0,normal,
352d037e00604592b5d23bcc7a03c647,0,normal,
ea4a52d5b9a24ca6ad0b9ead8e2a34e1,0,normal,
2a547579e0d84fe4adad6c7381bb5e74,0,normal,
490a25db10624065bc70781eb26515dd,0,normal,
a1fdffb26e0f485f8e36fd9fade9ddd7,0,normal,
29e3f5dd32804e3990eb80fa20cbe1f1,0,normal,
e64c7268b1914eaa9edea73ff5cf54de,0,normal,
48c61cf4dcb34526a6dcd27d2acb4a92,0,normal,
9287f7e675114f65947ca9ecee154c39,0,normal,
4a6bfd628c3a498a9da76b37a6d0be0d,0,normal,
46ad4bc50cde436b9cfeb95418bb65c8,0,normal,
7acad283f4d8486db0d5cc09fc5888c3,0,normal,
4604c41ce29f47b5bc2794bfcab9b288,0,normal,
dab3079311f4444d960f69e408d77b01,0,normal,
911d0e8c4cc74dc88ec86f764e1cd32c,0,normal,
d7ac0e0883d545708765136f31a30a4d,0,normal,
c8d6690328014ea3ad0b5964c0422cba,0,normal,
aecc995125114950a9796b4608a434fa,0,normal,
08e590cddd2442409e899c60222d0b06,0,normal,
59dc6e3e41e24632ab6dd579c32d8e47,0,normal,
ffa50dc63b2a4623b912976c2ec4087b,0,normal,
8d874a6463b143eebc21b2da721195aa,0,normal,
463add33de6b4f1292c9478277c50b52,0,normal,
84e0d6a041164f7d94102d7f29274672,0,normal,
bb5c6568b2244be984476f2801982a90,0,normal,
ae5ca84134294a3e9b8e252183fa692a,0,normal,
b34e6e1f8db74744a2c77f04263818b6,0,normal,
368f0aa683644b7ca5f393b44c967ceb,0,normal,
cf6a2b15c7074014965fe4ec0b7c4331,0,normal,
1544134a554f47dab0936f09e2a45cba,0,normal,
7637424d12794ad2b6bd8060820a9375,0,normal,
9e268146d38347f68bba0834b6b65155,0,normal,
0d59cf58796042aeae7f849dbd972c18,0,normal,
21628e48587c4916b82e405729fe5baa,0,normal,
19e6c3d020ae4c22848a9ab4e4bcc073,0,normal,
0bbefce4fd2548bc85e0a5216b2455bf,0,normal,
33b469130ddb4a2fa320b454132a537e,0,normal,
a8b45a580d0f493e9425a9a1154180ee,0,normal,
69392e195d0f45069713ebfc06f55cf7,0,normal,
b879252a9e7b4b878df5ef2cfa0a9925,0,normal,
8caac6826dbd4a5880688d7f19f7aa0e,0,normal,
d15f8d010ddc448ba184a92817e20914,0,normal,
c37336e46e9b41e19c08ba196cbd9a37,0,normal,
e94f49c3c69846358daea581eb18731b,0,normal,
9267e4da8caa4c39a0c4ccb94c99c382,0,normal,
c6bed7de913d409195dadb522cb4d8fc,0,normal,
45f97e0775344ee0a6b310188973ce5d,0,normal,
440efad525344e64b58c09c45f937730,0,normal,
6e70197495eb4e14bb5d9f229ac365ce,0,normal,
dbf1070ac29346df97b9326c2f2c5d36,0,normal,
08de2a9351324bac9b35f9d4b9bccb0f,0,normal,
38d5dc9200684872aa2581a1dfed580c,0,normal,
cb2ae939fd08499bb7e9df1f913ce880,0,normal,
2ee815bd95f54690a120be1a5e999743,0,normal,
590d023a4c35482da09d46cf41f3b9b2,0,normal,
b7274660d3b2438597d860eab61ae879,0,normal,
d3eac4510cfb4984b4c45bdb7e6edcbd,0,normal,
6016bb0cead742cfbd8ee7e350888708,0,normal,
46e0e96b39c84d569efcabbd830c9bb2,0,normal,
4a8abe94cfc4408080753a7fb482dfab,0,normal,
00fe24fa8f1845d682ef63e617fa0063,0,normal,
68efdbe772b44575a19dfa784b3e1a2f,0,normal,
2daaa88f256f48da8adf4f033d243926,0,normal,
5c074579aaff46e6bfe24f38cc675ae1,0,normal,
b7e6d30f8bee4e01b6a9d437aa400ac0,0,normal,
7ce5ad2777a545a4bbf312c6581f091b,0,normal,
c48ff8c4524f42388378b2d9af845469,0,normal,
95ba1f399ed44d1da7b492a95681b6cf,0,normal,
99e5bed104e64f0091a2f88b066a2d91,0,normal,
5a4f04d60639429cb2d55c6998143c38,0,normal,
be10ae6d6bed41d18706cbfec30171ed,0,normal,
7de4ea8243b647c7898f5f7f78252a0b,0,normal,
d9898c55ecce4ed296959849b055d2cf,0,normal,
0a45cc92e5304c17b78ac86e3e60a3e8,0,normal,
e7f034ca035e4d508605677c89d37d6c,0,normal,
1305c7f59acb4c8d807216972e6579bc,0,normal,
cdf0fec32883423cb0d4d942d91f0c3a,0,normal,
14df0ecc3f794139b871e87f0c3d4e83,0,normal,
e7759bbee7fb4f338521e918357a8c58,0,normal,
6adb403c2b144dbc80f2856080c04cf8,0,normal,
d3d9c281b5074b1997017df3648b144a,0,normal,
63434967f8fc4a5a8a51acf3a5d1609d,0,normal,
81fdad1f4c1a46cc82207411cf9dc78d,0,normal,
d61130bb8b904c0f9dcad9dfc6b8d34f,0,normal,
413cedf27ff145cfb965c7864f789a41,0,normal,
fb535df4a8234ea798ee9bc6f0f55b46,0,normal,
4ab622334e4d45cebc8c023c615bd8e8,0,normal,
718aba94c4b0408080985fe3d8a75c12,0,normal,
3f7a1d2e789c45cd91a242a71387d33a,0,normal,
0265a5537689497a9bff1beb8e335892,0,normal,
aec97bbf8e0c4bb981a7e3dea41d7f65,0,normal,
17e47b5943714dd0b5f8b4e5a859d559,0,normal,
5ef75c4f7df846beafeb77c091eea4ba,0,normal,
b3e5d60e587d466896487b523b26eae5,0,normal,
f416a13099a549368117ba3310b90d0b,0,normal,
4aa62a7eef2441afa7359424549f71e8,0,normal,
e8879eacfd6c4e2da7cbe56086129f12,0,normal,
1a0b2b58b1544afe85d8530ee3e8c26d,0,normal,
9efec5d159114827a940408a99f3683f,0,normal,
07a8201d0fac47d189b9e6f2b3ae23ae,0,normal,
3ccdcca3fca6444c8a32e2a71778535c,0,normal,
7de86927b5b9457bbac139015c4c5dc5,0,normal,
1298e3ff29c44014b0fba41c5e2f1439,0,normal,
7b1f95c636a8469eba0dd503d979737a,0,normal,
2bbc98048230407c9c35c09a2ae76e86,0,normal,
c5ff3004b20f406bb460b254ab9d9fdf,0,normal,
568d5b99ebaf41bc8fd2e6956a032df2,0,normal,
a2cf71c7eb2f405ead48cede09e56339,0,normal,
7541f718dcc44c63853daf8cba50aff7,0,normal,
9f112bf1a72142de831f185b9c76e890,0,normal,
bdc34a7ace0e470cbd6f4784aabc340d,0,normal,
02caaad699ce4fe58bc2470c821cd8d3,0,normal,
3e9e94a347c44162be5ea1ddec196517,0,normal,
15e21dc832564c6f97ca1ef6527bb9e0,0,normal,
bd82cbc835c243989c631b7a9b68e128,0,normal,
0a9b53b8e12949609b08e760c8eb5d96,0,normal,
7383696191fa4363b5edf48fb9dd8cb6,0,normal,
50a44a82e3a746d982d00211e1b73b86,0,normal,
1a5f5cd1cbb74b43a7e56ed07d33f7aa,0,normal,
ce20fd6514ba48fb9360deb1b7b77bca,0,normal,
e75f8759731342febe0e58d8114d314c,0,normal,
20ec405061b54895be98a0690caba1da,0,normal,
5b3ca34506a941308dcf1b20f39f62ab,0,normal,
537601c26f644dd3b09ead23dc3ae5d3,0,normal,
03d5bb1475d84f989b9a6d9f0f2b461f,0,normal,
f73f61c9306248a69c3405cfa5b7b4b8,0,normal,
e58bbc5a63814d55add602464ae2aec7,0,normal,
b802217d878648eb80b7edd5f1be31ec,0,normal,
768fe54df6924ebaa5d7e1693c32feca,0,normal,
f335f988dc81404ab03888ab485e51c6,0,normal,
49edcb148eeb4915a679e40b4e252b1c,0,normal,
5d5bbb1203074ba6a1caec43a7eb0475,0,normal,
6a62df4e0eb4432a808cf275be99e0a7,0,normal,
20d000d7233d4d279ec28d5afe7efe6c,0,normal,
acf711db7a904f728b56e7652fda5d0f,0,normal,
6530a6feb10c41bf9be85dfb38205003,0,normal,
1ca0b107634c40479a3ff20434e19720,0,normal,
fdd985788cfe451b9fd57dc15a742631,0,normal,
310f598f09c54dd5be350d773d113fe6,0,normal,
0f638a9734434e60bc8bfd775a223ad5,0,normal,
019059317bc941858bec73767f81f443,0,normal,
5d4648aaa6e4401aa89c417596696ea6,0,normal,
a4513b8cbc0d4c188b479087fc73252f,0,normal,
9f39a0f49abb4940978b44345263a6de,0,normal,
3bf11b92a8dc4b308e7976a55960113d,0,normal,
897db5da0f474e81a0bdfd0e1d633ec6,0,normal,
9b0bc359d2e24f67a132ca56b09dec51,0,normal,
8ac2cacbb92f4dd0a89a80a6e27f10c3,0,normal,
79eaf6d0872c41c592fe8799cb5a3c94,0,normal,
9337683c2cbd4a0394f9d50e3a7f8d10,0,normal,
48f8be8649484be9906a887d0933187a,0,normal,
8492df1898264193918626aa2ca5dd51,0,normal,
fc4eb6a6815a4e7a97372d6e37ad4042,0,normal,
b9d1bf97eac84703817e47f0ee16ef72,0,normal,
aee25ef1167b4bb99e3a297a9004ac71,0,normal,
0ef1d96b3da54b25a240988e729ffc87,0,normal,
a9985c082436405e8cb686fb36cba195,0,normal,
b88361b556ac4b74a232c4da40e5ee49,0,normal,
4a3b120f07c343719ec9b43613ce2da6,0,normal,
4a188137b5174b24973888a12c72c6ef,0,normal,
57b3c7d2142143a99144a74b67158f0f,0,normal,
61c96917049d4760908d334023b83b9f,0,normal,
18d9e234bc0d4ecaa72314a5a9cc2a77,0,normal,
f6556cf90b724e14b6b88d13585ae2d5,0,normal,
c693ef48f9e343408c5138c1fa86711f,0,normal,
28faf9cf350e4fd1957db3e7cd6ab910,0,normal,
5833d07f15064d45ada9d6760972d2fa,0,normal,
a7eecd44dad6425792886042ac0e6889,0,normal,
b84e76fb1da34191ae20371b55fbe092,0,normal,
8f8d8fe8b37d4689bf8205afaef4985a,0,normal,
139a0b5139114201b6565821d096aab0,0,normal,
08d596d608f54cc799158070b7fb6a09,0,normal,
15a7c444cda04efc97358a43082d8d19,0,normal,
b73f816ac35a4c3fb21e008d5740a4c7,0,normal,
4b8f2613d047458f94e9e9fb8d3e1b41,0,normal,
1cf65f43d40b460d90f010442687f4da,0,normal,
d65b0a3066e04a2a8ee5b666208bc833,0,normal,
6d03b9bd48a34f5abff3698b9181decb,0,normal,
7df8b6664b63403f92480c397d7b6210,0,normal,
8a0b9862f1fe4b6db5bf20ef8481438a,0,normal,
89abddffc65b42edbb562339647bd6df,0,normal,
91c7d991e26344bca7874bd71f8c0b2d,0,normal,
cc17d1dbb531430f93260196125830f9,0,normal,
7010ef7af8414383a1c9a12e150f7ca0,0,normal,
13d8ef0cc26b44cb8a1b338622105107,0,normal,
ed0156357eaa4d45ad549d9bcfacd4e1,0,normal,
ec4cddbb04dc4307b40fc36d61768917,0,normal,
08c26e000c814f1c9e72873f9837cb90,0,normal,
33f7f20f7bd841a9b85e777abec42d9d,0,normal,
6d24e3e2165e4b0f95cecbdfa46edab1,0,normal,
9959ca0002cf4d65941e8d64f52d24e8,0,normal,
161766305f9d49378a5acb65a54802be,0,normal,
00e297003bfc408cb734a420d89d53b3,0,normal,
a4295da42ce44168b81ca9112ea4e128,0,normal,
cd6065c2387246578baace42e69dd5a3,0,normal,
00e8dc87b77940268722032b605ce747,0,normal,
2de4c7ce82c44f3fb1314ce6047c9f80,0,normal,
4026f331057e429b90984cd39263445a,0,normal,
6995d97cd6c743889e4968dac587be05,0,normal,
877b11afa0bc4319a21fa98628db74f9,0,normal,
ec4749617b8a421899da29945bc12440,0,normal,
bb44aaffde3d46e08cbf06c5166a1801,0,normal,
1c284af1d6e54ffcbb2d030585a533a0,0,normal,
35a427c197f54e1998924293d969ba24,0,normal,
80cdbe9f67694a3fa99b6fb29f06ba88,0,normal,
365883d798f845638021e687d82b3a7f,0,normal,
1e56f3151f804305a2cba7f1988b33fd,0,normal,
f240a336872e4bddb92484eb4616a81a,0,normal,
887478a007fd4121ade16cd0731d9940,0,normal,
8e91f250556b4595919581a72fbc8bfd,0,normal,
92a234cb5e624129819c68ae3a4ed1ee,0,normal,
ea31f197614b4d5faa1b462c4bc8ed15,0,normal,
5c67f28943c9436688f8740e380d0118,0,normal,
31910ec19b0b486e985e10e33a00cc5f,0,normal,
a0d793ef518547428476b6e997eb7bd1,0,normal,
6f5e44d71f6e42cfae7bfbbe872d4f55,0,normal,
c7513eab60504e1291ff79cd407a4f89,0,normal,
6c8bd317dee6408fb7b779d18400c679,0,normal,
f8e6041d025f498382bbf33362e5feea,0,normal,
396c5c63eb8c47f6b33534025c675b7a,0,normal,
950cb1bdf30147b29e6dd854c6643e58,0,normal,
5e952e649e914947b552703e213b94b0,0,normal,
292f9afbf9a64225bab917ca5491c262,0,normal,
e0ed8636d5e64283a3d3474f1866b42a,0,normal,
d38f6888a02a4e1e9445f8e63d90628d,0,normal,
21a2c94dd59c427ea797246ede34793f,0,normal,
9cc813e048854d8db1bee7a73e4a7d47,0,normal,
f764b71bb9f145c29fc7a70166f59a9c,0,normal,
de0ae799c6754e2186cca2c7d3be8bcd,0,normal,
d2116e8778a6416d94eed66ffdd5ce78,0,normal,
c577df94d93c410eacab54e0479a6872,0,normal,
82ab29f39438497cb6ce5add3293d1bd,0,normal,
2b02a03354bc45c6b80f0e83b129e86f,0,normal,
124cc36c121e49f3a63cd529b164f7f0,0,normal,
36817863132546c28402e33b44505e2a,0,normal,
c2c06bff66744d688616fe5c5574e736,0,normal,
dfa81978ff0c4280a55e187e203857a1,0,normal,
4e163e6b2de64830b62a3b7d6ae3fc59,0,normal,
5ad6a8f2b9844ef3a79d19709955aa55,0,normal,
eb66a12f46044c9aa007c058fc88fa14,0,normal,
3f45c7f3edb847ad86b28b27ebacda65,0,normal,
bd07541b3bc44e12b6936d8fe6066233,0,normal,
ab18d596e46044b2898c47dea30959bf,0,normal,
b5a04ba431fd4ca4b0a17083218d3abe,0,normal,
538f198f0c044b73911161974d5086a0,0,normal,
564be365362444bea09c54a4abd1701f,0,normal,
503f669f98394bc3b4a0854cdec55d55,0,normal,
96cf52718c0942ffae8aa1bcfa9e1d20,0,normal,
b0a46b99b87946a39a192010214e4935,0,normal,
ac91baac174347948c1d69e085d178ca,0,normal,
53c9c2cd2ef643778b4ecc7e1b920ceb,0,normal,
ce4dc0cb91ee45ecbabc50577c725f6a,0,normal,
06a22f7b77684bf8b5a876116cd1d155,0,normal,
b2a7b978e0e84202acd0f087b48ee440,0,normal,
e0899038b1cb4f34a4cc3f597390ab9c,0,normal,
650fed082f544274a83058ae617ad1ac,0,normal,
1d99cef61f2b414588aee621d05f1178,0,normal,
bfba30344ed742159c7f7df718ab9b46,0,normal,
6775479f1cd740869616454b0486c4fc,0,normal,
fb150bf193cc46c6871af7f3117fa09d,0,normal,
26e15855120a4662a0ff3a3f42acc320,0,normal,
faf8b6d32dc44720a2ff36bff9211c4e,0,normal,
fe22f4a21b044e1f920b6cd3c2c8b56f,0,normal,
b29dc8ffc957468a8f07ca7e4874104e,0,normal,
56615b163ae840f4982410dbf0e71b4e,0,normal,
ecff525a0e4a4d478519bd315d7193c9,0,normal,
79f92a97344b4575b2fe6e0f6fb524fa,0,normal,
e0591abe6e8245f0b112daf553a9dc30,0,normal,
aab154d89d18421ca16752f61b783e4d,0,normal,
47fc890a2ed040f2a5bb55bcdb57a2a1,0,normal,
4dd1bc59dec14f0283ec9345a403f84b,0,normal,
fea5a2d5179546759f4b1b4696f9ae75,0,normal,
01b5146d0d7c4b46b1d565e5ccef2331,0,normal,
c87083dafa384dd09c0ec88b40b958a9,0,normal,
e3ee07d5fd5c4367907cacccc97dab85,0,normal,
b87cfbce29114167b3628f2772c0931d,0,normal,
8f3099e55fa54415b8b3251b79b3cddd,0,normal,
f1c4d90b525945de94d522deb2189fd2,0,normal,
92d4d35887b745419ab4e5dbb1df5695,0,normal,
1de3280d82154b60a7a612ed141c402c,0,normal,
7879ee45b5cd4e8dbbb4dcdbd0ffc50a,0,normal,
b86dbd8f3ef14b35a64c6264fa9e8b2f,0,normal,
ea26b698ea2d465ba881aab8f9a911ab,0,normal,
b17bd562ba7743a5bef85db6b6f8e9e5,0,normal,
931bb97641974e04a739f37428a1b558,0,normal,
cfc4128e1e064eb2868994379d77eccc,0,normal,
01e673b0db3e44fa87c7da89a541d3f0,0,normal,
ca0d09f0138d40cf8db1bca561d288b0,0,normal,
4509f6656fd14ff7bac27685f860872d,0,normal,
0a7f816b3cdc47939be9e4eb177ade67,0,normal,
567aa8ba010742298c4d98cea48c8b15,0,normal,
395e8af7904c4d8a8ef04fafbee33e95,0,normal,
138ae5004b5444f18434e51b5b438303,0,normal,
e551b905bf234d3a90abcc73e22e7750,0,normal,
8e56e30edd89439dad66f3374e395c8c,0,normal,
05e89e31913541c492f38a5312dc251c,0,normal,
7996bd07e0d34647b1dd498dc8be49ff,0,normal,
3a30c8872d9a4cb0a2502fd88399b522,0,normal,
fd8349eacb5b4834a2293569b1de98b3,0,normal,
7353884957b043958483fecf89c9bb67,0,normal,
8e34437463ac462b9069335035f4329e,0,normal,
f8cca440ebb24285a16e1ad16dffc37d,0,normal,
89c13188124a4cfe8c8b2b770b4f90d7,0,normal,
3de88729df2941e384a4903b7aafe072,0,normal,
19f8854235af4ab6a7cad7273cc24468,0,normal,
be53bed8e2624f22964901f71c4f7a33,0,normal,
496e850c17e6463388f132bd4556c02d,0,normal,
4cd59ff361114081a8a318b31a8d9558,0,normal,
34c76b264aca491aa395cef3b9da7606,0,normal,
3c95135d5f7846f9a7c868e1597fa25f,0,normal,
5d5f2dff7d4b420cb0ec429194eb5715,0,normal,
a9ad9b1e893b45fb9c996c33a3ee3138,0,normal,
7f40caafe0384a6fbaa4c9461d4056a6,0,normal,
7c69eb51b48b4b08a69bf042c2aeaecc,0,normal,
3d815dce6a43413f8cb462bf34b634e0,0,normal,
830cf9940c5a493e8212a6458d58f9cb,0,normal,
05a43e64797b4e2091516c57f5686f19,0,normal,
528a5ba5c478478e9759c9f4df6a0f4c,0,normal,
e99905ce1956435bbee6fc36b3548376,0,normal,
337d5d2143964612a7f5ab90ddfa53c7,0,normal,
a86be5aea6494c54948bb61b969dcf95,0,normal,
f89f569829f94badb61fe40928dacb0d,0,normal,
26159c6b37714eb595734231def42ea1,0,normal,
73cc93312b1645bc901d5c57829476c0,0,normal,
9898da4ae70c4644af1c1097777a86e2,0,normal,
b253318e6b984190bfcce56ac7ba0201,0,normal,
4397b33afc194e738fbd243bcbb0d0fb,0,normal,
1e43027a27f9403bb7630ba187ba7813,0,normal,
b6e0ecd5937847f3b355631a57062096,0,normal,
2abc81ffd24944c0ad1a369ed0ba7266,0,normal,
09387f95e9844f49b20fe3e90c09e2fb,0,normal,
d7cf540f9f974ea98fb2631ea76340ac,0,normal,
6788410fbab6470da16bbe2b9b33aa3d,0,normal,
23b12bc38a954023aab3f1d43c1bfe3e,0,normal,
5428a1307859455cacd3f17ee83a14c3,0,normal,
34b175eaa0ec4f27a461fd6a08563c85,0,normal,
55ec8ce1403d464cade4af2411c37d31,0,normal,
c58fb85eea444e4ca15d8e78db026eb4,0,normal,
a9c4488bb6b945749841c661e8b1602e,0,normal,
f17e4f1d1f204ec988209911a1cb357f,0,normal,
a23ff50466bd4ad19458446ab1677f44,0,normal,
a8a593982ef94debaf71e301b71208b8,0,normal,
62bac8482d17426597bdfc2f87fc81b3,0,normal,
f799fac6f2474570a49bf28a5d5af1ee,0,normal,
5de96abbb7b64f86b8d54b0f107303d4,0,normal,
fb7a76ea320c4ab5a3f8f696e115e7ae,0,normal,
9db68b20bd874c10abd8f0c7b305fe85,0,normal,
dc7cf22e171f4bf9b36bce83c35ac2d0,0,normal,
e2854272a3094e5faa81fe42a56b735c,0,normal,
a0336ec9fb804255a10bf4656b6c3d15,0,normal,
b454813c499d417b9ad0cc1ac785ba3e,0,normal,
8a1d03e2122d4787a9adad7598f5318c,0,normal,
b516c108c2a249e4ba623dac02b05ba7,0,normal,
c75f1ad35e07496e8abc2c69b0bf1076,0,normal,
4e813ccf5ff5491d9d6329e697446f03,0,normal,
6b84a6be5dca4d729d19af9d4ef16040,0,normal,
3b1b2355505f43ad8cdb3b30f1adf4e3,0,normal,
bd368a64ca864ac2ada66b34a19e144c,0,normal,
d93091d5cb204ad2a550b34aadc3b47c,0,normal,
79e917e1540547c8b646b1966b07cd54,0,normal,
54f083370b8c4e25a396d7065801638e,0,normal,
72a2790abb8c4e3eb4bd378a9430694f,0,normal,
b4df21662e05438b8d32e1939ab9a019,0,normal,
8a2000bdee9e4213aef84aa928a837a8,0,normal,
f7e6baabe42d42269417ea7daf40183a,0,normal,
31ff0aa504cd49d4b7ea728ecd6355dd,0,normal,
c4eb0d3d0b8544468185650aa429d8fc,0,normal,
8a0337dfe19f4ca885024788da186f19,0,normal,
f43156a8642d47bc820d76cf9a5d62a4,0,normal,
c384ed8cce1146f3adb228b31335314f,0,normal,
f0696fd638714f3793ee5ca619dc46f0,0,normal,
2eb54497066647b5a558564985c4d284,0,normal,
d04a11fe7e6d444ba4ad8684058a8bcd,0,normal,
8440bea9edc449c9bd7240c559697c3d,0,normal,
9d31bd5b45e04c6fa6b68033041d66d8,0,normal,
60b4327e826d4a3ab04d00f54278e140,0,normal,
c5a633e1aff542ef9b2ca15045fa4925,0,normal,
29afccea741148b2a361e45c7498b5b3,0,normal,
f5edba8c43404b49adb1d9d37d18ce17,0,normal,
371e328b4d054135862de467c70abb0d,0,normal,
1671e318803f411a9642adf1890e7d55,0,normal,
c78bd4cf792247d1afbc366021ab3625,0,normal,
9118bd3132b242459d1abf501e55722a,0,normal,
1dc6be582a494b278e6c7a081f23567c,0,normal,
fad81bad49374cf3a626532faf0e8901,0,normal,
a14b6efdf70d4e099558464b6fc754b9,0,normal,
a62087b69c9a4263a454f0215f8a44b6,0,normal,
855ce1936a7f45bd9d3ca00f2f04234d,0,normal,
b85a164efbfa49bb9da27769458b3289,0,normal,
ea1cf05887f743e384d230135f01a901,0,normal,
dd12e283b59c40438c0cc95b386dc508,0,normal,
f44c0ca457824546be94ba99e2fd7cb9,0,normal,
ed57041c13584939ba2888c4032353c3,0,normal,
26b911aff9664324a9ec91d3a10ef90f,0,normal,
3d636fe5dd4e40f989634084e1df5059,0,normal,
572b9fd220874760918b2750d1075565,0,normal,
9ab0b55eaf124778b099309bbd202e14,0,normal,
01c9ab84dafc47ccb8e3cf90b7e46163,0,normal,
ba13ec53b0e746a5add17ffc88c1e0e2,0,normal,
488c2d58ec3d473f9286735538af5744,0,normal,
1a978f7551644404929d9d9c9a4fa26d,0,normal,
d5af5fa3f2644a5aa2bd482c7532be84,0,normal,
fc0085b56fc24038a5905231c5c53c71,0,normal,
1e05d3296db9443696134aa8c4659a76,0,normal,
89ffc61cb03d4180a945b70c5fbb59a1,0,normal,
bbc26833596844a6a8d58b8ce2e93e30,0,normal,
98066f62f3274d0187a07cad90929abb,0,normal,
fc8db2deffdb460badbde569c24dc04c,0,normal,
e3c479f21b394257b1fac405ad7c18b0,0,normal,
3505a401941f41f8824c1812c14a51ea,0,normal,
87bcc799c4364492afc93f3b789d3c3c,0,normal,
de1dddb2dc424a798d7f60c4d2c98a69,0,normal,
adb4eee2c2594b6fa5816d18914d8326,0,normal,
941191443809496bb2be8348f75d4bd9,0,normal,
7001d5b4bb85459ca6241ea2b4d85b12,0,normal,
eb486e6af4f245be969812badd2c5fa7,0,normal,
ad5f10a1693e456980be3e72a781182c,0,normal,
3b56fc19fdd14899a8e2c51daa0297b5,0,normal,
c55131c26730461f92b54811f44c3b46,0,normal,
04f54ec63bbf4a30991c8776bc6fe025,0,normal,
570b30e5839c42b196e849e2819499a4,0,normal,
81b79a8403274bc7a0de6913948c2b9c,0,normal,
2a2444e70710410fa91f5c3e39f932e2,0,normal,
00fd13d3020f4026ba1ffce13940efe1,0,normal,
3c88208bdcf14f9493869e4c547ed8a4,0,normal,
e3c0dd9a87b841cbb43609a3e7a2aa06,0,normal,
709a35ec9aa94096b923f44cd76b2c9a,0,normal,
5036a58b90f64b0cb76a1c1670452bee,0,normal,
10bbcf1980e64fe585991540484920ba,0,normal,
a09c32fa20a5470e926bf5d7373aef07,0,normal,
97fe42eda5324e4082691b04a4574a59,0,normal,
70ab6c4d0c0b4100b842477f3c187ef4,0,normal,
b3984020f24348569f116738d2e140d3,0,normal,
14a7024493c9452aba142433acca7c7e,0,normal,
d661e2fe47b743b9aedaf20c9823f75b,0,normal,
7e56a7cb627c4f44828ef9c5aa5baaeb,0,normal,
3b811f53a4c244159b16d9e304f1e16b,0,normal,
9069947b6fcb41e5a0cd8e00dd511d08,0,normal,
b9bd2f96c5e2483590bc0b586124fd34,0,normal,
dee9de857070405395a7ab4c184c7eee,0,normal,
aa7bfcad118d4fe6b96ab7696b672bfb,0,normal,
5ccbaee4ffe34686a008f74978413b1a,0,normal,
3902a309cfec4e4b8e3787cd89754313,0,normal,
bc65a25fac4342d68deeee20c8acad05,0,normal,
4cbf346664d144f78c64c4edc44dac45,0,normal,
6fc6bbb80ee44071ae2250320afb205e,0,normal,
730d1ce191cf4f78b060a595c7a700e7,0,normal,
e5bd861e3adf4b118f984407c6e3ccb4,0,normal,
0f186f77ecca4df3b29893e46adc7a88,0,normal,
f82bae0f65d94285b030503a3bdf4904,0,normal,
824d8acef2d04896b5b4ba999155d968,0,normal,
af09333042ba4941aebd19f7a17c5c4a,0,normal,
0f55b1fedc4f4d4e95f3935174f86237,0,normal,
2daf1b40673041f3aa200361cee4432a,0,normal,
76813a89797b4411a6c4ae5373fc0fd3,0,normal,
2e0c25629f3c4d00be9dbf9c0632ed0e,0,normal,
3f26717ccf4b448aba3321061e2dd003,0,normal,
b048b14370f84b8494dd84250f892616,0,normal,
6df282a0abe947d1a7afb2189efb481f,0,normal,
002c54704be4459da0ed570d520bcb0e,0,normal,
bfb5718cb7154e31b4ad53da95f754ce,0,normal,
b12d25fa98e24bf9a86247f6e15aca17,0,normal,
7df881b0cfb1498eb69ac13e74f5c63d,0,normal,
5f9c2904dc4b4b1ab6d0c6c00e85e0e2,0,normal,
bd18a808d1294c24ae1b793b2d854649,0,normal,
239a0f3e35234ea681001bf7745e96da,0,normal,
604fe34ba46e4eab8936e133bd6eb8df,0,normal,
4150856aa7d44fea95a4484a49ee5de2,0,normal,
70cef6b3b4314ae7ba135f6af14b89c3,0,normal,
f6cdbe4a8ab547b8bb60f2bb990b1cea,0,normal,
26e57174e3ef47af88c97b8f7206b9bf,0,normal,
24e1ed9930f04a7a94177768e42e77e0,0,normal,
4193555debaa4a5ba6efc488b9bfe357,0,normal,
5776977398bf41c4be87d5debd4033e6,0,normal,
046df18751ee4f39bf1efc4c88566509,0,normal,
9251e813ebb343dabecccb169602ff74,0,normal,
25acb67c128d460097ed7f3302856d89,0,normal,
7381ece0a5254aaebd4af01b975cb406,0,normal,
89d4b00a3cdf4cae869cd341868591fa,0,normal,
d9a75ab1d76b4ca9ad426476b870ffb5,0,normal,
7afb04336de34a239cbdae15a8790273,0,normal,
f05d89d7caea4fe59248dfec497588b7,0,normal,
ff677e30e4ac42399164a1d3335f6c2f,0,normal,
2edb411e39a04cec887a7678a9398ff5,0,normal,
5b733af37a1046fe805f4aed00b02fbc,0,normal,
bfa14417b45f487988b4604a785332bd,0,normal,
af218c3981a14cbebb72dea7b747a25f,0,normal,
9745d3cb3b49458483959ddb5c7fb1a7,0,normal,
2549d7d8d823453192ee046b74689db5,0,normal,
692da4240a4c4720a1654c6d416d17c1,0,normal,
53f7dec27dff413aa0400aa9afe9d77d,0,normal,
cdd0b4ee79214c63aae9187e51cff3c3,0,normal,
b0984f14ff304997b320b6a202671891,0,normal,
7eda4bb3de994fffbf2f869db8f657a7,0,normal,
3f2a178d37f6451184a37c6aa4b76fb0,0,normal,
6fdde00d11134da7ba3e020f4af73734,0,normal,
985336d37683467b9f026d833df9cf81,0,normal,
4e801981633d4b8d97293dbd6add1267,0,normal,
3ed2768ffaf84ced8fb2f565e8f33bb5,0,normal,
9b48dc7585d648dab844e224842a1200,0,normal,
13c0f010b0204510abd430c3369bf580,0,normal,
280ab80fcf60408e9e3fcdd3e72fef5e,0,normal,
1c55c12011e64ee784eb9da4b6789c16,0,normal,
c5d908264ff84907a36f0a00d465c446,0,normal,
e4468ab7ad1e40bc8189ab3d3dedca59,0,normal,
835b7a69db4345ad883f5d90da9187d7,0,normal,
60028192ba42480faa871bad155bd68e,0,normal,
b37dfed1923f4955b67ebe86328e9616,0,normal,
e10b6a5e20a645119de1744904c6c5f4,0,normal,
028789047d444ad5bde6965d08b75c63,0,normal,
7d022887ce3f4f31a661ad917d496413,0,normal,
ad96479f5cd84a97b31680dba8803edb,0,normal,
b476cc56558d49329c33abc786e41e20,0,normal,
f06de1ef5e6d410aae1283795c4341e7,0,normal,
66fdd4b2a23148fe959d5e617ef71a3f,0,normal,
feae3ad9ff0e4f9b9fa52b691aafa7a5,0,normal,
cc1506a81f0a42bfaa8192def012a198,0,normal,
7d7806e33a7f4d82926b6e5bd08e734b,0,normal,
8fd469c56a66497d9309c11029ccd994,0,normal,
03b6c14d75094ccdb77a91dde8b83733,0,normal,
f80605b9e56b403ea9f31a54c17a3259,0,normal,
961bd5815a87404bad6dfbf2ddee83b5,0,normal,
4b42b0f50be140b093c285fc7e12ad89,0,normal,
dbaa77d0410d4fa5be204968adeb6715,0,normal,
af2cbe6f9996443ea008a3447eb7eb3b,0,normal,
44f2b549284b4570bc06199ef9480cdf,0,normal,
6ed7c02c0272430c8deaab554bb18802,0,normal,
3ca020db14e847d3bb8910f6c4f90634,0,normal,
3761e73ceda444f398a9eee7fd3f90fc,0,normal,
19fba5f5b14c4f8395b00826eec2bf8d,0,normal,
31f36c28cf814114a052aba0b38bca64,0,normal,
f7415c9b0791411dbc80b6fd64ba91d1,0,normal,
930553a4f5fc400cbf791a12c5d75802,0,normal,
5cabfc19ccff4b82bd209b565a92b002,0,normal,
c29257e162e2434ab1162cfe84a9c3c9,0,normal,
99367959b2c54b4ca1ce463c2ca6967f,0,normal,
04658830d7fd48e496578afcefdf565b,0,normal,
5f76b0fbda6b495fad12de31786f38d4,0,normal,
0ca6c42ce7b84361adf0a98b46d1c9b4,0,normal,
79514ef63e5144ea9c89599f808a2bc6,0,normal,
3f8e30140e0d443e976413926749e502,0,normal,
67de1756aa8540409154704a9531d90d,0,normal,
a5d306ac567d425db5e79d575ea22e61,0,normal,
350333bd661e44d68ba0be330976fd01,0,normal,
cf9746a84aaa45a88e7548bedd0d9547,0,normal,
7deb75f91a904122b0a5faed07f06952,0,normal,
1327c17cb8bd4648bfa2c158f8289e74,0,normal,
1fbda0398611433c83866eb069119142,0,normal,
0b110cd664704dccb10dab86d9efa415,0,normal,
165909e91cd14accbc47620a9dcbcea7,0,normal,
b39aee9c20834d65bb25b753d827be2d,0,normal,
e225e99a048d4f03be4e7abf33bc0f71,0,normal,
bffb56162f1d4c509d9b2e70ef2d86fe,0,normal,
ee6df69c1b5442368c79de4a4b425831,0,normal,
158fc588ae39477e9829294f44f323e6,0,normal,
ebfa4beb07984d59a7b63ae385ee6a42,0,normal,
233304416bb04f6cb55a68683a109898,0,normal,
aceaa203b4c744818f8e8701055d0309,0,normal,
67adb21080d44fbaa25ac5db10733f1c,0,normal,
09031e59aac440edb1752515cb6888b0,0,normal,
ff598606087d45bf90173666c501e8cc,0,normal,
41c95ae8e8cd47e5bbc4a28d128ef3e2,0,normal,
05e2d31f950243d48cf3783e7cddcec4,0,normal,
a6a1a2b198c74e8aac061d61b6a20682,0,normal,
4ed1a14dc08f4426ae3dded942170745,0,normal,
4e89e92929104ee7bf6e2ee8318bf8e8,0,normal,
110de4a970f24dc4b9200afed807b23c,0,normal,
d2a98a871ad24272ae1f6a8029b86d5f,0,normal,
110bc7e540344ddc9e147a9b83234eb6,0,normal,
2ba136dda16a4ebc92e0fcd2e905ca74,0,normal,
1a6fac2c26594e0590a74f5fcba5a873,0,normal,
ac4ca4e95854472d8b94823d2b171b5b,0,normal,
00b601e4e2794b31bcec54214deab2e4,0,normal,
99b9b6438a024eabaf387c219a3698c4,0,normal,
94a2376c625c471ba681465989220d8f,0,normal,
6a45b86cb0344e49a5af307a6c8f3765,0,normal,
a8c03335ae654736810225bad7b82daa,0,normal,
f67cd5b4fbb443e489e762f8cd960ad8,0,normal,
413312ca856c45c492f53912915a586e,0,normal,
c8c105f13fad483fab48ccb22918cfc6,0,normal,
8934059d824343ed85d2194c497f01a6,0,normal,
8e85b877aa434dfc92c67dafee62b27e,0,normal,
6e8f880948c242cbbdf0dc743ba54b0a,0,normal,
a194ebbb27294d3989a1467043ce6d7c,0,normal,
d5f42208e6684ce2b897db60766faba4,0,normal,
04a3ba6d522a42bc95cb4dc9fb7b3169,0,normal,
edbe8877d16f48b3ad3372d212d15699,0,normal,
e01d2e38b5334b2286ed9dfe27e43a6a,0,normal,
dbd9caa769b6433ebcc73683ec93371c,0,normal,
03a0befe137749008c25dee6942e9833,0,normal,
ebb94a00376947f9b624d3b204729096,0,normal,
bd8bf61607784768991db276301ee1ef,0,normal,
c5a4e1dc6aca4a26bd3395be2b309173,0,normal,
c8af6aeece354765a5ed7b9d76af5a04,0,normal,
87753bb2e7874455baad21c5e99b850e,0,normal,
fc04a783eb0b44738ae14c33028c6e86,0,normal,
29820ebe88384f1d9f65328f0e56eb4d,0,normal,
f1bdb74ca1a64a6183824c8b5b2ca774,0,normal,
b4dee5009e214f5b805948a623f7b8eb,0,normal,
534e822b0af149edae9bc740285096bd,0,normal,
ca84d01777fb4cb789f1564f0bd9ec16,0,normal,
f8592e97099a4e1680ae5a2214491ced,0,normal,
0a237c25f0184d50b393d0f2b5078096,0,normal,
9fb2cb96548442fdaef3a0aadf6d294d,0,normal,
57be6a5d4fb147b7b0f2a68d24ce862d,0,normal,
ed508e09abc2449f8c4605385d978aa9,0,normal,
2e43be7f6a264076b1c8f9495b0307dd,0,normal,
1d085d311c0b41acaaeb2110cbf79a66,0,normal,
aad42aad4ef445d491267dddaae8bac2,0,normal,
3b4ebe2fe3684269a459d1cfbc475137,0,normal,
faab917b3f684b85bb4eca0dc3ba6050,0,normal,
27152c1bcd1246b38e9dc001ca924fa6,0,normal,
3344c303614749979e8c9b4af9ef79d2,0,normal,
9ef1f15ae7674a3297dc4a89ebb24aa3,0,normal,
c8a248c4163841e2bb889fe994595491,0,normal,
26c9d564c1dc43ddb900c8254ce84bb3,0,normal,
3507758abcfc4386bef676f0d87574e8,0,normal,
85a47ad0aac0435186152f1650e4b60c,0,normal,
2fae59c922364671908c5c14b8c0f741,0,normal,
849933259d6c4688984e9f755f4723c5,0,normal,
3e922eb38b324ba9bf5f3e5f0f844f2a,0,normal,
03f04fa40a6745889ad15635d594ec3e,0,normal,
54b7977ff0094a3793f172a9a7bbd6e5,0,normal,
db101b711dab4a3a941b6fc95cfe3bed,0,normal,
663586b3ffe64ca09caeb643ddb85f3d,0,normal,
b64547b6e0654de1b3036b0d82e33bca,0,normal,
f607c557f4054524ba1a476bd60ab8a8,0,normal,
52599b7968394c3d9ca1f1d349af7f88,0,normal,
70103216e6e347c38558149bbce629ab,0,normal,
0fa99d22b0544c94b80ce572dbe3c57c,0,normal,
0d9feb482dde493fb0954995474bba72,0,normal,
0274f29e1fa141d89879ee5924d63303,0,normal,
aab3b57219914e558db5794cae956fc9,0,normal,
7cfe1efbfa8448d9bdde6a71f8b62d7d,0,normal,
e347f290810a4096a9b606c909e9acc1,0,normal,
010b7f1c7db14e76aba0f0db979e1067,0,normal,
7e4951afd2fe492aa69263557cdebe18,0,normal,
82ad763492bf49d4b5ad6d228b78f541,0,normal,
b45d9bd0ce414881871d3cb1d42e8563,0,normal,
ed8fbe57610c407cacfbef243fad1950,0,normal,
c00bd23ad20e49bea18aca8fcdebbd29,0,normal,
118ad9a5ef594db8a1206e7ab4a3f945,0,normal,
2f0ac0cf2fe54a8dbd9686d08bc82ec3,0,normal,
df87d1ee7a834b7883a699b5b2e1276f,0,normal,
72ee29f77ec447f1ac5dc3b69c5be36f,0,normal,
ee81524749404282afaf342b462f0fd2,0,normal,
e7e9757547ec430a8fb603b30c8a3ea9,0,normal,
9d90c49ba7284ab6aa3238704bea874d,0,normal,
8454191b1d274575aa71f80c81d87291,0,normal,
6c7c4e988f7e474c92dee2b0e305f83a,0,normal,
dfa19296a3594a108146b8f41d61d9d1,0,normal,
17a557888fea43879007021be5836454,0,normal,
97ef2633dfbb4f3b8ebc0ccf209e61e0,0,normal,
78532e8441404505a423c2a43b11fbcd,0,normal,
2c2e5a6537e748508ba9e7987556a34c,0,normal,
cb0f8e5d1a814d629d65390ca70c2bd7,0,normal,
38e427ff37854eadb1ca39c67ed4d43a,0,normal,
c405ce49cf6444408e4c506b49082b05,0,normal,
f971c53edaae40168a81ab426d49458e,0,normal,
fd6c7776f3eb41c6a5da3eb7a2a5a703,0,normal,
d3871fd3c8c343f19f8afe94db5e62ed,0,normal,
844dfaabe10844d982e2b71a06d3ae2e,0,normal,
5d1ab40eedb14bfb985a736082793543,0,normal,
396326a2d48a4b23a96c707bd9c586e6,0,normal,
402ac6a9777e4721906ee9218fca7b0e,0,normal,
019def453f1742f9ac72bacc25b3d33d,0,normal,
c671afd95c1b43949de8b29368d79232,0,normal,
b96f6114b91941eca0223930027f2ccd,0,normal,
2fe6ba3b28df4c4799c8767f9641f85c,0,normal,
6c175d45539d40459ca3a4fbf356b16f,0,normal,
9fad3a5b6d314e5899a79dadf375d5bb,0,normal,
bd958485d12d4a1ea48c6aaf2be3f453,0,normal,
2e2a534bd655459c9283d27514da626a,0,normal,
86468924442644e08536de486b49e441,0,normal,
3a07c859400c4ab78e92f33c7a62c3f5,0,normal,
e7340c8d6d674041a86847240c71686a,0,normal,
2618758c3120482f80bb0ece7557305b,0,normal,
fd8a7d775b3748ddb7c1ad88521bfb70,0,normal,
a9d3d1cda55146a98b6daaf47de7787a,0,normal,
3d05539566424ca88ade38069d148a7d,0,normal,
c226482867f644c29640078b18ee5672,0,normal,
b1c5f78d95cc4ec5ac928267a2d526ec,0,normal,
9bbc456507964824a75cf2c6db882808,0,normal,
f11083775f314e109773363c68b52b2a,0,normal,
6e3d62c4ce1245098ce40393987f2850,0,normal,
b9c3cb7e0b2f4d07a48c9b5669fbfed3,0,normal,
98c255bdc9844bb98a9ce56bfa890225,0,normal,
d7570fac8ca84e1ab0bde4fce5140848,0,normal,
4df5a105f98e4d80873a4e3f5cb8571b,0,normal,
ade80615ead347648ce321cce4fca57d,0,normal,
0c9009176880433ba59e9a78ba6a6b00,0,normal,
a2df826a572d4295b64dde9e0bc47edb,0,normal,
db837d19319f43378d227a8b4264e77f,0,normal,
79f1e2f033554c9f9827e861f5ba6dd7,0,normal,
449d3e0181574d6592d58cd524782b62,0,normal,
7ed91578bf30485cbcf5c5e3276ce30a,0,normal,
3349ffcd1030479284d77e417d2de7ea,0,normal,
d156b95544b24158a2cdd9f7d704cc76,0,normal,
743e06af5ce044db9aa96c0bbb533872,0,normal,
c645934cfb30441abdc60433a5d33e2a,0,normal,
759926320a6b4a38911310175a6a202d,0,normal,
159accd105e34d7db3fb594bd36ecf4e,0,normal,
f9c445f9f89642a2be5abbf50b15e29a,0,normal,
2f2109fc7da94df78b32620d176e9a94,0,normal,
61198320a4684a838d5023f2b3dc3641,0,normal,
4f4cc4c35877471aa38f997f6db04d84,0,normal,
30681ae401a04f60b03433295d103a1a,0,normal,
b31533dbd3ca46b2a381db3a251a019b,0,normal,
d13542a7e86e416ca487ded35f130b6d,0,normal,
76972e51271842d78daad2228523693f,0,normal,
5671177b27a64d9ebda5fe51265f7546,0,normal,
a89e4d25110d427fa3bbdc299f989c49,0,normal,
21563598b315458e936ecf66ac644def,0,normal,
a8fea46900674bb4998c48438b0a0aff,0,normal,
22fd42cab59d44358655989bcad1c77d,0,normal,
68738d1848ed4114b32868f4f2de9aab,0,normal,
de6ce30d1a8c4e70ba2756f17c13fa0a,0,normal,
c3242dc9e22d4319be12bf8b84866aef,0,normal,
84aeaf6d8bc849e99aa91bb7ea8c27e3,0,normal,
3b77ba1adf7740739b78ec04950dba01,0,normal,
cafbc95cc4c34507aff4d863da928991,0,normal,
628857b2a3ae4313ad87fc313cd8a5e8,0,normal,
21262699a6ea43c7897ae561ef7658a8,0,normal,
59b2a84edbbe4c0db803cfc9259dec8a,0,normal,
6fb30b59b08f4bcdbfdf728dba910cef,0,normal,
cc2fd3745eb84bcfb95800edd016fefc,0,normal,
e0980595e6094d0180094456397fa45b,0,normal,
1bd667ca3fa94bd9aea6692cca6d477d,0,normal,
c26459a6f6a648c983a4086c626c61cd,0,normal,
6ebf096fde46498f9051136c012dc5af,0,normal,
c7d714c14ddd4136bedffee3d661c765,0,normal,
9cb39fc965844f83bc25ceafbfd95b87,0,normal,
cd48af410ae442e0a18e840210d8de4d,0,normal,
fd1c86befec44fc5b5e0b5a4a8352415,0,normal,
415a28380f284b08aaa270b1872fdc3d,0,normal,
285e05bc242b464bb01152b1f1e08cbc,0,normal,
64a2028137b04e5f950ea730401521fd,0,normal,
d73f4979e74c421a8f685a52a1e238e6,0,normal,
59f07d1dc7e349248e0df25bfadd1327,0,normal,
dc6d98425db447f2adc6487879bf1b72,0,normal,
bfc2ee658f5c45b783daf78b525cdf8f,0,normal,
edaea55ae0454a85881958eb31f03a72,0,normal,
d87ad0aab3fa443fa70111355e7385be,0,normal,
0126332984964d4bbe48835ae29a66cc,0,normal,
24768595b29545f1871488984dca11d1,0,normal,
c10d2802f0a14fc7a721481966c4cca2,0,normal,
da33b6920c8d4ba4b75616f27362bb07,0,normal,
82143f4dce234b2585c537fe5c112e95,0,normal,
a15e8fdb68b2430f9799c817d3ad3c86,0,normal,
c5cf0f766d4e4098a09c8c210db47a39,0,normal,
3b0429a930094e34af1d53f602719a03,0,normal,
9f478ed7f99e45a693d25273e3923c7e,0,normal,
8c5d1e8f68ff439faf4c0aed6ede1ea3,0,normal,
6c13a13c8f204b7392c1a9724ffc21c3,0,normal,
a83fddcabff24920854387bd0005f1f3,0,normal,
595e219d54874470ba21437ae86c663a,0,normal,
090955c03f744900833662a73b55e02d,0,normal,
783f7bcd2d1744a09930539050e335c8,0,normal,
a908b9cf423d40d7bd05963a5a0b1f35,0,normal,
f5906d3ae7a44ea1b435362c7b12f602,0,normal,
6631b23343f74163be5e70ca76d40a7e,0,normal,
3fbd242d3fc74be9990d9654a19de03d,0,normal,
a64117a158d04272b386dd318054507b,0,normal,
9ae1bfe967b64a9784c755950e2b20fe,0,normal,
32e4c7c51ee94a518172c7fe65629c4d,0,normal,
464e9ebc75cd4de5b32db4ac13edc7f4,0,normal,
48a9bd43cf894ce884247daa83ab2b4f,0,normal,
04c25fa8bb9d4145bc113e2cd537505e,0,normal,
9b6bcfe559e54415ba4a7ab9c5e432d0,0,normal,
3765ce0ef5ff4e0290e355f4d520add3,0,normal,
7f922ea9c2e84dc590f891a09bc98571,0,normal,
976fe624893043778fe6076d934f958c,0,normal,
9a70f41405874e228aae042123cce29f,0,normal,
96871623beb849458ac9b6b93a833c34,0,normal,
d7fa71dbb0514670a8be27afd912fe19,0,normal,
2dcf94e83c4348aab4c06028f9705fc2,0,normal,
8cdb5d8782b24a75ba84b5773e845a82,0,normal,
bf65ebd6bf9e44bbb3d0caf1a4d4c79a,0,normal,
a743e132a3f74d829414fd7be4c6d31a,0,normal,
90b3836d89bf4fa899abb838876487f2,0,normal,
783bc6059b7649c8a4cbfa794af4c495,0,normal,
e490ffb495844cc7b5b5cb0d72f3bd75,0,normal,
5d90f8acb53b4ca995646d67cf058419,0,normal,
d1cd8747299244e39b382b09acb84907,0,normal,
dc5b490d36c64f9499248bebda0bb5b3,0,normal,
66c17a5841f34591a4ab7acb872f84f2,0,normal,
853afe21c5d74f308b42870d6762a9ed,0,normal,
fa04b4e2f7bb45b7b6f62533bad244c1,0,normal,
f5d005f6647445fea78ceee99e5a9065,0,normal,
33d7c54531344b83b2a06a2f46187a77,0,normal,
00d23bcb603a4134b1c0426769f7ebe6,0,normal,
c6d47785a73e437ab4ceaf45261c60c3,0,normal,
f546c705f2c64d7cb6d54ca26a27a985,0,normal,
53449b7e98a94255a3ea22747dada91b,0,normal,
6cac6e077b4d4a6cb4576c68514b31cb,0,normal,
2bbaf52dbe47402dae8af8467ee6cd74,0,normal,
743ae4e5e40e404792e53ba0bd9af413,0,normal,
ee68e09f68164b3394da3b72071f96a9,0,normal,
262a66bd3da14d62b2950e4bbb4e1b4e,0,normal,
3211cfc0ef1c4b06ab405e27efb812e9,0,normal,
cabcdb4b44e8479eaa2f456a1cb3e03f,0,normal,
cdf86ee95ad44ad48cb4f509773b3fe1,0,normal,
0e37eed23f264d088d64d547266d9136,0,normal,
dc0461481afe4bfe868fb61c69e87ecc,0,normal,
5af0b2a24d9842ba83de1861ba22aca1,0,normal,
c8b4d1cf6cc144a69c5b9dee1aafc369,0,normal,
3b8f935747a142a0a89ed75ad0498c01,0,normal,
c162f876cb864af9b79211f28fde9dc8,0,normal,
41a0e981320d4677946fcfa6ed56bee7,0,normal,
649a26e2a7c2433688ef7a3898a2acfb,0,normal,
f67e138d376247cb9a21b247fa16edd6,0,normal,
5c0645e52af744f59b9b1d6a349ce2d6,0,normal,
665139397b154bf7a83be4de1b6acaf8,0,normal,
f3446a9cd25e4305abcb6d465554b68d,0,normal,
fe7b0b49b6cf4c2aaf23e12e02997cfa,0,normal,
61471e6d8816469384892ab98cccc326,0,normal,
decbdf6bca2243db84a5acd9923ecaca,0,normal,
6f07647a10fa43379b67282beb12304f,0,normal,
197723bc9264453db89c897a5c0adfc8,0,normal,
bcc20c7524f24b4099535d3742894e7d,0,normal,
e7a632c3fd254e928b78289204ca81d6,0,normal,
3a1bde24e10a4e189efb050f6c5469c8,0,normal,
bc232c836feb4524a35fdec05e89652f,0,normal,
b95d02a2ba0c4c72926229f3ae6d26cd,0,normal,
519577c8e9bd47ea95f3ebfb6af13301,0,normal,
796ac8aa3b1a42089a5c1662501f0175,0,normal,
45e3d480279e4a8d890e555f44199f7b,0,normal,
bd44f25fc38545ec960053049f7fb901,0,normal,
0eebf659045b4091aa65cda1358c7872,0,normal,
5785fcbc67144811a14e6c75c00d4856,0,normal,
87f19133f5d144698b98aa5dc8dda2d0,0,normal,
0d535e77e898453ca76cc34610b3e836,0,normal,
ddc8999bc6d64202b0d1fa9c8a43e2c2,0,normal,
a1d9d5ef51ba4b76a76d700918c8137a,0,normal,
b289ef87e83d4fa6822084e1eb1f1ec1,0,normal,
eeedb35ba2e34ec580ce0a0d31fdea23,0,normal,
05aa54ca604b4c22aec09ea81321c0fb,0,normal,
f8404abb33234c5e937dfef9e6965e8d,0,normal,
bf8c9390b5f743b4a02268d8a193299a,0,normal,
5b597782bbde4d5c9951481053825307,0,normal,
2faacb3de6cb4671aff32f5b57a12d4c,0,normal,
fba827d3fbdc4cccb2fc717c3a9bd75a,0,normal,
8e979b03779e46a8a7c2b6de91b00a0f,0,normal,
f02f9989482645409ffe02934d7eea0b,0,normal,
0e1fe65025ed46c9ad8a725947161061,0,normal,
84958ca698024b92843abb6f9ba1d7fe,0,normal,
53f8430fdb2f4d4c986befef69acd8c1,0,normal,
bf7dd21d18f4484aad6e406bf1c18903,0,normal,
a42c9c88c53f44dca0ac357d103d638e,0,normal,
4c8bd6e0dc974f39867b32b7a526b267,0,normal,
34f269f435ce485690ccac9a4a5a7578,0,normal,
199f9bb9d99f4f228a94722f38e92337,0,normal,
195850d565f74d8dbab62a1e77a8b623,0,normal,
6fdb35612dad4ab2880a0ece782ac12a,0,normal,
9d07402b938d4930bdf53eab6ddd8eb8,0,normal,
a799663da0724ac995f35354c3ee9ac0,0,normal,
aab3dd5c00624e8ea9550b935faff93f,0,normal,
04320a87af544d8daf9ef7dd5d24f25a,0,normal,
9433b934cea1482daa93c69334bcaed9,0,normal,
bb6b95c9ad924463a0bd606fe67ace25,0,normal,
3068e4356ccc4c1484a9be6bc73df156,0,normal,
2e06f469d00f41b4bfccd5e8f723112c,0,normal,
ce8d6e275cbe4d0cb7d3e9c449d0e33a,0,normal,
91c4d1086e51484f9c6031e216273825,0,normal,
79e71c7dc35643d7a0f2b1fb6a9293c8,0,normal,
7c3c196052d54ba2937d31e9d60b3d67,0,normal,
4d5516c62caf45a69b98dd82385d4450,0,normal,
226321d4ea8348ba91176cc26e9fd96b,0,normal,
466bb38382dc4e999d6a5711b64e2cfd,0,normal,
c74d3531443041098721a21a49edf7cc,1,structuring,structuring_677
7cdb776f037c451595ea2da220574c1f,0,normal,
a4a904e592b848d79d92ec9173ca406e,0,normal,
bf4adc54b4304c28bfb8bf8a0a002c64,0,normal,
3abc48e4eaeb4bcc9743150dc3b6ddae,0,normal,
0c30fd0bd785489497767a9d4bca006e,0,normal,
b8bd9a5aff45488581d400e1a65ebfb4,0,normal,
723ba6d6229946689f31651d73b097e0,0,normal,
2a53ca96194a44f08a14d2e4d26f3de0,0,normal,
29b66d84d9734b20965edc61a2829797,0,normal,
d468e89286c84cdd8c5cc57959fc0b95,0,normal,
181ce4da3fd043e7abb7284e50ce45ec,0,normal,
8ba42815a0eb4ad1907da23635a31441,0,normal,
5f6924c700d7498e85fc0f1168bdc95a,0,normal,
728b4f7c660941ba9bbe6dccb9cfadf6,0,normal,
a5842c483b674725a7b7078599f916e9,0,normal,
fa73fc0bbb7c456cb2cea37d05d613af,0,normal,
d4f01b903a074404861bb59663100585,0,normal,
c29cec43228c437e8fb850a9b74f109e,0,normal,
32af861a7ca14faeb96840767bd71bdd,0,normal,
1b6a7b44d8ff489da828d8c358078d3c,0,normal,
78720c79eda24e298430da7192032a80,0,normal,
5dfa533557f9413c8bbd6568945ed7c6,0,normal,
3ab13a7a33eb48f3a9087415aacb7fb3,0,normal,
53bdc1cbca8143929f7f075e0b4d6b06,0,normal,
71b2734437024b8aa27faa5f4b0d438f,0,normal,
a30b3cd6280b49e697752c8b6a53fba8,0,normal,
b00a0e7bdd8d43f5ae73a61e1d4b870a,0,normal,
f5a5a25223624f77951cb9c23adf932d,0,normal,
f870d95819af467dbef8e315947c99e0,0,normal,
41b894475fb84c99971c36ea3d3f804b,0,normal,
dc37c3ca6fa54d8c8f9a5bf9fadf8aa4,0,normal,
ab42ea871c7746059902c1a1d0cb67bc,0,normal,
d22d1f58f89042b88ef661ac58ddf93b,0,normal,
0cb1d80a91234c9ba7d1503594d6d794,0,normal,
e823b93ac6c542769e6043b44213db02,0,normal,
85247994c0284553bc0b21a5bd8852d7,0,normal,
6ca070f340c9472f99942c65624da1f8,0,normal,
77be015db5e840509e7782e010bc3f35,0,normal,
8a04abfe229448c6a3b5711d178e6585,0,normal,
eef832d69b2e40b0a13d0424f2cf006d,0,normal,
4b024bbbfd9d4a4caa2198485a0fc97c,0,normal,
725805cf106e42a281414049adc92d55,0,normal,
5a5600d0e9004d71a98509860aea84bd,0,normal,
331cb6ebcff54c469c3c021e591a3b2b,0,normal,
d0d8ebd9121b49efaffafbe19134aaf2,0,normal,
e36e93c5aba94ec1b480170a2f0263b9,0,normal,
242f4733d7e0477b830852d5174045cc,0,normal,
1d259dc4b9b24ae28997982030790d3a,0,normal,
03fc62e281f74a3989bd52afa05b1171,0,normal,
5e117421936342bcb5cefa63f97af506,0,normal,
3a44701360ed4012946e3a670e061194,0,normal,
093e058014924dfc9f40ea60da63e048,0,normal,
6475b298bee344eaa26d978a28a164ed,0,normal,
84a2eaf3f7a840119b85d06f305c8d20,0,normal,
6b850739913840dda5716aa55146e990,0,normal,
11447590ea8549ac9d1191242138b1ba,0,normal,
b423a80d21bf41e3a40ca687c7e47c07,0,normal,
1d92c43a597e4690a0a2fbf5f3de4041,0,normal,
4bb96c3050ae44cabd8601a8330f9f50,0,normal,
328eaef859d245e98091a268872e8cc4,0,normal,
a75f0f7e18a5415e954f930d82a4d314,0,normal,
29e0e9c897e34f2ca120a843f799437d,0,normal,
17b806d00cc444bd94d18b47caad618f,0,normal,
819d7b12ce25469783ca881aaec5f47b,0,normal,
6e2498beef914c87b8836e878945728a,0,normal,
1621a77320dc44c997867d72f66814a4,0,normal,
aa08264106674e47ae83d6c12c52d4c6,0,normal,
15887be3abaf48529ab3395f51b0ef1a,0,normal,
3077284d045243a49d902178c86b8c8a,0,normal,
4447b0319176483daab7242f36d81a36,0,normal,
00a795c53bbf45da95aac9393371aa87,0,normal,
470833c45b604ee8a45a5601b4ff8bd7,0,normal,
7406ad3e931a485eb85961436a36d702,0,normal,
2f44e658fad1494f9b0f07db13b30628,0,normal,
ac2b1243d3774e6eb1174124d807cf4a,0,normal,
2edc525e84634e4ebaddb8dff3fe0df1,0,normal,
3c3babcfde034cf6baa3b77d11e970f1,0,normal,
7d7c90de36f24d12ad90e4117de46f13,0,normal,
551467fb11724721884fb7e14762fdbd,0,normal,
8d075caa2ffe4e6c84b8f63ae2976e6a,0,normal,
b8bd2ef7803b41dc8508cf429255f0d5,0,normal,
d214b24ca1e1447591aaaae30336b9d9,0,normal,
f09fd1891fc44ea58ca4445a0c8fc353,0,normal,
a955a9fa0ab644aa82d0f11643b6a73c,0,normal,
f2d1075381554cefa9eedd8f0f1ab216,0,normal,
4c5eef13d0d049bfb019d7244f338211,0,normal,
dae1d7a592d6491397462cc5d62d2175,0,normal,
89fb5e70410a4724bcd2af51dd0fb480,0,normal,
186d4e86f0084461ac71f2d1bb4bccee,0,normal,
a019bf22e6234942b94aab70677ddf00,0,normal,
1fcf1e3c22e843dd9f6bfe23e7d42903,0,normal,
47d8d3d1ec0e49eca393ea0249222313,0,normal,
fc444cf5fa4e4c1d8c4ec306eb08c72a,0,normal,
c9b0faa34a9449938c25f4b4cfdb2056,0,normal,
0ec6a9cf50c74ce2bc1a7d0f96137679,0,normal,
03feaf7a7b5348509c53c83db486a3d8,0,normal,
1411dd6bb2604e2faedc738ea4b13387,0,normal,
fa5b5d7318d8434ba1574578d8fb03f9,0,normal,
c28621b6ab40483180f88423f56a215d,0,normal,
140aa9a09d3c48398efe30729f021ead,0,normal,
be1959693a91499580b1828a1b60c5a3,0,normal,
dfbdfb97df1642829e84e6faa6438dc3,0,normal,
2ff6656873814604a9e3bb9c3cc9399b,0,normal,
76f29d2c17e84904a97a53ac076a44b2,0,normal,
ca064e6580c54325a3ea48212c33fb41,0,normal,
435ae02e73bf48929063efab94de43f4,1,structuring,structuring_677
fca4a03b8ed94deaa1308317460c4286,0,normal,
782dc7a8a3d34984a5d2efea9952cf59,0,normal,
a3af0e72293d475f81785eaba86b4412,0,normal,
d1ec7cbfc82d4aaca73213b7610aa591,0,normal,
10e0f15e71a44b6cb6274f788c89b20b,0,normal,
7e83f96a3f574e59999871ae74a4d477,0,normal,
4fb9e996b69540909a042edead8a70bb,0,normal,
2e3f5fe3be734d72b44214b04aed38a3,0,normal,
0fa6feca6d73432d9cc4ff55f7952d5d,0,normal,
0299b5126b2c4aaa9efa4ded84c206e2,0,normal,
e28ac1c2dbbb440592161a975d00f7f4,0,normal,
86443fe350f042bbb74613a69dd8f6be,0,normal,
78df85cbe7c94d4daf936bc31d58e35f,0,normal,
05c689df57a942a0afd97e24f3bcc324,0,normal,
64d377f78d5b4e5f8da5c8997f782f06,0,normal,
759565a951a24b20956bf554d4bfaee0,0,normal,
c52617e230b64ffbbe5d0926225c5727,0,normal,
257df267fa6a4a11ba4ef82480b94fa9,0,normal,
88fb05510a8349df8fe19421a302694d,0,normal,
a8f99c2e3f3f41ff9d254d0e2acc3165,0,normal,
86b1644a808a4c899a491d7dd226456f,0,normal,
7fef35bbc2984761ab79c9ac3d46aa51,0,normal,
4a14d2ba49144e17b0a281c21d496c64,0,normal,
99453dde843848c8ad3c2555e5e34976,0,normal,
5975dd22656a426e8a151edb5f946337,0,normal,
1d8c70fb27654f76ab36fb494d26eac4,0,normal,
0635bd092a3f4ef3afeb78a587fd30c8,0,normal,
563923a49c2b415491ebbcb26399aa86,0,normal,
772792f6d7d04457a5709d73bcf4fdb9,0,normal,
7c624fcc7aa94ce9b626ce33ffa4407c,0,normal,
351c68a5b6c344ce916ad8f4338ffc4d,0,normal,
c2dad670b38149199b401e45b45b41ee,0,normal,
d1021cb5279e474585b8080d056490c8,0,normal,
19aa02bd7f824f69887b3c4c8753eeaf,1,structuring,structuring_677
877025d2114c4d3fab5bd8423af23403,0,normal,
081b26b8147b411c9a848c9bc28a830c,0,normal,
e62914b20030472eada235cd5b70eb78,0,normal,
be17d42418ac47d1896bac9e585a65d3,0,normal,
10c4f4b877a2465db2fd64990609fb7e,0,normal,
415e96f8e6494717baaf617e2fc5db01,0,normal,
73faf20bd7f14fe0bb9ef0f20833be55,0,normal,
c5c6c39db8ba4f73b0a8ac9aabe0d8c7,0,normal,
51b70e95f12542308100388639bfcf07,0,normal,
494272c3dada44d38b814dbe31f610c2,0,normal,
06ee8df9f2df4cfdb0851dd79772f624,0,normal,
7627089de3e742f5b6eaba4f49a77aec,0,normal,
9779ea5b1dc447469eafd85e1eb7f557,0,normal,
3d3b23e5a0c84abfa0ad5a0f0981acbb,0,normal,
96154a2021b945ac9cc1e4ff0fcb987c,0,normal,
d9dcbafb10a849189c8f046f5e4d627e,0,normal,
0f58307263c14217930603f31bd180b5,0,normal,
ab3cf5803fb54d91b925966ff3a64d6b,0,normal,
80d0d04640264a459166a05fa1568ee4,0,normal,
ed7b392c5ef8429d9aa8fda6b0b36aac,0,normal,
b39ebb815efe4010991f7f491fe2cbf9,0,normal,
ce0ceabfe68242608a39db702bdc5505,0,normal,
f2020d1f3bc240a0bdf776b061e208ef,0,normal,
d6acdba201c049b3b23310001eb7d22f,0,normal,
715b43b405b14e958d228ec256c64eb8,0,normal,
f25c5ac7b1464405b2868f874f9b391a,0,normal,
5e4fcbee934e40c2a0ccc1852d75d8b8,0,normal,
1f6cfc6e1f6744b882b31e6a8db7744e,0,normal,
02bfb7267d044ba3bc94630038e8d96e,0,normal,
4e716ff4daf2461081a9df3e2a55e086,0,normal,
18f3539430a842e9ae7434d07d9b6136,0,normal,
f93803097d864fa9b0d71e299649989e,0,normal,
6c1e075449f6404f9982a97aa5661f51,0,normal,
468129e6ebc04428aeb8312f00353cb3,0,normal,
0db6046b1a5f429898ae79036e090284,0,normal,
69bb1166fcdf4cd7b9d9c50f77c0f991,0,normal,
83c3974e50a640b5b14861ff82942422,0,normal,
9b294d3424e94d9d895ff203d6709d16,0,normal,
db028dfdf2eb4cbbb4cb6cf36da78b4d,0,normal,
fd5288172e25402e9679ca6447d94a36,0,normal,
26a66d12351d4ee283e05703a614e962,0,normal,
8920e3897cf8440f8f8f391c53bd36d7,0,normal,
6f6ff0708e614831bc01b809b9e70b9a,0,normal,
59d5268042d7452abeab818e93980ea0,0,normal,
b02552d70f264bffa0a0820fd2395fbb,0,normal,
3b99fc339fc64c87a0513e97b61824ff,1,structuring,structuring_677
b0b090e1983a45d89f619d5651a8a476,0,normal,
86bbd89e3af74d7985c5451912ef1e23,0,normal,
0d750d02292d403ca1a8fbd0b7952947,0,normal,
025e0d957de540d88c01f44f27c2ca93,0,normal,
1ccccd004fe146978175a48ad42f95bc,0,normal,
f582906ede3449768f18a30dccf2992f,0,normal,
c7f114e7fe4f4c39abdf04153f508000,0,normal,
360f887c34f6462095936326cbcc10a7,0,normal,
ba9043583bfa4d08bea013beab3eac1b,0,normal,
0078ddf8bd4547b2a7105fe95d8cfbbd,0,normal,
283e42e904de4a4aaa3c4e3e2073b3fb,0,normal,
6d7e7a612d724a0fa3764dee96aa2f5f,0,normal,
49fdc60036a7479ea6830b5ddc0db210,0,normal,
2f6623e02e9b4cbf9f8f8619f0dc9952,0,normal,
c9bc1b30d0a24ac288ae16148e093164,0,normal,
9c61fe47f86949a7832ee9ec92451707,0,normal,
b033ef151a404157a880f5d114580bdb,0,normal,
020d05aa71e541ba85fbe9cafc7b819a,0,normal,
667bcf27565f46c9a69aeefe8c71b8fc,0,normal,
b851b42e0520426eb95fdd2c67d9ee35,0,normal,
96b8e1e40cf3499eb087259a150bd797,0,normal,
f3ae5e2b37074d4f82d31510356a2618,0,normal,
2090a71d99bc4cd482636c0d88ff05c3,0,normal,
46d1828fa3e24754b06e8112eadb64ab,0,normal,
176642928e4741efbc91106f052c9485,0,normal,
7babbfcc4cfd4c84a05d140bd23f75b3,0,normal,
5cfc1747b6e1400fba494722f67562dd,0,normal,
85b7201594ad4b9288ccc3afa0d8c784,0,normal,
bb58ca005d44476bbff07cf58c4a7532,0,normal,
beb116d75cfc403c8874f85cb1960bf6,0,normal,
4c5f662ca14949fa85cff894a84e033e,0,normal,
0b14ef239ad244468c0750a5a04bec36,0,normal,
d6a1906c574441f7a8ce45c825ae9938,0,normal,
cef9b8859d8b440b9c0575f4c1a7bd91,0,normal,
7b79e68c5a6c4044ac777ebfd4285772,0,normal,
0220125f6ee544a892f623f9b3a7df58,0,normal,
fcd4144319ff45a8875ed9223758ca8a,0,normal,
69fb9a93f79e498f984734287eec67b6,0,normal,
1a9c5c31c4dd413daa3afde0f6bdf13d,0,normal,
770c4d11234040458b86b79c7fab0ac4,0,normal,
921972f7dd2a4c94a837bdd42d204cd6,0,normal,
2d8a5d8baf3a48c78e6f3d6b8b8e34bf,0,normal,
1d54a165816847f29bff8c63e8a64912,0,normal,
5ce1443b6a124b4c91f0bd241250da01,0,normal,
0b29bce701944e89afec671af604c4ec,0,normal,
899c5c4d97434e15b62e82846c593a20,0,normal,
c4acefaafce14aaa80384abe652fcea5,0,normal,
daf5ab32eff4489da3c2473d8aee48c6,0,normal,
b7a8fccef89d4cd49b3d778680a2d225,0,normal,
db7eb297168a495eb4bd33bdb48a069c,0,normal,
eb892473c2db4de693ea9d9ba44811b7,0,normal,
bc839bc326544f6f9bb8c81f056cb089,0,normal,
bec5c5e277334c13b985dc697b1db614,0,normal,
ca19567715e9459096b666becccac827,0,normal,
7eb8aeadb08547d6ab2aea6ed141f736,0,normal,
26d63ee028ca4c0fab04b750318cf8c6,0,normal,
82d7615486c44f8981b67b7c70b1bbca,0,normal,
731c388335104ebfb2aa9bd19855cd0e,0,normal,
3921f4ae899240f583a75359e1bf8194,0,normal,
c315914d1d9a41a2b595e239b47640d0,0,normal,
8a583348f24644dba8d460343ac2c361,0,normal,
ee8a508b744f4deaa20ebd90ef7a50b7,0,normal,
dff14f5316a841c3a0e69159d295cdd9,0,normal,
58afb0151fc44667b0bac6c1ed569bfc,0,normal,
787fa6ed38074ba79f97db6adf6b6144,0,normal,
194c672565d747fdb0c2710b245f321b,0,normal,
7f26857ffc234fb9b3b42682652c8d2f,0,normal,
dd4a001b94814ac28018f09fd0fed6e3,0,normal,
3547ce16a4b54957a22f5f89feae9399,0,normal,
e6df12b035794f65a42e5da7a10086b2,0,normal,
8fc6c4a658c34ff4bfa9046719876192,0,normal,
d57fab24079a444f98fa6025abe72e3d,0,normal,
46212224407242dd8f34737f4244c6a2,0,normal,
69f9b92549d64c23a285b5fefebac42a,0,normal,
325a1cd13d904622926a496e4a16ece6,0,normal,
6e4b52e43ed3490c9cb58c11118a88cc,0,normal,
8c4fed1df4a34a5788700f06af5066da,0,normal,
667b4623f95a497f81d2612b21604a74,0,normal,
6f9ae5a6b3c84795b7921c363f902287,0,normal,
e8caca1fbb2043de91a7a6a6601a4642,0,normal,
bfe91346d9b94dbba0dade6571df83ae,0,normal,
42b3d7f63ee04733bb2e6edc1eed502f,0,normal,
a60ef968608a4fcdbaca6def39e1b7a2,0,normal,
19e6a97cfda34a97ab6ba591c4a5b351,0,normal,
b9b2e1a7b05d4dd38066f2d31ccf8721,0,normal,
62c0e60ba4a54f2ebce9745a1772f296,0,normal,
d41f4bade9de41abaf7bc18f89692d77,0,normal,
c0859051c4f749459c982721962cfd95,0,normal,
2aafca97e2a54fc9a2f72cf861bee944,0,normal,
8d1f1fb5f92246b5991660ec3cd68067,0,normal,
fff09fda036a4215b830ceb295440cb2,0,normal,
21bd698b030040cfbff3b6328e1ef159,0,normal,
75de54b17bef419c9927e021a7ea0cca,0,normal,
576cd5a267c643cbb642a3d75dcb58ff,0,normal,
e3e9ba0b751e406da53cb036f1f298d2,0,normal,
1ccfc0904b8b429ab6c814292f557fdd,0,normal,
24f479f7b942454bad0e2df6dad214cc,0,normal,
95eecddcf130440bac997b7a8e5dc482,0,normal,
b779eeb9390240ec843e64a3b8c12537,0,normal,
1d00e79e40b646ecb829b0cda8c1b1a7,0,normal,
b120d83f2cad41719c41e1e29a61a389,0,normal,
66f1cfa913334bfd82e7b67d8dbd3f4c,0,normal,
3fc6bd8e0e3b409da29b5f23d1a4a4dc,0,normal,
d4ab4af928e9432b97d481bae04d0397,0,normal,
df99145ee01140d688be1d50e335f8bf,0,normal,
50844436a6d0435f86a5abb1457880e0,0,normal,
3127ad8a36444b8784bc07bee0a344a0,0,normal,
9c56b40ce0374ed29a03e9a9772e4a65,0,normal,
184daff43955493da78744f2f0483020,0,normal,
69e1d55df917497cb4c9188c8ac5e14d,0,normal,
28202647b90f4ae09a4a3bbed4321225,0,normal,
8dd9960f5dad4eea9ac47df277e31045,0,normal,
69b4892ffd9d4033a8b5016c81e37f1a,0,normal,
4b4401bc3a664597942fcd3b2b36ec2c,0,normal,
1accc41e2a6b4c2cb096ab6862ed1410,0,normal,
2f6323feeb924fdf841fa21ebc65adea,0,normal,
07abb90248f247f19cd3a249b9904b33,0,normal,
b7671b786b6a497aa08811af351b47b7,0,normal,
f566eb4ca8e240059a6e9f4455b3a254,0,normal,
511e5bc425ec475f91d68cc60418a0ab,0,normal,
7e600ecf088a48279dac301551965fa4,0,normal,
d7056cea2bf14c22907689002168059d,0,normal,
098933fd6ab34620a4f53643b10e62b5,0,normal,
873b06e934c14cac93987a2a1502d8e1,1,structuring,structuring_677
fe01524c98a14566b0e8423e7d4afc59,0,normal,
b14aa4bed29d4966a3d747822c8a1b56,0,normal,
eba34f3c9bdb4209a1e9226a9750409d,0,normal,
c8faf62a9bea4ffca85b9b74b3447e7e,0,normal,
7a7b4b2d6ec349e1921d5dc01b6c3464,0,normal,
c4bce9c035ec479b913b0f41eede0e07,0,normal,
175f74a55e124ddc9a7f8be32fe8dd9b,0,normal,
b66f0b55242a4ea29511db859d770b4f,0,normal,
682966303cc14d41bf49bec26d8e5923,0,normal,
f42dc32c6abf463db725a643f1abbb62,0,normal,
513b8824a7774545954de173c4e2aaa8,0,normal,
543a0b3c4bb645bdbfb37d6d344e0eff,0,normal,
c73175926c394b2eb9c029ef0d3327c1,0,normal,
636863381f974bba823486d32c482726,0,normal,
99533e03a30e476ca91ef9c047d1d2f9,0,normal,
fe21548d547d4d2f81a2e71b5abf6ffe,0,normal,
0728f1dbe863430ab008f7affa69850f,0,normal,
890932a0c98f4dd18aab53df2645b738,0,normal,
8e4835b0fecf460aaab7971cdab2be2f,0,normal,
97c8404f1aad4722861fa20ab624d722,0,normal,
beeb309973a646249addff1459eab5aa,0,normal,
8e64e42af9c64bb5ab8aacfdbffc074c,0,normal,
ca684c034a65468ba9d4ec14baed208a,0,normal,
50d96c06ae8a47ffa0e037141b7a1c8d,1,structuring,structuring_677
c96cbb4788ce4d758b0add6476790dd9,0,normal,
d6cf02de71d84eab849d5098fcb7b229,0,normal,
b3deb79162304e0a8834da685058ed73,0,normal,
0080ea81a37541098ba09141502191ae,0,normal,
833ead0b82fe402f92d6da31f6e2b1b5,0,normal,
427cce20feed4ff38ab2c426f995fcb0,0,normal,
91369093aa2843be801e734b6eb19e38,0,normal,
6c158e9c97b84906a5faee3b341e4e50,0,normal,
78893da272184d64a38e84f2d7edde5e,0,normal,
c454dfbd51414640aac9f32f9c6408ac,0,normal,
8b4a2e1b7bb2408986b08e658434dc7f,0,normal,
b3db1050ce2341928210eb4a4c42951d,0,normal,
763a9b4358234356bf8434b8aa42cf53,0,normal,
0265d648d63441b49cb1295026221447,0,normal,
b8e91a69690b4e6a9331c72798df1969,0,normal,
0e082841fcaa48e68ac3e312ad63fe35,0,normal,
89963a484bcf4111891dc6ce1d8231ac,0,normal,
4490c9019fe14f17827cf562af290ebd,0,normal,
089f16075f3f4412bec859fc1b703022,0,normal,
3cde265bda614fcc9fe57b4a16b3e27d,0,normal,
0f2be59aa8994cdf99b0e480f1d19ebf,0,normal,
9edb5ee8148045abb0de9e79273224bb,0,normal,
f896a14892e6461ca70fd5845de50ffc,0,normal,
2ac1cfc0667b4992bda096f247e67b76,0,normal,
85448fd7d2b244dbb0ba27fc2bf1273c,0,normal,
b0b77b5ee8b3499e84598fda34c6c827,0,normal,
7d673499f30049c690aa6d7be0269a0b,0,normal,
cb0fe7c060ec4bab82077d0871ae67b1,0,normal,
7f51fd2913664f17a2ed25ea85c66c87,0,normal,
7b07e286c13840bab286818bc15b9726,0,normal,
18e57241b95e42f1bd7667c89e018686,0,normal,
d6a276f58b0748aaafcddc4788339750,0,normal,
526667624ddb4cd59a4bc226ec3c060d,0,normal,
be323f2378314464a34ddf25a8f4bb6a,0,normal,
a8a47b2aaabf485da91f4cb6ab8f0252,0,normal,
647fbdd5170643e482a36b95c473dce6,0,normal,
6a8c8c95fafb4a9ca88bc81c0de678d0,0,normal,
3f60a1ad674346fe973ad71404fc67c9,0,normal,
ae36b03cc7ca419291687fec2634f406,0,normal,
9d0e8af3a62b49e89ab9f25bbf08c941,0,normal,
ffe7f015d30942a3b6b9e8027de314b3,1,ip_hopping,iphop_686
67a03760932947d2a783c2e7914d8840,0,normal,
f982a8beacf44b59b04ead6d58ba9d6d,0,normal,
6a2557bac4084831b2b936393b3ae0f3,1,ip_hopping,iphop_686
10939be7409f4d44ba5bb33da2bbd154,0,normal,
1559ff8732ba4b38a63b21a399b69579,1,ip_hopping,iphop_686
a3b76d73fe4e44878316a1ae2f2941cb,0,normal,
552505ae20b348b18b36681983618234,0,normal,
c27f3a4aa0bd475cbabffdc5e7ae1947,1,ip_hopping,iphop_686
ca285fc4a33d4fc0a7f43a97ee19c922,0,normal,
96ee66ce47d446b3a75069e61dbb80a4,1,ip_hopping,iphop_686
bf415acdd84e480689518f63b104d3d6,1,ip_hopping,iphop_686
a4f6f252cf244e88b7258fca0af29d83,0,normal,
9d6bc956dd8d48a292654fe341879e32,1,ip_hopping,iphop_686
03a418299dd94741b715849dfae8ba4c,1,ip_hopping,iphop_686
d0e6974c4c40451493c9e5d1e7df69c1,1,ip_hopping,iphop_686
ba80243deffd419b9d688806a4d83a14,0,normal,
d22ce9b6575c491aae4e57e21c2113dd,1,ip_hopping,iphop_686
a615bd2b3fb048c0a96a8334d766e372,1,ip_hopping,iphop_686
d2d1f911380a48a490a3a3ab5f9ee13c,1,ip_hopping,iphop_686
469702e2703c4786af720a909ae092cb,0,normal,
2f40bcba8ac2452fac28048bc4e9672b,1,ip_hopping,iphop_686
3e9ffde61297455e9a86b94f1f1f6b16,1,ip_hopping,iphop_686
fc822c8057e24641b9007b5e08b17e86,1,ip_hopping,iphop_686
8218d25c8a9a41f8acb46621a53844df,0,normal,
d264f6ebaf1544459cb5fbe0d4c583e6,0,normal,
0b9c948a01dc48208819ab837ca23b4c,0,normal,
35ab1f7b4349485296a3403f9ac260dd,0,normal,
4ebee0ec464f4dcc8a1bb4606276eb08,0,normal,
42a4ff5a222f4a11bd3d6700aa036e31,0,normal,
0289ea06dbdb450994bc83a2bad3c3d1,0,normal,
4a8907c0937a4ff6ac8bec292e783c78,0,normal,
c361817420e24158ad58cdfbfc1cf662,0,normal,
dcabe5894b754ab1b92cd5f3905cc143,0,normal,
85f09177c993476eb41339b6aebaea9b,0,normal,
b91f3ae0e52244feb27e336e17e77a5e,0,normal,
6c351d41624046819c96c912cb1b2a98,0,normal,
b638ba86b54c4d6fa4441b380edac86b,0,normal,
f85c5b9727774816ad9947e66326d984,0,normal,
b2e748142df24ab597c19bc85e95d2b8,0,normal,
bd4565c2cdbc462a86b21a3325cd4643,0,normal,
54845192fb31451ca8e3d69359499d0f,0,normal,
a3005304e2b0415b9ad10e8826ae387f,0,normal,
ebd4d40184bf435b8e20ee6707899ef2,0,normal,
7e4459617e07499e878045300dede255,0,normal,
e42a14a5bd7c48c683a08f9071b51d7e,0,normal,
a5b84acb2daf44efa7f640783ab71849,0,normal,
f578bb960dd949e993177bc61123c4e3,0,normal,
034798c9f3154a74a487c590f58f85b1,0,normal,
9dfa0d9f55414e5bb940a40b0a36ca5e,0,normal,
e27e7088983e4691a95cc288bb4e9cc4,0,normal,
ca3b9f5513334800a84088351c0478e3,0,normal,
20d7fc900cd44a69b6c5ba77a31fa6f3,0,normal,
3c7ecec924384e2e88591eb700bf319f,0,normal,
01ecfcf8119a4d0da29977683681bddb,0,normal,
625e3b2e682a4889bd4823afd70ceeb1,0,normal,
1cac2165d75e4b6e851ac2b756d32aca,0,normal,
a7a9b7135a5a40acb39f6616f3fe04d6,0,normal,
80c836f1348e422899e1aec7a63b1933,0,normal,
bfc886ea30084610a4adf40751e1e448,0,normal,
5e9923c621224fcc9d2f69e916a1d09b,0,normal,
d2266c8d76114736894925837da92990,0,normal,
61af23764957488fb5ec6576639a53dd,0,normal,
50e8a4556d684a329138cea1ddca6e72,0,normal,
ead4392ec97b47909446ce769fe6e200,0,normal,
a5a5899ee309402686597548a1de4369,0,normal,
97618ca8af6346b4825cf31f677b9e1d,0,normal,
e792a382f93b4d0f9361e8b8739ba06d,0,normal,
35e3e61235e24b5880370e1531e66eb0,0,normal,
655ce79d8171402897c4e8d081778bb5,0,normal,
26300cd9bc1c4a21a14081eb7a162fc0,0,normal,
e9ccfcd54dc6414ab271d479eb71f8e3,0,normal,
c4c18dd52a7e4b5892038d4dfcb5a232,0,normal,
1cebfcbbbac1479a8d8087c9de28a734,0,normal,
d335284554d249fb8d27fd6071d4a41c,0,normal,
c9f26e80e08a432cb0e4126faad89769,0,normal,
31923d2945a64ecfa4ad9f85a74c270e,0,normal,
c3c439933b954e80ba8cb38dfea0ebfb,0,normal,
5f81b071eb114bd8a649d6f84d218780,0,normal,
6dab3ee0570e42bfb747d4f8c41f5a6d,0,normal,
c88a11f2d167426795d02a53ae18729f,0,normal,
1ff7b1a8e6914ea5be9320352cd3bfbf,0,normal,
2ba02ab16ab24ba98891a29180cc04fa,0,normal,
161f9472b1a641ac936a54d83ec92c88,0,normal,
0f43e11e956e46a79da0ec01d2d7bef6,0,normal,
b6e3a0d3c2524a498ddaaed0a597a149,0,normal,
989291be890c463da89fab1991331943,0,normal,
cf3d721bd2c04ae6a2652adc435d14d7,0,normal,
c5de08c4576c439bb6a3c0b63f7641cc,0,normal,
fd6ab3e9a76147c19f7f77499207db43,0,normal,
39295c1a20214470927443b6ebd7d7c1,0,normal,
114f661ad40f4dd7b0975006becbe4ed,0,normal,
a43f89a820f04f71a6a2e27009f8f1b1,0,normal,
25f789e1b97c4114833eee77ec5039d5,0,normal,
071af0e4f2f049d5b323277a020795b9,0,normal,
48d81ee696db4aba89d16bdad4935133,0,normal,
f20a7a98ec694740ae4b91aff9b184b7,0,normal,
ccc79219ed2a40318e3f732ab96b2e2e,0,normal,
9f3a38bac4c741748cc6f50a1fd0199a,0,normal,
804c3cca208646b9a982ca7d131cd770,0,normal,
7819088062ad49ccbdecfeb7159be6b2,0,normal,
bb0b9356592d4bcbb03a8222a26b4b55,0,normal,
9888bca500a2483aaa453804cbb7bb6e,0,normal,
5cdad0c152c543bab2f1104d4758527c,0,normal,
cefbc0d717f447e2addcc033eded5508,0,normal,
bd68bede15154d8a85151dae99295219,0,normal,
3070ceca076448aca5b849164208f778,0,normal,
c409aeaa6b3f4ccd8f6999b52665dd3b,0,normal,
de7505d73b074c809e3c78a576a783ca,0,normal,
99c27f51dab24ec5a5781b22404b1dfe,0,normal,
adcef3b6128f476d85983bf234610665,0,normal,
6ee1f0c75b72490291ae2ac0c30244cc,0,normal,
86dc46a49d3b4b868ef4ebd03de0e283,0,normal,
5e5b1ff52677411ca644f0200e1485a4,0,normal,
94b0a65eaaa24a90b64076d52b21aa57,0,normal,
b81a62eb9405469bad1d010bd33b8171,0,normal,
cead6054763640bc91a508c88b1cda5a,0,normal,
88ad6d137553403e8ad5b0e33b894169,0,normal,
2a75824c54e64eefb680a9a1a9032938,0,normal,
f3d337d5c27947cdac2612b3bde9832d,0,normal,
2cec116af9594ca4a868c98c19c2037b,0,normal,
643261a2611e46b5a7458069b79316dd,0,normal,
cb04e2600f3140e1a8badfbe3e5056a2,1,structuring,structuring_677
ee1b60a42abb455c83b9e17849312103,0,normal,
e030ab81f43d4fcb92546c0226f4430a,0,normal,
35d6ac8eee664edb849aa7f54208bd1b,0,normal,
c52a00d1d0d24a8b8977c8a77b6df64a,0,normal,
16954200896f43b180c9cf044921555d,0,normal,
3c6250ee1bc34453805c5cd0fd312c8f,0,normal,
d46860644ebb4212bc70ef5350fc235e,0,normal,
16cb6dd210d44c9da984d256bac5dcab,0,normal,
67b6085c58364b1da6cdf6c5aa056b52,0,normal,
b1c54f66abaf4ca08d8208e81c3ab61f,0,normal,
ab8f8099a90c4dd38439059347ef5485,0,normal,
09b505441c6d4b0f96736271b807a0bc,0,normal,
d38a35f06fb047f8a5290080236b37a1,0,normal,
26c67fb858584b12a435ed23c543ed74,0,normal,
29c0d2c3cd3146bab321802127344992,0,normal,
64a34d29cabb479d88e4730d6cf87e9f,0,normal,
ed667fa073094fdeafffe2c285cefe25,0,normal,
6183cd7dd05248d0a22d36d710d6f6fe,0,normal,
a32c97676241459cb35229ab36cafe6d,0,normal,
71f4dc78fa124beb966e580422b6304d,0,normal,
45e96f31c34047dc829ace3fc7c9566b,0,normal,
8c6d57efbf6045c3966db8e0d352e015,0,normal,
63aa782d7f3e45e6919c2502a8f722d4,0,normal,
ef673c3e54164d7c9966d3d50cae84ab,0,normal,
fced24ad21ee49b2970d955150d72d62,0,normal,
d92db8f334b14facbdc048f31ae67568,0,normal,
ebd7fe2c61db4ee28b8aad4374cb4aed,0,normal,
61aea1f8405047f38fd113a93a262246,0,normal,
92ad29fa8bf14ec285538ad772287df0,0,normal,
8dcc1506941f401c987d7389c9a99fba,0,normal,
eb5dc42edebd434baa3037ba5ffa5614,0,normal,
fda2b9742f5f4081ba49a290469ed437,0,normal,
5943f42fc5004114b1c7c5bd3a95a186,0,normal,
d20f62fc0b6644128717f90f7d8171da,0,normal,
d8f2074d436a4d46b9d6a43d74c12678,0,normal,
ee15ca78615c4b6d840321aa9b2e3aa9,0,normal,
ca0472476a654b86a7cd3e8b51e83b17,0,normal,
cb7e9e22c9854d5d82a2dd1a1c4a9b14,0,normal,
323acd9f97414c21af11fcfdc9c39fc4,0,normal,
74cf25b8e33b4fa093b8ddacb714c887,0,normal,
8d3258e3b27a4ef7bf64c53d40d6384b,0,normal,
ca58842b67d645b49e1904fe48c17ce8,1,structuring,structuring_677
6b3183ca291e4882a982360ff68ec214,0,normal,
afdef55064aa4738b768fe8b2c5b8ca7,0,normal,
d7da4a5879b54a2b83fd4e7397a638aa,0,normal,
7b8775bab535467bbb25545257e0fdd4,0,normal,
40612256e0d24747ab7a30eb3a98f8fe,0,normal,
ff6ddb8c455f4f318abefa84149d3d7d,0,normal,
cd910c5e89aa4493af3268a42247ae0b,0,normal,
ccd588c860b643efbe922ff7e4dcdb8e,0,normal,
784d91007c6a48acbb9de55be10d534f,0,normal,
332b35760eb44d54baa41419af3b6f9b,0,normal,
a971ef8124ce43c799b7878cba7530b6,0,normal,
3b2022be66b049859f5d73776460dac0,0,normal,
24334cfe0b0a413abebc49cc4f256bc9,0,normal,
2509653a36234a74a97ec5d7a6ef785e,0,normal,
5eecce604bf0429bbce1ffc73ca138ae,0,normal,
8bfdcbe08c4b47758887509e37ab737b,0,normal,
5bd3afc2d40d4cbd80ac59824874aa76,0,normal,
af9d32d71d37400682d201c1638fe1a5,0,normal,
2c2b5b30c43c47f9b62e83a5e0b6b742,0,normal,
64a5e5eaff55477998b409924e7678b0,0,normal,
80527dd18d884f078769c916e132c1a7,0,normal,
e0d97d70feb24f81b3d5b8fb7e45ed47,0,normal,
3996a662cb3743e1a93be906fbf39e5a,0,normal,
40b245320a4648e68e76fd516699c380,0,normal,
af432bbb7e814a55a5d5398bd57f0d67,0,normal,
a44d90b3166a41deae7ed29e5ae10b76,0,normal,
db184950835241aaa3014d0376b8d9df,0,normal,
f045a5e2b7344e9e8adf9985fad0b2c3,0,normal,
306058a427ca4e12afd35d896188ce63,0,normal,
210e857cb64242f191b3c6f9991acc4f,0,normal,
d4b570fcfc3046248c91a23ac30fcfc8,0,normal,
ec3aee997414429dacf61b5cb670c108,0,normal,
8c4129637e8b41fda7cc5888305c0b80,0,normal,
b473e5c17d334acea9adf2a2ef9eb386,0,normal,
43eb7fd33b324360a1a1d57d4cd59d5c,0,normal,
4f7c44a2732a46c69d5ff3bf7a39aa24,0,normal,
25f22fec460246048f089eb23784b874,0,normal,
43e5321145c5473790898dd0f9d4d6fd,0,normal,
6c8c308057d94d24a4fa738c9b8eec47,0,normal,
27122532e9ec4dba86450970a45ff23e,0,normal,
a43998c287a44387881470943bbbac64,0,normal,
0d9722e21d6f45ec8ca5d5764795dcde,0,normal,
313f8e30911b4ce39912c2d1c9d61b90,0,normal,
a808240e686c4f53a0066c8ecd414dc6,0,normal,
e532b7f254fc46a0842e056b0a88274b,0,normal,
3c931782041043adbeac2bf108be13c5,0,normal,
20a7e45004584d29802deae6d9951ee7,0,normal,
5b8cd12e5ac4484b98f8342733fd5790,0,normal,
94c99637d7fc4ffdb819b0192ea63f52,0,normal,
76d1e40419d4414897bf31c9e34c8831,0,normal,
9a89d636c0ab4e7f8f6ff5301c9e1178,0,normal,
c98c2c592a0547208cf65090d76f03a4,0,normal,
54cd660ef031405894f4b1a5293d9690,0,normal,
d95c85b274ca45a091e4116a20ab641d,0,normal,
c11f5ce779aa43b4bb540204c334a078,0,normal,
f9ddfbccdceb4636891675887058df5c,1,structuring,structuring_677
e83f27cacbc94b2cb384d0324adaea35,0,normal,
4a326053e107488d8c0fdb3314d998db,0,normal,
0c49a21211b64b20904fe614e9c4d8b0,0,normal,
3590ddc62e5b4fd2bef4cd33d4367e43,0,normal,
e02a36280d214f5d956bd921adacada3,0,normal,
dda77d7eb7d14bbcb6123a14b4e06262,0,normal,
4baf3d52687d4c648951677a562d6db7,0,normal,
043b74a569bf4ce99ef8f99ff5261e6a,0,normal,
8b278dae4b91418c9885ff04c299d2ee,0,normal,
985756f6aeb74d6898bafc99ea341e85,0,normal,
d05bfb7b896d4c9ca31d0d128acc2c49,0,normal,
235851373b06453fa2262099676693ab,0,normal,
f6d6f11b1e974604bf907d13d25ab1f3,0,normal,
3df6b7427d8440769b558e8ed8a47230,0,normal,
734b710104d54a1d9719a550eb072cde,0,normal,
3c0ab3235aab4b4a8a165be905ccdcb9,0,normal,
bfd1b375e1af4a9abf3e9ecc6fdd2173,0,normal,
d4290848c76445d1b53a0ece5a7fba67,0,normal,
74192ed887d54403832a0fcc8e0009c8,0,normal,
90d1c929cce340a9b72c0888f0b5013b,0,normal,
1575a89d22bc48e1b849e2f9c520f759,0,normal,
482788dbbd8343f0b1ce4cd0aaae7558,0,normal,
184c1d920f27452687c9d2f9a23c5d4c,0,normal,
edb94ef0df464f63a317d8029f61bcc8,0,normal,
e17a7fae247549edb8833fcffd1ec162,0,normal,
2ff6b76a7c3540c399621e83d894354e,0,normal,
5430dc0c2ef9454ea6843beecec62d88,0,normal,
b636ff962ed9468389faef287bbb8dcd,0,normal,
2625915041cd48da97bea3e87f40f0f7,0,normal,
62d1a89ee2d742cca74e92c9ee121fb7,0,normal,
b231b5e642c74ff5b84e0dcab7ef955f,0,normal,
93b502fb43164740a89295a1f1acd3e4,0,normal,
f927cb8aa0ed4ca587abfe1c8873bd8c,0,normal,
da93a807792e4180a83e8ec7c19aa4ef,0,normal,
e999973481c6417cb8e7e8316d506ef7,0,normal,
599a28e959594031adfa8a3b42f9dec7,0,normal,
08c9a9a4cea94e8883a6296baeecaf42,0,normal,
8b6be62f146540949cc92518669ae49f,0,normal,
c0295f10475348aa8fae26c2b201c9bc,0,normal,
edda3287cd30437eb8a3f46e6246a74b,0,normal,
50737183707f4d8795b177f5aab34d0a,0,normal,
365112d1f06241c0ba13b5f301ec6e26,0,normal,
2c8311fef9c9401b8c6ce4ff481c83d5,0,normal,
a9e25c72c5504861a91c513280417d70,0,normal,
1a15a84cff5f41e2b1ac095bea7f4878,0,normal,
6272232fb68f46dc88b14100ae6d5e9c,0,normal,
5f64312e45aa4934bd0673d58417c36e,0,normal,
faa96863aeaf446897c84c7b1f626ac0,0,normal,
a83e5e8467f7436e95be6496ebc3bd5b,0,normal,
edb40de8f781479484038f57ab7e38aa,0,normal,
f96fce1d7a44426b8ef7cb84085a3389,0,normal,
8ee5df57d4374b1f8154251a2041cabf,0,normal,
8e384a26d42f4029a36a21d33c0fe93f,0,normal,
f77ec78d95ec446fac761f6706f7d04f,0,normal,
a687d3082e56409eba7af71ebf18576a,0,normal,
b7d0a800a2a54183b2ba3c790c8d4101,0,normal,
3a4b613ad8de4f6c8a1af85ab4abc745,0,normal,
ea320c53f54548fcb340aa8aec14f548,0,normal,
c6660f3243d147858b31b5b6d549701c,0,normal,
e14529d0e32047e1beae2a128c444e07,0,normal,
d19ec2029175452f88c6663445d5f91c,0,normal,
cccca8b8c9464569936aec7deda1ffdd,0,normal,
68feea52a53d46ed96b7a357bc7933f0,0,normal,
7a3627ded8d74d09b0e091d654bd98c1,0,normal,
940c4be71edd4713ba944f209d9483a8,0,normal,
6f7a9382e77c4b09ab083029b476ec58,0,normal,
d7d753c9a03a49ca8065a08670d0fa07,0,normal,
67149379ebde441e8859b98f46910d77,0,normal,
19ed079c2bd84b10b51fb518d8906740,0,normal,
7982967c9b6c4b3fbe63afddb892de99,0,normal,
52e70546fba54d5a8d5b9ce973489e3e,0,normal,
3e37ff96d081413a9472f86fbd3cc892,0,normal,
f0c005541a7d46fca1d4c2062b7af004,0,normal,
2a7c0993c83b4a98a7ea0e873002ebcc,0,normal,
f41b617746254261afdc3e2ccb3b34c3,0,normal,
1a6d3be59f5a49cd994a1bb53c6426d8,0,normal,
36f38e373072432e9f3847866fc24d70,0,normal,
4246cd9b45e1426d82d93edb4acc1a5b,0,normal,
6584050ca54b495eba8bd5110994eb54,0,normal,
8614371e640c4a269452c24714ca1cb6,0,normal,
9e9ee7dd15294f4581220beb8503f536,0,normal,
3acc5c7457104bacb8c0c010b808010d,0,normal,
00ad97f0d925482d8aeeed060d2710f8,0,normal,
3da9fe47017442bd8da52be348004286,0,normal,
2bf240a2fc7b4658a55acc3b88faca8d,0,normal,
e910bca16f9e44f29aa3254849d8aa2a,0,normal,
2d9f0b06f1db4a648dabe700e673c265,0,normal,
968bae936e524cfb97ce8ca68c54610b,0,normal,
deda2f00ee4a4a769d4fdd38125d0e94,0,normal,
d51da05bb6c14d3b96caab2fb79202d0,0,normal,
5cc8f0488b32403bbd230561815028fe,0,normal,
67f3f8fde0794acc96d85acc1455b5b9,0,normal,
bfd15818f07a41b88a2af5fd6d3ee0c9,0,normal,
ba6ef68077254cf7a488e996cd3eda63,0,normal,
8a22faae7704409798c9d1a091e7b57d,0,normal,
88906128796343aeaf6887b5c87d7884,0,normal,
edf27f088ec84b119e0a76088439ee1a,1,structuring,structuring_677
58794dd2d61c44fb9a6051d0da513148,0,normal,
c326a4e646e648d698b2e8289f77b026,0,normal,
b5d3fdd2eba84ca2a30aaed325e7f33f,0,normal,
8803ee2aea474dc29f9475aeb6595155,0,normal,
4cac2b0658504b22b8b3390c1d23d346,0,normal,
732fc345372c4432a93c73d99db08c74,0,normal,
26d859299b194c16ae0a7ea7578197e6,0,normal,
89f6501664ad4b19815f4b9d30afa3b4,0,normal,
1c4ed769e6c343a1a69286f8da643a39,0,normal,
fd6d45b1f35c472cb90ce696d85c8650,0,normal,
72b76dd78f544b56b17cf8720cbf0bc4,0,normal,
f41254f039354ce0bfce145171f28e0a,0,normal,
5c20c15641e8485e9db2647dd2053dba,0,normal,
f1c4329378b34f78a0f7d699795aa935,0,normal,
be391c70cc614e9d8be2537cb21f9e89,0,normal,
9b875932f3fd43f99de8682c1c481e08,0,normal,
3f6fa51c10ca4ce69f0923614fc23753,0,normal,
32394651d38b4f93861ddae7465a6839,0,normal,
03cf0ed7a4f6429e8120fbc8e531e809,0,normal,
3068b55502f44110b0424667595be4af,0,normal,
fa16c18d283d4508a9d96decade03480,0,normal,
08c6a7b05a5d4f61b0a7969feca91fc5,0,normal,
2b3791c3dd27468d8d65dd01844b6eb9,0,normal,
b9eeed7a2ed0404c9ef14b7087fde13f,0,normal,
704747b4f92b447aafcce3f2641a532d,0,normal,
634bd10d10be482dace3590fafdc5388,0,normal,
cbb09c7f418b428ebcafb1b5b185e757,0,normal,
63961e9ca0e94214b33c4ad480c83b13,1,ip_hopping,iphop_712
c42706a943364b328125071a3c1e4a59,0,normal,
a8c719a768314227b262c4701d470a61,1,ip_hopping,iphop_712
1a1baa4b9957439b8a898dbccc4125a0,0,normal,
ea060b8354aa4d718d2ddfdd7f67620b,0,normal,
ee26de039ef642dbba059cd9147ceacc,0,normal,
0e2e8da3e0e84a64b8e47027dce33169,1,ip_hopping,iphop_712
0a3ece190b764af8adfc90459d6fb71a,0,normal,
662871ec21144cea9a53574f06392cb1,0,normal,
bc0970a17c0b49f9994314387638a010,1,ip_hopping,iphop_712
b758914b60ce462fae86297c6cb83b70,0,normal,
86dd99410bf941b6abc6668e3387b03b,1,ip_hopping,iphop_712
8205132f8ac34260b6dcc7c2c838f155,0,normal,
da06bee1c3f64e5181c82c71cbb21660,0,normal,
e60ae5d50541445d93653cc75e1f75ce,1,ip_hopping,iphop_712
494a53e000884876b9ba7cc60a4b425b,0,normal,
c4d6d776336a48fbbf240be04f15b186,1,ip_hopping,iphop_712
60ae72167a15442fbf356dc5e6ff6583,1,ip_hopping,iphop_712
8a4cf89211674ba6ae1d3fae315408db,0,normal,
0f53166633714c6ebc158ac984d1dc62,0,normal,
4b2d85df566646409b4c727fc7b6902f,1,ip_hopping,iphop_712
36601171682146e1bbefa6201e5f9581,0,normal,
9ebbdbb1f25b4aa68b57244983ce2a42,1,ip_hopping,iphop_712
b52acb286d9d4bc086a287515b37b6ff,0,normal,
c4a2d8f4a75d47feb9b8ce98427d0804,1,ip_hopping,iphop_712
05bf01b45ae941a8859fd0ae06f87d25,0,normal,
167e236800e3412587dbd155a2af8324,1,ip_hopping,iphop_712
87c3b0939f4743e1a8a6c652f4176f42,0,normal,
e6f31f64795e44c9ab8db96c99997d17,1,ip_hopping,iphop_712
ac9d89e7c00c4a9b8ceb3f38c07724c3,1,ip_hopping,iphop_712
700f074eb04343acbcbb4b6acb10da6a,1,ip_hopping,iphop_712
0b298facaa984171ac4791878bd8f5fa,0,normal,
72b1d6e9688c442eba8a106f182433c7,0,normal,
d465f41603f84bd598c0a93b3b7749fd,0,normal,
fdd1eac6320f4fd18947ca14ad471987,0,normal,
0efc5c047eee46548a3bc83fdc166535,0,normal,
465f1f0c488f4b96b0f70f14b7438e54,0,normal,
24588e5c561447c4bac7d145f6bedea1,0,normal,
2129b75dc53048d184db404e98de76ea,0,normal,
a604300511874d61b71855d2abb5becf,0,normal,
f9f5bca70cdc4f22a5c479e7ff210f6b,0,normal,
0c980b1562e146ac920b558fbc26ab36,0,normal,
6b639a072cb04b84875d13e1e604a2ba,0,normal,
02a1dc220403466daf8fa6e7fb3b9df5,0,normal,
2002673344e24ab0bf32fcc63ed1c645,0,normal,
5730de7ee0e64f939afce4b30e06363c,0,normal,
a1b09bc4fddc461693d29310f7b2d340,0,normal,
130682c2e34a4181877fd31a7158c180,0,normal,
48ac7c0f934c4ca588ad041a7ad72815,0,normal,
7960aa0c6d19430db0868a13dd64d8ad,0,normal,
bcae228062de4908a776897d77491a0b,0,normal,
0fbd218416b549658432f12ecc203f79,0,normal,
536e5ce4f0084f17a284aa5dec10a212,0,normal,
e3e3d14e6fcd42a08e59ea16d3948462,0,normal,
0b337eb652a74b93bae4b16c8e19be0f,0,normal,
45a503aeba664b799a06472e90e0bcfc,0,normal,
b9d902c2a3e74585827ae48580319e6d,0,normal,
8fa06b52a5ce414f95a3bb1c971e50be,0,normal,
88aaeaab32174cd7bacc7a694fbef251,0,normal,
ff51562eee3c40d1b64c76e27803986d,0,normal,
51ce38c8f7b3488581dfb167466ba9d8,0,normal,
076a29f9125e42e295eeff9d04f83a2c,0,normal,
2655d577d5bc411ba4d4d8c49fea8097,0,normal,
bf07f9b22a1d4059a8a25fe3bc551e57,0,normal,
095cae158d4c494799fd03e50bcfe345,0,normal,
8349e927245547d781737fe9492540bd,0,normal,
5bf4b29e24ff44dcbdc058a484062fbe,0,normal,
4460520c37a04be199b0bc0cae9c6d78,0,normal,
a6b45f241333495cbe795a0ca79904f1,0,normal,
946541cdec8147d5a49f6629e61c15a5,0,normal,
0ec0b6f675e44808970e3398109e24b1,0,normal,
a623462fc4d74f4b9ce2d2fb336b791d,0,normal,
c883da99f15d40e5bdc1d4c2388e0fca,0,normal,
a1b1e3d98f6e4a9fa9fec78c5db7a847,0,normal,
4a8490ca7ac14a659236b98991df0ce5,0,normal,
447e0b720bd9468884a155549a29521d,0,normal,
a248f2fdaa06450a96d2990652a5b537,0,normal,
fc5624a0f2b0447fb2836006ea26d052,0,normal,
650c4f73a9b7465ab88bb80a3dbe5b7f,0,normal,
50a90755ad564235a1722c7055107a70,0,normal,
1d8e4eb3adf84b05829ea55ff86f76f9,0,normal,
03ed17d3e73e4acea8feb21cda2b9ea0,0,normal,
3d1e4ff9165b4912a990ca89dc567ae8,0,normal,
418ca46a3ea847febe338c83899a161d,0,normal,
edf93af5b1c74d5780ef8f3d7ebbe5b8,0,normal,
0f7390cc740a4839a93e2cb9d13c8c6b,0,normal,
928136c69a4b48be933b0bacf8500a27,0,normal,
b6648bfb28744d4d85e525c7a09619cd,0,normal,
8b8a4efd45144473ba22284668641bef,0,normal,
52ae7f65b3834dac8646252cbeb6ca4f,0,normal,
b4b0f91110134a06876ceb3aa5aa6fa8,0,normal,
7610607e63e84d648bd3d1c762f11157,0,normal,
bbd51a8342c94e02be16737836abfbdb,0,normal,
0833f6e6b00149fd94868bc0b908741f,0,normal,
ee6a9dbbae22496fb09c0e413468ed9f,0,normal,
83039b296de64e798fe81db8cc428ffa,0,normal,
b4146646e9b24b76a2e024ab132de24f,0,normal,
678d2c1a53374a45997d937c58c7e7cc,1,structuring,structuring_677
d8acd722ad494be6b3cfab533824e07f,0,normal,
bfc14b6724724af4832181429746ad0a,0,normal,
46a58a31f48b4ab3b05e8c523c5b0bee,0,normal,
e86296aac02d4de4bbff10cd6dd97e5d,0,normal,
f462bb73270c4921975e277fac02570c,0,normal,
9c921639054c49eaa9556386147d8f6a,0,normal,
3634713156264f8ebaef668376e81a23,0,normal,
525272c7a5dc4fe8acd28d8412a7ead0,0,normal,
7ae7d09c9ea4433eba93e9d57181e56c,0,normal,
4b1a43479a2542899af089f761ee6523,0,normal,
5857d0dc3a114244891307c1b5275d59,0,normal,
283a1808d61647e2839c9f15e6fb765c,0,normal,
4a93ab6d58394cdaad9f5ba6bac335b5,0,normal,
94a09369c4bd45c6808e7b668309fcfe,0,normal,
40d87bbb8efc47a2863c9bc50b71d2b6,0,normal,
2a2f6ca8f5fb4539ad5feb60c3753424,0,normal,
9cf62816439643a293beca925431c8b2,0,normal,
c830bc1921e7475ba6a9a3631b36dbf9,0,normal,
a2c5435357b74838a5779bab8aad9143,0,normal,
65f3ba6b3a0f4a94b5355528e76e963e,0,normal,
5692c4b6b5244f329561ea6140a3fa24,0,normal,
decea7fa8511450bb1552429e63f0d1b,0,normal,
e1bb2c19672147798951e67f9d663935,0,normal,
76317f15442c41e0bdf2c34e0bd09d50,0,normal,
a4077dd7ac234c89b45428b0d9779f99,0,normal,
b8b9c9144aa1433fab1aa828e7d4e387,0,normal,
26a241db3b35492399d31844a0863dbf,0,normal,
d1bba5b909a9417494435f94a119a60a,0,normal,
3bbb0bade3a24fdb9e6ec34ccee23ebc,0,normal,
d356408484254ee08be762b931254c48,0,normal,
edb047d76e9b4d0ab51b2c24ddfd4fc1,0,normal,
27749d6b08294190af3dbad714b03df4,0,normal,
3d3308ef6dc94c8bbe01cf6d533ca249,0,normal,
e6d664a9298f4b0b84b1b931a979feda,1,structuring,structuring_737
ee79977d569549279dc0fa0b3f4387c0,0,normal,
17c1e147cfd746ad8a2832a1025dd271,0,normal,
553ada6af9e94b9aaaa1c7e97498b7fd,0,normal,
3ca9f7d8f7464d3392272e07ac21eb30,0,normal,
59c60754249845abb68f6a96bc03739e,0,normal,
0268236dc34b479ea57026e92c1e3c18,0,normal,
e76ebeb5d1a7427b9592460bda0048fd,0,normal,
b2d5a244f8cb45558c8f6749f8ed7fb2,0,normal,
92bca404d7fc4b1e92c9104430804506,0,normal,
dd6de534fcb7476da3f35101e18c1247,0,normal,
4ff9e497a0384af1a2ff4bb694580152,0,normal,
ebeddb21eb544dfcb93839a1a959bbeb,0,normal,
13dfdbeb629e47588dc0996aac723f25,0,normal,
931b8db36a154b56821b87384133a947,0,normal,
316674be4368495687c22166fbae6005,0,normal,
9f7e0270d4bc4071aeed8e1f3b4c663b,0,normal,
9c899a47920b4628a6840425254d230a,0,normal,
f2c3d4eb834c44669f3cbeb6b6f6c8ef,0,normal,
3c374008c5d149b48edb3b45971b47fd,0,normal,
659c83666f1947de9c996a23f61f9c22,0,normal,
2376e486a1694b2c963c0c743f36d365,0,normal,
9482c2cb90ee4be0a6925ae6a2c0fc6d,0,normal,
062d9f9e02634f14a336c1ca852ed8a4,0,normal,
14515c824ca54c799f40345bc6621479,0,normal,
d84b213a1a2147b9a837976da27c32c6,0,normal,
711b1455f9204c0886231aaeaa81b08a,0,normal,
350e82db60d54a03a457b691d733c6ff,1,structuring,structuring_677
cde2b4c6e2744f10a3844546bf8d79c4,0,normal,
03cf795fd8724281b33d22b853bdfe38,0,normal,
614c18177dcb4fda9cff75acb9e326c9,0,normal,
acbc0819f6884ebda1df763fa344f4c6,0,normal,
729cc7a473f54a188c48c6cc118cca97,0,normal,
ad82320b8b74409b994a77c6417a4a06,0,normal,
7d992f13b1c746559036abc496debe18,0,normal,
f280794ad0f84ce08208a467c4651816,0,normal,
1b3f6b7358fc46c6b991127375addfa8,0,normal,
e5377c53d0694bddbd5cbc0906905417,0,normal,
c1183d3a178e4701b8fc4ea6a13aa7ad,0,normal,
463253de05f64368af98ea898087c3bc,0,normal,
0f1007f63f944b919e8568985b63189d,0,normal,
82850acb1b614f44aad5be961ebe1d40,0,normal,
baf87bc8ba9c443a885b95d383f5e4a9,0,normal,
9891846e94e14bf4ae8de179c2749db1,0,normal,
605cd429818648e39c6c4b6efbd90672,0,normal,
f86e2597ceed43d0aa04eb0a6486a25b,0,normal,
be5e7fcbb0d54b3b8f548850fa3f11c1,0,normal,
eefbe3a27abb4e88bd8024fc050b53dd,0,normal,
348043c1d8514d1b816a214cb4755b1c,0,normal,
8d185589260f46bc913639120b909ca6,0,normal,
b75769f473e24930aeb81cc475caa536,0,normal,
205246b673b2412ea555971ee61f4350,0,normal,
bc867e091e3143a5b17c77e2bd831510,0,normal,
72a3ea0fce51401c961a8293e3e010ca,0,normal,
ec414434e1b143cf824b2e42207b8771,0,normal,
8ca2533a6f2d4f70be550dce1bc30ed5,0,normal,
c0eb3f54492a457fa0ad42fb95e1cc92,0,normal,
f2f6e7ffedb6404da34e0fbc0b9f6c8c,0,normal,
f0a77f1351b043ac938fcf501ff8e94f,0,normal,
850259b6633f41cc86d63c779e73ee12,0,normal,
a880d3fdf4a84c44a82e981c4687d7db,0,normal,
8427df7dd67542999ae90107a4df0a8a,0,normal,
4538b59aef6d4d7b9af14c0fbc2b8599,0,normal,
04f9aa3c46af498a9b31505d6674753e,0,normal,
0b55b9d6a2cf4cdeaba446b8b0664d25,0,normal,
89b550776bf645bc8d1c2e08414c2fe5,0,normal,
a30f63c112984a1eb52a23621652b95a,0,normal,
9907da8d012044a984097162ae1558c2,0,normal,
d5a6f96e6f2946aea2793902b24249bf,0,normal,
f0de2fef0d384ea89739acbb3d931ffc,0,normal,
6a6b4eac6db74566b9483ca12d7f363c,0,normal,
07393f875b9b4a8ba4d93bf74d459ae8,0,normal,
b6c7272db8f94c9f954dfcfa70476c42,0,normal,
20f22d9a1b274c6b9174a443d099da9e,0,normal,
dc511354794b4030ba962a9781293411,0,normal,
9a205dae8fb942fb8978ce096e6f3686,0,normal,
49027c091d3448d99634e71fa0e3a4b7,0,normal,
2056a6ab25fb4461949f013ef051bae4,0,normal,
7a4ae365990e41c0b3fb68f43e390714,0,normal,
363a504e99ba4ad890fa0cbbae39b3f3,0,normal,
68498edcf32e4d63978d16e26cf86eab,0,normal,
8862ab4d6b624634bf44efe109334ca0,0,normal,
22d0e09f08c04789ad83ccc6f1465678,0,normal,
bee09e970e8743fb992f9f9a2159de88,0,normal,
f2cff5b54c574030855d6b29d07f36c6,0,normal,
9640e58bdf3846f5851d4335328e58d0,0,normal,
24397e91e12e43b183706754bc1eaa64,0,normal,
fceaab4beeb74d6a846b0cb08dcf2cbe,0,normal,
b3f88648eb1f4bc28d63ea07c4271f02,0,normal,
43e372c0bfcd4cb7b228dacd8e19dcd4,0,normal,
8e05315f708c48e8aae870b8fc1e3a6b,0,normal,
00e600d1468040c1bfb12c03e5455d92,0,normal,
dac5f875e3514c7e9bc9574fdfa08550,0,normal,
216c07f54d6c4d679ba6873f7fadf21a,0,normal,
3578d1eea360424eb5912830b5d14e2a,0,normal,
eef5f5dcfc1a491bb4729ca7dc5e2f94,0,normal,
eb9188f8fb4749349ca65b93423c5662,1,peeling_chain,synthetic_chain_794_hop0
b3588844f7f3478996f8f7a092c27a49,0,normal,
6b2ad57ec57749dab5e870aa196e31a5,0,normal,
4d8b70f193304062b13f0777cae64910,0,normal,
3faee846c5024b149bde1c04cbe5f112,1,peeling_chain,synthetic_chain_794_hop1
205035efae664007a7d752dd9f9e07cc,0,normal,
9913c9fa5088462aa6246bbd0b4d3459,1,peeling_chain,synthetic_chain_794_hop2
4bada738bdc843acbfe53c15d31daa4e,0,normal,
b8821a52596d4643a34e938fa955354a,0,normal,
a1c14c92c64b498f8a0aa446b2e94fca,1,peeling_chain,synthetic_chain_794_hop3
35ab5c85b5e74ca597ef74998c908bf3,1,structuring,structuring_737
840e6ee9322d4a04bbbf3bc1930fec76,0,normal,
8a6c8dbd2e14492787ea200fc24279d4,0,normal,
ae8cf20423f14d7eba9362b708fc96d3,1,peeling_chain,synthetic_chain_794_hop4
817fdcde245b4960aef80a960c6a30db,0,normal,
ecb7716cf72a490aa4514fb4cf9e3118,1,peeling_chain,synthetic_chain_794_hop5
d8dcd1b2113d4beb8b5efe542a1bb43b,0,normal,
675b35915aac4b2581b096d8cdaa68de,0,normal,
05da02feb1684bca81fe4fb5c67f4a63,0,normal,
8282d61752d8417992a82ed494602a4a,1,peeling_chain,synthetic_chain_794_hop6
1f77311de444454f8b9a2906aa1053aa,0,normal,
32a61e74eeda4002a6a55b8f8ea620d1,1,peeling_chain,synthetic_chain_794_hop7
854f439a250b4cb5b64a901d622dc6ee,0,normal,
c20890c12fe84d2fb163458ef4bf21f1,0,normal,
10a3271e09e9498d8f8e06acacacb592,0,normal,
78440350ce7044888695041d70da2e94,0,normal,
ce9053947320454f8363244d1a0db26c,0,normal,
39e8eff4db5941ceba39d749e6d3f62d,1,peeling_chain,synthetic_chain_794_hop8
a67347d5da5546f88179f59104e83e3e,0,normal,
1f1028f0650c4151974e68483e7dff51,0,normal,
479bd308f7b04ef6a57a44c11a145ab8,0,normal,
79b71ea531544d9c8947cceaa9263257,0,normal,
4de1c7121cee42e89e8ae73f08d6a96e,0,normal,
2e946126cc7e46c1ba225cd8d5d3d6ec,0,normal,
becc3e8770b94fd587c292fa36c55629,0,normal,
2f0b1f9d0b674e0d948f6cac562e189f,0,normal,
18f4741d7c614a758031693a186a06b4,0,normal,
aac4c80a5ad24845aa183f5ff1284bad,0,normal,
bddc39c0dc924dfe985f1e8fcb294781,1,wallet_reuse_burst,burst_456
a7bdf6b35842473fb7f4b43f355b0c32,1,wallet_reuse_burst,burst_456
f677b17468264544bb16a2e9271c8bcf,1,wallet_reuse_burst,burst_456
472902d57f614f09a15e981209a3cf1c,1,wallet_reuse_burst,burst_456
2a7828c3717b481c8820735a68228fb1,1,wallet_reuse_burst,burst_456
a7bee86f70db445a8c342d4c3aa1d480,1,wallet_reuse_burst,burst_456
edeb654cf97b46e9ac84fcbe1d289e5b,1,wallet_reuse_burst,burst_456
bfaa2dfd4be145a5b6c85c6830e7c2da,1,wallet_reuse_burst,burst_456
c1d6464fa0cb4106b71a6da6801c708f,1,wallet_reuse_burst,burst_456
4e84287213014e54913643e076185194,1,wallet_reuse_burst,burst_456
3d43adf03d8f47d9870ee04c511d5912,1,wallet_reuse_burst,burst_456
e523cd8c6c7d491b97a7574abafc35af,1,wallet_reuse_burst,burst_456
4e67be7b5b1e4e4d983a54e8eea4e510,1,wallet_reuse_burst,burst_456
7b534c2b488c4e79aea8a7ff0bb337c3,1,wallet_reuse_burst,burst_456
d3efb9afee484f61a11d15eb6c60dfbc,1,wallet_reuse_burst,burst_456
e7eeb59d7bbd47c189825ddb8a7f5cd8,1,wallet_reuse_burst,burst_456
e2b1ed383bd4481880ac9023d86541d4,1,wallet_reuse_burst,burst_456
2b957ef340994641afaa1d08142a8ff6,1,wallet_reuse_burst,burst_456
808a72b9887f407c917564c071029e0d,1,wallet_reuse_burst,burst_456
7ac5567dcfb5472daaa8a20c970005d6,1,wallet_reuse_burst,burst_456
cd66f5c2f88a43048fb56af190b6079a,1,wallet_reuse_burst,burst_456
a76aa6478f1a4545be9f66ca1011f5e2,1,wallet_reuse_burst,burst_456
22446622e8da4ecca8059d89dff08959,1,wallet_reuse_burst,burst_456
300ba516f4f24d88b7223a9027fb8e23,1,wallet_reuse_burst,burst_456
d62e970410d64e84b5959e2802b91b2d,1,wallet_reuse_burst,burst_456
8132123a402c44f2943a57ea0a59b1ca,1,wallet_reuse_burst,burst_456
14e9810962744eab8c9508f82d3ea237,1,wallet_reuse_burst,burst_456
2b5a2420b08a4971a5edf8aa1fe20144,1,wallet_reuse_burst,burst_456
168b5afc0791484d92358a6738302e3f,1,wallet_reuse_burst,burst_456
3fd85ff7e177470cb679576e08cfe85f,1,wallet_reuse_burst,burst_456
ab7f0f3d01a04e60a7fd3585d454cd73,0,normal,
128d7ba643b14ad3951d920048306eec,0,normal,
b005a5159ef04a06ac7d9b6164bd1cf8,0,normal,
87cc8c011c8546b090185aaeb2cec27f,0,normal,
619f89283bf64613a53312fe0acdfe61,0,normal,
1e3f3ebc023943adb2d90409c877d1c3,0,normal,
71205feb4aea470db39dcffcff2bebd6,0,normal,
c110114a3c90471380ac985672a042d1,0,normal,
321c7b16314040cdaa17ae6d9b706908,0,normal,
fe79b7da65f040f29a5e0716dfedb798,0,normal,
10ae699072c04b89ae44027f4e18cb23,0,normal,
d1e09235d81b4abc9ec1e74b8e639c34,0,normal,
3a0399a9680d40cb9d1c177aef53c611,0,normal,
e011b1c19e084dca80c64885ac4c0f13,0,normal,
66ded6aaa51f46d0b90a10d0975ce477,0,normal,
7b59164d9a5a428fa86530401cb39c7f,0,normal,
a4aae2bc6c1f406bae1f2987d5326e88,0,normal,
4d517cac424b435db7b3e160dc044541,0,normal,
38c025b39c3d4939aac04aff35f6ae60,0,normal,
f75179b9761f4e99a249df9863ec2aed,0,normal,
b36c38c2fd6447f0b5500b6d054ecc2c,0,normal,
768474abfd2a435bb73c0c1ddf6dbc16,0,normal,
f4064120a6c2420ba8509eb267b036ab,0,normal,
f0b374bfc5a84d2faba16e8666f8abc9,0,normal,
721be39ddb204591ac55ce0e96143f4a,0,normal,
9234e03c638b45399532dd4ace460668,0,normal,
3cfe7d50204f4a3e9d8d6fc666e5f12d,0,normal,
828ccfece5a4406082dd97c741872b60,0,normal,
aab2dd40eda54e3caf22fd069b5faed8,0,normal,
b921d0fe03364fc98c0ef6f2810d2599,0,normal,
1b7415dfa54f4387bd0fa235a2f42bd4,0,normal,
c7210c6514e94b609c25971f1bd3c5ec,0,normal,
b00c3ee6eef044cabf086aa3e6662c06,0,normal,
f96f10b88b8c43f893c9cce28a97004a,0,normal,
700fab2b29fc41cf94d7bde3567b2c02,0,normal,
4ac419e5e3af409a9162846fee139387,0,normal,
1682c0eeb8de499f9269e7fda573ea0c,0,normal,
1226fd66e0bb4004a02dead5de5eea38,0,normal,
3fea189cb6e84f59b7764f8ec300d900,0,normal,
0ee416d2816c47c4b751f68d679fce41,0,normal,
99938e234497453e8706268eaa52435c,0,normal,
7d25fe19e68f47128cfbc87f2eb48418,0,normal,
98978057a6b14704a4006648ea8502b7,0,normal,
fa9acb0c32ab4ab2ab72025f79f66e0d,0,normal,
82ffcdd670b946aabb5fd86c348cc7b9,0,normal,
718338ddb5394c2fab9358b0db3b5f85,0,normal,
5ad2abb2b6c5435895e9ff7b03e05bf2,0,normal,
26a1341ec0254520b7a9ee969b4c1e1b,0,normal,
c83ca889dee043199bbdcaecd81cbc4c,0,normal,
1a42055e43af4594b74711e643044668,0,normal,
6894d49c0b75451e8257424e2b27063c,0,normal,
e257a6a95ba74859bad57d1a2160c7ab,0,normal,
3e0823dc9a8646c28cd76ed24f30f3f7,0,normal,
6236578163974f95b10a4dc705d320bb,0,normal,
bf0a8a4b37944935bf166ff334f38e4f,0,normal,
9d789158f6454c10ad8d495c032217fb,0,normal,
128fb2858b38433d9b6e8649089456a5,0,normal,
26a6ce1a20f84cfc92e14d82f4d19701,0,normal,
fd5f0440ac944fbf8a000dcafbea567b,0,normal,
ee01d3ee3e2c40f6b9213de4e4d59f0d,0,normal,
6117bfb3d592447b957859583006aa58,0,normal,
9f308d241fe34c1f9c576cae93021f10,0,normal,
3987848d974c409d9cfe0d465dab1752,0,normal,
203fe5ec33fb45a887bebcc52084a794,0,normal,
1603c3efc31c436d84decf4c8f51443d,0,normal,
d4a3dfa5a28c46ce9a38be37f8865672,0,normal,
f1441d233c484aaa85f96bd056c2ffc4,0,normal,
e594a05603f445bdac290bae9a3c183e,0,normal,
22fe8181ef774c4e8238d427d17a1171,0,normal,
9fdc36becfd54b9893020ec4700fa3c0,0,normal,
fd3424c4b41d416da9f3dd4763216165,0,normal,
4a3bbd0f8c0e4c7eabb8e638fbe9f655,0,normal,
624147d3af144aafad3fe1cba2e757a9,0,normal,
b4731af6ecfa4989a1b6745a5c7fa82a,0,normal,
b8a730340c2a43c998bf0976de2312bb,0,normal,
46e3ba0706b7417aa0919e0045e637f6,0,normal,
06c71bbecaef4906b4ff440b6db02a1d,0,normal,
11b3fd06b0f44858a71a03a63eab9af1,0,normal,
7d540fcf924f4425aecded7f6b550bed,0,normal,
ffe8a3be80064da78d5238a34e7c6810,0,normal,
90f0027327bf4e3e92652358bed33ce0,0,normal,
6850326582824c21b8d5eb25dcc92677,0,normal,
687e8dd262114ebca490055fc9abf05e,0,normal,
fa808026cb4745d18888c2acdeb82948,0,normal,
41afa16c44fb4b44941c95ea5f65babc,0,normal,
9eaf3eff130f417ba99a64c51ba0a23b,0,normal,
f9a528f429094addb6b743cf8ee95734,0,normal,
e2821cb2bf5740f99c064d2ca43ef3cf,0,normal,
98163284e5044f94bf49d8ed2c111c7f,0,normal,
2bd6783527204dcb9edd4fa80fb743b1,0,normal,
823733fd9a0b433a986eb9e30c64b643,0,normal,
f47d8e03ad8749809c18e190be4e1b2a,0,normal,
5dbe25354d754997938595bee4611e8c,0,normal,
276c539b55f042018943fac4026d248b,0,normal,
3b1190712e07484d9487cf1ecddee20d,0,normal,
a0e502263ecc4dbfa4d034733feac384,0,normal,
085c4b420c9f40ccb851f1500868abb0,0,normal,
eca1ff6c919a432aafb2ef790e6257ce,0,normal,
c62f441af12940058b1283c53248d9d6,1,structuring,structuring_737
1f7f6e30b11b4259a9a1f6f81c81208b,0,normal,
a6e94e5cade04d0c84893bb6ee723ce5,0,normal,
43a8c2c672c2472587c8fd17c4033073,0,normal,
5924cfbb87e54a26be7d3eacd2bff6fe,0,normal,
2e5162e001724dedb4b6118ea80366e9,0,normal,
b6238c660dbc4a7cab458530050300d4,0,normal,
b0e89878b7d542e3a9a5968fa1033312,0,normal,
51d6535091bf4c0caf00bcc670820247,0,normal,
44b87bffd9b447ed84b547d2963b4be7,0,normal,
6c919e42411e467f9cd7969e50ca99af,0,normal,
ed0f2a8ed431448fb34e86e5ee2d41e3,0,normal,
314e78efbd684d6cab50613904f584e3,0,normal,
10fe768774f845328f1c9ee4291485ca,0,normal,
4c0559ba13634191adf21b0f5f8b8e4e,0,normal,
482a8790a7594539aa8471123c54675d,0,normal,
90797f8d87174d5caa944f6306f8fa9f,0,normal,
37174a0d1f1344a9a4ebafc31870ded0,0,normal,
5f345d7762634aa180f82a0fa3e514e1,0,normal,
fb914bde4d1b4ecb9d16ca4339907281,0,normal,
d36d38b8e76b4b6cbdc2a0cd6cbdb745,0,normal,
91a857d0beac45f08ecc0e1fee972b99,0,normal,
b378c00d3083441ca572dc7eda9cd32b,0,normal,
8defd89c796144c49d5b4e0ffd4f9d45,1,structuring,structuring_737
4442a42ff2834ebc94616848a6898e36,0,normal,
59c2d68b62e94b39b54cf4ceaa4353f2,0,normal,
74fd4a14e17242d3977c91ef6c40b3da,0,normal,
4d7610e57c954171a82afed5fefec108,0,normal,
55a3b6129b57421d8633227e67eaa4bf,0,normal,
0bb0584612794ba79dd4dce10fc775fc,0,normal,
443fc3fe75de4732a07457e6c43dd7f5,0,normal,
752ea82f0585484cb0a22499ff63d54e,0,normal,
2bf50848d47d4fc895bd6f9ed17b53f7,0,normal,
3f9dc486cb044e08b2bf3ed37487135a,0,normal,
60f23d7a151e4d6bb0b4fe306f3a0bfa,0,normal,
17236ed7e46249ce8c49bd8b311e9088,0,normal,
3b38fe9fd77e4a5a849f90d177400b3c,0,normal,
177b0122c56e41daab70b46aaef9562d,0,normal,
2cdfa7d04605425694ab28d2281bd7b3,0,normal,
d735206547104e7ca998b7be5e8af50c,0,normal,
b52f95557556491390c5b496bf454887,0,normal,
41afc192e2bf4d7f8ea516f0505b5fcc,0,normal,
518ba52608d0409f8a560b86b3f3f991,1,structuring,structuring_737
672edcaf6f78481aac56cc493ed1bc28,0,normal,
209a81941e3749ceb4e5f1a7c6908723,0,normal,
f40cca1d6a664698ba589c23993ce588,0,normal,
c12e591428454d948f6ddb389e6c9a40,0,normal,
d333b6c23cda4dba962c06d7306dcb98,0,normal,
2c480ae6bb8e4ad2b1bd7925e679cce9,0,normal,
d1cd76b9756a4b52afa13b477a7b98e1,0,normal,
e768368f9e6e4d8480652ebf749337b5,0,normal,
9b0d33c06a26425ca717f4a1834fbbc2,0,normal,
8cb556008c074fdcac8e492650785fc3,0,normal,
126604fcc211404ea3da71cd99d0db36,0,normal,
4fca1466de7140efb20ea59f8b7bee49,0,normal,
03b8414992af4cde9f7d860477f2595a,0,normal,
3abffcda85e642d98490480a78b93cc5,0,normal,
1e3ac65c2f9d4e51b08bac323f090e64,0,normal,
0de250f49bfe43a8a0746af49e4c32e2,0,normal,
0cea8d3f2e1c4688aa1fc96b5bb09ec3,0,normal,
c8aa7dad47984897a30edc4298ce80c9,0,normal,
76a4e4a9cd174a2d9c8eee6910256ef1,0,normal,
d887e8ee74fa4496b97feed68e8df95a,0,normal,
a7c82e9a5c9b44f5b6713e4a789593e4,0,normal,
004b8b85675f492eb1b22bea524a0618,0,normal,
b71bc2edc01248459998d2e30a14d88f,0,normal,
2ef56803ee4e438bb4ed1361a25af8ad,0,normal,
5a8f2d260bd14d28a9316f8208bb842b,0,normal,
b549ad4cb3a04c458ab57fcb79e78bfc,0,normal,
9a22839c1b7640fc81bea0ad43a38aca,0,normal,
8b90715816914f14999d59811d2d4252,0,normal,
cf1a5882af754133a56cf9024b579fb0,0,normal,
e3be99b5bc964d75873c57410407efb2,0,normal,
32d6250578a34212be0154828437f963,0,normal,
0a845cb0f200490eae6c40fcdd07209a,0,normal,
56e8e62328204519a159f6eb8cc349b1,0,normal,
053a56535b294f139b1adaa2bbf5803a,0,normal,
aaa48de6778f437a84bde84c81ecea55,0,normal,
fa30f4dce5a34fe7a3d0d77dd6890d92,0,normal,
da2f9262cfa041219d7a012506be31fd,0,normal,
709773e48d0c4e93be081afa2f6207cf,0,normal,
6ed1aa7dbaac4a2ba5e1270a70eb8036,0,normal,
d35b4236aad44047b8d56a194ea87e45,0,normal,
b655c586600a49c5b003866de5d4e566,0,normal,
3feb8e4337184c61910a24be4516180c,0,normal,
f3ffd704e7fc40429b4df635804a25dd,0,normal,
3544808e721248ae938619d35ab8f6c3,0,normal,
a432b846ec7041d0814183fa76e05d28,0,normal,
4e54ccdd4a9e46d583a6f4bacfae1563,0,normal,
b81cd0e933a84b7b9d037495ed02ced8,0,normal,
138c0317aa024f0da12fa707196d062e,0,normal,
4449108236924947b88ff8f98d1685ad,0,normal,
8ca5fa4318d746df9f93903eee86e87a,0,normal,
945882ee6e194181ab9a5029dba237a3,0,normal,
60d390453fed4a4eb06e674eab596222,0,normal,
367cace5d34e4acaa59d56732613df86,0,normal,
fe96212db58f4dcb9af09a9cfa5b27fd,0,normal,
8aae2c840389476082b2efead8ad93d5,0,normal,
2fb31d331f3b4b38bc0874e2c4551dbb,0,normal,
698de1d4fa074adbba7673f466c0f832,0,normal,
ef93692ad1bc4b2caf0b019826f4b81c,0,normal,
45ae03dbea8840aca8e018bbf4e33b58,0,normal,
6d42f015051e45918adaaedb1aa52fe2,0,normal,
e2738d32d4284ba3b071e20b36fdab50,0,normal,
650c15db31864e80bbabe8d2e6791503,0,normal,
1dd524fb82624b2ea9d5aeea723410e9,0,normal,
d6f52396a3ba400bb0c499f324264264,0,normal,
bb795a1aff7d4c29b320ca99e1b77edc,0,normal,
7f9dd1f0de4942249fe89f94bf3ccc44,0,normal,
82d76984740d4266ab032922ab58612f,0,normal,
8c69ba5c76144beb80b166b0c3a73da0,0,normal,
be0f552e761e4d1fb23d1ba7d378f3f7,0,normal,
a4deff786a404aabb70c0309a86fe98a,0,normal,
545dd23ca5594b6bb74d2094d6227d56,0,normal,
db716846e9034513b1964b19caedc326,0,normal,
c2e9f0e555824d21a75f2a3389a8fa6a,0,normal,
f79bb3ac5b454e5bbe3445e852cdb0bb,0,normal,
804164029b4e46eeb3c61cae0a16adba,0,normal,
57714e132f094ecab895bbc7e6ae90f0,0,normal,
ae4990118085428c9bcc46d4a2fcebd2,0,normal,
e0bae6d4cc5f46eea89a6771bd1c6f10,0,normal,
762323f544e4485caadfa643dc9f005a,0,normal,
951438b19a0345938c745f1fba1b81a4,0,normal,
06e6eaae70aa434fbd06d72d0888bcdd,0,normal,
52573090412548269c10b54fe092a861,0,normal,
3c07ae0324b94e8fb6222b8f86dbcd91,0,normal,
a7d4ff247a8c4974a829010c612a6af1,0,normal,
d2dc85bdc49246f7a3ce788e5c1fc870,0,normal,
f6ef59d7a3f346e18a4c60f7b2286aa6,0,normal,
437a14346ee8400aab0ac84accb96c37,0,normal,
3d0e4f1ede2543b68f0f1b7031719843,0,normal,
47e68ef224524c35945e8a014581d589,0,normal,
8ce04853d02b45f2ba4228dae100f92a,0,normal,
5660a7816e334212be502498efade46d,0,normal,
01982618e52c476f886b16d5ad89675c,0,normal,
b1fee07eeee245c9a8260e25cc3233df,0,normal,
9f2b8b2b08a3476c82c1449fe305b8bf,0,normal,
99a6c2f477c946ee9cff59a8a1149001,0,normal,
3fcae6b8f2da448abf4e5dc5ec763e77,0,normal,
d52e3ceafd544557ba17a9e5fcc2c758,0,normal,
c6cad58e1271439ba33364a2ad53dce6,0,normal,
535c75f14f254fda9ce1166baae22ac9,0,normal,
f22d54f34f874487bd78003b67d9345c,0,normal,
0a07c19005b04616af6b22258cfef0ed,0,normal,
2fff6467e5e44b099d9dfc66de3f0e21,0,normal,
4d27a3fb6bec45639d87cfb070527457,0,normal,
90940c849603494eb64148f85a651517,0,normal,
87d158daa29142daacdd1e5a97447a84,0,normal,
545c18f912204ae88653a9e851aecc31,0,normal,
1a8337d026944d518791b7db185c8e44,0,normal,
7e88d61107af4b79ae95a2a209b4c465,0,normal,
7d9f585d8c3041f4bca8d271ea040640,0,normal,
876b9dcc3b2543e9ae0bab48d996f966,0,normal,
bdff399806cf4f3ca31e5e585e4a11f3,0,normal,
af175d82078c495f86a2e3cdc86a1320,0,normal,
d013edc5cd9043e28444de4b0c4d4474,0,normal,
11d53628892942dea2182b9df8d1e405,0,normal,
ea3d625cea4b4e25a4606fbed3617016,0,normal,
1a90b1d7789f41e498b2f7fbce6b5714,0,normal,
35053188fc654391a668d0329d52ebf0,0,normal,
9ba54786726e4b11b6af5193b2d22bd6,0,normal,
867d12ec0c2742a2ad279aed4974f6d7,0,normal,
f1beb50f282245cb86defe8062b98719,0,normal,
edce600b965048cca112ff0ed6431087,0,normal,
41b979b8654349bda4b19d1e6b4ab249,0,normal,
9415025caf32432caffe216820d42777,0,normal,
8a5b8b6eb68043c685e1b5bcdc44bbd0,0,normal,
93e7fd28b03b4accab10316ec07d93b5,0,normal,
3576032bb3bf4e08a8838a721f875088,0,normal,
78f0625e8f3a4c5e9dfefb488a250dd1,0,normal,
b19be189ca2a418bad5abb1d9f53117c,0,normal,
e3f8762828074e2e923bc980473fcb00,0,normal,
cd5ec0c797e743db8b9dabdab68efa93,0,normal,
f34501426e9d48c39f0477165f3ede9a,0,normal,
109261d42d67454a94057b71e6b2684e,0,normal,
5b7d79b404a148d29b4e5214f4739b40,0,normal,
e5abeaa01ff644b2b6f59b66e9ce1c3b,0,normal,
934597f6b92f401b9e56ee30c56ae2ce,0,normal,
bdd7548e41e6482785ece57246e56041,0,normal,
73c8dd5a00de4ef0bb9b4fa3e61e35f3,0,normal,
35465494c8564ea7829f13072900e21d,0,normal,
f9005c641f584adab6abdd164d548ab2,0,normal,
92dc080f5cd94e4381136fe8e709cbf5,0,normal,
be422712ddbb409eb6941b16bda0ad68,0,normal,
b51f09fb34b64b19b109e3636339d035,0,normal,
34be020791ce480fb22ad7facc8a4967,0,normal,
e1fa4946d7804543a66f0e5aa3c54cdd,0,normal,
0bcf4d5a3a154e3f9bbbf786ecaafa1d,0,normal,
7a8e87873a7e48109f64435b58381104,0,normal,
55479736017f4e58a806b212db09cadc,0,normal,
d32a453762694c00bd94b4529012291a,0,normal,
616504a309fc44549d71da48e0eb2d63,0,normal,
0c722a486bfb49f0af0ca319a82afec8,0,normal,
757b6ae9592143b4975ea896f50fa9fb,0,normal,
5de3808e7f6642e4ad43e2253096b909,0,normal,
014a998f73ae4cdf9a58a715d51d1e0f,0,normal,
3185811d66b643a48bf2f8f816f13fc8,0,normal,
d92ad2e005e7410d921cea4253795d67,1,structuring,structuring_737
8c9aee1246884c249da3a10dbf4ffb28,0,normal,
8c52503144b742eb9dbc73b07a8ae4d9,0,normal,
cc117d05be164e4ebcb47b8c618279b4,0,normal,
0f88328879fb4732820b1ec6fd363938,0,normal,
3c5471838a354105a633d7b8fa988ddc,0,normal,
992c9087a2e1410a9dfe43f2b8d454a6,0,normal,
f1c5c5891ccf40c198bf838ab7f8feb6,0,normal,
0a363b0134a04ce1bcf654ae98129196,0,normal,
1af773e809fd4960ae2f25de1a75e49a,0,normal,
35c6e63d34104d978a538ecc3ba795a5,0,normal,
eb36bb7a67b140b59d8043d0a5a92a11,0,normal,
60f8fd2c46434b77ba28821dead4de8b,0,normal,
eed3bb8f633c46d6843ff0e2f362c94d,0,normal,
5c8ad2f2b9e143f88a74dc2dac3fb700,0,normal,
acc0bea98df446838bc1a5c0dab3707d,0,normal,
51f69dded27e463abd9fe6b16fb8699e,0,normal,
3133e14908944384a4022e4e95eb0988,0,normal,
d0e24a71f82a4f21b143c979dad0131f,0,normal,
7bdd7eb6b6294adcb4318d755468e509,0,normal,
ce21ec98e52b4c54a18abe47979dc54c,0,normal,
dc530efa6c2b4857a9a76dd18614daa1,0,normal,
d113a0ad2d104321b74f0925de17c6de,0,normal,
1253829dfb36425294a978614c7d4ea0,0,normal,
8a075d07c71642e595fdf511eff5a70e,0,normal,
bc709a621d9442728e24574381961a60,0,normal,
ee752c19bca34a29b393047bb1b28019,0,normal,
723841317170475c8a4f64be4f7a1c15,0,normal,
1790ba74aa4443949f94fc853cb367df,0,normal,
f1e990ebae784013afcb11f1b9eb4c5f,0,normal,
2a15e8c9113343a490cb644c917e0abf,0,normal,
bb950909a1224adea3322922ab7cef1b,0,normal,
f244ddbae7014866816e0eb3e9cae11b,0,normal,
a47705a5110f452e8d646a025f213384,0,normal,
9fe84c71aa114bf3b569aed7e9252ce8,0,normal,
d88d0290354447c98de95d0375d34791,0,normal,
b4192d52e33f458682df52407bf7b76c,0,normal,
7449e2bf03cf4de780bdca5074321f58,0,normal,
3abcc1391e6a43fb8795828ffa239529,0,normal,
8df48d54a6424f1a89688ad68a872940,0,normal,
f43e5bf177d941f4ae09b5c4cec3b0a8,0,normal,
fa6719ac7ea442f793db7050be125afa,0,normal,
e9178ddc82b24a71a71277a5185dfbe5,0,normal,
53a8a0e8857544cc885b7267dbdaaf69,0,normal,
a3ede8632cc447138b556bb874309312,0,normal,
e44627f7c45a4dc2b6336f261550099b,0,normal,
96927c1f21954b11a2638f176dc1d23c,0,normal,
bbfdcebf8aec426e88b00aceacb762b7,0,normal,
dc891d1344b64fe38b62d902fa282e57,0,normal,
0c7baeece9b34fb29382e2f71ecab7ba,0,normal,
c7eb6fe596ab407d8fc914c9286e7ec2,0,normal,
794b5472171a43daae03ca20face9e2e,0,normal,
29f8d937f06a4268bd010acc460bb9c3,0,normal,
67a2cd5b8f604975978f38d195c87809,0,normal,
418e9899c6824e599e1a1af5608d3964,0,normal,
1b7f061a37eb42ecb62e75de779740ed,0,normal,
1cf0677be45d480ca85167713a58d687,0,normal,
ef08deb2432b487784da72cb96e6769f,0,normal,
9dd0b24b73cd4076acc3fb02dea3c32c,0,normal,
f4890dda85aa4c7b8e727c14e0cf7427,0,normal,
d11fdb84fd2c4712ba280fa3e900e1cb,0,normal,
bdb02c289ccf4712888e2b488436892f,0,normal,
6c56e8653eaf43e6b3ad3241d1633d41,0,normal,
5e866803a1a74d45a512185c9081cba9,0,normal,
8d5be882564d42d19bb4a6f817c74e3e,0,normal,
6346ca96379f440e85a04d887b271f1a,0,normal,
ca0948ec5d6c481cb466f98a6c3e2d36,0,normal,
24823b77cab144d6be451698d6d58b4b,0,normal,
0c6490f403ac44c8aaa4f39aa3ff5196,0,normal,
7bd67446747845e9ab181715a98cf11a,1,structuring,structuring_737
e8829fbea5104b46a6d6c2e6fcddff70,0,normal,
51374fdfbc5f41d089f039f19aab9b0a,0,normal,
0cc8979dd19a4421a5171474bb78c602,0,normal,
3bfd77993f3844159a7ba1c0a35b4918,0,normal,
f33ccb305d9e45cc96b89f7f4a9e69bc,0,normal,
c889ba0bc7ff47f39bdaee342396fdb9,0,normal,
0e0cce1da91445fe85418fa363cd145e,0,normal,
c5f72f8d45984335ab1e8a00b6eea765,0,normal,
cb121243f41f4a63887e053d9cc81685,0,normal,
5df74b9c507c4d61b3a59a741f292fcf,0,normal,
e0f1fa534ffa438e9ad5cd8783a24a18,0,normal,
830f71b9d9aa4f2ab915c2e2438a6fcf,0,normal,
d70e39f527a54aa393236cebcf16eaa9,0,normal,
180c8c7789724337ba6ff17c7351ad99,0,normal,
008a83e76bf94fa594ed439659cff7f7,0,normal,
e9fcb8e568374ca5b9f29037f67a0f82,1,profile_deviation,deviation_125
787d97784bfb45e7981a3d71631f3c55,0,normal,
6c76112d96194a9599afd9bab2dba254,0,normal,
8b3317551ad44c54a3cc82f6692bfbad,0,normal,
1391488589e64b8289bec9ccfdbd0947,0,normal,
bc8d3c915c4343da950dc0af552ec688,0,normal,
ea32fe86cccc4867a6429c36aeed9d2d,0,normal,
70014af2024e4d5b96d06af1a9148da5,0,normal,
2e25244851164e6a8c680247e2647570,0,normal,
379d51f2abc8458fb448c7091dec8a54,0,normal,
a84b63dea50142dda27ae715d1c06244,0,normal,
b5ca623c187b4cfab46b6fb544be5241,0,normal,
e45c120b72914ef08503adf51d30f9c0,0,normal,
56482356ea5249f9ae741aa9c13b198c,0,normal,
00159f0a0bcd49f08e528811f9becbe6,0,normal,
e6cfd6154aa24dc5a54184aaf870c228,0,normal,
1ac75cd737a243409771021a1e561904,0,normal,
143adae87d1a4f669732930d566057f0,0,normal,
abc45e7b4c1b496380e6855ff9e40582,0,normal,
28d6d48690ff4445a7831b45dcd73156,0,normal,
a082b7419db647499c34e11bffcdef92,0,normal,
5b94daa7c2d241468f45713fa30fd901,0,normal,
6f1d9060c10340e6a6296445b492e2c7,0,normal,
faea87e8ff2246359d417d11be118f17,0,normal,
6d8b7e6ad6dc4e8fb8fd44be5243b2a3,0,normal,
4f8741431df34460a8a8449420cb807a,0,normal,
bf8bdaac0565471d94f53b60431dcf6e,0,normal,
8a76bc2100374197b92cf18faeb7cbfa,0,normal,
58c4e3ffddaa41669f6ba9190bcc2337,0,normal,
25ecd91402124436af0b67f3b997781e,0,normal,
23132d74162349c58d10291dd4f85cfa,0,normal,
8ac6bbc41a124772afc1dc7a6ce02998,0,normal,
eca281ec968641a6a898ba39ccdd6bc8,0,normal,
31213ca6a5b34a68a28e2cf239b89037,0,normal,
97b6f24664bf48f7a7d36efba6da7639,0,normal,
8357bd9fdf8e42eaa1d7af166362b735,0,normal,
7cef06032800474ba37a7c68196d075f,0,normal,
23d7cdfac9db4e509b2fc881062c1688,0,normal,
08cd8defd6254b13a725e6910ac21d02,0,normal,
1f13415a110147f89169cfb1284237a5,0,normal,
cceba9d772d943ab9307ec77ab6de3cb,0,normal,
faba4946fcd84b7995c834f445779016,0,normal,
bc685ff49f75435abd4c128de2b56173,0,normal,
8d17ed7726794d1eae006e14922dc7a7,0,normal,
479b96e8b72141008bdb7bf7516215aa,0,normal,
359b263c03f1405fac24b0b6561efd6a,0,normal,
93c7a60570a14996bc24771e69c2b482,0,normal,
d2084c66f6fb4cd395866cac153b38b6,0,normal,
87c7df18d48340afa9008ef5b90f1cf3,0,normal,
c70f33f4a69e4a0f93ea20b4cdea8b98,0,normal,
3d8b3d52aa2a45ee9d498beffa3316db,0,normal,
d606f2e3630743f78c4193507be58789,0,normal,
a8079bda9cbc4b5881cb1cff2c37d445,0,normal,
cd9946b3423e4f65a10cc4488ea89584,0,normal,
eb07321550fc4b6d88a40c006754bcbc,0,normal,
26c8319d556a4e8892472f71970b7dd9,0,normal,
e79b46b25a424eaea8c300cac77c5496,0,normal,
13d5816283b3472eb29534876e878f45,0,normal,
b12b3238a71a40379f1d9aee07fff64b,0,normal,
8672bfeca2e84d62a8757c4b7925ae7a,0,normal,
6985059b0515447b9a95446d24566333,0,normal,
d495f89625204abe8700044e9bf115e5,0,normal,
9212820b55e94665813388e297041732,0,normal,
fc27596178234341aa23efaf2b0b37cf,0,normal,
d48953878d0f4454ba760df2c4070a26,0,normal,
83b41153a0d64553b0648d7399a0075f,0,normal,
741a792cdb2a4290a513020da2e5cb7f,0,normal,
6597d74399434c8db028addabd1db0c5,0,normal,
e2d1d1f396c14ae08e3bbc5d9ed677f9,0,normal,
2958422a79ad45648ad2da12c884f07e,0,normal,
8bbc74e70af04247a3de50db3f1b719b,0,normal,
40f80276e0f044bfb1d1f946c663dab2,0,normal,
8a211ccb34ff4e41a0d7415c7fe52c23,0,normal,
b9ab1075a6cf4f2696a8685895e95dfd,0,normal,
58624ff80d3f4cc4bd46a9ef64acd4fa,0,normal,
3ec4edf97248426dbb538f632242ed71,0,normal,
2fb25e2c207d4a49add2f85158baee60,0,normal,
5b58c2558396487690eb356dcf4f7be0,0,normal,
9ff2d511aa0e431683af78a7f2db5b70,0,normal,
4025c6377cae433b9e63176de01830fe,0,normal,
309a555da87e486d8869bc53f8baca04,0,normal,
3984648b2f374d14a6949531a1bc62bd,0,normal,
252ec20481244e2db22b98e0a6f0ee01,0,normal,
5d594980a3574ae38427f03906e20143,0,normal,
9866b85aa53343439609dc86f07756a3,0,normal,
6429d03056864d778ce1bd4100ed53fc,0,normal,
0fc6fe3882a74d9b893956b56661f5e6,0,normal,
4df4057b261a477eb07939905b5979fd,0,normal,
58115320d22a439cb6f967b534d1732f,0,normal,
c7dc112efd244503ab76e85064fffe0b,0,normal,
d189e161c37c43fea27f8d6f75882ab9,0,normal,
b20f618a842f4bccb30008452c984740,0,normal,
69c2be67e80b4118a889f9ecdf6beb97,0,normal,
230b86728c75499696aac3128d571011,0,normal,
d03c922019e746e7a2a6b2749d140d34,0,normal,
e39a9b9a17ba4c659b3dca0e993a8f57,0,normal,
7db2ea98b731455f9f2010bd237815f0,0,normal,
8d8091d3b5204a8d9bb70fa5b7b8b850,0,normal,
d75dc3233e94490a9ef27aca176d0666,0,normal,
9261ba03e2b94af1a5ef2e63540bd752,0,normal,
4f61b95e358845978075a618a3f3dbb8,0,normal,
2906db0be5ba4315aca2ade23eab2d98,0,normal,
f9e758a3f4484151b5aae3dbe4989376,0,normal,
89207e75c3ad4e8fb95504b00a91480f,0,normal,
59f8b254ffa8432c9c5bfb4ded802d58,0,normal,
4b682da7077d4cc5b5bc79dd4cad1422,0,normal,
7da2afc4fac04456a85165f2535c4f8a,0,normal,
a829112cd7d74cad8661b479affc15d1,0,normal,
7340e02a3f1149a0a1dff22db10c6af9,1,fan_out_mixer,mixer_121_fanin
9b0db2d58ac74d989107367c15e80760,0,normal,
3d18d69fe7644dcd889f33a26018684a,1,fan_out_mixer,mixer_121_fanout0
12d5201cd0f24d6685a1915fbefd8397,1,fan_out_mixer,mixer_121_fanout1
a59f0ce776904842aefc85cfcfc6ca44,0,normal,
2e7cbb518e9342fca55e185e842efafb,1,fan_out_mixer,mixer_121_fanout2
144fab76ba0b415eb23ca31b05d90c00,1,fan_out_mixer,mixer_121_fanout3
81638f37fdff422a8d027a2a3120f8cc,1,fan_out_mixer,mixer_121_fanout4
ce820681e84f4184b7ba6319b6662d0d,1,fan_out_mixer,mixer_121_fanout5
66cda6eed0d04b7197a1f51b0053d020,1,fan_out_mixer,mixer_121_fanout6
90e2ce5f895840e382cb9dd49c71396d,1,fan_out_mixer,mixer_121_fanout7
14c26ee69a574a06b9bbb65f4a4fd559,1,fan_out_mixer,mixer_121_fanout8
668e339cda2943c29bda48e011ca0d06,1,fan_out_mixer,mixer_121_fanout9
41afbc83572049b88ee82f8416d43603,1,fan_out_mixer,mixer_121_fanout10
f2219fe8b91a4adf90deabaca4ac5c63,1,fan_out_mixer,mixer_121_fanout11
61b2fb64acff4da79d35ec1b4dee7f0e,1,fan_out_mixer,mixer_121_fanout12
ec9b432a392642a6a35d4bde8a47c797,1,fan_out_mixer,mixer_121_fanout13
c11d7b5f984f40d99f40ee5afd01b7f3,0,normal,
947f6433868e486595dde177bd447bc1,1,fan_out_mixer,mixer_121_fanout14
ba7f9874296a4b8f9a5fc593557aa4a0,1,fan_out_mixer,mixer_121_fanout15
ca354fa87c994b9a97a2c147ca141e7e,1,fan_out_mixer,mixer_121_fanout16
7ee8d44308f8455caa04a5054dbacace,0,normal,
573c5050787a49cd9fa7985f1287058a,0,normal,
a64f2ffb5a8c477f9d1e6b5eb9a6ee5a,1,fan_out_mixer,mixer_121_fanout17
1b38c93147404562b8ffae2f75126cd2,1,fan_out_mixer,mixer_121_fanout18
52fa9089496a47c2821fe65b181f6687,1,fan_out_mixer,mixer_121_fanout19
b05e9693be014cce8222f6badb35a124,1,fan_out_mixer,mixer_121_fanout20
04c6700e114c4c03b904d8036a3961a2,1,fan_out_mixer,mixer_121_fanout21
4c32796ff13d4b5489707d6c8530760d,1,fan_out_mixer,mixer_121_fanout22
4e0bd482ee834bbcb7ac4d0101b32a06,1,fan_out_mixer,mixer_121_fanout23
559b8b8fb02f46079e7176cacf4d05c1,1,fan_out_mixer,mixer_121_fanout24
667e5d9288204cbf931a695d81d4954b,0,normal,
ef2320626de54b67bff95919dedd060a,0,normal,
6ed8ca0c881e42a9b8aca4fefe268a04,0,normal,
5e5b7223c6e74e22a704692605091623,0,normal,
b70cf88965a6493291fcf47e8b959808,1,structuring,structuring_737
25d0aed85bbc45f3ab7172c53099521e,0,normal,
af76b03a877f4193bb522ab81be93c14,0,normal,
050f1ab5ae36405cbeafd74b72bcad99,0,normal,
93fbb56b73d24a6bbb5b2618a52e7bfd,0,normal,
a9e21c450917469db769d2655f0de620,0,normal,
05a9d76fae684eddb3c94e56b105c9b7,0,normal,
5c9e078830e441f083ce3b2d6a0c077d,0,normal,
fbb2f9cfde8341e2811175a76d0c0f6c,0,normal,
bd4078a70038456990ebbc1f45a71851,0,normal,
c123196c245145898eca45449a145a90,0,normal,
712dda6f58d241d2b8c308e5eb7567c6,0,normal,
f747d479f7e34722bb25669ffdadc43f,0,normal,
07b7b479e48a4e53ac373b22be0aca2e,0,normal,
b059feb7e5204750bad28e6498494119,0,normal,
d8370b6b807c4181bd8b520f8e5918b0,0,normal,
6ff4479ce54a4bb19d6b28de2bb30e98,0,normal,
0d44e33ca23d41d082e6b34c75ec2b41,0,normal,
d741b44a9ad84d328d34747c73644bc1,0,normal,
861224fcd1b848d99e68ad4762862cf3,0,normal,
ede34acdcb1041a680e883f85b17ba5e,0,normal,
952052613a7b4050b19f08b1935df531,0,normal,
f6a791b3de3f48719d128dca905f276f,0,normal,
c9070e9675c74420b68ff5a2490893a4,0,normal,
b66081f68a6c4c9f8c52713b6ef7ed62,0,normal,
a676a053d9d5423fb8b2eeb544e04c7f,1,structuring,structuring_737
edfe2da58eb74ed8b0fc355a9da8ff62,0,normal,
d8cafbbabf234ccb936aabc121415393,0,normal,
90b5937aec5840f094c17f084c7e7499,0,normal,
a022d88cceef4801a6896e8206c36d66,0,normal,
a0f8c510c4954e23a90a0f0799830877,0,normal,
37964c2a30d3452c857d3db4f8f4d6c6,0,normal,
0de5d63b89a74942ab28c75df916ae7a,0,normal,
c8b64df4f1014787892fb348dbbb0297,0,normal,
64c6bbd75725473bbd5e18ed18fc7578,0,normal,
d7c5401a99524cc89b1e36f4016f2dd3,0,normal,
c5bfc34bced94d35a119fc1b955ea1ec,0,normal,
de8a722c7ade45108b70b72a2494c0b3,0,normal,
cb979e4604f848ccbc5bcb16b2b53c6b,0,normal,
4bbddce64c8d46089909ae3b3b001d98,0,normal,
c8fcd6ef95a443b885141c01513e7c30,0,normal,
5daae81423634376a67e3b2585d0c518,0,normal,
45f451b2e97c48988ebed9a5134339ef,0,normal,
3e708e5b6a164c7bb82f613eb694bc3b,0,normal,
12655fc5d64741a198d97302927e5443,0,normal,
2b4b70d5af2c476c8dd38b61959ef22f,0,normal,
6ec0c79e948a4625bcebc87e1a66a1e2,1,structuring,structuring_737
047f5ba979f24b93842d315162f89159,0,normal,
baa7b43a93ca40b68f681fdbeb29fa74,0,normal,
a50e14acf2164e198a8de69dd5ae20bf,0,normal,
44abec6c77d54cefb44085fd1fa08c1b,0,normal,
77db2d7b08104e739e178c1712a8f4b3,0,normal,
b1293160186044eeb54077a0ae3c3e7a,0,normal,
5f846ac674734ee9ae017b642ec0010b,0,normal,
f3529398a24742ddaf2c8c4a044650fe,0,normal,
f55d360abc1041f88af5ecaaf75e2d6f,0,normal,
5593e615eac84753a0592b6ea07220a8,0,normal,
4c5f0af6bb6c4c0792be94f1c19f918a,0,normal,
c0340604a53a41afbefbc01c12a157e2,0,normal,
565a4ddf20d54b9483c2b2a6085ea643,0,normal,
9d9e5e96e26548dcb54eec0a28d08dee,0,normal,
956d010733ac40b8b9fe78861824e761,0,normal,
772622d2e4314f27a15ed4799d73afd9,0,normal,
c4abb64dfcaa4109be7e8636afc11c19,0,normal,
bd674ff64a5741e88b90f4ab8aff8c61,0,normal,
fbb36a3a6d854791bb8275e1806004a7,0,normal,
cf113d833ce14444bb023ee36905ece1,0,normal,
3c5829c74534495b8c5999d29ee8a68e,0,normal,
63f47b99df864f919b3b1be65030b569,0,normal,
38c6ffb26f7e459e96da1c2d6ec4b050,0,normal,
ddadb995bf2f4aa7b03ea8d9105a022f,0,normal,
cd2b8955f7144ffc8acf5b89bb6b680c,0,normal,
b14cf095e5c34d02af4461b04e7cd7f7,0,normal,
6b5d2ee3547049e7b24ada8465f12c9f,0,normal,
38840ceb95f2498cade5f32918e8ff6a,0,normal,
12298b26f7da4145b9946e4542820d77,0,normal,
41b80eb4758b4f06a7d34a344b79094f,0,normal,
d5683dcb4c9c4c65852ff8ded05cdfe2,0,normal,
d33ffd73ae3749708aad812dde1bfc96,0,normal,
003623dd16be4a84adf933aa88ce7a9a,0,normal,
c811579cc667495dad442f1270566d39,0,normal,
c08d3d793e1848bab02c869483ddb413,0,normal,
cab4e9af17144ee4b7e3b42f55aa2902,0,normal,
49b95f340d3a47f99a998c7775a55240,0,normal,
a20f8f13802b4e0cba07500099d44dbc,0,normal,
9862f1a4742d4246939ebc35f8570677,0,normal,
3ad54dd08e98426d99816bd8f9833c71,0,normal,
3f4d9ef5ab36428689f3907319f1e0a3,0,normal,
d5356e03d8c84583863f39ae65756cf5,0,normal,
e691e80d53244d449eecff1b7ef819be,0,normal,
ca71696713be4330acdabda805d4a16c,0,normal,
62240ee250a74c42b121115a52413e19,1,wallet_reuse_burst,burst_449
576af0e32082418da9ad63f05f0e7882,1,wallet_reuse_burst,burst_449
913271abde884a4e84a53a0cb6151542,1,wallet_reuse_burst,burst_449
09f42eeb00d44cbcbe0fa2cf52756b71,1,wallet_reuse_burst,burst_449
62522bed9283452f840953e546a66fa2,1,wallet_reuse_burst,burst_449
6d450dbd923d480f939f51ff1a535910,1,wallet_reuse_burst,burst_449
ae00e8a26f2d40f0909dc3d9d2361d88,1,wallet_reuse_burst,burst_449
fede26e52e5343d09d5043a4b82bdd24,1,wallet_reuse_burst,burst_449
27b12257cff14ea28310c2f36645a721,0,normal,
dcf7e71144194dddab1c7a139fe485be,1,wallet_reuse_burst,burst_449
4dbac60434764367b7320a12d129224d,0,normal,
72ba2525de424d839242d0c168d2575a,1,wallet_reuse_burst,burst_449
c0f78f5eff304cceb1732c4006198cb7,1,wallet_reuse_burst,burst_449
449a1f8e723a460aa3982440831ae69e,1,wallet_reuse_burst,burst_449
a63eeadaf71a4171ae42b11326a4f6b6,1,wallet_reuse_burst,burst_449
9165738811b947d397a4b5f5210ccab7,1,wallet_reuse_burst,burst_449
2ef71b3bfe9046bc81b3d74ccf62f7d1,1,wallet_reuse_burst,burst_449
4fec58b2365a4bb4aed55e2bf3ce3699,1,wallet_reuse_burst,burst_449
5ae27deb0c564588ab2d986f79854b44,1,wallet_reuse_burst,burst_449
b8a70c8343b945fd8aa6a2d05d4624c5,1,wallet_reuse_burst,burst_449
380e29743c7040cdb060c690e2a35e8c,1,wallet_reuse_burst,burst_449
acc861e8f877424bba658d604ac00a87,1,wallet_reuse_burst,burst_449
8e675d75547f46aaa2019bdc1d03a549,1,wallet_reuse_burst,burst_449
caf9535cc28a4b46aa82d2bb813d98b2,1,wallet_reuse_burst,burst_449
6b6607bed2c44df1bbfbb38c33eb1e5d,1,wallet_reuse_burst,burst_449
d78f465c098941a882483847a124155f,0,normal,
d1b6369127784c80850272f012280cce,1,wallet_reuse_burst,burst_449
8a69809d215c49b8842d316e27caaf3d,1,wallet_reuse_burst,burst_449
1eadc399e19c4a4c9ca1b12b567749ed,1,wallet_reuse_burst,burst_449
be296259acef4636bf33f5132957ab7a,1,wallet_reuse_burst,burst_449
e4db1c2ba1ea401e86ee1a797d04c16e,0,normal,
233d802e55884d19adfa4774b4b118b8,1,wallet_reuse_burst,burst_449
3bb108c53aa649ec813e024b8ebcce3a,1,wallet_reuse_burst,burst_449
d58f9728825b45688f701a587bf254d8,1,wallet_reuse_burst,burst_449
298fe0f637a74171b2ce282c380ebaf2,0,normal,
2f1e01491e074405b37ed66583959eea,0,normal,
766281648bab4514a44ddf6807d7569f,0,normal,
f86db75c3d1c4607990a2268da02f2a7,0,normal,
d6ede35d7742425eb6899941543a2443,0,normal,
9449c4db2dfc4951a81bbe1fddb622ef,0,normal,
6165c19de87e4d048f14a026e8e341ef,0,normal,
fb381de038944d1b961b8ea8496ee1c2,0,normal,
138dab12f10a4832b716936b1df06761,0,normal,
3238048310f342ee83d3c21058cb5da5,0,normal,
709a1ff6243940468c21dd574a6226e8,0,normal,
73cf671f1b14423b9e967a588c7b4ed5,0,normal,
8983f9eeef734e578eda6beaf81f48b5,0,normal,
de042b1a197b4403823755f03ee57dae,0,normal,
db1cd74c2e8f45a3939d0631ee9c937e,0,normal,
a67ff4e0b84446a394f49f8cc591ffdb,0,normal,
5ba6ce6cd431483da1342c8859f97617,0,normal,
72339e4fb7f648179762c8b580e09e5d,0,normal,
05309a5e54614a43a551d4396d1b973c,0,normal,
6cc8f8a9f53c47dc8dea20699df59488,0,normal,
92f14abc3bab499ca787e03e58b882b0,0,normal,
88b75433849c4e708ae8504763f6fded,0,normal,
387938cf27ec4f0db48f9c1d1a56845f,0,normal,
87e849427fef4dc9a1b3afb56355bfb0,0,normal,
c792ad0b9c6e4a72ab8e888e64941b90,0,normal,
2a4a4c3283d14058ad7d4b65c3d73fd0,0,normal,
bad079b3e1514585bb43a9b3df80d0b8,0,normal,
ba0ef2906c474e12b49f6a64135dc0cd,0,normal,
972938f6c2864ed0ac1586ff2d32851a,0,normal,
dfed10fa179f42998b67c1c9a0ef9255,0,normal,
04691b05efc947c381367fc96347492a,0,normal,
268c74eaf5ee4eb796c8aa540270eb0b,0,normal,
a9f51f2dc52e41d583fe2ec505e9e505,0,normal,
417a5c9e3ee1498ba6c285f5f9af9d30,0,normal,
72646dfd7dee4b2d8cbd7e6aedae825a,0,normal,
c194bbd2bb674ca48f1ef7703d9dc63a,0,normal,
b37e8efcb5b24c2e8b5870b47830ce71,0,normal,
5dff0fd5b1b640ab8a332b82baafeea0,0,normal,
1601074a0fe9477fb36cf1af3e52497c,0,normal,
102d8dc2a8074cf186ff7b8d035c7e19,0,normal,
6c71376edf4e422fad45b2d754481b66,0,normal,
37009ff4b2b94cf1b15daba826badbb3,0,normal,
c0535c6bead546bb9c34560c7757a79d,0,normal,
6088a520e40a4f16a1bc4abe3c7b65c6,1,profile_deviation,deviation_771
725dbca5d48747b790354261862513a2,0,normal,
3221067ffe574dcdbfdac3f5f45de3c4,0,normal,
7fe3d0ddbaac417881eefb7b3470cfd4,0,normal,
3802e795a22849698d2a976d00847119,0,normal,
d363a775c3e54e4080d0c266bbfc0406,0,normal,
718457c93d5342d1a1fddc35aa5b7b45,0,normal,
8b61db443b374eba97c65caebf5ded34,0,normal,
7b66331704d04fd1abbdf13d5b768bc7,0,normal,
23644de2aa5b4367b48e6de875960dad,0,normal,
bd974a5b75b8488ebe1fa445d7c89073,0,normal,
7a3857a9695f408babcde334bd2505eb,0,normal,
59ff368a7dc64989b0dcd41a9bef4556,0,normal,
afe8ac7e29a84398bc51d659b691c5fd,0,normal,
4471ac12b0bd429c99c69e5ff1b5a0ab,0,normal,
c560f29d79364b4dae7a814c9b9f3c5e,0,normal,
775aa8dd64544dd5935c89bdfa21cf7a,0,normal,
1ddbfb5e36974dc3a254268e1d0d3500,0,normal,
a96ddcab60bf48d0848378c2fa9bc703,0,normal,
58be48346b274796bf24eb681b348966,0,normal,
1968401a1ac540f3b0d5d709b75d1f80,0,normal,
d2ceefc3051940b497ac823c26c9b20f,0,normal,
693634e4c1b44982b63fbc99237efb2d,0,normal,
1025f76ddb634406a2c85ccb4ddc4fb8,0,normal,
9f0ddfcc5681473fb3e20b0e57ec9f8b,0,normal,
6ef9ca7a812341d0b135b6fb491667d7,0,normal,
fde83ee2a6d44f0eaecd27edbf39ec8f,0,normal,
9895865c16404878934beed2cf88756f,0,normal,
0d8d4dfa128c4b5f806ca2603977e21a,0,normal,
b30a85c4915446db8a9d113b1bc88829,0,normal,
58e11130cec1497ead204ec68ddfff9f,0,normal,
3d2c3e17efaa4622baf719eb89f742ec,0,normal,
c6644b4c9de2434b9c1e53837184a4a0,0,normal,
351ea41c34a34c7c96fbc9160c627dcf,0,normal,
3d6f2c4bc47946b7a9bcaa4fdc257d97,0,normal,
f06e497cf0794ea39ac86b93dc0ec76e,0,normal,
1bbeadaa30924a949528ac6d58cc8446,0,normal,
cb3dfb58a6024b45ada54ef10a00946d,0,normal,
cb3bff64f7794d02b4319783b767d82b,0,normal,
98e65cf752be4fb8ba8c2460d56e830e,0,normal,
4f117950520b48a8a11ad9131937ce7b,0,normal,
95da4803aa5c44468f556051cae35433,0,normal,
e3fa74505ff443e08cf677e3832e8ccf,0,normal,
0980b6571b824342b8f40d8a88d03a8f,0,normal,
e4242eee0ca244d3b7c0463ad0892763,0,normal,
3c73b6107cc845c28f60ae9ed931aaed,0,normal,
5fd5e12ae90a4067a8c30ca14cf05d5b,0,normal,
48110115510b45edbef7e3dc88db1fa7,0,normal,
95293894387b4aef9e450f7bd75312a6,1,structuring,structuring_737
b58523bd7fd2458faee1bdd66eb24d48,0,normal,
481473e52ac44950bfead1e6065be9d2,0,normal,
2ab72d93b75e49b38b986aaba0afea7f,0,normal,
ae982b4ff7934d9d85d39188d15a5bc1,0,normal,
7b2d7cfec4b64d09874b2c6aa7cb98f7,0,normal,
46982ad087c94ed4ac7d0246b7bd8475,0,normal,
39c6a58fbdfb478880c52e20fe939b92,0,normal,
2f6494b0335344efb5857096896a3256,0,normal,
289ff2e0c2cf429ebafa133d1edbf3fe,0,normal,
20aa79db13a845fb956f7b34d61b2dff,0,normal,
ec6573e288c4418bb4ec050497aec37c,0,normal,
e49bc89eb92b4030bdebc19bdd175386,0,normal,
d77cf8b5dcf34a108c04abfa0f9917da,0,normal,
274de430ffbe47539bfb1e09d33b27e5,0,normal,
1c0e3dee38544e4f8d3387af811adb35,0,normal,
122c5b56c6cc45b28b8639746a7cc2b5,0,normal,
938e37ea371a46ce8ce1bf439f8ec49a,0,normal,
587fcaf732034175bfbdc1d8d1dfab8e,0,normal,
66b1fc64341549ad88d0b4edb1029784,0,normal,
7e0996c0d0cd4c01af98949c68869d2f,0,normal,
c11dcb0edbb049afa5f3602a69fd626e,0,normal,
6eac98f7dd7243d3bd60102fbd9c4769,0,normal,
2399349c12ce423c94a8cf1eb301dbb6,0,normal,
c0a1deebaa504dbdaf3fa8bced393310,0,normal,
f250310c6403493ca80a0456fdca0e5c,0,normal,
640f1e5784244727a40f07fd8beac715,0,normal,
0fe51daf0d1147b380fd14064f238d17,0,normal,
70166ef176274210826580aeef4bf671,0,normal,
74ded79f6c15402ca70b357460fe8bf3,0,normal,
017ad57c78284523948e7178a5b34998,0,normal,
f7c1d790c49a4a61aaa6a384e861681a,0,normal,
4a9b1bbcced3426c933f669de8ff427a,0,normal,
09385721895348998f979237b6cb88e0,0,normal,
105ce81756c44e57a3ed2459e4bcea66,0,normal,
4b4469f4453c4bae836f1dd1fd6f0c3c,0,normal,
242d541ec562401583fe6e82245dd33c,0,normal,
6f33f647c2224612b2b9b5cbf3e4fcfd,0,normal,
fa3b09d3153c491f943e6b88c8781a5b,0,normal,
605ea73cd33941eca17e9fe7cac03a28,0,normal,
ddb9028281bb4406a994f9ca3d35c527,0,normal,
9d436ada38114444a40725515809f0b6,0,normal,
25688ebd635e4fbb8586606f64af1bb6,0,normal,
c77c99371c1c4e2987d30a784cf455c0,0,normal,
99e5896ff042408faeab78606fff7d0d,0,normal,
73e80e85a73c49ffa97269f96aa730ce,0,normal,
87ede086fa604741a99f986f3333c5d4,0,normal,
0667397f0fe1481c84067cfc3bec6691,0,normal,
5c2601c46644441db01c07448604fbac,0,normal,
7f882bbf217e44d2b5e562a9fa778593,0,normal,
3f9f36d8cadc41449ea0393faa572fd4,0,normal,
df6e2d31772c4c589e51220de3b30249,0,normal,
f6305b161cb9489f9292ba692fa0fafb,0,normal,
03ccde8222074aa2a3868a3fd2e23494,0,normal,
9094a52963164b54945f66189f00de50,0,normal,
fe10a0307f3d415a8f92719b281cc64f,0,normal,
34178cf0703f46939f082350bcdd7a87,0,normal,
a2b079ac9ee249f2a4ac37b117abe465,0,normal,
70038fa4869c418880923c2e0b20f4d6,0,normal,
4f8cd78bd343425a801d5add282b049e,0,normal,
03fa6a85f49b462088783d2dcf989c82,1,profile_deviation,deviation_382
b9c109af02204b388a834daa5feb1b66,0,normal,
d9c30b7fe1cb40889f5b950f986344d5,0,normal,
c9333feb9c2f4c15b5995e96cfd0a3a2,0,normal,
9cf4a0c97ca2449b9314df05a4001c54,0,normal,
677ad1189478416bb784578056231031,0,normal,
ad6daed179f949e797b52d9dd24dad48,0,normal,
ac6b7457e86247c6b9fc605e03e7fa3f,0,normal,
ceb6302395b84174a94192cb80e44381,0,normal,
f94440f12fbc48e5b9e8355520f88b92,0,normal,
34127ffef8b84ea18f05ae7c2200bfe5,0,normal,
01934c493b83473488cafeecc123057b,0,normal,
be735975f9684f3fb79bb83895559f08,0,normal,
14c5776977aa4ac49d34cb4de1bfed42,0,normal,
18565009fad2463692b2cfc1592458b1,0,normal,
792ba6ae39ce41938248b5afbf3a4e25,0,normal,
826ec1cdd5a844ba8d360497caa3d455,0,normal,
129666d5e8b34ef5bf35eb9726e318b6,0,normal,
ddebe08f0f7148d7ba310345b5852ae4,0,normal,
7c3cd29a73214bc188a6cd53c1a3a369,0,normal,
73a59545842645d8849cb8817b72cf1a,0,normal,
61b8b47d67ce4731bd563d27af3491c1,0,normal,
0871d8da280746fc92b20f9b9bd907f4,0,normal,
9cbfbf20fa8b4292b66385000fbd107b,0,normal,
5d43b363edbb4b4fbbf37a2d3f97ca8c,0,normal,
f700870400634e4ea09fb56171ea4648,1,structuring,structuring_737
8db198f4ffc04a0482e7c655b71b9b8c,0,normal,
d85627e8bcc94e65bb2abf994deb3f26,0,normal,
a8a998d4cfa74fdea4a47c50c094e599,0,normal,
05ec42437a2f498f8a5735ba17c08fd7,0,normal,
22b3eb18422b47f09afcaf64b26482c9,0,normal,
ee8c5d6cb7b84bbdbfc0ddacc41e4151,0,normal,
629d60af80904278a0e362d56d7aeff3,0,normal,
d94dc48f851b47769b86199246793e50,0,normal,
c8d91887e37644c7963a47bf39fe06b1,0,normal,
49d6e3db1aaf4af28d7b8a4d7f3ed0aa,0,normal,
61180b9fbe714a129a57c9fb4473aafb,0,normal,
62dabd7e4d9c44d1ba7e4a5056fd4faa,0,normal,
128d779d741040de805be0240b412887,0,normal,
5c8ed3e031c14af08cbb7fe4c9ea20ed,0,normal,
428d82df212541c3995b8e81e90daad8,0,normal,
65417928e3a64959933a877e45e9d445,0,normal,
01a398c13ed941a0ad6efe7f4a9f7288,0,normal,
01652bf0870e4895887a22c695bdec7b,0,normal,
94e8eb8072154c6a93387e6e279cb01b,0,normal,
acebcf8f550246a69f1ab7c9423aa6d0,0,normal,
645dc665f1044dcb87831fb73eda0172,0,normal,
88ebe2ec585e4c0a87a8f690e5e14f04,0,normal,
f53fc18e57704dc49cc41513b82d0355,0,normal,
09f7dbe9bdf74c1e9370c178e6717d93,0,normal,
8b182a5d62fe492d8ddb96fcd2f9e8ad,0,normal,
aeaaefcd3a7e452597305a8fcaacad5d,0,normal,
b267239b8bfd409dadef558625b72114,0,normal,
bb933f8f2ef148efa4225f83a6550068,0,normal,
5dd624a1a2654d8889742f6daf717dd0,0,normal,
9dd955f2ff5149439a1abea0cbee90cd,0,normal,
747b72eb40604d1d8ec093c4910fdb98,0,normal,
33bebc8447fb4cb78b7fd748fe09b947,0,normal,
7201cef8b19e45e991e5b532de23c556,0,normal,
16c07ad93c9446c6b80c8df841346f8c,0,normal,
92fd2065adac4ec28c2579ac74823dcd,0,normal,
24eae6843fd140d9b5fb51b28183ecf2,0,normal,
41252c62be694b26bf31982318432c56,0,normal,
4f851331237a45c08d99c6c6f699f6e2,0,normal,
f59d7c1b2cdb4e0fb313e82a6094ce3c,0,normal,
2c550ba4d4d84286a653e8e3cdca706c,0,normal,
1fbcd7e48d104e21a6fd08eb72c501d4,0,normal,
b7f2195b0ae343a68360d22890364917,0,normal,
e7f31d5dc7424288b6b500fa56119626,0,normal,
627e2adafc3848a6a405a3d1834bedad,0,normal,
12866ed4adce4d9b962b3b72e2ccc9ef,0,normal,
789d47b230954bf688b03bb806c08759,0,normal,
0dcbf957b50a4b13af8a90fa2e763691,0,normal,
80b6c19a15af4c6cb5792b8854177736,0,normal,
f17ba988fe4f4999bfbe28068465b649,0,normal,
ee44b6adfe7f42e783b2ef5b88f090d8,0,normal,
833019aecf1246dbbcdcda06b9ea49e5,0,normal,
87225744cfe94ab6871173321c1ac863,0,normal,
cf7d94de84fc4659a21500ab9d103db3,0,normal,
c4699f0889644c3da4537a9fd5feb17b,0,normal,
03bc6b2a3f394676b375673bf3f50682,0,normal,
b325759622474d31b2faed0f7cd293a0,0,normal,
f4be1bb3dbd24db58dcce4e72974e743,0,normal,
2402dbe4660f4b8ca4936553d9321d1f,0,normal,
d77f8935649e436c9a366e23a1ddd71e,0,normal,
fa0a92671d18426196b76321df694b3c,0,normal,
290bee468a2e4f8db555bcc1fa8945da,0,normal,
5896518fc3214c51aa60bc87c128847d,0,normal,
488872a533634975a9f12522b7d1905c,0,normal,
a83381c20d764c8b96ee0de87c8081e1,0,normal,
dde550d24e6444c5ad789dc02e781119,0,normal,
1a55030d5b68449dbae054129ae3070d,0,normal,
04dacdc52d8c48a8bbd7ab548a8aa6d6,0,normal,
cc0aebd992af42e6a612932f665cf3cb,0,normal,
fc04d65fc33c4f62b2976592485e6c4d,0,normal,
b0af79d9a89947f689e82cc94b2669da,0,normal,
117f4b237e7141d788d7a5e00013eda0,0,normal,
03822cc893344ea4af37c5c2991f0e1b,0,normal,
e604156b939e4dbca6c885bb5abb6e27,0,normal,
7dd5bf7189104364b13cab4a039cd978,0,normal,
b9ce4977f292415989bd9eb5f0531c4b,0,normal,
ad580e310d0a461780c08c9d71ea451b,0,normal,
292ec7834c484a6b8846e9b1c16465f8,0,normal,
f463335508094b7a85e24d0f91b302bc,0,normal,
d0d786b048754f39865c19372582fa43,0,normal,
923c6d7089c74d98b3f551768293536d,0,normal,
cbc5df6f4a484168b041985294b85f7c,0,normal,
26b1af392851458693b27cc5d305e07f,0,normal,
d1107aa4c0bd4f8c8c27f870596ba3dc,0,normal,
8bd5450ee19b4257b69dcd459735eb50,0,normal,
56a4319007b54c9bb28b6b1be866bdee,0,normal,
78748245445343e5b3c2c145dfc7fc43,0,normal,
0743ab4e955f4ccd9784c7e0344b4d1a,0,normal,
63a2a3ced2f64c689667c442adf34248,0,normal,
2716156ad6ef4ac7b8ddcf80b1291759,0,normal,
307a8e37dfca4172870fb01220678f29,0,normal,
a74d7719a63542d1afd0f47a096ce298,0,normal,
302ac272dece483e8154c053509f0e2a,0,normal,
f24e5937c65f47c9a286d4c415fabcc7,0,normal,
8c04cfb380c54ad09a763089e80b6355,0,normal,
a38d41eee2f74e38abd5975190a39aad,0,normal,
741c4dafaa8442ab9db065587b32f1f8,0,normal,
67c4069d33fa443bab823016101820f8,0,normal,
41f3728282654d1eade62900fea82cf3,0,normal,
2cf3c55878ef418e9774f0884e46d0e9,0,normal,
9266752436c9421d8ab93f968148c5b9,0,normal,
e31dd031bf47416ab86c8ca6d7022765,0,normal,
0d1567ed3a9841a299939054a414389d,0,normal,
f05ede3349d5401b9b247d7a4db18520,0,normal,
cdadcdcca2334b5eb69ad19a77c2f168,0,normal,
5cecc7fba0644066b6225405f40b9310,0,normal,
8672a53f87344d32bc69b38711e3e49f,0,normal,
ecbe3e5956b648e2b48907a6113f7bf2,0,normal,
079b77a0b7e3407fa013ebc666c9fb92,0,normal,
1bc7c2a654f94d3e894db0cc1ce104b3,0,normal,
a7003adb546248cb92e8d7ec299aa059,0,normal,
0812c52809a54cc187f9f004eb6b942c,0,normal,
f123e771f01146119c524c0094fbc5a9,0,normal,
61c256bf5c254820bb4735207d68eddc,0,normal,
bf837fd3ff7e4185a2a1c26f686dc78e,0,normal,
7e8a92b0cd75437597967d74ae61297b,0,normal,
1135f6d2cd764f9c9c58ace1749df442,0,normal,
38f4354b33a74c47a20020cf6160476c,0,normal,
5384a88f4f8042d8995808371e54d057,0,normal,
3ff4f7f02d3b4e91b7b0b712d89ff3dc,0,normal,
c5180c18bdc44dec94bf1cba3bdf4b94,0,normal,
6b713625db1549a0a687ff8c162a2830,0,normal,
dc6059bf15414b8190868566a03e434b,0,normal,
fadf60dde0e64c2dbf28110ff4c083d4,0,normal,
b872ec28551647e4bde2f6ce3f790777,0,normal,
8caa6da4126f45c7b3bc9703884a4be4,0,normal,
000f4f25714b4d09b93c2a8cdb35580a,0,normal,
abe0a2eeb2b34b64bd26ac290c603a50,0,normal,
5cb3637de6324063b67a730c9d7b800f,0,normal,
66c0958e4270406aafb92a72288e1c93,0,normal,
60ee1c6adfa34f73a8fe29f6cd25a0b6,0,normal,
6228d877911545d880ca0df0533deeca,0,normal,
7e0fbce086954df9873804b31faf46b6,0,normal,
3e18cf0ac7764d8aac587d698307c961,0,normal,
72e98dcbd5494fca957ee1368f726525,0,normal,
f300a07ca67c48dc8afb2938e51713a3,0,normal,
2eb91e01e73b4a769747ed541c3c83bd,0,normal,
b058e12d908d41e69d1c255c39d10f6f,0,normal,
07cef5237dc0440f8c738cc9b54891fe,0,normal,
1ebd6e0269d842b59575ed7baaab38f3,0,normal,
9d0f2e6af6c44018922101d4b4712158,0,normal,
51ef8f3db0cd4c2b9c1c80aca252278f,0,normal,
c9ec7355bea04215b06e9679efb9f7ef,0,normal,
b27af699f23147c3973387437d17bbf7,0,normal,
fb8ee2b026274a4b830aa5e7d963dfec,0,normal,
57f9693189b24d629b1f80424f3b2d86,0,normal,
7f9b05956b9b40a59fb80c088c420956,0,normal,
26bdda3f92a744069ec16e92015bf9ff,0,normal,
22fbd3ce8cbc47f6bf3c1e2cc005d6e4,0,normal,
4adb63897fba4dd487065ffa50a09849,0,normal,
9772b8db1448402b9a8fa4840a7ab20d,0,normal,
8cca849aab0a4bf69d2be4b431976bb9,0,normal,
14e973ddadd3472fb2c4943767551460,0,normal,
a2505ccaa7244f6da1bd6248f564097c,0,normal,
3476abcd32634a57a3d6ce7124701ab2,0,normal,
423b45f3cf4d4efbbd4194278dc273b2,0,normal,
ca0f52e626544ae7a395d4f6deb5b1c7,0,normal,
c3a6a2284ef34652b0c9321c3db52f57,0,normal,
17c2b893978f496a85f9f4886f5aca67,0,normal,
0cb92a8ad0f74336b3b526b709ff342d,0,normal,
08b689756ea54413a4736ff6aa6c07d7,0,normal,
c99466c70e5045be9ccb996711de6d95,0,normal,
73e76b0ed2344ab080a5925a8951f8ce,0,normal,
09a549125dcb462ca7315fb45686a35f,0,normal,
84ed7fb656334a4bb6800f2e113c3f29,0,normal,
6f99d76b055c42b5bf5f1cd1c8336b20,0,normal,
29444cec45f5488f9298cef82726f057,0,normal,
c0e6330bc0a44466bc4241cbf7b475d1,0,normal,
2d81b81aaad54b74ae16770406e3a807,0,normal,
cef82b4e21bc4bd29676619cbc96e678,0,normal,
c6be7e836aa945f985c588565bc92e05,0,normal,
23da2aa9da1a49538c1559eb14704d09,0,normal,
15a0804b0d4e4d4a80874821d19bd4e1,0,normal,
7646f7ac049e4183bf8960400a463e89,0,normal,
29aa8e3934c44ba197f342ee73398b27,0,normal,
d864573988c243a5bb42af7e6ac3997b,0,normal,
28d877e9387b4f7396d5d6a7890594f6,0,normal,
7c02c7ce4a5645adb1683e37465b8815,0,normal,
047da7c52c794de382af6f291d517ef2,0,normal,
5003e34df769494da84e84f059b330f2,0,normal,
db2637de2ea24f0d99c77fe55111de5a,0,normal,
c6aa67984f4d46afa52456b87efa41e9,0,normal,
327f9af7f13f4d798268526ec6e83b10,0,normal,
e3aa291bc3ed437e85cdd4537d51bb1b,1,peeling_chain,synthetic_chain_530_hop0
ed3ef8d5e7614521854a422ba42689c6,1,peeling_chain,synthetic_chain_530_hop1
7bb0e016ea4546bb85402bed4988aa90,0,normal,
3ce8931c5f29471d9a3512d1dbe94a2a,0,normal,
0983ea1930884e699c280960e2e2a199,0,normal,
093e3626ea184fc398fc2339d8c6123d,0,normal,
4f49ce1a10bb4e149936fe1f53833066,1,peeling_chain,synthetic_chain_530_hop2
2241d9be1ed04766b4ffd5edffee4299,0,normal,
a992575b178a463b9fed76cd92e70ee6,1,peeling_chain,synthetic_chain_530_hop3
94e94566b1494f899c18d8940c4106a3,0,normal,
667da11e1311465d9c1425b2de9baf07,0,normal,
72370da7623c48a9ad8945c4f3f12d59,0,normal,
dbe5b1a3f7d24149a8182708a3bd6c16,1,peeling_chain,synthetic_chain_530_hop4
6a72bdcaea3844cbad7e207d5da0d3df,1,peeling_chain,synthetic_chain_530_hop5
8169b580ce364fc5b8b2e90bb8a1ffd5,0,normal,
98c74bcd7af84417a3687b1239c7580e,0,normal,
20713fa8b060451691b7f631ea30bccb,0,normal,
6e62e6db08f84afd8ea8fd1f906787a8,0,normal,
87dab377eb1e4d179cea2a2d4f56055c,0,normal,
f4058b85864e4421b9a2b5689c9514a7,1,peeling_chain,synthetic_chain_530_hop6
3b8606621c0b4dba842cdd73960f3bf3,0,normal,
e2194715c65b46b8a3d214344856eac7,1,peeling_chain,synthetic_chain_530_hop7
a3339023b4aa42d0b2af14425dd3213c,0,normal,
7dbf7d6f5c5841209e37b70ab6c92f6f,0,normal,
236e371586ba4675b115b11456149d2d,1,peeling_chain,synthetic_chain_530_hop8
3164d053ec504c1cb43525e7e927859a,0,normal,
a0ca73c2762e48b0a28e843a3fdadc61,0,normal,
05d514506702414ca69c7f24df522bfd,1,peeling_chain,synthetic_chain_530_hop9
65b421f576e94677ba5150de54f0c87b,0,normal,
55f361a0e60c406da1136b5081e4b675,0,normal,
a2e411688fc14cbfb81e84d223e63995,0,normal,
2befde5f4b3f47128138d1cc48d6bccf,0,normal,
9cf8735b7b2f489692e987a6100019e3,0,normal,
ecac0357ed254c2ebb91cdf27fdb146e,0,normal,
3276a95cbbca49cba940b44202b2d763,0,normal,
76a01033e4a14226a4326651147af7d8,0,normal,
ac25ced666654dfa82d776a898411551,0,normal,
c2a5e839b9564f49bdfcb82d161096e6,0,normal,
385ff1f7be124105986827e3dd4e346f,0,normal,
8cb71f1107c1451d8169c2d8ba79540f,0,normal,
bb6be0a4cf4e4ab1b9ec675f3a55fffe,0,normal,
ba041e9f13b34cbdbb71f7d2f08640d6,0,normal,
66caab3f701f49eeb434cbf0bceecc63,0,normal,
f0487554a7e844c3b829d01af27c87ea,0,normal,
02e2190dca2e4c6e82f747f4fb4244a8,0,normal,
c5f1bc6c2b9648b394ad9948b820d2c3,0,normal,
d4e68d2843214b2d84b8b553b0fe39ab,0,normal,
65d1243e986046f38f0cc5d23737e438,0,normal,
0f6ebfddda8c4f49bfad65f8723b644f,0,normal,
36a071c80307433ba55a128409cca637,0,normal,
40bb414cfccd40138ec8f8f39e5019c3,0,normal,
f1c2c072a4cf42428762d21c4b548f89,0,normal,
2c2618df19cc495eb3c3ae2007a79b88,0,normal,
83e881d6155f4cd2823ca413d3293e13,0,normal,
dd8b34a017964ddc95762de1ddbaa719,0,normal,
b760d01b83594b26ad1a0e4e00f49653,0,normal,
9a338794b7ad4994972b5c475bfaa187,0,normal,
0b09e3a4a60743e9aba0a424aafaed33,0,normal,
4edfa5237a3246a59f5117241987fd7a,0,normal,
e7b86cf4119d464bb11229fcc6ac458c,0,normal,
685a943a246145348fa2ca3ce3572829,0,normal,
d8c5a5c9a31445f4aafc66be5876d60e,0,normal,
7c6dfb6b131541d7b230902916189e60,0,normal,
aaf6b20cf308464a91869350eb09af10,0,normal,
b4f38ae3e2634342be014fdb498b8a52,0,normal,
5c34d99bcc6f45229d419b375badde58,0,normal,
35a0ac36236d4e4592a8727a4618cdb0,0,normal,
e54957607c014e54b0c948f976a8b4ac,0,normal,
c25e638d15c942a5a13951eeecec16b9,0,normal,
a6f3a3ca28da49e181f59ddd719eff5f,0,normal,
cbb5103eb3b3403aaf44962b84fa1efc,0,normal,
9a304421d7f04b7fb86ec33dc79799a9,0,normal,
eea3d333ded0479b8ae2550ea076948a,0,normal,
427701da3bab41718342146a95f5ff71,0,normal,
768c31829dac491db0f445cfe0612a58,0,normal,
63a4a91609e04e4bb9c964bce4484092,0,normal,
798fe8e2f0d34f3a9c4285b2bfb7066a,0,normal,
6b29d9c63df445a9b377fcba72749a55,0,normal,
a3f89e22214a4798a4d282d7e6bbe118,0,normal,
d578381f4bfa4005abd80ca599f63d43,0,normal,
9aa8ebc9276b485ea1c28c7b36bf0743,0,normal,
62e4904ef01942cab0484acfd399083a,0,normal,
bf7b01d1dd5548599a673531d6fe319f,0,normal,
e43462bfea674c158fcdf618e3aed456,0,normal,
4787c94e1f2f41f4898d4d163836cbb3,0,normal,
455ada42833740be97cec0e2fdb3b775,0,normal,
1253d4888507486a94e0e3c4f467b93e,0,normal,
2ee7ddd46d3749bebf4cc47849a0de27,0,normal,
a7ac803867f74345999d34ea527489bf,0,normal,
ea4c8bb4daac4de1b09b43e16a26d218,0,normal,
0128183cda144728a505b8686e850b19,0,normal,
772a57cf66fd434da34d651113a578f1,0,normal,
7603f0c583f649c0b4a776dc416e6190,0,normal,
2bcda55a2d5e40b78710e0a9680eb8c4,0,normal,
16ab136fb1ba43f1921ac6b24b0f67c6,0,normal,
bc4f13d4fff04517b8838edebc8ded63,0,normal,
ca0eeb4fbf304dc9bbca59a3c1c531ef,0,normal,
4f9fad2af7d843e3a3ad1eebbf2be5ab,0,normal,
bb510b208aad463fa659e9542035d6db,0,normal,
6813fdf37b9545e7afe6160ea0e11373,0,normal,
934be31b8d424ff39ed4bfb53928f96d,0,normal,
a78c8a5613d846329a54510ec44e4c72,0,normal,
ba264d035d1943f88935a7ad0f0f2415,0,normal,
171afb5466c14df9812c358cc4127e1c,0,normal,
2986b5fda9564f8cb3f5d839a94138fc,0,normal,
e2b74d1f588347c795ce72f5e4a98d9e,0,normal,
928a90592f054bb8b1554b9a6203ca66,0,normal,
0b0f28bdda5e4e6ab81d8e17ae95816a,0,normal,
cfe6b1623e384f0292b7a3494217c287,0,normal,
fa0107d007b040898fcde91b9b42342e,0,normal,
d07f4a0d885c43208ed999fa397a8f1c,0,normal,
67b5015366d54cd2af01149f0570a8a2,0,normal,
ad9ccbe9c9af40bf8e7c0dea0442bcb1,0,normal,
8a9d26cf88a9407f973d39fedb9d0669,0,normal,
7fc142c687d643a093b8eb8f6310208e,0,normal,
01d96118e8b545eca87350e485bfe8ff,1,profile_deviation,deviation_504
7cfdaa4b7be842d9b6f6d508b7e4586b,0,normal,
c05a8ec69a094ed19c3305e2bbe8b7e7,0,normal,
4e9afdc446de4906ac18ce4ab94e647e,0,normal,
d9df48de45404b67870aaab933448839,0,normal,
ca436867a7f64239b09b6acf275df9df,0,normal,
5ecac532cdc3479580306e844c57ff21,0,normal,
733ed2bdc6ad4c19a37d6a07561b04a5,0,normal,
920c3f6b49f64e2eb00bae183bbd2c57,0,normal,
82f9476c5403485f848ee4ee3a235206,0,normal,
4284cda2045642d4a4d36e8649c45b7e,0,normal,
d4fd0a1373664773a49cf50af28c5e95,0,normal,
a67496af697f45c48fe403e284bb2df5,0,normal,
99e5b23fbcf540689e06af0e6cad2789,0,normal,
d667748494e0413a933b357c9f254087,0,normal,
603603c7485746be872147a799bf1245,0,normal,
0557bd073d3345f0aff7fa7b80416008,0,normal,
36fb76c66ebc46c3ad1e98892a3d2619,0,normal,
aae6d7449e9946d287292b3e0a5fd3d3,0,normal,
851444cb3fe14e51812ac8a5d9612a6e,0,normal,
af5a03db53ff4d04b0c42dd552a45e07,0,normal,
5c5cbcdc56194634adae7f3ece0bf1e2,0,normal,
0af4256d840d4903ba59260c8b68b67e,0,normal,
457d1a4bf90045b0ada456cf11d3833c,0,normal,
e433c9ec898d4536b51f50778fe16d40,0,normal,
f284d0f06cf0441ea3f94b39bf647f18,0,normal,
b63e7ed7e79f40e89fe3ee727f3bcf57,0,normal,
722300dedb1a46e4aaa1e62c2e53ba14,0,normal,
bb770120a55144b5aa642023b0fc186f,0,normal,
5cf446f2fd1f4d90aeb381a10ff4dc98,0,normal,
e2dcb134d2b44befb1f6dff0ffd63ec9,0,normal,
65176148ab364b3f8a0f788de8e14692,0,normal,
32c20115c8c34bf7881322da2db0cce0,0,normal,
d4a7df8bc35142249b62a240b5b092d4,0,normal,
06ccd4ea4815441b9aecc6f890b78939,0,normal,
d57748cdcf0d4f6aaac39b38591af4ae,0,normal,
d38c7f7361f5400499526cb79c86d464,0,normal,
b6a0e24f993248d4b14ac2e2ebd25b84,0,normal,
c0aa56c1356149ee98441e251f6c22e3,0,normal,
0c14248a26f74aab85626e878c267470,0,normal,
ac17386f0e254255a19f78c553632d19,0,normal,
ff6d2a5f856047ceb48aa28528dfa0f2,0,normal,
382a58ea179443cdb8cff59bd7f053bb,0,normal,
fd3bd101f17a450f9c09bda2e8ed9b75,0,normal,
8952bb5fdefe4064a1e16815393e53db,0,normal,
134a457f463d47c2aeaae6c42ef516e5,0,normal,
9af04d04323e4b62a9cf0857f2df160b,0,normal,
c8bd64da7ad6439f86b6e7af3be6e3e7,0,normal,
38263c77a6724d11af27add04c2ac8ae,0,normal,
ca4600dacd6d4d008afdb10f60aaa7c4,0,normal,
221d9f44b8e3461bbfbdc0ae36b13592,0,normal,
a22e0177dd864bf58689319ed78c7bb7,0,normal,
16da6f0fdeb44b6a84fa5b85414fb827,0,normal,
2ba0f554151147debca8cd6f83b3bbe6,0,normal,
a628ecea852249f0b218bcc02f983bea,0,normal,
90fb5e92a72a4856a9f3cf372e935747,0,normal,
6956a5a7632f461c817daaf42d58526a,0,normal,
cb9ff99f00004987b00ca22831a36664,0,normal,
f991c56a94e54ff5b2adb72b6d140801,0,normal,
c2218cfc47c64a508a8198f297500423,0,normal,
0e2055c7dc944716b7d37b0a0063945f,0,normal,
e9186fd70b86449cb86fa4bee5f56359,0,normal,
1d4e38b94d2f412baf1c6feb517ec9b3,0,normal,
d38848dee95e43a08093945685972f56,0,normal,
f3bcf5766f104edf9d0784211633a603,0,normal,
fa77a042df3648cdaca902a575e12547,0,normal,
20b1eadad46d4ababc0273ceb53b81cf,0,normal,
d7d75e78217348838bd18768976085c1,0,normal,
0d05bd7724db4b8e9cb93454013fc66b,0,normal,
504b8ed64cd24324b7d67c75e2c76edb,0,normal,
6cf6a3c29862459bb975219b1c08ab08,0,normal,
cb7108a5fb5c41cf9a663b59cb0a020e,0,normal,
ba572e1f3cdd43a5b59753aa157474a8,0,normal,
ef151934f7ce4684aa9e328a09875e8a,0,normal,
099ee7becab245918e7697e237cc15d8,0,normal,
aebf17ed9b074107aff5129c8a20214c,0,normal,
1741ec98e1f244099553f70b887b4302,0,normal,
2301eaf184b04ca7a2eefe8ee1a91b29,0,normal,
1ee4097512d949359f74fb9b975e9579,0,normal,
9699404d81a34b24b6b65d2106144f6f,0,normal,
21790c00256444acbd5a4554102400d4,0,normal,
51fb45d715054d1da471a2d1c73e84bb,0,normal,
ad9824bd64d84835baa39fc4bd1ac949,0,normal,
9622e9bf695a43beab519948bb667ab9,0,normal,
2dc3463bc5704c44a8391331d4a9d50c,0,normal,
2f5966f95a08429e999ce306d47d5945,0,normal,
057f985f3bdb4cc5a59c480ae52ad3c0,0,normal,
50c22328775c44d9977be47144224100,0,normal,
1d1e60f098b14166b6007698bec8cd60,0,normal,
474e4f77250d4937a525a8ea9b7fd545,0,normal,
175d2edf8bc04de5b7f2dab13e86fcda,0,normal,
609dd1adfc364ed1bc79b5e3a93f9b4d,0,normal,
92f4c8f37f7a4a6288c8bf8789763c4e,0,normal,
afc644be342845e4823a73c21e2202a8,0,normal,
fb40bbfda4614bb1b72f38cce405fb3d,0,normal,
a207264697b44672b6b4727ca0be5269,0,normal,
039c1bae474f4c339d2161c9ac63d6d5,0,normal,
b2406bded1d7478f9bf7e77deb72219d,0,normal,
583c32ccb68245af88077c0b0afd1994,0,normal,
17a12d1e28b54ec1bf6edeb0bb015dee,0,normal,
957bfcf35de841ad8b292d9bb52ed6f9,0,normal,
1543f562b76243b192e6528200846f8c,0,normal,
1fe4226f4d6d42e69b64221b240cb5e8,0,normal,
c7acbba6a633429d9b77376dc085e80e,0,normal,
42c8497d91d2409e8a574696f7f1572c,0,normal,
ddbede1019bd43239b50844cdc609353,0,normal,
e1178bb6dd9744169b1c8d29b07f5122,0,normal,
73dcae167930406eab48e844133a91ac,0,normal,
994db06103fc4c8ba9b72ad9efb24e92,0,normal,
0fb9e6e999ca48c69acae43d54a76990,0,normal,
c2bac7b0683f49dc968dab012f9bb8d6,0,normal,
1e033def7dfb4c72bf1e47afcfb7cfce,0,normal,
ee32cf7a39f440ee846d63a4fe57cc0e,0,normal,
67f105d16c6c40a28678848ca64682b5,0,normal,
8c82622f995a46ec851eac52f55ad32e,0,normal,
94b862639ed04a9596e732571c16dc2c,0,normal,
b4fab73fb1714e6380e4ffbc05c4b42e,0,normal,
d493782aa21c41c289d049dae8f95f6d,0,normal,
5d6fc99a2d4d42d78cd7451d0032fe31,0,normal,
04fb643c85364ee294ff09c2faa71700,0,normal,
aec2e9147b0746a9b130afbfb2fbc4df,0,normal,
4a1815f783ce406c9019b143439e73af,0,normal,
e43e63de7769475aadba4f3e687780fd,0,normal,
217da198c1b442caaac741f311b0dd92,0,normal,
495b3299513d4446bb4914176d009699,0,normal,
d02ddec96ed74cc6a3c8245e18d65fe6,0,normal,
561d0f7a3f574de3b3f4b6c95e54f36e,0,normal,
c4affe22b30741fa99a4654c52908b8c,0,normal,
d74e56d788ae44dcac272b466638afc7,0,normal,
5ebfc0a38e9b4f5d86610a8c5fd6feb4,0,normal,
8f7aba4090474cf590e9b8815d6975fa,0,normal,
2ce33ce219084e16abdf422edf6fc5ba,0,normal,
7d6f85fccee94e7b9ec8435961829e49,0,normal,
77269feb760346c5a3db369b8566f315,0,normal,
9198ae73a2084687ba681e5e0d5d4374,0,normal,
069f2232c739455e90d910ec333650aa,0,normal,
6108e69aa39049f694edcd9aa94fec8c,0,normal,
08e2b78bbdac49f0a3bbabe2f3d2759c,0,normal,
ece9e5bf5f51432995fe6b055dbe818d,0,normal,
c41537b7fa224d63aae9f5e549061061,0,normal,
224e8803dd274d5faa5a65d4ba08866d,0,normal,
676b79ba9d7545c0b0f1613bfd21708a,0,normal,
927e4c22d684443cb9241d481b318b67,0,normal,
2b7b4c31dfc0438e97f6c545f9b79aad,0,normal,
66a5b387ce234341b1585c0106249e3b,0,normal,
c4232a41c35f4db28943319bc50e8b94,0,normal,
d7ca4f79ca7146ceb17fc0e5179aaef9,0,normal,
d2a7227d3742476da28a8e2c6e7620af,0,normal,
2f13ae6224a744029d8a57b69bc994f8,0,normal,
a0949cf1849e48ae897b35bbe8b2aa1b,0,normal,
919362bd430545e8bbe4ee55ae5dfe1d,0,normal,
4160f7913ae74dcfaecce8ed6b2365ed,0,normal,
19ee71260f344746b099300f2a0249f7,0,normal,
a7e2bc06dc6149c48d7468bdbf6dc21b,0,normal,
d9bb4b0a1afe419fac7f7ae5c14d8147,0,normal,
ffd871a3fef748b3be2864e7140f780f,0,normal,
80281d844243437eb11962cc02dcae5f,0,normal,
31166ae1d0aa4ce4b9d661cb45d6cf8e,0,normal,
418dc10923824d15b2f5a234d4fe385a,0,normal,
87998aa378754f07852afd982bede2b8,0,normal,
09a636f03a0a4b7795a688139e5cffab,0,normal,
d10171d807e74d82b4ea65b16c738060,0,normal,
93757423036a49b1a72f46b31d39a857,0,normal,
10951378962f49688f3d3b0ab9fab4e0,0,normal,
8b2fef99e6af4c27ad9817cfabf9e0e4,0,normal,
07563f9c2fdb419fb80a94543e18bd8c,0,normal,
d5ad2444ccd44bf7aa5db5dcce3d20aa,0,normal,
4428910a9d0b4888a88bb9c8ca1e135e,0,normal,
a536926dc2994eccbe8132aeca5776b7,0,normal,
eb55cc250ba74bd2a8b45a92bb436213,0,normal,
9677d380e6c24673851d1273f94f42e1,0,normal,
32b09005c1e44277a5ef3c7c277904ef,0,normal,
7c247c99fce64a41a4841409ab2303a5,0,normal,
4ae6ef40c0ac4474b16f396070c2d653,0,normal,
3d917f3f5b834807b6101177d0b0c1ac,0,normal,
d990712f613a4243a8b01da45ee84a15,0,normal,
544ec8cb35694be08a5c8d72bf6ed7d3,0,normal,
8efa29f975c04995b018da72fbe072d6,0,normal,
5d4f8142dfd34ad1b49697a1e3fd9d58,1,fan_out_mixer,mixer_259_fanin
7b119fc044014eac9739dcd3659781b7,0,normal,
fd06ccb397c34fc0bd72f91232ad403b,0,normal,
8d67618f2d9d4b68830bbbd65273f42e,0,normal,
d9ed7482e9d54ed6b8c6b79063029fb4,1,fan_out_mixer,mixer_259_fanout0
9db419bb90be492da0b4fb1ffc9b64a3,1,fan_out_mixer,mixer_259_fanout1
3676a42a5bf44a8a9fc7876ab58bdf29,1,fan_out_mixer,mixer_259_fanout2
825a7b260d1848b1a3705bf15cba6a8e,0,normal,
40c61de5644041fc872270cd57d014cd,0,normal,
7433086d85c24d7e9a0cf9f13fa831b2,0,normal,
22f332a4601e4f44ad9e8c212cc1d2f8,1,fan_out_mixer,mixer_259_fanout3
f2d23fa5acba423ba0edca6ea0c29841,1,fan_out_mixer,mixer_259_fanout4
54088256f1ce47bea4f6a68e30964ee0,1,fan_out_mixer,mixer_259_fanout5
09ca473793814f8ea249f441ac6f4a05,1,fan_out_mixer,mixer_259_fanout6
f5be8995dbaf4a46846fefdcff6bbadd,1,fan_out_mixer,mixer_259_fanout7
21d82fad748d4949a201aede85fe45a4,1,fan_out_mixer,mixer_259_fanout8
861fb86ed0be41bb8bae4f87791b8346,1,fan_out_mixer,mixer_259_fanout9
a08ae9ba6c264fa598785a86d11d0a6d,0,normal,
a34f5e1ad228480397f69cd9eff29d2b,1,fan_out_mixer,mixer_259_fanout10
41b6debde4774036a6855db6b44e971c,1,fan_out_mixer,mixer_259_fanout11
5a683cd591a64de09be4914984f3e95e,1,fan_out_mixer,mixer_259_fanout12
efb158b40c5a4974b32f642041aa231b,1,fan_out_mixer,mixer_259_fanout13
ca86d8bb54c1419fa3478e3772d17f35,1,fan_out_mixer,mixer_259_fanout14
412e4a3dde9e4f1cb58dd10e60814065,1,fan_out_mixer,mixer_259_fanout15
3dad337b52a442f5a2d60f510a797e2c,1,fan_out_mixer,mixer_259_fanout16
2c5aa3062bd443dc9f0c2c0dded525ad,1,fan_out_mixer,mixer_259_fanout17
4f3c225de0104e37ac8bd2218adfa56e,0,normal,
00a8cf37e19c4a1c8ad1ebd30efba997,0,normal,
a24cd758734d4dd8baf046e2ad9af148,1,fan_out_mixer,mixer_259_fanout18
4fe1a2b45c1240a295fc7ad64cb0a47b,1,fan_out_mixer,mixer_259_fanout19
6604bfe4426d4fee9fe2da661ceda88d,1,fan_out_mixer,mixer_259_fanout20
8fe38ed99ee145c0853ef8d46bbd7199,1,fan_out_mixer,mixer_259_fanout21
535026e35d16443c8ed6e1a57d760603,1,fan_out_mixer,mixer_259_fanout22
4cddbaf4d03041568dba3043d8ab7e89,1,fan_out_mixer,mixer_259_fanout23
df0074afdead47c9b9e1300e30722574,1,fan_out_mixer,mixer_259_fanout24
7fbcfd4bafc54641b8e584ef062aaaf1,0,normal,
03c28e842c4b4df4ab234e847e80cb24,0,normal,
590b05f7a0a84913a693904929bfa537,0,normal,
bb6f13a81347444ea6722f6c45fe65e9,0,normal,
66f336e5c7b04f5ba548f3818e32cab4,0,normal,
ef1b3fe7799f462ba3d0dea62c4c5001,0,normal,
37b2ec41d1a344ffbd80a413789c5cf2,0,normal,
07654d5b851f423685942c54039dd388,0,normal,
b18d500b2c6e49cab2b47ffd31a95b0a,0,normal,
241bdcb3a4b84015899df4df6e109be3,0,normal,
1e543639153840b7b8339021210b9027,0,normal,
dfb7c93e49284de7863edf7f7b28d4f8,0,normal,
97e963e4f49c4a3b9310dbe7b1bc8eb9,0,normal,
3d4e11129a67472cb3fd0a2914525b83,0,normal,
f945ff16e2d0404cb3e1122e6dc6fb26,0,normal,
8f244aa4b46a4dbfa7303369b0e26e72,0,normal,
fd49a8ef310e4439a45c6f2801e8225e,0,normal,
ce28aac5a60d4451b883cf642ba76569,0,normal,
3f9c46276b92403d95130d45f396d01a,0,normal,
9f629ad70395495ea4884092928cd5f2,0,normal,
4ad980a408d34bc28afc4f4f1c38a904,0,normal,
990018bddd2b4102925bda32e813ed6e,0,normal,
969fea2c3dda4d2583e16737c7c75aa9,0,normal,
f3795f674a2c4f4294fb83595b05b820,0,normal,
bba649d761fe4d16a09bc2973715350d,0,normal,
7a5689b65ced4448b1af3f47dec1801e,0,normal,
dfe7038241004af7a2024c147f319624,0,normal,
dc2acb35ce964bcdae8ccb03a5d0075f,0,normal,
33535be01cb14d8f84164811c980183c,0,normal,
8b57397c6b5849a8a72f6050617bd4c8,0,normal,
5a02e278d05a4098a60bab8f6b737376,0,normal,
acc6bba4834e41c784a27ad5d67bd32f,0,normal,
5b6b5d286f9d44c6a5702b8b5224c844,0,normal,
5cf0ec6d08814620842ce78dc1256210,0,normal,
48bcb3c987a943d49b973875fad1de54,0,normal,
0b9c1079e0134d99a8d4cc5047f3b4ae,0,normal,
57f1a79ab08f490ca45bd56c4ef7adbf,0,normal,
e8329187caf1462ea1ad16d7ac3619b7,0,normal,
2f8e31dcfc18458291667581e2713d80,0,normal,
1fa79b0b4353417d98904c3f501a0480,0,normal,
59e8e0f1e1a94c94b50f6ae05e64cddd,0,normal,
09a63f3288df445389b17639db429339,0,normal,
024047644fbb4a86918ca0df36f849b3,0,normal,
d4691419d5a943c4a2a90a8b8de84d2d,0,normal,
ab28ac394328456caad779bacdb21e6a,0,normal,
042b38383ebf44ae99cde5ce34f4508d,0,normal,
0e24e55c112a4b2aa7cb6fd239c383d9,0,normal,
76066138258d4e00a9575339a9590d23,0,normal,
b1f63af37d3a4a59b29dad69d200286c,0,normal,
6f854c2f65344ba2946869d0070dc3f4,0,normal,
43dd638f5a0c4f3981451e5719a9acb9,0,normal,
ce9eb333f23a4e0fab0d375bbdaeede1,0,normal,
956a4f22fe4b4aca82e23ffa06e59c5f,0,normal,
bec142856732460b8fd8884daf41a62c,0,normal,
08d535f6fb1a4df295e25eb5e9f7eff1,0,normal,
dc2744a978b845a2a7b015ecda1150ee,0,normal,
c14fba803b49486380546208d28d2208,0,normal,
aa821af9d7e8480a8d637e969a891f48,0,normal,
8d44e7029e844bb69783103b7050ec7c,0,normal,
3cdb65e500af42209e66010eb5b4297e,0,normal,
3fa19097335b4383b803c20f4307f9ef,0,normal,
6c1924029bf340cb9e23b196ebb8fa9d,0,normal,
0f75993718a64fedb9d4441fe60d8fcb,0,normal,
0b593deac1d14f31912a9ecb88cc86bd,0,normal,
e3919c3fc09c48db9c4adf563728b943,0,normal,
4f93b464a45c4d7ea987285884f00a7e,0,normal,
02362c8f7a5148759b09078f801f3582,0,normal,
70707a6783424678b9e15c3d67716bc7,0,normal,
6dad2922c7104159a023906f8340541b,0,normal,
e253480c3b4046de8f2fbe8de4068dd8,0,normal,
824f1838808b4eaba488ae0eed3d8d3e,0,normal,
a7c34402f97345ff91a409ba9a30560c,0,normal,
db076da923fd4ae494f7fcb40c63eb0a,0,normal,
5c056eaa81494c2291f1ec0308d736b9,0,normal,
9383c3bcddd74bd699faaf05047d2e04,0,normal,
856d91835f7a466db1e7eb96d30b5dc9,0,normal,
4628cec8cf854e4ca0eb9027b16c0b4a,0,normal,
c75f7803f5e6490b9aaf2afb1df3865b,0,normal,
46634d313913479b9fd190f065dbaf35,0,normal,
39ec6e765a2e45d08c76b4d761beb1f9,0,normal,
0e8677fd7e8e4f648b9da45872ebba38,0,normal,
fd448bd883544f389f9613d0467dc1ca,0,normal,
fa4ebc7d1f724a3fa921bd7c442b10c8,0,normal,
229d9be36ea9480fb4c6b37fc5cb0a17,0,normal,
47ec2f6342924a8f8c8b36d8281bab16,0,normal,
69ad1969f74a4abfb381c0141463f313,0,normal,
e90d3a11828247229c91398c77c17d2b,0,normal,
cf3a8067d97f4605be2a7d6cfe65b8ed,0,normal,
ecdc6bf63746400f87fe8f0b0b81f86a,0,normal,
f63d9f3934e8468ca8c776bb618914b4,0,normal,
ab2026989307407ab1f22e6e85c59dbb,0,normal,
97c2f497b6ba481fac1c88360e167a77,0,normal,
25a74675586444f384c042609b651c9a,0,normal,
f9557f5ff1fc46a0a9f7ff2b48386203,0,normal,
5d10d19990a643258e883f16303d6eb4,0,normal,
99a941638c114fa697b12e239e87b0f5,0,normal,
0711f877af0b44ab8de9ed424728093f,0,normal,
cc139a06b3b7455c8f0ace8dce1d59ba,0,normal,
b63d5c6dd0174c66b7ba634d6a543747,0,normal,
7223d752ab1940bb8637e9d5fd11ee2d,0,normal,
fa13a3197b4e4399a8aef8f032af37c0,0,normal,
0cb870ac33e64f09ba109d87d33604f2,0,normal,
668afae9c0874ed287370e0486bc9f49,0,normal,
53e2c27efa6647b5bb18341ca1091240,0,normal,
6ad651dc507c431094995f14c045e5dc,0,normal,
3576799397254f6588dde450e0757b2b,0,normal,
4af3f2132f624ee3aac2b4fa91f71471,0,normal,
ecc321ce3b494de2b6904237e50c4abe,0,normal,
31067f8fc9a0487a951ba0a5c562267e,0,normal,
be81e8409fbd4fc2a3666eb2e64be99d,0,normal,
c1cd979c30df437bb7d8b1ab9463a579,0,normal,
6d47363e46604be8b64e680d48c09625,0,normal,
f77963415fe84c7aa0e17c01104ee606,0,normal,
979849aafe8449f08c6bee49708b4685,0,normal,
21861bba96b04c9caa074a7766d499fc,0,normal,
cd708e3b69ed46379e5380580312183e,0,normal,
f5e423abea854283ada3c39b58b40cba,0,normal,
a731e76cc9a94c879bb4b4da7644ec1a,0,normal,
433eff8884464525bbf673323a5a2de2,0,normal,
9ae079ddda6d4b208a83fcfe43dbe37f,0,normal,
cbf035bfcb584fb3a851ca368c720087,0,normal,
5e107bd12030425da36fa853750d9956,0,normal,
93040337d95b4f5b834930c1b60c6e40,0,normal,
b8e4904d04c34e75a9decd570c7affae,0,normal,
a8b06fa265a043d5bff7be44cf0bbf12,0,normal,
955e1fdec78b43d8b1e6f3e8178be6ef,0,normal,
45b2c952b72b4b13a6acf497d80312fc,0,normal,
411abdda638645cdb268eefc90962e8f,0,normal,
9f24528d162d4cda8c49563002fd0c3d,0,normal,
be13a40964b440cf94157a5a5f157ba6,0,normal,
cad668a5b14845fd90b871dfbd1ba309,0,normal,
1aa80db7966b4c20b80a9b71f4740f98,0,normal,
ecfd4445dcac41b59cfe9aff829de1c8,0,normal,
bde756bd7bb649c3a7d022c8bebee3c4,0,normal,
17044e3a6f044270a7287ac1fd88de0f,0,normal,
e5d17464bb954a15bece7af76bb8ad68,0,normal,
818576fb54504c5a9a9792b875333675,0,normal,
a8f00513034c43abad78920bfc0fb2b9,0,normal,
fbed19c7101446bdaa562415713c65dc,0,normal,
9dffa267c00f4e24b081e072f0a4263e,0,normal,
e2fbdf9c54c04c4695b779a8081d928e,0,normal,
06abbc87e4a1428db1081d2d6391f634,0,normal,
6e822c74c42a45e4a08e9239dee9d1d8,0,normal,
3d2e9496587b44c9944a0d97011c2201,0,normal,
58a0c6f586aa49308081ea2bb5deeb33,0,normal,
1205720079aa41a7828743e93030b896,0,normal,
8644e3361cf24d37b30495253ba57e2b,1,profile_deviation,deviation_542
7f40eefd720b4043853d7ba60202fbb4,0,normal,
029fb6b7c4a746159c3565d9ad8f7e98,0,normal,
034d86ae97a84020ab62bdb4e0c33b1e,0,normal,
ca4ebba8e0824bac874db1cfab068212,0,normal,
ebeed4e274384534be0a2ce439373545,0,normal,
0a9830d3c0d24944a419826a6a401983,0,normal,
110e7b2cbd3e401195e0f49cd2056f54,0,normal,
7e35ce70235a43a291087df5c9d238cc,0,normal,
be80b78a85a14fdbb8dcaab894f8e3b9,0,normal,
8937c20b42fe4811b4de317819be26a7,0,normal,
d4a2d29d0f2d419c8a115f4c5cb3cd86,0,normal,
5f82f2f1ac804ed4b8210f2e400f9793,1,structuring,structuring_111
5d03d7e102ae457b944301782ce77a8c,0,normal,
f1926d59af9e433f9713f1a39d187b24,0,normal,
262a27b7909e4bf5babe40dfa2d397f7,0,normal,
a11bdcbaa0ad4b7bace6ae138a43cb68,0,normal,
4d8ff46804f34a3692c7f83f105f433c,0,normal,
8874f887f1d54012b564f51a486e1b5f,0,normal,
d3493729bcc34ceeae38347d622f27b4,0,normal,
31727ce6897e48509413c1c919ad7970,0,normal,
5c8890fbdc6a4c318966a8044e8a893b,0,normal,
5a582225afcf441f9e970b934caf7a04,0,normal,
01265ddb87b4497c9fd878ea260e300f,0,normal,
f27c269fffe64c5599648dbb07d2fe17,0,normal,
f2e7de55a2674c0098edc6d7f70d8bcd,0,normal,
25738cef9a354f63b69deeaf530f155b,0,normal,
a3225a1ce3984f2fa448b4c644e33e1a,0,normal,
1be0f29cf37f46848850928d17fbc035,0,normal,
5e2e151c304f44f8984b7da142762198,0,normal,
2088e2c77ab846cea06b960d001e0900,0,normal,
389073ca521a4c74845db5aee07584e4,0,normal,
9a82632bf9e446da9fb4d6de652ce170,0,normal,
3daa5c1e92f34353b0599d3de77070b3,0,normal,
b209731dacc448a7b955aae3215f2338,0,normal,
2feb45268aee4516ac598cfd557f2dc2,0,normal,
207b8c96c13b4188867be551afdbd99a,0,normal,
4a8b195a39c04414829f952a36748af1,0,normal,
1a50acca62ed44eda43fc85821e43743,0,normal,
061969c2a1014c4e8a414d71d864b6c1,0,normal,
6ef5f4e3647f46528416c30e9c641b5c,0,normal,
78162a5363554e3489d8fd62dd42eba7,0,normal,
60fd02d4e76f414db44f5758928e0b08,0,normal,
ae67722cb34b4c8abf35e578de76d44d,0,normal,
35455f0b5f9e4cec8bed8df165f7b08a,0,normal,
debc6ac0fa224d02a6b7b8b065f94dff,0,normal,
c2791c59bed24a4492913f33cf2f44fa,0,normal,
367ae7eee9264460bc2179406ebe8cf1,1,profile_deviation,deviation_425
481805be6ba2418ca6995633f6f43fbc,0,normal,
757f13c0f84b4d989f8e83412cb4ef27,0,normal,
9dda97fc6307477ab15c9fb5a0c68b9e,0,normal,
50d78cb68e5a459c9cbc1229503c9b37,0,normal,
7661702871584164b55c5cb970961c9d,0,normal,
64db4824a52e464ea0fd199fdb5075fd,0,normal,
5703c4133fb64bf9a76a2e6063b454f3,0,normal,
59d57a8b05144e599b7bf92af70f519f,0,normal,
4f68dc144ee44e55a4172ca941eb671a,0,normal,
f4e75b97e52c4895a6077ead68980845,0,normal,
d66f6690299b402e9e2ebb5fc5a81a0a,0,normal,
c9a9e9011f9d4db8935498a90b3545b5,0,normal,
d591c39086df4352bf5b1362074a0231,0,normal,
c7d309ab7c864476be6715c526f9dab5,0,normal,
08a3e09ea69049778acc7e893c3dbb98,0,normal,
3106360e064748e481ba11c6bbe92341,1,profile_deviation,deviation_285
461f34059ba94e358f5f21c7f1878b5c,0,normal,
05cd456b1009438582032ca11b81ed6b,0,normal,
2b9c0d9085bd45b2a69d53167cf2302d,0,normal,
d89e41f1d29f435699c3e62bb0eeb3d9,0,normal,
2e4e93520523427e9f7b213534f788d0,0,normal,
a8d25953790e4eecb89dddb238243f9a,0,normal,
bdf96ed283374a2e89364de593faebff,0,normal,
e25e4cb19a64471c82b2232bdfe86aec,0,normal,
f6d0c47e3fad43efb1e247272c6ecece,0,normal,
a4fe65109fb5419b8e97eed085c5eabd,0,normal,
68c4cad8c9aa4447a86f613376eb8acf,0,normal,
b5ddd7855d544d81b63a6792dfe9377c,0,normal,
e3d42a9475ce45ce886771107326ba4d,0,normal,
60ab4ee2c63a4f93bbd8aac07c744536,0,normal,
8a37bdfa78ee4c5f913264a8715455c0,0,normal,
bab72b92977e4eb588bfa2102a985e8e,0,normal,
1019feff3e40433a87ec155c32445a66,0,normal,
3b29b209d75e4bfaba74b621251ba31c,0,normal,
d8b628f3c2484d9d8353c82f112dc976,0,normal,
98627fd1ac284e6296985b83e2f6e8ed,0,normal,
626c9213893f4eb1b15798c0030484a0,0,normal,
ccada3ecb11e4f45a6f074044a1c3c85,0,normal,
3cc8889c915443c7987d283947b587ab,0,normal,
41d40708af354f1491701024bb71885d,0,normal,
94098dcb82cb4f5fbf57c320dd0cb190,0,normal,
21cec6e162de469b9baab5ba4a338550,0,normal,
e2f377b431204e8087d50c6765b982e7,0,normal,
16047c09a0344c92b038d91805967f46,0,normal,
c3bcefd440a44fb1bc993ae73feee07a,0,normal,
2d7d1def451c4e7c9fa35a86fb7cbb10,0,normal,
650953dff5ff47fdbe4277bf146f1c73,0,normal,
484376e2527f4980a3ae5d32cb6eb5a3,0,normal,
6c25a651dee644d2b43e4ffb0366f5b5,0,normal,
339f6e9c57274ffb8ce5dbe188c7300b,0,normal,
5454a63f5fbc4abfbd4d912ee031cc5c,0,normal,
1e1d826f5b1f4f4d957db7863730b1fb,0,normal,
de9b24490f984ac783078ddc6702f9e7,0,normal,
8ed72a89d5254115b5aa1822130dab6d,0,normal,
c8a318a9db43468184a19200b84545ad,0,normal,
2c41667370a642d191705625cc308799,0,normal,
10bf85b66d744877b5342ab21b1cb02d,0,normal,
352de971a2a74e6bae7946cb75bb8b92,0,normal,
83efe952a558454f82c87abbaba8cf68,0,normal,
be46e76958144e499bfbcb6fc7ccf340,0,normal,
caf17411007647e6828f18937c38d6f8,1,wallet_reuse_burst,burst_701
5161bf8e4f1b4efaa78dd7a1aa7d1377,1,wallet_reuse_burst,burst_701
05b2ac973b7343b2a5aee45120d3d0e0,0,normal,
41463701207a492aad75d85ceb615e52,0,normal,
21d263a98eb14cbe888682217180638d,1,wallet_reuse_burst,burst_701
4c7c9bc15cb64811aaaea1886be82a41,1,wallet_reuse_burst,burst_701
3666a76e82c94529bcd8546c16a963ea,0,normal,
345d11c28c314024918a32cbf5729472,1,wallet_reuse_burst,burst_701
248db66e953e4f139867a2f780ec373a,1,wallet_reuse_burst,burst_701
2931cd771ea342bcbd16dca68c62d1da,1,wallet_reuse_burst,burst_701
c523a09196de43c194258afa1045a93b,1,wallet_reuse_burst,burst_701
63fb3544afcc47029758ee87b6de727e,1,wallet_reuse_burst,burst_701
943f8b4c065e453c84eb00128fd7e9b8,1,wallet_reuse_burst,burst_701
8be70883cc94460faa712c33396a2b99,1,wallet_reuse_burst,burst_701
b72b28c6d26c4a6d8b47d575cc715298,1,wallet_reuse_burst,burst_701
5fa218b2b6334acca420d7b48ec00a8e,1,wallet_reuse_burst,burst_701
da5ebd9a8ea449259ec69ff7cfaaad4f,1,wallet_reuse_burst,burst_701
78c82a6506ae49e08f74d3f7a7709d87,1,wallet_reuse_burst,burst_701
f1710662f1204bb2abfd3b2cd7c703d0,1,wallet_reuse_burst,burst_701
8de1e6fa550c43ca87d1533b28205895,1,wallet_reuse_burst,burst_701
7580ac3287804c74a08cdc2db41006b8,1,wallet_reuse_burst,burst_701
14f45cb3b8844f6089bfd46908190a46,1,wallet_reuse_burst,burst_701
87e02b9a2b0949c0b0bd730ba19b458b,1,wallet_reuse_burst,burst_701
aa51e4e00aa642ff8dba1bf0ab99b325,1,wallet_reuse_burst,burst_701
46126f616e8c447bba580afde49e67c5,1,wallet_reuse_burst,burst_701
479633b17e2d4c63ac7d20fe17e15526,1,wallet_reuse_burst,burst_701
1958575adaa14d849b467f3614ed44fd,1,wallet_reuse_burst,burst_701
4c3703c229fb4efcb3bb7fcac9e5f1b7,1,wallet_reuse_burst,burst_701
08b365b712374c93b5e8b6b7b487849f,1,wallet_reuse_burst,burst_701
9498419cef584ea3ae70a2975f98de06,1,wallet_reuse_burst,burst_701
b51ddc826fa24f72aad76a9d9c821260,1,wallet_reuse_burst,burst_701
335ba07a21a74f36b403ef29ad4e0248,1,wallet_reuse_burst,burst_701
a8c85abb4b76495184b93f5d4081c18f,1,wallet_reuse_burst,burst_701
4528c624d81b4e37b3a7e83ee9bcfef3,0,normal,
cf8d15a4827a46e79a4ae21bd91f15c8,0,normal,
20b740f6eb144a8481f59903fe36e0e3,0,normal,
0ad7c0123eba458d9c2833d68fcae89e,0,normal,
b4a8403e6a2449e9ba9e339349645559,0,normal,
9b941b84f1074f87a2143bd588cf3370,0,normal,
65290043ee7240c1b4f1f6d2fdaa976c,0,normal,
ecfb366d25c444ec9038b6b0ad69bc44,0,normal,
9db8fac01480476da37aca302f15fe50,0,normal,
271720ba0ed94a57a511ad341faa4bee,0,normal,
c45c90320c044c0ba95a909a816d2b38,0,normal,
b81bd9448df746a5ad9244c929f87ee3,0,normal,
6a1639e2b93940d1b89475ce50fef858,0,normal,
177536fdf31e4bf7a8553c529c638a77,0,normal,
234e38f0dd6f48138abfc2a02ebed3c5,0,normal,
08ffd5e5437e44219b92d7caa9b52548,0,normal,
c1a621d2dec24b56adb4e80b3c19f5d0,0,normal,
33bba80bf1d244e3a095cefa93d8362a,0,normal,
be1201875baf4439bf2a3e3605ea0fd3,0,normal,
7b1d55a41872496ab89b7189d08016c0,0,normal,
bfd84efb64894f71a5c6424d90b42abf,0,normal,
5a96edad2e0640749d63dea4c01707a6,0,normal,
5cb63180e7444223a16c6a26a91ef501,0,normal,
305a3e2b3b9c4becb4f6584fbe13a2b9,0,normal,
23f064c3c89e48d596a3ffc14eefe104,0,normal,
663f3e25427047f0ad3bdafaae21e82a,1,structuring,structuring_111
13208d1ee60a49579c9204238ac960f2,0,normal,
191dca75538a4dd7b4aa0c0c42482bba,0,normal,
165c705658ba40b8ac086ff936e40d6c,0,normal,
5ea847a645ca4f1c84417ebea9b85f4e,0,normal,
b83ac0533a334cd7ac35b40fdb58d3a1,0,normal,
0cb5b34a89c241e185631fa695f6b704,0,normal,
d7d1a033837c47b187797bb6e7af3b3d,0,normal,
8f76aa71da104c00b7ff6054d539fc59,0,normal,
b51b55dc3c2d4d5e84b53daa369db4b1,0,normal,
3e1c35d598cd46d89300f8fc90603ce0,0,normal,
dbd4a4f285ee46a394263db26ca874d3,0,normal,
9a7eca5dafe0459384c1041d92e86413,0,normal,
1152712569aa4da4b4e365420cfd8451,0,normal,
dffe0a2183e849028613e129e0f27d44,0,normal,
359a15cd8b014fc08775c8b8b7a2b4e1,0,normal,
d91e3a83649444d990ac76f8a1b4d869,0,normal,
36ecadf91d6d4bfdb11c94b2ed6e55cb,0,normal,
5fd5ba33b4ca43ec985c86d0aaabbcba,0,normal,
6f2c35531e4c458bb3cff2f257b2d49d,0,normal,
e2d1750b7cee4096838552d759ca3b51,0,normal,
38381e14fbb84134bdcc7e5c32618a44,0,normal,
f92656572765417fbebba2be591f69d9,0,normal,
7e9e65b8cc83478ba057a71a4778ec68,0,normal,
59df7178a8e246a6aa5558b7e74db17b,0,normal,
cb24337d6cde4236af218e63ad751f14,0,normal,
b955318913be4ee8b7c19e70e1d837ef,1,structuring,structuring_111
5d1c0366777841e1a50c932ddd23c172,0,normal,
57cad46181914ba5b75c030eedd51b20,0,normal,
15f1f3f6837f4b74bcb5a7331cae1153,0,normal,
dc021000d6364678be58d8c61feef695,0,normal,
677a660ef612400f9c0e2e0714bd4e3c,0,normal,
88282a177d2c4d2cab51a51ea5aa5e4b,0,normal,
1c43b7bc9f1842cea217e3215bc60ef0,0,normal,
f5f380824e684be89d34284c7875d92f,0,normal,
ebfc0e0d4ee5406f82de9805dcdb63cc,0,normal,
12b91ab5d97646379d2572ea417697af,0,normal,
84e4820e5cf441129b520c2a16c6a2ac,0,normal,
a66aaf32e99c42b4bc363fb936f6a475,0,normal,
5793ac69b09b451988124e71a0850eff,0,normal,
51adac367c014c6abc23a296dc5e87e4,0,normal,
cf028eba76094788ac9a11d5e9d82a65,0,normal,
ca0c92ec5a304a3aac24f9b0b0f40777,0,normal,
b21924036d4545fa8046ae5e2fc97a58,0,normal,
485f75701a8f48eda7ceedee9ca931d7,0,normal,
a5ed399fb74147bc96dfd66e6624e685,0,normal,
d23e8278482f4319ac53caa58399becd,0,normal,
997ed62c487e42fbb4a053938ca00590,0,normal,
e063874103c544d58a8a2d91ed5c2c34,0,normal,
6157867664bd40da9af0f42de751a03d,0,normal,
5c3ae863a73f4afe91f2f22a1de48fc3,0,normal,
108e807aa438470996639b54925cdc3c,0,normal,
411b74d224194e1f9d4234299b82f1e8,0,normal,
f30f08b9ced94af7b38c26cb20032809,0,normal,
34da289002a4473e8625976fc626ceeb,0,normal,
40841f4e9a7d405d85cea6cad6a9c4e0,0,normal,
0bcee3665df84c8998a7b99676248ed3,0,normal,
becaacd9d6a54586b0d32479232f45b8,0,normal,
9b88820989d14fd88fd4a81d72d8cf7a,0,normal,
d225559c719f4a04b9c8d8f4628dc5fa,0,normal,
2698ce475498424e9c7a427f21088ebe,0,normal,
a435d00e227a43e1b3ab0b9ae1fdcd76,0,normal,
a5b5beabb23147719fe27a01938f84e0,0,normal,
7809a3524f2a43349ca4b9d326b57dbe,0,normal,
a7cdc7f92f67460c93ef67070b938fc0,0,normal,
722c704401444bd4932d3300edd4995b,0,normal,
69d2e56f0d4b429d9a35654be3b1ba26,0,normal,
610379acdddc4af3b45191712c3c76be,0,normal,
f0cf18aadb2842f8859dc38206df65ba,0,normal,
9dedf9961f7a48e39321ebedd75c3b3c,0,normal,
58b3f3f340bf4c418675b15a35c84845,0,normal,
e251958cc11643bfb395abdd50b09c57,0,normal,
c93d7fde994e4d19924c473cd6d4c3bb,0,normal,
b9bd846ce6fd4b75b845ddc05a970c72,0,normal,
df3291a2b0504b2eb55ee8aa488abcbc,0,normal,
837e1112c49a403e8c9300fe253c0c9f,0,normal,
ab3fd6c2a6e842aca3bc8d06a9aa4d49,0,normal,
6139c246b52449ac821f280be7e3eb98,0,normal,
8f6aa1e1bfa549beb5102d03329deb44,0,normal,
aa0c00ea32e342caba01c078142c9ec8,0,normal,
401aa9ca3fbf4dd8bce5b7d6e53d3d16,0,normal,
1070cf95805246d285ff5fbf6d347eaa,0,normal,
d9ca6e288bdf4dcfb7ded7dda47190a6,0,normal,
1e06c2f003494b49b21d30f431a70e02,0,normal,
9d462127b2f5410a91a136fc0d6e40f9,0,normal,
12d9c0d811824d4c9186383e80185f28,0,normal,
f8f21c9e33f545dc8afcf2557d79232f,0,normal,
7c671dbe45764fceb9bdc0cbb943f749,0,normal,
b1a67955fffb4a808ee1adc610075a4f,0,normal,
b8a3a785001246bd84ef181b7fe3451d,0,normal,
8728e899e5044d25923ee5cfc2126053,0,normal,
93988b7b376941a4a5da33b3c3bfda66,0,normal,
079f8a72994b4586b3d51258bf66f235,0,normal,
5fa63d8fb1aa4fb89c7e175c0e819f9f,0,normal,
297e6c32fc1343ceafeea66ca8a1ad79,0,normal,
a171de2895f249b48516f6fc4044b41b,0,normal,
1d4f3238531e4b00bf197cde6b2c90fa,0,normal,
4b4cce6c870d4c5f9071d4969cd2bb48,0,normal,
4e30314121bb44bfa5dfa5280ab7f0f5,0,normal,
7fdfb263e0424659a035f613bb095fcb,0,normal,
9296ce2d38624d5fb6419960300c5553,0,normal,
822e2f35f920447ea705b95a642f5b5e,0,normal,
a8fefb0e8ab24afd85078a3795a64c2a,0,normal,
ee2e5a4be3764b84882709a84f5d12e9,0,normal,
4880eed02b1f4fd1ad53ee3f2427d7fe,0,normal,
7d5dc08283f5480baaf182b93b425d51,0,normal,
adbf0a5408044dec8581a2c59e98982c,0,normal,
805ebe3effcf4c1a898e4d3ed1d15092,0,normal,
b537f1f3106c45a1aa856b18078a5d97,0,normal,
a7e7f7756950440b963ca75c0f882dee,0,normal,
e5e135b671e14f42ac149117654b9efc,0,normal,
73a7693c42da44299a8e87eacdce2fe2,0,normal,
a60204285be049c48f9ef6267fbbb919,0,normal,
7eb1b3405c53456eb9569e16354a5779,0,normal,
25827e5e586448539d82b72ec1dc9c7e,0,normal,
95e34f477de541f5bdf11a73de03ed4e,0,normal,
d1cdd5ab80b244b19d4915f7e87d5349,0,normal,
5738856976184098b6a5c7c9619c2b73,0,normal,
0995331f5b0c4e39bc27d81990e003c3,0,normal,
7471d1e8b2cc46aab6ff2ef7b38df8f5,0,normal,
836a805123dc4b6f8412c271cc7cbc40,0,normal,
0c7090d74d654683ba2b038cafe2e5d2,0,normal,
e2d05ecd2bf54715909996cf70130c6f,0,normal,
b47af9176826497d8b8f4d0865cc676a,0,normal,
e6e40cfa56ea495c91744a76f4602e2f,0,normal,
1bd046219c2140fe800017beb60dddc1,0,normal,
036d67c24e3f4c13bd32871fd290319b,0,normal,
768265e1ee23426d90cbcf03027b8932,0,normal,
17c68536d8d7487dbe8d0ca5071595e9,0,normal,
3a92a8ff14fe40d58993ce620e71d724,0,normal,
852b0639c78c48d5a2df36a0e30d05b2,0,normal,
3eae2c2d68734e1f8fa8ebe3873b3774,1,structuring,structuring_83
9d4d7b1d78f34eba82919ff242f086f5,0,normal,
9c751d76e60e44fda2876f2b2526e382,0,normal,
505e51803b0745e6980d5d5e0cd05471,0,normal,
17bfb736c7b6449eb9cdb9dca0a2d71b,0,normal,
e27cf5d880bf4afc8fe439db883de14d,0,normal,
d1f1700e366542b8a297ae1e3286cf58,0,normal,
07957d70251f44819c226d5d806b442b,0,normal,
a62bfd4e826240a7b23c30475cc7323f,0,normal,
a1f0c89eddf945aa9a46d461a2332c50,0,normal,
5aaa314353334650a55a2e9c30369d7e,0,normal,
077b8a8ca56e42f886f528738ef861a4,0,normal,
1ac7c5829d6c4b83ab396b9356ec771d,0,normal,
8301c1ccf1ec4d77b3be765d607d8756,0,normal,
cca1831500a049fba20d3cc940a8e133,0,normal,
1a3e463c56ce435c8ef7cf9d340032e4,0,normal,
1774f0c06cf84d01a4e1c052afafab90,0,normal,
2dfd764e2973482c993477fdde95e9ea,0,normal,
b0d715f5d8574f5fb4b1b5a651ebd6a8,0,normal,
15521d8cd4d44deea3c22ae85f7eac63,0,normal,
36dac655dd04412c8ceaaacf68017452,0,normal,
55d30c7ffafb451b8665681e69cc0194,0,normal,
133b3a1d94c9423db27285a9d3734c65,0,normal,
1c282a589c2c41d1bda822288f7fe9d6,0,normal,
929d9fc621cb4a178ebfdc8e2e2c4c24,0,normal,
98b34963d56149e0aa42072e295fba26,0,normal,
5f528d980cc442e4bdbee2472cb2fe60,1,peeling_chain,synthetic_chain_441_hop0
da557db6982b4ba6aeffbbd223ddec02,1,peeling_chain,synthetic_chain_441_hop1
091ab7bf696744fa802eb4ed1da7cd62,0,normal,
6b4cc35b41d6445bb6007258fbfba214,0,normal,
2aa7090cd68d4933ba0a9cfa78f5e0c1,0,normal,
8f040a7d45d4454e8bee394cb694c12e,1,peeling_chain,synthetic_chain_441_hop2
d31ad24099d048f78e6222f959c4fb78,0,normal,
dc5a9775ec034014885f875c2901d24d,0,normal,
e618b8011d604445b4ca4f367ed72f62,0,normal,
32f3ac50d29f444093713a6e73fca79b,0,normal,
2ba25d7c749f43c2b7897cf1cc426549,1,peeling_chain,synthetic_chain_441_hop3
fbcb0ae3b71c42e9ab6344f5bcbe03c2,1,peeling_chain,synthetic_chain_441_hop4
859c9cf635124e86b9abb40b6c915715,0,normal,
26eda90eae2b4f48968ded9bf0b35bb4,0,normal,
329657ab821b42deb56b598100aff9d9,0,normal,
187f4370fb1f428c81e4591fad2c7b6e,0,normal,
016fbdd43c554386b14de6f7c959be26,0,normal,
d3fff421941148df8a40c340a1b4e136,0,normal,
fc48f8556dfc44fe9246d7ddf08ae6e9,0,normal,
3ebbc6f9b0f947cf9ce5b472b3c5690d,0,normal,
d31a333f52cb466bb02676df3d5bb62e,0,normal,
bafa3439dbf2495db63b03e9cc94439a,0,normal,
a8f10b3e564e41edb2b5b1ad447c2178,0,normal,
22f2abb585f14058925cf7cb28863c98,0,normal,
41efc15826674bc3a5730e790f2ec170,0,normal,
578a9d9401214d22b46e0f32856a6a11,0,normal,
e9990f938be444e0b682bc70e67c3983,1,structuring,structuring_111
81b73351b9a74ff59856672eb1d26438,0,normal,
4d6d41d68cf54139b4903df48083708d,0,normal,
cd90eed8decc48a78f93b603190e3b32,0,normal,
a4c5fc74aef94439addd2cd935336623,0,normal,
fee7e0ac10b54d6d9592f86fb24df88f,0,normal,
b09507bc0aff463f99f75f89b5d9399b,0,normal,
7e3a4cac99fc40e9a05703b6fa794833,0,normal,
c39c5cff9d014cab802a8acfbdbf2fd5,0,normal,
01b1f76fa2df47cea8600adb49ffd9ba,0,normal,
6050b7486b214e39b3d0e5e7967d4212,0,normal,
85a2af7acc6840afa27d0eb4df41af9e,0,normal,
f06b2c027c804baa95c45988aa848d63,0,normal,
33eca8bbae9749bd83cd1f49682c56a0,0,normal,
e973897d1f7e445c8fd08851b7bbbf16,0,normal,
fa96ae76cfb748f68dd250c5fe825e10,0,normal,
55689a7b1a4d495982e8b8f3c638e6ee,0,normal,
e98174553c1e4bd19bb3a41c3feec452,1,structuring,structuring_83
dc5d74ceb85a44bc9779c89c55293f88,0,normal,
f737b75d83c54cb6b0fab650b98d12fa,0,normal,
46de52a2970247af9e8e8214337ba049,0,normal,
651d40926d984bb0ad923a22c0c7105b,0,normal,
42622a9af94b47bab254cfc47d1f039b,0,normal,
4d8832657d304d09aa34125ec847d94a,0,normal,
a0b8a81067574eaebb1a2a78527739e7,0,normal,
85e601d91f7b41de883976ccef834f34,0,normal,
ba06ef4c945c4ee8a743f07a32599e47,0,normal,
35e1d8d627424acc81f37f920e39cab8,0,normal,
62481a7d91e449ef8b4eb1687fc45b36,0,normal,
891e8f3b1fb147f8830a9970f3f44de2,0,normal,
d8b1637967c54358bb53ede24e5d63df,0,normal,
912e691919f44e7794cfacf0e0db163c,0,normal,
e0923ebc85ad40728fe330f7d4f60288,0,normal,
f55ed4f9be38430ab54025d6614cd380,0,normal,
4ab0f2a582974beab9b05d245abee1c5,0,normal,
89a65794d8db4ba280cf0c4bc82e2e06,0,normal,
513c88dc137d41b7b0ebcda2b9101b77,0,normal,
c91be69f9c3e4a7981e13275ea06cdb4,0,normal,
36cadb75ce4d4a2984ab8daa40c3480e,0,normal,
432ead539fb949e3b9ab37784e32fda2,0,normal,
93cbebf011be43418f9a4e22260aad1a,0,normal,
9d50067bc84f48a28bcfb6d7ef966309,0,normal,
0c56c23c4bb94054aa232ec35c1de91e,0,normal,
f5ba13f0c96e4e61a83f2be257744bf9,0,normal,
eaa3b200ea5e4c8eb3f07025c049fcb9,0,normal,
c95eb278fbaa423cae2f6a32bb8838ab,0,normal,
eec728b27c014e14879695fe2bc7d6d4,0,normal,
b28a5729fb62479485ae5a35b8eac8b7,0,normal,
c8b9e814b53448d4a4fed92c24d4a2f3,0,normal,
3616ec95a170485e8959b09ffcbecaf7,0,normal,
13a58411ab2146caa8fbcfdff1f31f00,0,normal,
fcbad201f53d4cc495fca51de00e6d6f,0,normal,
f0c2817d9c984c3395cc5e4935392f7a,0,normal,
ba75c3a6a6a64e89b6c416079d2fe5a1,0,normal,
87f6a29be3a34311b4a7adab2713cb9a,0,normal,
65721905b97243658e75ebf7d81bf1c6,0,normal,
14cd414141bc42fbaf2fb2927aa09e3e,0,normal,
218c57b5181a462481a8cd92ee21c809,0,normal,
389e80e0de5f4a76bc391ae7c3c42aab,0,normal,
6f00c12ae6d54d2c9f88da1314886ba2,0,normal,
d86a267e02c94641a33fb8ea6dc54298,0,normal,
263102d8660241e0bb2dda0045af4ccc,0,normal,
5938b036ebac4b11bc1ed164cd66284b,0,normal,
a112bd16b5a14fed9334a6583b14c7e3,0,normal,
33068b24bb924ceab1caafb9f381ef27,0,normal,
4018ab58325443b284ba6c82744f8775,0,normal,
ff5436f0f1074d45ab264633c42b17c0,0,normal,
ea445ef392584d40b391e549629c3c2f,0,normal,
a726c25f23f34dc29ef248d79b50bb59,0,normal,
04e68c496271441f922ba723d7359118,0,normal,
52b0760c7b704c8da6a4d9155a5edd34,0,normal,
050edd35dd8a4609b744fd0b9c61fbc8,0,normal,
f1159c03c2d04c019ef59215f1e8ef98,0,normal,
67497dc4616e4817ab6bb585abc0b18f,0,normal,
63a07cc0a78648c289dfedf6c70339f1,0,normal,
fc9f05f0b76e484491edcd35e50bd2ed,0,normal,
67eaf29bca1b4e57ad76346a5b66da73,0,normal,
34de044eaeba4795ab99ce6d31a0b3d9,0,normal,
c6f6702d09f24666b40861ac07963807,0,normal,
6b508235c7934fc38387b6f79cf4ba08,0,normal,
78c46c3cd1f64e4f9f84a95d0b0f1740,0,normal,
626a16d69a64420ab1deccd4bf0b661e,0,normal,
0792b0db8f3e494f9639bbddaaef8d39,0,normal,
da32b14f38a649cfafd9846d10284961,0,normal,
00c4e12d000d4a80a0dd57e805d3833d,0,normal,
ebc63b31757e437a80b8135c0885670a,0,normal,
86ed550934ff440196986a81f589f984,0,normal,
a6bfb03e56c6435baf88e2f576d4147e,1,structuring,structuring_111
c6c6336369b141bc97a4addc7475521e,0,normal,
8074c844f63a491690f2342cdf2cd5cc,0,normal,
57806ffa297945f88f2b996d4f0681d6,0,normal,
211d8bd57ab24a2d8b0fbc5b5ff76571,0,normal,
7b66a1410a7b4ed699440b7e7a820aa9,0,normal,
d920c0dd07b44de8b26709148505357d,0,normal,
4658d32e7c7644a996d4d536876799ab,0,normal,
9237eeadad114aa0a6dd64f7414e4866,0,normal,
0e063231dff0454ea394542434545137,0,normal,
af3d58574e3b4356b540c9cd8c4d225d,0,normal,
58a9c87d3cb2491892dae39560a594fb,0,normal,
024da6e3bcb64fc7821e676565520593,0,normal,
539037ad4f4e4a1f99858eeedf04b4b5,0,normal,
ddfb4282a07e4449987350f0327388b8,0,normal,
6deb873be1864eb08720780a4c267342,0,normal,
6089acd7cec24659bece7065b1945604,0,normal,
53733da08aeb4b9ebc07c2454767c8d4,0,normal,
37398b142c2a4551b246fa9bb9be25ec,0,normal,
fdc3afb3f82d43718e922ff425251026,0,normal,
0f2939367cef4ac9a1d5c0e5b7e6fc23,1,profile_deviation,deviation_93
caade187d8324aeb8a3aa3f90640b170,0,normal,
77c79807616a48c4bc3a2c65ea5dec37,0,normal,
ad19e2b12c3e419dac9e448ce5d0c732,0,normal,
8f9abba124c241089bba762cc10c5ae4,0,normal,
b6955024a40f49ffa19020343d8ef15d,0,normal,
911d0ebf811d400aa05f1905777adde7,0,normal,
d7a291445714449c99ee744f362952f9,0,normal,
89d1cbbb2dab404e97ab3df963b0d419,0,normal,
5739815fb64a47cfa59206953f94740f,0,normal,
ba4203bcc1d541aeb275b0907cfbc915,0,normal,
8d628b6f1ae34a5589b78115e20302c3,0,normal,
a773a08e6b3f4f8391dab9d12b21609e,0,normal,
1897a8ba65f14776bbbbb0ba09649299,0,normal,
d27be646facf4a9eb8f361c1738d4c84,0,normal,
a02202b3bd594b6081a39dd29604a2fd,0,normal,
14b02502e9af4bde8e6659bf1bbf6b90,0,normal,
528f8b9237dc4d37bddc82a60a58fcca,0,normal,
a089a6fa4bb24c888c8d5b2484911169,0,normal,
27eb654d2b384fc8a5ccf2d2c3959966,0,normal,
b81823fbec984e54811c95d6ca0d7293,0,normal,
4b07f72099d0464b8cc0f583da92c1e2,0,normal,
441bc63019dd46f89ba1ee3f2f1090df,0,normal,
9dbdbb76e42c4cb08257f057972fa9f2,0,normal,
25e36fe96de94f85a2a2a261abb75ee3,0,normal,
aa1acb309b1946658126196a7980f5af,0,normal,
8272d671946a4e859faac5cc2b71e255,0,normal,
b3415afc254f479696eb483dd100725d,0,normal,
d1cb7defd1ee4ebfa0d0084176830310,0,normal,
d15dcda923544250bc34b3a673d56c80,1,structuring,structuring_83
dad1d8a2b1af437cb70c968a222d338d,0,normal,
2fccd2972e2d4cf19bed2b8a2c19179f,0,normal,
44c39f8b58d645c0b17293024c04512f,0,normal,
59ec4422fee14ca3932d9624c0bf866a,0,normal,
5ee4b365f9094ff99e190aff6bf25dcc,0,normal,
117e03206fdb43689a9cb33b4d57fdea,0,normal,
0f095ed19c484f379a400715bd8fd861,0,normal,
34ff3da8e8094f61b3fa1371d0120ab5,0,normal,
55891059e776405fa94439fc5f139cad,0,normal,
fede31003b6e402cab4cfa62d1ef586d,0,normal,
42a25a9f385d49089b10443e2704a98d,0,normal,
b174232314fd44b7a5cb206a33c51e9d,0,normal,
2ff0c896ae094d20b928d6229906297e,0,normal,
e5de4e7b412f4d59be99832dbaaf9525,0,normal,
e8b1eabcb0da4a3d9c8448d42ae960ad,0,normal,
12b871d88a7649cbb3c0e94b8c2d15f2,0,normal,
4610fbb6f3354d7a82d52dfdf00af05a,0,normal,
e3fea201846446118cf7613ad6500514,0,normal,
0e15409adbc247abaa25ad0e628d5d34,0,normal,
762a9ea95f4149318830ecfa97930748,0,normal,
925c361b2729438b9b317bbaf31ae0f9,0,normal,
aa30161b97ba4104802af26b0a8eb6b6,0,normal,
f7028478e4664d9b89254044d38be32c,0,normal,
11deaa7cf00349caae98016d40ac61c8,0,normal,
292e9bab0ccb43929b2cacd721438a50,0,normal,
26be916f56224f0ea17cc307184b36c7,0,normal,
429d85fec9874d5e826b133b5b8e1fb4,0,normal,
c56bce4f01ed4befbff714661f429d56,0,normal,
22858ba9f5e44cb694e32d32330b7c2e,0,normal,
0e039aa61ce84e43b0909c7f36aed313,1,structuring,structuring_111
57efa7a69871410d924b30ce08983424,0,normal,
1464f3042cfc4e3fabacc2eff25b085a,0,normal,
61fbfb54690d4d3da653cbe97431fa87,0,normal,
1d0501240eb54208b80659663648a4f6,0,normal,
f3b7be5f47304de8a7f6bc9693d19b85,0,normal,
f454e16f8a094f7aa0a164c66bf0a340,0,normal,
9c41eb7a2eda40f2b999546827ab044c,1,peeling_chain,synthetic_chain_102_hop0
d4bbd2cb240b4b6dbf00592fee98a2b4,0,normal,
cb01e76922004732ba8df67e6bf6711f,0,normal,
28c2ce6d0b57430880309bd5166ecdfe,0,normal,
4b04601a8d91413d870646b3fb24a729,0,normal,
1de24ecc6a464323b501ea435cde21a7,1,peeling_chain,synthetic_chain_102_hop1
ce450e0db54840b3aa8b579f3c914b61,0,normal,
94410e1f8f0b47c39c465ab89511e640,1,structuring,structuring_83
89d2946a9135415b929b03fe13ed2aec,1,peeling_chain,synthetic_chain_102_hop2
617efcaf211446f58571049c6c616f13,0,normal,
6dfaadd199564e61863045582780080b,0,normal,
fa63f788f1a84a83ba07f55a0ee50ce3,1,peeling_chain,synthetic_chain_102_hop3
c09d22b1025e4b49b59da06f1eab9e7a,0,normal,
341b4135f782496f8869810133dfad1d,0,normal,
29329331e50b4f6898e4187fe2435a4b,0,normal,
7dd24f1f2961470db6ed4e9e965d0a81,0,normal,
8b52492adaf342748abf52d4e1557a3a,0,normal,
b7471c3b9f7a4b28a39635554d45d6a5,0,normal,
43dd5fa9e0c54f9dbc37b040552231c5,0,normal,
158418235c2d47f48bfe9ea56e9b31f4,1,peeling_chain,synthetic_chain_102_hop4
540282f9ddaa4300be1d09f5a2175532,0,normal,
9eda2c8792544cd6a939a5483842b1c1,0,normal,
18b71b6f56f94ed28e23284c5614bf42,1,peeling_chain,synthetic_chain_102_hop5
a32b749a0f574f99b52fa6c5785ef503,0,normal,
8abd756cd60a4175b7f1079fad5cccc9,0,normal,
6e1700289db24d49b2c8917e21601a12,0,normal,
5ac64785086c4b3cb336fc7bebe46936,0,normal,
d2e6dfbd813b4cb6b08d347f2ffa287d,1,structuring,structuring_111
31c2f8404baf4856ad475b33250ae4f8,0,normal,
14107d3315d94f4dafdcf56ef09534cf,1,peeling_chain,synthetic_chain_102_hop6
8d31e991b1034949a77073ce9b9a6b85,0,normal,
99d6dbdace054d419228d01f1db02a8d,0,normal,
88702effc7b1410db710e62a73c507cd,0,normal,
1ced85b3e2874ec18073ac0953206e42,0,normal,
70fe96f911294a80ac4f882c36eeb236,0,normal,
ae330dbdd799458b8996d2c8804c9a5a,0,normal,
d0d348e9a6e94a358967e1f3cea094c9,0,normal,
fe07d612681c4c229624c7fffb69fe87,0,normal,
5588b61d307c41149e1869fcd0fb7561,0,normal,
a40dffbf693242ce90af534dd73b07c2,0,normal,
8a8972925f8a41a3821a6b185ecb9170,0,normal,
a6eb6e526135474d8f79d679b7a5c8e3,0,normal,
bf787aaa6a6c4c86938c3e92f205eb4e,0,normal,
00b6bf088e0d4bca81f4dab01c82c725,0,normal,
5c31e28994fc45e8b44b5d60cf2427fd,0,normal,
62869ab7f8884adeac05d477e6e724dc,0,normal,
57c7692d335a4e15abd0be8b38156a45,0,normal,
0575858bad7e4f13abe8ba5378f41a48,0,normal,
ad84a41d910c4c83b5fe97288a2f00e4,0,normal,
8e0c302bcaf64a76afd1ebeea47f6342,0,normal,
252013eb8b844b168e95caf6b73b95f1,0,normal,
2f71426258aa4f06944a68b9af74a850,0,normal,
e6f9ea7e875446e080304b02fbd55b59,0,normal,
6b181143a6e44d0bbc2c8d1323361f56,0,normal,
58272a72613346969e43f697e690a2f4,0,normal,
03daecce969249fd9cea3e633316a121,0,normal,
3b369ad0e80c4380a296d898d399dbd1,0,normal,
6dde53b934764599a87370bd1ded275c,0,normal,
f07e59a87fd64983a0d4e23aa1505bd5,0,normal,
f3a11e13443141e492b437590f3ed337,0,normal,
ae539bfa8f264525af297624965a2a56,0,normal,
141cbd7fe3634d83b30f9f0e15444c7c,0,normal,
b8abee15cd8240c88fdb655055843d9d,0,normal,
db4fdd0c9fe5407fa37aeb7afa55fd75,0,normal,
6df8699600b24610b3a411dc4b2b21d5,0,normal,
1ebef966cbc84d819ef7acf6feb7dd6b,0,normal,
ce78007391674257a0e490edf0c8648d,0,normal,
6fdc70062961435588f591e0a0abfd90,0,normal,
6a4436ce75ac4d78bf0638dd764c6800,0,normal,
745b411474984444a5fc18c1ddfec031,0,normal,
3155fa64a1114ef2bf0f8f84c49203c5,0,normal,
8762f2890d414976b9ed4a8db137d791,0,normal,
61256ca99436417c9e83c7e0d708e7be,0,normal,
f2d91f97cadf431a90cf63aa90b68bbb,0,normal,
ee82834c47f5423fba8ad87f4780ff58,0,normal,
1feb5786e65343d48ac40c89effacebe,0,normal,
8e98c4752e414c6faedc19605332d900,0,normal,
33e5a56446ab49de9c7abb6a50da8fd6,0,normal,
743deff1e10648b6b53c2c19720791a4,0,normal,
4068a33fa70f49ae925d3e056f91e8ad,0,normal,
a4abe726e2d24d1490520e95c9fde136,0,normal,
00241c7042f04a09834152d15403f66b,0,normal,
e0f96da1e8604dd58b68a1b69fa9add1,0,normal,
a906f21b077342f5b70b5e3db2474e41,0,normal,
11665f13741a4f8db17b217c014b2aa9,0,normal,
fb7bb31ac05d4fb8aa5e4585ac24de06,0,normal,
bc962da2051f4bb3b88a1f49de56e0d0,0,normal,
6ffa90d778f94c1395c3f0479800b743,0,normal,
9b742819d1ba4179a07ff235d62607a3,0,normal,
d01cd376942440618896e8de06b50116,0,normal,
ca80f1d2cf4e493882e1a48f73d4c966,0,normal,
53f25dfda33a43019892f0c38a61bde4,0,normal,
addd72b8b7cd4ee5be6967ad0f9b47f4,0,normal,
2d01cac1c2c344a8baab57470a0176dc,0,normal,
f5d505ff324b489e8c5ab0d6ae3e9aaf,0,normal,
cc14cfa15f0f402c8c6da51027616698,0,normal,
fc530d13ac4f4164a405b80057b3226a,0,normal,
fe52c761017541b897b90305b1c00038,0,normal,
56a192e6718b4f9ba879ecd38b36f2b3,0,normal,
3df0f816467e4ba4811bbb6aa1c77a44,0,normal,
94a73f36f6154ff095526438d6e2c957,0,normal,
d39d8a920692456fb250150953172988,0,normal,
5af4eb0fa89f4de1848fec81c25f7aa9,0,normal,
0f0f4d3123db4344a6bc0931bdedc3f8,0,normal,
1a59045638bf44f0bb5090308c7caa5d,0,normal,
b61227d98797496b93c1ae6ee1040e30,0,normal,
d9431fdc9e8f465b96f3ea309573ca3f,0,normal,
dd415bb6304c47e18b9dcbc75fffa80b,0,normal,
fe775ef104214f9a82640701f3b68673,0,normal,
ce3f489033d3497ba9dc5268d851be98,0,normal,
055f58e68f3b4c37b0251e015ac01575,0,normal,
7f0a01948a374c75ac76b26af2e7c68d,0,normal,
ad848d5f8f8a46c786cd4c825bdf54d1,0,normal,
7856ac17606941e0b60a4a68a4d08682,0,normal,
4d0c38be6d0748239b7e37ae2e376bf6,0,normal,
be0fa82398d247669f8baa86d9209379,0,normal,
e07f1f7333154576b4c267b9a1d63efb,0,normal,
01d19c40883e4f8ebddb4338535ac4eb,0,normal,
2b4d94a7d79f4461b2d2dbcdee9d6c4b,0,normal,
cd860304c75d497eb976bd7d07329ff2,0,normal,
bd6f50473fc84de8ac03531e856e28d3,0,normal,
f77d1c8ea5c64571a4c06a0d32395520,0,normal,
cc47d55a519f41c18438994e3d35e76e,0,normal,
2c93d892b5ec4ca6a4fc5412f92d46d5,0,normal,
17829935afac46afac41c0bddc766aaa,0,normal,
48ad51856ed4485a8b0f7a4b48c4711b,0,normal,
e9f69230acdf407c9d56b708a4eb169a,0,normal,
304a5ea7f2a34e5c929a26f0ea8c6d7e,0,normal,
f444bd7f823945a980a54e489b84e1fd,0,normal,
34d7a5d5a57c4deb96cf4e5b4e0f94ad,0,normal,
35b21a2da4ae49c99680608b25f30181,0,normal,
036fd94305d341b6a21bf19d77eaec8a,0,normal,
38a1d3f51a5a4e0b922263ad19079440,0,normal,
527f2f710c39424ebe6f8213f2c2b368,0,normal,
8f61ee3c6b0c481f9487bb7e33486897,0,normal,
e5f8c189383545bb826620567bab1ee3,0,normal,
52dbd0052fbb46d49b5eb7619c9fdaa4,0,normal,
64059d44af8c46199b3cbe2ddb3834f9,0,normal,
cee073f8ab534031a6be63cf0d552c94,0,normal,
ccf876e81be94adf824f8f9d1a9ebfc5,0,normal,
38b8e564a86e43a38bc22a4658b0cd50,0,normal,
374414dbe1824823930f7603762b24a7,0,normal,
7460a3f6a17f4b918f0607a2c6195b89,0,normal,
255aadac67ea4a62a3c1687289e8c575,0,normal,
d01a692d55ae4a9294c141217478b883,0,normal,
5af5dea40f56436697bc5c5899f568e9,0,normal,
297b6da56baa46288b68a6fde225417f,0,normal,
884b79bc613047b98916b2ff6616b6b9,0,normal,
ecf1add0d1d6450a8b1eba699330ddae,0,normal,
28390ea875894590b502e9e7c651307b,0,normal,
d8e4a42e104548439a70dcc4eb6f3a51,0,normal,
07233182e1a84bbaa4b3fb701ef89ade,0,normal,
c86cfe47bb9c411f9351f8eae52f6c74,0,normal,
7ae305aff5f14b2f862ce01ce13179b1,0,normal,
6d08d70679754b6990cc1b576f221ff9,0,normal,
de168c89ece94bb489eb708ca3425993,0,normal,
1f4e153e4e1b41fe93b7320ae0f37c06,0,normal,
b02e0885b80f4f1e9f6baa3fecd90b89,1,structuring,structuring_83
cced14064b9b43469a3c28ea06328ae0,0,normal,
33c1566773c046438cadb90f7987807c,0,normal,
32b83db2af304811bd1d3573a8ff30ea,0,normal,
85db6a323f624d399fcd4c8a30802a54,0,normal,
44a68d5532c840e7958d2592ef804537,0,normal,
21f895a3e33842cf9d0ee3b8516db644,0,normal,
10482366adf141fdb1061243a8eeede6,0,normal,
ab433f49aa86413082861e22360bbc80,0,normal,
51f0e87e86a34f59ab0b3df3ce38e642,0,normal,
b16b15f6eae04dd0ba0357ca442e9ed8,0,normal,
75744f062c9b49beaef6fca8ba0e0033,0,normal,
3f315c95555a4a08bcbf31183c067627,1,structuring,structuring_111
82b84bfda04b4070bebd069e5ebc70d9,0,normal,
ef6c4ae40f6e47edb55d2a3d0479d829,0,normal,
3c41080cd5b44a3f976897367dd7d152,0,normal,
49ef39ce4e7e40e794800a8b57b158a7,0,normal,
111ac6c3606b4a06a5d28d8b33985ba0,0,normal,
a688e6063d66439388f7fafe0a6aa41e,0,normal,
0a351d859ed4453eb24fd58ea17d30f6,0,normal,
a5450753355e441f912a5c60258453b6,0,normal,
efbd4e0ef5684328967148a695830336,0,normal,
aaa55a435f8846dab18f7a7738cb66a1,0,normal,
67832260ba31494385af37d83456c311,0,normal,
d988764f3d99493eaf919cc26a3ce0f9,0,normal,
c889d32f36b646a9a43e671c7303df5d,0,normal,
7c14258d84be43f181e001742c8baaa0,0,normal,
d313c1c3114843cda94439691df6c7bb,0,normal,
8ffb1c9a657244cda66469a3ffe4e816,0,normal,
ed898dfb42a6400181d8a54ce963a699,0,normal,
d9b9c1be568d4925b5207664df005901,0,normal,
dd6118ac197a4e768d2571ec752c7749,0,normal,
4dddc5780c90488e8efe02223d342c8b,0,normal,
feb595eb34cb4656bcc4e8aee52c837b,0,normal,
4611740cfa684c4c9e7f684da8bec7ac,0,normal,
8311ec1fd5974afe88fca909c0765531,0,normal,
b1a75d6c34114dcebce98039035ef348,0,normal,
3e615aa8834748898626a0ba3d8d675d,0,normal,
2831de23e22449c0bce465cc9df6de28,0,normal,
53cc8893617249149b37c158f6199eab,0,normal,
43716320d44547f388afdc07e24263d4,0,normal,
eb25b78ce2754725bf32d9f3c2113266,0,normal,
8ab2850666824931a8d9e8a5896a2281,0,normal,
f211e773029846e5823766744b1fe240,0,normal,
7e39f940a72e4ee69a3d47943afba1d9,0,normal,
5f849c7e60ec45989e6f3024dedcda11,0,normal,
dbf5ae033d8b43bf94bd0c040e8f12d4,0,normal,
68f0949be14b4416bd2d6b38bd98af52,0,normal,
8e9abc1d5c3f48a3afa7a8c2c920787e,0,normal,
b64c9572b1d44e278f520926ddbdd4c8,0,normal,
5c7f4dc0822c4b778e9b71766a29d914,0,normal,
97210dfd235f44e69664b1debd5d7330,0,normal,
7f1473cc1ba24dc4ba0e44c0492aa8ec,0,normal,
34b79f4450f04bf8864e26edf7e71f93,0,normal,
29ea48ee5bfc4389ba4aa5299efb3f0d,0,normal,
e162d2d533c04629be93797d603d9f14,0,normal,
6629a9e2ce65448da79d336d5dba56f8,0,normal,
8ec5d0c209854e2bacd0506425bdad34,0,normal,
450a23e6e00a42f594986293147bd7a5,0,normal,
510b9ebaeaf54055bd1f6dba00b417c3,1,structuring,structuring_83
e46138df61c84817812bc3cbeec851bc,0,normal,
604c1973aa354ef89fea144d5c5cd9ee,0,normal,
32c01b7f34c84d0c98d949f7238fb8d3,0,normal,
9fa519f3652d45c5817ca587b2f56def,0,normal,
a6c519c56d2a463783077c5421257221,0,normal,
295dcdc48ab3440e91a0cc67b3ce4a0a,0,normal,
7dce3334756e4d40a22843bafc941ec5,0,normal,
7992439a36d94173abb0afd0d8eab3b2,0,normal,
f1478846a3e943f9afb0a93895d0049f,0,normal,
b4cc9b0db9b34bd78d8fe68119ce07c4,0,normal,
c5d815cb39634fd684d3b650be2daec0,0,normal,
5806f5f385b7407f977d12871dac5ce4,0,normal,
0017954259224bf8ade800fee3b49d5d,0,normal,
bcb6acd330d44bc4bb0f8076a71e41c4,0,normal,
3cf6bfdd2bf2405d99be7d73c62b04bf,0,normal,
8a9b9c17435e42dca2a789f90b009200,0,normal,
795d5aad72c64645aab957b251d8404a,0,normal,
3714f4e34d054f86995fac259fa5173e,0,normal,
42dffc0f5a6347dc884d4df47a2515fa,0,normal,
fe3a9f6bc3a947f897c710d91f206820,0,normal,
5bf3bf124d8e4bf79d0eaef719b17c22,0,normal,
6db1eeb955b347d498b0675e048c7a29,0,normal,
6090a2fb4bcf4557a9dd65d839760a9d,0,normal,
47097a46faf04673968fe13af343e326,0,normal,
548b452299324be18fa528cefc1e51ae,0,normal,
f0bed8524479499db6426cd0ae7b42d0,0,normal,
c516eab769c24265aea475026c0b9955,0,normal,
c4c2436282b74e78a926085841726e36,0,normal,
7ca480a2dcb44754b540328a8e4f1552,0,normal,
80a5d7b3e8ef484694e302a4199bbc60,0,normal,
5ac6a16961994f93a34df007f3730955,0,normal,
15e7fb56e3c64f91b98ecd141effe2e6,0,normal,
f45d7eb484454c63b5491ce1b3500033,0,normal,
7a5228d2eb634e2f87604c0982716ec4,0,normal,
7c27454825864f6b8464bf3dabef95cb,0,normal,
5c02419feeab4aed8b357aa8b1fb945c,0,normal,
8a266d7a41644d1aac313737830bfea8,0,normal,
b7722158676e45f787d2a93f584dcb8b,0,normal,
123ce8f8e0434341b541c1bc82e15817,0,normal,
da02fa59624443de8c7c986157be84c8,0,normal,
5f5d5217950b49ea8af356493169139e,0,normal,
bb138b6b61004585879668ccdea74125,1,profile_deviation,deviation_223
c883ff49c6984f22a91b1a23bc80b2c4,0,normal,
2aaa81faa3cb44b38c806892c3d5d1a0,0,normal,
1149926aaf9c4346919d42e469e4fa93,0,normal,
9d754c63e37b415bbb150c533e3008cb,0,normal,
5a029e3d3f3049aab77f421322f219df,0,normal,
ce34c8391e2c4beeaa6158061e3ffb87,0,normal,
d65441d7c905494c8ac22be7e67ea4b6,0,normal,
34eb862653354939aab219c38f494434,0,normal,
6c49e36e03fe449093367368c7e7904c,0,normal,
34f96bfaf94f4d079b634b8259fc45d7,0,normal,
288ca99fb38a4083b423d784f43786bd,0,normal,
c55a98faf736464f8ae524e862f431fe,0,normal,
78ac184edd2b40fd83aa321095eb251a,0,normal,
397d762e3ae9449c98755f8ca075e5c7,0,normal,
5b1fe47a43c44ceebfe011c27c2f324e,0,normal,
06b0d34db9c54eacba20147dcec7ab25,0,normal,
83621f1008634cbda9b47c58dfed095f,0,normal,
d1d6c9a469b44a44bff4114a48535a30,0,normal,
b587bce8c1df408fab840e1ef89c2993,0,normal,
06661b4376944020ac9177dddaf85f49,0,normal,
6a9625108089432da5b55e22b1897334,0,normal,
d83fe5aad9e842368f8cf1e11876521f,0,normal,
64d10196b3cf4a6a9cab8f7e8f4e09b0,0,normal,
261880a18547424abb530db6b08f4e39,0,normal,
ab6e4cf263424dcb8ff13686dfccde8b,0,normal,
4f19a998e0114f1cbdee2da0446036aa,0,normal,
f5e5de0e408c4120af1381302e20549e,0,normal,
abf82274f2474961b1bb5b7bf4219298,0,normal,
71daf80a5323487093f2ef5c52953542,0,normal,
1e8d7dcdbadb4d8f8d50cb9d658e318e,0,normal,
78a7c9355ac044e1a2cf854a1814b9f9,0,normal,
fa3ef01ce4b14a65974144a0e55cd822,0,normal,
099446dd73694d03856fd7a33fa5ba53,0,normal,
8550a6e801e644268127b164ae4a8735,0,normal,
3d45eedea3804be6b771d2106f524bca,0,normal,
3cad38c835d947f8afdc779989a74f20,0,normal,
c93e10b902f34f22bf50b6f4e4f89163,0,normal,
9c899e103df4463cb45859298372eb43,0,normal,
6e8fdb64a4b14d8bb1f1104e54530aa3,0,normal,
01655d3bae9c41318e38fec026b1e83c,0,normal,
51d8da6bf49d4842a8b303c1e5e22fbd,0,normal,
fa68cda09c844e9c8e62b81cc9b0f6b7,0,normal,
5064840c561c4a4f87a5af69aa5579fc,0,normal,
a961da91d7d441c2b2646f506b79d730,0,normal,
eab76e98020044f7ace0931924853e81,0,normal,
e7120ce4f2c2482fa225266b05cf8e8e,0,normal,
0cd57f621168462ab789a68fb55983bd,0,normal,
23ef162fc060489ab248e23c1b025ff8,0,normal,
07209f6266ca4da8a62b971cbfa85b7f,0,normal,
02a68bd2082b4460bb71dad4de205f0d,0,normal,
99a59441209048dd905eaa749453ccd2,0,normal,
96ed36cf344c461a824addac2ddd375e,0,normal,
c30ff05b792c401dbcca09fc26aefd8c,0,normal,
e8c23496ae6a4e18abc7e33167b33b5c,0,normal,
24d6f0ad5cef43d88352f6fde4f75d30,0,normal,
78e519a8e1a74568abe29343b9d45b11,0,normal,
724a423674b040808920f1581af242dc,1,structuring,structuring_111
fad0ccc8affd41409bbef94d9472e46d,0,normal,
1b9f230adc0043ac9507d5964dfa68ab,0,normal,
b3f8ae4f70d6442baa2f98db389364a3,0,normal,
1402b1c40e3b46a8a83c62ccbf458724,0,normal,
c11a3537536b4674bbc56747a3704c53,0,normal,
5d749c0673bb40e7af17b715e6f8fdfb,0,normal,
553aac5e029d40ef96ca0798938e0ad9,0,normal,
0b263113922a41d48ad880db65787be9,0,normal,
82901346e1034620b5b3a094235104fb,0,normal,
96330097261d44f2a27c9918fa9999ac,0,normal,
b1c764be446c4794b48cb7eb16dd887a,0,normal,
0d2358f78acd4897a9f0f1c09b14aa6e,0,normal,
64365e052c4d4cd0a6c8b25915237470,0,normal,
dd7e60dd4e8f49c68bd8a25cde2c0161,0,normal,
6409514b749141be9dbedfaf95aa91a7,0,normal,
e0e79ca6d4b84c46bd001954fc6bbae6,0,normal,
0fe955573eb34a4a9b8085fb009be263,0,normal,
e300723b451c451a89841edc643b3dde,0,normal,
08d82d1c1290402484f27dedb81c4267,0,normal,
11537a176d4c48d2afeef7318ad7f639,0,normal,
198c3fb703634619ae3a07632a6f4c76,0,normal,
f0d524aec01d4793886bf70baca4f769,0,normal,
74aec5b8d86d40898f4961b6a81de064,0,normal,
6d68c6606f2b4d478b2cf838008f4935,0,normal,
05524fec87c841f0a02adca1088524a6,0,normal,
488672965ff44c2d83acdb2cdf2a2e83,0,normal,
6801aecafea045b9ac248c877cfc493f,0,normal,
e01c82bd59eb44b0b93b1055a9de7d20,0,normal,
887cbb957b8641cd8b2c8b8ade921fda,0,normal,
97d9644e1e684998a521d7fe5454d5ea,0,normal,
ead7648ce1974b79b9a789ca4328efba,0,normal,
936767679ad247b5b07282c505cc8a5d,0,normal,
b0cca474d21b43d79e8c01794b5a0001,0,normal,
82a41834ddaa4c2b947899ff9fe89515,0,normal,
90101dafd6e543cf99b4212093114b75,0,normal,
6951100019db41db8de9ca7fd20369a8,0,normal,
7d66494ded91401083d19030d99f2c17,0,normal,
62e770d37f6347418d5b2c57000d74ae,0,normal,
0453f902ffe84faebbe8a5d213f1e255,1,structuring,structuring_83
9c50f29b591548919f2d6de3ee3e7f1f,0,normal,
0365525578664866a4a319fe9b6158cc,0,normal,
724c969716e2460892f675a4529f9016,0,normal,
34d4a624755a45c2aed7dc4d656e262d,0,normal,
d1687b5e1d324bc5a23b1327cdd3bffe,0,normal,
1c29e93e71c74b19a4d915bd0608af2d,0,normal,
98f29c0684114164bc4c7929e3df9d84,0,normal,
9029d6d6673e4b47b4b7f733d7d72e01,0,normal,
46f6cfaae64d4287a78f32e6faef5b41,0,normal,
19df97ebccff4239afc973d8cd32869b,0,normal,
005aa075cfd24b199e820a60478daa20,0,normal,
18138378c01a4f3ab3ef78a3d7a6e0d9,0,normal,
f806e10a789e44fcbbac488f76159d3d,0,normal,
00113adf07584cd3be58b94fcad083bb,0,normal,
c7afdf547c5b4615aafb3110e4449906,0,normal,
2bb3718258fc4cbc949558e2e70de216,0,normal,
15d5339762b24262a16ac35fdc3dfa93,0,normal,
8a3fe00a4ffc40e782904d2c8f8e7da9,0,normal,
f08b4174b4cc43548ea1b8829f2fa4a0,0,normal,
f589d3b02cb947b0bf9b363776b15a95,0,normal,
44798cfe7b594dd2879b85495bfd336f,0,normal,
4e826fb853434089986e4478be3281c1,0,normal,
081c2a9259c74c37936c738d03ecdce9,0,normal,
04512ba0309d4ae3b074d0155c8dc0fc,0,normal,
e7cf971dd68740c1840f0b4e4f63ad12,0,normal,
8189c461e94842448cd8a364f8a44c7d,0,normal,
a00683ed27644ffd96aeac5830a09b1b,0,normal,
ee303be2662040b5b118bb3720e9a9e2,0,normal,
1503ee42acd44ddd9a6e2cc196077d88,0,normal,
6ce6ad9d896a4cdeb0f108c871302471,0,normal,
e3168e3ffe954ef39705a8bd03d6238d,0,normal,
e17cfd40a52b4b7ca7b5a7b6d6732890,0,normal,
5ac02e806a954c6f8bc22751bc464cbb,0,normal,
b83f036a655848a1b8833c02c69d0ab0,0,normal,
3c51c59c1b79441bac1dd0b7afe8999e,0,normal,
a15de5c4e4224c1bae94117bfa402a1a,0,normal,
b589a5205c25490f9eb079f195fcff68,0,normal,
236d7b6d335042e2af63cf8cd3a4e818,0,normal,
ea1102ea710e4b5290061bcce54d87b9,0,normal,
4bf7e14dc7a14ab6b361460a8fc43f31,0,normal,
26215274b94b4307a744a0cc1c935ca5,0,normal,
a292b68a1b4849919e7aac9aa808921d,0,normal,
ba68b99604494df0912ce006d2c9c0a1,0,normal,
5055c16d935a44f1bf3be0fbb2c6c40e,0,normal,
642728405a3c43018b9bd725ccf9c62f,0,normal,
cef593a905f44db59781c30b0bc39aee,0,normal,
c7eafba8b33f4547b77868b28c23b068,0,normal,
6bca2f883ba449389eae1e2d28f0e7cd,0,normal,
0dfb539e64644eb7b3863a3853d7e27a,0,normal,
fb86b20fad264bde83b432b2fcb567cd,0,normal,
212371045d9640628b0edc5cb385fba1,0,normal,
52dbc6d237fe4381877dda8882be6e12,0,normal,
587776789ca740e2b6d1aa9934d8e1e5,0,normal,
3045385e77be499dbc1bde270d63d716,0,normal,
35a5e9f72da349c1af21c78100545b29,1,structuring,structuring_111
e6c856f941bf49179903fc19426e4e75,0,normal,
39cf15986269447fb5e6656b47306fa8,0,normal,
7c46ac11aa744cbeb05f3c22321dd3bb,0,normal,
c6c9b762248348e483bd20562ec3a1a6,0,normal,
8e37b9a0b5c446bfb53f3ad0e51b51e5,0,normal,
2d00e48b65714365a2cd5aeaa497a56e,0,normal,
ada35cabb9ca4ea486826a2da4b0e085,0,normal,
45922977d989450882fa9ed46ed83e51,0,normal,
2efaa142ee1a49bf9619409745e220b2,0,normal,
5f2b6121f24547ac97b21beaf65bf239,0,normal,
872195c9cf5241728ef9825cc1603854,0,normal,
5cef7edc7f5c473e9397e4831f88127a,0,normal,
64d854d8b8884f04860dd0c191e7cf48,0,normal,
c2cfd56c57954d8b9e0a6fcbfb4c9f2b,0,normal,
e6cdae71478649e39f3e26607116104d,0,normal,
1e7a5d5f54ba4d0389f1c9798e5ba691,0,normal,
eafe01b91ecc427e955a82ace7e55b01,0,normal,
5e0dd87eff13447d8d63ca56642cd83f,0,normal,
e66a23b9461c45c0a40794dc521fefff,0,normal,
a3614c97747e4d668d380174383c7b2e,0,normal,
532673b270464266a7b09e89e0abaff3,0,normal,
441aaa1defdf4542ae5b1661f8b21582,0,normal,
48eb32eb22f94c09a8077052ce4a8827,0,normal,
7beada55acc84625a757406b1344ef6a,0,normal,
867c1cecbcc541bba7fcaa7d162b35ee,0,normal,
72a77081cd4d482aab8ee64c7783fd31,0,normal,
9d09ed161b0d4899a2fde55c72878aa3,0,normal,
7f887614b12f4826ae4be0a26fc0275c,0,normal,
2c403fd8cbf24b69af0408295d0480cc,0,normal,
3ed1fcf2af7b43cb869d0f4092ecf12c,0,normal,
74afc531114045b7b31f5b2319d8d6dd,0,normal,
8c52ab4670bd498180c44020ceb4935c,0,normal,
18f627116924489ea6025c4f29429495,0,normal,
bd946f99a087459ea0c1a3354807dc4b,0,normal,
1c71eef5122d439bad4c36aa320f6495,0,normal,
ff106075c2644489918cde1c8869a316,0,normal,
fae03c51e36b4cafa6ca107b928ed5f4,0,normal,
81ae6ad64a1e4007a3dc0d7b5454bf40,0,normal,
698757e33dbc407b8e39fe986800a6c3,0,normal,
01377e36b1244a219486cda57fdd3cd7,0,normal,
df20536eb0664c8e946bfc5f6ad2dfa1,0,normal,
7360c8b3fbb9456b90094e91ff9165e4,0,normal,
ca7f1bbb16ce4cdab4ed14956c2f5933,0,normal,
16f81bb7be2b4f76b2b7a5df247badda,0,normal,
6b26fd17d27b49f2baf39b8c0f542f3a,0,normal,
7b7787a2329542a3b6b651864cecd66d,0,normal,
d29dd7de661242d3a006dc2df795e14c,0,normal,
08e8c8835d2649978fef65e3abf8bae5,0,normal,
2c74efc153c14c088cdf71822ab6d0c4,0,normal,
2d8b2901eac949468a99834d8deb235f,0,normal,
dfcd799eb9a147e3941e855ea9882569,0,normal,
81a028ef9f92467f8677d98c7f24fd39,0,normal,
00ef0632ccc34da2b511095c66d14d6e,0,normal,
c280ab1e3e5142a89d085c40b7d4f70f,0,normal,
ae454291d2b14cf496cf877f699c9c1d,0,normal,
58c9747d429b49b5928d588f4c697d06,0,normal,
d14ceb8a300b48fbb3fb49bab3ca8872,0,normal,
18b8fc51a51642448e4a2c1dd6d870c5,0,normal,
f5df39e1e8094a23bc6400a961f9d27c,0,normal,
d6bba15253bc4c98a224ecefc50898b1,0,normal,
8b93a2ebf64e4647adebaec62763be87,0,normal,
f70858c11a674009a7eae833556ca840,0,normal,
649c1f5dbe9547db8f48adba095542bd,0,normal,
8fc462cb6c2840d3920c8d077628be4c,0,normal,
1d7f75654d0746b69cf20456e9677bcf,0,normal,
e4bf220502d34aae8bbff095a5fda9fb,0,normal,
d32953b94f1c4249957edac49ac4889b,0,normal,
816d8f50f1834c2d9b0d747339b015db,0,normal,
2cfc234a34b84a4f8f41e9d58a9cf031,0,normal,
a54ea58f399f44a4aef26378487bac6b,0,normal,
0a120272b18a4733970f7993dd17bb9f,1,structuring,structuring_83
e0cae59bc4b1440d8bdd7f469b7d232c,0,normal,
035955d9c1794e2a90b3c223b6c10890,0,normal,
c5eb5ea08f484d9292e72d3dce31d55f,0,normal,
1e0ac35c332c4fea9d1e8192eec25f19,0,normal,
fd51a63bb34b4dc2a6296b0db72f7805,0,normal,
00ffc2c6375b4829a7c0c7d8e215dda1,0,normal,
540ca4d0f90647d3b47326ff0a628ecc,0,normal,
179f7c2ce9824d9a934ed338b34212da,0,normal,
7ba0dfb0c48d470d97c03ce41f9cd02d,0,normal,
3f90f77983f344e39e2d3db2aaca296b,0,normal,
4f1586cc2eef4832985e72cd555b3e18,0,normal,
b3cb24ae39d9473886c60d5b5308ac9c,0,normal,
82649bae5a4e43c4ab70a09e7e9adced,0,normal,
e5e5c80bd42945cbba2f2a56303670d0,0,normal,
5553715f337d443ba04c86b2978d8864,0,normal,
b08735abf7a2417ea6026348e77b84f0,0,normal,
7da75c49a85b4c8388ff142eb67dbf33,0,normal,
52d55eb3aeab4d9e8cbe954090dd34de,0,normal,
bc5b01587ca740a08ecdc2326620fe23,0,normal,
8db0185094ee4de5a65628019bb45082,0,normal,
1380adc78c7640f8b7e90e8314fad8c3,0,normal,
7baa8b3f58394d6e915bf2d52d4e8739,0,normal,
52833082770d41e5a227dfe1f42178e1,0,normal,
009ea5fb131640c2be6fa29b8a0980c2,0,normal,
27b9af89640f42b29a922a55d4d1146a,0,normal,
47033b7b901a420bbf3802ad687b411e,0,normal,
851f5e348bde4b5c9633c8e101a7bd3a,0,normal,
5254dcc1538544ce92af247a6d61633e,0,normal,
2575efb0f3674dc2bcb76a5f4cf4dac7,1,structuring,structuring_111
d56ae696c84c44d8a9e5a330698082a4,0,normal,
6de2cec6e36e4fc5910b1d38ea6e246b,0,normal,
dedfca78cb894b7386de174ef076c853,0,normal,
98a1133fdef4465a8849b206731e588c,0,normal,
afb453876c6042daa8edcb2232f17192,0,normal,
2355496c653643cca97325a7fb0cf5ce,0,normal,
8c27efa134754a698b7feb575aa23fa2,0,normal,
f8b3bded53d248c9b67e1b4d1d823382,0,normal,
ca95322b77e740b5a4994c6aefbd4a7c,0,normal,
fe0aa83f14c942bc950043444b849ff9,0,normal,
870b1292e8e040d4bdba4232573ec68f,0,normal,
16d0c25f114546f08740dc9772ed946c,0,normal,
db456bbff42f4fd598a24f7fc6689176,0,normal,
117fdb2f44b74ff1961e94a14020cc60,0,normal,
52bc72337ef744149640b0a2b4e8a537,0,normal,
3ff6266e52e544fb8225e1407b579fc5,0,normal,
856cd728c8a34df1a96b98a30d7fbe02,0,normal,
f626d01c9d19428aa6c1e60dd2bad65d,0,normal,
b727574328d747caabc06fa8294a3ab2,0,normal,
e0e3355763074ce7beeb1d54784e51ad,0,normal,
31a9a1e86371419d86d1e72f4ea0316b,0,normal,
dc1ec0b96b0e49708b130f482c6e0cdb,0,normal,
d5236d3851b84a21a00af5a1be0cae05,0,normal,
e6b75915ad664d5dbfc5b27f0fc9424f,0,normal,
669f623bee9348549d5e1b0252969d30,0,normal,
f7f7cd562ba545afbb950fc4f2324eb3,0,normal,
a5d5e649ac33406e8e33224ecfa17d5b,0,normal,
61bbd663c9f54809aea2f54892573dee,0,normal,
557d926258c747f9b9cbde8515d832ac,0,normal,
48536f9ff114457a855313368bbf42f8,1,structuring,structuring_83
4d2b12b9815b414a96c64f224e7b5742,0,normal,
cb99f2384e0249e0a39e82aea29a6020,0,normal,
3fa7979fc73c4677a4cd3299092cf090,0,normal,
a7b117ac7f14492cac08defb63e9ab0f,0,normal,
c0d38cec41144ce9b36310f535afd163,0,normal,
2c51f3c1dc6a485a9bf6669b9b868da9,0,normal,
eaac7f7d0bc6486984ce5ca777150282,0,normal,
88ca3da330f6459ab0a07dc5be7e6327,0,normal,
0abb84bd8234485eb1de4af8426e3e2e,0,normal,
335fde4c8e87472ab7c3348b24264508,0,normal,
b701959ba2504e9da3147f879988923d,0,normal,
1b526d6bc5e945858006bc86db2ca5f7,0,normal,
792482612d464887bd15c1fead410838,1,profile_deviation,deviation_773
650bed58bb824d30831be813fbe1e72a,0,normal,
92d14467e01b43a1a22a01e9165e5227,0,normal,
0b116f3a56fd4d9b95618de66ab30180,0,normal,
640cd947b77f439bb1ad0428b473ac76,0,normal,
a877901ca9ca4f03a9a3c684395b24bb,0,normal,
072da682d2ca4cd492fead7ebb8d7666,0,normal,
711c27feaf1c4b35bef2803e98d9803f,0,normal,
d0b2fe5a43004366b2140c33196267bc,0,normal,
e5aa9868a296414d981b4ed9ac2cbef0,0,normal,
7ab4347d35e54a3d860eec0bf3b92bbf,0,normal,
23927d91fd024fa7b56e0041ccbe3ae0,0,normal,
e9e69118bb52468fbb1184e3369d76d2,0,normal,
6d3f8e2e800b4103b20730cff6bfc9ff,0,normal,
c7c4fd9843c3433ba2dc0a3f3747853d,0,normal,
9c83d0d7755449e4bbe12ba132e4fe25,0,normal,
da2102f348744c3db1d00a6bf199daf6,0,normal,
8e0168ded9a540d6a708c5af9632a6f0,0,normal,
d1b433786d9f4bd2934570a96f47b12b,0,normal,
0e807c81256744e8a6030a0b805c61f3,0,normal,
bda44448d4894f1480157f890c41535c,0,normal,
d3992f57fd4e49f387c40d8d97016d6d,0,normal,
798fd2c695d34f0caa3178db67e4de67,0,normal,
8a9d376aaba54a88bb45f4a5902d5202,0,normal,
5a7c16f65cd24f74994bd22261172922,0,normal,
86ab40db4d6e4348bbfa404afdd13160,0,normal,
4c174d797be44a2d94f1b7a3ca89cc63,0,normal,
7be6f7ab9d5a4dd28c86992611700113,0,normal,
67bb1bfe81034554a2800ce9a2aea451,0,normal,
41960671153b4716a6cbeed8bb0a3475,0,normal,
b29c36e8332241c3899e5273b3957d84,0,normal,
c13250b5f5e84eb08f1fec66a3f34ded,0,normal,
52adc905bb2a4e6b96de272acf73f33b,0,normal,
5829bb11f2a64fa889327f13fdc3b71f,0,normal,
f0022cad651c4c6fa2e97ba5c98aab4a,0,normal,
3d196fcf09ea40139a34008a6c69fc25,0,normal,
52c57e68bb994042b8a88a3d87e03f40,0,normal,
db8604219d1a49cc90ca699cbc905c66,0,normal,
906d625845ab4a91837b005f62c6b74a,0,normal,
f8d7ffc60a314df283135e6d5f70fef2,1,structuring,structuring_111
3d1b9c29b00c4ad4b413a0a918ba2490,0,normal,
b383e3acff4e4e41b2e7e2722b59660b,0,normal,
f59b15eecb494ca8813bd036277cfcfd,0,normal,
ba516b9e93fb4dc590468a530b7c288b,0,normal,
28208c2e9109457eafdda412bce11a5f,0,normal,
5cce014544ac4ffa9f85de0f26ffe02e,0,normal,
f9122cad99be4dcdb2465545c9e574cc,0,normal,
0756cca94a2949f6b0e58ed2f44944b9,0,normal,
dbeda3ebcb4040538d8443bf016645ae,0,normal,
cf3967a5c7024003bcf90b2896518de6,0,normal,
f960a304b5974894ba330d15acdf3617,0,normal,
01fd96ab7ffe452e866d4f4ac01c19b8,0,normal,
da2dddad04b04e16b20be7b458141e81,0,normal,
8fbc1177f2204f3ba170f0d7cdc6e956,0,normal,
69edd896436a4452b630281cb431a072,0,normal,
c28a6f0da7094a2fa498410c7bfa9490,0,normal,
83689ff37e9a476db32e286e49a78e06,0,normal,
9ec4e4e76d024110a943b7c1003917fb,0,normal,
4c5dde10ab0246138b22fc2eaf841503,0,normal,
340ea224627d448c84f0ca30764c25ff,0,normal,
63ac8b0b27d84f66b663b0449dea0cdc,1,structuring,structuring_83
f2d4a63768e84e33b91dc931f74a4ffa,0,normal,
bbbfb38c78a346839430e935e264c2f1,0,normal,
4ad6caf3170c4a8887ac8d627834e10d,0,normal,
d476b7f6d9a24aa39807b6593dda6660,0,normal,
57985227393a4894a84cad6f2711164a,0,normal,
a7e3ea7aa00f47beae18a20a08adc36a,0,normal,
a1b24eb269fb42de9f123a9ef214fcea,0,normal,
86bebcdd723b4cb5ae055f16f8566c34,0,normal,
8566e3b0926944deb0444a72739c1952,0,normal,
5a5557fca13542d78c44cb71d39dd275,0,normal,
7330c69cbe7342dc8ac66389b616ca29,0,normal,
16bcb2dd4ab041d4b4701bc02d11414e,0,normal,
3924d6c59fd24def8ce6004f892ca4bf,0,normal,
4576c7b73d87409bacc5e9b3a353ecae,0,normal,
5d04836208074c3c8c815cee93f4ff07,0,normal,
4d473512fd1247fb8539055116b3a2de,0,normal,
059fca6db6134e2180da648c67c6abd0,0,normal,
b3c826d50cc94fdc88971f87f4432d81,0,normal,
898eff374ac74d349e890cd74fa8b017,0,normal,
22e243e16a0b4482b6425f07c573e532,0,normal,
6d9f2625816b417da750299f28e6ceb1,0,normal,
4ebce6960ae24fe195a446f81916be2e,0,normal,
efb51dca7a044475a4e59f86241d4444,0,normal,
fa1e3632c0fb472fa29139dc6d4b2ab5,0,normal,
33c856ca55e84a6781d4a2dec2dc0c9a,0,normal,
c2c7eaf790a84ac18850ab2992452a6f,0,normal,
8de15afde3984d4ab87e109b0fc8cd99,0,normal,
6576625160e548d7ae0fe620c118f6ca,0,normal,
8ee5dbd96af94eaf8915aef12d079dd6,1,profile_deviation,deviation_694
8a4c3b171f24466fb5e3da74be2531e4,0,normal,
7c77a4027d4d459eaf860a30457bb271,0,normal,
877b9cda36e744a4a5a39d23d603cf05,0,normal,
83788ee8fa82424fbdecf06c231d96b0,0,normal,
50b4e2b33f62433bbcfc236f9dc82aae,0,normal,
87c25464e7024805a26b62a5a05085fc,0,normal,
2a01675f02a5479e9175ca27edfc9dc6,0,normal,
7f003fea23774d48af9db42fa9940a0d,0,normal,
4cc9889f75b24e418558ab4315f1291b,0,normal,
3d4011d5ca2548909097a667527e7282,0,normal,
6eee4e3f8bbb4363816953a2d76edcb5,0,normal,
834abc45d69b4bc89956254d1ee9328b,0,normal,
a3b0f8a30e9b44f9a1adcb389bceac9a,0,normal,
828584569cc3449c8d529948292bc317,0,normal,
796591245754406facac136660ac5d82,0,normal,
9d2159457ab540ef9a37caf4fe1e9bcb,0,normal,
340d56232db141caa5765b3e3238bd25,0,normal,
2d42802f161a4d69be9690e93ebfad03,0,normal,
7f95fa6e2d0a4b64a32506016c0ae733,0,normal,
d73be12e58ae44b6a5950299120a2655,0,normal,
06b06f49288f4d98afce6866920199db,0,normal,
79bc63f0229047fdacace045cae58628,0,normal,
a9896133c01e40e2abc827afda33db71,0,normal,
93c9eedfe93a40e996834226976be4d6,0,normal,
f5d9fb049d204fcbb31f963263c52b67,0,normal,
1ae94d55519e42d7a7c9f22d100d5182,0,normal,
6fb97def35094fa3a571c8c4923f0db9,0,normal,
2f87cd74d9c4492bbbd4f3825253ad36,0,normal,
e28743ea8c894b7a97971e8cf04f89e1,0,normal,
c7463f9c9feb4544b78d7822c0dcc771,0,normal,
5d7d22c5948248dbb345d178e7296e59,0,normal,
7056702b98124caaa96240e105c86acb,0,normal,
e345b70b765f459480a1a855bfdbebcd,0,normal,
f3607943691943359e61d0e2f926f895,0,normal,
3dd5bddec35443f3ab9c7299553b2932,0,normal,
934d8b2d6c6a4e928713b9a0d5d533ea,0,normal,
67c2398d8784485e8e20a71992180f36,0,normal,
4db4d78045044480b537f95a3a996e1c,0,normal,
6467597444ce400989c4bf3224267aac,0,normal,
3c37dca969db47e8aae1a6290658322a,0,normal,
729280601cad432795aaffb6013cf691,0,normal,
b209c98e0a044252a664c1ab75a51d7d,0,normal,
3d5d7458e70145d8a10f91934fa293ad,0,normal,
9c0a6032bfea497aabaf32ec14708e9d,0,normal,
7b38564ac63547e298a15e6481eea712,0,normal,
20757cd00c6c432fa3ad536d756e6d4a,0,normal,
2bf39dbab2114a9bba252d7e507282ac,0,normal,
1b0bb0d27f424e3aad3827c9260fc013,0,normal,
f5c5cd3310fa400eb59ed907f63da625,0,normal,
944d8cee63714bb28cc4caa94304fe0b,0,normal,
065f0a2c60c94250b2a774fba05345f3,0,normal,
76a6a9725330409aa4ae13dfaa6bffff,0,normal,
1276d0bec0f14204a572f1f2bc9380e1,0,normal,
4e224a2ddbf64ba8b1b64b15bfcae00e,0,normal,
69e748fb2a404f109c9c0a77f1453d7d,0,normal,
7c82ef4498bc48faa672d150c4605d97,0,normal,
791822f6635b4ee28548ef0e2ec82bcb,0,normal,
be118b4457724659800ba9c91f875e0d,0,normal,
37d78afe7bb246d9b8e5ba40a8f359bf,0,normal,
bf2f51e21b994631897a6fd49184a1fb,0,normal,
1b87e20a7ce84dba938be36b382a3dde,0,normal,
c5377658ff974393994b32c9fc587c35,0,normal,
8b8af5d7dd7041039af55c966304afce,0,normal,
67826426168446ad9e24982bdf076d82,0,normal,
180b626141f54c21a48e5219a83a3015,1,structuring,structuring_83
36384e33d1184b8c8e001556e29749cc,0,normal,
8ecb397d8b6349e8b11996222746c816,0,normal,
0fef58dea8c0441daea79c6294b8b429,0,normal,
25631cbb8b3c4a289a21727d0f86b4ba,0,normal,
d70049933e4c438a9341f2da79857b12,0,normal,
1f1b1402a39a4e3fae66b3bb5f172aad,0,normal,
ddffb38c792d4566bd9be39f121629ab,0,normal,
b2b9cef624434abdb5dedb6e8ee9df41,0,normal,
01c37f449a1e48308e71a8aedda58879,0,normal,
6b325d3d345146abbb398485a287091f,0,normal,
e99f76bae69340a3ae5e8a7f992d34a5,0,normal,
29b7c118266e4266b45998f39aed7ad2,0,normal,
487b7017c0144f798693ba00e99f6f4b,0,normal,
a6dc8bb7709e4404beebd69e5cdbba3a,0,normal,
e23ff0468ef043218b572a4010963363,0,normal,
54329ccad2a041bc99dc2b15cfde8d47,0,normal,
9e7068a764d74107b9065979cae4ee6d,0,normal,
8c23c2948fbe4764a005cd979a3059fa,0,normal,
f593cd408df141beb5d7dffe60d68825,0,normal,
90741fb183fa4eb7a1baad0513c81a1d,0,normal,
269a0bc03c414204a0514751ba57cb3d,0,normal,
f6d9f33c48dc4483a9b5627721d7ace4,0,normal,
bb29e102139947c48a18e3ceb87dd01e,0,normal,
fd602e0b94a04366b53390d49af0630e,0,normal,
bbaaa46bd2ca457497c68db4e063bf42,0,normal,
5b122ec77348458fb09a828c7e77273b,0,normal,
79480457b41c47c5ae10f41453b8f8ae,0,normal,
b7f8053a794a426ebecceaa32eaaeb5c,0,normal,
e3beb7b20f9e4600979dee0f4978fcc0,0,normal,
75e24ebf3aec43978654f739b2de7982,0,normal,
1f9a399faa5d4460bda037cadbecdb87,0,normal,
5a56b96e193a48a88d706c7eafa1c37a,0,normal,
01f0e097d44841b9a2627c5e29db1056,0,normal,
dcb10478a48e44fba6fcd0dfe19e97f8,0,normal,
5f90af9bada3445cb30701f6d106e50d,0,normal,
72da54e8e2184f7e9f2c1390b4437576,0,normal,
4288f0b5c40346acb5be2b7426e3a7aa,0,normal,
88719f6c3f70431c968074bfa995eb8c,0,normal,
e56f4b423900431cb580507da3f966e9,0,normal,
5529c140681044cd90afc64fa60e0e2b,0,normal,
4c9a32cbad9d48ae9c4611be0e2d7809,0,normal,
719be1986dba4482b0a029470c802f7d,0,normal,
8cabc5ca2cc24f45b7b6ff04595d4d08,0,normal,
1799185ebe2e4a249ff79eada3088ba6,0,normal,
59f4797006964970bd6e86f9394c96af,0,normal,
d50572ac900e4806904e320cc20d873e,0,normal,
6ff95f7f079b48e78283ebd7d410f542,0,normal,
5d7538249436423dbf4ceb446226da28,0,normal,
47a388b3eba44244bb87d3fbbe500e8e,0,normal,
61242ec224854f34afdd0adc8a4af83d,0,normal,
4615c1d87b0549b2b31ebbfbd3d99595,0,normal,
12e65cfe9b214dbba5f04ddac4d68407,0,normal,
aeaead1582bb474cba8e4a9659ad81f0,0,normal,
4c83d682d01c4066b30cde0b6fa382eb,0,normal,
f7da2c94e8f348a1b0cf377574797a82,0,normal,
6504514cc3074c4092924f723ac251fe,0,normal,
7877cb778e5f486082dcd724423c8782,0,normal,
73a3925a8ddd4c3bb1e066c21f8c4472,0,normal,
7a1673044f614e5898fd7af9c7688bd5,0,normal,
3dda3db4377240b1aa110d3114b3d21e,0,normal,
ea81f2ec7ed04b30998cdf4b3eeb2502,0,normal,
630d01d698314cb487e162977cdd9f02,0,normal,
c75acd4a3dff4bb398b28e904f48b9e6,0,normal,
c5f65fb1ec4644158a16a64435705b6c,0,normal,
c2f354106eb24a2a917b9150c10dd047,0,normal,
65d2c90e41b84a7cad2c15c08c22d836,0,normal,
f57b9b885d114a9c826db46031f23e9e,0,normal,
14859997106e46eebd8f99abc58dc027,0,normal,
04b445c874e943328c7f71a46f855292,0,normal,
cdf31848d1784ff5a091391f37650605,0,normal,
9169c45e4a1f48508d4980567c8df1ab,0,normal,
c0932fc732574f79b5d56011cb37cdfb,0,normal,
03f20da6de344d6bb58f1afd659a0c98,0,normal,
f1fc8a7a893140a9ac684ae06c08c4eb,0,normal,
f8a96ebb44a045d4a07667b2f8837c82,0,normal,
4775cd79369446f3892bf77db960df87,0,normal,
89f08b233ad34ea884984a0c95484885,0,normal,
e5c6c51972b9400396c1fee131001dca,1,profile_deviation,deviation_193
870cd5a660f047d89a8a64b8a04abf7e,0,normal,
ba58063099964613967aa8724243991b,0,normal,
9435b1d237814601b37d0f708499ce32,0,normal,
6a5318e52b5042f7a9a56147de70eb72,0,normal,
84df0794697f46abb33ebcec6ca16f37,0,normal,
9b02c5b82fe84d43bda997fa5714db37,0,normal,
eed55926a3e143249f4e134a790caf5b,0,normal,
a2aec60288c4402f87f2f269bcedd68f,0,normal,
69791c689d4844598ab03c88d39655d1,0,normal,
8e32024a8e614cce8896541ed9978124,0,normal,
5e527ce1fafa422a931ab24408299888,0,normal,
bfb5521941f142b5a540476e508eb659,0,normal,
b85bc9199f014861abe5f7c5513b837f,0,normal,
e8feee142ebd4b43bd495f2835d34058,0,normal,
81846c74908c4f41bc13e39015562d0f,0,normal,
fe6a44e648de4c23a41917d979db323c,0,normal,
0e380f42e04f4d73ab26ca797d17b894,0,normal,
67c8df9a38554a918f969c2cc2fb12c7,0,normal,
71b093744d6a494f926be132a6a7eb35,0,normal,
0179bb81706e4ce1a4299d4dd0038566,0,normal,
ef813242cf194285ad79c6b2cca943ba,0,normal,
7b7ce78539ea4259a10cb268d7b3bc00,0,normal,
62fb8f1e82b54e21883ae983fd600261,0,normal,
53ae872f03c54f1895385f29e1a49a69,0,normal,
0cc09c691307454fa75e8c8e58286715,0,normal,
75838ea2edea4a0e8b66e009733dc950,0,normal,
e6927d33cc7f47af91db5e66ffedd77d,0,normal,
c26aa88b247140a792de1dc396ef66c6,0,normal,
d8b2cd3cd5a244b08b8e2a3164085b1c,1,structuring,structuring_83
b2efe8020b0a4566838370869bdae95b,0,normal,
6dbd57c36e1a495094bcad9418d04f88,0,normal,
e55bed4a7c5c476c8088a78b2626840b,0,normal,
b06ec83248b644608413fa6ecca6d49a,0,normal,
481b561a7e384b979afd33e86d323dd1,0,normal,
ea03e3b6edd34a8dbb4d21665c8311a1,0,normal,
196fa981db874463825714579a2979a7,0,normal,
ace2f0cc65514a94aa9142971a069c2a,0,normal,
17806fc1380e447091f267931802f5ef,0,normal,
d4277f04f8be491e9bbca9ccd290fcda,0,normal,
e85ae648784b4164bbfe50d04bcae3a3,0,normal,
66811231c39d4313bf09e357c2aea9b6,0,normal,
d5d0096b7efb40e7b5bf24f7990cd9b0,0,normal,
50ab41a1ceb54d4d97454cba52b30f8b,0,normal,
63f6f9b88ddb4963bc6d3add8e52b5c5,0,normal,
0d0b14de586f4fba96c13b1a9d6c093d,0,normal,
694b4fb336ce411999a8e3ed6439f666,0,normal,
8f8549956bcf4c77884bb14d100096e6,0,normal,
76d623430f634bbeb9d911f63083bfd5,0,normal,
6f2305a08c9843648f93abb5eaeec9e0,0,normal,
6adf6e0a205a4a89bdce9bd846c16297,0,normal,
7991921dd07a44ebbb5f3c3cbfb2bcef,0,normal,
7a951ba9d8574d4aaa216cb70b6ae1a8,0,normal,
fd1af943d8b64880b05f2749320c025c,0,normal,
2163c634fe3540a8982d680a3f5a14a3,0,normal,
e61f8e39a2fd468a9b678efd2640137c,0,normal,
6171aa590aed49518a98a3b165219266,0,normal,
8787101bf5994610a0b0a6d9083a4076,0,normal,
403a3b9fe9b14d0ebc5c65fa12346f79,0,normal,
b03988f8897140a19406e18194448abd,0,normal,
f9953b3f1c0a4443aad95a3f96023344,0,normal,
92bf9b8b832145deb7f94735ee1e18fd,0,normal,
482b4cc8f0a04cdda4f1ac78cacad4ac,0,normal,
057be48f14ce4649885acb8e2a07ced1,0,normal,
682548acef5b45128de14b4782dd4a00,0,normal,
1f4496757d1c4557ab618276b24d2469,0,normal,
3d549a94bc1d4b298ee383667670e57a,0,normal,
fddfb6115424423d9b582481c10e2b21,0,normal,
293038fa73054a86860868fdac81c4a0,0,normal,
6dde537080534075be572bd0fb010954,0,normal,
d40ffe5ff6b64da79c1a0e5cc9fce7a7,0,normal,
6418cdfe4ed44cbbb97bf2f9d4bc26f7,0,normal,
d04617f52b8a4c25929afc2ac7f36a3a,0,normal,
dc5743965eeb43899a365600dafe335d,0,normal,
80d3866f96514cce9fc870d058a0cc8d,0,normal,
3bdc51b4ac3a4aa691a7e5a854d10256,0,normal,
9b37f9f80fd24794973bdd76d9c9a4a0,0,normal,
9a210d1fd3aa42e1bdce20e289236023,0,normal,
f3e073b5999a4347a98070a16e40b61d,0,normal,
1ebb682f205747efba94eb2a2b51860b,0,normal,
e322efecfc0743ddb74e5391ef242519,0,normal,
6ff515121c0a4d45bbef4dd481cc71c6,0,normal,
7a8d702902454604ac01b8b9dbd061e1,0,normal,
fc286d7d40c14b408a987600992cb0f2,0,normal,
4d5802de13d949a88be8326e69530018,0,normal,
f759b56d6c514fedbb6d1d4210d3f499,0,normal,
192adc22d9084fc898d0e3ddc2100a23,0,normal,
716baef00a2149e6bb377d8d3f31456c,0,normal,
1aebf9e8b7ca4e4e841d0c995c91047b,0,normal,
ddf08759531e48488e0f84eee0cda4d5,0,normal,
3b9462f7524441b78db831ae72d1bbd2,0,normal,
9def6ddcb91848b79222e65327309626,0,normal,
38560a57e8474ac68cad9a7ef6fea9be,0,normal,
86037ffc55b04dcea9df43b40ae9caf3,0,normal,
ba14ffc552f44dfbbe952bbb5cb62bda,0,normal,
061915185cc246d59c7ca91e26be1d3f,0,normal,
288a96a0955341a98758c1de70490a7d,0,normal,
0b78fd5264f54578a19883a74fb62d45,0,normal,
5cdb0cf2467b42bf93258326de77ab5b,0,normal,
d8964eb81e454f7cabaf095f712cd687,0,normal,
e0c41bcfba714003b7c14c7559b23a89,0,normal,
be6361dd4aa24a0c880a8f811e8fe5c6,0,normal,
d17793c5636847089559175db6cab67e,0,normal,
671628a437e045c297fda5c9a911f167,0,normal,
718560775be14293a938f60117809183,0,normal,
7045fcf026ca44b9af7ca3f104b6aee7,0,normal,
0dd0b979a6894cd5be19ab000f0b0c37,0,normal,
45f1298eb35c43efaa06866a81857afe,0,normal,
11935059c0ac4b3483cd548fc7fd8ec9,0,normal,
3f412b607f374737916ff8ac9442a181,0,normal,
4ab46d38d302495ba69e81985012ab90,0,normal,
4f16935da696424db7e30552e40b75cc,0,normal,
300fb09169f44919ba628dc90472c373,0,normal,
ed13a8d12aa54f73a38acd684f24d10f,0,normal,
87a75ef60a3342c99ac7fce3bc91c4ae,0,normal,
27734662a7ad4447a1c21b2272346f39,0,normal,
7b825a0f85594fada91e09c4ce5c3286,0,normal,
d499b7515da746a09449fae1d62a790d,0,normal,
7602ad879bdc49358393d5e8c65a5da1,0,normal,
7c19fcd360eb4abdb5e6f26fe6ef922c,0,normal,
5e2d5f5e4fd44bdfa9152459fb1a6190,0,normal,
bb37fc9299bf4193b8711e62566e5d46,0,normal,
a95d5392d08440d3ba33a1f2edfc69ac,0,normal,
6fa1d533155a4724ac2b4acded7dd0cf,0,normal,
81acda1432914930a0c1f5babb20ff69,0,normal,
1fd6ae21c0e74d97bb17456716d20541,0,normal,
5f8a8f3a537b45709d80a3769bd7ed66,0,normal,
730e8fff05434ef4b693cf6189e6f4ac,0,normal,
19ec736914f54af6ae63888168c7136f,0,normal,
2c514068c749492dba7d1af1926d778d,0,normal,
55385d0f9f804f70a64cd0f0c272845b,0,normal,
a0e4c05544fa459f9943d569d8b95359,0,normal,
07a24f4dd2604f59bef23131fdf06354,0,normal,
15205e5d73f74ecc8038b461ceabdbef,0,normal,
0e2524a608ee491a8c67da6bebb54acf,0,normal,
83ada5dc60754cce87d90d3de502b48f,0,normal,
e7edaa7d00f94be1b378425e4b0ab766,0,normal,
d0c26b392bb040eaaec995e81f7a4532,0,normal,
577eb3dfa6774e8f94f958ba1f3ec8b5,0,normal,
7dde51ae927c44439a90a5dbea13ed5e,0,normal,
41cbcd1f98bb4eb58fbb2676263ba62a,0,normal,
9fb84e41dda547da818b5d3ff2e4f44c,0,normal,
515bc8f1273f408a9c873cd534da2736,0,normal,
7a61601b18a745039e11fb59143a525f,0,normal,
eab431654af0429cb49e9ce6b05ea062,0,normal,
cd6b80065c5c4b7eb91008c62f064047,0,normal,
0deca2b5e6aa4aa4b3e053062febfb29,0,normal,
b817152d557f4649b2565bf096641ff1,0,normal,
f3a092fc308942e39864573fa709085c,0,normal,
94fac01e8bc642298e6c64ad6367461c,0,normal,
06e92feae1cf4fa88766cea69738f809,0,normal,
1b69338f926045498d622c044a7e9d18,0,normal,
b56bc9bf43fd4eefbc527c64e8c60f20,0,normal,
15419f0859e548f2a51618867aa4c3e1,0,normal,
ca51a7be5b254701a209d5a3a4b4fbe6,0,normal,
0c3c5d7874de4c2695047a34ba0a9bc9,0,normal,
3a38ddcdd2d24e8a80e152591a6b3d95,0,normal,
c4461e8d364248bd8f4355b93ca88c67,0,normal,
23820a0b4c084f4f8aa0f84f998dd63f,0,normal,
b5334bfd4c0f4c87b1e7e94499b30918,0,normal,
a6b6f08ea40d468e95bc679a05b57222,0,normal,
05f6e1c5ee2444838faa708b05605c5a,0,normal,
7fa05c71e5d3410d830f331c0a96142b,0,normal,
0132397622a342959b315e042d530531,0,normal,
f776e366add24d0bbf25198bd9ff52ca,0,normal,
b5f5abd529154a97a75443cfc03e5134,0,normal,
ae15c5f4079a4487b9faea43b96fbc70,0,normal,
b5dc22058472468b8b60c1c8b7575025,0,normal,
d0123c29f3a043569153fc3bf02966a1,0,normal,
70dbb54a084741f192edfc2207f18246,0,normal,
1a34e4df8fe542fa8f4c28603b36a796,0,normal,
a304dac0a50c484486db6f4436e7fa84,0,normal,
6328569ce63e4abd8fbff22333ac8121,0,normal,
ec8d12c26e6641d9aaa5f873765c6adc,0,normal,
ac876f221cca49f3b175c603166dd3de,0,normal,
72a5973a0fc344e485f13872f43b1332,0,normal,
453150d6995242d2be260b7b1289969a,0,normal,
eec0e73d40e645d0be7514f180544a10,0,normal,
57cf2fa2226a4dd4b8f9cdcff164926d,0,normal,
4add1fc1012c4996b7e65452559c0784,0,normal,
97a9c5af28f04f57a332126159de86a3,0,normal,
ee6aa01c47cf4c1a905995de48a02034,0,normal,
012dfa5cc24546e7a5264d29327a02fc,0,normal,
959d6f3b7e5944c4b636f920642ce9b5,0,normal,
f53469f6d8504860aeb3fd789a008f15,0,normal,
2ce678cdab7844f38ab5fcb749a24ef2,0,normal,
3baba0102318461ba53ba8770f9df540,0,normal,
93d09cda41ec45df9e3e6c9aa396006c,0,normal,
d07d94c1723b46e1833920a1a1ee4cff,0,normal,
048a50762a234004976dc70411bbb7f5,0,normal,
33b65d28dd4f4cf79a4439742ae1c0f9,0,normal,
b3f5286b3d69472fb133ffa07ef844ac,0,normal,
4f4b2d94c1e54057b288fa432642f33d,0,normal,
1a5dd7626cc34a09828e8fa60a53a8bd,0,normal,
667783d7d1d546edb9f20c0ce97401ac,0,normal,
cde7fa90fe324d5da593b72678e27038,0,normal,
c443d15d89d14333aa4bc86a90a549ae,0,normal,
c53e58aaa4be4a3293d6a8c008e9688f,0,normal,
c11740d6e4b9413e9384b88f15541376,0,normal,
0f53999b4b884d70a56189f89142ff34,0,normal,
7b2120a246c54be398fff3725cdb568d,0,normal,
1d480f368f8840b893d22feb92fbab6c,0,normal,
f56945c764c443949e61f34eb9fff42d,0,normal,
cfc2d008ba9b4cc3af854638a6415a60,0,normal,
e689a0868c584848a2211ab8adfb90d2,0,normal,
85b0ee3f54b540eaad70684d898c803e,0,normal,
e104e4315866413b8ffe64bea152d06e,0,normal,
26a4fc4ef8274141aac0d7ce8d3f9583,0,normal,
76551f7134894575b37444d23faef403,0,normal,
a566eaadecd148deb2efb940c31b030b,0,normal,
c3150e3f9b7641b381553c596c99a5c8,0,normal,
23c3915c2aed42c9bf8a778cd112cfac,0,normal,
786312383da94cdc81ee3b1a5e9be285,0,normal,
95195bcd3c9045e78811d6f35af7ed8e,0,normal,
62e53334fda9484789e56a17d6dadb60,0,normal,
40940d3f3e444ad29bfea7d42e9c0ea9,0,normal,
803bfde20a2c4237879c4af506df4729,0,normal,
0640760fe6f242ec814f9e0505d4d4cd,0,normal,
ebbc3345c3d342b88cec81eb2fab454c,0,normal,
87effc3ef8e642acbe7569fbf6ac9857,0,normal,
3815e47f15a3492fa7dfe4b9409a870f,0,normal,
cc61cd756e7f420b8314ba91524b26d9,0,normal,
5f027a7993d546c094686c5f95c9ad58,0,normal,
4196f899d0bd49c9825b9ac074474906,0,normal,
7b0d6b2b61a14f098d26dd2396ee4e33,0,normal,
2b0bda0818d54bf39a30e5799d5d5255,0,normal,
3089647879c340f489d5ec9acedce930,0,normal,
01a3b4bf1c7f438d8f9fc50e6fcc3feb,0,normal,
8bee3ed946bc45658871fcc4e857cdd6,0,normal,
0b6477e0d15a471db071e46bc07be1c7,0,normal,
eac9c7f67d32403689d2634c3abd1386,0,normal,
b498f099eacf4ec6b7019d98711a5bb3,0,normal,
2fd21bacef0445008064f5a8d4733122,0,normal,
6915d3aca98048259b55cc621d3ccbf9,0,normal,
94e5a81b6f564a6bbe55a6b32452512f,0,normal,
d6a6d4d9868a4bcab481081a329eff36,0,normal,
683b94f027d44315806f0405579b1d0c,0,normal,
493ad3ebbfcb45c59fe4c0c1d29a328c,0,normal,
a033e17f87dc4d05b5cebfb5e0b542d2,0,normal,
6aaaf84e81774618ac16950016b8a8f6,0,normal,
84d0749aeed34174b58e4e348f760894,0,normal,
7255b19f8e784cbab97b902e0fba6599,0,normal,
c2ac60267c914fc0b44aba66744fcb0a,0,normal,
5cb08508f19f48c7a2347e5532bc2326,0,normal,
602f1980213544d3a097136194e886bc,0,normal,
05d6cba3406d4b40b5d904691fcb43ec,0,normal,
bbdf7d6b4e4a403d95130e9f140aeed5,0,normal,
a3293e0c20ff4950bec9c75f0621a9d1,0,normal,
acce3169ebea430b8ddce82ecb4700f2,0,normal,
ad651e5b2d2a48f7ae6f50a59ee3531f,0,normal,
a920e9a4a8394fbfb9ffaa46736defc5,0,normal,
49597a5966d641f18635220c0891e846,0,normal,
4674c0763ab246438af5f861f1ab7b64,0,normal,
6149e78a7e7c4523aa5480967f1ddfa8,0,normal,
45274bcf11294df78929234fd60e7ce8,0,normal,
74f8c51fedbb452aa2c13a298c906a04,0,normal,
2c9ccf374fa3451a8aad334343d12350,0,normal,
d51fab41bcf1495995f8fa0feaf8b86d,0,normal,
de1917fe14ee4edbb84f5a964167e3fc,0,normal,
8a55f9d2592342dfa036cec9b42e1c4c,0,normal,
42781a55a4f54d3b8ae4e12c2587b557,0,normal,
0602206e41af43eab201d94b32693674,0,normal,
b4e09b42a56e445ea76bedf1ac8e5cc4,0,normal,
3f6db493002d4aac961767106f85aaa5,0,normal,
e00f2fa91e914fcf87d92077d0b857fe,0,normal,
76b9a6a198eb4b3fa139e9b8b4445dff,0,normal,
21da0b5168e84e718859ba4f5230e53c,0,normal,
e73409fe04654578b4c54efda68cdd4a,0,normal,
4a10fb13da964e108c5a5b6ec9ccc59d,0,normal,
c75dc886fd9a4ca69d415fb33f98d7f7,0,normal,
eaf6c499c0444bf3bb1f12b69280f2a0,0,normal,
84e8068d41994ed0869c503b642f9a4e,0,normal,
81df21efdf6f4385875571dfd3ef1eca,0,normal,
fd6f19c215de41668f941a1398021c80,0,normal,
58b574e929d64c7f9bc53252d027beab,0,normal,
77d0295fe7304105b27212f0a2d69fdf,0,normal,
f30d169bd4e24b078cd66207ca8c6415,0,normal,
80a55ae1bef649b5abcfc6be71970284,0,normal,
3c5a0e25092548878a5b6ffbdb798345,0,normal,
b9acaa960d4c412aa89d3c03e2351af6,0,normal,
e949ee7951c44462bbef1759cea1ff65,0,normal,
dfdda03257d543d29fc6fff6cfcd2e4b,0,normal,
75c834bfd30e4b63974b4fe8e0f93d47,0,normal,
b317cda0c73c4a16b78343b9b5d173a4,0,normal,
98ac861f714a446789c7b640d37a5ca4,0,normal,
09ba581148774012ba061232f61b405f,0,normal,
161459d39bc94f059819ec08a0a852d5,0,normal,
02c5bccebe6e442a8be7d8455af78fce,0,normal,
bbad0ea67b8a43b8953262ae6d0ebb00,0,normal,
35d88aacbff2448cbdbc08cb75cab0a4,0,normal,
d6c27d1539cd492cb6d47e384fc31323,0,normal,
75e48097e65a435bbdeb4de9defc357c,0,normal,
01755ae5db784597b5524a44ca503287,0,normal,
265dff8aaea648088b4d55ec87f8acae,0,normal,
4873967523e54ff0a87c2ca86381c5a4,0,normal,
db69bdd10e634ce4b8f31b86d31fc9d1,0,normal,
d702399b815a41e5a9cc10286ea64c46,0,normal,
8563448110404ab796c5f16e65084296,0,normal,
48fac207f03f4bcab9222478ae05c22b,0,normal,
aa01873d2c0143b8aaff2fb41b7272c4,0,normal,
91808e3a346e4beda1165c18eb725ded,0,normal,
e026bb99e485446faf0e3085f1d8ccd3,0,normal,
cad8a369dc8b471aafc84fe79f800f60,0,normal,
5eeb9ca0ab0a4027a512a2f14e1c1235,0,normal,
aa5ff1ae1d864e77ada68c8f9c398fbc,0,normal,
a5fb1002c25d43e7996c509cdf39795b,0,normal,
dff6a10e258646639916d6e9c6fb073d,0,normal,
c85220e7070e401a89daf89090401f38,0,normal,
17ea43701b934112a02e0193eaff090b,0,normal,
4d7d1035dc3d45a1bd3fc36f32456a94,0,normal,
844d2ada2fd14870a701ddf5aae1d8c8,0,normal,
ae7716646218451f9ff6bfe973016333,0,normal,
e81aae0dee764dd6ae98334692cc2510,0,normal,
d0c77b049bf74167a1b0fff9363ff966,0,normal,
d415b896a4db4c8783d6cc4c3bbff7aa,0,normal,
87f29c6ca28d43cdbd5d7d2c8d2fd5df,0,normal,
81f56fa88eda4e818f61bcbca94ab265,0,normal,
a01012a5b359480a8152e3c8f49464e7,0,normal,
2f78b1b81c9a429e87c4eb29b7ff4550,0,normal,
15e0b7ce311d4d358552dcaec589a1ff,0,normal,
6b3a8f2ced8f4aea91ffb426a875c2c2,0,normal,
328d1e808802426ea29cb496c4df33e9,0,normal,
57d558e218a9414f926f8be13bf0057a,0,normal,
b22bcc0e7d9a41c799c7ac71ab4c7385,0,normal,
73bab09d92014385b51515551afeb1bd,0,normal,
4431bc3198e74c149b9a3819ea83be29,0,normal,
a8dbae1ac8bf478eb664a7e22c49ba1e,0,normal,
b9342ac2e15345a7ae1753aa8d2e985e,0,normal,
848deb6e413b4d53baa739afbe851877,0,normal,
c3145827ccc24b458a321b60ec7e9195,0,normal,
ad4354cc41734598991073d4587e32b0,0,normal,
485836ef5b5941b7a4b25d2603cb5f7a,0,normal,
a490c44fc8a84994925f37e0d0f61d25,0,normal,
f62266fc0a8a44adb3534bb28358c1a1,0,normal,
6d8abc9a8add4f4290faeecde432d89e,0,normal,
d1df209659ac4595b5ea0bc88e3da9fc,0,normal,
e255db4cb31049548cb412515f4fbdb2,0,normal,
892afb29214c4831abb6046a7ad2973a,0,normal,
71f2a4f4b22141e9b643bbf02a53df3d,0,normal,
5a4aa2d39a534d058305cddab3adbcb0,0,normal,
702ad361e7e04fcc9e6a1f6f949d4e6c,0,normal,
c8240358ea854397bd28a21950b119db,0,normal,
16b130629a48447fb2cdefe2a93a2a29,0,normal,
f51016ffce664e6a850f2c9b846203c7,0,normal,
8f947806a6e34387bcc66ec25ab4b14f,0,normal,
17437d0fd710474abd3b271b1b916c46,0,normal,
a2bde14e0624472ebed83d12e3ef8716,0,normal,
74c308a76fd2418a90d6fea1c5fc5167,0,normal,
c97e528eba8748979d9d635248c378fb,0,normal,
f428b72b3857496998bf818094d437eb,0,normal,
1010ac1e9c7e4036bca7d084cb1b3ca8,0,normal,
fd3531195f5141859d143f985eca98c3,0,normal,
e54540af2e64476b86408e5bf5e1a46d,0,normal,
2fd89a7dec4c4a17961c33c063c3d94b,0,normal,
06385d57b2154188a366980f2e76f716,0,normal,
869007e1829749a4801ecbbdf3c852e4,0,normal,
375d542b490c4ddd9c2347e9aca3952c,0,normal,
2510ac15eab944b694d48cc329e97744,0,normal,
6451e78888134e848e6a8031a1a6e3dd,0,normal,
163c18903b694ed889bb8668afe0bd28,0,normal,
d0948cafb1bb4950bcd3e027a05cf0fa,0,normal,
fda2e5bea9bd4fcbac164d440a9c80e3,0,normal,
d0f2160428cf4dbd98470a099e00b6d2,0,normal,
463d3a609f344c6fbf9dccf16ad7195b,0,normal,
e059b8ce0bec4b1cb446743d78ebfd1c,0,normal,
3f587da6559740848fef98e928fefaec,0,normal,
c819c9a2af854fa5827184cbac18a6fb,0,normal,
2cfd6a61a7884d73b810fe9600f1f298,0,normal,
b15b321921aa4450b823ea67d833bdc3,0,normal,
d88b305c8e3b4b968407056abd5cb62c,0,normal,
c6b8081719384da2a825203ce3758b8b,0,normal,
54dbd505fd3a43c6ae63d84641eaa3db,0,normal,
3c64e314263244ad9494dea3aeeec757,0,normal,
93ec72969c7f446d895237af0f8be759,0,normal,
56e79d8d89934fcaba7c9fd53c817495,0,normal,
8186f26affa640c1a858a7cd99f7dd72,0,normal,
39bcb8798abd44538f44161d54e8a0db,0,normal,
7df2aff5fd10448788a847c1f1af9ace,0,normal,
756a082970434829b3c9b37b3d791e3a,0,normal,
f4a39daab6844aed850ebfed197e31d3,0,normal,
9412f22e13a74507ba1bff6cf03a8cdd,0,normal,
2db18f0a0063455aa1ae54eac2b6b47f,0,normal,
be0de7e059084fb4b6ac07e17ce33986,0,normal,
4201d7310cd54a61a659bbfc1a723a46,0,normal,
86455a545d0643098e97a8a61a12776a,0,normal,
54abd60cc7714dc7938dca0afb499ecd,0,normal,
bf1f8b9a96ca4226801ee4e41182d4ff,0,normal,
cfa171a1134a405a8462f1923127478a,0,normal,
02922775b02a473096b053417901af15,0,normal,
885eccbd13244972a0074374aa896785,0,normal,
c79de563ac694adb9cc3dda14a8433ed,0,normal,
a1065129579e4aaea35662e089b411d9,0,normal,
4397f28aae1541268e90592be5e7f429,0,normal,
2db8506323784f57a5a724b4ca35ab2d,0,normal,
048f89ab33754d5ea65a9b8b0f898526,0,normal,
424eb3969a074d5f87a1f9758ef14295,0,normal,
dff80806eab245a4b523b11f2a61b933,0,normal,
389cc2ba8ade479e9aaff3e3a79a948a,0,normal,
4d183eceadcd4fd997adcefd68b41414,0,normal,
ec484a6b3277434c956d54817d5805fb,0,normal,
210d7699528346b68d516939acc37ce2,0,normal,
ad684ff8cf7e4342b16329cb7da3f856,0,normal,
be433de371364482852b3855ff86d861,0,normal,
9d20bab30bec4fe2bf438ca9322dad29,0,normal,
ee83c8ce433545f2a5de4faa09139ffa,0,normal,
7391fb7206c24910af32d3b88fd8a62b,0,normal,
e722a19a85c8421db77df7010f488787,0,normal,
88f9113e6c5f4e8d9ecd0c642c8937f0,0,normal,
924a5c27049147ae9fce018c77976e47,0,normal,
c0d9f96f386f439587e63b5e12c52e5a,0,normal,
274cb7306e3542e8a943d1a1375a32ed,0,normal,
0ca34af4f872407595afe695e93be2e9,0,normal,
80bd19bfffec4da19fb07ed2f53ef816,0,normal,
a0279a6b97fe4c49a67796ad91ff0b88,0,normal,
ba892dde70ab4009a20abfc8526329cd,0,normal,
b9421217738f4843aab15ea36a3cf570,0,normal,
2ee4829a7f914086b8bd4fd11cb1eb44,0,normal,
c5ca2415d61b4867b49c95625e1a8698,0,normal,
2245062058204224a61684cf5f9424a8,0,normal,
5976fa96c4994aae85bd5a34350861f3,0,normal,
6a2be94d2fab47b19e90538d9562d321,0,normal,
958c66081dc64883a7bb09f2b4a4838e,0,normal,
b59d349cc154409e9c7b893578a02103,0,normal,
4b9c27041348403eba1d3039e12da4a4,0,normal,
569fc7eb8e7a4d229d32f21b59a65135,0,normal,
26d77b37202d454596477cbe69f425ae,0,normal,
0968226d473a49e0b3d595bef811586a,0,normal,
84ba86016ba64489bb438fc31e9f0d14,0,normal,
1065cdaf9824468eaa2c29e99aecb42f,0,normal,
a83515b5a2f64b11a564b76b8455b62b,0,normal,
40e235fa9ce14380a7a8b71267a7f6c8,0,normal,
2ad646792c2241e2bbac82d436d442ca,0,normal,
1165dabfb06546d0b5d86723e4936fa7,0,normal,
87b04178cf514fe198adcdedd61fada5,0,normal,
241b58a2aac2439984455d58f1763dee,0,normal,
ce14f3e1bd464e75bf4f0036ae90e84b,0,normal,
b1924de5434547349781caa4f75d9edc,0,normal,
6a7825006da6435cafb8020334703660,0,normal,
b9f31e31c2a04105aa3f06a223154d8f,0,normal,
7d4757fa66224d56b1ac488008e1b3f8,0,normal,
da3277afcc874b49a9bc9663f407da22,0,normal,
aa6eae170ef045f7ad1e77cb63c82921,0,normal,
75e7b86df8254421b511c39ff38e6cb6,0,normal,
d5db0c8c9d594d1dbcec678f0683c7ba,0,normal,
9dbc0ae7bd1243dd8e8f655f0bb9c505,0,normal,
2a0cb125f64f4652add44d8088bb4975,0,normal,
817c81129dcf495ea9d5821a5735b614,0,normal,
333acb026802419e811fe840132ca3a2,0,normal,
23baf10835034e8ea9a390cf3d13588f,0,normal,
e165c2f4f5c84c298b28638bc1257a1a,0,normal,
c1f6eaac18604b29b4e8f6cea32a220e,0,normal,
ecd8d25d6c6940b08f8b68116a1066ce,0,normal,
c1a2f5604a534141b721d9b89780b055,0,normal,
26eaf8a8b79a4ac4bcec7a3ed173c09a,0,normal,
c4f5ad8aa9d24ed998ed568aa31da0ba,0,normal,
475f8e66c8c54e9b8f8fd2ac9c95da83,0,normal,
3397b3136c0142e5a7be566dc9ee5adc,0,normal,
4f236d35b7c34a039248ea76a5c8fdd5,0,normal,
6b6a847186924e6482f819f9589175f2,0,normal,
9f87602a368d488799da9a5109c4718b,0,normal,
483a07b28bd543d3b7c03d3470dd6f2e,0,normal,
8b06ad0ee43f4cdfaa7b28f7d973a189,0,normal,
e978f5d9fdb6488d92538969244e07e0,0,normal,
886a36ddb5ed44b9b2ef6f61dd3682af,0,normal,
e50987e286bc487e8e7e303dcd51d41e,0,normal,
48bda17be86844d497d6c2b1da8a3210,0,normal,
c1d10327ceb04f39ae96599330f60090,0,normal,
d41dcd30238c4e8c80b92e90e17ac675,0,normal,
a7edc8e8cb6541ef871f52861686fd19,0,normal,
f7c1301c3a7647408bcb982f1b3c6a6d,0,normal,
d68bb78a08ef494ab03eea41f21fb334,0,normal,
3a841aba9f414945854aa587d8ff0e1d,0,normal,
f42b37ce44ac4267ab6c740f5724337c,0,normal,
53cae722f4e44084928a24bfa29a200f,0,normal,
84c1b8792f9c430dadaecf8bbf2f5b20,0,normal,
35b49f2b5662437a99902e9f08f488d4,0,normal,
1849089381dd4df6ab3f54b5cd5672ef,0,normal,
3ec9d8c92aec440096094440487fa97a,0,normal,
4f7ae64164fa48c097a2be68f6a26005,0,normal,
dd13cd5492f14ae888eb27c5faf1406a,0,normal,
5f92a1b6ce16418e94762b6158957574,0,normal,
f1719d733f30438b9d9d5c529e0055c1,0,normal,
abcccb273cc343cb9f42722d9192e71c,0,normal,
4fbf2eb40b3a4caf97e2fbf68ab46e41,0,normal,
f280ef3297024a03834e4e1bd0161398,0,normal,
49fd0a6d80e1480c9db6ed9f5a801671,0,normal,
09c346d49c894ebaaadfdcbb509a959a,0,normal,
032f5dbf7f564ab28c8060c320350225,0,normal,
86aaf269cf7f46e98f5ac3f012dcfe0f,0,normal,
5f47e466bca146bfba7f2dae68bc34ee,0,normal,
3b53102f424f43769c8c27e3397bce4d,0,normal,
605d76c813644ee18a07e2a0ddfa7bc5,0,normal,
03e17c8789bc4c8d913594156b3e14bd,0,normal,
fd82617eaed3449e87be54169d536807,0,normal,
4983c600ebfe4376b22397f8bc9cfecc,0,normal,
c872db963d2f4f93a8b81f9d28eab572,0,normal,
ad1f44245a5a4350bfda7c4dcfcd2166,0,normal,
36da8befc86a4a7791ba1820449691ff,0,normal,
4291056b4c3e4495976885ba486a98c6,0,normal,
7a4d27fe6eb840279713af1171be135a,0,normal,
8932c187cf7046d3923ca64bd2808907,0,normal,
e10fd5ae105c48bfa3e7aacfae2a7465,0,normal,
236a59fe9d3d4e0290cc70a6ef3cfd85,0,normal,
4fc088c04af8455baab07730597e55e1,0,normal,
f883225364144c46a0ef0823bc6e3ee4,0,normal,
2f1bc7afa82f44d8836a8d191a66107e,0,normal,
f982eb977c584f7497a624488f16d6ac,0,normal,
d47ae1beb9a34acbb03bfada67b10e14,0,normal,
f3352c899594489686ce5c5770e1ea62,0,normal,
1107db2d073e4c41b6c8cd9b798b3625,0,normal,
27bd93caa5cd43f4a5dd6f8421346658,0,normal,
97b70839484848ffb5e66ae9f9a7923b,0,normal,
03271f1383ea409fbe0ff807dd89f242,0,normal,
b0a6c60490b149e99b1174896e45fa3f,0,normal,
85d2a1f8c4de46b2abbe6bb87afdcaf9,0,normal,
59d7c3871e3a4a3c9d19ca358dbf19c4,0,normal,
02a740b3d60e40448c98510294183509,0,normal,
64d3091e644f4976b240033851ce0310,0,normal,
023331290b7d47619a99d851567768d5,0,normal,
a63c33bb0f4a461d976892b64355f13a,0,normal,
f2404dbb096943f1a8a88b2607651bea,0,normal,
b70d87a5d413499c8f0fc0ec8a80ce0b,0,normal,
272652c3c3e0405692a6d988dc05f444,0,normal,
f128d720a6d142b0a80042287e768fa3,0,normal,
320b7582488d4ceeab2cc9e892a19faa,0,normal,
f132c031769344d6972194f5f3ac640f,0,normal,
3b58b7693c6d4802bd684bb08b494804,0,normal,
2146ee0a31764c0db5355c8613ae2e30,0,normal,
4979600afeb94ee5ab2e849da6ba8db4,0,normal,
1739eaccd13844869391fb00e13485ee,0,normal,
b46ba5b938d140e89709d49294ff8b8f,0,normal,
95e2d7f7067e41a295abde5431d52f7b,0,normal,
d05bc8fdd2f348a380361b8709b08f3c,0,normal,
c02a4f725f5c4703a4c3e7019e725f48,0,normal,
062f1ae8cd15485ebb7f353aafdc4e96,0,normal,
2415b6fc72964d32adc4fddae43cb233,0,normal,
34fc961e73c745da914cddc5de07a488,0,normal,
43e295d640d34f53a5fc4f56a3fe7ebd,0,normal,
468fdf5114664d0285c8a4f93ab45e62,0,normal,
5563e4fa8f5e4bfbab222581dc40d107,0,normal,
873d5807195c4af6adaece5bb1b7f8cc,0,normal,
c0ec0760f0a645e6ae567fb43a9a9070,0,normal,
ebf635a5026848b9ae27345e13667ea7,0,normal,
a94cc3467cf34ee8bc28cd49a00c05e3,0,normal,
ccb6d0363c9b42c3a32354d016bbcf17,0,normal,
4de88937c85d4e9e9cf87d9ab3b3a671,0,normal,
9b6f41898d1546cbbca4880c801a6d5b,0,normal,
bf03da4bd9244a10b729aef5b2497837,0,normal,
59eab58e8d02435f824b24d43d84f932,0,normal,
22d445211edf460a899d98504771ee3a,0,normal,
9ca9ec59d41145079379a2d3218a4563,0,normal,
089479bfb7644a26a608303820c7a232,0,normal,
ac367a1322e247fcbda262b65252587f,0,normal,
0ad8f82381e3478ea00fe0049637f015,0,normal,
491365f03f304572b7669647d06a6a84,0,normal,
4e46015d717f4857a1658201b0295d4e,0,normal,
9b168202669946048c70af605c0861d4,0,normal,
d6fe825cbcb9470d8e83b8dac1d8318d,0,normal,
38d31d568057442d956e46c14fa5a9a7,0,normal,
9ab5e33d13b042aebfdcf36c6b190992,0,normal,
173c0c4bdecf4091b5411e8632e7c5d9,0,normal,
98d3838b70274a75b1177026d7ad89aa,0,normal,
c63101bf69cc41ffade91c38abb727d9,0,normal,
046976353d364a41a84c2cd0ee191ca2,0,normal,
4523c81a3b29440aa8a6930e544bee6a,0,normal,
e134a9de1491467b978111b99a1ef425,0,normal,
cfb46b8a09fb4011aa2c10a60418d1bb,0,normal,
2f661b6925b6400b92fba37e647b59a6,0,normal,
5b84128bb8494cf4beb612219d113b13,0,normal,
f32dcf3ecbf148179aeca7ab07c69022,0,normal,
c2eb45c9267e49e5b1467fbbc111148b,0,normal,
92479a6373e642e1a2bc43630876a7b3,0,normal,
0215475848d64f909c5ed1d40cf8828b,0,normal,
03e4c9a150ef404f9f6790761a0ee543,0,normal,
0e559929727e451e8375d55cfb894014,0,normal,
5361f769fa9240f2a1feaf5b23ae1578,0,normal,
7c5a473b01ce4fa6b08f5885a7cffbd0,0,normal,
d41e3123d0824f38bb7543974b6a3936,0,normal,
97c80d703234483499a64635bcd30fd3,0,normal,
8c1a8768c62e4140acca50bee2d33630,0,normal,
213759fec1214950853326918c0abe17,0,normal,
d2d2b06f10ed47808e113d7390e38c4f,0,normal,
bbb19e92d507403888b33e2c6207cfc8,0,normal,
d357d5c13d5e4423b549121951bff88c,0,normal,
6a7cf066958a4e119ad1bfa3bafdfca0,0,normal,
8e2e6fbb64354170a0470b20c88962e5,0,normal,
00033dc9e5ad483589a6e7a9025a1f6a,0,normal,
f401468d03f346db8864a21cd6d25b21,0,normal,
22ddda8671b14249a75245658598bf42,0,normal,
eecf4b6316e14e9ab198702d7d281687,0,normal,
2ac0ae23f334403c8712bf8b98a2d3ee,0,normal,
b2daaec2e892462bacb0b1611fca1a9c,0,normal,
44fc284585d449d18f118cec6fb169d8,0,normal,
02af4a8a983e4dcba3900d63c2b640ff,0,normal,
4b10269f98d04c57bb0ccf2231f1c86b,0,normal,
717362c590ca47c4871668da0caf3d28,0,normal,
77ac2817cbd84885b4f3606bfaee7f2f,0,normal,
c38d94567d224f1a97d6a0b01b18890d,0,normal,
b666f5cecf91420b90949f8cbd3ed308,0,normal,
c846a6687bda4cf096fa21b3e98838c0,0,normal,
3b4f876e07764b93a2405de7d97b1fb9,0,normal,
5b9ec901127d47e581d3e0715bbc238e,0,normal,
e2313ea1de85446eb88a5c7033b31eeb,0,normal,
17ac63043bd64b558e9e2853b120e333,0,normal,
4c34c233c70c4b4a9215a28487e07a83,0,normal,
84546b2a4c8946e3b3d6ecff49d0c985,0,normal,
7c7f01621fe64127b9ce2ebab9e58519,0,normal,
8a474d3549924e01bfc5504758b1ef9a,0,normal,
4bef636b166c4bc1b96074c2676bb41b,0,normal,
8a7c0ca1f2634bebba3da3c7ad027120,0,normal,
ebb275a839a947faaffcbbb46874e413,0,normal,
485feae98a294bd38ed8ff6ae6cac27c,0,normal,
3b2b74d6f48940ed8fa3ebb4ef2eaa84,0,normal,
93e5c0f233fc47f88a2eb072e55bbf88,0,normal,
8e41958f8c1e4113a139cd80f3f315e2,0,normal,
69ff64386a7a4321a0d0e27841d6c005,0,normal,
aa57cf7cbbc9473881615d458b94bac7,0,normal,
cfef83ef723d4e02bd93fe392e220df2,0,normal,
702296ba3c7446f08c778e8f34862567,0,normal,
777c367447a04c6991e5d16e2bf29b01,0,normal,
30a8faa6b5284c5f81e34fbb5528679b,0,normal,
31430948c1674112badbdb8e946142cc,0,normal,
038d0b962cf747d5ab79a28cfc01fa60,0,normal,
303c2672a18843899fea17cea9e10369,0,normal,
777d5f3ecc1a4cebba03386e8b771ddf,0,normal,
a3537421652443f88a32bb9b2da63860,0,normal,
bf320afa0c7b4bf9bedf7ea47d8ce8a7,0,normal,
a88c469a795d478888170133d96565b2,0,normal,
9b167587049f40dfa4a70105b53460d7,0,normal,
89f6d639c1ff41dd958cd1aba6b17360,0,normal,
e54b1a03e8094e7388421b49f2726b55,0,normal,
12e4f40617ab462fad1c49d0262892a9,0,normal,
f6fac602d2b04b04acd75579154b76c2,0,normal,
859c00af0b7047de99119af8369a1cb0,0,normal,
7b7ba0fcdf534171a4cdb1f358b2f60d,0,normal,
d8db29acfb164147b7689d262c64beca,0,normal,
05799a0fed3c4101b88f50fde692faac,0,normal,
f427a42940db40c59b154e78be278292,0,normal,
ff0c3db2683d45c3a83fbe2311207161,0,normal,
ca6bb5f4c4044ee48db44a08882ab28e,0,normal,
333831d4b3a4411eaf5466a911fc29aa,0,normal,
470ab1e7cef24a078fa7621ae18b4e0b,0,normal,
ab022c8f57cc4db9a831d8fe02db1423,0,normal,
b6dac9304588451ead8fa9bf21b104dc,0,normal,
580875fa5ddc4a8da07bb4c3425cb5e2,0,normal,
da6dd7d62fe141938b6351a0b0de2714,0,normal,
4c034f516dec49eea432919c0b92d942,0,normal,
1c540df6f43748e3a384a0013f6f59cc,0,normal,
068ce74270ef4f4883f7c505b30d1254,0,normal,
32eac66188c1475fa6a972f9ef009431,0,normal,
0a8b9793ea1a4910b247f43c8dbb0048,0,normal,
69e63d93e1a04e0e857f4fcbe32c82bf,0,normal,
7b26ccd533474362af40e55d6795c5e3,0,normal,
1a2df35c434a49f7bdac6a28f3f3dc5f,0,normal,
07302fd083b54b38aebf67b744df212c,0,normal,
d36560986e6f40c48164f50467002df6,0,normal,
f99d3b2e08c246ceaa9bb933c0fdfcf7,0,normal,
d8ad187bed46459aaf7a7e16bf61552d,0,normal,
94982074ad764fad92db01fc776d1d9d,0,normal,
204701d9a4174d1d9acfecd6262b017c,0,normal,
a112713df62940bcaa86243e16388578,0,normal,
12b022c376be486d9d9182ed2d05d3af,0,normal,
1f9e7b599a274a8e8e3ea2619733b52d,0,normal,
0127006a95714d48acb933c15b24c5f6,0,normal,
d070f0c7c269482f9cbb5309c9d5ad56,0,normal,
44039edc6d424533966b3572dbba27ce,0,normal,
1cc6ef900a094fada08c875c291addf0,0,normal,
86efb2fc83d24824b52234304aa9cc0e,0,normal,
e8251701e79347f6887d1900c0d630bb,0,normal,
33d46c47a41748359192e8989adb09aa,0,normal,
3e0aabc097dc4bdd97acfaf9e40c3197,0,normal,
bbf73ba95fba41419a69d2ca297b62aa,0,normal,
a1286c736e4943b0b381917d524bee67,0,normal,
2d7a7ce3238149d990c9b879635ea7e1,0,normal,
e035cfe8ca8343a98e0e8daaac3c6915,0,normal,
e71ab2ed749e4f2c8e922b03bc266d69,0,normal,
17030e8cf6b047edadd7464a4c25adfa,0,normal,
4064bd55b4fa432e955eff2227a8b5b4,0,normal,
b0363ec9854544288f821ce9172ae8b1,0,normal,
aba74b1c6a264c52a7bc904141e8ff08,0,normal,
7a6a26c27ddb427c9e6cf2f1eb79032d,0,normal,
6cfd2247f3374bef85cd05ec88075696,0,normal,
d2525c5ada704c8ab4ffee17f47aa2a4,0,normal,
8b8b3ab9ee064f82aa1da27e4e95139a,0,normal,
e2dddb53375a4f9290449a25af800c77,0,normal,
fe8709c618474cda8b8f34d9217273f0,0,normal,
bfde1ac3a38c4bafa0b032ea3dd4f982,0,normal,
a120f5b54f4f4661a758339b519f1c6e,0,normal,
49812e41c4cb45b9861e0839f173eb8e,0,normal,
3ceea2420dd048ee865ff4f9e23e3eae,0,normal,
0f810a03fc6f436f93f8fcbc886eb910,0,normal,
2a9629609cc549e294555768489c5c24,0,normal,
0321a75a8b6a41f8b59d4692cc68eabe,0,normal,
f7016dbf70f043c385b93c66aabedb6b,0,normal,
a5e8ac41fc4e4f2aa570597840510776,0,normal,
980fede98de1482695c344c0119dcc8a,0,normal,
3fe1c947ab044ddc80e6111ab098078e,0,normal,
583f79e7fefd4085b4fe31d0bf3359fc,0,normal,
642d01e1771b4dd8aa0c4223226b4733,0,normal,
f0f430f4a8a14c16acec91674bcb7859,0,normal,
357da8dfa13141aabfd6b4c6d791f0b8,0,normal,
616bf4662c7f4dbe8fe1a27f0adac218,0,normal,
ac33b74f66cc41209c44a8128f078baa,0,normal,
89b60f5c4f9541a89bd23928f6616b67,0,normal,
11afba1c4eda4706b4b7902ae0eae15f,0,normal,
73d4c3748d934be78a015717f8a6e03b,0,normal,
d1e9bffcfbee44ce84ed44f39f8f9b36,0,normal,
e39bf84e858447858d6001ddb2a3b6f1,0,normal,
981bab916d3e498d8bde2f3ad95b435c,0,normal,
f819e99057234e8184707fc30dff5513,0,normal,
910b8f9d3b9c48c68cf613a7224db9b7,0,normal,
9456e9b0dada463dbc6bc301109a72c8,0,normal,
5c9c5cc57db649009f0864cf2c42333f,0,normal,
c74279b165cf4cf28739143c0e9de1a3,0,normal,
02d88e723cd44ce59436ae1685429d4d,0,normal,
5b9ac1bb38bd4deaaf127381cdeacf21,0,normal,
01a23b667eab4fcf924cbee6571ad9e0,0,normal,
98ecd5cb6c314742962512fa84558e00,0,normal,
362c64b2113e48d18e801e22bd18db12,0,normal,
f38f002b6e484e4f901a70b83fe51a15,0,normal,
d38fab36f48c4685926d9f76e5a87446,0,normal,
08c596c7e0a64e91bf2dfe2f05dd2fc0,0,normal,
a9edb2bb962a4ac8b9a900f2e72a9653,0,normal,
486a90de43b84f01a82f5e66f960d821,0,normal,
2bc50162fbe34fd697f3db7c92409d92,0,normal,
198789cd105343dfaa0133e066cf0696,0,normal,
57db5fd6ed864958b07f7e800ac78d7f,0,normal,
659a5bc7bd7040edb81519a93d86c30f,0,normal,
fc27104c71114653b14c4064fa6f7caa,0,normal,
aa18ed8b8d8c417bb2edefc6c294de74,0,normal,
6afd8accbe9446efae5712d0f1f69216,0,normal,
3b8756e57b604b3f9291792129f44d17,0,normal,
7afafa7a5c7c4fa18bfd3a6de501ff67,0,normal,
06aba2698b0949e8a327d1aa31c51ec5,0,normal,
f8d6dcb59d6b493ca56256494205e9a8,0,normal,
0ab0e96c2f5f466bace9301740ad4d56,0,normal,
aec8ddbbb43d4a8f80bcbf32147de4c0,0,normal,
3058842e1092421fb0a837fcd3b4fcfb,0,normal,
b345477ba429426a975648968fa519a9,0,normal,
ae7880fe79274165908ea3d5be9f74c9,0,normal,
b8f56e3879534abb9d49e30a79f06785,0,normal,
287d407f8b014ea4b63b72f7583e74b2,0,normal,
80aee7afcd564cb5a08a202368e5639f,0,normal,
c3a3205d5c964fd6865a44638c106dfa,0,normal,
d2ecf808d2374607a8fc7958d6fde823,0,normal,
ee22ab0ce36f46e48f29a72b5ee13825,0,normal,
60b0b0fc588f4eae8a64c515c6bc325f,0,normal,
99f8e5649c3f4f998f9c0d43808ab902,0,normal,
2a9c38486acf4d389338151d8de6a91f,0,normal,
9976aace8a0d429fb1714cf5d8f10c5a,0,normal,
241a315f94bd428eb032235e77272425,0,normal,
5b83dabd46b04ffc8565bea927cda4d0,0,normal,
8b94710f6b0c40039e411532b1863d52,0,normal,
704a69a00916437eae5bee3f76d0f969,0,normal,
d5a4619006d24715a6318b194899ce22,0,normal,
5ecb294163e048a09f2e8e7101867c65,0,normal,
2c5b6ed0bb26481b9bed22e2450ec2ff,0,normal,
74d8708e6c1c47b6b12f971b898a44d7,0,normal,
0f08c7a2bfc044eea625040545ab3558,0,normal,
0b304e860f694f97ba066aa4572de8d7,0,normal,
883fe280418b4819b16ba9410e1e7cda,0,normal,
55e4defc2c5f421caeab74ee4a3038ce,0,normal,
7a9f287e1af947ec8718041a466fbe52,0,normal,
e7ab48e02a9f4b44855d638a99d874c4,0,normal,
8e63054ded1541bd8ddde97252664913,0,normal,
7ce50576b2b44e4596a5a82540149775,0,normal,
d0e0a1dbcbf04c9dbbd3ac8ca34c21dd,0,normal,
7abe8cdb51094cc4a9f3145fd1023f11,0,normal,
57909f9fa00543b3b30189a4bea2956b,0,normal,
ad3984996f1b4c40ae3dceae382cf701,0,normal,
ddb1c122e82b4cb9902000753f6051a7,0,normal,
868937ce07a847da82a210c7d4f38fd0,0,normal,
e16152d76c664c039add0b70fff439f3,0,normal,
2edeb15947834875903cc4d72b019612,0,normal,
a1a7f9a83d5b456986ee872d36505da0,0,normal,
dc97af13f4a04f3eb5e0da0c8ad1c693,0,normal,
fd2654a04e3441a0bbd72ac728f228a6,0,normal,
d2ba41f5ac6b4c9383d2aa36852a5341,0,normal,
8405645ef2df4edeadcd25d69a57ff8a,0,normal,
26dbbd4efb45460e8d408229814528e9,0,normal,
80555f0e33814153ac3d8a4301782a7d,0,normal,
42cc1ff3d19b4e26bf159557ba7be620,0,normal,
e21ce8371b5346248cf67b667a711628,0,normal,
861d56787b8f4bce8e68cf874a6f3042,0,normal,
43b35e13ae9a4ca89ffe4432e3a9fe22,0,normal,
324902c771804a27a338fd666b88a3c1,0,normal,
a79081eaafc646ac964bea2ac35cdc39,0,normal,
689a94e337f64961a0719b990b2c13e8,0,normal,
73e5d3e2ecf344ffb3a935f571bf3f1d,0,normal,
f86005fa48a24533b59102b2993e2d19,0,normal,
0aa3e42ad7724305ba34c1c276ff1bdf,0,normal,
fea3167e7fb1493883c62a39d05e4292,0,normal,
7aa37974913c41a5b527fa0caabdeb24,0,normal,
0a8edf2cb30c4f2caddbc734ae5036c0,0,normal,
c25804ceaf3c4dc5aed3a4a094582e5e,0,normal,
f8d4bddc372f457585c6535c1b3ad5f8,0,normal,
12a8822321784e30a8358ec43dda9188,0,normal,
b5676270ed2f4bc481e4efced6152765,0,normal,
92a7f0e7aeb640f7b9f58a53e7d7b485,0,normal,
9541216a23844d3db9429693ccd9b0c7,0,normal,
9fb7d3aee1a243b1afa5b79d438f8f2d,0,normal,
d7728aa6a3b7463d8af63433171fec38,0,normal,
7644ae601ea2495e987435af78a1a1fb,0,normal,
2d2d73b94f694b238f1a813a8261008f,0,normal,
9dd780dac48841e98c793b0218bedf92,0,normal,
8aebdaa66dfb402e954a5a7afb842364,0,normal,
a75ffc8e1bf54674bb78a932e2fbf01c,0,normal,
0f2a5c49dc804d6594e0b1eb9e753b29,0,normal,
bfea88003f4b4ff0a2783d963fe8cf0e,0,normal,
524cd5e4c36f4640a37ccc79f1a6c8e1,0,normal,
2920a3a1a78c4dc4b1c7b36e7b1dca1e,0,normal,
f7884fa4f86c40f4b9cda8badf05175a,0,normal,
a5b1b4bc6a8a42879e27ed3ec2ded2ff,0,normal,
a446c70bdb0a45aa801e7dc82c7696f1,0,normal,
513b48805b19456a9f966c548d63cd04,0,normal,
965db79862f44bf0b82035b087e2e50f,0,normal,
1f493d27426143118d43bf754201b6a7,0,normal,
209a9260c8f84c769caf7f39fb0350f2,0,normal,
ceb13233c3f0483fa757cbd40b616372,0,normal,
6c52a17a4e6544edb1ab0ccdb619bb5c,0,normal,
b4e418c6b6c3482f93418ba671845e0e,0,normal,
aef55edb1e3b47e09997d1054e73f1ef,0,normal,
69aee90ec6b74b35a3c87581adc1f0b6,0,normal,
fbb3ae47659c4fa2b5c2090393eee24a,0,normal,
3d89c4e263f849c2b88a37169b3b7f5e,0,normal,
093932ba23dd4395a1b5c0265f91d461,0,normal,
ccab9d2cd8c94b8899643f44b6568fef,0,normal,
f628a50339e64a9686306c48edff0840,0,normal,
05beae95c20e476a8ca899eecfd301dc,0,normal,
6ef81f2f3baa4444a29d7d5f8337206c,0,normal,
435bbdc6b1924f82aaf7fcfc0ce413a1,0,normal,
dc0a3d3629204e81b1100272aacb4c7d,0,normal,
ae8b1a70024548ada89f267479c99a16,0,normal,
ee59c8e7d2e144db81ca78640a8dba53,0,normal,
902c2fe376ff4b06a9eea21c2ed92c34,0,normal,
a092ebd95b4f4cadbba9c5f2947ae2a9,0,normal,
1541ec354d83438c9bb3e5bc50ea7656,0,normal,
3895a687efe4492d89552249db5debaa,0,normal,
77ac5d37e02349e9a73ec918b77d5709,0,normal,
62bae1a37d7449c48ad8c3139cb9b99b,0,normal,
086c304ad7f34104a10e3ed6050de310,0,normal,
95b282d2691b4ba88cec8d97f95fd7e8,0,normal,
4719ea34fc424f76a92a61cc8f5ae9bd,0,normal,
226eb2254c404e7a8ae7598e9cfeb286,0,normal,
8e66a35fbd0246bc943ea7f4e84e9f0c,0,normal,
39bd8b9a881c4eb5b512700a86bf6759,0,normal,
100d8fc8040642e2aeac61c829051538,0,normal,
648ec128bd6540d893d2fc02746ac3a0,0,normal,
88be2f6f3558427d9c109f0697d9ced8,0,normal,
48b52caf29c345fd9a76c0ff279c92fc,0,normal,
87d72b740df9419992f8c988eabf6f43,0,normal,
40659367874a4a7c9bb7a7f4137723c3,0,normal,
98be8c08c61f4ffc9bd585950e2ff881,0,normal,
bcc745df73f9405ab303d613215af2ca,0,normal,
05df0332a9374348ac480d1871105f35,0,normal,
1d17625ccd214dc5aa390f3506887d7b,0,normal,
9d13721156114523a183f1dcfc534b77,0,normal,
d1aaa30a34c548b68929997279aebead,0,normal,
11a3978367034ee6859e1bbc047e50b5,0,normal,
59039051273b45b196ce90083a8a4bfa,0,normal,
14ebec2ed1b44706a102c7bf3f0706b3,0,normal,
e46ea6a215a54d1fab475122fc82f7b6,0,normal,
63cb82581d1b48b8ae40550f7be163d5,0,normal,
986ef33518af4e8094bd6048d0eb48a5,0,normal,
c15a2dbed60e498787ead811c42e20a0,0,normal,
893b8107265547329c363aa6527135b2,0,normal,
724421c28f2e485babdd5674fd863198,0,normal,
9c63439dd8cf4c03ac6227a14313bee5,0,normal,
01b2f4155a274eedabdb32ac1263d746,0,normal,
01aabf013e7b47df80d1a453e2cfb26d,0,normal,
4693e09903734276aa33d61e8748677d,0,normal,
7e474533bd594306a989b8f30d030df8,0,normal,
efada103022b4fce980afd1af2e73425,0,normal,
18fc9661d6f7436290f549379d3b5b39,0,normal,
dc614a2a42da4e8f863eef315a104167,0,normal,
009a7a5692ea44c6acbc07f08316849a,0,normal,
2daf80bf342f4c92b77efc12a47d99da,0,normal,
7615078541d54ff8b69b94dac0a59849,0,normal,
a7fe0dc2d6514150bc5260305cd89b7d,0,normal,
bd526ddc42f64c979eecdeda52bd2f84,0,normal,
fbe3670c693d40f4950b7a544cc800f8,0,normal,
13db947125ce40d785b60372b606e9a9,0,normal,
5774e0596348441a920aea4a9c597ee7,0,normal,
56ced4a24ed947119e977b4b5b939295,0,normal,
b40a4a3ce95f4b7285c5cf21e2658555,0,normal,
0ab223e7275d4fd68105b0ea6e15da77,0,normal,
9ea99e8cafd4430da6622f28e02eacef,0,normal,
7b4bcbc4eafe4128922803b7b21f7440,0,normal,
cecb9c9252dd42cc9b2d6b57effd8b7d,0,normal,
47d156526b0745d9b77c2fe70da6b937,0,normal,
eec44f51df1b4d02a675dc48a12e7b46,0,normal,
79b119fd637647608d1a034eae8ddc0a,0,normal,
fac197cb077c44f5a2a5a36548d84af0,0,normal,
0df28cb915cb4ad3873ff3c5933a5c9a,0,normal,
8c87edab5059427ca9e55d84c7e5fb30,0,normal,
d8b4a4e890f342a0a7f1f92e144b319e,0,normal,
85d4561b604d4120b02523c50f2bd129,0,normal,
6893cc7606bc49cc8df64c7daff002e5,0,normal,
68630de7c9b942d89691e376eb6b6f20,0,normal,
54dd41d6844d489fb58a5c9e81bdd1db,0,normal,
a32d6f7813754f29b51004add4461cc2,0,normal,
e19818ed866f4017995937ce0d39385c,0,normal,
e4693d3125db47d4bd49549d9ca7e8e0,0,normal,
6a06dac4b69b47c59693599865a62a89,0,normal,
cad24bf0b55e4d629562d7a9422a1378,0,normal,
6fc5506c6c9d41adb3988a9e18948bab,0,normal,
178375ba9464488ead52c734e5f673a7,0,normal,
16359e3a0b584e8a924bbe3c7bc26e2c,0,normal,
7c824e2fb232451fa37308a9dc49e53a,0,normal,
71930ceda04c498c901df308a84025ab,0,normal,
9cae389c1fb94cb5a2e642b1f1b3e697,0,normal,
bf54c6857bb94363b0462de93b83025b,0,normal,
4b583d84b533404ba8c0e3f863b5013d,0,normal,
15952f6e700146b58c2234af21fbf5bc,0,normal,
103446214883475c8f159148011b5504,0,normal,
88cba38e1d244b3f91f6ca35fdfc6749,0,normal,
830c5a70b43549fa99526618bf049671,0,normal,
8b15e481856c49d998c98596694f275a,0,normal,
e5cc7208c63240ceba84b2a416a90807,0,normal,
97b4cc29a33046d8b6a2af66f27fea13,0,normal,
7963947f89f044be87c7b98432d08404,0,normal,
6b53aaff7dae4de6a5bb8514a492a867,0,normal,
1f30b54808874f0a9284d17fd1e38d15,0,normal,
90d8eafd4b05422689971a0b4f2da11c,0,normal,
136702c9cc31457bab7c0131dd442473,0,normal,
1c1f705a906946dc86f4d415f28997c2,0,normal,
310f26c3511c4a6b835c185b97acd8e2,0,normal,
b9f375f6987a4481864758aa19b00dbe,0,normal,
48d674b6b33642669bd64fc1ed5a2886,0,normal,
a55ee2ef7a1a43869bc58298de542bb8,0,normal,
251dd76f584148279e7ed2246cb0df63,0,normal,
3bad24a5d442441e86cc7acb41f4a2a1,0,normal,
1f3435d4e5a34c78847fcaf13dcf3972,0,normal,
5365f42540d041168c9966d109463071,0,normal,
cc6d542f5a5f462bb25b607a44ec6d94,0,normal,
8cc190e5dfad4a27ad1b83383bda4f0c,0,normal,
4397dc8a0663443180a9b3dd730b6f4c,0,normal,
38414372899c49af8f041fb5e976c769,0,normal,
a5fc0793732c41b58823d8f1151c88a2,0,normal,
ae4520a782a54adb9a7cd5399844c49a,0,normal,
9778e194ef3a4156b11e5be5e77a46b8,0,normal,
c687d9617cef46f6951707d659b48112,0,normal,
ebe6842048fa469a8cf311ff9204ec58,0,normal,
53491841072e48158432c45ed2dd6e17,0,normal,
984dcb4039004b1f955109e569089f1b,0,normal,
cd9eb6c4aff74bb5a614f1ac76eaf9e0,0,normal,
241defeaf1904859982d59fa6157f417,0,normal,
a33e2ebe4dec4cd1a0f1bd2d095c542c,0,normal,
a5b2157863fc4ab3ba8f8bcc0e43ceb0,0,normal,
a19d1920f02048bc93930fd33007cfc6,0,normal,
0198d8f908ec424b86e342afdc246e4d,0,normal,
a8b29c5207924434a3bf243e346c0206,0,normal,
97e307ba45dc4610b2cd58a11af5e1ad,0,normal,
bb6f824dc72b4467836fabd2d5c03d84,0,normal,
c2e8c369db534909adb0eacb3a1e6731,0,normal,
0678cbb325864f3ebbc8ae02d2b4c4dd,0,normal,
10682f6049184a239af7f3bdb6199ad1,0,normal,
4d8aef2d0fb641779887fa2c688c1cad,0,normal,
2a31f437e4e742578ec6d26d8eb83a08,0,normal,
1e69c51a50e1402e9b3054363a4f6ce5,0,normal,
27a7a4454d584696926cea8fc5a750c3,0,normal,
28fc3e66121f4125be23229f6802473c,0,normal,
efcb08ae5e6b44ea954972d11c92354f,0,normal,
5409271e831544c79a6a3fdc0d7afe10,0,normal,
a81a737e05424a68920b697afd5a07c7,0,normal,
3c66f909d96f4e6d9a6714c0fb2fed38,0,normal,
62a86ffd1b71440e9d36059fa5c7bc66,0,normal,
108bfc8ce32d420b881046c160222fb1,0,normal,
40c3c3e589084499b9447e1731bbda01,0,normal,
a79ba89924004b66a5b6faee8209f820,0,normal,
fc0a2a31756145d7b5934c54e9a3bb42,0,normal,
1be6b29e139a402bb970ff815aee43fd,0,normal,
182eb7fe0409422e84a8653ee5fdeb49,0,normal,
87230cfbaf964302a5d9ff21a642699f,0,normal,
00444d0dcfb64d2c8a7362c7d74210c6,0,normal,
548061accf014bbbb15f54075aefeade,0,normal,
2996aa3130f348adbab64db2a82a44d6,0,normal,
fdb5d086d3ad4ecf8fb05f2fac79999c,0,normal,
acc6f0b055a442efadbada96a0f4beb6,0,normal,
b1e15ff06caa493daeb540fc9d96156d,0,normal,
c0c198da5cbb49c593da3899f0d8fa41,0,normal,
1f55f7c805ec4b69b6a18be765d6dd5c,0,normal,
35bb88ed9a9e4217ae0b6148029f903f,0,normal,
c0e16019849647d892bd9b44f2e1e7c5,0,normal,
13cc4a1d38eb4f0fbdfd3919748feadf,0,normal,
17f6e1b1eb3d402e982ddb333b9e8fea,0,normal,
768ee43c845c477497f75e07c820495a,0,normal,
054212c520f84408ab4a37855fce032d,0,normal,
fef1b421e5c5427e9bf9a6f662dbbfe4,0,normal,
98782c5a2e454152b380c9582583a1ed,0,normal,
32b443a6fce4443d8f6653c61fc538cc,0,normal,
966d6510e2a145359c22783e802fd871,0,normal,
fb4a820537e54b2386ef05a535c8384c,0,normal,
1d7f81c759114e2cbeb20d5f40ae7825,0,normal,
0dddd8c735f14ed4b1b3a90fbcf18080,0,normal,
bdb6a9840ba6495cb917fc81fc28fff2,0,normal,
cadcd048a3914cb79b435d1d685bda94,0,normal,
979de8ec2c704ad0b48ed99d0807a5e7,0,normal,
227dd1ee233a492a902c412a75654b48,0,normal,
ead2fcc193594b70bdf486f408863a94,0,normal,
8780d6e9d7474065a755bf15f3d57d25,0,normal,
d3befc6769b54ab2aa4fa9d6ba1e435a,0,normal,
80b33b1627c94c7b8078255e0a7e6c36,0,normal,
1341cf0e3f6a4103a097312b20c9f768,0,normal,
9fc94d60c0c74fe2b357dc55eb3a9cc1,0,normal,
18ed7a96d7534074b6a4ec2deb85a71e,0,normal,
dfc08dc7a688432ca0e9dc21caf764d5,0,normal,
f2e2b9584be54459a9c557cf1cc48f2d,0,normal,
5b2c819903974417b2ce4fe3de683cd4,0,normal,
39822b17f8c843159a813f23f54aea61,0,normal,
62813b21333c4c8b9ec7384f11fee7c6,0,normal,
bc9fe0a9bf8e4510838f7188932176c8,0,normal,
4d12bd651e1b4b1288f076954e55d572,0,normal,
982ccdc118c041c7b14c35feaf7c4a4b,0,normal,
007846d911bb42f3a038701b407d6419,0,normal,
6b515eff9dcb4b5bbb3cc007f10f8a34,0,normal,
7c0a6c78e906461898f63a9712a6598a,0,normal,
0ec150c10bea48f0824b906c5f6a008c,0,normal,
a3c5d49cf2804996a6366cba4748c2b7,0,normal,
17d13623a8914e7296bb3c3f14de6a88,0,normal,
d96a8cd322aa423caf1602bd2d383be1,0,normal,
6e6f00a7638047eea715ad3a334d0743,0,normal,
87a2c3348d4a4c2bb471809c57e6df9a,0,normal,
c80c70225e6a469286a8ca5ad2f704cc,0,normal,
32df3782bb48477ab7a235d6b47852ca,0,normal,
21f49ac08f7c45568df399e7ef072aef,0,normal,
9d458070118e4f09a8e29e8bf140a4b3,0,normal,
6400d876a66c4898b8b76354b342126c,0,normal,
0189c2e615c449178d0b918f0fb9c035,0,normal,
f12f962ac8944289a7c8bb2e4719632e,0,normal,
dfea2233b4cb4a148c8b595ab385722b,0,normal,
b743e7039e3d48e9a8e72d3c21c76f88,0,normal,
22d7976d4b1f458ea800a00561d286dd,0,normal,
4b75a390b58647f08010899980e3d095,0,normal,
545b31fdf68f4e858d260af17a60cea9,0,normal,
57e157520490424ba1986f00020ec43c,0,normal,
84cd06e91b014df3b67cc89a0d26ee9e,0,normal,
9064e165321a42898c87f27506c81505,0,normal,
2e9a0b45431b4833a9a94b9cc34c65cf,0,normal,
ef46cb7f51ba42a48c9554a465c6da26,0,normal,
55e45039f9a24becb0903faa0dbeb67b,0,normal,
e9eceda79fee442f974939bcba0c1d89,0,normal,
76bad06d58804dc49bfd5f54b3065d49,0,normal,
8a6ec60144884d3c919191a2d1714ada,0,normal,
a073bf37ac414bf48a3b510402fe86a4,0,normal,
39d1d6a240494a0eb4d331072ecea2f1,0,normal,
fe686979aa84484892c9074b8637f8db,0,normal,
c9e24814275c4fbe8ac4127a28662140,0,normal,
c0ca6bf8316447e7a7e6a3da7c9bd409,0,normal,
1d43c7c67d02421d82cd00c3943e6985,0,normal,
fbbdc51991c442f4b37aff6ddd805d08,0,normal,
a7cb82556be34dc49ee5a34f0925015f,0,normal,
6ca94f1591e341e29e304013a43837ca,0,normal,
a64dd055472248f68774edc87e086e93,0,normal,
29edc32bc84d4ca785ec3fc33df5cb60,0,normal,
61c9797aa7004ebaafb9ecf5b6faafeb,0,normal,
91fae3bc9429425795a3045814424fb5,0,normal,
2d06055b12214a7db373aa2458c2ea84,0,normal,
5a5cd035167a44e583c61e14bc4e09e2,0,normal,
f28183e6b60047bfaa609f027f44d33b,0,normal,
dbcff7309ad04b0fbb3d65c7dfa6a3e7,0,normal,
a04adcf6c03d42d1939552d01c16db42,0,normal,
14f1b927435c4eb2862a8eace612d46f,0,normal,
d695d5cbd3c74589a361350b9989fb6d,0,normal,
546aaf1ba17e4dc687b23382e0266ac1,0,normal,
f056df47be7b4fb3a3e10c3a298d9ec1,0,normal,
e5cdbce588474e219f4a312fb9fe4199,0,normal,
868d03f819bf49b1b1cfe1c45f85d887,0,normal,
829be90a15e04d4caf8632ba6e192cc9,0,normal,
b9ff787b7b8c40c9bac3c1f820810126,0,normal,
e1a689cb17c444cc8b4931f5b50fbdbf,0,normal,
c5786b5b2eaf4fa9a815d689ae9040ff,0,normal,
37d068aaed3a4bfb846519f63277496c,0,normal,
8b70ae479d7448c08b5f5e41bd91c866,0,normal,
becb5e35df6447bda57f478a08237fee,0,normal,
b4cddcab2db44aa4b182c7998eaa3e57,0,normal,
a804dd75f3334478b6a810f2c187c7ad,0,normal,
1931880059f94616906a7a39dbec6c20,0,normal,
8f60e8b848e74ed8890d8bf4ae3f70f1,0,normal,
5ed5f5f0aaf642ef9370e2f483ef415f,0,normal,
76ded7cae0694f94989942db0f67d324,0,normal,
49a099e3ab3f42a987a26389943a298b,0,normal,
b228068818ad446990d25c352c135ea6,0,normal,
ba638117111c4aab9fd3ab6c5550412e,0,normal,
1d0d91ce160d4053b92e6689822edb35,0,normal,
5e0c7d7182d64292b4e84fb2bd99f90f,0,normal,
da4f12d35a624ec581c1345b82d87625,0,normal,
b67928923928491291c610729c3d199c,0,normal,
51d74df86a674e58a4a4709072425674,0,normal,
bb6755e2f5354044be5e9f07c0780b82,0,normal,
c5cf167f5cf544c29f8a9fe0ba001438,0,normal,
3b5893e31c4148be8f80ca628c0a40d1,0,normal,
331aeedb266741d6b5142184102da83f,0,normal,
34ad640981744aae9add6ecc5973c579,0,normal,
ead6817d544d4c8dab8746014a729b72,0,normal,
f3cca11f74d940beadda546508823ffa,0,normal,
863b2507957f47a4a56ad700f67249f6,0,normal,
fca65ac3f01046a3be6d3c5059ba32aa,0,normal,
507a3b15777f4f37a5153026e928d173,0,normal,
38b28053f1d94ceabcafe1c75a19c655,0,normal,
6fd0622d817246579b2b91398464e7d5,0,normal,
5dc2223261d84c9f8da27a673a51ccee,0,normal,
da62dc37a0aa4c578ea14d6bd84d0692,0,normal,
f69c87a787db4ff68dbdac631a5b7b5a,0,normal,
69af66584c6642ef84b1ea135833acc9,0,normal,
354d6e88cf754825b01bb253fcfed751,0,normal,
df5e1ba170b24d9fa371bf30ab964fcf,0,normal,
fcd6c06c0d254b8586bdf4dc1a3b133e,0,normal,
e6e0459037c447e4b3a189f82c3dfe8e,0,normal,
f7a37dcfd0ec40e0ba6c8f4305795432,0,normal,
61e0b820a57f4447acfd6d9e8b67b4af,0,normal,
b21b5bf828e44ba9834f67578987d36a,0,normal,
b48a1decb8994721bcf8e8220abbd337,0,normal,
ef956059361a442ab91f04a989ae5051,0,normal,
63f4b769f5c046de9544dfbbdac3880f,0,normal,
8fbad7bda0e5453f92f67c279ebbb332,0,normal,
a4b3a42ef75a44dc966d3502bf431de9,0,normal,
5c4b3c3d1eae4e798cf689da3d269016,0,normal,
c2464492f634461d9b3049c8a7e51554,0,normal,
68b9e568c919474d8198e35160204eb1,0,normal,
72fcfd859f6f4f86a7bb85d463beddfb,0,normal,
7cccdc27b48d437d89a7e37a84cada14,0,normal,
8b3f4357737f424285881426e38c3975,0,normal,
75173bc981c84bf481adddbd248cb596,0,normal,
a619ebfa73224ba28b5a7227f756cbd3,0,normal,
fd25c2e3a4a747f3b9d61d090e5ca13e,0,normal,
0123bd4411ab4cad82378642ee7ba9e9,0,normal,
e48506be925348c897f3e288ba15ab06,0,normal,
a4fba6f225254c98ac60f8b83eb03525,0,normal,
52d009d36a2741e5812b18f9d9de54eb,0,normal,
ed0f18d6fe0b4f699cf848fa5af1424e,0,normal,
6849f1950a314507b0e1a6d00a957e38,0,normal,
a3c3de55746d4ba5b12709cb6a25985d,0,normal,
67382ffe50394c769812ac44e161f2c4,0,normal,
0606df9db1dc4e22a961ca133c4a3e38,0,normal,
e41460a37f6e4d0d9e07ebe303054f75,0,normal,
e9533aa1b08b4dd1a5165d63fd7c5f94,0,normal,
02910a3fbfa74e5381876bff8ce20bb8,0,normal,
3e94195fc987402aaf38000af583f15f,0,normal,
6222e618eef347e2acf102e901fbedb2,0,normal,
05a526799ffc40e4ab0c695b294c143c,0,normal,
fdd00760a4364be5a0f471ad2cce2b4f,0,normal,
00c89f1035594a03ac49977930a2984d,0,normal,
806a40ec3ff2461ea2681f09ea261a67,0,normal,
a4790cf14e644bf6ad980eb09fd4abed,0,normal,
0afe389831aa4359a77a0575ac795f47,0,normal,
68518e317620433390522ae17225099e,0,normal,
df69692cd60a4374877e86abeff7fe99,0,normal,
06554b1337df49a9abb329cf3f4b616d,0,normal,
4048368b44d34770bb4144bddc671498,0,normal,
bac7efd999c64ea190a580715ac5b12a,0,normal,
bb3a8ab9bb084d3fa1637f6e29b6fb4a,0,normal,
2f9e6328d6984a10a260c0f7f45c52ce,0,normal,
6056d273442146cea468e3c6e59184c2,0,normal,
e6ab51527a964d81be696e937711c778,0,normal,
1b76062be2a14a62a90e815ea3072561,0,normal,
e95c47101bc2484c8a5072e0c04dc47d,0,normal,
d39d3411562145ff9189fcbd35b335c2,0,normal,
2a9dcac91c0a4ff5a6e415c815bd0619,0,normal,
1f780639c1724090b9cdca625eff53a1,0,normal,
a59320c52f51487c8f17f0b351b00b85,0,normal,
54e7fbe1a87d479daa0f1e57a755cc4d,0,normal,
6dc81ac070ad48ce98228a090255faa8,0,normal,
e8f11e3e314f4c9fa37b6c5eb77f5d0e,0,normal,
26fb91edbb3e40aa88056b61d4a8203b,0,normal,
308ee3562835434fa6084763370d4f2e,0,normal,
759d62b2b54e4f909234b0b984cea98a,0,normal,
839ab8a39f514d47b66ef0b1be2563d0,0,normal,
6861c39c281046e9a728916111901229,0,normal,
7df5d87b372749cea0052f9f84c882a6,0,normal,
7c54623f25c941d3ae18097e4a954cc0,0,normal,
e14ba2e4302f4926af6b6cdaad5a6bdd,0,normal,
c8969bf11204445bad1aee1222161606,0,normal,
81ef7cafc62c453b8a8af7ea45025764,0,normal,
b63448ff5dfc4ffea4adfbd0cf4a4774,0,normal,
c384405b979940029ecdc9eae5819ea9,0,normal,
3f1ea12833724c68b901ef0ee2ca10af,0,normal,
10f2e26d5f7241c9b99e36938397aecd,0,normal,
e99b24999be5498595eafe60c0c061c4,0,normal,
57bfb7f96fa641d495d533ba6e102406,0,normal,
6c356b5dab744f31b72c277e2bc8551e,0,normal,
2c75c3cd74fa4776b7d55844cd3f403f,0,normal,
2072a22b709b4265b6889a14356e94b8,0,normal,
f7e4064a20814d7c943490550e3dac1f,0,normal,
8aab47af419a4b32877f17b941f72ccf,0,normal,
7956003d86c145a185e513162700b212,0,normal,
9c9f75a7218d4892b6ee9d79686cc196,0,normal,
a92f946db5a645fa9cd9824703388829,0,normal,
32cd7c58753b47c081d1b60ca830539d,0,normal,
56058095422e46d99efbf98340a3d895,0,normal,
9695576194334beda2bc60fcefbf2209,0,normal,
197d382e79e8430f8ad4a3e8e5c12d9d,0,normal,
ee5ea3cd512a4668ad36723ae6e1695e,0,normal,
01f3305d7fa3475793a8ad997105512b,0,normal,
1d16adb68cba49c3b9aa3ac5c96d1be3,0,normal,
47035736286a4bf8886920277b0d59ce,0,normal,
e37390f1ed0d4e35afba08113d0663c8,0,normal,
774a7f45d6aa48d687d326724314bb04,0,normal,
16b28891b22445d2934d2ec06d0e19bf,0,normal,
d5a503c99a954f189c4ea0688a6bf935,0,normal,
8fcc494dce01474aa43f004431b74442,0,normal,
62823b4e49f54f1da166058e4d3fd0f7,0,normal,
ad0b53396b934cabb6a2154aab22dc9d,0,normal,
0e0a47ee618e49ee9a4e7e785feedac2,0,normal,
0bb703c5c141423198f663a2e5744612,0,normal,
cb3a098c5758469ab8a2bc1bef10626c,0,normal,
0000674f8d7541faab95b71b8c6aaee8,0,normal,
8aa7da71eee841dab9a52e132945e304,0,normal,
1ad75999fcde4187b89a1afa72b60f8e,0,normal,
c7f5280ad76948068db583611baa6289,0,normal,
4149c4c47fe744d3962098b8b0502ec5,0,normal,
7d3cd227d6c44ee58560f7f226b387d3,0,normal,
0efd0047c35c4f508cd1b8d120acea86,0,normal,
305556ffa08a439486952ab0ace89867,0,normal,
920f7007b7514ab3ba2c05ae0188cf24,0,normal,
30f208ca51614920ac85d806681d3076,0,normal,
7386fad39f384cdea058d2416d82603e,0,normal,
c0e913ad9c924756aa4bbb01e5fcc4a8,0,normal,
42e0007923b7499aae2100e546900569,0,normal,
2d7bbf934d894befa7fb551b8992069c,0,normal,
5ca611dfd62f44538422801910f55bc3,0,normal,
0b39d6048d8848de9331d0b3279f7c36,0,normal,
268c9b646b6243eeab96f850c549813d,0,normal,
1d9a08c0291b4dbfb798dd3e7cd41daf,0,normal,
666bce1056054575aafe46703a8aa0c6,0,normal,
4127a49938e249728fe68a9f98a157dc,0,normal,
23e9ce927cf7473b8594eef61dd4b231,0,normal,
e98b94689178415ebf893edfd6b62340,0,normal,
569e24f28f5f459bb2aefb438d23a19c,0,normal,
0917035903e845a88592c021038e2cc3,0,normal,
d2b7f852e3664300bb4b73a1fa5985f2,0,normal,
fc9179930b014d659cc813604e2fe2fa,0,normal,
9ac6da7ff9d94155b8c7310f49df8b26,0,normal,
90c13bc254d8468bbeccc119c5f4d27b,0,normal,
3fd34cd074104e8384ca592180f33099,0,normal,
30442f1f4777404888aeff745be37cb6,0,normal,
2ab173bce66a42cdbef6d6c466e4a303,0,normal,
29628188464d4d48a903747581238a16,0,normal,
0b38009766b94d7a9478f2f278cfefdc,0,normal,
321369f481854150b4ad4480274956eb,0,normal,
443f309c656f4407b28b7b0b87a2e990,0,normal,
7aff9289e62b4604b1e66490396d9846,0,normal,
3022e2a4d30e4a358604dee170f04742,0,normal,
5ec28ea4b67242618916a87b241b69a7,0,normal,
d1970135b7c54896bec1ac400a901c55,0,normal,
8b64766a7c2842c5904e16fbdfd6f512,0,normal,
48562fb5de764a0fa261d2fdaab2a9ec,0,normal,
83afe3797efb473e9dd3fba415de5e5b,0,normal,
91fe03403a00477e895a878fc090d5a5,0,normal,
30ab7f8e12314805912549655f312018,0,normal,
2deec716a57448b58737a7b31c95522e,0,normal,
e283ee2a0a8747cd957db4b91b3ab251,0,normal,
7d426d23cb724a70b3e80bdddc51ef1c,0,normal,
3c8d7d6a440c46d489a8f14f24003b24,0,normal,
7117a34d040b4ab69c8bfb55aa690418,0,normal,
1005aa7db75347cb986146ed9993c546,0,normal,
132bfc0eee2247008febb276714162d1,0,normal,
c983c20d72ac4c2bb5ee66cce04f7bac,0,normal,
8d9fa28518764856b39dd433bf0f18fa,0,normal,
56dc144a07754adbade23c79ac430fb8,0,normal,
f52ff773d4e64cdbaedae75860accee5,0,normal,
8f4b1a4d5287432594a54f6a17878620,0,normal,
037a12ae42db47ca9ee5e5c2967f504b,0,normal,
f89b83cb90754d548b31c615295f7943,0,normal,
b4135e595c074b5cb2d0fbe4199c645d,0,normal,
220bcdf3dc1f44edada81a2b1ebdd30d,0,normal,
7f01a91705ab405794299dcd0bfb9a29,0,normal,
8bdd26ed7e3e4de0894137d84a5ad2d5,0,normal,
d05ad9399b404dcfa8f32c70482edf03,0,normal,
a232d1504ccd4435883cded3cf4846d9,0,normal,
5da2bab0ed774916b9556b7525651840,0,normal,
a778bf361db8438f9d32233532a986cb,0,normal,
81369b20742c4015a26ceaa4d44f1586,0,normal,
3b59fd8fa5a844fe8b2e1a20c2daa37a,0,normal,
aaa30060a55e49bb942a5f5484835c80,0,normal,
923e671edcd24424b7643035faf0aaba,0,normal,
b9ea87b92dfa4874adb42fec9450f5ff,0,normal,
90b9770093d54d8da90dedf1c7acb644,0,normal,
c80c0b0e8b2243b0abfbc49225a0ca59,0,normal,
581222f0e691447e9953e8ccfd04ad76,0,normal,
37b7075f8f5d45a997059af8e2fb2dd7,0,normal,
3818ce240c474689b78c69bc4bfad750,0,normal,
017c624af8bf40bb821a2ed0d6fb7a47,0,normal,
334652c39ae74d45b74ddfc476ac15d9,0,normal,
de05d6eeb3d047d7ba5ce54eea3b78c0,0,normal,
932cfbcaf4dd46afbba3d90abf149667,0,normal,
fd4f10ecb66d44f2bf6b8784b959b7d0,0,normal,
7ffd3ff547ad422b87bb7ad008a1deb6,0,normal,
65c503622c854deb857cd918a4605996,0,normal,
53f0f5a7d7d746b5896d72247bf73ff5,0,normal,
121646f5959b489598a733078a069da6,0,normal,
1b3ac94b65674bb0a859c1b45eafdfc2,0,normal,
26faa6fc518247b19d64f16eb74c37a8,0,normal,
93a6668e839142498f18ea85b5d9f573,0,normal,
3aec61eebc4a484fb147e6274df44b7a,0,normal,
5794a6b21c8f46ba887ab86c37ec87fb,0,normal,
9b6621dc68bb4210acf0fb524e46f9eb,0,normal,
9df26a4493884cd592e4f11bae781bb2,0,normal,
5d1db7a4a5ce4093aaefa744b614c84e,0,normal,
7da1f45ecef44bc7b5a25efb95e714f2,0,normal,
db93b3ae5c3d4e8084d63044578b8c61,0,normal,
f604dbb05bce45cfb8ad61f85bfacf5f,0,normal,
369dad2653664c53874162f0facfae9a,0,normal,
12b79e7ea50a444596b96d9460ed6afa,0,normal,
9434d7a3bb754fe8a3cdb941be335140,0,normal,
03179e6bc46a454797097a020a5deb95,0,normal,
f801137bfdc1463f8bb50bebec6fce07,0,normal,
86fd86de85c0480897ff3c6aba29b3fb,0,normal,
42f230810f24449b9fb53e6b1138a4fd,0,normal,
5f93708ae6a9428ca1e60274391a4a97,0,normal,
9be9f0ee91d4403ca8cd3714e950b5b4,0,normal,
15beaef618c6480db5e5c59dd7daf8f0,0,normal,
6dd47499cf1049409d3f5cea5ad31f59,0,normal,
31ab3c7b2ea043a79e7a5af9dfc47b3d,0,normal,
69d80d3539bc4999b7d2d849e7812489,0,normal,
e46e89adbf5243e9a586d832e34fe387,0,normal,
11812908e21e418db5430cef49e4b3e1,0,normal,
0d4c1033c5b245cfa3279e9e32b40584,0,normal,
928d32974da043f5a25f6af116297b61,0,normal,
49c7c2fcc58745f9a032e6079fda95fc,0,normal,
104c38b706d048d89166314475598e5d,0,normal,
3f8c3c21a9bb43b69c0f5a33c588670a,0,normal,
712109f710c14332ae90d0923540559d,0,normal,
22dc22c4fe3444688000101c7a9ccc18,0,normal,
d8a9dbf083a849b3b52642e7fc0de32d,0,normal,
95d92df09ba44de4b42e7da1654c3eaf,0,normal,
dfb4cf13b4814655abe9e43869a3fc33,0,normal,
6ed85c0096f94f54a50675bb29de9481,0,normal,
564a97fb269448059aefd13e55fd8f4c,0,normal,
ce855d845f4e4bf7b3b31869d99e1bc0,0,normal,
b22530d01d304c9c94645ffff33f6966,0,normal,
590042368f8342c98332b6c70932439a,0,normal,
b090a37902074ad1bfd8743a297a1ccf,0,normal,
6c46cbf208404d4e8b6e941c4e2f2b0b,0,normal,
53fa56fe3cab49e29589b5486cb47f26,0,normal,
109e875c17f44e6db192385b2104ef81,0,normal,
c01e2dd5aee14e97aaab9f472879e0dd,0,normal,
b1563016b81b429890b0a71854463595,0,normal,
d4edfc256ef7475aa529e95fd4fe99fb,0,normal,
47fae979f32f4dd6a2dda2973cabb9b2,0,normal,
553cb8d799a34548afeeca8e624453d8,0,normal,
5d7559bc585e4b2bbaecaf44e19b57b7,0,normal,
c4d976239725487684e7031013bd0a0b,0,normal,
dadc60fbfe6840cf9a3646c538815896,0,normal,
9ff9a7470d254eae9ca9889edd6df2ff,0,normal,
3c75c8047e08475ea67fe57e90772e9e,0,normal,
2c46ffc18de34df4a72a4a6218a33f03,0,normal,
aeb8b0a94b364fa1a850db6931ad244a,0,normal,
e4737ef161c54bb19a8703f4dc0c5357,0,normal,
43791c66308b418b88d683158de764f7,0,normal,
96ed129aa9464d76ad9e752ab7aeac43,0,normal,
be26236893ff44249c6edab7983f2bdd,0,normal,
814706d5274b4428b5f92562d87b89a5,0,normal,
a0efa5f92e724406a4746dc1b620602a,0,normal,
547999bcdd3d417db19ecaa78cc924d6,0,normal,
db39e1b02b3849799eeaeb506ee934a1,0,normal,
c605902f573544ea8394d03c607f55d6,0,normal,
25d2d17b8fe644b3a1254070394654bc,0,normal,
b3e86556255841e5954c8a56e7f67bf7,0,normal,
b9c1a6f56ea8499bbec4ae9263542aa4,0,normal,
f1066e9cd2984686ae74889866749741,0,normal,
24ef7ba2b93a409ab11435f283d48069,0,normal,
b4600d52e8c8403bb3e0cd2fe8692d28,0,normal,
92388fecdc584ae595d263b478dd8ea3,0,normal,
51bca6d520a446b4b57f7528cb344673,0,normal,
66b7aa1b243d4871b49ef96ae3bac9c5,0,normal,
87d1c7e5f74d4498b2b142c3b35ae855,0,normal,
936f916d51914c2b8ae8281b07345472,0,normal,
556c3e0c794c4f7aba5b6008f13969b7,0,normal,
effcb49d1c684b1ba9561fc5dca398e3,0,normal,
9a11bb0d81cb4b8fb55ba011181beccc,0,normal,
5706a873c17047d598b1df5b3bc2ba38,0,normal,
7a14d46594934289b13a90ebefb42bd8,0,normal,
83b6de209f234dd1ae88757ad80d50e6,0,normal,
2983ce272235402aabac77105b41f5d8,0,normal,
c30b51e0f3ea4201b141a2f6d11540ce,0,normal,
5e29d236916f4ce0b11c583accdcbeef,0,normal,
f208b680dee24eb7b02cdef6ab671315,0,normal,
4951255682534b35a36588378e24501e,0,normal,
e7dcb00d883f4028b56c924377b37c62,0,normal,
0f15480fb177459782bb5ca053ddebb5,0,normal,
ac17b680ebfa480c80739b1b0546f863,0,normal,
57d4c448fd03408fafd09def36ab5fd4,0,normal,
85ae2d2f3f784e6c80cf3147e4ec94fe,0,normal,
3ef01374ba4c47c186da2e4f29bcdc71,0,normal,
8d18ed35820b49c78eb87d321f852bfd,0,normal,
1f1542e7af8a4b9fb596e326d30f08df,0,normal,
012cf46fbb59489c8218002e9fe709cf,0,normal,
ce451047646441d3b48c9b81df04fa50,0,normal,
be6d2c0207ba4913a5ad4b1c4cfaf469,0,normal,
eedd438b97014e159fbd14edcb44f7e3,0,normal,
22465dce269a4d3d9dd1e40a53ed2197,0,normal,
ecf145384a8342daa2fe9a198eb5cd8e,0,normal,
bf80e1c3a9de43a4aab70b9dc42092f7,0,normal,
69876200a22d4350b0bf66eb25c324de,0,normal,
e03de70e8f054a67a96d1c4e3c0fba84,0,normal,
02f1cd9cdbe342138f11393975cf5cd3,0,normal,
36d4fbea559e4e178add75e2a6b1e55c,0,normal,
6d85611b2d014bb3aa5dd3f31f54e1bb,0,normal,
2dd03443a57f423dab20d7146e4bcfee,0,normal,
8a0842f35bd944c1bc18aade8760159c,0,normal,
d68eaed10a614c0b8e51399b728d32b2,0,normal,
48bf94afef5a4974aa28062ad904cc32,0,normal,
a9e809aa94c9462299d47b0c8bc4601b,0,normal,
4cfbbaf729e646b6851ec445b83f043c,0,normal,
853c475eb7ac432fbac7b410dae4aba1,0,normal,
0770786ea47f4060a77ff4b2f2585ad2,0,normal,
3fe44617ea514c76a89b3f329e0f4a39,0,normal,
6dd598e915174c90961cbee5b7ed1de6,0,normal,
c3ed5df314fe47c890410d5d0fe20d4c,0,normal,
935df066b8f04ef0b3fafee6802e6fe1,0,normal,
cfd10e5ce783408ab0578d49755f04a5,0,normal,
7ec079010c434313bb2f4111193a12cd,0,normal,
1d645e632cec41199e60262138931630,0,normal,
b252cdddc27c45109b2997fb92838c0d,0,normal,
3e1c2ebb543049ab81ab9d5ff6a8b3f2,0,normal,
bab138d335ae4a788f3466627562a376,0,normal,
142f652b82d3483f8a4371e16089bc96,0,normal,
503b22f492014611b45f014ca775f3ce,0,normal,
52e1f2ddb5a845cab6928a288053d1f7,0,normal,
67d67f8c9b3f46719588a4c5dbe0df73,0,normal,
fc81302cfb4b42e8be484df765e4242e,0,normal,
a3691b20ef3548cc9c66b5e43aa23796,0,normal,
c6b5ecdecb8b46e8b89233e2fe3ace27,0,normal,
615da40e65d54f8b952b10a10a0320b3,0,normal,
d5ec7f63596849faaa2aa8a380531798,0,normal,
a51811b76a314da3b106f63da0a34a64,0,normal,
b160d41d71e44599a35f55b38af008ad,0,normal,
973e12c774eb4142a69b2edbca096eba,1,structuring,structuring_229
56d33946b84d46bfaca1baa08859d4a0,0,normal,
c5cdbb5470af4470bd46ebc1b24793f4,0,normal,
d983356125a546bba4889ee4754f37dc,0,normal,
f5d2d1591f2f48df98d262c964ddbf6d,0,normal,
89a0479d2e22468290c9a2e035e6bd48,0,normal,
182aa43c196b428a9c822213b793a05f,0,normal,
a2da9eab0b144c11a9b954553d4d8901,0,normal,
eb75bc542a094cd99974014ae1bd94fc,0,normal,
538833cb991e46ac98e1cdd5acb52b2f,0,normal,
034b7c85ec224c6fb0563e43ec80d1c8,0,normal,
b6ff66f5ca9046cfaeb70e7bc9ca3eac,0,normal,
eab1822b6bef4f3ea0016a8c8dddf726,0,normal,
73d4c065f1354007b83cd0b52d6279d1,0,normal,
e7dad1b793dd43e489600ab93839ec97,0,normal,
93f25b7fea994f358335d281d4d6a613,0,normal,
c2189a77e26c4d928a09754ef65734b9,0,normal,
a40b157abec944f289aedc372d28ef08,0,normal,
cf5bfe0be34f4c1f87c0b0ef47b94059,0,normal,
bca3a27aae054ac496268e1144efa6df,0,normal,
7f12e9f89eec4615879023e0513a1509,0,normal,
c2d961ded27c46ffa88d675122e6ec45,0,normal,
08d895a916ff455687d0b5024c5709af,0,normal,
9fcf78c4826a477ea21e866236496c76,0,normal,
9fbc066eeb6543a98adcce354b51e221,0,normal,
dacf9d816d134adfa097035f25423ff8,0,normal,
a7c0efd075d648ac8bde697d23825d4f,0,normal,
8ccef7bec515474ea36af87c3f921fe4,0,normal,
c9303c0c4e6d48aca4def5de1b86738b,0,normal,
ec74dc0644f94c718132745c466e4c19,0,normal,
f9507a7dc3984c0b8d9391bb09a3e0a7,0,normal,
63559f26387d4b57912477d3daee8aed,0,normal,
e89746c54f404f099ca3491158adaf66,0,normal,
6834002bf0a047d7a0ee2af92b0ec7fc,0,normal,
b5064f225a5d43bfb163967e374d9f6c,0,normal,
befea2ff98144637a32faed9d3e60d68,0,normal,
8d999a30e78141eb913b37cc3eccb00c,0,normal,
e794ecaf882f41eaacdbf3d8489bfdc9,0,normal,
9d22d4231bcb47f1a9355ce95cf819c8,0,normal,
568b6215b78d470f85330d1ae13ebd80,0,normal,
6f38ee599cd64980b0c255a4681d2dec,0,normal,
601cc766aa354767a9cc5701ca71ea44,0,normal,
f6067c1d5b3a42ad9a67ebb5f4aa51be,0,normal,
e7d4d8696ba7408ba494e2751b7da06b,0,normal,
3b6c0df5b7ae480eb1b4de9421098d12,0,normal,
c95437e13cf24c05a05e75f3ee264afc,0,normal,
343ae29173dc496eb923ab2303de9172,0,normal,
82b51691f247496b9c7b7bb486dc83e7,0,normal,
5c848991b3544a15a54c0ecba2368b95,0,normal,
fc645c2a18454766bd706afa6ca24d71,0,normal,
28a4a325587e413386d0c51df0008fef,0,normal,
bdc8cd4b70cc449e8bfcee54109d2022,0,normal,
06a491ea299d4f198c872b97dbab7cc4,0,normal,
fab0e8b4cc8e4c128fd825dfe2781a44,0,normal,
939123fd13c24f6a84dbf411f5d0b9a2,0,normal,
373c9eb3ff554792b92980d7aac28e86,0,normal,
aa3be671c32d4a6585bb4e7bc06e17d1,0,normal,
6e84f577856c455cbab40c71a7bdc904,0,normal,
ac84d7e085ce42208573f5e2b131da46,0,normal,
5d7531e9a4484f34b93943d42728feeb,0,normal,
64564fe6aa1a4181884e7b6537e9d6d3,0,normal,
c92dc589606544edbd8c03ee1ce89313,0,normal,
11ff4f38027c43d1b266412c69836932,0,normal,
68037d69c7474184ba0645404cda0bd3,0,normal,
b3679fd8e0444450a9c83f2130a44fa0,0,normal,
2233383f12c94dec919b6cf00c48ede1,0,normal,
f1683f6e56cb4670a66a61ea1cb6f4c4,0,normal,
1c6368edeafa4762a0d1d8e142c5e607,0,normal,
6c555647ec25483d9becbea85e7eee85,0,normal,
776b06785b2c4179ab86d7f0e4dabacf,0,normal,
de768e3dacdf4058a91c9b2323d90fb7,0,normal,
fb02670efee245c6b498324f62473336,0,normal,
378d74b5a4784f63a223a954a367130e,0,normal,
7b9b09c10e6542699156cd20ee1184eb,0,normal,
c92d8c8df8704115b7074e5f0f4a1412,0,normal,
6575a2b93c8542328b56d8f2d55de210,0,normal,
cf16927dcda440dd88fcb69cc61d4a4b,0,normal,
4661054227664988a809f86d9a5bdec9,0,normal,
de20caea0d2a4359925a7bb375669b8c,0,normal,
fe2355bf8b8b4de1893d821635224de5,0,normal,
4a3f758762124aa6a5337c5b008b551b,0,normal,
92c06349954341048095a947451d4e5a,0,normal,
972711ae773c430489843cac9b7a0c73,0,normal,
c689aadf9c594ed8b4b059769b2eb92c,0,normal,
75593be801f44a52ac7532758659e7a2,0,normal,
75eeb2d3aa4c4a009101b126e7c4ceb7,0,normal,
5b0e4f860153450199616e5498efe3f9,0,normal,
1bf004ba1983487289e4db784e3f0737,0,normal,
58144e0488e24cfeb81292bb47bb3a4b,0,normal,
bd246db057ad45ecb29a221e417a0411,0,normal,
df3edd463f944d09b0ed271a80209ea9,0,normal,
433d28f25ee0465d938dc34de2c19b33,0,normal,
c0fadf32336c4b2c83b533d0fadfc853,0,normal,
3c3086478d944c62a2c19b56d2e8e71b,0,normal,
9641142f41774afba2ee9dc0270f2ab2,0,normal,
9d41ada7e350488a8fa950e55f55624e,0,normal,
b900715209f5438185b1b0f05b1064a0,0,normal,
ad6713b41bce46138d265f26621e1a3c,0,normal,
d9f543f7e323442ab114a18c47dccdc8,0,normal,
404a3d7453f8449293a9bbbe65ce3cee,0,normal,
4e04cf3ee2254ce781abb64f833ef5ea,0,normal,
42f280cbfca44784bf2c7b40a3b24a46,0,normal,
3420ecdd5b5e4d65b5d59bc528856502,0,normal,
11959a7283ab4361b4c5fab6055683c3,0,normal,
f63443928b224f57b78c21f8c923694b,0,normal,
c95e1cdfabc548199335cb90ad57aafd,0,normal,
33149ae692c040f798b1cac41cc56276,0,normal,
5c58a48bc5384b2daaf354b2cbeac70b,0,normal,
c933355cc8e442f390a7ee63132ecace,0,normal,
dd442047b738414f9a4acf8fcc378424,0,normal,
6f18798d832d49f5887ca439d4914b7f,0,normal,
807ea7110c214d098e61a4fc15ccd6b4,0,normal,
f3cb2399cecf4f8aad30edd3c7dc1313,0,normal,
1cc306c17a0c4bf7931f94101f4e0150,0,normal,
4a9e529298514d2db2085c0ffd7926f0,0,normal,
21602004bfe54864934d627d8a7e519c,0,normal,
a8d9ed6fe0694283a8b7534951ff73da,0,normal,
53aacad608e744148cbbb36c58d65be5,0,normal,
f4ec864294fc44e9878254722d9b0c00,0,normal,
d5bb3d0fb8c442eabffd493c38f275bc,0,normal,
aa59c4df23554a4b924cdf736182a0f0,0,normal,
8522fdf08c59410ca1f7507fc9e04301,0,normal,
35215683396f442f8a80a117bb02e57e,0,normal,
7aec2b140f424c318029cf87b0b8ff58,0,normal,
25c304ce5f6b45da90aee17f7f5a9cf1,0,normal,
5a3ead402b9d411e9ff2c838bedc37e3,0,normal,
4bd8608986804c9a80e87f992bd51816,0,normal,
597c8b58154b4a8aad8c242013372dbd,0,normal,
da9f3b23fb464e42982f422facdbd8c0,0,normal,
ed0d8ecfacbf44f7a436a7782ed102d0,0,normal,
49d0e61457df4243ba69b1d5e7a525b7,0,normal,
f7d2c0ca7b9b4906ae5ac6f6aedf8363,0,normal,
00578aa7c3bb42568403d4a3a30f5aa5,0,normal,
a1a2bf9e2adf4bdba8d4ef330a0eff2c,0,normal,
f079c17b741e4c34926dd267e0c5d44b,0,normal,
7fdbc9d4c421439fa808ada9d5078567,0,normal,
855737f21dd3430da6a1201a02e47016,0,normal,
78ceb110369f4175bedf328666099746,0,normal,
0892787529c648578bf363b65b2fea0f,0,normal,
48dca89a52004f54a2ee0752512b0083,0,normal,
cfc348177f6b4077abec50266a35e2cd,0,normal,
54b09607bb4f4cf89c7d8765553b155e,0,normal,
e2aa2876c70f4156b69bc6b5d185e217,0,normal,
b7e400edd75d40f7bf30a764fa7ef27d,0,normal,
5be9d0df19744895b6e366bfd2123a96,0,normal,
81ffc0994a384209a8b46227ac41baf1,0,normal,
2ad153f570844006b8a9e24cf7363f6f,0,normal,
2b30bc55ffdf443ea2ad17cbb37ceb22,0,normal,
25b87d6863454cb18cb8c6415a9697fe,0,normal,
c1f4d5006bb44265800af4aaead3716f,0,normal,
2950dc1700004fdaadd3aaee52dc53de,0,normal,
f40522a02b3949919cad98a3f70f8fc8,0,normal,
a36330f2d2cc476d88f81388933638db,0,normal,
930ad4c25307460383dbedc7151671a8,0,normal,
e36f8684d0be4ce28c2231273a285529,0,normal,
ddd34cec2d30402e9377c0b7bac1b42b,0,normal,
f1431ef9482b4305a45b83ba6e7b281d,0,normal,
0468d49237f24de9aa22bef65e8326c3,0,normal,
e6aa5151af1c46fb828dc16b5711c6ad,0,normal,
3ce575bd7764411aba7d23099bcc10a5,0,normal,
1d616526b9ee4ba4b6a329d69a4b9d3c,0,normal,
ac9c84872999410c994d195bee316f59,1,structuring,structuring_229
b006b31f90b94df3bdd74471feaf9d46,0,normal,
de35e66235c54058b36b51e39f1a9270,0,normal,
decbbed72513480c83420bc329e85472,0,normal,
aaf3dadcce474230b3c0ae0cd0ae9f0b,0,normal,
17f6209c1a974424b07b177c9541efa4,0,normal,
daff4df835124994b3dde3304c698d6e,0,normal,
80b270963f874166bc1b8b64275bf068,0,normal,
dce10241188a44878b64accc33ab0e88,0,normal,
6c96459a07aa4276aa078320cb1e3147,0,normal,
91ff9796f45e450cb39fb5e38658e959,0,normal,
2e2f815710f64ad992e348644acf5197,0,normal,
077b7d8e27c54116a0495335b5e373db,0,normal,
c0babfcb09394ca19c8bbbefc64b2ba3,0,normal,
a03b286333924306839325630ab01ddf,0,normal,
f89afaca0dfe42abbe573cd7fd73e9bd,0,normal,
8e98340b66254982acb5aefd2f75d67b,0,normal,
cfa94f07d993419f88ee127dff27e812,0,normal,
39150757f4b544d89f9229c83b936674,0,normal,
f2c8832cdd8d4272b5180a1e82b220ec,0,normal,
446e5b619c3c4a3c89ba02115f0e03a1,0,normal,
1f894b256c4f4584b60998055d0a0653,0,normal,
399599a583414e96b8041030c2bd2b12,0,normal,
4f670bebf83745a88a5df1ac6a6c3af3,0,normal,
d5244157d61a434588490cbdf55ab594,0,normal,
4f343a2748614c619cef1ef14f161c6e,0,normal,
e4aa7edf4c7a4e3782d2c92d722b22d5,0,normal,
e284a89a07e84c88ba8e439075771117,0,normal,
f302fffdbc2143d89e13f15c3eee1dd5,0,normal,
3e65bd2bdd3049e5b4c37b913d3a7254,0,normal,
452ddb135f964702a67c5090e0fbf0c9,0,normal,
61d0ac3235b7462e8cd7912baa08e6db,0,normal,
37ba29781eba44129e188e1121806624,0,normal,
6217ea0ca0ad4d7a9421612f10def5b9,0,normal,
bfbddc280b144d8e8ca87ba732b32431,0,normal,
b352ca905ec54ba7aa113be2d402f713,0,normal,
d552f0c78a6649a3b864fbcdaf6ee7ea,0,normal,
9b21c32b304944f8a67840cd7e48d111,0,normal,
11487d3c245b4bae9f1e214e7523fcd7,0,normal,
f9a2bbff109d467c86f7f39530a822c0,0,normal,
b8ecc77bca764a9f9cdeb670d523800c,1,ip_hopping,iphop_711
0d975063d5e34e99a26d9eda31ffc9af,1,ip_hopping,iphop_711
feaa6bae82a14f38b75d9bd793d4e8d9,1,ip_hopping,iphop_711
b8523e1fec4f462cae66ae22b74292c8,0,normal,
d7a06e237588401a95b71a5bdf87f2ec,0,normal,
97860e7c28794be780231eb727de9736,1,ip_hopping,iphop_711
65dc3a95701d41f1a7db93f46e629197,0,normal,
e94fcee6a9894e268ec89ca8ab53e261,1,ip_hopping,iphop_711
8d15987eaa694d33b95c1894e47d1a14,1,ip_hopping,iphop_711
9c3db7a191aa405aac86962ce0420efa,0,normal,
d5e0caf013da44de804beb42f2b59733,1,ip_hopping,iphop_711
3b596ea70079471f87872d54ae3c43bb,1,ip_hopping,iphop_711
ed170c8932874ef288df7a47f3e5f833,1,ip_hopping,iphop_711
b5c808248bb349b292621c69483480f5,0,normal,
2774e339a94040ba8e9c0bbcf6465638,1,ip_hopping,iphop_711
0c97397f37b5402d867b4c1356c56f00,1,ip_hopping,iphop_711
4244b84d35664356b101e3046ca8a8ec,0,normal,
d6500b1afed54c65a9273e317567df3e,0,normal,
70557802ecb84bf2b70263c2c5ed2e74,1,ip_hopping,iphop_711
3ae7285a5f364627ac7afadd6e7eab8e,1,ip_hopping,iphop_711
171d6e50f42a49989494ecc5d76eb86f,0,normal,
fac52729144e44c296021a00b21b9938,0,normal,
6cbb7226b0da4b2bb8645af89725b7d1,1,ip_hopping,iphop_711
a9c75298c9a84a19aa480b1d84f357e4,1,ip_hopping,iphop_711
7548b79eafda4aeba05cf37bbdcb19a9,0,normal,
eaa26045bcb341968642a33d6103d5eb,0,normal,
c8e32040535a41b69c8264dae0883077,0,normal,
5c1b9dc0d5f34a2ca59423e537de5dab,0,normal,
07b4551b22344780a7eb5e9e5d0405ca,0,normal,
94770618567d4f71830de93d7767e8d0,0,normal,
aede5123ffb9431491b78359970cfa65,0,normal,
279bbeb955b841fe89c061ca1295b483,0,normal,
67137941fe7f42d5bdd975acbae50d05,0,normal,
ccc7c1dad635462ba8a06ee577802985,0,normal,
0dae475f472b4334a2236bbe600b7398,0,normal,
4036052cfe20479db437445cb26d07d1,0,normal,
351b8833576644a3a5d5a0f1455c5ab3,0,normal,
7eeb12bb6a164a3ebbd5f405384a7881,0,normal,
28443ad5168e46c18bbe8739d8f6fc83,0,normal,
7971bc6aba484fb489c16c6958cdc941,0,normal,
598b144b38e64bebadafaae1392e9b4e,0,normal,
41941141c45a49839af93f3bb4fc69db,0,normal,
d589895dc089429499c7451ec2a32831,0,normal,
d3be2e4777bc4dfc9a98edd94d3e5862,0,normal,
4f9830767a834b2b8d66f78bde75e6ae,0,normal,
2f5119c1ec184cb09855fc81eabc1456,0,normal,
2f14145fef9a49cdbe15cf6ab3380db6,0,normal,
08bd2c7a17464aeebbe1d80a53bd47de,0,normal,
fb03a1707df94dc3869146bfb531801a,0,normal,
e676926693514559bc3d66e6882eeea2,0,normal,
9cdc16f635b94d04a95c9bf90f545ec1,0,normal,
95c5f65215934c03a454677330936274,0,normal,
b35e845018384d3da41f25c8a378e5e4,0,normal,
771752acd5284895a412a86d75bfcc06,0,normal,
d1b0f2ed184e447f8650af497f4e89ec,0,normal,
63ad9e0e8402408bbc9a632c9d9c3c57,0,normal,
3f885317c04b42bda4413044367b057b,0,normal,
4fe83443e1014d669e4c4b02fd8fcc8b,0,normal,
cc7f3b4c265f4fd0af18b0638349f8ca,0,normal,
42a7cc1eab0048adb07fa7d64ff1da1d,0,normal,
606eb4c6864144d08d516d3e0df85b2e,0,normal,
1c0635cd21ef41149cfa97440d8a38d2,0,normal,
add53c2850774ad7aebc6d3ded631195,0,normal,
b328c786aa3043c0a6ea31132e89d4fc,0,normal,
0baaf1c58e324c8cb196453b5a518b24,0,normal,
85381de6b2654faa90ae289637d6c40e,0,normal,
ecdc8d4dfb4b4c49a765e5084343df19,0,normal,
ff04a35a306c4be08e4c6cae42d1ed55,0,normal,
314280dfba744d68b1d0723bb2b1553a,0,normal,
efa39252d7ad49f39d39df1e04ed94fd,0,normal,
a706e214f0774c4b8ff5dd8b02361a44,0,normal,
73ee4319d8604ee99b2b6353214f4b20,0,normal,
2f0c630efecf49f7b93fe6ce8eff9145,0,normal,
8bbf0c58ce4b4594be26c94b05148507,0,normal,
201ad3dbd0d24c1cae5ea8d0d9cf4d35,0,normal,
1b6b725b1c5b4a33b5cbcb452f4d0088,0,normal,
84ea21d1aeb7457590c183663e509342,0,normal,
3863349176f449e093cdf1aa9f6e5971,0,normal,
e830f5f5b2574a55bd0d44b76ad472c1,0,normal,
9936a0b0beee4fb9b252ab0331725e8a,0,normal,
e26299918854401c9e984e31b20802ae,0,normal,
5b33bab9ddeb447985a2a22f0224a03e,0,normal,
7daca0746b83425a8c5f6e0d66ead4d2,0,normal,
0d4a79542d4644448a1b66412f327eb0,0,normal,
bdbb6e83363e4ff9a5a867b902126970,0,normal,
7c8a0768d89e48a6844c9ca0ad0e2514,0,normal,
7479882817734d16942775197bc0aa1f,0,normal,
29fb1abfee304656a2ef27efc00794f1,0,normal,
abf35c2f52e445e7a2e0aa8521e6d164,0,normal,
939eb4db60c44dab8c114ff0ec814516,0,normal,
062c5b4fb12a4125af3ecef01f6b3203,0,normal,
63e1ed6ea3104abf83530bd9d3a901a6,0,normal,
aadfe027c37f4e5881cee542da3bc85b,0,normal,
e904ff0e4d864b3e8305726be78519ab,0,normal,
bdb987b94c0a49afb3416d58bf937aa1,0,normal,
992392eb75a1453d93d77be9cda2380f,0,normal,
a652edbbed2c43758b7df0c52d21f16c,0,normal,
0571c55310af4054a40f4f403a2cfb8b,0,normal,
014a534a1bcc4b64835f1fae881cda8f,0,normal,
148a30305fb64ba1b44f028a85d4993a,0,normal,
59572a0e37f048a8b42c67347459936c,1,structuring,structuring_229
5c6bda3b3a344e45a6f313ac12919ee4,0,normal,
0d82a513cfd8415b9c28898c98600ef9,0,normal,
2f2d51ed574f47aba0e224e62c3f293a,0,normal,
bb6a3ebfeee24f378f5b58b6a03f0364,0,normal,
ace618ba04bd4ddc87c48e116fe77c1a,0,normal,
a27f6528d33043d580864c0aedbb3bc0,0,normal,
19a653ed168647988f8a7640c1241d12,0,normal,
4741134b401744ce883ddc89e0f32480,0,normal,
cb720d5f68f9441ea31b7dd1e9de36fa,0,normal,
3058ca5a42c144cd97ac4db2afec5233,0,normal,
11b9614036a249e5a8e7f1dbeac1a1bc,0,normal,
752f73668d364d099af1bc7ad2057cd1,0,normal,
0e5bed23935f4b42a9dc2392179095e9,0,normal,
d72ce053ad86415995a199d40568fcfa,0,normal,
fb3b3b1b64974cb58f0acd6770e59453,0,normal,
5f6efa49e1844c339e29293f8059ba26,0,normal,
1f46d28e18ac42f8a728f4f68e6f83a5,0,normal,
76c966f3ddbf427397a6e85e306d0b6c,0,normal,
0976de4f15c5402e82dc5977f802437b,0,normal,
a4846707a1ba4202a8696a996d431e86,0,normal,
216b6c996ba84f21b7b5c1cd07ef49c7,0,normal,
c950d0b303ec4ac09b38b648fce94fbb,0,normal,
73465b11845543cab881456bab448285,0,normal,
1b0e32f495bd455b906b9d23768aa534,0,normal,
2555bfcb1c4147fc820fb917dc178ddd,0,normal,
9d3963ba4d8c49828e95e9442f0980ad,1,structuring,structuring_229
091decfb2c674991b7d9668d806e6af4,0,normal,
bc39e33d13a04e1a982669799566066d,0,normal,
9e515f70cb1d4392aa2caae51d9bc47a,0,normal,
fffc605567664cf89bf47d7cc501fbf2,0,normal,
404071e1c01049928c00b02f7c177afd,0,normal,
0ef17260529f4f1988c605f9cfa5e8a5,0,normal,
f8808ccd69ec4ea78f004c9ddf313c89,0,normal,
9d3c98261c9541e0b20392a45b0ec9cb,0,normal,
7320c837fd0746d5a94c87b580e5e4b9,0,normal,
7dfc81d17d86442b97ac834ad7cd12f1,0,normal,
0d2670bd30b647d69f7dfc4474fb9dc7,0,normal,
11905830358c4f2091587f8faf60b2bb,0,normal,
dd3644c4631741fd81da6b53a72145b4,0,normal,
1ed9e31d2f5f41c8b14697d6c3027330,0,normal,
f276de820eef4ae0badd6ba6a32991d4,0,normal,
77d175a057a94994b10f324036c85569,0,normal,
08698326aff54b8ebe011bcfefeec37e,0,normal,
fed8071c37e242829c34640e712c163f,0,normal,
95baf3f050bf4df8b2b478327e497d5b,0,normal,
8326771eafab4972a88c667f8c8622d8,0,normal,
6cfd4ebe783a45b6bf7bbd5bd5ee7770,0,normal,
a0900253ebaa43f097df3dad8dedcfdb,0,normal,
c0130ef74f8540b7af17d704e73c7841,0,normal,
0184c9815c054ad2a202ad6e740b5d2a,0,normal,
1eafe55a1b2d489fb25a259e796fdd0c,0,normal,
61d8cc1a27b84b4c9b9162eeed45ea05,0,normal,
19e633a586174a9aac327d79e2c35065,0,normal,
1b8f3e5716544b57846198ed128b255a,0,normal,
1a255395de9a4cbba80e7956deea23a8,0,normal,
6e6e65be080140788f459fc12d630b9c,0,normal,
bcbd121b18e64df59a86d45ec314b34f,0,normal,
686ed75fc7244fc89b1d51860a365156,0,normal,
df4a634ab6b6445aa8b2847880a5529a,0,normal,
76094ceb1f354b68bde65a7752f219a5,0,normal,
87d0500a06114690acbe9dccd37bb8f8,0,normal,
29f2cb8fb26a4d42ad96b5aebb781bdb,0,normal,
ede3d3e98f1849848e13aa4cb583e5a1,0,normal,
148d888091124d0a95342b4f23b0bb2e,0,normal,
1d80610d96de42fbb29684e01d1f8b8a,0,normal,
ba470c5ca9394a8db854439676da3093,0,normal,
31c2daff03dc47be945fdbb7ccda21ab,0,normal,
1fff8be54bd4431eb7f4798291f6f041,0,normal,
f5cb7c834ff34aaf8a993bd926db1ae7,0,normal,
4cfe6a49db744cac869909d9057a6ecb,0,normal,
06001c8d0b3b4ef4aea7ed5ded04f076,0,normal,
031b390fa79c4ecc8692c92aa2c1acaa,0,normal,
b336bf5161dd4a4489ec76425041be2f,0,normal,
4f0b40d0365a43aca60f395a9a239300,0,normal,
11ed4adc376a459fa7c50095e9566791,1,ip_hopping,iphop_98
4ce854b7ed3b46f18d4289dea53f4101,1,ip_hopping,iphop_98
c85e8208bb784d3da9673449e0105068,1,ip_hopping,iphop_98
02aea633ab7740c495488c5b1b3c1dec,0,normal,
28152f00fa2a4891acde6ca49728bfa7,1,ip_hopping,iphop_98
ae18ef1db3d94fa2867011b080fed06a,1,ip_hopping,iphop_98
7d3a03d0a36448be861dde3ff19218e9,0,normal,
33ebf2b13f5d4af0a87e4514beec0b40,0,normal,
7ea42d2d07e7496e8cf5bf982351dc16,0,normal,
cc273a7bb5b74505bfff3612e60a7244,0,normal,
bbd98140e57b4f5398a7f174fae9e10c,1,ip_hopping,iphop_98
c8488afad4ca4d9085c438900127a02b,0,normal,
20a72b37315a4e88bb71ca7145267608,0,normal,
0ceb1ccaa7534c97b34156be9d23ce9e,1,ip_hopping,iphop_98
08f0a4cf53d34a37a8fb8799a125e541,0,normal,
ad88757fd8274f22b866eecf9d877bdd,1,ip_hopping,iphop_98
1d9bad8dc5444b74ab4c3bd1e79d7129,0,normal,
e15bbe607d8f40ed8bde57cd385065a8,1,ip_hopping,iphop_98
5bfdfb38ab3145f687599f96897a7699,0,normal,
cec1afe6632b40b4a3d022bac058ea55,1,ip_hopping,iphop_98
3e8985c0a0f7493e8971ff5f14cd6646,0,normal,
9b65b6fee7a745a4bdf0fd6e4733d7f2,0,normal,
bf24a4340a6942b2a97a60c08bc2c053,1,ip_hopping,iphop_98
6f9e851698cc42a49b9768f2ef4b05f6,1,ip_hopping,iphop_98
1e71d696755442deabb7c701035f83ea,1,ip_hopping,iphop_98
4d3bee7a7bcd46e4a447396c3fd008db,1,ip_hopping,iphop_98
95b3331aadff4d5bbc264981f4d3283b,1,ip_hopping,iphop_98
464af7fb8e4c4b0da5b891148b34c213,0,normal,
e03453ae3e3f42839565337538681a7c,0,normal,
0d18fb88d2b6449b9ce1e6648eca1bfb,0,normal,
66d90643a5204f989ffec2db060f389c,0,normal,
4bec5ee8398748bc8da51df69ebae40f,0,normal,
dfb41b412de3434bbad843b624d805f2,0,normal,
ba2e4809431546409441df03cc2e995b,0,normal,
97f12f8a472d4fbebb331ca1eff5e136,0,normal,
987c818d5e684395b9f87588cad4c94c,0,normal,
8ea10eed6cca473788296f59c0785ab7,0,normal,
28ad1b947ede46a79c1aed01bbf95c80,0,normal,
518f5c46016344e695c945f61507fce7,0,normal,
6991130adc8d44a69c028ff3519a722c,0,normal,
795059c5f7324e8da6504faeaea1678d,0,normal,
124012c8dafe4c0f96d1516c0e2544bf,0,normal,
7c6492996a5444c98d4c67539c453ae7,0,normal,
9c026da7610f49a5901fa9d68f7c7c2e,0,normal,
01c331e3c37e4abdb119d77c1d22049b,0,normal,
1a17624104fa4465b3ec5ae7a30e883b,0,normal,
278a994b057943b2a59c837aaff650a5,0,normal,
8763353754ec490084ff380780f9e610,0,normal,
e65b39f01bd64c5bbfb461dcb5776d85,0,normal,
7637cacc3fad4b4b94292f76b57c23a4,0,normal,
894acf8d2bd2410285e96154b86eeeb7,0,normal,
317fe044102847e9a2484cde7be6e4e0,0,normal,
8b2807910cd648168b68457af666ffbf,0,normal,
04d34d400a324950a0d1ecf42d6bfda4,0,normal,
772fe0b43c3245a6a94b6375a0a3e0f6,0,normal,
7478b5a1eb534ba48a23cfbd59b1891d,0,normal,
8e41d306f1474189a7d83f4293b0de0d,0,normal,
0d4793c2a4004a4f90dc5ecbc921c3f5,0,normal,
3a17058ce18b4533a075908c99ec06d9,0,normal,
4e25aa8593d04fdd87f1e98097c319e1,0,normal,
ce4094dd4d014969b0ea69ca7e798798,0,normal,
e384ee7b559443dea680e8a5a41bd641,0,normal,
1cf89f5d4a9646b2a61ea19fc9bab397,0,normal,
3e488383234f465d9f39580656c57e06,1,structuring,structuring_229
dce46941558a4a31a0337e6971d9cc4f,0,normal,
4732b44cceea4fe5b08b4611d8ff3521,0,normal,
dbbcabcf354545d8b9352f5d588cf119,0,normal,
1393459ecb55442db343267adf34aeae,0,normal,
4e41d48f21664831aecaf73b7739466c,0,normal,
9f49c940b8b3471cb0beddcf74d71d6e,0,normal,
0210820522b143efbbc7c0bc8ac45a95,0,normal,
1c82382cadb74c0aadffab38c89db361,0,normal,
7d868037dfc84f09a66438372e4e5e27,0,normal,
0dd5351843a84ddebc2533a602f2c5bd,0,normal,
6219a3cc2af04ab9918c9041557f1167,0,normal,
adc4a264f95945798727e506bd403ba8,0,normal,
44451bb0d49d4c109696e5a41797d031,0,normal,
2594cad775074fb2975383e27f3e6541,0,normal,
1a249551806f4a009e6d2c208f1467b4,0,normal,
dfccc76c1d4f41c094248a06d6a2d0cd,0,normal,
11dffc34b5654f63b4a365a80043a23c,0,normal,
d159d48e1d59400394e040a4470093ef,0,normal,
e1c5f9c153824d8abcf0e63738c44f99,0,normal,
0041121beea44879b9a6275b7699d544,0,normal,
8f3907ae624f4ae8abd4acd8469ce4cf,0,normal,
6ee0902c0fa64eb1a6619405f883d75c,0,normal,
dc5f353313444958a473c2d42c2d2c03,0,normal,
d3034960ee3a4a98ac3ddf45e648d2d9,0,normal,
c039fa69e1184511b1ffb3b0abbf7dfb,0,normal,
aae5d401ae8545e4ac1cd1f9b6c7f986,0,normal,
bc59236e705e456bae2809a1ebaf3df9,0,normal,
74d81015fe2f43719d6f198238afe7cc,0,normal,
65687b3ecd284b22b66333a1c6cfaecb,0,normal,
ad4ee320c53044088c4b2663f390b37f,0,normal,
7b4a8173df7544d986aea4a60019c26d,0,normal,
3a56d833e37246cfac3678738f4db283,0,normal,
98944b88fab24bab869d7ee5718c4ad7,0,normal,
edfd7d14cc9842e2849b2d52313947d5,0,normal,
7eba15e528d84d77b730dd4575eafc00,0,normal,
b9eb8e8768864ba5980e507c6490e82d,0,normal,
562e01f4e46349e2b5da0d8017d5be6d,0,normal,
4240c4f9db0b47b995e471efc62457db,0,normal,
0a3a43e9d0de4ea59f156669ce76c579,0,normal,
9fbdb335d0e24ab0b89f5ee10efead60,0,normal,
9f72fd9492b5483ebf6bfeaebf269d83,0,normal,
8fbd3620214e4d8dbd9b3e066588a87d,0,normal,
3add90c5f3a242cd84a62ad3491e241e,0,normal,
b6a9892366ee4ba590e7d3300263bed0,0,normal,
b0b49689cb1b4b659fc3e69d9cfbdc9f,0,normal,
16397c6856354b2c9516dc6f8ebd490b,0,normal,
1c24347c50ab4e72af5cdd69bc2cf811,0,normal,
ce0ff7db05a5472dbe80f18d963ef1ea,0,normal,
539bde817cf54bf58d35a8b80d51b3c4,0,normal,
db003ef87c204fe8a5863c7d814de8e8,0,normal,
a2c21c60fa384b27812c9dc4bd4633c4,0,normal,
e8b5f84a713e4ec6a1ebf5be8a2b2e76,0,normal,
7893fca469524d49b8368244015bf23e,0,normal,
f45e1f24bd204c6c9352fe1fa9244364,0,normal,
442d1a9c849e42a6b5719f8199dae6ff,0,normal,
ff0ee886309949229db15d5e0d0b3eea,0,normal,
5923da4c0fb442c5ba066b081915b541,0,normal,
fa2adffc06c14136a3714a3ec6d5c833,0,normal,
b6e8c4b9ca964131b91f6964769e08c7,0,normal,
6783a577b0c54c3088e3c9197db45e0b,0,normal,
18534c57c841462199a9eadd816e87f8,0,normal,
d2f7cdb10c4d46f8ae7ace2172696278,0,normal,
c6503f0ad749478c98515f2e27056e4e,0,normal,
11f147150d1549a98eb20fa76216365e,0,normal,
26d10b8ee8f046f0bb97d071649ca844,0,normal,
da3f9b790c334770a6ee7b6da4ab2d96,1,structuring,structuring_229
3351f123e81e429baa7b4fad52064b55,0,normal,
1c689aa9892b46e6bb4548870a55a6d7,1,fan_out_mixer,mixer_399_fanin
6df685a6db584a29a33ae329b6661792,0,normal,
7d613369b84545f09368ac88163fd996,0,normal,
068fe6027a184e7f8a6fa0dc00911c3a,1,fan_out_mixer,mixer_399_fanout0
448dfb9029ca43859bdad5e41aa226ff,1,fan_out_mixer,mixer_399_fanout1
aed775aaa0cc4f03999a1f4ca8b89e9a,1,fan_out_mixer,mixer_399_fanout2
c111bc1b0533472caf5771c426800074,1,fan_out_mixer,mixer_399_fanout3
af7525c194984efcba4ccb1b7dfa76f7,1,fan_out_mixer,mixer_399_fanout4
51b7daccf8954405818579eec12eaaba,1,fan_out_mixer,mixer_399_fanout5
5a39047502c1470badb3d0c1d922adc5,1,fan_out_mixer,mixer_399_fanout6
5107445b46a84f558580f35b635088d9,1,fan_out_mixer,mixer_399_fanout7
b6574325653f4095a08291169f96bdc4,1,fan_out_mixer,mixer_399_fanout8
701c4fadbfd34c2897a3074bdf863e53,1,fan_out_mixer,mixer_399_fanout9
751e699395fd4c8784b65c3535bd1ad9,1,fan_out_mixer,mixer_399_fanout10
5a09344a92624ca2999caa3fe8182e1f,1,fan_out_mixer,mixer_399_fanout11
1d4467b4d1a644c5b7ebbcc548e01026,1,fan_out_mixer,mixer_399_fanout12
710814e7cf0345eb84109f9b96d08b4d,1,fan_out_mixer,mixer_399_fanout13
04a57e3642cb48cda77d834314245f70,1,fan_out_mixer,mixer_399_fanout14
9fc57adff05648788f7c0046560cc1f6,1,fan_out_mixer,mixer_399_fanout15
a520296783e44147a104580ac1ff7bdb,0,normal,
edf30c7bd6084ff2806892c00be88ce8,1,fan_out_mixer,mixer_399_fanout16
67370e2bb0eb46a79cfc15fa999cb026,1,fan_out_mixer,mixer_399_fanout17
f34a28fd35d844fe9c13020c42d32e39,1,fan_out_mixer,mixer_399_fanout18
d6a365c6216a44a1b2f9546cf6cc7f3b,1,fan_out_mixer,mixer_399_fanout19
44cb0f9ba3c1467f833f5da7d3cd169d,1,fan_out_mixer,mixer_399_fanout20
69439ade521a40298a3d224790b90cff,1,fan_out_mixer,mixer_399_fanout21
0ef37acdc6f243e1b44dd9d3d39a11e5,1,fan_out_mixer,mixer_399_fanout22
f0e4f13c38494d4286fbde37484aaf97,1,fan_out_mixer,mixer_399_fanout23
68373447073649a8885abdaa80c9cb09,1,fan_out_mixer,mixer_399_fanout24
7997121872de42d29ec34986fc0d3abe,0,normal,
90657a29fc734b2980e2a6eb273d45a3,0,normal,
1d977583d3c24e73be2fe63729601ec4,0,normal,
7951b08d5f344389bebdf675769d2140,0,normal,
f25f13973f0342ee8bebdea26a37b7ba,0,normal,
2e6e5a5701144ae38cc8d0aca4064fe3,0,normal,
6b38d312b1054a15a3ce9dd9b5656d3c,0,normal,
3bb06e6e5afd4b8cab2571418717a2c8,0,normal,
afea540fbd874554bf40f746b9977ae5,0,normal,
8c9a735355b74eccb84b84687dd0a35a,0,normal,
9fd6cc66be514e4c963b63634ac85dfa,0,normal,
4bddb327dfd9414b8317a721623e93e5,0,normal,
6a431f6304a548cda446bdb30bb563df,0,normal,
a2a48cbdea4c4c008e8577d5a63b9038,0,normal,
46f4dcb1a87347b78d30288454d8b15a,0,normal,
09814629313e453e92b1789af0fd38d1,0,normal,
b0fca33fb1734ba6a97e3d51746968c2,0,normal,
ab1fe87d711f471fb1ca009f486f624e,1,structuring,structuring_229
bd9c9c6c24fc41919863b4c5119a591f,0,normal,
aa6aa4aa877149daa849fb5197022c60,0,normal,
e873902a96ba45b29889d8a25e7fc74d,0,normal,
97a4cc0dc58a44888ff65770408a061a,0,normal,
c0c75925691b4f29b67d9083b78e87f2,0,normal,
b849cc7f71f4420780d2be940544bf95,0,normal,
d5f0487ca7af40338c6d1bd503f830f5,0,normal,
d9bd8986515b45a1ba7cfd26ff32247f,0,normal,
ab209f2da8e74cfdba213af976376ee9,0,normal,
42e1b917eeb3413ea9bad17cb257ac80,0,normal,
8217ea4992ba46e684c17db76036b067,0,normal,
ae66cb7061c94375ae0a817c18145307,0,normal,
4a5e0d35536548c7a15224a3846452a3,0,normal,
e1364619d2f046a38695ad382423a196,0,normal,
7a19bd29e238472789545cf11bbf675d,0,normal,
1054324a79ac4e68929ae73f8ab81fc4,0,normal,
a481f53a9aa94468b2be949574a24b2e,0,normal,
a6ef528a27ba4d6783cb359849f336b1,0,normal,
1f70427927a546f3967c68fef03cb885,0,normal,
94bb58e5ea114018aa1bf5b9cd67ed5f,0,normal,
98bf04c644a843bc8f308914baac75bf,0,normal,
856702122ecd4a11b21bac12e96d607b,0,normal,
6226d96325144e56bae5dea30f684ae4,0,normal,
f0759ed418244b6ebc3f00181784b86a,0,normal,
1aaac132ac45405d968d8f3510771153,0,normal,
e8010ceb9b554b09b3cab0179b76c57c,0,normal,
4a18869502df44178c2f05c137370ce3,0,normal,
a9432cf9874b4c028aaa2da453cda2fe,0,normal,
7b5a2226dfc64d75b38b55dfc6c4c346,1,structuring,structuring_229
61a93aa236dc4c87b22cd5ea10e0f12b,0,normal,
4bbffffe191c4bd58fdb038d43ac9077,0,normal,
f3c52dfaa9f942e58649a4768ab70181,0,normal,
55d31a15ff464c58a8b88bf2fa09d0ea,0,normal,
8daf902977c24043895a4d095ba856a0,0,normal,
9acbfabf0384475784f70943bd6dda38,0,normal,
b83484ee0ad34af4913ffb75a1062bb8,0,normal,
24207bc108ec469ea0f53f8e51a08ec1,0,normal,
9c99757c2ce9481e818ff58fb716856c,0,normal,
2a79546ef08441a99c3446a73e3e1333,0,normal,
8c68237639f44e258613a872f07f80aa,0,normal,
b19d25bf41c5493f9a91d985e29c3b89,0,normal,
0e474a548d0a4ce4a277b9778605416a,0,normal,
7a9dc6a9a1f0419db0d60d39440009d6,0,normal,
fed3aa14620540acbbe061b7628325f4,0,normal,
53fc9b96fb9246399cd3961030e8a9f5,0,normal,
2c0ab1f12aec413bb5c1a77ae76d6069,0,normal,
46608de94c634ffd8758571c3acde955,0,normal,
81d67267e10f40e6bfb1473613b0029e,0,normal,
d0ff6d9945d94c67bab3003afa41c67b,0,normal,
e7961ace101043219c675ce74007ccd6,0,normal,
5be6edf0f9ed402684f8fb3faa9676c8,0,normal,
968f29857dc74eb4826a3679ccbffd63,0,normal,
7579fd41c66e4158b9f31c6afa0e0fae,0,normal,
aece0a5fe7344e6c943ba8e3f781dda1,0,normal,
0090bcf554cd443ea59aec746972d395,0,normal,
fa847a501eaf41f3a0e82d2efbea7ac6,0,normal,
3b9d584546d84dc5ba09fb49413984ab,0,normal,
7673945274a3419c95b9b47197194b87,0,normal,
9c0ad0eb74264d73a7577fc584636008,0,normal,
1b282d7ff9fc48b4a34954a16040759e,0,normal,
13050206261c4657b0c2eac5a37a5665,0,normal,
6fe3299a6aaf438896d4c9ed8bb1dd62,0,normal,
0e603fcb214b45ee96fc0ffd278171d5,0,normal,
e5f95ec6faa24c3c8674e375df817e96,0,normal,
e0a124a49bb44e42824a3f512a9d4a9f,0,normal,
794c789a76bb44b7918f15b2cf02c01c,0,normal,
b7f0be9ea2424457aa14e969a20cec02,0,normal,
ee21b5f1703e4c1e92e7d3b6f4088201,0,normal,
8ff5d1df3efe49c18668b530da28c138,0,normal,
50c7f903c3c04d66b94c75492d98273c,0,normal,
54446ad4e9024c668632a7a3ea754447,0,normal,
f61ab5c0a21040f99137cf2c52e3d35e,0,normal,
e6e871902dd6484aa30e93d961105fa6,0,normal,
b2f8af9d59424ffdaa2d5fff22fb1856,0,normal,
8fe86e795da343ac96f55cfd1bc458c9,0,normal,
3f50db891be1431b89f592e0aa724320,0,normal,
ebcc31b1a0ad4a08a0c5127d8d0be7da,0,normal,
4910cafea4b44e0687248615bbb5433f,0,normal,
63765e1ab78746c6b948274a56e80e49,0,normal,
28e23f677ec644c79548a056570caf49,0,normal,
050bec26497d422782b1d5f55af9d2bf,0,normal,
1347a84694f64156bf26a543c41d5a66,0,normal,
e355aaf111894690b7a57d5c7dfb4f6e,0,normal,
f725941ebfaa4549938cdd1e8878ab0d,0,normal,
5151e5158f6d40e3845ade7f8315e8cd,0,normal,
86d5750d72dd4b76948dbc569d8aae2d,0,normal,
4023254f255c4d7a94b5c97a11dbe1e6,0,normal,
7f248d32e8054bf9adf2d2cc8b520153,0,normal,
fada13cad95f4dc697d547d3ab5a8ed9,0,normal,
43ea6e24d6c5475dbca9b0baa82791aa,0,normal,
6dc391ceccfa4d64877dfe13ae9f1067,0,normal,
8c1b2b30ac124a0d9457f5be558b1324,0,normal,
70bf4ca33cc64ad8bcdbb5c6670584c6,0,normal,
f4d9827252024a04875e6f0c968e1177,0,normal,
6d3a013ef64c41998c705766b6686a94,0,normal,
a39c3dd51ff749cb913f99fca54c2dfe,0,normal,
60920858d80a42e5b6db9d421c473007,0,normal,
af01e70cc1e14c9784c1c4deab22f3c1,0,normal,
52c64e50b9ac4b23af0c5d2aa92c34e8,0,normal,
cd601b29bbe548c8978542b2211556da,0,normal,
70713c81343945a4bf75ea7e3d749fb6,0,normal,
e64a9797a5744b0a9d0d33d9df30019f,0,normal,
5b9862704fbf40c89e83f1cffe82fc8b,0,normal,
9b65b4481a9442c4baab7c1709d2b77b,0,normal,
ffbc8db398bb4df2987f381bc45c3499,0,normal,
1feba14dc58f40f7a759f22a93121713,0,normal,
c80fc795503a4d3190769caf1bbd3b5b,0,normal,
dce05ed764c64753bd09fb54392a5f16,0,normal,
d778c2cd3740473d8c2d9fc0b24adab5,0,normal,
849bb593995542c399777d932666f2d1,0,normal,
5265062c7c6641ff952c94bd14a051e0,0,normal,
c996bc80a5ac40078f13bed8e6604e47,0,normal,
47b6dfd297774068833a293c4894fc66,0,normal,
142e48e7d0564958bfde326a16c4b2ce,0,normal,
fe5c0c880cf84cc4b718d376cb44acde,0,normal,
16deedb2204b4ff59cf6986a14a187a1,0,normal,
76983fcf371d450eb0b0bcfd68d5b167,0,normal,
6e1d3aa3d9ab49a6991afd114c8b8b56,0,normal,
294c664c7c734b5888201ebb8c50b76d,0,normal,
86daee1c400a46759eb422de6cc5d50d,0,normal,
9c4a17cbd25a4bacb23240e102853064,0,normal,
5e0a27a43d9c42f0a2b0646ba464016f,0,normal,
70d532e618bf4512b57ea61e13d774a0,0,normal,
f8ea6bf673584b1085fd0fb99ea67a6a,0,normal,
41a2c4d17ed047e68a3e25702ab38046,0,normal,
62285bf107cf48f99984c69de53f9a5e,0,normal,
4657324de80749e09e6c4a2ca7aedc88,0,normal,
44696127ecb84dfd8754ecb51022ae1a,0,normal,
d380bd1072e74c3d928076002107f44a,0,normal,
2e9b8d57c74248749dbed641156478ae,0,normal,
8a508d84da4b403f9f03248f73f9423f,0,normal,
b6aa2251402543f580f747cc9af1c8ab,0,normal,
66d85fa07af241fbbe2fd7f15df9bb89,0,normal,
db33be1a01da44bb9f66a7dcaf3f2579,0,normal,
339b5de916e14926b7a42b0f27bcdccd,0,normal,
c254e7c522294e448885622c8607c97c,0,normal,
7889307210ea47928d99bbfc3c5a4de1,0,normal,
167531e9d18a4d04ac5ce658d7826d5a,0,normal,
892d867689314ebf92e3d5293e067ea5,0,normal,
e3f8dad2318c47db9a9446da31c9bc70,0,normal,
ebc2381b68d44234bf7c4b1df4ca732a,0,normal,
151a3ce718b8403980cdd81bfb91abcf,0,normal,
cbcaca6e41aa473ba67ec372d405ac8c,0,normal,
8ddf2dff10f143929030deae4b7cdf70,0,normal,
44dbf14830344c60a0d3dbafbe89d0eb,0,normal,
773f0eeb699c4a35b9648b5bf1882868,0,normal,
0d9d4b36dc5c47fa96e16f8d480d8bf3,0,normal,
6f832169e2aa4667a94365327ec91947,0,normal,
ea390a91a1284148b438743fa1ce22f3,0,normal,
208c4f94c9484920a94dd20d3eb1098c,0,normal,
85b8496bae2d422184ed09254604a997,0,normal,
81d63902508a477b8cc458b18229d61c,0,normal,
76adbc0676c641a49273a48f3c9ba0b1,0,normal,
0234d422779a44babd370d7cc8f6cf00,0,normal,
d4467a2a81c54293a0184fba47020cca,0,normal,
81913c6f69674b31b5089b8a9937165f,0,normal,
2d48da37e8054e43a94f5c0e4920162e,0,normal,
9c60b43e44634d0d93b14b976b40f13a,0,normal,
48f95c26385142b49626797681aeb2e2,0,normal,
6aae694f249546c4ac1fc7b280500103,0,normal,
3af469084dc04d20bc5b42100a972da6,0,normal,
d658c96616e94feb864c0466bdc37d46,0,normal,
2e032233d1164d8ea07a5c9e7a51b21c,0,normal,
9050fc1c8d894f82b0591220d2d0c2b0,0,normal,
0a92ea3840e04906a089f5a766380a32,0,normal,
d0da8d97566943b99636ffb4731d04ca,0,normal,
ef38c63e752d45479272bca24e60c2cb,0,normal,
fd774c147f3f44cdb7abe02e85fa1281,0,normal,
f0784e00dd8f41b893b495d2f6dcc2ce,0,normal,
3409468d882c4139bd94eed6d7e3b3bf,0,normal,
5112368b0c4143db9d270d5b088f85d4,0,normal,
8eede6dbc20e4eba960b3f4d4932b6de,0,normal,
bc57ac1e3e564479ba93cf7e5eafcbe4,0,normal,
dc46fd1d689344c79131b172efb582e5,0,normal,
16ad5d291c7145b4958a829fb75a5685,0,normal,
f66a9a29f91e426eab465284399a19fc,0,normal,
47b7a248daab4871839c734a65633903,0,normal,
c86b2627244f4b899d5a1ae247e51a62,0,normal,
3ac7eb5d7e57459fb318b58238d0e04b,1,structuring,structuring_229
3c919fffd3584cf88bd9849624fa9d31,0,normal,
e860f0dc86794a12ae4d3c76891c44ac,0,normal,
7ef0b207bd5343d59165a667f676b458,0,normal,
f949e1f1aee94da69db40a6506ed3347,0,normal,
14bc1bbf2c324a4a8a12c96a8c4526cc,0,normal,
2912a972b69a4181a1f052787e64ef37,0,normal,
6b3fb72e827d41a68166b513f9d8a46c,0,normal,
165c514e1f834b3cb496aeac0d08f0c8,0,normal,
b5ae789f2b28430fbf3d8531c4e98302,0,normal,
e6832eed6e9246c8811ea3807ba02297,0,normal,
4af048a4ff2b43198fc3e08f6ebe001f,0,normal,
564b2db3968c4ac7868c35363eab2c4c,0,normal,
edc8205708d6402eaf2e0df936feeb5f,0,normal,
73b2be86e09e4165b32e3c45fe4f5ed4,0,normal,
aa27877001f8444e9d3344cefdfe8b55,0,normal,
58bf0c2cb0904621a4bc1df5a57a73dd,0,normal,
8781c57f423c4b868fee67d32eba553f,0,normal,
4152ad2bb3cf47d28cb8296663656dc8,0,normal,
5212cca9ee3e4ffc8a54e2835cf28730,0,normal,
54b2f4cbbf3b48d886a59ee90474d268,0,normal,
b26e70a28e7d4dbbaa0afe201c712fab,0,normal,
ef511dc5cb984e398d34fb8efd981788,0,normal,
23bab984846f4e7198eed5bfca9b3dd7,0,normal,
32d9ce839a8949aca8a2ffe61f4b25f6,0,normal,
666803fd3f6b4585a7662bfe1dccd841,0,normal,
803d01aed8b0411682189e01910a0e43,0,normal,
896bff6fa4a9472eb5dc8d99d55a778d,0,normal,
e62a6fe8d960442ebd3fccf6717d894d,0,normal,
6ae1708bc739474cb34675ee1f65640f,0,normal,
29a7b90361d24cba80b050b94631963a,0,normal,
50de8f93612f45ecb3e062e8b9285976,0,normal,
3f1771ad65fa465788b024219b726a33,0,normal,
929360ec5db84cf18898db1aefa2e3c8,0,normal,
1ff45299781444489c52a662c44ea57c,0,normal,
a8d9e3a9ab1642039b85f5c0277e2ed6,0,normal,
4ccfad5f96664326b6fb3df632ecb9af,0,normal,
b593a4e54bd34f7e96e07189fafbd958,0,normal,
cf86494a420a483db4c835f752af3a05,0,normal,
8af7bbd87f404e2892675a701ebcf218,0,normal,
96802ed647f642129ba7e8f73b686aa0,0,normal,
082afa39813b4ef9903d0fb20c0f4f49,0,normal,
dab3c0e6af574142a4c066995e59744c,0,normal,
7be89ac0b81440f69860a90ead6a3a4d,0,normal,
8e2e06a80d6a408c94ed2b0ed1c333bd,0,normal,
77a6e7ce55f34e459bec0bf272c1b136,0,normal,
8190b23d61c14ba9a753ea012e2dafc9,0,normal,
2fd29dee47674070a1b128805eae5eee,0,normal,
518c6434899d4373b4cc984fe4bcb920,0,normal,
b26059a7c8da46eb9c6d004ad29dd953,0,normal,
42fd339907bc4c84804677207f1199c1,0,normal,
1c4b5a40109145a1b8a134e79c579821,0,normal,
b74588f03037421faf4b0aa9f2290cf0,0,normal,
a221d6db9b5b4479847759f361d97e50,0,normal,
89986bdbec3648bf98dc6aa5424cf194,0,normal,
ec41ba5ba79a4aeca51c1eb462ec67ef,0,normal,
d00f6ca0510f43ecb252bffe43c43d5c,0,normal,
7c8c7b2603b844d0b128228d12fefe94,0,normal,
19e07780429f4092afd04c3cdf44f5c0,0,normal,
c25c6be99331472f841908004e37a7d1,0,normal,
a535f0d996d841cea002f8a599ea9972,0,normal,
959a12d3d56f440a9d53baf8157f4ff0,0,normal,
93166c11aa6c4e388f7bce1a72b0b6a7,1,structuring,structuring_229
97ba13476fde4b30a301f08e67d08030,0,normal,
dd15bf3ac382426fa667c4d59ef1daa9,0,normal,
f8ac7e54383342d4897c8a89eb80df92,0,normal,
425dea4a3e054842875797005a5a5b40,0,normal,
e3c68646fee4444fb23ab760df5b0f48,0,normal,
8fe909ac22754a86b80da2e1297cd4c4,0,normal,
d571dd0e56114aeb9f1d66256f5f83fe,0,normal,
a8007ddb44104ce4ad2634ab0200abe3,0,normal,
a5b70b3a6b7d420185a70b3cb54c6ea2,0,normal,
da107fbb4d524e0fa901c78655ea9fdd,0,normal,
e024934fc598432aa454a4c042fe4741,0,normal,
b6f7a25b74de47ec8a4ec9af9129f634,0,normal,
f5f97855440a4352918e656e8b2b279a,0,normal,
e0a6950998ec4e7b83c73546e5d6bac9,0,normal,
22aaeb69c8a04c46a8d0c1be64514bde,0,normal,
aa8d15dc62f046dc9cc8b26482da1613,0,normal,
85f1ab140dea455ea9c8075038184725,0,normal,
10ec21378fef41df84332d021c85be19,0,normal,
1d433209fd014da28731fa49827670bb,0,normal,
646c347f36b342779c632d4545103aa2,1,structuring,structuring_229
73a5c1aa27df4ee4b66e056d7475df3e,0,normal,
8537469ca68b4a2e8b8fb467f139e326,0,normal,
474384d4bb4d4159b0ff126fc0548882,0,normal,
b3c0540f0ea04e1ea591362351b57042,0,normal,
04bb4839a0f945c3814fa5bb7bf61693,0,normal,
6f5f6b4e2e83430fbe2e0bdd534fe47e,0,normal,
88d2cd61e4374d939cd5f3d757a0acb1,0,normal,
0d7e09e588de4314a007b5e4fa9de265,0,normal,
1e96f79161ae401b8624f40c87f7040b,0,normal,
de5990b727124452a53fe107e97e4aab,0,normal,
51d27361399342cb860d78457d22daf5,0,normal,
85becd2c9bd34a8480bc4b27664f1ee1,0,normal,
d32fe8add434427684cecf58386d3672,0,normal,
7ee78b9773fb4959bfb7086ebc52a90b,0,normal,
dd16f7a955e84b6faee02dd6b0a9f26e,0,normal,
3b2ba48ee6ce4a23984b658733434448,0,normal,
ebe87db207f24c679f4da470e2b3ca39,0,normal,
138ccb6a39bd4972b4ed6476b08e49e5,0,normal,
1ea4ebf83a384995a8d08500f1c43cb3,0,normal,
653d4d4eb4fe4470a46313b3a67fe792,0,normal,
37d0e7d1788740478d08081884fc20fd,0,normal,
1553481cd497414dac3409d4f3445e58,0,normal,
e6ed630e077b481da14b960ad1e762c8,0,normal,
cb8e0ff317d148e1812d664e35d15692,0,normal,
cdf95251f51749aab324e5ed541bdb09,0,normal,
d2226587d2ec4f859609d3fe4e91f1aa,0,normal,
55ffecb5884645db958b4f5b7139c4fe,0,normal,
a03adedb79704cae89b2fa65dccf3a32,0,normal,
a51a7f5dff004a96862d7e37951a49f4,1,wallet_reuse_burst,burst_155
81c54c17fa714293b0e41e88a2e155a9,1,wallet_reuse_burst,burst_155
bc38e7f208674909b64751091094c6af,1,wallet_reuse_burst,burst_155
bcb053fb0262411cb90b9e98e121231f,1,wallet_reuse_burst,burst_155
8af51144a3514cd89a2f3c71ed5f6bb3,1,wallet_reuse_burst,burst_155
f75fbb6549884ac7970b05de6f3f9e99,1,wallet_reuse_burst,burst_155
09246a4028f347b184c2a6dcaade9315,1,wallet_reuse_burst,burst_155
ba245e3e2ad545ad8c7462f7868ab16a,1,wallet_reuse_burst,burst_155
098a0669783f4a3992d6d92d4d0a5437,1,wallet_reuse_burst,burst_155
4a86b9142ecd4a9abdc7eaf5ddd94607,1,wallet_reuse_burst,burst_155
518193e70544492d91942d18e6ee34e7,1,wallet_reuse_burst,burst_155
701d8f786cc74bcdaf4586009022c7c9,1,wallet_reuse_burst,burst_155
c11e57b231a2420089b414db3e757b5e,1,wallet_reuse_burst,burst_155
d122cad20f9e40f39c56df263dfd2ab0,1,wallet_reuse_burst,burst_155
3f51fbdf410142598ea4c4b6c0fca99b,1,wallet_reuse_burst,burst_155
402ad0cd5cb2496fa15b3fef86484638,1,wallet_reuse_burst,burst_155
bc9aba8835e2414ca2cd9e995843e6a6,1,wallet_reuse_burst,burst_155
41452e19cb104bdda637ea9edbf0c979,1,wallet_reuse_burst,burst_155
d3a1801a2a5c40859fa6d55f5d023fee,1,wallet_reuse_burst,burst_155
2c3de37241f04e8796f7dbbb9d4b5d2d,1,wallet_reuse_burst,burst_155
53a692d8253e4ddfbb0314c9c310a997,1,wallet_reuse_burst,burst_155
03a7ef0c5e9a417fb07ee0dfbba4d008,1,wallet_reuse_burst,burst_155
a2ac24bb29df4a628586ac9497242d5b,1,wallet_reuse_burst,burst_155
49ba3848f85e4241b6ed7c6b9c79ee89,1,wallet_reuse_burst,burst_155
324d81025fba4025829c56c8051341a5,1,wallet_reuse_burst,burst_155
03fe10eab7fd4215bf779fcd0437f9f1,1,wallet_reuse_burst,burst_155
ca058ce3a8444b11857341ce6c0184a8,1,wallet_reuse_burst,burst_155
ed063a56653c4171a86a467b59c3e181,1,wallet_reuse_burst,burst_155
aa0c0cd39b8a4b938b615154c84d42cd,1,wallet_reuse_burst,burst_155
8daa4d7df20d4caea480225833157e6b,0,normal,
e6703b916b18434ebeeff4613aa936d3,1,wallet_reuse_burst,burst_155
74f96eb4432344888cdc9b34b55f8842,0,normal,
430d6b9e05b04dcfa9f4bc3d268a6f0c,0,normal,
0cdd62e635f540839c0e2b59eee35d26,0,normal,
4856ee15641e47c8aeb3482cc00d9944,0,normal,
1645a1e0ee4e4e0b8c4174e6ebe82304,0,normal,
8db7cba0c491471c9a5cd0e8d4033da4,0,normal,
9d207ac960ec4de6bb0cbd2ba8e73ad7,0,normal,
c36345c4304f451a8ad7076318370b4a,0,normal,
2665547823b44d50bb5d93d9bad2a521,0,normal,
29c19ca1dfa64ecdbb9880884a475585,0,normal,
c8c27fec9ab94b4f987aba7c7a40be92,0,normal,
418110a68ad746f99d8556bf70c627dd,0,normal,
d9c53910acfa4cb39745f660c5e248ba,0,normal,
33d291da294541f99c3d0d91c48ae922,0,normal,
d9af42e9b6754f6fae75d493e0841137,0,normal,
f6c40c0b44fd46aa9b5ad93929badb37,0,normal,
95960d32986a40a5b4cc652ccde630d6,0,normal,
e5f540f4c0874a67a21403c0853ad920,0,normal,
f88eec8d799c46c6b9de3799f9344173,0,normal,
5f799afa46dd483f9b9d071426f73944,0,normal,
a93536cb591b4d9ea92e1ac479635527,0,normal,
b72a3e65fc784a52a93f6cb94c28e427,0,normal,
c4c23217453941619052f8f277c0d246,0,normal,
ecf6f462ea0345c5bcf0e796eff3d7a8,0,normal,
ca6af534d84044e187037b346fdf4b4c,0,normal,
97c3b25ca1724e69bd32588ed55b84e1,0,normal,
961e1db158574e4ba65eeb5a5eebdd20,0,normal,
883ddfe1d85d4a84b00aa2d513b77587,0,normal,
5c72fa527eda4a968a108c0d71368b7f,0,normal,
82995131b92f44228c2f37d3955bba0b,0,normal,
57e9dde213834d31860ef1e1caf7c594,0,normal,
98d14e4b9c804121ae55a04b245429d8,0,normal,
e38bb266218747d0afffe7b3aba15f94,0,normal,
102da3d4903645589760f426f3757c12,0,normal,
fac1cd7cd14c48f5a10e7f74c00609e2,0,normal,
d36a26f97d9d4ff7a736e11bb988e48a,0,normal,
34ff5ae14ecf4f6ebdce101fbcbbb319,0,normal,
841c792c04a045a7b6075425b7892626,0,normal,
98618f5cd9db4413bbdf43d36829f4ce,0,normal,
ab4150e681ea49a59f464b4d6f968eac,0,normal,
172ce094bc3747e381edf952bb47c27d,0,normal,
c907ffe0ad3449f191979465096a2a34,0,normal,
ab0924bbaeba4f5fa7f129e295624089,0,normal,
e94cd625a8724156ac17a0946fcda720,0,normal,
4337546050b94c93aacfd3070c6f76bf,0,normal,
97b9d509257f4334ba41534557a331f1,0,normal,
e0215cee29214a538942783deb21f7ed,0,normal,
b49c7c73c1644e74b399743666bb3510,0,normal,
7393e3c279904599b4065b8afea71251,1,structuring,structuring_229
f65c2b50b93d4de6849b93034dde8fc8,0,normal,
aa786390e5be49a181237c7dba8b208c,0,normal,
145991e0d3354b7684846ecaf6b8d5e8,0,normal,
0bd5b7f6a56e4bd89d9a647a583b6e67,0,normal,
1a6ea09278ac43f7bf832c7d6fb0cf2b,0,normal,
7199aa6cb4014fba92a622fa10a4f6f2,0,normal,
e64a8028b6bc4a7f90e7de1438a6505a,0,normal,
e83120cf76c54dac83d2fd220fffdb87,0,normal,
8b87be57fcb8498cb2911bd8a703bf99,0,normal,
e2c13474146b44e89137976c1d75c4e8,0,normal,
2f708193cd9145c0afbeb3b7ca0fbbc0,0,normal,
35d15a7c49034629bcf3d616d72cf7ba,0,normal,
34a46508ab0446e2baabd038cde56d29,0,normal,
975629a6142a479b93271ee02977dfad,0,normal,
2f6127b01d97403a879a53186d88d6b0,0,normal,
81e268dc84384c4a8987451c8fd0012a,0,normal,
7d9a6df0e6c1407499ca62dc848605f2,0,normal,
90f78f544d04400bbb01c2a082dddb53,0,normal,
d90e2213785a4634817cc1df78d1fb35,0,normal,
43ae25e6eeff41eb8b9df32a6f14ffd9,0,normal,
d00d3dc3d86b467b849c814d818ac868,0,normal,
0f9cca6a89184e359a7b9231a117088d,0,normal,
c08eedbcfb6e4a869a4dc3f6329a832c,0,normal,
0df967b6bd1140a2a5addd689321ee07,0,normal,
a00e880b46b946fe922472974a031713,0,normal,
ea8b4b66f9bb4929a8b26e206de21d4a,0,normal,
8452a16fde164c6e92fad209be810c07,0,normal,
83400aeb883849388b0e43e0bfcffa49,0,normal,
3c0a5dd2471945e18e1b726801f92bd4,0,normal,
5b80f5d6c1e44478b82e05aaa1e68afa,0,normal,
74fbc500f7f44fa3bd40794cc640bc11,0,normal,
73e5b75d390e41a4b457cfca058d569e,0,normal,
f6cff79185634d6d8f00a20f93c33796,0,normal,
e45c25a723314fc69a9754bc6f4de54c,0,normal,
870e132328824332a1d1a243db8ad0c5,0,normal,
c93ce27d82b14762a80c0c663a4f54ac,0,normal,
4c3ba64886344be7b54ea7ada09210cf,0,normal,
bc65e3516a1b4ebe9103f4470b6429f7,0,normal,
6f939dba4aad4b47b5eeb0521610a3ed,0,normal,
776e524cd04548e0a7e987e260309821,0,normal,
19f270c5767f4f4bb572b7ba12560e22,0,normal,
4c8509e510c64cdebb5bfc622d4e49c1,0,normal,
29bd2041a14c4080a5f1b11c312a3db6,0,normal,
0cc79fba55ff434c842424977c055322,0,normal,
85032b90258346a0b03eb327d20a7304,0,normal,
e3411d24d0b746d880ebb773535dbe0e,0,normal,
cd2448ac78304759abfea20d4c33e362,0,normal,
d8d05025180a4e67aa9e28d73005b5eb,0,normal,
f1faa164bcf846d5ab0f061df11d41f1,0,normal,
14c2327181984a868b6e23197b007c64,0,normal,
0291d6f9607444cc99121ca092b27257,0,normal,
200fa53f4b564eaea72ed04c0269f990,0,normal,
c4094efe741743029440f06029176300,0,normal,
50d9aa7c41c44b8f9aa7764dfbe197db,0,normal,
8c9f6eefb7a44a2c8d909b75a5d9cdb7,0,normal,
a282fdf8de8b4c9da8f2852e8908c899,0,normal,
460eb41e18e8495c83efe99a80c615ca,0,normal,
c4768fdb12064435b20b47142764c392,0,normal,
4576b86a65fb47c09fd48376a4d85b82,0,normal,
e5a35ba028d845f990d37f119307afe4,0,normal,
91e4ae451ff8453c9df7fc0e5d6a7217,0,normal,
5534b08ae3a74e17b9f42c5482567163,0,normal,
10347b7ff8ba4d0589577d7e1c055854,0,normal,
ab27764a92f94160b0212b7b69da2d7a,0,normal,
4f55865ec02040479406137d9a847e38,0,normal,
6285e85ca2f5440a89f032329677f0b3,0,normal,
ed12db09a3e44ee4bf720b8d88eedf17,0,normal,
7ffdd352d19348a6a982da3eda59b05b,0,normal,
98214a81235f4360981135d5b5b2adbf,0,normal,
461bc9d8242e45ae9bedc8c490c71efa,0,normal,
693401b70553486aa29d85b68cc9af8d,0,normal,
3a2d26f69db244f9813b43141a4d2169,0,normal,
3cf6b12c4dd94be583b2d55f7051c2f2,0,normal,
6df31b061bef40d9988c5ea0a63de983,0,normal,
c826eceeb9ae4b249a7b6b82300cb982,0,normal,
7b0d9569bed642e69757d6b1c13f98b4,0,normal,
78a350d84c384091bde9c3ebb770960a,0,normal,
66f0094603624f36a3446d2f21930c65,0,normal,
836173ac636d40f982cc75d3782faac1,0,normal,
885148d0cf224616a5f1bce7dd40f76c,0,normal,
f75276d3543e4529bbffa22b4796054f,0,normal,
20b4f966198e471f8bbfac59d286ce92,0,normal,
e9dfd4974261486584d0b90a1d032f50,0,normal,
b37eac0b807546abbc86271dfb004243,0,normal,
26a3ea8c961e4f0ea0ad964d07e303d0,0,normal,
8fd638c89c3b44f289e9befac384265e,0,normal,
0793fe22d888498bb6a18e736e9b4030,0,normal,
fd213aae01e14f28a98561b42c43cc3a,0,normal,
2f8d20a4688c403fa99d8ee7cbdbb8c4,0,normal,
1c53c39f99744aa7b36b4aff5744e497,0,normal,
2ef7696b0f8249e7947ae2231f2b6108,0,normal,
c540446e51cb45b0912a5eb572ecd214,0,normal,
74712de797e848409ed5fc4237953749,0,normal,
07717e12bd044a55bbeae1afeba02ba8,0,normal,
25a999ef34db48398aae23fbc3bf9a72,0,normal,
43a54890ff9142b587d58bcbcd8bcf1f,0,normal,
783bc803e6f94e75bacf555a798851ea,0,normal,
5c0e1d1f94ee4a0587b54a5880728ce0,0,normal,
d90166da83cf4770a6de4dfdc9f2b6d4,0,normal,
85fb4f4b1a624fae8ae06e4b08a123ee,0,normal,
4180d664f7ea4ccbaa5cda06c51ef598,0,normal,
40327ce6ebb44c3ca31ed1e7488b0711,0,normal,
0b09f65ac3e745788e2b9d39bf600139,0,normal,
ed0520f65e0544a49b820621d0846fdf,0,normal,
3969a8223f7241a59ef2efb1354374cd,0,normal,
626d165f1f6149cab4e7ceece0a92782,0,normal,
49e47599bbba45dd99090a966acc729f,0,normal,
ad81ab32498443dabc405565979affb8,0,normal,
5e3b72c62bcd4bcbbcdaadfa1c177799,0,normal,
815ff699797d4c43b74d57c228c77992,0,normal,
c2fc56bcae954f6b82281390174711cb,0,normal,
dc15b4eace9f4b089095f56463bd8cff,0,normal,
a5d3a77b06794b57bfefbb1ca23d8778,0,normal,
1075a01bf6de46088b9cc9b33ef3c05b,0,normal,
505fa3c3dc77440788f33839b8d16438,0,normal,
206c80e9635b4a7eb7df81fd14d52aeb,0,normal,
627730e2e93f4ab5a6b0747d6bc3a751,0,normal,
60287afe190c4af4bb81408a11abca0c,0,normal,
1087dfd117464086bf9e0604ef7556c0,0,normal,
ccebf9fb484a4913b44260ea5fd0c0f7,0,normal,
a9c9e13da32f4125b1db2fd2a71c0e40,0,normal,
6474a583995e4e828731b3f444211ab5,0,normal,
c79019c03b834eb8a87dd61ba3fe7fba,0,normal,
7a47b3b1fefc4b0c9e5ce0269f858218,0,normal,
4260024cdec44b6180c4227770ca3048,0,normal,
022ff90c1be04ee78a66a1aebd6115b3,0,normal,
60537b99c2e543d48d7b2ce94a326713,0,normal,
e3da1734c48b41c3a303853d8fdd5ee9,0,normal,
88e0838121684897bdd9cee883f1c943,0,normal,
1cb2dfe2310b4044a26d2817fc66dd0b,0,normal,
188243bc509e4f3ab1859033665102d5,0,normal,
df49b22f7fd6400a914d922d61e8333b,0,normal,
013ddc59aded45bb865b787a60196eef,0,normal,
57e0abe6414c404f8fe116cfe99e2ef3,0,normal,
b5cc33c7451d4b538e16acd8ba08f1f8,0,normal,
6aa9a8a5f67d4871868cc68b8348775b,0,normal,
77942efe8aa8426f8231865595c3cca6,0,normal,
e5d96f1f6ebe42bba44a275b09348f98,0,normal,
0cdcc7db919e4456893b95d87afc0d60,0,normal,
f559de91dff346d2b5c16b25f37fbb70,0,normal,
66c55ede23f54cf5a76ee1671a9afbbb,0,normal,
bf7c26e1758e4a9b8aad090805ded0a7,0,normal,
36d4bc0f4c5d41b4beabf50fb2e49790,0,normal,
2cae6b3682c04d1c9254655ee604fb8d,0,normal,
43d75dc6f5854ff98c7b5b1d91159533,0,normal,
9524c2f812e94fa99eada75c8bdafe98,0,normal,
25795505b3724f2c8e708fcc327141f1,0,normal,
2f0b9175b5c54ff4b915593490532cf4,0,normal,
8e3aae363da24f218ac96ea03ab5a79b,0,normal,
2261d436735845ad958eff1bd32c8b37,0,normal,
38a112cce00d45fdb5bfc267980e4009,0,normal,
115678ac47f0489197701e8bec9f5a04,0,normal,
8fc64d6ac8fc4737b78b871e44106ae1,0,normal,
48e3fb23e2504085a11a9af389363d63,0,normal,
a91e023846dc42dbb8a6f8d13d18e097,0,normal,
5f57545e1a1249a793f70ee7a00fc416,0,normal,
a4d09303c5ea4b6b8ed0cacc436b6798,0,normal,
6e246eb7b70b41d59eb1b601206a3d86,0,normal,
a76d90dd795d4060b0c5c9c695911f23,0,normal,
e1a7409ca45a4081b3eb8f0607a9ac56,0,normal,
24cae3f917be4786ae373b77bb16b8cb,0,normal,
059e1f8c30f04208960fb760fb7fcb8e,0,normal,
25cb13138e3e49d5ae7fa62dcfeb6aa7,0,normal,
3d41f302a8a649fdbb23c34895c090ed,0,normal,
4263ab5172864a7094b4b0de254b42fb,0,normal,
4ee81e90740d416aa56e7856db6afb8d,0,normal,
899df7bed8fe4d409ec7299d233ba52d,0,normal,
df18c3534cc54c409bd0f6a3330edbef,0,normal,
933431e208284b3182fa9ecb789fe9f9,0,normal,
6c3c2977c5354ff0b7e8d17ed1d05cad,0,normal,
cbef69af8367465db87f33a4642caa0f,0,normal,
b6186275ce4747379a7dcc9afe26ec50,0,normal,
363cd7238f5d457aad7cac10f5a35880,0,normal,
3e303815cafe43d39f7ae4c9dde8d9e5,0,normal,
6dfb6c7efff54e6fb3efc6932f0d85f3,0,normal,
e416c9bcc9a34fd4a911f26a0da49f1b,0,normal,
815689e4da7548b5adff639b69549852,0,normal,
5077da25acfb47ae9330045abf37508e,0,normal,
78627b5b83da403f8efde5925191a24a,0,normal,
2d4e8e70c8664a58b15019d13ad21eb8,0,normal,
24bbba67ebda47baa6c06121bf4e0755,0,normal,
24ee26512ce746c09e3a43e2cde81297,0,normal,
5e9cb7f299d04292afe7251eb8db39b1,0,normal,
5d3effd9c7524552b4bf1d025f03fc31,0,normal,
478e22f7e0b343e4b7306ccc9d5cb8e5,0,normal,
787f0a9f3e134b82a1b9123b9fabf95d,0,normal,
5039112ee1ec4ea79485240caff267a5,0,normal,
7362fd7c6b8e43aeb363a33c69a79ab7,0,normal,
c7c8ef73183c4f9ba6002ea2812a811a,0,normal,
dc62ad216189447b8f4f8e713c3f6cf7,0,normal,
f24b1847921440a7869e3052423a77c7,0,normal,
4019033218964a9aa277964621d410fb,0,normal,
aab657c8c18f46b4aabf392694db6ab7,0,normal,
9e94d2d5ad8345cc9011ca24fffd4c56,0,normal,
8d3c50544fda4f0080d04f717e5d927b,0,normal,
e3d1bdc3859a46a3b95b6f0714935129,0,normal,
7870ca5517b547de9a3df9a31f176183,0,normal,
5b97cacc6bb14731a0f2053da413c9a2,0,normal,
dcae3457ecfa41609c2497019b30ec79,0,normal,
9840151054414aa0857308716a1d0c45,0,normal,
1b20f3648769404b88b0ea63f892c54f,0,normal,
2a8adc1aed4a47729f6a4594766e7a7b,0,normal,
9d6ac6045a1d4ed999b8cf26310eee7b,0,normal,
a5d598a4cd884ce288180f77db1ea5d9,0,normal,
5f2549fbaeb244009c4c15c02a6ad3a5,0,normal,
ab5e36a09d3a4040a0cf2798bd4df400,0,normal,
74aea51f0a684784b72ca32d88d60cf2,0,normal,
952e9f14f3d24ca2bd474afcbfa88bd5,0,normal,
565bdcb921c14abe8c8b12012beb143d,1,peeling_chain,synthetic_chain_606_hop0
73920ee395bf428791a5d636608c1f61,0,normal,
b43afc18f05a432382aa963f401c491b,0,normal,
aeed59b0f009432eb7d765aa37185411,0,normal,
1b6f96b207bd4a99b040b670559259d7,0,normal,
e4e30cc01a624180a5ffc8fa6a4bf3c5,0,normal,
d9f272bb8c37456da7334ff5112eab2c,0,normal,
93e07047661c45a9824958f5e6b15dd5,1,peeling_chain,synthetic_chain_606_hop1
085959126974452eabecbe45b651e7cf,0,normal,
4ea2f58c516f43afa89a198188b6e69d,0,normal,
72c5dc23eb47443db9d770840b245c84,0,normal,
ea3cf08c413d41aeb957c646b9431ef0,0,normal,
d7d863d91981455fa0f0109016f7c961,1,peeling_chain,synthetic_chain_606_hop2
722a7daa6aff4acc99730b769f271d11,0,normal,
54531748b94749e48d0b61778531238c,1,peeling_chain,synthetic_chain_606_hop3
5c3733480c6342f09d515982dd079a07,0,normal,
a91a591b0c444336916986cbcf8dec9b,0,normal,
c4df67c704924637af2d29af6c760208,1,peeling_chain,synthetic_chain_606_hop4
f87a177e4c924df89b4462c2ac56c950,0,normal,
64bd8d11f37247cfbcfe46db9ab413c2,1,peeling_chain,synthetic_chain_606_hop5
1b8d842d444b48bf870a2a11fc6af5ee,0,normal,
697811611fc34b528cc1b63e860b468e,1,peeling_chain,synthetic_chain_606_hop6
8873b71da68947f5a3933682ce50b560,0,normal,
afaa874fa4f6467eb52b0bc1881ed48f,0,normal,
a368714fe46544f8a22de5ce9e108a9a,0,normal,
7875fb4ca3e54c6c9313e99b8c8170be,0,normal,
b7e74631a2554a2788e11a801713b27c,0,normal,
8ad9c2d88c6d4789a7ba8be2f770393b,0,normal,
d049c7ec08c547b9b7e94c4593130129,0,normal,
d20ee13cb5a14b32ad5558dc80579180,0,normal,
e3d7eaf2dbc44419adf89d124488d815,0,normal,
6fce225f2d7f4310bc360c62e8e4d768,1,ip_hopping,iphop_649
cee7978b26b34e118d60acb20236d6ff,1,ip_hopping,iphop_649
102f51b3711b488fb30f444ecb8a427e,0,normal,
cc9620f3672048599cc70547e46cdd38,0,normal,
c458648bc4054ba0b50e80972dcb914a,1,ip_hopping,iphop_649
756859ee07be4616b5711f30e2345369,1,ip_hopping,iphop_649
0303076438f94e60850a724f5a576f03,0,normal,
eee7970540624e8c97785cb47f86b20d,0,normal,
0f0b927822d640d8a337428fafa013b5,1,ip_hopping,iphop_649
dbf50ef88a0f4036a2595923d9ec54ce,0,normal,
f3bec271ba92436998457d13fcb82456,0,normal,
dadcc6c5691e45048151fdc25df1a4d4,1,ip_hopping,iphop_649
a59c3bf9e985429bb2c032d95f1cb485,1,ip_hopping,iphop_649
5b34bbd2c88c4ca08991eb9af1e8d541,1,ip_hopping,iphop_649
3a414886c95e4e81bdc4363dd43497b6,0,normal,
8ee12600fb5f493d812d28dae48e39a8,0,normal,
1797f07d39a142e6b3a290f325f1c83b,1,ip_hopping,iphop_649
6633507f4cf740cb8f4fd192a9dc1105,0,normal,
e3300248ee14482c84fff56918155285,1,ip_hopping,iphop_649
b06875ee172e44b9b41fffd950b622fe,0,normal,
24c47cc5800e463aacf4a383876cba6e,0,normal,
ef5c7f32dd6441db8b52365969d55896,0,normal,
116d3c06155744a79882c22a15fcf550,1,ip_hopping,iphop_649
b1bed178a1e045d39d482e549ef73ff1,0,normal,
8f0fcedc293d404f996c28686d8c06ae,1,ip_hopping,iphop_649
4eaffef4157543d8baa412d3c1df0299,1,ip_hopping,iphop_649
0c128281eb24419ca0ce136278e274bc,0,normal,
9974eb6ee8dd474d95408813b80ffdc7,1,ip_hopping,iphop_649
5b34e784379a429abd6ece9cd3d9a034,0,normal,
4df508556c414f69abd5b6efa5ac8d4c,0,normal,
30799dc86ff445ca9c8542a7f42d8fb3,0,normal,
ef189898ddef4e2692a7e0959fd47ab1,0,normal,
4b0c81de45684f2c92bb8959439518a0,1,ip_hopping,iphop_649
46a6fc33120041a3b821f63cd4503581,0,normal,
55e709b0a916490e98afd461c4bd59b6,0,normal,
f0d9a62ec09f4b3e8c8c86d03b52d86a,0,normal,
1d3cad5f969243be96b21428ae5510ce,0,normal,
677ce64fe8c5427ca60d1c608ed252ab,0,normal,
6cce5624ffd746aa998021c0bcd3b50f,0,normal,
09353ec9fd5b400d9b73e0f827720003,0,normal,
8d95b23e7f29404aa25c2770f6ab74f5,0,normal,
4ab197ff84b8405caf216c27179322b0,0,normal,
3da859d64da54d96b657ace210adfca3,0,normal,
309bc043d2054dcf89da48c5a6e56696,0,normal,
6c750b42c4ff436a905dc2a8031aa0db,0,normal,
67e4d6b962094f0c9ad0839e3a07e345,0,normal,
08e119bc7610464096b6cb52d1089a45,0,normal,
330f71f254b245d2bb4bd1cec8a71c22,0,normal,
822ac2a8f956485a96302edd1cd8134c,0,normal,
9a08fbcb40ec4b67b1aa19540b460f1c,0,normal,
9e3e3d6ca670457180e1eeac2804905f,0,normal,
36b3862ff26646e68bce133c0958c2e4,0,normal,
1225734cac174cd794761585d4bc0ef5,0,normal,
002eec7dd97b4357974d686bf292590c,0,normal,
1f6440d0eb29456da7fb46fd7c29678a,0,normal,
bf04a09bf90449c791b27b89b1e7feb4,0,normal,
4c0a874003594d55a19fbba4ad9384db,0,normal,
495a83cb625c434da80b9b2029db1be0,0,normal,
39a16984721542b0b2cc7597b3cf0bc0,0,normal,
1925861b3de64f22bfd48d2578e1d23f,0,normal,
be8d4ea802b443c1afca2ecab465f1f5,0,normal,
fe4a27ac210442cf9410486ac16d93fb,0,normal,
50637388212f4be590483e6a2808d648,0,normal,
24102dbdb60d4fb3820a8a42d4004c52,0,normal,
e2349c66c0724c398a8b938943645e94,0,normal,
029f919866b94a9e873554b978b572fd,0,normal,
7a0e76008dbc4f13bdc2d83847a0b568,0,normal,
d882d96bc466430a849abc6f5b479f85,0,normal,
c2f1dcfbcc61426481ccda3405bcbd0b,0,normal,
9d56a56eab554555865821dcb412ab86,0,normal,
c1ede3c000bd43fb9c59664b511db1b7,0,normal,
d91adffd855947d9b469bfe04823abd3,0,normal,
77c6a5b0e708437aa82d1badea871787,0,normal,
a682f36e7f8f461fb554ac2e091a3e3b,0,normal,
e762f1fd634e4dbeb0e46bf4d71372d1,0,normal,
80cee9b5357c48e192fec6f6c316fa8c,0,normal,
0dfdcbc5f56d487a82c02a082d9a3db4,0,normal,
e65cc9f4741942c1a401b3bde27e91f2,1,wallet_reuse_burst,burst_264
31c59ecd347945729c640c5e6d22a0b3,0,normal,
4b76d0641d1848f698773c227d281432,1,wallet_reuse_burst,burst_264
19d310546afc481b948b91822f7a66b3,1,wallet_reuse_burst,burst_264
03b1e1fbb1464921ac89d965ae253f8f,1,wallet_reuse_burst,burst_264
2638664364ab455b9227569f09fd5611,1,wallet_reuse_burst,burst_264
1e2530135ff34e948723cb13bada611c,1,wallet_reuse_burst,burst_264
1427489ecdc549d2b3140c2e9cc32dd6,1,wallet_reuse_burst,burst_264
c163bce936ad4861b66878f82c1c1013,1,wallet_reuse_burst,burst_264
f4e01a093c8f464cac47015b9731f03d,1,wallet_reuse_burst,burst_264
1b57aeff0ff5477a8f30b6e7012d7cee,1,wallet_reuse_burst,burst_264
88028cc8a6cd47dfaba49e55ef1e4e94,1,wallet_reuse_burst,burst_264
d015f9129e4042119014eaf4f136e1ca,1,wallet_reuse_burst,burst_264
aba06524a5e641479815865fa3387a62,1,wallet_reuse_burst,burst_264
0ec43e43467a4876b2466e90410d0b88,1,wallet_reuse_burst,burst_264
6ac61f2222e34023bac295fe5f4cf429,1,wallet_reuse_burst,burst_264
8b9edfd06c204fe1a7bed48c19a45fc4,1,wallet_reuse_burst,burst_264
b7e87dcf81a6492b9b041f3d2dc7afcb,1,wallet_reuse_burst,burst_264
0ecf0ae4d4304505a97bed448b9828af,1,wallet_reuse_burst,burst_264
cacc00f7855243d3b67aacf2bd9184cf,1,wallet_reuse_burst,burst_264
8e772deb8ed24310a38656e921061a48,1,wallet_reuse_burst,burst_264
65b6af9fd62f4a05880413fa888797ca,1,wallet_reuse_burst,burst_264
e26b9458b5d3406ea1dd361ee8b41629,1,wallet_reuse_burst,burst_264
d0676c8998fd4e33b6c96a72d4c3ccdc,1,wallet_reuse_burst,burst_264
2fbfef6b5de040aba47e1589db87a05d,1,wallet_reuse_burst,burst_264
0a95142991f14bff9980f5e5cfd052a8,1,wallet_reuse_burst,burst_264
29643eab963b4f029da6f7c95b894bd4,1,wallet_reuse_burst,burst_264
8882dea984a44e82a9420b6e21ef7482,1,wallet_reuse_burst,burst_264
1e0c301d161143afac04aacbca3182b6,1,wallet_reuse_burst,burst_264
0d71bcd0eaa0498d9d85d836bfe08642,1,wallet_reuse_burst,burst_264
239e340895304dcdb1752a17bcb19383,1,wallet_reuse_burst,burst_264
ebe1d3f23025496d998a8bc4b0864210,0,normal,
6732ffb5efc14ae391e27ba5ecbdeb77,0,normal,
981d58e836b84fb786874c87c1331901,0,normal,
b20cbffca59041178319325e3d5bb723,0,normal,
15207320eb6247239c4dc33edd176a44,0,normal,
b6cc2aaf81314043888c7e30b31c9b1b,0,normal,
3a4c914d3f634df3978b1301cf103132,0,normal,
e1a2fd2ebcf34f2098535091c5a7ae07,0,normal,
8ec44b1e62aa4ad2abdc8e3eb832c3e8,0,normal,
85c5f54ab3e04e48b1166d5ebb420277,0,normal,
9fa62b2b677b4e4fb85b496914d1d2cb,0,normal,
89f4d4a58b82475394685b82e3a6471f,0,normal,
64d15344ea3c4226945bae9f418942df,0,normal,
2deca006c0c548ec973ad9eede3af198,0,normal,
b169aad647774a26b72fe892c64bc261,0,normal,
09fd1c0a796b4624b0addfe39b355b36,0,normal,
10e3e3d8dc894d75a9fac4250d678fa4,0,normal,
ed5a4d8319584fdb980414e8ea8979ed,0,normal,
654e940e2e5e4408950226f4a80caf50,0,normal,
859e0f187a8d4a29bbf0cceee78a2cb6,0,normal,
b1bfc60aad654a3ba2f3b96bc877f542,0,normal,
bf252db1ca8744c19789a3e843708b74,0,normal,
2b23eca2292f441ba622f0458754aa9e,0,normal,
dfb69c3255f04516b1704b8d2443e13e,0,normal,
755f279c8a9743ccbe3c81faed9d849f,0,normal,
5de99a84a65248b9ba71d2095ff64842,0,normal,
966b3b293fa64e819c3a0c8f975f281b,0,normal,
ee0e75d3362c4e19b11667bc43c88ed9,0,normal,
b5907a026add4509986b85f5b69e4e8f,0,normal,
576ccd0f973e470a92b0977acab2019b,0,normal,
94511e35eb67454a9e950e2a1d1b2965,0,normal,
783e9ec15a0341d2a83dee72722725f2,0,normal,
15c820b607fd4527b7dd891df7b133a3,0,normal,
ba6e439b217a4807a1808463fa3155ee,0,normal,
bfe529e3971b4d7c9fca434eed1a3461,0,normal,
15d2da96078e4979bc5bc2acc9f4a4a6,0,normal,
a819d1c0960845899bbcd804b427ce3f,0,normal,
735d7ea53dae47e29cf221301ed68ad5,0,normal,
66d6709771484bae94af4cb1385c5a6c,0,normal,
7ff399e1b3bb47f281c1852a802e39ef,0,normal,
24b3a1d4e9044f698238c7c791bcd93b,0,normal,
e3c5b11120b74c8da5f36dfea676b26e,0,normal,
641ddb3973d4472abf0366654ce84060,1,wallet_reuse_burst,burst_382
f1ca3656920147cbbb49fb6b4efa50e0,0,normal,
21d0971394e044229d1a0c064724d0d9,1,wallet_reuse_burst,burst_382
22018fabe8dd41b5a3806abf1e100c90,1,wallet_reuse_burst,burst_382
d6170a44fc4545f58607ffcbd9f38a05,1,wallet_reuse_burst,burst_382
b6b88e64418f4ab4beb2529cb96564af,1,wallet_reuse_burst,burst_382
0078065ed9da4913bd4b4d4bfb15037b,1,wallet_reuse_burst,burst_382
6b4f692bff154fa49e0ce6b906359864,1,wallet_reuse_burst,burst_382
79e3dd6f4ab8487a95a5dea867bd6518,1,wallet_reuse_burst,burst_382
7a0e2edc90c544988f8be70ab27ab358,1,wallet_reuse_burst,burst_382
3776a6aaa6274885a51b66fc139fe124,1,wallet_reuse_burst,burst_382
8b34f164c58341f68a7d2f2c448a2398,0,normal,
50983262dbd04c1fb58a173e748dd622,0,normal,
8f264b4836d847bf82c4baadfa06a949,1,wallet_reuse_burst,burst_382
3bf8264e659c41e29bf5276e0b05d358,1,wallet_reuse_burst,burst_382
7afada6d57c740d5b1c04b49b1fc2129,1,wallet_reuse_burst,burst_382
9af9e9af90ae4d64891a6d4ed7d58a8a,1,wallet_reuse_burst,burst_382
99687542284640ac953a85b4975cbfea,1,wallet_reuse_burst,burst_382
f9e798d93378493ba778091396ed0a8b,1,wallet_reuse_burst,burst_382
f04d95e264cc400ca5a07a003249853a,0,normal,
6fda8c18e6c14871aee58144c2abe76e,1,wallet_reuse_burst,burst_382
dd75e7d2b56f49419d2c9af88b6ba790,1,wallet_reuse_burst,burst_382
5065be7b67004cdf96e9aedff9a9be3b,1,wallet_reuse_burst,burst_382
ffd147202d0b41a49dde5bd81c3e96b7,0,normal,
caf41a65414245b798a138d8fae4d891,1,wallet_reuse_burst,burst_382
b6f89d58fc9b47e9a37bd193c587f03c,1,wallet_reuse_burst,burst_382
48243582bf75493ca4789fcab7be0fda,1,wallet_reuse_burst,burst_382
77b91b31433e42c8bf1005dadc407cd1,1,wallet_reuse_burst,burst_382
6b0c936ff3ad4d0fb7347ac70fad6e7a,1,wallet_reuse_burst,burst_382
bce48654865b493fb162b68d353ea158,1,wallet_reuse_burst,burst_382
ccaf7e91007c4237a9add89314148ab3,1,wallet_reuse_burst,burst_382
7e417a86e5334f948142bfe5bbedf64d,1,wallet_reuse_burst,burst_382
562fb673844842488e193b01c6c2b6d3,0,normal,
8a11ef326ab24654a8a9a9c65151add4,1,wallet_reuse_burst,burst_382
9699e2ab274d4b61983ac842dd762eac,1,wallet_reuse_burst,burst_382
c42eed25271e40129f12f5a801c9d31c,1,wallet_reuse_burst,burst_382
3404bb30b9d6461297deaa958ade3784,0,normal,
c124e9999b214fae90990a472bf44a0b,0,normal,
42ce124bef9c46dcaaad56eaafebb359,0,normal,
6b8f3e27e1ba46e699e33b510fbe8c2e,0,normal,
344253396876495589271f3e57c10af2,0,normal,
9eb772e500f44d169374ddc2474e29ab,0,normal,
20cdb7409ba040799c882b8e6a1fd792,0,normal,
a35d2b1b15e74293a4c79efdd21db3d2,0,normal,
fa6e351776ba455eb91238cc3366161f,0,normal,
017c52cc997a4b1886b5a57a272d471c,0,normal,
60d6ccddf3064910a0b1048b6c04369a,0,normal,
079de2c526284ae199d8c129df833471,0,normal,
1979747b4aeb4389b2bcfc2721f788f5,0,normal,
6b6d60d34f774e9799800140346dbf5a,0,normal,
2fd9301a10d24a3d82ba7ba4b1360419,0,normal,
adb8b363c6d948fa90fb578267d7aa02,0,normal,
85bc44c2f8884010a7745e88368520e9,0,normal,
2fb716c402524fee9cf596d1510f8ee6,0,normal,
c89a508bdbb842f28830a63c050a6f7a,0,normal,
d9f93126dff8494ca7701732a61af8fb,0,normal,
fce8e57bb97041e1923a0a2df0e799eb,0,normal,
57d40770cd4944d98719fd1a4915df02,0,normal,
9b5a3084d9f142eda260b05b2fdef061,0,normal,
eea31d036bbd4192815143b1bf10d6d4,0,normal,
b6cebfcefd3d4e0a81d5774d4bd3ff3f,0,normal,
ff14cca3c19a437f823eef1d960896d7,0,normal,
ee447dc89ab64106b702cb0ee362da6f,0,normal,
2b2128f104c540699248c67431aa2464,0,normal,
3a7d7cac8333480bbef42dfd71c2c07f,0,normal,
a1825a6283114265988bb5b4680e9e3d,0,normal,
12b78090b4a34a64a99db4e738b0944d,0,normal,
65c3a4bd8ce6496da2964e18a6347783,0,normal,
9e5ddb471b614f1abbc63d3cde0280dd,0,normal,
70f0c6958d1646ec956e70f8383b8981,0,normal,
2a30caf8ce474f4381bdfbc22e879ccb,0,normal,
573411b7483f447da4372f7a81e28411,0,normal,
1a3daec3b7d0458587d2e208dfeb2054,0,normal,
d32acde319d3460eb03c1b941dcbdfb5,0,normal,
0ba510b441064156968c7bf911033781,0,normal,
d2115f93b0cb44fd9a169888415ea920,0,normal,
c7df63871bd84c9f8d184fde68422c4a,0,normal,
5c1cc72ff28542a6847066f16f609baa,0,normal,
c396298f6f454e9b8c69dba11626b375,0,normal,
2a7fdaf57e014593a761f246d732e58e,0,normal,
6c0b9c129c794e6fb9ae9e0fb2755362,0,normal,
a94161deb1fe467bb0cd9205437293d0,0,normal,
153b478f72254890a7846a4c5a9fdb4e,0,normal,
8eb22f5b91a74dc88f3a35e571687310,0,normal,
e4409d70a4aa42b8bdfb75d6952c9bd1,0,normal,
115dc90b0ad84378a59340b84ad6175d,0,normal,
fc77ecfd17af43c3b2115b201c6d73aa,0,normal,
55a8b089fbce4952b69e7f114e661a78,0,normal,
92f8c6bf904d4faa9ab623e97a848406,0,normal,
2905d9037d204c0fb4dd61492a73af0e,0,normal,
6b6091049d63436fb874e707e74cd2ae,0,normal,
fdf042bce7fa4b0988a772b357d97d2c,0,normal,
06c1ca262c8e4134bb27191ea1f30607,0,normal,
5e6e5e25fe9c409db28b8ef8c97d2c46,0,normal,
b3d1182fed544df5bab88fbbe6b9ebec,0,normal,
2051adccf95c487d959952c2d1ff591d,0,normal,
a85fde1e5a984664ae11bcf7ca8a5423,0,normal,
4c7c33c837b642af8a00224434653f50,0,normal,
d7a89c3be19b418594e477509f8c377b,0,normal,
3c740aab05dd4bfdb36bcce8737f6517,0,normal,
d4f5732a1096478aac080001b1900dd9,0,normal,
9767b72b2d0742798e335063b4a8fe1f,0,normal,
653aee6b9f7f4944b047c6fc3ebe5764,0,normal,
05744d1b6255473bab96ee1b5f6c52ea,0,normal,
5bb0924d032d454ea6119ddb94aa21c0,0,normal,
3de65bfc530840a7a58016dd26e4cb92,0,normal,
6e01691eec54485abafc068f04f6b778,0,normal,
4196a58cbc3c46029b205fd05242b3ac,0,normal,
3590801429404aee82d0d98af43d5c02,0,normal,
8848d4782a2b495886b8ea0d7a7e684c,0,normal,
9f100b85d04f46448c7d4cb53c01af3e,0,normal,
d912426b951a45ac8a934a77ce638e10,0,normal,
4b32da681b084cb387e4d6b2c7262e23,0,normal,
2d9b34e06ebd48afbc301d7a55e08cc2,0,normal,
ab0fa5fc88af40bba6f338672e0dae8f,0,normal,
3b4c2df6da6b48d9ba9c499f09f5b2d7,0,normal,
2df8ce6fe0464748ae013c6d0e5f4800,0,normal,
297d923e9e684b1dbfb24ca6e1d2de53,0,normal,
059eeec61fad4aebbeba7783a918456d,0,normal,
af17dd0713594859ba7cfa6b3e290ff3,0,normal,
10aa8fc39b984485b50fe52e02b15c0f,0,normal,
59591d367c44470ab65b59a8f1d29a1b,0,normal,
b1a4e7f52af94ffd88f016a916f267d0,0,normal,
6e27ee2b5e0f483aa32615706071c54a,0,normal,
f1ea8c02d11b45909c73a5ef96d3e44c,0,normal,
b9d074ae43fc48d8b82a6036e2c7a618,0,normal,
5bc949f2e1c24e3eae43867a3ddf402b,0,normal,
f07c2f5d260146b9be6736054420902b,0,normal,
a08e0c1b985f4772ab9c260be7887267,0,normal,
70934457d48449c8a41ecc0579b4074b,0,normal,
e1117b6e60dc4a69992b239784d933be,0,normal,
399976dc08ba4ea9b13337b9d12e9037,0,normal,
32bca5471b594b758116c1d41bca821c,0,normal,
e94629c61b824390aadd2ae1dcccda6d,0,normal,
e899714611e24393894c1e56fd29a17c,0,normal,
2aead6b851a04d1da196bb6325a6d07e,0,normal,
755072ffb7c548469a8e8af9cec29b73,0,normal,
027c7cdbbf35469abc93cf32a698dba0,0,normal,
fa74d20840a9498e892f1a80f483045f,0,normal,
36dda4588a1f4c43b1934f55f24f1571,0,normal,
007f50f9118d4122973b8a012399d23d,0,normal,
4209be11104e4f61aa025fdbea38556c,0,normal,
dc376110e54448b18172971001249e66,0,normal,
d35804cd51a040c5b0a08ee08ce8d759,0,normal,
7b0bba53ef984e57b2b690ff79d5ba71,0,normal,
d96c918934e24cdba6c6b05fcff54b1d,0,normal,
6ce8a3c9dc824df7abeceb48a0c871f5,0,normal,
27b424cd90424ae792b0ca9afed2dd13,0,normal,
1ee0521556804d1a8db028b2d63709ee,0,normal,
0f66afe7b9634f0f9e3a0fc76e651380,0,normal,
bd0605ffd75f4539b6ac1f5bf65c9495,0,normal,
c8d2f100366a402a9f9ac12915570506,0,normal,
12251ddf737841888d97893f1205b266,0,normal,
acbf2863462d4d45bf247eedefe101bc,0,normal,
2161c79628d44d46916ec96593ce6b2c,0,normal,
e2b126ad61584ed4affd4630be0562f6,0,normal,
ddc578ff551b4b6e9f87c423ee1f80f9,0,normal,
f715df85d24c47e68a6e8e818f335f91,0,normal,
d0df95cd635349c895d67e0377e91371,0,normal,
d95813f4ce124ea19ca91e7a9506b0aa,0,normal,
a7dba799b6ed472a9a7649e8774952ea,0,normal,
7bb152f9e6694df783a45524c8e9dc4b,0,normal,
a59cd12608904c9d88305b456cc2e285,0,normal,
78a9fce242af466c89178c268cfe7fd0,0,normal,
e5acdd10019d4cbfa63aaea163b89333,0,normal,
2d120a8b8a03474587d2618123255ef0,0,normal,
90418f757f814740abfb3d0e3108d408,0,normal,
44c7ff9ec4b642c59c8ddd9259c4c5a4,0,normal,
ffe8e2a430524ca286f850105aca8286,0,normal,
fed41f61bb854603a05f632ad512c540,0,normal,
5e67e33e8d6f402b9bd76a493087288a,0,normal,
2295f45645c2479388728941bc8c0f21,0,normal,
f19771d43171451e9cb763bd7d1c9b6a,0,normal,
61a3922b09184a68af3266df5ce0b973,0,normal,
3657055a30324b1c9359d635c8d3a50c,0,normal,
6d02f13381384b1690bcd5730c31f463,0,normal,
418abf25b837486089d3a479f28b5a78,0,normal,
3cc04779bb16486b916d5b4db4f52de7,0,normal,
20feacd0511243cea95e5180b6b72dd0,0,normal,
014ee21603454cab994ab85e40ecb279,0,normal,
8b5c79ece5fd440684f09b540b014eaa,0,normal,
676117d5fc0740f4bd0f5d51cef8a840,0,normal,
f2be2b6399c14ab88f54d869cd6a845b,1,structuring,structuring_504
4a488f6bdf914799aa0047f959c971b7,0,normal,
4a27d65c401f49d7a6fa304e05bebc1c,0,normal,
c0437e25adda402392928f975c695fcb,0,normal,
fc407a50b9be46bca1e95c66372fda70,0,normal,
da449e63cc9e487f81386e6a5cc1b73a,0,normal,
f0432c0185eb43408e1fa687613aaa3c,0,normal,
3b772adb2f62438d8e824926d47fed68,0,normal,
60a9c1a408454a4bb7fbd5c7cd81b0b9,0,normal,
894f8c95db1e46fbae26405715df1da9,0,normal,
bcdb50fcb8294238a58d654cee82676b,0,normal,
5c385080643248f1996287ce0d0bb4fc,0,normal,
f63e94ea97fc49d6b08e8fe187ccebff,0,normal,
8b6da57a888c46569b45b35596e1fd03,0,normal,
fd73b046549941fe885853e8dffcab8e,0,normal,
f58deb3b64c3492ca70004842ed70ecb,0,normal,
b3040fd59dcb4195b7b40174bd5e2bed,0,normal,
969c5deaf8a8420c8d7bccd49e83a41f,0,normal,
18300be313464791984d5a56528e5c08,0,normal,
872bb092dac24cababd7b51b5e633d88,0,normal,
7f74325dfacd465daab289f4c5d1c533,0,normal,
cbf554ad7a57470cb0bfc16a58b9ad16,0,normal,
fc5e4d87c7ff4189b5cacf46dfa2bd44,0,normal,
aca293a0a4f54a6ab8591e0b259bbc32,0,normal,
e6ea7a8bc8104ae597aa36de719a7f4b,0,normal,
0ab9508dd1f34a9a946cb01c6b4ef65d,0,normal,
a8d03293fb0d4d4685734181e07c6149,0,normal,
3bc7c61d33304832a22ebd23341dcbda,0,normal,
9e9a2093782c4a99a7a8809550bc359d,0,normal,
ce82585c1571402685a89299962350f7,0,normal,
882073ebb5f340ff91cc21ed0f433920,0,normal,
e81140ab5d0b421dbc7112a718373268,0,normal,
218b53f13b854e94b47a4e4ab7a95c5a,0,normal,
0ae38a9d87fe4e8981b6680f46abed82,0,normal,
15458daf384a49fe91017f3e76bb4292,0,normal,
6adf840fb63145f4b531d2dc7be29271,0,normal,
caa8decd957c4f998e7c937edd56d81d,0,normal,
fe76240b14fa4566b0d998fd9f223790,0,normal,
02853e5a0ff14f0a8556f0db830e241d,0,normal,
b7ce96f9880a4bd1b15519fdf063d9f4,0,normal,
f08be54b22d449c8b01c2828641ff649,0,normal,
429296af99f3410ea3bb05dcee5eef1f,0,normal,
3dbe02ec51f545df8829c3da46499da8,0,normal,
ed56ba7fa02a40edb181ed0970772cce,0,normal,
6dabd32ea12845399774169dd48c43cd,0,normal,
5edc2d070f5c4c7bae1d92a620792361,0,normal,
0422b3a906d247abba4ff7b1b8d65684,0,normal,
fa5ad630541d4c59be8808563510d801,0,normal,
8649478b502543f9b78b40a24d8e0efd,0,normal,
bd044831bff944e6acd0b295e525234f,0,normal,
c24dc90af39045c2932c89e4fffd380c,0,normal,
34d914946c1a4ec492076f05c7eead7c,0,normal,
7cc6296aac774246b1beda71923851f1,0,normal,
9ae98cbf69b04737802100b34b598e1c,0,normal,
6a57aa9644c1493bab9265027e9d3c0a,0,normal,
98e911f6b824472db950c5cc258d291c,0,normal,
c5ba2b362a554e1caa149895b01bd80b,0,normal,
eb6090d8ee644ad9ac01112120439517,0,normal,
7b36ce2076e84f699bfba9010e50c82c,0,normal,
292600b68a804480a7f11b76a7a49a86,0,normal,
196157efe79c4071b1b5dd5682561a96,0,normal,
9d9d3ab9691e4c2eaf6083523074adea,0,normal,
c6588831167a4ac3b324f5874c08de92,0,normal,
0579643514fd4b14b3e93853d542f953,0,normal,
00ecea869b154a7cb25d45745fb94e62,0,normal,
c00472374ad84b6493a4dbc7a93a93a9,0,normal,
cd0eb79a819946bea2082516e3aee728,0,normal,
56ae6c27cfac40978d7903a898d00670,0,normal,
c986e09bfe5f4828b92334c902689f0b,0,normal,
6bc3bca99fcf4d82a265d53d9b87a8ea,0,normal,
26478f296d014cd19e4290ba718c806d,0,normal,
7f02c06b567e4737b348695d2789f8ae,0,normal,
fc40d85c55054c1b9643a4fa5d5a230c,0,normal,
ef220db9dbfb4f08821320d379e3c93e,0,normal,
e03edc6fd36940b785bd3c513bf7d713,0,normal,
a986cd13dcf84e2b91da663827b487df,0,normal,
d863004192be4430afaf0f78c973e704,0,normal,
e75dcab705984d82ab11b89bcb08ae6b,0,normal,
fd025e654321406b852cdb607df5057b,0,normal,
2947b7e1aaa64f33bb2ffb5792153349,0,normal,
835920090ef24acc9d77756bd4c0e99e,0,normal,
66304f435c134a6da17083c42711c66c,0,normal,
a9a6e7777dfc400bba6e0039e13ffad5,0,normal,
2c245af87913453bb65185fef9ce9689,0,normal,
cbef8aac01e747f084256eca0bbc9860,0,normal,
302fc65ffa2a447899f9b5489c6de047,0,normal,
096e576db43e4da6a3e29e17865501a2,0,normal,
864329d7ab764cd59121aa9106b21bb5,0,normal,
ffb95bd5a8c94b2ba2b082de2c366c18,0,normal,
4df1b1d98c3e4dadb82d6d8ef87fde45,0,normal,
8e17c41da61a4789bb33f3cbc784b998,0,normal,
2f15e453cc4f44e98b64c8a5d032520e,0,normal,
66049a25c08e4057a1c405b7cd74d864,0,normal,
8365ffcf6cc14dc0b0f69691806c1be3,0,normal,
bdfc19f9000b4992bed85cd3da51a490,0,normal,
5ec6f53db6284d9ab538819b5f94de62,0,normal,
34f1e555f4ca4710b4e2a218f14f1820,0,normal,
e09ef69f8e9448ab915d69cc6ae3123d,0,normal,
c89cbfd98ec64af2930821a6550154bf,1,structuring,structuring_504
ddb76b22cdf14b46bd59b443720180c3,0,normal,
96a29296ce194ba19a33fdde36f4de8b,0,normal,
ca17e3f0433c45e58b8fa021851b2bcd,0,normal,
7eb23be7fc4842a5bbbcf5f8cc0d73df,0,normal,
ff44941d538c40e3bc30680ce5eedb2a,0,normal,
ff5c0bb243ef4dba88af81bd47b8700c,0,normal,
05bd99bbba7347558f3daf2bf0112978,0,normal,
a4a3e868711f4ae99090c0365a3912f4,0,normal,
1b25180e25e84984ad7b64781067b899,0,normal,
ad4a6b0b0e394e589a396fdfd098b703,0,normal,
94f7232c19ed4298b49f6b2766ba732b,0,normal,
9fd06d06b02a48a78b83779fbf55fc83,0,normal,
111c5b2384844543874ae88477d41675,0,normal,
bcf1521137ea4ef19792e8770d149e86,0,normal,
e7339bcb5da146df9a960ebddd548cec,0,normal,
76f897687a974ed6a23367160732bcf8,0,normal,
f9b9905324204dcabf1159696406021b,0,normal,
95aa88fe1a6a42a486e1aedaeabc241c,0,normal,
5ea3cbb17c7c413894a18edf79202291,0,normal,
e2f02f595aa844b09275ada1ea3070da,0,normal,
2d8b9542790c49b0aba4c98de1d924e5,0,normal,
19b85d320cc645ce9326f445073d9010,1,structuring,structuring_504
ed9ba393121445e0802b55cf1eb19c6c,0,normal,
7e894bc218cf4e4394b4f21d1ba448f3,0,normal,
ffec3aca55474f0a9fd0d52c2c3f7d38,0,normal,
23530ddae2d2459196d61a483ee9cb0c,0,normal,
b3c2d947688b45ef9ab360c4cb6bc58a,0,normal,
a6c0165b5c4b470c84498a7ce231d479,0,normal,
fe282a33fc254dd2a307b413ce2de842,0,normal,
90e857f6cb3245cca137829a23036858,0,normal,
272987a52e0043608e5464a83a7cb4c8,0,normal,
1d61b5d42f6547df933a92f85a279f71,0,normal,
a3caa05cd32d4603b1ab7834655836f5,0,normal,
4e9dea6377dd4364b01d50fef6dc2c09,0,normal,
b8cbef4e0bf24a91bab0d9a3883c3d95,0,normal,
aaf05bb4de4b4d89949b3d4ed0936e9f,0,normal,
efae9fa04ab043db8e4478ce9b803072,0,normal,
fa5bc446fd1c4282ad72c56fb0817877,0,normal,
68b701610ef64c30bfc6355123810cc4,0,normal,
d65cf7abbdda4febbe450d58c318db18,0,normal,
59b968f4889a4da4895a871f92ccdf6c,0,normal,
ec381a5eb59a4862b3f6adb391b7f7d9,0,normal,
84d4b4f572f34503b2f415b86c5b15d3,0,normal,
d666d870b33f41b68b5ca0f99350a8e4,0,normal,
3604e337305544afac7bf93170ddd85d,0,normal,
183c0a7c70b9496ebe850c893a3bc7cb,0,normal,
813f559ddfa4400984fba17cce176d48,0,normal,
85b65b70cb06425da23f6a48fb7b50a9,0,normal,
36d663a1b30347a690867de0f73ce044,0,normal,
7031e567a3de46bdb438a8ecc7f63502,0,normal,
c1cd08a7127a462c809ba581a8526b98,0,normal,
3e614eab0c7946f8a5771381cb987d40,0,normal,
756b41828cb04116853e9abd5a4d5214,0,normal,
a64559667f214587a3326be89eea4314,0,normal,
b3fe8163782740798ae1afeead3b3c21,0,normal,
58bada05a6124e4fa4d261cd1dc3a6ca,0,normal,
6169e580212f4476ab9b662ec07fbd38,0,normal,
b66406c917184628860c426307906f93,0,normal,
ae2b6f6f2abc4b9d9b6fbe6086ea35a6,0,normal,
87ab63759597490db02f24d665e11aa8,0,normal,
0e00929074ac4745ad672bd5bcd7de7c,0,normal,
57ba37da8d034124b4bf447bd942fa70,0,normal,
e4600a14d1604986b309b7abd2c3eda7,0,normal,
9862f696c0af439eac63bf4fbec60bba,0,normal,
8ab9b5177c4547f7bda45d6b16c40d4c,0,normal,
a7c60f3cc72f4e9eaa5b1cc318a851ca,0,normal,
711d872a0c6f4641a1c79571a9209cda,0,normal,
7beb54993ddc44e4bcc4eec6cef5959c,0,normal,
151b500fbf624bcd87af44eb4fcf06a1,0,normal,
603d552652714ced9e9249c685b60d59,0,normal,
6ddd71ccc82f4116b52c9051ece875e3,0,normal,
8e6fc5d86c6e43599325b9cae214779d,0,normal,
f8058fe628ed403da78a5af22f895035,0,normal,
0152f7b4bd114ff19509b8a3988f596f,0,normal,
5049531cc63a46bb94ae507c36a609e8,0,normal,
52edab0f440643c49b1f34bccf06c733,0,normal,
39f80dd4091843bebf61b7b3a483f6b8,0,normal,
c80edfe7058b4034a3bf7e3b787b964c,0,normal,
2869eff338b04b2da3fb0a5185e3ddbe,0,normal,
108f5187a9c04c47906ac1e33fdefd55,0,normal,
9cb7c77ca25d4edba73d6b371a5e1e80,0,normal,
9001a3087b834c9fa829a149862c217f,0,normal,
e9f2272e544d4b0c9ddb13378563e014,0,normal,
f1a560302a6a4ef3b7035ff80a2d99ae,0,normal,
e6c24298377e446d8fed8248121c514e,0,normal,
2d7866f3d292407f863a3a596f0175b3,0,normal,
762f5122f4a54be0be2fd22d91f4f53e,0,normal,
21f86c98de7c4a669d6accac2fbc1a0f,0,normal,
6275015a1a234c90a629649d5761426c,0,normal,
6043ea3080d9439d8ffc60a1b677eb11,0,normal,
8cb8198c2d764b16b352ff41687a979d,0,normal,
843b3b1fb23e4e55a4682494284beee3,0,normal,
e6959f1117b0406291642b85aedbb8bd,0,normal,
a5d91f48c44d4e9d815d7c9d8a1e5e75,0,normal,
39339bc6c8f2429eaeb9bc3726c50011,0,normal,
6f830de9131a471083dd18cde935ccf8,0,normal,
b19abf569f05456a859adfaaa17360ca,0,normal,
e4df1352eb8347f1855991524147b733,0,normal,
545d7f62219243fe88be5e901bd13c02,0,normal,
6b1671891a35402da27a27e64a93a7ee,0,normal,
0a77e603fa1342c9b9cc9dcaaed3149d,0,normal,
ddb5914cc8a045eb9d1494702f232fe9,0,normal,
c68878f908604a82aae183bfa1b69675,0,normal,
8c8a116274b04ed9bd5c9c26ad59f819,0,normal,
6a42d5a85f9a4dd4819873807f7e51a9,0,normal,
e6b71d1034fe4265a34b3c24466af87a,0,normal,
e4bcceb4c65c4a0c9a7d9bd647af1d5f,0,normal,
9889decbd9f147018249f669e27b9f40,0,normal,
267824d8b9534461a1be7261b9b2363b,0,normal,
c0b3fb3331ca45a6aded2f87155e4756,0,normal,
e5e5a5e9ba88491a8b4794e8049dbe25,0,normal,
c416369a50da49b296619d20b0cf83d4,0,normal,
2435bcff3e434f8083744cdbc6d59239,0,normal,
6c152ab95bdc4880b60d0d606fc195e9,0,normal,
0271c1ee91744f00a970ddc66a67479d,0,normal,
f57c9885104f4b2e8fa34dbb23cb5d53,0,normal,
b6bfe3dfc40f41ffbb4b431dd1e91d52,0,normal,
0e448be9ab2142bcbeb6198b3eeda8b8,0,normal,
716a6f35a06f4a079e62f689c339d1d0,0,normal,
d8caf9d2786e458d80bff0306d8f1764,0,normal,
7abd0378e420404cae9602435c8f6d90,0,normal,
9cd59dd4652348f49d7dafcb1c1b65b5,0,normal,
2747aab4cba4436dacf743c15ac98e4e,0,normal,
c6e2278d893042789e2aa8490b290f49,0,normal,
a419c2177bc1495dba1c3b3f1a1191d0,0,normal,
67a88b9f360a480498ba2ac4a8344529,0,normal,
243529bcb9124e7f80254d8e5cd85406,0,normal,
8d8a4005aaad449b9b9f03a6e6bed29b,0,normal,
b372192d56284fbdb5a61426ca395f05,0,normal,
064b5d4bf7154efb86a1ef4d6af5dba3,0,normal,
72cc296b80e54077b4ee1c576fbae15c,0,normal,
9be60d1f343c477a9bee0099dfdf6bef,0,normal,
1a86065b7c82466dac05401af683cc60,0,normal,
7f919e4e6ebe48e4996f48e7616d4662,0,normal,
437a9db003ae4577a74065df90012ce2,0,normal,
1fdfd6a380d04fa8be1b09d97e6edca6,0,normal,
e9c1acb0be44487ea769b72e232b9c30,0,normal,
17ef8e0ce15f42b09e7993398d26872d,0,normal,
3ac50b1738854b81ac85264b4d155e29,0,normal,
2752a54753c24b31a21b65c3ef7ba23b,0,normal,
64801a721f0f42e296800299441ea4e0,0,normal,
bcd45e096f864850a75aa8ac7c7ac44d,0,normal,
f6addb5c35504830bf6083af26e57ad7,0,normal,
8b378a06b81642bbb2b6dd38ca3eb8cf,0,normal,
afc59533d088404da9143dd52e931e97,0,normal,
b81026553874415faf4d25e7370617cd,0,normal,
12c5deb13a1249c7ae5325c2c96df68d,0,normal,
9cc43aa8e81d485fafe09b8c3b8732f2,0,normal,
a1af0974806f4d6db511a3c5943c862f,0,normal,
4795b686612040c2a7364b38dbd8bf14,0,normal,
0e6d978329c146e58b62b98fb177a28d,0,normal,
cc23546e79754eedb037c6e517e85d9a,0,normal,
434c52005f5649c5bc28b7f172ab1c37,0,normal,
a3e4d2ebf60b4354accefca36a105846,0,normal,
6857edac967141cdb8f2448867f7aed2,0,normal,
ea3ac00baded42ad88bb18cdd2609291,0,normal,
74748064d816401f96fa020ad978e623,0,normal,
7f5148bdb92a41da8d3be8826fb5ba2f,0,normal,
cb0fbfc958b642d68999ab6a7af41394,0,normal,
fec4c47e0f8f48e1bd6f63393a3bd9bb,0,normal,
f9e1010bbb68475fae1baec36c2c67f8,0,normal,
847c8a06414a4f8cb78cdd538b3e4d99,0,normal,
55f716ccf47f4e51afc909f56303767f,0,normal,
48e8e81be3cf407cac9faa0329abce22,0,normal,
2b49764c61204071b4b29c19b6700f44,0,normal,
50a9f2db84054381a429b2b7598e040b,0,normal,
f2e046cb9bb94a44a4270a2c6864943c,1,structuring,structuring_504
a7e6238a0c4c451d8613c7860594a37a,0,normal,
d716672f0ace46ec82095c5a8b53c657,0,normal,
a14bf3573ca541d2bacbc25010868ed6,0,normal,
568e4f8842f947b6ac11f6cf193e705b,0,normal,
ce47196e834341deafc0f4776501c0be,0,normal,
fd8bced442104e88aaf21a54ac0e6359,0,normal,
029f18a0e67e4639979633cf03ed835d,0,normal,
2f5321a9dc66463c8e262a62a769d753,0,normal,
416f71e4cba4407d859ecf4066edcd23,0,normal,
540c38722cc04d1998f85379053d8f07,0,normal,
debb5785ceb34b3ba51cd4c12e562ca2,0,normal,
68f1c9940d124646b8306cbec902cac8,0,normal,
6e0d1c73ac5f4d5cbc59e7e775f1dacd,0,normal,
2fdecb62d6494a488e4e06d8fe3692cc,0,normal,
3ef16778b7404c3eadae05c2a0354832,0,normal,
7ad03c8b726648e99b651fae5b5c1f6b,0,normal,
afc879c9f0534a87b1b42abf269f864f,0,normal,
6436b48847964ae992fc40f6388cd8e3,0,normal,
c2b8b4af609d4c98a8b948c1054cc6a5,0,normal,
3d1e740b4b004585bbebc3a47e55625e,0,normal,
cccef41370234b64ab27baff0cabf883,0,normal,
dc6671a7cda94106a5697f20fe95f4ad,0,normal,
0723b4c8588942ff84df794daa44ceec,0,normal,
3ed241226a264aedacde0e1a9c9514fd,0,normal,
52f5cd36307244ab9f75163c726f4d27,0,normal,
a121e60aad26486ea5a0fa76a112bf3c,0,normal,
259ac021a72842acb473d5004d3d5505,0,normal,
c6d6a0fa96f04eabb371d02481727f68,0,normal,
bbbfd1448ad74089862a442cace4e3f5,0,normal,
0b1e207bc0de4bc7a8261d2145e326e2,0,normal,
540e7d6ba8f343efbf53f535936d07ab,0,normal,
a2f7dd960c7f4903b0ede34ee4f763fc,0,normal,
da05b7dce039472488e64caafdb39e85,0,normal,
fee8cfd90ba645f68d100cc872e56a41,0,normal,
c7bf7a18a8a24b82a23ae1d59e014030,0,normal,
b5ef0555bbd5472bbece60ead451acbf,0,normal,
8d7fbfe5bc5645e9a227252c5e5cdb80,0,normal,
c55ae5f7f155472bb5a29ef3e023c833,0,normal,
b45b58cbc6814594935fa544fcfa48cc,0,normal,
f7d1f7a44a9e4c7a923dffe9f7f4020c,0,normal,
c4d59305a5b44dffbb19149effcdc96f,0,normal,
a1c08e54e05345b89c7672777406f6de,0,normal,
8a2b064882064aacb417ed36db4c0113,0,normal,
bf9f91b39c994d52b4a1494417ef1b32,0,normal,
a3f1fe6cd2f3415a9f934539d4300ad4,0,normal,
45b0712773a44b71a29b43b68181233a,0,normal,
2dc45d6d6d434ad89ac611c8e459aba4,0,normal,
42444a21eb8c41c1a394653114e188b0,0,normal,
bad18594c0b44d3682d3001b635b956a,0,normal,
9cdadcb997d045e393692910516602ab,0,normal,
73f17d1d455c46a8ad8a13fd7130124f,0,normal,
5fffece1e76e438e9ce3bce6ab543f1f,0,normal,
5ac791fa4aa8426d9ab690e286eec081,0,normal,
229e4502d4a740968c27c4ccc5335f5f,0,normal,
25f8b26689264e33b566219a09ddae3b,0,normal,
7c9bc133bc7443a0b4a740eac72318ca,0,normal,
b7dcf77589cd4dd89cdbbec75d658bfb,0,normal,
9b464abd768a425b8168a5dafab97710,0,normal,
5fcc24be47334990aa3182378ffa29d3,0,normal,
8669058c705944e7b6bf98dc5e164232,0,normal,
f378e4ac2da94874ad2402346d8bc25a,0,normal,
fb28ea0824554512a3daf6408fad30bf,0,normal,
1f5bcd384fb348a58e2af8835bd984f9,0,normal,
a69413e623304849a894d76179e6b4fd,0,normal,
2a040022e3ac4f29aced3862c2558ef5,0,normal,
c603eee288c547549a7efb6a783346ba,0,normal,
e527f037419f425696ba46099d022583,0,normal,
71765c6445be4f059a393507c52749ad,0,normal,
74ff2499a24248f99119fb8f7870fd9c,0,normal,
334f85121a4443728a5f69f44ec613c2,0,normal,
f505140829e440b28623ac26b896814e,0,normal,
3253018af44945589a068a828bfcceed,0,normal,
ff3bc4afb7c64a2689a6e309ed534af5,0,normal,
7046681536d7416894bf7c641e63d02d,0,normal,
32376b74da81426aacedeef1ca7d2b1d,0,normal,
4c0313f3f293478a8547cf5c9a549f0c,0,normal,
4b0e7bdc41fc4a0496e2d6d64a23394c,0,normal,
8adf5f0414734cb887da1cc3ee77be81,0,normal,
650f1f4148834afba6401d62a5e5e009,0,normal,
8ac9e0634fec4a999f6db34c906e6e9a,0,normal,
0b67f81733a24fd58e6183205caf3c41,0,normal,
21ebe2359c56475c9d1a7ab5b39a2a44,0,normal,
5f6ddc3768a3424088bf85ed9a17d4e1,0,normal,
f010869b5c2546d4bd8d72cb8478a50f,0,normal,
3f294130242544559e6ab1d95399df8c,0,normal,
73ddaf770ce44408af670fcbfe364733,0,normal,
8ee80f716009425ab55c294185e24d6b,0,normal,
23a9e7e166064977a3c2e5dc7a21f1b6,0,normal,
a115264d40574f20a6818dc9af90e4d2,0,normal,
3ee1af36bc3a4aab8f0bb3a087c77aa6,0,normal,
bbcca4edfb9a468fa4c762421363cbc5,0,normal,
64a6ef371b1b4cf39f4e97d68c87b61a,0,normal,
2d9aa1a2d2614813a2fd18e307c8c2fc,0,normal,
9485e70951cd4fc2a4e10acc7a04fc17,0,normal,
521ef6a40a2245c09dc489b7d24f2699,0,normal,
8b146c2bb5a74eeca6a8aead42602e36,0,normal,
c8977bf179e4467cb699f7a518e8ded2,0,normal,
c6ff285669d745ee9841d11876ad359d,0,normal,
d56829c416504b2aa602aecedd7c8ae9,0,normal,
3ae3f6aad4af438e81b40967622ce109,0,normal,
efd385bcd900484ba6d80d5fe52f372f,0,normal,
de992bfcfb0f4d9fbe0503f7878b690e,0,normal,
5248ee9474554ec68137ef154107bd31,0,normal,
a46ffa7fbb814f4288d0c9d13902b3ef,0,normal,
48672d8a88a94a28a5963f5d6e71a660,0,normal,
a8e9c198d78c476a94927a65ba4541f3,0,normal,
5f208c0e64d7471193737b146eb6c566,0,normal,
b132354b657c4a57a62efff146c539fc,0,normal,
44a336177fc6487294c857bd4d51270c,0,normal,
fc6f464ab03f47bd8996d5bbe73fa7eb,0,normal,
4675f369916a4f799c5ca34ddd166044,0,normal,
236655a4786a459aae8912b490bb056d,0,normal,
3bd8cb3d19574aa7a7b0dc4b6c12fdee,0,normal,
99ae6351894745ada049145db3cabdf7,0,normal,
c3786ee529e34776837c055a88ef22d8,0,normal,
49c248eaaf924680a80858ddf4e671ca,0,normal,
a64adaf12b044590b08927550f3843ea,0,normal,
519012c748d44b559b644df5851402ed,0,normal,
64261112d5b2480590eaa1f3380e2c6b,0,normal,
ad6d54bbae06452ca9f99650f78436ac,0,normal,
eddf6580de834fff92ebfeaeef76406c,0,normal,
20ee0602ad454fc7b68232117578285a,0,normal,
9a9b2ad94a504901be6f88c7502c470a,0,normal,
f48810e6b96c4815b1f9b2c0c2fb21e4,0,normal,
99aab7afc92a41abbe25aecbeea4d8f5,0,normal,
38bcac6a99fd4f4eacf27bf963b28228,0,normal,
ea4aaf9d5fbd4752960accd7c55a4854,0,normal,
b0c90e0c2f024cf89fa810a2cc8d6f3b,0,normal,
f17f1382612048e5a0bee2ee4d5f5a87,0,normal,
795d58bd1d47411aa38fcc90db938725,0,normal,
af230f2f0b654d3e93a4aeeba9924959,0,normal,
5c84277f95fb49c0b930ebf3368d92fb,0,normal,
9c4e2cc90d524c8b984c585f4dfb57ff,0,normal,
5a0e8b9f08dd4672be66512c561a61a5,0,normal,
ed4f3dde4b6448c8ad6f3db0177e565a,0,normal,
74a4e9f47e5145cc954cbf4bd36613b4,0,normal,
d2ec329b453143bdbc43787afef257b2,0,normal,
922fafadf8b442a5b62f010aec066d0c,0,normal,
336c62242a7d4dd9895f159a6d8d5078,0,normal,
dd0c455c42dd470fbcb9e1eb029c0379,0,normal,
bdd0e4de22964974a9c062b1b2fff40d,0,normal,
70d89fe621364b7898e7e646a9596954,0,normal,
94cf8582c7814103aa484dfa20867790,0,normal,
a15f1b3c2caf4c5cbeafefdc522c0863,0,normal,
cf4962b591494ae5bc6e2035c699fe8b,0,normal,
78eff0c1607b4481b528b7eb4184fc11,0,normal,
cbd4bc52ed1e46008eecd17aa6e2c5c2,0,normal,
809b49c22d6d4cad825269fc1c7a6cbf,0,normal,
94aebdfa7b83490b8a2eb2937fe2a9c2,0,normal,
50ae243e407948dc94b94e9257e75cf1,1,structuring,structuring_504
5190cf5705a24aa98a3f2a6178c9752a,0,normal,
a318926e917d42cfadfcd8fac62122c3,0,normal,
23fee808e0934b519fd7a5209a57cf12,0,normal,
5fa79cdefe5146e6929c3e21f4e4fa4e,0,normal,
d408405772bc4920b84adb3f0b9d8a7d,0,normal,
e439144df9f6443189f1b6428aa94707,0,normal,
777808647edb45b787f53f5589c3e030,0,normal,
14c040d79c194746835d5d473c73c3af,0,normal,
f63101c6cb5848628f9838eceff88f00,0,normal,
e13a75af48b44ac9b0a3581bb758feb8,0,normal,
88473283b74e48d0bb9c27e3ec759063,0,normal,
ba769e7aa6ec407cbac94ef4b57d0777,0,normal,
8febe82d234841abbd249a51cb42798a,0,normal,
42d2f6ad5fd24df8a7f762b26f629aed,0,normal,
c43b9ab26d9848058dc8950634c95c65,0,normal,
c7898dff368b400683625ff91484a50c,0,normal,
3f9e09abe1644376bce61bfcc372e969,0,normal,
eedb235366714e1ea9fbac55224335fd,0,normal,
dd3a4aab92ab455a962431154fa54ea0,0,normal,
ec493a6f27e3454f905c5d2e1cc2d7ec,0,normal,
cbe7c480db3b48ef9225cd3a7a65456f,0,normal,
595fb81df94746e68844e32431b95a0f,0,normal,
51468abd3d124d5c9d9d22cab610b5fd,0,normal,
2b190bc3ddd54796b443eeab5a4f1e22,0,normal,
007d14d79faa47e0ad0a6f9c3c486fca,0,normal,
0a6f290de5e24a4699bd6496dc3a6755,0,normal,
dc3b5388cc5b4191b4986aea6c832c66,0,normal,
7b8e109c9f774156bc4f7d7a647be387,0,normal,
ce50de710544412c96d2c3ddbb24e02f,0,normal,
7bbfc8605ad347f5aa42a5d8f6138c2c,0,normal,
ea4dc92e09bf4a4ea12ce54b8cdbe2aa,0,normal,
96deee1c230a45da98be10939ba5743e,0,normal,
acb0b3d8f09f40788f636928dbd25e98,0,normal,
5d82968621104a6a814b3b1bc12ad0fa,0,normal,
cca821568e78408092262d1bf3daa3a3,0,normal,
13fea98f7f87458e8db91e76a82f1df2,0,normal,
5e0252466348402cae1904b6fa8c49d7,0,normal,
8292c621b3cb41df94f48f7a79c4b3b3,0,normal,
2b25385b8c2548f4a79cf11daca239a3,0,normal,
0e135fcf77f24eee803c4a9236491a31,0,normal,
81c80688f21f4e02a5025c4ab7ae4b26,0,normal,
8e9f365464da48a28d2a2901db719212,0,normal,
28f7527ee4754399bf45564dfc903ab9,0,normal,
ab99b77a0e334cb2868568ad64520009,0,normal,
a73a7c7a010244339f301fe8b92f4cad,0,normal,
7a686b0033bc433282164679953efda1,0,normal,
71afea8f701941f9b9af4bed8dcf3bf9,1,structuring,structuring_504
743bba9f43484beebf0aa9861c4d5c01,0,normal,
2d5f2d8524ba4778a4e7e6d61131431c,0,normal,
e647c505866e4902b138ef9a6a3f4135,0,normal,
aac9e8d36a494ae0871c229bcdb26a7c,0,normal,
3a683beb33104c0b989b70cd267f38fa,0,normal,
6e33203cc416429188a1621ac459a2d1,0,normal,
f0b9a143c4b54be6b286f72fd624cb6d,0,normal,
66077a1b4cd8493ea424f0d645b55b28,0,normal,
59ce82d6dd564089bcf6622be75e840e,0,normal,
da147f5d62f249f5889afda2fedd5379,0,normal,
42f9d06b2055472aa1fd83bf31e10ec9,0,normal,
8512ceae6c814435a452aed4ab2b5e3a,0,normal,
5888ddde882e46fd9286e3454cb9b0e3,0,normal,
b3ea6938388e41c2a6a290612726bfbd,0,normal,
acbd36363f4d4bbd8117bbe53d35b900,0,normal,
9d0ea84a634e481b9f803d7fe36fb9a9,0,normal,
2d7ff6a6ec6b476dbd33bc9c45d16445,0,normal,
15ec889965254852baca2992693283b5,0,normal,
982f2f454a18452f8c62cbb458e4b73a,0,normal,
6bcd02c1141b465ca4bae90c1ffdaafb,0,normal,
c6f3b9eaf5f5410d8495523e5372b0e4,0,normal,
edd28c16b1e948d1a5d075781b08f6eb,0,normal,
981ec3e66ce544f9a3aca78fdb0dac27,0,normal,
3b7b7262b7b4489b82393ccb25defc9d,0,normal,
f29422988cf14bc7a24a3e52ef1eed9a,0,normal,
4558a852871e463ebf49e98adfb0f816,0,normal,
a70c23375e5c4653a9a77209914a47d2,0,normal,
eaeb00c7262b42769855b97455dcba69,0,normal,
a5d778633dae46a7a68e80e7d68f8011,0,normal,
9477e4f2dc344985837b7948279295d4,0,normal,
4205c086bfd2480c920f091b025e6f98,0,normal,
25f386fb313f41d18706e7171d25ae24,0,normal,
2760d869e47c485baf5b096651cfbb3e,0,normal,
9addb1a9cc674662aa467af9325a9f83,0,normal,
0b67074509b44ab89ddd51a71e5c0bc9,0,normal,
5d65da948c02413b97716584f89195c7,0,normal,
3c703cbbc37f4cff958965ef88861032,0,normal,
29c8fae077f4477fb82767c2b7ea8e05,0,normal,
77fa9435f8d84b1ab681ed5f5c8a2dbb,0,normal,
5717efb0c9d840a29c2c4ab8dd0b0ec3,0,normal,
621b42704fbd4b03a47c1a785b8138ba,0,normal,
6a759d192d544a7c8501d0e3c8ff44a0,0,normal,
1ea221d01ba84f4e950940a9d3aeef67,0,normal,
9ab5613152944b55aa1d6139e35bf3df,0,normal,
1e59f3beca93416daefeb03cbf8d18e2,0,normal,
836fbf41f4074732bfd748da41ab18b9,0,normal,
80554982a63644cb826b9ec995ef31ce,0,normal,
4601872610fa49a19ad6a49abd82d0a3,0,normal,
171e07a6467f4ad8966e99c9851e209a,0,normal,
1aa7d8693964402db1c384e36bf47cab,0,normal,
55b83e9364e6499eb9122e7d7301e89a,0,normal,
32ae74b288a3456d81147fa70f53f4fa,0,normal,
b78f5b60651b4a07b0e7b504d40adec5,0,normal,
3c6f53592aa34bed8ba6412eb3268cda,0,normal,
5b020bf7b4f34a6481a9865f2e7637c9,0,normal,
562d2b3e5a65441fb1034d9484725ea4,0,normal,
8e7ea3cc78f940e7a9e3105da45c03ac,0,normal,
4f0759c348194fccb5b02743decb72fb,0,normal,
6ba9137fb2734fc2af7f3c7a2879633c,0,normal,
376be8cfb791469bae9832487e816c04,0,normal,
0a98d50059914fd5bf07d38e9b1ef1bb,0,normal,
a25d42af745b4882ab54ea16bbd9aaaa,0,normal,
720dd6b3c617473498558cae5209728d,0,normal,
25a26303095542629a0d526fad7ad1dc,0,normal,
539f3c4bce9d4fa1a6117da3a2237035,0,normal,
cf131c3f371d46749254765b01bcad19,0,normal,
d3b65985171f4fc888208d945c419d12,0,normal,
13497554a8ae4c759e83883cd268f137,0,normal,
8ab0c9ab232449f08bc72ab98352d962,0,normal,
54d2183bb14a42dd8b8938b7a45e14d9,0,normal,
6d0b30cd99bc4b54bd2f53e5cdb2af7a,0,normal,
5fe766e275f5404a8f8fab4656652ee7,0,normal,
9ea09a022504433290d4f49806b81106,0,normal,
ebbbbc4992584e21a5f8e8018bd667c9,0,normal,
76ea8bb221404ca3956801e33311500c,0,normal,
32e80df5b2c04f59ac41ded5659d710f,0,normal,
4cfa1ef695054138bb35848215e2e711,0,normal,
a646210bbaad484382ed6aa6ddb1f6a7,0,normal,
4053363ea0b84f578f1aa5cf2b91f16c,0,normal,
397a49790125421194591f32a2bbc2a1,0,normal,
13757a36985f4fc3a232f0cda4f3602e,0,normal,
18bd194ff4c349189f680b4ae4bb73ec,0,normal,
b936e424ff4441c5a08ee086eb28e70e,0,normal,
6475f43d95fd4719bcc93ec8b0e8ac93,0,normal,
eff0565b4bd442f2a60df54d3689eb85,0,normal,
ac8cb677c2974bf59b09ede1599bd815,0,normal,
f4abf451266747d78c845eecd40d63ea,0,normal,
1d8c4f41827b482c909fa1665b095f1c,0,normal,
0db969af631245d193a611716c4239a1,0,normal,
e4455c71778f4340ada02b3ea0e5392e,0,normal,
b50e15baccd9414a93860dd480a4796b,0,normal,
e03a4aefc5444ae0b92fc43ccc90ef87,0,normal,
efa9fdd8291d41ae8f30a3d370730fdf,0,normal,
e979e6b03e3949e990f94df3d3fd0692,0,normal,
83c86e1754aa47c3bce5ac0271c7e74a,0,normal,
fe5c4e5dc314451a83ef94c9cd4823ce,0,normal,
bc6cfe7154534f1e96a4984d549fa3b5,0,normal,
8e343c793b784ae399683b7c48498963,0,normal,
7e76f61fe1804dfdbdf6e349c26c9465,0,normal,
560f7042ac1b4d198ec103125d99e3cb,0,normal,
fbb0a0c7c7974145964fe89609d99cdb,1,structuring,structuring_504
ff996b9fd5444dc4bb91cbd3fed03fbc,0,normal,
d612daa4a69e4d688649c81f255bdb9b,0,normal,
7d49c0c29a8845d28bb99024a2dfca07,0,normal,
35f2474aeaad4b8194c0325e872db3ee,0,normal,
e4451188b68444429bbaf3f549ea2323,0,normal,
5d7d188463ad443c93354558dec091f6,0,normal,
dc577349cac84a73ac21c000004c16d6,0,normal,
44498ab13ab148d78ec94a77757539dc,0,normal,
c38d09f63f5d41dabc152b1b7442b147,0,normal,
a0e726dd0ca445bf8c21d3285ed7c411,0,normal,
ea9cd3cd2b4b43a596c0f7d6dba398f9,0,normal,
a7c2b887d15946b197ceab05e52fe96d,0,normal,
adae6d3b3e3a459583b96be0706c0657,0,normal,
c358fc24ba1344e2b179e5cde2e86c3d,0,normal,
eb5e8f18719947f98b04999c843fa01f,0,normal,
f42aac8c9d744e9094100e57b86791f9,0,normal,
d5bf2399c28647d3b68a041b3340c4de,0,normal,
8c45d179338940e3af793aeca2301697,0,normal,
2fa702d4527741969fb1347069fba3c9,0,normal,
538a59326adc45769708fb9693394cdd,0,normal,
8a5db524cc3c4bb0b46416d21b4629d9,0,normal,
dbf75801c3b448aa97677eb935448bbd,0,normal,
cb002cf53f564b069bc8aff85784e05a,0,normal,
a78948c82c6840db9e53cec92be44886,0,normal,
cf5b929fb9674bc4b89ab4c8bfced997,0,normal,
c795c8c44a6742608f52873ab317c17c,0,normal,
f2576c32f1af4066bf6095ff3e0b8c7d,0,normal,
8ea8cd3d29c945b6ba847df9a024c057,0,normal,
a8d26ec89cfb4c5588506b3953d1ed48,0,normal,
baae8cffc5814eb69bdfec75f637d5a8,0,normal,
33d4db7d87e64fb887dec6064e4f801a,0,normal,
c9244161c45e4806a4681e6b667f2903,0,normal,
4ea31a5d167c4d478c06d5ff45d52256,0,normal,
e188de38c38b40c9b4ca7da1f6786354,0,normal,
ed145cf6c62541b6a11b6dbbbc2cc947,0,normal,
1f13e2daa7314a78b34590dcdb02d98d,0,normal,
3bd86bc058d54e22ba8919e19d0a0c7c,0,normal,
1c3f18f7ce4044d9abbfd2c25f277181,0,normal,
c26bc81c27344f1eafaa1b7c5726d900,0,normal,
ff548ad3a22849b0825adf2a03b4acaf,0,normal,
8eadcad9ac5248608ae60dc92a8c1251,0,normal,
c08625e7b89c4929a2ae19dfb409af32,0,normal,
6a2f3618a3a64bb6bc888cd0ebb3cd2d,0,normal,
aa01eeb57048495a900848a49e4c55cd,0,normal,
959ec3850ac34aa1b62c6978eaa3d8c1,0,normal,
381eabbffaf64e1ba01fcdee043e86de,0,normal,
bb81f75503cd4972acb6a5659aad0209,0,normal,
b5dac156bbe8415a9f17c523ca726208,0,normal,
b1a46f75a09d42e8925c12ad7e42758c,0,normal,
b15e3eacfb1a4d5bb5440876cbbf6739,0,normal,
c94a007917954ad9b2afc4cfeb5278a8,0,normal,
a105830e672040eaaadd9bd6f7d14544,0,normal,
1356799719b447dda78236b17f59cb7c,0,normal,
febcd44d61764ab68e7278c725caf809,0,normal,
65130deca0834066b833eaa050e51d7e,0,normal,
019467cb51b94ad08ab52a36d0af2892,0,normal,
24daf0a8772e4616824c19f6d6ab2875,0,normal,
6f215b04a50c450bbcb41d290ba9adec,0,normal,
0231cc73b6224a20aa3ea30562375e84,0,normal,
915f3da4d89d42488372b524cd4a8fca,0,normal,
967e401562384ac399f7292ef7438e76,0,normal,
5a704bf7c9904b4e97fec9901e20447a,0,normal,
ec569307218743cf813c02d2b3e13161,0,normal,
02d1accbb9d74f208c26be3b63f9b60b,0,normal,
d32cb8e40e4b47b29f7d6cc4d95f69e1,0,normal,
7d8757b10f93476faf2d44ff183aa195,0,normal,
524a1aaa8ccb4e288d6c2d75da15b5c5,0,normal,
eaf62a4551f14ae8a4ee55ec106eea91,0,normal,
b8d4c8f70e5347b1b3020112b864cfb0,0,normal,
b78f87fecdd3476c9fc3008202adaf02,0,normal,
1008e465f9c142e79071a201a1a0018a,0,normal,
390bd6cb02424bafa9e8680030a4cb45,0,normal,
1be1b5d5087c4574b1dafe0edc0891c1,0,normal,
e6f6d1e976a4483c9b29ac9a96fe6486,0,normal,
c6975571c68d4ef8865dfefe247312e8,0,normal,
13ff61ced0044954889741ea95ad6796,0,normal,
78fb3075cbc8477081dac98232b5ba52,0,normal,
ec98f743d8e94d6983d31f31149ebbf4,0,normal,
3fc7ec8742ec4535bb9632073c4ea434,0,normal,
d3a7edc85abb447ca1417698cf17f9b8,0,normal,
ed9aff4507cb454381ad4666994bd515,0,normal,
c87fdd0630c249a8ae9bdf20416847c8,0,normal,
138f5d0e8b924e14a6ede31dba989086,1,structuring,structuring_504
ec3f5b4b90734fdd8ef4a4e4e3d46bdf,0,normal,
810fbb7af9f843948436fb392c77b34f,0,normal,
879d72c5031f4612b675c49cae3bd832,0,normal,
af24fee3fc96449f835d7695c43d3956,0,normal,
50922892a35d4b6d920d9e2dd48b75d5,0,normal,
e7969a57f8a647d196bfc5812ae7bf6c,0,normal,
135634a38fc34d6c81d9a57851b9d804,0,normal,
1b55b0c614654104a4159f8619d0bc5b,0,normal,
ac3b99c578534b62956c5273ea98b7aa,0,normal,
af747274f3e84d9fa05376e9c1783040,0,normal,
da4183e5959a45e3a5a41cc8478625e7,0,normal,
c833adf15b5b488696424e57153220fc,0,normal,
a8c70bc75c084be59a06cf9791ed72e9,0,normal,
febfffefe7d84d56b7d754f359f679c6,0,normal,
4a9f864905ba4413b2c452bdf8c8ae87,0,normal,
7cce2f92dec04483bcee5d96b5158890,0,normal,
0cbc9bcca15847c1a53684a223423723,0,normal,
e0a5940e969b4de5947a7f71fc94c77e,0,normal,
7ca0405e9f204f199b6093649ff8a5fa,0,normal,
b0e4ed72dcdb42ec95cc50dd6091854b,0,normal,
772ee74998484cb3ac633ccf9733580e,0,normal,
55e320aecc0c4119b3e2926d83ea35f1,0,normal,
30be41c0e73b427fa6f24dfb260133a7,0,normal,
e1ecc419603d491da0f3428d8fe3e63c,0,normal,
574517f3b6ad428da1227cfafc7802e6,0,normal,
0bcf41bdd66949f286a24f0593e5cbcc,0,normal,
9aef0c5705e34b5b8eabaaf2aba2e992,0,normal,
abe43fde77264966984ecdf634aafbcc,0,normal,
3b6b86f6de784ecc8c1f4c2d517c2636,0,normal,
8c39861e54664f35afdc741c8485b1aa,0,normal,
c4a4dfdd3f0943a785b2adb7bdc97295,0,normal,
14fe0683a4d1484d82d6885bce4c04fd,0,normal,
4d2e6ccaafa3419e89955ea0c7d13b0e,0,normal,
f96ef41f42d246c3b5a9ce45b498c93d,0,normal,
9d06ef22857f4cd684bcd9d4c9451a60,0,normal,
e78086433d01422b82868e2bec59cd53,0,normal,
24bf1889cceb4d1d8758fd0c7a032f5d,0,normal,
b298a618969346f5b1d21fef7770b1cf,0,normal,
b8f2835b98014048bc3dff882f59a586,0,normal,
be74bb3e466142028ea8957f0a811922,0,normal,
ff70323318f84c389d772225c6585e6c,0,normal,
da9f108639084a91bd88b84add883a64,0,normal,
b0439cefa37d44aab1a32c588002a2e5,0,normal,
5dce55796a6a4a0ea6bc8687e1de5f35,0,normal,
195a137b99ba4d5eafe365a65f29ef65,0,normal,
6f7c7238ae4e45c0bcad0cb7d8c2559e,0,normal,
0632411c2c5042f19d606a1bd1ed1941,0,normal,
673bc7045e434ab7bd7a26c269add193,0,normal,
20238600538343ff9cc6833a78bf9eb5,0,normal,
0042878371c54e47aba064f4e508352f,0,normal,
6e000c9c5fc344c598ada80a7e564616,0,normal,
e387bc7618a4403ca5e0793d8148eb9e,0,normal,
8dcba3169f6741f3968db0d584c0ab13,0,normal,
b9590e44de3943a5b1aa794a6123e170,0,normal,
dec42814b00541158f96debc0ff6b650,0,normal,
36d037ee53c14f8dba4745effcceebb3,0,normal,
74b8dc31f16e4c7d88b32cfc0ae295d5,0,normal,
6c219130f5284052955657af699ac76a,0,normal,
9ea1296b0f504680aab33eddf8c39703,0,normal,
87a0b84edef44b33baa1c51e0b362a42,0,normal,
85eea915f32741c59a077fb90f6cd70a,0,normal,
682018e6183b4bc3ba64e0c6e72cb1a1,0,normal,
733a7ecc3f3a4296bae33bf7580188b8,0,normal,
b25dc0efa7b044928dd077e8f7da65a9,0,normal,
1bf016ab38dd4caabc73c51dc22d1b78,0,normal,
f67d6501ebd3419895319c9fe9b729ff,0,normal,
71859024f072410fb782869a24501c51,0,normal,
5c75f838f2684ce7a68ff537c9b2bbbd,0,normal,
72afdf1b90f448eaa4ef2f490d950800,0,normal,
4b490a0c484642cfb0af65b2fbb86100,0,normal,
f4f59cb7133240eaaccdb334fbbcb091,0,normal,
71041e5035e04a348d10911511e752cf,0,normal,
d77db0daf3f844b4a51f3ed651b6f598,0,normal,
37b5ffa6aef045df9ba1d6e692f2f781,0,normal,
2466bbdc7132485db60434fab99761dd,0,normal,
836981e2e5f64f4298a88a33c500d0cc,0,normal,
7c8789354cb04319aac3ef150ae66746,0,normal,
a2cea03655e349238e7395e6e602d804,0,normal,
8b5474ddc0344ed1a03d776848e68a98,0,normal,
28970b938cec4667bae8e338037f9742,0,normal,
dceabff46e3743859b5e3b829db63f88,0,normal,
e041909997d84a1cb5a6013e08dc4492,0,normal,
fd46b5017d5e462faae0c74f82fb6ab2,0,normal,
63b14e0678b846a088366a9628a5c357,0,normal,
21527c1a18c244de9099de6bf2ca68e5,0,normal,
6ad7072859d147c39cb709ab6ce34146,0,normal,
7a69d25ce8ae45b787343e269bbe2441,0,normal,
f8600ca0dc4846c3b73aa6eae7b5dbe3,0,normal,
549d109bf7634fab9cdce08aeadf6a96,0,normal,
46aeef8af4ba464b8143dee9289b7d9d,0,normal,
f6815159d6834cf581326766d0913086,0,normal,
d2273133f5d542e79792f63785a681e1,0,normal,
66cf56e5c38244ab97320121fee6ecb6,0,normal,
6ab8104b820e44658ca8573291c45590,0,normal,
0d73decfb0f943e88bcce9f29b513269,0,normal,
e92d21755a094c78a13d55f0a7a40b23,0,normal,
c694855004de4f16aaff62028488cd60,0,normal,
3cef80ae9d974302a05cd63664da697f,0,normal,
78477f02961c45d99504dc1a7b32f6bf,0,normal,
3af662c048c14d0281da7aef1f61fa1f,0,normal,
29f93ded0cbd4baabc102c07db2b14f9,0,normal,
2c5111fab2134699a0f78062602a2fcb,0,normal,
96bf6594c0e942aea13f9973d4bd9224,0,normal,
cd534327dba94ee7a766dee38932e479,0,normal,
f1ec2167ae31405fab56fff3c799d8f8,0,normal,
4da7c06089b44bd2a9656e1ee2733ed7,0,normal,
01486121547f4e6f8c78d905b96a77a6,0,normal,
afe67fac20294367a882a5837cd36a74,0,normal,
89ef9704ee474c0ab1d671a8744f36c2,0,normal,
311f2b0715a24fc4a1b73dc4d1639c3a,0,normal,
04ac08c005a44e648fa250ef8c73e89b,0,normal,
523dabc2560a4319bf853b0c3fbbfede,0,normal,
508c0825ed124f44b2cd70cd2327e03a,0,normal,
8afe926848c24dbe8f677a1065d36a9e,1,structuring,structuring_504
3a42c167820449748881a8626a46d88d,0,normal,
bae56a17c70f48428742cafb2638f2d7,0,normal,
fe9ab2082e374f44bfb3a4b8c3625fd5,0,normal,
09c0f19bb5874d3da592cdc46f33823a,0,normal,
98e71ef7f78a4dfdae815cbe34fd84f2,0,normal,
449fca5385b648bdb4eb90047dcfcbcb,0,normal,
9f528a5b642742c3a834f21709c2a837,0,normal,
84f8ca621806461a83356fc811bc9fba,0,normal,
bea9c40916794b13bccaa2e94d535f7e,0,normal,
29124ed3c1eb4f9f8dd8266a2534305c,0,normal,
9aee5827e87f40e6bb5f098dbf725266,0,normal,
d52778e7d2e14f019008d70dba7f9ef6,0,normal,
e1791db43e6f46f8bd298b46e84730a7,0,normal,
5174aee6f8594eb3b3780a42b571ae88,0,normal,
96b935ff39434499b3c8de93b85e20e2,0,normal,
6dd22410086f488ebccf81e2c7e80901,0,normal,
5e40bc06a21140879bc3d183b52c8d4c,0,normal,
3b6752644d8740fb8bba584014020c3f,0,normal,
03e31c541f4246f4b4016436999b645f,0,normal,
174e6b7a68be4de7a873c4b79d83912b,0,normal,
e676831b0bbf4383a9fe06f6cc2450cb,0,normal,
1ab1d4c1533b4afe8a17b202b28430f1,0,normal,
8596cc934556441cb439938a02adc332,1,structuring,structuring_504
5abba06196a7477bae9c7c89e579b7db,0,normal,
25f4316bc7e84bfcb5991c5d08fb2b68,0,normal,
372d97251d4f4e8e99c36c5b18d4058e,0,normal,
5f0880b896f54c86af2431b547478018,0,normal,
49c6cb5745614d6c8099e6bc75dd1f8a,0,normal,
1f0c2df6a0df439d852aaa210c845382,0,normal,
47e2fe473f20415fbfa72a4e6b57ea17,0,normal,
7d05c9a1dd934c4199d769850497254d,0,normal,
181e965f286748b48d87293cca91b9a2,0,normal,
3300d57d18d34f3b99ce363395a9e32d,0,normal,
83a52d60829d429cb5dc1204726e7b86,0,normal,
219f8a542a8144b3b2edaf9059f156a2,0,normal,
e73dd031606244518cffe223fd925cbe,0,normal,
4ad4161fbfc840229f56fb911cbb17ba,0,normal,
b805772c135d4e95b2643dbcc2c98ffa,0,normal,
2bd7ae4855ba4379ac3a276ab925a792,0,normal,
fcb9532f44fe449f8c14b0e8f59a79e3,0,normal,
9f7183e4185a480fa8ec752bd3210fe8,0,normal,
e205e1a7c9854c73b527e0281b747774,0,normal,
bbaeed74b0d24bdb9ea38e0d1b4dbc53,0,normal,
8a3b119bfc884450ac94de9107bbb62e,0,normal,
a1eaebcdcf26449eae3f3e79341fde09,0,normal,
83edc1e5542e4d958a76d39fd83faff0,0,normal,
752aa1252c494baf91e08951857d315e,0,normal,
e2553479be7b424d87ffd10d4f629609,0,normal,
d2fd49b232844d17b6ae51eddbcd2eb2,0,normal,
58601030ba134961a00eabb158ad771c,0,normal,
e75f2951876c438cb4ccfa17e224fd50,0,normal,
04003883146142ca9504e7c555c31b68,0,normal,
f5b4cdfe22f642578f643156d1231fc6,0,normal,
d53574dfb15d4af495939b7cb6d991c5,0,normal,
dfe7d3df95794293bfa027c6ad67c2c5,0,normal,
e021e81f3ada448f942486b0e6ae4360,0,normal,
5d660b941bec47d3ada21abc01be8905,0,normal,
513d5185a15845ada644bbd265bfd2d3,0,normal,
47b1fddabcd049298464c4cf36028cba,0,normal,
b5b06720e44845d980732cd100d25d63,0,normal,
1c2970695f504cb4abe7b718cee48bb3,0,normal,
36358931372e4823910bbcc85d97c662,0,normal,
b4c4c8bc71bf4bd5adbd41a48277fef6,0,normal,
18e9be0a079a46869d33d4222937220c,0,normal,
3849ab7b74914fbeaae3af9e7b1bc3bd,0,normal,
59e9d448d4a54ee7a077a2c7a70bb798,0,normal,
f9fbbb420f1d4e1daaa5b01416102a22,0,normal,
a97214f82ab344459ec0bc18057699af,0,normal,
ace29ea0c6cf4e2bae741c3c7cbf7072,0,normal,
b2822761eb5249cfb5c702a53b0b8e5a,0,normal,
cd81a2f45d9242ab8fec3ce3cc3826be,0,normal,
bc77f912230343b4bdd37d8e9a584ac5,0,normal,
9d9f0c54534e42f79c3e4596ac979f27,0,normal,
8eaa11d374ce4cd895f5202e789bf1f8,0,normal,
2b157d7aa1a54976a8f3dbb7bc378076,0,normal,
44b343d01bdd425d9c16dbcce3bdafe7,0,normal,
00cc4f082fa540b09c10dec5ceed0dfb,0,normal,
d6c49fb03a4647b5b772335e997f506c,0,normal,
05e98c922cd54096b1934d7c908eb721,0,normal,
4063759f046c4fc6b096d3e5aa9dc9a2,0,normal,
8c550310cdf44a6c9e77eb761da55228,0,normal,
92daed2565bc431699c16e322b2cfad8,0,normal,
922bbd587ee542d8a849b2c788058622,0,normal,
60f48d973e9544409c643167db08cd09,0,normal,
39ebcfa27d3d48b8bb2e0b1a2333a11d,0,normal,
10e106f5d47b426998eb248666a4b35d,0,normal,
8c4d6185c5cb4791abe2bf7a59c87304,0,normal,
f48858178e934e88a8c423b53ad9044d,0,normal,
c7f333334b974bf4a2087cf14536c488,0,normal,
8174d969c2ff45e09bffa4e93fb3c031,0,normal,
c59d179eb5044ad4b6368a604867d1c2,0,normal,
3d132ceb5cb44459af7831c3c3f037c4,0,normal,
eb721c89766d44c4af6f8fa758a34de6,0,normal,
fb9a6e987cc046e0ae90415f4b5fdbef,0,normal,
87289c73c29240cda8973caba6123a66,0,normal,
73ef2e22af9147a1bc2bee12b6d8722b,0,normal,
38c14cd253064ae6a245061ee1c72908,0,normal,
0129ef3fe4a04dea827a9c9c1b489ef7,0,normal,
2806dd79a99e4fc68661cb87f6ac3ffb,0,normal,
99df9425db1041dc8defddea34b9ffd2,0,normal,
5dd43408587d43c4b158c9240efe117f,0,normal,
92e17e19692f48a6bb619756cc601c4f,0,normal,
320994dbf33945fe8bfe16d272824210,0,normal,
65d9c7655f594d71b40a3457aedcd04c,0,normal,
9335cda3727747cba1a36a3673b389e3,0,normal,
cc988f92d0b140aaa3926e6c93f76317,0,normal,
0783ce196d6e44e8aed63f9a7cb17422,0,normal,
10d5ffcb59e64c768780021e4a4c1153,0,normal,
5e627593105c4b298409e2cbdb73f205,0,normal,
ae0dc3536b3641c79795fb92853ec5e0,0,normal,
c794687de7f64df893a67fe046636335,0,normal,
64c37970465245aa9f3b5da0b86e2e8f,0,normal,
18e7ae075a76470b93da57fedffba36c,0,normal,
6fed43d6aa65462894b89177202f5fbf,0,normal,
48ebe1e12f2c47f2aa5b395a45ade2c7,0,normal,
54fab7ae29414fa48fc23abee54a9a10,0,normal,
1a6215a5c5dd433aacb8d24dc67509fe,0,normal,
305960f17b954e04bdaf5cf56ac50c68,0,normal,
451f345711ff4ad988903dae75c7d783,0,normal,
3555497e178f41ee8669512136e4b260,0,normal,
2e770be13e6840fa80f08e5991b65644,0,normal,
0fd0da01070d45098c664473b6dc6634,0,normal,
3dace46e37fb4b6f9d6b75d0a87d0452,0,normal,
a9a183bb6e1a44f5a8a28c45ff7e76a9,0,normal,
a12445cd534f47e288c7ce372b1dc0f4,0,normal,
392439fa830240ea8365afeba3be7d31,0,normal,
a1d8b0baad5d4b1b95500f86c5ba740e,0,normal,
ae3014dfb06d4ace90181efc5a177a1d,0,normal,
fa314c0c59344d7391eb998c70867f76,0,normal,
81e103a3b74e43a583979f1001491550,0,normal,
45fb4458e5eb46f5a299c6c30ffc4ee5,0,normal,
28c71854b9214699ad110e26fa4f4e0c,0,normal,
ca86a081212e4888a012729490f97e01,0,normal,
d664717e283647b1b2f97d13a6eec1ea,0,normal,
7cd5c530f5144338baec2ce4c6064651,0,normal,
8d27f7bd86a645258f99cb9ed439c1e6,0,normal,
87cd240ed7fc464daa70c1d70bf9b16c,0,normal,
7a7ec783a84f49f4ad88e19659a88914,0,normal,
4916ebe155444e93a52ec87c7b3f9b0e,0,normal,
8b574aeac12044c3a0b7972a9ecdb10e,0,normal,
37f10c5061344f20994131678e32c6a0,0,normal,
15fb9a8384004d5f961a0f0982f2d2f3,0,normal,
d2a9aabdc5234642bafef28167a010a8,0,normal,
63546b23a0504e37ba26e19ba14dffb0,0,normal,
3dae713cd53e4fa685a3d9da77e313d6,0,normal,
ebe508dd3a5b49e884607cbbbf3fc3c3,0,normal,
671d83715cb64d08b5306414f10e085a,0,normal,
a283eb5d14a541b992c0dad1411e955f,0,normal,
fc860f2eafae450ea401e91ed970b32f,0,normal,
3b82bc6bcf3648e58c9ae52bd5c421b9,0,normal,
7eb263a777da46dc9dac42c431b3d4bd,0,normal,
8ef76c7ce09341ea87420f72eddcc8e8,0,normal,
b145384b6bd844b4bb1d57dd7ecafe24,1,structuring,structuring_504
7d98cf776e234868ac246c60f04b4fbd,0,normal,
d13170ab83594ba2b115ff78b4b17a66,0,normal,
0bf9f0a22f394d0eb8fc13028ce82d52,0,normal,
308a94ff1c134ec4b7c93263390672c1,0,normal,
f90fd9beb62f41aebb7590f56234e6d4,0,normal,
5f08e4d329514c919699ed1905aa8bf3,0,normal,
126caf95054b41cab126045aa4582e01,0,normal,
cdd343e8a4e44658a602feb7796e980a,0,normal,
7aa2e8ba13ad40c9899b1758b704cd62,0,normal,
6513649b296947bea158c126747b4a03,0,normal,
da5cedff4b404b0797cd00fb9f3d5604,0,normal,
31cb9d72eb884802a5e6937befe2c0e5,0,normal,
309c7be27474461f8bf1287fb8de829a,0,normal,
8486a8d485ec4b64bbcef1278482500b,0,normal,
194404d1ed2140198bb9af44dad6b167,0,normal,
a4f82c71becc4fbe9fe2914716d01547,0,normal,
c45246b6f5384008ba48d5535d615a6f,0,normal,
9b0ffb3a866c48688ecb097c6536b217,0,normal,
78e8f7efe4fb4c41b19a9c9f83e17d07,0,normal,
120d64e2f601499eb61c60dee90fabc5,0,normal,
1f5584f47c5245eebe6d72ceea009d4d,0,normal,
ceea5cb6b1644358930d2a34abd21c81,0,normal,
5c42e91b4568467cb0c6553c75184fab,0,normal,
670b0573081842efb209ffd902ae3d74,0,normal,
8e1439ccfad44b9eb816717f07ae7a1d,0,normal,
cf940f1c81574b76ae8c3ffcd21fba8c,0,normal,
1b8260c4f1a8458089dd11e0069aa658,0,normal,
02f41a6fff714c449a9d575fbdb2141e,0,normal,
f4e263d1120748828a82a0224b3dcd10,0,normal,
27dfb05622e6471fbc2e67812e5e410a,0,normal,
ee08d504eb2941959c7bf0e98d36648a,0,normal,
6d4b0ab8ae6c44598674e5a8f85ed99a,0,normal,
53052b8b4d01418a98afe67267bb6468,0,normal,
1b4aaad502994193921f88c7a7bcb7ca,0,normal,
962b188c2ec440e1b31694185d551850,0,normal,
839d4be219e0499f974a48022bbd103d,0,normal,
f80789065dcf49159f2a87535c4f4f8a,0,normal,
5c500de14e1849ef88a2cb5c451d74f2,0,normal,
f5513030c3664fdd82530aba717bd1d9,0,normal,
c026756fa34d49ccb4ccacbd5b0cd4fb,0,normal,
e73808135a1b45fcb433084b38e38fb4,0,normal,
c715eed938b744b1a9b5b451081c5272,0,normal,
91c4744d4607446889c0e6dff4792683,0,normal,
bbf7ab91e27e4b1fb6e9444a50fd96d3,0,normal,
7fe78344337043f4a5a0f18cef034fd9,0,normal,
5fb87b13753e4a38a0d0de2081c2b6a5,0,normal,
6208bcd548da4910a1ac5310411dcfb6,0,normal,
84e3f96ec9c04ed7b9f1b4fd8f307ff2,0,normal,
a192691a5d454ee7a1189837f9943d4b,0,normal,
ef77bd120aa246618c1a05d8a83eaf0e,0,normal,
3c16aaf695a649809ecd29bbde04aeba,0,normal,
3f4b5579d946478994f6dde280b70a9e,0,normal,
3edf1054f1e24a3b81b65be15b9237f9,0,normal,
6a0b32ad205a4caab72b0b90846c7974,0,normal,
3b2785eb93c94c0ca0828ffc0d16414b,0,normal,
5cd09a1e84af400cad8a424309477a29,0,normal,
07c15a1776634c43b48d705ebb9b0ce9,0,normal,
f037c78f4b8943e6867e86e31e08d48f,0,normal,
8257534d70714b84b6d0eae36e9bb1e5,0,normal,
20789e4de0bc445eb9f65ff24e0a9205,0,normal,
e57a0bca50ae40a9a948ab72ec04d3d8,0,normal,
2d4ed40589fd453baa97c71baa2160ba,0,normal,
9bb0b158c52042f681b03786502bd6fc,0,normal,
baa965a931154c44b09f8fd4f49b5aa8,0,normal,
aa4d2ab667324452adac0bf4dd211117,0,normal,
9459f7224a964d029e9ae279a9fb0bf8,0,normal,
f8480d0cf3f24cd1bf4692e55f5f520e,0,normal,
52d2f0aa188842c6bda755a6aced657a,0,normal,
4417b87f8b8e40f9b3ffc2008406ee1b,0,normal,
3f98c243563949eca6e6fbaa5642aa07,0,normal,
68c6f8d7a7464706992a3c43e20502c5,0,normal,
be903e34dd844638a777c344dd025be7,0,normal,
e52e9890dff94e8b92781d7fdedc4c84,0,normal,
520def3e516d43aa837f91ff74282a75,0,normal,
b0a79292649a4596918e9c8078a39a2f,0,normal,
b7a8d64019824456a8455067665fd8de,0,normal,
c73fa861abb04216a47e81555c3a1b5c,0,normal,
d9ca0b0c954b4b1abbc3ddc3256a5a09,0,normal,
dd941a6375294792b2ac0386433e70a8,0,normal,
c9b5163a182b4199a5cdba61fd1f72de,0,normal,
53e8ae47ae1c4207986304c9151013f4,0,normal,
13d9d5c62b374d9aaa4a972eb90464c1,0,normal,
8ca59bf5c8734815bf9367074e981403,0,normal,
8f7a5ab9488645e4ae550c48677e6fef,0,normal,
415bd13dd6574f0e82dbcbabde704468,0,normal,
fcfa2662d5bb46c490ebf9565ef87403,0,normal,
ff96f4b60e20444fabe99a5d0204f6dc,0,normal,
9ad1db4054ae4e44961361e5ebf5aa0d,0,normal,
41c649fe1c924401aeddf1cae5502b86,0,normal,
b3e5a51622764ed18ba7df3de85a07a9,0,normal,
923db917fb994a4aa0702e42b0f1c9a5,0,normal,
6f7f6043869a4995a6d43b7eae4ff12f,0,normal,
ac9414d33c18441cb39809255a33cc4c,0,normal,
fe7523f3df0e4c76a7f875e32e52f14d,0,normal,
1e640e328c74456ba031eec19b2033c6,0,normal,
194a0f8cce8346f881b6f9b0f04a2e68,0,normal,
186b020aae3e4a47bbd68f5e3c01dc26,0,normal,
6f7feaa205164f28b1e126e25aed57bc,0,normal,
0287a83e386f45f087ac2dfa9a2f3d41,0,normal,
c6bdcb6bcc504194a66f1697f10c47aa,0,normal,
b347260214824722a2c2f7d43b93ef8b,0,normal,
a858aa37b23547cea6d0b44662b64859,0,normal,
841ebba1467c48dbb6f0dd390e4293f3,0,normal,
c4e09deaa3d247d0af068487ff6b32ba,0,normal,
e483f6f67c474a3a8a06ab017f4c9a0c,0,normal,
e51ab3407cd0408d9090329a46d19820,0,normal,
395041f6ccee46e29e314d6e11a814ca,0,normal,
2fa4b2e8c53d447ea77b1006c304579d,0,normal,
c1c976eb81bb4c56b4bc2cc8b3d77f0e,0,normal,
518e4ba7e9ee422c89eab417c0177f21,0,normal,
2610062a13794bada37bf1c4e7eb2050,0,normal,
d945d6e24be14e22b10ad032cc7a5467,0,normal,
56ec016e05f9465a98d9c09d749d755b,1,structuring,structuring_504
5b485a74234d4225bc683555939223f1,0,normal,
40662714f1e147b99c3b2b0d76d7d743,0,normal,
3dddbabcd191448286a8a42552d1ec45,0,normal,
57df7b719a3746dd9ff5c35718eeb986,0,normal,
01edebd18a3341e8afbe3909804e9611,0,normal,
b0887e38c3e645048d3e1d259e910cfe,0,normal,
7ce4e863f8794a6a83becc2bddfd0331,0,normal,
8d495dc62ee947dc96cd47803e4088de,0,normal,
df906d535a434671a939d0c6912ea2c9,0,normal,
5064616d500e4a98aaa03f74b3f36ff7,0,normal,
33c461ff28ba48948e7dd2e3f6ef3a24,0,normal,
1ab48736878c40bf98427f49edc05de7,0,normal,
a124418e9b0c4149b01c1db650a898a1,0,normal,
a272d8184e314716bb00aa8e1fa62138,0,normal,
4844864494864cf5b7c317b30264596a,0,normal,
891bace78eae475f87758e2b28ee0fe8,0,normal,
abcf4625218748d7ae36c6f1bacd6482,0,normal,
9db3f06f44d142849a61b3d756400cb9,0,normal,
8a04d48e67a747daa0082729c6bd1d84,0,normal,
d31726ff0e6648cbb9d1556764cac381,0,normal,
f2d4146e8b874732abfe60212b3395e0,0,normal,
c25e640e23e2410f9085eca7233e4ebb,0,normal,
192ca32328d04689abf85399136ee10b,0,normal,
9a4c2560163f4173a380df6df3d65e23,0,normal,
e6c796ffd2c1461f94bf891260720710,0,normal,
8e07c6f224ab4d6d8f5e2c9edbc9b106,0,normal,
703d17c2a5694731a46dd4ac72b2361d,0,normal,
f0ac674a1e41430196f3248c6b5e4841,0,normal,
67306dbaed604ad39f2514c58130c4f0,0,normal,
4ab988ef2a4246c4a4e74b148d0f83ea,0,normal,
db7588dadbe6452c995c794a403cd022,0,normal,
a2fbc08facba41c48a2817485433ace3,0,normal,
b3b244d27de84aad96b7e66d38b22947,0,normal,
53653a9fd677441f89ad5dbabc80ffab,0,normal,
c3aaff4a08d94b8ab6dc61046c5e563c,0,normal,
07eb53cbf3354f98af4831d325595805,0,normal,
70ace0fe182948b893df79e179f41cdd,0,normal,
3c996af63bfc48b0b71a6ae7d9df2a4d,0,normal,
6a4c7beb2ff34cd5998eb4b1b5f20174,0,normal,
1aeead5c85e0410298a54e2d5f5a7d52,0,normal,
3019cb88dc3643d888053c895ed94fe5,0,normal,
dfe69dfbf819423e809e62aee676aaa4,0,normal,
a851ab6cd90345cd93ff28fee5fe73a6,0,normal,
f2f09a1ae4874c6ebd686a73dea13c86,0,normal,
e6bded36bde0482aaaeb4d2304af8ef1,0,normal,
f5d5ea15f9b64ef982f71ddd69b1919c,0,normal,
54cf61b260874d39a555f751c6bab33f,0,normal,
3d190d218e044676822cb5876572e4c4,0,normal,
30c5d5664921432b8c67ac27df64baba,0,normal,
795bdb287a214d22a25b469abd7da866,0,normal,
0bbf5735f1d342f491b8667dec4efe6c,0,normal,
eaf68ec3d107493cba0ef683279966c9,0,normal,
005a0b1ffea94ee3a8b2c9cfd72b0b59,0,normal,
95746a18eebc488eb9d0f1291eaabe87,0,normal,
0532175bea3a47a9b687eb1135e19900,0,normal,
32fea58dbc5440a2a0656d793fe88179,0,normal,
02631385054e40a8addaf45f359ed04b,0,normal,
ee6db9ac39cf4470807372441957302b,0,normal,
ea8a5018b90642eda2613c030fd53fc9,0,normal,
8a5735f354364830b1493c8a5ff7e2e5,0,normal,
6f80a8aa481d476eadee75adb9356ec2,0,normal,
1533f53ef60d4ce8a4d5729028386da1,0,normal,
65c67cd408bf452aa225dac88d3e56e9,0,normal,
8bbcda52a446416aa678d9ccd99db423,0,normal,
4e40c4cebfa64822987d1d33e19c2277,0,normal,
a9d4f4bf65044beab892211e14e9fb68,0,normal,
d1a14dc342f94741856df46036f462be,0,normal,
99f6fdfffb9c4c7ba65370a21a210f70,0,normal,
dfc1e3b923784aa6a6641a6e83855583,0,normal,
215b2de97d5e42caa584f288ed15f996,0,normal,
14231007bc154344af274173428f5ba9,0,normal,
96cd14730cf04e76bb31aa67fbdcb2be,0,normal,
c479f80383c94d47b15d4d1dbaf4f0d2,0,normal,
521646d703e44cd58c47e347b0ff38b7,0,normal,
548c3b02bc2b4d92b7a8b506d476f0b9,0,normal,
3858613cf1a34672a7aa711731a9a96f,0,normal,
fe3b2a849b4941c597da901ac926558e,0,normal,
a5b8c891838c4f99b53ea4cfaa85041c,0,normal,
e595274858ca4280b14c58392ac41aeb,0,normal,
d4acf22cc63a4bbaa499166cf8d04ce0,0,normal,
058f39a5ff9b4d63996055b426bbf29d,0,normal,
4d8d4955c83542f18690ea326daad6c8,0,normal,
ae8e676377b9478ab952bbd8fa2acaa6,0,normal,
73516db581a7458181ba756cdbb8dd5f,0,normal,
6143fafe5e954b29af7f1ae8b3b04f89,0,normal,
b18b6daaa5d548f5835ddea5f1855d9c,0,normal,
096f9741e0814b3aa76fa3751d2f4edd,0,normal,
08ee1bd45ada4a6ea58d8f34e5812e13,0,normal,
f405f52e73544488a87c22d702bf5338,0,normal,
2266126011f54e749f84978f7ce9286e,0,normal,
851d3686ded7444c94af43dbd939a743,0,normal,
15774701616547878880afd3f5c6329f,0,normal,
6bc8dca0684e44289e6b29f5dc2fa557,0,normal,
473c61d84ebc40e48e0136ebad867b19,0,normal,
9526025945a3459ba3e4b084e6a77cd3,0,normal,
f0029ad681314d40a1b5195f23870f8b,0,normal,
15e22fc35b884ae087383cd40dec9298,0,normal,
c51d1f89bc8f4b8792b0ffcf4a3b7c10,0,normal,
8bd597e2e81f4294914e6a5f71d0541b,0,normal,
9b0501b812d44a41befa24bae5304581,0,normal,
d94435fdf9c949c9bd3ff7ef3e753b02,0,normal,
e5159a028c954734a4f5229c56f58b38,0,normal,
8b440cd8a46f418b8e1af2cbb12672ca,0,normal,
a6f1a28ab90b4c9bb83684e1d6142b78,0,normal,
f902776e89404eddbe31312aabdb193d,0,normal,
d8d7cc0f35424b18b02a20f07a366f35,0,normal,
c7413f13838d41baaf2ae66f3d7cee83,0,normal,
434eb3f776054562acf153e1801f4054,0,normal,
3728817a8a544551ab5478891626a262,0,normal,
d626a5d13f1e4d5ea2f6de20f194e791,0,normal,
ca17c876a38d4fd1aa60904f512792d5,0,normal,
0dea29828a6e47d8821a2e96b7adde52,0,normal,
eb22fcf36b7b4b05adde6bdab5d733d4,0,normal,
3935f2ce3397428dbda77aa0855c9dba,0,normal,
ccd6f7da07044949b8f30cd23b0a9941,0,normal,
06223ffe77344051b6237c2db491386e,0,normal,
d99fbde9e4b3404490261ca80c7a3d3d,0,normal,
61a2b1fe29d446c4b9bdd798dd69bc2a,0,normal,
db2d2c9f31d44512b59c4f60395f8831,0,normal,
578c20baf19344a48ff9189f2f6a4af6,0,normal,
d93953f3e0464568a249badfe2025576,0,normal,
b068eb5e069d4c53849bd889c5d971d1,0,normal,
8c79c6edc73f4d8f9440b9222024e323,0,normal,
86bea1bbf9eb45168091536bd8ce6090,0,normal,
4a1db095248b47a18c8d216043faa6e6,0,normal,
6111f0a1500b41808673c5986dda4ba0,0,normal,
aa390ac451594712bc01d7aa62cf878d,0,normal,
f0b5d2dd84644ac99d0040ea746ac3bd,0,normal,
ddfeb4e7150e4ee9bb25dcf08b663ac9,0,normal,
30683609e1784451992df89e971beeff,0,normal,
51221030cb684789b3606e8a3c3fd57f,0,normal,
1d6b46fd54da4a96a092bf945adeaee8,0,normal,
00f8b6cd88214939b0551bd14b069e65,0,normal,
c12bef1fa6034dc3b7d3fd752676683b,0,normal,
61e61ef01d0d4cd78483a7659076b1fa,0,normal,
4d2e66f4b8b241fcb1eea3b4430e7d8f,0,normal,
c73b0ccb441a4d3c87d9a2ebc198165d,0,normal,
3a884c86c9f7461cac8f0c2247b00c3f,0,normal,
2ffc49013812459d8f5f341d095dd433,0,normal,
56aa9c746bd443d0b01ddcd72d6bca88,0,normal,
2fc5bc4174844ffd90af0ebf7fc53992,0,normal,
98023b97f4fb445b84dcc933fc1e3319,0,normal,
1f8918630d8a40f1acc7d085aa6cf9a7,0,normal,
64ab03d1a8f649df85a5202d469eee49,0,normal,
6588253f2f804ffda9e8e673eaa578a5,0,normal,
be807a7bc40e4f6f919fa00b50bfb5b5,0,normal,
a9fa01164df8419da840738a29fb0305,0,normal,
2d60acf10ef4405fb7ca2ad07b3138ba,0,normal,
8dcee0bc1c264312b73b8698412f26ee,0,normal,
697cd95db82745bf896595b82b9785e8,0,normal,
c80d253fa6c34ba9bb3985a067a6d280,0,normal,
39721c1b8c63433d951f8d24d3375321,0,normal,
9f1d4deb887e46e1be20f806ed9b0d8f,0,normal,
16c6d365343244c89dcfd4f7bb5792a3,0,normal,
a9f07d69639045fa9a109ed5d1f5ca31,0,normal,
1b53e3834eb543778517ff3a3314ae8e,0,normal,
890d61ee30044792b7eaec79fb0fd657,0,normal,
f65dcaccc0e2474aa01034b03dfe84c8,0,normal,
42adc1df8b994787b801330fa7e62ce7,0,normal,
ac90b65fa4fd412cad7ce41b9da7e418,0,normal,
7ff39c4c0e6141539c8f2fc65d3eb894,0,normal,
1fd24607ac594b57b927866d1ba2fc7c,0,normal,
05581a1d8ad346fc9a5b00d77d6957b1,0,normal,
b11efdfa25a74b4b81f225ac7d397958,0,normal,
4c6f9064c1a445f486ad561b4f3ccee4,0,normal,
4da84ebb86be4f00a4a8a323ab0577fc,0,normal,
ca26b111e1474fc2a2b45ead0e2428cf,0,normal,
4d6ad6c753084eea8052c3f9ee6910f4,0,normal,
80d815736a83460cb3d9fc879a0fed6f,0,normal,
9cb3b0777c87497b9d4437ab9fa3106d,0,normal,
84fe28a99a004f3cb3f3e5e769f24f3d,0,normal,
1e222357b0a44a97a688382cb3fc21fa,0,normal,
32b3a3a2834045b1bffea8e379aa9063,0,normal,
b9c9272bec2f4152bc0b6153a1c7d7e2,0,normal,
0016721ac555419994bc260ea77dd50d,0,normal,
a94b3387283849219b129057921ae9e7,0,normal,
8a4e94f0087d412791a28cc16b59e1eb,0,normal,
8fe21df3c817463e834ad58db9003d76,0,normal,
980b8b9f04ba4ca18c60bb8903a41a92,0,normal,
9ee884210c4d4f04982c93ede60359e3,0,normal,
492b1c287144486189e9f3c1c360c789,0,normal,
6001f50954184b7195a23c901008361b,0,normal,
28e2c92a961c4d3e8866cc136895e281,0,normal,
f74069c58fc842eaa47f2fc210f19af7,0,normal,
7cf45ee245e44d9bb6078fad03934c63,0,normal,
b80ec46ef1d44498b681cbf5636e07b1,0,normal,
0c7aed7c775f4c84812a0ad3e1cb9418,0,normal,
46b2d4545a18493bb6cd8d09bdae61ef,0,normal,
cfc5e85f59d9481eb1593992b300352f,0,normal,
e9816b51c2be4efa81a6f357ae531353,0,normal,
81a2368b19a04a9a8e814a85767fe569,0,normal,
1a604b7a930c4b248e788424638b0ddf,0,normal,
c293129ddade410d8948f31240c8dde8,0,normal,
f627dd90e14a4ab8a5639068995087f2,0,normal,
cb8b2644874a466c8d16d53e653a55ac,0,normal,
cdea7b55f6d140bd8fd058b4d437d6b4,0,normal,
4b5a549705dd4ba79f3b026580441aff,0,normal,
f61e368a6f394e0abb1b294684955c69,0,normal,
d50078c9a75f4a349470031c4e589caf,0,normal,
b8275246139f484c8fa7154f90909cd8,0,normal,
9cd1aea68d7348cd8cb101dfe32202f2,0,normal,
4dbb9c7bd1d04f86a3ce1844b24d5fe9,0,normal,
fb866d08b60b48e7bdcabc822a0b59fd,0,normal,
66b62c71a12745a791f4d5e3316e3658,0,normal,
aa62b7df39414018b4f25b5cd97c671b,0,normal,
e7ba0b5e05014c89aebcedaea8086d92,0,normal,
1b3a5d98108c42828b23ee4891b6f2b4,0,normal,
caa9270ccd4443219827e221e3a10226,0,normal,
89f2b437b6104e37812230587cc5532e,0,normal,
ad009264c5234c9fba4cd3ba86923c83,0,normal,
2438f65ae5cc440c9391d69a885459c9,0,normal,
75cce1cb5b88484fb78c1ac94f768bc2,0,normal,
aab8b39a1fcd48ed85fff9ad57320b34,0,normal,
cad9869134644f2dbac89fd46c4ae7e7,0,normal,
9d44ea6cb0c0444b8ab95046b7f3302d,0,normal,
6e63de5e4352449b995c0cf97f4ea96c,0,normal,
75a5d19337c54ce9b6372afd845588fb,0,normal,
82b4ff72fe7c4ea4ba1d0dc864e773ea,0,normal,
ae92a2a263ca41099db5bb57ead8a1ae,0,normal,
65b12de68b234d5599e987a554240306,0,normal,
8bf8c71568ec408e90c0ab1dc9e5ca3f,0,normal,
665b5048e2a240daad89dabbf07dbbb0,0,normal,
9f171c12275644dfaf99bc1741c52c7c,0,normal,
d9872e66e9a64468b37ff013c44bee91,0,normal,
480594ee47414b468c9a390dca8c1b18,0,normal,
42485b3b5c5d45fa967e7a1592e815bf,0,normal,
f9b2a3a98c6f4c77a8a35ee64cf40558,0,normal,
39f0e846b5a64ad9a3e92c9fb522c152,0,normal,
088cd9e9a9e341a587a0066d2514ab0c,0,normal,
6944e4efaf2a49d8ad1cfaee6e5a3b66,0,normal,
36e9c3baee9542db8773ac85d70e94d8,0,normal,
180da89d2d6e4174a784fba309f1aa9d,0,normal,
8018a1661ac74841aaf11815d319b837,0,normal,
d05a6750c0cd466d9674e56b3b0eac5b,0,normal,
acb3d0dd1b4d4c329b88d92e4d8246a1,0,normal,
ec581d3a15cf4ad4a224b5d62a064223,0,normal,
3020bb66bf01442fa64e7398df3cc72e,0,normal,
7e08acb2683f4cbc9a9d5c0bc08b84c6,0,normal,
a61aba07e15d4b478586bbb0e9bc7358,0,normal,
1cd8eb67075a476692a82eca389bff1b,0,normal,
91aaf88e419745f9b34b65d43875c8fe,0,normal,
e6afba93b2524a3994997be05bd91189,0,normal,
54e46a6485014716872b0cc1709198a7,0,normal,
a12bcfba81c04822913f28cd8185f5c6,0,normal,
22d03aa28ced4ddfa94e915d627a956e,0,normal,
e5b0acd868f84131bce0dd5df73c66f9,0,normal,
c01b13e9967745b08b9734a0948f61ee,0,normal,
e81c61b4e5e5442ca704697c69922b3a,0,normal,
ed7f23a96d0143359013f8ab7cdb2461,0,normal,
07b2ad47c67843bf90bacfd28245fd15,0,normal,
3c7a9f7ded634e818a43d232bfc02a1d,0,normal,
a112ebf9f0564d289536c75f92b07b9a,0,normal,
2b79d81c97964439af75c207847cb413,0,normal,
b2831b40b8cf4bcf9aebaac9e8fad168,0,normal,
221fe48e27c04a409b09b6ebe32eecdd,0,normal,
df4d3e70d8d7444e816ed288b4cf8dc0,0,normal,
f781c478698c449c89b19b1118718013,0,normal,
aa7b6753c98846d28911ec9d6f2c3859,0,normal,
58c13008a0984377a600518c146435f7,0,normal,
7ba31d5593584f84ba503770bedcb98d,0,normal,
498d6b493df94fc58cfa5d0a69b06895,0,normal,
01ff669532444cee8f5210409c151d07,0,normal,
6a31013612154958acc18b5528a4cbe6,0,normal,
ffd61515974e4c1caeb946f43723f5d4,0,normal,
a5a083a0876f49418614c02e90245b85,0,normal,
7f0bda02f4174b38a642cad83bf9757c,0,normal,
d3b29efdf99a4a9ca4a69a4b5ad886d3,0,normal,
ab442c771d4f41b8ba4e560daf020fc9,0,normal,
47bb714b8697445995d7ee677626e06a,0,normal,
2be79d32576a436089c5d6dddcf961d8,0,normal,
c9cb560ea9614e12a5badec08a913e7c,0,normal,
2b1423039b2740be91084f72f2471bd6,0,normal,
5ec19ce292c7445f93b3a1c2e16bb0ad,0,normal,
7afddb4ed24a45fdb001269192639eef,0,normal,
40d4e19fe69e4557b6febf4b6116bc67,0,normal,
0ef390598ad9443195b3cd3da9fccc67,0,normal,
0b2de93aba1342b3ae18a7fb54ac2f0a,0,normal,
608813271b6b451b992ca7a350124bfa,0,normal,
847d2cdb26a948e0b7564d90c0c4db32,0,normal,
b899f2faa6af4a54b27205402b95a8a9,0,normal,
9b0772dd5d094bf09d8292692c01b5d8,0,normal,
efffa666456f4fe896b13973a6182707,0,normal,
f74423726d0440f097980f8e721b5cde,0,normal,
09cdc53c7c8b4110af628e2d33bb6fca,0,normal,
8554605cd7f140d691e9dc6cc7af652d,0,normal,
a9e2cc455d6a4af3876f136606797aef,0,normal,
3b99bea9b250410c8fea5d3dd8b2e118,0,normal,
1cabc17f5ed944699f175e70dc0d9da8,0,normal,
2220a76f24ce4db08338be65c8ac388c,0,normal,
2068e64bdd2f4ff78ddfe06b89a85841,0,normal,
57049721667540eaabad2123f643ed98,0,normal,
6c6ee22da257412abc9091e25347a8c5,0,normal,
430a51c979f1417cb2b7ea8c78978533,0,normal,
ca7902c72e0f4162bdedd451aa8e4fd0,0,normal,
648d8a890a6940418dfd128522b48962,0,normal,
a9790d0d672d465da78aadf780203623,0,normal,
9cd1e2e33a5f4357912ad5c567a2df69,0,normal,
7aa2238a3571459c9fcad04565c28049,0,normal,
dd2543a3a93b496892f93acf30432abc,0,normal,
1f4fd859edd84dd7b28ead5efef4302c,0,normal,
918b3956d459415ba647f5340aae865f,0,normal,
da82c23f838a4ba1900acb27473f16c5,0,normal,
af1b22fca00c418c996a7a54268c3e28,0,normal,
c4d8fae8a0824b65858d988e68601a84,0,normal,
6683b916208042bea52bdf5df68d8a63,0,normal,
72adad99064c4224bbf8f4b955add698,0,normal,
414b99708ae54f74adef820fcf648a64,0,normal,
2169e56960014b7fbe4a948a9d27de85,0,normal,
f768cd1679894fc19497f598ed11d1ef,0,normal,
d7fe1288db404bee8e57ee8e17945f0d,0,normal,
1d16a438ceef4b6599ce34e70d9ff86b,0,normal,
2d7e5ea332bf4ce08b27e7533f9dd72c,0,normal,
158e39fc4f274d718deb5000ccedf4c5,0,normal,
b516334bf24b43749c45016df180406e,0,normal,
935efdd9e6334de9bd9700b9d1bd831d,0,normal,
cba48a2520894744a506f4643fd5873e,0,normal,
83b3131eeaa34a08821baa8ca9934fce,0,normal,
48ed8a40f6c14833aee35b14667380a6,0,normal,
3a8e724cab3545baaa5cbc7812b710a0,0,normal,
f11d6ea4020b4d3683c362bc6035cfc8,0,normal,
0f90626de30b4a8b81af4d4caf3009d9,0,normal,
687d436933e640d5924f1baa03a39307,0,normal,
da2e205328f3469ba71c11607d715f1c,0,normal,
a66803d3f25d43b1839973eab73664a0,0,normal,
0135e0f4cddb49d48b3f5a15bf462366,0,normal,
4de1af884a894b14aa9c7ca176c953f1,0,normal,
cc8c5324539e4eef9a065d021e29fc8a,0,normal,
6ecaccdcc99846e09834175e81d4a491,0,normal,
ab19b76fdab949d4b42acfb9e6d6ed02,0,normal,
bc4fb796061d449b9953cefa7d41122f,0,normal,
52fb84ebcff6475b8565262c0e3994e9,0,normal,
77ac1b41d4a742b6baf6ecc4f36edbac,0,normal,
f70687bc9e2745af8cbf8168f673b0df,0,normal,
cf619d62701846cca8e2a5be1062fe31,0,normal,
7ad73ca7e0f7495693fe59b642cd3a99,0,normal,
6aa1c5b4951143c1830baf7d09912dc2,0,normal,
ddd24492b0f340f8871d4788d8d40edf,0,normal,
5ab2c612bc624383a73fb69119ca5bc5,0,normal,
5c863d42cff74ffb91aa1520f6e1ac83,0,normal,
23d103ae53e34fe09c05a6f474a606e5,0,normal,
9c88592dcdc74a88a6d0b4cb5e6ebf90,0,normal,
815936d0e1014485844a60f999813477,0,normal,
59f8fe376cfd4b48801b3be26a709c3b,0,normal,
9af24facdc924e0cb4f3093c6efba131,0,normal,
85915df7b94745fca8fba4dcb21e73af,0,normal,
f24bd41cf39f40fea6156d6928236cf4,0,normal,
42ecf3e7d4d94bcc80b67ba2796a6c1c,0,normal,
e44fdd3cec064938b571b2ede645566a,0,normal,
7d71edcd15374dd699be0f9eaaf5b18d,0,normal,
15ba4c2b49d046bab884087efbdfb057,0,normal,
9630b45a496642cab0f6257da1903c32,0,normal,
9034f5e31f914418849c4bfb35714e11,0,normal,
dee4b500d4eb4e7691b67285a3460ea7,0,normal,
bd63979d67ca44b88e7191b35a92963e,0,normal,
6fddb5f280e9419f8053604fff21fedd,0,normal,
496b4f299c19456193ff190bbd603075,0,normal,
2f45d84aaf2047d8af8a0761c88c2eba,0,normal,
0c1e75170ab94c2fbf7915b040a6e995,0,normal,
9c135366064e4bbc9e5e50ef7739f594,0,normal,
6855856dee5b4b489013f604182a153c,0,normal,
a636f9e543944c07abbff14341525c7b,0,normal,
e5c3a7f0a2114b6cbc6763c4efe2fd12,0,normal,
bef0b793ba9343ae84e3aa223ea4568f,0,normal,
e4e4ee5c813e4d92b74c33524a3ac289,0,normal,
92c7a2529ae7479ba2dd62e2e7bcf894,0,normal,
22b4ebb5ae674e68952ec7ef79812d94,0,normal,
4757ecb583464df199fdbc9d5360c189,0,normal,
e1a4667fef9f45bfa561b337756b2a89,0,normal,
eaaa01aed6074f9899279c19b7fddd05,0,normal,
e5866eb2a80c42c4ad66c327f0bdd97c,0,normal,
ddc62782279042d7bb2462e1658621bc,0,normal,
c264465a502148a9acdf1254afe4f9b6,0,normal,
420a2b69cd5546aa97c087bb85155844,0,normal,
e1c2048fb43a4dca89e6c5361cfb7ab1,0,normal,
22ae80596b6d48c5a4cab87f7f9a2b54,0,normal,
adf63aefaf4d4a4c8c38a8826d4e13d9,0,normal,
d059d7aff3754f47875bcfee164da246,0,normal,
1ea592111a6746ed8ccad97fcd8bc0c9,0,normal,
3ece576040ec42f6b1345ad0c2246bac,0,normal,
8d7d6e4015d24463bd7aad95109f444a,0,normal,
b7f00fe276e54d25afd10c081ddcc432,0,normal,
6143b2b0912b45b9a23e86ad6b5e41f4,0,normal,
4ce57d3182dc4050b0794fafa190f3d1,0,normal,
78f98c07b7ba4c838fba58c1823d8281,0,normal,
e188c0ccd5d3469493f6fa39d8248325,0,normal,
d7b4eee938224084b3917fda39e234d8,0,normal,
f85fa411ecf547bc8ff44e177d9357f6,0,normal,
061b70b519fd4a0ab023b2ed4a986ea6,0,normal,
0f724b2dd53244e0b4bcdefbb7f632ab,0,normal,
80be5b6a7f6a4542bb28c350bb502eac,0,normal,
7cc3f1e1b13b49788ab90deb5ed79854,0,normal,
36cae4dff15745c9b6756d224213e759,0,normal,
0164255a017647f1b2d237d8fa0e8983,0,normal,
74e3cdd562654028bb90e5ce3306a470,0,normal,
361a468b1be74dc580d55caf3b4406d3,0,normal,
cdcf25b9ac254c69a51ad3b6b1d31451,0,normal,
e296aa2fe1494569a18c165080d3b705,0,normal,
a5d84063d8604ca4b7f95863c10270a2,0,normal,
31b75107fbd34f07917cc559d7192bd7,0,normal,
ec14ef162c24457aa6ccc81ebb7c80bf,0,normal,
7bef46a6eddb4026b3cc18d1c102ec57,0,normal,
e615815e87f4425890a470be1753429d,0,normal,
1b3acd9c4d3e47ea84c45f36346f4fe6,0,normal,
5b7f4b95d33c40fcbcd84c47bc4d1cdb,0,normal,
9a557860fe8e429caa35629e61dcd6a6,0,normal,
3f58b2255e974ef0b945bf20a2b795b6,0,normal,
952cb582f39e4e3a85ea21b452dd2c7a,0,normal,
a0cdbd88cac14c2fac660003a30a8336,0,normal,
59344c2fabc243ddbbd797007c523fb6,0,normal,
8d5cc24c06aa44f39644af67dc7f2b6d,0,normal,
98ce88c68a054595956efce8db7dff98,0,normal,
63cb78556a7b40b594a7d84fd6e85b9e,0,normal,
4edec72859af4111a81eab55ff411e0e,0,normal,
22bbbe78778542a58e57308309bbd971,0,normal,
c0d37db11a3d49a4aeeab7ad642756e3,0,normal,
b1f4eb255ae24083bef152726ffa0fa8,0,normal,
de9d80a609cc440fa0ce46e56d76da43,0,normal,
75f9bb7775ed4c4783c2954151080d6e,0,normal,
ee4d6add18f34b9b87cc0b168c0736b9,0,normal,
d9b4cfe6c26a4040a9347a818d30955b,0,normal,
7379f582c81f4e0191fad1fc59451131,0,normal,
cabac278a4454abcac8dfdad43b35e18,0,normal,
1fbfddd83bd54675aff41416283e4c8d,0,normal,
bce0d3a2f37d4782a03f47f546fec814,0,normal,
d5b35554526842c99eb898d7e4f7ab39,0,normal,
781b3a73a75241709215e0348e7b12b5,0,normal,
682e16412d494da8a4b56c7f449a7a96,0,normal,
83bb056ae52d400e800487ccff7aaa69,0,normal,
238d68f506df45f4ab1896b1be97105e,0,normal,
88a16a3413004356b1c702a47957a4a8,0,normal,
3380df0df75244d2b471d3a985231735,0,normal,
7c4fdd69891847769c76a8be2c835d11,0,normal,
54775c83b3e44960bcf05fd7930a45ef,0,normal,
7378d4ff796943478337b7fc3363c80b,0,normal,
5a47aac2f70340a7b8281e1d73791192,0,normal,
d61ec48ec49944348ee2ac9f4c5ceedb,0,normal,
f77223c2105c4e1082d333a29af653f1,0,normal,
a1989cd4d61e4c32a18abcd49baa6dea,0,normal,
f75a7b02fc614f5f96774b8355596133,0,normal,
273b7364057a45d29cc6e51380a2233d,0,normal,
943e8a30b8154616b4edbfe7362525b3,0,normal,
f32eed1fea1a4a47b18f5a22e2bfd4b5,0,normal,
b11be392b5f6475a9c308bae7ccbe0a3,0,normal,
8754f83d8c8b49ee9acc65797a70ed75,0,normal,
a209882c019a4751bb39906615812545,0,normal,
e0bce30f0c7e4e94b9edea56880ff36b,0,normal,
e34bb74a319c482c960427ebeec7f8dc,0,normal,
f618419deab34159bc01ff762f29d091,0,normal,
05e6872ec873421aa27c10b89fe17f2a,0,normal,
a7103a647f724b61b25fa4e79e008d95,0,normal,
c5902088eb5f45c8a395bab87076c8b0,0,normal,
1c10548b99c847edb3ac2001696db329,0,normal,
ecacb64ab6404538a37f85c262bf95a7,0,normal,
ab0ab76bdadf407a87f8979fb6e25a37,0,normal,
917bfbd8777b4f3289d3484817a0d69b,0,normal,
654c94d94a7a4854b33017e314282726,0,normal,
b9f42af75cf0404ebb4a1a97195cbb4a,0,normal,
39ce85208fc24f9eb54148a582fef9e7,0,normal,
3df3a6cb902e41898c34f9075b7519b2,0,normal,
a647a607b6044332aecfaf46189178fe,0,normal,
312e28214be24de6841cf6947ab782e6,0,normal,
fceb895f60fd4489ba514a778713de13,0,normal,
e53795a3b64a48b3b42fb47cdb6bb96f,0,normal,
7b8b18c7058848d892c6a1abe0d0c6b4,0,normal,
28b407e9f68049dbbcbe2e71b3b80e65,0,normal,
1df8a04ac3134211b1f5fdd10b20facd,0,normal,
194fc5fdcf5742bcb504d577eec750c7,0,normal,
65395d306a9c449892e34f2fbf401092,0,normal,
2a139f6c0cad4de3a2ebbe69b260533a,0,normal,
0e4ee533db374c5db9be6e8b419fcad7,0,normal,
e74276b04afb4603a8ae4567dbefb23d,0,normal,
9a9e4984af7a49b6bec0d35d8d6f16c0,0,normal,
3dc43e6c6b1f468f879fab90389dc4f6,0,normal,
3b9b4abbd70a404dbaf0a1ee527ee756,0,normal,
9235f599513c46ff90914721dc06da71,0,normal,
cb7c6fa1ea8c497caa240f79833412b1,0,normal,
7a3656db7a394967b62cfc65c8387515,0,normal,
ae8c0e2f748e4c3890ae3c5056b29541,0,normal,
5cc87b7003b642fcb11965d69a96ca5e,0,normal,
24b84904367a4140ad1b1f1d7e435d06,0,normal,
8fad582eaae547faa39058a2d386e297,0,normal,
5c47e859fd274db9929f47d09d5bb4d2,0,normal,
42963c3ad1ea44f682816615c1f30fcd,0,normal,
69ea918f5bde4ec1aa29853b4ef228f2,0,normal,
db1f89da92d143f9b53692109187ec00,0,normal,
2404cd35287c45369ccb87a5580f620f,0,normal,
65b24c076c274c5790acead841d9041a,0,normal,
ce58ff7fc12d422aa3ac0f5d32eed44d,0,normal,
eb9c016407be4433a9346f18c9d90900,0,normal,
b39ab5f1025648be984277e1e6602e7d,0,normal,
18baf2f689bf43d1b882c7db2211c019,0,normal,
30833e136f4e499b9347b76a4aabd646,0,normal,
e68cfaee07464e68afe15cb357e380c4,0,normal,
004ea636e6754d14834d987d2c9cfb51,0,normal,
e2b7660204f8432d890f0985ad187a9c,0,normal,
43548a943c504000aeab9c4b65a6403b,0,normal,
dd46def5a33a4b1b9ca5139aac8b559b,0,normal,
685c69f687704008bdfee68aa3c001f3,0,normal,
11ef036b10ee4fdc87e8fc57f41e88f8,0,normal,
34bbebd5b53e4e67b451fe0dd69a1c0e,0,normal,
36f9336ec82343419bc795a3b4177040,0,normal,
9eb6485e2d92458eb060c27402690e7f,0,normal,
07ba931b8e7841b0b6116fbc789dde83,0,normal,
75acca6a354943e99dff010bb9e6b27c,0,normal,
d23d8950ac32421a9118253207d48ad6,0,normal,
391db1e7fd6742a8bff2d9cb1afc8220,0,normal,
7cf7a827e419470b85b0ee0a67a1e039,0,normal,
814a4a38a6bd45979cfcb9708bba64fc,0,normal,
1ad270c746b54ff298bafe98012c674f,0,normal,
7d3043c9fbd44be297c5419e24e1d20c,0,normal,
eab9be9b21fc46318b3f349fd21c7e51,0,normal,
8a816c3b8c10408ba5981af5b608e3f7,0,normal,
7bfbda2948804636b8c769d9325fd0d4,0,normal,
752385ae1ced4ddf807780499ed77e52,0,normal,
aa7afbceaf9e4c8c89a47a02334522dc,0,normal,
44640ee49759445e9a73d8c8be017e1c,0,normal,
db6a159b42324513a1cebfe441b3cc07,0,normal,
87cd0387fb4040859a97cbbdad01fb51,0,normal,
0f0966ab2626460cba3059916d6b7a3b,0,normal,
e2f12652603a441f81f410b31f8d9b05,0,normal,
e8b041938be44d7e95ad339a3ba7553b,0,normal,
0a9aafcb570949429bb4f9a0cae79642,0,normal,
bbf0a9ad67784db9bd7a58a691c4d451,0,normal,
84d879d357594cda9345625dc16d3903,0,normal,
b316431eef624f47be78883531536e49,0,normal,
fcd6d7db23fb4cd29a69b07d23e86b6e,0,normal,
6a36b18619894c06a934df2660cf8816,0,normal,
e18061d6f2584cd0b8d3203676969ca1,0,normal,
3ac6c10d72b84d2098cb373789d0e9a6,0,normal,
9a268566a2b1453bbffd909a063dc9e2,0,normal,
f32d77397d494c9491dc1edbad3e4519,0,normal,
be467ee97a334f07b787a1578ae291e4,0,normal,
96d5f6ac5ca2434991fbabdbb7fce165,0,normal,
8ce63e3d348a4e59b7ab2d69340e47f3,0,normal,
62188cd729b049f3a53f3bcaccc00042,0,normal,
c20826ed016e46a790cd2ee94c3d99ce,0,normal,
0b6338916b454269ae595e17fa8dffa6,0,normal,
6ad047b0f7264fb8a7409240bef8cb14,0,normal,
4a17d51e4a2f4bc7ac19f8bcfed80ed5,0,normal,
8042c614bcaf4453baa748fff5d8cf16,0,normal,
0d4a31c63d6444028ca0b25e6492db62,0,normal,
fbdc83ab5b72429aa2f19637eaf23df7,0,normal,
3847097e9821487fbd7c6b1d847de73a,0,normal,
492bba19961f4d198e6a96894406e49c,0,normal,
84be04bd066945aa8d8ac32bf735527d,0,normal,
412b4276a10e428eb85ef02397259682,0,normal,
445c34da66fa43508e10866abfd227a1,0,normal,
24a31e0c543f456a95da79e5431f0f7d,0,normal,
fb5badd49c9c4296bb2918365daf9852,0,normal,
318cbdd9682d44638c7f830868075cc5,0,normal,
d1008418ca094da49a60af3c4578ecf9,0,normal,
5ace8a3a8dd54422a0dfeb0ac3db0469,0,normal,
61bbd83b52634fa39197a2ddfe7c377b,0,normal,
c86f2d8848864813a25b5ca534e533bb,0,normal,
67952d2fbc48496e9c55d314fbfc47be,0,normal,
acf432917b254d06a0e9e4ba3b926282,0,normal,
822bace863bb4d4cb835cb70579f4c44,0,normal,
2f9d128a8af242db82d6d26a589297c7,0,normal,
7ee10825bdf144aa9eb242a1474b6010,0,normal,
bf0f96e5bdd247b59138217f1f587785,0,normal,
fb752d6b607744a596a10d91ba281671,0,normal,
fec051b59e464087b5175f94e51c0dff,0,normal,
be0a1bbe5b294cfd97b3a8dcd0d4ce9d,0,normal,
d8fadfd5353c4bf4a8c156f682b53a3e,0,normal,
cb1468042a024a11b9d9ac4fb3b5c2f6,0,normal,
9ac88b70f7514e1386d85fb3b423ae74,0,normal,
2350e0f3e73847b59e784f8f3e6d7a52,0,normal,
149ae207870141fbbe0f02727b67f704,0,normal,
6e1d3d38eb5d4892ada8e96c6eec9944,0,normal,
fa61502ff631412486667f9e04243f1f,0,normal,
8a3e7eeb2983492798a262f257121b9e,0,normal,
6cf95e2713214eabb2a97762d9ffdcfd,0,normal,
f0291298a83b4e909e0eedc101379109,0,normal,
6f20e2312d2448bfb91f949b7e35bf0f,0,normal,
71c052627af446749e24c7aae87138df,0,normal,
13c3adf18c294c66b27dce03225e2ef5,0,normal,
4ce1d48012764527913cfed7f5b5c6d9,0,normal,
2070ffca4cde47d1ba2df754503dadc9,0,normal,
73c96f91698f47a18abab4f304a00bb3,0,normal,
e19a23ef4de24e1fa2b07f2ba07cde6a,0,normal,
07e03a0c8d56474b834c79edd730c7cf,0,normal,
fa10c7cf3ef440ba8d66696f62d30fcf,0,normal,
ffc6a12f17624c8480c0c4bd40c8e0b3,0,normal,
71f30c4e4ebe4f15a61f480e27a4c8e9,0,normal,
456b57f87fae4475b44c3c39ea8b52e3,0,normal,
d76a635ad35740ad9a8949a23757ba7d,0,normal,
5d9eb96a44b6442faec75a57c648ff09,0,normal,
545ec13f83b8424d80305b42c9d897ea,0,normal,
462e20c75cd049bdbd50525db1e620d8,0,normal,
25aff1a5a4b34d14afb988ac5c05984c,0,normal,
dab1cec5074d46cd8e7800da55423b43,0,normal,
38c74b0ee2114ed0a97bd5777f78e6d9,0,normal,
4e869b075be040d89335483b0d810c95,0,normal,
93210bc926004e05ae4859e4406004bb,0,normal,
1c40ab73953a436db92f18813c481a16,0,normal,
2bedd89d1ffb409394cb60ee629df25b,0,normal,
6479300d09cd403397aade0e6e46b101,0,normal,
53e264cb3d3449c29fe6d55d45c379a3,0,normal,
259561e7e25c46d3ab432a6b2da7a237,0,normal,
9111fafc6f1941b0b9001820e7d4bebd,0,normal,
0a2942aa538444c1a3b271d34113bd2d,0,normal,
212bb4cec0294a81b7b0c1ae74e6cee7,0,normal,
d084685e7fcb4b09b4dc30485ccb7ddf,0,normal,
fa2999cc8abb4cb29c6bb942da3d47ee,0,normal,
5103fcdbeca74913a9e6f94ef968e51d,0,normal,
1bcc8f4361794364a1a9f2098652159d,0,normal,
ffa0e6d0413c4c98a3b54a3a4ac93179,0,normal,
78a0399921a84dd197d069df196db89a,0,normal,
ef4ddcc5f1934aeab7c79b31d16c9e06,0,normal,
9917725dcfcc4d0782d59e580374302a,0,normal,
703635f9d9ae4d52b5edbfaaf55c97fd,0,normal,
5514914d862e4682b97e36e3ff1a7bef,0,normal,
fff931de25ce4fada9ec2b679c63b0c9,0,normal,
69209029cb0044288665db1274ba4e2f,0,normal,
a4d6b89b3cbc4be0b4aca54a9e7c7ace,0,normal,
a8da4b65b0f04d0e9fbfd01cb8e2ebad,0,normal,
100674d45659466da16f8b42847b2ec5,0,normal,
227313d3324945be8c12bbde8695bc83,0,normal,
2fc1109eb44449cf8b74cfa653c9a1f8,0,normal,
0fc957bb186d4371ab3684ac0af77b3c,0,normal,
2f0ba2d575a04b35bacb95a472cf03f7,0,normal,
c5ecfd66354f49e5a3e619e83a9e1bc9,0,normal,
428700363c0843e0a76b2a43974bb1a1,0,normal,
ee553a93ec2446cd9590ac31695461f4,0,normal,
b7503ecdcd1c48b38f418d3b173fabe1,0,normal,
3a55dcf3c8634d3cbf65bf94524df75e,0,normal,
fb54116c8c5f495babffb5f7186a10d2,0,normal,
414100a6ebaa45e0914eac71b2108f88,0,normal,
15923d8446a04d7cb56194be0fc960f1,0,normal,
86266c69cf0f4420b034e2180e6b0659,0,normal,
e7b3276663c242a5b9ceae3d25fbd4ce,0,normal,
8b13b3920dd641b2bed1c1154dd4fd4e,0,normal,
bb917e5fc3c6453896077eb10d59837e,0,normal,
b9a3b13e4a74458e90947fdc0cc2f016,0,normal,
d517d1341604435681007dc22dc66a75,0,normal,
591c0ee52e154b759a93ee8542af5d86,0,normal,
afa378a0b05240dbae2a5ef2000df800,0,normal,
7a89e01c9ced49ee9d7dd098578d0eed,0,normal,
6977e7f2a2fa4c8c91f7b23bd332ed16,0,normal,
2d137b38a4f4418f913e492b466733f1,0,normal,
547d7e6f4aa143d981b60c6d52232fca,0,normal,
54bfff7379f641f09fd1189934055e0a,0,normal,
865a94ce9cbe4977b04845478bbf8ac9,0,normal,
fed56c13d0ce48e795b8eef4e09ba4b8,0,normal,
691344eab6334f509382a69dfa31d135,0,normal,
60c701089c54455ba1ae7024aeba25c8,0,normal,
90d096974727406cbd479ed847fe86ad,0,normal,
045101f440534353bd9605438c2cf9ef,0,normal,
aba555fdda444b4692cd127530afa1dc,0,normal,
dd6e102117254ad5866752035ed07866,0,normal,
5e8a86f48a0c4d58b792f278ead8fd71,0,normal,
1c15258bea024436aa80ecd34b865713,0,normal,
4db10474552e4211af84d4dd210734ba,0,normal,
c7792444df5f4a2d927e24d030dbc8f5,0,normal,
32699d3c902f4bd593f7ccb6068033db,0,normal,
2880561733a2487887e4d3d5a4f3fc5c,0,normal,
3c33c5e5396b44b18ac7834c23fa7865,0,normal,
25559206708443308db44fcdca46f44b,0,normal,
b001366826c14fb99eb5ad315cbb2961,0,normal,
040b2bec24864090938d5ee6d9624a37,0,normal,
a658cd0c23334eb395518587313fbc51,0,normal,
e22dc29793dd40a3b309f1220057eb02,0,normal,
eb7641efd40842469c6b2ad200d56092,0,normal,
90b3e134de5e413c9651b69695629664,0,normal,
35553daa92a6423e986ac42598affc48,0,normal,
22ea25dc13144107848d6d16ca380d03,0,normal,
de6797efc466483999f74d9d1031946c,0,normal,
48a8ae2dfb5149cab12c0c03013940d4,0,normal,
5c316b3a7df04462b1b6614d5b31afed,0,normal,
b1d4a388dd2e415eaaa50fdf99acd127,0,normal,
a0f43f7e703f4f1a8a3e4113a237218e,0,normal,
430e6516783f478fb8242a718f77b636,0,normal,
835a4f3ee7d246e9ba578c36de9e8350,0,normal,
6aa33e7a293447dabb33222e1ad3b8c9,0,normal,
8bad0a4ff09c410497b7cf8ae3caae82,0,normal,
bd4d1d9ac1d249c78e1a1a5c78454ac3,0,normal,
4bf371a2b67a42518c9e2ccf8e07e1e7,0,normal,
46e539cc62374667b44ce68ca00afd70,0,normal,
04445a6436bc43da9d4cccbc94988db9,0,normal,
a4bfb76ece464ec382e2a14ab1f78788,0,normal,
5da97ea20e964e6091694fd00edd130f,0,normal,
dca3087e4f8f4cf29e4c1b28bbb56fce,0,normal,
e54e1b6fd1b446128911076b3b798af2,0,normal,
e5313eb4877e4e7ab75a7509cb88da66,0,normal,
97c9f4dda79d4f53b48bd0b18089de77,0,normal,
d624170ada264ccd8108395615ef08d4,0,normal,
2d865dc3cbe042d6bbf8e8c325e92871,0,normal,
a0c384bf638f44dbb6bcaade92f28c26,0,normal,
84f10d9d4fa5401695d4091d54efbab9,0,normal,
d550320fa96b4504ac363c9e2fadbfcc,0,normal,
b7992d58893640b49b07fb6738eeeec6,0,normal,
b35312a7c72441ab8cb571a1bd93a74b,0,normal,
6c6f7428735640659055c54a4ac061e6,0,normal,
a9aa2aa8561c4436a79e57d9b62edcc3,0,normal,
9a8368db4e0e486c812f553cf0b9edfd,0,normal,
aa1c30dd92364eb3a2da0d3a3b906eac,0,normal,
9914d4a3af7742968922f4e942e30e76,0,normal,
8787adc9259d463485c9a658b733e673,0,normal,
14ac0931413d47b781796a8c824e4f76,0,normal,
443d286e3dc649b682fb49389fed597a,0,normal,
c5a2424fd5f3430584c70702cf690c56,0,normal,
bd25f2c2c8bd4a4393052531bcdc275a,0,normal,
e8a1ed8a5f614cdab67c037c0cb469e1,0,normal,
ddd6c5b150fe4dd98ab54d079c3d3cd2,0,normal,
f014c08d64c04572a5869ab73a70df7c,0,normal,
dec6eb35692347c094f633d0649a826c,0,normal,
21cc2dfff37142dc9caeadce6cceea04,0,normal,
23dbf5806de549bd933a22d4c86eb809,0,normal,
3947c50eb6b4461c8199b7ed3f894cca,0,normal,
2bf5a75c419645b5a76fd4f93496e9ce,0,normal,
2e5bfa4162434204a1c0c1d8acd6868d,0,normal,
8baa4411a17e44149955e362156a67b9,0,normal,
2c3db4fcabd14877b7c1c5527cf46cbc,0,normal,
f58add8b698a4a48b2b9bccc632e7695,0,normal,
baf77e1751714c4cb89a3276efdaecbf,0,normal,
9539b047e39743f397531a8bc89fe46f,0,normal,
770f89dad01e4230854e749cd21d0b29,0,normal,
353db0d9009e4dad905c55e050b6b1e3,0,normal,
91292c54e895460aaf569300519c2961,0,normal,
576cf113a0ef4cd1882910d99a878e12,0,normal,
17abf28d281b4305bd0cc9960740f736,0,normal,
c9bb92089174408c99fc91b241a278e6,0,normal,
7668b7313ae44bf5a3b568e83108b7eb,0,normal,
6341bc2243474b17a5cbf2f63d063ac8,0,normal,
03275f7e7c584c36816b62d3d048546e,0,normal,
f7e28aa3d09e4a3cb0f40f19c2f4a9f2,0,normal,
5b7b529f39944078b9597ffd6574d7e1,0,normal,
d5d9c8858c8d4a508a382844ab45e1fe,0,normal,
13443ae977604d7bb578e9b2311091a1,0,normal,
9780ab20e10644c09179561301496c13,0,normal,
c6a88bf40b2948d6af1c6573e81f38d2,0,normal,
e267c2e27fe74a2d990a6ee61cc4b21f,0,normal,
41efb299de1f4574af1f90b2390c62b1,0,normal,
5252dea24f1341438893ec77fbfb7fc5,0,normal,
929f25d14feb4f30a4e9bedf09650cba,0,normal,
db747db983fe4bab9bf1f4a2830439bd,0,normal,
5e1c04ae1bd74e8184f2e11ad89712db,0,normal,
a108e00a3e63474fb0aafe07f4bcc370,0,normal,
d86118b5108a4df6a4a7d12eefeda16e,0,normal,
3dbf5bb132a5435e95a4a3f663824ffe,0,normal,
88ae81d03bdb4156800a1ec88236c3dd,0,normal,
1f10c92f5cc643f8aca43ea731d6f31e,0,normal,
2a2aa353a5b84548a9ba1c513a74086b,0,normal,
9fa2b7e8dede4403b263d0ec5e12a13f,0,normal,
2461eee1430b450584ca9ab4e42f0e26,0,normal,
1830485a5a9c41a192caa381212231de,0,normal,
338af689314d4ad2b7b278177c042f00,0,normal,
3f190f25daee4478bdc608e2bda818b4,0,normal,
886f6b4db74444d299a052222212c1aa,0,normal,
865bff815a5c4a1b8f1bf0b419dab0e4,0,normal,
2487293316fd487bbf2c5c8d320ff143,0,normal,
8cfc5977533044aebec0e0da3869c79e,0,normal,
23b0799ea6f14f088b791ecea7f9f90e,0,normal,
76d8bf4cfe664874a13a46f7458127c0,0,normal,
8c00bc79629948a5975f2c046e04b528,0,normal,
d297470607a44cadb24905201c5be474,0,normal,
2cc3e523feac4aaa8b0f6f11f7c1c09a,0,normal,
0a652a21759245718d6dc3351d141b7c,0,normal,
124a50ec06314a24be53ee590252a46b,0,normal,
02e9f1361c264bd5a64a15afd757845f,0,normal,
5284d6a35d454bc3a9665edaca5186c8,0,normal,
7ac4f3ae6b8944ad9033e86813d5f235,0,normal,
d9a7e1cbed01477daf7de949480acc83,0,normal,
41483cc23ef94c4796e3ceed48e035ca,0,normal,
2f2fab4c76e3437797acca137aae67bd,0,normal,
61e4a1034c474f22821a0f62c63bc7ec,0,normal,
335f235a37194518bff0056922e6e628,0,normal,
4aebda627d4d44178c28d147f49a483d,0,normal,
591ff46f84fb46dc8829b91aba2dd415,0,normal,
4f67af0d762f470e955e4335ab0e4bc5,0,normal,
0e082b3a6bb845829c0a40bfdd7396aa,0,normal,
97c9ab2725a843469b8dd6f7804dc6d9,0,normal,
c52b13474eb3463b8d883a4d26a4ac93,0,normal,
1cb8eeb4b1c2408b9ca904eb2f2cee8c,0,normal,
2a4cbe5bae1840d1b34487a61e1800d3,0,normal,
6f03ed2f32674337bb2cbf05cde953e0,0,normal,
ce5f2206c1f647419a2c1af70eed4f0e,0,normal,
b2b4a7e54f68487095fd072f97a17cb7,0,normal,
c9e4920ce4f6491b9d4bab3aa1909186,0,normal,
a5e24527cfa1450e8b578c95e3ab3a40,0,normal,
0f0c4beb994d4af9854cff470098eabe,0,normal,
259016d5f1684b48a477758143e466d6,0,normal,
5d8aa68c5df1465b8f717d095cdfdc43,0,normal,
c535fc18de1f499b81adca09fb4f4181,0,normal,
c83013f181fa451c9ca243b817f9a531,0,normal,
feccfded308b49c2a2f9a420cd6c69e1,0,normal,
7aea630256344326a933030b06dcef8d,0,normal,
6efe13c1658b42559608980e79050c43,0,normal,
2de95516e5d94882be356e8e6bd287da,0,normal,
0311ce46e83548e68a1765e80572789b,0,normal,
9935e0c25e524e3ea96deca49ab1d15a,0,normal,
0d2d352f57634ffc8a85a6668bc60ffd,0,normal,
4313a01bc770492cb0ea9fff74f3cdf9,0,normal,
d153c4857882414fa41b37752d19ad45,0,normal,
848ed45f00ec498384f49804f8f3ebad,0,normal,
dac1fcb994bd430e8e0abef893c508a9,0,normal,
a80240f0bb5b4b138ac0eb33cec55f9e,0,normal,
2c31acb2e8884cadb44e6e824a6a6c6a,0,normal,
c444e19a44c1416b887929ae366b6896,0,normal,
ac02d4f5948c45a7ad9883c38986e1dd,0,normal,
74356f7181d9481c86b07c9db015a606,0,normal,
95413786742b4a27b9f74a4045b6aeb1,0,normal,
9251b0c0084c4ad69c3a821ebb8c8dfe,0,normal,
19db2d1a627b4a19890faf2c6c9b212e,0,normal,
1595a65654ef405894423298b7328c8a,0,normal,
a785d281ff1b47f8836f9266f6a35b59,0,normal,
ddc8fbc5b2d2421db47ba9a4e815fd48,0,normal,
48611425e67848b4b9c416db790dd2cd,0,normal,
3b8562ae47bb4163a6c007f173f197d1,0,normal,
f79042daaf72490e9aceee5e699c08bb,0,normal,
edcd3f263c4644d4b7c1edcd369b10d4,0,normal,
1a5ea53e98384305a2d11c70d0fe34df,0,normal,
373e360aa054433b9c51b5bd9721a406,0,normal,
eac994c0ae9a47a6971513340209a09b,0,normal,
681c1ae7148f46589a229069cc7dc2be,0,normal,
bd89b929216342e0a6c62fe87e0d35e5,0,normal,
59b05000f2274fb7b9dcc1662a75b5c1,0,normal,
2124cf0ab29e4a8a964e03aea4a71707,0,normal,
9e7be3b347554c39878d8acb85dc48c2,0,normal,
58822e487a074ec39b5c5f8c7a8ca589,0,normal,
ec2db932d4df45c9a78b9d655841748d,0,normal,
9aed529417cb4c11a5df2f929dba1eef,0,normal,
7b0cdda447b24e5b89edc130a3039f8e,0,normal,
32ab065628de442291557eb029c0e0cc,0,normal,
e787e6e18fd6466180e1a3ed15c78e4e,0,normal,
7ce1cff81d9a4c24a43f273bc3188c1f,0,normal,
df5aafcccce64d9d9d9550760befbfbe,0,normal,
c47a23a7ca58443588899d6ae9511ac2,0,normal,
7f38eacbc1964309bf3663ea2d4220db,0,normal,
ed47281b22a14d04a2aa06a2bf5c41f8,0,normal,
02235e1f08e0411e930bcda95a73a7f6,0,normal,
f364989f792142afbb87aa23b4e0f87f,0,normal,
b9cca779dc88404a8c1fa21133e0ba34,0,normal,
142cb50b8f42412a82686d264724b3a2,0,normal,
71fe5baa84594bb0b38c8aca3a54e970,0,normal,
9e5d711305744c21bf0a8704109f1375,0,normal,
04b9b061bdfc41aebfb45fec342f9942,0,normal,
4f5145e43b9a457ea799b276737369fd,0,normal,
151ffb2d21544b67a4b9578ea4cdb32d,0,normal,
ab04aa4da83441acb49a9fa1454b5b4a,0,normal,
1c82be42967349fe957ffe68b778ff96,0,normal,
a8cb5e033c394d599e09e1f4b97ebad3,0,normal,
5157fbed52ec4c3abf147dcc2f13b306,0,normal,
348224609f97465691aa26ad4208c72e,0,normal,
2eb41c5275c540d980bc36a7e00f985c,0,normal,
51a03b508d834d99b93e652f24ada7b4,0,normal,
28209a30eba746fa979e288285f5d56c,0,normal,
204f6546a9094f0f980073fab6d36909,0,normal,
d667fde99db94806aa6b3c165a96d4a1,0,normal,
af29f076f6b84c8d8a99bc068657f36b,0,normal,
b8e12293f658453fa34104155d7805a7,0,normal,
232aa838648b47d9a7a9605c29ad8c7f,0,normal,
0c26df94bff744058dcb5b7af3eca5de,0,normal,
39a4a62c1b3b4941ae9db2c40865072e,0,normal,
fb8b792a17ca4b0db59b91a0abac6ab8,0,normal,
c97e178f1ffa49159b1eb9c1846bbda4,0,normal,
4b7f0f3e4a9545b2b43f2e844450f5ca,0,normal,
60ddeeb124db417696fef6bb175c52b3,0,normal,
f5fbc62587c44410af4c6631ea65171f,0,normal,
57e8f3f240ae466b9edbffc9db3303b0,0,normal,
a0b9307c293249468a3a26f84612d8dc,0,normal,
3f6cee55b01d4cdc97a18b575fae9a78,0,normal,
7a1aa3f4e0e146e287543817fb4c3757,0,normal,
546f0e87cd1b479e86241dc535bf926a,0,normal,
bd6e09e1b56846a1b82ea3c93f0d2c27,0,normal,
ca6146a679ab4f298c697200bcfdb31b,0,normal,
2837381874014bf6bac673a22e574022,0,normal,
1dc75037c72b4606ba537cf762620a4f,0,normal,
d9564914ddca40afa3765b70ba38e7cb,0,normal,
bb8d76b9009545c88574420bec1d99e7,0,normal,
9a6c92cd52c0469d8672a47265ab54d5,0,normal,
c2ecbc37dca84b70bb6dfc86bac2ab54,0,normal,
267a66c95db14f2086212adf6429441f,0,normal,
a60a6f2c45d34056837f37e6b633e790,0,normal,
f2bbc6ef7b824eb48327da0b503bd62c,0,normal,
e70d2964c3224d2aa2e14685fb7a580f,0,normal,
b0d2aea0fc354c8fbafc0060665e5761,0,normal,
13cd1966dede48d18df75cf54f86c8bb,0,normal,
b7ddf07e5e81444198ff1a752cc7bc2f,0,normal,
2f90efb5f99c446fbaccb4e09cc01b65,0,normal,
322aa63033a74be3936fd17197f747fd,0,normal,
7d818010663648f49ccbe1ab92d84f49,0,normal,
0c0ffb03027149d0a5779c364f491b65,0,normal,
fa63f1a0389a4d92a97b490504015096,0,normal,
e8a7fa032a374539a38e9627172fb503,0,normal,
49b8a1b3d3b24be28e291eb5b427e3ff,0,normal,
16f7460a09024e6da0e7adf17e8ed2d2,0,normal,
2cb325ec2c16454dba52552b00c6b567,0,normal,
a61bf69fe212454e973768d91aa1f88b,0,normal,
a9fac51a4bcb4fbb853bd300697750e8,0,normal,
44dc46a4a97b4ebd8cddd6c826cc2032,0,normal,
49a22b5cad2442468073afe6af08089c,0,normal,
c2f78e747b6c409292617d38e919933a,0,normal,
d7228a5b51cb47b1b113589f8e67230a,0,normal,
f2412471bbc64acfa56ba87c07eb3e86,0,normal,
b8a56068eab243769049131058fcee36,0,normal,
55eb779e986446e78ad3448f13d89e63,0,normal,
00eafa84f1f54761bb9494138a8a00d2,0,normal,
862bf468fa0343c085485d42a7105c8c,0,normal,
e00619ba2ad6451ab9d65010721ff44d,0,normal,
b794060423c74445bc3250753d77b625,0,normal,
c0fc709585b843139d52496dd813a501,0,normal,
6596e975c6f34b9ea6db7dc066457a10,0,normal,
64dbcbd8fe17426ebc513af9059fe2dc,0,normal,
c5639d41413a4a9ca7f0b9f257a502bf,0,normal,
d062dc97edb74259bd2c3e41d6a9434f,0,normal,
87e9067b443c4a2a8961cfd290780027,0,normal,
4e3844cdfc5c43989cb8a07b63703f8a,0,normal,
9f69b9d34eef421da66e0ba1c81c309c,0,normal,
0a0061b295114e61aee0ebd5bd9d25cb,0,normal,
4b55b84a9bad404389f095ee8343ce40,0,normal,
e322e65a0eb24c8192f69f9d51ea7de7,0,normal,
5ee714a7615b4ac3b8618ab732918f28,0,normal,
ae8188d1944a475fb3d1dbfc0c9e8a92,0,normal,
3d69522342784b62901d4b485abe6195,0,normal,
577604a448b9472e9a37cedb8a1ffec7,0,normal,
991768ef7b854e7191c1451e692abd3c,0,normal,
e22df99e46674741b8904b28d7e5ec29,0,normal,
c50fd70b4f014921b55699151a0170a0,0,normal,
2a7974f7f370405c8b5e1e0bb5a6a5a0,0,normal,
830f6692703d4926a1b7f0c4fe0d2457,0,normal,
2f5ad734e17640508b29c903c7bf89ed,0,normal,
321cd855c88945b2a5e97307fa6eea51,0,normal,
c07b07fc7c5f487c9a5667e09b0d5105,0,normal,
4656e5323d1245d0b31a33073622873f,0,normal,
ddada074c1a24a94ac1e14166a55073a,0,normal,
cbc482f7a0944caf82048481183107d7,0,normal,
27508563d8e64ac0be0db258fd562d51,0,normal,
e622983281a94049bf8dd63e9fa0b923,0,normal,
3ae6832e79ea4eab94e260387d471922,0,normal,
cbc33b0e557f440aa836309a913dcfc7,0,normal,
1c992039f8bf48b3aaf3bc9d613abefc,0,normal,
372d20e872324bfaaf4de2e78f7f9859,0,normal,
46930669483f4389a48447101233aa0c,0,normal,
095b295a0336482c8d065bd43bf3f154,0,normal,
8bb5d235b96347ed914729c20fd1531e,0,normal,
176e3599aa1440f588d3048be3ce0de0,0,normal,
cdf8af8a61c34445a777c0f20493dfb7,0,normal,
b7f2a65f25814431ac6a43f1308b3e18,0,normal,
af6d41b900284bb7bda2a6d5c4d39809,0,normal,
bfb82b53da98492eba58a5f75a6da264,0,normal,
aa4cafec08244c149975b194a55750e7,0,normal,
fc6adc021e924be2b67aaf2a1e7b8cd0,0,normal,
3f8a679640614999aa04f62b070ff2d5,0,normal,
3bc653fc957c4d6d96da6fd800a39f33,0,normal,
9bfd4237c5d0431b868fc2f03b54a121,0,normal,
9cd26f994628414fb31afecb07419505,0,normal,
5abb34cc417d477d8c396e9749ae9925,0,normal,
2ad9ef896bd0483e97e71646b487d40a,0,normal,
ba51bf92275e4fe59c4b6db903917a6b,0,normal,
f3af92061a9d4e689fe286b680cefb83,0,normal,
8fafa7666678462f8b9899c7feaae454,0,normal,
8ea57b51d37b41238467d44cfefba863,0,normal,
ab15256d842c42be9b357e39e5ddc277,0,normal,
c0bf3bd631214c7d9b26c77560f270c1,0,normal,
1a30865270a043c3bc9edea9dcdc24fe,0,normal,
90c3ceab89ff4c90852697ca1f67b6ad,0,normal,
6061620adb2049b8ba7467042a06511b,0,normal,
92e5013e97cd41e3b6d5bf23b5669ca1,0,normal,
637e6f2266c94ad19dda33d643973b08,0,normal,
ccb61963f50f4a0ba85536c1b6902e30,0,normal,
9da6b9cb13444ab482d42d3ec3f82b6b,0,normal,
f166e42fccdc4dd0873ed8f705b2e4b9,0,normal,
74d58ae95b6048b9a37c54d508ea8050,0,normal,
0be406436158475d8947e0b7261051f8,0,normal,
333043d3437a40e3aa6ccdf9ddf20cc2,0,normal,
7b1119a5f077464e9622ecd2446d9336,0,normal,
530069dce6a84e419ce56b50f96af926,0,normal,
fc41b5f63c8940cf816a391760ff9a5b,0,normal,
bb9d2129a9b64d42a0cd354ff93942f2,0,normal,
4f310670c9184d02bba10c3f8e045157,0,normal,
0f7729314f344d5aa7311d0cd9ccccb0,0,normal,
7c4fff05371e48e89a5f03ec4c2203c8,0,normal,
5ac58557bff24e66821207f3651e50a6,0,normal,
6ebc2410d88e4ee3962ad93d88796144,0,normal,
ba21be6ea46c4601bcfa1401d8be737d,0,normal,
72486229fa5b4c01b65f5d78bbab46a0,0,normal,
0d93961b8d514fffb3cc7687541892fe,0,normal,
77d234959fc040d78136768a0648a2b1,0,normal,
59fc987858594734a5947d8296fe286b,0,normal,
fad43c0530594d40bee205515371115b,0,normal,
c32e59983fa24094b7d94946861af345,0,normal,
be8de5d9e8024217b9ac293a013441dc,0,normal,
d5fb24ae445b401796dad6721bd90949,0,normal,
45460b83388e4aa6b0a5afea40240a69,0,normal,
88e5e1dac4da4414a2a276241588f8b5,0,normal,
289db39289764306b3699abe6e63ef53,0,normal,
e715ec9828f94dbd93c15f2a8c01e3a4,0,normal,
db97fa51c8354b56a5afbf163623f066,0,normal,
d61308f1e4764c4694fd4116ad1633c4,0,normal,
44158a1f79db45bdaf816df2692f328a,0,normal,
de8910e4e3564645a90b5ba006cf39af,0,normal,
c7b6e5d70628450ca35fe9b8cca0957b,0,normal,
8646c72bb11249a999fd4048b65e399b,0,normal,
113c25fbff5a4c1db499f9b986065185,0,normal,
ac522eadf0e845849588371cb17283bd,0,normal,
47e74f8f2a204fdbb2d9a0ea08fedb8f,0,normal,
45c9c455ad23407290c50184f84195f7,0,normal,
f9b855a63a1c489eaf0e2a381bec0f25,0,normal,
9d712929a43c4ae68adfcdef72edc742,0,normal,
449118005f464db9856e7adc1891f7ca,0,normal,
da42650bdb0b4403ae58d614832fac14,0,normal,
4cd6dd9cdd214f419da3be0664fb8ee4,0,normal,
3a35b873f4c940379acbdba187518db6,0,normal,
181ad929014240a1ae57e91dfacff170,0,normal,
5ce290cefac64324ab567546d50f0d71,0,normal,
0a5eb9ec63264fa39d6fcf0063e9059c,0,normal,
b8e2049db0804d998cde4f4a6c626f91,0,normal,
83f9534ebb994914a0ab117cad7b84f7,0,normal,
f56c12b0792a4ed48836e83a9706977b,0,normal,
24c04248047845cbb54c23d83b5f2762,0,normal,
08bc2e5ef9e5498c96e4355d9bb85cb7,0,normal,
3668347406204ba7ac9ba0b101804951,0,normal,
0018485e5d50477f8bee614abf83f7ba,0,normal,
d7b9f879199c40bfb76a1d0c7003bfc3,0,normal,
9e413fa35d1b475586954d77d4b9d3fc,0,normal,
e2ef148ea484413382ca8e8b0412a0cf,0,normal,
1adc2acad8ac43719e46a15d29383861,0,normal,
a335987f4217400abaced00d92c47d27,0,normal,
118729fdec6c4f4ea469ed443a0b7667,0,normal,
0ae96196efc24ba4a73f657db50d7a50,0,normal,
ec400dd56439439fb409cdd27ba46581,0,normal,
d95e30c773b646c9b196cf02ae654883,0,normal,
d15da46568b8475f818d399f84d6d070,0,normal,
d388b82ec4bb47c692371cd05ee58b4b,0,normal,
6b712f66c5504d3481ff69f3f374c99c,0,normal,
7f3b11d3403e402a970e58e9702d74e2,0,normal,
f25ec561c69d4b92b03303530f844ffe,0,normal,
a0e6bfb9a7454127858b1edee281f72c,0,normal,
11742e6799c449beaf16f7c81384a4df,0,normal,
03abea9ac79b4e9ab2883ac0f2e5b975,0,normal,
0119a2eec4ca4086895b4693262a8a8d,0,normal,
5323c96816b54d07a0225e900e3f071a,0,normal,
a74ea78e9d664e68b0adf8a9ff1cbd40,0,normal,
6ee0420bf0744cdca9a85fa3c6ba63fa,0,normal,
46bc8e1e76de43f8ab9e03974d1bbc90,0,normal,
32a64c2479174f228a2004bffb3260f3,0,normal,
b041cccfa28c4fc8b9c3193799babfab,0,normal,
b3337bc6a8404ce3a1f3edce211437f4,0,normal,
ab2ee422af4c48dea2527fce540e97e6,0,normal,
f6bc108feb964a9db7757fabf90e2f43,0,normal,
7dee517f07104c12b7e9927f55ca4ece,0,normal,
9626580746df4820bfc22eae3a09c6dc,0,normal,
041b208edfb940809a771f08b3fb00d1,0,normal,
8d1480fb7c9c41aab76beb271e1ef452,0,normal,
97a482a443484dbcb5cd261ac5202536,0,normal,
c1719dd192b74bc7b9188cd5007b76d3,0,normal,
5c7603e8ede945d19b315c88cf39b5d3,0,normal,
eea2a61f821f4103ba1dcd3a782c3170,0,normal,
27a497cea60445a6acbd8390557a8223,0,normal,
591bef94a0034932a034a9f2b2733009,0,normal,
73f3d4e44a9a40c3b2051e59b187fa7e,0,normal,
1fc5440c7874439fa8efb23530ab5cff,0,normal,
e2864408e76049f7b638960deb7c881b,0,normal,
ef0b5e5558544333af3b9d285a76f4d9,0,normal,
bea161f7d5f94e619b36b782d668e686,0,normal,
bfcb46f45dc342b39fd92b4df9921448,0,normal,
a63bbe3f9ad44cc99fb46f41cd0c325d,0,normal,
ab1e05550204485bbfebd1c4327a4556,0,normal,
0a87f3bc826c437290a85ff6b6e1dec9,0,normal,
1af86dcebe4b4a76bbdc8603412fa5f5,0,normal,
0a3492a5191f4b188f96dc872901a840,0,normal,
c70862cb86304a0693e3e363ef79c962,0,normal,
26e7792a9fc4440e982a2182ed6d96f2,0,normal,
7b83831918a94801b75635415e777b2b,0,normal,
fb2792849c1b4eb580df28c644142604,0,normal,
57918e3237a144f09580d12bcb5b6d4b,0,normal,
c48d0fb9240d4c6a8817d2f546e63e3e,0,normal,
236063fb003545329d8931554cb47d27,0,normal,
01e05380d2204ffd9d9dc2ff19a83a45,0,normal,
67c3a9bddec1428e8650d68c3baab3e2,0,normal,
f7d3802fc7784b0a805f9bbfca487572,0,normal,
a02269698a574754a84368992b63a399,0,normal,
3eb7942ca51b401e8867ad62db5a1546,0,normal,
88e426d9ceb246e6acd4b4f465579fa5,0,normal,
77fccc103fa64b9c85b322bf59ed37f0,0,normal,
fa1b9a33287847058d2c1e06886a6f72,0,normal,
ee3175b950b04ada939c6dfc83945e36,0,normal,
e61e32ae4dfd478a9df294bae2fa9760,0,normal,
8a285922006a49ddbcb4756b81fbe985,0,normal,
e8daf9501dc84b3f9bc423b1b2c87b3e,0,normal,
edf99446dcb842c79cdcbdfd369c9b13,0,normal,
14297514484a471b92c16211e1ee85d7,0,normal,
5b581dbfe65b4e5bbb8122c510c98fd5,0,normal,
39ccb81c901d462c8bce9ad2252e5432,0,normal,
5e89a80c428d430197cff73b41e765a1,0,normal,
3138c8fc741540d4ae6f18956be5411a,0,normal,
e5eb2eae8bcc49c48300180b56e86004,0,normal,
b3b5346c314d4961ac89265ebb19adf6,0,normal,
eb74d9e2259344bb965f94798643c623,0,normal,
b414b315630d49a5ab73a9e1724d527e,0,normal,
0f14214f90ac48d28595240c62f3aeb2,0,normal,
1004189a08784e94b22ae171e52096e7,0,normal,
8c74a17750ac4cbb9a4f1152730dd364,0,normal,
08270dd4ca914c74a66e114e482bd123,0,normal,
533aee5b83494340a16354c81a210007,0,normal,
4f5be2c7899f450c919a2e8433d4b634,0,normal,
1d9d9a9bd21b42f4a5e6ad612d5746c3,0,normal,
e125dcf454354700ad406eb3f6d31d4e,0,normal,
6734056abd1e446489c97b5e8e7de20c,0,normal,
484728d26ef841e2951449b25cd9ce9b,0,normal,
1c271ceac7224b858afc85d6a646074c,0,normal,
e9167f6c7dff430bb848e4e02725bd01,0,normal,
968fe80c5e4c449db3d28e7711cc139f,0,normal,
6f5e30e4f6fa4d49828bf91f596d57aa,0,normal,
ad33dcff5aa544cc9bb7fbed808866a4,0,normal,
f2aed7612f55434092f984ff30879de5,0,normal,
9844b15e91bd4ace90bae8ffe7e7a719,0,normal,
91cc33dc1e0844139b9bb0002c7ab5f4,0,normal,
42bff132c43440ad9df202dd0f04976d,0,normal,
e338c0a7f06a4fb6ae2cf993638ba71a,0,normal,
25a6b59ecb3142329d915423c6999e6d,0,normal,
e5a8a42e7083403c913f1f7007f3d3ff,0,normal,
60388c34604e427f81fbe28ec7d4ff6f,0,normal,
99e7998f846b422b9503ea49447619c7,0,normal,
ec75ff697e0d49a3802d4cd5aee2f99d,0,normal,
539bc26290ee47b8b3436f92cbe4e78f,0,normal,
78eb4fe99a2c4a5abfbe0a1dc67251d4,0,normal,
82fb44cdcd88407991ddc22cabcd2c98,0,normal,
0aba0d455490496e831371abe42daf04,0,normal,
4f9847336dc3406486f94d1c0b263b70,0,normal,
d366953c11e14b3bbc36ac6b2aab5db6,0,normal,
d8746270858142d69a66ff54ce305a19,0,normal,
02439a06aa7e499ca4f1a55b76c8988b,0,normal,
65acf4bca2a2413c85b51b02efd70e72,0,normal,
5d834e28279346338b7eae065c24274f,0,normal,
99970e7da2b54eee95bfda56e1dd6272,0,normal,
288c743e8b60445997073f0e3a3502b7,0,normal,
40498be9e8584d20bd269ebdfc793301,0,normal,
6b90f1d1c07b45c9a2585f4e2040adc3,0,normal,
35849311582f462ebe11d06849ae579e,0,normal,
b4b71bd4c40545369e2ae02e202d29fe,0,normal,
8fa68267ee894698a3ec3f210c15cd22,0,normal,
3f1b0ba08abc42c1a23266b4a6b28180,0,normal,
fd1b2919a7e743f98b7388d37794b408,0,normal,
404bf58fd7024d84b1e7487ea8e46d9f,0,normal,
eef8a8ec682e415182f552db9c744d11,0,normal,
f58b479a3a004e51a9f90e5709fd2869,0,normal,
ece5e2596e724ee89b2a97d6b92c2dae,0,normal,
3a8f45d47490498ca1c2d94cccfa0172,0,normal,
d196162a321549379874c0a82e62fa8a,0,normal,
443558f2f4304f36bd105606368bc957,0,normal,
45a55c8f05684a9882913cc50f1c4bec,0,normal,
2eb2a98104c94252bf8527d9cb0f9149,0,normal,
2c8947df0b3f4bad86da12540f8391bf,0,normal,
ab63bb41958148ea9636ddc251965ba7,0,normal,
8eb1da4096bd47d5bcd6f7dbf64ff96e,0,normal,
14931c2ab19a46278abffe76de11b6d2,0,normal,
4fb4250b259e42f0aef449705b72f2b6,0,normal,
3fd94e0f287f41978d3c86081812efbd,0,normal,
1ef8d49e597c4d0699c3bb1efb23d2d1,0,normal,
9ca6befa1d364bc5a6014ad7c2d64acd,0,normal,
f6d15a03d91f4b199f8d9114b8791e84,0,normal,
f9fd39a6d3a84dbb81a65f78a827dbef,0,normal,
b841e8a49c784c3bbbfcb34513063323,0,normal,
9e2fa637431246dcb9053a6cb5256585,0,normal,
db19cc8352d548e9833cd487738f1a48,0,normal,
b5d0dc3f2f854625b31c0e7b94f2547b,0,normal,
9504a0e5181b4a14bf436ec3109291b0,0,normal,
9f091ab0dda3453ba31e6979a5728737,0,normal,
dd4e1676f6fb43099116123e265385e7,0,normal,
c4f309d1a31c4b9c89407fdc4aff824f,0,normal,
0994628c1b894a198df2e9debba61ff4,0,normal,
a9c617e0773c4ca7a35f01cb323d656a,0,normal,
5e125516405349f7b54d82569ddf91c3,0,normal,
b748a4dd13854e3188b189181f2fd3c8,0,normal,
83439dfd6a9b442d8abb2ec11bf52278,0,normal,
5661a0e1aedf459a98932dcaf7ee17ad,0,normal,
175f8dda854c484b9b7fd02ebfca168b,0,normal,
4532b3fc4a154898bf6a5d71ad769e56,0,normal,
cacc6b4012294b428f90833514eb13af,0,normal,
829cf41764bf4d71a5fc468684f80870,0,normal,
8e0e4c30bcd54f4891d1d978ebf8f42b,0,normal,
0dda5603b353462aa900baab59d607ea,0,normal,
bbeb6f4b30d1419eb584b2994e560790,0,normal,
56bfc1a8f8394581a630581807a97ce2,0,normal,
f66f37059ae247f8aa7a6648716e1dd2,0,normal,
b323552a46e64b81a9059a07422d925c,0,normal,
7e25319b9cbe4f28abde84d92ac65fe0,0,normal,
ace71ff29f1d4eb8bbefe99f5d27ee69,0,normal,
9cac7209a8024e2a8a49a867b32b8aae,0,normal,
3fb48e6a2c674d91a7270ff8836c4856,0,normal,
4f4b97d2c81741b4abe68aa14b30bcbb,0,normal,
457098c47ca444e288965e3ff2d6ba09,0,normal,
bffd080eb50f4692bc9d2eaa6e92f279,0,normal,
c7077bac7aca4a79ae0559f996786e40,0,normal,
e17aea4f971e4973b96e2e427119691f,0,normal,
854851a6b66d4fbc9b611b77dc0eddee,0,normal,
7eff2dac7d2c41fa99268d2931f30e3b,0,normal,
82ce37bfb35e4b3e8e4c7711744811f6,0,normal,
d73623642ec7422a875dbcb6f086ad2f,0,normal,
429d5d35b1454bc0867fddffa4ece6a0,0,normal,
2dc0ee531d6e40af860596e710fdedbc,0,normal,
8ae3202c92464ae597940e446c10d6f1,0,normal,
13957f4a67af4d958aa779ae10438810,0,normal,
347394e38fb64cbf94027ea52164af23,0,normal,
ce1e06cae96a44aba4f27ea2957849db,0,normal,
406070f6620340c7ad7f88e63b196e86,0,normal,
4ade4f8953464d6ca38b2b26c229f214,0,normal,
d9ba34d20b6e4dbbab5f4bbf63c60d23,0,normal,
250954dfd2214b219e6f518fd80d55e0,0,normal,
9d1dc0caf54843a18ecd8cce49bb8f2d,0,normal,
1346ad7a368e492a9cdf0a8df7a914c7,0,normal,
2103b389a92d466e8d2b4b15b558bf5c,0,normal,
2ebfec63a5d84058bf15ccf8150a6283,0,normal,
cde851a333ad47f39ed213615487ddbd,0,normal,
7ccad71f95ed4b82aae0e889ae66e833,0,normal,
09eeb75068f2455ea7659f8753675efa,0,normal,
94baf070a5ac42eda674975dd7c4ab50,0,normal,
ab0560efdf3f4cb3a6be18b04f6ca862,0,normal,
1813a4964e01490a8b79cba0e9de247b,0,normal,
f92245cdb95343598f4dc02360f99dc1,0,normal,
4ac8d8aeab484399abdbf98f13717068,0,normal,
c72599a6181f4b08a058acc931b42d21,0,normal,
cb85f385ff884851b494cdc025ee5669,0,normal,
d4838e2b687549bbb7491dd87ed57d7d,0,normal,
811e2f1b15094444b87e3c4fdc00d644,0,normal,
73127535f1bd4370918c4c45d3808346,0,normal,
1f04a471d9104e8b99b7b513f9b0c5b7,0,normal,
128decc3dae14a789dc4d4b7ceaf1dbc,0,normal,
30edcca54e6d49a4a24ef703c64932be,0,normal,
8b82da60fb6c46b7bf486b328eed1cea,0,normal,
a79beae078b14cd89aa25b91241e999f,0,normal,
49d53d307cfb439ca014775cf144259e,0,normal,
bab0a027674f4e1ba7f29d1c90190f2a,0,normal,
51b01204340d42cbb4096b40230e6564,0,normal,
d523ceddc4b14b8cbae25ded51cb6131,0,normal,
02fca26668e8470e8fbc01535197590f,0,normal,
9c3ef50ee6584bdea2c35d6a91c1e524,0,normal,
71fcea6f4acc46ffad782a5f78f63ca6,0,normal,
f5cbab4246d949229f52bc6849e01b14,0,normal,
01027ac98a6f461dbeed116e2817120f,0,normal,
8eb8a8cf368e409aa6ba130dd00a7e7d,0,normal,
5c3af376e9ce485c9fe42507af76b531,0,normal,
793f509e73f541ecace3d4a9b18460d4,0,normal,
388d60dc533b4da7965f5271774bab86,0,normal,
b872d42e18a44ddfa278cae9782b24ea,0,normal,
309dcea5e8fb4f4484563c026b1e48b0,0,normal,
8a14286a4d9d418d8c155777e427e5aa,0,normal,
3426fc5e31184e25a65378529819cc7d,0,normal,
dd2d66e0cf144106a41a9c38a5ca8a11,0,normal,
76b5cb17778848edb8ab2ac5c1e1fef5,0,normal,
336ac1d40e0545d591b24315a8b1aa48,0,normal,
c4ecac2c1217451b85f30dcda979c88f,0,normal,
21072c17f9a54bddaec50722dd59a149,0,normal,
762fa311bcc04b37b2fdb378ec75772a,0,normal,
019581000ea44ef9b79f96c26a9bfd81,0,normal,
45a7457c741c4a998b7810a5ed8faf2b,0,normal,
0d51bbb8f94448a8921c5722dbe78273,0,normal,
9944bd172bf848c5945704b9d36fc60e,0,normal,
a6f2c69f6fbb4533becf64fa9d0f546b,0,normal,
ce25823da91b4c599fe2c08ad2a6ec2d,0,normal,
3cd4656d03e4421ea2390c6c2d5bbd15,0,normal,
4494ebe15b4541ee89759c0221af7de7,0,normal,
becbbd960fd24de4a828a71e7b6872f0,0,normal,
1b99687a374b42a7b75ed3c5bae7b545,0,normal,
d02aca9338784acca6dd682dc2b7cef8,0,normal,
175c9d4f74824ab1ad3479b88b476d71,0,normal,
cc94ea0ee80949808f61f7c0cee53124,0,normal,
f1c238b40ebf4171bd738e7469465283,0,normal,
7078e52914d84de38fa011e1c58528a2,0,normal,
e0e25dba47a0472fa116d55b132fd6a5,0,normal,
309cbf852d2447fd9b74320b17bf3c85,0,normal,
d5b9eae71910461d8953933ef2962d3f,0,normal,
0d71b15e1ca84f4eb9a7abaa2c13b571,0,normal,
07829183cb0a45449524676fa82c913c,0,normal,
03e11bfe28cb4bd084ab2d3bb4765995,0,normal,
43db505b71e14cb6acef5f67b273b2fb,0,normal,
c0448822e5cb41bba28e7040ca3f4a2d,0,normal,
9aa9e6ae628146739433b177a6aa5b44,0,normal,
b7c86e037a7647cc94d674a32dde481e,0,normal,
f9f3aa0dea044006b99e27b71d2ce50b,0,normal,
a05d1b6cda4a43e587d2ba7229979019,0,normal,
2a71ba8e8a8440b3878110f16972ea34,0,normal,
384ca2d5809a4215a505850fd0826209,0,normal,
f8bae8a1ac32412999397d07310a37aa,0,normal,
f79aea78ce954bd88638104fae8aed53,0,normal,
33873e5ea8b542d6b14acac7bcd0f868,0,normal,
75c0fcc17bfa494682322f11d537a8fd,0,normal,
ca6a40e5359c4f378941db92b9aa6201,0,normal,
b4f185d333d745dca8996a6c0c51d475,0,normal,
a29f70dbabf64728948f053bd476a5b3,0,normal,
bd283088b1f84b8f95f3a6628a73d017,0,normal,
8b68b4b4a3e64f69a9ca93065a3232f6,0,normal,
b93c5525632d4a3d95a124a45fe39c36,0,normal,
1cbfff1b93cd4a39a51a9ea7830af93a,0,normal,
bfcb3e005d9b4f39b07635a9c02bc1b1,0,normal,
45c9000dc4db469f936d7884b3a6fcff,0,normal,
e04047139b6e4c4da450d06b81ace4bc,0,normal,
ff440d03bf3245ef82fe7ef3e20cbdf4,0,normal,
960f595937da4ea0862395f98dd724d3,0,normal,
3dd8cceb7bd046caa2ee838d2df4fcee,0,normal,
2f243a6e0498467299c507d9207b6c55,0,normal,
359491b4d62c4afcbd0328e13e793f7e,0,normal,
ab8c0df8f85649f5a8dfafda13021dac,0,normal,
20471b26015341c5b25b580264fa2981,0,normal,
0d3d474659eb4fefac47b08d3aab2534,0,normal,
8a09feea3b234563bca153882f90ed35,0,normal,
9414eda6d98e4aefab5dccc2dc04ac07,0,normal,
4a33f1960bd042499bd2d7fd0474f0d8,0,normal,
ac167d1c863d473e80291217bb9a919b,0,normal,
2e4c19fd040a48c09214f47a3773c26d,0,normal,
32225f8c9a2248a0a765467964ff961d,0,normal,
c81372eccd114e7ca3f85239fb028f9b,0,normal,
de0f8c81bd7c4d6c801afcb4c4dd64c4,0,normal,
ea4a1673917148de8193e2cca3369334,0,normal,
54385e2a69304e56a6b0144d68f9c243,0,normal,
f2edc9b4532546748a66eccd3a7423b2,0,normal,
05ee7a0365a744878cc066ab989d9d74,0,normal,
354883544d94431684a4bced9bfdf28c,0,normal,
385bb98f41f1499d9c4b1af53c280b4d,0,normal,
ac4c76ff5ea3446185e41da5ab60b24b,0,normal,
e60dc9dc103c47ada1baf3293868d147,0,normal,
2a73d01ce2da442b88fc578e13b4bff8,0,normal,
91d8a6487dc747cfa44b720fe44c3957,0,normal,
53cae2f9da684376b05844bcb93fc6cc,0,normal,
e8fd16ab31fb46d09872871ac81becf0,0,normal,
11580eb48e17459d8fd716e380be3bb5,0,normal,
a34f19584b4246298724a843f83812b5,0,normal,
8bc5ee74c0c9446a92ea182ee9940e77,0,normal,
be1f527eeadd4c5cbaa421a57c3ad758,0,normal,
6acab3d4ddbb44e8b4fc766935afc6af,0,normal,
699d7579b6784f2b86cb25c2bfe972ff,0,normal,
388abd3030124633a770dc56d8aa2d69,0,normal,
23a54833277c459287fbbde7254318b5,0,normal,
2cec9271b74f48b19f8128cd3048508b,0,normal,
5d4bd25b5182448da93ab27173591c7a,0,normal,
8a6972c5f8524f89879c2c27ab28ae86,0,normal,
bfe63ba078b6438f950fdde35e3524e8,0,normal,
b18447370b0f48b690e35f3d3e251593,0,normal,
5d49e6fa1a3540a09dd39e146e0cc5fa,0,normal,
26ca7c6f4ec342c6aaa45e7205e8edee,0,normal,
d4cab26216fa42e2b3f0a853c208568c,0,normal,
aedc3fd5bf254dbf80ce778ea24fae37,0,normal,
93680488d98f45e28ce16f01373e2c8a,0,normal,
933e7898801745d3b576ad5c71dc3a16,0,normal,
a81953c0c3994a9994e2bee8297194e2,0,normal,
7b2af8bf713945338eddc2b79db209fd,0,normal,
e5adabbcaa5d454b9ae23e2a8fe1ef4b,0,normal,
3093e41b1f6743629367e50c3d4aeb70,0,normal,
88baa4af6f394714ad75a642cbba1b83,0,normal,
889b7099f8bf4f99a28cc8b145d204b0,0,normal,
20184dc32abb40e09ba26cc81a15925b,0,normal,
fff308ac6fff48b291aa0daf48c35238,0,normal,
dd0e29ed25454940871092c711d972c2,0,normal,
e0cb94e263fc49d89200211bdb95077c,0,normal,
9b66a697be8a4afa8e452de9e9a9b394,0,normal,
0219b0f2c77b417ba0d3bd2543381068,0,normal,
521134d30377409e9ad54b535cc9f365,0,normal,
3835c7fbe92b4c41b995895b40b0e412,0,normal,
56c1c15135c2495f82b27a3cbfb17e41,0,normal,
fb09e2e4d5774283b7baea5a362b94bf,0,normal,
ee2c97fdd3004cdc8b60bd28bde6dbb4,0,normal,
45063ceb25f249c1bce02bd1be9e5997,0,normal,
5e390bc1c0e24dbaaa1017ae04f2266f,0,normal,
ddb67ae2f8e5454e95b0728effcb6549,0,normal,
f97f40a87de1431080cdb5456e54ab4e,0,normal,
437ca3ede3924952b924c5ffd14ba627,0,normal,
38a37f0f234c49e28467cfa6f960ebe4,0,normal,
047ded970a634a13a8b54e355ec406da,0,normal,
86662b40a54643b5815b9c2895c756a4,0,normal,
e170c749e9cb4877949772f0c40bd5bd,0,normal,
b9a01789e1554b6094aa21c936572ad7,0,normal,
cf184d9136a4407aa7eb851cdf68f3e1,0,normal,
36263d3bb239447187dbf743b91c7ee8,0,normal,
068606ebfb444ec69d0be8d8d7848790,0,normal,
6e78b9f6b4774e988ace8d65ed870e20,0,normal,
edb49bd021c04a13ae88f84c6f939303,0,normal,
93a0defd628b4adbb388dca9cc7f2631,0,normal,
a9464aa6c0c14f3684e09aced32257b0,0,normal,
d8d23ab8643f4a2f81dc8b2f643f5fd2,0,normal,
c8f9c16e9f0443db981ddd05f5fb4de9,0,normal,
8b2b599117664ee5a470970a3bfd7323,0,normal,
64fe9c9bf4d74a07a548a999aa5a5aff,0,normal,
04e1d7a5a02e45d2ad5c97f51e22defc,0,normal,
0ec92d7ecd3a450b83d697cdeccad6d3,0,normal,
4e313e842ee04447858d84594c6967f8,0,normal,
4577cf1c8be34894b0d83013fa6413bc,0,normal,
917f6c4310d248c9aadc24ca00a24bee,0,normal,
3ae3b6400b5a4adabb732de0a9a4e4f6,0,normal,
9b7e7edbfc364c07bb9164461e40f519,0,normal,
6fe0e737b54644fca194260b8bc3eea3,0,normal,
f24346c678744b5db8d634691f3c1cab,0,normal,
203ebc0c25134b93ac5b32ee7415e352,0,normal,
4eead143ed2149148343d0ea209c57be,0,normal,
eab2f0494a9248fcb95fc242e2be5192,0,normal,
e2bbc40c8a984c64b3cfa36314836046,0,normal,
8b577af2b41f4d15804f92e611d91b71,0,normal,
c9e9f440c3e846a1821e26ee23b619ea,0,normal,
df94c234e20347bb87ecfcb5f3974c72,0,normal,
3e3280b1ea5f48b6a0a67601ceceffe9,0,normal,
7d2d2d1bbec744f690a4c8da770067a8,0,normal,
6f0fb6291f98459087d868ac47c08ea3,0,normal,
2243848721c24613be83ec07da0a58f4,0,normal,
8d07f0d49ebb4b85b931cd9d3d9f5879,0,normal,
aa4ed3fabd39475fa9c6b83db151dffc,0,normal,
24592d446c1841a492c442769496ffa2,0,normal,
2912b1806fec47ca819eea02b5f007d0,0,normal,
44c6540000214f0291fc7404da8e0176,0,normal,
be8cd01478cf4073a2861fb81c60192d,0,normal,
2b7408a559f141eca37616ce16e00a24,0,normal,
295ba71328e64f7f837c554cb24392c3,0,normal,
2d973156f5f24affa960d8ecedfe4d9f,0,normal,
9708421892dd412b87b3fc778279e5d2,0,normal,
cf56cce384a54685a89f9a80b68436da,0,normal,
95d1bf0ba6b94fe9bc9f2cd04adac6b5,0,normal,
710373092a9d482c9b715f54f15513e4,0,normal,
764fb15709f24f33a708d65ae3bfe60b,0,normal,
c4f0a5d8c47e4c3f899ea68131347514,0,normal,
ff62cac60f0b4e56ac09848e1faf0ba7,0,normal,
ea000cc248df45eab3c0113ee552e56f,0,normal,
a7f2cbc2956e416898c86af52f5deb9c,0,normal,
5d45e23b245b4ea6ba6c8917967c8d77,0,normal,
9bbc2dbed246493d9f2c156721d49b5f,0,normal,
7934af8b1eb64b3da0c4fa2232510dff,0,normal,
e66c8c6ef79d46ac99be0a135d3650ca,0,normal,
1d617897b11e44218669f2c785295ff3,0,normal,
fe139f8c334c4045a96fa8ad7b7bfe4f,0,normal,
5b0054865fe54ece95cbd1ad459b2822,0,normal,
13ee9fd093bf4eb5a38a62ab8afe7d31,0,normal,
1c80251a964a4d8eadcdd75948f2d64b,0,normal,
efae602d28314f22a77dbb9d57beda0a,0,normal,
02484ab830a549a38df82ba227b8ac94,0,normal,
7bc4b1d3b3be43168a0536ce385da260,0,normal,
39dcdc221c7f4bb7ad51e3a713e41efc,0,normal,
3b55cdb13e164dbf8c04cb49426e1659,0,normal,
5327d53bc84744a596c43f98b7906880,0,normal,
4d85bfa409134fdca9f5d2d85cdc551b,0,normal,
67bf04f0263e4c54974126eeb604dd7d,0,normal,
c2d10cb381ff48feb1e98ec26432889c,0,normal,
35ac99d6f07e492faf1c3adff757c72d,0,normal,
825fbcb80e674c07a5d1a0f852da2bdb,0,normal,
190d5c7aa4834f60b713c8e77fd15ad3,0,normal,
a6f4c564a6774087be4c9ba7de0e275a,0,normal,
9a3f5c41f473485b8388edea58635f2e,0,normal,
ba897478efae47ae87fac41d612f23cb,0,normal,
074272fe63ed4ac6aba86f4be91eca61,0,normal,
6ab1db9555e340ebbb1ba80f64a946fc,0,normal,
1cfdd889e3cc48f3981dcd40c8a20d5d,0,normal,
159af3136b7c4ca1a9105299b8fc6896,0,normal,
118c272fa8c242faa04236a7ec25b764,0,normal,
0f15aa9421554d26a3b0d45783b9825b,0,normal,
6d26a6d07b6d4161b494e70cddfe5271,0,normal,
3cd2e0b5c76a4b56ad6e5e42ca14aa55,0,normal,
1e4413edeb944c26bf2af7f4d46e4cb7,0,normal,
412633f54fc94c28bd8fc415e19c6d99,0,normal,
336d92ff078c4c89b745f1f1d3c80a1e,0,normal,
ae84c6b8220e4694818ce1f5174dd6f9,0,normal,
14a9765416d743558ecc815ed7962e84,0,normal,
5049cbeb9fff4067bb3e80d6d228b5c0,0,normal,
994def6dfe7048f78d2f30fe8bc3418b,0,normal,
37405bd55c0f4c30b779c47782293b2c,0,normal,
1a8fbe156dfa40bda3b3a5774b77eb3a,0,normal,
5f7306980c39402298fa7dcc1ef3190d,0,normal,
e0e27e52805746d1b1cc8007d8ee009e,0,normal,
069963ce51f24ec291c2d7ee5f2c1a95,0,normal,
2ed59e81ffac4ed5985c641bafd473f9,0,normal,
58019d98dc6d4778950478e6e36c5ebf,0,normal,
04e9f3d7bb28442abdeb551656bbe480,0,normal,
c9306f05d9144512a17629a0cc18f692,0,normal,
c2c625d0faff4d5c973b1f98710ddd8a,0,normal,
35a8a485b28241ee8cc609588f57c693,0,normal,
133f77de61694e009f8465240b54dda7,0,normal,
9215d212f8f248f2a69eef95eede14c6,0,normal,
0908ce6c907b44909c5c57ab61dc5fc5,0,normal,
0f8f3b31fa884c1cbf3cd8cc82c6ede7,0,normal,
a29691c3f42642bbae175ef1571ae576,0,normal,
cb122a995bf840bda927198b659245b4,0,normal,
13425685ec7049a08cd6532ecdfba693,0,normal,
256b21e6910345f89e6f1974ecc1425d,0,normal,
312c2df6d7104f68b390b7117e359bb9,0,normal,
c264cef6846d40b1916fb62c39aae3d0,0,normal,
4c26659996784c80af3c99fd258a0f03,0,normal,
1a95f503ae484fd0b3353210b79b4043,0,normal,
ee6b516ea5f84b11b33a7e3e63b5fa6e,0,normal,
acc928e75ada4fb1a6cf6ceb176d6cc1,0,normal,
39733248ff374a4b83fe2bba450240aa,0,normal,
d638c58996b447e29514f77d6dbb85bc,0,normal,
17596576e1474ce5b41a75fa64e07682,0,normal,
8878cddffbe84da68c858c77e4083dd2,0,normal,
05664bf5cba44844bad41f55e9be3f1c,0,normal,
9d2de098a43c470ba4a15293a1da07ea,0,normal,
34d82af9149a4558b96f57d54d512260,0,normal,
e2b0299548a84f518653875a363a0cc9,0,normal,
16773abed0c44037bb08331ba66d8362,0,normal,
3714defdddcf475fa1f5bb6e827b27fc,0,normal,
3bcc11456a3a43029a2a6a47c931fcff,0,normal,
7aa83cea474a428a869aa0a55436b03f,0,normal,
f6bc0a1c4fbc4bc9bcc6016ccc0dd7f9,0,normal,
84478bff5b424fb4bbdf57578725861b,0,normal,
45bc40d1e45c4d89b8e78c09f5f663f1,0,normal,
f790b5fa958f442d88f19b01e463ece7,0,normal,
5c321034765e4965b768b62f4be07fb4,0,normal,
f0e14de3cb864d8bab9dd3c8fc20dda0,0,normal,
9aa4ec096aac47eda076038e80afb46e,0,normal,
010db7abb0c444a9a1a4fe98b02a6636,0,normal,
4af4a20f800c41de94f26d8e4c9377e2,0,normal,
200708a9d3914b8d9ecf6ff81916da09,0,normal,
04ebc70b0651443b8db947fb360d88f6,0,normal,
0cbe3216254f487da200f74e5ff5d1fa,0,normal,
b90a632eb6504cfcae64c73d730c8d8d,0,normal,
4b2900fa7b4f4bbdae39efefa6cee8d4,0,normal,
9575b7e4cd004dae80e1a04cbc029a04,0,normal,
939d7f3e3e464b2ba976d33b1edb65c7,0,normal,
a1703dbd93bf47a0a5e989cfd03d9544,0,normal,
1324ad57d5714a4590d94f1e2add3ee1,0,normal,
615aa8cb624b4562870813d7d0a53325,0,normal,
b5e56f6d39194f62a6ae46b35ed79c28,0,normal,
095f507988aa4dc5a5fe21ee275c8176,0,normal,
4f1f45674494400fbdb363a4a6092f4d,0,normal,
5e02a1e7bab648ed84935de2e4911a25,0,normal,
b28cc97a61334fb18c4b60ae503ae8ad,0,normal,
dfa4a733b5e546f6a68903f44ff3d206,0,normal,
14c7e9d9d89e42e1a128de6d93cb9555,0,normal,
db8d54ada9964672934a97db2d156908,0,normal,
8243c4435bc64efda89db0999832d434,0,normal,
8362731b49ed4e99a8602fc1c6424077,0,normal,
991c42504bda42d0aaa51c2256a0a25e,0,normal,
55d672a956cc4434902eb80b16ee7df3,0,normal,
a3cb11300c4248be9615fd7e285c4303,0,normal,
4b8ccc1fb4494070879c1644dab479ef,0,normal,
f17378bbc30849fe999c86ab02c03c46,0,normal,
73f99a262ceb4080b7255f728418bba8,0,normal,
2b75fbb1d3014e53b21417b10889cb23,0,normal,
21665c9793754f878f7fbd4c3b3abf1b,0,normal,
e4a03528aacb47caac0f9e1f00d1727e,0,normal,
fec5a2becb6d444c87951907a3793111,0,normal,
9e5eb57323a24610a73671713d1177cc,0,normal,
11252fd13fa54275a90b8172aa4d9488,0,normal,
dd92efe6021b4186980afa676cf55255,0,normal,
c7e2adfad6e940ac9c47994436bcf67c,0,normal,
4374f18f72034738accf87ed907f54d7,0,normal,
e2930ac1d6db4d12a69c63f7257049c8,0,normal,
d6b2d6fbf0924243b14267deed6a3bd2,0,normal,
252679af50c84fe8995fdc05ef04cb32,0,normal,
569211c3253141878639455750f06ba5,0,normal,
699d2faa6ec54a0f873501c74c18c59a,0,normal,
9d56266e407440b79c2d2f3c7f12c581,0,normal,
adcab611ec7b491597396a7579f0037f,0,normal,
93a10ad561974e4ab273fbde74d6401d,0,normal,
e794f3a3cc66451f8b1b0535ab2b68df,0,normal,
30d77a1c71b44ba1a61b45a85fc682d1,0,normal,
08e62863601047fc8ede6d1f487ff02e,0,normal,
d8617e9ee1d44adf9700d6e721f1bf48,0,normal,
babb2485ef91401494d40050d80fbc3a,0,normal,
7ff55691a8414d3aab3b031269fe5ec4,1,wallet_reuse_burst,burst_38
1845b1689599406b839af810a5b51b76,1,wallet_reuse_burst,burst_38
fa8743d5246a43b69c73444eac2f3ce8,1,wallet_reuse_burst,burst_38
de6613ba91b74e3e9c3eec70ebfbbdfe,1,wallet_reuse_burst,burst_38
1b6df7dbe72a4a02982e455ca6843724,1,wallet_reuse_burst,burst_38
be00fa67770947a5853d6ebb33562ff0,1,wallet_reuse_burst,burst_38
2279cbd7f9664c138b77ec3144d45685,1,wallet_reuse_burst,burst_38
a3f41d28aa9f4908b181ac376e3737db,1,wallet_reuse_burst,burst_38
e84227a60ee84c899b35ec905967b830,0,normal,
4ed4d759b08f45a99cc51e28f45abb7c,1,wallet_reuse_burst,burst_38
540a831e6bde48c4a4c99b33c4a637b1,1,wallet_reuse_burst,burst_38
ae3de05a82f24d3bb1d4806223cc8af2,1,wallet_reuse_burst,burst_38
b2a38f4c2ca54be3868b65ceb8fe27fd,1,wallet_reuse_burst,burst_38
d450c771c2cc46298f41c69e2b2eafbf,1,wallet_reuse_burst,burst_38
95a23a4cf9754d9b9ebb4a425300b3e2,1,wallet_reuse_burst,burst_38
71ea9821ff57419ca377bc24bd22c741,1,wallet_reuse_burst,burst_38
73c0e0d65030414ea68a9c85e4ac4aa3,1,wallet_reuse_burst,burst_38
84b4da4e0c594a4f9d1108d98547df66,1,wallet_reuse_burst,burst_38
12147dc96ca64a3f850e7ab8d553c681,1,wallet_reuse_burst,burst_38
80c1348edd7145418d781f9ee3400f49,1,wallet_reuse_burst,burst_38
c74f1ed57edf4a8b864e8d1c88944570,1,wallet_reuse_burst,burst_38
ea77501b79c24beb8a9843fa3f7fe2a2,1,wallet_reuse_burst,burst_38
37e35e28e4eb4eac8ce619e40c98f358,1,wallet_reuse_burst,burst_38
72cf12b8d4b348c1aa3dd4e51b0918cd,1,wallet_reuse_burst,burst_38
49665a46816f44069d44d623b0985052,1,wallet_reuse_burst,burst_38
a322dbd220334abfa8d02db7f7a61e5d,1,wallet_reuse_burst,burst_38
52b6ebe7969d45b09f409a026b2af9ef,1,wallet_reuse_burst,burst_38
5f51d7e08bbf4649b5243c1520e817ba,1,wallet_reuse_burst,burst_38
c71ab676a94f42bb8140834266816c1e,0,normal,
5f24ab075f224be0860b7e9dd34f7df3,1,wallet_reuse_burst,burst_38
c72cf370e89948f08bcdc1a85c7a9878,1,wallet_reuse_burst,burst_38
d8572164ece4456286b2c07f390263fe,1,wallet_reuse_burst,burst_38
f4016d61b49942ba931907d2ef67267a,0,normal,
22e9a506d92d4c879c92ef3326c07415,0,normal,
f4129a1da7074ead985ec6a46f8cfb0b,0,normal,
fed41ab9b2f64ee5942ad374a836bfb0,0,normal,
bf4cdec52ebe46f6a79523e36ead4f45,0,normal,
f1db0852b07846d0a38828886f2bfcd9,0,normal,
26e1233a83af4ee6b1a887bc2ad3f76a,0,normal,
97af858ff0394cd18c6016b76f31fd10,0,normal,
b04ff0856dd8490ba2b49c2cce5cc959,0,normal,
1e5e996a222246d6b8e1aa8d6355d5be,0,normal,
9e0dd81ad4874862898313c5192c3c1e,0,normal,
0beceaa1feaa47eca0445e1e544bc5ff,0,normal,
1e2bef8db89b4b839d53fec6b6115ff3,0,normal,
4dd7422f23ce4a7abea2c146fd138714,0,normal,
fe8a3a9007864053ae3e3cb2455fdc1d,0,normal,
e1e37dd36c62434c8eeafe80c6a3c1cf,0,normal,
da51de595e044a6e9dd724871bf51d78,0,normal,
1c59657700ca40cf8486f6497950c716,0,normal,
c6dc94d58c44479a9a7fcd7dac73699e,0,normal,
5a1f8befceca40879ffecc573519b84c,0,normal,
6e58ebec679e498b81ffe894b066e333,0,normal,
7a27be8ea19e4d65ab32bf7024c2532f,0,normal,
7838354dd3514dc3bdad43ba233b78e6,0,normal,
f4ac21f771ed42538e691726cc52797e,0,normal,
5dc15c17beaf4d64add31dec7e36fc43,0,normal,
df394034ada4492ca17f161d6c367db5,0,normal,
1ac59ca5a82e44a88632c6fe6cb68aaa,0,normal,
6102ec79d2b14acd8e0524579f8d4cf9,0,normal,
fec849e2c00541df87a5ad04ffda69cd,0,normal,
0689eeb269cd4ac59d548cf1d6cefd10,0,normal,
6a7b3ab8939242298f1b8ea19b25ad6c,0,normal,
9969b1589b664bd8bebfba2ec817af18,0,normal,
c24d3ba7c2734316a549cb5897eb29ef,0,normal,
a670547206a946a09e60703d0565df5f,0,normal,
3b9bf9abea014e53b9898f4d1ca2c888,0,normal,
0d76fd977f38488ca1da232d79915cac,0,normal,
84f80e294eaf47598336b14ecfbdfcb2,0,normal,
0631066356df48529dbb32386dcec5b5,0,normal,
b2943a74d93f4dc087a4d19077071a8b,0,normal,
1f593ee2d375458cb463fd84abe81cc0,0,normal,
f36d70a4a95d4558ba069242c859224c,0,normal,
30e5127427d443c9a6f0c6739dbfea49,0,normal,
70a6dffc50cd4f5993ac76233966cede,0,normal,
a64378904c024c8fb149770008300bc2,0,normal,
a92b050c743648c4bf5e05219255b79b,0,normal,
ff3b205750c14799bae7ddd146183629,0,normal,
dbdce4f50592422a98f200d5d29fdf5f,0,normal,
ac8a200c8e9744369bd903f02508371c,0,normal,
495a8ae964224cfc9bbaa5022798521f,0,normal,
4c75a99807484653b55ebfab7ed203b8,0,normal,
403b2d00b3524f3691444c7527964f43,0,normal,
fcaedb9ff7634488a9ec8499522a6ba0,0,normal,
078cb059813e4a5980dead793037d225,0,normal,
9cf312898e5b490e806960e8185cf004,0,normal,
e93ee83eeb9d4f0486d4c4b2532b3ff2,0,normal,
7900282d47844e8b8ec935d20d4ef7fe,0,normal,
4df0082bc8e84ccab691292c7b5c9887,0,normal,
589a6d5be57c431dab6acd4b270765c2,0,normal,
9cdb91ac4c71440ba1e84c7ff45f5776,0,normal,
95e5ae36970542888b652505500561c2,0,normal,
2ade7c37d24847b1b3aa30eaa49feaec,0,normal,
7ddd83c889d540328b916fc517ec1d36,0,normal,
56236fcdc56e4a7c9aee42f9ab2459df,0,normal,
7919934367154f77b6c952b8b835db5b,0,normal,
3db5a6a310f14fbd89435b381a87f1ee,1,wallet_reuse_burst,burst_780
b291c23a555b43bab144fb77252dd839,1,wallet_reuse_burst,burst_780
d8016012124f42cea8328751da9a9d6d,1,wallet_reuse_burst,burst_780
325bef9f1f3845f29f0e26b5aa2ec8bd,1,wallet_reuse_burst,burst_780
e3ee207e53174740b1d670823eb814d5,1,wallet_reuse_burst,burst_780
de0d7f1991bf401f93047b4ddf274bce,1,wallet_reuse_burst,burst_780
8ba2f137f1c94b7c8e53493ddb36dd57,1,wallet_reuse_burst,burst_780
de36330efd9c4adfb02ddce1b310b0f2,1,wallet_reuse_burst,burst_780
2230e87bd7224b648788c42d88dbb924,1,wallet_reuse_burst,burst_780
fca020f8af494499ba827b4af69bd801,1,wallet_reuse_burst,burst_780
eee47639f67948b598cb5aad7a7ba113,1,wallet_reuse_burst,burst_780
2766e8ea93aa49b99df743248303020d,1,wallet_reuse_burst,burst_780
0bf2ef817a284d01a5957aeeda265858,1,wallet_reuse_burst,burst_780
2b96c65a639c48819936a4b05565a637,1,wallet_reuse_burst,burst_780
6a2aac59345b41f7aae2ba6d18493d42,1,wallet_reuse_burst,burst_780
fef3a40cdfd14f3ca433180d94bc35a7,1,wallet_reuse_burst,burst_780
9f2cdee46b594f05bb57d0a9dc55a272,1,wallet_reuse_burst,burst_780
7706fb784995452bae15d788348c354f,1,wallet_reuse_burst,burst_780
3657642aba8943aa83e5d5eb26d8f1c8,1,wallet_reuse_burst,burst_780
b7dd93726e6944ccac6952863664473b,1,wallet_reuse_burst,burst_780
e8af4ee886c340759c03e9aa945e14ff,1,wallet_reuse_burst,burst_780
7c62a18c684540548420a3c953e25bc2,1,wallet_reuse_burst,burst_780
e45093ad078b4381a9ec0eefda82d75f,1,wallet_reuse_burst,burst_780
6dd02497ac7d437a84adba3283fef0da,1,wallet_reuse_burst,burst_780
44407327cbcd4fd3a8d128d3d3f86439,1,wallet_reuse_burst,burst_780
f87ec51bded54b8c9ccbd4fb94b4f2fc,1,wallet_reuse_burst,burst_780
de58a521b1ed48cf8d30606846ccbc23,1,wallet_reuse_burst,burst_780
ad07750e7e0949dda27c474de03b3c08,1,wallet_reuse_burst,burst_780
1420535c29e44d84a4cf2398ae89e350,1,wallet_reuse_burst,burst_780
ddc8703bb94c4c2d8dc0d0b441e112c1,1,wallet_reuse_burst,burst_780
1bb933fb45a4473bac65cac6546b373c,0,normal,
94d1c482311e4e0f93706f100b0fc193,0,normal,
23b1813406c04571b64aeb5e5c223eaf,0,normal,
dca7c625e0924ad48a5612df4330c1f5,0,normal,
e40aa5403ddd469facdd4d11bd713821,0,normal,
2056db1769704a7bb41a2812161c91c4,0,normal,
279121f2ef4c4f03b9a89e865fae1fcc,0,normal,
5d2026fafbba45aa8994bab27f0a228d,0,normal,
38d08d85dc094305921fc244efb24ea2,0,normal,
583581944b4042c5a99d6cca4a0e8fb1,0,normal,
812dfec617604efd8b0c54939c278113,0,normal,
cb663bd8906d427bbc68bf2b91ecc2f3,0,normal,
03cf7efd9c254e5cba71994f4ef7e984,0,normal,
ec64f8bd438143ef9e8b4e5b845c04db,0,normal,
9ad985ab67a5487791eac14cc59a7dd3,0,normal,
cb6361b5d38a44fb9f0f346e9cae77c0,0,normal,
992ee4ef0e4e4fc69ac83ba71850c261,0,normal,
31567273bc4947f0bcc3843930b8ed32,0,normal,
d43345203d6c48f09a675c0dde71fb51,0,normal,
c7b5dbb569d345978459323a30bb31c3,0,normal,
b5b44fa1c82a488a9b7c7bdc232f6099,0,normal,
30798a933fa14cf9a6f2781d4beb3f71,0,normal,
b511df01d4d64dcf8160c92fd80c2d62,0,normal,
55ac59b0cf804fe0a7d088ca85fc1ecf,0,normal,
2ca0ba15482747c59ccb12754618889f,0,normal,
7b7c5979f8834ee0841c283da9996a88,0,normal,
7a684ccc84384741a6064cfc0f4faf84,0,normal,
74c90bbc36f44588bcb9572333511715,0,normal,
6f477c32523d4790992094ddb19abeeb,0,normal,
f6824bc5a0a640a2a6316d3e10ffd524,0,normal,
402039293a874cf69bf5dfddc04cf646,0,normal,
8f2c0da573154319b62be58a96b9ad7f,0,normal,
0f7a12ffda4f45d1822bc15a6ce6e160,0,normal,
435622a31e7442dbae3517987ef311d2,0,normal,
ff053944d83e4f2c9b43f453ea684a14,0,normal,
3c8f0da797c74c7e8d99cc611592fc05,0,normal,
7cdc0221050e4698a7b5e4942a85ddca,0,normal,
b89915e919be4b809b00132136636e5d,0,normal,
1bc33fc9c83442e98c72195cd959b5d0,0,normal,
7ed306441cc34a22af5c316389f17262,0,normal,
3d3bf6dc2b9a44f980baf66298f5e96f,0,normal,
ebcf0015fb4745c0bedaa1e7ea11ae7f,0,normal,
e63ce4fcf88f446c8b0bb0c3f8f2f637,0,normal,
71733eda050a4d0fbf8cbac96b235a78,0,normal,
505f98b0d6644c509563ec7c51d7ea5d,0,normal,
d09cb78457a64420a9ad2836286b6e12,0,normal,
4f80b7c3fb834d3d95a2cc631839ca90,0,normal,
6845d980d5b343218d8404faf4e2925e,0,normal,
07d9fc58c9db40058401475bb5c2976d,0,normal,
c695a7c87c5041719d628389faf1cb0c,0,normal,
cc140638fb49448183f62d72d17be8fb,0,normal,
b103920e130b48f4b143ab2d849e3efc,0,normal,
87d166aec7aa4a7a8a5bf282c9656217,0,normal,
47ac1ae71c044b54a50876c622d7498a,0,normal,
8ae2bc1a3a7048929d1aa9dd5feb75d0,0,normal,
4f686fe873fc42c5931f8397ede65861,0,normal,
6ad8b1620c0d48d98f7a32ce12285807,0,normal,
7c1aaddebc0b4c76bdd4e55a23c120c4,0,normal,
bacbe9b5948c43f78cec6a0d9c2e786d,0,normal,
7cdeb759f68c493a89924fdf8ca4b7c2,0,normal,
2c37624daf3643c79d15b99edc0406c5,0,normal,
6f4f1e37f36543659e8ba2a507ce4207,0,normal,
f0f914e7f6914df78d42654cd1670b19,0,normal,
5b87c0b9abcd4415af79577b87d835ff,0,normal,
aac74f82fd2d4e9e81999d9c4fb2becd,0,normal,
97893978a115492b8c745add52b00985,0,normal,
cd8c903fe7784916b43ce6517ca950e2,0,normal,
8d1faba420de498fba761362ea8c5ff4,0,normal,
a791cfac44ca4591a2fbba49a1fc8e71,0,normal,
8bebc3c39b184bc9b8d713c87ef8bf8e,0,normal,
80c6574d71454b28b0ef3217993c827a,0,normal,
71d38b7fc3aa42b9ba56f22d08f5e619,0,normal,
2aedbe915e454153b03290b535307205,0,normal,
a3ffa00481424ce7bbc016f11592e6c4,0,normal,
8683f30b3da94d16972d40290df7c20a,0,normal,
6bc33e6cca0b403786ec92b9018fb715,0,normal,
e69613f7ffe6436a8324d298f6890c14,0,normal,
154776ccd2774b4eab887969a3d68f3a,0,normal,
09de440fbd4f4449bd8ac15854cecc3d,0,normal,
b7ffa46c415c4e11af37f432f1092df2,0,normal,
5e8a6459bbd243709a887fa858379a22,0,normal,
5e73606192d4483086990eea0f3896de,0,normal,
bddc36ad42e14e51831dcdcec042d888,0,normal,
129a64fd33fb4724bed9a5b744880f1e,0,normal,
37b7f41c56e0433f98b10c2f7b0511cd,0,normal,
a63e38d472de4491babacd0dfe106409,0,normal,
1536ab04e5e240e9a3d87111d741dd94,0,normal,
154257a175304abd9a370dc9b4aa7b64,0,normal,
2ae9d176bc394da4b816fbbba03c91cf,0,normal,
e3ff2b2ebcf94920838c3ae2e94342ac,0,normal,
1c1191261a8e4b2eba2bc3510b363cf1,0,normal,
9adc0502ea78484e996c58a0066ffafe,0,normal,
2f113efbce1346e1a44e7c836bc29d93,0,normal,
bbefc32b4dba4992929b03c46b1c20f1,0,normal,
21b6fbe8151a406a924ee4e3f2e80d27,0,normal,
431ac2ea99284a88bba222c5bc6937b1,0,normal,
eff7463b927c439c9fbed8b82d6e19a8,0,normal,
f62a659417e14642b83da018f2ba794e,0,normal,
8ec3996d8017454789cb00f21153d134,0,normal,
9bf6605eb97a4d66beaeedd01117249e,0,normal,
aee17adf9fe34a63b2058c3d3f0dd5a7,0,normal,
3334af0b4dc84f91bddf937e7f5a7bd4,0,normal,
f99bc91eee8146ec8e80f1be001359c7,0,normal,
e0bcd68337b1447386b99c542effe62a,0,normal,
ba009314b8d847618c353006dbe426a1,0,normal,
a9a65448dbff4d07884c765dfa8de012,0,normal,
c2ca903b57e64ea28550064d47f567f6,0,normal,
86790f5bff1d43aa8af406a7cb8f5a74,0,normal,
86685739f926436386e5f2cf9a5a69ac,0,normal,
c4475017eb484029843240a070419e29,0,normal,
dd92ddd8968c4d218e19b503778b46ba,0,normal,
a407ce4a993f4767bb3593cde43d034f,0,normal,
75855c7350874eedb4a31827bb04075e,0,normal,
6166f7b4f77a4d7e824f726ad4cac3f5,0,normal,
e1b838602a044140ac2a374dc9eb0555,0,normal,
1368138737a046cc8b6cb8d2eb568d26,0,normal,
82c4a9a6886f403e90fb953431fc997e,0,normal,
2bb67f19fca34a81ae9d60d0bd95f873,0,normal,
ce4e9abb4cfc4644ae45c9f274fe8de4,0,normal,
104bafef099f45ada7f7c1e30d32465b,0,normal,
5df8ba7feb294351aa96e999ecc595c3,0,normal,
fd6c52b091464ca882c7186270dda9e9,0,normal,
1692a6c3c3ef4d98accd3551f37431c2,0,normal,
802fac7c2c324542a35130602eb7a672,0,normal,
8c3f413fde3c4a7e9483f671d9c565c8,0,normal,
8adaa7cfd4064df495db1c01af218cb7,0,normal,
426eb5c0aab44c1685feb3c43cab7176,0,normal,
205b0644045e4edf87f5eb761fc15857,0,normal,
6a6a54e910f44b3eba3cf6092183ac95,0,normal,
7f8f9b4233f148328ef48040622ba48c,0,normal,
3235746e0f7e45c883f4ac87d6a2c0e4,0,normal,
b421216d3df1450a9173b8eb28cd0737,0,normal,
617e5c1017504dda936bcbc64f7cbf3c,0,normal,
1cc5c7a7a3314362873aab9756e6f507,0,normal,
d117ed22056845e9a800a881e800851f,0,normal,
a4ce7ecf3f564a46af23cafb2dd33b70,0,normal,
fe2c3f1d15d4485aaedf81911d13d560,0,normal,
1935070e815249f5a64fa7fa35e9118a,0,normal,
3d705ba2e9ba45cc9140688e8163915c,0,normal,
ca7d5bd9f2404daa8a6e3bdef39c8663,0,normal,
c4011c03b50140f1ba58c5a034cda534,0,normal,
efc9afe81b9c49a9a29303ff47d010d4,0,normal,
05142de8cc0f4dfc8d5eb58b65581f70,0,normal,
2b26a27d19e4489bb011c46c7677e879,0,normal,
bd827b32ba5e4ad0a8105ba7f0e42412,0,normal,
2d0d444f2ab84aeda0e160c49a29929a,0,normal,
90803210ea304303899874be9f9880c7,0,normal,
8715e63abd3646a4b570e80506544824,0,normal,
e7e79a0aa86e4db28a8c44a57c226386,0,normal,
d98ae4ea29ea41edb3945e47d79f80bb,0,normal,
79fdf5eb78ad463b870f7e23bb9cdeff,0,normal,
b35a682ddc9f483581d884968dd0d8d6,0,normal,
139be4247b2e474980ce79458c977115,0,normal,
f0d12d75a5994a8597533493abab80e6,0,normal,
da36815329fd45ba81181a1f516c5920,0,normal,
95c447f2befa4996bdb9833879ea0716,0,normal,
5fb746f9ba1f4cc8855476303cfdf1e0,0,normal,
d3d3fc7628784d7bb3a22f4bd27faa32,0,normal,
85532547b0af4c55ba1f78ebd0269a80,0,normal,
e496aa2724a84e2281e241ebd3915469,0,normal,
642145d1ced147aeb5821cb5b94ae4e5,0,normal,
8ca3bee7878e4ac694bc042980df8906,0,normal,
95084a4c45924b44adaf8a8791b878de,0,normal,
ccfca4c239bd471ea7995b43016b9a5d,0,normal,
66f65d35f2b8420196170daf4abe9f2a,0,normal,
81629afd18fb46b0a6fde5004a499ab0,0,normal,
829c0d078271498bb4207c7949c24abb,0,normal,
8c8aab7004ba4fa8883bf67ac7457d1c,1,peeling_chain,synthetic_chain_253_hop0
105013be2a6f4a6fb9bb62889e795780,1,peeling_chain,synthetic_chain_253_hop1
56a752f250f5483cb272d5c79df0de2a,1,peeling_chain,synthetic_chain_253_hop2
67c93e7b8c51492ca1a39afd76dde097,0,normal,
6011ab19d9304178a6eedeb0e83f1cc6,0,normal,
bf5181e27a8043f7aaefbb0afb215752,0,normal,
17454f5fabf143148292de2b1b766799,1,peeling_chain,synthetic_chain_253_hop3
0f2f26620e3c4ed9b55cb2a823a4d4b0,0,normal,
96536174be3b4861a7f376d26c673d5e,0,normal,
135e5714b9a14cf99448dd3b60893db0,0,normal,
2f740be6625f46c99a79f8793b1b14ff,0,normal,
ab0c898466534db48b87a3b9f499e076,0,normal,
c07de06326214dcebc6af7587a287d0b,1,peeling_chain,synthetic_chain_253_hop4
94e6383163f9428ebb9e816488eb5329,0,normal,
d9b09cb862f94512a9a4bf6296033361,0,normal,
42ca773153b54f61baeb6497e8dabcfd,1,peeling_chain,synthetic_chain_253_hop5
0c07cbcc6d9446e18977fe1c27408236,0,normal,
54a8f72aa1bc45f3b813de1e55b2ecad,0,normal,
8fbc0d21aa9d4d92a91e43fcbc524fa3,0,normal,
62c67115a6be472cb55287e012fdeee1,0,normal,
95e2b8976edb4e29be1fc2c1feb9b779,0,normal,
1b5337c935a34ae3bddcd734bca84fa7,0,normal,
184da3f3f367498b82d84aefe60da1ec,1,peeling_chain,synthetic_chain_253_hop6
cfb6d23300404e418d282acf21b30b11,0,normal,
e5ecfa506f9e4824ba365703f2cfb3ce,0,normal,
ef892115cea54c0080113def898541f2,0,normal,
32ef18390178485fbd205ad84544145e,1,peeling_chain,synthetic_chain_253_hop7
0e435bc9f13f49018ce33e171ae5888f,0,normal,
6b85f6c731884b22ba3a3fea7b533b98,1,peeling_chain,synthetic_chain_253_hop8
116183133be84302bbb8deba673cb6e9,0,normal,
6ad7f7abc83c46efadac8b666178d086,0,normal,
a60a9e0d890c4091992db5c5fa61edbb,0,normal,
a74a214736e94ef69e2ca2e75fa886f6,0,normal,
5437ec5815594fa9a41cb40e3400a76f,0,normal,
2bf4248eaa8241a9a58cc4ea3ee4432e,0,normal,
84c44b3b5b9c4fac95d2db8680f34e44,0,normal,
7b3bc761c89c48c38c48fedcf1d8cac6,0,normal,
391d9e8710504804b2fa267214c9695b,0,normal,
6b484e7a71d944558a6e3ea982aadaa2,0,normal,
9a7cc5f67b984931a46ee9f4a8d57577,0,normal,
82e26989cc634794b8f3ead01fb353a9,0,normal,
cad1d96c16d34f7a95c35cef170e6190,0,normal,
294f28feace04740b41ee34f8abe9ed9,0,normal,
5f11bf7455b74b7cb68570bdb111970b,0,normal,
4a63c39e74174d5b98efbbd90d601753,0,normal,
b569263b38f3480da91ba1d577ad7a56,0,normal,
f78676224e2d492480ec28d7b92e76cd,0,normal,
801d7392364d4610a5f59fd4bb6e5c64,0,normal,
c14e6fc158a540eaa60e8ea8fc4b6548,0,normal,
0fa8b03306f74cc8905cf7376a0fbcc3,0,normal,
27c1a12f4354489c96f071831edf50a8,0,normal,
76f92b66a91949e9918ea47b368d3698,0,normal,
087f50840fb048c397db0d458d85bc8c,0,normal,
751fc85762544629a8dd6e2b2a75824f,0,normal,
0a3042f746444c3f88306aa410061d39,0,normal,
5e4cf3d3dd984822810b530a1839baa6,0,normal,
4fea58f9db8548a1b19fdd8ee895ab81,0,normal,
f3242765c124409e93d3d9924541c2ef,0,normal,
6a9c4f3ebfd44d8e823fe7d22d7eba04,0,normal,
7140498ff04e410e9fc0732ac35e8413,0,normal,
f1e75cf423d849a2bbe1601334373bb1,0,normal,
b7d15a0737034a20ae1355700f3b1c3e,0,normal,
8611b8c6d8c945d58a5c6f4faf3276b1,0,normal,
8c13d0109f094cf893276a2683fe1312,0,normal,
3532380805304821a55af4d05e4f36b8,0,normal,
13ff8501508e4b97901b98fc4e48b9ac,0,normal,
f902fd30332f4f6c83a85d6398105103,0,normal,
9474e82bd8e34a33b6db48f6873fa5eb,0,normal,
84b417fcd6a84df1a9a6061e14d191ee,0,normal,
508509c8225c44e4bbd851bd21ebe7f5,0,normal,
2128617f4e7e4f02854bf36daa6a4dd4,0,normal,
ca2e6df391ef4e4e92d2e55ec456113f,0,normal,
fa68ab02e54f4ea79ff62fd3fd37f944,0,normal,
98083387be414c12a6f486260ffc84d5,0,normal,
c8a2e3dcf7274314a064918b10eeaaa9,0,normal,
753dc75a155f4beb82529d1f978a714c,0,normal,
3303359a3dff46b1af70932416ffeec4,0,normal,
9b0a3497cefb4d20aea411f3ae4d871b,0,normal,
43b0f9f697794401a1a446d108b7af9d,0,normal,
e928898130044df295bbd6a4cc54fb1f,0,normal,
a65d94af9abf47a092e8b196fe4231f6,0,normal,
7b6bc5ede9f5465f844b8150adccc6a4,0,normal,
d09d38c2b9af478eb85b150999c7731a,0,normal,
367c99119b544fe9a2d56e221339149b,0,normal,
a3f45088edf6401fb17c3bef58fe1b70,0,normal,
850294e9e6d441daae7d08a63829616d,0,normal,
16b5c84687a040538824f06881b83736,0,normal,
7498aaa42cad4d09addae7f9d74ae832,0,normal,
4a05b875e9ee4e51a8adced99173c91f,0,normal,
cdc7291f44a54236a7de5004dd597a79,0,normal,
7602b290397f44fbb61519f312270de5,0,normal,
70c362595ddd47b3b55b146a24e76b1f,0,normal,
f770e997fac54329b6bc6c1952283a79,0,normal,
80f79058a3b942429bd52cb8a1adf4c5,0,normal,
93e391a7ca3c4e499207e33b4233d930,0,normal,
549169b8fccd42cbbe1d584ef27622de,0,normal,
55d3a8f07db848d3add7036e52254bea,0,normal,
f017baf4e4624b58aac0a40864dc3b2c,0,normal,
b513a7d957ff4d28bcec066eda2dff17,0,normal,
5aa2da98160644bbae43dd9d9951546d,0,normal,
d54b7792dd034fad8880d1c3946829b1,0,normal,
88acafba55ef4a47af8bd4636a398168,0,normal,
29cfc6c19cfc4c319cd124710560e9ab,0,normal,
3adbb39c9838418ab2ff6a28b62a2b84,0,normal,
da1232bf652a44f0b21caf3c00c075e1,0,normal,
a22cc88bd1a34745a8376f367668b962,0,normal,
b082fb3fa43a4076bf3544244d32365e,0,normal,
ac73e071614b41cfa61a681b850f8048,0,normal,
da10d488915f4d54b9e44e1885613d96,0,normal,
eac5f5e4c3c1481f9940531ada2651ed,0,normal,
a55963c96be44e44ba56ca9f28f5324b,0,normal,
6ba7cf4ec8644c13b0105fb0602432a9,0,normal,
ea70150fe50a46999c7bca8d9f4e3ba7,0,normal,
f8f3be9a4e4c4053884afa6cb91b0192,0,normal,
ec3b267725134606a2ef93b4d9aaa4fb,0,normal,
2fd31e3330db4af0a512f6ee141cb4f1,0,normal,
b7cdea26bba040b498f72d8d8ff22bde,0,normal,
fee55f10d7d54c61b3505c3ae1e635d2,0,normal,
9665fbda8d2a4ded9dffdbdb7190e944,0,normal,
cee736c63bef42d6b664bbee86118c18,0,normal,
ef1e420031e3418b88d753c6556f6e0f,0,normal,
b4d5e297b5d841b7b1478056d325dd6a,0,normal,
08edc9836e28458592fb7ce23b528748,0,normal,
e7175737c1644253a25c758fbc24b57b,0,normal,
3fd04d1715204a6cbd41202117e4d423,0,normal,
27ebb3f9494244a981aaf2b687c00592,0,normal,
32461c9f400b4aab8384e6c5268454b8,0,normal,
949fe71e72564285a3fe8953468bbcd4,0,normal,
a3daf8c9087e4bcd89f2e3cf548bb99b,0,normal,
2c99b7edb4de4269bce30913b00af4a6,0,normal,
68a4f5132b3e4ceb97599c8d7c59ebd6,0,normal,
7c5da46f7a9844828afb5e1957fa37ef,0,normal,
3d07e8ea92fc4d9d89c91e1d8db94c99,0,normal,
d5abce10b7a64d658b9b70467660c7e5,0,normal,
be4fcf15f1fa4e858064959d923d70dd,0,normal,
4c074e8beb724f9786a2009396e37f6e,0,normal,
46fafe89a8004c7db5c310d0aef48b50,0,normal,
d5058143c58e40bfa170bfd8ea4950e6,0,normal,
df132968d93c4b1e9bac18b89263c4ff,0,normal,
409d4ebc647549c59ecc1ff45966df33,0,normal,
5fb55cbaebe843e3b64bbd5e3a44354b,0,normal,
02bcf9d696ae4abc9c40a5cfd9819544,0,normal,
b358837d964944f18db6a3a6a0cd793f,0,normal,
c2cfde55ab9c4a98b33133267abde121,0,normal,
9f52fd6fe39946759ff91329e11c72c6,0,normal,
4d22bcc45bfe4c588cf425e0c52d488e,0,normal,
ae8607e80a69409b9da47302182b03ef,0,normal,
6c696a4b8be942ac90959127b4e1d37d,0,normal,
b25796c7fbea4be68f8cd6f103f5da51,0,normal,
101ea8d432904502afb347b500619e97,0,normal,
2328390e17cd4d6c8515a805bd3337d0,0,normal,
b21445c1c2cd4b9fbd5de89a8c404f39,0,normal,
b1e0717d361f4edf869c109a6645bdb8,0,normal,
2e2ed9837b0f4834b9c9338e64c45a60,0,normal,
024b3f1d4e024a75b7a0a97a585697ff,0,normal,
9c4b4eb6fe87444095a6c28b9c1566a0,0,normal,
d4f10161e5ba45afa41dd32ec4511722,0,normal,
529fa7060b984a42811483fa14ce609d,0,normal,
7e97727b441b4b2197e98e988ab45173,0,normal,
f8ed4cf545754a51a8c6312386b93029,0,normal,
a9a85075c30e426b8601c6399b9c5eff,0,normal,
e4c9f7812ae8461688c4d0e1bf19e139,0,normal,
a4cba47a41bd4f5596c20c5dac87e01e,0,normal,
098883135390485bbb8d8a447d85fd8d,0,normal,
b3584c8529e64a2ab86ea17b97cfc3b7,0,normal,
57deeacf444f4c17a91136bb34f29847,0,normal,
aae43cbbf9ed436ea0938fc695624035,0,normal,
9ec8b933863b406da6073ea83557b3fa,0,normal,
3b880fc0f1d14187b96e3e227379affe,0,normal,
b770bed48b67415faa28387fed179a57,0,normal,
a8485702a9ff4b1e9b24c405a1d36400,0,normal,
e16cd1b577444160a4b9dd7650c8a7a1,0,normal,
f5cd0e8780fe4959a080e8a01497a0f1,0,normal,
b16946f9aadf4fd69372de930a67bd1d,0,normal,
26d0467a4bea4b40a458b045f1eaa67d,0,normal,
0e3bb36bbb534b6b921cf14801dac1ca,0,normal,
d7c4169e188f425a99b2f3d02c6d9374,0,normal,
4ee533e0e4ef4461a9f446367af538a6,0,normal,
aafdc53c6e814c6f98ac15b90667de98,0,normal,
75a23405f9f945b4b596934598f5cd27,0,normal,
6f8984bb41a84d3d8dea51649ff9ad58,0,normal,
fdc61bda035844949e0d202d525c6075,0,normal,
52c9134733c64921abd9573521cfff25,0,normal,
72c9bf7bf8a948449925dae301687969,0,normal,
bee853581fc649558db72340cc40180a,0,normal,
744e24b301ce4940a4c9f814dd5e505c,0,normal,
30a0ccbb27204de695fd80de6d173b46,0,normal,
5f5248c00f644ea88eb76a763f572bca,0,normal,
02ac5e2c770846f1b8ceeb64b4c7891d,0,normal,
f41ae4b2ff0a434ca564c27cd1d1bd8e,0,normal,
4bff13e999214176b07ee8e463b2443c,0,normal,
1d60029a07d74110a53283aa48ef5687,0,normal,
54bff8c4ae0342abaec7b0b9396e6d12,0,normal,
b580a84b62c34994a42ce25192c4f76d,0,normal,
83b6c86b924b4e799c571cf77729c74e,0,normal,
519cae2f4c28416f8b125cd67d30542b,0,normal,
7eb99f2cdfa748b69dca6b62f650497a,0,normal,
c750a51f5eec431eb8ae1c7d105f0351,0,normal,
9055f32c483340e186337e2815591ea5,0,normal,
fae4726dd53e4277a331c6841a37e2b9,0,normal,
d3bab5353e1f41adba881f392b0a5d2a,0,normal,
43c6a1395c4544fcabcaad37029db00b,0,normal,
2a9e1c8d893542d880e6464ed553d923,0,normal,
543351beb05d49b0b0ef60721af3a1cc,0,normal,
cbbf89d9dc9b421a945fd5719a5809ae,0,normal,
8ad0ba64912642da8f5ff3a63831f9b0,0,normal,
5bac8dd351c64a0b8669a7109e6a190f,0,normal,
fd20f04af13d4787aa82e731d790ef0f,0,normal,
46754da5b4ff4a7d8cdfd300c9d3883f,0,normal,
7e71218b148f406495646318465b4787,0,normal,
5ff33b8e95744abfb263905a6d531d7f,0,normal,
95c48c82673f4b4b91c2e7ee91d4488c,0,normal,
e26df300d87342e8ac51f0c622f860d6,0,normal,
d370eebb7abb4a3d83b2cdcafd8938ee,0,normal,
1617a205386040bcbd8549d8594a0c1a,0,normal,
03337ba2b4dc44188640cc3ccd5f8d34,0,normal,
fc2be4bf45a34d34a9a95ac541bc78a5,0,normal,
0d4bdb758621457d9b0a0bd77e60dda0,0,normal,
00f35a07398a43099bd9f0a877701dc8,0,normal,
638bd650f92a447dacf5cc41acbd7129,0,normal,
ab90a00d396b46468b7974bdf000c43f,0,normal,
b9f6a910af1f4f27b7fab2911cc4c54b,0,normal,
9ba603393ba04dd4bbc1916fa4b1f7e9,0,normal,
3bded318b13743e49368e31d855e998c,0,normal,
91a31c2bf4044452ba6363b176fe5350,0,normal,
6401add6a35b4d48ab920ec853e8815d,0,normal,
271d9953615649408765c2c71c2a9f5f,0,normal,
342c4bc011ee4dadaf54cac2249dd9b3,0,normal,
512f40672cf44db1a8f4c17082a2e66f,0,normal,
137b13b95b14464691e3dd3ccfd4df5d,0,normal,
392c0e35844a430e9be829f1724201ba,0,normal,
115a8f3d0a6b4b6f89cd22d08ce47a22,0,normal,
ca750f6337a841d9958c0b1dca7f42ec,0,normal,
a867eb834dc24a0dbdbd83485b51b9bf,0,normal,
e6fa2454900549998da568c8224870a3,0,normal,
1201fb575c6b4ae99239238b5a89b8ee,1,ip_hopping,iphop_272
d6f1acf2ed6549b0bab1b1e88ed06a74,0,normal,
575f56d3f5b146d5bf182a8bf759810f,1,ip_hopping,iphop_272
54afc8c1b68e443c82ea618d3b54e58c,0,normal,
c4cde4a731e74ccb8eb6be57ca9d40a2,1,ip_hopping,iphop_272
8dad2e4932bc45fc8b189c7481dbaba7,1,ip_hopping,iphop_272
07c9c67276744bf480aa5f439513711e,0,normal,
e5f02752eb7b4f80bf2d3f4f9c7b29f6,1,ip_hopping,iphop_272
2255c74cc523409bbd4c752e3218e965,0,normal,
e1803d8b04f2410aaea773007b923873,1,ip_hopping,iphop_272
83c4ac9154cc4b8fa47b8720cd53f375,0,normal,
f4c05b9f22284ff2b32cd7e7e0e4fcd9,0,normal,
5099ee6688104c2fb38456ad40ac1704,1,ip_hopping,iphop_272
93e60938400d4f059e777f9480278ef4,0,normal,
b96baf56009b491fab4722676aeb8be4,1,ip_hopping,iphop_272
d1b1decfceda4604bb242606cde50d61,0,normal,
9e284978be924f0393e08c063970104c,0,normal,
f227c77b8f7d47868647532e87430934,1,ip_hopping,iphop_272
3991cf1bd5f64283b4388f11ba18d223,0,normal,
9df33c18e4fd4c46b0e470b4ff5497e2,0,normal,
50751f96176443ea9c8f5cd35c7138bf,1,ip_hopping,iphop_272
e7b6aa10d67444959a80172a9deddeb6,1,ip_hopping,iphop_272
c9f56c59292744388a79e5878f50219b,0,normal,
9fb3d4620b5341839eccd213ea88f81f,1,ip_hopping,iphop_272
000c033c85894b28bf409ba5616c6ab7,0,normal,
105917d044a547ec922a1140eb414535,1,ip_hopping,iphop_272
a46061a837164a99a98195354fa7cd81,1,ip_hopping,iphop_272
5f11faa802684451b16dd8f2b1a369bc,0,normal,
b8e44037b41b490395b267f4a60012f2,0,normal,
f5092be2384e410d8483840996570890,1,ip_hopping,iphop_272
0fe78552044644289b4fa809d47f837c,0,normal,
25efb8c1d6c342df84b4ab4653348e31,0,normal,
6254e86d361d47709c592c42630631c1,0,normal,
580fd3b067a3445185db9a99b2529173,0,normal,
823ad11201aa4c76bd0203a533c8bea3,0,normal,
617756a508db4248b988df5c343fbdc2,0,normal,
1594a389ca394d588b1050331b0f62e1,0,normal,
c1819ebab19d48ea818fb69ffd7e7e85,0,normal,
1c5e0d10a5254249a97b6b617da2c2ab,0,normal,
a7dd8c0cfbf34bfbbef609c1007a7d80,0,normal,
c635c0c4e6de4c6bbb8cae1c9a16066f,0,normal,
a525adf6515d42ba9a24aa57aaec21d5,0,normal,
a7c8227e99bc4969b56f820aa5b078ed,0,normal,
ddcd80baa9034673ba756c15c415c590,0,normal,
647806fbf7584c5980ed1aff1c378466,0,normal,
e07c8032185543e791ccf5188c889aed,0,normal,
a6d314d67ffb4b659739b7b1ecf300a7,0,normal,
de167a1138b9465f972f07d25b0686b2,0,normal,
fd1d34b609794a0c95a1bdca837cd0c2,0,normal,
5c066ccd8d4143ad8252d8383d5bc8ab,0,normal,
f03321944e4d4e32be3439b951dcd117,0,normal,
77a261d9a8f84c1e9e9dd1c010fa0800,0,normal,
6f38de269b6a4990a2c835d722f3b1b1,0,normal,
8b99ecf282e74329bb6cfc37649de68a,0,normal,
24b7a05ec0304edbb3fe14e1d37eb711,0,normal,
2414dd9151224a37a3e4b9df661e7fb4,0,normal,
9f0478894dc34244a15781a9138107fb,0,normal,
c8889fdf481b477e9206be5b92653d04,0,normal,
922460761aec40ca9c5a1e800bca7349,0,normal,
fb0f1e0de376498eb243b45c8ce11c38,0,normal,
5b49281f9b0a4342aac0eff728101040,0,normal,
77c306355a3844929d00b4788b3ad08b,0,normal,
294035889cbf42afa4ab5a794d682209,0,normal,
29622b6e942b467bb1f61b53c9ef458c,0,normal,
18fe0ef586464f79a979c642fb36af87,0,normal,
c9ec4e37f0204c879869fa621a13ac21,0,normal,
66c7905de4204cc99a66c1a25b4821ff,0,normal,
90ac1232ce7945ee93719274cc095585,0,normal,
7921f3d378404911a7e8f7aa4cd81127,0,normal,
508d555932f64d60b67b0e417b4e934a,0,normal,
3d8deaaecd8346e08a76fcf34946709a,0,normal,
b81accea99594890b603d00093b549a2,0,normal,
91bf0ec1d5ce4b3ab99a33ca462809e5,0,normal,
84c4f5dc7e804c4d9869060322d2e46f,0,normal,
7500297d5d3f42e4932e1f9739acad9d,0,normal,
ad051799de234c81823a5272e3c63908,0,normal,
ae845dd8bd46463baf48aec991bb83e5,0,normal,
aedaa85b074c4c68951c07e3fb939511,0,normal,
9503c44eeb9643058a20db53d1a57d22,0,normal,
47c21d152a014bccbcb4905e339ab336,0,normal,
f1a79c5f2bce46a286e56c788a7f376a,0,normal,
d6a3a5b2fb6a4168b4ae72a08420e303,0,normal,
6869e7b26d0f469e8a3363687ebe10b8,0,normal,
5fdb7016893049888c0fa49e2926320b,0,normal,
442a261753084280afbbe04825f544f7,0,normal,
9e1a73e7409b43dea3c865d519496db3,0,normal,
e5d3b45190f247019883b5aebe91038f,0,normal,
72f52590073a4c0ca2141b2d94d61744,0,normal,
e6c0926d009745f985e42b56d6cf4891,0,normal,
8c370c82bd174e2d950b39002b43a789,0,normal,
ddc5041208e24378ae7234b4fa9ecf6b,0,normal,
223662ac750e4fe688f18e2e9a1e0443,0,normal,
4be7ab7906c54f01bb36e78a52b7f188,0,normal,
ada49419c0c74c9f91e4708903ab494b,0,normal,
c4f51e086ab7442cae780c76858aebe9,0,normal,
04d9570126e1452ca296e08c321b4021,0,normal,
c651c380b2c44b7fb53452586960cfd3,0,normal,
251abd62cb1849b0a64028b4cb06700a,0,normal,
a9064be8fe4142da8bd84e045c282524,0,normal,
c135da64836b4409a7984d0ee1aee0c8,0,normal,
c6518856941e418793d5946d03b3d6be,0,normal,
ce5ddc2033924440bbf1c439e0bf9c9b,0,normal,
141cdcec0f8b423f89ab3241b5119165,0,normal,
3acd59134cd94079bf463efb36674fa3,0,normal,
ad525afa41cc49dcbbf93e75be594666,0,normal,
73127cb4b8ef4838b20f85ff609122b2,0,normal,
935e075ba162410fbde47da2632d2b79,0,normal,
66eb1bc21ae14f48b9b7ca7031c99569,0,normal,
89a0707e7ae8468c9a861de512b168f6,0,normal,
bbecce49426e4d21b0c557bf02c25fb9,0,normal,
dc5ed129263645cd998dd1fd82d13f84,0,normal,
b81f33b65ab64ba09338a16e97f61958,0,normal,
36baa5ac814b4bcb852ab8bc98ac2300,0,normal,
d7166a3feb4d4b43aede4dfe92a16fe8,0,normal,
3d2ce60ff2314cddaa17639cb5e9a8ca,0,normal,
041ed14933364902a057745dfc66e542,0,normal,
18d251727b6a435cb3c7d3385c0c012c,0,normal,
6641c55fab214ad18c0fd2e9695d76aa,0,normal,
c979db0c73a54d9ea1d80e2bbef52fe2,0,normal,
4ad59d56141e484ba2eb601cc9ed89d8,0,normal,
0c932679321846eabdc3c8620fa493e1,0,normal,
61022f383e8146e8a0dc1cba3542abfd,0,normal,
04641aeb673e47b5b9d9fcfd32ae51e8,0,normal,
c6bdd74b7eaa4cb49354fde4d1165055,0,normal,
e077e6eb79b64ec88a0117e1ef9a5f60,0,normal,
0e20d9f9648f46d1a9b283512d7e7d2e,0,normal,
e350d91c0f1e4af8ba3fddcbe43a2f95,0,normal,
e937754bb46045638a2ed9d02c7ea709,0,normal,
d42a2eddd5d041d2be19fa44ea1984ea,0,normal,
e2edae52215a485b89ecc5d478c91582,0,normal,
b302dae3ada24a3a88c29f664ea868bd,0,normal,
8858d2c602084ecabce2c1efce4ade89,0,normal,
18417255456a4821b9ff3b22022ace7c,0,normal,
38f24b5cec36408090f9276a593d0a3f,0,normal,
6f2e905e20f549668c53920ae44c3be2,0,normal,
9a279a81f72142b29a2f37cd37ed07d0,0,normal,
54af4013e2774f24aad32c972955dd5d,0,normal,
4ffb5fef31aa4e03b75ce7155f5c5993,0,normal,
8a91612da98c47d4a181d1439e3f2385,0,normal,
6671aea03a914252b7d5531c2efd9e8c,0,normal,
83e87e41190243e7a05d0e669c13e51f,0,normal,
2541fb64444f4137abe8bb148ae056d9,0,normal,
d1a8d148d8db43a2899ea3b730a900ef,0,normal,
67f98ccc1a3041d0b807a571587e7832,0,normal,
eb75fa8ccf884f49895ceaa007fe50be,0,normal,
773b4aa7cf9648cdb3166ccee6c09c2e,0,normal,
63773834063b4ecd8b3870cd36bd44fa,0,normal,
03bae8812b5b41feb3531ae422121336,0,normal,
75369e9f295549bea1f8d772764c3a1e,0,normal,
7a40bcde36554efabc1e4f3989a9e820,0,normal,
fb5ad02910fd47449b8dd36bd02fc41c,0,normal,
be2fd586e6314217abb6396d41214c05,0,normal,
f30347732f5e4c2b93b9d91711069e2f,0,normal,
205daa6ca8ee462a984e67fb36d76280,0,normal,
2bf05bdf149547f98cb779ce9a7e280d,0,normal,
03eb805a1b4b4d359b12fd9564a4bb90,0,normal,
b000a3b340ff415bb7cc0935c36638c7,0,normal,
ffa07689d2b04bb4892ee90f865aa927,0,normal,
0fbb112af03544709b7c5afeceaf8ac8,0,normal,
6189f7b5f1b2413e8f049113d4d76e1d,0,normal,
7793c2ef0b46487cab9a2809fa4eaf93,0,normal,
af92e5da6c294c3883df93e4252757f3,0,normal,
2cc28ad4903b42e7b4d47b0248429c54,0,normal,
f9d1531c0d64468ea9a6fa6fbd87196e,0,normal,
4e3bae7e08ce4902a2f2bc8525eb076d,0,normal,
c0cdbc6584f64bd19130ede6fd996b95,0,normal,
efab3613fe2441eeae5066e7130ee403,0,normal,
aee5f888bb734a88a01ef3faaa11e08f,0,normal,
1c0e2b7488914750ac432aeb64699bb0,0,normal,
06840c4a6436455c89f07b4860f5b0eb,0,normal,
f8463fa2014346c391c909df901318df,0,normal,
3aa136a002154b559ebf0ee69459710d,0,normal,
f4b31d7f17114062b81cc7bbb72cb65c,0,normal,
d0f238ebd653403cb7221be234585c33,0,normal,
8828cee03cd94514a2ac5b00d04dafdc,0,normal,
80bf3b3dc2134d06a80e6719af3c58ff,0,normal,
bededc136b1442bf9e539d616a425ddc,0,normal,
8791b56c3dc348aa93c21be50a686938,0,normal,
3c05155706284a6d9001e9217aa5f9ce,0,normal,
09f5094d1f274c30bba08433785216f3,0,normal,
913027bfb208483ab43b1e8c10c55a46,0,normal,
640808dfe7684d8b9382e0976a2a2191,0,normal,
873b16bcc7684d5db48ea20869389187,0,normal,
382657931cd242429a1a89b2a5bcccb5,0,normal,
575984de53494e11b9137a5b5ace2aae,0,normal,
43c7893b6e174a118ef9f4361b792950,0,normal,
24d82b4d502949ada740195a18983b91,1,fan_out_mixer,mixer_387_fanin
5429ed46226747c387012b381e8253da,0,normal,
788913c400d2402db716faaf4c30dcf5,1,fan_out_mixer,mixer_387_fanout0
c68ae27e3ea04cbbb7a1b77db6365105,1,fan_out_mixer,mixer_387_fanout1
02882b6a8a6e4a03a69520e1a9b64428,1,fan_out_mixer,mixer_387_fanout2
eab791d5c465438291d9424a80572767,1,fan_out_mixer,mixer_387_fanout3
bc6f8e78430e48bdba82f8a9c40f9119,0,normal,
d922bae8353c48ca8d3b3ea26c4206d6,1,fan_out_mixer,mixer_387_fanout4
10cdc17aa2054646b4102fafebff6593,0,normal,
59e19a0ed26f41de9114cd658fce885a,1,fan_out_mixer,mixer_387_fanout5
7deb4d490de94f8eae3c661bb4a22d00,1,fan_out_mixer,mixer_387_fanout6
95eb6d5e441843939016cde39f4bf934,1,fan_out_mixer,mixer_387_fanout7
9b46dd7a0e9545a39d51f6593ca21453,0,normal,
eadb9ad7ea0d4c238bf64be213440e18,1,fan_out_mixer,mixer_387_fanout8
161008136d1b4c04baf5065f309a7138,1,fan_out_mixer,mixer_387_fanout9
22b03f83ae164db88a24e43522beba5b,1,fan_out_mixer,mixer_387_fanout10
ec2cb729f5204072aee1ff327473db39,1,fan_out_mixer,mixer_387_fanout11
15a81a8e316b4eaab80820b2b895ad11,1,fan_out_mixer,mixer_387_fanout12
5fdd8fa943e140d6981861336a401919,1,fan_out_mixer,mixer_387_fanout13
8e3e0ffc85234c87aebfa8a8db3b75a5,1,fan_out_mixer,mixer_387_fanout14
fb77ccb6b8754ff5a6ccb6c67750d5f7,1,fan_out_mixer,mixer_387_fanout15
b6500d638bd54464ba730f6eadb7fdaa,1,fan_out_mixer,mixer_387_fanout16
ebfb1869cf2f4baf8f3069112e00ef2f,1,fan_out_mixer,mixer_387_fanout17
200f0c301b874844a042d65b768c6872,1,fan_out_mixer,mixer_387_fanout18
2add3e6558de4489bb4f9f2e595ac61e,1,fan_out_mixer,mixer_387_fanout19
3fe099efde724013ad85a220cfd32855,1,fan_out_mixer,mixer_387_fanout20
b32d6559d0eb4b53851588d43d917973,1,fan_out_mixer,mixer_387_fanout21
ceb046fea8274ca4894e890efe3d7266,1,fan_out_mixer,mixer_387_fanout22
1317ac9e64644f1ab1009be3978bfeca,0,normal,
a222faae3f4b47df902dbf563e048e97,0,normal,
debcbb5b9ed54d5f8eb3a8d2f552bcd8,1,fan_out_mixer,mixer_387_fanout23
238bfbcfc5f24f6c8904098dcc77a9c8,1,fan_out_mixer,mixer_387_fanout24
73f19ef6c54f48b4b2e74a9f38886f03,0,normal,
3e4b2f3023ca4fddafe393eac11ea74c,0,normal,
