txid,is_anomaly,anomaly_type,wallet_ids
80ebd91c44ee414aa98d06b1d729742a,0,normal,
b20a6dd4b26b4f678c60f1c6f757d010,0,normal,
0dfdca79d6f24eef8886835942704b4e,0,normal,
a2657cee9a3042d4898b14c4b6af9e22,0,normal,
835cda5732f14c04a2e91db1a36ef81c,0,normal,
c6bb645915624fa8a3526396a5c8a9de,0,normal,
b1be82a33587410e8dbc1764cdd4da96,0,normal,
fc3879c1e5a44c218f922f97a3b216b6,0,normal,
4f7391487d894ba2828642c105c9364d,0,normal,
be4df37695754747add2390ecfbef8ef,0,normal,
6a2eb12f59fb4c2b8519e3ccc26ef21a,0,normal,
4dfd5aa2ae9c44f78caf6d64f7aa5c96,0,normal,
7814a13a510c42919efba22a060052cc,0,normal,
8aaede4bf32e45e29af653d608eb6863,0,normal,
adcb4edbec8f400097403f63b682e640,0,normal,
9d158ac15c05490f85bae07556000ae2,0,normal,
6dab3c21f14e45b78e6c0a4a689052ec,0,normal,
e510b741fcc34fe389b95f7a7f8ca6b9,0,normal,
eb6f4922f1d2447a872fc75cb71d30d9,0,normal,
69d38b2d933141449e14e96e5b378b7d,0,normal,
3e95feb5516942cdb2b9605a37feb88a,0,normal,
2e3ba27232ec429f8e101137709fa8b9,0,normal,
e83b14f0cb57440ba7c6d5199828af6b,0,normal,
e00fd4c10e854f5e9052491dd4de5076,0,normal,
f8bd95240aee4417a7326c877f2b7df2,0,normal,
c67d838ce53742e3a6c3768d98aa60c0,0,normal,
27e1141b4d984879b64528f32044709c,0,normal,
d431d7bda0da4dd697cf8529ddfc310f,0,normal,
7e62477f263a4416b2336879db7ca37a,0,normal,
33e022ef7b044771a9bb2cdefe572dc4,0,normal,
71628608b7d0419282b9bc33a0f29308,0,normal,
6d3d9acbe764402889d02663b99f6bc0,0,normal,
1ed0126dfb244df38cf8ab347cc50976,0,normal,
66ccc42c520646b28f15d55268316f0f,0,normal,
3b852a502b5644b4a6b0ab61e56db4e2,0,normal,
9588524ec3a8402fbb1c9dc4083bb02e,0,normal,
6cb43d772f5b43ecb3cfe495a4102698,0,normal,
453f992686f04e5fb4d5bcf7b5e76beb,0,normal,
9c0b1a60ccbb4d659948e8d16910a33c,0,normal,
7b18009b6ecc4498bba733c61b6f8d08,0,normal,
1c467821f9fb405f929aab890623753d,0,normal,
b259340c5dd94b1aafd1d348159cd4cf,0,normal,
dc069e0b0a7b471f8bd322bf63730317,0,normal,
2e6598e385d24fad9685c3e7b6d09aa9,0,normal,
add0d3deccc047b4a67af80846a164bd,0,normal,
6691551a71ab4ffc8d4fa1208ede4427,0,normal,
55f636faaeeb4152a2d06f466e8c0c7d,0,normal,
41e3497e6e84479b9a450e95e0293bb7,0,normal,
0bdb59544c424f16be7eaef63b3a2214,0,normal,
91e1aa132e67457c99cb7b0ef0b6851d,0,normal,
0e4496235c3b4812b4b0b46047c2a2ad,0,normal,
84c432edbe5a4aa992f24552c9e73e2a,0,normal,
08214d98f90f409dbc6bc02778248cff,0,normal,
95eceb5a04de41469521e1cbca948656,0,normal,
9e2c4a18111644799426b3b09e167466,0,normal,
6be6988fa5af4e1c90fb3c677a0be4bb,0,normal,
fd953cfbffa54a9bafbb111b4d6cb10a,0,normal,
388c64337175489f9db5ebaf2df5d1d0,0,normal,
e91e3d7c1af84d69b0b0a71bffbe54a8,0,normal,
3d94dbec3cc540f6a026154d8734f63d,0,normal,
8f710146870241b1a818f7d050f672f5,0,normal,
51d1fd45e8e74347a15a2c6d6b72b984,0,normal,
e3ba7d7ee6544dd683df57ee12465215,0,normal,
62a0652fb19947fc82a75aebbb2b3682,0,normal,
4e886c8cfa83440e95360e511e29bdfc,0,normal,
3acc467d927049259fea8a1dcddc5f8d,0,normal,
3510f29c0d084c619becafb6734a7178,0,normal,
e6ceb91de00948c3996aa482a3793525,0,normal,
52943277066249b597c051eabc0e020d,0,normal,
5ddc45e937ec4779a435eb3b927311c6,0,normal,
df800e5a403447838040d721033d95d8,0,normal,
e521d20f7cd3424a9b25eeca771d5902,0,normal,
a526bede355b485ba76b3cb2ad2a52a4,0,normal,
85b83925306d44558f653469fab20293,0,normal,
42dd76ce17e84281b43cf495777c0a6c,0,normal,
3efbf11fc7da452c8ab24b7960ffc787,0,normal,
354bd31b6ce04719b1d157f0ffbaca9e,0,normal,
63996e1d22514abeb5e6bc3d71da82d0,0,normal,
b90dde06672947518d3a7846385e83ad,0,normal,
d7effe79144b4785b45080a051799183,0,normal,
bc91736a08114e9eb1f2eb3576ebf15a,0,normal,
481bdfcce5524857a37606e2f7cc5cce,0,normal,
84ca4965d1e94ea9b554fb0fd773dc8b,0,normal,
911fe588f0e44d35bc98bbf2a6e6711b,0,normal,
b9572d58c4bd416d9f074a969cd66c6a,0,normal,
8e7b9fabfee04b05acf432fbbb2178cc,0,normal,
389a8ba3566f4e83984cc4e6e42979ae,0,normal,
08c52c2c3a914f9db7e9bd1ecf187d06,0,normal,
169522cfbf6248f19dbac69ece37e466,0,normal,
d88f5c553f72475796079f8a62908162,0,normal,
c97e30a3f3424a538a578b2b142babbb,0,normal,
7bfa34956a954d5a88b79a75c4690354,0,normal,
6addf7c224524626857095701aa2ce2c,0,normal,
7f5777d0c459415e8baea6f3f692a373,0,normal,
1de00ffbb3be40aeaa0846e91d45f803,0,normal,
f12f97f5e8524c9ab808477cd09a5509,0,normal,
16bd5f665d984991ab5727adf28004b8,0,normal,
5cfa1d5154bd43b1baf25f478acb6be4,0,normal,
7518b487f76645f18240bc32b92ff27e,0,normal,
929be20c63c9457fb8f90f63aee812eb,0,normal,
c1756e2a44ee4764bc686a4a73ccec70,0,normal,
5a950166ca784e3e96645ee9125112f4,0,normal,
75bd5f05836f4859adba40db6ccbf94f,0,normal,
c1266df765d846119f98312afb0699f4,0,normal,
df3782e738eb440f80ff938039a99b10,0,normal,
de422228987545d885393f9e92f18276,0,normal,
5e74789ef45448f4abd7bbac75a930ff,0,normal,
52cc4f2d71f84971aaeda2d6ab5ca490,0,normal,
a1de7f7bcc834d9b97cce4552ef2cb24,0,normal,
665bd6f937754c0badbe6eab12eeb255,0,normal,
0b4e364d32914e8b87c6ace3eec63157,0,normal,
6351807f145746b8856d07b7bc2f3761,0,normal,
ebdbd269fec1450aba3f930b9d575912,0,normal,
d8d04f8f37a64a4f8c617ed0729bd6eb,0,normal,
b1a2abd6ba0c4931830695601b026d20,0,normal,
9f887123d7ce4bca9b6e6b7213365ac2,0,normal,
1d0395f2b2684c6d9fa1f6e8b02d6445,0,normal,
91bdd1b361444be887511a8aa82e3231,0,normal,
ad619972d37d4ec9952a6777cec29f71,0,normal,
a27d95d6adef43f38c501a0d5ed7792e,0,normal,
d2d1d14681564e4e8ba43856574086bd,0,normal,
4a3b0c4433a3422cbc84617ad3d24f7b,0,normal,
45a64856833b4afbba8cdff8a24fe277,0,normal,
bb21af79e00b4cf3a36856b2576622e7,1,structuring,structuring_695
538a76df0ca14ec686d639176399ff86,0,normal,
991d59774cfd4e1b99896865f35875e8,0,normal,
8790a18c2b2844ec8329840516213402,0,normal,
e86176a90f7c47dbb41f507659321e45,0,normal,
c95c7918abd9469fb9dce3456c065335,0,normal,
fc52771c3654489f940daee79f209ddb,0,normal,
09714811d9224e3d9bb4973d08930286,0,normal,
a5c0004009404761ad8c0e65a09f4a72,0,normal,
f8ed6d88e7014363a086f66cf7e54c7e,0,normal,
317a8513035244df89850426237af404,0,normal,
3a812b6af68d4be783c876d214d5cef2,0,normal,
39677c9179684e5cba30f41afb2b5fd3,0,normal,
01aac6cb548f49b9a57ba0ec7be46acb,0,normal,
7b09c4e035bd4bd8a45ea2a5d689fc7f,0,normal,
2b10df0d3cc94a60939d020c54aee7d2,0,normal,
c2c08b04cd744f0d93a1bfa5d269c2ca,0,normal,
6a736b0bc77d40b9b654aa08f92a5ec6,0,normal,
7875c8142a1d4faaa7f51dc834ae1755,0,normal,
eb70e85a69b94b77807ffa66bf022a32,0,normal,
5fecd773656b481e914173fb113df691,0,normal,
7c8ab7b4d1444ee8a0b3228fe5c5a784,0,normal,
47d58f42e48e48d0b7eb57c39cec61fb,0,normal,
01a69ff4c1a0418bb0768a98da5a79f5,0,normal,
9dda0065b64844b5a02949ab4c5cc5d3,0,normal,
b37e548052844025843695bf466a5293,0,normal,
00ae5e3f17d94732901e58d4a4b5d7f5,0,normal,
df5a53ce7096476a945821bc002c9c59,0,normal,
b98338087b2c4ba19c1b0f9d3bbbf152,1,ip_hopping,iphop_583
742f96bf91524d85bed8151caf33ca11,1,ip_hopping,iphop_583
a0c0eadc1405403ea710a94877213153,0,normal,
632c07892f154f6da44f5d881c64c7c7,1,ip_hopping,iphop_583
271bd7d17a35418199441a4a0ace67f6,1,ip_hopping,iphop_583
3a53c5250e7d41378ad154f2f33f6986,0,normal,
2a8b498d3ba64afca901863eec1475a8,1,ip_hopping,iphop_583
970172b8bdd444eab838403fbd1b0125,0,normal,
71d38972295c4b0d8214812dcec5f802,1,ip_hopping,iphop_583
fedd2c06c5cf4a5cb2e7c8dd2ba4e45d,0,normal,
70e6fa4cca6f4a8c8a6fc81e8c94ae82,1,ip_hopping,iphop_583
701c1a16b23449d1b4c84448f4f35a69,1,ip_hopping,iphop_583
fc5e1e7f32394abfb6f4fbef577f12c1,0,normal,
f25ed4a02d2a4f0f8bbe6b7e31b0dcd8,1,ip_hopping,iphop_583
71b8a9fbc73c42b484076cd528c235c5,0,normal,
57070cb861bf4ebcb075f01b49ae55cd,1,ip_hopping,iphop_583
a76d2cd50ddb4f7c93dcb9c28db0caba,0,normal,
ba85de1cf2404a0a92267bf1a154c0d1,0,normal,
bd677f96e39d4aa2983576115e18b973,0,normal,
4ae2e078175e4467a14114cd950547fd,1,ip_hopping,iphop_583
5ac43b8153d441d98df263af23f4f5cb,0,normal,
2b8147a6db3a40c780eb969d83b9b14f,1,ip_hopping,iphop_583
aa40467f46164f7ea0aa19f0d3128d91,1,ip_hopping,iphop_583
ae51595138654981b51aed6e5500652d,1,ip_hopping,iphop_583
b7ffc80d4243490f8d6283f197e78e64,0,normal,
eac8e093adfa48338be9a9401846cdfb,0,normal,
524190fddbb245af96deafd2e8de6773,1,ip_hopping,iphop_583
01f37bd052214e7ebd234767f4c04152,0,normal,
1748c5fcfba64ddf9f91c34bd80a3832,0,normal,
d085bd5fa4fd4195b1f48a3ea19d2dc0,0,normal,
e60ed5386c504ce297f7741c0062158e,0,normal,
a1bfe508226e49a284eadfaef572bd59,0,normal,
b77d21609a2245c5bab46f96dcf864bf,0,normal,
11a188a928a040ef9bc33c7d2cadb6d4,0,normal,
aa6e08bd9bab42b4a5f4a9d5452d7805,0,normal,
cd08e033908b4730acd3329e16980514,0,normal,
16a2dd40077b4c519e8fd2c71b7e53b0,0,normal,
fa9ce95340a0446589aca089cc4c1332,0,normal,
2fc1e3d9fb8d4a39a48d7ab8ce813dce,0,normal,
f68c792fcf3b47748e5e1d4d6a5d0ec4,0,normal,
e38289c7d8024cc2816cdfc88985cc9f,0,normal,
a9b7a3a1f35546e1a72d4cb1c6a9de81,0,normal,
c3a06655a481408ca2b676128e8f879c,0,normal,
0c29f67ed1c0497496a20640cae8dbe8,0,normal,
a791ae0461b64415bb1e0be6051ac89e,0,normal,
fff85ccfacf34ccfa7f9354abd32e993,0,normal,
27c961683db24332a91c70977b871638,0,normal,
7d17e4ebaf084fa8bbbd5d15d05ebc35,0,normal,
72829b5827c543089eba8fdd6acfd56a,0,normal,
c11004f0e157420ba85c5b265a92e6f0,0,normal,
b61b87e448044af1ac5c8b6aaa1a6562,0,normal,
785ffaae88644b758223bbb6fe9d6c6d,1,structuring,structuring_695
0c67f59124a044d094273800e6aeb7da,0,normal,
a348a323697c4b29b880d759a3de22dc,0,normal,
3410acd77c124a9bbab9e2323e3bb5ad,0,normal,
a99629ac768a4135b93826a4bce1c6bb,0,normal,
3ef13a8c2cd34343bfaf127f8f5223c1,0,normal,
d8db83b5e91f40608b87af1838effde9,0,normal,
0f182fd3a21a410099706654171da81f,0,normal,
1b1a97e275d54bb09e14444f7ff24f6d,0,normal,
dcd8ae3c5dd84f399359cb4c3c09aa2e,0,normal,
79843ac0db3b44e2a3e8378ff269c9a4,0,normal,
db9f0e06d07a45e28fd18528dc415963,0,normal,
ce58e99d150f487db7a3ee3b17abc164,0,normal,
9df24af0115644acb5ef641db4c0d9f8,0,normal,
935460d036e74e90a19354e8d2b311d8,0,normal,
51f3680a68674d218c40f7c7e8794ef7,0,normal,
d86f1296e70e4ed28851ac02d3661f6d,0,normal,
4f9df50c94504f78a67230c9158a4ff5,0,normal,
4b7735fbdc9441e18e68a20f52da7e35,0,normal,
837524e3e45c472d9f4e01d03d2c97ff,0,normal,
a8676fb21044474d93dce3de1243d886,0,normal,
9bdeb5669c904c5b931757e2c366ecf3,0,normal,
b642e44ce9bf421a9b78c9d5d094447e,0,normal,
ad945eaa838c4010a6b78a3fa02adba6,0,normal,
5ff1796dabc64f36825fcac4f64331f2,0,normal,
6ac791fa2c704a9abcbaedfec6d95dae,0,normal,
f49a0d635b344867aba57301870f3ce5,0,normal,
8e150d78e180486eae9c79ab3a562cde,0,normal,
972875379dde431cae7e54f49af71961,0,normal,
226948008e374f27b59ac2018ae7d071,0,normal,
d55771e142624c6ab353661bf71be1c6,0,normal,
bf034a14be7b4a7b80217bf308790547,0,normal,
528f1d49d0da4d9fb971e9dad729dea1,0,normal,
bac9a0689ead4b26a7d061a9d78616ad,0,normal,
845ff3f9413c4923b6f868a0b5aec5c6,0,normal,
d1c3054108ed436b887ca03a417df697,0,normal,
0ad3eeb573024a04be6e03b8fc011e8b,0,normal,
4e5a797a3f644f5ba57eb7237a68218e,0,normal,
a74b09afd5024898b32604b6a337e41d,0,normal,
5c5a51a9184f4cdf84e2bfd3ef4bb92c,0,normal,
6f35fce695d246a7a96dfff8b35b2938,0,normal,
3bf673eb50a64b1a9c431b2bd097c528,0,normal,
9fae45dc356a40a3a5c9afe1b790cf27,0,normal,
07ff3761cbaa4153a15f8a7697e762c0,0,normal,
1d7586442814404ebad98318e1b64313,0,normal,
4c805553c0654058b095e0ce567e4dc9,0,normal,
3fe490383091465697b083874c4a6b50,0,normal,
4c95bb43459949b68da87bb42440140b,0,normal,
f9d4381710c541e986d3637089b566fa,0,normal,
f01a3b5584284781bd95f1c8412645bb,0,normal,
50e02ca8c0c049ba9071789a99652cfb,0,normal,
c937c08da0b0456b83559f72c8950cd9,0,normal,
a034ec32267d4369954c52f0468c7428,0,normal,
e3898bf76ff245e1882047f11f6563f3,0,normal,
3e631c3db36042219437baf622d490a5,0,normal,
4106b193da0b4acb8003708170183dbb,0,normal,
eca41801ce334533ac2238aa37920290,0,normal,
5a0f6a774c9e404b8ce09a15a6a73266,0,normal,
4e15894952d442f79f30f0a0f18ec697,0,normal,
13702774c84a49a199725da8ca315b40,0,normal,
55e1d38e4ec44be8b108699d70cd4ee5,0,normal,
b258e7a1e3a64c9c9dbb78ad337fdccb,0,normal,
afa2ca65f6c24060869e14298644ce0d,0,normal,
8a03f8003d7c4484924aef717345514f,0,normal,
ab6ca74f527540adb29fd96f7402e545,0,normal,
aa574c5bb8374553ab1eb6864fc41345,0,normal,
5b12ae0f326e48e6b35ebf5a546e8289,0,normal,
e5dc1cb4cc394b0e9d45b965b7ceeafa,0,normal,
85711aa1ffe641a4947704bda9a1af02,0,normal,
77c87e76d45741dc895e62353b613232,0,normal,
77f468c87f6841609bc0549e91363b65,0,normal,
d160bff9ce824e279367700558372b48,0,normal,
a01f74c809814b299c2ce1f0d14ff108,0,normal,
40795e3419734e98a8684b19a7506576,0,normal,
73235323b21e45f4bdca5d0239bcc91f,0,normal,
17df79d28a054fbd8f7c21bc4be3d332,0,normal,
9d8f0efdc54b429ca4d7ff23b5d4c451,0,normal,
7b6313d251cd48be96c96a87dbb18bd5,0,normal,
a8c06de0f9be4b5e960bed9f9f39ee13,1,structuring,structuring_467
88956429a1fb41329feaa26ef90f549d,0,normal,
8f2a08f49a8e49a5a4eb8148f3a260c9,0,normal,
7e6b0be23b6843d9b6ace7f7d0635ad1,0,normal,
03f14a58647c44f48a29550faae43a2d,0,normal,
9271d777e56a44df9f71f44d1c133af4,1,peeling_chain,synthetic_chain_645_hop0
5c5ee540e2be4f08be4ecaa25c080dae,0,normal,
25fca4d332c04379975468336bc1f208,1,peeling_chain,synthetic_chain_645_hop1
0214cbc4c6a046fb91803963f8c8b681,0,normal,
ce756226ae81480faac64081284014c7,1,peeling_chain,synthetic_chain_645_hop2
6e6381d5e21844a59a159983e928e63f,1,peeling_chain,synthetic_chain_645_hop3
b3a9a8372d5b4e898734e6fcd792eddf,0,normal,
b8d827148f3946bf93f608193433e5fb,0,normal,
522d130391dc490c8fcf05128c100b31,0,normal,
31d8ccbb727f4729a06ee278cc03c98f,1,peeling_chain,synthetic_chain_645_hop4
01f474e55eaa4dbfb3626bc07248e54f,0,normal,
3e1efce804864432a4c49fa973722f11,0,normal,
abb8b80aef6a4389adb1d1f34c7c5ff3,1,peeling_chain,synthetic_chain_645_hop5
fb6ba9ddbd49465da5d0a70e3ee17a19,0,normal,
7f08631f8b1b417f98db32c098270cf1,0,normal,
b6db05573520405b80aa61adff50779a,0,normal,
ef4b1a96531e4c3fa50811d570ea83ab,0,normal,
f35364cc342c4c7889305340d611a94d,0,normal,
64c2ec1f82d143ae85367fea341d4969,0,normal,
bdde58bf939547dfa1390d70de42bf96,0,normal,
f5e1443d6f474db5ad2b95192aeb6c96,0,normal,
3c36904d57ad4e40b13d91fb174dfccd,0,normal,
3f6d10160f73426888c3dccd81095957,0,normal,
fdea407bfe20458c8b15fe6c3c39d697,0,normal,
c1843fba621c453993581e374664732f,0,normal,
6974a472884e48ae9300ba93b412a3b7,0,normal,
4a110ca69343487f8f3e4337d4747f24,0,normal,
596e7a0322ad4facbefe7b6648ff210e,0,normal,
514a13d1640547a6a92872a6cb2cddf5,0,normal,
fd11ea5c66ce4d8b9420b614b8c3bf3b,0,normal,
bee5c5c843864981aafdd52e7c0b8422,0,normal,
6036b76d21d848e380f03d78cefbf3e7,0,normal,
c1719d9ea72d43d19223901cfce23f8f,0,normal,
c29282dcb603435cb13318331bcd3659,0,normal,
80d0255839284e5eb5116c5b4f60e915,0,normal,
29db081185f347e7bde4c3ca26e801c2,0,normal,
2734614dbb174686b18f694494418224,0,normal,
4a8c5ef3fa624115a6ee3c69ea4dfe6e,0,normal,
bc8e7c2028cd43f5a5f0a6df345f0014,0,normal,
a15b94ab8139424b8736bc4a4b542475,1,structuring,structuring_695
b4aea6d411c344b092775e149ff4640c,0,normal,
1602c2d0faa84e2bae123aa0aa9bca4d,0,normal,
16010a79ce47425bbb9e32c4c6dec760,0,normal,
cebb8cad34dd451099c95515356dd308,0,normal,
42422aae895a4605874b059158a824c6,0,normal,
caca7b3a372243feae4f9586da16d1d1,0,normal,
2d803e0d70f3495b9e9a330c1c252004,0,normal,
5c8c69435940479896534f93439a70b3,0,normal,
d11eb7301d1040eba82c3bfa2e1f4fa7,0,normal,
562b8f4c6a114da981ef152e9b9d1dbc,0,normal,
565ceef1e3744910ba72dc9b7dd1d1ee,0,normal,
25f70f5718df49659899e78e392afe77,0,normal,
e05f6d97b729440383d983b328c43cb2,0,normal,
14452a121122452694f90eeeffcbfa60,0,normal,
6122ddc5ecb64c99b8f8d33ae89ec31e,0,normal,
55b8972f31b94a298adeb5ece02a0c7b,0,normal,
760bb988f07642749368bd7d96460768,0,normal,
b0ccbf0fb43f4599adcd9d1e28c870b7,0,normal,
39feae34175e442b8bb144ee65661d64,0,normal,
015ec86879494b8e92e282691f675301,0,normal,
920a6937a31f405db41f22e72186be45,0,normal,
e580f0f7a0f7479fb79fc3805acd4841,0,normal,
6ec32ea9f37143a5ac4ff7eb73b81b25,0,normal,
147ce3e94e4747e4a9d0c4b84cf6bf53,0,normal,
07d3dbabd04c4065beef46da9d408d33,0,normal,
b04caae18a214127899c72a42b2c2948,0,normal,
743e7b2b52f5424b8f934c56eca2c41b,0,normal,
bed9e142250b46449c5958f320661e54,0,normal,
fb5060038fb143eb894019df3a5a9792,0,normal,
3652258ac4c1479ca1138bac8bfccee4,0,normal,
2a980a47132146e588bbef147c6eff8c,0,normal,
d24c5def3fdb41c6a9f34b5a57a3f7f8,0,normal,
1d817ba0decf44019d4f035da260378f,0,normal,
206b9f48b53942bab382d0ad1fe9377d,0,normal,
c6997af3b63342939af37a0978911182,0,normal,
438c5b61d8d14bf58a6048f5af85e000,0,normal,
20696272b9bb4a64804ce7bd46d27a17,0,normal,
fe48210d82eb45f392f7acdaa498e1e7,1,structuring,structuring_467
34559ff088934d58b2e7c4e8c980b51e,0,normal,
9e3693765a8d4f78ac7c424dd9b98b6b,1,structuring,structuring_695
dd60d8bb46014750a8d2e3e36824a90a,0,normal,
2853a77b6452476a856eba882710ab3c,0,normal,
4026ea1e8fac4a8e8377ac2527c1a681,0,normal,
19b47baf25b74d4f8aa7f3867e1ee4cb,0,normal,
4ad93fbc6c6f475c9b1802078268d661,0,normal,
b4fcf3a120f3434689dfe520be50edcb,0,normal,
cc0283c11d4749eeb3c5f5aedeb9f88f,0,normal,
2e0cf688b4da4f88bae7feb6e3e7e4a4,0,normal,
34a9478201bf4948b89960700ddf5914,0,normal,
2b722947cb254a65abae9c8dacafe2e1,0,normal,
355ee89f519c4a2f91e81c205289a7a3,0,normal,
04cf86c921e74d19a94a9094e6298c48,0,normal,
3ad1eca597b54825a2041257402a3ccf,0,normal,
1c205c77cc274ed8bfe2b8f6913dc760,0,normal,
7e617ec5e3a5423d9b189c67a09fc366,0,normal,
f79306a05dee4ae884fca4c332d87c54,0,normal,
20780b82220344b39800476b75fae59d,0,normal,
04d070f4bde84f81b574bf24990b747b,0,normal,
eb912508419d4b32a580833f50de62dc,1,structuring,structuring_695
cd421ceb81334fb4bd04496c375cc816,0,normal,
6e67ee15bda044c7a17e4da0f7e175ea,0,normal,
10b55b588f07444092a1515ca55a4fea,0,normal,
8cff3c562a764b8cb4431dffb265390f,0,normal,
4eea605deed24791a0a5f6f77d268f18,0,normal,
357c013aca004bd88ef2797c3a77dac5,0,normal,
d28bf9c5135948ecb61b43c1e64fb2e8,0,normal,
f02c63d41dec4f1fb0be8ee55116e84f,0,normal,
16a7baea62514a9781842f156db5d1b7,0,normal,
326b41c721b1420d9e4bd3bb825624f0,0,normal,
ffcf9a8b8e5e47908dbcd7965b59fe01,0,normal,
20834afa5e984ab9b963e41e7298cb25,0,normal,
a5f2b9da91d14accbf4e9de245dc71cb,0,normal,
53bc63eaccbe4c6b8c6b9ab8f1dd3b8b,0,normal,
7d29cf0d48a9413e9b881f29a8232120,0,normal,
a9948adc3c14430b8fa9f234b929248d,0,normal,
4b6cec2397974475829242ffd007fd8f,0,normal,
f6f237a1eaa741e6a631aa00659df9b5,1,structuring,structuring_467
e27cdc50d51a42f6aaf27a0cb29f6531,0,normal,
ffc21e86d142413687399f081cc4638b,0,normal,
58ec9861895e442ea6c18d2dd0232707,0,normal,
37bc975dd55e48048e9213c539812a2e,0,normal,
e4171141a2ba45fbb8827f0b365a075d,0,normal,
d80a4cb656c947bbb4d66a489be7b9ad,0,normal,
8c8eb4a785d743dd9673b31464e1debf,0,normal,
570a8c19b1044210b13e46451c969ab1,0,normal,
b9f026a90d25493c97447f84a5c28d13,0,normal,
e4b440555c674dada5c7674d282d3647,0,normal,
8ad60f6dafb94529b67e0ddd6cefebc6,0,normal,
97d4fcb880754609a39723d89e63e4f0,0,normal,
cc45ec35f0714b7daf89b73b78de1f9d,0,normal,
9d57d06887124d4bb587f06c40390f47,0,normal,
57906d520c3c4963819227399789f879,0,normal,
c79913524e1944e18b0229c0aae07d23,0,normal,
8f8d14b255474dddb6232cf7aa0010c2,0,normal,
cd3a9e2f69ce41da8f4025d5d692a829,0,normal,
58ec9865b710411d9f7ada56f198e926,0,normal,
f7a241ae33c2449ea568ca6a8ae1f515,0,normal,
cae18102587a441fbd4dc3280e0c72c7,0,normal,
9f5116a6e33749b28429732611658df4,0,normal,
6165063f407648e394e0d3ffd1b8c788,0,normal,
ac014a9d776d4f21804697b48ff0f498,0,normal,
f982ea54c28d492eafbc771c1e676916,0,normal,
f04060139da4465096ad2323853fc1bc,0,normal,
b006b74ac9304041ae7bcf306ced5172,0,normal,
2a59f5d2328047fe89b271a95a224fdc,0,normal,
c097477103e64c99ba1474a66fbeecf6,0,normal,
1d791b4b822f40e79d41a30197c41977,0,normal,
a0886fdef5b7409192f7565510d61816,0,normal,
a7ca3977f67e4730a22ddb52caf8f0a3,0,normal,
af8040570b814dd9bc6ec1ddc8042921,0,normal,
f10fd0487a754c0ebf67b997b78b030b,0,normal,
074edd179974469eaf7700d78fbebeea,0,normal,
3097ada5901247b593490df1dbd1e0f0,0,normal,
96a8b386cc4b4f39a0988f3b6ba92976,0,normal,
f5b71e2f4d144b2ca329c53423d7ceda,0,normal,
30b5a5a378ea42b1a1cc3512ed52b6c7,0,normal,
aecc543e3bd54f5fa678d2108d73fd2a,0,normal,
92c4097fa5d2450daf4444d343d67726,0,normal,
6a2422a96b4f4f698f376af8630e283d,0,normal,
8dd69f3522444ec8878bf0cb63c46759,0,normal,
9684b813811e4f4caff1a1a82fb89a39,0,normal,
3182c14052fc401f8d84f6ddbbb32e93,0,normal,
35216bb3cbeb4dc3af3602b58b1c9738,0,normal,
8c007385212142cbaf691b02eb816ced,0,normal,
f688dade40e6442f8d147fae601ee66a,0,normal,
0254c8e647934f208ace2eb25ab02270,0,normal,
b4fe0059146c461a86dfe3e8d7519838,0,normal,
595ae649b7e84a7e8381391791d02101,0,normal,
c86844d91567422c9c47d4265f5ac644,0,normal,
4c10ba7a2b00462aa84debf36ba8ae2e,0,normal,
374624959b5542f49fbd429b2ab602f5,0,normal,
a149fc3c10184f1fbbb8cfb360649fc2,0,normal,
1a3bd0538b084ed5b12de19936e7b13f,0,normal,
9212d70aab3746ba9e6da97c0f83d4e9,0,normal,
f806cec25480446196ad36b1c4a92196,0,normal,
fbfa868a0abe44abb709e91f08e8999c,0,normal,
3984cb2b356e4f4b938fe14a9801fe24,0,normal,
12fba5a08572460caa90a91dfe555ca0,0,normal,
1834000e769a4360839d75397708ecd3,0,normal,
e7102391344446a9906662d0f2fac428,0,normal,
9d8fba4d2ae641138e38b69e6ab4be4d,0,normal,
b9df32c59df8415b8dc4283480235622,0,normal,
56dd0725357b4067824e84b22c697920,0,normal,
77ed94c6af5e437b8d74d9e91d942188,0,normal,
535be47d6de34416a3f94b570eeeea41,0,normal,
fde4f5831f1a4ea1a641649ccc7d9977,0,normal,
598d18c1f792494bb94047d122e28360,0,normal,
367fb37963084ece9771b29fa0501957,0,normal,
891df11f132b4fe194bbd5cd1882e9b2,0,normal,
1152997de1d74e9faf956b496af85abc,0,normal,
882fdd162da34cb4876b6a0b1a373d5e,0,normal,
f0c550d9e5bc4055bcf48af66dab0ead,0,normal,
bab6d5c49dc543409610de4261ecfeaf,0,normal,
78b23f4849c24d6e9d8c0b8420154290,0,normal,
f716a34124cc4c86a4d642e4639702e3,0,normal,
72f45ca40cff4e469f5e9772ec1ff223,0,normal,
c5527f843cef4f7e82e586229096e242,1,structuring,structuring_695
0bb2f6dcd8aa4c6cbba1495008baec66,0,normal,
139d8b4c52a64d3d9680ed3d093df928,0,normal,
51d9c350098645aa9781f50b9cec942c,0,normal,
bdee4cd5814a440983589c60f81d9a1a,0,normal,
6dd109f4e06743ceb1335bc5fa58f7fb,0,normal,
9960936e6f614e96ab835e524ed27bf7,0,normal,
53f4c4dcbdd3444e891d7eb92ee9fb57,0,normal,
5d1c1a14bc33475b84f58847441cceab,0,normal,
c589e8c908254fcd8012ddf019398e3f,0,normal,
f95f22c663e5461dbc9bfea4c9a82d9f,0,normal,
7bd6d8e48787435abe92995ebe42af73,0,normal,
081de663b0604c4bbf3eeb962980a50c,0,normal,
d61ee6079ec24db1bb3d8eb9d6f2ba7b,0,normal,
b5309cf4b0954b4f9f8ed95c39608091,0,normal,
23e5a5948cba4b09ad7e1d88b86928e1,0,normal,
eab0f2222fa24dd79c635a4f73752447,0,normal,
81afa463f1cf4180b151f00497c20d6b,0,normal,
7ffb6ff101914f4f9a4d89575e835ad1,0,normal,
ce1608af36604470a351c32dec7c0cc3,0,normal,
16d981ca02a04c96847ab7a3e6a6a89a,0,normal,
c08fa1aa22c44135bea13342dbcb6f46,0,normal,
d4dbed88cb5043108e7b379a69409f00,0,normal,
c6d5348b766c40f38031e4f811508d90,0,normal,
89c7b9ab3eef4398be0f12e2d89ac212,0,normal,
2abc045a81ad4acd9ae83eceb01f34de,0,normal,
a2b8f18efdfe446cab7e148f31d854ef,0,normal,
19bd04bf12d34afaa7033be85aea8797,0,normal,
d6537b88d5a346c29f1930836159fa10,0,normal,
5a06de0aff504e679523e48b55ee2672,0,normal,
cc11f8a973d7421eb8487137401c5dc6,0,normal,
14e76025b60f482da9ffb6c92fbc6b8a,0,normal,
881f986ddefa42f18b441393d8a7a03a,0,normal,
b3f0cb06735a405594a144563f0829ae,0,normal,
34490d34363a48ee9ec9e7d9c52b0f94,0,normal,
bf17b3a3b9594a04b7cd9e654d02e6f4,0,normal,
bbd5c03a957d4f3db86657be0ae3cf6d,0,normal,
666e259cb4c94eaea88240efae12a5d1,0,normal,
8342533f734d49ca83a3184244d459b3,0,normal,
46a84cc9c7644cafa00d29deb36dc96a,0,normal,
585ae1fb030e44cd8d8224e18a4bde3a,0,normal,
092992aee1914958983ea742f8aadf99,0,normal,
51715698d6a14906b411f1fd2bead6df,0,normal,
4f8ef61fe9ea4c57b614528aee6f5954,0,normal,
213276d389374773a83c3e40af1c5303,0,normal,
171811195dcb43a98f698dd740d0b8a6,0,normal,
00cb2648013640a28b88fc5cc077b751,0,normal,
c82fc2bb1be448a09dfed8dd36ec457c,0,normal,
6c11a978184c4a519a7bfb3dfbb60fc7,0,normal,
a2f0c862c5b34aee86c6ce8be1190065,0,normal,
cf421c8754394623890eef90e135b423,0,normal,
5fa336955ea2405e8429e990d5b9b86c,0,normal,
f05110cf62ed4a809defdaef879a7ebd,0,normal,
b6f76c5519e14224991aa747e9b7ed5f,0,normal,
7d1fd349665f4db3a474c654b3810aed,1,structuring,structuring_467
d30e987fd5214c4aac8d4dabaf7b65b7,0,normal,
334b2b8dff8d49569e35ecf93e5e2013,0,normal,
f6a46df616e74d94b14049ab96e13125,0,normal,
741b69abf075461ca5371f6f465e0f11,0,normal,
c3e4b812c293448d9b0970bdd3d376d3,0,normal,
a1f626cf3af74d1ca201b86134912112,0,normal,
3199406614df48f7936ffaf38c87c870,0,normal,
add11d3c6a7b42b2b8429e2b1a968251,0,normal,
7da5a7ee29c34e5f8139c0fbd29f43ea,0,normal,
bc1888f60c6f4b469aeecf9775b7e6a0,0,normal,
ef9e6dbc7f5342738f8f5e5b3b84226d,0,normal,
157cb5eee1534c07ae1cd9c7b8123a66,0,normal,
c45573a0ec4043d8b8e987ec76d25791,0,normal,
16ad8c024a5e4e6884ef8f3bb21de126,0,normal,
59a0842bd07745a5bb799f3c828a16dc,0,normal,
cbddeb0bcdae43f19ebe30b8b7a2be8c,0,normal,
7520a2e1bdcb459cbf9a16844db0b835,0,normal,
464a8033442b431d8892871bc1dd6762,0,normal,
96425f12936a442ba69020625651e122,0,normal,
32da8ae26a524a28bf677e6b30a7db4e,0,normal,
1dd1c8d517644b62ae9d0730e647b5cb,0,normal,
467fc3a2eb26422c9c7f523dbf6e67d2,0,normal,
d0dbef0ef1304039a1e559e77bd4d981,0,normal,
343b35ca95754d88a96ef71112790c24,0,normal,
9dd974d316574fe58cb05fef987b21ad,1,structuring,structuring_695
4b0df8da43344119a818208c5aa59827,1,structuring,structuring_467
7eedc70ff34443b6b9def7126533f890,0,normal,
de29e016dc30403a8e3f52a2a52f3f27,0,normal,
831487623d1a4069879e4f43c87369e9,0,normal,
3270619b75a54bc1b9c7dc1b1c3253a7,0,normal,
d63bdee2adb54a8ea1dc77bdd7ccd752,0,normal,
0cc91a9b576b46338b495a2be4047822,0,normal,
db8289d44c1e46e9a2666005c83071a4,0,normal,
57b9a11faca14c60877941751dd76fb7,0,normal,
8e36d2b277c3418c89e1fe7c5c296186,0,normal,
f6da09c647f84b0c815818637548096c,0,normal,
e14af395c8874a8786f2f664479242ef,0,normal,
e8aef17291264043adfc248b75c54322,0,normal,
38ed66d7530d4a33869182ccb99d8565,0,normal,
fb87d923250446ea8d351e312fe03a7a,0,normal,
5c351028f47f4f41b311466efb450886,0,normal,
7ea52752eb9749c1ab7496e65b559aae,0,normal,
a01ff94191f24d449c7c35ec4c88079e,0,normal,
d5887ded7f3d42109148d9e076486fe6,0,normal,
797ebf4c5aa14eaba9772e507e18822a,0,normal,
a1e321515d8044b2985d4577b316db31,0,normal,
f8a04cc14b3f49ddaae87ad4e9d22b4c,0,normal,
d8fa499e21624baebe627a65dc07c9dd,0,normal,
d151f5571a394062a10a2a76b3eb4f32,0,normal,
7d1530d324194c71bbd60f0dbe629112,0,normal,
93168b8117d54c178d02b59ba0a398c6,0,normal,
346a457e81a645e7a0012aed795aad4a,0,normal,
7dbb854564df462d8ef990570182ee91,0,normal,
6369a0c968f149f28426555cf656cfd4,0,normal,
9c732942826040e9876d931ebda8de5c,0,normal,
1510ac07e55e431fa4f894a486258f82,0,normal,
de6f76a9a5aa499d900d6f64acab411b,0,normal,
f85dbd245a9d4f0c929f64396ec99b63,0,normal,
b73cabe481284c59930d3b9bb85f6183,0,normal,
52699421c90e4283870686eecab94d80,0,normal,
7e513c4af6de489c9e64be45bc32cfa0,0,normal,
249e6ddbd4654e1fa5d8192b9cb8b6e6,0,normal,
3c35586bd5534a74b2a0b9852ccd0f0f,0,normal,
fe040513ddcb42c1a0f1835e5f868fa0,0,normal,
63cb61c6a1264c2dbfba09f92bcb3297,0,normal,
70b48626ca4a469fb908d10cea859fd1,0,normal,
e8ad547051864233b4cc6a4257bf7f6e,0,normal,
db01bf306bb5417e8c6278891f913201,0,normal,
02f9ce703e7645e78809772371fc2e80,0,normal,
6af3996e543f443e8cad46313395cf0c,0,normal,
89e6396bd5c44a0b895cd14d36237645,0,normal,
e2d32100cb7b4abfb3898154ccb9d101,0,normal,
48f460feb2e649989867485563fe8949,1,structuring,structuring_467
e2165cd750184d3bbde8a0771d1c0ff2,0,normal,
9d20b4e0b95d4a6da9a412d8364b2703,0,normal,
cc5c842196064f9eb64854860f8b61b2,0,normal,
b5d21648a9a04709974974a57027a439,0,normal,
93d896196f204e33905697c5513f8a86,0,normal,
6ea96074295a4cd0a832bb1ad3155d74,0,normal,
0849a9b5e491456597e61e46a01a7867,0,normal,
ce89d47c089c4683b6e7ea66d9a1dd60,0,normal,
e3ab947805c94f63b2cea870d6c05e6c,0,normal,
adf87856987048ada78d692a7cde6fdf,0,normal,
6b0799ea2dc14b8189027d05d49e312c,0,normal,
0715ce39c8aa4438bf4ea67e93c0e7a9,0,normal,
482ae9c44f74422f8b714cf208ffc345,0,normal,
708e7902b8aa42178868e3720cf64ae5,0,normal,
7ba9cdf221fb42e0a02dda512c5b2f0c,0,normal,
a05f4321962a48e78e2e4a1ab630b6aa,0,normal,
30ccf258ecee4ef7816fc7779a011b15,0,normal,
fade60e97c2d4c119cacbf5bfa5605e6,0,normal,
40319b7abe224b10a2efe1ddd25390c1,0,normal,
4a037f48ec1e450d9118257a184e7235,0,normal,
ae7a5eb3b50b4f0b8c15ed7ab78d5655,0,normal,
29506d73b86a44059114fc7067279d35,0,normal,
2aca18a89cb44d77bb24154133c312fa,0,normal,
82a7d1ee4d6a40d7ad0b8ca30a436e32,0,normal,
39930a81f3474dd1a5ec1615e242e782,0,normal,
502ae105e83e4978a900e827bf02cfe2,0,normal,
ea65570d26424b1892afa58adee03673,0,normal,
15fd7d68c13d430fb91c68bee9159617,0,normal,
dd7046b62a0c48c1b9dfb9e38b1d2659,0,normal,
d513bab22cc34b34b2b6d93b6c2806c7,0,normal,
9920002ae6424ecd864426c62e186cad,0,normal,
3eb2b097b3e54d5694a114e925328cf7,0,normal,
dc3d3debfda242d1b260c013449d8b50,0,normal,
8c6ef9fe6f5a410da4c9816b0e53ad4a,0,normal,
2b95966838af4dfbad1ffcd1ef5c2632,0,normal,
cb9209178a8b442682013ce19a219a7e,0,normal,
36b070dfe9104ea88e63a9a61cad70f7,0,normal,
37e192d89eab414bb4fd5477e03e893c,0,normal,
847c4d99d78642fea627590a57c486b7,0,normal,
91fe22abdd684dde859f27abef0a955b,0,normal,
4af756a6b98b410e8132e125d0abe647,0,normal,
fa52139773b9470ea099eebc8489e593,0,normal,
5b6b745c45024383aa508cc3728aab4b,0,normal,
638c4018c0464cfca683452b2c2ac909,0,normal,
4c6e4d09b78b43058e1e757676805a81,0,normal,
836b70b5cd7b4af09c526654256f4406,0,normal,
eb76504f400e4ac88d0614737fd02eab,0,normal,
df5f830e067e48578070cd322b11d461,0,normal,
17c4ffc3b30b416b85deabaa8ce8c182,0,normal,
66a0333d98244184b92e5336f13533bf,1,structuring,structuring_695
216e6ab3a59740c0adadd4f2da149590,0,normal,
897a56f5957e49dcbfedb093d946499a,0,normal,
fc8a282fa97840cb9cc61871888b2e5b,0,normal,
96b3d9b76f22411cb16a36427ef77f86,0,normal,
e2d9ce6b677f4b6e91db39359a120894,0,normal,
0b57d96746a043cf8fec8314ed5a30da,0,normal,
94f9aea47e854ecf9f98395d59843cf2,0,normal,
332998f43be5417fa027f27a732ba414,0,normal,
bedb66022de74d0a92bfe82a51d9258b,0,normal,
5039c230f5aa4223888672021f5cf7fa,0,normal,
7ee88691446048a3bd5cfda6e32b17ff,0,normal,
3bc3483ba5be4fb3bf733e266cd2ee2b,0,normal,
9bbc58d202264071a453df1ce3319f81,0,normal,
7b861ffeab454d15a54a49129fe75620,0,normal,
479bab559c7442e4b264d22e55169150,0,normal,
3909e4e27aa94a7591c1dfa0db56a74c,0,normal,
bc6975bb388147c298e940f6a934359a,0,normal,
6ac19537f75f4875b861885baf56988e,0,normal,
4978d6a5330a43baa123b8ac36fa4ccd,0,normal,
e15004d4c0ac44bdb6b60530b5ea9387,0,normal,
d29232d1ef07421f884f499a28df65f3,0,normal,
f241dec0551b44ba8a0a1b606031b2f5,0,normal,
28a5f1ebec9d46958e05dd8ec03f7b72,0,normal,
c989275f99d544a3b7d9dba48b7d8a97,0,normal,
424091c9f374409ebd663dbd5e08bf9b,0,normal,
17cce47acac14153a810dd5cd6437601,0,normal,
d186319b668e41b18dcd047ed54866e0,0,normal,
6aaa3c6d0fa3427abb3851abf4e943d9,0,normal,
34c96a3fc8f949b9a8725423237209c6,0,normal,
301ed8512dc44b49b056c14a58b9aeae,0,normal,
1aaf0d494b2b48eba5a01230cc8beef4,0,normal,
3511de3ad3844367ad699d8ddbd92e50,0,normal,
42b7018c1c3e453287c70bc055631559,0,normal,
23416b8e28e34bbf8a163869452b93c0,0,normal,
480334aa1e684039857d7f4d43006d84,0,normal,
a6d8b5ab924b4e5f9ce6d3330d926cda,0,normal,
8b652c9f24b6484abd6394a51dd68f3a,0,normal,
65d55c289dc741a8b8818803bcaca4fe,0,normal,
2defcee1c5a0437ba84145ce3e962f22,0,normal,
840184c46d464d2684669bd5088d9f42,0,normal,
4978bd465d7349cf900aa64725c20762,0,normal,
158acc7b0c424a9a8ec5ba61580b3dab,0,normal,
bae4bd5223104c1888b5c0aa3fa6d038,0,normal,
248f0bf4dac54cb7847a7ef13cd21685,0,normal,
5546a6fef5034762a5ac1c8b2d98d624,0,normal,
e929bee7394b49c480b48f94dfc8e6af,0,normal,
613fa640c047486085e94d84ff5d4da1,0,normal,
695b125e909c4945b8a79057012ac95d,0,normal,
17b663ef46654e1293b628ad3865653b,0,normal,
b1f549024ece470689b82234fefbbfbb,0,normal,
235aebc400664bcaa5a9e7da5ae083d5,0,normal,
9e809e637c294c569852f2ec537fcfc0,0,normal,
efa1192f64fc4ec1a87d9503a0deee29,0,normal,
a2cf53ce9af7419e918569ff736cfa58,0,normal,
17fb3b1acd0d46a793e8201355afb592,0,normal,
82ed5fe4526340149bf9f4a92b088333,0,normal,
bd6dc0ecaaa54423942bdcbc4f522f93,0,normal,
64a501b40cf2479c9d4c7f8d2863a1f7,0,normal,
93defce52a0d4173a61f98dc972e7862,0,normal,
d8121e8aedd740fbadc2b617c2fec59c,0,normal,
28a39b9375f14addadb42c5ad5edd6e3,0,normal,
f94689b5c3a94059903c65cd762c9bb2,0,normal,
9ac875c4804c40d991a05e15dc7f5486,0,normal,
1d191128929f41fbb7a4d95f01421d0e,0,normal,
922c55b02f6a4469bab300071a61dd06,0,normal,
89c97308969c49e484e1d0c9a859ebe1,0,normal,
f788f5cb9bd644d0833e00b36475fc60,0,normal,
dfd361ca7e8b492b95adc5fd8f08a6bc,0,normal,
f7082d3c1bf343448431bfb9ee57dd60,0,normal,
49308502a4674355b968b7a9318cfb7d,0,normal,
420fd402335f49cbb87b4f86eddc4e62,0,normal,
01dec14377b04c5295ecf2dbd4ba9da9,0,normal,
6d52e843e66a407791cac59b7465af6a,0,normal,
00b8860624bf41c6b3be08e15c790608,0,normal,
d3b65cdb4dea4e318598f6d9cd683d74,0,normal,
01431df05d3a4c26a81217928da5de72,0,normal,
d38ebeaafbf943d4b2c6cbeae9d6b492,0,normal,
306397fbc66542d69d04b99ded48cfc5,0,normal,
8f07df77218b47b8959f016abfd13a69,0,normal,
11ff4b638fdb48b394756fd844c3b736,0,normal,
d6a2c610c41945069ab32502cb0ef116,0,normal,
678c43c8363a4386be8bab6879400bec,0,normal,
252559d617ef4ee5850a73607d3c93c4,0,normal,
fb705c9a1bc74ab08b07f71320125723,0,normal,
9b2957c56b5c4f9bb04ba54cba10983d,0,normal,
0302846604b940aba2110ad0ab672f39,0,normal,
b08bb176d29b4633969ce18cfe31e8db,0,normal,
752ea9ee151f460e85bacb3d8543ee2a,0,normal,
3178718822014dfdb8c3d71208825033,0,normal,
79eec45dd1b546918e4bc820fb8fbc9d,0,normal,
90a96cbc5c3a4cfd8cfab039d48c62d8,0,normal,
a67bcd2c36c449639ec354460e119946,0,normal,
ce36a2bd68d54da694728b68d84920ae,0,normal,
fa4b03b1cf5141d784f74c08a9dbba58,0,normal,
28efe45ad2cf41099a413b24a234d72c,0,normal,
f60513e1d0864cc9ae0eb63629c140e5,0,normal,
358611917dc74449902eb9735f6ac95d,0,normal,
276cdcfab8594a40a815550892e84a0f,0,normal,
f42173c30bdf467986b68a6fcbffb5d0,0,normal,
bca95caff64e44679d4eaf6469a06674,0,normal,
b827598ea1a64010996bfbfc26ef87ef,0,normal,
94da4f913d1e4cf59826c5124701f168,0,normal,
96fcf15c872f4278a1802f6ce0820f1f,0,normal,
c7bac29ea8464567b17922ac5bb14620,0,normal,
0c1d291c609f4ed9ac443c763a24eeef,0,normal,
a171172e6ccb4fcda0fa5742b65fe4a1,0,normal,
abf7da9c7cb74b5499d851127c466795,0,normal,
19337cae41aa4a7a97652219133657ed,0,normal,
470d64e73f994f1fa679ea3fbf70ba9f,0,normal,
47692c3d709249a785ac3045ca5897bc,0,normal,
5e885c18c0a44e039934b0dbf5b4b9ec,1,structuring,structuring_467
572cf6786ffa4cb3b22cd85c90ad7cd0,0,normal,
8a771de69b814753900027c8dc2a0c27,0,normal,
565dcd38ea944d428dfce529edcac49b,0,normal,
7d837f84072a49a0b5d2b1f06c8cda08,0,normal,
8dd7e0d2d2c6484ab2f733f332105d2b,0,normal,
f2dba382e1864619a74901785ccd08ce,0,normal,
2abedebe4437408090887d40dd67ffc7,0,normal,
6b8766c6ea9c4343bf098a99deecbbd2,0,normal,
9f14e47931a44d2dbab542df0345dd67,0,normal,
e2770e95e3fa4203b10d5ea2491da082,0,normal,
b93a45af536a488db55340b4681b675a,0,normal,
0061cfa9edf6462f861b081c20e64cc8,0,normal,
8fe3af8754394459933974c238db5a99,0,normal,
bd4814775e294bcfa6ac7c5520644f9e,0,normal,
d83f1caf695b41d9af4b65977a9ea280,0,normal,
57cf3566d6954c2b99f8f7601f040429,0,normal,
35fc2d81cb4a479c83bee887b9ffdd9e,0,normal,
2a6cbc5bb0ff4cb5817e61f66f700437,0,normal,
612b63d00a8a44ebae3156781141b0aa,0,normal,
15b0f71c921c4a1298ce9bd070a90122,0,normal,
b16fd495ac44483fb9f52bc2c9c89ffd,0,normal,
c574714b3e5249c0bc5dda2f8f1c87c0,0,normal,
e7ac585da1834a7fafaac38af21d2859,0,normal,
4d069b961f6d46a0ba57c95a870599bb,0,normal,
3826ed52fbfc473fb92ee3f8254b3bc2,0,normal,
6e753d3ac6c54da19286b1f5ca7cacd3,0,normal,
b0863bdb96ff4c52ad31c8ef11bc826b,0,normal,
bfcd2dde77de466c9f92e8f4858dbd64,0,normal,
d838b05b71f74e25bdb545bd167bfbd7,0,normal,
357e7357954f418c947e9cb7bacfcee8,0,normal,
53eba33a39d4427993903178af427f52,0,normal,
aa49fd589a024c2698eef4ec1fb7ec92,0,normal,
0271b6c8fee14a8bbd7c7998b2103ed8,0,normal,
715f708fc0474fc7808e724922695448,0,normal,
8bd127ca17824118aa89585b60949a4f,0,normal,
b82c624e0c864905beec0ff93c49192c,0,normal,
d0290e62c8c54bcfbaf6c9213b4934cf,0,normal,
7813f3409ede48b0b94a6d9f3497144d,0,normal,
5db7313708c14de09ccba375513bebf5,0,normal,
a0526c5b19a946a492b92e81337c66fd,1,structuring,structuring_695
f2e5b7f2728b4bb0aece1b888dc42f5b,0,normal,
67cc94ecd1ea4726a3001cf59cbfa24b,0,normal,
f1004e1a37c740daa6b9af89f306ff66,1,structuring,structuring_467
d8f807d4b2334c36b87efd2c48f32e91,0,normal,
83980479a83e4029a9d2c4ed625a3209,0,normal,
fa53764c536e45f79fa9b296a150ce22,0,normal,
732ef5494a5d4056b2356cbe099577f8,0,normal,
a0a302fe67604cfda3f51e0ef00bb0e8,0,normal,
a5b45da340a04929b36903499ec5e88c,0,normal,
26ac09677c8d456b83a6fc591d4ecf69,0,normal,
5c3cbe104b3b4199bbcd08c0a68aff84,0,normal,
0bb9a2a185f64c9b8b9c6b9aede11b0b,0,normal,
f3418eae0f0c48bbaf6ba5e305426d0f,0,normal,
c78df04bedb14f608a9b9ad68ec3a28a,0,normal,
3cb0debf75d94d9b8603ba5832d1b808,0,normal,
8185c52504bb42ed894dae7e9dd26250,0,normal,
fe8acf8ebc654dd7b870c6e1017768ac,0,normal,
3d9a4ad29d7e44339335a9b188eacc7c,0,normal,
3f52980df7ca45939810be7c35e22976,0,normal,
41cf0c460af5454dbd490f83b043d234,0,normal,
427af8ebc1bf48398bbba3b6de348b51,0,normal,
b1d7ef85fb32451db6b55b6573704831,0,normal,
d9ac4afd139b475da929b159ea5a8bd0,0,normal,
80893033eaa7400393d687b2d6603e2f,0,normal,
5f49835237f74d3f9d33555cbb5cd6c4,0,normal,
0eef584d11a443f29b953ebf03b9002e,0,normal,
d2c1c7dbe72b48b9abd025809f15d9fb,0,normal,
cd09cb82406544d78827b3c52d35c96c,0,normal,
8fa55289d05c414793eaad705362d831,0,normal,
e4bd9b6c7d304b249d61be7321a2ee99,0,normal,
f6b52ca955b24a138f51825a19b49027,0,normal,
6c04ed313c384151877b2594da14ec59,0,normal,
fa4a4c9f56c444bfbae2ab20129e7163,0,normal,
14a7a7b859964fe7874221e71943a727,0,normal,
a10ee638e0ca4ce299f4f249d3fed089,0,normal,
df244f35b27e4b8280d29a72e9c83558,0,normal,
d0745829638a41c9adef9b69822509cc,0,normal,
e23bcdc6e2f94c8983b922dfca79a070,0,normal,
0dff3f4fbdba4bd88a2d8363d8f92274,0,normal,
392c5b4d9a16454c901e15a59fcac452,0,normal,
220a04d8d7824bd78c5dc645a027031c,0,normal,
de122573acb04672a176b7355e6b9b55,0,normal,
a69f8445571140279c9bc2b6ef410cd6,0,normal,
567c7c60a69a47db89f497cd59eca539,0,normal,
996dc891bc114baabf8badda9bff7dd9,0,normal,
f28e6ceb6ee2419795dddf3fbda109bb,0,normal,
3099c126ad354a57ad5b06580db81081,0,normal,
72edcaaaf03c495ea09874e25502ae10,0,normal,
336c94efb43544f2a66266012830a53f,0,normal,
a431bd0870684b5f8b4814d9032b72cf,0,normal,
a40a9cef95b943a495aa19506d94f78a,0,normal,
c294b30f124e4c74b224981e20135b4a,0,normal,
906ab46a03eb40ff88db5b045bb0949d,0,normal,
79f51b551c31434ca1b2299bc30806c4,0,normal,
53847ce834574a8dbdf49c45d3fbcc6f,0,normal,
28ac612eb0824979bf7cf2cd8f856ff9,0,normal,
cb44f7a2d01b490ba247ec3fcf1d7b36,0,normal,
6dce24a3bfb4415c9d34f6db9243f7ff,0,normal,
d7eb92d3d18d4f00b5ac6c6651bd4e63,0,normal,
934de12aac2e409bb71e48e4adb78330,0,normal,
e3c480785c6c45c18c986127125b136b,0,normal,
24da83f9d213421dbe79f0cffa979edb,0,normal,
5d86b613242e44228a039be8844a8258,0,normal,
a8ac4b2092784fc8bfeb6a03c5f458f8,0,normal,
460a2a01ff98405e8b930775a7de30ca,0,normal,
d34441f5a0284afd96099f7826d570d6,0,normal,
adb541dfc1254fff863c1d7ff258c867,0,normal,
baa8566d9c2347f89181c13008faa2b9,0,normal,
a2558450d0644251916409f7e2d83026,0,normal,
e395adc8ea554392acbd7de35a307cc6,0,normal,
cd155e86b4b54f11a84a5a64ad7adab0,0,normal,
becc1eb845b64a8d97d6cf14623b38a4,0,normal,
8c53939a6e144ef596fae2c6a1b4120c,0,normal,
ecb1d6689356461ba9f6ccd9963205bc,0,normal,
f18cc94dd00343cdb6c4226e4ba69091,0,normal,
4b892e61672b492393036a119132805b,0,normal,
c04a670f5c5a4c8a85c1dcef0cec33cf,0,normal,
34d30f03a800495f876d9c16a0ce6004,0,normal,
084d2f013ce84169bf01f4bd7694740b,0,normal,
c652fb6d7c254b86928e174883b07bd8,0,normal,
8d337530865942c688024ad722509b9a,0,normal,
4138120c4a9941daae72e8da22d0a3ee,0,normal,
e7870ad9e0c944c39feb027f75d4486e,0,normal,
d3c435db562b427d8c0aa2451accd926,0,normal,
c3a1fa800b32455399f8787ba3761e9c,0,normal,
1482f061d99b48a0b97f3d6f8e8b9ac9,0,normal,
60a8bc8112af46e181b1430752c9cbd2,0,normal,
5c91f965bd9b4bac988ab17c324ecac2,0,normal,
9baccc6b009f4b50bf7c4ee3026e3ba4,0,normal,
4bb3bfb799f1429bba7b1b834abbc994,0,normal,
e224efabd1294cb4b6595f98b438ef49,1,structuring,structuring_695
4f7799b934684b979489eac0cd671b1f,0,normal,
5a32178bcc194e8fb36a9afe38a86785,0,normal,
f744a31d6cec44dca73e402839c1aa51,0,normal,
661c08e769cb41a7aa9337936b9a9a09,0,normal,
9e471d7725ae4171a4e2c7405f0b93e1,0,normal,
c8c1f613c51e4755ad59b1b2d8e993e9,0,normal,
5765860176194c6583c1fbcb5426eaae,0,normal,
689cfb421a5240978a3abd5e9c2438e8,0,normal,
7f7f500aab884ee7951ec0a925b8ddd0,0,normal,
88209c2bd7404922a9e806fe56f89081,0,normal,
d7bafb6c9857427bad12684486354ec8,0,normal,
c4778d2082eb474fb8d28df42094efa1,0,normal,
a3ea10b5214a43f9b98cb1898bdadaae,0,normal,
0332a8bd4a574da79a45a9e3c5dc1645,0,normal,
cb074f9e23c243cbad0b649fc25cbca5,0,normal,
5db3347c660443cc9f53440cb0db0d15,0,normal,
1721f30560a44f83bb699edb1951a812,0,normal,
212e708a41fc48ed8f5007f33d9c9263,0,normal,
89c257daddfd4446880732f4a81ef06f,0,normal,
dd90ae3ee28b4b44ac2db3bbbd873f4e,0,normal,
b82709a3a1a848dda73b72c77b470022,0,normal,
e488c98f36b8405abe468bf498a235e4,0,normal,
892099aef8e54315857f2117690d1648,0,normal,
98d90bfb0a0543beb9ae8c5efe062ecc,0,normal,
f5473a4681134b2e80212b1757b1d5b1,0,normal,
b048c579311248d581e7606187428636,0,normal,
6e9be850f9fb4072b85d6d1edb114bb7,0,normal,
32edda06e90d4a5d94ac6396769fb4c5,0,normal,
bee5769f7468491dab2a6063668235b2,0,normal,
915b370676cc4a7691032264d8fc2a92,0,normal,
81e599e90db14561b82bf3ce6b91b9ce,0,normal,
aa4d260b85ca4617a571d8d5a48f6b2a,0,normal,
5d764cdf72d94d428e435c10aa906adb,1,structuring,structuring_695
4c1511fe6cf642d580d793d6788e4be7,0,normal,
fad2a396aea64aca8a98dbe5a344ccf0,1,structuring,structuring_467
fcadeec729ea46df859697c365a4d1e0,0,normal,
d555248c728344c7bbae7d90251c03ec,0,normal,
5a248015d52d49d48f6eab1989fac9ca,0,normal,
ce9dccc36dd546b6b5e1b0771e3bf240,0,normal,
861db55190524a2d9276948acba89eb7,0,normal,
c6a41ba84cb9425486c50ed36af46875,0,normal,
0652e3843c4345da96a8a3d84f62d67d,0,normal,
b8a9a1aaaf6046ad9a747d80a07a1f98,0,normal,
92c3883e837a45299aa42464668600ec,0,normal,
0c93e413d3cf4419bc05474e9540e3f4,0,normal,
e01dede421d642118594cefdbe413f4c,0,normal,
8eefc85136e34f5ebd7feb4b4144a33b,0,normal,
c47465642f5a4355a9d5a563c98262b0,0,normal,
27c8386e093a44c29c922ad0b6649f25,0,normal,
77ce124f86ab4ed3ba87dd086fb24292,0,normal,
44cb1e4df6e64f4bb6bd8ab3a0f73faf,0,normal,
5c9a6a084fce4e4e8b58cd93cd1e4258,0,normal,
81b659982fe64034a1e9250ddd65832d,0,normal,
bb98cee671b8461dbd8c5fd1659574f1,0,normal,
c357d98f41cf466db69ad45d22ed6eb4,0,normal,
72880d02e946446ea20e05d0ff07b4ec,0,normal,
bb462736553a488285a37c7a374da29c,0,normal,
0faa7b7721494b7e8d7200deb5ed480d,0,normal,
a8f2b5d96faa4044b7ba4c80d3cae77c,0,normal,
a33aecb54f104e788961166eb6c1a5b0,0,normal,
fd3dc943e26948a1a80f9effcca852b4,0,normal,
84fd1d39d5474ba5851e9cf40a447e38,0,normal,
6c9cf55942eb452f846e82088ca6d7dd,0,normal,
83f221a33f46413b8816a790aac0300f,0,normal,
bdc3bf2b06744e71b7108e2a28592520,0,normal,
59813bbc8c5b4eacb580165191d367da,0,normal,
ecc2234f3f144475a989406ee2422a33,0,normal,
cec45715204b467f95c16906620c5031,0,normal,
d119555986ed4b7e842c7ee653c2bd1b,0,normal,
b07506dda0a94cc3b027bef62314ffdb,0,normal,
ad55c89f656a46d398f68290b4bcdc4e,0,normal,
6ff4a151fc534c4398288cf590e4b0f0,0,normal,
f68a30429cfb432a9133c4b386fe85cd,0,normal,
672193aa42a8411fa34f9feb6c8af8cc,0,normal,
c44d01b533764ae0bf590c53fc8cc12c,0,normal,
4974624fc61946c99698c9ae2bddec6b,0,normal,
3616da73f2294c138c6c57893d92b289,0,normal,
d6dc0c86ad7e44998ef0a1de59b73e59,0,normal,
1238da9f6f1a48e897f2effb3b234987,0,normal,
dd92c2f87f2f4d24bcc319fc97014c8e,0,normal,
8e08db3fcf45475fac0a5aca096dcc92,0,normal,
de29923418904c1299b482ffb90e39f3,0,normal,
73e8c45895c54b30ac57070c882505cd,0,normal,
c1609a155961499a9ea82d31fdb05f20,0,normal,
f9f90783c7354267a7f236ad5356d4de,0,normal,
38a1b078f4584863aa5c7475730c3ed2,0,normal,
acb4c675c00043898b0e641ffc4a0e51,0,normal,
5907d7348266470985563d3768c49357,0,normal,
0364be1215dc4cd395e2196adb0e2d6f,0,normal,
71a6fdb1c507426694ea727a9893fa65,0,normal,
8f228a60ad8a468c97258c30255789bc,0,normal,
8252abcaa8104618a629e325f83e32de,0,normal,
41eb5d8cbf3c4035a4f0e6653df4d429,0,normal,
6874b539272849a194e8ce91c51c74b4,0,normal,
11c3ccf47dac4e159db099bf11b2e736,0,normal,
e353d46f080e4809bdf44ee231b61ec2,0,normal,
1206276466314698a6b3059b467b7b6e,0,normal,
68861c4cba8d484fa465797e6f9e2e1c,0,normal,
69a16f1da24e45d6a11bfe457f57a7d5,0,normal,
a0f0edd58ec54e7faf5eac71a94b08db,0,normal,
8f69a3b9b6f84d5aa8d4a1ce7993bf2a,0,normal,
baf59dbfb5be4b919b2a7fd252c838b2,0,normal,
1ec88c90896740499f7c65235665ca70,0,normal,
1f45e0a09e3249dd85d3bb570e643fa4,0,normal,
49166f8568204df4b2495be5e4e8f074,0,normal,
ab21863575ac4d19a2b6da42e1ea7590,0,normal,
09b0fc371dee4ed69992d25bb5e780ce,0,normal,
975cced4019841b69a0818442f180c10,0,normal,
713eeb6363dd4b66aaeda44a09a008c9,0,normal,
9b9b7e23e844453090e491ad0b3b7a93,0,normal,
4c0e0500787848938d13e85a07770339,0,normal,
d0ea97fd8c0c48d48bd896fe080a18a2,0,normal,
d9676bb01cd248d2a541a3909916f1f5,0,normal,
571c4f08e86141c0834e80656ba14f27,0,normal,
f0b83cb62d854cb6b66630c776b0078f,0,normal,
8660aefd0a404b5f8813dcf5c99f89af,0,normal,
e9522ee9fd104a839f567b59c5f2250e,0,normal,
122a0854d2584538a14d116f2301a686,0,normal,
0e5c5788024548b1a702406d7c03dc69,0,normal,
d87c3b97252f4dcb9ac578463feb58f6,0,normal,
012d3d37e6604faaba64c6f9e0955e47,0,normal,
6677679ef7134ba2a8f866c2f19b1008,0,normal,
7d03ae00e8384421b5703ab9646b4182,0,normal,
e0d7497e4e8a4c569f212cf114037072,0,normal,
3e1b603b357444f3a9439eee2d4d4e46,0,normal,
81e70b231672447294c44fec92da7e72,0,normal,
fc7e2e11a3de4e44839f0477704b0725,0,normal,
732398e2f8bc4a1c807c31c0f84e285f,0,normal,
5989e0d779014562bfafb7fb79af3e4a,0,normal,
25edaa1a3b804129b1f790850e1c7822,0,normal,
b9b7bc145d8f480f87cb30e2e40801e0,0,normal,
1333b8b3593642e5baee12912e22639e,0,normal,
f61911fb2e224d21a63e1665e35e248f,1,structuring,structuring_467
c1956ee1153846929424b51009121070,0,normal,
3507980a668442caae73c6800bcd0e38,0,normal,
c294287eb05a4e18be11207abeea5b33,0,normal,
ff041106431c42009698cfbd8c6c37a4,0,normal,
3b6aba118d944e28a131bd33113f96a2,0,normal,
3d014ce56cdf4178936607c4fa3a3a7e,0,normal,
8a397aa044d44a3ba0feee0df089f7bd,0,normal,
11c41a8911de490d80df87fec55ec14d,0,normal,
cb3c4e744d384e28aa2a297987fdbeb5,0,normal,
add1956a31b54be5b3c1b9577df2dcbf,0,normal,
c07eff1b481f4dacbfc8cafc6396df6b,0,normal,
104d1cc1701740649a21f58ce4cd908e,0,normal,
f168e842c66b44338ee891b9e8640ebe,0,normal,
63d6147d7dc54b9cbb2ae94913dc2a51,0,normal,
6ad55cf97d174c8ea67bdcef075273e3,0,normal,
b57c3e12bf61466491ff483039821e8f,0,normal,
a0a3a58a6ee743deac190ad4f361a4fd,0,normal,
8ec8c80110d540b6882ca927fdd87c7e,0,normal,
836a863c27e148f2aadbaa8cd224c2f8,0,normal,
35a828c1d4dc4e939338604bbccb689e,0,normal,
b4ff9aa1da574b16a09f7a2885960d3c,0,normal,
c9e416de2799473e99b687724181987b,0,normal,
295d717051e7489da5f9d815f43e953e,0,normal,
8668d862fa5c46c6ab2e8856d2957037,0,normal,
69ad8872272947cd9397c347bc74a3a7,0,normal,
b8ed540a9e25474598dca84b56e1f0f1,0,normal,
fb872d1bd4ae4427bf8927ec93b9369e,0,normal,
ee81e20c60bb4a7c9ba3702c3d199745,0,normal,
f002a42f08234ad2937dc4f1310c4e0d,0,normal,
46fa1a5b44d242f3aaf4d010a3e4e5b9,0,normal,
49398edb0b6f47e1b932a3f06ffb61bf,0,normal,
a1421efd4e10406ea4bd6ed78cc05231,0,normal,
28dbb768948a44fd8197803b18fea46c,0,normal,
92e1a013cab64ad090390144a50f10fd,0,normal,
42137abbb62e4b9e8b249b8feaabe6f5,0,normal,
774ebe0b1b004077b5eff877b6592d31,0,normal,
26eb3aad970944698f09d0f19b6534d8,0,normal,
8a50dbdd581240728e50bd69f60daa4a,0,normal,
22c5e1b443a541b3b19b49db78501ee7,0,normal,
33163ef9a4f84a57bae26a2c7cb0c6f6,0,normal,
49044508dc9f4dbfb524d42abdde61c4,0,normal,
5d324d618b9a46ad90389d9564d05811,0,normal,
96e5881c0a944fc7b73f0d593481ce08,0,normal,
d4ce395c914442d79edce3fca0e71607,0,normal,
391f7502a1554fd481ffd91549bb6a1c,0,normal,
612313f691ff40da86adc678d6232b76,0,normal,
d53a5ae0865f40ce84c1d146fc9e5920,0,normal,
78b29423cb7d4eaf9f0a87b8322b3eed,0,normal,
3418d95a52bf4439b562ce12a7892ba1,0,normal,
a93f35386b744359a7c722bf4d85bbc1,0,normal,
461aad7073a74a32ad21af787fa9456c,0,normal,
82e7e9182b2040959e97471103a6160b,0,normal,
7dbaa3312d454a3c92abb4ef73a54116,0,normal,
cd4ba80a818546e99168d05fb8e1b581,0,normal,
ed988baeb0414238a3286549b04ef823,0,normal,
88413fb36f1f45849b7fe774968a8415,0,normal,
69497f965744482f9f5a5145abef362f,0,normal,
94cef632132d4f4790b42a15c735e554,0,normal,
ea6f6b6ccee54a07a2c738ec9b77767b,0,normal,
88e91486de4045cd8ec5056f052ee5ac,1,structuring,structuring_695
832b9bfb956f455d90568e90a61f23f6,0,normal,
a1333c468eb34998a1fe9e5c0230971e,0,normal,
0032a6dc4ec44acd9f71f05edcbe0dd4,0,normal,
0ec6e4b655054fe3a55b105f30f03a19,0,normal,
79e4ff827a61436b97b3a8ea759f8efb,0,normal,
c169d74047e849a995f47984aff200f7,0,normal,
d40b791b90ba47c78d2c8668bb96db9c,0,normal,
9212c13a33464fab845d7cadda1cfe7e,0,normal,
fb92d790c43e40e6b76159def661fb7a,0,normal,
c6f4389f5c28420f9146846a639cf86e,0,normal,
148e65a3272f4e76822ff9909ff301dd,1,structuring,structuring_467
cf735e46e12c4650871dcfea49a976d0,0,normal,
07a9087229d946ee8afba2fac4801de9,0,normal,
da7bab676b504ae8b93cc62000d971fd,0,normal,
bfcb914ec6e54329b996eb8183e23a4d,0,normal,
842cc9180f2c404db552c47d71e9f6c2,0,normal,
88fa2819361c41188682a2bf84471516,0,normal,
a44cc92d6c8240cc9eff9abba4e70ece,0,normal,
33f47920464740cfa7601c4b944d16f5,0,normal,
f88df6e0764b450ea6e8821faf15a6ae,0,normal,
1c54489e4cc44c3886c48fbdc8731e5a,0,normal,
a9f295d3600e4f0bbedb3f8b9791001c,0,normal,
ae0b49cf33c749c5bc302503cb489ef3,0,normal,
b94c286dc6a94a879180e805617909b3,0,normal,
15a786b8ace441d9a11fb6c24e72e7fa,0,normal,
876c10da701b405c9150f4bcf94e3d1c,0,normal,
b6f9599edd944fd4a18ba6021a9819bd,0,normal,
304ef99e6a564b4c89de8a5ffac80487,0,normal,
304a23963e50415a8e1d3de1e79156b0,0,normal,
9a7554e37075420590e775add826557d,0,normal,
86693973f3354cf69b6f1b798b6cf2f8,0,normal,
0ecd3565dcaa405d9f7f69900f7668f9,0,normal,
9111dd02abb2459d9cd79f6a821088e6,0,normal,
d3f709dfc3134c5097bc5c23e95bc63a,0,normal,
cf134a561e8b437ab73fddc6b483fbc6,0,normal,
82d649af820c485b95664bb81c0db6ca,0,normal,
a8d5e5d0db6d4fb1a01c0bf22a51e009,0,normal,
81c1a8d7e86543b9a6f49674ca41cdc1,0,normal,
a53c6c3b565c47389b87b76f4137e211,0,normal,
dee2ef7ecb234e3184c97ce2d3ff0549,1,fan_out_mixer,mixer_358_fanin
46757f37f0404dfda5f8afca00f0b2a2,0,normal,
a6ce49cbc5874772b2dd47e361273aa8,1,fan_out_mixer,mixer_358_fanout0
bf7ce7b8331c40c6a4f7f4ecfd6e6d9b,1,fan_out_mixer,mixer_358_fanout1
0610b972b55a49f3bf9e7b37370bfb0b,0,normal,
467259a41c02407a92c35e1791b24e79,1,fan_out_mixer,mixer_358_fanout2
3e212a35339a4e9785594c039a2435d6,1,fan_out_mixer,mixer_358_fanout3
0fae57907bff41aab444b67851b74508,0,normal,
da719d7241b647e6a4272175090210ec,1,fan_out_mixer,mixer_358_fanout4
6151495551974adf97ebd5b46191606d,1,fan_out_mixer,mixer_358_fanout5
f2faafd9334e44ec99be85e2b0b88f55,1,fan_out_mixer,mixer_358_fanout6
4f4bcfe3c55848cf99490b2b7e30d379,1,fan_out_mixer,mixer_358_fanout7
3ca18c8bc1144f36a8279a97df899b89,1,fan_out_mixer,mixer_358_fanout8
69c435f99e46415a9074ccdb088b84bb,1,fan_out_mixer,mixer_358_fanout9
0a284c6219c045d69bd08b315828e7e3,1,fan_out_mixer,mixer_358_fanout10
b42627d53b4d4909929e74c755b8f352,1,fan_out_mixer,mixer_358_fanout11
4d0c3f62305a4deea7a218945ed88508,1,fan_out_mixer,mixer_358_fanout12
9b2ba45a877c4336b3f9a26c72268b0e,1,fan_out_mixer,mixer_358_fanout13
c07e19325f1b429bbc3d5e7429b57611,1,fan_out_mixer,mixer_358_fanout14
f4dfcbb4a8ef4b359a98573363662727,1,fan_out_mixer,mixer_358_fanout15
bfcc2db577ea405691167f7a5fa3792d,1,fan_out_mixer,mixer_358_fanout16
d62b834bb122444d861adc01353c6efd,1,fan_out_mixer,mixer_358_fanout17
081abe0d999c4684a68d580e7ccd5b29,1,fan_out_mixer,mixer_358_fanout18
e208563f25ed42cf946e56d79795d732,1,fan_out_mixer,mixer_358_fanout19
788ea524e8f2491a82927612eafc0ea1,1,fan_out_mixer,mixer_358_fanout20
ec9a989ce07240d8b7422371c65dcbfd,1,fan_out_mixer,mixer_358_fanout21
44b6c51360894730974f1adfb6da2562,1,fan_out_mixer,mixer_358_fanout22
e8c26c7ae23f4ac4bcce6f8ef06c11e4,1,fan_out_mixer,mixer_358_fanout23
51160e82ea62404290ba65ba9ce1b1d6,1,fan_out_mixer,mixer_358_fanout24
189b6fbc37b6420c983e511c3c3661c6,0,normal,
f3fcba547a494635be3cdde28c5cea84,0,normal,
0d50abe09a8d43bfad7ca8c68dd8d0f6,0,normal,
984fad0802834e8b9f00305185aee6d4,0,normal,
6049957074a4441ebec6f7a947b78095,0,normal,
8f800563b0f7472db75524466d86a298,0,normal,
19c92360a90f4f14a826a9680c7e8650,0,normal,
dbb462dab31147b1ad2efc4c94662f7e,0,normal,
890fbb618f4b48f3a2b3e21320376f6c,0,normal,
ba3f26ff6c864ead8fd16fb350bacd2b,0,normal,
3a035c3606ed446e91b3ff26158f99d7,0,normal,
f704a333461e4ac99ec5bccd12a3c8be,0,normal,
9aa74ad5f4c94aeb990db58150f7dd47,0,normal,
5e1d4f88747d4d518f0062e729c4d545,0,normal,
938b14954ad841f6946c0665241dfbd3,0,normal,
865da32847df43a4b6c8948f6f62c8ac,0,normal,
f71ce4f371ba461a951bf0ddeeae9fc0,0,normal,
e234192a32bd4984bbe3ba7dd215a59c,0,normal,
d9369ab1120148aa8282ea062be00898,0,normal,
568cd1002a984c199e11fcef05e7b43e,0,normal,
0da3107b30c44bdf9b44d454f37e7954,0,normal,
d34f3bf4e9664d1b8e3ec1f949f4c429,0,normal,
1d5c03160c5b437dab4b72fc2ec3297f,0,normal,
dbb88b6113c2407195ce83aaf137a748,0,normal,
1891e421f1694e8a87a0a0815ab7e4ad,0,normal,
23539747007e425985c7735bdbec453e,0,normal,
f5c5f15c794742c89c5b8df3566b6a04,0,normal,
281524364f3e42fa9e4b2ca6f113e528,0,normal,
bcced1cf8ecd4bd5a160cab7382106e1,0,normal,
57cd472f5880431398f7bde0551a7dbe,0,normal,
b427238101104e4b98cc9a02fe4de61d,0,normal,
0600bcb24cb546dfa717c42482ae57b6,0,normal,
c4f92a93230942b3b66d0030a9b93540,0,normal,
0853b4a60c55494a89f9d98be2fa62cd,0,normal,
9e642ae83a8245469eac79c600ef867c,0,normal,
10059a21132449aaa472874bebc7165e,0,normal,
391a999e0d3d442b882845a471c2ce4e,0,normal,
80139117865e44ae89b6677fc63f7cca,0,normal,
1c0d8070be7c43c4b65e4b3a2161734b,0,normal,
ff6b590c3d99481690511504dd16e2ab,0,normal,
5e171c5d986948fe988058a24cdcf6b5,0,normal,
2cd98039e101454f9cc6d11429583b81,0,normal,
801d542557f9461ebd99be2387d8e45e,0,normal,
10574b6df7e14ed5892ecb8fc3d14123,0,normal,
bbca34dddb31447492ae0c9f1f12b163,0,normal,
46c4231cf4964836b9a3f8e0ac2b2732,0,normal,
2482e14ac87a4fe8a6971588b4e96aa3,0,normal,
f7ddb1340bcf448d8173f7d92ac1a957,0,normal,
3bb71a06d99242738ba3afb057616889,0,normal,
9ec69be544434bf4994eedfffee1848c,0,normal,
9998fb7b62a84ee6a07451c78bb5a061,0,normal,
ccb1c394ad1c426d97e61b96f9a73165,0,normal,
811c630b16e34180ba18ef6a4193b279,0,normal,
f53602634e79411380572af7cff11dcf,0,normal,
b8f78d85f63f4012876c3a9800d9b060,0,normal,
f0674f64f926476689adf1807c021d3a,0,normal,
131245ea108f49d18171adeae65b9a31,0,normal,
99e38760494a45e4846228e1b6452abc,0,normal,
0657565333214c869371422ed02cc915,0,normal,
bc40aec4960a4674a545d6b65d31e5d9,0,normal,
74108458a3254967be4c250c08125db2,0,normal,
edc586af62444b93869288336840acab,0,normal,
9513f156fc33470e868f16e6d868d334,0,normal,
35f488f57e364e61ae048ea88cb67e6f,0,normal,
8c2b2b65ccc0466baeb07add5a954429,0,normal,
10753d3d155744de8e69439bfed7356c,0,normal,
b9d45187c33e4b20a2c20cd96e01b152,0,normal,
8bef3ecbca844cbb879e6a63a3c47fa0,0,normal,
984f3cfacf4e465bbdba127017712471,0,normal,
d5354703f40a41e0a5bc4c7672451a28,0,normal,
80c9be3512224361b2902ee63ceee79d,0,normal,
ebeac93cbb1d405cb1a203240c9631c7,0,normal,
392f83f36085402593849724205b90f9,0,normal,
9012aa1681ee4e3ba37755aefb2d6c1d,0,normal,
82a75c487b704af6bb3de990cbcf17ae,0,normal,
15d6d21303054eed804af1eca5072cbe,0,normal,
43c27dc5609e4e31a3242fbb018d05be,0,normal,
7c0383f3b6354630b20eb2892632e291,0,normal,
6f2f7d3afe314c9db2b96f8660498b9e,0,normal,
60395ba7d476481298511906fdf0d155,0,normal,
070cc76f348044848b30b3194709a7cf,0,normal,
d67754293b724b07863f8fae9b3eb6f9,0,normal,
8d1531e54d934cf2adc0f9532ba49825,0,normal,
c80da63f748f4e5abdf6e8e96bd9a150,0,normal,
e389f5df746e4b718e29cf711c3ba642,0,normal,
246d34abe0874a1a94e688b6535e6bb2,0,normal,
e1b059682f0f4a5785fd3d92b989c8ac,0,normal,
d93706a15ef94f9b94075a2b682925c3,0,normal,
5b59e8793c7c4d508743a10ebee623b5,0,normal,
730e362a43824d07b24ecb4905992668,0,normal,
912a04bdbb5f4e189a90d44aad6b4574,0,normal,
bbcb7a1c78e043ea890b3486257f7716,0,normal,
882ba6ddff424c129f3008eb3bf2ecb2,0,normal,
c5dc8261f1114a9a8d30ff8d5e77d717,0,normal,
a9f2e7fa01d3455fae76f7db4f83bcf8,0,normal,
b3130167deff4d2eb4a6f51068f86556,0,normal,
5c5714a228ed4287a657a1d0eff14576,0,normal,
37d159ae81144969a8e9d1e32f83352f,0,normal,
91adf789164d466599eb5d9c717eb777,1,structuring,structuring_467
d545f92aca0548709a05118d3986c32e,0,normal,
7e2a5037682d4095a5da7f4b3774141c,0,normal,
e75dd5d7a6c741e9acb6a7555e32f440,0,normal,
b8c425a272f04da6b83ac57b9510124a,0,normal,
00b2925e7bf44234af89a54dc5586f2b,0,normal,
02033b75caca4ad5a4119513f28502d0,0,normal,
ea7a258eb6d74361af321e06237c8b8e,0,normal,
9fe4c23569f44f32831a68b9c545654d,0,normal,
a12a8db064bb4e96b8148518f631e54e,0,normal,
c1bae03fa08e462db32bc42dfa98edb5,0,normal,
61d1d99ca3f64b9d9b3580452352a2f2,0,normal,
a0c62a2af77e49e88bb4657c5b3c357a,0,normal,
8421d338571f453895c0f533d5638f37,0,normal,
8dc31c59916a4ab0abea5a12e2f90871,0,normal,
fd02110011af47fd8a27f00dcb72ca1c,0,normal,
64834ea87e0a4c3b8f512059644b4406,0,normal,
0275ca1796314149b98b67c169c6d4c5,0,normal,
1f2f4dd06cb544adbfcdcccc2be7c660,0,normal,
696dd2f9337542d184541e62105c0074,0,normal,
a1ff1e142f7d4d8e93f65382c78d192d,0,normal,
ec90a9c0b3a544ad8b489da3629bd464,0,normal,
572caf0222f548baa86e072943612f79,0,normal,
8e6f98b452e34b4d8652b1e8b6fd2025,0,normal,
df641bb008984b258fb9a4002352cbb5,0,normal,
33c510dfa8fb4254a2f20bf87d01e870,0,normal,
27b638a7b3ca49e3bae4c9e7fcc323e6,0,normal,
7d193f31dacf40f2aca4b9ece56048bd,0,normal,
7cac97049ec64ec09db5e3b8d4dd16eb,0,normal,
5421a09dd83946bd95be560da78995a1,0,normal,
95c0a3ccbbf448e096f1ab6537e273ff,0,normal,
0bb8861c5b50477caf73a8bdd65c7dc9,0,normal,
9e404301be0e40238a77398b5ad2db1a,0,normal,
cec0c20ae748406f853bfd5b87c2b9df,0,normal,
07a3a5139b4a49ceadfd5ed6e0b615da,0,normal,
49867619259646748575ff5f48b0a282,0,normal,
6404817fb2a14517b5c254a10a7ffbca,0,normal,
24cd242fe4a440e98ae392ecf5211b82,0,normal,
e1c392fbee024837a106089b18c29594,0,normal,
02f71c1f982f43088bac2006efe40b39,0,normal,
cfbb48f4f4db4cb9ac0fea2f4be423c0,0,normal,
4a25a51570db4e0c913bc4faa0d81002,0,normal,
65bf3cc8e2e04cbaaf357880a3180586,0,normal,
a5d193d3867f4971971259d49bf58aee,0,normal,
528da179dc8d43f1aa415dff701f6646,0,normal,
bb2bd88684d34ab29e5261dea855ae52,0,normal,
efe5fbcbb32641b9ad8821c3e27df04f,0,normal,
e7027e8843c04a5b97433d959d7258c5,0,normal,
368fe05a082448e1b8b0a485f79722f5,0,normal,
c77963fd1668456a97b17c6a6bc31b68,0,normal,
4ba2e9fdbc91421895d93aff31460ee6,0,normal,
95a1cc9e77a24594854b4d90e3502035,0,normal,
439b03e2fe3d4ba189e4c98f787c8779,0,normal,
3c2cd29387bd4ae692a2ee2a45209261,0,normal,
33c364cefbad4130bca80cb90942b99f,0,normal,
744f9d36f79e44939495ce272f35a970,0,normal,
5b0b9eae17784e50a8cd71dc1bf36f1e,0,normal,
dcfb34301476484889b0f872b5a945aa,0,normal,
8e489d28193a4092ac95158aacb9a958,0,normal,
682e9f8216854db49abac5754ffa05ba,0,normal,
1cf67d71406445aba0e6638789fed92c,0,normal,
47baeb6e6e5648e38ad4865dd462c275,0,normal,
b472ecb2fcb24a9788c1cac095dd2798,0,normal,
c482996dd4364b6eb372eb243bd41a67,0,normal,
942cb73d1a2d42389eca67ce8c43329c,0,normal,
c0659fd852d444dab7213671ca4beb4b,0,normal,
0ba7ac8b521d4a849cc555f8831bbacd,0,normal,
83da3950450c49c3a21ad11264177604,0,normal,
3c3edcc65e864980b4cd8efcdbf941b9,0,normal,
818a8dfb19824d8e8a0e5424622e2f1a,0,normal,
53b1551a5889479aab1b2b24f6b6d41d,0,normal,
47a821bed53e4d8b8e11d485469e5cd8,0,normal,
e5f09f60a063436c9f5fdb212030360c,0,normal,
e730437d0af043349e254357075a2a00,0,normal,
755a9f74ba69431683d555c46d9a4995,0,normal,
e04cab73b8b143dea5768c6b6c787bb1,0,normal,
525cac82a88d4d30981300f5330810de,0,normal,
1df11e602dd649edb5897f0da4630a7a,0,normal,
b39818102ce74ecbbfba36a71c76b332,0,normal,
f23e5afb628045559bcc1b96838ccbe2,0,normal,
227cfadb39fa47c7a2d9e7d771a3b03e,0,normal,
4d32c4a2526c43a5b53c0babc685b551,0,normal,
fe1809d40cb546ee8e0c95bf25696575,0,normal,
84d5315b6a1b4eee96f15633c975e011,0,normal,
2a5f90f56ab946918bec52a56a0ccb09,0,normal,
8f5b65fa6b8a4137a9f561aa47befa16,0,normal,
accda1614764472eb627a15f2127b190,0,normal,
43c968f57b914d40bc9a4f43fe1a9985,0,normal,
c03a40bba5cc4ea6bc57a986328106ec,0,normal,
56981ebd98ba43d7a407410f8c64e815,0,normal,
7a6fcc99e41e422b8b41b45fa0ab1f0a,0,normal,
42c2e32bfe2540b8a41f5a62f0b0e72c,0,normal,
ac99668dcf6a43abaeae55bc51669a0d,0,normal,
39edbe4126654b9aa53f7909a2c8b4e5,0,normal,
86cbe1409eb04d9d841ac193e794389a,0,normal,
53b764aefb104da497f27ba87426d7a1,0,normal,
6c865242efa44b49aefc730d15004abf,0,normal,
a94d25c39e2a4e26a7b25ca951c2bd67,0,normal,
8cae1b69191c48bd86f1fb13867cc244,0,normal,
391309d74eb84cdfacab4dd050e0712f,0,normal,
c2f93f34ba1a4caeb0089a16a389912e,0,normal,
c792b334fd3746e0a4fe5c7bce18bca5,0,normal,
41ee3c35d63c45a3ade176bb78d9653f,0,normal,
2971ea5e292d4f54841f56ffe4a82ffd,0,normal,
a496c7edc23c437493a3906149203644,0,normal,
02432ecfe880479ba32de1113a652881,0,normal,
9173244da1164f8db686429219616675,0,normal,
fc5b90403db3430e993783f4d60a487f,0,normal,
21bb70f456e2423bbc59edb4060db360,0,normal,
1ebc3f654daf4e3fa48c85037c8e0a6b,0,normal,
13132c0f8358489c989d5bde67f3476b,0,normal,
4c59b92b25fc4b889ba768a1b7159842,0,normal,
8c753be2e9814d65bc76bdb53be13d20,0,normal,
b408bb8a988f4f419d7eae277533941c,0,normal,
19d252b1bada4f30930641afcbd38158,0,normal,
fb5bfdeb03614c4fa557439e232d2504,0,normal,
3226b288c38d4ecc83454dc62bf01ec0,0,normal,
ee896482f74b431fa1959f9d313bc0be,0,normal,
e79a7d2865314e3b818495c58d41250a,0,normal,
7ff9d6f85fc84883907da716afd1db3e,0,normal,
a7515eeb78f14e4a9f6c908ab618553e,0,normal,
ce3694e384984e71a3d5e35afbd5d9ac,0,normal,
f6e275a6f55242279dd1973ad42c9095,0,normal,
6c95fb0d50d343dabd5c0fe68b9b06aa,0,normal,
d44e998059ab4c73b12cb618f1de4151,0,normal,
2a84675d8a02451d9ea1d78dc9f833b8,0,normal,
ddb7dc1911b9476aaa8dda6f240ea498,0,normal,
ce41f4c5a57d454da474e844ec79be58,0,normal,
5b3898b880864f7aaf9f641f50683aaf,0,normal,
f01d0f21e37b4d46bd7732b606950fd0,0,normal,
ed2626bc122a4e809b3521bfc462b7b2,0,normal,
9e241c463eb54d60b9f79fb26b057c23,0,normal,
c168f4aad0844d3e8ee977fba4e990bf,0,normal,
bc6805145b4b49e8994542fdf1582be0,0,normal,
fbad8e8455b84d6a8c7d1d06d93fedfd,0,normal,
4eb46ea2349f439c9b1230e95676acca,0,normal,
9dd03dfa03794f35a93c29487dbe8acd,0,normal,
f36cbf956fef49f0894a96bc0627cfbe,0,normal,
89ed16ec6f16477ebcf40332cff009b9,0,normal,
396e2386eb3b46a1987918bfbfadb9c9,0,normal,
d29b26c0dd2a4c24b5dba800f22de109,0,normal,
96cdfab257d6431293a96f2073f5bdea,0,normal,
0921bc98050642bca8a6facd8d91fbeb,0,normal,
3698d13a643f44ff98f56636b58567b2,0,normal,
53c573d9e53b4f71b961d92cbf47518f,0,normal,
4e64cf9381414ff7b23a6166b294e562,0,normal,
a69e6c7793e54012b77cd3d4e458bf22,0,normal,
ced4863074dd41b8890a24c6e49b514b,0,normal,
ed23b7fd60ab44a3806cfeddf4ce5668,0,normal,
72f3562700e744ee89cdb4843851fcdf,0,normal,
35b4d40fad9a4b56891d08de000dcd2d,0,normal,
992cd19afd594434b38da7f0821c4317,0,normal,
93298e265e154a5792aeca41dec5007f,0,normal,
8c276ea4c100427bb4a5a5895b089d0e,0,normal,
25c1d3d4bd574a5c80c34e31b60f3a08,0,normal,
35f72d9269b74e14978e3ea17c94774c,0,normal,
6b09253b2c814cfe950228b9797f0da3,0,normal,
b978a820236d493d82b04b10c07850e9,0,normal,
9d013c06811c4438986e81024c0ae636,0,normal,
d46c2c4e4b0947afa355e407709226f3,0,normal,
c85466f7a38a492995edb7c1a0494954,0,normal,
55013d8c138c42d285852005a87e9097,0,normal,
db58044f96e847d2b94d3712a41501f3,0,normal,
d16f9cdae86d455e974bc4859275c4c0,0,normal,
e2dea4f9e9a2470f96ed0a5dbb952d66,0,normal,
8dc861346819432780b22321a7802371,0,normal,
e2119de8400644dca96c49b3c3d1c761,0,normal,
c83f011aa8124b64952d5f04240933db,0,normal,
fcd7bfa0629e4c74bb101124f51c4e5f,0,normal,
3572570d619f45e88eddac93b5a4e067,0,normal,
638ee904c32d413e9ce505554d5c9579,0,normal,
81cc2cbb694644b68c06e9ac9f0cdc97,0,normal,
c58e505174504c7fa7540a8a27f70aae,0,normal,
49c090a2cd334205aa46cfd9f49e7043,0,normal,
6731b8b281cd48c5bd8ab8f062412f61,0,normal,
c530cfe7b6874c02a311ca46583670ec,0,normal,
fd4c8ec312f94b0c82db7e8ff71672bd,0,normal,
5e9f27da35ce47929a8b19e2791f74e5,0,normal,
77d114356aa14673a61652a60c9d72df,0,normal,
03e1329b17e94dcfbc8da12d793de86f,0,normal,
a4222b129cb84f75b82aad448a5a472c,0,normal,
8f81b85aa63f42d09faaada2f4669c29,0,normal,
3d252edb1a1643c1ba2a5cf43f6f58ee,0,normal,
e755b7a4e5d74d1fb972af24c311f5fa,0,normal,
9dad031c054641b79426318faed433a6,0,normal,
d2cbb7b2620c4c3a888db3c36b039ba2,0,normal,
44f511b8f8374c12be5b3fba8c2625d1,0,normal,
d681983e52cb41acba7dee6f88cbe0f9,0,normal,
9f226afdbe494313a02b5cde49ff5dc1,0,normal,
4a21a5e6896240a895ff3004d3cd71a4,0,normal,
07273a69d10744ab99d15b297ccf295b,0,normal,
04718484473845f39bdde1135c018dcc,0,normal,
2897f5733c27420588c1f75c8034cb20,0,normal,
acc28438800b417db30da6013bf0ab83,0,normal,
fff5ab3425fa4497bbd927bf7595039b,0,normal,
29f8bc682dcd458aa71dc054d3e9cf83,0,normal,
84a6183d2b704a94ac35ea81077091fa,0,normal,
7fa5e05218304d0eb69a4adddc55bc62,0,normal,
5d86258fc42c4084aed164041add92b9,0,normal,
a626bfeaa5bd4d128adf95ff593e7c53,0,normal,
104ef519f08f484386a8dd36480e39b5,0,normal,
9f4c29fa92db4d2f934c71c359445232,0,normal,
b044e3183dbd4812bc25707fa803b7a1,0,normal,
8485736f37634da99db1ed57c02f9bed,0,normal,
428b06318fb34d4485e9829f0d415bcd,0,normal,
5c808541ccb84453aed4dcdd8ad71d5c,0,normal,
053e958dd4a447d4878ce6168ded66e7,0,normal,
ccc8ce0378c64a6887ba5182c8f04d22,0,normal,
9b1a1386d15649c2aa7da1871a5a2993,0,normal,
883f6d6c3c7e469b8aa89cbac776fc09,0,normal,
92d8f2baa47342e88fe6185666553e3e,0,normal,
1ef734011b924f21ae64eda4a611bcf1,0,normal,
bf34c8fd132c4c71b3ee06ba3b0e7f24,0,normal,
6db919533c5b42f7bcec96710e1619ab,0,normal,
3fd7f1d941bc411da7b1fe8d817f5eb4,0,normal,
69d76e5db0224453b942976b12d4560a,0,normal,
23456a59a7bc4769856d4503d3d432a5,0,normal,
da781802d14346f1b7aea49643fdffeb,0,normal,
68e845ff389a40a2b1c84cff91f3340e,0,normal,
0dcf77b5e42a4f9f96a8160b3067bd3a,0,normal,
0ccfab80738444adaa732c03cc8ccb59,0,normal,
7c941665374b4bb39e0adc3e8879b611,0,normal,
f0c546e752f344d482307b3bfe48d6c4,0,normal,
72b76f6cbf2948fd80a16bac117c5580,0,normal,
9f203f850e8e424e8ca5ef180579b82d,0,normal,
31e019ba37624b9e8d3a1238da96064a,0,normal,
419c027814a440728bc57cde030abb72,0,normal,
ccc7d917b1aa4dfb9f8786970b169663,0,normal,
96fffad406154d8db9f7bfce15de756e,0,normal,
1879180dd2804f159db7e4cc316b28ab,0,normal,
7785fc89e0344c03b5a29f9a0186585d,1,wallet_reuse_burst,burst_113
afe7733597c14111ae51ddb77deaf433,1,wallet_reuse_burst,burst_113
23129a415c934664a1f9a3be9c122774,1,wallet_reuse_burst,burst_113
8fb53e3c6672415da9ae292a50fd9d14,1,wallet_reuse_burst,burst_113
c26f2ae1f502420396d3b09bcd38a555,0,normal,
8e4300ec0beb4133861a658ef3024cca,1,wallet_reuse_burst,burst_113
a906ffeb94424fe2bc16b20f8a6b128a,1,wallet_reuse_burst,burst_113
957fe9545f7e4405886fc6fb9e25cbff,1,wallet_reuse_burst,burst_113
9b88c9d2a0bf4090a8713ab3c5ff191f,1,wallet_reuse_burst,burst_113
00cf56d42e60419ab400fae6606c80a5,1,wallet_reuse_burst,burst_113
e3a8a14ef75e404db316ab49808ceec2,1,wallet_reuse_burst,burst_113
5135ef89eebf4e19801a9f909e95657b,1,wallet_reuse_burst,burst_113
5d67d0e901664a5883217ad4692adf4a,1,wallet_reuse_burst,burst_113
a608abfa844847e9b969ff0692d83c13,1,wallet_reuse_burst,burst_113
71824f196f3344a0af03b808742ccd31,1,wallet_reuse_burst,burst_113
198e125ce3f645e5b49e1ee5d6a7a811,1,wallet_reuse_burst,burst_113
76445770d4eb4689ac654fdf627c20d5,1,wallet_reuse_burst,burst_113
c3ead2ff065d42bb9bbb17922ea95bb6,1,wallet_reuse_burst,burst_113
75e43d80fe9942ed8cfdb4f2f122bfde,0,normal,
8e1d0f8847b048418bbb2bb947052684,1,wallet_reuse_burst,burst_113
a8d35ae9140543c0a0b9536911f6de28,1,wallet_reuse_burst,burst_113
c8afeb258a534e439b1e96a497e91f55,0,normal,
bd499858895e4ee4b724389fd76eaed7,1,wallet_reuse_burst,burst_113
da53cb049d354f74bcc3662695b14b90,1,wallet_reuse_burst,burst_113
2772160829f34d429bd78442a27ee166,1,wallet_reuse_burst,burst_113
4e67a0d2d35b4867a60707a7b2aabadf,1,wallet_reuse_burst,burst_113
81895ba9c37242bf9494e955fcdd4566,1,wallet_reuse_burst,burst_113
de34ab70ddff45e3a92856cb0643844a,1,wallet_reuse_burst,burst_113
70f74001cd734c618252d171d1173f65,1,wallet_reuse_burst,burst_113
36195c6726e04238879cb3668c0d6aca,1,wallet_reuse_burst,burst_113
6146fb30b03748debf0d15faae546d42,1,wallet_reuse_burst,burst_113
9adc3bc8068347a186121ae23abc6c80,1,wallet_reuse_burst,burst_113
8220322964fc4a309d8b8b5ece73068f,1,wallet_reuse_burst,burst_113
168fe7d3f47f4aae9e6d3ac9802ccb9f,0,normal,
533bf57c0f684275b110912c0cbaf711,0,normal,
ff9e490d8e744e5f85f1c6c7aaf1a7eb,0,normal,
8957bd212d574079b2b5d14578d29b12,0,normal,
f27c7fde9e224e3eb9e1bb11430421e3,0,normal,
ba50817dde58489699ee1eff82cd7571,0,normal,
7be559833fca41eebc6f1d6557f9eaaf,0,normal,
68ede57096f2481f853fd12b4e2aae92,0,normal,
22f38b85806345dbb6a1883ca55a1621,0,normal,
5ca90e52a1d94639afda601f488f7604,0,normal,
f8572b55ec0a4e78820fb0635b44f8b5,0,normal,
06e9e360fcd8473ca3ad3e88a18ead89,0,normal,
a02ba731cd54439b8944219e3ced6d08,0,normal,
b6b04c0e8e1a48b9b130d8c9ec8274cd,0,normal,
9378c588426f41dba0f879b6659e53ec,0,normal,
60823d3d18d54299bfbebb0a63bf49d6,0,normal,
ede7fa1e8b6a43a6b30f9524b3548d8e,0,normal,
91a5abb8c6124c439df6e9c845e5c58a,0,normal,
8079b4f00ceb418fbb5b118310b90379,0,normal,
9ad302aadff141ba950b79d0fd4d51be,0,normal,
4802e843658f48d4916cc3f3b261a82d,0,normal,
30bcddba1b5243a1ad9521c9b890fdca,0,normal,
990dbc10ea534b9a85aebeb7345f0cb2,0,normal,
ffa25f78a2df47b085a6b4b98bcd78e3,0,normal,
0dc4387cc40d4adf80c3397a32d76fa4,0,normal,
ccb888ff22164535b53dea9eb678ed69,0,normal,
d7612d5c25ed4f6f82c13fb70bcb61bd,0,normal,
3d78005aa761495dbdcf6c7e58883012,0,normal,
7373fc8eff1b4e4c88e6e552250cfc92,0,normal,
d2a0c61c487d4a44b4680165f98394b3,0,normal,
dd3c436c6f114773a83468115c7d582e,0,normal,
a4caa9fd6d2d4561a7e576cd9de3cfe8,0,normal,
c145732943334e78b4b69bd6a2bc4178,0,normal,
6f89b30a404546e48fb1807c4ca77a03,0,normal,
0b167ebe9b79406c8f9da57bccad24f9,0,normal,
5ff00ee79af34e8980e4b7f8fd2495f4,0,normal,
1280a726383e41469be9a11a839fed24,0,normal,
8e45b825e5a4423ba549437d300b649b,0,normal,
61a338353bd940efb224b38dacbd6a44,0,normal,
6c45fe49a5684fd984bff4762ab84ea2,0,normal,
579d9651f42d4861b20743ed25607b32,0,normal,
2d0617310c2f4d4a8a20a8f1dd22f696,0,normal,
6b59bc7a1f30445a8dc06b72c10a6296,0,normal,
60d4021ae2ad427a98bf8535b848c5e8,0,normal,
133276ec9c584b968359092031ec89f4,0,normal,
f10ffc582d54492aa63c901f50e90361,0,normal,
0af0038c8b7e46bb87599634259adf22,0,normal,
5b97c482864a446d8bd34e84154b6b5f,0,normal,
6fd108e10f524344b1789a4491f9aa4e,0,normal,
d6588fd5cf274ef4afc93527928a440a,0,normal,
8f930d9397d74b57b50f0928998fc062,0,normal,
af9904b48ffa4bf6b79df2c6336cc6eb,0,normal,
a57dece6726d46a6b7ef1809c5022e9d,0,normal,
b07526e9ebaf469db934fa43a03a815a,0,normal,
05fa06ceaf72419ab3dc0f7243254156,0,normal,
91a3af42c15c498b96488c770e19c393,0,normal,
aef4dfbb0f70472497d9a50fd119235e,0,normal,
226ed552e5364ae0bb23795f0c7fcf5c,0,normal,
d0a2a181a1744e66b18000ca62348f34,0,normal,
4df35c670356411fa1b6bae95bde4cf3,0,normal,
395dd6905c044aaf9cd45a86b8d6e0e5,0,normal,
561e7592b78f4eca8e3ce3be288533ff,0,normal,
7daabc7853c740ae8ff1c0d15cef6026,0,normal,
a8a398d0a3a64235bf21487715b3f960,0,normal,
ee5e98cedece4c15b89991bfad412284,0,normal,
611a90d2f67d415b99d6575ba506d98b,0,normal,
bea2ddcba80c428890ce13f5b6d80d0a,0,normal,
12ba08b1739843a2bdcb0831cb0e5eda,0,normal,
b3a9f43e701d4de7867a883b0448205d,0,normal,
9827928720d1433b94df22f019639cf8,0,normal,
c43d6f79cfc34ca5b17ec0ba245a595b,0,normal,
c6cf8ea824b74771b6cca2db8b0618e5,0,normal,
f8ae839f996b44859b347febb41c8003,0,normal,
4d105020995543848408e8fc6634cb46,0,normal,
767dabee51be4e0b9492b2db40b3cbd8,0,normal,
149620e2e53d4f8e985b4e6ab1ae485a,0,normal,
740bdb56433344d39242988859ce17e4,0,normal,
3da09b4d678346639b1305d15ec7c5b9,0,normal,
c6d4f6107a8044f9863093d1989d12c5,0,normal,
c5d24c5e770548b5acec663379497127,0,normal,
2975e2de303d455091223d15e49bd08e,0,normal,
78004f02a2554ee39ce18f628e9d6bb9,0,normal,
9ffde62e2570490ca76c41dba7fb2099,0,normal,
4c30154abb434b17a1e4270dc899ad74,0,normal,
0396e367c4094e42a26f1277587243a5,0,normal,
643b8ed113dc415ebb1432e4fcd12a8a,0,normal,
dbb11668e87f4238b3a5e4acda787866,0,normal,
85e28b35b0634c25a8f1470848038d8c,0,normal,
5e01f0878c6f46578712af6b47d2f3c2,0,normal,
5d7c325b7d3841bd8b329489821f9f4a,0,normal,
68951b8a77b642f19765111d8ae3b224,0,normal,
520a8123ed1941c1b0c07d7696475bc4,0,normal,
087e93587e86415d88ff1cb990a888e1,0,normal,
7fe02ace25244f5fa0b9b55dc2618964,0,normal,
d4f503c1710f4fabbf0ff2e94c18fd33,0,normal,
f4b021ea6e334bb2b4bb9e34328f8c81,0,normal,
e5308d75c8f1447d8b4d06349a30601f,0,normal,
eac61978ae9040a2834f916c184a5551,0,normal,
84b46e5fae0242dfa9759344c9485f83,0,normal,
8b472b9c86014f0592fbd55b83fce9d4,0,normal,
ba3745ae77854646a72f89dc8c63369b,0,normal,
4a1c228c9be748eebd139bacce412325,0,normal,
08fcdbabc8504e57a887626885ba01eb,0,normal,
7eb24547b16042a1bb5577b79269ab61,0,normal,
8bb17d3bde9f4bbdaf5016b22dbd52a2,0,normal,
d3195950ad844b4f83da368a3c185fbb,0,normal,
3516e861abfc4469a97007dc8541274d,0,normal,
3925240ecc974c70a72e0a6290ad4053,0,normal,
138f08c2a3b240ecab9983faed5d9205,0,normal,
8674a8c84fea46fea66580fcfe7fbcf0,0,normal,
bb2d17914f5d4af3a9ebddc22f855bbf,0,normal,
b244d5dee173409aacb3287e599db62f,0,normal,
170c81120632436ab6c5af91d721ea88,0,normal,
824b4058de3e4bb9a4809ab446efd12e,0,normal,
431ff010afea44b0955310047f9bf406,0,normal,
84c01ebbf4134167b53cb99c5106bd06,0,normal,
c674a8feb7144942bb82e713af59e5bb,0,normal,
4dd67b623b24498e9f71b2c3d6a65999,0,normal,
5f1128383c8744e8a58fe60795c839d7,0,normal,
0cded4e57d9a436da8482a2990e9e0ad,0,normal,
3c47e51bb52e45ab941a9a88da0958b5,0,normal,
7afc2c39efa14b80aedc39a9425fa800,0,normal,
f6b4b400ab224020874e39ea77213106,0,normal,
039aa5eeeac945139ff04c0b5f7185f9,0,normal,
7cea298ce9b14912996c5b8838e6f930,0,normal,
9299c57708b84859b69dc9a6853040a6,0,normal,
6a069caab2e040b1966da76e5cee3fb9,0,normal,
aa7829062d2848b68bf949b95fdbf763,0,normal,
483821b9bba0475c84b1390c2d888095,0,normal,
665f1a110c1443748f15cce0fe15ae05,0,normal,
bfb71ae38c4d40a49fa3c92cd2de1550,0,normal,
262c9804c2d04494b4b67d58eaf8b84f,0,normal,
68f8e7af38204a10a5d4da86a604e34e,0,normal,
6d21b77ac6914e2091e83a6411ca1421,0,normal,
6029d2167c7d41c7856ffcc56f46e8e2,0,normal,
6e62b5978cbe474d8aeeaf7631772e81,0,normal,
2a153b08f4e040a9a7b84d02cdb13eee,0,normal,
5058ff2581b84f75a015e807eead5521,0,normal,
fce5af9ebb734491b37b2e9e5ea137fe,0,normal,
cf662899720c45cfad58c2e29e929193,0,normal,
208ed602e7934686978922ee72b9505c,0,normal,
197f8a21f84949209d18e24a611a7f1d,0,normal,
e2120bb0823143eeb9e670b74c00c5ac,0,normal,
1231d5ec87b04c04aa49c131f43723b8,0,normal,
10de6d63c946452d863fafe9523dfca4,0,normal,
3627aa34ca064a15ab1b9bd229841d51,0,normal,
607ed40fc80b4d1099253bf65b3796e3,0,normal,
c84573433f5b477f830da1a47b78e8bb,0,normal,
804ac9523b85403f8a765c8014d0b79b,0,normal,
6ae3e503818549e98f21179b73d0ed57,0,normal,
6ae7d4483a81493e98515fcbc994b73b,0,normal,
14747dc2b3754cef8b9b6200c0377824,0,normal,
c74cd138ab6340b69f3b81d091befac7,0,normal,
1c0f008d08d74904a3903ddcd5137455,0,normal,
5a2fa0a61a134042b093f8a405c71e19,0,normal,
6759605462fe4e34a209b1f016cc0e0c,0,normal,
b7f1f8f53cbe41c6bdeed347b97e5fd7,0,normal,
250c592aa3204f009543de523214c0c1,0,normal,
c5c6f1e9948e42b987f45d45a9595023,0,normal,
71b478ab25094426b451fabf420d3d2a,0,normal,
dc379c649c454832974edb9262971363,0,normal,
96a1fe74b267440d841f202b83ad5b24,0,normal,
4fc87e5be12e46b4a16410823abb301c,0,normal,
7861397a64704f14b2df7bf593b9f614,0,normal,
9da1b3c5485f4f5fa1e898dba29cec9e,0,normal,
839af3efcd8f4e319475b4bd9bdee4e7,0,normal,
7dce8ebbc9774934871e2b391aa8b9fd,0,normal,
f78694cd32f947e89a8848ea9752ae2b,0,normal,
9367cd25b1754fcbae47002ac31732d6,0,normal,
a6d49156c8544ab78155918bbd96d5ad,0,normal,
3f07ad8450b440c8b870fdbedca881ea,0,normal,
3f2446e7a43a457ba3490163eb35718b,0,normal,
d918d1cb892d426288e3ebe7631d813a,0,normal,
c6a7fc33ae024eb4a50c9f0abf105a5c,0,normal,
8ffb6e13b47640a5aba17c15391ee4ed,0,normal,
276e0befbc7c47dfbdcd7707b39ac19e,0,normal,
e3a2e4e9d1e94a12873994d7b3f6ea48,0,normal,
ecc587182f16476ab1b6605bd039380e,0,normal,
7c06da6362404e4cba2cfb578c425b0b,0,normal,
959850b6178941409fff00b5f5e621c8,0,normal,
eb86cb42892c48b88da2bc039072ae2f,0,normal,
33f532f09cbc4fa984dbef7fb7e8c16a,0,normal,
8d43ddef6f234a3a8b671dd0ca858099,0,normal,
02f616306b0b422da68aea574894c391,0,normal,
f256db2cea8d49858350891919975f18,0,normal,
016321c1d21347479d8e880c56296079,0,normal,
7514b3f888b940fb864e83d05f736a40,0,normal,
ba7d2395f58d43e2b56e0135de661cee,0,normal,
6d913d9b735d4846a491ec103532d390,0,normal,
4423b7eba4c941a0a0a0133e8b767dcb,0,normal,
38a872d9fa564cf2b74be02e00d9cec2,0,normal,
bf281f034dbc42d88060302c2e2f54e8,0,normal,
53025e7725e2406ba8ae93217dd3cf38,0,normal,
553892e8a98d4b7585c7a8182f4772af,0,normal,
6d98002694fa490daaf4189d5586b5d1,0,normal,
fcb7158b10854b68b081b4898771231a,0,normal,
e01d32324bc94e7aa7714232ada7b5db,0,normal,
ba21ee530b334c06abdb3131f4f65190,0,normal,
abd9a473677c4da69727776052facc2b,0,normal,
77c534cdbf634e588122df830b0b08ce,0,normal,
ba8054bdc6be4a6ba98d68e8f43465dc,0,normal,
f3641bee412e4e58af95f0a725f44cf7,0,normal,
b2aca3ca3eda44f29e39e6e849d503ad,0,normal,
1bac40fb3cae471fb54ff991f66bcc49,0,normal,
3659841437244b30b2924614e1a5c29f,0,normal,
b5ebf938d2ca455fac188c4bccd54fb4,0,normal,
24ad4fedcc964a7da7bb3d3dbeb2f13f,0,normal,
2ea2f8794e9840ceb744a1313a7db3a8,0,normal,
3ad3199a91084356aeff426f2dbfc550,0,normal,
be9d16528a49469ba86b4a78ee39a300,0,normal,
704d4cc6733947e2bc8ee6e813cb275f,0,normal,
6902a7fff3c8423cb18d1d708f2e4786,0,normal,
2562f1dcf101414d9186185e3e9400d8,0,normal,
626d8fa86b984894b3700a91c98f5014,0,normal,
7e5092d4bc22497791221ad3f6eb6474,0,normal,
defc46f240284001b066bb420ea42804,0,normal,
76c0c9bad6044453a85e5eaaa09e4c68,0,normal,
4e3fc6d0104b4fc3bb9d565d078e740a,0,normal,
0a2fdbb5dbb74d2894cc3d84d4b68d11,0,normal,
06552716150e47c0a0750431d266fe5e,0,normal,
a0e02a0e7ad640878cb94e9b3ddfdf7b,0,normal,
c9086f0d59b04a43b91ffd9aeb2afc95,0,normal,
0b1ab0bafc684058b44fbc630f0bd2fd,0,normal,
49b5a6ab9439486e99fea4afdc63a041,0,normal,
c9651d9870914c5ab1ab187f57264ec5,0,normal,
e6edde118b27457887203274aa611e12,0,normal,
fc73fbeb515647649f3fbb2d2f1aa1b9,0,normal,
a034e1fdf3fb4100952d69cacbc77e32,0,normal,
c17843fb47ef4785803f9869f81189a3,0,normal,
ef1305a631b940faa04fd98fb5a80571,0,normal,
971cd1ef32aa47a0aafa388679c44a71,0,normal,
c8315e1070a94385935a9affe69019c0,0,normal,
88d5855f6b2a4259ba25fec0ebd6c809,0,normal,
46ce307ee712470488e475a97ac1b6ab,0,normal,
fef065634e274444a6e243cc262744ee,0,normal,
c80813a3beba4bc8abb23a2b94717185,0,normal,
fca72ea5b72d49a2b8f086ec753310a4,0,normal,
4f3c994d1a1e4ca2afe8a7ce29450d28,0,normal,
293646b52b1741f88a94e0981472718c,0,normal,
5bb18b4c81d9497b880b8d6088d77ee4,0,normal,
e7fe9d8c1f464155acae3417769fc59d,0,normal,
670d57478ae74a8280877d4f9346fa25,0,normal,
e925cef090d748149d0b25aa66e0530f,0,normal,
4a9efd8ec15c4e76b7354caff1313ef6,0,normal,
2980f301d618435a8a79b24495b6704b,0,normal,
750ca1f68dfb43cb81e04b7590909f4e,0,normal,
c7e2b183ad5646449abd4fc6ffe7c2ce,0,normal,
d69222bd87db4eaf8bdcdaed30db8f6e,0,normal,
e83762b2ba3f47b59bfc04d965c99d42,0,normal,
1a1b8b67bbe8429196bf7578697277f6,0,normal,
3674be0d53884a248b76cb629372cab7,0,normal,
41804baacc73479c91d3ed3ef942b295,0,normal,
72121535cd3744d5be5ff7e9186e1e1c,0,normal,
d0d0933bebfd4bf3ab409b3a508a352c,0,normal,
ac25995016a14324ae312c61caecebc5,0,normal,
e78721b947e34124b3ca8ff01a57d238,0,normal,
f7961314121f4a84b0e8de70006115a6,0,normal,
bd13f5bb8b8a4255b8453133126154c5,0,normal,
736245611dad4e888bf9df23cee94557,0,normal,
90afbd5f0bbc4ec68999f71b56b638c4,0,normal,
c648eb0f1d25406e9f2a0025215fa3a1,0,normal,
cf136a52289544549cd0f10d4dc00b6c,0,normal,
41ef814b92da4edf83c772f60b582aa3,0,normal,
13569d2166ab48869cc9ba33399a48a4,0,normal,
a112fdfd49c246dd8f19abfbd25e4527,0,normal,
cffeb78b2dcc4cef9b69ea5977216ae8,0,normal,
831b7cb0a31d487c884c511842ae0046,0,normal,
96fa09802d6841c8ac7169157c05364e,0,normal,
52a1f7e437d64aef800baf839fb17905,0,normal,
c38bb9c59f4844499724f7093f7197f5,0,normal,
b2bae741891345d7bf9bef038a470559,0,normal,
48611934b0c14d74a0b614467667f568,0,normal,
6c3d0d37d33f41d3ae7789e8f7e33d11,0,normal,
afff3f847e644b86b074eab05da43155,0,normal,
c4bcb50c91e64c98b54bbd4b682585bd,0,normal,
3fe5907dd2b5473083391c882eb1c25b,0,normal,
3c676c4de91743b2bd7da20a709c4c03,0,normal,
1d72eefe539d45c0b44cad7375b855fd,0,normal,
39d42a3f0604485c97417ab8c960a407,0,normal,
b031d313195d48b7884a6c92f5234350,0,normal,
ad31b55610824a809cddeb592a71d081,0,normal,
43588101efcf4773a08f643665cce54f,0,normal,
dd0f1af6b8df41589d4cc830ef72d953,0,normal,
440cdae0e3ec4f109215b2891de935d5,0,normal,
a20473101dd8487baabdd8a375a5ed8d,0,normal,
bb678c6ef6a444b0b1b698b263ea698b,0,normal,
88571c5c173c4919955905859eac7db7,0,normal,
c23be421f1c649afabe6edd67e1bc6d5,0,normal,
432b87f5f8774369b340b063ce3cc21f,0,normal,
618d908ad50d49678fae315c79fe7fa8,0,normal,
8e1e6cd4057041628685ca10408b8fe0,0,normal,
ff67786ed6c04614be301c2c0726f147,0,normal,
ba9adeec11ef42fa9ff654f9aa853521,0,normal,
825613c9d2354dfcb3d990018ff962a1,0,normal,
ccfc8c39c14c46ac9c3184ba4a73a1af,0,normal,
01382f4a60e841499ae9166a4d47a407,0,normal,
7bf2d1d39cda4a63b542a9b300c2ef1e,0,normal,
d7a9870aa00f4291a39bccba35b1f859,0,normal,
dd2c968abfe847c7a050a0b8e648ef9d,0,normal,
cb88a5f9ed894e608f9b88a09dbbd90a,0,normal,
fe0e7838e4644580ad0cae7615fed569,0,normal,
f44c7cd0789644d284d8e15d2bc8347a,0,normal,
17c3ce8136c14a2c926fce74500ca592,0,normal,
6939511fd4b6466897af69d1add9ffd6,0,normal,
021b668b2ed545bd8b9b152f57bffa0c,0,normal,
7cf6a86ae0324da793dc43aa3ad193b3,0,normal,
7b38fa7b93d546e0bc59615797254e8e,0,normal,
1ef339e3864d4451942cda20d2e26029,0,normal,
7b281d66d46f44938625f394c2cd6ef9,0,normal,
6b34bc04fd47487eb20af3f67f6fe91d,0,normal,
4e208a08834b4c7682356fd7483f5726,0,normal,
427df65784e54ec3bb9fd5d11027cc06,0,normal,
716f0634737543dda77046d02351d8e6,0,normal,
7ef4b46f157a43cd9bebbef170ea8057,0,normal,
ef27d79f3f2a442e95a148e8fbce1317,0,normal,
70ac5c931afb4b9aba3b021c30f60bf1,0,normal,
81f6853591d042a2bbdb0bd3e435f880,0,normal,
b9dd301e9e6e40598a4f05f18d74ba7a,0,normal,
01e9a88511474e709b2359827a88c25e,0,normal,
59653d580f534157a5520d0d0a437527,0,normal,
51584173e2584783983c1dea7759c57b,0,normal,
f410c8ecde794c5f8c9242e2d503fad3,0,normal,
ce37450239274ccaa4ea779d201e9f01,0,normal,
91c5e63a032f4607a023e762fad2cd07,0,normal,
443e364eadc740d18e1bab8f9982c0cf,0,normal,
811ae57b0ed34accafcc890ec62d8cf9,0,normal,
668a7821af264b22bc837557b8314ad2,0,normal,
8a59df48ed8c4469bb8da5ed948fcbc2,0,normal,
812576e5314645a999a277868cf9ab72,0,normal,
24fe512fe56240cd9311963594b05421,0,normal,
d22c8627a3c246f68dc98a8c113e21a3,0,normal,
53d71768c9e647ef8b4c32c40b06d36f,0,normal,
e92ba6f50a184cf488b23f334217f790,0,normal,
bc0ea69dbdf04d398555634a85942d32,0,normal,
41491ad4f15a458981c831f4347dfbfc,0,normal,
b925dd2a77cf4323a7023027e8b868ac,0,normal,
17af68c147344b698fe6421003c04c05,0,normal,
e991f8d09866461f979591404be3e182,0,normal,
45505b1d251f4943a10d39a5548e70b6,0,normal,
530ff95105fb4ef58f20264d4aeda35e,0,normal,
be50c1852d38456f874af0b85d5357a3,0,normal,
f9bc8a786edc4b15b38198f4a29e5e6f,0,normal,
0f2da1ba7c2e424b99fba1c7e4ebc68e,0,normal,
dc3c73bbc72246da8db8a61613cfdd72,0,normal,
c49f6516b3534258b54328e27f4dc4cb,0,normal,
fd35e51645b646fbad3ea3e423c0e1ad,0,normal,
7a73d34b456d49cfab03da404dd21100,0,normal,
539c0d4a7ad74946bd1c38f8f91a51ac,0,normal,
2e49196a5b344822ab8b0c5f79efde75,0,normal,
0d60f81573584fa1a856d26bdd019832,0,normal,
2f1a74a610454048a2fb05e7d121d67c,0,normal,
23d6449f885d452595630e45313b7cc0,0,normal,
8824f3347c0e4f1bb84e829b34f0bc68,0,normal,
d5d500d3374f4724876ea096187776c4,0,normal,
573df800d71c49e783124e9b23304f60,0,normal,
d93c0b0e0c42402d9e3da899d4653c93,0,normal,
6680afaa9e4d41c3814c7f987dd2ce89,0,normal,
a622ced56db24169af466b18df041c07,0,normal,
9ebb6db083d54d0da2ed1fef585b5a07,0,normal,
626ec850d2ed4e0aa2eee7e114abf628,1,peeling_chain,synthetic_chain_794_hop0
3e95726a698f4501a469f7b2c7e30daa,0,normal,
9a59c066049d4e24a61d98eeafaa1f61,1,peeling_chain,synthetic_chain_794_hop1
d41099b66974423f8c635fe490e3a8c8,1,peeling_chain,synthetic_chain_794_hop2
3a4b4e0c7cc943588fa3828a03e30f50,1,peeling_chain,synthetic_chain_794_hop3
89378693babf41f39fea637ec998b402,0,normal,
3e1657cd7f3c4f908a40f1f1ac3dbd91,1,peeling_chain,synthetic_chain_794_hop4
cd29e7142c77423abf357177b0990268,0,normal,
b115fd1e159c4d04ae25b86f21ba0929,0,normal,
25d03bd6e6124f81acf8a19d09750958,0,normal,
e2e8d9380e4e46a1acb1b50014504e7a,0,normal,
e9c722d8c70c418ba30106fecd9afa21,0,normal,
27632268b9a549ca9fdaa08ca83c2428,0,normal,
12a4e7b9ca7a4f179d51db0a2b86158f,0,normal,
0c97c7f9ec9840e487541404780a2380,0,normal,
ee40f29478e442958db8330e5563380d,0,normal,
f4d2e12e616c4bd1a9aad41c17d2c320,0,normal,
05a1f36974d744cdb266420d414b5b03,0,normal,
4d7f65f4c21f46d1b2ea3d1d27e884fc,0,normal,
033830cb6fc545049a1434ad45e9b5fc,0,normal,
652a106328cc41d19dc7cbe45c4d52b3,0,normal,
350d5ac9e93943e292824939947ff884,0,normal,
390c218d22d3499fa1b6cc23d05fbcc5,0,normal,
137d4dddd07e4782a92f504f6cd8d0d1,0,normal,
a93a717e76f240419866b2d89a1239d9,0,normal,
10c35cb933e043e0a083e22861127552,0,normal,
58a947cb4bfd4a0dae1b52ffc579d2ea,0,normal,
e3bbcaa0b1f94cfba37fc0f610d657f0,0,normal,
00a40cb2485b4e20b4267939c088a7e7,0,normal,
6946090017104b0f8e9f5c348c503f0d,0,normal,
59290b65a39d4425b9e4fae85b0c5159,0,normal,
51eefd03ff66474bbde3a167e7c22d0e,0,normal,
da57d8d260ba4c6dae43b5d6cb07578e,0,normal,
8ed0a02f58ed4727be067ea730dbc00f,0,normal,
24205214e3ed4d76a4ae7442b0173ded,0,normal,
958078c7939a44a3a292e6c88eb71e3b,0,normal,
0b64ad959f6c4423b7edf6eecb4dab56,0,normal,
b082f61709864e3f9fa9f451b36484b5,0,normal,
6f44984b458c410f9a2a7fe2bdce2878,0,normal,
53488dbf6fac46b29169867806bf804a,0,normal,
0c325c1ffdff467f92f476124183b4ae,0,normal,
e3a7369777a340b68e33365acec47e3f,0,normal,
06283906e50241b797f28e2ef2664ba4,0,normal,
70f11bc9838b4f60a1ce99dcfea9d2e2,0,normal,
3b5bf2fa903348ad997f00c758f73c2b,0,normal,
2323bb8fab56480da2dd608c70420bfd,0,normal,
f56f1d1ad02040c5adea769f0c59fd05,0,normal,
c2a568aa7a1048fcaee01792094023a7,0,normal,
fb1aeecee82f462f86be1aec69ba6780,0,normal,
68b66711375940518c38abc7ee6bc271,0,normal,
bbb93f64d5fe43c0aa91fc5330aec9f1,0,normal,
355a7c5643004d46a377211b637b185e,0,normal,
2e8b3366c2024d92aa88a43e36d93c42,0,normal,
e3d4b1fcc34442c384c72d4c3cb85cfb,0,normal,
dbbc749342f1406ea7e3a97356aee076,0,normal,
c0ea4602479047358049a954325d2ce2,0,normal,
4b86c149179c4a07b5141597a9e3f670,0,normal,
24a0a620ae6043cfb1845a48e53e1887,0,normal,
d6b529aa5bd74f7b87aaf55f714c01a5,0,normal,
6901c682937c4816a56da068f0d8a8b7,0,normal,
58501960aba5473fa086ee6ad9d0e74e,0,normal,
f73e40966bf245c2a1a7d78dac77f5ec,0,normal,
836099dacf594edb91526c8b99feb47d,0,normal,
b0ffa903c66a40638799211ab234461d,0,normal,
442d4c31bd304f1eb0dd3f0fdb5e4903,0,normal,
7191b3a977dc400a8f4bc98b5ae1ca54,0,normal,
d0ab5021cd864cfea4b2a01b3e6ad6a1,0,normal,
a43e2975b88240449eeb8d8bd6ead49b,0,normal,
04673bae01d645ecb58290e11123349e,0,normal,
919cf63b45fa47518d00f43ce70705b5,0,normal,
acb866776a1f4c1880d38963c263f72c,0,normal,
9b391fb0ed3d410abdd0a67cc66df665,0,normal,
bdf73dca315a4125a1ed9aa18ec021e4,0,normal,
b0ec2a914d5646f58b16995bc7b201b5,0,normal,
13de2a5cc1af49b0a913a42f990351b4,0,normal,
3072061aa0fa49f7975568e1c670788b,0,normal,
5d71744081aa4a5dbb6f459e0eb195db,0,normal,
86e34e0cc807425bb4bae997f48cc199,0,normal,
b9a2ac9d0ba74bf6add0921df87443b0,0,normal,
ff2f772b936f4c8999546ed73f3203be,0,normal,
18303d9f83654191ba835db0eb576983,0,normal,
0c743a4d4bda407286b4f4f6e6e13f3a,0,normal,
c3dd2a7e667b4e58a2c4222d8929e3f4,0,normal,
415658f8f378461d809815fbcde98d5f,0,normal,
fa759025c69046738e67cf9e7e8f9752,0,normal,
809252058d03476b8602987c4b329706,0,normal,
bc3a3597371b499d92d7fa3878bca122,0,normal,
c0c5b22c1aab4a15a238800e58c1f0e6,0,normal,
9c436d948690478e9d16aaceb8581e06,0,normal,
66d05b003e2d4a7d8e4c8b64e19aae81,0,normal,
4bcdc12d96af4f2a94a985750d045398,0,normal,
cfc3fad1c4064721966d448ae7f7a5b6,0,normal,
837397be55b4492cba1aabaf96a32595,0,normal,
4eb252764c384f9e869b555862940058,0,normal,
83748cc2258b417a90f955fb91eb45a0,0,normal,
3a040d2b65a84fcd9f441f1a2bb8d701,0,normal,
5b6580689ada445095b3ef7695963759,0,normal,
4d5264f028504052bf3f4005e901d6a8,0,normal,
582335e72b2147cdb0739453063eb997,0,normal,
642887b18d1f4ed19e18a53fd05c3721,0,normal,
e12b21495e1b487c9903ade55af7b874,0,normal,
c7fa6da6495c496e8e755e5b4fa55f46,0,normal,
1f131ec94d664bf5b48d399847bf7f00,0,normal,
fde8e5bfbce243a6a8414d61acbef910,0,normal,
b4c90f17ead84ff6984f4cf5b0bc4a64,0,normal,
659e62a933bc42aab5acfe4b73e7b8df,0,normal,
a96ab1331e764d8db8a0dfa17e0d6629,0,normal,
419398af61e14e699f3d4a8720d36c89,0,normal,
203f95de58e94e5293a2872799fbead0,0,normal,
0f75ebce80f64c3994352ffa5149d2b3,0,normal,
c3095d93719440aaa7e2f2eb74ccbfee,0,normal,
4c1e1e32f66d4d529c5ef6a57d77a934,0,normal,
41fd157977cf447b89c3a3cec6fb86c7,0,normal,
1e7f73d50c5a42fb9c813ebf12ccc01f,0,normal,
7e3bf87f58934d158d91b78a0d3e1fb9,0,normal,
5c21ec7aa48b4bea800c2a13513402da,0,normal,
e6cf4fed427c435891b59c744dfb6c27,0,normal,
12ae4c4880474b71b89bcb3927fed2c4,0,normal,
94163a5784784b8abe99342d37e0076f,0,normal,
120e2dea1a6f42d0b4c343dc794fa452,0,normal,
851f1063d11542a9b5f2a1f4c978e2c4,0,normal,
38571f88f7b24fda90c5ad8e2caea9ca,0,normal,
18fac587e2604405816d68370c9d53af,0,normal,
f29bce0fa3c44082a646988c6d01698c,0,normal,
fe4bbd048891407d85520a9a475a9cd7,0,normal,
c9d0b27c29d54dbfbf0381678252ecfc,0,normal,
3076a3a7b4c1470ab5961b91c04f42cf,0,normal,
05d3be21e55c4c0b8d5ade2c3940da77,0,normal,
4080f0ae1b724666a6d27bf4042c4764,0,normal,
78955127dcd640928f78935ad5bb6697,0,normal,
01c60a1143364605bd69bd458c6d1dab,0,normal,
765c06e2af67403abfad08b6796a7666,0,normal,
9e4c5bf89b884981b91726f450cf58c3,0,normal,
f1a198c1f5944bf99972f0e644e95350,0,normal,
486c4f9685d44e5ca81f716a50c9547a,0,normal,
fab8b0c052a14f50a1fa64e7da544bb0,0,normal,
9232880db325419fbd15a334e81a2c04,0,normal,
f3716ab1103f418db4c2a88ed0fcc242,0,normal,
e63942c659a445b5957b47a0d46ddf24,0,normal,
c6b9e761ff764a6fa375afe18b3d2a93,0,normal,
a73f5225d9d2405991e22386c5f8d2b1,0,normal,
708510ff492b41b8a641cc1a64f4de09,0,normal,
3111c87ab575498588210aab93124b73,0,normal,
3a8e4b57ea4f4033a54f4e1a96d24185,0,normal,
b7f45cca15f248b7a0c314fb5b9aad35,0,normal,
be90e80cf7264209b35bba150fea4ced,0,normal,
1a58261580724edcb0ea6cb39306e18f,0,normal,
010451929bae433fa555efef96917866,0,normal,
4ec3c435deb3413492619870c8d426b8,0,normal,
aed16ba763004a55812e5d248d9d5556,0,normal,
8742b9e2c35c45e78846731acb481883,0,normal,
a46257d142cc4dc694b24a15949b7511,0,normal,
8bc7b5aca4f64370b8a08f8265618a99,0,normal,
dafa8851bca246bba0982dd877133027,0,normal,
545c864409d545bf86c5ab299d1221f6,0,normal,
862acad3891f4a1580ddd5cac52a2aff,0,normal,
60f52e09cfee48999a1ef4e5f2042709,0,normal,
058b73b127cf4093ac2ca99a69f50c32,0,normal,
9c34a8a6ff234362a50af0e3e1ef87b1,0,normal,
d1652a35ac80401e8a391a3fa8d7242d,0,normal,
556523f141904bae92d28e26b004717e,0,normal,
ccc35ae8bac94953a3e77727ebcd3173,0,normal,
1752b61eb6ee4e6b9ed91bcfb00da8be,0,normal,
094e9dc9b348496da8d85c66cc1d8142,0,normal,
4a3afd3f96854e18a6fc3e3b0e614537,0,normal,
fede5f2d8f0a4221a2475f8fded43461,0,normal,
280ef171182b4eaf95047daa7ce4d476,0,normal,
665299cd845d4238a64f66143a724778,0,normal,
ec54a85e56a44587b3790cc81014cbad,0,normal,
5889d31b694049b99c69d28139803767,0,normal,
d465d9e5ec5b4489a94435d6845fb8e7,0,normal,
b53ff25af3aa4364a92573f3803b78c3,0,normal,
2f9f616c268d455c99b8715b7cd1487f,0,normal,
6c100d0d7fd54744abb84cf95c6862a9,0,normal,
9f5beeb3fa9c4acca0c303c8b4343ed3,0,normal,
4bdb1a345ac54fb3b95c096df6be5b9a,0,normal,
22fbf6e6bc764a5ba596697dcfe66765,0,normal,
55ef5cf6707843ef94ce26464feb30ae,0,normal,
f2921be244004690992016e1f770e66b,0,normal,
6d2b62072cdd4dd786d048ce50f2fcb3,0,normal,
c13aa19964f34cdd98cca7569fc01642,0,normal,
fd60accd9cf24dd9b19cf6fc6fa4d928,0,normal,
907ede72dfe64d5790552416f3d06e86,0,normal,
0001b66893fc4a3c9ada158488f5703a,0,normal,
655fa9c6763b4d29be6d3e11ef0e8e59,0,normal,
bc5fcfa694a14c6088e4c29586efc67c,0,normal,
f17a0d608a33496a975704c08e4d8462,0,normal,
7ed7897cead841189ba4377eb2e55a70,0,normal,
ecc52135c4004f74a3698ff32edcda84,0,normal,
6e4a534aaf7d4bc2b067ccaec9e02ef8,0,normal,
71545ee71cbe48d092aee5e61a489b41,0,normal,
ffafef53305941dda555e7532f8f3619,0,normal,
b0ec0934b3524ce09678cbb7fcbffba5,0,normal,
9ccbcd4a95dc4aa59c46251a40fa524c,0,normal,
541b5a4ad88a49a2a11b2cc10e5a6827,0,normal,
29e9e043a44c42f0b5e66340fcdc8263,0,normal,
28e2a9163ac245549bb75ff8f2458c00,0,normal,
18889ce2e86a480680c8be13f97d12a9,0,normal,
b51172cf085c4714a3a87461297dc219,0,normal,
e7a7a240fb274a37bc5110af03fe841b,0,normal,
11ae793d2df64d55b17120ef094c1da7,0,normal,
8a0e3d7b76584f6ab3c012899505cfa7,0,normal,
5736f43202cc44f2a79cbf75817a696d,0,normal,
0c9bbf43de8d47ffa7779facd420753e,0,normal,
5a737d5e4c6344f09c9ce59b78bf9bc7,0,normal,
345cc5469a854c1c8fc275487330e604,0,normal,
1225b660ff7c4c08b314817251ea4dab,0,normal,
aeeacd0e98d94766953653220ccd00e6,0,normal,
12615ca4e93c41ba82e65a43464a18cf,0,normal,
4b01afe32a144acaa1f02e341a07ed20,0,normal,
49116d7f594e4d02baeb7c7532da0481,0,normal,
4d856e257b6a4c589be5ed761948624b,0,normal,
bd4851ddcc7d4c1c9b2e3032ea7828ab,0,normal,
303de1d9982a4fd5937555ec8cffc2f0,0,normal,
7fccbfdfb7154ac0b87d221d118f4d5e,0,normal,
b9db389a10c24853aeadb01c80ca836f,0,normal,
96db8df53a1d4a18b29c5883dbc68617,0,normal,
6731c44682bd4c028d15cfee8cdc7b63,0,normal,
8afc3af5f77a4e609d15b40c293d54b3,0,normal,
49a384c7ab00487495003bf5b6f610cd,0,normal,
63bc8a1dc834496ab7a86eedc74f0aea,0,normal,
a3f96d9c228043d9b480dee6886f9aa4,0,normal,
687c9093dab14150926fbd4c71248540,0,normal,
f1290723a4704a0b85de9b4826eb1c3c,0,normal,
1d473bcac2e548be826660135d114561,0,normal,
dae306a5e7e746f1a15771c4fc14e144,0,normal,
5cd6dad3f9fc44cbb7f1cc12f17fbbcf,0,normal,
16a9a6da53734d869c4eaf7caf17ca8f,0,normal,
ebb8f2d1fdc243fb8350046d3fb244c7,0,normal,
b15f97198a234827b6493ad19288547c,0,normal,
7f7efe6ceb104a5bbfb84b2f350e11d4,0,normal,
1c9460f0801d493a9c41ed9bcb80c0ba,0,normal,
b913eba4528d4a6e9ca47eff12fa7380,0,normal,
c81dc59ad78b4268a9caadc84889693b,0,normal,
12be1447a597481784b287e65b1f2fd6,0,normal,
980349bec1c843e9a2ffab971666f2a8,0,normal,
d2fb5bbcdecb408d8791fd609b24ba27,0,normal,
2290a270cd24439a94c1f01c367d884a,0,normal,
e7eef69552e14885a03d7a61a17564c7,0,normal,
d553b661f47b4e929030a1660df268aa,0,normal,
f09101f5257f4961a6771684d83c007a,0,normal,
bb9a34d3945842778e6da2f451c45ccf,0,normal,
5163258059ec4c88bf3c9ffa9a9256d5,0,normal,
3314eca6644340dea7a351d0958f92b3,0,normal,
3d88e16290c84a398737d914095c7c16,0,normal,
f4ee99397dc8479c97f18724355d1f23,0,normal,
8f0b9d73049747d68b34e654574231c1,0,normal,
ad734268451046bb9cdaa179ea0b876e,0,normal,
48eefb41a889415eae9fdd9b93e1dcac,0,normal,
46e52d0461694d47a2a0a5c44ec9d77b,0,normal,
92b14ce48a4a4c92953425df9a6773f2,0,normal,
cef9519e0b124fb4ba6d4ee5e6a11daf,0,normal,
3fd6f41dcf50492298e9632a447f352b,0,normal,
dc3c6119106440d69440baf38a58ad76,0,normal,
94214cc0d42f4e348a5aed80ebfe4dca,0,normal,
e4af479476d14284962e0efec96da35a,0,normal,
2e2585edb1e6421a9f818f03fdb6318a,0,normal,
b607774032d54020ab80eec4dc807a88,0,normal,
0ae279e4827244529b84631099e05b25,0,normal,
e77abaa70acb47218d28a89d84c10d22,0,normal,
a74c8ccfd39249d2a38625b3e0b7a098,0,normal,
f8cfafcdddba45568cc76a650519dd77,0,normal,
b0887892b7324c75ade2332ac7e1be82,0,normal,
c6d948565f5b4fb6873ecf64a6f64885,0,normal,
4908e6567df64c25ba164b90530ac407,0,normal,
f163ed41bbc14722890719a38a140181,0,normal,
ec6f5b83150645a68c320803437853c3,0,normal,
e4a6a326d74244439c3fdd3cd6cfaa94,0,normal,
5c4e49f8182f48b4a0b2555484a55685,0,normal,
97158734268f4b99a1f3a8f0fe59d8a7,0,normal,
5ab7905b37634612b3d87c3b005dc878,0,normal,
5c1b12ee35574137944fbe2bf9bd33b5,0,normal,
fa8ec83b47324c76b6b223ae5a646f59,0,normal,
3ee64bceaa6a408a9cf276917d622fa2,0,normal,
447bb45daaf64abbbc65df74b25044fd,0,normal,
1c1cb48939324b2087643b850c1ced16,0,normal,
3398b4d76348434bb398de9baa30e620,0,normal,
0711203f94fa42278205c0d6ec0aaf60,0,normal,
6263c54d4429495080d6df35dba9b7cd,0,normal,
dcadf6ab20554c5da9a2f858d36e9367,0,normal,
edf8104807f04479a9654cb34806998d,0,normal,
c8e266a3b6e24d51812e6dcf54b40a96,0,normal,
c4d45a43e9a0489380a16636f556ebb7,0,normal,
fe3ec0488b00400ca7f0de0c82963479,0,normal,
92237de499174599ad724f9c7289f8ea,0,normal,
728d8185716b43328e30dc740bdc1099,0,normal,
63486ecd280746ca8d3b667e4f7cd5d8,0,normal,
81cf330aa3e3461ba9ad75dd808f8d01,0,normal,
2956cbfb2e494984bc1e95e1c6a6dc7b,0,normal,
9fab11ee74f54580a59e01664309856d,0,normal,
cb2ae66633884f4daac5a0027811b195,0,normal,
a2c19a01902e46bfb27cca6562538b80,0,normal,
99b3f7072e0645c183793e66c139de65,0,normal,
71d62e17b912444688eb7c6bbacabb6c,0,normal,
734e163be31a4d65beee0fa1f678ca6f,0,normal,
6e0d7f7cd56e4d1ba3c2d8e66139f484,0,normal,
3b900f4e10ab4cdaae1bc2e038bf887d,0,normal,
2f6d0b77b8a644fca12568b6500d7f5f,0,normal,
7fd9e92bd44345b2afeef39c62759c82,0,normal,
3d47e11bd9984bc684ebb0cbc7b66c32,0,normal,
88268bc8ffbd4563ac7b2500df4ce40e,0,normal,
9c8e397a04624b6498db7d5a6b0ebda1,0,normal,
983d133ae5dc4a5ab9e4071ea01aaf42,0,normal,
d088e681ac1f46659e1bf561338a5279,0,normal,
17844df2d2ea43428f6778aa3931c3cb,0,normal,
a06d1018ee5542fba48df1e3607155b2,0,normal,
fc10411492654aa3b6550bd04eeee833,0,normal,
269ce1d454bc4a80b70f008d5b4e0e67,0,normal,
a4027908fe3446d8ac514b2843de9cbb,0,normal,
1d944e6b617c4b708a8e3f354225a8bd,0,normal,
f4529baa627d469b9a7c36fdd40e21eb,0,normal,
32e9fde505db425cb6368f306919239f,0,normal,
b0651fcab3b343b2be3ac3a93760020d,0,normal,
5550c00c65894d2aadd474ba3cc70488,0,normal,
a57958b884094c48bbee73944306ce58,0,normal,
6c0aeadc81d94f5186568bcfbba1c8cc,0,normal,
5de82c7630d4403c9a63654e0ca5bdc6,0,normal,
55f6331d1d3f484d9bcef473a9b14b29,0,normal,
6441515c07d5459097516c0f48506e27,0,normal,
cf68c94a0127410a906a0030dde32b0b,0,normal,
8d9f6ac6be3444c282be04704ee73e41,0,normal,
e81886a7356945bbb6f372b5b2b61f57,0,normal,
9228857de6d849d3822dc928cb469002,0,normal,
e04e9506df71406bad203c498cbe9408,0,normal,
e9a60696ac0d43199f50cbcb4b61b537,0,normal,
f825955e9924487c930b3a468f7d018e,0,normal,
df09cdbaeeec40e0ad3c457850939d31,0,normal,
87c0660434e441a191592e1b0319503f,0,normal,
ccdcf7d4c3394d75877bffa587f4c132,0,normal,
facc0d73c6db4074b0178ea3818f3532,0,normal,
0e2abbde2be44dbfa6af67579f9d9c47,0,normal,
00c1274ca976428caa8d085dc6c4c7b7,0,normal,
096c4ec98ffd4fec949100f2025c3b18,0,normal,
130d7eec9a5e4595a5482425140d09cc,1,wallet_reuse_burst,burst_452
36084e5b72084330b3a3152bde41affa,1,wallet_reuse_burst,burst_452
cb9a27e43992494e9434d8971f986f1f,1,wallet_reuse_burst,burst_452
2dd63a9b59b74508b6a5795e8e4bad81,1,wallet_reuse_burst,burst_452
ebc4d94664cd45daa74cc6b3fadc98aa,1,wallet_reuse_burst,burst_452
9bc52e64368d4c358da51bf6479638cd,0,normal,
95cf193fcec449269cf62d363dbfee70,1,wallet_reuse_burst,burst_452
b3ef388edf6a498b8accf348f841706d,1,wallet_reuse_burst,burst_452
3f706f9252f14f1393c894d56e3891ce,1,wallet_reuse_burst,burst_452
68c0f3eefed94bafa591423d57aa292a,1,wallet_reuse_burst,burst_452
dd49d4f7dc2e4d41b1de1c89ae06188c,1,wallet_reuse_burst,burst_452
1008c053512b488e944f4f4ba6e3eff5,1,wallet_reuse_burst,burst_452
2c3ce53dcb89428d91d641960b29771a,1,wallet_reuse_burst,burst_452
acebb040f26b4e04af65ab6330b17b26,1,wallet_reuse_burst,burst_452
54ab731abe024852a4bcd0bf4e76015a,1,wallet_reuse_burst,burst_452
75053c2385344206bf11261b65c69299,1,wallet_reuse_burst,burst_452
c34f872757dc4a37b283830fd808d815,1,wallet_reuse_burst,burst_452
5aadb3a8505f4ae5b7cd89cdf621b9c4,1,wallet_reuse_burst,burst_452
5d2e822765e8443e9992492b3d10ca81,1,wallet_reuse_burst,burst_452
797a94f298a04b0da1a5519bbcc34acb,1,wallet_reuse_burst,burst_452
d828a9f23774442d925c531f6ce5a0ce,1,wallet_reuse_burst,burst_452
f26f56a4d9444ab096c351cadc0debe6,1,wallet_reuse_burst,burst_452
4a4e1b061f6e4355bc7b570d13bb7b27,1,wallet_reuse_burst,burst_452
25984a7716c14ce29e187fad669231e9,1,wallet_reuse_burst,burst_452
17098153ebc9487884ff6ed68d6e6e2b,1,wallet_reuse_burst,burst_452
268fc08126504acd990e62722a5774ec,1,wallet_reuse_burst,burst_452
deed2da63c0d49bbaec34c049ff1405d,1,wallet_reuse_burst,burst_452
9648d6da9d814293863fcf6674fbd0bf,1,wallet_reuse_burst,burst_452
7d574df1dfd245ec90da2d24274228ed,1,wallet_reuse_burst,burst_452
4145bcf15ee04e82ace21d676ba347fe,1,wallet_reuse_burst,burst_452
bfbe3c49d56242dc81f176d4955b6660,1,wallet_reuse_burst,burst_452
0a4d79936b32471fbd821bb8bd8837e4,0,normal,
bf37ec2e6ad34e29bf177e4bc6715c17,0,normal,
4314a9cf5a8749d595be8c216d57c028,0,normal,
5082023a9e2b4b339cc42964d407a7d6,0,normal,
81deed5f9e3344c7896b25fdd06fdf4f,0,normal,
d649d49b15ff4755a7d7e0cb08789119,0,normal,
703ab794bd984326a597e1bf5377d3c1,0,normal,
1a6416263ec04407b2ded2382043ecc8,0,normal,
5a0514a7a50e478ead7938823e07cb80,0,normal,
1b4f32f8872c4412b9e61f3b531783f1,0,normal,
1836391dc6ba4e5f91b129bb8ff9fc16,0,normal,
4883212674b44c539a79f6262112433e,0,normal,
6e8aa81ac3d94e3e89cd7bc1198bd0bb,0,normal,
c15c7fff9a3841b5a8880440fcaf57aa,0,normal,
5a8823f16f584ad4b12d7633d3729a59,0,normal,
0bbae71b4d4944689a8e342212720309,0,normal,
2e6f1ed19b8a4f96a0304e395d0405b7,0,normal,
622f68028a24426d925fb20c171588f6,0,normal,
a56702c68bac484483fdb5c2752fbba0,0,normal,
858d628b0c944873889b177f96ae0b52,0,normal,
e403b1af087b46f7af6168f1f0507511,0,normal,
55d5b7799516469f9f3195fb48479b23,0,normal,
4350854015984d5abdf147c86d5178a2,0,normal,
2c5bd9291cff40d399cf17d11c8f0d9f,0,normal,
889b76f66602458db5775c2120aaf10b,0,normal,
57b682d359214c5fba5610ca78a15b69,0,normal,
b332152bff3f453c8bc76954c9c3c05f,0,normal,
c26be3b79d8f4118868ba4df4cb10084,0,normal,
85a95ebf32924cb5a5bd1a1acc20173a,0,normal,
79d63f664a3e44b0899828ad37f83c9e,0,normal,
c4bfc82cb159497c9b7b519865c035a3,0,normal,
e81e77aabe1f482eb123288273677b75,0,normal,
afd2ef46c2cd4abd8ae29b08daa83074,0,normal,
706d633b7da44565b6cf4f3142ef417a,0,normal,
d51c7fcd21d2468187a7dcc1d87c1f6a,0,normal,
a1f5b8fa71ee4338bd1f7cb23a55b082,0,normal,
1b4b924e0e6c4821adeae76b97652db5,0,normal,
7a267118cc894cad8519382790e2a6c7,0,normal,
38e7679bfa654c42b5d88c3d2df4accc,0,normal,
a0102a9b97524e23aca595a7dd8ae2a9,0,normal,
cbe2dacb842b4e0ebf54cd5a5d03d4ed,0,normal,
414ae86a11c845008b8bb4f9b4a723e5,0,normal,
2420ee695fde4b3ca71cd8734eba3358,0,normal,
83f14a27a0a54a6ea578b1de1d8d5ac0,0,normal,
7db6dbe1096d40d8a552b908b51557d2,0,normal,
7b83d07d1f6244668eab1a1faec1af14,0,normal,
777fa84baca244478d135f87894f853d,0,normal,
cb4299f388c74bcdba2f03da2aaacbd0,0,normal,
8d6bbbdf84254dcb9ffc22f34f962632,0,normal,
44a44954986a4fae9d5446ae2e19b6d7,0,normal,
c5b438870d484a3aad142a3d80ea6ff0,0,normal,
1d78300eb4ee43848996f0981a694358,0,normal,
3c0ff6b0643544048cc0c1275b05fc47,0,normal,
34a86fffcbef4b5ab36674eea0f9f1c4,0,normal,
7625196e1a324532b9690627682ed5e5,0,normal,
6f76666e53f44b4f8b60c3d1c54fc656,0,normal,
d649eed4f54143159c83203aae5c1c59,0,normal,
9a80366aedcc45d1a7c50ef7d5dca405,0,normal,
0146fc5b65ff4eeaa11cfaa324698140,0,normal,
35c55f255ce3415588d28e734b0d0556,0,normal,
750427b8414944ee870e71ba43ac1a65,0,normal,
33c43c4bae0e46dea0d7929a62e74b86,0,normal,
885e26bbb8504396aa03377c72368d7e,0,normal,
6ae98ab805aa4004a6757886167f8f21,0,normal,
a7fc628968ee46cfb4ef7e1caf39f273,0,normal,
4ff4a38c1b96440d9291a515b846d5d6,0,normal,
457ff02c560748738b76e91a0da0f3fd,0,normal,
32e13f833caa4429a753c189c4336993,0,normal,
8449d8b4c4704a7786681442218ce498,0,normal,
cecd55edccba445c8ea735633022ecc2,0,normal,
abb81f256f554261a81a17249be99c66,0,normal,
1c13b82c773b47039b39bb5feba26d95,0,normal,
50aa711ca7f74e9d8fca4977e25165fe,0,normal,
2dbf8b53a0df4bf69be7063294a6fc2b,0,normal,
373089e841314c658548bff55a50e671,0,normal,
2de25357f3d84bc1bc60911c73fbafea,0,normal,
6b917a7a41bf4a01a9207a2bf2bc3123,0,normal,
e426c0fa5b224598897636ce49dd6e9e,0,normal,
46e0fa9a1a294b549637f89cfd9919c4,0,normal,
9e45cfc7394a469197adb8427e3b39be,0,normal,
244caec6ceca4d408eafb5139ee690c5,0,normal,
ce223b7c6bf048be934a66a55bd043bc,0,normal,
44649428ff2c41438cd2c1b9f3307901,0,normal,
3bc0de8901014888b28faf1bc9d4d807,0,normal,
0c420027fad3411793e3046a17b220ed,0,normal,
0d3fc076080b428aa95fd0fc106c7188,0,normal,
fa82d77e5d9648aa86e24d198429d3dc,0,normal,
c058115365584200aa01e01390d943aa,0,normal,
92ab248a55234473bfde9a1966116a40,0,normal,
84ee0a7527e84d7f8b065bf634152eb5,0,normal,
1cefa17263514e4688a7a6b4890beefc,0,normal,
91217c4766384bcbb78020de27a0ec46,0,normal,
514038e55c424e7a96a2d26b40e84dc2,0,normal,
4780247eae49474d93249ec4bdb65495,0,normal,
d09feb5509ff49f1b314e3697c62fcf4,0,normal,
50f8b5f035ee4870950b287030864382,0,normal,
6b74bcfd99564fc394dede6d2e81babe,0,normal,
e4aa5f01f92545758203ed539b7ac1c0,0,normal,
de09a19094c24058b58bfacbfa18aeac,0,normal,
484d8fa38dd4476493c94f17b9291be4,0,normal,
5f047333185d4455b568c4a70679cc8c,0,normal,
12031282d9f845689f72cad9ef399a7c,0,normal,
7a6fa70698bd4047af171c95ae6f5762,0,normal,
746345dab7374349b6c1e56798d1463b,0,normal,
f9bea3c04d974384926f734bcf20dbcd,0,normal,
16d0a54f488d49ee92b60d6594eaf7c8,0,normal,
65562fc84d8142fe87d94e9b0e15e5dc,0,normal,
011e262b362e4cbcbc1a24977bcca3cd,0,normal,
b93b3dbc62cb4364bed3a161eb6063ca,0,normal,
189b8d6412d847fc9b7a01ada79a0778,0,normal,
017f987a31eb487da6d9eda175418d0e,0,normal,
0723fd0755e1457183143b4f7ed7ffbf,0,normal,
336e2df2d9d5490ca25db99bfbec21e5,0,normal,
c99ed38d754947a3b438c22604aa86d2,0,normal,
6353d7477ea9433fa003b57147f21fac,0,normal,
7c907c7fb1464789a4e903493e5b07ca,0,normal,
337d038009c24db0ad6409cfb22925ca,0,normal,
6faa3b72a5c94b4ea6bad80070254a6d,0,normal,
08bb44bb647942dd859c07d4873a96c5,0,normal,
7ac009e7e50848fd9f0fc1bdddf3435f,0,normal,
346e2c6f3a4a4e2889388bd04aee1d1f,0,normal,
350f9cd8c73444f28504c97f79aec5a4,0,normal,
ed2afe1e44574bdf8955f19014000047,0,normal,
02eafc4955204667b25daadf9f66f5f7,0,normal,
e42db5db8011441aa7f46f3669203a8c,0,normal,
0b97d3cf5b7f499b99b1e72a37e62ccd,0,normal,
3216bb36590e46e0a9c6aa6698317b0b,0,normal,
d780c6df94e546fcabaedb01b900e35e,0,normal,
0e0a36135a984440b0943be468916bfc,0,normal,
2b661e47502c4f1aaf990c18feb4022c,0,normal,
58fd2038895542beb2a123b57f73525f,0,normal,
c596f3c75cb04530b912dde9b75ad3c8,0,normal,
f3e4b1e0611e41709f8b803899f9ff82,0,normal,
473ff58a827b4062ac66be61bb1e3f98,0,normal,
dbe05e220d3947edb45363fe5cf87315,0,normal,
8aa14677d9894a14a35623b80a34a8b7,0,normal,
f80cc8afaa6245d4a5fb8d4d32cdc06f,0,normal,
c67164fc1c564190a421350bd3910d80,0,normal,
aef5d00e50224dc1ae053b65d9e6466a,0,normal,
2df100eb24fe475db70cd14a5e5116a5,0,normal,
02553dbcd5674d44a994f3b2aea98f45,0,normal,
3e965e0224804547a36d89b6adf0897b,0,normal,
659c80c01df54893b407ec7be634a5fd,0,normal,
98302f0ead78410dab5755472560ff7e,0,normal,
8db42361b814483aa909cbc6b58b2f85,0,normal,
e92d6bb055db4b9e92a19592cc75f21d,0,normal,
217088969d7a441081d78e19e344ff13,0,normal,
e5fb5768e33a4067aa5ac36369019b1f,0,normal,
d98b72265fdf4046969a8065eeca383f,0,normal,
5bc185a4672d439981f76665550fb69b,0,normal,
a37d16b874b6454f897939f4ac157084,0,normal,
37831d1421d4482392fb05604e331b17,0,normal,
8e5b33bd27394e2d9771bfe7c72a0e5d,0,normal,
b3eb6fabe9b54e49ba9ac6d79cc7c5b6,0,normal,
e2ad72bf0d634c96b365365b5e103d24,0,normal,
072e7aa79827442593d108e689e11ce0,0,normal,
4e22029dc62f4c1c8888ac89b5356304,0,normal,
4e8e333c9b5a43bd96e0d816b81c7fed,0,normal,
3bde79c1a60c4dd481703ca6e31dee5e,0,normal,
2299bb51a4c5477db402f154c0498b1a,0,normal,
b1d0e04b34d04264b9a9b6d4e81a7c22,0,normal,
a69a5d6edb7646bc938c3c3df7e5f05d,0,normal,
f590e592a8eb41deb369c664ff1eabc1,0,normal,
31c1e054442d440ea6f40a4524045a8d,0,normal,
a55b35e672b04ba69bbbc54c7e7d5809,0,normal,
8cabca463de346eca6e6aa3fbaa07aa4,0,normal,
88bfa11286c24f04a6f1acda360b7263,0,normal,
500915298d8f45b882194cde8dbf607f,0,normal,
78c8a32ba69b417c9f1bb342fc51a6c6,0,normal,
fee222ec0af04974b0f414c5a8fe2da6,0,normal,
e003df59885748fd872fa1d016ef9c61,0,normal,
a89eee545d134d0b80d5e740a109b5a6,0,normal,
c77a97ba0ad14dc4be4e3deadcb9aa4b,0,normal,
8a423baaccac4bc5ad6df745270f8571,0,normal,
47d7f8967d614f58a7082821bdde1d31,0,normal,
434173b53d514806907f346f49b06d26,0,normal,
e334d87c41aa4f5589204f9f4654a72d,0,normal,
67310795f7024997b6e6f3703ac0a58a,0,normal,
4352df7ab46d4b1380480005c7e0cba5,0,normal,
01879fd4aeb74abe9fb2d7c3001298be,0,normal,
6b6448ed65fd4772974fe4a06032e345,0,normal,
af78c13061e942a288e949df3045de3a,0,normal,
fecc37d97e754335805f4438377d96f3,0,normal,
6ee5fa4c79eb4038a780e7a8bf7b4ff7,0,normal,
3fb97362fad74bf89d5f0912c5a5950c,0,normal,
5fa32791a9ee444391648d862e1ce66b,0,normal,
a6dfc3909c3f4ea0a84a1263f9f7b9e5,0,normal,
df7a5f704cc640eab391ac47f2744099,0,normal,
409105e4970f4054aa087c18f3dc4663,0,normal,
64d9000e2c274835aac5284ae5020b5a,0,normal,
bc3fbf959e9045b1a76fafb16e8639e9,0,normal,
520093b5909745ae88d7d165ff7aaedc,0,normal,
738d58fa2cfa469e841ecc4d5f3b9fa6,0,normal,
695f828027124b4892b066ab2f4882bb,0,normal,
6035f6c09c9c4314afce78d86960cb38,0,normal,
94c487480f2e480aa4228604b480570a,0,normal,
d1e594e029d84c9c8cea1439dcab49e8,0,normal,
48f2e04ee2ba475bba751993005c78fb,0,normal,
7a5462f7bd75404ab3191980d86d5a58,0,normal,
489040ff82bd42cabf2299243713d825,0,normal,
a442cb2beccf48bcaef3128c86caf20e,0,normal,
a293459c97594574ba0591d6bf314799,0,normal,
062a95cf4d6c4d069cf37ea5b71a278d,0,normal,
82b9e492a4f642eeb59663fe6a0deffb,0,normal,
410d4c5b5ca940f78756e1d822b2019e,0,normal,
41f7adf3a90c42429e14ed46cf69ed3d,0,normal,
782ac5c12b8942c0b775b9a5e3a812b3,0,normal,
a84950cc297c446fa575a695a8011010,0,normal,
585498a869c646dabcc0d12b66538bfd,0,normal,
cc5857df392c49949d3187ba291f8d1e,0,normal,
62faaab709e24779923f2229d085d5c5,0,normal,
039f89268e0941dfaf72be662ce68d16,0,normal,
8181593132b040388aebaba7bde501dd,0,normal,
a68999e3abb14bb3a68cfea9b3b0da26,0,normal,
978d51a654734057aa2c0bedf083cc86,0,normal,
b83a810ae7e944c9b57b3c77712a5c39,0,normal,
a8d387df311c4e4482062936a8ea772b,0,normal,
2cb7d29c999947f69c83a25dee0609b9,0,normal,
ea9e979a13964cab8c7ea7aa2a01feee,0,normal,
5ac36050597141289dd425470130b187,0,normal,
6e79beacbde84d0a9bc5dba6b1c2c802,0,normal,
522d468c51b847a0860514c4122be85c,0,normal,
8b216156436546c6b9aa4154fcd7912d,0,normal,
ad59a4c0e54944f1b9c942946996160d,0,normal,
327e63936b8743de8872814f8596a3ef,0,normal,
e0248c75db974e2cbd419b148e7d22a9,0,normal,
bed6b3747a2d4662b45b92e8cae012c0,0,normal,
3980b0bc7656447a962ae2db36c1591b,0,normal,
fb5244b971a04f2abe679a8fe4ffbe02,0,normal,
2b58fdc1b1e04c9195e2288e0fafae94,0,normal,
ef33a49f11584d83a080d92d06792ce6,0,normal,
00ac37ecc24e45ba82748ef62a195145,0,normal,
e030bfdf5b654228836a4535f9ec8512,0,normal,
4468c3250b5c471f93a5f320ebc391dc,0,normal,
4865d571fdf341ea955324b9df466d6d,0,normal,
14f83d490ca24eabbc9db8dc6b3f25ef,0,normal,
8187099460f945b0ae4283476c2154c8,0,normal,
fb266d2393974cb6922c6939aff0b32c,0,normal,
8f213df21123427189de2dbbec7477c1,0,normal,
d5b253f389b54fd79504984f92464cf0,0,normal,
d0627a2f3d7144e0919d4519ab626863,0,normal,
6f1fd21b0af149628b942a8e1a0f1c52,0,normal,
a10c1a2e990d4ad0bd3be007ae56944f,0,normal,
746650be43694f66957a694cdfb91e89,0,normal,
56ce7bf2ba1f497fb5ebe3d79e4a6b0c,0,normal,
85fa0098694b44f4b290ed701b0ca759,0,normal,
83380f887cb14e68bd462e1f455d0b02,0,normal,
cec9554a107f4b2fb0c2197ee7721e61,0,normal,
c9527ee8f9e0401987c0b1f5b85a9d49,0,normal,
1683ae2aa0824acca333363b36c419c8,0,normal,
eb0c6d0c793d46dca79579bfa317a546,0,normal,
0eef5b74624048c2a0bc0f3dc942a91f,0,normal,
5a2aa472cfd64250ad33a28c76a8dc1f,0,normal,
404f30ed768f4c78a895aaa25d8d5572,0,normal,
08328229623341de94180f3aa3b77296,0,normal,
dc938f6071fb43ca82f2b66101aa280b,0,normal,
28a84b8a45e5457ba7838ca066a5c2f9,0,normal,
c0d8ebb680674668bc778f7d5ea7716d,0,normal,
f3100fdd8eee451487ffb3dd4f4834ba,0,normal,
f7dc7e75865c464faeda15508e4bd7ba,0,normal,
9ed557fff4274312b6b598d9d3399a3a,0,normal,
469602a81a6743f394aacb95ebab50be,0,normal,
a55fd922c3a84011b29cb8c2c8618f0f,0,normal,
f28f1f9075384c798b03d4103a40efb1,0,normal,
b06bd372ed1147e8856e52b0a9559966,0,normal,
6116dbece455443281a832601490ba06,0,normal,
68a6c264b47b4a69ab45d37e53a9281d,0,normal,
ffc57377425b44849d48cd79089dbfeb,0,normal,
49d7c8ecae2f4bb6b21ec1e0c3cc7297,0,normal,
0e1f2c9f554f4424bf0c2dc56775b7b3,0,normal,
9317f1e4ba5d4b648b8ae8b837bb75ba,0,normal,
6a41918ed562416b9ea39a5703fe350b,0,normal,
9b02a4d479d84872b073ef9720201195,0,normal,
93f1ff4fbcf04cac8a13d09115fdd139,0,normal,
9aadbbc9f4184ab6b96129b645fc3939,0,normal,
d7e6dc2edad94a8798a07bf0853f4d7d,0,normal,
8445ed8406fa45398145b3298becc6ac,0,normal,
04324d3304f04d17b2bf34679e1b199e,0,normal,
653071bb01f843ada5926936838ee897,0,normal,
5a4632d62fe1417a9b9c6cfae30ef364,0,normal,
6aca66c970d2416d8a46752786364641,0,normal,
51596cb280e144ddac138328d4012e3a,0,normal,
c5a23ac0bff3454f891b85770a0f210f,0,normal,
55e0da5e23da4e9c9a3f792fe2bded1d,0,normal,
a6f757dd82d24122b97a0392c7a9b36f,0,normal,
33853bfcfb5d467293f913384a5d6144,0,normal,
6bf729a79d594366a36911c6d18b0363,0,normal,
57c9ee82bf1c4803aaa935ed708a4323,0,normal,
2ff6cdd6418846728cc34d37710895fb,0,normal,
c49654212b3142e49494723585cd8589,0,normal,
20fc9082fb8040d8b61444d953cb378a,0,normal,
a81330a75f004b59b9e6fad1d7b41eb7,0,normal,
dff2471499844b68956df05b72e8c449,0,normal,
c07ab5734ffe444a8934faff02faad6a,0,normal,
363d8ee8d83a4cf7be36505126951901,0,normal,
83d6e6beb0cd4936a9adb965b38aa524,0,normal,
0a82396543704a6c84ecc3efe0be03e3,0,normal,
85083a0fe28f43dc88ed3cc5e854f5cb,0,normal,
69527fa2978644f6a96b1429f2c25280,0,normal,
664eacd7bb764602a29f9858845e4a7f,0,normal,
040e37a2f0354372abba404752a71a23,0,normal,
e20b709b5c4949a5bef9fc6798d4f306,0,normal,
b70a8a87245c4177b860d2a8fe25d3d7,0,normal,
d7336d6916bf4ed8a4d8c3e8114f4ac3,0,normal,
c564cc6538ed43a3899e0c59d07c639c,0,normal,
79e4831a7f6c488a9dc1d10c057aa3ef,0,normal,
d85838dcaac14bc6ba39ad8a0cecd242,0,normal,
852689bbce414aac967b01688ed9a85d,0,normal,
1f0ea28978b044d08dedf980ecf7b86a,0,normal,
db64f4e427064e78bf531a4d1a675476,0,normal,
071e0c3eeb4e477d8bb3aaaa11328843,0,normal,
fbfee4cc31e542e59e40cc8a91f0ddf8,0,normal,
2515975fca19452bb0171e0121eb3b91,0,normal,
e51ffa531ee2439d86e47d32210fd389,0,normal,
ed1aba883bad428f9bd919853c6befd6,0,normal,
da3312e065b6435b8b791265119d3cf2,0,normal,
30ffcf39e032430dbf97d8c4992a2bb6,0,normal,
a3a2c4b042d249b78da71b7bb3059637,0,normal,
e3a7e4b6e3cf4fd1b4d0964e60ecfb15,0,normal,
3258888281aa41dfa97f372a07024f9a,0,normal,
af81bfb36ed14dd9a05af3611f1d80d8,0,normal,
5ee2596b0329405a8a017710e058437b,0,normal,
0144ff4bb4e14227b0e03ffa85ef1cfc,0,normal,
e2d203d91e17441e9d3605f822bc6934,0,normal,
187b237924624eb28a7cd1df02a722b2,0,normal,
43ae81088bb143a4826163968ed9adc2,0,normal,
8665fd016ca144b593112b56c0aa0e1b,0,normal,
62363ba9899148ea8b7421c530d447e0,0,normal,
aae8f7ea15d049a3acb7e3445d73818f,0,normal,
8c56177ef9b242708cd759e8016edbd3,0,normal,
0225a1698f174196b3c256321cc9b019,0,normal,
2fdca1e9aa8445e48ee91aef171a1c1b,0,normal,
5fcba498a6f344a48b946bdd3bfa7497,0,normal,
fe08e4ab479440e89023b2d2bdfa3a66,0,normal,
18795e1349af4e19b65b400fa0174a75,0,normal,
f0e289e29e69490bace50ad13dd0cbc5,0,normal,
0cd0d6f5a12a45f988b746e7fd0c4c36,0,normal,
945d980344f744d4ac1fd00b62629a74,0,normal,
0577e788b0214a99ac2c9bda68fa7b5d,0,normal,
a5022059d1ba4f6383f0d9203e4a3dfc,0,normal,
bcfce3d05ea747b29746ff9318f85085,0,normal,
7387521351904c349dfdcab6238d2255,0,normal,
04230890f7914042940768859174e926,0,normal,
3d979441181b43408a669718a8dba184,0,normal,
fc39b0c4bb9c4590a952d30c99570e6b,0,normal,
305ce13ccbe044a49073292adbd16e71,0,normal,
c83b1d7d93e44b9eb57ebf30a899daa5,0,normal,
b29cf12570d6483ea1abbdd51edd64e2,0,normal,
ac8097537ac049688cf05c087afa7e3b,0,normal,
c4376ebe8f4a42b4bddc36429070060b,0,normal,
1cc82a790d234e0f9939dc8890187c61,0,normal,
64c1594689b44871bfc635f400083c76,0,normal,
973fae15d4064a8fb8a8f6c19fb907d0,0,normal,
386b48fb943d4c9fb1bd93363749d937,0,normal,
ec2ef7738d7e4927b66f1f8fcc32fa9c,0,normal,
19beb12c0adb458aa0a2403b22815d27,0,normal,
d157194efeb94694b65f70af26bbaabe,0,normal,
d0a5ddd0cad543cfa556a9510d97a097,0,normal,
6d7838e6a5b344c99e7f048583cf0c72,0,normal,
f25c46572cc747e6bd7c66301a9cd492,0,normal,
5ccab93d0a084689b7ba8fadd8395d33,0,normal,
bb901b8ff54b4b589a64d89ef5e8ae7c,0,normal,
061eb5f34eec4f6ba590cf04794906ac,0,normal,
72b764b3c3d9485eab58a47c292baec7,0,normal,
5021f93506aa46219ec9e244541785ea,0,normal,
e69188125e1c48c684b5a2c9174c3721,0,normal,
0d59a3b641bc490ea1a81e88c5388a5b,0,normal,
b5771935a7bc4e1ca81d86f86f5ae4f6,0,normal,
7744fb5d58f34cd1966d410cc1837b29,0,normal,
a9c81e9442444ca0bc79dfd546191ab0,0,normal,
4f38fbccedb94ad3ac9526fc0e13480c,0,normal,
dfb0a60bdf7d46c5ae6af0312b7c9a7b,0,normal,
2230fde5b8184b559761c5c9d11cfb93,0,normal,
44e6ccfff84e42c6ad423fcb2b3ce1c7,0,normal,
e313f688e42942c29d4dfb270a3d0a9f,0,normal,
c13c7ce458714320852a49bf5521c672,0,normal,
99f187980e0843679bd02ec827ee60e2,0,normal,
aaf4ffe5f0a545eeb91b36aae12345c8,0,normal,
17a4f1b9aea049ab9f87c63bc912a18a,0,normal,
6456931e241c407a937dce04be2d6d04,0,normal,
9d46b81994f24b2caf86be1d14e9bdb6,0,normal,
59e3d21c76e542a3b185db56f5fb4cd6,0,normal,
3f71f434c877457397ced1b1a8460f09,0,normal,
fa76c6f115144bf8969b086d6f0605a0,0,normal,
04a6c5edf6754e7f99ff68964ce1790f,0,normal,
c17afcc0065a4cb8b14dad761471ff9f,0,normal,
8a503ebf1aa04042a5d1f5ce2dc3f3d5,0,normal,
62964f9488f442b6b0153a90062da347,0,normal,
80657407db914e399c5653636c337fd2,0,normal,
1e54271e7a5448b0bf6ed4e68fc4395b,0,normal,
b7d3388928d64513b8081fc28dc52bab,0,normal,
7c588210b427466181909b6dbcd6d75d,0,normal,
2b38121da4344b08b2baf970b4cebbec,0,normal,
41997c15055f43d19d3717aed89edd67,0,normal,
e24322112fd44b8e900427eacd27d708,0,normal,
59e2789777114b23bcb6fd316d6ff94e,0,normal,
0078ca5a973340698ddc0eb4b58d2a97,0,normal,
50c0d04c6cd04cd0b2c1828d15d2d679,0,normal,
16a62fe70e6f4de19345e4ee1fa33edb,0,normal,
9ec635cacc0f43158bb9f7bfa72422c8,0,normal,
84a5eeb2eba24891bec8759b435395ca,0,normal,
15d477cc01d64879936f1e709f5b2e71,0,normal,
2048fb4ad0f04d93ae2b23b195770f78,0,normal,
5d0d90c7c6ae47c988d71e72054ddc74,0,normal,
b0112a2104ec485fafa3d19b11beeffa,0,normal,
8f4148d6399a465c95373555e66850d8,0,normal,
d607599c9a424ad494e7668bf3591728,0,normal,
3bb8317d001140c596d6bffabf0dbf1d,0,normal,
b638c99049f34cb1baff9fe232497c3b,0,normal,
d98315c13d854b60ad8ee37f89bdc885,0,normal,
b2de09a3efc547a29afd218ab0dee614,0,normal,
697a9dd69ff84ba59055902331911ced,0,normal,
abad1b9fb7ad4ef69c21dfdea872f3dc,0,normal,
1aa36f5ac3f043b2b40c9c74c752cb68,0,normal,
a5290685c8674cd0be761c09cbe9f6a6,0,normal,
4a61651aa3344330bebbf5cb6329bdcc,0,normal,
785a20fdbf7b40228bd45fa5ea5b5941,0,normal,
d284f555ddc74a3c8e7992772a9d4fd5,0,normal,
335f2af732d04243af0bee3934182500,0,normal,
edef66b0d0e2413f8e1f010ceb6d1b95,0,normal,
974ab664ad5c4c56baf12aca19882d5a,0,normal,
e9b2009e8e1e4cba81787a8161efc051,0,normal,
7ad43d82a3874f0ab435a40960b44c35,0,normal,
897d1605ad0c45fca355ac2ebe28d5a1,0,normal,
42ae699ce7914b70ac2a10d7baf3edff,0,normal,
2b4130fc2fd341018f0e24a15a521b4a,0,normal,
0693100abf204a738ec9f4e1ce764a38,0,normal,
9db5fd4ff41c4325ac38aa3a09523aa0,0,normal,
0133e001efbe43e3bd7df434b1b5f8f0,0,normal,
fc89bcd74c01444ba36036176abed5b3,0,normal,
2af44552d20d46148f6b1ffd57c6d843,0,normal,
c40b9744bca947e78e4ad0ac7f26beba,0,normal,
ae1d25a66e834d159616003ffe7302f1,0,normal,
e2c6b08c5959494eb91eae501771ff09,0,normal,
f5387faf24d943c4bc3de398a972814e,0,normal,
45cc076cd9e84b43a6bd483a3993990d,0,normal,
550c40ed959e4a67a7fa15c641c1cffe,0,normal,
64bc39cfee77433d8954dc6ddce81c04,0,normal,
5b1fb31529954583a424aadceb0c7530,0,normal,
69cee9507ab64bb4b7c2a041aeed6d47,0,normal,
72187b1f2494417db42b06852d0f4c55,0,normal,
f801988f9bb94317bca5e0070d0b56bb,0,normal,
8a60064c051a45768b11a42ba1aeeab1,0,normal,
433236a60b4f46668c2abd84c2c9cf5b,0,normal,
ac61636bf0794056bb01c8f0f82075a3,0,normal,
84524f0e52bc416594a39ed3cb5d3d47,0,normal,
0bda2e287527406eb2617d21466d5629,0,normal,
fc516d65ef9147adb3f700dd508b8b8a,0,normal,
b5dc4b0fb3e046b18f0ce43f06c8cc14,0,normal,
45bc60902adf4c71b19df9b36d95a0be,0,normal,
d23ee9f961b5486087b13a0424382bef,0,normal,
44161eac74c44b0ba65c4da54760e48e,0,normal,
14d90465cf624649b424a6fb88fe210e,0,normal,
4d83fcb5ccf94de293779b77a5a5ac15,0,normal,
8dee5a3d5b0d4a34aee8bb83cd6b58d4,0,normal,
195ac83fa2ab49db8655b36e55a60c5e,0,normal,
9818190e4f0c48ab819a7fe87c1eb223,0,normal,
a42030ec69364669855b4f89af4554e6,0,normal,
533d58c88e9f453997ef71c904cba2af,0,normal,
fcb36608c37b4226bcbcc523efdf8330,0,normal,
b06147559c6741ffa941f6cdba4e710f,0,normal,
294df1f0a1da405c8952d69799d6e303,0,normal,
8f9a090556644ea898acd77de1f56dd3,0,normal,
6885afb92e19433f83f2ddc887ed2a50,0,normal,
70b9249265514d5ba7f39536c244db86,0,normal,
4e5723b4438a4df8a66e010de474e2e7,0,normal,
2774fc232fcb46279661486962cf9ac0,0,normal,
efa106afcfa14430a5050d009d3cced2,0,normal,
d8bddd169b0142f2ad2a2362d9246461,0,normal,
d07df5ee712a488397c1b01fcb3bb450,0,normal,
309596dd1dda4519be16669fc8c71c81,0,normal,
c20fba88af9a4f05800c012ab7cab051,0,normal,
72344ba4d18f40c890ec01cb39340b34,0,normal,
533bbbd2c0984a46b2aabc3ad20c830f,0,normal,
66007c13851a4128946e93705b2ce03d,0,normal,
d3850f1ceb68440aabfe65a465a6e2e0,0,normal,
e9df5e4ce0f74fd18cfeaeaad07e4788,0,normal,
00b390ccb8f3431c82b43ed480722c0d,0,normal,
1f23ced27d4c48068ce30b9a9e681add,0,normal,
ad002d7ff93742d1894178491af1958d,0,normal,
c8745d15dca147baadde648bf881ed97,0,normal,
6f257b736c374f0c9bacaa1f5d60d6d7,0,normal,
4c3a1db61e264222b50b0514966bfb13,0,normal,
41193e00f00a4742958e0e5ecf4fdf96,0,normal,
f4824cbe9e6947a1b132f2758071e278,0,normal,
3099d5ed2e544283a671274c50a0b8ef,0,normal,
5d1d092c924946699070930512e5bdaa,0,normal,
70c82b5161f64b0692192ca2dc42c9dc,0,normal,
26cd2035da464a0d9dcf10448adad943,0,normal,
c64011452bce4865b38bc2794c6061fb,0,normal,
36dbc86046994c1f9d197d03e53bc255,0,normal,
2ef89f6c22164d95961689f387a3c4bb,0,normal,
a9bf6f6170ef4dbab953b2dbe952c87e,0,normal,
9ec40a9b832c4cab8b8ae54f73ed436c,0,normal,
13d51bfe5aea4f07848af82732e44069,0,normal,
afa4c5e7e5a84aa79b738f4b46183a1e,0,normal,
0a9097bb90d44d98b919dd1baf83576f,0,normal,
01586ea1eca64184b6fe25dacff34ee6,0,normal,
6ef6c6ab9e214f7ab32d14989bb07e60,0,normal,
915e769b9cf54e8b9c9d1c3241fad2c3,0,normal,
596d1ecb65bb4a43af3209c621412e4f,0,normal,
559f832f95c6410c88b87aac43d66bf8,0,normal,
2bcf62dc0cba4c6195714f327ebdb7d5,0,normal,
1b281eb044ba48f39407d623f1b6a4d6,0,normal,
46db57737e22485d93fb4d5d33236368,0,normal,
1c5c7514ca4e446f84a7c10b7f3898c0,0,normal,
a9f9b27af72c4365890fb001c2030b96,0,normal,
b54dd46be1844e58b1be425e0ded1242,0,normal,
75d3b06eedb84f83a080592c1d2be29d,0,normal,
4032dbd5e42f45a589cf8506e7f00e2e,0,normal,
07b63bad23f64c29a5c649d06e9081ce,0,normal,
8b2d88204a234183ab142fd7b0d8e52a,0,normal,
c962bc35cd5e46aa8deba4367575a39c,0,normal,
8eafd0adfcc34528a860b3897590bbe2,0,normal,
b03ae699b56d4be6942f785e21cb9af8,0,normal,
ac2537c5c7f44dfb926a18d546bf8f38,0,normal,
21b29a9a78bd4a37954318b9d4cf1fbc,0,normal,
33bb69e573d24dd4a3c8fc82cbb12d9d,0,normal,
5d14d6d1edd24a84b8789c8ef4011634,0,normal,
a290aef9caf042c79ab3f635d09a1cb4,0,normal,
d3da1dc62f0d435db4e74692f1291fde,0,normal,
f91a59cf71d3487389cb0a7ea2542c2b,0,normal,
0b019f4c140d47b18e6e5787376a92a3,0,normal,
94c50731b6cc4e3d925b233a2802ac38,0,normal,
00b8c465eab046e4aa6e376bd1799359,0,normal,
9012d473c90a41108e2b774724e39677,0,normal,
a3fa4479cdbb4e34b71bc4fc44f91555,0,normal,
63ed5a27c6a8450584e78967c7d5b9f3,0,normal,
c4b1b028825e4dd591ef098c0fa36af2,0,normal,
671b80076c2843bf8b69e7f38c15aac0,0,normal,
d38ccc54627a4527a8689b6a770398e0,0,normal,
7eab8d7f7e24412b92e6019f87fc086d,0,normal,
e098636d61bb4fb3b9532461aa346a2a,0,normal,
41eccc3850214f0eac15bc7c6ae59695,0,normal,
191d01e1b1924e0fa37e68a937e4feb2,0,normal,
4e0ff6f2d0f64de8a6077d3e409edf5f,0,normal,
face5ad783df4c6d91d201791b6111c4,0,normal,
5b855529ce134ef183932d43c4ecac83,0,normal,
bc96c3f806084cbab50a65ef46274c3e,0,normal,
f7b140faee024b3895ba066e9b6b071b,0,normal,
f75413cec1fa46f4a4218ec85be8465c,0,normal,
e11f6b520ec24aae86a99dbe586eb517,0,normal,
f216f79484c14fb99657f6f50cc02723,0,normal,
4a5d9d30c339422f83b83462069ee0b0,0,normal,
9033f1b0871747db99c0296e88bb1cbc,0,normal,
8bc255474b504ad5b5508ec762a08494,0,normal,
f969e76783c640069dc41c9e5e9f3837,0,normal,
fc32c6f345f04bbb94d59ed515a09f07,0,normal,
43876f3598ed496e85641630f70c1da5,0,normal,
3d9a9b1c7c3d4c70b9bfbe20398a440a,0,normal,
a0c6d9eee69e45f28e9ce5737f255019,0,normal,
a7d092ed0dd34d6b8b5ca10c7e83973b,0,normal,
8eb655b7939e4de99f510738555e4ccf,0,normal,
c91fa699a1dd46329fa33b65739316d6,0,normal,
606dbda4ab9849c58437a4b3f179e9b1,0,normal,
0c0a3328edb14133bdb7f1827da2881c,0,normal,
ff80bc1bfd264ba8b9c55a3dcc535680,0,normal,
30a340ed749a476fb4bb77d0c0d83ec9,0,normal,
6474b3c0523b444c9bbcf17ce1cbcc16,0,normal,
286998c7e4274b97a0fff9e42c8d764e,0,normal,
b54af6de96f74b62893611a085ecbbcf,0,normal,
404a494c3ffe493a8535e1bfea01c30c,0,normal,
9e03120fe143414894542135277ef072,0,normal,
4df5c3c3d14245a880fb77b6229282a4,0,normal,
5926ca6bb27e490a9fde7afdc67e7167,0,normal,
14977818ceaf4afbb34ae5944b525566,0,normal,
ad8242902abf499facd7c703913f80da,0,normal,
ccb5352b94cf4327a4c53976d4cae9c6,0,normal,
be5a917e626e4b67803d135d59c26018,0,normal,
2e361ce0bd8e41668c1eb3592c60cf5d,0,normal,
f8144142fe38463a8bc063d42e69216e,0,normal,
f4e60810fbcb4c5292527a31d309c672,0,normal,
54390dd8c18e46768c069d301c818264,0,normal,
60c416de2d9a49e19512b6f2d45ffe16,0,normal,
6f2a276b78a64c64858549c3cc657bd4,0,normal,
4c2cacb031ae44b1b55a63a34e9c1262,0,normal,
62c10639af3240c3bd322d7483dade00,0,normal,
24b80f6fbfe34be78819c51f10123d84,0,normal,
e26fc94ae1a84251a25962bf08118f30,0,normal,
a73fb78ba8d242fbb08763d986621935,0,normal,
3e5cb9d22fb24e72a875004cfe80c71f,0,normal,
4cc034a089bc4de9a07ce60c5e91dfae,0,normal,
3166c9e653c5493db07b4dfce1eb51bd,0,normal,
eef6762fbd6a479eaacebb2c8a46dddc,0,normal,
7868f81987ec4ea294bdae11adf2072e,0,normal,
803a5159c2274e2b994f8b34ffc44dd6,0,normal,
2a2982040b8f49c1a3d73c8781dfc6f3,0,normal,
852aa0eff287474a96341275c7311279,0,normal,
e56c21d0c0d645fdbcfc5e45b2c1299c,0,normal,
933346005bbe45b6933edf45ed513450,0,normal,
9c5d22cecfc1443a96fd91d481664c37,0,normal,
c3518d2af0814f549bfbc51bfce2bf95,0,normal,
60c2c24d6ead4d18acbd0e8c879aa586,0,normal,
25c178fb8c7949098ac4db7d46718d16,0,normal,
b77601a9df0e4801a5bf43786830814e,0,normal,
dee271d5a0ef415ca83e2838ec5f1606,0,normal,
804c1078665d45908f3b4f8f6b7ff094,0,normal,
326c32f9205e4ec69303565cd8e6c948,0,normal,
8f792d95559c49a3a0e81f52be3fd81b,0,normal,
6543f2e3420046d18d396e23b38ea03d,0,normal,
c149d8bdb52b42ae954d1ba7743060e6,0,normal,
64c116ca6f7b4a18a7634d313a0deb55,0,normal,
f6c7e8d6b43c44859432f6455fd3bb66,0,normal,
6481dc1e787445e692d0188c034a726c,0,normal,
284e7848634e4b02b8c2c73b0ea06bbb,0,normal,
2e80c72c68bb40aabbad69f51b45401d,0,normal,
91e9a0c2f1484592ba1744b2aed64362,0,normal,
fefd420dff2648f3b0e471039dd87d9d,0,normal,
35f661e2ac2248faa582ab8880eeede7,0,normal,
8b09167f1a77471f953213af6483178f,0,normal,
cca93c091922436ba53be9f84168330e,0,normal,
bbd849abe51248419316a84481a76a2f,0,normal,
b1815994d2254a74a240f7475b06dcac,0,normal,
d520b4314d3a415fa9454c59a39d8b89,0,normal,
33c955d8977040559732921fdd97e19f,0,normal,
e22ddcb7aef549408c7a1cdccf7d0614,0,normal,
6f3d999d6db54cf1858c55222cd69f9f,0,normal,
c90487b82a6c4747bfa38df0bb2122ca,0,normal,
9014959c7466424a9dc7037050b20e9f,0,normal,
51127d47de224185aae3213f02e00a08,0,normal,
c1c1f49576974568ba67adcafa207784,0,normal,
534d8f0243804b12b40e411c53e5bc21,0,normal,
ab43d1d397f44cf694c1d37f447a8883,0,normal,
a2eae0b170f74e069ac4b409388195cf,0,normal,
6fb7d71acbf840cc8a74d8b1813fa5e3,0,normal,
d033b093232b443d9f23e84e569fad67,0,normal,
18e1ffc922d642979e32a8b1ad6d1648,0,normal,
2685fcc38c5646fb880bff13c729e4a5,0,normal,
a6cf2e1d7f5a41daad1a5f51f332b3d4,0,normal,
ad356536fc4a41ceb0cb2a41dfac13b2,0,normal,
3f3f6fd1cb324748a19bf54e0566d6fd,0,normal,
e488bf03fb9146489f718090caa912b7,0,normal,
a7a11e75d344476586dceaaf738b7897,0,normal,
47073e3cecc34df6b0d70ef3fd1c3a75,0,normal,
6c1451eddee7480ca5d4596f0a5277df,0,normal,
085dbafbcd2042ecb382034d47d85c4a,0,normal,
1258a0f1a4c3498d892d745cf0fab7db,0,normal,
6f03415234c249798b206ba57cee1900,0,normal,
e31262943f124021800ac9705287014c,0,normal,
2afa3233bffc4786b0e719781e5d87d2,0,normal,
fac55b77580c4baca8c09287111725fe,0,normal,
87195685ee914ed6899f059bb6e922f2,0,normal,
de5561e77f894591b977424019d3cf03,0,normal,
4eaca0ff38264e0e9a30bcd0857e9bb8,0,normal,
0a4e68937bb541c9b4e421c4a52c48ba,0,normal,
638a5baa0a5047e3865c0fd7bc81b0e4,0,normal,
10c353099f524f028e0e4a9f5f0ac045,0,normal,
2e350bce326a40599b6eb6864a9f2659,0,normal,
5949ca2798e942bfb380c1a818267b67,0,normal,
ce41467655c74e29b710132e83499274,0,normal,
a24b7ed878af48da8c9281de5e34ded5,0,normal,
65b668bf60cb48e8bce1821e2d0b7bb8,0,normal,
7475d34178c345da9ef2a771dddd3a38,0,normal,
66df3a79a1e1404486362a1ee1cd0da9,0,normal,
32c526c8330c43bab1dae5c466c52959,0,normal,
2d2ce8a5a4ca40189959a8cfbe259e23,0,normal,
5d397edb6f1a456197f33c9ad899a67f,0,normal,
5ba5692ad03e43559549734d478b8ed0,0,normal,
15faac6735f64092b4e62da39e198133,0,normal,
315a908d9fe140f79b6819fc4150936d,0,normal,
22986bfeaa254134a7df304207705d3e,0,normal,
ff7240b6daea4c4294d906f1c6c49f59,0,normal,
60aa29f7b2da46168ce9276600047b96,0,normal,
e2883867a3d74848acccfa60a58ce5d3,0,normal,
f14e8bd81c8a4dbf89e0007021136dc6,0,normal,
bec15344863440a79fdfe0e4391e67d9,0,normal,
36e14519f2fa4d97b8eb35077d2f4314,0,normal,
e51d3ae5d4b54373b0aafac0aed0fd24,0,normal,
a0140d4bc44c4e6cb2e348a9060d29ea,0,normal,
b54997a4dbbb48f3816ced93421c328c,0,normal,
ea3e537222d4486493d061ceed22d602,0,normal,
082eeec9ebb246d190de937bb9a82282,0,normal,
ea4aea828a8340c58674085623e86fbe,0,normal,
6e3eaa9dad814ba8b6ea3c53d863896b,0,normal,
760e888d79d542498f6a13717c3712b0,0,normal,
79e219ff9bac419eada653ff140521bf,0,normal,
1121a83ff9f7432784c73e961e541052,0,normal,
83122baace8b408fa7aeb6f0e9645d21,0,normal,
b9ae46569b18416cbd4269f148971225,0,normal,
957d72ac34c045c98401bca6c307aa8e,0,normal,
846d30f84b354005b9def8ccf1aac9b2,0,normal,
f73863384aa2408ab076b13b8f9a1108,0,normal,
b1b9ae958b2c4e8c8ac0e3db7fd9f423,0,normal,
118cebdbd0b64d03a117a7b55d8b1a1c,0,normal,
1ac369cc1afc4a68b60d9688a47b4c71,0,normal,
6713f113342047b4a9310ed8bc6f04df,0,normal,
fb780b02755c4803ae7acb5b4d840cd1,0,normal,
86f07ecfb96d40b8bb94848f9afb0679,0,normal,
0ddcd4f05eee48aaa214d75413a11947,0,normal,
77dc058272304080a88c92c25a1005a0,0,normal,
726b3715a5f74bd5abc10cbcbb2beab1,0,normal,
a6203d87a0104edab5bf0e0d172a66d6,0,normal,
188f60b887c646668b59e0138eb1a870,0,normal,
b20b2f03fa4c46139b69672b0bd51a87,0,normal,
0af167e277904ec8b94c36fcd8e215e9,0,normal,
a2b6c19b766c4412b312080eb2e19b8c,0,normal,
0b3879853c4a4e47a31bc71a0aa66f90,0,normal,
d322c2b17ff34da796d96d7ea298c5b5,0,normal,
6f4b23020bcd473d9c508228d5e5764a,0,normal,
fd604019bf28455fb20a8adddd2d7c99,0,normal,
b52dd79f6fdb4ecd9a86fefcfb16b587,0,normal,
77c820920ef5476499af4dfa57c1997d,0,normal,
1361bcdd95c24fe8be930451cd8b2706,0,normal,
9bb7a59538924ab094475b0a1a6bcfa4,0,normal,
6d4af925dfd640db8979ba5529bab369,0,normal,
c5ca6b64f8c9496d82bf1e82be066925,0,normal,
9482d04ff7114c1cbf65a1406ba9a813,0,normal,
799b189b0bd44c1d8dc83a720a893ef0,0,normal,
0e79ed969b514898adebf5d0b6f87387,0,normal,
a3aa8b7ad92a46efbe303d8e8dbcee0e,0,normal,
178c0138e0894ceebabb2deeabb18131,0,normal,
133a6c3272964e78885cadb32581fb83,0,normal,
6e713708a4c94af1adfdadd5e7d80275,0,normal,
2f9b94b7e4e64e5c84a58fcec5c6bfee,0,normal,
d2636ed362b04b87ab205a9959f10665,0,normal,
0296c92956e44091a1221f567a5209ae,0,normal,
4fc5d8de03f84129925b6f896dc7d245,0,normal,
cb4683dc4c5b4391a823fd999f3b40ea,0,normal,
3e39ce49ef3f4b3ba186a84eff25f75e,0,normal,
cf4175083e884ee59c112992dce7605e,0,normal,
25eb606f1c9f4ee09e96bd7762fadf69,0,normal,
2f0374ea4a4d445bbe09a5ed31e1f7a8,0,normal,
21a3fa55cbca495db785b3ddb084710e,0,normal,
6f8ebfe862974dfb9e6d456fff960b2a,0,normal,
d8b3574b7eaf489c975f29c779596378,0,normal,
7f9e33f1b9634cb491f51f44702a0cec,0,normal,
6b60b5ea82804fafa19bde730aec89e2,0,normal,
707df822783f476fad8693be9b103503,0,normal,
1bfe8376a8b1436f8f89a170e34aab0b,0,normal,
c9ca655fa0f64940ad12002f5298929f,0,normal,
fe7b54db27b748d58cbdec4e8be0253e,0,normal,
6f310d16bc2f49da822b0e5a2f4c61d5,0,normal,
5ce333b3a1c34294b048bfd5c2a2cdfe,0,normal,
9d48b4c4579e4406bc8a8ae96077d6d7,0,normal,
43292544aa1c4ee69d18e64241123181,0,normal,
e336905cc6c44558a9c33dd3ba88a2d3,0,normal,
591d69b60ae447de8c335e2a21dfb271,0,normal,
71f8e6514e7d496db294c51e63fe8962,0,normal,
12a45dafa06240ffac36180be2e27dd9,0,normal,
ce153dffd67d49f7aaad6c2f2b2d7c0a,0,normal,
67b4a29c80bf451bb5d033165e45fb79,0,normal,
e2625642814045f19f28911d96e3a255,0,normal,
7d7251a70a70437b8bfd1528217f20e3,0,normal,
fe408afff0ba4497a658779a58831292,0,normal,
c687386f24f649b2b4946209ddb4be93,0,normal,
5d116a68e6384b3f9e97fa2ed478c565,0,normal,
49503e05b6004ead8abb0d5101ae0af1,0,normal,
179cd6a7c63b44b785ec08e74e822383,0,normal,
bfac76da90ae498bb360ccaecf49525c,0,normal,
bbd4cddd580748a995558f860b38242a,0,normal,
35c4fe8bfa684194b475f1e5d0454a89,0,normal,
f85de90064ba4572921c7b561ce0925a,0,normal,
aa024c733d144782bf7986ee3716ffa0,0,normal,
4188625ea4dd4f87809673a4116c9d13,0,normal,
ca717eff1bf74361ac7ea6e34555e861,0,normal,
bedf41215d6e403c9b07ee4882458bf5,0,normal,
75cdb3a7931b4f16acf3d943275d4141,0,normal,
0a6eabec0c054e8da1b805d88243290c,0,normal,
ba06be4c6ecf4620a3417a6750c86ee0,0,normal,
de8c3f8d3be046539404206fd6af67b7,0,normal,
fe4d7e300e644684a6d7d72f9c190cdb,0,normal,
1605e77f8d0d4242a36ca06141cee0e6,0,normal,
50053c3e9be94013876c50e3ecba74a0,0,normal,
125e6359fb4949979677065d52d382e3,0,normal,
51e30a1b72a24fd7a1095ad0b3a62507,0,normal,
955d82f848d541bc902bdd319e319e9c,0,normal,
361f3365bab945e99ea6fadb0a43421e,0,normal,
bb62bdfe53e348dd9e4cceb1fcd20ee6,0,normal,
ed685b970a154c24bb5b12bdeb484873,0,normal,
1d497bb537974495a2445928acbf96d3,0,normal,
5b018271d26d4e79bf41b4dbb7dbb558,0,normal,
4fde0d81aaa24512ad2e0228b83b801d,0,normal,
36d4b1b16e5c4799a379702832457f5c,0,normal,
392750700581494d9fead2a1e7b11070,0,normal,
1dd60276d6a2438d802b7d01050d6d09,0,normal,
6d84a7fc794545dfb8b880de1f852065,0,normal,
b3df84239587431f8527289b86d88da2,0,normal,
c2eb384361b34b0d8d00af4bf9ba64c9,0,normal,
e740f37418134ffb9411762c24c205ee,0,normal,
5088d6d5c9bf4f0790298aee89c5ab58,0,normal,
bd631a35f69a4c568bf57525b0307228,0,normal,
163b6449ee2949b093a1d061028a00dc,0,normal,
d7e6d050e6c246bab579a7ab1e3c5d2c,0,normal,
5802ba29f6924c76a94d111686c9fcff,0,normal,
e14388b2432f4074aeaf3fb4903d2358,0,normal,
8ac2f1dd38c34a169f8871faba19faca,0,normal,
774904fa1f4049a5870c70d9383a6df9,0,normal,
fa52632642da4dfa96bda2a4033f63c4,0,normal,
fbff448d3ce14a8d931f0ba99a17dc28,0,normal,
9cd559f32c0a45b3b410b4d8e06a0309,0,normal,
0327f66471e7405bb0e414078a97f4ff,0,normal,
aad84c2597ae4e41aa7342e9ed90be13,0,normal,
7fd4d812a3724b23a2372d61f83f21ad,0,normal,
e8749ea3fe1c44c3874c58e0f6007ec9,0,normal,
2d77357cf2904cab91448eeb119ffd96,0,normal,
0c44eccad74e438281b214cdf94d955f,0,normal,
0684f254a17f4583a5290001ee6755a7,0,normal,
0c2576981d3d478c8a9a0480a0cd5484,0,normal,
7b2268cc87314160be776879b91033a8,0,normal,
a758f8f4fe4c40e7a5e2849879824c9f,0,normal,
2625cc3ccf8140d882b17335fd7540dd,0,normal,
92d9a064d67f42298a51489d8b67a56b,0,normal,
2ceac5ecfd0d4969aa3c7098d0677954,0,normal,
13a576915764426eacfd0cc445c60ce3,0,normal,
5092ad1974d44bf2af62ff743a9623e0,0,normal,
3596054db0b64adc910dbb1ad7078d54,0,normal,
acc1e5ae2a7b48d0aace420b5f8ce40b,0,normal,
39795af8dd1648c4b324f1e1ff9ced75,0,normal,
1ad8a5fd6c7549319fbdf1bbf5d548f8,0,normal,
69029846b7174a2d996bfd8046ea75d1,0,normal,
a094436fb98b4d92aa1cd55b22e2a018,0,normal,
5d2b43b723064fc6a7356902223b4154,0,normal,
86ba05a06e5a4e26a21083fbed31fe89,0,normal,
adb796967e9b4f9c860e15482326414d,0,normal,
fcec0b97a763436cbeb00696fbdf12d9,0,normal,
2d910fbefb5041d5ab28132252b6feac,0,normal,
775fbc63454e4db687da37f5f0f85364,0,normal,
7edc7013843a46f08950c89c8096bce3,0,normal,
682694e450eb4dffa0acbcfb79ad65fa,0,normal,
970816fd50bc4e6abd1eb5a24d57ea97,0,normal,
b979fa3cbcc6434880fed45d281e8d18,0,normal,
6879aa6174924b49ba4f328e55714d45,0,normal,
5dc16f72154446afa9ddb3bb9157068e,0,normal,
34edb17955644a1e8d786d74fc568c71,0,normal,
bbcc4f16826f4d75af561f5d62f53084,0,normal,
1e3a555716dd46cfb6be0acac06351b3,0,normal,
8313cee18c524d019b2fb675dc2af475,0,normal,
d920107934a9447892f2a9d78f52981a,0,normal,
0b5f8aca827541409e665ce67218144a,0,normal,
e2f4386390634de1af23d4d5d1485b77,0,normal,
deb121d348b346238ba22ab3b2594766,0,normal,
e8d882d6a31e4586b310f1e13ff39f1d,0,normal,
48e92b1d00ad4314adeb1c35c5150bde,0,normal,
1f8e0d6db27b40e1b243562c64c76f81,1,wallet_reuse_burst,burst_306
83f3ee0931dd4c56bc2ea30438a99e87,1,wallet_reuse_burst,burst_306
79a3eb3e0d904c51b12deb70c038cdc9,1,wallet_reuse_burst,burst_306
3eb8dd1decf64eac9d11758084881aaf,1,wallet_reuse_burst,burst_306
3fa3073309fa4012a862af5cd818dff5,1,wallet_reuse_burst,burst_306
33c8fbae14494d6cb2789ddafd6ed63c,1,wallet_reuse_burst,burst_306
d419f7dd0b944f1aa0ba6ceebc2e988c,1,wallet_reuse_burst,burst_306
850af2dfaf8d4574a6ca3ddbeccf56bf,1,wallet_reuse_burst,burst_306
ef914ec497ea41479ad4ec05ebf99884,1,wallet_reuse_burst,burst_306
5080b61ddce5438781bd36d124779ed9,1,wallet_reuse_burst,burst_306
271d919354d740268b04abe9ca4556d5,1,wallet_reuse_burst,burst_306
7ff4c9d24488497287a7693ee5fa9f3f,1,wallet_reuse_burst,burst_306
07604ffe01384f869c77484bb10ce8ca,1,wallet_reuse_burst,burst_306
3a27989127324b9188eba2a5f4ae8b20,1,wallet_reuse_burst,burst_306
fdd5566992aa4559a0c7649aa628e8ac,1,wallet_reuse_burst,burst_306
7afd452b56044325857e902b79968562,0,normal,
a4b2055b22a046ad8fe9846c39f9a825,1,wallet_reuse_burst,burst_306
6fdf4ee11b5244dbabbec8f513b8ccd4,1,wallet_reuse_burst,burst_306
5313df8038ce4e038b0728a1afe24e18,1,wallet_reuse_burst,burst_306
04c175a130df41c8acaac22dfa6437e2,1,wallet_reuse_burst,burst_306
27978120f9974d259d2fa69cc11b4b75,1,wallet_reuse_burst,burst_306
02db139b5bb242019b314876804fdfa3,1,wallet_reuse_burst,burst_306
7b050c0ac82e47cf82b188c9e1916561,1,wallet_reuse_burst,burst_306
6a965913899e4cf9ab2e212d6f8f22cc,1,wallet_reuse_burst,burst_306
11b5f199e5de48448627807415f73c2c,1,wallet_reuse_burst,burst_306
60cf838ea67c46ec9ad98bb9254639ca,1,wallet_reuse_burst,burst_306
fc8c3f10fe034382baa319d3353b5672,1,wallet_reuse_burst,burst_306
4b64050e42074116bf500fb6b2403c99,1,wallet_reuse_burst,burst_306
56b49a67be6f4d93850c5ff2501221f8,0,normal,
b8e097bd2eef4ac2aed4916e33dbb82e,1,wallet_reuse_burst,burst_306
21b0b0151c8c48579d95597efc53e541,1,wallet_reuse_burst,burst_306
fb8becb492bb41e7840f38a3dacc1111,1,wallet_reuse_burst,burst_306
66721eb2474b436aae01c3b3d96037ee,0,normal,
3a44e31d17944be78659ef964b8be115,0,normal,
be6ad042fdec4053b6439f428842dad4,0,normal,
1c8b387c0f344951a2504dcd05830af1,0,normal,
c151f50aa57b41159df675b5bd828851,0,normal,
5fab7ef77d3544e8ab8d91159ad884df,0,normal,
ff1953990aea4a30a6968c6a2fc65f9b,0,normal,
00b74cfbb4db4a359fc04b91b9fb18a4,0,normal,
46f04e2818c349d792b5ade396d2ea84,0,normal,
d3b99dbafdd546cabc6a7d73c215db0d,0,normal,
cc0f138a3a5c4f048d587442baeb0b0a,0,normal,
34094aa17b2143caa2301029370f3385,0,normal,
09b03f0e14ed43409d832bfb9798b098,0,normal,
1cfd717f35174875b3656c3727dc4caa,0,normal,
ba7e6792662f45428d8d8fcc32405b29,0,normal,
e20e740e5e6244788632dbb5f442f011,0,normal,
f34ab100dfe64436b16360f906def089,0,normal,
3d5b219bdde04b118ea8d210872151c3,0,normal,
420ed2d22e2947deb434de95d3c82751,0,normal,
66a232a9b5f04dcf8cb5fb2e5595fcee,0,normal,
97705d9bb02d4c4893f4a0dcaa0cb357,0,normal,
521d7b285c784380acdd5e360dc9e2ac,0,normal,
1a9e3434ce2546eba8a55b4a76067ba7,0,normal,
4654f1f9a5db49fb9649de3dd397d282,0,normal,
3ec4eff8337e45aeacefed7c46043b65,0,normal,
b23eb289ea754fac8fb6636912229907,0,normal,
af78d301c12845a1b257113792296cac,0,normal,
503efa9cdf1b405d8f031024066d1e1b,0,normal,
f069adac65c34ad18e677c3e5313e7fe,0,normal,
b06aac92213a4a4e8d7f2a2012ba9e0d,0,normal,
be0db14ee9234a209aa07a36e4855454,0,normal,
b15d5a37c5b64c31bf8f44860963548e,0,normal,
6df7be7d62e942e4ad0b0ee821e308c0,0,normal,
5ef7266b66c043bb8e6087bbe802f0b9,0,normal,
5369650a1027485a927657e2df2e2b72,0,normal,
58d035a9182a4e03a55da67633e7ea59,0,normal,
23704d590f444dc7966e903b108117e3,0,normal,
72508b3cd82349969c51eb6ec80a1f6a,0,normal,
e78870b992d943889d51500e38c3e1a2,0,normal,
18ae206200d34c11806083a7c808aade,0,normal,
7c067df4d58946b4a05367e6ffc3b2df,0,normal,
502bdc7c19cf49b6aae981ed4127d418,0,normal,
598e7c5a7c184ae2b54737e894ea77e7,0,normal,
b999a627f87b4f85adda27579b052d7c,0,normal,
36a2b06b77db46759121cf47832e53ed,0,normal,
6e0e0bf80bea450583231899d4a58e22,0,normal,
273911118b0846a2a85fc7ba8758cbf5,0,normal,
7f1b7940416c4a56acb8b8b2527b90d9,0,normal,
74bb40adbb3644dd890dfe924d169cc1,0,normal,
83cf69fcae5b48398887cafb59211517,0,normal,
4ab9083cbfa7436694e80fe42a6b8541,0,normal,
d29260989a1e4cee9af6a62e50a6d581,0,normal,
cfc224b9c7cf40caa2f2c58fdf81ce39,0,normal,
1852c06b3041421894a72549389dcd83,0,normal,
e5e6557f5add4a80859de957e3cec6d7,0,normal,
b3f7fdbc9b864033b7becdff9f1ff990,0,normal,
d3db542e981a4ec391838f4ee0cf5c8d,0,normal,
c3ceae8fe0524bfaa06321f5c5a33abe,0,normal,
26ac4e4e8d104f3089a34ffce1da2789,0,normal,
acc933329de444358d0208d9c010324d,0,normal,
adb9bf01459d4e07a67f998b15c2eab1,0,normal,
a73b19812d674a2dbdfdca71a77ae1d3,0,normal,
f68e2dd0c78f4f01967deb6884924b0c,0,normal,
d9037dbbcc694ef68cce3ce21e3c4f26,0,normal,
f3610153dcac41d8836d645a158bae57,0,normal,
ee77dcabc4624c94a9450eb49f2f818b,0,normal,
fbabab2bbf9b44b9b7f71901dae6701b,0,normal,
e0aac171fd684dfb9bb9f07478fa00d5,0,normal,
9a5a34e21e954ccab57cf2f7b309ef30,0,normal,
970b13a846984408b41fedf0efbc76ce,0,normal,
ee6cfa5ef60a477d8e5a6a114d7aa32c,0,normal,
49301bdff27147589b1d54eaa44f7b46,0,normal,
9f2c13ec153146d68a55780cf8f41cdf,0,normal,
7aec1b8bff724f3faf7c7986f2a43b9a,0,normal,
60abb41863a74078b5f60ada6c6dd568,0,normal,
be3100b421584b2cb8ef7f1492a58fc7,0,normal,
b816e37b830c476f929b1b09428ea3c9,0,normal,
8a9b72013bfd481da9f4b225b2377c26,0,normal,
925f6d2c0c774936aeac8bf178ec3260,0,normal,
8282be861a1848d3a04955e6124d11b0,0,normal,
e89739fa966f46899606194607fa6e21,0,normal,
aac0c47eb2c848beae8a8f0f1eac5431,0,normal,
4681d9e8bff246b2880f61263beb88a6,0,normal,
319c7576103c44ea8db3db239be9e87f,0,normal,
39d88f921cca40dabc962645ec33b230,0,normal,
7f3b853ef7a2476e8473842059dc8def,0,normal,
944402be5cdd49b38357340542758508,0,normal,
2d62ec24a4264b86a5823c3caab24fcd,0,normal,
1f343107eb7f440d8503a39586770777,0,normal,
e9b92cea88fc4f5e856a4e47cd0a3420,0,normal,
90c1ce66a2634672b3c44f3621ae6d30,0,normal,
128f46e24d0848a394affe043d131249,0,normal,
288ee517d226409190fd6f866d5062a1,0,normal,
0131b08d8ad74922abdcf306f19fdc7e,0,normal,
5055b136756d44579be4814a36e92d3a,0,normal,
9812326a62a84b70a6acc2d375a8e451,0,normal,
fc33f6f52a2b4c3a967f2decba6fad6c,0,normal,
ae0dd2a710ec4214b57baa879ec4985f,0,normal,
bbaf758ca9bd4b78b37f218aa9aa6626,0,normal,
49d6d7b3a32b4b68b38396bf0d5210cc,0,normal,
3013e2f9950d49489d725e11140cf0a8,0,normal,
7f47abebd17842a687e66ce8a2be1ff9,0,normal,
4b72495834664b5195510f59bf27047f,0,normal,
3b88650bedfd433294d5389d8c92d945,0,normal,
558c34b5e8484e209d34064b9762ce12,0,normal,
2c9a14d3cad94f3b9e032ff60f5a03ef,0,normal,
bb55d9a0ade54227899a8250f917eeaa,0,normal,
fa24a19c5f534c6b92085f455dc1a4ef,0,normal,
1040d88267ed4c6ea1a9854bd0743e0e,0,normal,
5de7c587bc6344a59ee2fd71d5be86ab,0,normal,
c6d8722b26c94e60aae8bed396f0f330,0,normal,
26f4181c07b1441a92b648690e53e560,0,normal,
f3c237d538e143999825dd70de78d080,0,normal,
58b23e998dac4f07b5c7f31288885119,0,normal,
732951e87545440eb5bd6d866ab2ad34,0,normal,
cda5c96541164d6fb0706aeb38276956,0,normal,
12949d70729d475aaca93a267cbe26b6,0,normal,
7fc57e3ef2624a358b0bbe6fb827472e,0,normal,
4c07d9a8ecc74dfb845c9211de07e820,0,normal,
7d3c4ee3cede4102870c5579abc9f81c,0,normal,
61b5a3f9ec4b45889770066643f5110b,0,normal,
efa9da351f0a4623926706a544a19e74,0,normal,
2f38495e31764493b6d420da9eb64d0b,0,normal,
a0c8a520c3e2492abf1353ac2e2796f4,0,normal,
17d7454651e6492798f0ae0b6ec5ca42,0,normal,
3482ec1397c840088d2eecafe6e74da0,0,normal,
a56bd5bc5c6749c799e5828d9dd915cb,0,normal,
e3722906a3a54b5e9324d1010e27075b,0,normal,
69fd47aae73c423f9d0921a109226818,0,normal,
dd884b19d87845abb1033f445dbe5ac8,0,normal,
2be897b1ea2b43f9b0e9b33636f6e4b5,0,normal,
0f3e326aab8b4577b3f99acc28e2aae2,0,normal,
47c1dfc531884c6490db187ea87c2348,0,normal,
bd04d0dd7cbe4be58b9e4abc2558a345,0,normal,
fedcf31a203c4381925b2a0034fe03be,0,normal,
e3afef9e23c549be841450cfaa70f82b,0,normal,
97958fd4d74e4650906932df54423381,0,normal,
ca1c6ccc2dbe490986e40ec7e0818eee,0,normal,
b4e007de1f3c4c25a309f6fdb129b8dc,0,normal,
f609c1efe6234382805f35873dbdb8bf,0,normal,
90db3ad02a1a457e83ed5321691c2680,0,normal,
0092ec463b784a7eab15fc890ada74c0,0,normal,
a0ec672cbd994a66b2d39f2b6c6a1501,0,normal,
a4e3aa894afc4c4db54e263c55c52792,0,normal,
510c37a712064fcea139d034426cd0de,0,normal,
b7b45593640d4af0b6be722bc59f7428,0,normal,
645c44b22f594ca59138b340c4711500,0,normal,
bba4ed4fff5e46e987266e696224d646,0,normal,
023cd58deb6440749a981bc6b10e50c0,0,normal,
406fc90d5f0c4915bde69496a7c57ff2,0,normal,
49ad1b679fca483e99d8d2180141db32,0,normal,
11d19d903c8e47ecaa38eaa0e1d08923,0,normal,
ed7d2cd4a61c45d7bc06c8792a3963ed,0,normal,
46d26eeaacc04abea79dc270e2d5a96d,0,normal,
9896c82ff41e48668ea5fc623d0505b8,0,normal,
1b9e511bdb2a421d863d02d912725dc4,0,normal,
a3ce4e43dcd9454ba4c6ba268c0e49f1,0,normal,
d156e8fbbe014e578193db0279db55be,0,normal,
1ee9681893174799ab8a19c98e9edb68,0,normal,
ce733b507b0d4acb82ae158fbcea9715,0,normal,
b46f04cacaa642db8639d102926bec2e,0,normal,
e7198e24d9e54868bc84bdf848c5c936,0,normal,
e4d4f8680ab54e78a415e077da4196f8,0,normal,
3ffbf7a9a204403ebc0190a1676981dd,0,normal,
d79301b42e7c435ba4934ccb50f25996,0,normal,
5a64ee0b76b84821a91c2f34bb842c2d,0,normal,
0635e613c8d84f9d81eff56d35decba9,0,normal,
25db4f211f914d6b8c1633a5c195578a,0,normal,
b923254c4db94e36aef91d1e47811ea5,0,normal,
0a285213f34048d099c6b20fe7ccc6c7,0,normal,
32126f330afc438ba49894b8bd68786e,0,normal,
6ec32cb1e7b147dfa905230b09ec952b,0,normal,
357c6bc5d9e94a62b2e11fd07f2319ce,0,normal,
dd27c133dbc8474dba735d9e3655e745,0,normal,
fa50021704bc4f13ae3ca515ddfa2f7e,0,normal,
0d127e8baae64f3c9d441d58a38dcae7,0,normal,
c2a73e5b72184ee78e72ecd4d67f9f26,0,normal,
2e19b003c7f84b369cbea168e91cae8b,0,normal,
cbd62f14e1864a05882b6637846532f1,0,normal,
0b4ba66c637d4dd3ab1155798493b7ee,0,normal,
fd39d487c38e48c598f555325a12eec0,0,normal,
996e631a08374bbc93404c45bec02213,0,normal,
53da78c60e2c4c639f7309c39be61051,0,normal,
09a553d06aca4f7fa0442ab8941fba0f,0,normal,
732a425efc3f4b80a2b18a842c33fe76,0,normal,
d4a22a64c3274bd59254713eb4a72ffe,0,normal,
d7cb501ba97643348481ed1f6ce1b410,0,normal,
ed2870abef524cb1a9640461a893221e,0,normal,
52e7196f09904e19a94db003d22b7a0a,0,normal,
6c0159fda3694435ab83736b5ee424fc,0,normal,
f317c26bb4a94c6f9608e04ff0e6e1f1,0,normal,
dfd386d300b44a0798d0c31f5d3ee6f6,0,normal,
71ad51b0cc3741f1ab2e04e7f4b077aa,0,normal,
abd1e40ed89f42289913c180438f4ad5,0,normal,
3b9e1a9992bb4fe986c083dd7b79b9de,0,normal,
80180a8e21194b4c85dec95ddd647078,0,normal,
01ca56db4b624c6095e390fd09492a9c,0,normal,
ebfd182e061f481c819abbe243feb31f,0,normal,
c6de74368eaf445b82bd2624633980fa,0,normal,
2081970c47e64221ad32897d83c52dcb,0,normal,
685e5cb80a8745a7ab95375608477e4e,0,normal,
bce4d356896d45caa9132eef7b5ac33f,0,normal,
e023e7bce11c4036906fd87c6709d190,0,normal,
2aae1a4e7c51422494cebba4e450d80d,0,normal,
bc86512971ca4bd084826732d46ab7c8,0,normal,
f3bb6c00a63a4e378bf59661c870741d,0,normal,
527218d7b515443b9a4408497b3dceb9,0,normal,
26ee16f1715c4d55a9b45473e0ea51f2,0,normal,
868376e821244c978e5cd2c86b309cf1,0,normal,
193db2c1b860409ba123752d7c12f099,0,normal,
38d2abc16bea49d7a7da0b49d0da69e9,0,normal,
2f2036fe33ec4b749db091c8172099c5,0,normal,
3acd118c3d994ca1bae030a88a0402fd,0,normal,
7307dda744fe43c1869bd6bc8f9b1984,0,normal,
c15e5209365444a38ef802c78c136b6d,0,normal,
240a15be0a33422890cc339c7334b4bc,0,normal,
64a24620197a402d967910593951d6df,0,normal,
e0c5a17708684fe08e8665a9238ed19d,0,normal,
7fa12167fc2e49e0b780fc101d2ac0e9,0,normal,
158f8475d37243f4bc852eeddadb6291,0,normal,
5a5c94d6ba5c49bb99e4b86609d4f07c,0,normal,
b84e8931eb5b4147b16c0e94aa4cf7eb,0,normal,
abb4c67b13584f03867e943c5bf63e20,0,normal,
2c70a788702643c3af9497857c151aad,0,normal,
564ebfdb827541d6b28cd4c64a17fe2f,0,normal,
84ae917348ed488a938e43daec931fe2,0,normal,
f09a9c9377d249e0b438db6dd43c924d,0,normal,
524d0fd6417246b49285cdc05a7e6090,0,normal,
e6ecd57d82d243eb861c7e3adefe1bf2,0,normal,
6cfe5f821e924dd0b624085a79eca638,0,normal,
3b732bb18b4a492087257260d86ade68,0,normal,
f4849245667b4c3f9696550ff42ba8e0,0,normal,
eee329e4823a405fa44d7a74dd996732,0,normal,
3bd435af426c4b498eec3470250a97af,0,normal,
fc829b42191a4fdfba31b1fe385005e6,0,normal,
36ec16d355384698bb89e40b20de24d3,0,normal,
caf0e15ee1944d2b84f3f6a22457c424,0,normal,
00372a89926143f3b249d044aaab7bed,0,normal,
370399d6ff6a4d37a2f3f895ec8e79ea,0,normal,
05b0ac31a17f43f5bbd78bcfd1789a21,0,normal,
8c98ebb07bd948f3ae34d187e6273f6e,0,normal,
38808969f7fc4bdda9ddd45ee30f98ed,0,normal,
d0db35ee67ba4d00a5d459b8910c764d,0,normal,
5a6f31d6e2524c7fb8922a3f4dff7413,0,normal,
244bd42f6d574c01aa40ba0ef2165581,0,normal,
0fe4c3d2678449caa6b2f18dfdea9a77,0,normal,
4cb8cb51ef8a4600b0edc1691cae5829,0,normal,
281f012f443240e089d8a55d5456bcaf,0,normal,
35a62f82b18043b4affbe2e72a6d5b9b,0,normal,
8dd026d6afa14af98737d8ed8ef01564,0,normal,
c4ea5d72307d46a58b51c912a84080d7,0,normal,
d2560513d74b4e3ea69692cabc8c3279,0,normal,
2d09aa0de7fa413e92bab42faaaf518c,0,normal,
1c5f39e378204f4cb9e651cf1475cf97,0,normal,
edd6d15daa8f4c4c9a3631a6f36315b9,0,normal,
8d0bd1d3833c4d2fbc379d51f103e67e,0,normal,
409171ff92c344899305eb379e4c3f41,0,normal,
5685a23ae9f24d73ab7bf375cb96efca,0,normal,
b6273f95ce884b2386076267cbf4a43d,0,normal,
2bfe638bc76d480bae897b106e248a26,0,normal,
ffd971facfbe40d6abb7a854aee05797,0,normal,
d0977cdc823f43d2800ab01701620653,0,normal,
aade80a0085c4949adcfca76af6ac049,0,normal,
ffd6ce6202b448aabfe858f2c347b4fe,0,normal,
7be901b1264c4d6eacfc84d08381c904,0,normal,
f32153dad5244589bba9706c17371298,0,normal,
85f75d714a1d47438ca52e05c0459592,0,normal,
e7864b98daa74c5db422660b8057d218,0,normal,
65fb8e9cd75344a59df01624642b40b3,0,normal,
e6d16a7147d14097bf3725203addba24,0,normal,
dd7705e7a27e453283967dd4876ee213,0,normal,
142905670d7749e192be0849a35af8fb,0,normal,
b4b9f6533755446d8bfda1983284e0d5,0,normal,
966ba2fadd8d44ccbdeec05fe6ea91f4,0,normal,
dbc826110c514ee5820ea9adb294b432,0,normal,
0dc576f9f2994b2ea465c11a45c0191c,0,normal,
ce41394ed5104438a3963d65a518250d,0,normal,
d2efe60ca62b403daded507af547df3d,0,normal,
5c389a9cc7f8473c9a3fb3f541658539,0,normal,
f3bdf968ba4048abacf5e15b28fd0d34,0,normal,
f4d771e816b247a58aac6f7603202b87,0,normal,
57f9084a9c0940f5b2d71626fd0fa48b,0,normal,
c4edf2c9132840b789e7072153e3ec77,0,normal,
4ef7fe1c52284572869a8c7153f7955b,0,normal,
3fc9996de9844dfb81cf2c1d8d6d1032,0,normal,
5fc9347619cb4f7d9c6fdb8dee3f8854,0,normal,
234cfbb173944c58a901453502a7fc78,0,normal,
203574c0072047f085d267d40b1da476,0,normal,
761bd6890bd4498a95704d3d7bafc32c,0,normal,
7158eee6190041bda7599fedf2e11455,0,normal,
d388f80e2bf34586a8851b8ac93ae5d3,0,normal,
3dd1c122d2b24c9fbb766b11fbc42dee,0,normal,
3390260f9d0e47cfbf024148596a6e87,0,normal,
89731799b236455588cb16d89d77e3e3,0,normal,
0f9dff91a9734faa9d142114d88caff0,0,normal,
fac3e7be976f4c66b534b6ff5347f6be,0,normal,
0f097764363448c3970a86b1950cda23,0,normal,
0d2462b6c9b348aa800371dda22b139e,0,normal,
48a344b186704d00b5b45aae81bc8e54,0,normal,
6984b90286ed44f1afe0c19d21b7fc04,0,normal,
8dafd4a77f2b4b2b96900f3a07a52c0c,0,normal,
9d14e14747014e92b0c3a937a13179af,0,normal,
d604e0f61cc2459c8af7523eab16c618,0,normal,
9157bfaec16c4c619250b27f82682215,0,normal,
bd8015598d644b87aac3abaacd17790d,0,normal,
17db730840804d349ac6d60c843ab648,0,normal,
c284ff9df1b7414b890bdc1d55c04db4,0,normal,
0e812009742c4877a90480078465d71a,0,normal,
4c7e6455cbb24b4e857f3740f0c3b267,0,normal,
74e6f21b06314a08bafa989a89c7de8b,0,normal,
2c12ac06eeb44e3f8af40654f866e645,0,normal,
95cae21f078a4434aa0c0b72a203506f,0,normal,
9182ea3c17b6483c82719d9a05b99442,0,normal,
2acdf51e295f45fba3e06b3cf5c1eced,0,normal,
fc5e63212fa2435e81deab4a2a3c8d6c,0,normal,
8aeb8f300aea4a58938c50b8478c0203,0,normal,
542e23eb74e94fce89d33580ce9e68d0,0,normal,
b149e039d88c4b04b9f880cfbc7137d4,0,normal,
bbefbb2bc9e1414a9a448e2257663732,0,normal,
e3c6f0b3844a4e24bc7543b9aa305439,0,normal,
959cd3c566cb4e49b2326529b9e8be04,0,normal,
f4cebaa9b4694f15ac9b943b5722ba93,0,normal,
d4e477dd84194b3280ca5a26ab98d80b,0,normal,
6807ea8394c34b86a4ef52f49ddcbe8e,0,normal,
9a3e01667c8949349d9ec78253dde4bf,0,normal,
52d20f81f5ce4671a300620110d6edf6,0,normal,
64b8c8763b754656bd9d9b1250916d62,0,normal,
40fabd3156b74c7090bafdea318844e5,0,normal,
c6c95bd752004c9ea366ac62ca7076e4,0,normal,
585efc7a31154aeb974442e48c28ed4b,0,normal,
023f6923f1014fdd980c5cb049bc4e5e,0,normal,
7332f1e8c4bc40fdb615c71ee4beb322,0,normal,
17cede9fcbc14d3caaba420637503c0c,0,normal,
66164d5534e74c7aa13a339d3153c596,0,normal,
1d5abc1a10784c55a5d8d568373181f5,0,normal,
41fd0e0ec00b45b3bb84ada1c6061440,0,normal,
54e80045bb1c4e42b3684d9dda8604e6,0,normal,
0591e5ee4e1f4320840ddbaef6fe0d72,0,normal,
d277b49babf24b8f968f6252dc3b39fd,0,normal,
0e49426ea3d3451f8f145aceb7040121,0,normal,
accbb727b6de40368cd856e394007b75,0,normal,
467d448db4934cd29fb400d7931ae486,0,normal,
9b21b6d46bc94b018134558fd73e9905,0,normal,
58034ea55d3e41bd818f8e2205c61a2d,0,normal,
9ff8cb25bc45435a8b8b2811fa8e9734,0,normal,
98ef56968e0f418d99cecae427b188e6,0,normal,
77b7ed60d7d94796bdf5e1c745b65233,0,normal,
c183c1d8f8914b47a1bc40ef884431eb,0,normal,
b91f3f72e76c4ecda0925f4874981f8b,0,normal,
847ae9d85ba7428f9edd91aaac4ec119,0,normal,
baedfa3fa0bf4a89841464d93b2b4d2a,0,normal,
41526ac2326b44468be0a79f3651e65e,0,normal,
da9ff52be7e64dc3ab775a489b5baf81,0,normal,
aff131f5560f42ea8f68c01d8fb592e7,0,normal,
df81e35b22d24c1f95a13297b740b21e,0,normal,
c211f0391ff142a9ae8e08dc59454d2a,0,normal,
78d342ac4bf7435da8f5810dcea7e92f,0,normal,
7ec07a3872be432da459f3799daddcb1,0,normal,
4ffe5ecf1fad45eea40b70d5e04902f3,0,normal,
b25d0c32337a4f04bebcb398c3bc8ebd,0,normal,
4772c4d23a7c43cd9a57ac5bbb635e01,0,normal,
b89ed030d3ca4888ae85381846255cea,0,normal,
b2d1a1927c584599823254d2d91eb579,0,normal,
f8fc07aee5644cf5a8b0610ae4110427,0,normal,
8ef5b4c216b74c7b8b4ab0927007d080,0,normal,
750984dfe21d4e33abe5fe07c716dce7,0,normal,
2260bb0e985f43899d6dcd1774ede8d8,0,normal,
a1cfe574cee342c8b74d6cc26f85790c,0,normal,
17cb6099a7dd4292ac8903691f357639,0,normal,
de36d028ea614c6fb690f8421c325150,0,normal,
874ca6a4369f478eafb30f74283293a6,0,normal,
53e58a5c572e4ab1b8ff57c311876c82,0,normal,
c3435f83b4804eb28a89f39c793e9a95,0,normal,
0d2f91ae164e4ada944732ba2f3f8ade,0,normal,
e54312e74eac48a38802acf908e96685,0,normal,
23c82b69424a4bd2949313ca75f75064,0,normal,
ad8353ed1ee94ae797b03af2f67cbd25,0,normal,
245cce1ed31a49d6b9e2666fe0eab9fc,0,normal,
fea5d01150794f6ebb39ba7b17ab1c39,0,normal,
0fc0d058559a4be0839c200b324ecb44,0,normal,
8877e3cbb074453dac7b784a61f5d255,0,normal,
b4db796356b34a89b2528dabbc2d3855,0,normal,
eabcc3c60efb4f5ea24e37cd6cb71465,0,normal,
ac01fed3f0dd413f9d9ad6af5f137be4,0,normal,
3dd1befce55d4efd9d7a242a30d349f9,0,normal,
be4cd8eec837413bb17d133c6929fa6b,0,normal,
fff8dc5dc192443e9765da5499234975,0,normal,
4cbf1601ced04f4891351a8845b23322,0,normal,
3f48ee92eee941a3b69c53289724754f,0,normal,
3203ec664d6f40a5b9260206c740a757,0,normal,
2cab843af98545f2ba777e576ab3dd98,0,normal,
4893755740fd422cbca3796b94647ae0,0,normal,
4be1992dbbf749baa0dfab2ca53c042e,0,normal,
ac4867930c744773990c3f57d4f5f4d2,0,normal,
695f78d4e6914709bfe26e86d35f3f01,0,normal,
81b5bc71c08a407e85e6a7c07fdb65e6,0,normal,
f314aa6a06af44b799a8b8bc6097af6c,0,normal,
49514e9ad46843d8a7a162d25f916a53,0,normal,
5cb0c42d0420419aa49be3ef9ab8bdc7,0,normal,
570d103fd13e4e46b2d5842fcd7394ba,0,normal,
a0eb200cf9ef43d58cce9a337696dfb4,0,normal,
6946e86d7b4f4ecbbae556f7fa030ffb,0,normal,
7832c1dbf8f34624acded22ead77db4c,0,normal,
2b92c7aee838479ba2172733462e966b,0,normal,
c7556a0c3621446fa188535c3437e750,0,normal,
64a26b92b1a4454eb2d9db8bd1c8b209,0,normal,
f2e5785c1f1d4c6bb92bc74ed6f2d188,0,normal,
15ccd4f2d7c64127b906023684921d3f,0,normal,
7c5ce8b3d4ad481b8f1455c9aac867cc,0,normal,
dfdaa32a5816450f90af01cf96955913,0,normal,
0a709def4c48466d9e3e77c0235e1ccd,0,normal,
ca475ee27edc454ca9276024b3256ced,0,normal,
339195af89784ccb9862a88a12aa00d0,0,normal,
bf5532f49c9845778032b7e56633a76f,0,normal,
16758275bb2c4d89ab968d22b81bd0aa,0,normal,
d1e897328e6e42719b2363d0f5d5f51b,0,normal,
0c34dc64a0c540f0ab075aa218908d22,0,normal,
ae165be2d0a34e25a99601545f90263b,0,normal,
bbe79c91be78431d86022ccfb435e0c0,0,normal,
b0fdb7be15fb48f6a6701348aab4f90e,0,normal,
fc41b6d7fc3c4161814ef0cae2491303,0,normal,
52e9e4e8ec8f4eb999b1e315655d8102,0,normal,
be70eb606fd047d08fe1520a2f3c425d,0,normal,
6c855a3761644412b38cd0a22b959d4c,0,normal,
28594203e54e4899961210a22fa857a0,0,normal,
cdead7780c234629b94e2f2d9d0fc483,0,normal,
08767819c66c49f3977844aaf61ac006,0,normal,
32dc3a4b069f4cc9baea88bfd3cddb21,0,normal,
cee6118ff3634e49b06b737fa0cfdacd,0,normal,
427bf51bac5d4cef8387b4c737df30e4,0,normal,
09d64e71197840c59613d8d3895462b0,0,normal,
59d728c9b9594c81b8226bb04e7e660a,0,normal,
1c957ac3fb9d4ed3aedaaf0774d82b29,0,normal,
b28116e6fa8e42deb53fcefa17a7fdc9,0,normal,
97bb50bd608441dea714755e383dad67,0,normal,
5e9ff56ec8c54e47bd5fed5a9c847c3c,0,normal,
a9971f20d47a4fbd9da649640ff3b20d,0,normal,
910c37faf79d4322ae55c8233626e792,0,normal,
249bb065bd2c4fbb805944baad16f579,0,normal,
b838f3b3e19e4762bda6da265502a9c4,0,normal,
1723ccc94daf4a23b0938da865e78c41,0,normal,
c4f38862d6e841038c0bb3c839a3906d,0,normal,
b3fea3d9658045d8bf814a56295cd498,0,normal,
69ce05ccbe0e414da3ac5b977680f2dd,0,normal,
cc9fedc2c200430189fcb27f22110004,0,normal,
79939a58756a45a09d294fad5a260955,0,normal,
b946837157fd45379d2a185126c893f4,0,normal,
61decef9bf3b432086e7acd8f88764f2,0,normal,
088ef6b000ce4fd69ab42110d7bd891c,0,normal,
ec92734518c04fde80ce7909ddc6031f,0,normal,
8db72bc9ae434771b389bc869765fb9b,0,normal,
40d8980084c64ef7bc43d6f3ecb2adf0,0,normal,
83e2c4714b554c92a596dffa96482a9c,0,normal,
8bb20d79ba794b4ba558a8442a610d58,0,normal,
2b8361945c964b619b2ffedc0945c794,0,normal,
ad92ab997f4349d98e6c0d10d26939c9,0,normal,
424fe550f4004cf8bdf867d4f495bea6,0,normal,
07fe19b516384f7aaa8dfe7815897679,0,normal,
957c74919dcf49d99b1ad66977b33aca,0,normal,
90c5502589af4192a15817120278c83e,0,normal,
409a0d7617934c77a20f0a1f4394cbef,0,normal,
6a2be61925574df6b20b333ca85562e6,0,normal,
1c10a9f1b12d4d73955bd7340a4bcf3f,0,normal,
ef196589f7da4383b85850f2c04c5c31,0,normal,
d7b0e206f375469e80ed4c98a9684021,0,normal,
6cecc7ff94774fd496ba32d6aa277d5e,0,normal,
f5828a469d654a56bd5292365b08c0a0,0,normal,
f3ebe0c3985b4d7cacfb3ae3403a0c42,0,normal,
de2eb41c5b454c078d394d0a371584f8,0,normal,
bf6b9aa8aeaa422890fb6b00b924840e,0,normal,
2a5254cead09466cb642738d2796ad33,0,normal,
bee5d735872d4a69b949db7b988d55aa,0,normal,
a566dda0951b4f02a174cb49d6497263,0,normal,
4d191005cd81456ab7fc48523c09afa2,0,normal,
f83ae5b84f8d4de683290676df64913e,0,normal,
35df8a55ca144b7f811a6fb5597bc92c,0,normal,
ff34c77b9e5742489a0b10482fc94a1d,0,normal,
d6caba5a744c4180894790f5380b3ced,0,normal,
eda45eb72e8f4b029b84c076ab40e49e,0,normal,
91c54b146f804bbabb5d884f47ebbb26,0,normal,
6ae055a48c7741b1aa989ee8ffc3f2f6,0,normal,
760fb204a25648c4a7166f6efdfd210f,0,normal,
7a96b439472f4c0d92f82a58cffddb77,0,normal,
c2f12585f66247b2b715958ecdd71662,0,normal,
74db1ad66ef44b7691d9cba8561d540e,0,normal,
dbdaf06ba8be415d8a26ec5eeefb9721,0,normal,
0ced6eb0ca20440a834fa5dd03d1ae90,0,normal,
7af016ed0b4f4283b1f666cdb2400640,0,normal,
e409cad8548c4875bd19c5d1127b6adf,0,normal,
840c6bcdff844ea2821db25e69e75a2b,0,normal,
052e711e00944a37b68336f73494073b,0,normal,
00206366e43042c2bbc7c33c370c3ed9,0,normal,
d7b556c211474ba181f8b141bd5c329c,0,normal,
b54da7b0ed434a018c756cf5b06ff21d,0,normal,
d094637680674da3bc49c74f96fa1b02,0,normal,
ac2f2a4d23f745f88ed712a2cc3343ff,0,normal,
f85f68cb85574e5f9e293c9a149eae6d,0,normal,
e42100d3e5924fa9a68fe1ad424c60e3,0,normal,
f548ff066a42442690ee976a2239a006,0,normal,
eb36d888e00c4d87ad8aa96025a2289f,0,normal,
726990284a244d6e9d475177726d54e9,0,normal,
8d4c436b262c443586f352404eafee19,0,normal,
85b76b00b716493d982a7bac0bda5b59,0,normal,
9ef7c5de2ed44abb9c7da5acdb4fe17e,0,normal,
ead1f9c2885747bd8b92557894fd14ee,0,normal,
d99b9967682940aaa08098500cd314e7,0,normal,
1f3afc761456431aa4dd04eb204c22cb,0,normal,
9a95ce1bf49f4b648ba4b679ad48f80e,0,normal,
7cc61e63888443ecaec8fa5fefce28ea,0,normal,
3ec45c3ee31b4e3287002dbe94b83fcd,0,normal,
8c0a273702ca40daa6a1a685cfeef031,0,normal,
2915d5a1e8a14bceaf6ceeaf49e23c20,0,normal,
dc8f4a1470714ec0af3bbb614b086457,0,normal,
0311d93acc5c4b1b9b0f3bfa2cbc83b4,0,normal,
c2eae6c1bed74374b5b12e23c4da6701,0,normal,
9cdadebfd86c4c5c998696abc381afa3,0,normal,
082ac516e98a4df6aa9c0ea821b9ac03,0,normal,
416c78074cd742419e07ea45051245a9,0,normal,
eba53a5707f849c9b4419b00acbadaca,0,normal,
a40fff5ad17f4e9c8519b89836cb02a4,0,normal,
a392cfd754ed4514b148c8656c890a91,0,normal,
40521f42a5ee4a7e948f1112e37046f8,0,normal,
0882b1209af04fc1aa0336bab664f058,0,normal,
3d4abf6e809b4a2f93aeff22b32189c6,0,normal,
d3b214d002b44e26a5a7fe1452db740f,0,normal,
f6ea2292868344ed85493d0a10fb3578,0,normal,
e055bbe8d000424f80264ff2ae8fba55,0,normal,
54eae48746604f22a4fe3dda257a3861,1,wallet_reuse_burst,burst_499
191f10978d7d4c8e8137cdab56008c76,1,wallet_reuse_burst,burst_499
7e3dc4eeb62b4b84b3cf49b26bda83d4,1,wallet_reuse_burst,burst_499
efe91eb92d154c04980fe0ffdc327830,0,normal,
3bb364ed8dab47e88037a3156910fc2e,1,wallet_reuse_burst,burst_499
c92e50c129b149f9a017ac76a7fce178,1,wallet_reuse_burst,burst_499
b88e15ca3aa842ce89070dbda7430a76,1,wallet_reuse_burst,burst_499
f1d87ebaf04f4df99d668f4c0e9e8c4b,1,wallet_reuse_burst,burst_499
703a2d4f658448f1a6dd197bfca3c828,1,wallet_reuse_burst,burst_499
d075ebf63ea74cb596d1f77ca3221ddd,1,wallet_reuse_burst,burst_499
450f88a6818442039e95073256e714e4,1,wallet_reuse_burst,burst_499
616f108aa3e64d4b8be211279b6b7679,1,wallet_reuse_burst,burst_499
7445fdc43232422c8c5e186db1875703,1,wallet_reuse_burst,burst_499
9cb3d9afbb85439487fbdf803a4c8e4b,1,wallet_reuse_burst,burst_499
f5ce977986d0479a91b805cf1b06b291,1,wallet_reuse_burst,burst_499
62d07381e4054d0baa88e38827091c7a,1,wallet_reuse_burst,burst_499
d94b5df5e67440b384135bcf07a82d34,1,wallet_reuse_burst,burst_499
643170e6db1e4e48b20abb24c319ea1c,1,wallet_reuse_burst,burst_499
a31fea62709048c6a4aa620988093b52,1,wallet_reuse_burst,burst_499
721074983cc648679d8c9b5b3fc4b05a,1,wallet_reuse_burst,burst_499
46a56b7ff74c43a2980927cfadfc608c,1,wallet_reuse_burst,burst_499
f3022b4847514197803b5ed99c1e079e,0,normal,
70b727eb3fa9499a900f107e95169f53,1,wallet_reuse_burst,burst_499
a4f66273e1144d0d9e3a5a3286108786,1,wallet_reuse_burst,burst_499
5a14a0ff63b5499d953bf4c740ab4eab,1,wallet_reuse_burst,burst_499
9b1117c21c8e444e8c291219624c0160,1,wallet_reuse_burst,burst_499
dde1d02bd2c14bec87df7fb53cd5304b,1,wallet_reuse_burst,burst_499
571dbe5117104a93862967dd46f04df8,1,wallet_reuse_burst,burst_499
3b83c47a1ffa424383bfea013b2d4bda,0,normal,
0a72f55e46ec47ca8b84e0dca23ca42d,1,wallet_reuse_burst,burst_499
e9bac80413ff4cbc931162eb79364f9b,1,wallet_reuse_burst,burst_499
c2aa549b63e54fe8a8260e92698f8f1a,1,wallet_reuse_burst,burst_499
26da76bd176844eea311bb5a4ebac68d,1,wallet_reuse_burst,burst_499
f2bdf8fbacba4e6fadb31d1a120e82a2,0,normal,
b049445c48234e68aa38a904cb36c611,0,normal,
80363634c5e04fd983d1b2a74ac70613,0,normal,
f1561f74350c43bdb8bd79b8539250a4,0,normal,
fb5849bf2e3c4ed79fc1f86fc19b2592,0,normal,
93a66b169b7945519027236f62144232,0,normal,
ff5f72fc850440fa98a9db8dd7301a88,0,normal,
bc5d085e10be47308fd062a49430a67d,0,normal,
a1a18d378e114c92b84f3debe508b783,0,normal,
a8c8f7d8629147c48599fd67fdefd47c,0,normal,
6ac0322818a5403f82596625673ca7e6,0,normal,
0cf5251d6fab4b239c721d97ebbccf16,0,normal,
5cf1028d82b94d6492a3aaaf3422d086,0,normal,
d8213c8d82534f48957b5d2316af5c0e,0,normal,
0cd9bd49c0184ebb95c0f12a5fc6f989,0,normal,
c5921d4588f14295983673efc4c81db7,0,normal,
8255c2687abd48b683921d56f2448dc9,0,normal,
f5efa009eccb4e1ebb20d5c0978c785c,0,normal,
af326f55a528408f9057a4f94a804982,0,normal,
8502de65ea8e4563b757e87dbaa1dfa8,0,normal,
0cafd23bcbca41f1848dce437fc01bc8,0,normal,
43568be73f094c109a03c8ce88ed281c,0,normal,
86225ed592414658884e7e52d9bb4bc7,0,normal,
e3bd6f8eb5034b9daac2f2fd62924ba0,0,normal,
3f60b7de3ef84b41a4f72e9c351a8429,0,normal,
21310ce494b34b7a9c514d16b764d87f,0,normal,
ebd6a7c26ade47f89d3c02f4c1a591e6,0,normal,
f230b777466c477aabc9558cd6a37113,0,normal,
dacd6cbd19e64e71b748f72e78867e84,0,normal,
b31cf707c32f45609a38673043d4d53b,0,normal,
e620be2505624b929c412645ae4a902c,0,normal,
10a0a19d40f1498dbdc307234f0f4b21,0,normal,
c67ba11cca0e4844aebd269d053e4af0,0,normal,
5a9031fd2c3146e1beed10b2a9710792,0,normal,
93d285d077604530b815215c599f2a4d,0,normal,
8203a60cb53944f4b4d61a2d6b2be051,0,normal,
cf3fc26202064287a646e51403ffd2f7,0,normal,
b0a502cae4eb40bf89b0165cb9f734e2,0,normal,
4a3c393fa6234744b32a52561363ef96,0,normal,
f9e0d26f8a414fef8ffcf9fd45eb5cec,0,normal,
1643c810388844deb922594f6980f31e,0,normal,
6e85857691464a8fa25ad22a102eda1e,0,normal,
dc1533b7d749426e9c57890f4838ccc6,0,normal,
2312a25dbf734b15b8a87d50cffa3016,0,normal,
8c1bcfd5e3fe42ec958ca8d0bb8c1cbc,0,normal,
95155c6450eb41668d12d906be89bdf6,0,normal,
cd82db9da5f34304a60f96cc52e391d2,0,normal,
61796aa9928b4990b5dcc24714cf0d3a,0,normal,
b8c13072d4fd4626931b39e02af1b859,0,normal,
aea1d367dc7d4a199968979e8dd0e8ec,0,normal,
159b8f559f764581a528083c7084d5a4,0,normal,
b88d11ce21ac49d8b916db11869352fb,0,normal,
88f637e8ab404d7d9a59aab18fc16110,0,normal,
1152a1e1ffce43599944661dc8c4b446,0,normal,
28ce7fc1f8ee4ca887e83462212b9c74,0,normal,
c1d563fc4c624ccb8a2b30393fc71fa4,0,normal,
d7d1488bf03a4d2e90987b04dad718b1,0,normal,
c308014d5af54cf48b09458281ab44e8,0,normal,
7dd144bb4afe4030a4374a8f9d84bd11,0,normal,
0fa933daac6d456bbf60cbe0d7c76a90,0,normal,
1a69bb54cd4a420fa8a346a011108181,0,normal,
b153f854c4bb458f83ca28030328706e,0,normal,
947df33d656041818057f741c546a1a3,0,normal,
d15775f329324f91a3f433369dd71ace,0,normal,
cd4154f5a875414881bb1fb792427e1c,0,normal,
67deb537f872494b81fc05306dea1cbf,0,normal,
aa069ce2574f4918bb2a1f398a9b530e,0,normal,
d458fe4d63264e7787e9a90f1ca8f211,0,normal,
c1a201f813494ce395c09962c25522bb,0,normal,
4766ee5b6b2b4196b6457872c212a5f1,0,normal,
73db684a733c46338dd086b4afb2fe3e,0,normal,
6fc287ced04a42d89c6d3a0b1c737686,0,normal,
7c834609ecd0479796c9902b3d68b452,0,normal,
f8915257b251428e82d1db7da9896a9a,0,normal,
e8aca738c1144213ad12489b040c1ecd,0,normal,
10487ce3f1c649819f6e7c827a5f9705,0,normal,
bb6b2fb66cfc4a0fa28eaf306fc3300a,0,normal,
24ad434a97a640989e364702382c64c1,0,normal,
4f3cef8401fb441cb68f4305c0a45479,0,normal,
dbfee1abee064987b6bd72017245452e,0,normal,
9986006ffe3047d49708e44657c762be,0,normal,
e8039ab8b71644948de9cd56dda70831,0,normal,
5f2c8e9afe634b398339c53ef3c0b713,0,normal,
2c455fc20a13474d942bd816ee050a44,0,normal,
787c6ccfdef24802895977fe3bd5fd93,0,normal,
d4c8d78ef1ca40408e48263b537c9fd1,0,normal,
b864c73ae3e54496a76bfb5e060ddfae,0,normal,
821c2e9a99064b5a9b5f69fd15584088,0,normal,
40a657a4d23643fd988dd8a943243d12,0,normal,
9be8a40a1edf4020bc783afab7fe5b4b,0,normal,
a85aec5e960245009a97101541bc2b5f,0,normal,
955b3db6c0e6461d93a2e17edb3d448f,0,normal,
6841e5b06f6740dca351e80fe215cdae,0,normal,
75a4c85125044c60b56c083b6daaaacf,0,normal,
65eda56828214c508669df6857f3c421,0,normal,
5f773fcd2b9b41caae0b174d0542a4cc,0,normal,
cd225ef8e4994a2eb8afd07c196c5b5c,0,normal,
84cc419f7c07436f9c5f8831b8c18212,0,normal,
a2572536bf614ed2bad1588f1360a0cc,0,normal,
8dab702f94e546038a2c701fe008624c,0,normal,
5fed09d8f2ec4f20a245f9b7c20e4914,0,normal,
75225210055c477b8b8bab243cebc1e4,0,normal,
9956a216400c48c4b95c100bd7a7de2f,0,normal,
88f0508ff4f44ac4a3f25a072a2e69dc,0,normal,
ffe8400815e14775a4cd0ba9e24d9d9a,0,normal,
43969924ffaa44cfb0e535b278283832,0,normal,
5e87155eb915439c95044210640b95eb,0,normal,
4188dca90ac34f5dbfac41feffb329d2,0,normal,
bfa4c57409f24134bcbd1a09367e08da,0,normal,
df9c3c01119a4e05bb486b96cdd8b545,0,normal,
605a3797987749e1a053e4fb7d522d54,0,normal,
54d36c6f5bbf4085939f0774bf077d34,0,normal,
41962bb5c6b242e3b0cdb69a4bffef93,0,normal,
9f27366ec5e04ad6a607621580746187,0,normal,
c41201863573449f8ddb26ee181956cf,0,normal,
063a64c52648406299e92b29e442845a,0,normal,
433922bb2ee74e29bfcd6cbdfd0d801b,0,normal,
01a8d400ccbb4d3aa71d26bf7bebeb0f,0,normal,
cd6f025d281c4d84a23d022df5926fc7,0,normal,
19147b373b1d46c191a7f9cad296cbfa,0,normal,
b22d113a9fae417ebf192245bce36ad3,0,normal,
e03325af1dd94716b237de80bcade713,0,normal,
6363bd2ecdc04521b3e9d72eb0c31db4,0,normal,
07c340ffa5e441fe9d9352a860e355a0,0,normal,
2d575404f7bd401396e3044af49960ed,0,normal,
8d52bfb6d6f242698f37d0e25b06af6c,0,normal,
4c9d865bf45648f3b91bb53903c56823,0,normal,
4f2ab83f47454a1ea4f986012018f5dd,0,normal,
73a1c854a27a4c79bacdbb62585eb3e1,0,normal,
82bbacb0c17e4fd29bade269afaedb56,0,normal,
5135552196dd406aa864c98960159fc4,0,normal,
d864e5792ccd4eb7a74e84089b00ff76,0,normal,
415f5cede5174330a2e1aaa7ef489174,0,normal,
47a28fab016b46af97ea093b9865b373,0,normal,
531d5c44e6384d72840f079810c1508b,0,normal,
4c2629c68965448794ae44431726e49f,0,normal,
a3a6f823ebe14dab83055f541bb16306,0,normal,
7deaf98838524570a6d93cbbb64e814c,0,normal,
cdfa1d922c66407daf86ef09dccb9522,0,normal,
f73bc655de9341b1b29e6b8a55ef992b,0,normal,
d957905d8c7745d79f32d1b6236049fe,0,normal,
68e27ac9905f4bfd81919ba99cbfc921,0,normal,
38e6898250d0466e9b8ad3a3d950c361,0,normal,
2f4318a2cff54f6fb8bed9229b7d77b3,0,normal,
e497599e57784c5f8d8882e4dc53e782,0,normal,
698539abaadd4f2881983d8b35312731,0,normal,
2e6e09eb6040498b988739815894c121,0,normal,
262b35ce9d3f4136bae101c4877fccec,0,normal,
fc71d95c06434d22a376443d1071ad09,0,normal,
78d5acc5b2614e8ea3c756f05741558a,0,normal,
fa85154d348e495697530ded72a4b591,0,normal,
a792494a13e741c8b97cfc1d23beada5,0,normal,
d6559a93f0db4a3eb29f0d1bead3e148,0,normal,
ee7a5787ac42460181fe86cc9ec75f51,0,normal,
d3febb187d6847a392435cd6e658ccb1,0,normal,
32b2304fda3f4603b737e39b1bd61817,0,normal,
a96e37570ace4a2cae40b66b4e4c305a,0,normal,
8a9af818bfbc42b3a60c2196dcedada5,0,normal,
4ee3327f34024b3380c6ac0af52cbebc,0,normal,
b86d592f64454b01b48a51d44127c64f,0,normal,
9efea0cb98b04790ada1f70662384680,0,normal,
7b13e62329324b0cb4cddadb454f24c9,0,normal,
a00c7718d09342b8a7727e1e94767e74,0,normal,
a6ba98fc59ee430caa88843abe180b35,0,normal,
fd53ffc8d0d043538f60d735c571c3bb,0,normal,
ba13bed211984def830ef0cea31a75a4,0,normal,
674907aae8d54a2ab03d56bb6490e6fb,0,normal,
2211c99ba86b42ed9567e59b4e551be0,0,normal,
737c1770fa4348a39e7228e4c37abde9,0,normal,
7b36a5a2e861427abaaf69c84b0d783b,0,normal,
ff07605de51f435c864f7422d6e342ab,0,normal,
bac60ac512b6463db9570aa10724e395,0,normal,
481a01b6b624451fb94fc495c3976a41,0,normal,
c9ea2a20f58e418c9de06c449cd066fc,0,normal,
4f63a0884e6d49d786e649b5f6c26926,0,normal,
5d58d9cf57834edf84276743144a4634,0,normal,
5ea0841a19e24648bd3b62905987f8e8,0,normal,
009e0041769a4ac0ab3690a50ba4c8a9,0,normal,
f6cab8643c4c468e8b9b4b06b2251f2f,0,normal,
d0af08d91e914b9c8ee80a8d789e0d1f,0,normal,
eb087e4da3a34dd7b24f76b9e10dd6c5,0,normal,
f626a4576d0c49a68c61fc734f73c669,0,normal,
b396aa88e39f4a1ab0a0b42f7e2ddc65,0,normal,
b704d87b59cf4b7889f9808a24644b47,0,normal,
33114da86e2a4ddda2a609b09c33f6b6,0,normal,
bdf7f9e1c1624420b87ed449bd14270a,0,normal,
c82ab186e6fc4325bfb8e0d470f4e5cd,0,normal,
a39cb4cfe5044fc6a106876e22b2c096,0,normal,
9e62edb226b44235b4c4c9cbea146873,0,normal,
9140cde4bfc648028bbcc9ef11f86183,0,normal,
d6046c0848f04824a065c67dda80d7aa,0,normal,
b7bdf0199afc4cf8b49469662b824301,0,normal,
313aadda31e7431ebf960e1942da82dc,0,normal,
389f5a8a25e746f58ce63b07015d11ca,0,normal,
f6301860e70d4ec6aacf9295bd939dee,0,normal,
8dc880ec403f44e0aa06720402e36708,0,normal,
824f323120f945c0a4e4e98425430914,0,normal,
db09ab99544d4d49950de655ca6221d6,0,normal,
76552defcb2c4fe5b667e7ba77b03fc8,0,normal,
3fca4a24cbfa4e3a956761018a2bc66f,0,normal,
81b2c35180904ebeafd29bd78b679ce4,0,normal,
77f8b4a6130949df862aafc36c409808,0,normal,
f84addeafe5e41a79abff9b24ad4803f,0,normal,
98be85fd652d4dcf94b7579abf818f73,0,normal,
2657d7d766d94e7caf3a1b7cf8924fc1,0,normal,
998c32f615564adcba006fcc7c130f1d,0,normal,
6674ec6d195c403ba90929dc5adbbeb0,0,normal,
9d6df381015d4a6e9260513501c86b91,0,normal,
f090b0e6a5c741be8f35094f64ecff10,0,normal,
82e6b3a8705a4a1f877a9d566c98e10b,0,normal,
8b2241a9ef9e44bb9ea133c02377d891,0,normal,
8eb4f083dac64697a0e24f21320b0296,0,normal,
a28ba1f356c1419db2fa03de0702ff3f,0,normal,
430fe634970e418db86c32fc6775e694,0,normal,
6ea5e2f9aaf34bf7ab3b7295d3bfc102,0,normal,
ce38cfe45cec494fa38864a532abd5be,0,normal,
9beae04fd7854bc8937987cb8c619b79,0,normal,
f791f1df528249ccb5832a423eaaabd4,0,normal,
5367a3ebdddb4a3285a8ce3115187fc6,0,normal,
79ace500da674797a770c66ce4814efd,0,normal,
9f1e79d325cf471c9b30b305830bd5a0,0,normal,
8dacb88749ef4136afa117ecbf69c89b,0,normal,
83137d4f42bd4cb699e28f35e10397b2,0,normal,
d8c588dec6db425aaf70916bfbd71389,0,normal,
8256680708aa43e29d5fdc26a6a638be,0,normal,
f6f02fa9ccfe4f2e8b96e6f473689b81,0,normal,
7b37414d610a448a8f640b9b77bfaa7b,0,normal,
04de5eab17d549a4afbd959340c1df9e,0,normal,
435a1e86044d480180792bbee5d80258,0,normal,
1e3acce725994606a2bd8179fd39dde8,0,normal,
56c7917de14c4d848f182a352753f67d,0,normal,
2f20615c3c4544f78571d508981c57f7,0,normal,
ef4484dde04a429ea6fa928583ed913f,0,normal,
238584863a1d4b6ca06960d8aaa9b3d2,0,normal,
5ff821d1faa043c9855dbc5751a6934c,0,normal,
27632bda2cea4676b73264368f1c1dc9,0,normal,
ced9b0d7bd014a739cad9217d1156d3c,0,normal,
f3de2c2fe0ba498cbb53ef50adb11c77,0,normal,
d6397c65f8e7415fa263059b98f1a046,0,normal,
6645aba036d44dc6a94ac74f9d0d8335,0,normal,
428e8b1e6a3f49fca0a0cbd54fce1b70,0,normal,
cb81b18807f44fdfae825981831d6381,0,normal,
923cf4b8ffd340d695f3683b8bddc535,0,normal,
42b3d092422c429d8c2d4659b5335f37,0,normal,
cbc5dbdb9f61445780da5c6d3ed30b77,0,normal,
623f72b88db54e22be55942cb4fccd94,0,normal,
b460b643fbe147ddb5fdccdff960e729,0,normal,
17574da3832040a6b637b365fc261e14,0,normal,
f09f1eeb3c1842939b9af861b2d6a11f,0,normal,
c45be83987fa4399a4724c153b6168a2,0,normal,
f2fb93d9a1cd4b1893869ec05b38d5a6,0,normal,
2dded12effab4515ab128bab48559dac,0,normal,
a6d76525e04340e4b4fbd8b8e29bd95a,0,normal,
cb4f303f54684952aae8b97ed06c0f77,0,normal,
d29639de64c446bca1f759aaf6d17e0b,0,normal,
4f6b5c5c893e4cc5855e0081ce60ee61,0,normal,
fb5a47714682459386ddb4389ad11a15,0,normal,
9c4979b63eac49c88c7010120118cb3a,0,normal,
a1601846410940b1a0bd574043592373,0,normal,
371269be2ba74ef798a93f696b5d4650,0,normal,
d59fad6f325147748ea2f1d8e4b9cd93,0,normal,
dfdc53edd14d4042913313aa99c144f9,0,normal,
81cd648b78ac4ae094102c5f798f7b29,0,normal,
ec7425a5ff3b4cddb8155cc317880994,0,normal,
9a7d424b226d45499af3785b807c1b43,0,normal,
c0e89365579541469b5571b243fb2909,0,normal,
6112bc8859704973a8acd463f01aad59,0,normal,
c1d041c10253435692b98b2028ed4c38,0,normal,
0484cbc8500741978fc4648719aedbe3,0,normal,
9130f31ed7c84f97809dd72f09769e25,0,normal,
fd31fe0d991c425fb597e0ed56ec02ca,0,normal,
10052682ebdc44e586b3e8603188d771,0,normal,
52839e94e29e4b4d90b9b06fd25e5d77,0,normal,
ef53ea0777e4467488d03c756a4e319c,0,normal,
0106df2a1c15470bb4a9ef1f6f357a17,0,normal,
4bb475df223a46b9a15a5abcc359d213,0,normal,
2188f017efb943baaa417549496bd806,0,normal,
6a49509ebf2244c19d8bcd71c46be30d,0,normal,
1344e599633f4236a5e9d5a985242a60,0,normal,
9596e680a5c14e94b9ee559526fe196e,0,normal,
f06a434af407405a84f67c0da141d036,0,normal,
10c7faf882df4cf58a3346b030d477cb,0,normal,
37675f9b838e422fabd5bd98da768890,0,normal,
f923215de3d84ddc880cf7af684582a6,0,normal,
09d7977d5e7e49ffbe560193176787ed,0,normal,
12f209076c3a4fcdbb23e603004bb557,0,normal,
6f97f94c5a8a487f92880c4e8f437718,0,normal,
dbf4f4e199134cc4a4708e30cf4dfbf6,0,normal,
69704d0700c34b288b5d6e9ed53aaf8e,0,normal,
9570539016d340868d9539ee4fa21360,0,normal,
bf30e8a1f5454bbeb12ba943a9841171,0,normal,
122fb14548e84e6fb14ae219db2254b7,0,normal,
34a05491c8a043dbac6035b1b77a5531,0,normal,
e5f1cdcf02394683a606a9f4063be795,0,normal,
0994b0ba4db34066ba6123c98f9a237f,0,normal,
9e88fe32ed824b20bec5ba9a729b2f8b,0,normal,
e275ba3b98e84994aaf3a484db3c0d44,0,normal,
fda8eced79c04a7093408bc5a71f266d,0,normal,
27fd820cff5a4486a58533f344c8f1a8,0,normal,
d845601893c84f0eb7a916bee8793f47,0,normal,
67ae39bd48a04918b7e7281b45a4ffd8,0,normal,
3480dbc5a99645a2b1223ebde5ec67c3,0,normal,
0c747d557a834e3fb7991318a6fb8192,0,normal,
3a781c1e0e57424fb6c4c6e44b0d66a5,0,normal,
0373e07ff0ee431badc1c62aab1811b5,0,normal,
49261946b6124a428ffcbfff9305e8d4,0,normal,
c2e289950b7a4ac9a3fa29b6d452efcc,0,normal,
d2e669b2e45b4beeb2913452fba0e1e9,0,normal,
290a8654c2404abdb388367f895d6ec1,0,normal,
0f2aed0f3f5f4bde80b6ef18e7fe0dea,0,normal,
570d70f9a1b543688e4d180a8dec5931,0,normal,
1078d8a438ea4abe9289b71130a8e69a,0,normal,
bba044f2949042c7b159adaad21c4787,0,normal,
9da80c319ed44804a4422a262bea3030,0,normal,
b26e79a6046f4df5b2e06e0243640609,0,normal,
46ad7d4be21b4a84bf6bc68db7427d7a,1,ip_hopping,iphop_58
2673941440f04b389029e7c569040a77,0,normal,
332acfd1f5fa4b01b075f4cae3c0490b,0,normal,
54de749824f342b88714556ff4bba896,1,ip_hopping,iphop_58
d74842a6113d45719128bfe63a05ceab,0,normal,
b7afa1b7bb4c4693a920a5e0dade2e99,0,normal,
b23faa73469449e9a003d6e8a12b91ed,1,ip_hopping,iphop_58
8caf059d3246409e97c18008fe1ba268,0,normal,
ca3a8f991de54b008d0ad39cf0bfc711,0,normal,
bcb417de90eb46269f2fb6a6081f2cf3,1,ip_hopping,iphop_58
35e8b8678edd4256b3203b5d56c487b2,1,ip_hopping,iphop_58
b0a416254487412087bb2ba0d110a4d2,0,normal,
0cfa7b4cf6764af4a662365399f95bcb,0,normal,
22de3600e08d474fac9ccb48b14089fa,1,ip_hopping,iphop_58
4bdbe6df2ae84c43b64b5f87b8a319b3,0,normal,
ead8937cd6034f7baad922a92e3fe62f,0,normal,
814a3236129d4aaba9b5e7a65c135c46,1,ip_hopping,iphop_58
4f02d4072f0644d78d776f8ac71242b4,1,ip_hopping,iphop_58
f7844dae0aa54625b07f18a652482cca,1,ip_hopping,iphop_58
57a46128cb52453c967fc5deda542023,0,normal,
704f72435556492aa3e5852c1e4cfb68,0,normal,
9db1b37b71f945baab33422dc06088e7,1,ip_hopping,iphop_58
0c9e7b82c9fb480c88789b9022ea2ef6,1,ip_hopping,iphop_58
c884a7ae9ddb4668957a2173ab131460,0,normal,
65ddf4623cf2413f8f24f9bd714b0db3,0,normal,
855a89e3546e4e6c9c5172dcf8595c79,1,ip_hopping,iphop_58
4b52f401e04b47a38605bf9264dd93e2,0,normal,
06521324fc7547fab7720c948046c4ff,0,normal,
2f0cd107d5b54bdd9fb73b3a0f0c509e,0,normal,
cfd45d80d97b41588aa56e0617a07666,0,normal,
7a7509e05fe14b43a100698ca80e4cfc,0,normal,
3900e542b6f140d9a6f54dddfe0cea78,1,ip_hopping,iphop_58
feef5c262e044368854b9ca344be3809,0,normal,
aecd2a0f21494cb5aa7e0b5521df50af,1,ip_hopping,iphop_58
5f3baf01898e474798c17855663dcb9b,0,normal,
d1654df1f19244ec9d818c50505b480c,1,ip_hopping,iphop_58
73b22c3f319a43ca97fb5ccc7da8f6e9,0,normal,
407f969e9d2a4b62abc63ce1e436df86,0,normal,
913a1b84a3d5425a8bf3c90cd0013305,0,normal,
545a90bf7e444ee6a97448c944c101e5,0,normal,
c297f0183ff14493bcf7c32a16e1f4e3,0,normal,
a1d8139fcdc24cc7bea5f127c40e7e09,0,normal,
27b6ba40031b4258975447a611e51662,0,normal,
fda429b7695b4e15889505875fe8b5a1,0,normal,
7ef1ed2d98bf4ed68709354fd7d69365,0,normal,
18a74d5663b04329b4b1833fd4e054e2,0,normal,
0d734f1fcb9b4e7fbfda415b08b9be97,0,normal,
8b03ff16ae2a47a8b31fe6c921272dfc,0,normal,
e31dd2f9aee44365b34d6f7bf8a17cdf,0,normal,
a351adde0b724faf89e82b9df353e973,0,normal,
13989fa89baf44258ac51b1a31cfc8a0,0,normal,
85ccc101edcb476586083379046b0137,0,normal,
e945eb01d8234d53a4c014b643296a47,0,normal,
25ade588efff424fa5f58118e1426229,0,normal,
9534df559cb24164876931c620a2e0de,0,normal,
1941c99c7a084a86861275634714dfb5,0,normal,
bd4d361271314250b5217ac27ca17f55,0,normal,
56b3c35d95f24a03bb0ec636146ea84a,0,normal,
b95f62a6c1ae415e95143f8d0f3ef9ec,0,normal,
528e78934ffe4cd58d7e51c5b7796446,0,normal,
836c0533a1a64ae7bf574ff868e826e9,0,normal,
5f28eb7fd1384c2583a33595edc765cc,0,normal,
3bd692acf18c426699fb7ef21c65a8ee,0,normal,
ed9929d6191e4c80af9df8e82cc38644,0,normal,
fefd88800bab4ed3a9b6f71373ed9495,0,normal,
38e86b9beb8d47c3b2c0724757779593,0,normal,
773734ee937744d5bba35b1af9dfa1bd,0,normal,
f5a62f68a7cd4657aca8af06739b69e8,0,normal,
fc1ca20feb49496189b93967e6a949fe,0,normal,
d9be8dd2acdc435e802cd118fa41d163,0,normal,
6d5e1827d9b34b4f9f027ca72a2fa44d,0,normal,
68511366a3d54eb9a2b837cd97b7cc22,0,normal,
c513d34bb81c45d4a0290d1d486cefdc,0,normal,
7c0b7d8d07e6433d8e6108983239e9ed,0,normal,
fb8e3de2ccd24a4dadc711ee4c4f710d,0,normal,
de908f090ae641918964465063cb4ff0,0,normal,
0ee9ae1fe2ed419ab16e5a6698c71a0e,0,normal,
9a5060ada43d47d798d82a92975130f5,0,normal,
df47f2e55d9848da926467bbe69751ee,0,normal,
1cacd21440f54be6810214b896d01704,0,normal,
6d30a7292b4d420ea59b39d0d91ea03e,0,normal,
20b695ec582e4405841acb07377df96d,0,normal,
328e6422a4d7462d8b8081e5b19d805b,0,normal,
9fa5bcdcc50a4b6ba1628b336561ac5c,0,normal,
01f1fb85ed544f6fa028b7b4187808a7,0,normal,
adf170a2b7684cee8d4ddd0848b297f0,0,normal,
bde3d8169ad64f51bfa81e219e202983,0,normal,
41a13c0eef0f43d1b3fc9f64de9cac95,0,normal,
c1a478b5a8a64ab1978cf95ae8f2025c,0,normal,
abf27d8bb69e4a7289b517d697f40e3d,0,normal,
503b77c0625044458943b6937334b56e,0,normal,
28b6e63bc3d9482cbb18ecc53712eb4c,0,normal,
d9a4dda601ac4f5a942ea30b17dcb122,0,normal,
f8eba1721adb49b8872ba0a22528c8c2,0,normal,
3539c9d32a2e41599dd576c5821a60d3,0,normal,
643fd22b186e45b0b6a581119d467acb,0,normal,
377c73fbf5194aab88968a4736dd39c8,0,normal,
6165239fde694248abd70d6151cb2c8f,0,normal,
5fa53275df3d4ee29c561b1a91c89701,0,normal,
23f1cf6af6e5482fa0a1d1c62dac7057,0,normal,
286aada13f2a460d8b84195345d9c5da,0,normal,
bd976aa1b69f4c4b9f3253f536586310,0,normal,
e37f2ce143d041d389afb3425b45f232,0,normal,
48fd86895b0944f7bf2e6112179e7da9,0,normal,
41baf32af0cc4fa0bd3e063465703e17,0,normal,
80671a0c32814b189636e255369efef3,0,normal,
9de67aaad4dd400892ffe2b1218be9d0,0,normal,
d2c04d85a3be47d0a6d45173043e3a3c,0,normal,
c156be99d2d1465b9688999edfb1465a,0,normal,
c453340babd640f394d0b247781702a3,0,normal,
b6e4676f48184af3a9a4ea1e20e524dc,0,normal,
fe1ecdccf4064b5bb3b58718dd038910,0,normal,
49669ef0bedf4c4db82496ab180d5e82,0,normal,
4f0e528388c548f293894e630c6ce63b,0,normal,
5ef05628092c4984b4a9bc6044386bb4,0,normal,
d066fa17d4a944d684731469ad79829e,0,normal,
d4635f9510fd4c988c406be902952685,0,normal,
d163c70020f34e9798ed21c184b9afe3,0,normal,
9a2c8f79353a47afbf054b77288dce5f,0,normal,
b336d271be324079ac0b6014566d3256,0,normal,
eda5a940f0984bcebd19c09098793996,0,normal,
a1bd2d537c7646daa91b917dad0a025c,0,normal,
bd22c912ebb744ce92f305ea4d08aadf,0,normal,
9a890297d3dd4f1dbef21f1b0523aa70,0,normal,
f44a7840de07431882c46caeef42bd5f,0,normal,
d8f1ccd8fd9449428349ca20d1c12291,0,normal,
7e03ba55a0834e7bb7b5345efcd80464,0,normal,
3dda45f7bed14bfdb158542101e06927,0,normal,
68ecc023bd074efaa637603ae5650009,0,normal,
24f78d66869b444c9bde2301fbbe510f,0,normal,
d6cb4076637a43989b614b03c21ad908,0,normal,
a79ad893f3384990897b63993ef3faa3,0,normal,
0e8b8c3e407b4af4b644fca99f026bca,0,normal,
5e2ca393d92f49c3b92c2f1d150f6b88,0,normal,
e83125a27bb34e698ba2969766777f53,0,normal,
0e4107d802c7404d838a91daa1653f21,0,normal,
1736ea23732447aabd9bd948f30c4d54,0,normal,
3347b4d335fd40edbcce05cf68460391,0,normal,
20770936a09a44af8df817ef49e31ed8,0,normal,
40d05e00ffa34fee819ae38c7119a885,0,normal,
f4471aacb4f747278ad5d9afb2f3ed0d,0,normal,
756d001fee9b45f4ab5ec04f5353f06c,0,normal,
8cd95c4b15c54a8cbe8d010ff5758beb,0,normal,
5140a4f20bc74bae803aad6143d996f5,0,normal,
73b848d7e45f41e7823a8b8acdb605cb,0,normal,
a80d57da670a4ae4a08c49b766dcdae5,0,normal,
d02a9f59bf5b477bb536c29a75ed2f28,0,normal,
6fd2839259b44c7a88985776fb253b81,0,normal,
67b3ce7cad7a4a5bbc9355c96309a758,0,normal,
262b7da14ad9411f9e42cdd6b0f70fd2,0,normal,
eeca4e82cede4c2baf4bfcfda4d6b380,0,normal,
665f70480c72487783035959ca56efd6,0,normal,
2f21fb6682d5448ba45bb3fca6b8c9ff,0,normal,
97d36cede8ca4410ba7d1994f8cb14cc,0,normal,
c6d5f96617484e42a8e5b223a0c355fe,0,normal,
15dd04dacbfa4dcb9df3caaf3e1e1787,0,normal,
f355a14ba12d416082f1d18452487484,0,normal,
2eb7f2c2019843aba95504906c03c09d,0,normal,
8da3f3985d204691957e5e25cc23c8ec,0,normal,
398437c06de14002982a98254628a8cc,0,normal,
0c7ecf5b2899499d8ce0355dcc4e34ea,0,normal,
9ef5f05cc9de4b5dbdcc1cc1109cb765,0,normal,
68ccbeda72fd487ca9762adf611d21e9,0,normal,
c341740dcdba424cb2e3301e79d41119,0,normal,
07efded965814d518ad17f7a25ae2278,0,normal,
9fcdc95766464e36ae673bf0af674ab5,0,normal,
2a725c308b124a10b54fc9f89ba8c3a5,0,normal,
c2419023393f4a7fa9e03d3b42385f84,0,normal,
d655ec9b9a944aa69e370eaec6fbbcea,0,normal,
0f85e679b97d44bf87d1a6fdd768b132,0,normal,
16aab774261643b3bf5aa35cc489cb88,0,normal,
afd200a7661e4c279ca0d837e1087693,0,normal,
c1760e1004324b23ab56941e23cb5131,0,normal,
4bc9b296b14f485f88dc60cccb3df4bc,0,normal,
f392979e19e645aba7a5b676e356f72d,0,normal,
7de49c467c8e4a11b1e83c4268603f30,0,normal,
bc42d51ee3ba404f946f8ba9dfcda4df,0,normal,
b50066aadff146f2a822977dcd37f064,0,normal,
c20d422fb07a49cf8a327f4d25ad56de,0,normal,
df56321e1c3f40179a9e1aac80c9a525,0,normal,
0dc756d116724718b691b3ddf47ed305,0,normal,
d552e82b4daf4ba5a16de828bbf5996d,0,normal,
0cda8c42121748359ac4e8fe1761ae87,0,normal,
e28b0449f50e4857a3d6379da32ec339,0,normal,
1977e22378b441d59ee5f9d8eb42a72d,0,normal,
9c87c6feaf4041999bc8bdace83e3229,0,normal,
8fa3305395ce47fcbf552b73b1e4029c,0,normal,
dfd86d1a02094cdf87857e1edd803d5c,0,normal,
52a48a08d3464efe9bc26883c2a42425,0,normal,
555d50c11a90412e90cc7f1d76c59a93,0,normal,
5748822513254f8ea4a6eb1492f2363c,0,normal,
88c53eabc39347079ad6c1a29cd06699,0,normal,
def944225b784ab2812b13e09dcf6d63,0,normal,
065c1c9c9115403d97e36fbe6e9b979e,0,normal,
5f882d085e344da1af14ee8f039956f3,0,normal,
12131e11eb8c496185cba307cd079c9c,0,normal,
b9af830ac653432393952a24e201f6de,0,normal,
0318027132074bbeb4d923396059618a,0,normal,
3e75c1252458410b829c2d9c737153d0,0,normal,
cf955ef433d444d699b813fad88d9151,0,normal,
153b9c14582b4eda8df1241291d66b79,0,normal,
47fb7c001fa74ed28dccf240bce09b2f,0,normal,
3e2cc3a2f4454ca1aced1277257dfe8e,0,normal,
c4cc9289ebac414d8295036dfd855b21,0,normal,
e7d24bc3a7af4a44ae0c397b8cdbe8fc,0,normal,
e2d560f4a59a4421b8ee6db6575acd79,0,normal,
76036bd0d53f4d93a50acae84923624b,0,normal,
40f7636a2a7f4a3abb706828c8b4c620,0,normal,
d08940e35e3048fca6935ed6f5ea1845,0,normal,
644e4f26b55140e6a99b08977f214d88,0,normal,
d12d23444ec04b5aa821132fa985c659,0,normal,
2edf9d2aef4e403ba791d2837b29764a,0,normal,
c6265e582ae242b4ae330a0799ead3e3,0,normal,
1f76b675609d4bb68942a1e9baa37844,0,normal,
d56f4ae82c214d5689228465aa6126b0,0,normal,
de4485482ae04cf986cdaf8702a14a19,0,normal,
c019f5814426477b834bdb0232e8bc6c,0,normal,
5ddbbbeb4532402f822dd9e8787243e0,0,normal,
2116bd2032fc4c0289b7879a7516dc8c,0,normal,
e26e74e4139b42b4aa7144a1a5398d9f,0,normal,
9dadc5481e204e0ca6115e391da05fa1,0,normal,
0d2a2130370f482b8da7919f8042f63c,0,normal,
b54c403937ed4e1e9fa9834174fb00ce,0,normal,
5ee3cc9b9e62465fbb897b7a51c27a13,0,normal,
c8b791536a4b449faa145ec453c6cbe2,0,normal,
81ae308355c5436486b9a4f143eee28c,0,normal,
c759d4a3d25d4b17b746370233aef262,0,normal,
8175487659924fa9a7ae5b4789c89f9b,0,normal,
20e516286aaf4536bdd400e3536b2485,0,normal,
cdd040cf585f478f8224dc9cd9f0cb03,0,normal,
2d3289bb8b904372a1bc8dafded88dcd,0,normal,
1c26c663fad64c9f97d5770d7f178245,0,normal,
5d5feed6ccc7474d82c268a2fcc17274,0,normal,
b337b10fe36948888386eb79c4119d1d,0,normal,
ef394fb528e84db9ae69c8e1cc65f2e8,0,normal,
3a772756edf54d37b716be0f55b738c3,0,normal,
b21fcaeb89be40c38e4ae195e561ade1,0,normal,
b13cfdbe17734947ba6f256e8ec65624,0,normal,
e0f30671ac604d469cd92aeb061df0aa,0,normal,
85cbbf9dee1843d993ec67e4b10151a4,0,normal,
389e3e018101439e9014df7dfe303b42,0,normal,
61f14b7d1809467fbd518f44302d04c6,0,normal,
81b0366ba41247d5a0ed4e6fbc62b02e,0,normal,
98b37f0cd67043cf873bb59e9827e5cb,0,normal,
d5b1cc52446643a8976bb5677f48aad7,0,normal,
d9444a52f7ed4a368e93fafe4573d7ee,0,normal,
7f1d6fa8c1c744eca2b48f9b20a43f8c,0,normal,
75038e0b43dc4e03b20dd96ff78c5faf,0,normal,
ecbaee71bddb40cd81968871b31db800,0,normal,
3ba4c7322809487484fb9ef76460a89d,0,normal,
69f34f5b38a24dd19d13272de5c105df,0,normal,
6ff1d146798f4d3ab367438968dddfd1,0,normal,
4cfd617c278b4e8399f9a714d36b9c5c,0,normal,
b649c7e04be94c0fad0a0d93fa1fdb1a,0,normal,
ea5c07d6485d4e8582b60aa646e5ce9a,0,normal,
c44b77acae0c495497458293200ea761,0,normal,
06eeaaada353442e8061a9a8baeb527b,0,normal,
c86235e3b6ef4008a3b852e3d0934f97,0,normal,
2793429da0834200bd936de6570c3ee9,0,normal,
8568e023f20f4e94a688784cce4c53a0,0,normal,
aa61d0a556144163871eab1993aedf0c,0,normal,
a25e4bbeb9c84c2a85e92bf5f7d32357,0,normal,
139fae1e577543b08d2d25cff02f098e,0,normal,
ce745d687389499c911e44850a0e6215,0,normal,
017bb794f4ab4012ab83b9337d244fc5,0,normal,
d1c7539362a745e08e2db8fcb8ea1ef8,0,normal,
516343aaaf7f4517802272f7e8d8a270,0,normal,
026478a170b14ace9960888706da69e3,0,normal,
829e14b52f084a05be8d806d7f6ed702,0,normal,
ade720cede654a6c9cbbd743c72db278,0,normal,
b2232b52a74843e28fbb3849c6eb40d4,0,normal,
2dd38386871d4a44a2473b58a3a8fa67,0,normal,
7fc6b0a908be423ab3d569fddf95192d,0,normal,
42e99163f9074467943b6edf46812a89,0,normal,
5ca581f4ecee48a0b2bed51ea685efbb,0,normal,
1412378a038f4f879f49fae22503d2a8,0,normal,
a2c40075d971430f8c65a187067377e9,0,normal,
3a102e561283470e9c1af5b0e5aa4e01,0,normal,
cff844bcc6df4bff9d61d914ab22ed68,0,normal,
cc65b65079524de4832ef61909352e1c,0,normal,
bda2475b8c5743fa81a3b1f1ed7daa6a,0,normal,
47e287848ab4495bb610f54828eb5e5c,0,normal,
ef4fb8bbd11642f1bfd1f071d8a6d072,0,normal,
129347b5533e40c9b934c8e940c88100,0,normal,
b45831970eb94391920f2694d1b1faac,0,normal,
68577889463b4af5a8c99ae3685cbe44,0,normal,
0c635f85f9ea4d49aabac3cb5561e5d7,0,normal,
fc09b669267c4f949f48dd4d5a932763,0,normal,
56953c1d3bc04d369d7670e9a3917980,0,normal,
4c46256f70a64ed7b8d5a257576b79ee,0,normal,
3d55922d84884ca8ac7c064212c2178b,0,normal,
79eca3cb004543ebb5fdf791515f3f78,0,normal,
e0975986c60c4b81a69a58340ed71224,0,normal,
3a8be4c29c0248ec92e5a2aebf8684fb,0,normal,
3414c72b02c84405ba58834fc9f256c6,0,normal,
e85933603550410e82477e7e6c40dc4e,0,normal,
e4b1a1ae92de434ea6a258d01c5166bf,0,normal,
0b21c49c9ad249549309669b2da7c6ed,0,normal,
9ae360adf42a428aa003973cb4325199,0,normal,
54b6dc937b37417d934c5653c8d3429d,0,normal,
48735f95512944cf9a2abb4a0011fc11,0,normal,
941e807967a0438bbfab1ce83544f34d,0,normal,
fb6e961ea4634a849f2688b9764453da,0,normal,
771573b26de847f7a21d192c78ede5e1,0,normal,
bdc2d841374e4f829f66fbc8e35a30ec,0,normal,
f83b600f66e04fcea4d555f8849aee60,0,normal,
ec0621c22b694612ae361b5fa92dddaf,0,normal,
2263a7e442074b95a431c44a89f5431e,0,normal,
fc7c96ff760442798e3dbba31458bcb9,0,normal,
99e6ea43289240b3aa8e76408ed94045,0,normal,
f04b037941394ac8b07140305894b450,0,normal,
e40a13ec3d2d4a92a22f1b2d69192c81,0,normal,
13ee4e961f4b471cbe42a32460088c7c,0,normal,
1bd2fcf64eeb439aad2e18c1549bb5cd,0,normal,
ea5f037ae22c4839aa212e9cdfe41af0,0,normal,
eeb4983d37a44620bcc6921e9d0f2952,0,normal,
6e6a733fff724dbfa99c5a73c026d082,0,normal,
4358a8f208224ef08022dab46d140f66,0,normal,
0713d3dddc5f4d08bb621076109aa2ff,0,normal,
bb1f7828bb8c43808f3b5410dfb043d6,0,normal,
70e56ef4278b4685ac7dcf70030d3df5,0,normal,
72f3177df96743c2800a0f8e142037d8,0,normal,
7c43208c879f43c4b041823864db5804,0,normal,
dfc481f24f3f42959bbda83b8f9a7398,0,normal,
2758456cdf494d089bc017e5b7b028c0,0,normal,
d1fbd55eec0f4e1f906cb2acbc92d128,0,normal,
b024cc9217114409bb3f3d42be7ab99a,0,normal,
ebd7d7f9fa344271a0dafa8d27d755a2,0,normal,
da71664d78424312b15a6b1423ff19d2,0,normal,
24207823a490416fa5a6e1106b877b7c,0,normal,
4d3f9513e80040caa43d174841c5e0dc,0,normal,
fdc251cd380b40a2acfbf9b864f69bd7,0,normal,
d0dacf40fcf04bacb74344b1808506ca,0,normal,
88ae509941b4459bbc5a3c5e54dfcd71,0,normal,
41c8b7d72bb541fc8dfbd915e539eae0,0,normal,
c83c24e719574935bc6ae02efb7cd797,0,normal,
3e1060f9e1e643cb99489972016551cc,0,normal,
4cf22af6a5f74e61bf37f7c13f366467,0,normal,
007c7f556ae6403a9666ae4c8b25906a,0,normal,
06ab000dee9d4ed2a9cec1eab128ae40,0,normal,
478a845acb6a4d1f93dcdd2e0e386ae8,0,normal,
a3c2246df32742f9a7152b3fcbcc8dff,0,normal,
c53776ccbd434f35a0d9f993c4557597,0,normal,
441597374e7742e9a38656f55f4a7b5d,0,normal,
d77ddcfd1e164a92aa4d1d65a5ea3abe,0,normal,
85a2995465f34193afb712be398cb72a,0,normal,
91d15de993184897852cde3fcde89f9d,0,normal,
54a7d6dc415a4a32b490c0a8fee34099,0,normal,
c0b59bb217c2467992be1b231647024b,0,normal,
e6e608235bc748649009183c4c17b35e,0,normal,
0c0989047a6e428ba631f54d7d0ed8b4,0,normal,
e2ef1fcc72d045f880dd295c652d9efd,0,normal,
05be429b5168450fb36afc9febf2dd61,0,normal,
0a82453ec1ca45dd85698936dce9549f,0,normal,
2da82c731720450884104b8d2e9beaff,0,normal,
f434c90e699842ef91e0e254d5838f9d,0,normal,
272c9b26224f423db314ceb42dc9e432,0,normal,
ec8318b216a04f15aceccd9d555b7d75,0,normal,
53cea0335bfc46508b9b0b442954c1e6,0,normal,
8c870f55e7524e9ebc803365b75e50e7,0,normal,
42b6948d08b444d7ad85b99e82cc2067,0,normal,
dad8a00d9b8e46459e598e1c2b30d89a,0,normal,
bf27a728b61a49dbaeeb5022a50a08d1,0,normal,
3e1fa36e7a784c7799b450e1e322656a,0,normal,
52fe4847f5cf49e98321d7a88a5a77ed,0,normal,
62858809bb354cfc802940edcb72d6f7,0,normal,
47b795c989b84a1a90364d5abfaf885e,0,normal,
90ce31b52fbc411eb81f0f471dacefa2,0,normal,
65cb0cad993747b1a4680e15d5955ca2,0,normal,
1ca341bde70f4ade895418dc0c7910d4,0,normal,
c8451e491a05443cbd258147c6455f99,0,normal,
30457622eda94c3289b4d82cb17bea61,0,normal,
bc9296d5fd6342388e008e82ba40f0f4,0,normal,
a4193f8e05d44bd98b720704d7c782ca,0,normal,
24df4fe07b28420297a51d879db44ab4,0,normal,
a3b86ece7ed74342b29982f20301e36d,0,normal,
7b6b6f3a7bd2497da21fc94698dffd84,0,normal,
77e76931d0474a84b998bdb78093ca50,0,normal,
2144459ef00c4e08bd4c535993df6a8b,0,normal,
8fa80c263f0d4cc8b92aac7dc2c0e96b,0,normal,
67fb4ba3a3e846089e54a045326542cb,0,normal,
dcb9024bc2994c98bafc7f4bf6be0f1e,0,normal,
66449121a7044237b9a33c2a3144e7d5,0,normal,
12918bf62cb248999103e76c2b9d1952,0,normal,
a7bb3d2c9ae543e28f9152cb421d4fe9,0,normal,
2f3f097a593b457e82221c436a8457e4,0,normal,
379a133d1d3344a480212a10540f3c94,0,normal,
2249049803f4426fab99011db6540be8,0,normal,
e11d5013bef14976885bf7ab01f8942d,0,normal,
cb3d7591f70e434e946d0df338416087,0,normal,
a56d1aaca2b74bdcaeebcd432666fd02,0,normal,
89ea9fd2bec143c3b5016ee92e5ee48f,0,normal,
06d1efd1771f4ae5b55bb9d9bac0f2b8,0,normal,
7ac352c045b04fd38384944a58c6ea64,0,normal,
0aa28030b4aa44c18c375139187ad0f2,0,normal,
7d928f8a706f483b9187ab384e0a703d,0,normal,
9d64f58be1c64cf9a0f1a122be7289a6,0,normal,
6e72210915dd490ab1385c62d73857a4,0,normal,
1d1b6bb6e4424968ad61770793009cbc,0,normal,
12ae98f056d44a7b9716d7addadb1891,0,normal,
65ff355336644162ab5d48a1c9c78c7d,0,normal,
ac016312780b4928ae0e7ba7de495ed9,0,normal,
cd5d1027ca9f4eef8667fcb576d0476a,0,normal,
ed3bc3aee9484408a745010f3c27ccfe,0,normal,
08fe1e73463c4a17827581707555b534,0,normal,
d447329764d044289bf007618a647404,0,normal,
d090af80c22a4c0f801f7e901fffa519,0,normal,
ad106c68d1ec413a80edd40a92fc103f,0,normal,
913c0d41c5dd457289e798469be78d36,0,normal,
c5975b17b2e2438ea9b55ff3e8d977a9,0,normal,
a4e21309e854481393d7f824a65f6cb0,0,normal,
5e599431b04a4cdfa1ccf6e1e2a2881f,0,normal,
42043466593e44b6b134dc17c4bca4df,0,normal,
6306b4e71b4e408d84ac9ec849226864,0,normal,
1fe81ee0537645f4a2fc41b0645bf5d3,0,normal,
aa2bf147cee547e0acce11ade9c92d52,0,normal,
d87b54ac795545768aaac56e2020d3be,0,normal,
0c25b6ced8834963928b22420567378d,0,normal,
4cade6f29a4049eb951b7166aff6bb6a,0,normal,
9cb9ddce9b984abb8abaedf40632039a,0,normal,
7b59f5fbe902486696b981f8e59458d1,0,normal,
d262be50e7c94cc6a19c4627ca1f7bbb,0,normal,
0bcf5c87511b4f5192058458dfea6240,0,normal,
0b01dc343644480f97f8dc3495f0de92,0,normal,
655f500b05184be28ec50994e3f78a43,0,normal,
5c224ac31e4a47eba7458c4a57cadf43,0,normal,
57e1e25cb2204195a36dcc6dbbd10237,0,normal,
19a202af71854992a893495d873b371e,0,normal,
4a393b0c91864906968508fd10923d92,0,normal,
42fda424d05d4e0ebe77de34438effbc,0,normal,
510ec52db89b403697a3a1d43f491701,0,normal,
2953a2d151fa4b3e8cf234e919c9461b,0,normal,
5255e66d505943c3aa114112441145f7,0,normal,
d9bc074fb3ad439a92df7f00fcd10516,0,normal,
d6c25de9c0934ebd9d9707273683b614,0,normal,
a1fc495bc11647e7901c4f4c367efb63,0,normal,
d329cacd2b1e462cb658e0d1ffad8abe,0,normal,
da5e33d586c245f28f98f22893cdb967,0,normal,
6cd1317126cd4e91b77a51b2cfa18bfa,0,normal,
61f7463264414f6d9371fe46556f2636,0,normal,
8b400743d6ed4951b8712e241bc0b91c,0,normal,
2052571363c64980a912da4d3d17c1ae,0,normal,
8e3ffd2836644088890ccbb5d2396f8f,0,normal,
d422af195af049878bcd68e55b70b121,0,normal,
89769f6801e04ec6af31d6dc7a0ff062,0,normal,
9fcac6bb02eb4b79a2e4a323e1e1e4de,0,normal,
18ac114830f244bbb03bb6172619c034,0,normal,
37b22dc81bf84ff6ba4774db154174b3,0,normal,
9164262bb03f4207bf4aa7415a855892,0,normal,
d02f05297b7349999d9431346931223a,0,normal,
28a9a8d86d834c8a80de48ae651f884a,0,normal,
1d01578c973c45e4baf72e08ae9ddf6a,0,normal,
99ea6edec0ad45848392e0dc5151c566,0,normal,
8bd7b5f5e48242239018e828b14279ff,0,normal,
1d58e7baee1f4d4694bcc918ccf3db34,0,normal,
79906ed937174e23a13be6728e9b31f5,0,normal,
1e49469bbc234391ad3242fe8c822159,0,normal,
876e60b174db416c94bfc7f079200215,0,normal,
e1ca5b6f787b441c89e2a07811bbb71a,0,normal,
6671977e78e14ca8b63f2eca80c25df5,0,normal,
08b2b819322b4eb88e31911da1071a2b,0,normal,
ba52abab92de4712a299015f99316379,0,normal,
420269a524d049b79bee89e7af5b7059,0,normal,
c9df74550c754b179742278cbcfb2400,0,normal,
5f895d9f62174ceda07570d9e033f5f6,0,normal,
e44cdbddd11e4c9aa8206d2cf87eab59,0,normal,
66a16e26625f49e285f414a943126ed4,0,normal,
4a592ee1a74b49e6b3d24d1249cc471d,0,normal,
8fb486d1a8c04431b71090f71c55b441,0,normal,
e77ea58d22b74f39a6a3325f20de1e5c,0,normal,
699d0510364c4cbc9c30892bb0f9eb80,0,normal,
26a21fc41e894256aeea43d6bad961dc,0,normal,
324322958e5e4d428798d408e4f0cd9a,0,normal,
0393dd1b647b466a814cc6bc583ec1a3,0,normal,
55c479a23dd74916bb2e0a41db0358e4,0,normal,
c15b6ae4f8654146a7dffc2034aea060,0,normal,
2afe2bc43e7e4c01a638e2b0c6197dda,0,normal,
8f877cd9704d4316a81d485367d1f9d1,0,normal,
7be0b6ebbebc4fcdb36a5379bcccdaa2,0,normal,
f7d10f5e8ca140ebb288c021cb6f05c7,0,normal,
5c70339fdb12472a8e6844b66e2b46f5,0,normal,
9dc17e902ebf499fb3d0c0834fd932d5,0,normal,
1fd0c3c0a67d4b52b83dfbca79581559,0,normal,
e27ba473afe147e0b30348546a569bff,0,normal,
d82ac5db7c8b4e0ca83ff2534c583e4f,0,normal,
e5675328188949afa60146f07a382a02,0,normal,
859a53f5d59b4fa4a9935dba1e958339,0,normal,
1b501b31fa6f49d99045641f700550d8,0,normal,
65bb9a34b2854cf58d4b08dc7540533a,0,normal,
b830295cc21d42beaa303fe6fe470155,0,normal,
0eac899637b74234aca0d85ca4d50b98,0,normal,
5df5ba053aa849e3bd4b6e83dba4a792,0,normal,
100a8664b33f453099967957e48c8b08,0,normal,
71a7ed3e2f98434e9be69a2a9cee1912,0,normal,
b04eb1233fc041e8b33cf5cdc14a9e24,0,normal,
fe55431c341348768c07e0bfe186f922,0,normal,
72fc1def6e6f4df0afe3fe2ca82cba79,0,normal,
994c06da8314476a8a8b8c10d137ca1e,0,normal,
81dd7e4f53a249bfb81d757c68c18045,0,normal,
ebcccca4e2f34b6f94fa758e856e061f,0,normal,
3a57e1e885564ff28f71b1153d8a9857,0,normal,
68d5276e9ac640e0acac1b73e1444a3a,1,structuring,structuring_509
c5e14764332c474db382979f582bb69c,0,normal,
0876ce0ae61e4db698796600a7298bd9,0,normal,
ebcfca4fa4f7441ba2f907d7a5629c1d,0,normal,
4e31f1fcc1944935bfa09dbf59aad60e,0,normal,
9f05c01e51c64d6f8ea60419c4f526a7,0,normal,
dfc61b9230594c559f247bf980574758,0,normal,
71ec90984b7e4f379ffd7a200724b7e0,0,normal,
53a956951622475d9a9388181cc1ced5,0,normal,
54a7bff6efe540ac95d6c4d39e779e64,0,normal,
887de157310d45759da29c862540884a,0,normal,
2be0e1e8e7e14003a6732fdde2c17873,0,normal,
96a1449d5892404dbf70c3655a2dbcb5,0,normal,
194760570ef344e9a8d34137fa3e6880,0,normal,
2ade73dfceb04dc99215c4717191e4e7,0,normal,
2fb8d663af8c439ca05b58afc96105a5,0,normal,
5963906253ab4ea3a0749da79d2ac18b,0,normal,
152239e7e2684abcaff04607c0a0fc36,0,normal,
ddcb3e0af29a45f994d2fcf0eeceb571,0,normal,
a17f62b6b35c43988fc929113c2a69c6,0,normal,
cf9f656a34c1420693ccf4eb5b8912a2,0,normal,
a7c4520455154bd183640456e1af176c,0,normal,
a56288c77c5741f984b20503478e0687,0,normal,
2ef797d07f194502b10bccc05eca2d04,0,normal,
57899aa2770046ec9c0a2706fce7cbce,0,normal,
27706b07a529457086be98c3b784805a,0,normal,
63f821bd4d3a4eea8b7c9bf83ceb2667,0,normal,
d567cb851e194ab5846ffedf36bc9994,0,normal,
5c5d39365afe4c17aa96857e1990abf4,0,normal,
996462a836154cbb8a5aa6e500b161a6,0,normal,
1890ba9ce00b4c3aa0198264c904bf87,0,normal,
2b4012fb78e84fce91a90c978e9028cc,0,normal,
077f6d4c308f461d85798b4b211205a1,0,normal,
1e6f4220a0854edebe54ef5d9f0648df,0,normal,
2251a101f0f74416b84a2b4eacb1f9b0,0,normal,
6dafaae3c13e4350908f905ade5df900,0,normal,
b2aeb5a27b3a4dd782b09ac46c6be2b6,0,normal,
387008fe8c004a68906ee63e24d1e322,0,normal,
51569f3f0da9483e8b29b698c0b3483e,0,normal,
10eea733fd604a9a81e0151ed6c935d0,0,normal,
0573fea6e3d7486a8af49396408ef354,0,normal,
e45160183a414eaaab27e58a5a2bc932,0,normal,
1f59859e5e144196aa0467d1a0cdc43c,0,normal,
59cb9f5f0fbf44309424926957e34684,0,normal,
2c2690b753d247899a9c68669a3dbae0,0,normal,
ef738380314d49b1a575969595fa9aff,0,normal,
2a161dfdd6b741d3bfae54fefdaa1072,0,normal,
748a3ad92b7b4338a6f21e95773b2d17,0,normal,
b677bfe78d9d45a6ab341d2a21d66e08,0,normal,
0b4f84e34e8d4a90895f6d9c227ad7c2,0,normal,
7b56cb5d361d459b91f9e04280e1e0f5,0,normal,
34865c294d354934aa588af8e35ef4e0,0,normal,
2506289957ac486da0be492f6aa1b467,0,normal,
c216f747bc974eec899d135da1239d0f,0,normal,
4282c9ce3912424f9bd8c614b4188db5,0,normal,
8e40ab614829487c9fd6e02b5b3fd2c7,0,normal,
ea97b117bad04c6a86763dfc889a2dfa,0,normal,
3fcb2ce662b5403d80fd87409308044e,0,normal,
7c3bab4854c246fe9dcf52f7b7c26456,0,normal,
2460eec0fed044508e8acb9bdeeccc32,0,normal,
c280c36143d942fe9ada12b778c987f9,0,normal,
8a083bd222db41b9a2cb0ec6c3812ece,0,normal,
93c3b0b320074b3c8e0efc359c10ebcd,1,structuring,structuring_509
37ff648ee6284f27babe04ff7d2e0d1c,0,normal,
71e3d6f48a1e43b29a11d3af007f9f75,0,normal,
750bb8c7e43f420a82d23c23818b0f92,0,normal,
a512f427bfed40e2a63008bd66e7aec1,0,normal,
ae1198f3177541d6b32b0a0a85722386,0,normal,
a1f19877846c432bbcf375a612140883,0,normal,
54cf6d9d095745ee80cc2d7e26d989e8,0,normal,
9c067bd8e6064df3b00f649c878dbb86,0,normal,
b1dc95ddf982435c99f502426a3e177b,0,normal,
19151109a7014896b8f162ea4ae5baf5,0,normal,
6a252c4ed72b4bb6a4ae94dba3f5b0ee,0,normal,
a9cb74a12c1f44f99410ebaf2295ac35,0,normal,
f8ae4678ff9c4dfe8271635ce11f5ea4,0,normal,
6ec03a90dbd6465f98302d756966fe83,0,normal,
641ddee59b11413e8b347460adb92488,0,normal,
90fcd9c63e8d4428b604953665e029e7,0,normal,
9037288d00304a388b6198f1ee801b7f,0,normal,
bd5d6467ca1a40f493d972fdfd35d1e9,0,normal,
0f7094de7dcc49959d8365a3bfe6db27,0,normal,
2a2f29e230a14f66a1585f1c1fc09e22,0,normal,
4293b9ad99eb4d088d7a8901bda26cc0,0,normal,
5be4d38e820843d898277195c302aa2d,0,normal,
4a3defa794104f2fa8eaae44ce3f59df,0,normal,
e2d31e16065d40a593ed09c67b6e3cef,0,normal,
4d0f3bccbff947e7b6838357652ac7d8,0,normal,
b44a5acad03e4d2db2011d87c54308dd,0,normal,
0d182dc332c44ef28c88fc5c331fddfc,0,normal,
4e152064631b40109cadbe22a91582ec,0,normal,
a931d727411d4f0e922cf6227c6a1485,0,normal,
e4af59cdf8b74cec83423840040958d3,0,normal,
04779723811542e2aa4cb22b0c6507ec,0,normal,
fe761bad362441518352a745959982f1,0,normal,
d9f96b12951e44c189ba039501622bbd,0,normal,
fe4b5fd1b2a44dbdb52e1af676f6197a,0,normal,
7bd2d40a9e244aa9a7bb7e32bc869b2e,0,normal,
69dd8c97a9a84529adf1ed96318a8c41,0,normal,
3f7f4d4d67b448cebb9d450242868391,0,normal,
6099e7d5783d47d18bd600324f0d88fb,0,normal,
5c1dfc99be6f4175b4d3e23c3c550133,0,normal,
2b7a93f627744c599d577fb7bc9461c1,0,normal,
c29ece589a38403081508f8e52808785,0,normal,
dd5b80c9d87d47eab2b98c04fbdf0e2f,0,normal,
eb86b9528d3e485bb244aeb6a86ed22c,0,normal,
0d5d5292e28e4f029e8aa1f10f7bebca,0,normal,
896b1a4331dd4e0583461cc85515a8bc,0,normal,
eb2f095e926a4bc48623e49d4a33f77d,0,normal,
e6269b5bf4884996818ba3a2796201a9,0,normal,
552f4957f0ae4b4fbd266787b8d5c25b,0,normal,
c9232f422631420fa2c18c5f1b53b1ac,0,normal,
f3dd6bbfa04d448aab94b2249d287d7e,0,normal,
2954a43ee0394fdc9f994c156f857384,0,normal,
f852e659dae44556822539fecc055728,0,normal,
c8369a2bb8dd477caf8e96c6ecb58bac,0,normal,
d0ac092c681d4131964037a51f216e61,0,normal,
b3d8d7ac681446a6b61ca506a3d17747,0,normal,
10f12efc5977423da9f3ad475a7daae9,0,normal,
2ead7c278c56498d962d959d59946e1b,0,normal,
dc912f0745a543f08bc3f466310c430a,0,normal,
f396e31f90f042ae9747e01b85b3a1f4,0,normal,
6de8fd8edb7941d8917f13951d17a015,0,normal,
150453f7415040f49cf3a39c075dbc31,0,normal,
d859f0cde5094a529444071fdeb35821,0,normal,
6e871aa2b88e476386100889a4e2052e,0,normal,
20696b479380466abd4334dcad0debe6,0,normal,
5b2f251de7544058949895db0026b652,1,structuring,structuring_509
15b104aebb6c4350b54d89f4a170ed03,0,normal,
b121fbb68f4b4bffae67eaaaab685562,0,normal,
6e37166d59714707a0f34522b3313767,0,normal,
7fb028b4ae8d49de8e7efc4cc20f542e,0,normal,
902782ce1a8c4819aecfe5d876df8bd7,0,normal,
d9cf86d8b99249a58268a0da51ead0b0,0,normal,
cc0ca0ed5d264cbb8f4d6a0f1736705a,0,normal,
113b96e57ecf43cf9b9465f0ae6a97a5,0,normal,
101a0cac9c2c4ebea8fc50b3aa4e360e,0,normal,
f6cb6b7053524ce4ad4032c65278519f,0,normal,
fb5f6a6c21434544835004cdbc2433dd,0,normal,
8f1298834d8745a0ab19b616e0040799,0,normal,
cbc708709ac04c3692372cc155b54488,0,normal,
3c25b9e417d446bcb167c6b7e9e32224,0,normal,
7615d814e4fc41a590d583a370ecc225,0,normal,
393c1b313e1948978d2da21e9eab7b8f,0,normal,
e0d7747c4af943bab494d58cfd50b52e,0,normal,
166113af6ad94448a62c8eb5aa697525,0,normal,
f475ef8ef06c44468bfa2f96b15c39f3,0,normal,
a26f61ce91be41d881fbbd61ba227925,0,normal,
9203671fd71c42b581a238b39bf29823,0,normal,
d3ff2eb198964ed4a102da931c6b828f,0,normal,
2acc3bb0ba2945aeac425f4a35820458,0,normal,
4cdf8fa142d24c209be5cf5bcacefd01,0,normal,
b01ac47257034849861906d9e861b617,0,normal,
cdb38a41a9d242768accaccee54d8527,0,normal,
38f1e43792c74ee4a34220936f13bca3,0,normal,
a773ca271eba48fea04efeffc3725314,0,normal,
b15ac79e229043a6aaebeb757b1d6f27,0,normal,
81a8d9347d0c4fd1896ce375cf48558f,0,normal,
3dcedc4f54c24b58bea2a25379ad063f,0,normal,
71ad6fa6abe648ada88310451593b61c,0,normal,
a9eaf63e3e4943e2a7b270db01e87953,0,normal,
447aaefdaaf14b66823c9676c13be310,0,normal,
302aa3b4f488480da93ce5d5dd18368f,0,normal,
9d9201c297b74006a3aeb62b68f26520,0,normal,
a834a55437bf4b52812bf7f2598fec75,0,normal,
6fdce5727e3b49ff9ea29354151da5d6,0,normal,
23b4d71a6a174890833acac87ebb1682,0,normal,
4a126d2f7af743d7a0e30a62ab8dcc5a,0,normal,
a63bc8ab99154ae2b57f8e5df59dc41b,0,normal,
39831be632334c07b5f99ec7a04cb6c6,0,normal,
823b8a9378094f92a23bef669da87de0,0,normal,
1ce6203531c04eb0a3551588c5fb61c5,0,normal,
ce865aad7e984b63995f51343c2a335f,0,normal,
94b48f9bd4054488be32f08238dcac8d,0,normal,
550dc6027ed8470e89e03ebfc13335b1,0,normal,
4a1ff2ada93b4e039eb171342b6e9482,0,normal,
19b2afe21f4244b990e683f49a0dda72,0,normal,
6312b58489624c808798f1873467fa76,0,normal,
e0f09c33b21f4ecfa2cd8ef1654c27f4,0,normal,
de90543d3dfd4796920c1d0fe4016d29,0,normal,
4ff81d483afe40af9502d43765c4339a,0,normal,
529f6a9c66a945c89ee2655d3369e18f,0,normal,
5f90b0e9e2e14874811256f4cf5d599f,1,structuring,structuring_355
74f1c973b35e459fb80a8b3b5833e093,0,normal,
6e780eedb81f4eaebde1ffa29eda6329,0,normal,
c6f067cdb13f4d23b7fa2220fc05562a,0,normal,
ca2ab3db7f964bddbe76ec398c8d3005,0,normal,
b9d14be8d4924f3aae336fb11b48e23d,0,normal,
4fc1fc6196b74385939e5bcb69c6bfff,0,normal,
de26c5a3d0ad4774ba0c1eb9c599d932,0,normal,
4e7c1513f33c469bb8d5fa3ea239a04f,0,normal,
1834cc05a5ce4193a9b859264d304da8,0,normal,
d544a75e87f0404b9c4e51d5cb7f0af2,0,normal,
9d1c52f61f384c2aa6f0281e570598bc,0,normal,
422886fe8a1c46e1a0c2dc964ea489e8,0,normal,
7c6dbccf12a84bbb985415f66ca2c080,0,normal,
1dfb6fc19a3f400280509156ff346158,0,normal,
ca8cda5bfe7146f884be302f42a7efd5,0,normal,
8a6b6bda27d44292b9ecf5a363159aa7,0,normal,
284f6281baf542aab5353bb7d07f8b69,0,normal,
43e04ec59a764a1e9178aa69e0afbbc3,0,normal,
c1499e26f571455abf193473913baf7d,0,normal,
15a85f4d9c664c3e8d42a266b55254e5,0,normal,
09a9db96e8f24178b26530f289f38d22,0,normal,
d8efa904d6024b4eae49eb0830e0e777,0,normal,
54932fadb1f541c1b4fcbead5a5c1c51,0,normal,
cea605fc44db4eafa766c474e37fd8dd,0,normal,
78b43a1702b8419fa52ab72ca7fa1523,0,normal,
cdd171ca90594d8e86e6cf734c48b8f9,0,normal,
9a8cde90a9c647e99a0dfd8acc47ed63,0,normal,
ebe49a8131c34994a53f5ff213bd84c3,0,normal,
285157774cdd429697de409af395d15e,0,normal,
bfe3776fffd449c591ae1986a76aea75,0,normal,
92a19ee303b141b58d7cdcde52d0ac50,0,normal,
db53c5f9abfd4abbb299c127c9f927b4,0,normal,
7f1eba1c32b14e90993b96c3cc8985a2,0,normal,
b39daf11ab114a9f8f7bc0d42b1a3972,0,normal,
fa01fa19c68c4eaf985a36d818f7cc1e,0,normal,
55cc13a2869b43a6b037bda5c08b0fbe,0,normal,
e9cafd1839324385937d3415825711fc,0,normal,
014ef0f74d32473eb416ebfb9df1266d,0,normal,
d7402715b6044679a98cb4feef0a6740,0,normal,
92f6eb32bc904f7bb8ea5161d35eeb1d,0,normal,
9ab074723df943aa844d92fed85778bb,0,normal,
5bea3f1d407c4d36955370e8c1ff9d77,0,normal,
f06cc5e040fe4c6b80320c455e4534aa,0,normal,
7052871a62c14d108d130cc7b5a6665a,0,normal,
506cfb9054ad4ee9befff636a4bdb93e,0,normal,
d8e86f0e165c43248e12e8346429e01d,0,normal,
aacc071ee6984461b188bcef577d4ef3,0,normal,
c7731c5d7c25439ba1b57af2afaf4cbc,0,normal,
1fba42a352754811980208e8f35ee1a5,0,normal,
6a00207bba1a4fe7941cd686d62db688,0,normal,
66ced374c47b4196a81036c0e5789b13,0,normal,
097633879779458c8eaa9b92222c5258,0,normal,
61168796152048c69d326cf19e0fd0a4,0,normal,
c66a073b4a62486b845618359596ba6d,0,normal,
caf6b547795e4803beed1d370be80967,0,normal,
6f47cb021d7e4d9da52db92d4dbb3113,0,normal,
c694ec1854514042970bbb2a4bc01252,0,normal,
7cb66bdf25514a77bdb6927e511613b9,0,normal,
93d9c8fd01bf4a03b1f83cf7d712ddfa,0,normal,
ba248e1396364c18b96fd2217860a2ee,0,normal,
72780e56287c420b852a32fbe3e06bdf,0,normal,
3f78e3e3891648338175734f8f9586da,0,normal,
b1f634ed305e4263ae1266b802dca333,0,normal,
b09a9032bf334b1fb2121cb5f76a9cc3,0,normal,
1124f054268b44ebab789190aa16dd85,0,normal,
554fb235988d4b92b906c6714a345e8c,0,normal,
ce8b1b0607df430e8681e1655c5820e2,0,normal,
491c38354a6943d29146af5d6bd17d11,0,normal,
81f838b6b70b4b3387fd85bf089dde4a,0,normal,
f9617808515043abbfe8589fd5b8f550,0,normal,
14563690d92f4a3a8e78da322bc857fd,0,normal,
016a778ae9b64702b8971dbe15598ee5,0,normal,
32231e0118cb4560881da3fcde6c71b1,0,normal,
28fa850fcf09423bac21e645aff63874,0,normal,
f9cd84b2ccbc44fc9cf1182f2492c64c,1,structuring,structuring_509
ef2a70f2222c4ca6af6ace27145ef1da,0,normal,
4d30992be7c944ee917f3b955f9ba5fb,0,normal,
f412db52394640bea697ae95915136b4,0,normal,
3cd8fd38382c49a7aebe7888b7ec6eae,0,normal,
34a6c72a4b7b4582b3acd7a8ae3dcafd,0,normal,
e85522c50d304fe0947c2ed3c83e53c9,0,normal,
fdea9a7523774b0fa307de94b87f6384,0,normal,
8bb2b3b9fe6046039725c8396ae160ba,0,normal,
0c8cf0cd6c4e4b9db0b5ca9b8cec5a2e,0,normal,
b20d05b52bdf4d8abad02594eebf09e7,0,normal,
ff4982d29b22481baa0b5474d64cdd50,0,normal,
6689fdb58d3540929248c54a971aa87d,0,normal,
85624d3e89f441fb931041c71429cca3,0,normal,
e77fbe44ab4243a1ae00fa4f56031439,0,normal,
6d81e38192464b36b73cf58e2257056d,0,normal,
14e352253fea40e5ba248e42a02b03ff,0,normal,
e823072d4a0f4e9296bb87df1c8cca5c,0,normal,
4fe1ae2f036d49b0b89398a9c5e6a6ff,0,normal,
723e9f119ee14c8197fed8f21bd2bbea,0,normal,
9e3804bcf78a4b91bfb307eeb756838c,0,normal,
fc9db8df944f417b8e06911bdc29c021,0,normal,
5b4a6f8c6e6546ef91b9a5d2bb88fe8a,0,normal,
c3861b2c2b57435695c95fffd8c2536a,1,structuring,structuring_355
1fb0ffce665449dc8dbfcf66e9100cbf,0,normal,
09373bd135824d63af4b3202a78ad6ae,0,normal,
8c0dcc8e248147118b5f0af21e71f765,0,normal,
21fcfe77cfba425aa2c438fe3c08da6b,0,normal,
4b9d549ce81e4f2cbe48058545f25ae2,0,normal,
da38e3fcc22949c79061c5431e600a4e,0,normal,
857b01a4a55e4b6b8af54d9fc40c1c9b,0,normal,
4aecd9c38c6443a19ae3de172251a45f,0,normal,
dbee2d61eff24a42bfa2418e66efdf16,0,normal,
87818d08e6424ff8ac84b3eac9269765,0,normal,
2ce675679bb147d4a7b89db14baa0154,0,normal,
2aa0f8d6ce554a3891e6aca080ea0ce9,0,normal,
5d0ffb679fde4984bc8f4ac9d7ae6b87,0,normal,
54f30f0f67c74cccbb79731e47eac003,0,normal,
fbdfe5acf6be4b13b5c6933cb361f8a4,0,normal,
66e0847ab9ce4d4f89d58756a22319c3,0,normal,
60c62a66b34447f78a45d5e3ffac2b2d,0,normal,
f1965a04a960481f9dc5a151f2d8d2fd,0,normal,
a6a57ce26d4a410ca555ba202f55c5c5,0,normal,
0f09324f675b4ff79a15416de5284ef1,0,normal,
5600c5213ef044c8995f9c793194d77e,0,normal,
27ca0c44792543ffae45db8289037daf,0,normal,
c9a9663afd8d48d090a0372356cb067d,0,normal,
0627bc1dc31241609d454f7717b7c1d8,0,normal,
cdc093e993d04de8a511d8b455c70f3a,0,normal,
f187c247414a4441bd4d9e0e4ef7669e,0,normal,
f947034b8aab4905a061b3515b599e60,0,normal,
a56c9a555cee407dac088d35ee2c698d,0,normal,
07e75128541d48c994107e7fab3eed5e,0,normal,
9a467eb56c4b445896ca7e38c30881ce,0,normal,
ebabe18760a34b18b5fd546449f5e874,0,normal,
5c21bfed60af4a3fb1e76f564b19e01f,0,normal,
e6e1fe03c871411681de9b5baa7779d9,0,normal,
13116d15e9be4d1cb246b68b995d0f86,0,normal,
864bd48ae6194277b3524e1463544b3e,0,normal,
0de5c8e898154635812401d4cd33a865,0,normal,
6dd9cc33edc34d3c85fd336ba8344a07,1,structuring,structuring_509
c338f051263b40e489f8afa7486a9179,0,normal,
2499800a4aef459a885e55059a60c478,0,normal,
7ab91cea7efd4b5a882881836fff51a1,0,normal,
32c8ae3108dc4a6494feaa8c64d3a46e,0,normal,
d466a1a01e1f4ab6b8492ec23b1515dd,0,normal,
3ec15479b52e4c94830425b3c4e62933,0,normal,
647c34a4903746a8a83cedfa5f233364,0,normal,
2812d6518fba42ee9f505aa1c07d929f,1,structuring,structuring_355
6d731b0a91da46adaf1810a6ce625eca,0,normal,
54da93d5c0944ad6b909ba832a86ae9e,0,normal,
1f9b7edfdd53499ea9f081db950f1147,0,normal,
5050b7193b8347d5bc48d24889276a74,0,normal,
330cdf448dbf479bb19c3cc09bb6e156,0,normal,
e05bf89d35484ea68ae13dbb453c9884,0,normal,
285abac5d34c4ee4b206eb7339a9d904,0,normal,
60e82e9411c54ea4933dfbdce6b9590b,0,normal,
a46e7f3e4e8c4c90841abed513fd24ae,0,normal,
ef4b3fd3296445e9a0ea3382f977a9d4,0,normal,
caeed6a2f5a0466092b9ccdd564c125e,0,normal,
e9cd48dbd08b436eb39af3bb99961a18,0,normal,
fc6916b43f594baabce96acdbcd0bc6f,0,normal,
609b5ddb708e4fffb90ed06bf4ffc3e6,0,normal,
3de54c8916e2416a838604e4836f6017,0,normal,
8479bfd071e646c4ad8e45bf3314b88e,0,normal,
421d06d15c284de789ece0263c4da514,0,normal,
bbdd8583ef8f40b6904b807c522d8d31,0,normal,
ed7cd36bee2a48d5b5dd59c7a5e6b84d,0,normal,
9f78d9e949554217a7c96a83daedc3be,0,normal,
7ba3609a4fb84b4d8ccfb697f879529a,0,normal,
affea4b9057b422b9372a33c6c4c0f22,0,normal,
dca9d35d9d9848ffb6adb4f23f19d244,0,normal,
d954d42654af4d1b9783cca16fb1218d,0,normal,
e3034a431eaa467eafbba66641d105f0,0,normal,
32c15b55896a42fcaeebc1ed06dce4e0,0,normal,
3018331d76ce4c2c9d137568c7901a50,0,normal,
f97bfab4f4ab442f9e88061639d97a47,0,normal,
ecc980a016d247a69302f67fd09235ca,0,normal,
3180fe273ed2446ca73b8d0e8294adb4,0,normal,
251007a81f3a4fcf9829624a4a544596,0,normal,
0f8be5084b1240ac83b0c6bc4c1b1b8a,0,normal,
cca1afe020514cb0ba7e0141dff56443,0,normal,
8664d110393d4eebb67d08df808cc5ed,0,normal,
0361112b4e8f469daaf99a6aaf46e93f,0,normal,
3c618b1d2c2141aa981588fb62b96a20,0,normal,
6c167216b7c54845b32de7415c8ad6dd,0,normal,
adee67c5497247e29330d1c47daef813,0,normal,
a8845d4028234228bbd4c707a588325d,0,normal,
7d979095bfa54f4597731b25c4947826,0,normal,
8ea1b9cc38274910b02c49048bc3e502,0,normal,
8217c26ee0904b878fbcab7adc44754c,0,normal,
6c021bf59c0c4c818e48181b5f6df456,0,normal,
4d82c3b3657d4b18954faefecf1faf5a,0,normal,
4f9c98fdf0864938ad6d47f7eba0c3c0,0,normal,
b7a36f82b350426e8c0bb4e631f3522c,0,normal,
faf0b7e3f83741b698d8586e5cd5ce8d,0,normal,
8a3e8561b934475bbe59f18f74a56b0d,0,normal,
e7115d80d1934ddd8def8e3488f26fe0,0,normal,
4957a2994c134d07a549ff7eb42993fc,0,normal,
70d6a3bbdee84612b704c3b088792755,0,normal,
07e4ba821c0e425a8f5efc586c529ada,0,normal,
533bfee935f440dd9c8e66f1f59551b1,0,normal,
134417b7309246d18790e09fc097c509,0,normal,
79da301f096a401abb540c75ef72e7fe,0,normal,
bc7274bf4d38484c89612f1eb22d3524,0,normal,
ccea0327646144efaca361d14159c069,0,normal,
0563b43c836746a89de8f58839bbce9e,0,normal,
159c4da7d4174067b96f7ebe1ac00264,0,normal,
ee2a7461797745e68adebbd9a7d0d18f,0,normal,
a4a6189b4aa14d7586a62331e59d0a08,0,normal,
f87b0db065484855b436888cce3f51d5,0,normal,
541dde86414647409d1c342b1d7a5ad3,0,normal,
5395dbe757af43d5b4ae546310a167fa,0,normal,
7d094e3d2eca40b5ba2087aaf2a12d2f,1,structuring,structuring_509
f065af2cd26d44e492fafd862405d201,0,normal,
dfdc7fad30984ecc8e56df97c8ae1479,0,normal,
26bfbc521967482587b694d31579b6df,0,normal,
6e2f5a01325e46b8969720af496f37f7,0,normal,
7db50d2f9e184852ba0cae88da60a725,0,normal,
639ae199a1624c66b66f5006ebd3e27a,0,normal,
de473a22cfff4e648116584f1fc98014,0,normal,
5cbd88a28c6f4303ad11745f76ad5ad7,0,normal,
4cf4f1d9fa614725859ffed34af527f6,0,normal,
3ca907bd1ce74e99ba24743d1a97a4de,0,normal,
0c0508234070459bbbb9b86e6809e5d9,0,normal,
182c3dece601464e88e340ef8750c5c6,0,normal,
6cc33df8a7ac40499a1053cfc4441da9,0,normal,
7d050a709ce2429590907078674fe9a1,0,normal,
4bd326174d9a4c42838c79b5d5b54580,0,normal,
a56031b06c0e4a5c96e2c061f7c7278a,0,normal,
b8534caad77843b3942a27cdd832d3cb,0,normal,
23d1479ef66e436ab038473fe3bda806,0,normal,
8e3f19d4449148769db04c3588530ec5,0,normal,
b1214e7eb09a4be08621f7017c9edbb0,0,normal,
bf4ba217602d4ebe8e8ddc68d495d0a8,0,normal,
8c7d39eef8ae4bbcaa180693286fb782,0,normal,
11d0d0aaccc348579de77f357b6bfcd8,0,normal,
470646d7737f454fa29bf230c7b30448,0,normal,
0e5139d061fb4e748ca1b94c33dce0f5,0,normal,
4af12da7e1124151b86b671f7d514b85,0,normal,
cfb50734b6db4c3088ec224ac21543dd,0,normal,
5f26ec1ce52141999c5a39214603d979,0,normal,
0c5d90999a4b400d9606157ef4bfd1cf,0,normal,
b983935426af4cf19a8864124ca6d464,0,normal,
31475050c752445bb6eccf71b9ff8c8e,0,normal,
2aeaf2b8677543e48662a7ea43ff8ccd,0,normal,
e7db171b9c9e443a8488460ef0ea5dc3,0,normal,
0a6d97a5d6c14709bf0f8127dfe7eb2d,0,normal,
d872798c46844a07ba186a6f737c885d,0,normal,
e9ae4d6d249e480a8ed013c4c228d3f8,0,normal,
07ea0a44faee4d1c8f5e0962673d6b0b,0,normal,
0ebb641fb4da4fe8af2a5dc57b3ba782,0,normal,
5cd63fcc7f524f26a0b34cf0ed0fa571,0,normal,
f180bb6945c04e24aa1485310a604053,0,normal,
6550e158f18846c8aa2693d9c5763782,0,normal,
047863a3ac4b484985e36f24b671bc69,0,normal,
e7d68a15dd394e14a9a87668c4f84e44,0,normal,
fa3ab009d7534ffa81904a335043e6cc,0,normal,
78d749a08887427599f288c2eb7173d7,0,normal,
0f0644e7da104c79bd10fd24bacbaae8,0,normal,
b2b1582f30494bc4b85bb8f70a813aac,0,normal,
aadbe50ef64c4e5e9f775379e97f30ea,0,normal,
95da7705541a4e388445f836a527f279,0,normal,
3efc5f394e264232a2378ac6b03cb30e,0,normal,
609ea39e42cb474d89fa2ecdfe9d4355,0,normal,
4ec49428de754081899286b9c418ef10,0,normal,
43583eeb69f44c0b98e232fff5aa7f15,0,normal,
d701f9c41fe54a36a9f133e7dda19ffd,0,normal,
1c78f1e7c63b4ef5b543095b775507fc,0,normal,
2bfdae6687c647e09f92ac4b34d7ce90,0,normal,
fa634f38d9ec415d9b3d32ef8887fab0,0,normal,
722220f49e2b49e6b80566040d5f0972,0,normal,
b5e0fb7f8c654ec7b6a575aa2f990629,0,normal,
aa665e3833504a4cb820c791cdd0d89c,0,normal,
e52f58b765ef4580b9dc816a46125066,0,normal,
5cd9e0632d6e421daefe24cfea2ba668,0,normal,
045260e2593c4152bba899cd81776e59,0,normal,
941d703ecec84ec5a0f97216633e27f3,0,normal,
348d452ff9a246f3849ae45f7f7a2dfc,0,normal,
964f08da83c74c05bea35e7a4ddf89d5,0,normal,
f372297fe96542fe811b7bca42a0fe6e,0,normal,
bf097de22f3c466da66599af4dfcb723,1,structuring,structuring_355
6536d4b3b4c942a1b473a7984f33215d,0,normal,
4a461e5c714d47edac7e9153db931df3,0,normal,
ce1a9dec041846b386c4e605b904fa2b,0,normal,
95d9b62478154e16a1d542d9b30dc692,0,normal,
31fa1d108e98467d98864ce8f06a2cf4,0,normal,
b081fbd8d34f4780bad4a6e84cdec04d,0,normal,
acf4d1094153407ca6d1bdeb693d95cf,0,normal,
e7607e19be0f4d9eb280e84904503050,0,normal,
8e076b6cc89140d8a451a09bd9a5a29d,0,normal,
cfeadb4f6ae14f03ac445d194fdd8254,0,normal,
ccadb2e05c094512b9e7fd75914cd4ad,0,normal,
85c8d4fd9b66417daae0eccdd52a025b,0,normal,
a88529d7f3e741d9a2708f5f5e88db4a,0,normal,
1ab5b005d7d94fe69d8dc169310e373c,0,normal,
b24463bfa93443619d30fae723ce9a50,0,normal,
bb64393b8fed47bea2d1a3e00d600927,0,normal,
06bea1f6217d46fda6779f02e042838d,0,normal,
685d7358be4b4005ad0aeae9798b8b20,0,normal,
86519b4ff85b47ecacc15db1f48f12aa,0,normal,
d01a800c42514b73902913e11fe3a5b3,0,normal,
614d7204b34846c5b7812b4051c9efd7,0,normal,
7cdad2a418ad446a8bceeebe67d31f48,0,normal,
4854da496fc04871b706ae0234a18e6c,0,normal,
eb4fd792772c42f6bae2b9eb4b44ac9b,0,normal,
fc6bf5745e054215b26328e6a5be1ec4,0,normal,
37653979ec4945e8aaed5568b324c9bc,0,normal,
608f98beb8a445dd98cdca5dcd90ecb3,0,normal,
3bca0a81d40c47f184116b7ba071d6c2,0,normal,
528e09127d834c0bab18b2ce79ea4ee9,0,normal,
2f262bd346b243e8a724526b668f1978,0,normal,
ad6f1460c4c34593bf5f9fbddc6a6535,0,normal,
105c594d1ea04e6c9504b003c311dc02,0,normal,
8371590f0be941b192f22a80ddd9f68d,0,normal,
09d11d8f1d094e4ba61c4f834d9c7a4e,0,normal,
d4c6b2c8d40f45a983f8c4fc47062cae,0,normal,
4327d4b834f741c7ab90688917ef49c0,0,normal,
726227b5fc0b451fafe5cd70de47f878,0,normal,
6ae0965af38d401499193b9c58635b86,0,normal,
e391b50e4ece473e85111dac972547ec,0,normal,
bf9d9b01459941b0b00f58d200767a67,0,normal,
814d6e1f150f4a4d87d4980fd5c7e375,0,normal,
46fe3ac7fed940508f373c8fc6115690,0,normal,
4b53026518454dbb91b1854787b9f71d,0,normal,
b957aa200b1246c1b8116cf9dbe95466,0,normal,
a3d40e43f5d0477b9bfc0cecf148fe23,0,normal,
3ab68cb9688f4e93a00ff7f13b0b58af,0,normal,
fd0bc626882a4aa7a7709629cc860118,0,normal,
b13ca3be4ae74bfe9bb9183b4a0b1c55,0,normal,
324363c73fb64ea68a807a41c0a799bb,0,normal,
a0a8a3138d8244d3889005b3c12ea0f9,0,normal,
330b12c2c2b9423e9527056f73c738d4,0,normal,
3cfc0d8d73a942859ff6e70d3bf60e74,0,normal,
83130281511e4f12b532ec60e2c7ea7a,0,normal,
45c472820fdf4fba8360e923190fa89a,0,normal,
6dcf3d0085124532aee81106a7cd3f51,0,normal,
86851fc2565d482686022d93c57d269f,0,normal,
110c677cb03b4debb53ae5af8ec9cbd9,0,normal,
97715e62c1824afb8086da9d8d040b62,0,normal,
8620ddaa157543de9f8ccac5d569ad36,0,normal,
47b72bb931bd4f69a197b66ccb5dc4dc,0,normal,
7550d1d68c6e4200af74f445b9f0c3bd,0,normal,
41ebfc7e6cf34620a9e7b66c7aa9a16f,0,normal,
bc129221bd1d49f5a5f804addf78905a,0,normal,
ec96a8bb20c946cea7f936c70149f052,0,normal,
b4b3cedd35a844f3a88c37b2572d10fe,0,normal,
7435109fcb4f40bbaddb75b84522c8c6,1,structuring,structuring_509
59016fef6a444f91852c758b340e536d,0,normal,
c1fef86300da4167832abb0d92589037,0,normal,
494acb6f0ac741c1ad2663a5356f2e78,0,normal,
3435693b92384616b4a61fa5ccecc5f8,0,normal,
62e38a3d5f464f79b1d1324711df77e8,0,normal,
718645dcc4504934bb94c1aed74f2b83,0,normal,
34173279600a4418aac44ce2ba6d7a80,1,structuring,structuring_355
5ceb542e55b54acbb6f49561ac977430,0,normal,
0f972c635bf948308313a8ee946197b2,0,normal,
ce4fb9ef82c54cbbb6d4819e1ceacec1,0,normal,
8847a263864448b79dc57b1895420581,0,normal,
2c41e5e08fac4457a52b8487cd2f9f66,0,normal,
2d56336e99d0445aa814f64b54ca70a4,0,normal,
b93c68cfe62a4c6db080273c8e34c1cd,0,normal,
89408368f5cb472faa4a710fd9221946,0,normal,
f8151ead1af64dac919679dcf3bf6aaa,0,normal,
8fff3a6f31d74d2490f5eb425524a975,0,normal,
7218ed44d0ea408b9c03509dd426875b,0,normal,
76209ab307c04b12b04e9f03a5f2e9d4,0,normal,
d9a524ce98bb4249b55e26965135bcd6,0,normal,
4b004b079e824483bf85e516b8723b6e,0,normal,
de70f39bcd5b407d891c580dbcb0ca31,0,normal,
3f5cb4fbff3d4e759f56d4903483a963,0,normal,
bf2189b85c5d4f5b80252eeb0e643b45,0,normal,
0a74698f597b4045b4228510db25a3d0,0,normal,
3c844250b6f841c58b6e4a14b902f76b,0,normal,
ea2cc3a482bd4f2799eee442d3812377,0,normal,
1ba38cade8a54550b3ca14c194084e36,0,normal,
8d5eaf7b87914e6d831dff852fb09b04,0,normal,
e6827ae25902414aa195e361c16cc25d,0,normal,
077d7decafaa49d4a3367b1aeee317b9,0,normal,
f6d8d2f7ab294d858313fde079b8d20a,0,normal,
4edeb59e01d94b4085652e845ec3f749,0,normal,
3c1c0e1d35dd4f949405abd37c5b017e,0,normal,
30fe51df41384087829328717d151614,0,normal,
ffd2ab63f6fb4955a442ae3c8022894a,0,normal,
bf9698a640354c44a0919fbcd1a42661,0,normal,
b67c39a3723240fd9553ec0f4300e8dd,0,normal,
64279aba4180402fb0752e126bfb0611,0,normal,
71a43348252a4cf99cc3625877a65cf6,0,normal,
2cada902ff5242d3a5b72d5a7309e2c2,0,normal,
ee6fe892dfb145c8a8fd922419cfc5f7,0,normal,
408ce9a869af443e8615f0e8cc9718d9,0,normal,
6af82235fc2041d282a722dcb4244a74,1,structuring,structuring_509
2c030682e6184fd7abee0ef4a7dfbe85,0,normal,
c36bb34ad78e4a829f307a8b5057a13f,0,normal,
0d797b09920d40b9ad887287ff4d6087,0,normal,
4a8529156d834553b45fb68b9caf5115,0,normal,
6f3c136df6aa4a54815ae005c463b26a,0,normal,
6a7f4794a4f944d39e542679357ab85e,0,normal,
c30cef0918ae4d3481f1f976e8b64a63,0,normal,
a66ff47181c54047b68368b83ab83033,0,normal,
1586b0f22dc94a2b9bc5ccf5b72e8210,0,normal,
ff6951032a55448eaae9388e81029738,0,normal,
d4a1289ce41e4fe59e3cc3709d3e7026,0,normal,
8f283e52a5da47c6bb71d6f640204149,0,normal,
ece1e8863d944217be4e4bcbd4e707f3,0,normal,
34bd0e0f083947b7906065aff1e77714,0,normal,
810af181970547ca8ce310c16dd564af,0,normal,
f84556ff238a401a80a17cd75dcb0f93,0,normal,
d9484cd5a53648bb9d2797387e64a52a,0,normal,
d7e25c74e891418c95f8cb32e9d2a54c,0,normal,
cf115a55997d408088e77a4ae1908549,0,normal,
f7861aed5f4d4c2db5cabd646e7e33e9,0,normal,
a6206ec996b34bf592e7151dcfddcbbe,0,normal,
0c69c51b833140d9b53c860709cc0353,0,normal,
2c27cff7c2b84f02828e9700384ad88d,0,normal,
07832f7f5e6344deabdc68defab288ef,0,normal,
130b8706b19f4625b529947944c345d8,0,normal,
ffb0f0dc88514a57b387561d8d48ba58,0,normal,
675a9c8d4d09434fb3a8b1353648193e,0,normal,
6a67cd00189c4a0eb64963ec64b18976,0,normal,
eefee0604aa741e18bac35ef5d5ba4ca,0,normal,
cf19e5736ec04918a999629675b016bc,0,normal,
cf29b5679c9c4f5786fe76a79a403fe5,0,normal,
29846cee7a214528a43de346867e35e6,0,normal,
6c0863fbdae048b285016164202d5ad1,0,normal,
6af8e324eb744f1caab312885b6a49ea,0,normal,
20755699e38045a6a2d15b9bec9b127f,0,normal,
16d3057e3c0a4448b00df609e4fbf530,0,normal,
93797f7bd5124fb485a7c2eabcbbc529,0,normal,
9271aafc02b346559409034ee8385a44,0,normal,
5ac723c56f5247a1ba0ed05468d04701,0,normal,
897b6aa53a314206941eb0d05895ce7d,0,normal,
9919200637184ef887e37896b90da782,0,normal,
dc3748a0243a44988eaac13e30c9c362,0,normal,
3a1bf6be94004040bf689436f5789307,0,normal,
d2af4fef1a6e40ec8ebfad20ed79fc86,0,normal,
73a717c154104f10a6801984c8a9098a,0,normal,
06ec7df5c21a412d9cb5fd85e21814e4,0,normal,
a8f5e924619a488782538a5aaa61e9a7,0,normal,
a79939cc9fb64df9987f0e571d001b43,0,normal,
4dc9e76ec9524ffc914bd3dbc8728489,0,normal,
988a046d5bd7452da2d590491845b537,0,normal,
654b374b35aa477183d68e9d7dab9c92,0,normal,
41121e6769004e7d93eac9ad7cb74cc7,0,normal,
eceea2b6ab624dff8fcd6df168237c46,0,normal,
823c488844e94cb9bbe8187a191bd011,1,structuring,structuring_509
bf3d283838ee434a8e318d1bb425b647,0,normal,
36a199d0113d47b6b6e646c4d99b7bab,0,normal,
b8fb4a39d87f437a959db51b1238743c,0,normal,
3d10236ba9ca49959e9cec8729a1cfbd,0,normal,
0c95137626054b1a9c2bff0520b1356b,0,normal,
8056df1ed2474243b5d8797a3c66db45,0,normal,
81040b8baaf342af93050dfbe4adece0,0,normal,
70b9f3536d084f6eafce71445a9c5598,0,normal,
5be40d59b255420a8bd7d3c060ee2bb1,0,normal,
a7f47c4e6bb74396908061c178a36e42,0,normal,
86e713da61bb4b658880f15d60bddbf6,0,normal,
7979fd32565142aaac79fd4c39d6ba68,0,normal,
c03c983662fb48289beada06f74343c9,0,normal,
99dcbc8874b84d0a93438e21a061e28a,1,structuring,structuring_355
3e1be5cb465a463293c65055b5f837d8,0,normal,
2740c4ba91004dd398d45289bb34e7c8,0,normal,
854e0171ac7b49e09f74a895f9eca00d,0,normal,
5cc133ecf5364c77832eaad88ed58dfd,0,normal,
5cfe348070dc4c3aac7a7ef43ad74f69,0,normal,
83ddf38640cd4c368070941464f99a1f,0,normal,
50721694425a4860a26bda338f128d21,0,normal,
b5c44bbbef6041e4b69005e6f886e5db,0,normal,
9d6293dfcbda42f082f58a669b17d841,0,normal,
1832791e13a247f3ac8aad1a491e50aa,0,normal,
7e4ce5ad0cc54b1d97ffd1262f50d9d9,0,normal,
b4f5f9327bf74f8b97a8847e624e9834,0,normal,
a1481f8973894b7ca94063138a3958de,0,normal,
9a57656c9e1543b3b2403de98a5e6a84,0,normal,
5b240847806a4edbb015981b3de29dc1,0,normal,
fef8c7cf2c90439cb2f7f91c55f286de,0,normal,
52157eea787e4d55ab41ab784b6d9391,0,normal,
6c957df7772a444d88854e63355eed95,0,normal,
93a8a8115a19470b8667eb2c39d0f3e2,0,normal,
f934ef0470fd4f4b8c76c4362625279e,0,normal,
3c0ca7f8361143cab22d5fdcf13a761d,0,normal,
1ee1dbfe04f84201b281ac92e7762db2,0,normal,
2f4b4d4e84b64a4295cd9070938f237d,0,normal,
8b1edd7303b74a199965360047fbb387,0,normal,
b28e2c924f0a4a4d8768631c581cea6d,0,normal,
3c77b3baea0d46fab9f11ed5be094336,0,normal,
8bb421dbde3f49639d9eae879a0ad159,0,normal,
11c9ee17d35c4df583bbd85247894276,0,normal,
78e386a68bac43e59abc24faa26af37e,0,normal,
faed5f35d7bc4f8cb57f5f1c03804318,0,normal,
521592f929f943e5bd5932ac6d3f79a7,0,normal,
dd10efe906be422588845362ae8f9ef5,0,normal,
335ff265470b44ad904d00ef0dd6b26a,0,normal,
53e93b95e94e4cefa7d156a90eeb1226,0,normal,
47362c1f1666465ab30ba367bb37c172,0,normal,
748a943a28b24cc4bd1a14bf9fb1140f,0,normal,
c6f869b53a864ae2b35348ebd92cc28b,0,normal,
0b9488b6b3b2495d862aa5927e4e1912,1,structuring,structuring_355
520232edc6644ae3a5a1c1b1f6c016b7,0,normal,
07b5abd0cecd47e0a1fd41429359eea1,0,normal,
8f5a5c1eeb75440bbb3b69249880578e,0,normal,
e7dddf5b37984e6590d82adb3497e98e,0,normal,
d3aba87b70114e589424aa20bbbaeb25,0,normal,
e63ea67ad1504e9392c7ad65ddaccef6,0,normal,
4302b8c63d144f89b502ddeb733ee42f,0,normal,
4b58f56fb8944f39ae9c48c9f8cb854d,0,normal,
1fa032142444409ca58ab362fbd4655c,0,normal,
b8e3d56f71ad4a89885c27a1b08e7baa,0,normal,
9aca20f10abf420caeff7466a4a53d4c,0,normal,
e93360dfa198443bb757b0467d333dda,0,normal,
a3e2bbb2f581457c8f6c08a78fd8c7ad,0,normal,
d925cbf7191748a291f0b6a25fc88c05,0,normal,
7c29294eb52e40ae988f585ce6f21bc7,1,structuring,structuring_355
d53cadd8e2d64ed4950bc09831b063f7,0,normal,
c7dd59e42fc84e17be3c9f7310f18579,0,normal,
e23b13d58c004de980459c2f8b1186e3,0,normal,
8fcbeb895103488a9c047db9065de5a7,0,normal,
6b41c573ee2b4107b2f2d870ca5db103,0,normal,
12bb42176a8d4fd88efff7e9c686793c,0,normal,
4b79dab97d6b48aea701401f14f9e45a,0,normal,
3e7634cb78e14dd48ada792acd5450a5,0,normal,
da0d96e0a7ca4464a36a94e7c3908065,0,normal,
686affc6fe1243188fb68cb8b1eecc62,0,normal,
fe93a71e6bd843a1a5e3d8a0a40755b8,0,normal,
9c55999182b047b69b4f0073c4a6c99b,0,normal,
3c07e4128c2142038a348149eb452f44,0,normal,
d6d7fbe6f5bf4ebe8638421fd52521f2,0,normal,
2f21d3389ec4487fb7c2a4fc3cfd63ba,0,normal,
05b7fd58dbd74fff958507f5f2967e6e,0,normal,
bc4f275c0afe4992aaceab4186fb30a0,0,normal,
c7922db7b3214438a111fbc8d28bd842,0,normal,
f0dccd0688cc470091c1da3f778f763c,0,normal,
1ea5cb585f9d440a97c380df2c368574,0,normal,
48dde94fcfd04f26b9b72b21e11292c9,0,normal,
b20d53440a084907b9adf4747fb553e2,0,normal,
386a7ac565e94b7a9a68ae32fca581c7,0,normal,
e0bd2215c0de4fdb9e296a14cc60ac3d,0,normal,
de0b6103ee334dc89d4c97576ac2edc4,0,normal,
1a8c3bb0bb0343638e93f8a07e7e3b5a,0,normal,
e92d44772aaa4c0a8faff466f0602b97,0,normal,
5a50eca9a7a64338be7a48fdc9cc0eb5,0,normal,
618f2b907b8e494db9265ad3824ef4c0,0,normal,
fddf41813508463abfb85041bc29b3c5,0,normal,
98811e6df63440eda2294ed1869e965d,0,normal,
6f7c8d5dc0c144f08f812e938c203429,0,normal,
64779623fbe34674b02141ed3af67705,0,normal,
ec04796a0c4e43e0bb2bd4adcaf478e6,0,normal,
bd36789741e548e5ada2d838bab2368d,0,normal,
7594a8e157854d599df1873efa1c06db,0,normal,
a35fb2e6beba4cffbb677e2d44eac981,0,normal,
5c6048ed9c4949ef99dc9fb44fcd3886,0,normal,
f25c62c5399c4b7ea19f83f9efaebbe4,0,normal,
80b6cb2f1a3a4a0db710d6c4b0d875bd,0,normal,
5c3dd5c55cab4f5cbdac59726c554245,0,normal,
3d49177f730143a48a23d027e17ef31c,0,normal,
90f12482a284468a95d14ea6e543b105,0,normal,
bfb9704c2b654829a1e7bc699514ccba,0,normal,
88a77743aed34ac49045a0a5efb3eb42,1,structuring,structuring_355
42dfcb11cd3a402693a4d5e176ac5f97,0,normal,
6ca49fc91890401dacedf6b7502b1ecc,0,normal,
259ba99134a443b4a116679e491d03cb,0,normal,
98dd91082de842e2807d15bcf5355042,0,normal,
76fcd00e1df0494d9c4d6202e2676493,0,normal,
d024f843dc694a9ba60f69c92f91777e,0,normal,
d1d347367bb9424f91f7a97a1d59e1b8,0,normal,
e58692a21131452e909cf74f7e50dd4a,1,structuring,structuring_661
4811d7bb170c48abb4d88db407683a6c,0,normal,
ab242957b9b34db99fed341567844360,0,normal,
7d44be78688f489dbf164196892552f1,0,normal,
41b67e5016d2426cae44aa2d4b45a312,0,normal,
d65104159421441fbb3aa886986e359b,1,structuring,structuring_509
2335e51866ee40379f50d1bede38fb36,0,normal,
1442f7406b7a418c8d5f9a594eda8e17,0,normal,
f3f99f1137944f76af70a62e98fe0e27,0,normal,
529f3f463d6c4c7eb639cc8ab7a95fa7,0,normal,
a90b91365f674393a57b36f433017d12,0,normal,
3a38ddbdecc545d0ad363ac1f4456388,0,normal,
514ef66770dd4f46ad80d727424b0bf9,0,normal,
f2b244072444495f90232e35da96a43b,0,normal,
ca11a7474b2044ce89afe718ba482144,0,normal,
f80dbb29c73746d2a7f3cf4496f7ab9e,0,normal,
392acc9ddc404215a2b0d759e4d87c29,0,normal,
07d96c5ef3cd4ef89c3a6850da59d074,0,normal,
1104b8fffcdd429aade2eb1e976bb06a,0,normal,
e2cc41baa4264f98a5665667a915dea5,0,normal,
08485ede6e0d44cab4e04acafc4d4f9b,0,normal,
5248f31ca8e1405d8cab1868424c10dc,0,normal,
56386ffd8e754dad89fad146321ba1ff,0,normal,
a4dea04ca0c24e69b422e8399198f981,0,normal,
bf157f1fcdce4d758f7fada4571ef417,0,normal,
f70da46f0f37458fa77b04dde3a07bae,0,normal,
6eec91eaaa464bdcbdddb2644f84fee9,0,normal,
43f9de6ed1664b36b87b3466e3f98337,1,structuring,structuring_355
ee3d145d63d345a5a4f21b698df65fa7,0,normal,
1b9ff519c2b94f0b9e6259847b1e9c07,0,normal,
1c353722fa1746328fb3b4a0eb6172ff,0,normal,
bf18269a6758401087ecad46042d6441,0,normal,
20b03a129ad8468c9b7c6a32a6ed3dfd,0,normal,
8cdd257f180d4afb93e7845ffcd6bbf6,0,normal,
b1eabbbadbb04c6c8efb0688dfea10e2,0,normal,
8d66d74b3e3e46cba5cd6d55099dd7b4,0,normal,
5b7d734a71b343429dd520a80844f40c,0,normal,
9f67bd393eeb4542bf7035de08523678,0,normal,
9f75ae9a8d74488fb1d2edb1fd6d3cf2,0,normal,
70d22f529ca34bbab26d36966b9792fa,0,normal,
d78e5e61b6c4403d8c35762266ef85cb,0,normal,
77350477636b495eb4a4d5f198aa2ead,0,normal,
673328556e884972be5bf971561fb2f1,0,normal,
ca3796a210c143b38f44fdb6847184a7,0,normal,
aea66b1aaf1941f380c7709ef98febdc,0,normal,
63c3d949e65a40b7847755793008f24d,0,normal,
cf6f8d3d510e42cab81d7e5068465345,0,normal,
05fca09e92aa4aad81f7660924b40aeb,0,normal,
fda7b16f5edc41a2b222986eb99280e1,0,normal,
bb77d088f8a54fb5bd3e95d7a35d903e,0,normal,
36883a2bcefe4a2ca6e3fc48197b0012,0,normal,
acdaa0028ce846dfb443d835daa3d752,0,normal,
e42bb4b934c2414fb4c0daed129febbb,0,normal,
3f4f8ee06b73436692e4b267b7412a52,0,normal,
a22034ee30234db8a2a3ed761372c4ed,0,normal,
63c5813f6142463485face1a63c9390b,0,normal,
22250746b7c348199c631116aa5ab730,0,normal,
1be98fcdb10c40e888f538a9f679aff2,0,normal,
b68dcc11388d472f8d077ded78a10a54,0,normal,
c751332d182d4d38b442d0275cfc0795,0,normal,
0029a7b547864bd892f3670ce95a2d40,0,normal,
f76fea0959ab470ca5485d63d234b454,0,normal,
7ea2d3c21ef043e9a35cbb31dfaea173,0,normal,
efe878b05f4b4f82a3c1801ab64ab404,0,normal,
0501450e085e4f2b85b5ef3f3c04efb4,0,normal,
d7412acec5734547a8f6338440be9f93,0,normal,
f49078fff46b46d0bd5e6b3d44c51048,0,normal,
59ddf724c160443dae0156596098629a,0,normal,
37a801b2b6214a3c9e0fef46e687bc45,0,normal,
457cec9bc6a3478a96ce5474c42a26ba,0,normal,
f6bbd4e830a743a19ebc50d7c32a3745,0,normal,
b63ba2798abb462594333ef5855f5382,0,normal,
8f501693dff24bdea71506379e11e8eb,0,normal,
9850a8b60dbd4bf1b5cda74223d6ad8d,0,normal,
81c4381360144b9b9c8a310e9e892a06,0,normal,
fa047fe0a6d94ce3a9ef19381f1a2a23,0,normal,
af12b51ae5524d80af0c546c6775eb73,0,normal,
7a9d18d3ab644fab9dcb0b67acb74828,0,normal,
289609e103734fd6b1564b2b98635ac7,0,normal,
03f0bde09d9049ca823268b4e0dc76db,0,normal,
d09882eb7c2c46caa81043152051f3f9,0,normal,
c3bd9dc881ab4b048ee224479d1f6f95,0,normal,
6b585e2d8b06446fb638f724b7719cfd,0,normal,
9e2ad00d76d54759ad459263b59c7acc,0,normal,
774ea7eafa6048c3a144afe9a8b849a4,0,normal,
738e8dd496704f6f819cbe3dedee180d,1,structuring,structuring_509
f7e73b918c9e464199b9fcad938ec6b7,1,structuring,structuring_661
5f10d4c7c95742f0a1ba55770b58763a,0,normal,
a6d60a4f54454a4e9271a57f918335fc,0,normal,
b2b0ada87d0d406e85fdc435dd380bba,0,normal,
e265ce44b9bd4ef7919c08a9311a7216,0,normal,
9ba4f393893941359852a7b2bd75f593,0,normal,
65b564c5d6c449e79cdd07bef820abd8,0,normal,
c119b67a6e584a56bc918094d6733561,0,normal,
53e56c0229504794af1bc3dbd8874d4c,0,normal,
715d46210067473aae7df19dcb8bc92e,0,normal,
9a56535996774ab6851a46070429c991,0,normal,
e2330b39aa91411188311904ec6ea61c,0,normal,
d3a3a17153e7492381cd130c20f8e74d,0,normal,
4102b8f071024af4af2faec109459690,0,normal,
1b5496408ca0439a8cb22d5325548a4b,0,normal,
8480e104bcde4dcd84b0bec87afc1e58,0,normal,
f40e0bf40d254ed0865eb7006feff427,0,normal,
a76fb9e482e64a8bb4eeff8c89ef993d,0,normal,
65c8375ce59e4d5da9ba5536b5613b05,0,normal,
23d7f6a78c844215b41aa6b8c21aa185,0,normal,
f005179024074f728e2ea6dead6322da,0,normal,
00b38b8302a1454d8842546ee273cdbd,0,normal,
d802966fc7cb46d6b2217787e7ea9675,0,normal,
38b605601e20407095e61e656c778178,0,normal,
4c2c2f2c7c7648aa92c03b2968f86108,0,normal,
51bda6a3a6aa45348752e92d814e69fd,0,normal,
4947a84f3df34bf9b0117c67323ed941,0,normal,
0b83c0778d1143babf22aa69923d7fd7,0,normal,
188e8f2363b443fcaf5591f725a4938d,0,normal,
b58e8bcb38b7486f864a468dd4eb24ff,0,normal,
80a7933a1554412f82745be3902b0116,0,normal,
4f35c0413f624d6490c706799432f3f2,0,normal,
32a81454e27e4b7baebd8c1c2f6435c2,0,normal,
1660099ec7374ed0a616518d222668ba,0,normal,
3b43c5eb3fe749478f21b29695d58fb4,0,normal,
fb6236c003944ddcb58a773c9bb16796,0,normal,
396d1460d0c94fbc871faa6274c28e65,0,normal,
557a7d687ce14b7da726f5c184b65029,0,normal,
cda508592f6d491aa0a0988f8418a12e,0,normal,
c9c17f71f95948ada1a852c3d1fc7f6a,0,normal,
8969478013ee43718b6475d21e2a8c3c,0,normal,
2a79f3638b7043f28bfc1d7b3d8108b7,0,normal,
21eaed8f33a6403584d75e88542e691f,0,normal,
072f33728b6241b091c0822f8763453b,0,normal,
58c0b3e8442a4e409df8623aa4538770,0,normal,
1f8a8db6735d4b2b902fdc4c5b2b77e4,0,normal,
9cbf5857c9e6409fab3c7d3c645094de,0,normal,
c9ffd3219db447e3b3e8f709d42eeb37,1,structuring,structuring_355
1a36591d751742f39bebb59639c3eb33,0,normal,
c8755ec51d444f83b967c4d8b0baaf14,0,normal,
b59c6ec5688a45a0a823d15b647c0719,0,normal,
2b3a4d3d462d45cda731bfe61f745384,0,normal,
25887d056d16432aa1dccc6ea8398df7,0,normal,
2084a375a0a044088e5e37c97261467d,0,normal,
afe4fc48a44d422aa8089417c562a47b,0,normal,
a3acba173339474ea427709a59b3b98d,0,normal,
7ce7a53b752f4066bed92f3d69a73a4b,0,normal,
9ab0fce704614573939a048dd8be701f,0,normal,
b61bd11c6f474f649a16566620b4d761,0,normal,
32fc289c41274c6aaa7de855ac807901,0,normal,
8cfd48ba809244ddbffb797f4fc043a2,0,normal,
b12b3488074e4ab4949d5f8082789e70,0,normal,
6faac1e905454ca6b894e24f60acb182,0,normal,
2ac54a75177e42dab3b73cfe88032703,0,normal,
b672d62474ba41fbb852311a533fe8f1,0,normal,
8aa6a7efaac14a788099fa7d28823b43,1,structuring,structuring_661
bbc8c06aa4e8456ba9cf00cec9ee960b,0,normal,
ab944ab5eb434f84b71faabc4e667e02,0,normal,
a405ac5141914285b1050e4cd3fe7a65,0,normal,
55f58f1765cf4fcdbb8c3e6647612b98,0,normal,
13ced8ef873e4756bd59512d03fe6d85,0,normal,
03deb49a1f1d4bf4822ffd19b1f67617,0,normal,
8549229a02b0484b961154d2c65fe981,0,normal,
bdda2e0d16534b659c678df41367bf84,0,normal,
461f43d03bd34b109720d8e7e8a1a6d2,0,normal,
e729dfc0403b4cf5b605aa7a95a59951,0,normal,
4377c9a6da6c4c0c9a67e18453a17b36,0,normal,
64ef79d49eae4c748e2399ee7b9f0f27,0,normal,
161e13657142414a919648df1548b0f5,0,normal,
d545895f0f6e449fab2a9de3e151f45a,0,normal,
a1a701a5fbda4671b5416b7064569676,0,normal,
bb382f85b89840ef9e8c45d9380543dc,0,normal,
f10cc0d71ac34d9d82b92583b2ad3f99,0,normal,
97ed8c3a9e4f48728887cb979a20a598,0,normal,
87bcf8e0d80a4a4d81468f246ed5d0f1,0,normal,
c94cfa9d1df4464498ac2c0743a402bd,1,structuring,structuring_509
30b7270a77104ff5a1c4815113bbe6f3,0,normal,
f9affa99c36f4d469218caada709a1ca,0,normal,
bac02b8627b9443ab26228e334e99499,0,normal,
2e8e049b28214c4e9fb069a3a565e1cf,0,normal,
0411d1a1e7784ba4bd6abca324d944e8,0,normal,
d09d638fa1354fb6aae3104505632e42,0,normal,
039ef921bcab4dcdb97f21b0f7d0b348,0,normal,
c4f58092542446c2bac8580c7650d912,0,normal,
42c2a0e7484449efbc80dbad5ce1b247,0,normal,
429fcb9256ed41b499f99ba6e718eb3c,0,normal,
f569ef27a4a544c793da323f17438e19,0,normal,
954c2e972dec4a67b8e49c57d52391ad,0,normal,
0f400a9676454b17a910a601fb9dc75e,0,normal,
78aafc04ff07478895a57937bd7eae6d,0,normal,
7938c481030641a5bca5ecabe322cb69,0,normal,
a3a912d09af14e8db28c18ae506cac73,0,normal,
8788bf0cdd574a90b6cfe61fde3e2c8e,0,normal,
3d9c402c0fcf424a8ca79282c1b99d46,0,normal,
b8e1c5e0833746a29e268843a75423c1,0,normal,
938104b77a8e48808a41c9c7d21edbf3,0,normal,
6d5cbdaa0f2045dcb2d9d0caaa939a94,0,normal,
0bea7037e09e41fb9092d91c675cc34d,0,normal,
b2fb79d3bc6f4faa8eb901dd51271932,0,normal,
40cdaeb4cb384820aecee3357ab1fa50,0,normal,
450a0865670a449fb0a3749d4da20a34,0,normal,
56ad414c26e34bed9ed1319b7dbfb190,0,normal,
0553c51d90f74167b332e10aff32fe6e,0,normal,
d49e4a5990d74e13a60e8612e783b99a,0,normal,
3bbf4dcc8a4e4d6396a8ccfdbe5b0e76,0,normal,
f9f538e370374d3abeafa49155084ca8,0,normal,
682fd7e339574e3ea02788df141b8954,0,normal,
8599767752df4df18c4a66942cb22973,0,normal,
ea084ed6880946f08279148a11a0a909,0,normal,
327e5336080343a1a96595cda53dca2c,0,normal,
28b8f8edf5ab47adb46c5eec76a9b2c2,0,normal,
50d339c64f62466382d8b34d89510d60,0,normal,
d7106c8114214412891c42cfb87ed103,0,normal,
5eeef87d3fe04a30af2f3b6996b6ca8c,0,normal,
e754b35097e2427bb3484215fe1489c3,0,normal,
d95621474473406ead94b14ab7f7c2f2,0,normal,
fcc8cad5165d46379542affd893602b5,0,normal,
46ce6818b3c449d0887f5a74a9798c8b,0,normal,
9f3e59a2872d400baba14eea29d7e243,0,normal,
6ca6f754c528428a95ef1ca2e5a6b031,0,normal,
f11d49952a7f41ceb434b1a856d0b3d5,0,normal,
abaf084e32da42249560604563522949,0,normal,
4692ceefb5604901ab6ba2e43b712a67,0,normal,
56ca860bead3420d9396428373fa710f,0,normal,
50acd799ed584a4f945d7f0af2609479,0,normal,
261e38b3eea34f128a8a9bde83fb9c01,0,normal,
bfd05482a44441f488b82459d9fbe3bf,0,normal,
a239aeff0d704641859753b561791f36,0,normal,
e8fd6dfbd2114ba7889bc5a902575a39,0,normal,
434269074946458994a594dcab6c4af8,0,normal,
1616f7422eb8417a9e6984107900c7e7,0,normal,
75fa8999eb2741a39a197947e51bc3d2,0,normal,
61d524b5a2224d4cb8fe05bc6a45c847,0,normal,
bb576635ea6d4a53b001c157a5aa129f,0,normal,
b00bda8e310a43c1b9b635a0c634d134,0,normal,
57c4a61ac06e4c2a967bd3a34550554f,0,normal,
10117c6c9ec74b1fb8ad3dbdf58cba7f,0,normal,
0450cc4caefa4e3991fc455b1c20147f,1,structuring,structuring_661
fb0fb023ea08406a859d544f7d871230,0,normal,
61cc1c6326f94b4886dbe60f8871a50c,0,normal,
b6b9686ab70741249b53c9190bf8f23f,0,normal,
7599db1d20f74fbba1303555ed97beeb,0,normal,
abbc95d1dcb14c418f5ec34ab17ae25f,0,normal,
d0474177112c464fa8953453d4354b7c,0,normal,
5cca972aa5a647189f39f607910a357d,0,normal,
87b03559f4b04b50940e79c98916c395,0,normal,
affd215ae17a4e0cb7a3014128430141,0,normal,
ed1b661c0589455b99dc2fd75ae0d9c3,0,normal,
7d7ac5b84ca744538e55e38f017d67df,0,normal,
d2b7284222f94abd885f49384e01c62a,0,normal,
4a0038cb75b542b6a2afdc772a6ffebe,0,normal,
d5a48afd37f8473299d93a826aa9303b,0,normal,
6e0bb97b40794e28a797dd7ad978af55,0,normal,
2df1dc7a99ad45c6bdab4ad123b48b22,0,normal,
a9b9fbec7bb243649276b296206e25e1,0,normal,
08c8e5b7988044448485169f6771271b,0,normal,
2cc0d32fab874fbebed4f9a3bc842ccc,0,normal,
bb8344984ec346c0a6cc10bcad219ce3,0,normal,
63ab0d40910844a6a139cd762440aaad,0,normal,
55233c0bebe447d3b55c8a7c3da810b5,1,wallet_reuse_burst,burst_232
9df2049089634f499b24a8b25825a468,1,wallet_reuse_burst,burst_232
46294e774cdd481e8e59985e330dd558,1,wallet_reuse_burst,burst_232
127dd486ce9c49b99fc2dae46e968136,1,wallet_reuse_burst,burst_232
afafaa0964894dc5a59dd79a31067b02,1,wallet_reuse_burst,burst_232
0912b6e060344384a7bb6500ee0b2afd,1,wallet_reuse_burst,burst_232
fb137e5d98b048149514a49a01bb66ad,1,wallet_reuse_burst,burst_232
9a22971d5299425fb145be0c0dbd2b5f,1,wallet_reuse_burst,burst_232
6c58cb6b8fa04478a8d724a20841f2ae,1,wallet_reuse_burst,burst_232
02ec5519a35e41f480d72a58cdce9b4a,1,wallet_reuse_burst,burst_232
7fd64d6d67574abd80383c915a5d884c,1,wallet_reuse_burst,burst_232
1d0beacd94af445ab397cae95cad05ab,1,wallet_reuse_burst,burst_232
68abdffe9b8042fe884978728a985342,1,wallet_reuse_burst,burst_232
7c86a47d4a5f47a28b5f1ce078e460ae,0,normal,
d418edb3bfc744fc8f5820047dda4ff2,1,wallet_reuse_burst,burst_232
6bb5d4dc487b42538883bd94b8af6f9a,1,wallet_reuse_burst,burst_232
1da5625965fc468eb03a16fbe036ea48,1,wallet_reuse_burst,burst_232
38fb06890a024ebf85b49e9ea1d9c811,1,wallet_reuse_burst,burst_232
705192873ad2417dacd751d37ab623f7,1,wallet_reuse_burst,burst_232
544c0b8ded3b4125ba83d20b125ade6f,1,wallet_reuse_burst,burst_232
77184326228743af84d28fac5091421a,1,wallet_reuse_burst,burst_232
2f3be945b4cb44d885d2bba6457f45bf,1,wallet_reuse_burst,burst_232
0fa65553e0d24c419f0d4da4c137555f,1,wallet_reuse_burst,burst_232
b383211c0adb48bf97ac352e0f5e2572,1,wallet_reuse_burst,burst_232
720b1c3e1c054d71adbee857fc849ac0,1,wallet_reuse_burst,burst_232
7adac68943e34d758454d47009849483,1,wallet_reuse_burst,burst_232
607a8223a73c4828944e82950b590d9e,1,wallet_reuse_burst,burst_232
04f070c221bc4e35944c204959d9db9a,1,wallet_reuse_burst,burst_232
42a27656c5504c5b9ed730e3ac2bb12a,1,wallet_reuse_burst,burst_232
c40f32ba8b1343958afcb742d5c622aa,1,wallet_reuse_burst,burst_232
ede176df4f4c4a0c98d386f1b44ccf14,1,wallet_reuse_burst,burst_232
faf90b372fd14fec877e3643182afa20,0,normal,
4ea03716963c46f081aca8ef4b866f8d,0,normal,
28dc74e7b7324c7ab4a9e4148d08dd14,0,normal,
4311a59ebb064f3e9077042701f54b1a,0,normal,
59e4c275e4924aafbcedc9926c056c35,0,normal,
03b18b22ef5d4d1a871d9718961da3cf,0,normal,
8b1419604a01427c809c4820e3187019,0,normal,
7443f49f908d4d16aa93d02bad9338ad,0,normal,
7cb998ccbe9648edaddfc2300449f6bd,1,structuring,structuring_355
0dfbe7e30b534504822c93168ca4fd55,0,normal,
f27f3c39fe5c44ff89e772c590e96d1e,0,normal,
8c13ce392dab447e989bc18d019184f4,0,normal,
6cc8ee93efa747649a805b8b50182586,0,normal,
738d1bc006724498929c81f77c25cff7,0,normal,
9cce1df70fbf41a39b4e3fde79c0e9ed,0,normal,
9cf3ff9d63504cfcb7e8a8a16676c7a8,0,normal,
12513d827c464bcd939a5f2e86d0299f,0,normal,
865d212368b848a6871f30a2db20dd44,0,normal,
9fa6b520f0b4412eabc550cde113a9e1,0,normal,
f58eb1e50c8a407ab635d5d7a224cf13,0,normal,
3f6c9e32c8aa4866be4dcc6fc6add6b6,0,normal,
d067dd7acb6c4f6a911076e5e88996f0,0,normal,
0356f77a400542ebb2bec05297b07fac,0,normal,
a6af2e424f26445eb23855dfbba13f41,0,normal,
d7ed98cc8de6409193ea3e3f1f2de901,0,normal,
10b42d1e217b4f07afe66353065d3d85,0,normal,
c30599d4005040d58797d92dac9d5cf5,0,normal,
246ecc29451042c7870d60fb303c15ab,0,normal,
7386838d3c4b4d9b9b91243f4026dcd8,0,normal,
5385c70a62de4e24965d47792a4052f4,0,normal,
c1bc34ae0bec4767b1ff097be0be99e9,0,normal,
1d7817a79e0344d092adb96cc4b6db11,0,normal,
5726167a42e04aa2a5a6980034cd410b,0,normal,
b939238418774f5a8c33ec0923e4d1aa,0,normal,
2c4cf51b1bca40e3b6188de4d20eaf29,0,normal,
ba3f4679ccbb4770bfb00efd5dc21c62,0,normal,
a4d8d340bafa45eb864302c03d0a9b07,0,normal,
286a86136494488cbdc4ba42ae07ef11,0,normal,
084fbc3bdc1143f9a1e3457705d58dbf,0,normal,
0be630f9db064008a282ad38403b1f9f,0,normal,
0295520968d24205b2b2e46ec1a5502d,0,normal,
0b87145124fa40a0842197dc05712f53,0,normal,
d5d25ae5ec684479a1b0be8704ecb105,0,normal,
a3f55f2edfdd4c86a3f46581aa5411e8,0,normal,
67a3c90854ce4cf6b965a92556703d99,0,normal,
b71cae59bdef430cb70f4a5f73ddb387,0,normal,
94acb94af84a41f09891f8bb83a5940f,1,structuring,structuring_661
6ff6172bcbce4c088a690cb5fa6d2269,0,normal,
2b78635b0f684d2e9ee6c71097b67540,0,normal,
0180d833a97b40889930f4d6c478d287,0,normal,
14de14c258854666b500f32c4a012ce7,0,normal,
bf1bffb4b6f4439ca01d1fa89fed6e8f,0,normal,
0e43a455d49542b88aa26c62e977a764,0,normal,
a147146d421047a08c76dd52bbb34320,0,normal,
c1f3a05cf4be45bdb19889fed267c0c3,0,normal,
2d02f7bf2b774fcda2f6509379958250,0,normal,
c9285e43fa294ed6acbd61efad3620ef,0,normal,
f248a50af80e4ffaa7dd81bc002d3af2,0,normal,
35cdbd41ebcc4361ad61d79fc18ba3dd,0,normal,
b0550d010da445518aa238dfd2079c52,0,normal,
dbb9e2d962ad4dba81e3cd7a1fabf52b,0,normal,
32661a0af3054f4b8603f83f73cd00a3,0,normal,
cd2ce046dd2d4ca0a642a94367c11f16,0,normal,
4922599ec26e4c2abefa2d44adc8c76f,0,normal,
725755e9d71b40efb313e3bfc8d0cb33,0,normal,
30f1b098754a4064a23cd4ff1977cc93,0,normal,
1b6b6aae0f5d4295a3ecf481002c6a23,0,normal,
3c3519d460484cbea108d0a8c47f018b,0,normal,
8358ec8c4c844f1a84a646b0d844c592,0,normal,
3e4fa3fb9a2143e19e22985f55ede6ae,0,normal,
2f29f3bf09a44b01a541179309be5bbe,0,normal,
7ca416b441844cfa9ad9f954d8f27799,0,normal,
019b14a0120c4c109bfcd33396dc5385,0,normal,
3920cc461b21464e9b69a86e57401767,0,normal,
d6646c456a424e3bb4b75a71965f7c08,0,normal,
91b63675ef7e4ffe8fc03123a17510d0,0,normal,
f5a732d937f5424c858da2a11ab88c47,0,normal,
4064da71e6284621b3056e04b5ca2c50,0,normal,
9bf51d6ba7e8408ab106ef731e9fba0f,0,normal,
a6ada4d6d24b4dc9a9835f220c0a57e5,0,normal,
917b506991334b0ea8ea543f6434261c,0,normal,
ecd2ba5fb7b84f6188c94fdab41b0664,0,normal,
d2fc4847207a4391826f61c08eadc7ff,0,normal,
30b9bc84e2de44ffb4ea1d2b065f9e08,0,normal,
a567cda4eace4c389fcd5515fd1b83bf,0,normal,
07fd8d3d1be54e6b875377333bc558c7,0,normal,
99baad5074d84cd39cbc2420aba149a7,0,normal,
e7917031248b4a95a73e10b41d227854,0,normal,
4cfece07cdbc4728ae597c970347229b,0,normal,
7a7affe4c7304c95aad36300a58ea380,0,normal,
99b68661ff884f19adbefeab213a8e45,0,normal,
35af91e23ba6417e8d6c18b7395bb528,0,normal,
24194793da6640b49d28862ab89561aa,0,normal,
9054cae6b72a40819be9cc1a99146c35,0,normal,
0354bc2c4690485a8f6162bd847fb39d,0,normal,
b465aa1cf7c840a385ed95253a56541b,0,normal,
383208ca950f438bafa3a23e40071631,0,normal,
6ab53735e0594d9bbb3d0e89676265d2,0,normal,
ec58c7244f93435cbe12f289e6581aa6,0,normal,
dd62cca21e53416f817bc554bd6936c4,0,normal,
4f43fa6c7c8e407da97bd94e7a87addf,0,normal,
1c02b803877242598ee97aeaea1c2e79,0,normal,
6e09234b20f24b4cb0eb5988eba25a27,0,normal,
262bb0e148594e638334b397ba9b74a6,0,normal,
558b0493236345eb997c42aa8f14267c,0,normal,
89e9aaeee080454f8b6ebdd533c85c2d,0,normal,
33a08921940f4700b89026edccc9ced6,0,normal,
ee4ec3f6560b4029b3bd5c53a6a73586,0,normal,
a25d45d14e884d67ba7b0c13b87672ac,0,normal,
26295501f02145328fc88908b9b130e1,0,normal,
fe92fe753fd1487eab6bba9544c0c238,0,normal,
d35ef4461fad433b8167739db77c9d94,0,normal,
7bd4a8c29acc4d9e8351a1748644e7ca,0,normal,
f33dfd8811a5451a97da5c6e4b05c345,0,normal,
b0751e416eec43d895d808edd756b725,0,normal,
3d18f85285ec4b86a5e16492f32e5bef,0,normal,
195124de187e4d7fa409d98505686144,0,normal,
1c50b54c647b484dbf0faadb7f78424a,0,normal,
91bc998a885549b8bf310b4bd92d085a,0,normal,
72d1b67893ad4f46910390f2891fbb6e,0,normal,
ebeca85432534c038838cd11b12cba22,0,normal,
030aaed343864ed0b7e64f6aad62014f,0,normal,
1ccce0495b1947aba6aaabe322cd6a1b,0,normal,
c934c20652ee46bfa5ca4960f886e51c,0,normal,
f13a8eec2e17407b9c75570d9cc21e69,0,normal,
f3922757c8a54534b389a92f4456a669,0,normal,
4a69e256852e45cb84a7c5d72a666a99,0,normal,
6aff056ae0f3463ba1820fbf2e1191e4,0,normal,
db7a315d09a14a77a3be2965f2f9b73c,0,normal,
23c58f3973b846349974b331d1694e9f,0,normal,
0d8a6657d6ca421aaf77fadd936cb61c,0,normal,
b562d3ba44574b7d9c5e1b8580621ddb,0,normal,
377186e97330455091939a7157f2a22c,0,normal,
c760e033a7d1436c86725456c06a9eed,0,normal,
36beca98013d440394c502fd33f9a1ab,0,normal,
e3b2f9688775410e9a70fa585bc3f89a,0,normal,
9c777133e7784ddc93bf77154a7d763e,0,normal,
1fa1f5ef06e942ee8d9e98b3bd5eac55,0,normal,
8a32bdc59ddf4b918e96fa537f177dbe,0,normal,
8786d989dce1425aaa7497f271b3675f,0,normal,
a213f522133f400bae047ee83c0a4a87,0,normal,
b962ee2f84604ed8945c80f9eb2861dd,0,normal,
143ee8b92c724e33ba91d47496973b79,0,normal,
b526a1adcc0a47858b48e4287f608567,0,normal,
e56a527e686d4a1aac277e328f11be2b,0,normal,
d9ae6a8766394c8794b8923ba1fb111d,0,normal,
bdf4c386a3594a7aae1b018dbc355b1c,0,normal,
8302b96cdc5145509104e2374732b964,0,normal,
81e3e38278e8440ba33d190dfc6cac7d,0,normal,
595ea7d04c944842a2df32036314f3af,0,normal,
71dce69f5fe7405c8780e8cf0df253b6,0,normal,
be1b5a5acb1f42c9b7d63b33c31f0cd5,0,normal,
a2810fdd8f134ed3abbd77ed40b7cded,0,normal,
a7a4948a13414311870e028859e837aa,0,normal,
11eff54ca23a452d8fd61d513c2e10ab,0,normal,
316ad102a3de44b28112f6c97c04a93a,0,normal,
c805e282d4ce406e8ba1e0984d8cdbe9,0,normal,
2b6ff076aec640cc93e2e28426d90afc,0,normal,
f8321a4c77d24e63b0dfe04948eedee0,0,normal,
e1a961b014bb484f84e7b9816dbf134f,0,normal,
6aa0395280284932a72da43eae30cb2f,1,peeling_chain,synthetic_chain_281_hop0
128e0548a0a041a39eb3dde2f5bedb70,0,normal,
32d2e3161c4647448ad33bac882e6da2,0,normal,
bf62b666086d4004971191aab8775737,0,normal,
4577b7a694524194a5c25ca35240f33f,1,peeling_chain,synthetic_chain_281_hop1
3be984df807f44a387a460137e25ed49,0,normal,
043193f525a94519b7af6d024cc01f7b,1,peeling_chain,synthetic_chain_281_hop2
c431a7e6c589421ba47d0da153081723,1,peeling_chain,synthetic_chain_281_hop3
2269685af4ff4be880827098ce691d87,0,normal,
d91a0e5d20084370b79693c915abca2f,0,normal,
d25d1516706e4c34aa5e4cbf02b381ac,0,normal,
e1ae58a861e242f5b5f3b964d62f9bd4,1,peeling_chain,synthetic_chain_281_hop4
1bb289c9f54e441db66cccd416309d1d,1,peeling_chain,synthetic_chain_281_hop5
3f0d0b043d5c4c1c844fa41a82c2970f,0,normal,
8f50ab3617c941bdb6619745985586bf,0,normal,
4f1796a029924dc2a24af37ef5ff8fbf,0,normal,
8aafd7c9431d47239531508833dbc459,0,normal,
b36772f225da4b08b35e5ad31757fe3a,1,peeling_chain,synthetic_chain_281_hop6
56de4883f33349e5849c0d293f976aba,0,normal,
e7f61cf2e0284126a8664de86619b4e1,0,normal,
a2322c2f534949adbfd62063b801bcb9,0,normal,
0f558e33d4e64aeab221a8765bf85fe6,0,normal,
e50a1e14059d4aaebcb141ea5d1d8c2c,0,normal,
6a89811399964996a839dea32ce4aff6,0,normal,
85837db2e32a485f953c92f9f97b37b6,0,normal,
7d74f660232b4f728d9dafd0e1050c59,0,normal,
d1e5473683ca4807af0de618288d50c1,0,normal,
cb1b6e3889804419a61aeae2b64c5333,0,normal,
85b0513069d64d2aa32d4b32e5e40394,0,normal,
cc2a3d2f80ed4018832444b40334cb80,0,normal,
4df60841453c43aaba0889a640aaebd1,0,normal,
f7373ebc310248ac9b925435991a6944,0,normal,
489a95d2600846f2a74fa6955593f15c,0,normal,
77867e9c2546457d85394b90ee29839d,0,normal,
84eaebb8a32a4e3fb3c891efac5642a8,0,normal,
6c80297b693c467bb712953df4f70d2b,0,normal,
65d1b881767c456cadfffffdf1808a8d,0,normal,
b3d3bd718f3441a09940afae581d2f21,0,normal,
561df3a6f94d48308bcc46573fea8cfe,0,normal,
d785f6d522324e6fb97473b412bdcabd,0,normal,
c375f56ebe6b46d0a009917c3f072bea,0,normal,
6d25108df1944dd19b0867cba2cae8b7,1,structuring,structuring_661
c6cc328ed7164c3094fabc44564b0752,0,normal,
4a14108d54ae4ea8b71eadc636aa9249,0,normal,
7563cd3cefcf4908bb5a1f7214eb1018,0,normal,
dddb11e42c7c4ad7bba4aa623ec66454,0,normal,
7d487011e1624336a69f5d37cc3c0e14,0,normal,
6ecf1c7dcacd4d9182e927828ec281ce,0,normal,
27ae7e4c06c5469a8fb580a6ef4d6308,0,normal,
9d251598836c467b98752a39bd146b21,0,normal,
6429692eac11483eaf25e75f9bbe0935,1,peeling_chain,synthetic_chain_376_hop0
479e2227542c44aa921bb0651414882d,0,normal,
7f82f6a585654b769d4bf7e8c2a54a15,0,normal,
8ed00de054e94802997f4f6b50b4e631,0,normal,
b08a767f6c3f400ba0922c9c92ff3d26,0,normal,
fdd2c3dd6a5645e79211d2f8c7a40ad5,1,peeling_chain,synthetic_chain_376_hop1
7aec397e7cb14f3c8d5b31628de43174,1,peeling_chain,synthetic_chain_376_hop2
f4fa7d2f9e424b60b9eadded2558342b,0,normal,
b651844d432c46c6853503c055de45d3,1,peeling_chain,synthetic_chain_376_hop3
4c7ac7d080ba436fa934313facd9f6b3,0,normal,
8fb2271d0d8f49238239bd0e6bbf1169,0,normal,
6903c8de1cce410f952c2f322a52a784,1,peeling_chain,synthetic_chain_376_hop4
30218676fd314476b4832dacbce501e6,0,normal,
4ffcff9fa7cf4e1ba718e740569fd389,0,normal,
ddb0eec0e6e14919a3a92a33f1f7e010,0,normal,
18c597218f264871a8ab4011d276409a,0,normal,
4b64eeea646241df82d7f87e33c3d103,0,normal,
803918f0687f43a6865a42c21ea42ccc,0,normal,
0d94c98ffa14423da9855273b01d3279,0,normal,
38d7dfaa40b34a9aa0420463c03c4cb3,0,normal,
347e565191e84e0eb3b76773e24f1178,0,normal,
8063f00569184a509b4f83a2402e776d,0,normal,
d5839288c93f4b43bc352154609a7ff0,0,normal,
91b05b6fed244f409debee8ba85bbceb,0,normal,
aafd7e80d53b485eb9effc0caaf0342d,0,normal,
02b45d649f7e444a81239a5e7093c133,0,normal,
075685ec6a12446bb1555720a010537b,0,normal,
33e50e1a936940c1b97106d74a02ec35,0,normal,
41017318eeb74e5eae61ba84d937e8a3,0,normal,
37fac3a024d6476c9f3970a455a9fd80,0,normal,
ab9a6ac468c143b99c61f6b5b4014514,0,normal,
319cec14ea3844b1bdda74595cf4b0aa,0,normal,
5abb6f55a0804fd8b98ce0bac8107364,0,normal,
661716734a8940dbaf3febe32865af6d,0,normal,
e6955a6ce7ea4b239084863a2a99668f,0,normal,
b40b090328984500a707bb8464d0819f,0,normal,
0846716a48ea45869c15489f1ee75fbc,0,normal,
516fc8bb46b246d3a089a9a39dae397b,0,normal,
b92db35c21f745dab55d719b8dd391db,0,normal,
728652215dc4405a80352f6c0f5f13b1,0,normal,
4bc6c53fec0d4b1a8c8f625e3a1a6762,0,normal,
473ba94564ba441883cf0845fc57a00f,0,normal,
6dd861f5cc51483fb23244740d1f2a52,0,normal,
946a969ac7dc4bf49e6773946c1c250f,0,normal,
6a983ec03d63497aa9fe28c1cdee0237,0,normal,
a733e940d2da4655aa1a4f9dc329fe81,0,normal,
ee429944a1184247a93c82fbaab8d99f,0,normal,
e987dbbf835941c5bb910ee8b7f44f28,0,normal,
52ea1a880d9a4e2d946ed7b26c28608f,0,normal,
1d67d47d7ae44629b1d9d78b66b3fb5c,0,normal,
f977bb582c75457eb1d68b6d345600db,0,normal,
f7dc4f638e524137950563e7ac4b0f04,0,normal,
7508b94b786444aea2c1d1ab0912a525,0,normal,
ce0623ecc1ea492a955d864c48d89f05,0,normal,
4fa864c068794b17930e60b42ad57d00,0,normal,
01ab709699e54487a61b6b00e5ad1612,0,normal,
52a72f31ab704d3e955bb6d959b288eb,0,normal,
830c32b94a684a8a9333921eb7b99531,0,normal,
c4c9ddd80a3345f588ab7ab215491c6d,0,normal,
d26de394e36e45d9b458bb8264af69f1,0,normal,
bfd30f5ec2cb4030b7df21c589db58fa,0,normal,
7dc45aae07be417fad1246a17237c38e,0,normal,
c4b87dfe8e98477287cdc1903843c0b7,0,normal,
9d465d9d2f634fa395e9e4abd9234f57,0,normal,
e027390c8e3f48ae8eaab09502149d90,0,normal,
217453a8d75f4361b8b51af8b3078528,0,normal,
9cfdb8cfa6cd4d6aa3d8cb62cfd609d2,0,normal,
63fd7149d79247a0bc9f25995e189028,0,normal,
95513210cf4d4fb49ea4f42f8b69d399,0,normal,
25dd8fe8f2ae44d297807d8e9b09511f,0,normal,
a40685ecf6bd4148b942f2f74419cb03,0,normal,
744e58e2084e493c8a948db6f5e7af9c,0,normal,
fc3caf2b17914385a3849b5967eb9759,0,normal,
2e52f3e41f974728a4425f952e778326,0,normal,
e3f61ce6a57d40e0abfd29baf9c44437,0,normal,
fc4af2ca0b744808b238ad946a922e87,0,normal,
59899d96bb814f01a5d07a2a52469658,0,normal,
8f13b935e47345d8bac44ef57f813b2f,0,normal,
24f79294c9274713bb250e31d92cd2c3,0,normal,
5b38bea847194f81bced1dc1e43c23a2,0,normal,
0431ad4e3b324ee0a4b4b8916a5dfe52,0,normal,
a1f0f3dbdcfb4a2b9f9b3bf4890a13a6,0,normal,
e3119a8d7d294cecaad280e8710a6161,0,normal,
4c11bca1ed61480181687af3932357fa,0,normal,
440d9736d5a14870bf91fcfc15313394,0,normal,
d6794963e3aa47a68c21f69db7b89d37,0,normal,
4a47e3448b514ae6867be831e82f1ea6,0,normal,
d31312a7a8de498ba4c5acd4e8d2acc2,0,normal,
7d21b3b449b142aaa885e8d590b22ad9,0,normal,
23d1b530b0654aa88831be77e6983bfc,0,normal,
18c504fc049c49c1a1ded8d311e2d202,0,normal,
631e2816245e4425a65e59c80385ff65,0,normal,
4141b94e69a94943904c0396f2ec74a5,0,normal,
a4ca3df4594b4d0b9f78ff102cc8b0ee,0,normal,
689ddb239ad24210a8a253decf046866,0,normal,
ba948a59e5524801b01d54c68aeabd4f,0,normal,
53e38beb5ccb407fb625fff9304244e6,0,normal,
27d6b430a4b24428a4a72fcdfd56c6cb,0,normal,
279e05e09dfb4994b59c86b889c3e158,0,normal,
6ebefc4d77f344d1a44a5a28d36907b3,0,normal,
b4bad67c65904d1197eb8988bb315c04,0,normal,
4d7d1cd93d704e6695c0e37272e8a449,0,normal,
60910b3be4864fa6bf99f2a20b2e0c9b,0,normal,
1704708946a94f7ab3f9aa0388b1ad90,0,normal,
8b7612718eb24f088dcf734cae74573c,0,normal,
14660fd09db24c3ca4b28dc4ed624ddd,0,normal,
2d2af642c60c4cde827294e3b6d5758c,0,normal,
84e90f46774e46a2a62cd549569aba52,0,normal,
9bb2f79d5a614d9fa627e3b218483512,0,normal,
595ab43b132348328a3f3d762209efa1,0,normal,
3fba446bc2424379a8d89e85c8428905,0,normal,
822117093b044cc39c8923251069cd9d,0,normal,
2decbf6877f24b519f3e34a245d65a67,1,structuring,structuring_661
3c8ee1c24e8b4abb9c5824f2b26a80e9,0,normal,
9297d8c98fb549c2b04311823e34a4d6,0,normal,
c785d63485de4c568cb29eab85dd0a0e,0,normal,
2e4899cd68d346af8216942acd6afff7,0,normal,
0fc2c7275a2d40f39ef3dca76a08ff55,0,normal,
8dc1d54ac9d644ed895d1df99b96daf6,0,normal,
2c09138b556840c4aea028ef87412b06,0,normal,
955b6feb12424e8aa10d3e6d031f6261,0,normal,
7809e1741cd64b2d897d4d5d5ce2f1f7,0,normal,
f6b4225bdc18479eb4615927695efb7a,0,normal,
ccc248a306d641db986c91245a080a86,0,normal,
dac04650ccf84966afc9b84b9d0c3001,0,normal,
e642f081db4d43d680e75fcb68b915bb,0,normal,
b78c10e78fc9467f934e2793bf17eac2,0,normal,
e565b022622b48acb4595e3b2eb363f0,0,normal,
f2faa3c38a40482cbb155bed4bce2d63,0,normal,
08b73e4aad7849579adbae0772db20af,0,normal,
d14a6f96bf4f4026a7ebdbac6d0e9ae6,0,normal,
86f00cf4a9ef4877996a212f3605ca74,0,normal,
ee1a042818064d6086e1f884f3935753,0,normal,
61aadadee2b44b0c988b93463b6592d1,0,normal,
14ce33d36b55484cb082d090d9f283ee,0,normal,
cf469455ce1f4a858143f28b340549cb,0,normal,
202da8e1bb9644e79e77c63e3271390e,0,normal,
002941d2c658428b97a88c65d4c89130,0,normal,
03cbe22015c1466dbbceeeea636ea335,0,normal,
0165b9a5908d47eeaf4c661c708d15dd,0,normal,
fa38ad529f5c47ea85b3f8b7973e15d4,0,normal,
c55d6f64b2a6434c85aa3b0909b2cd15,0,normal,
411c220025164d1b8d516826174bed9d,0,normal,
35c5ee27b45144c7bce618603def4864,0,normal,
c1b7b646c4324ad68e1415fbbba781b9,0,normal,
b8ceb126f8c245eab8eabd8b40d723e8,0,normal,
d2a2b65b9d9a4f7280acc2298b493fdb,0,normal,
1c25c32f121f4c4faf4d90758aa90edc,0,normal,
a7003a058fdb4d9ca03866076a484339,0,normal,
30604835ad3f42a18e4c44652f7b7a28,0,normal,
4d70e7cb107c490f873586deff8a5857,0,normal,
151018624484482090c329bc9e353bcb,0,normal,
4bdf0c2fb74243d1a508b03961f08148,0,normal,
9dc712d53c2643709d870af312534780,0,normal,
520b7decd95f48cf92ea3767955ca708,0,normal,
680dd02df5fb4e06bf0a0bd0064803b1,0,normal,
3a82a224848349afb50c2c74e4899033,0,normal,
57fb558632dc45e1bb6bff56725498ff,0,normal,
3b0a2ac859b64049a4a5496c3f5ed74b,0,normal,
efcb13f3fe494b39aeb5c6768294177f,0,normal,
9de9821f4bdc4bc683f098d4ab70ed8f,0,normal,
e82306cdd0e54f4d9e28a1269cdb3974,0,normal,
7d0c3b124a8c4d1c934efb2dcad2fd38,0,normal,
7cdcfa090d824a8f95c015be1b32c6d9,0,normal,
a3d21c6bf6484438bcc689683ade4309,0,normal,
fe607c12c00e48228e3920012b9efc5f,0,normal,
955f64966a7e4ab49d6013a60553c995,0,normal,
75a2fef8b8cd4ef79f7544bd5afd65b1,0,normal,
3c48e3a867ab4e5b8f8ad67692c91ef5,0,normal,
1a669529672443b18f7cb27d80968c9a,0,normal,
d212b3574182419aaf820dacd4da1c30,0,normal,
abc7033677e14f3a892015fabefe7ae2,0,normal,
38aef86a6c51444ba20393fb31ffebd0,0,normal,
13a278e6f796477f871b83e8e02b6c0c,0,normal,
fe7c7f0f9ee24a7290bc7c27eba06e19,1,structuring,structuring_661
57dbd5e4fa834efcb117393189154583,0,normal,
07f696ff8040420983ef3824eabf5a69,0,normal,
de89c65869bf49edab87395f436b9c3d,0,normal,
e656897907944e729a8d51ac080e44e0,0,normal,
ebcd599fb22d4dcc95d113986d7bc82f,0,normal,
449f2537481e4e56a3d6a78b643556d5,0,normal,
9bdae6dfa4a34a51b680ad52499346b9,0,normal,
923d3ac523634eb49abc21b11df3d973,0,normal,
8be3164a88044cb9b491b200de6f29ee,0,normal,
e625a76a307f4d789ae2ee695e1d7275,0,normal,
29b463dc35e542828b00844356ef5e77,0,normal,
6a6b6246f3104444a872147ce29ace18,0,normal,
79b867fb518441909dd9fcdbe4eaa89f,0,normal,
af57dcd0a6d64f17ac330450424c0ecb,0,normal,
69dd24c6a20743b3b49b055648a66b00,0,normal,
21b3ed397c49495a812ec2ec400e64bc,0,normal,
68a2e7464c5c4e0890763d1026e7e838,0,normal,
5e0c2e079b1742cfad07e57b2eb0028f,0,normal,
7c3c132c07bc48a5bba4825fdb0fa48e,0,normal,
caa1bfaad5d74576b2b49d1d5a7f1024,0,normal,
f003f46410124c1790ca20d8752a6a17,0,normal,
003838ba15664273a9420a21ef4d7d78,0,normal,
2788473bbb3048328e8bf081a3fa9bbd,0,normal,
9a7b9faf0c40492d870964fdf6222128,0,normal,
eb9986167f37452e995fee697c44def0,0,normal,
b52442ec13a44879bb08059e85599d1d,0,normal,
0c7a8cd92e424c9a9aba641ecf02fad6,0,normal,
871943afa5cf4d1683e87a8ff4132b56,0,normal,
3924f001aa0849a2b8ae486520f58ce7,0,normal,
939c7e4e2a1448e981868b5bf3963e61,0,normal,
642daa2cc05d4d35b93fc4d9898b81ec,0,normal,
27f52e63030b406da228a4ecd686dfcf,0,normal,
a605693aab2442c1a4e6cd18d708054f,0,normal,
ef4611b7077f4d3a96e1747d06f85def,0,normal,
50c1404892b7461e819dcc4ec14ef0b9,0,normal,
5f8adf3b22c04d8898631e392dd6ff39,0,normal,
8877a4b25a414be591538d9d587cfa2d,0,normal,
6fd674563b0e404b8daa2a97a795eade,0,normal,
244fe661c6834cecb235f66e1e94b907,0,normal,
54c0624b4369499b8895d9286ac316cc,0,normal,
2f26ebe6d45d44c7a58d0f9283ab24f7,0,normal,
d48a6e1363d543ed800029825e3cfe4f,0,normal,
d86ce0e94b6b4909ac2a0d52cffd75b6,0,normal,
da92aa81cf804ab0b23100635da6abd9,0,normal,
33b19af47b064885ba7ab8cd12082ab2,0,normal,
bafc48d1c6044d29934b67929d8d7e85,0,normal,
bd27b0cde7c44cc6a0bf8dd7778b3c11,0,normal,
bcec5912dcce414ba1c3e71e69012934,0,normal,
100fc54e76394605a4857685016805a5,0,normal,
bc36d9d1fad043a8a93a4d4c4ca2a2d8,0,normal,
97434fb8310248b097e9ea0339f2b33b,0,normal,
a8ee09064bab4501a42da2087890bcdf,0,normal,
2039d911da1a425c8946ee9424daf874,0,normal,
b7bf141d44c34787b933ef226a0d99c4,0,normal,
2b13b21b665d473fa2d8fcfe878b0e89,0,normal,
2b97e945b6024023aab6c4a854582e38,0,normal,
44368ba61dbb4b37b36dabe7bf9bfa52,0,normal,
44367640393649db96031af33e945126,0,normal,
428c1a2ae85a4fccabf243e1a5bae28a,0,normal,
bb8dea48514e4123b8601c672a80584d,0,normal,
743224289c1146e68fabf4f1c3bcc223,0,normal,
dd23e78219584edbb3f5974899e75b45,0,normal,
d3f7aa43ae01430195ac3d61829357d0,0,normal,
b87657d30a3f4822b1b465e3a8e5079e,0,normal,
003fb79ee3444e709dce3980360aca9c,0,normal,
0f04783184d742bc9298541befceb019,0,normal,
7b709a855bcc47a3867f2429718b2a59,0,normal,
e0478466c3e1476ca416a95ee56ccb51,0,normal,
e94609b7b41b45889d8d538907c1c18f,0,normal,
31d48d33db6d46a08006e240db0a8ac4,0,normal,
13d614e7bc914caf8c52a3f5a31b10f1,0,normal,
13bf40304949489fbfde11bd2793218c,0,normal,
e487fc043fd14152857ca45c09304828,0,normal,
9c17466c48c4489c854c11dfacb6016b,0,normal,
8b0eaf1d18ee46f4a4ffd9030292bdc3,0,normal,
1a5dccbc88fe41939bb496c2f27d3d1b,0,normal,
f8cc86f439b44dc3929f87aacea63658,1,structuring,structuring_661
318c86d9a9f94f49a9d975fcb549fc75,0,normal,
43e5f4f47b664208ac5bf96abac9ef26,0,normal,
c169aab494b247e08ea49a24b8c8061f,0,normal,
4a1b1b4d3b064bb8bd2a37b2b8bf9d0e,0,normal,
65c845406af445aaaf64de89c07c785f,0,normal,
23a74434dfe648faaefc05178028d955,0,normal,
f7d81ab42d534384bb968c08a98138f8,0,normal,
6bf385f08e1842fbb88901920cfa20da,0,normal,
012df489a05c4fdba1aaa533e9d6119a,0,normal,
222f74d525ad425b8bedfe44fcae60f6,0,normal,
1835d60b2ac04f0395a4643f198dd326,0,normal,
bd2e62a1209946c3bac3e5f7a9fa736c,0,normal,
3bc3aabda3c84342a040538fd3bcd139,0,normal,
28adf7dc2bb64ca6af2fd8936f195994,0,normal,
06748bf158114380ab5bb1d6a298a200,0,normal,
fd83ca8a88264a908a2bb38ce2f68033,0,normal,
876bc6c6b4b74e2185efe434293fdd6b,0,normal,
d4a3334307e942dbafb9a1d41022de32,0,normal,
dc53c95fd50441f9b6d28901cfcaafd2,0,normal,
5218077eb46d4ab7a0ba556bd1ddb28d,0,normal,
c08f02a1f3bb43899a7cab177cc45288,0,normal,
7b55c06c7ca74ad4bca8b03e5587bbe9,0,normal,
2f1f56cb04fa499aa4b595276c544ad6,0,normal,
805db30ae5894d2899d9032a05fd8a02,0,normal,
5f3f3f12ffac47b5bc1d26fe4e13baa9,0,normal,
5050c30ea8bd49658da187a957d10d0b,0,normal,
b6d0b620cbc54143b7388bf3b05494cc,0,normal,
ffe43b3220ba4da0bba58fec29eef872,0,normal,
75c249655ae848fcaa0042dd74315751,0,normal,
c1f110eea1ae4199914d626006cc8974,0,normal,
aaa879790d6c456d89d9675c3fd7accf,0,normal,
462961a2afbd40d58106a30f521611ef,0,normal,
4dec4e61e46d4b3180909add3b1dfbb8,0,normal,
4c550685c7fd4ae595c14ecd312e9df7,0,normal,
2cb002a64d4a413a87828bf75d044100,0,normal,
2f8684831c1d4233a5f1d4a4a9e84d13,1,structuring,structuring_661
4698736496a74708b7353a3c38b94ea9,0,normal,
a8828c277f68426f95163e4060a7bd85,0,normal,
ed89cef0381d4442aa04e3b30e9a6137,0,normal,
3864923a6aef42d89a0a115621c290e7,0,normal,
231ed9a36b8a40f2ad507fb23238ebd9,0,normal,
0120d661800d43b9874d29328fc1e337,0,normal,
038e33e3aff144df9fcd2e4cbb5bd34a,0,normal,
e67b66c85adc418eaa0bb9522e1b903d,0,normal,
19c455fc08ce43c3b70183303f03bd3a,0,normal,
97c66cc5700e4d29aa4a05b4745c4b40,0,normal,
ce658c944d7441ba8fad79cca61df7d1,0,normal,
519c738b5972415fbfe035f45f87b2c3,0,normal,
8df4fb0d87c448d78e3723c3535c2cbe,0,normal,
e838124ab73945b3a0c9414a9fe1c817,0,normal,
f0a948c496a44d39b3ff2cac3c9c9051,0,normal,
3a1a295f92a94c2c83dee9c8e49a2916,0,normal,
c5f91f329e62438182c60626f09972bd,0,normal,
792a2ee50b934d429ebc464e74833e32,0,normal,
75709c9c57d546b48c49404f1fda301f,0,normal,
748c8a96500346d7b0702fe79b5f9b19,0,normal,
498a3d421de748a3970fa4502164c41c,0,normal,
767d246b9db34106bc8d10f883e2d884,0,normal,
970da933c3bf4206b67571a998a67cd2,0,normal,
a4101eed8cdf4007b0398ce4f7d4d201,0,normal,
4dba9fc03fb34e4f96465e804433f2a1,0,normal,
2b634afa6c714c3cbc9d9d397bc62379,0,normal,
6e1976e54a434942bd77447167494af0,0,normal,
65154e1cb8a4435f9ec29ce42b5b00ab,0,normal,
0429782bf4f345ecbc8a43dc46aed1fa,0,normal,
43e25f8bd4c94169a3674632f89a491d,0,normal,
a4f3f6ddc5df43529f009419450ab967,0,normal,
7f74efcfae244a7c97687c4655ab3102,0,normal,
6559f0fec2eb427d945bcdaf26df6a77,0,normal,
d0f5b2fa72f64bb1a50f63a8114047a5,0,normal,
6a47850c10ae4576a6e509a42dd9ecb7,0,normal,
db17ad2b8f6845609a842e66bb8fe3c1,0,normal,
13aa0fd6dfde41cb8ff5049453621c93,0,normal,
c4462c2383a94737a8d642bd5a0bc1ff,0,normal,
8532c2fc525243f68f445b78874fb6ff,0,normal,
2215799adf714cbcb69c21b99b811a4b,0,normal,
12d318a8e995467cbf4c756b0a3e79b1,0,normal,
f784bd1c6c12460c84e31861c2192ee5,0,normal,
483535be312348b3b66851e01eb850c1,0,normal,
0d16eeac75944aec8b659b76c764c447,0,normal,
2dca7d213d364f1ea388bd85f5c37581,0,normal,
bcfe77b2ec6c4cbd890fef341b076175,0,normal,
9bd81abe16d64e928e1241c5a563fb51,0,normal,
f1a2a08d82764d08a5c85de05073245e,0,normal,
42e85aed69d2420c81348f164bd39000,0,normal,
98e9b22f9cd54a6690ce4abc2beb68e1,0,normal,
a4731c1d00d740d5a3496fbe399a33cb,0,normal,
086a3120dcc34a38b23d293c44645940,0,normal,
84ea04e3fccd47ac96dfe4de5329503b,0,normal,
4c9db8a20176492494e945b2150c7e1d,0,normal,
bdf433824cf648009752a6b48036cd91,0,normal,
bbd1d88b4cd1468a8dc675caa9f58aef,0,normal,
5bd6a7886393484aa5436f537576ec7c,0,normal,
8de6c074a7234f47b6c868202008a1d6,0,normal,
09c334a3037346eea717c3ff02984699,0,normal,
d64abba97a7542b0babc5a44c0a8add9,0,normal,
ccfa12cc01b6447593cd80a84897e81b,0,normal,
75d2336d8fbc44c7bcca41109560143f,0,normal,
20f23e95915243c69e0c1f0f2cca3a87,0,normal,
ada33afb50ec4635bb8bfea263a6ac00,0,normal,
7efcb9384ac44981b0c1d668d275dc9c,0,normal,
7ceffc2129ce48fbbc85432b47bbfa09,0,normal,
9c505a93e4424a0e8e8b8b5c842e7b43,0,normal,
f760ac062299452897b7a8899d41c596,0,normal,
fdbaa41335dc4cbbaefc045912c3d795,0,normal,
ecb72d27179c4593914666a05ef98620,0,normal,
6071ea742c254b039bfc470503f535bb,0,normal,
a97c857cae1d44d1a665c4672e666bbd,0,normal,
d14ebfadeca2401e9d7fb346369eda75,0,normal,
e8441d4464ca4816ac0b9e1668882d35,0,normal,
75c8978e9a564510aed7be7bb950ebab,0,normal,
df8b5dac78474953bb210da7886505dc,0,normal,
4c2947e67ae34850b34533f741a2b7f6,0,normal,
c4b2608eab304c3aace90cfd41aad1f8,0,normal,
3356a9bb87d04ba29c49238bbcf85905,0,normal,
28e9cde29f794b81b1f970822e3e8aef,0,normal,
e37c2c567e07467da9f2381abd01f0ff,0,normal,
765694879371432786b95b6397d785b4,0,normal,
5b8aec6e98ee4149adfffc76b5a51354,0,normal,
587e4206237b4d3f9911674d8c4d60ca,0,normal,
8d996a703e6b423dbb7676d6d2e0db12,0,normal,
a05425729a704956946e3088ad4a0e1d,0,normal,
d49e6c3b0e7e4f2f864c68f49eb635d6,0,normal,
59c0eaf92667422fb57d94ba97da41a7,0,normal,
7274ee95af6f4f60be7c5c627fada148,0,normal,
b0e8c88f3c3e47dbb3b3267978ab6116,0,normal,
a9fc2dd78d1d4c968a61efa879a4d5f4,0,normal,
fbd2c3cfb23f464389f77ab54b11d349,0,normal,
fe75f016459944ab8247f5ac7f106b8b,0,normal,
d5b0e174397f4748971346599fa9ee98,0,normal,
41fe744b525e46e8a6a10daa28b7aa18,0,normal,
3732d63ce9be467eb4ac925794ae7d8e,0,normal,
d06f41b4d3ba47ac91ad217f551cb00a,0,normal,
a948a277f36d4fc7a2451e7d58307b85,0,normal,
4393b2e890314f7e94fa2ba151e8ffed,0,normal,
3479aead5f334bfb9404d7a9fae57249,0,normal,
337352109cea47659ec9ca330a3f24a2,0,normal,
7c44da70e092466fa2651ad9137a8427,0,normal,
95e84d6e42b44f8bba6278af70734b69,0,normal,
969d721624b043af904efe22a3951ab7,0,normal,
c967a6a8c30d4f1ca09e7e65a477b5b0,0,normal,
4880a6d4c58a410296e4228718d7fb25,1,structuring,structuring_661
bc2ec696111849668b012003699180d9,0,normal,
f8cfa0957aee4295b76ad1d99ee7794b,0,normal,
346de7c0644e4c7bab6916d7f0463f57,0,normal,
c3b24d401da549028a5edb5a1383344f,0,normal,
e74cf6569b3a4696b4de59386d096ada,0,normal,
9e58bc795e3349e589e4d3590f40e3bb,0,normal,
0412f91629f0464793f058d860cc4d59,0,normal,
a9db166e49b643a2819e117866a47e7e,0,normal,
ef59dd41e9ca4df09ea33e45ad22bab9,0,normal,
3eb4b0bfda3c4c56bc92f45331d190d3,0,normal,
f6cacb92620e4be4b6c2bdbbe5bfe56a,0,normal,
d10863f7696742c891e444144c1b578d,0,normal,
bb695b210ea24828864fa36d25cd79c1,0,normal,
672a8783cdb44b68b5e98bac00b1070d,0,normal,
c5ba19a838764620b84178c692ffdcb8,0,normal,
c68870008deb43ed9e4b07ae7db3709f,0,normal,
f51d94c00ec24af3be66d7a652d9850e,0,normal,
7bf5c9e87fad499dbb3263f90cedc14e,0,normal,
550b379a25e94147934b9e3aa7619d58,0,normal,
4040ba304f9c4d009669efe9e9ed681b,0,normal,
1a58328a85004fb6ad74ed979187b4d1,0,normal,
c63dbb788daa4f269fc491ae9e799ea0,0,normal,
ab9a969d244a4b0192de27566efb7c5f,0,normal,
cf2d484fd4bc48b582b1177321328a68,0,normal,
812fa9c84511481b9791ed21fd16ae68,0,normal,
c383cee158b6451ebe47faccb7f267da,0,normal,
25a3295782ef43048ae34065d8353bb0,0,normal,
2e4536f57d174086b7bb68a8db348bb9,0,normal,
233204938df740beb9ebc38188fd3236,0,normal,
9a44c77785b3469694211e92f177d877,0,normal,
97fd2f117ddc49ec86625f73c8c6b93b,0,normal,
36713d2bcec14220820158464057f80d,0,normal,
4bb0babde374417b93b76e6ae110f50e,0,normal,
7e7c8fda922e47a19df3376bc1114303,0,normal,
341bab31bdb349f49b27bc4ca7d1cadf,0,normal,
c55521385a714cdc8e629ef2fc5b914c,0,normal,
83708b6dd5b74e44a9ef3dd65a223979,0,normal,
486020b7520c40079164d8cc3c4accec,0,normal,
c49618bb28ef4d829bb64cd51f5c2ba0,0,normal,
19b9683e12d74b7ab8fbe04dcd46975e,0,normal,
7f366fe687d2406eb942c62dcfe5d3aa,0,normal,
436c6b5c16914f6282ae0dabef5b9838,0,normal,
bcbb00647d134f2b9be027b532c405eb,0,normal,
3147ee430eb9492e9a604e9eb2815b5d,0,normal,
8356407c21a94db7bb01719ce6f7ece0,1,structuring,structuring_661
87dd583e658541edb38de9dc3a8a3bb6,0,normal,
42ae24b1d4d94126beaa7a6bce836b03,0,normal,
5a8619c6ad454048887237c04f9e00ce,0,normal,
fde932890d98455ebdfa8ca28a065ac2,0,normal,
dc5ae07c3eb543c995ae8e14f29dfbb7,0,normal,
e4d8f3d248744ea7bfbf203c254a937e,0,normal,
b701e33674e147d5ab291edee79ded8c,0,normal,
191fa871f4f646199e78791bc08840d5,0,normal,
b5082e2e03d049bf8255a148b58c250e,0,normal,
d8a32fa9d8714b5e867b35fc1aec88d4,0,normal,
638f9343df6d4fffae335ddd46abc296,0,normal,
cf856b7da2fa4de5a8e2951673ad52b1,0,normal,
a8a5b2957afa4ee8b64ceb1f3983c6b3,0,normal,
e0d6c4dbc4474330a6bbbff72ff4d14e,0,normal,
9118a612b30c41f4873b023391712829,1,fan_out_mixer,mixer_353_fanin
88ec3dc20a7240988205c7415c9d05bc,1,fan_out_mixer,mixer_353_fanout0
dcd0ffc5cbb74b1cb3c3c5a0b0bb1a3e,0,normal,
56e142435cb14ca181322908e7db404f,1,fan_out_mixer,mixer_353_fanout1
1b30e5a7d88245eab14ba626d88471ce,0,normal,
65687cb3aa384a11aa9eb51bd56380ce,1,fan_out_mixer,mixer_353_fanout2
635997e27d174bbabc0f48e9e58b7581,1,fan_out_mixer,mixer_353_fanout3
0b96f4a086514c9faf1d90c871f90f14,1,fan_out_mixer,mixer_353_fanout4
c46af1b638f443e182dd0fbeb7c653a6,1,fan_out_mixer,mixer_353_fanout5
bb799b4161c74c17b1fdbea4ada00916,1,fan_out_mixer,mixer_353_fanout6
f20bb7abe6b1411eb57b52b5ac576b27,1,fan_out_mixer,mixer_353_fanout7
b3f1b8ef5c9e4aef85dba156f21c4595,0,normal,
ef0d309e98c443f287d65585820b1dda,1,fan_out_mixer,mixer_353_fanout8
42fac9e7b488495387ff91d1114d028e,0,normal,
b4c34b162b054031889cef3b1be48502,1,fan_out_mixer,mixer_353_fanout9
806664ac83eb4beab23d8003c59809d7,1,fan_out_mixer,mixer_353_fanout10
40abda3fd6bf4bdea125d37305db0555,0,normal,
f850065ed92841b9846222d211fdaab3,1,fan_out_mixer,mixer_353_fanout11
00920ba012944291b7c26dc8cf59ebb5,1,fan_out_mixer,mixer_353_fanout12
a50f2ead42b04e7b9de109cec23ae726,1,fan_out_mixer,mixer_353_fanout13
c8298860fb8643c4979837d2a7cfb365,1,fan_out_mixer,mixer_353_fanout14
4c8ed73ba5e6463284e4e33eb7332526,1,fan_out_mixer,mixer_353_fanout15
8644e930509343b49192b011b791752e,0,normal,
1944855fefa24136b77176fe75b62600,1,fan_out_mixer,mixer_353_fanout16
3492aa40288843e0888576a372c87676,1,fan_out_mixer,mixer_353_fanout17
4dfd7031c78a429a8feeb3e7f6f3c113,1,fan_out_mixer,mixer_353_fanout18
ad09f0a9b0f1453baaa09616a96449af,1,fan_out_mixer,mixer_353_fanout19
3a3c01b67ce34cbf92b9ab1d7b7d3084,0,normal,
a2a76efb8a6c442a82f90b002d391b3f,1,fan_out_mixer,mixer_353_fanout20
348f19930806451cba81f7fdad67a4db,0,normal,
f1f2a680c44a4311acb68edcdee0fb61,1,fan_out_mixer,mixer_353_fanout21
ed8472c8499f48d79eb6254f49d87e24,1,fan_out_mixer,mixer_353_fanout22
c2d6669ec1a142edb2f6019bdf077e4f,0,normal,
6cf500e818c7488993eaeb9aa2b1617b,1,fan_out_mixer,mixer_353_fanout23
4625086557b44c678e5cdac6c7197de3,1,fan_out_mixer,mixer_353_fanout24
7460b4efcaf64d22832baa6d5e64392f,0,normal,
d31d7a1fd2024773b01174625815eafb,0,normal,
77ba4df054184b47878cedf968663ed5,0,normal,
e5d603fd0e4d430a995c19036aaaf3f9,0,normal,
386fa90545294d05b966aecffe58b547,0,normal,
efd644f8df744da984c81bce81878723,0,normal,
483375a289a34d4f86b8403f90ff0828,0,normal,
ccd5fd6d0f11493b830f44f4b6fce50b,0,normal,
cb0c3ee35c474099b548625273016675,0,normal,
bb95646e810b4db0a356f3f33416b236,0,normal,
c2e97289b42b4450a03c8b978319454b,0,normal,
db15ef4388164737a76883e391172e1e,0,normal,
1fe9c91de2d54edf8cb60340b79f29b7,0,normal,
004ec4944e614ff080991b3b58ffc4b1,0,normal,
79c162e2d11f43d5b1ad8ac8c9a672af,0,normal,
a68400918a2144eeab58caa95e2d9d23,0,normal,
ca96cd61adfc4c0d8364f75f90a4a988,0,normal,
0bc747e9105049b395180b0c6cb62675,0,normal,
160202e6c5404db8a7126c769fb8baf7,0,normal,
e179bf242f9649bcb492e42e5392cb12,0,normal,
47beee1a28914543999efe65cdbe5e81,0,normal,
3c6b3185b41b4e76b6f60826d7c553f6,0,normal,
32c3c9c726154d2aa92db5839907ce9b,0,normal,
76537abd183742fc87dca97793d9b320,0,normal,
8ed54dc354b24305b175696a907aae66,0,normal,
7a09a44ce8d54112ad9e769535dd5de5,0,normal,
5910446203554b508c6fff1d4c5e93c3,0,normal,
027bd7db4d734f80b0c21647ff6980d9,0,normal,
26e0b4ec65404d1dba530a41541b6e31,0,normal,
d7c2eed811fb4aae8966ca70073ff481,0,normal,
bd8cc290f2f94e2098de638c82170b2d,0,normal,
fb52d65111b24e35a3247d214d7660b9,0,normal,
d7c41c4a09a94a32b037951c7ad09bd2,0,normal,
1ce878b56bed48e6bfc7d991868eb331,0,normal,
d3ca669b56a64704a197bf7a946a9aa4,0,normal,
485d0a380f4744c38013e5d0014da006,0,normal,
78186aeff47343a1920fb196b53e116c,0,normal,
e90c303b6b2a49cf8428dfce6412fd04,0,normal,
a40cedf99d0e4d2999002eadc4354f6c,0,normal,
b42a5f7c81ee4a53a81f0bfbaa4c0ab3,0,normal,
9bb23f6eafbc431e80f4778be1516371,0,normal,
79f0494fba2247b098ad9a2d19dce5dd,0,normal,
e461f88bacc04fc0802e6e9ce9082f9f,0,normal,
0de2af62da694d75ac1d1123aa2ed24f,0,normal,
65dd8d9764b74259b14bb42af3e3a019,0,normal,
db690289ff7d45b883891fca930544ee,0,normal,
8da3be29aadd46768e67dd9753c8466c,0,normal,
100e5422b0f44cc780131b582bf8b0cb,0,normal,
b0afa8704dca444c8598139597f6d533,0,normal,
308a890328c343bb967decf8d0e604f8,0,normal,
1810fc9b45d94aa9b303d1d37b786672,0,normal,
e1b9196a41834bf5974fac800ee8882e,0,normal,
3c63285c6da14b78bb7daf675a7436d4,0,normal,
4f38b0f3af294ce39b35b3b31787dce3,0,normal,
54eae2f0ecea4a5fab544bdd6a61e0b7,0,normal,
651ab6480eba4964ab79ee7f7a7e757e,0,normal,
f84ad389846e4d16b5ba34bc820b641d,0,normal,
5f340413edaa4962a71e07eb31af1ffa,0,normal,
e4b8fd3be91b4cf9bc6d36b2bdaca42f,0,normal,
384dc211f8fa42e3b4157988c3bbb330,0,normal,
bb7d6d3977d24a5f84c1f9584f069b1b,0,normal,
f95f591014314a3988b37bc812b94f00,0,normal,
ff13ff9f56e44dd5b55bd193a470e2f6,0,normal,
9338b3bb161a4774953afd43ebe00806,0,normal,
53f7c5a9ebdf480a855336d5bb354d89,0,normal,
80387b9177d0408eacc4a24e0d668ed0,0,normal,
8c33509b2d484fb78e9c38241879e99a,0,normal,
a0f4ea9432134b4f93d2afdb7be1810e,0,normal,
053e421f3d55438585c0a07ddc532cb0,0,normal,
52a45e7d8628416082bf6acd05afa10f,0,normal,
038bafb669a249df9db438913182cf08,0,normal,
743cf2ebca3d4507b96ea5bbf47f1cbb,0,normal,
5ab560133f214e6a8c71728c7331af0c,0,normal,
eb689876bcaf4a2d9e0d5e4c09790936,0,normal,
6e2d854773d44ce1a492bca129519637,0,normal,
76e147544183454aa66972d7627aee4a,0,normal,
a6db6fc538ed4eebb1c4b27b0e447638,0,normal,
12f0771f1a23470bb11d6fa676a25567,0,normal,
54e44d7af541441da3dd8afa54b748e7,0,normal,
c0ad29cab7f74791ae4de6c7c24f0c85,0,normal,
96dd7a34be3a4fe0a33b14d83e5d03a4,0,normal,
517abdaf2be64625b97f04e9063719fb,0,normal,
1d25e3621fc24ff8b3dcd2bc69ef086f,0,normal,
63422a6afc3546ad85903f6771120dc1,0,normal,
f0e69a79a66f4ce09dbc7242bf806c82,0,normal,
f1a69c5aaedf4315941434e56fde5140,0,normal,
4fae21a75a3c449d9f7087f1e9ad65c6,0,normal,
37f6f4de14a740af972b25df771b14f9,0,normal,
02ca7402014442ce9c2fc491da3e5cf8,0,normal,
ae713a5e1a7341fa870b028f1b2d49a1,0,normal,
df429f7bf737460bab5a6dd74ff033f9,0,normal,
f7ea4f31f2424876b2b6bbf730297039,0,normal,
3442541f48ff4263ba1da33e2d60db5e,0,normal,
b0a53a74afd14828a19932d9bbdf9193,0,normal,
1578fda96dd34acfb43c4fef4d37ee2c,0,normal,
b5b783daac994d64ae416f2a8e4e83bc,0,normal,
a76f23708939460c9318957695556b15,0,normal,
ce52f104c0e949a691b23af5c295aea4,0,normal,
ce41ae0c85bc4df0814ef4aadeab8e67,0,normal,
1aeb05915a284e8c982dded301661f35,0,normal,
75087f801c89469b9c9080ad7e51d2c0,0,normal,
700b10d677124f4b9361f9ec0e51167b,0,normal,
407c0876ba4140fd8b1901e3b904acd5,0,normal,
462b64b2529441cc94b1630b84ad21ea,0,normal,
53b61247ec1e45648115a42296f47492,0,normal,
85229d84bfee4f5e8a538859e25d05f5,0,normal,
2a6f0559c291407e804a054bbbacd5b2,0,normal,
841a6400e50e4306b6eda5a13530d4f1,0,normal,
10095beb436648e19385b580b49c0357,0,normal,
79ff591483464003a8c750b9c8053440,0,normal,
04673fe964b94456ac34fb46a07c2f95,0,normal,
32dd04703cc8407a965586d09bbfa10f,0,normal,
a5fd6167dfbd4ebab1b00c3040a7af70,1,wallet_reuse_burst,burst_303
c74a92ca5f3d46d8a303bbcd72e85b54,1,wallet_reuse_burst,burst_303
bf17dba1f9cd40949bb4504e118eac04,1,wallet_reuse_burst,burst_303
8973dabebc2e464dafc173c3c336122c,1,wallet_reuse_burst,burst_303
f2b13c5f1b2a431fa659f138b973a724,1,wallet_reuse_burst,burst_303
2e3b15c2767940f9b679a2179ea50853,1,wallet_reuse_burst,burst_303
e34b35eaad0b432d9673f872182dc7b1,1,wallet_reuse_burst,burst_303
48ac7f1298314e7f944454debc0b13f6,1,wallet_reuse_burst,burst_303
066ed41553c144cc8be8415885204dd0,1,wallet_reuse_burst,burst_303
c97c9de10c674e0c9224104651c877f9,1,wallet_reuse_burst,burst_303
2e9adec5e92c4ef1a521d66c33adc20c,1,wallet_reuse_burst,burst_303
7e2c443813aa4baeb9693c17ca9d4f6b,1,wallet_reuse_burst,burst_303
46dca4c3539d4f2888cc804901781182,1,wallet_reuse_burst,burst_303
3c90609bc9044d61b60101f3b6d55ab9,1,wallet_reuse_burst,burst_303
b13fd050102447b8ba8093a7e07adee8,1,wallet_reuse_burst,burst_303
2e86c4d001c34bd086ca23374741fc9d,1,wallet_reuse_burst,burst_303
77a7d0c1cbd3476cb93166d9043c416a,1,wallet_reuse_burst,burst_303
dec678c1b36441318ab880e6a9026eba,1,wallet_reuse_burst,burst_303
b8a86c0a6efc478580e4d5b0596b7598,1,wallet_reuse_burst,burst_303
3803c05c9afa4d4da04f933c0c5d4263,0,normal,
71eaaa8785a0425a9920b7d26c788225,1,wallet_reuse_burst,burst_303
3cb34e8b9c5b4be2befedca8135ada83,1,wallet_reuse_burst,burst_303
198298af42e84b2192b2df786a29068c,1,wallet_reuse_burst,burst_303
7dbb8b8a6b9f46b083fdfb39a5acc797,1,wallet_reuse_burst,burst_303
6f4bb98acbb9457aa6585d9ba502efa6,1,wallet_reuse_burst,burst_303
7a211e0dfa3f44c199ccfa57fd33157a,1,wallet_reuse_burst,burst_303
df5430d3d49f4fcbbd45e129863d34d7,1,wallet_reuse_burst,burst_303
300d3a86eda146799c2bb1647b0c79c5,1,wallet_reuse_burst,burst_303
2620367601994f43b0acec0b5870504d,1,wallet_reuse_burst,burst_303
9ed8912a8d334d67ac28d67fa29354e5,1,wallet_reuse_burst,burst_303
bfe0e80e4ab9486eb50d5df031155858,1,wallet_reuse_burst,burst_303
5e55e57df0944584a83b2308305cfef2,0,normal,
5f8f41ae393349b795110ecf09eea375,0,normal,
2e652f18702e47dcbcd4f9e370d2da31,0,normal,
adff6ba3fdf74036a4ab476a9cad87f9,0,normal,
287d59560c29460da4b96f6b9e763616,0,normal,
34cf1ebe968c458595ea7da9ea28ec51,0,normal,
9a47cf6e55b94bdc8f3f896fbdbf44c1,0,normal,
e8750057519b484293a24289d662cb2f,0,normal,
3631745944034c60be25142580895454,0,normal,
542babf2c273474a967e6071af16c218,0,normal,
4c07c3eb859d4b8d81bc20a275e9a552,0,normal,
057b22c23d0a49238e173130c0e2b558,0,normal,
2c4803ff55984dd791406e1899841a73,0,normal,
63f71b3ecbc34a86b820cf59681f17bd,0,normal,
f9e1095f72a4411686f57a1c16a948d4,0,normal,
4714a511f1544540a35849d59ed32135,0,normal,
3607d2296ded4542ba65f42195258f1a,0,normal,
cbb990f097d7401e9c9e7c7b94401d65,0,normal,
32078fc072be49ef975cd8077e312348,0,normal,
e9e9ff455de6467ebb2ad3cb5ff22eb6,0,normal,
99158b63ac454506a4a1ae7434d26034,0,normal,
4e0ba6c56dfb4f35afa469778d9f6532,0,normal,
b2ab6579012f4cbbb63faf64b3a78056,0,normal,
6dc42a82f8ef4f5592816aabd63af1f5,0,normal,
1ef14355efb04569a2bb0d85b88291d1,0,normal,
b58cd54a95b648f6b1934db8aeb27415,0,normal,
c7772a24add44e7a9fe83f1ee7f3ef1a,0,normal,
aa5498859a754888a294661977c16fe2,0,normal,
9df09b1c31984ac995cb33af5a2d6a2c,0,normal,
2a297817ac384f71908fa86c71c20ffc,0,normal,
121911a9f38d482ca75284cba4eb9afd,0,normal,
d0141e86e3ad4ca288ace6bc3e3dffd1,0,normal,
6aaa1a45459044de954ee2cb2d69919b,0,normal,
f0b2b041cedc44ccadf5c39cbb86025f,0,normal,
165502ac8ca64ec5b25c9145b162176e,0,normal,
f9f4d1af404f496da801aea0642405db,0,normal,
391c55a725c64dc8a5e671cbca6db7da,0,normal,
438637a7a9a14f1da712fd30880bce8b,0,normal,
9909bb115aee467da1adbc16e9733ee1,0,normal,
f2a83d94aca74ff29ab64a9de2cc4462,0,normal,
b26204f65e174622b1e59544fc071c12,0,normal,
032f83d157eb4399ac98131c71f25481,0,normal,
cd1b6f6ef33e4098a0ba89a07efa8b75,0,normal,
9b7d81e4819a4352ae944778c3a370cd,0,normal,
a2618e740e0c4a1a994f9f499b57c99c,0,normal,
48bcf3bf605a40f985987eb8c0d27d5b,0,normal,
f7ecdc8c456e49ad8c8a2432be733c1b,0,normal,
deebd4855b524936a17682e5a5dfb511,0,normal,
9561e2d0ce4149f4a39f4656f71246d4,0,normal,
350b7aeca066472a9abec791d7392949,0,normal,
c10ed08e12b34109826ba30cc5f46edd,0,normal,
6d10aa4372c24cf29f7152c280a3f281,0,normal,
bffb246223f14d11a4112fda71fb0069,0,normal,
fd5c42798d2848e1819a4297524e3302,0,normal,
88ec5a2f4adb41939192f6443e7936e8,0,normal,
4083631ad41c4b2cbef567e1a165111e,0,normal,
eb6c647868cd41a0a6b66eebe55a213f,0,normal,
062bfad854de4b459fc5f31500dcb4d4,0,normal,
d2819acc58624881ab34b3d2ba7a0512,0,normal,
8a38342c2ffd4e5eb6f4a5be139cef5f,0,normal,
80b346a10d914442ad2e0aff8bbeb935,0,normal,
cf1c5519a9d54f6fb961da92714f2c01,0,normal,
33aaab33e4a34c80a44452652208b80a,0,normal,
fe0da1b579124f47bd1a556c25a26a03,0,normal,
95d88a93fac74a3b86b6de567cf7670e,0,normal,
5967521d59c7469480b26223b5b691bc,0,normal,
d77bb449bb49496f89cc6bcb03d21108,0,normal,
d93860883eea4f4784cab8e273487163,0,normal,
3e6f229cd2b445b38d09d64d1aaf297e,0,normal,
d8f71eaa132d475f81d4bad28374dece,0,normal,
980cc435f3be48fba4c8819f8b508b3e,0,normal,
c5a0da284a6f4cdb9b16a4af2cf521f6,0,normal,
25efac29069a47a6b0c058385c386b56,0,normal,
dea40c8a3c064b63b3a0ac1504c99471,0,normal,
4cd7466369c542bdb7f705377c00e692,0,normal,
47b347361e0d42b0a78f8ed58df85294,0,normal,
1ced6dd8bd3448558798747de0407f75,0,normal,
663585c2d389469fbf3f25984eaf0c71,0,normal,
f6ff3e1eeb0d4929a421a1c2aca49867,0,normal,
6c0c13fca16943a8958db361f56fa924,0,normal,
5aefa67113174b81a548dc55f75d9c27,0,normal,
55417aca70974cdd9f161b32f084bf1f,0,normal,
a7a204e9175a4168b38908f5f930b90e,0,normal,
05ae50fc86c945858dd0b0b2d3c1c654,0,normal,
ce5dab31f8ab43f7a2395a023020f102,0,normal,
19084148dcec4018a3f6ffd5d14bec08,0,normal,
a640905abfe54819b889ec8dc623a092,0,normal,
6d760c10839e477f9481fdd5b7819e2a,0,normal,
a5a1ba43250b45e18ff275b9bf542b56,0,normal,
9e3c1bd678b945e79c95cdbfec4aa78f,0,normal,
8124b7c8a95448fe82f32b02dcf6ee38,0,normal,
9dbc36299c77400bae58cd0f07a66b28,0,normal,
51da1cfa24884da9bbfd31812a892377,0,normal,
2c28066475234bbaa909ea83e3f42b2a,0,normal,
26702d2b86064b33891fbebe1d9ff5b8,0,normal,
90224cd585014dd0b44441681487f8d8,0,normal,
3176c2d900c74ca29958abfb352ece14,0,normal,
4765b0365ab448dcbd8a85a3b0bf7997,0,normal,
1e834f9b6b9d49eb9a75f37be7b32751,0,normal,
2a41e9f8e85c44288df595fcfaaf6b45,0,normal,
46f23b5de31c4a5d8b5d2fcbb99107c9,0,normal,
07a037b55b704b2ba4c10e1e8f797281,0,normal,
97aa4384831043d8956bd6050fc3f92e,0,normal,
c7f31e4915584018b6238cabe68973f4,0,normal,
5ce07af450ac4fe697934873db10bf20,0,normal,
0ae2717d16934163a73f41dbed0ccb66,0,normal,
72224338335b4be0bea8711a53b34a98,0,normal,
11caf054eb3542ec9219f14379a70990,0,normal,
72f2424a59d741398de496c75d500117,0,normal,
a5e4c570441d446f8ffb9de71e0c8e02,0,normal,
0f9a1187a72c463ab5fab92859b2a6cc,0,normal,
8e38e31fd9bb42fbaf78150ce3380aa7,0,normal,
c8f3495bf3734d77800ae9d358b67f21,0,normal,
0c7991394d55415eaad7bd6e9f1f871c,0,normal,
e1a959f4853549fa94f9a2ab7edbac32,0,normal,
fe8be762b4014ec6acace7526531610b,0,normal,
69a36a93ab2543949c3d6c0d5ab05b39,0,normal,
8dc7f0064e4f44319353e7ae44d233a9,0,normal,
e0f6e770e63341d1bb705d1cdb4be6c8,0,normal,
e04b2dfd767e40e4bd303b0b8ee80ee5,0,normal,
c34eae4cd93541ad8210dd5d33e9c604,0,normal,
98168c4f46134c45b84d3bc35af361a3,0,normal,
8204c0dc83f6440b8afd8cd1ed072856,0,normal,
fc45e0ca08f04b95b0899d68b0404a8f,0,normal,
1abe996a425e438a88c08f07f5ca4929,0,normal,
a75e5bb0850e4d8e8e37e9e80654eed7,0,normal,
2054ebe3bfe74db88a86460bca84e8d8,0,normal,
62e8ffa347e74f9fbb1efe2e5226510b,0,normal,
233e7b54f0854e51ab78d1059a239159,0,normal,
9fe0302b53914340a9113275f63921f7,0,normal,
d0ce6b777ea74e6eae8ad92bfbcdfb7a,0,normal,
46ccd56ade794bcd848c1a0ce377b7c3,0,normal,
3b5db8b131784f0dabffae5cb5dd7f67,0,normal,
3b11ee6f2b15497191c9c92a69f4876d,0,normal,
199853c0a8af4848a3c7c2c81f83f5ee,0,normal,
9091bea52afa42e5a62fb02f0b93755c,0,normal,
c816685b61314b48b34a6fd1696f8957,0,normal,
85bd7a8385ee49f1b9e365158c347df6,0,normal,
2f3ed650af424b488d4c5b1aa37a67ba,0,normal,
86476a5fd791421daf05bb06f015defe,0,normal,
9a6e6b50455642ed95a802819d8a430d,0,normal,
2077acc4f3ea417fa8813540d733d36b,0,normal,
50366dfd7872424a9932dba593714488,0,normal,
46ee9d37633f48458f9e430a97d58f35,0,normal,
6e7bdb9df12a4703a4289a4316b829ab,0,normal,
9f2e6171f16b47c4889589ba5b4ecdc2,0,normal,
266214e8e47b4052bffca0007b08aa8b,0,normal,
badfaf3b3c574b038aced547e54e0e32,0,normal,
942cf642ca8e4f578c6ded0dab46d1e3,0,normal,
8d19a9e7c85244f0aabf1693bccf06ac,0,normal,
94720f2fb3d54eee89089bbbe1cca06b,0,normal,
50ee1312e36441fa947fcbb4920532c3,0,normal,
fb945037ab654c658b2e61d371cf838a,0,normal,
229aa735e90f43a4873a15ca4c9e3ab1,0,normal,
1442074b4f2f4a06ab1bacefa0661df4,0,normal,
eb2d6d2847034a31affb9071c8619dba,0,normal,
51e37ce36f2c4f5b9bd48bf2a4fbe49c,0,normal,
d42c53cfd20b4ec5aebbad6c2711a8cd,0,normal,
79794e53ae4f4a0bbfb6049deb31417d,0,normal,
26d28144197e4e0f8ad6d7892cf78f81,0,normal,
781c9bfcb0184287aa47b6530ab45c59,0,normal,
365c7822769243d99638bfdcf4fe8017,0,normal,
6fd5328b7fbf4ec2892ec47fa16901a6,0,normal,
11e07e043d3e4cdc973c86e07d1eccc1,0,normal,
84cb483734824c308256cc6bd8a7eee1,0,normal,
2290dff0417442988ede98029fab69b6,0,normal,
37043bf2a2734bf296a6be52918131d0,0,normal,
2bd595c4d97345fe8d1170a3c13fe1c5,0,normal,
cd828bcadb8e4ca2bbcd330b815d2cbd,0,normal,
a65414ae8f03467080888c904b7fa384,0,normal,
b947fd6dbb4e4e3f97f77948b24c341f,0,normal,
83ed700c1326475baed491603d362a2f,0,normal,
fa17aa8ee2e2402ba70c876746736290,0,normal,
0ee3a0a38ef649f79e34b6b4c3b8189a,0,normal,
7771a74264424fc0a54ab6a6eefced09,0,normal,
064869ef5d174a9bac2c0ccad688fff1,0,normal,
2e966f6d3284455aa8d8df5b97929812,0,normal,
79fc2281a819447eba622b0606b1c086,0,normal,
ed120d1838c147ba985e95820138b3ee,0,normal,
851d65db2d744ca1ba2822c32e4c4638,0,normal,
9d2246a6e6a94730b468a59ca305a307,0,normal,
8ca330ee344346e284d10067e1bb4539,0,normal,
d4bd205bbfb54a9db5e9ad338afbd391,0,normal,
6e10fd70136a4e1e9e2da77aaa95741c,0,normal,
05f5ee5594fb42419e08ffcaa0bcde33,0,normal,
6c0148ebb7b64084974f268ff0d88966,0,normal,
feadb72a61114830bb154f973a9b121c,0,normal,
ff1c427c199443a28074a8e29789d12c,0,normal,
156cddf7bff44d34b8eb43d9f1fd88a1,0,normal,
3ec669619f1947ffa61438fc4282f010,0,normal,
f375d205fd554fe19f6ef414181a2ce0,0,normal,
ccde4b8703ba4ece927be41c166c41e4,0,normal,
b4cf4a0945864b528e24624a3801c69b,0,normal,
5b75cc22a64d4edaaa7ba73a351bd85d,0,normal,
b8625317565c45d6925936ad8788fc2e,0,normal,
071e8d8c942546579b7248ca4712af94,0,normal,
db15f87cb40b46a6a93af37526e7e453,0,normal,
f166d21f35c24207acae84921eefc6fe,0,normal,
4870a2894be04943a7477686b12f1f8e,0,normal,
1e3dd81c5f8546b786da8c611c68a544,0,normal,
ff4353ff740c4aca993fea5e3f8bbce6,0,normal,
ae53d2da933e41caab268f0270648cc8,0,normal,
b3a85a1f89a44995b0f2219a04b1173e,0,normal,
73831dec1a59420986c37241d7c6ca30,0,normal,
7cfb620a60534695a1a3d0bc87f41cbf,0,normal,
efd4f48b688044d28e0eb087f7592e42,0,normal,
63b5891d4b934c3a9630a76fb98bf8ef,0,normal,
13a1cb609e2549f3a92242eac15946eb,0,normal,
9e2e0cafa8234f84b8f6c3e51f0e4f97,0,normal,
d61f772bcb68475085eeca2b441238c1,0,normal,
579ad33629ca4fac835708deff64595e,0,normal,
1b73ab6dcbae468794e63de3575ef190,0,normal,
8a2f2b8c94214184b6ed2cb5a06e9348,0,normal,
09c05c022f59433bb00c17ed0d67a198,0,normal,
551f19a543b6479d89302bcd385fa925,0,normal,
01253f7237de4fd1a338df94d85c3eb0,0,normal,
790295657f7a4361ae48a50bec9a1908,0,normal,
b0fe0c8c569a4dc6b31ad53be67290b0,0,normal,
1d7cd68e44c1428a8d9f503f24cf9b54,0,normal,
88e4c0cdaf8b46c3af8b7cd507999ab7,0,normal,
6b1c24f0c47c474e98745aed97f4dc83,0,normal,
8230da76e9634a478a877f54c323d9ef,0,normal,
5ff1c096545f40d3981f3a8380568f96,0,normal,
0742b7524caf428989c0eb089bb6934a,0,normal,
84643c79bef542bc9e69c55a2c73f9b8,0,normal,
b846c778487f483a9939ab8a1c2be0f0,0,normal,
c5b74c31fd3c4eff930c3bf95d68133c,0,normal,
4258acce1d22465a96b711c24c963e29,0,normal,
1f7139be8f6b4c199a697a3f6b153955,0,normal,
e0d6d64677be46baa9a1fa2b5a8606f2,0,normal,
38b420db5523417c9a2d361237b2b0cc,0,normal,
ce986650f8d84ad79da03f622a2869e9,0,normal,
635b0565116a477e9e527b99047999cf,0,normal,
9ea2336899b74130a91e99a7266e2dcb,0,normal,
6a35464ca9c14ab5a9f5da64ae6a5946,0,normal,
ae27e45ddb9d4301a97554e5c892abd6,0,normal,
9c15e56e929c41aab898ef290f9c21e9,0,normal,
224a96995b644e2aa819206387cc5cf2,0,normal,
9a1ac9d7af9d4d68aebe2dcbc751981f,0,normal,
ab6516270d9d49f7be8465cca70e3555,0,normal,
ae8b6da2dd2f4003a0d52ef90d78b9c6,0,normal,
202fa5789dbb484db8a733b9acf8baf0,0,normal,
a1cbf25ce9304cf0aa1cfba21b6909f5,0,normal,
28183baf20344c2c958c69198c5a6d01,0,normal,
167c54a2b297401494a55162288bcbfb,0,normal,
f300a1786fa34fdd9a7e984009036491,0,normal,
2406a4624d3949dca7a761e198aa4590,0,normal,
f4e49f5cc93e4deb82267d7d04c43544,0,normal,
50a0cfe6b8554c5c83ebb9eddd114796,0,normal,
53102c67d261454ca410ed448b316de6,0,normal,
bfe7d7453233476a996c2d7a780fffe3,0,normal,
39654867d4454a09bd8488e383c700ac,0,normal,
91b74665ba6a4806be4bc873c671c74d,0,normal,
0b72eac83bf44c14a6454d33024dc423,0,normal,
ccd36c43d37a42f69300fc1650596189,0,normal,
a91cef58812e474cba519494b6740539,0,normal,
e35ffd6ef2664168bc836b458c3be834,0,normal,
0f526ba5363f47739962d624895ec139,0,normal,
690c1bcf4a60494a8de44558dcdf5fde,0,normal,
e2052e6f9199404d8a61805edbb70d1d,0,normal,
8c7bc53a32584b8e8828e2ac26c76398,0,normal,
8d7f80f5f86b45a39007cc32d88eab34,0,normal,
ae1faea0ae6e4f86914f59cbf2e5cc22,0,normal,
e351b25075ac4bcbae7d1f4e2fe8554b,0,normal,
06e7e3eaebc44bceb89f3a46a5d5e475,0,normal,
30fdf2d20a4941b28d86f4f7d9f6169c,0,normal,
cc29154fa5aa40f0a693178bf9f957a4,0,normal,
c14107cd98174315b37495865ed1fd38,0,normal,
6e2f46140a51499db4726737edccfa94,0,normal,
1e35f00cc4424365930fd502e8520a88,0,normal,
65810f67a58646e3887467514855a4bc,0,normal,
624bdd35079f4551aa49d9198d5dd811,0,normal,
818423f74a154cf1ab38659dff017569,0,normal,
16db03d712504b6b9d3aaf1afa5250d0,0,normal,
e2d886181b314ad396ebea5b6d80cc61,0,normal,
d6c3eb230b2b44ce88dc082779a75266,0,normal,
62c01bad89ce4af7bc1649dc091ad6df,0,normal,
aecefd987a214f2aae7c6b8529dca7f4,0,normal,
f3be48c8a901430795beca144ce06e0f,0,normal,
51218e54e0bb410683481549a73cb6cc,0,normal,
08ac8e2e710c4502adf7ff1834653ca1,0,normal,
d326f77358064b9d8aead6d0d514f643,0,normal,
9b2dce10c14943a4bd0b43e843c76819,0,normal,
74353d08ea274acc8bce18beb9f0e530,0,normal,
9f1710ae1c1745b281564e31d185574f,0,normal,
01a220324e4e4a2b8f7e6d1cdb93c660,0,normal,
db3017b426a0435b875ba5ba9b002f65,0,normal,
45e0b02fa6d64da18be6fe2242d97727,0,normal,
f440dfae18834f86953a8418728563ae,0,normal,
2f1f9334e5b34423aa5f3a07db0fa99e,0,normal,
8540af967127414992a68f61e955aa14,0,normal,
6135afec70e042e685cf52e9467bd425,0,normal,
d6e94f8565504f268587e834214a50d2,0,normal,
d661bcc0519e41789a2e5ec1221e547a,0,normal,
e60b132fc2714092abc3af1994a88272,0,normal,
5616dbe2398a4de1aa1802d7f1dc752e,0,normal,
d34bf48220e44a3cab91471cf8392c93,0,normal,
08f4fa7527fc413eb89c09845bc7f55c,0,normal,
6e74e5858f0047c0b5ffccec42edc25d,0,normal,
7ae0dfb05e9a436b92c59685b149d7ed,0,normal,
aec0355eddb04585817cc6a351c71f45,0,normal,
5be8494c9ee44eddbeef04f7b97f01b5,0,normal,
70ad696091554a619e3b37c757df2fa7,0,normal,
082f3ac69dd54600bf9c9898559419ec,0,normal,
a5e12de0b1e346debb2a1b4df582ee95,0,normal,
d854e04eeb9e43fea317eca3ba711452,0,normal,
82eb1f43f7934fd8af09411ae20dace1,0,normal,
f72cb8a9c299469ba3ed4ae2ce6af5a3,0,normal,
35de695ed47742a1b4cea467d2b0db02,0,normal,
ad6359e58faa4420a345b81f0f21a09c,0,normal,
f8ec3ddbbd854f55a426eaed09bab5a3,0,normal,
682e8bed294c4347a0670fa046d54df7,0,normal,
e6a568f67a6045c3801b54f543922322,0,normal,
92c7f873b0de45d78bce0c5f8f7fc5ed,0,normal,
a3c82a3285d945239fa5d6033d65b749,0,normal,
43cde1ad3e154450815f6fe14150f19b,0,normal,
42fb681def7e41669b98f4a8976f7a04,0,normal,
a7812f693b0e4fd4b5316b71f4350868,0,normal,
f1caebdcda3f4c59bbd9c2d3faed028f,0,normal,
29ca572cdea64758b10a8fba734db18f,0,normal,
0c2a2ab8568d42c2a9ef9b89d71e0077,0,normal,
50404ce7618f48fdbfdac4d8be87e704,0,normal,
77c6d6cb4ab548b2a39c8a4b2886ce1f,0,normal,
6b64842707854424a2473a06bb755688,0,normal,
0f4d26df238e4ee6a16f204460c11d84,0,normal,
c65358c2eccc4872ab613e6886dc7b0c,0,normal,
042d9044af874921984852e7110b37e7,0,normal,
bf3c60b32d404c9dbee600eb1a95f7aa,0,normal,
b575175c214b487d990c0eb02ef09041,0,normal,
6bff82afb466442cb57b4b8310eb052a,0,normal,
6030fffba28f486686c2bc3717a00389,0,normal,
fc15528c32b64dc8abf0dbc878fa26c8,0,normal,
b6bdf04537a54d48823e1ea8a394b0c6,0,normal,
03482c8528da4385ab221465ef57639b,0,normal,
967fe7abd3be4a25ade2bfa543524d94,0,normal,
dd109cdc31cd42c6b1e80e8bc0591c94,0,normal,
6726d6db25a142e9bbab6802a80e4abc,0,normal,
229b073e30434224939d11098f3a1d83,0,normal,
8acea31f0f374a19b35a3f8b57784019,0,normal,
996bd99e49db40198f481e3079488848,0,normal,
ba617a3dd344461fb725727f3926b9d1,0,normal,
7b2df966f5b84d8faeb0e4ae8d696345,0,normal,
53377ea0e1784b35b5454a1baeb5ea11,0,normal,
3c58f05929214498a4cce2e2efac65f1,0,normal,
1fa2d8438b2f45afb6de1457ebbf7909,0,normal,
d2d6932582c142eea7ce39a3cb571f1b,0,normal,
825e9b49311d4b529393051c1abd2db8,0,normal,
7fe1369863dd4943a019575ad8e8b944,0,normal,
a38d7608c373425d9adc1e9851cecce7,0,normal,
40011ee832c8415d8ddd3d4cbcc3735b,0,normal,
2989f922068646ddba8507440ea3c710,0,normal,
bef6bb2bc9584dcbb86177e3ed77d6e9,0,normal,
e8a7daf1a62e438bb22f06bebc28d857,0,normal,
9a2d5f2bf420475e8e168395b59ebd4c,0,normal,
862010c8d7394492bd828b3a44230f8a,0,normal,
d15f3efc4ecb4e6ca6ed771cf4c480fb,0,normal,
ed6cb45ee862455b98c7b9deca964d31,0,normal,
771492170e1943a8a630b802ad6c7c4c,0,normal,
657cea22b1034c4f8da44b555cbf4f6e,0,normal,
c072b886296e4d83b7581fac4a953d47,0,normal,
8b86555881824253ba1cc789ba19062a,0,normal,
48fc626e57bd4dcca67fcaff05e6d662,0,normal,
b3cda2b4e0dd4064b38a03aadf746ad5,0,normal,
134f2c08feb446a4b833b883404b2339,0,normal,
8bc674f896a446c681859230f1113bc2,0,normal,
257608a2243a437e8b7b846557a01a2c,0,normal,
7b63ff335b5c42bbb05c02e384b29544,0,normal,
48bd747c4ede4c31971a2ff403f22edc,0,normal,
26bf96dcd29e426e894720abb5bc801b,0,normal,
d89cb524a51e48a79f0d6aabc9c050c9,0,normal,
026edd54ade84bc786042883ee995d3f,0,normal,
98ed4b2fdb6b4b26856021a80adf1aa5,0,normal,
e0fb4fdd04534f7e8bf8228db65c5bf3,0,normal,
1a32ad4b375e4f8482e2e5ab4a440016,0,normal,
474dc36028ae4ed2a9ece1b6f28df8a4,0,normal,
87034f069c7642be977b9a3a8c7e84e9,0,normal,
12947c708bb945f5a8f5920068eeb59c,0,normal,
9ef0f92f06ec4f37b922e7c8b4e4c0a8,0,normal,
ac9163917dde4be7bd5d05f8a81a1bc3,0,normal,
be12e88d8b3a4876ae3033e34bfe6213,0,normal,
d5dc2bf3b7414a5898deeebb06dc14ca,0,normal,
b5046f99443e45dfac5626d2f4610372,0,normal,
81aba0af0d7046af9fd2fcb7c9283608,0,normal,
a4c1dd6ed591436eb7eefa404cb6daa0,0,normal,
0d18b75c270f4010b9dd49612d71349b,0,normal,
2be18aa7d4314907b329607f0d73c19a,0,normal,
e95651d27e9042c29be92744ec000310,0,normal,
6e50e37ca4c54123b38ce208ff0292f2,0,normal,
988b5f4bf2754be68466d1135a860938,0,normal,
7fac700d9af14c939974fe516f2a70da,0,normal,
f6fe6ce6c8fd48d3b9c2f227cf445e79,0,normal,
fea6be6f8ab2475890fe564bf4456048,0,normal,
61c30ed5ae5243c9a441fb8d9db318cc,0,normal,
73330ab254704d198ac6f205ca2104c7,0,normal,
a55425f657644bc680a5f390cf97079f,0,normal,
336042d066784bd88928e0dffbab26e5,0,normal,
ac89b22267874991b15bbc7e95b93be6,0,normal,
52e5ca93c6164af787d2e26a2b8c206d,0,normal,
187dbe882344478881728dbb95864dd5,0,normal,
335d453338f643ae81f60594848f8ae5,0,normal,
43a4dbe7ae4d43d0974038f4d5e02e5c,0,normal,
d8b11ad4dda54128a9e4f302359e35c9,0,normal,
2c7ab39fee284bc78783b7feef54a65a,0,normal,
170a5b11360e42e2b1335d40d22b78b2,0,normal,
2736674f441b4f0faf74da4e09366586,0,normal,
6977e0b9202d487cb4d3258ffa4ce2ec,0,normal,
d979bbf24986433a950864e49e6a5f3a,0,normal,
be8b0d81fc2b49c0a03317f3811f2c4b,0,normal,
0d52724a925d4cdfb66b8f68b308e060,0,normal,
dc53844b6a4f42f3b8819320957ce1e2,0,normal,
e0bac0aa92c446eaa278c8e61ec96533,0,normal,
e8d2202364ec4c239bcbef799e822a34,0,normal,
da8941d9cc26471b8f464136968a9339,0,normal,
659669882a8642e089943218a6e1b433,0,normal,
f4dc8011cbf24efdab43a2a7a4cc16af,0,normal,
b17bde83c6344f25ae460762f1851b54,0,normal,
88463ab4e30f4d84963d617df43ea8d8,0,normal,
8a2417305a5f49c69ad1ecdfeb7daaef,0,normal,
5804d9d7752847d8a2b200d667bf5384,0,normal,
066d5154757e4b089a3521ebd3fdf162,0,normal,
586f65f8c1c24206bd5b3be8ad51fdf4,0,normal,
c574cc0d0888488b9fe056af20c762aa,0,normal,
f89789b2c72047cbbffbde746aaa0802,0,normal,
7d82bcb8931a4b148fdb03d5de4bc20d,0,normal,
863165b75fb14786ade9a9eddde14470,0,normal,
5d865e6831334675a5a08c7df827905b,0,normal,
70c6ae2b45024da6a96f316b9c3e8125,0,normal,
d4d40b3ba46d4997b3491bcb95d9885e,0,normal,
3237e6bd42ed4b3192d077ac74b6deee,0,normal,
610f69366699401ab5ea39f54fc81f64,0,normal,
e52b86fd267e4b5fb4e1e75833876b7d,0,normal,
cc23323aa1534c90b7d623893f303b7a,0,normal,
44d1642fc3a3404898c79e2658f795c9,0,normal,
a7486fc616bb4d509d1803aec3464fe3,0,normal,
2e106ccce3d541fbadbe3a3dad9e25b5,0,normal,
fcfeac27095d47d9ae77ea17bd474781,0,normal,
1044952f71694d94bdb158e96e0b660d,0,normal,
1ab3b2041a0e46f2b4344b32306f6b09,0,normal,
b53f804f1150464c812b0c9504ec9761,0,normal,
817001206fe84b63aaba3df88b328d08,0,normal,
485b9bda36d74d4ab466944279fc07bd,0,normal,
f56c8d667176492f97bc2f48d424993b,0,normal,
e7486f830af442f1a16d26232e3fe359,0,normal,
d899bc5364f94062a89b5bb987c0e62c,0,normal,
482d436b776642659b3c53f9d5a27eda,0,normal,
5cddcdd72a9649d08e4390ee30ca86cc,0,normal,
21651c66939b41338064429cfa35e6f6,0,normal,
978419f26d3c4940886d896ac4912c46,0,normal,
bd8f6524f5644065a7c76f8e736439d3,0,normal,
e228fd96eb6a4ad1b021930d82a02acc,0,normal,
15405e531cdc44bb9dbd15bad6a0bac9,0,normal,
f49042807fb14ce5acb0bc79907bd01b,0,normal,
df4631381339461a9c5ab2be629809f3,0,normal,
f547cbe2ff984858941d0928d613a7c2,0,normal,
ca6adc37956549eeab3e63f720841e9a,0,normal,
ec898d9c48514b7cb4581dfef66c26d7,0,normal,
d375e6d4f4c243ab9a213a92c407380c,0,normal,
61654a475da1466ca735a52a139c0d2c,0,normal,
2c2cf3230e2f48218cc62485ea6245a3,0,normal,
f1f4050e5a934f62823dd51a5ffaba0f,0,normal,
49d984dd68814d1290b49976abec3c4e,0,normal,
83a8cc1ed38143cf94ecefbd6fa2c063,0,normal,
4e60504529b54a348beb818f21ee1d7c,0,normal,
53af365e96a345a0ae771d33edcecc13,0,normal,
b93e3538946644ec911f0cd77f4bba58,0,normal,
bf3f956ac2624e088143a2a2dcb9efe8,0,normal,
c0d549672e044b5cac9cb9c7114c55fd,0,normal,
390948e1ceee4f7282466f955a0e19b1,0,normal,
3a7697ade62a4e16b08abab3b17846fb,0,normal,
c8f54149b0a3415bb01bdcec15f1c81b,0,normal,
ebc400b4080148209721a783850dd802,0,normal,
87b32ba7fe95422b831a53b1ab0a5d82,0,normal,
66bfeb4ccdb848a48600be005b047923,0,normal,
623942666a2c4074b41b478f1272ad79,0,normal,
025e3154c6a641bf97b49010f817c708,0,normal,
80346f2d277146eeb6e011bf2233c775,0,normal,
7a140b30c12247e7a71fbccf3dc1137c,0,normal,
f2e90bd2c84547968273e0bb6d5ce54d,0,normal,
a4a4214288ea4f95a5a3329b638fb8eb,0,normal,
98f74b6aef1940e68640bfea07377ecf,0,normal,
95eebb53e10a4e8aa428f8c25a76daf1,0,normal,
13eff7c379254fd5ac13bfb7f98fcf68,0,normal,
24eb4cf4cf37434aa952ea037ce2e420,0,normal,
c07afdb784804fc4a26001efd9b46dd2,0,normal,
ba58e9d27c4c48b98168e6c2be2ebab3,0,normal,
4c8f3af467de4b3cb09f2c407ed5f862,0,normal,
ed1b22aea07648f4bcedcbaa7af24d59,0,normal,
e780e835b8324a4e968083665e6efe7b,0,normal,
4468e99bd0e3410bb3f78305cd922d05,0,normal,
2a1de34bac62402b85371c1c184c12cf,0,normal,
57f92d6ca83440a1bdd864ec490a6d31,0,normal,
d06030d30b1d49cc8edacfcae9cc0b0f,0,normal,
34108855f03e4f6a99bd0c4098c6d5be,0,normal,
8b8c33bc176d4ea191b6a76688429845,0,normal,
245755dbaade434c90dc6717f596e3c4,0,normal,
f583ea602ade496dab23f1a425e28469,0,normal,
ec7a7ae15c4147a3840f7a99beb32162,0,normal,
488ead3e207a49079ad720f60c19bea5,0,normal,
7b32cf5cea3e4c66821866eaf4c4003e,0,normal,
e77d625ab4d44334803a633997f1ed1d,0,normal,
6852a00273804b6cbcc6643d4b47733d,0,normal,
4714833adec14dc9b8b9533bb7b2fac8,0,normal,
0514058f9a5643ad9d774c1e9eaefd05,0,normal,
99f074e41fc54b808ea36341058f8bfb,0,normal,
b7b25ab0f6bc49c6b04b7b143930edf8,0,normal,
4733ef1524bc4876824656a6753d54bc,0,normal,
bc402d9b0ae54859a94b21d1e81f47d3,0,normal,
fb54032580b341c4bdea73868d4a09ae,0,normal,
de3aad26ee1a4b929301262938ea5c41,0,normal,
ad366fa4249748cb9bc1c436eba8465c,0,normal,
46450683acb44305a83d38c76a233b1d,0,normal,
339d845307434354a381cbe0b4381c53,0,normal,
d520b69e871140e68f846b5db1a05662,0,normal,
1cf01aa4ee0246d7b603899659402988,0,normal,
00128d3d02e84304850f4b3e53a15087,0,normal,
519fe201c8fc476db1e4d0ed1488dc1a,0,normal,
6a6c436c86f146c89179f63ca10f5de4,0,normal,
4fa67a04d16c450ba369819e4b2bae4f,0,normal,
9a9223d0d9c44f93a5c46a02b173eab6,0,normal,
88712bac2cfa42339d9a098e856b34ce,0,normal,
2391b7f782194874921215636914da52,0,normal,
7d542c5a456e4e8a86c6f2b52b553afe,0,normal,
7ca0350f8c0a40ccac3ecd8b99c86df4,0,normal,
e44372a75426489c899fe8083b6aa116,0,normal,
da33144304574d0598833ed17e2f971c,0,normal,
85f88ca770cd42d29d9e047618028795,0,normal,
18af3f67187d4c9b98f35307a694606a,0,normal,
7af4e4c2866b44dbbbb128e30b0aed40,0,normal,
e45a7078fe204b2c8571067e76e6ee33,0,normal,
88719baa399c44d8827fbd7172e9834b,0,normal,
32fdab7bf49941f1b493a7410c0d08f9,0,normal,
468853579fd9494385d0e78604d321a8,0,normal,
d606838c4cdf49df89d194cab0de4842,0,normal,
2a53f5b2ab424ccbb4c4699ff807e084,0,normal,
98beddab44c04f8b8db97cb448ae846b,0,normal,
3e48ac7289cb4bdea13c13d6004e9d0c,0,normal,
4afed43106ea49d994900314e5712a68,0,normal,
a5ce7a5e44aa4e9a863515614874ad56,0,normal,
fe16480707ed454bbb48547303671c86,0,normal,
3b63fe61ca5047f2bc1feea941c4f1cc,0,normal,
bb5029e110264c87a301922437243def,0,normal,
112f7f6646eb46d4aa442f60921e1fd7,0,normal,
1654046f669e4a2da5ac8b762ab5a1ae,0,normal,
57cbb114281047d49b90136759849b57,0,normal,
cff892de23624aaaae99cb420d543fe8,0,normal,
f3e21783a2564d359d5fd1990660074f,0,normal,
f2d6a5f29d5347059293fb73304e42c2,0,normal,
886140ec60cf46a884c8c2e5ca384ca7,0,normal,
d8bb3084570c468ca8d95decb0197c94,0,normal,
2f9b02ffbffa46c5aa04b91d7f92a5f0,0,normal,
8f222e8343e04b4995fa77556069cf09,0,normal,
9c55d38b09194ad8820776ec6a4a32c0,0,normal,
d2ae3d13978c432689a275496ff5c1b2,0,normal,
eeff77e20feb45969a25a4cf66f93c67,0,normal,
aa618afe8adb4538902225d76b01128b,0,normal,
10efe2eb01de40ea9b3678d571ba88d4,0,normal,
90f0b93e40854fd587d35fff1ef53cda,0,normal,
1899fc28b883450cb16829ac5662f109,0,normal,
6a5c046c36e24d4b9b67b4a7be16669b,0,normal,
3754b658f0d843dfb4640e7e6da6cc18,0,normal,
0f2fb94a6c664f09b8e096eeef47586d,0,normal,
2b734c4ed0364887814ca8f5ddb54be8,0,normal,
33132955171540959d20651c91c4bdbc,0,normal,
76fad45afb444a2a909c4464a5574117,0,normal,
b5ef1e02da0a4443a6c2e62c3c869219,0,normal,
4c2ccb4ea31f420ab6ec1ce6f5445c49,0,normal,
c9e31af3df5845f39ced3fd3136e2374,0,normal,
4fcad767e92147d2a893ff7f90076031,0,normal,
555cf9d103bb402088f61edcb3208dec,0,normal,
8cb1158b1e544ddcb80d69e6eeb77432,0,normal,
ed49660e79f84cdb8de12800faec3faa,0,normal,
067c9ec220534a0ea20d56c83487e2cb,0,normal,
8f244b0116d2498cb35259b8ed75a77e,0,normal,
8f268e98a18b460bb46f54f77c26ff05,0,normal,
c3914cc04dcf4d1b851d6e617d574dab,0,normal,
e640f6cf5716411697d7dddce9333e2b,0,normal,
9e455ff068414e9f95174bdd55055f98,0,normal,
7d95e5a47d5c4735a05624e6cd25c94d,0,normal,
0a9f05d63b3d4b8685e11e430e12b22a,0,normal,
9cb27c86924c48358bf8a688d9557f69,0,normal,
0ab4597e9768414d9d2bdf65d1d0b0dc,0,normal,
749aa8d0dc6b4665ba3f35c41e3cc191,0,normal,
571b64aadd884d099d892b124326de9a,0,normal,
3a2f9d018c1b4603b1d1952fd0adabd2,0,normal,
1ed4a7dbd7bc4ca1ae597b55f2fa77e9,0,normal,
d802e97af23145c888af3f57a18655a3,0,normal,
8a307e77cf3643a18dc3c5794c340958,0,normal,
b4d28c3f31bf483b9a464af85dc1772d,0,normal,
675c82dc0df44fe2a46b8d95bd2f7009,0,normal,
e92766f2de614a9c950faf1a6b3e0490,0,normal,
2e9ebc7ddc1a4371a67e14a1bc18b544,0,normal,
cb84826a87054fe6a6613c147d9450bf,0,normal,
c5b1774ca86943d1b254dee7e37e2a9c,0,normal,
9f548d24333a45b79d2a16e940d25cef,0,normal,
791254950b2145d2b2ebfa4ebf4fa075,0,normal,
216ed315990c43729d971009740da16d,0,normal,
5a74a279f3c54efcb70da7c8cb8176bb,0,normal,
ea68c25f39aa493097cf5bcd5330cc60,0,normal,
87a6e066ad8d43b997fed453b7f7b604,0,normal,
1d9395e8ac534161b0c8a9f46d8255a1,0,normal,
5b866ccc25154f3fbd4169cc5f85893f,0,normal,
5c29dae7638249ada0ff997ecba57823,0,normal,
97fc36458f0a48a3aa3b17a1e235bc73,0,normal,
eca54841f7f74d21a23e074f8d302055,0,normal,
a7085e098d3844298714acaa5bf253e0,0,normal,
f69d0ddfe9894021826bf44c88681ada,0,normal,
5b0fc3d116ee4c74b988503e98a4677d,0,normal,
3e0fd2ee9e92404ab4649d1e4af94784,0,normal,
5f103add9cf944a885454c9dadedb4de,0,normal,
ecbbcf97387346dbb44238b75d8dc1d4,0,normal,
9e2b3c8b88b04499b2ea090b9a61e313,0,normal,
6f47568995994109b80d589f75ecb742,0,normal,
30d9dc98246940c39859076ecafd7b03,0,normal,
cb7ebb0e51f34dadb1f7c9aecf3dbdcd,0,normal,
526902b7e2e640e7af95c908a1a68340,0,normal,
f1b3242f9e9f4770b6eb9fa3ae62755f,0,normal,
810e021d705f4ecf8ebe4cd6aea49f48,0,normal,
fd95fa55fd2949d48791f66dcc5d28a4,0,normal,
3607f252e6f3414d958e831d77c07f6c,0,normal,
1b5bd4d4714543c7aa92dbc2e62da342,0,normal,
4ef97e77ca9241fe9fbe222c62b4aee2,0,normal,
6ab60a2a61bc489dafdfdf675aee3ca2,0,normal,
7ee0635f60834fad84665d3ff61e6cc6,0,normal,
9bef2b5d38bf4575876a2e03e20952e6,0,normal,
13a41c4f4306488bb0ac7f87c50ecd10,0,normal,
a6e3f3e8909d4b1093a8bf11d2463e20,0,normal,
ad0b17d31d2f4738a478ba8af4603ea3,0,normal,
3b649eb0341e480386da97dafbe109a9,0,normal,
9d7be173bcec4a65be8db3ab3f1dfa72,0,normal,
e45786693c1d43f1b31a1546dbcd6f67,0,normal,
452f31a68bb64035b57f2a3f4f4e4ac1,0,normal,
1f2033128db74ff38819f4111b586ad6,0,normal,
fddcff02a51245b1a2e893abf092c85f,0,normal,
60eba39bf36348478f2d31eac2346c84,0,normal,
3323592879004ad585414b9ff5a57725,0,normal,
53b6e3bb118b43958be832d511590a80,0,normal,
4f393ab763764b609d85984594f7894f,0,normal,
98d19ed9cd6841c696984e70a82f2d7f,0,normal,
5e146863bbd946ca962dd2ddea9e129a,0,normal,
4d8a3d9925e54300bbf0452cbc66ef52,0,normal,
9fe477813b8c490f9d20d6d108e23bee,0,normal,
78b6108f4da0486e8404038e31b825e3,0,normal,
4c16fac0a676445cbe12d70c61004c2d,0,normal,
60417167468f47e08af34f1379ac058c,0,normal,
096923341e5d4540ad5513e6bb5cca76,0,normal,
8869fa04fcfd42d3aae908f5803a82fc,0,normal,
33617e2b80df4a86a33ff7c0021834c9,0,normal,
7713894501ed4dc1ae3033346566f29e,0,normal,
498c1e9caf1f4a90a5caf35a9a6b5c21,0,normal,
9589170506b144d49450577fd15c35d3,0,normal,
46e318fdbee24a19964be6f87e993e95,0,normal,
a08d571dc28d422db8b8e249e49bb8ed,0,normal,
2ad5d7220eb745828062eba8101a1e50,0,normal,
cc112af94a98433a820bf2d00d086e19,0,normal,
c41cbb10d8bf4bf38cb9f8babd6459a2,0,normal,
80325bde72f04e6c9cebde8bc083d534,0,normal,
2e0650b6b79749e2856fa4d1ddc5a961,0,normal,
8d49720997cb4c0bbb8ff878695dd5a1,0,normal,
ceaa9e4ad54c4d849c91a2d4b163c173,0,normal,
e5684298e618448db3fde08763bbad6f,0,normal,
0c89ad0f741c4bbe8bc11e8054170c87,0,normal,
b6658ba4c2ac4fecb864d103a3ca98ba,0,normal,
883a5ccd5ec646d1aafdfc195ec5582b,0,normal,
720a5476f3bf4d2fa2dc38d692fd9a92,0,normal,
cf065f9332124ac8a2d0a14a24448c6c,0,normal,
029240325b57426dbca25e9c49dbc3c2,0,normal,
81daf67fc473417c8a2fc7a030dbb693,0,normal,
c4b87cc2acad41c4b6d158bdcea8b858,0,normal,
ca72554de02b4850b7711a0e8b04380f,0,normal,
44923ac8463146b69110f26384f8452c,0,normal,
e12d47770ab44dc4a9ffefc2dcd06746,0,normal,
80f428214d8c463ca6e7ff73b847650a,0,normal,
8cd36f2461cb43cb8e9752be5ffa2e9b,0,normal,
607111efbcb949299909f1397f5d320a,0,normal,
e5f1961398d84348827bbbdf689ed6fa,0,normal,
cfe64607197441e38cbb89b1a803a694,0,normal,
d5c6b1790eb44190872a35ce32f98bb5,0,normal,
370b7f74964f4a9292cfa8319ac81071,0,normal,
083da44caf694314a89bf559ec784f60,0,normal,
004582796e624b99a9b6339dcadde530,0,normal,
5baa878e196441cba10e14657e8c229c,0,normal,
51452f8ff5724e16b70da7b5511e67ef,0,normal,
d0442a61975b4630b7f4ae82ea10f2ce,0,normal,
dd1d4aa01ef44d3f93f5ac055e43cb03,0,normal,
d774107338d4475bb94876b28bc15700,0,normal,
e263f0ed20cd48c4ac0823df53750adf,0,normal,
54e1ef5329ba4e829575b10f310d592e,0,normal,
e5abb75308d84e62917094c2e8a58ad6,0,normal,
cc7aef605f9a433398d2f616e8858c63,0,normal,
3733c955dbe6457983f9c295fa76334e,0,normal,
26cd23745a72421d9c1266d9b6e8b3e7,0,normal,
eeff7e7c1c844ce3951d00e465a4f19a,0,normal,
d4e971f2f0c9493c973b15f423ea87f7,0,normal,
3f3e5454b0524e3c8104cf206089ac85,0,normal,
53f61f69088e43c9863ba2037b7d3307,0,normal,
3518079c8576476fa42eba664939bcd1,0,normal,
57c4342711234869a950a9ed3fe25027,0,normal,
6da62b82d702431c9e236e8cc56835cf,0,normal,
f1beb22b63a143ccb3bc30e89cb15d53,0,normal,
3fc0d48002e74d1a938f9185f94c07e8,0,normal,
a1cbbf56f83f45a2a31e339638cd780b,0,normal,
d22a94a40b1a4efd89ba1b570cf065f1,0,normal,
52e37c70b4ec4165a28977b59ae9ff1c,0,normal,
42b6b2a1032b4c399627890a380ed0a3,0,normal,
60facd72e9594c948a2b5b2d710b2529,0,normal,
452a610659ba46738bb81843c5fed723,0,normal,
e83a69eb11c24d1ab10665dcc102197f,0,normal,
757a1d9146cb4dbfa24adfb52e01cde2,0,normal,
51a8122737aa4ed9a7b0a42234b7081b,0,normal,
527162e19ca349ef9f38dfb1178526ca,0,normal,
dbd1209e9f5a4d058fd0e7893670cb4b,0,normal,
18bf39d74fb64aa0a1f8599308f8a79b,0,normal,
3645d9718737493d9d27f3f093fb8412,0,normal,
0a675a40c6bd4113a8c4aed4d92397e3,0,normal,
12928ffea2de490997c6723e1617c6b3,0,normal,
4df7381942bb4de5a31d73fa85e2e8b0,0,normal,
f1340774f4d84acd8fc0193a9ab0e2e9,0,normal,
ea8e09d861f3401293af34bd52ec5bbe,0,normal,
e2bddce471f64a5998a1bb1b34e65472,0,normal,
a55dd43cb1a14c37b641633b63f3798e,0,normal,
ab28ba125e05414e87ae1ff609814f7d,0,normal,
893dba28d51c4d0fb996776faa2292d6,0,normal,
fb6e15c0145f49039951b5ad34d2ab41,0,normal,
de526b89b917453394ddedd62140bf4e,0,normal,
ab809b9e82634341b3f16b0f58355095,0,normal,
a78fa2494f1349b4aad264f15cc07aca,0,normal,
7699bdc3bbc04581aa2b585a25238827,0,normal,
a00a0225351949948e8fd9b6c4414137,0,normal,
d8d6ebefadca439292cd5fe66f4a7768,0,normal,
79f1f4a332ad48e19f69227745a9bc2b,0,normal,
e99d24136c4b415eb2f871ef582b0517,0,normal,
4722ae06346346329bc7862df0a02762,0,normal,
b3d593b7175940049835feb02a4098b9,0,normal,
531af79767d44be6bd925af6310f1470,0,normal,
792bc2d48e2b49788eb2f4fdcdd1743a,0,normal,
51f0ead00e1243439fb591c064fd4210,0,normal,
15e91b37833b4c87afdc62f731fdfe55,0,normal,
40d2041718104581b9941e60cc2a095c,0,normal,
97a872c790784c7b851894c16e1da60c,0,normal,
956a4249a1d047dfa80c8c486fdf762c,0,normal,
a3802356c2e24dc39bb997bd018242bd,0,normal,
3de5530731e54a768d7e1e8a1acee6ce,0,normal,
b03a0099d3424bc7ac32d6b6bd9f4631,0,normal,
6dd78f6747534e62979fa6dadcc610c3,0,normal,
964d35fc4481435aae7b7cee4ea87f31,0,normal,
fc798a2cc918498497ff417d725f3a97,0,normal,
52c310610fef46088e0fd516c3c3873d,0,normal,
4c5de3be11da4a9fbe2e2c413a4681cb,0,normal,
5f17d735af064cf99c2fe1bb14ccabe6,0,normal,
36074a7c54224b3992bf148dd3f2ec53,0,normal,
aa72de17df854986a2669b7e8759cbcb,0,normal,
a9107bf499234e66a0580f3b2297b8a1,0,normal,
7fa81dce8e124b07a4e44a9a5616979f,0,normal,
202785c36cf546978abb538fba762579,0,normal,
22c14b26899a4b7aac83300b994d616b,0,normal,
c46a821bc0fb4eb09b783c6f1b91a6a2,0,normal,
64307e5884bf435d8ff4debdc10f013c,0,normal,
0f8de9a47a5446a9a5def82e18ab3d49,0,normal,
3aa8511f4b00478bbebde18d6b03dbd4,0,normal,
c7a726d1e4e84a96bf002b7fec6638f4,0,normal,
de62e88d52864d0a9d3e7faa56879eb3,0,normal,
111d41c7eaa64c7fa0d2bddbf657498e,0,normal,
c6fe2bac75fb4883a06fd46d8e58c48e,0,normal,
34cabf2362b34b10b28607ee1cb128be,0,normal,
3fca16c4b74b4e3db28254e80aa538bd,0,normal,
49e00449cf6e4d41a3db41ea11658102,0,normal,
5d57cfc87bab4711b5e3e2129d501e99,0,normal,
b2553ca1affc4d8e8b2e15b75e3d92b3,0,normal,
02c5c424ddac4b8f874e08ae2c7a3f97,0,normal,
42a2a4fb5b2245dab429021c4f0ac063,0,normal,
11a2eaf5cd434e3886da3c87ceacb128,0,normal,
0408dc20cdde45fba0ba694b4e0cc340,0,normal,
0affec3173104609852552133f704906,0,normal,
46f875e40e604f5d9f25386dbc033c49,0,normal,
aa37b73e2b2c43c3b2fc2d925af85a13,0,normal,
f0cb5924dd6a4cb1a02ee583171fafd6,0,normal,
78861ed1a6794addba68c922807823dd,0,normal,
ce4de2292f85445881bc6a9b85d3f44a,0,normal,
90d35143ec4d4954aa06a0ccb8e01ac2,0,normal,
89289ae1bb344141af6fe25edbc718ff,0,normal,
cefa7077f29449edb9370a0550624724,0,normal,
4633786dc09e4de6a65a1830a9e9e3c2,0,normal,
95c493a6b7e24c6eb769b550d02c6b7a,0,normal,
eb8cc20c09484760a682ce97cee4285f,0,normal,
5603d3c0261742f1bd9d74d3206a9e4e,0,normal,
f1b617cc5a944ac98d53f452543f2d67,0,normal,
84deb9f4e83e4e0181cc78d5784fb818,0,normal,
a8ae18f3029f4b96902bbadce32d1726,0,normal,
ee8a7eb3bd724b02b7929b3969a6baef,0,normal,
9ff55aa509ac4a01aa48a7d0ed5a7f77,0,normal,
431a10a36e284d3d9e8be12709da3df5,0,normal,
803efdd3c0f843faaa3db2caa3707584,0,normal,
22b018dde0ec4c03969f54768049c5ab,0,normal,
899e1fdbab314268bff37ae44aa1a0ca,0,normal,
313e123f84bf466daf517d10f0c6e6ae,0,normal,
a1981b3c5b8740ee847a91a4283bb9c9,0,normal,
5e2573750ae740ae966a9765b1a95441,0,normal,
a30d776ad70b4d0f90e2eaa041a19f8b,0,normal,
37fc0c038f2440868f03127fd8eab94f,0,normal,
9bb28b8c408c4b098f64a5396c890fef,0,normal,
ae650f7b09704a04b3957376dec65733,0,normal,
c44716ada0774e5998c139b0713b2a3c,0,normal,
5b4c8f8dd283437c8b4d8f8aea794076,0,normal,
ad66d59d5e88433db594e90b63235d2d,0,normal,
1c7b1988d9834579bfbf09affbd4be49,0,normal,
00ec0e46d6e2458dad89cad21016bcb0,0,normal,
1fee0ac67e214194895b9247a4154150,0,normal,
62af92c335ce445a91dccf064c107f62,0,normal,
3ee01a7a3db346f99fecdb45fd0f3e5b,0,normal,
6396123b2bda4bf58b05d19af6567b41,0,normal,
36c91629710040a5bec3bf2345b2408d,0,normal,
be3afbe2e98a4c369550cb73147e8d74,0,normal,
19a581a42cf0419e8a401e78ef38d177,0,normal,
50a938eb173846cabbe3366a2b217847,0,normal,
c549c5bb3aa74806950f2ad302ef2cbe,0,normal,
d68da29d03c44c19a7496185199308ee,0,normal,
aeba22d41dde428b8daf1e55a8f5b929,0,normal,
6ad1df7d2509498385a8eb7e934f901d,0,normal,
ec3cd55c37ed4f87bac94afd13b81226,0,normal,
c75c74dbb2d345de81b2b4f7f4ea3d5b,0,normal,
c516510493f042ebbf51a42559101a2a,0,normal,
2ddde4b7e5324b7a8767c84c5355d50f,0,normal,
4c6e0f7e0f84497f97be65da53a64194,0,normal,
666d341df4b6426db77b7832fff1a2e9,0,normal,
897407bc54684f9bbea7c6cd31e0035a,0,normal,
9936ce1cce754e97953bbd8e22180aa3,0,normal,
02cba6e006394cd79dc326e9a9e33a85,0,normal,
959d894c66bc48a2ada360b7c7aa230a,0,normal,
68f17df2337d4ff0869fd5327cfea9f0,0,normal,
48271f81edcf4d9997cac833b81147c9,0,normal,
5de137d3b5d747f5a64af427ee698cd4,0,normal,
fb31c80ede0a4a0cab9d29260a1b38e2,0,normal,
f6cf53aa7b5f42ab987c41936e1e6e6a,0,normal,
67d262636f6e498ca8dd99d9d6b1ef40,0,normal,
ae7690b67e2d4bc0a9a44a43eee8fd43,0,normal,
79b6b34237724cda9272a42ebfc54afc,0,normal,
ff5a6e28c0904aceb8f51ea30a6599af,0,normal,
ebd612c0e2254131ade92fa451d1e589,0,normal,
e3741823680b40adb268b4a83a4e0e16,0,normal,
37e3793db7a349a09c82da95655003c6,0,normal,
f8ac5e961e9a4f97bd077728d8806703,0,normal,
6ae0803fbfb24178bc274b2a52aae888,0,normal,
bdceabffa3c946ac83edf5de37ea65c8,0,normal,
82a23a4110234e19b45f707bab21581e,0,normal,
8850a556bef24b1f92bfe5244e47fc21,0,normal,
122092b965614b95a0200feab0bda994,0,normal,
0444676d94144b5da2b84a7fbd17c8d0,0,normal,
fd90d343648943088a610163699c22bd,0,normal,
bde80e2318af4aa4bc8adb01a65fa259,0,normal,
c7141081bb9042fe92f1597afddf2f45,0,normal,
74eb20d80c2840f3a4de91d08ca2c13e,0,normal,
812ab6d6cd3b4b208fcfc1ed1da9f32e,0,normal,
5f595403ce974c27abf0f10c049afae2,0,normal,
ee1a213a7cb7400aa3fe67931bd7d7e6,0,normal,
311c3e2a150741e3b30af9c9daab738d,0,normal,
90d228a5c2b24a0180f0340902683f57,0,normal,
5244eb3734454adc8ce76b996647d35b,0,normal,
f373e083c3ce4f0484aef1ebc6bc5162,0,normal,
9c22ccc75c9143df89f5d327f167cfcb,0,normal,
bba5ecf6e9cb4a41b7ebd8bdfb93ac9a,0,normal,
e21e1a5c7f3046d280fce87e0a132f36,0,normal,
5f0115bd6d28404d83a422793adab5c0,0,normal,
de36152b5785405b89ae0b745c5979b5,0,normal,
dbad912183d949628f5239cf5a1cae00,0,normal,
6485d6a289b44dd1a32bdc9ca917af93,0,normal,
393d76fec8f2430ca986a981027d69c5,0,normal,
2aa3b0b50c734d199724ee8394562d55,0,normal,
f5778041092947379f0a98b2c5a3ae6b,0,normal,
53d89d5c41a946689a727b2225a1b04f,0,normal,
ec8f2c187ae64453aa429af7f43d28fa,0,normal,
b6f87578f7f940ccb584b9eb1f4115a2,0,normal,
579776a00dcc47198f34ec18c29a4b8f,0,normal,
5607da879ec940afb31d3d2b105dd892,0,normal,
9eb58e0a45464d97881e6d0c5b594f48,0,normal,
737a664b7f044005af09095b4024e744,0,normal,
79597d572538476688b91766d5488ada,0,normal,
566b846670284bccace32e44a8711846,0,normal,
26a20c8d87384422b1a4e524abb376ca,0,normal,
9bcf7e76732f4044884ef90247ad5caa,0,normal,
48e9956cc34b4a53928b2ff453fad4df,0,normal,
1ba881db70b54ca59efd30b5a95e56e0,0,normal,
49bef84c5d7f46a1b2fa510c6f20bd1d,0,normal,
97d8d59e86114d9e84ac20a518d3c334,0,normal,
e44e7dcf77404efc8c187fd16372c8ba,0,normal,
e600a2b00a0943e8a37fb5a720db316e,0,normal,
7f7002bef0994fe4bda80a0e678bf9bc,0,normal,
e2f03d4b8c66479089d52eacb3efb6d9,0,normal,
7a096d3de58448bdaf49e9a5b41755df,0,normal,
b143d18c98ff4d64bc5392a89cdf122e,0,normal,
c8dc526aa394412fb59709d50fb5ec52,0,normal,
111c411c826b4dabb8d0412adc7f53d0,0,normal,
0de6c52485d74fffa46ca0bc986f431b,0,normal,
a25f925baee34b82b23da3a8678931e6,0,normal,
50519a90b7a146bb9d83084e343030ce,0,normal,
4b15ca8ce59042eab7c94d363263f7d4,0,normal,
883a0ff4e28a44258fdf0cdcbaee7963,0,normal,
ddc35a132ddd43a89ccdfbd1501ee27f,0,normal,
df988e3d64ad4dc5bc5d2ff3e2dc6256,0,normal,
a47a4db622dd447499a4b8e7f1a4b1d7,0,normal,
067030d9571b4a069b66a9003faf5b1a,0,normal,
acf6923428a74308948f1e491f4289a0,0,normal,
6e2eed845325454dbebfe5cc87b21f1d,0,normal,
93d347e8f7744f32adc6e88dfd1ac08e,0,normal,
4244c434277f48acaf790d01e0cd881a,0,normal,
4e6a896b03034d53b162580fb2e0a92b,0,normal,
fed1c6ddc4f14a6bb31ceb3ddb26d72f,0,normal,
5bf17fe4bc5f4cc1b491ba3c38767264,0,normal,
af956ad18c854597bda518587eda0f58,0,normal,
34053edff49e450c95013f30e4c13468,0,normal,
f8cfd66342a94b6295bbeb59d2d8714c,0,normal,
ca05c413da40435dab76e6efd7205549,0,normal,
850b650bf6c94dacb25748d464b2e4d1,0,normal,
07cd33b0549045c880bcf07fcc29a101,0,normal,
6c204a1a85ca4b4abdddbdde88c8897e,0,normal,
7b81b61cd1b747eaaf4521fa1d15cb45,0,normal,
009e74ca270d47e19a947a69f3f75f71,0,normal,
21a76ba608ee4bba85ba29d12b6fe87a,0,normal,
f65e1b3aa68b4c879bcc27ffe7f32c00,0,normal,
7b0e2bd155db432ea4052b088f236de5,0,normal,
5d396332884e470f9e7ed62243d360ff,0,normal,
da7cf5b7db5f4b5aa2198e609830f366,0,normal,
e7b4e75a8397406a99a30ccecee129ac,0,normal,
300e94ef7dbd4f13999db469dab06b24,0,normal,
8e4c30375e024662a18d8ef376137bfb,0,normal,
df69b3eb073b4eaf90ac3b263d2d6e92,0,normal,
d1fb92c178c14b0498efe35961d5a38a,0,normal,
d93f64239cba41efb4c9e334409c33af,0,normal,
6e96983942b44972aaa098ea9b3b71b6,0,normal,
7753f333c0ed416daedb69aa7547698f,0,normal,
042b19b75a674c1baddca8fbe898a91d,0,normal,
c113d49bc0154cca84d772a51d05f063,0,normal,
5f88a7058ceb41a79c7485ffa73da75d,0,normal,
707567ca6691482ca13c09dcab28deaa,0,normal,
c047556e55c84655b80191f0622a2926,0,normal,
d809f15434354edbad2f451b3932cd41,0,normal,
78ab8e1062604959aa6f2268ed1f039b,0,normal,
451cff4abfe842888b65ff4ebe959f6c,0,normal,
ef2f76d4061e41049baf2175291000f6,0,normal,
7c7b076f4fab45df98278c2e800823cc,0,normal,
e63b66f04cc945ce84dc9e12de008bc0,0,normal,
864029140f2c4e8b9e6337083c3c89f4,0,normal,
ce4ff2d79bce49a5977b52edfcc3b6de,0,normal,
5cffddc5f8af45f5bfa3bd55296b1aa6,0,normal,
1d8da64eb3df4711854cbdf998aec799,0,normal,
2acfba790488413694fba4fae84ced6d,0,normal,
42bf1e9734d3401896cd85dd40a0a263,0,normal,
1ef0de02aac04355ae0d92fe12b6bad5,0,normal,
895378e4120446b5b078a59370c2cb56,0,normal,
925e9835091044c285a08d11012ab64e,0,normal,
8282502e4d6c4e80be34a0c8d74ede84,0,normal,
4c2bb2217023498ab81115c0f803c0d2,0,normal,
d88b1c8288d246919ac27a052f62db4c,0,normal,
cb272057869e4920a8ddcac2b44c6bd9,0,normal,
b7b4634c01434884ab732b5fb8182d2b,0,normal,
0e5dbf07f033485b845601c5679f567e,0,normal,
0dce1c75faa042d0a69480d64e24a2fb,0,normal,
9466305a7e514e6baa99daf6dcfce299,0,normal,
44d5bd4ca3a2483f8fd9b580f29ef3cd,0,normal,
2f4451d62919452988016d1a16b26f08,0,normal,
b99e62652c5a4d9ca271a52322314792,0,normal,
59a72e3a9f5248e79d9869c1afa78c05,0,normal,
23da846c163148a287302a51d9bb40f7,0,normal,
6f92dbd5bfcf4b47a1cb6e1ca3852a2a,0,normal,
bc181eb421804796a4223a98ac739105,0,normal,
5f86612849cf4b278268edf51fd3c516,0,normal,
0fe3124a22954133adae60d4843e8004,0,normal,
8511513685994631a424ef8ef4a43ac4,0,normal,
c0025e8c2b644232b25395749d1df13c,0,normal,
9bea1382788047afb2539856b61fa90f,0,normal,
1e19e8d9adda4dbe96e195f99f747bc6,0,normal,
5fe6514d3a954efabe2ef2943e208744,0,normal,
d845b1449d814f56a995ee9e557f30d9,0,normal,
22cc289a1ed040098abd805ba8d45957,0,normal,
57db1817598648b59b9f987bb1e93ec6,0,normal,
1be36860e6a94934a66903484e11939e,0,normal,
d2f653a0639b4cdb9f0e4b15a179cba7,0,normal,
b04fa24a346d426d92c973560e66f34e,0,normal,
5561ce49caee4bf3949bf296e5b80b75,0,normal,
b055ed66115345e681171575c1f63963,0,normal,
57fd6507b94d460dbb6fd528676b7a36,0,normal,
71064b94acc94f1181e9a40e58ec9df9,1,fan_out_mixer,mixer_89_fanin
2f96d37dff0c45dd84250b8c8803d4fa,1,fan_out_mixer,mixer_89_fanout0
7c702e2dc4a04e0882a5a6931135eb2f,1,fan_out_mixer,mixer_89_fanout1
c7cd854152c549508b8d6c134d097997,1,fan_out_mixer,mixer_89_fanout2
a6f443e026eb49d89ef95410141f6ec3,1,fan_out_mixer,mixer_89_fanout3
84c8c200ef20415881cb70f42d8d8906,0,normal,
15ad5aa6f7c846a192c17f6d615add68,1,fan_out_mixer,mixer_89_fanout4
d0c1e3f36d554c628a20c850e11c53da,1,fan_out_mixer,mixer_89_fanout5
f42b28067b124c7db0770ba5da4e040d,1,fan_out_mixer,mixer_89_fanout6
e1e02aa72efe4652a1c1212ad56c76c9,1,fan_out_mixer,mixer_89_fanout7
61ce9f2176424332abd3e2f419437b02,1,fan_out_mixer,mixer_89_fanout8
fcd028e15ed3492597d07122b61ac8c6,1,fan_out_mixer,mixer_89_fanout9
ee817e2700a143259d8633cbb69bc380,1,fan_out_mixer,mixer_89_fanout10
398739d56bf94641b216575d56ff072b,1,fan_out_mixer,mixer_89_fanout11
dab0137aa52c4cde9b9cb7482108de3e,1,fan_out_mixer,mixer_89_fanout12
8516b68ef1874519a271c013586ca3c5,1,fan_out_mixer,mixer_89_fanout13
8e68155b13ae4ceaa1f994f53c9f0ebe,1,fan_out_mixer,mixer_89_fanout14
3d6d4a53598e4d1495b5d71f54503902,1,fan_out_mixer,mixer_89_fanout15
3882d18a27a94e598c46d5f37983897a,0,normal,
199e4a9b679e4f27804ddb1a258b6034,1,fan_out_mixer,mixer_89_fanout16
769d4e0923af4569b2e5968e1b448a4b,0,normal,
4d1fd7bc190f43c0890f34596b6edeea,1,fan_out_mixer,mixer_89_fanout17
f9b3b5f5015b4f46b6258813d72028d9,1,fan_out_mixer,mixer_89_fanout18
ac5cc3f77de84b69bffabf7d369750a8,1,fan_out_mixer,mixer_89_fanout19
01fb53d4476c46aab807f40fc5ac64e1,1,fan_out_mixer,mixer_89_fanout20
ada984021ebb402e98cbf87c8e5475e9,1,fan_out_mixer,mixer_89_fanout21
c30d31eb1ac3454792b6cc1cbd08e22b,1,fan_out_mixer,mixer_89_fanout22
99daad4c88d04168b51c0c23ec95a175,1,fan_out_mixer,mixer_89_fanout23
725d5ad5078c4fa39cc7c893fa8beeee,1,fan_out_mixer,mixer_89_fanout24
faa01de706bd4c508af7c9d67ca33996,0,normal,
292170f750d94d75a521ec2871470b88,0,normal,
9df78ade3169443380891ae58ef0704a,0,normal,
3fffd647d7c4499cb89a5a1c2f952eee,0,normal,
fe32d1e9e2b24f4baf10d8dc8ab6261c,0,normal,
ca413a1156a84de59b10f9e4beb3e855,0,normal,
5314aad514fb40c5a1a313a55ccff872,0,normal,
bedfb47242a54263bd681431cd0c421f,0,normal,
e5b00b2bc53e4503995bd65e0f3f887e,0,normal,
b379ea47a42b44908153be834baa1ac0,0,normal,
a5c0fdd4373c41b5a8e1b59d8fae1b64,0,normal,
ba4cba0a83344973aeab8f7f7796873d,0,normal,
2210609d5f5e42df9633e72cb6ce3a53,0,normal,
d6f68bf39da74c2b9612d4cce1721cbb,0,normal,
816c934632184e84ab756d0fbc23f22d,0,normal,
66ce6a8eef5745e7a8d67e1dc3d0695c,0,normal,
8be63295fce34264a6368c4e356ae1a0,0,normal,
e220b8f7ff1949d6a86e15e65828596c,0,normal,
60913337846c43cfa163cf6ff1c126e7,0,normal,
3f7753ee2e874db09f0522b8d6df6f61,0,normal,
5ce1374050d542c9bae18adfcdf7d036,0,normal,
2ffd2dbf2abe4628827f9cec55c9d529,0,normal,
65950ed8cb6f4264abefd8fa658142dd,0,normal,
ba9a4a8b4316487e97ca78576e9437c1,0,normal,
2caa38c850ee49568e40a7c82fdd2e53,0,normal,
f8ded79c4823494f9e4f974a67e9aaf9,0,normal,
f20a09ba94244320920dd3721b1ef3c1,0,normal,
123c9c8d2cfb40c4a246f599036a1670,0,normal,
ff1629a11f7745858e76fbefcaae506b,0,normal,
7bd6c27ef5534c6dab1faa535a137ce8,0,normal,
e974e34e197e4b668ae7ab4c42f67e80,0,normal,
17e77af6b0754809ae5fd17e4b8d3851,0,normal,
c61f95f3bd8e4506a230530eec101bcc,0,normal,
c9331ae6ec5649fb9ace5dcca8fe6a43,0,normal,
7d9e7c03225d4921870ced25c7610df7,0,normal,
5694cdbb766c450a9f6464f529dfa10b,0,normal,
f53e6a48e52043a9ae05c899f322531e,0,normal,
f8b46e11e5bf4db281604f7fcc3244d3,0,normal,
fb36ef2d3caf4ffc88a3f2792498e025,0,normal,
92e0d91c38e34df4b084fa3667dc94fa,0,normal,
2faccf9a650241dfb830adeddf8b1452,0,normal,
6472b2c97bab4d72a5e232970d3d281c,0,normal,
271d4140b0cc4c8f884bbc0969be2373,0,normal,
e5e0d38039cd4dcdb5d8ae6a99238251,0,normal,
1dc8d2bbc4d54006bfa7e0351c8a46ac,0,normal,
34749b3d11bc401797cb942c361963ba,0,normal,
f8f5b0e98952417ca0906bd4b37314a5,0,normal,
e69a3a02ceac4c4d8475e28b974f4127,0,normal,
50f4d963fe764399aa672de6e1b1b8ee,0,normal,
b154569852ec466196117fc9c5c1d02f,0,normal,
0693f8a4cd634054a2f5dfb6455012ca,0,normal,
f7f3c55b45a24c89a104d71513a663af,0,normal,
a589cdc6a3ac46c8a3178b70f23beb2d,0,normal,
d8975138566b412ba9a07568f2fbc8b0,0,normal,
0b34871f62514bad8d35b21d02aafa0e,0,normal,
74408d312504440b9e589c110c8de9ad,0,normal,
008bf64ed49d4031acad028ae0a06c77,0,normal,
a16c64f465384e90967c936548f2b605,0,normal,
bc4c8c2040f54f498c76c091672a51c5,0,normal,
cee5753cb08c4ec59ac1c85f38cfd6ff,0,normal,
0372808b0a3648789dc647b0d3fb7e79,0,normal,
fba65c9f7c424baaaf4cd0b9226f15a1,0,normal,
389b70869a724da1864caafe52117160,0,normal,
559eed64439747719fd8514935b201e5,0,normal,
af831dfbbf324a29bf6632cabd7f1a7e,0,normal,
72ede3535fa649658aaea585500abc6f,0,normal,
a5826fd5ff014b418dd79e623faf81b6,0,normal,
750cac283a2e47d2b5e7a0937a98df3f,0,normal,
8b5cba60ae5344ac91cae9777be01ee2,0,normal,
5bb99e5888f940fdb3d8f2114e81d0f0,0,normal,
1960882005d94fb7a8ebc614f1f9cb81,0,normal,
3a9713eb28584911ac17ef5d6867da6a,0,normal,
cba12a6551cf4dd39885aec758d7adf7,0,normal,
4c27ac56c5a04533b9b8a341ec64d941,0,normal,
5a612a395192436fa8b0235459b58acb,0,normal,
af8f3c568da646209ad39717e2569a71,0,normal,
3ac64c9beca2486bbf3bac176dc900fb,0,normal,
0ed15ed75c374dc394a27cd1778b0bdc,0,normal,
0701a2572e24453bb525ac574b9b7fe7,0,normal,
65ee0b657bed4c5faaa9e80f3417f999,0,normal,
695f8004757b4c309bb4d001c2f6cfd2,0,normal,
aa1e44d66b5641c8a25f8efb8d1c0418,0,normal,
59d1a955fbb642239aec5d0f5d564b31,0,normal,
475b598bafe847c3acc656d525181e70,0,normal,
a953d823ffb14fd29334b03cd5909bd8,0,normal,
27b92b63fb0a49c19d6cea830180e36f,0,normal,
daf13383e1e940858ef01428620b960e,0,normal,
fd4bfaea6a5747989103918fa15ee0c1,0,normal,
fb2e2b3674fa462da8b15924c90a0a63,0,normal,
5a624864af0b4a67864566418fa80533,0,normal,
5f71d19bb0064b078acd46ed1d38eed6,0,normal,
0425f28a30894310a77f51ea639f3f2d,0,normal,
025d185752834d54b2eba121e5feffc3,0,normal,
e1b8212ecc9247078abe10e888779fa7,0,normal,
a0b17682b9ea4b839ff653937a768d98,0,normal,
b155c3e50b304f358641430ac78a43ce,0,normal,
210b59e187144ceaaead33e716e4e7a2,0,normal,
894d983752ef4a95a94a006f4448544a,0,normal,
2d168ec50cbf478bb71cf34a302e5873,0,normal,
63bad236b425403caf2dd980305cf809,0,normal,
63aa3ff797b147399e26c3b64bdb9874,0,normal,
9f61f7a05c464d8b862676bd06972ad6,0,normal,
e7bc5746cc7a4e66ae6a9ceedcccaf66,0,normal,
e16810e3e011403faa2a1b4bcc62ee74,0,normal,
05f34bf01cda4b5ca0193e7ba47d9d28,0,normal,
ce09e1c310974fcc98c463f8abfb3281,0,normal,
834564fca5264ffbaf6aaf5e2d68ccf6,0,normal,
3aa2432e82714666a480df94acf8c7fe,0,normal,
5aa35a911f2045caa8e91af899add5e9,0,normal,
1db3beab7ae44798b685de5306e61199,0,normal,
959ab017f4514017953c581d25ff1dd6,0,normal,
cea7976be6d74489b2deb0604bbe1b40,0,normal,
2e678739037545928aa79d2a0109d348,0,normal,
594d913c520c470289fa6cf8e825bba0,0,normal,
917f425c463c4b4fa2c7115a40a875db,0,normal,
e2c52928efde4b14a6d6582a275b7fa5,0,normal,
e51b8b30b04f4053a75f46bf0e9cada0,0,normal,
cd74633839dd40439fc763af85670b24,0,normal,
ad4bebe05da24c1fba817e6b921baef1,0,normal,
c2a2e03e19cc4fd39f81f5d68dc6ade5,0,normal,
e2d75bd8042d4c64a240927520cab1a8,0,normal,
790042ab78d142e98c40984f1a83a2d1,0,normal,
4b96e3c1023c4ca3be1771e8d1349447,0,normal,
4b7b26dcd48f4aa6800f70ffc8d2cdcf,0,normal,
f17fd097fc24413d9f3a6c336c8a9566,0,normal,
2189007bf4a24c588bc7e7f3c3aa7956,0,normal,
3aca8d9dcb944919b4c3f0d7d860401c,0,normal,
fa234e74023e42ffba8b04a9896e6240,0,normal,
2d64a78f566a4dfb8ff363bb8ebb9a62,0,normal,
9a96ece0b228477cb7e82d68e19443df,0,normal,
75ff26b3772b446eb36a3e3eef233d89,0,normal,
6bfd916b21a147698292132d2cc1d296,0,normal,
405cb32cb42d4516a312528091ee8d71,0,normal,
cfc27e9cb88649abab3fe6d1c4bf6d19,0,normal,
a11a6596665e4ae09de4346a91b9e09f,0,normal,
17b74cc548b541fe9c31d18d742185db,0,normal,
c4bc432872c04ba9892c84dcd53625e3,0,normal,
c7f51ff3c16a4cd4ad66aab3df4e9c58,0,normal,
9b3c9bebf0e5448ab89f145ca81f1c6c,0,normal,
6065d1527d5f4075977d7b74f272d6bf,0,normal,
f57f55f6064344a6aa7c21c5464f6f18,0,normal,
1bb260ce7c804594aaadfe2d15a3ff68,0,normal,
0764a37fcf6b49efb5e25c25ffbf574a,0,normal,
677b1dd3fef6427d8c710f48170a43cd,0,normal,
9169495e24114089841286398c76e56a,0,normal,
5862455003c64de2a4c225714141a12d,0,normal,
4ba23a995d7e40d0b0b22c6972a36684,0,normal,
998a09d5a6d14e53b0f859512cba9ede,0,normal,
0ea15631de724c40ab54a886b63af94d,0,normal,
c33a92ddb04145f2b5f15e5e4fb17dd1,0,normal,
ec1986eca0ed426a90e902229074f75b,0,normal,
457e5fe8cb9c41fca9af6b8b2137bc2e,0,normal,
521bc546b53543f4a1093b5127c1caf0,0,normal,
3512ebd18d29443fa70792ccade70c20,0,normal,
66814d3f6ff24d879a32dc5c171805ce,0,normal,
a971b01a67ac49778ec857c752f72086,0,normal,
8e1dc00efe784be2b768c3c92c200606,0,normal,
c164ba0f2dfe4e7f956b55b5f78a0c95,0,normal,
4a69646ce5d04297b2636713e8ba492b,0,normal,
9580156c0e144d52af5d6407b302ad17,0,normal,
80914c20a48a4a65a37dfbfe4fcf9763,0,normal,
baa5285fcdb04a08bcf31660ad306a77,0,normal,
a10c4b3117c64e5a9134b0f7ae49f261,0,normal,
04cfd5e8e3eb42c1b04bacc01c80e660,0,normal,
e698160642af4b2aad27ee1bfb20008e,0,normal,
fcba8c400c8a4fad82a01928ed7b3150,0,normal,
65e92cfb17534d60831a0b7dadbbc37e,0,normal,
fbfbf0bde87a42dba2df6db04d86c270,0,normal,
b0ccb22ca8ec4ca2b58035803c15a341,0,normal,
c927a48ceefa4aa2b05f5a23d1d00d16,0,normal,
26356819859e41318cc9a134e39233a7,0,normal,
2b29e33ae50748229cbf819863e0545d,0,normal,
52af3d2ad6c649e0a077d5f3878e8b77,0,normal,
73807f5164b44fe1ac65cfe5b11f66b1,0,normal,
51d9702769604a0893fa1e3b44938762,0,normal,
2f350468c2424af18d19ae9b376d5c8c,0,normal,
72775d2f601b406b9fe313d5c9219c99,0,normal,
0053ef2325f244b3b47b4d4f1931d7d0,0,normal,
21a2878518a64572a49eb2ac2edc89c0,0,normal,
4bef2bf20dbb44db95fc77b354953280,0,normal,
8aef9a22a24b4a60ab4ef6e3baca71a4,0,normal,
59f89a2265ee44fa99efb04b9625de6a,0,normal,
ef53a36bd963427cbce17670e5c034c2,0,normal,
12cbbe6c55994861aaca43963c2b6766,0,normal,
47069db3dddf4fa3bd241ebed8d52bc3,0,normal,
8747b636b1034f57b6a0cc880943f2ac,0,normal,
380b9ff0a4bd4f248f8807739f6ea68d,0,normal,
caddeaee73ec41febaf3ef6819e99e44,0,normal,
bbc808399093414080b386d1ad48aa48,1,ip_hopping,iphop_579
0adfe04f020f4d28944d78258894843b,0,normal,
e6b3edcfa7ec4e4a88878d027a48749d,0,normal,
6aee308948ba4d1b99e153cf854823eb,1,ip_hopping,iphop_579
244e4c31588d44e7b2a45f3fd50d11bc,0,normal,
929028bd649e4d88b35bde23412aebe4,1,ip_hopping,iphop_579
b0c168e38bad403d8421c77ad072b1f1,0,normal,
cd4802367e3a4a0c941ffe19f3a382cb,1,ip_hopping,iphop_579
8c1214e73f8b4528a5c3e5b33a0fccae,0,normal,
cd490ee9b4a546319e25f118cc419baf,1,ip_hopping,iphop_579
a3f55f813f9c4596b9a755c0d1e859df,1,ip_hopping,iphop_579
3dc9aeede9b043b1b46a5f9511a15dd9,1,ip_hopping,iphop_579
2bf32f2dd9e946609b0ace02504d5c9b,0,normal,
39ddd3a585854d7a82d4ddc8e055ee0b,0,normal,
e8e7a72328324f1f90ef42f5f2e87d9f,0,normal,
b660710e2195427894e3e6e6c8d94e66,1,ip_hopping,iphop_579
5e2ccabe88e34ae3b55d2f5f87bd61bb,1,ip_hopping,iphop_579
c0a2d3f8f72d4bcca6a45e77381b8448,0,normal,
4b5ef43c9a9d41f18d89210e526e2614,1,ip_hopping,iphop_579
26aa175d41964d83a64273411b824216,0,normal,
41256370f82d465f9df70b9d25f13771,1,ip_hopping,iphop_579
ead5dcaad0e8414e90b82b5a66d7235a,1,ip_hopping,iphop_579
82f52b4f9d444a918561f91914a51754,0,normal,
d7934e00c01f4999b899aa6bf737dab3,0,normal,
12076e721bf24d38891b493b6ceed4b8,1,ip_hopping,iphop_579
d239203bc4c2456582535cafc7afe4aa,0,normal,
6bf46c037495418abe500ea93c7cd9be,1,ip_hopping,iphop_579
2dbc6f7cd31941a7b1044cbfa5b75aa2,0,normal,
a2d8e309160a4047bfd1a9678b1e5f76,1,ip_hopping,iphop_579
a71217be94414adb8866ca2c8e23abfd,0,normal,
ee632199d8f6435580b2759340dbbed9,0,normal,
2bb260d22bca470cb31cf7e8ce4abd8f,0,normal,
d1e5aac23f184b71977ce832cd0749e1,0,normal,
1656e9b9291d452395d97d2abbecf407,0,normal,
fb2b7672ea584d66aeba65c98dbc55a4,0,normal,
b9de74a91114489da05f893f0df3a071,0,normal,
4e775538856e4991a6dfb79e931e10e0,0,normal,
073d407cc68948a384107c27270e9f09,0,normal,
ee4f608691db417eb9a60f53777bde29,0,normal,
268656ae7d974edeadb0e130280e868a,0,normal,
a8626cdaad77486fb5deca2a67a3c7b2,0,normal,
7e4afa49819141109345cf593f6a8b6e,0,normal,
839d4e10a1f54ae7848e4792d34bc0c4,0,normal,
66a016d12e6f4662b39f22cc306bdcf4,0,normal,
089294de91d6496593246ac66d897015,0,normal,
20b66ee7b38a4112a620dbbb628d2473,0,normal,
2bb4b7fe0c3140879dce2c40d7cfd940,0,normal,
e88789194f8d4f4d9993b3a564f1221d,0,normal,
6b7dcd728ed74abe8459e0cd9e3688db,0,normal,
e370134bd1c14ccf9fb365fb8e522828,0,normal,
04602e1d2dff496793454600592d90db,0,normal,
7eb032dbd25147e0ae1a8a924f728987,0,normal,
3dd413db59ae44e08df2a6763ceeedae,0,normal,
03b5a174d15b41df93e2c9c5f5be5b8b,0,normal,
f6cddd1c2a374dabbffd1c81d57ad4cb,0,normal,
20afdcadd41449f9b38f4882c68fbcc4,0,normal,
d1ec35bb8cef42bab5a6520f48d2ce3a,0,normal,
80c81442f48348188f86294597af2794,0,normal,
dc56b22d908348b594c0cec1670c170b,0,normal,
1346ee2c023c46a6b44035d655189803,0,normal,
f911d4c0336845ce9b05e775d2fd479a,0,normal,
3303b20da3a4476086f43806bf5870bf,0,normal,
f5afe7d9041c4e27ab0b3971fd75ab48,0,normal,
812036eae71e41bd828a27aed6f1420d,0,normal,
b9d9455539b5494dac779d1e4c1b7ea7,0,normal,
32fb1a99515b4119804c60038badc264,0,normal,
25de0a16b91c4b2cbb55235e440634bd,0,normal,
22e84f5fe554463e876f787513ab49b8,0,normal,
197ce30edae943feb82857e3154e5c07,0,normal,
dfc7e2905e1143e9ac42fe5bf58bed09,0,normal,
cfb9aece8d234798822dc96afb661a82,0,normal,
db3122f3b6e14524a4e9130260366a86,0,normal,
0dc33748070b4e3a8fa373a3e296ba5a,0,normal,
a5b2166f79d84901b3f2b841efffff00,0,normal,
2955231682704f239b37d553a4280fc9,0,normal,
9a19cea5b6b74503ab9962cc424fb459,0,normal,
13b84a6e4ea648b0a137862e7ad64ab1,0,normal,
f636e8b530d344a29544215cd2224fc8,0,normal,
b0892002f6e84f0ca8ed66286419b2a8,0,normal,
7cb88c49e20c41d8b08ac60b1ae111da,0,normal,
1ec08c23dffd4c47b4d19ffe0129b5b0,0,normal,
899d7beceec64009b00985d0e04fe6e1,0,normal,
c421a6b0e6944d8c9c50ada5d26ef54b,0,normal,
1519fdf2ac504f6b90627eac62c2935e,0,normal,
769ecf71a5e24244af37b3f7524da257,0,normal,
f2f94dc4ad6a4894869686318288b06d,0,normal,
6859087d21844af88839a877e4e8a454,0,normal,
fd9a2461aad948d88aef1852c6c65252,0,normal,
ea1e274a53aa43c583d28ab33a7f7865,0,normal,
2094833b2dd843f0b847b9bd0a028394,0,normal,
931074bac1384307b7253e023c226267,0,normal,
5124fce354494de081e16498c47fd80d,0,normal,
fd26732d673c4335bc269d3207f9a2b8,0,normal,
bd89cd069ef544b09d9a801e37236be8,0,normal,
a89a4fcdb1be4bba835e4163d748a7d6,0,normal,
6ae34c63e2614c02808ea680ca0b37a2,0,normal,
e1ba154dec1943809294e9cb7576468a,0,normal,
04f8b5337e114643addb136194c94dfe,0,normal,
0af55f2b274d47b9888725c7273d6212,0,normal,
8bb819592f204649a2da0db4ca7d5175,0,normal,
d053b3f59cfe467b99af9be8d5a080dc,0,normal,
9c19f4b8cf6b4c66bb77d417b7afcd98,0,normal,
8636cb9d58524452a4add7db869cbeba,0,normal,
023c58a6ef394800a7a37da356881037,0,normal,
60e1b46708e04f9da23c6428d8aad1d8,0,normal,
36d5e88cf3e3477889a601d6324a1d58,0,normal,
339383e5146f4c89b2f81e497677d38c,0,normal,
07ab297116124e1abc0c82078b58a393,0,normal,
6ad934d2f56648378c4bae6e76d07a54,0,normal,
3f7de6c9d7c64bd9af812939f101ca69,0,normal,
15a0fb2b0c284b02a79fddff407c3244,0,normal,
0efe2f631a15422daf303a9443099070,0,normal,
2e93725d76ad4cf48db800151354bebf,0,normal,
82cec0323aae43b48592bd1eb2b21d11,0,normal,
f754d1bfcf0b45ee8be17b84a69e9362,0,normal,
f5ec19a941254962a5dcc3fb11455634,0,normal,
2252e4db9811472f8cb092d65e199e76,0,normal,
7de1d3aa35c0459788571cbecfff73db,0,normal,
f0a4353c52274e9baabfeb0f801c712a,0,normal,
cacbba074a9740589df7f1aacccde916,0,normal,
20ac63b4c2d94a2fb6e13ffc7ac64639,0,normal,
05069001ce6d4365aea05ac20a888f4d,0,normal,
95c77f54f3e34bacb69e02aa56574527,0,normal,
4c87575725b14dc4b7eeddfd4d92abbd,0,normal,
b0c7bcf980a34588a9e9bf242105cb01,0,normal,
4cfd209b1e99426592860d6ef9f9abcd,0,normal,
c606b6cf86fb4ebd96232781b2f53496,0,normal,
57241b4fe2734b23816bc3f07704735e,0,normal,
2b2b06c9f82f4948abef382499529fc8,0,normal,
5c729a4c1a094eb79af874b3e229c94b,0,normal,
3556a537010d4e82a0074929e70bab2c,0,normal,
3c61ef393f014268b0220f568de421bf,0,normal,
4cb20481ac5c4c8cbab99862f8f422d8,0,normal,
93d1796e81704448b8a9383d3018ab66,0,normal,
107e625cd4424d7eb0b51c8eb6172d05,0,normal,
87ca8c37a9d94bd5b41e997452f8aa76,0,normal,
ddccfc40d9e1420f80c9909945cb8577,0,normal,
5451afc9fc5b408eb81ae0589cf52196,0,normal,
f40f64d35d68405d9dbf752899983791,0,normal,
19ab6b00b5934abab5fa37a8916ccc75,0,normal,
a62273ed521841c092124de64acc320f,0,normal,
9efc897abe1d4dd6b80bdcf009f7cb61,0,normal,
3f01ee0b02da4a7097df60e3e821c84b,0,normal,
91b308c71b364b3caa08e3476bb8ed9f,0,normal,
1d9ad635bb3249d9b8fa243df6c3801c,0,normal,
5dc48c38aefb4cc1b8665b6d340ed4fb,0,normal,
6861347749bc44b49c04de0e4e3246ca,0,normal,
daf5d21017a448bd986b19e0acdef027,0,normal,
b9cdc38d097a499fbea68476aa8c550b,0,normal,
32558394b5514ce1b8d82df9bd235808,0,normal,
f45c3c3450c4442894d7c89196212318,0,normal,
bbfaaba4a6cd4655b32b9fe75672032c,0,normal,
be586cce19f84f7bae1bdb6da8a36fd3,0,normal,
3789354442604fac9c316f96e65a3efb,0,normal,
cd41c6d60c0e4b268148a04da2be0362,0,normal,
36eb043c342d465cbc3f0f7c2ce1869f,0,normal,
94a58d39a19547818648bb795f4971dd,0,normal,
dda4c791878145f9b466a26f05c4362f,0,normal,
89841530784543a3a027bb907bf66cfb,0,normal,
06e407bfd612437fb947993b9c611efc,0,normal,
358b6f2ae0f84241a8507386babb8261,0,normal,
f5f3ef5f76ee44f68a62fb0a8562ee27,0,normal,
6df50b4ad885407ea2bc8915e6e9c24d,0,normal,
759cac269a6e4b388ab3e76f0b2c13e1,0,normal,
fc7a583b067e4476bd704b39b5917b6f,0,normal,
5fbbb75e27c7435580f56db2ebe7acf9,0,normal,
6f996827245a49059fdb5f1df5bdfaa0,0,normal,
c77995995da94007ab22eec61e54b438,0,normal,
e82c4cc0c6514f6e8d98b70cc7fa5452,0,normal,
bd385ea393fb446489cf1b09bb1d02d9,0,normal,
4024a37abcf64fa29c4b87e96c92c788,0,normal,
d357881378ef454bbb3b91c07dba2cef,0,normal,
3933cbe090854c7ab9fc2122f25c4236,0,normal,
4ba99617019c4966a254d921a9d251fa,0,normal,
cf82987cd15f4cbb9f880846189487bb,0,normal,
82b50f8343cd4600ae73f7fe2ce747b5,0,normal,
c794eb0929bf4d4ea2c462fb56986fcd,0,normal,
80b2869de1c84a13afebd80cf09ff21b,0,normal,
aad38872885248f880b78f8100d21a5a,0,normal,
ff62d66287eb451a8c5d8110f7c133e3,0,normal,
b290d05b91274797a013fe868e1ab5f5,0,normal,
d6f57347c5a744748b1d55b62121fe82,0,normal,
3023751dfbdc40e2a3fc4ace1f934c55,0,normal,
53dfac47e4594cd1b2e68cd8045aa453,0,normal,
dc21106ef9aa4367a60580f5af54ee39,0,normal,
0b20475041164eb79173e6f790b248e3,0,normal,
121aa4fa4e9f491db7535c1e9ba0c5c4,0,normal,
e8e6c70a9b8c4da5ad732b6305114e83,0,normal,
6d4189c970a8435cbc5f81fc902536f5,0,normal,
c9f0351e2eb34eaca7544c1b62326baf,0,normal,
81206d831cc44895a4627c02b0949060,0,normal,
2bea8544f9704af9b004230de52f240d,0,normal,
5a697cfe8cea4ad0ab3dc9de1a91fee9,0,normal,
6abe7e776279408bb83521c94386f6c7,0,normal,
195d689fbe5e4d06b8b83b347d4acf93,0,normal,
2542b55cebaa44e487ed2c2df2f6cdfa,0,normal,
9385d064c9d84f278ab1578f25622402,0,normal,
ac826023489649ac9c0914827c57f454,0,normal,
af8719cf40b84b3aa440d300c66cf686,0,normal,
8e953138548a4b05a1909204dda277e4,0,normal,
13170fa453ab40a58bd04b5a4c97d8bd,0,normal,
dccc41b5ba214d429feee2eecdef654f,0,normal,
2d3c01b95b664c5cb156f094162c2c60,0,normal,
ba5485a914904f8bae01f3cdb6925c15,0,normal,
8014916cabdd4b04a64ced87c91cdb06,0,normal,
4ab941e2643845c6843616a1bda20cf5,0,normal,
ad88de29cbfa411ca0aff0aa66f748de,0,normal,
d94e901caef9405082d3bbca09bc861f,0,normal,
1750a4fafb8c40708b934d6909f58256,0,normal,
4de459b88e05474ab3123ae4588a08e9,0,normal,
f51182074e2d482c9f0f87fba3946b84,0,normal,
9d6b2caef768436589a4b3c85f7e1dbc,0,normal,
d6193098a2f14cb19bd93bd3850192b3,0,normal,
87b17fff838c4e9080779b21ac9c70fa,0,normal,
61b31429911843c3bcbde05e6d18777f,1,wallet_reuse_burst,burst_666
3879eca1a78e41479ded7fc00b60f2fc,0,normal,
1c2b7b7ce62644c597262844d7e27b05,1,wallet_reuse_burst,burst_666
dbc126ede44343789b17a36a740161da,1,wallet_reuse_burst,burst_666
73122aa485414ec48551f830f5659653,1,wallet_reuse_burst,burst_666
70f3bd7c6c4b40aa9e92889044048405,1,wallet_reuse_burst,burst_666
dff0955cf06d4a309bcab0785358e375,1,wallet_reuse_burst,burst_666
1ee883cfc2b64e83867c3322c6e40da0,1,wallet_reuse_burst,burst_666
f8368918b2d34ca29d08fd398647aff4,1,wallet_reuse_burst,burst_666
23f49a2d07534be0a5df6716710aae1d,1,wallet_reuse_burst,burst_666
41b427bcc3914052a8c9968a1d727e45,1,profile_deviation,deviation_531
2515b7e329844079b9d456f3c066e2c8,1,wallet_reuse_burst,burst_666
60b18aa3551f483db979a3bbdbb55347,1,wallet_reuse_burst,burst_666
fc73d0be148e41f8a295724d4cd50467,1,wallet_reuse_burst,burst_666
4901497b67bb4770a95b26118f31c16c,1,wallet_reuse_burst,burst_666
b36c7d11816a43208da321f39d538ee3,1,wallet_reuse_burst,burst_666
5f9072bbf9d745a2ae1e193aae141ba1,1,wallet_reuse_burst,burst_666
f0a422171bf1424999d708af3c34c57e,1,wallet_reuse_burst,burst_666
71067efc324c4afb885ee349e0bb7ad6,1,wallet_reuse_burst,burst_666
368d06e69c224f23bda652fcad4f5f8e,1,wallet_reuse_burst,burst_666
a0a3e1fa046c45bb917beee4270f92e8,0,normal,
b343ee44157c482aac488ba7bb55a83d,1,wallet_reuse_burst,burst_666
90f1861add8e4493b5e2e43303ba8795,1,wallet_reuse_burst,burst_666
c140917d3c454d47aa3102480a85bc01,1,wallet_reuse_burst,burst_666
33771d9787f8490c8e0cb190e3680740,1,wallet_reuse_burst,burst_666
d729ded18abb4d99809f41a8b131fd6a,1,wallet_reuse_burst,burst_666
77a42ef5bf18434cb0010fc75056ac41,1,wallet_reuse_burst,burst_666
da5f38a3b9f44920b97a07a9707ebb94,1,wallet_reuse_burst,burst_666
4174e1908258489498cd692a96f2d96b,1,wallet_reuse_burst,burst_666
781627c28369415b9e3598ca11aef908,1,wallet_reuse_burst,burst_666
dc434bc0058645c6905cae0ce668776e,1,wallet_reuse_burst,burst_666
c7e21dc02434428b8e02b6e39af17626,1,wallet_reuse_burst,burst_666
6529efbb54d64fcc8d9e94247f57688e,0,normal,
b982329b46d44415bf3944261bc6873f,1,wallet_reuse_burst,burst_666
51d0c44b6adc4616b30e0ce767baa20d,0,normal,
1bab98f958ac42b6ba2c6f3f68b2acf3,0,normal,
27be5d0b6344401581fbce17271f6731,0,normal,
2c2a8d8512bc4210afc1938f3e660e68,0,normal,
bf6fb74436a6450a939ad2ecd6f09953,0,normal,
ec7c507a495c43dba570d8c546c10c6f,0,normal,
bde58777d1264dc4942175cf0ee84704,0,normal,
418d4fb847384f22bad478648d915e01,0,normal,
4c4660035c204f61a1b901ee3a4f2316,0,normal,
a2c76cb0792842c4bb002da7f3042716,0,normal,
a0fefa02279d4da08182ce49f944dd71,0,normal,
e6e1c76ddfd4450eb32c33312dabcf3a,0,normal,
36bb5b4bbc9b4173a9e375f4717f3287,0,normal,
864c8a93bbcb4760b05c0c10210faa4f,0,normal,
4121b66fb18a43468b7647037b2cf318,0,normal,
bcd7cfd78ad1469b93a01229de13dc75,0,normal,
d9b3f526f142404e849c46b8dd1441ba,0,normal,
e7dd6316bc454d52a8df4c72c55ce84a,0,normal,
237b1ee7974b41c9892ca65a4fdeaf55,0,normal,
6caae04353844fa9b90c97dfc9ea9cd3,0,normal,
404720a7b2184a05ab733d77f1fb50ef,0,normal,
31d5ecd37de3446cae707fc49ea413d5,0,normal,
29747547029648a697bd9de86c27f0da,0,normal,
4e6c111d0a86462ea31b5e97c76975b1,0,normal,
b656ece88724410caf4ca4fa7ed1b261,0,normal,
ec6cb597c8fe447280af9f16c922dc43,0,normal,
549945beedc2400e9c1efdaa95340597,0,normal,
0b839d6fa8dd4585b03e7a1bfd73f70a,0,normal,
a00dfc652c1447ffaea06d3b7d353dc7,0,normal,
c6f515cfb3764ae4b75829742b9e5eaf,0,normal,
0c7d24731b544571a7a425f5150f81a3,0,normal,
90610a5b6c1c41669586e76b6d601284,0,normal,
7f0be335a91045fd8cdd712a4e3212ce,0,normal,
4ed1ebe6ae05489b9756a4d403368277,0,normal,
c6630e40604a4ce6ac658db2f76ecf81,0,normal,
6b79ebf7c6804834ad39384e61b753c9,0,normal,
9c40161149b44d1aaedecd4b208ee016,0,normal,
32345dbef5f2411ca695c53fc5b855c3,0,normal,
acc43c7708d5437eab1de53ec6cbf458,0,normal,
f1dd8c0204e241579f0005ed516fe21d,0,normal,
41800d0a41144950860c45d5dcdd05ca,0,normal,
50b133a352ef477586e2d0eafa251a74,0,normal,
72daca071588401a88be6b00cc088205,0,normal,
95a43dd745eb40faa05300c9bec67417,0,normal,
77e3308012364bf4a1fc1fa8ea8f1acc,0,normal,
b2a2219b95164082914e4fe06a04126d,0,normal,
5c4ab027bc034feb841af05e47a219f5,0,normal,
71909dd91a804d978069385d33693539,0,normal,
4c9f1230869f40e88472518cb9a57d22,0,normal,
d14ebf2199324d0a9268f7ff13ffbac9,0,normal,
d3c56d538498423fa81a5bda792b5019,0,normal,
5c343427c89740d3b38bc55768e90add,0,normal,
f9aaf7fc8c5c4334821f61a26c0a71c7,0,normal,
b3311c74d35f4b68a36db386ca76987f,0,normal,
64758fde5a5447e0ad682c20033e798e,0,normal,
4d80c26f09c940889c05463952d2c5e1,0,normal,
787e6f905693473583fc7af509a60415,0,normal,
84fcbcd0f01948f7ae9e99ef8ca52ecc,0,normal,
86e161e31bc04e149fbff1bf2b6f1019,0,normal,
6a003ed954c74e3790b7d2d18b3e737d,0,normal,
ba94c218b5cf47fa967fd08d1f8ee006,0,normal,
c41907557b074468b8dd09b4a4a12e5e,0,normal,
cd2002310b554b749eece19f540ac873,0,normal,
92d7afa5d5074c9aa81bd282ba0e3c46,0,normal,
1968720467344d5f9d39f55d8b45d7a2,0,normal,
9590f11059cb4e38a343787555d0601a,0,normal,
5a3b42ca9c0e4268b9d524de3a386d61,0,normal,
d40fa737c9ee4447b50c8de15b3d6cef,0,normal,
4b6995cff11f455da41bec7b423b267b,0,normal,
55e1cf1b52ca424f9db2497c986581ec,0,normal,
f91524c5a0cb4376bd25a3a391044900,0,normal,
852a35b5191c4a6ba458ef4895b61206,0,normal,
8ebe6e9040c142759e7f7c4cefa49a1f,0,normal,
9ebb5e2db2da47d789f29a3aff9d0f53,0,normal,
be8f56fae7c04415a42688015c659ffb,0,normal,
b62dca44d58844c8aef84d502364c6a6,0,normal,
bf9c3c49879a4e66a0082a6dd30521d3,0,normal,
2d1349c0bcf54a88ba8a1e2d960d8175,0,normal,
4496d3dffe5c44119413328b798e63b5,0,normal,
63ba1afe71d843ce93c6633ad943a118,0,normal,
bc59c3ed076f40c8bfcf5f3830333862,0,normal,
138d812067114e469721fc9b28ab7ef7,0,normal,
aab14c41b7414f64ac83a680fb51ab5c,0,normal,
9f3fae37e01244819a86f91b4477a599,0,normal,
13d7821a72164483899bd42362b29534,0,normal,
3d69dc304f2e4460a36e2a335986d66d,0,normal,
21d87d92f9cb48f8b19cc7d0e7966771,0,normal,
d8e0b324a3a24857b11d4b68c0c81529,0,normal,
a8635a66d72f433898bd8eb5739dcafc,0,normal,
013c85ef24214494b222b0cdcb69cf6c,0,normal,
0af49f4e3c7248d98d483d6dd416325d,0,normal,
150ed83ec18c4296b2cae5190cde5d61,0,normal,
291f59d78fa14f8eb1cd9a2ffe2a7d12,0,normal,
cbe5d08e513a46e48ec829514bd22fe0,0,normal,
b8c47b73bb5248f082f746fbf557ace4,0,normal,
77a7eba1d5594ad58a610022dcdd1254,0,normal,
0f50b5f369124195818f56bca08db296,0,normal,
6982503874ba498897a0c107a267552d,0,normal,
c49b431c0cac451db42d426399c3ee2d,0,normal,
ca445e9eab224887a5a8a00dd6520449,0,normal,
ec8eeab943e34f4394b7cff9d332efaa,0,normal,
0656e5d16b4d4774be1be5b8d7d1bd45,0,normal,
3bef33ae5d274c27b91ea76578545234,0,normal,
eec7b7ee9ef44a39979003599e4bec60,0,normal,
88606489c9fd4b2f8a68531e9c2e6a37,0,normal,
47caaba3226546bc80612a58b3a10b91,0,normal,
7ed576a9336748a9bb79d3f16524168b,0,normal,
92ced22b4014411aacac1136dac5c404,0,normal,
6a0affe981994a94bff222b4f04c6fb6,0,normal,
2d943e1872a149bea5ff0c350577259c,0,normal,
2c865bd6b53347e5a0faa06224a6fce4,0,normal,
afc16abed7444856a6aba41881473ab7,0,normal,
b3119dc3172b40e198515087f9285556,0,normal,
f9ccb625e7a143398369cfa0a9c763e2,0,normal,
24900a1b357146538a70d4a63975c221,0,normal,
297c993fa45547959f9df415df8569f7,0,normal,
7131cfe9277946b8b15eb61f2559f276,0,normal,
5ab3a017454f43ad880bbdf87f1129a2,0,normal,
5ea928dfbee64617939fe3cf18a90d7d,0,normal,
748e156e51c94897a360518741c7c957,0,normal,
28da6fe51e954a2d927109e747d7caab,0,normal,
2719a9df13cc4295a24cb522c35d331d,0,normal,
2474522b84a3468fa15a8bd08d4bc670,0,normal,
acef8f11abf149fb901ea32b34c59293,0,normal,
7e6016e4e82640bcaaac819a6f7991e1,0,normal,
52417d7a37f94c5ebefef64aad517a11,0,normal,
f5fb9901c20443fdbc18cd272c89c1a0,0,normal,
4c8c5203857f431092d80c921623f972,0,normal,
3c0120b33c8c406197beca614a7d1ded,0,normal,
7c2126899b5f48219dcff7adbe37adad,0,normal,
7e4811f39fe7472fb42fc02f8cf5d197,0,normal,
c77e16fbd0154d81815e70442c9cd7df,0,normal,
1685af9111c44d29874c5da64a1611f1,0,normal,
523ec507692447b8a46cfcf44efa90fe,0,normal,
f477639ce1c04f509fafbcf8d9acb5d1,0,normal,
f4e927bcd2a04ca297f870d14c5acb01,0,normal,
26bbc6d23648488f96ea12d9d1c3c65e,0,normal,
97813a70fd52461e9011c17889949b8b,1,peeling_chain,synthetic_chain_606_hop0
7b69629daba44237b58ca59df487e4df,0,normal,
fc8719dbd8e64ebea3ee30bb013e8615,1,peeling_chain,synthetic_chain_606_hop1
177e7f9abe3045aa923d74356717df5f,0,normal,
7f9dc19f3282403a9a5df188e5c23abf,0,normal,
a2a877f40ab945d1ad8ec3160473ddce,0,normal,
d005475fc3a34c8eb3ea0bef918f8ae3,0,normal,
babb72b61e044a00a867b75698aec771,0,normal,
52c7dd7286ab4b94bc44760d832d088e,1,peeling_chain,synthetic_chain_606_hop2
3ab801e4c9b548cea859c8fd7fc6235f,0,normal,
c8d21e2f94314573a6fe3a55d3f35e45,0,normal,
f3f490b09a1745e49091edaf573ac351,1,peeling_chain,synthetic_chain_606_hop3
eb24e5240c6b4a8b9257e7d32602b326,0,normal,
9e43a5743d4547d1aa47beae63b54410,0,normal,
6f1e68dc8dc34693b5ba3995dd6facdd,1,peeling_chain,synthetic_chain_606_hop4
9440629c71404c0b970f7864ec09940b,0,normal,
47e507c582624b0f930b78b8ccbc063d,1,peeling_chain,synthetic_chain_606_hop5
ec4432ad7ee9483aa9f1dd01aa0efe32,0,normal,
31a60eb992fe4ae380ea65b71a22d863,1,peeling_chain,synthetic_chain_606_hop6
cbbca304185541dbb7c92d762f44b04f,0,normal,
d6225054040b48e9898edd99a50aeee0,0,normal,
eab9704ed4254e2194c1cf63f5b8ff01,0,normal,
5991a8ca737048a88cbc2b39951846c2,0,normal,
af9e4904332a4c43a8b34a63fa196f69,0,normal,
4e017f684f154fa994f97a4fed1f55aa,0,normal,
3157ecbeb36d46d493b9e03fe7405caf,0,normal,
f19a415a9807434f82b5b5a717bdc322,0,normal,
160c52842f8b494e8c222c173e5a48f8,0,normal,
a63239a6031446929b895c46502316b1,0,normal,
6b7639ed71864ccd9f2c376bd9218916,0,normal,
b4503991e24b435a8aee3c4620b887b9,0,normal,
8f7eac65ed474faf9916fc2ec8316096,0,normal,
65185b28ff6e4673a8bc952265e62dd1,0,normal,
94e5db0781e3446e9cb9e55ebc4786b4,0,normal,
37994b34d5a247c9b3a0d61c932dbb44,0,normal,
b6942f0c383a423998d0e29c95f9589c,0,normal,
7db2ef9ba4df43a6bb73a526c192d5ba,0,normal,
7a4ec6a13f014aaa9c7afa88ce7235d2,0,normal,
714713e8964d4dab910da93750806957,0,normal,
09218e3becde47eea8b0ed4dd92d3ff6,0,normal,
752552334c4642eca48d88994a73a3a8,0,normal,
5562e3495bf8457b896b2b4f14e175dd,0,normal,
8e5e0add2daa4b60ac90cf722b613ed2,0,normal,
41241bcffdb9453c94c11be88e89c87c,0,normal,
3c521f5d2dde49179b97fa7fbba2653c,0,normal,
ff5648d2e21e4bd68242e535e9b682f5,0,normal,
656044881cdd4a60ac7b18b5595c37b0,0,normal,
557de633960c471aad3425c2263c9aac,0,normal,
f3075fbc64cf40f0b9985d6f290f1e92,0,normal,
3a09182c21724dce8c1be95808e9fa08,0,normal,
6f6ab9d855ae40f3b40ba6fa82ce38f1,0,normal,
c4d7ee0549314773bb33cde9cd208474,0,normal,
49355fedab0241d89fae486d6209a2b5,0,normal,
5488b56a87ba4d1f8c1c1c28a1209ca8,0,normal,
16ee0e588ebb4a0ba6e4d223f8070996,0,normal,
5dc6d31139f64462902732766bbd3592,0,normal,
7c7e98f46dc74277be1972964ed51ea2,0,normal,
4873c28f035344f08c0bc05f0f685cb2,0,normal,
7fd2de6b80b84af1920f628e545d009c,0,normal,
44b0d304bed54e09813874e165489f06,0,normal,
b1e758b374e24a8fb75df7598b091064,0,normal,
760b16ca5a9f4eccabae0ab29594e818,0,normal,
9936e962d6ae41a69805ff77522c54b6,0,normal,
8733871dab92436ead66209df6dfd432,0,normal,
6df1256d1aa84bedab4e03fbb6033b37,0,normal,
d0120c7a77d64fc89ebe4d63508d1fd8,0,normal,
a053867a339046f0a59af4e921807fcd,0,normal,
00a71b73e9634d30996bc484e4933776,0,normal,
ff901dbf351148f0aa850792261ef62f,0,normal,
804d765d70584b72b257b0ca25877917,0,normal,
781ea5c789b141ceae35950f22670d26,0,normal,
108a5de3590748dda97c6ab1a430f324,0,normal,
21786d0b086a4917b4fb71a185693ce3,0,normal,
719edf0fc74243ea86fde903c457e249,0,normal,
c2d6e98dba7a4beeb2c00bc0e5a88697,0,normal,
dc49d3b2aa474578865c86247e79ae87,0,normal,
2b9ad65f5da641dea8dba99700e1251d,0,normal,
da96b1bf157e40018fb6653c15c365c2,0,normal,
2c2738a0d188428cb5e623e49307a993,0,normal,
37979071f3674b7e9c227cba8c6f578c,0,normal,
275b7026583b4c749fb605c9f8a61d0e,0,normal,
158c5c696444469eb434066561c7e3da,0,normal,
54c06aced6f54cadaa149ce8f0269a56,0,normal,
20649febc137470e8451fd14d9e117fd,0,normal,
8c2e2d07e63e46b2bf875457cebc028d,0,normal,
163fb4af42af42358c4e6d80a6442391,0,normal,
19a0630a760f4b73937ff21bbdbb14e0,0,normal,
e0ea08982d4a4c3999a03881cbf2a2cb,0,normal,
9430ff824002400ea79050201e1e5b89,0,normal,
9bb9bced9e5041d5975bb6df3b70b8d6,0,normal,
ade84204bdba446ea82aa1fdab2e1bc2,0,normal,
814b9f5a42214f7d9933fe91f4e69bed,0,normal,
3b5d4abb2376476d878587156d2557d6,0,normal,
eb12131b267244d2a58da71a13f4b317,0,normal,
41efa48b9f654fe599a77f4ba840aaa7,0,normal,
516cf25bc4244cef8b0fd9a96a767844,0,normal,
0901533c6b6b4ffaaba68c64a3f7bbba,0,normal,
27539417a886418c9328745225da816c,0,normal,
d774a654d25c4ed99d79739fd15c7376,0,normal,
2f407acfb03b4f5e907646a2c42ffac8,0,normal,
e456b46d062645e5abf20922e37f938a,0,normal,
3d28ae07448041a485974583a093bfb7,0,normal,
2d69e8f8701d494483d12321841018b1,0,normal,
72b84f91dff54357948d9f67c945931d,0,normal,
f7c1f3b95e944c508e93a1c8111ae9d5,0,normal,
f590e716e6274621a38017622c087abd,0,normal,
f6298b47dcf04b87bc3170453893898b,0,normal,
33dfabfd38a249ceb2a6a74fa96314b0,0,normal,
b8cdc51b64a04f42931323001ae1752c,0,normal,
6b5e3c53c81e446395440c054ee9ec02,0,normal,
6f79154d52d04cd6ac08293e9f2da066,0,normal,
2da2c925c3b54320ae0fe73504dd8973,0,normal,
90e7a254ebc34783a331be15e2afbcad,0,normal,
352f893957a04e68afdc64d07140633b,0,normal,
225856bb14324f9c96973d308d53f525,0,normal,
dba5e6304066464e9aa71aab7efd8e42,0,normal,
791fc34a5b6948f7a0bcc6b01748d50b,0,normal,
e5d7e2ef79344ec68514caa0cf2718c2,0,normal,
fb9bada13bfa4d6180f57f6a364319fc,0,normal,
7f50c978b7b045a798f56491973aa66b,0,normal,
bb49dbe42ef14d588ce9056e25cc9eb8,0,normal,
ba6a18e65cac456bb3a206c9f6681f45,0,normal,
153f95286c6d4c738953c389f6434289,0,normal,
d8b920b712fd4bcf9a3c977ca1e7b7e0,0,normal,
030ff97cfc2d4d71946053341e6e7825,0,normal,
6f9949b03cd64be7bbe3a96094d3d3aa,0,normal,
d02e4cadd39045ac90f3543aba1a9c20,0,normal,
11d5fe594ad04c0e8b5310eb39d90628,0,normal,
a0ffbdd492f248cebff3ee9b6ef06e3c,0,normal,
7f36e8da8679406eb01c017cfab61b0a,0,normal,
7667f824d0024fe2b2bd338168cbcb42,0,normal,
988c09f0c0ce459da833eb025bdb4edf,0,normal,
0dfca9cb7945417e9971bcf01f2d8183,0,normal,
27f4dbb2526f4ec68b7821dd775c89f0,0,normal,
83474a1c2b0d4b729935f070032d6bcd,0,normal,
c82afdbf0b6f43b695efa41cb359053f,0,normal,
6f4afb030aaf4b1aadd422ea78cf1844,0,normal,
42a4ad78092a46d29d0f06a082e8069f,0,normal,
24eb9b380f7c45aea3fec01997a03882,0,normal,
ae93e5b6378d4f4080ef62b70864df57,0,normal,
9021fb3ae4fd4a66b372f744c81f54e9,0,normal,
927c437d399a4117bfbf5ce5d783d1f1,0,normal,
b493ba2841bd44b094464903d441590e,1,profile_deviation,deviation_684
ab6807c86679442b97a36429183018f5,0,normal,
318da195e65c4da68e7174e92760faea,0,normal,
c178991c415f4764bdd057424032df59,0,normal,
30e9c49b177f499b825664bfa6df1f5e,0,normal,
3216bfe6c38a447c8f7feb75366507e9,0,normal,
9a4e26270afc4026988ac0afa96758ec,0,normal,
2b11ca3c377f4e60a2063c35cc103de7,0,normal,
62e05e6ea8884b57a7ef7682a3939eed,0,normal,
325e18ea7bc04a1f9c8881c0cd17bd14,0,normal,
18392993927142c7b6eca95164c034ae,0,normal,
c2e8114eccfc4c96b5b1887083954b0b,0,normal,
bb125bb57dbb423883900b3a81bb2a02,0,normal,
53578561b6cf4e14b284e7843efc27fe,0,normal,
4b642de7f3484d6aa1af9a2373b5f27f,0,normal,
98a2c15d9d344a709815770dcf17d246,0,normal,
0786f8690c6941e0bec306a2fcdd9bf6,0,normal,
edbdc1e1af734eecb959e127a4ddd730,0,normal,
9653ef1445ca4aec89b5ee540062f957,0,normal,
e6626f45faba4b9fb296d2f6578d3d17,0,normal,
f89e75ecd44b479ea1e49fdf8070488b,0,normal,
a4a5990a32b745d6bd960ab195a41b58,0,normal,
7f9dd48e7f18442589d89ff5729c0a9d,0,normal,
83f89b094833470698b35e2fac2c121a,0,normal,
4572cd9645cb4fb8a92de793489627ec,0,normal,
7bb66f972d994255942c13fc93f2e649,0,normal,
4b1d2c5930054ccb871056695be0c3d0,0,normal,
9797a33b7b9d42e49c132d19aa394698,0,normal,
e4efdd43fba94ae0ab099981d880354a,0,normal,
75bac6ffcaf14e8990c0eafc0d0ade9e,0,normal,
c5719150d76b4df6bda3ab142755dd8e,0,normal,
5b508c09576e4c5d9f526615a4c28415,0,normal,
7170ba74f603442487cc30c98a9caf1f,0,normal,
c2e21ab4eae741b795d7f3f3add9b2f3,0,normal,
371b8b2f1473459a8e8c6d116084643c,0,normal,
6a7c91c75a7948ddb290ec7d09c91fe7,0,normal,
14788e88dff14129bf80bde31c865b28,0,normal,
c71120cb8fc442fbb18f661efd2aa1be,0,normal,
42d457ec755c42c69e1b55f911eced92,0,normal,
a9cd7aca09384b27a5e667cae2341bcd,0,normal,
61720f1f22544e379183abd3e30c3423,0,normal,
60c8f268e10f42fe98396d0855bdc0bd,0,normal,
87d2d5c9835f4016bf8d938507f01d06,0,normal,
5393582e3bfb4800b9713d4241f2fb4b,0,normal,
aa62960a6dc74a4eba45ed0edc4d4974,0,normal,
98c6d48bd9fb4017841161433bdd3d49,0,normal,
7383eb3945894174ae295209595fb490,0,normal,
140f091687554f2291eba21838ee0a54,0,normal,
dfd4130e0d644e339a10749bf3830390,0,normal,
0dc3584c06214a8fb8915acaea841e8d,0,normal,
8ee1526137eb4f9a8be51b6db6c9efe8,0,normal,
206a4600bd8045999b61143a404a51dc,0,normal,
056a2eb42fe843aca63225be8e0fbaf0,0,normal,
af0b1578d5594b90bdfc4b0c1e021257,0,normal,
0e8d6bb0616e43708e571c719eb86ba1,0,normal,
aa327c65deb74efbb1b6df549e947470,0,normal,
a5516b55726a48d19914f4122da559c9,0,normal,
4d1ce06ecf7a498d9f03e6aa7eed65d9,0,normal,
a2d66ab1eae04125a5e6a7a88b4c6a44,0,normal,
24c854077b91473298ca1a76710f74ed,0,normal,
f7c3f4b4c48c4516ac4523e5e2611226,0,normal,
dcd86a2e257145afa185bbd5fc131298,0,normal,
5443ba968c564ad7ab8c76fb1ebe1c97,0,normal,
d01d176e407349fbbffd4fc14808ee17,0,normal,
a8cc813d8f97419f9bee85b89beb1a3c,0,normal,
10fae554f7a445acac6780fcae63cf1f,0,normal,
aba4d6bdef6b40228fbe33544997e396,0,normal,
65a840be22e8446295539b951f437005,0,normal,
2a974cfb9d72478181b4d8fc9433adc6,0,normal,
cfad7b72b89e4741875c94185aab9c8a,0,normal,
5f9de660a98e4d21820e3f0768ad8500,0,normal,
454adbae79004874965e8f7ae4434c77,0,normal,
ba1406ecbf344e2f97490b09410429df,0,normal,
e40467aa607449b9852d07a44e4ffb35,0,normal,
7e990cae32904e4283a1fcf172faeb67,0,normal,
d3b03bf4cf1a4dbdaa75175c6689f6cf,0,normal,
18d0f063cda94cb3b4cfe77522451ba0,0,normal,
a344690088844b9eb161e904dbc0dffc,0,normal,
98817388f7c1495eb908d07866098c03,0,normal,
f86071534ca34496906c4ab564684c64,0,normal,
180f3bd273dd4c218bda4d618f0f06cf,0,normal,
b03a9b2c43f84ad39c03e4d2b8669adf,0,normal,
4cbd72338d1c4a53885910725864457e,0,normal,
8e8a74d28bb0423e85c8254c3db03d9d,0,normal,
74a8e03268d947c8be4ccf78eba86d69,0,normal,
1a0c228a551e4d5aaaba24275ed7879b,0,normal,
40370525f47a4d9f8096ec3b1173868a,0,normal,
7fed451dccb4495f996cfc5065de9a72,0,normal,
11828225fe4b49dc877ed1ef6a29746a,0,normal,
a893a08c81d44f018049ad3278972ec0,0,normal,
458ca7960ea240a0a7b8acd710db0b0e,0,normal,
f4babfda4d4841e3b75f1c49c6f655ed,0,normal,
83d3fb0161b049c983d7440ddb3435ac,0,normal,
38b3097575ad4f0392343f4169888bfb,0,normal,
d722870ebd30419fbb753ae8d44bb829,0,normal,
3d3ac31584af4d1b89fc2a60d63871fa,0,normal,
d3cd2eedac3c4a8d9f784ac6fe48a289,0,normal,
30af745c1d094988a6fc4c18c985551a,0,normal,
71912fc7c93545af84db16ea52151f05,0,normal,
3b22abf40ef7416ea12c4537fabd4973,0,normal,
399157c3792a4b31ad8ac97f2bb42bf4,0,normal,
dc8a86174fda44d388de243176982ab5,0,normal,
f350eb832ac848f6b416246238c24b8f,0,normal,
531e102ed8a14687980efe8fab8cec21,0,normal,
42d1186ab4a5444b8b0ae757b6cce331,0,normal,
fbbbbbf867724c3f83338ffe8ce12ae0,0,normal,
eee82ab41b27484fa0e9460044053efe,0,normal,
231ca0f8573c42bf881ae039cac911b7,0,normal,
67d6ffaead214b8baa7c380317536586,0,normal,
779eba84dc6e45e795406412657ca3cc,0,normal,
9de20a3bebff48eb8d8978ec9ce43d9f,0,normal,
1898f62739094f9c8a6ff3eddc1880bf,0,normal,
484d0d01ad174c41ade21234ea7bb682,0,normal,
b1e44e92de1a497fada5f38facf0063f,0,normal,
ad2d3093de8c4a0687a958083108d946,0,normal,
365e9c8dec714a0ab49143b52db97d57,0,normal,
e382d9495c2c4a30b2200e10b60393fa,0,normal,
e69eaacfb5474489b35aeef04b18ccfb,0,normal,
b9a78230b8a9462e8d7c981c2fbae38e,0,normal,
97ca50993cf2445381713c6e555982ff,0,normal,
3090c9cebc5145ee9772d076c7dedc6a,0,normal,
e0ecfa927d8b435ea41a87848296f993,0,normal,
56ec5727f39a472b8235a059c1e00a53,0,normal,
bb278732324847699ee79b60a1d87ac7,0,normal,
e7c1b1430eb947139b393a57993ec574,0,normal,
08d683ce506e4af3a90943a9499d16f9,0,normal,
7934e829d6764675a217a2b5dc8e4cac,0,normal,
75919b576b874848829ff9a906700aa9,0,normal,
100e11be2bd247a2afa90185fb8fb059,0,normal,
78010d94e5dd4014b5455b96cf87f584,0,normal,
b4bda2b6f90142468e4d007cb10c5cf9,1,ip_hopping,iphop_287
f06ebf21620649d6b7913376ecba85ab,0,normal,
af94d5166a61440185ff3baffc8a7a9c,0,normal,
13bf9e1c63044772b77cbc8c7959da55,0,normal,
356bc8598e35417584ef09458d987f6d,1,ip_hopping,iphop_287
4f9273ef0447418fa3fee6b039aca21f,1,ip_hopping,iphop_287
15dad644aabb4306a45c630f2f59491f,0,normal,
dbadf49627344673b8fa3f025dba8691,0,normal,
1fa4ba319fae4f66a0e9579d73b55880,1,ip_hopping,iphop_287
788a57321ed34691b17ec68218b9028d,0,normal,
34ae08e88933421abb6e8a05c3474613,0,normal,
d8170cdcc0c24fe7a8a8fb4c6e3fae81,0,normal,
91eebb4dc3a842b1b13c3527586f46f3,1,ip_hopping,iphop_287
5bed7ba833384c5a9c9ee1765a91bdac,1,ip_hopping,iphop_287
dd2526b915784a609a382b23de7386e4,0,normal,
8b4b0e8093e241ae9c35ab9e379732c4,0,normal,
a242cf6c570a46fdb2847c8452e747ee,1,ip_hopping,iphop_287
3f979db0642448398a5c360c72df2c50,0,normal,
9fc41d777f314a4a8d600dbb22cc9798,0,normal,
16b15200f9094c5cb6f00dbc5f5fbd53,1,ip_hopping,iphop_287
7542b18d32b842be9c32b59fe0ae266e,1,ip_hopping,iphop_287
3d6489700bfe429db9048f9af1bdd2a6,1,ip_hopping,iphop_287
8b7f2342e131492a9cae3e89743eafe9,0,normal,
1f559823145e48e0b24a4a585e1559c6,0,normal,
9bb761dd653641a7ac5720bec1977f55,1,ip_hopping,iphop_287
7882f6c90d884ff892d83a9b9abb101e,1,ip_hopping,iphop_287
0b2a8609f20d4201be3e006b1f731096,0,normal,
763eab1fe57244fdaf0147f69f12750f,0,normal,
c0ad0389e36c468499000ace425f7741,0,normal,
9f57e340bada4aa89ae1129277147e5d,1,ip_hopping,iphop_287
be516836841c4777a432f3949a6fb481,1,ip_hopping,iphop_287
d195956919a84853a24c2c66a689369e,0,normal,
e9a27f906a3042ad940cb626058e8c93,1,ip_hopping,iphop_287
041f334d3241411c9b775c574760c566,0,normal,
e5919fdbc7234c3f9d80a992806a6dcf,0,normal,
74468432920f4cddb41c871fc0c4a303,0,normal,
defee18f95d247ddb6a0fa7d5ddb82aa,0,normal,
927292eb296648a6afd13b837aaf293b,0,normal,
b66e57dcc95e4d9bb3751351ad4ebe43,0,normal,
7ae2af204b2d492d8306a42c177ba500,0,normal,
33d4217a2fce497dada9c265eb25078b,0,normal,
4af00be9f56145c09821f6c71cd8b83e,0,normal,
c5aa8e5b8e1a41afa122049a94c91edb,0,normal,
a651f20bb3064003bec40b0c1cc8158e,0,normal,
e73860c81c564d08b5d1e6c612ec7c25,0,normal,
4d2e042a41514d3a9f344e9dc26d0218,0,normal,
30aa2efa7612468ca96ca1d8ad0ce830,0,normal,
2debc17e27444b34bb6260803bd4bcd3,0,normal,
ff7f9686d9ee43818a0cea249fa15775,0,normal,
99c4f8c876794f41b5938c63cb2e8c63,0,normal,
b8713290dfda4d2baffbccad182978be,0,normal,
850a32bccf394ff38c0ba1c12e6c5b40,0,normal,
b92d408c599644dc82beeda0e9e07061,0,normal,
b59d3a86bcda40369b610f8cb41be196,0,normal,
60eec84d090d48ffae0a1bc7f9c9fe94,0,normal,
8a8f62f851f0454996928e9175e51d0c,0,normal,
55eafafc970e4eeca6acd1077491d73b,0,normal,
d5540cd167f544279bc6a47087a059a6,0,normal,
caaa46c28a1a42cbacf1a8780aab85de,0,normal,
c97f8ef785284fce9f74b4fb6b60d464,0,normal,
d4b981020ed94cb481c3150ec58db111,0,normal,
24f2cf29f9b749589bdaabb311e2b2d5,0,normal,
017e21cbfa674ce1b33be9b780ee004a,0,normal,
123902eff9b84858bef54bde6fcc0e8e,0,normal,
1a343a62c3ac429cba482f2cca4c4ee1,0,normal,
fccf24601ca0454188b45e97446ee2c6,0,normal,
85a504f59f124ad1a480a3349079173f,0,normal,
106fd08319a241ddb1276bfcc05139da,0,normal,
b982964f477f42e9927ffaa01dd7f844,0,normal,
3ca23193916b47288aa5de24a022bc93,0,normal,
7b80234bb5cd404483504382fd52e85b,0,normal,
9c3d7d78f20c44db84ea469a188dacf9,0,normal,
11c59d341ba849dd9a061afb490a7243,0,normal,
9d0085ed73fd4e209131bf16bf5aa07e,0,normal,
4a76e9b372234ca184823ee66bf3058c,0,normal,
0e94a9b23a4f4802995e2bbbe98a1c52,0,normal,
6c887718f0f7438ea600d3ae7068d646,0,normal,
cc901fdcc42c43f68cced37f320f88e8,0,normal,
103d15aa1dd047599566f3ad33047cf4,0,normal,
87d52b842d924e82b0db8ca35bdca3f8,0,normal,
5e93635e660c4c23881138318e8ad926,0,normal,
d8c44f9221bc4486a91fcdea86b45551,0,normal,
a42c2cb0dfb9483782bf67ec31815a4a,0,normal,
acc0b6aff8c0445587b45eea2dbf6f60,0,normal,
ccabcbe2d56c4771886ac5e28f16d95f,0,normal,
1a0a06ab263d4865ab2c0fc89db285d1,0,normal,
7ec21db39783402f87f1bc15c134f772,0,normal,
fe1363867179427e958352551bfb20ad,0,normal,
e13c15b9a14e407788b94afb389d32ad,0,normal,
d1b976e63e5341d6b400faf63238faa8,0,normal,
88a6d0e7283547c8a4b692582eb8d555,0,normal,
ed76909512f44772a63f8f23e21869c1,0,normal,
61778ace1bba4791ad16038f6c79e681,0,normal,
c2bbb1d69320431999a4feb057286920,0,normal,
253adddbbed243fa9aa9b279d8dcc888,0,normal,
bc957ff34d8143a49b3c5ac11f1b33f6,0,normal,
1b1516251f804442ba1c141d69c76a1a,0,normal,
8548054a896042949087e3fbb23b2fd8,0,normal,
7240e84a86a24fc0941c9e85555eb616,0,normal,
b2bdb57a6c2b41b59c50ca1b98c2965a,0,normal,
b3242e67fac94956890d39779d7c0748,0,normal,
5dd9ddc58adb48a7b3697beb37a740b7,0,normal,
afc3cf1067b04e2e91d8e0517b20af4a,0,normal,
7b0be280a96c4b1d914f80f63b524587,0,normal,
11c298346e014cabb9d16df706415198,0,normal,
91642d220f594ea9a3989b4471022a7e,0,normal,
27d2ee0bca3b44eca26a0d48d3f7c59c,0,normal,
20cf271d4b37482fa8662eae85271d33,0,normal,
9e1318792d6c4dfb98dcc20a6ed4951a,0,normal,
d37ca54b36bc4ac9930cf8017131099c,0,normal,
65fc2ba11f464245b4fc82f64ccee15f,0,normal,
33ccb2f086ea4b6d860746772fd75e30,0,normal,
1a22794b356545d09c84d01b07405f71,0,normal,
6c06891bb44e498e9b66799af602396e,0,normal,
e4eb688999fe473c8e6b7c765fe9ea70,0,normal,
a2c793efdb254dacbbafe9b07a4b0bf8,0,normal,
3981603d2c2d4e339be18236d96edceb,0,normal,
d9aecacac38d403fa5d62b75d5c93b8d,0,normal,
1607bd40aa1b474da5a141efe5700433,0,normal,
2c4b75e087284eb2bee7cf9f78be3648,0,normal,
35adaeb60b4d4e9aa47eecd5d9ab70ab,0,normal,
1191e917eae24fe0afef010e13afd1aa,0,normal,
ee14156c70ae47cf990f9593861b3e9f,0,normal,
c0503b1606534c05a56126542fcbd9ca,0,normal,
2df34ff2a0cc4e7a9bca9aeb583b5402,0,normal,
142b3e0189454fcfb3a858858a92a3a6,0,normal,
7118c6cfa82d48e9b0c8d0f88f8702d1,0,normal,
65e9c33438be4aa185b9580cbcdd459c,0,normal,
fda4dbab530647c4862ada077386dde7,1,profile_deviation,deviation_195
9c7c07f7a56b42dda9f3292a762561f9,0,normal,
20187b4e404a44d98e3a33a13e10cb22,0,normal,
d13ab0ca72de438da60471a84539b2b7,0,normal,
cb5d5776180046d7a908c742f41f8604,0,normal,
30fc51b81324434e824dfbb63bf98d89,0,normal,
cb05b437d19c45ef9473c817c7638bb7,0,normal,
6fd3ad5cbeb04845bcf22f95c1751842,0,normal,
eb89dd0d52b2470a87f2b8be19ae09aa,0,normal,
7259f62d810d465b8e970319ec15a7db,0,normal,
61a2c45de3d14193983f608153d7f5bc,0,normal,
9833ac963e294391bda129769c91ef84,0,normal,
c9aed87d09d545ea944556fbffa737d9,0,normal,
ed0b1c93988e4020b19afa06e9c0a96c,0,normal,
039ba5a2c1bb433f82c5127ad99890d1,0,normal,
351b551af8e24dbd8e63793139687bfd,0,normal,
8544fe28dddc47de81db08a92c8da999,0,normal,
274f253e011a48df8154d5978d6be874,0,normal,
a3295a2e193241aeb15bf07401e402a0,0,normal,
db4d06aff8ab411ea1d43b3c29d99198,0,normal,
74a8ac9ae2d04f31ba899cf9f0031f33,0,normal,
7ffb94781a25493e8aa22989cef9be76,0,normal,
c77e656e9b474b7fb67663f3d9896efa,0,normal,
371c3829261c412082692aba50350213,0,normal,
b2c99620e1ed4361b5ea8bffd0c85b82,0,normal,
a1b22e87270d4e8ea59e43a4aa517de8,0,normal,
42871134cbe5497bafc8f6b65339f3ce,0,normal,
d95acc5d51044af6af5132321f6a27d4,0,normal,
29444b67192742c5ac54a61ca249563b,0,normal,
728a996d3fe3450795a943c013bfa2e7,0,normal,
5f4415fcefd54c4db8c8abcb41228c52,0,normal,
be0f40334d1040c1baa6f4973d153795,0,normal,
72cda95241af496590150a66ff1c0e43,0,normal,
5b7ae0c108f74827ae9b5bd02c9d105f,0,normal,
3742c429c7a044738edfbd6af120d7a6,0,normal,
e6b286073ee64352901bbfee0fa31ed1,0,normal,
339c01155b854a6ebe080c6157ff56a2,0,normal,
66e8d66a755d450db77bdc239b6e7d42,0,normal,
267295b9d78940ceabab797e4e4068aa,0,normal,
c4ff8613690d4badb7de6a1aa9dbc8fb,0,normal,
38a45c438182419ebc3ec8a1b5f14dec,0,normal,
84ba9c5ed9524da6b967c5fabd996c10,0,normal,
0bf8cc0e9b6b4743b4abe5eb54cf491d,0,normal,
a1b76b8b57844472923724c6f56ca281,0,normal,
657f53099c3549b7870a64c8658b18bc,0,normal,
cc4b03d3d94d4c4ab8928cbb4a484e70,0,normal,
2d991ff777924a7cbbf2739f52164c28,0,normal,
ef07af22abcc4a75bebc9723d32ab16a,0,normal,
b60226b126d24c08819e1b20be7edc2f,0,normal,
6ea03b51fd4846aabf1dcf17e17614b3,0,normal,
83d34554abac4ff2950c9c7d5540d548,0,normal,
88736ca5a8c04f8c9b2b258c9a0328cd,0,normal,
e3a98c60938a417d9b39a9bb3c86d89d,0,normal,
6c11f971d8744b8fb78254a71b6f9c9f,0,normal,
4c6a87cf5d174eb0ad19927159257d41,0,normal,
35751291f3c54b6bb6261443acb06572,0,normal,
91a8f29028b54e8f9a4527bfa7acc47b,0,normal,
ef4c6623d85e4175a73fa84e46fa1c28,0,normal,
6d2734f5ae09442b87239ce1949a07fa,0,normal,
a0fb057ca89041c0b287e3f63921ef2e,0,normal,
19ecf710b30a434f91fbbeb2f79899d2,0,normal,
27d5d02b7626434894492d766442fc0b,0,normal,
992dcd0ed0ca4dd395c0ae6068e7c440,0,normal,
1ed838f83b0243fa972e8c18c980ea65,0,normal,
ebe1fc9189c44e3c8e636f988791bae3,0,normal,
c7204929f5194ecd8629d8e3931501d6,0,normal,
5c1cb504986a48cd84084d4cbb5baa14,0,normal,
94d593c015c94a38b3e2675471c710a1,0,normal,
a4de4c15a8204a948c13603698bde0e3,0,normal,
e6298adbd9074a0c9d3bb0719faa8a23,0,normal,
9c3a39338a254e8c8a8ab40cf8d1edeb,0,normal,
a16a67662e674e2aa64f73b20c6c7c63,0,normal,
44d17c714b1941dc99d7c33eccd80ed4,0,normal,
87461edf0e334a6ab36fbd73533df95c,0,normal,
95a66ae6df4045f9bac8af997341c282,0,normal,
0aeddc0ab0784ee4a5e827efdfcbe6c5,0,normal,
055b9f13bf0d453bb203e9338575dfd0,0,normal,
c69b84f6611b48ab9f192cc45a3108ce,0,normal,
ee95ffa470044b73b8bf35c1b3c58b33,0,normal,
a203f8d6b4b14fc28da026d15e9b3021,0,normal,
45f9f95fc4c24b609828308862df8ffa,0,normal,
a539d489cd664a98b7778c809335d814,0,normal,
cb14a9d201ff4845ab8ce73da0e341d2,0,normal,
e096cad9ad7343d3841bc926dfedcb14,0,normal,
e3a6b308f9494329b8d2edbd980e603e,0,normal,
09956962289d402bb3518ec94e01b282,0,normal,
b4eaff060e3341a9aab220b93c3c8d42,0,normal,
8f94e65fc9804c31abcd7308380833f3,0,normal,
59770e83bc8e4a079ce47adcf6a6c5cf,0,normal,
75949a6a3d1946418294bd91a4dc52b8,0,normal,
8df8ea0ec50b43aba47efb4636f394bb,0,normal,
2a086e92b14644f19e8dab03110e0940,0,normal,
e1a4695c037c46c3b6d16762c750661c,0,normal,
e3833e2f8dfd42f385dbf109658ce392,0,normal,
b6f78825121b49c4b1d3438635864051,0,normal,
6bb896116d88470ea86a4448de8bcf3a,0,normal,
892a027a8a704328919bec593c60fb54,0,normal,
13202644d96d48a19084e4bbfbc44394,0,normal,
8724e82a88244d81a4a4119433b1b12e,0,normal,
5cac182450a44410a938ac9175727b05,0,normal,
5dbdfcaa51904c08b6eff3fbc42f450a,0,normal,
938b91c7b15849b1b603a88880abe772,0,normal,
e61aea88e97a4d0f9d149687a5f61871,0,normal,
450299f341e64256a0494b9a92b1ea05,0,normal,
aca9ab6e1b5b4ffda23257cede64e9f1,0,normal,
2f4d395e5d6d47c58b4cc60cca3cede4,0,normal,
368f3ba03df245839ad12b27dce8f9cd,0,normal,
9e10c0f596bd4ff7bc2b9d067618dca5,0,normal,
33affc358c7846479deb1e1fc31c6d52,0,normal,
97db76cbd32b4935a9980ee67d630344,0,normal,
39f54d99b05b4dcdba3ff90734dfe764,0,normal,
f70f8fc94299499ab8e8b38c87bc79fe,0,normal,
99d8f5d961de454bb04d9734c8747054,0,normal,
feaad52f9e73494a9f7926a91cfe8c41,0,normal,
36d3507730ff4d0491516f430b9beeb5,0,normal,
052cbda58f4645349d4907f244d78f64,0,normal,
270232749092406db6e1772962285835,0,normal,
bd8a7fcf8e7541188e27b9d23c4c3adc,0,normal,
93550e88c6e8442b919f4ea386fefd32,0,normal,
6d21851bde6846638c21dfc44e507ebc,0,normal,
ed331237f3c24d3e96d471735a3e5d89,0,normal,
9bb9a997db8d49a59155b459d736a4bb,0,normal,
2144b9e67231406fa2fd9740fc12e76b,0,normal,
9933cd55f4b247d6aa93f6b097fc7c3f,0,normal,
d3b0c233056c4f7b9133496ad520bfb7,0,normal,
3feb65adc14849dda9e0ffad24922c1f,0,normal,
c7df712e903341fd8e8bbaeb19544204,0,normal,
a9096cd10cbc4801abb222f080695d3a,0,normal,
6e0b8f6290aa46fa8633b361a8019db9,0,normal,
939b0201aa20403bbd0ddd20dc8d16c1,0,normal,
5f84dfe788bd4aadb00b810042da8686,0,normal,
e86c7ef68c04467599817c642537d5a1,0,normal,
635f5108c55e4e388d50d2b5f3c56815,0,normal,
c42e790de80443158fd21894fc49c111,0,normal,
f7a4537d7b91469a9ae6a24e05586106,0,normal,
64447a9eef2349d1a1155a774fdfb849,0,normal,
48747718627848aea227eac73108eb7c,0,normal,
596e08eb2178490888991249038b4309,0,normal,
c13dccac3ec3418391e6563630d26f65,0,normal,
a0a9a93587dd4ff8950655eafb6bc3e1,0,normal,
14847d061ea74ca19a5a2c8d051f04df,0,normal,
f9031b25a413430f9e244743c8876f23,0,normal,
63377f67c48f4bca987fe5ec5d4ad783,0,normal,
59d06d23951341a5acc435d01d6600ba,0,normal,
6bd782eef0ce402eb0978dda9bdb6825,0,normal,
02eee732b99b4405ac99f1c38c3b3656,0,normal,
762487b358184e2cb38e41f9dce95536,0,normal,
a7b9eadad7b646e086a6c7f2ad3810bd,0,normal,
cda20b38e4984d18b1bf23f127e164f8,0,normal,
fddce2583b18419fbeb3bd2536fdb6d9,0,normal,
e0f0b55806a346efa0402ed9c86a2d93,0,normal,
9e9dfc9e79ed4a53bd413446ec164df5,0,normal,
3a2189a5fda24f0db3b0d74e77359c52,0,normal,
608ae0d243424a39b4f2a46b1cc71886,0,normal,
3e27cf1838aa4f16aa4efc8d2ac04e60,0,normal,
ad2213101e634712984e78521a4ea40c,0,normal,
4b4bbafa06104d169a44072fbfa5079b,0,normal,
345cfc53544c48889c2b9e7dd44851d6,0,normal,
0aba6f62bc2d40b180336ff891200dfd,0,normal,
cb777ec2e8d74b35b9cd79972642ea1c,0,normal,
753c6d2581764bff86878f88d9f01093,0,normal,
ae52aadf876541d98105eeee3ecba630,0,normal,
dcbe7b233879491e9fd8f3c0ac7089d1,0,normal,
3c1c3aa3597a427691608b65aec71948,0,normal,
07f9778099a0472da4bd8b3b83b0f59e,0,normal,
a785c81d87c149db93ac233c0d8a1801,0,normal,
68c88fc697af4a8f93f5a7b79381316d,0,normal,
f459b5a387c6464cb7de6f4dbff2945f,0,normal,
8b619f49809d41a285678172b05f14da,0,normal,
756a5465bc5749b6bd791404209bd176,0,normal,
21efdc0d9e2148538bb784d682a3084d,0,normal,
b9119cbe2cb24bfdb5071786549aefb9,0,normal,
74a70b3b4b4b48b193bc98045f4a6d0b,0,normal,
9113b54d04d748418371383e904c3422,0,normal,
ba9908972be34649b20c0356785475f9,0,normal,
0ec2fec691e2401ea7157b2794895594,0,normal,
cfb037e90cd149b791fd680b824343be,0,normal,
c9c71f6c442f41fd9b1fa3a2abfc10fd,0,normal,
54b992214e774ff1b89d7aad653fc7b5,0,normal,
83715128701a47fc9c4e6eb2eadedd23,0,normal,
3ed46e6b50994172ae4bd00fa801f582,0,normal,
24289673b86344058933029e0b104384,0,normal,
439ded0dbab5483e9e3fbe4821b99f62,0,normal,
04943804d2ef4863a70adcd914b3cb5d,0,normal,
f728b5446bbc42b488615aa871aea73b,0,normal,
05a845c23f7f4f4b921be9f539eff1b9,0,normal,
f2897a459753414eaa41a54f52646f11,0,normal,
2dd2a1a3d7344f79a6a2afd86e00beb6,0,normal,
a4760cb858984b25a536f29913498e44,0,normal,
edceac064fbd40efb011ebc64740d20e,0,normal,
0e0c675364ce48d1b5fdef3ed29ed26c,0,normal,
2e3a9957c23840b3bfd220fdf9753329,0,normal,
4bd1da63378d402ea8ba247ae72afb7c,0,normal,
3ed3dd2c44524d168eaa19385e8c395e,0,normal,
a37309ff4d15430581b8efdd605783af,0,normal,
45b3db0d8cd840bd9de8e8804c312cb9,0,normal,
7f725556f4e74d54b9d2b614679cd219,0,normal,
cbedd375bc4945279906f425cbaa574f,0,normal,
a4cb4bf662334ed7added3580607095d,0,normal,
6dd89a60d980436eb0c42a8164be8fc6,0,normal,
518d38e6ae4f412984b06c01bf7eb6fa,0,normal,
6576798ffe4448b9a9ad60ba31860f66,0,normal,
a06c23f437b74db29d99f740b1589c6f,0,normal,
969bbd65d041470d8ea3dc3bcedd0d95,0,normal,
9fa8563ed151487a8c105e4ac5832e31,0,normal,
a947f7affc53469b8e612511ffefe6af,0,normal,
01cca5aed53a4adc91af3677022a6bfa,0,normal,
a9b6b4773d2c4102bb952e55630d70c1,0,normal,
24ce0d8a1dbe44f78e2e560e29c500d3,0,normal,
84b7a19722db47ea95e8084bcf855c73,0,normal,
1e5fd5695b914546ad9a4b8ad13d9793,0,normal,
9c15b97b75b04408becb77273e1b8942,0,normal,
b3f943da11464da3adbbe3ea6e462573,0,normal,
62435042297340f2a61c67ed05949d7f,0,normal,
39c3cd15b0ec43a3ba45ec7fef95498d,0,normal,
b415745b76654563856f6b305da1f230,0,normal,
73f6842105fe4c02a92994cd545ad289,0,normal,
55149d5a9c9e4d47b03b32e038cc42ac,0,normal,
7b94399003b9463697cf0b826296137d,0,normal,
3d8d5e375326409ca440dd3b54dd4879,0,normal,
95aa45dab1344adea28cbb446946d431,0,normal,
2ba4d8e299484506bf10fbfc0052b946,0,normal,
db1a0f3688d44537a7d4a62ff357663a,0,normal,
533ada0cbd754230b0fc2aaeb1d8b56e,0,normal,
26d9df04698d4817ab99c0b3a47c5d56,0,normal,
abfc75e3680241a5ae7fe734e98b2eac,0,normal,
d0d053a9d81e4a81a92ca6834a157601,0,normal,
dca7b692285548ad8282047d27a61e02,0,normal,
3d331b724cc14ad78a405b1c10a2afdb,0,normal,
e0767f6d5508406b9c1e02e254b950c5,0,normal,
35049682064747b1bb7e75058bbd8a32,0,normal,
eee24db6330c44faaa7496e8201794de,0,normal,
cbb39b907e874292a8861de4a225c351,0,normal,
2d7ae8d0d8904f36a8367f30df5816ce,0,normal,
fca378bd5a844d358d453294a71d2af6,0,normal,
9ed357d31ec54b5db05293d4a3f1e7a0,0,normal,
5b8e84600d484667a3745757ae6645e6,0,normal,
adc61992854144a388fdc2f25b68a4a3,0,normal,
53d3f7271dc943af908e402ae30f4d5e,0,normal,
0e4897265e334a5981e4a46fd5a6ac41,0,normal,
a658904f11364e508dcce2ae2714f0ee,0,normal,
e6c81d5437134f8e839794bf42e997ab,0,normal,
fee79f086c0043e69fcbba54237f22fd,0,normal,
85d9a875dbf5468f926d5ad9a0e3aece,0,normal,
d2d68a4cf8f34408994a4b92d46ad575,0,normal,
647ab98aa9f1407296a8c38ef4eddad2,0,normal,
c615217c93fc4beb9f487388b745b6ff,0,normal,
ab7a3c0a0ac84699a312449a42026608,0,normal,
348df0a70aae4e3dad257733035b71e6,0,normal,
dbc558a1875444289263eeb78a758d0b,0,normal,
fe1321359e7c4c1580b01bb95db340f7,0,normal,
a46f4924c0634833a8d2039ad041a3b4,0,normal,
fbc24ae100b049bdabffc304dd79d380,0,normal,
42a386da5e5540c6a912fbc234465d20,0,normal,
79af944d4c614debb93b8df648f1e7cd,0,normal,
89cb264474ae4d21a62ab6f04cb2b375,0,normal,
98d26633ad0448c89bc247dad9d28982,0,normal,
bd1b80b1f3b74484a25467bf6783dde8,0,normal,
b22c842c13914d2fa35c58a0917a6ad5,0,normal,
7276335748934c4492b66a671480bb02,0,normal,
29cbedad6be94555be273fe94e2ce481,0,normal,
a73aeb4e80124218b3fb1f2ecb76fb47,0,normal,
ed12a8f607d24c12aece63d51e6f7b99,0,normal,
60d2e3f0d16c46409e52a7e9381e395f,0,normal,
b0584014eb5b48b3890ab5f329266443,0,normal,
415a8acface945ad804ddbc22af7182b,0,normal,
546863fe10fc44e88f12d0434478f031,0,normal,
5e63a931b58044dc87f0ebecbcee20c3,0,normal,
f05323e69da544fc871613967dc78a9e,0,normal,
ab0239d9922d48e58732dd31d42d264e,0,normal,
fbc35616699c4cfc90831e7491bb6005,0,normal,
fb973525b1574ea2bec35da71bd96257,0,normal,
6e1cc3d1930a46a58fb8af7ac0f71901,0,normal,
44caa9c98d3246f9b43c07bd5d775637,0,normal,
6da363ef87124b39a5f479e65d72e3fb,0,normal,
460b8f0ef3c84ab9a0422d3fcf6ebf8c,0,normal,
06906dbbaa8d49728f2756107aac55e8,0,normal,
a138c1bb9ade4512821163c48120272b,0,normal,
c398e6a1467e4ceda5f6ef54c96d1a13,0,normal,
e926643c004647cb9c8a506c08dead3d,0,normal,
41281691909d4836bd40536b74ce0be2,0,normal,
6f32ad46e3fc4cbe88b93f3d72a08640,0,normal,
dbd426abc9f34380ab44589afa031e78,0,normal,
cd65bc23e9864c6f9e315dce9a6db0e8,0,normal,
caad6bacacab4987971cea35cd18081d,0,normal,
0a013f51bf87413e90f74fb18e6b8055,0,normal,
bee1e2164d0146c7addea6f723dc10b2,0,normal,
d4ac7da3f5be4c609143725542a7b828,0,normal,
5bf0aef5e8c44dedb98944db3ce923af,0,normal,
07de2721b2394c1d989a7908c732c359,0,normal,
03e9c8b1ec724803ac0dddb5c6d4ea7a,0,normal,
ee368e666ab84941811868875c946983,0,normal,
a28099dcfd9f434b94fed51f6a6b8d7f,0,normal,
7ac4772928724ff3aaf4286d4cbb4028,0,normal,
9119bb51c89f4e99a088fe56631ed9d3,0,normal,
1bac04425f3d40819fe4433e720c06c2,0,normal,
1ac3cf267c98428dafb8ca169ffaf07d,0,normal,
b9a09a7c753249b4b389499585613dc2,0,normal,
66c2a2bfde7a4833972ac08bec7ef6d6,0,normal,
8200126f681e42bab6bd9f7866a0a757,0,normal,
a4e62fd206594b3c88f5615126534afb,0,normal,
db7ae2bb5be0417fa49b416ac6c34e67,0,normal,
d5bc4bbc13f34538b3ea03a46dfb42cf,0,normal,
54852effa3d542a6b74a54b7903a34d0,1,profile_deviation,deviation_89
05e03d3e625b4ac893643906d52f48d0,0,normal,
dd6ca027d03c47978a748bb55b2555e5,0,normal,
67d50132fa4a4d229ad32d4ee32712c1,0,normal,
375211260d30476eb024f042fce98908,0,normal,
a08844f5395c45399dc79edb503f00c3,0,normal,
81e8e48d979a4a4c8a98536efdc80c36,0,normal,
4bd384963df140c2a420856315e06440,0,normal,
ddca2f5579dd4683bca2bd784407145d,0,normal,
49f569f688ee4ff9a7b41bd788952b79,0,normal,
cb6f122ef431474a8cd67a0616bb29c9,0,normal,
9abc7005d2b048458db4b70ef25c4540,0,normal,
e82f5f2582bf431eb8a9d1fd4541765b,0,normal,
023b928460264efd981d6ca15712bdb3,0,normal,
eda7100c158341a7a8a8f34ece898e53,0,normal,
934999a23c74406794c0d88c400c8120,0,normal,
3e1ff51f76c444a59bcd6e18038d9688,0,normal,
6441ab8fcd1f401196cfe2cfa8337966,0,normal,
bd6420a61f3e4cd6be68c4fd4371e1ca,0,normal,
edbec443c86840e88aa634b6bd3480b0,0,normal,
1fa746df42e543b8a894f458ec24eecb,0,normal,
72ed0568e63248f5bb7728e7112d920c,0,normal,
a935a76216b341708448d75907313c40,0,normal,
43a336e8ea444ae5a5b328110fd3e2c5,0,normal,
fbd432e67c114af8a52b1094aecaf30a,0,normal,
a93f8fddb0bd4632957402a061136a01,0,normal,
9a5d06392cd6477bb10804dbbe190aab,0,normal,
e4ea61440b3d4ab89306f440e38a2f7e,0,normal,
651bb765c43c4de4b55831d3bd939b6c,0,normal,
4f969c03cb2c4533946df1998bf570cd,0,normal,
ea72a81df36f4d9a912e58d45363deaa,1,ip_hopping,iphop_425
d6d6b82976644e6e83beb13ac385b6ea,0,normal,
8a2950225d494a4ea84bfb747ab19dc6,1,ip_hopping,iphop_425
e31258739b084bed9c4e34d5fc71b7bc,1,ip_hopping,iphop_425
62b884fc3aea410584cbbc0bd837e05d,0,normal,
77e8a6607ff54af28eada3c7acc66d92,1,ip_hopping,iphop_425
b2719bfa22c24ac69da744f5b1ec1a70,0,normal,
468096032d2e405fa63daddd707c4c52,1,ip_hopping,iphop_425
25373a4fcca544db90010f5f4bb4d3b7,0,normal,
b598042abe8449bbb66969e3a502e48c,1,ip_hopping,iphop_425
0af5f9e76278412fbbb579e58507e46d,1,profile_deviation,deviation_563
a108cd7f26d443e58bc09a9481bef899,1,ip_hopping,iphop_425
11985b62d52e48b69254bdb0d9993dac,0,normal,
aec61e411db34104a5a3b3df9f1c4933,0,normal,
875b487b76d04f84beb1e4a4fd0ad8a0,1,ip_hopping,iphop_425
8f60c520739445a59a3d5875ad3579ee,0,normal,
dca8b9f504874250819479d226252a4a,1,ip_hopping,iphop_425
da55a1eab15140a8bc6a726c5de9262c,1,ip_hopping,iphop_425
ae0e61bb1d3f4e5ab3352d41caa93d22,0,normal,
6da69020eccc414296f88f03ca5cc5e9,1,ip_hopping,iphop_425
ef81c068cb814b30a4cbf93172b353e0,1,ip_hopping,iphop_425
51b15fc74061444ba16c22795696eb37,1,ip_hopping,iphop_425
01bb0fc821b2462380cfd8a3fab9fa5e,0,normal,
7159f1b94aae4b32aedfde5b58815416,0,normal,
2e404bfdc6334ab48c763d6ca43d8b4a,0,normal,
ff542f2bc70b44d49f6136d933b5e5c2,1,ip_hopping,iphop_425
8f902b0d43b2484880e31957f822e0f3,1,ip_hopping,iphop_425
e71da24cee224769b36ca8763de71b34,0,normal,
6333ecef5d9149748b621a167dbb9627,0,normal,
f24b6d0f64db43c69203dfea3433f283,0,normal,
13a154b94f07405db0d53227f3af3893,0,normal,
e936927b6f04451c8500be38442024a8,0,normal,
bef633e9ebeb425da93ba172ace5ef01,0,normal,
fdc2f24224704866b6c8e266670eba52,0,normal,
aaf16141012246b393862e0f54f1efc9,0,normal,
38498b24f743476388efe7e256507ff5,0,normal,
e7f43e969d8f4ab19afd4e000b4adab9,0,normal,
421fa407c5524a92906ac633e1571438,0,normal,
4b8be82353564e4e9c5d986e52f9c287,0,normal,
3d847527af4e4ddf9470d0fc1280e7a6,0,normal,
347d76c814d54615bcfb68660ed22c2c,0,normal,
d5cdc4835c3d41f79597ea563c4217d4,0,normal,
73f4fee0bcce4339bfb58a1781e7d3c3,0,normal,
88d2cd1cc5294571a786811cfb5f8fd6,0,normal,
1c9e4e43a1484729a97974ea20b43b6b,0,normal,
765b38ef694f4ecfaf78b7d11ff1b65b,0,normal,
3a81c04d8d9648bbb9402514ed9bff46,0,normal,
7f9a9e33a358410188720db65965eec0,0,normal,
92113134aef14294be294900a523e259,0,normal,
040c4e1f24d94fc79018c3922d97b0f3,0,normal,
4396281bed674bbe80b3627ea0cb2464,0,normal,
3d2b4848fa2245d484fecd4cc16bad02,0,normal,
3b430b1d37ef4ba29f161a1f95f06f3d,0,normal,
e2ed6e77686249cab2f476b0779029c1,0,normal,
c2d17df438834fc0902bd5bdc6b0cbc1,0,normal,
314db9459e7749e09080443a0245d127,0,normal,
c03daa7150894c98adbfeac5b2fff07c,0,normal,
b9617438ef8b4425b5e5bfcd778f3b27,0,normal,
e55b4bbfb0d74675874605477f85d6ba,0,normal,
7c5fde07935846f99c5b0684ad426c4b,0,normal,
6d7502384f914dcba3e3212a797c4b2c,0,normal,
1feebacf7f724e93bfb9f6eb03b8b8c4,0,normal,
7018067cfa3b4501ae569aa39b92f6e4,0,normal,
1f68d3359add478abcc534e1dfd43d18,0,normal,
436c68ae616f478bba32ad594dc27cd8,0,normal,
4cb1084f21c94fc1b22b5f03238f9b57,0,normal,
12189b07d4834046986614000a4b15b9,0,normal,
499688c8b6954a64aa84174e843c67c1,0,normal,
e0817ed70eb1487f8fa7faec37cd76cc,0,normal,
9459b4d2e06e4d87915b0e69bd221042,0,normal,
bb368850f4b340128c4c965f05fabc56,0,normal,
dbdba691d27a472983f9c1d3f95e62e6,0,normal,
1d54529128c147c3bafcad9b74ccfc91,0,normal,
324cb2b04fd64c86bee49e99972c5bdd,0,normal,
839570582f2c477f827f1f0a0e9f740d,0,normal,
6641ef38f69a4c82a311c505b898e4ce,0,normal,
160052294dba4bf585a0673764235f72,0,normal,
61b402b848334c1ebbd4d677f400a7d6,0,normal,
20efd72e0ab14c4c88f93914abd45d6c,0,normal,
1b8944b20eba42eabb7949519e28f324,0,normal,
764c7aa139734d40b70a88d7f091df24,0,normal,
32d87c04acc34fb3ad423d697af41023,0,normal,
5a9c01f650fd4562b2f710adbd672110,0,normal,
b6cabcc555c941afb5c835cab83b3756,0,normal,
d0045b5be4824d7194af7f04258ac701,0,normal,
d16122e086184518881814ca2196ee7c,0,normal,
3d152520d8394009bb846b50adc8b5cf,0,normal,
d25e97f2189d44a9834c59f92b97f53b,0,normal,
fef9b28349f346728e3ff3b48136a3f1,0,normal,
2011ee0dec294c2c843877669b69118a,0,normal,
d79875978f714c63add53af10ea49747,0,normal,
4b911b8bd3a34be9b3c0be7cdfb53b19,0,normal,
0e5c3ad053794a879350b19db440b757,0,normal,
a0913e8faf2749139cf672d1fa33bc12,0,normal,
8c3153b82cfe4b52bf2e5e568c95738c,0,normal,
87dcf2f4e01542d181c23617e448f07c,0,normal,
f3d369894c2340e39010967a0671fdc0,0,normal,
bc7e9501ea76495194a57f86e8faa104,0,normal,
b84265c84aa24840b0c322394507b539,0,normal,
28982de9c696429a86672705e2bfa9a6,0,normal,
2bdd18bd7a914a7a88654d6561ce020d,0,normal,
163be57becba4d63b1086e6225839ecb,0,normal,
6108171bb99649eaaf720faf0736d416,0,normal,
60ca2954deee40e09cefd7b9d68e0702,0,normal,
110f54f4a46b41308bad944b2ab711fb,0,normal,
6cbd2f40d286421aac43e9fad9c315e5,0,normal,
4e6c0af034b74828a37e36dae30b79c7,0,normal,
539580d411314898852d4f4733df4ba5,0,normal,
77e6c05b49b14902be81f0bc88486663,0,normal,
12afa7b667bf4958b1b5de6f4b79e0ba,0,normal,
6265e1ee8fc74dfbbc1dd2a312310ca5,0,normal,
e641ed9a2bac45cbb44159a11441ca41,0,normal,
38ae8fc2b9de4e2799b60050a2a9fc25,0,normal,
1c310a12b71c4297aa3df6dc81cc6b66,0,normal,
12c8182b551349b983032274340e00c8,0,normal,
5569745b8b3d4f91910ac2d79e0e49cd,0,normal,
7729b6dc5c3c4734a299f99fd82540e9,0,normal,
59837a5ba2e04e84bf48ac8f8355b884,0,normal,
aeb2d1c3b5d340f085372b4180ac2f9e,0,normal,
75bba12fe89641b48e55be21f1020d94,0,normal,
e3973fcc52954a999173f5d92bff2418,0,normal,
f13dab899a1842189b4f386a3ed07927,0,normal,
5bad6c04965345a89025383fb04c8701,0,normal,
5bf61b7d454f4faba22557356dcdb4b6,0,normal,
b1ed757eb4e54ed4b02e97fa6fc5b593,0,normal,
ce34291ce0454500b7486896b1258ac7,0,normal,
d706d101e8cc45dca3b13a0281bb1bd9,0,normal,
4c1abd55d9b94cada1ed900893f3d217,0,normal,
ed31a1e391aa4ee18bd51cfe88de4767,0,normal,
17bbdaad6030473db534136ed69dfdb5,0,normal,
35d9ce1a137c4819b8db12886a1dfe56,0,normal,
b796670847984c0cb82d7b587ab1b60f,0,normal,
176c29207a5144a79a8a5694ec85ac8a,0,normal,
abb179396a6545c2b111206e6d2ed749,0,normal,
81c0bbd8d7654d82948cc88d09840a50,0,normal,
23ffccba0d1e4bc592ce376cb9c9c208,0,normal,
19cc7757ffd4468f92798a7cf1b4b87b,0,normal,
71374de4fc6543d393ce45fbdb35f170,0,normal,
da4a7db2aca340f29b4f36d7fb60ebaa,0,normal,
4bce793908a14d47b6930a3c46677eb5,0,normal,
456053a62f8247ba82eb1806b1b58623,0,normal,
073eb58968ae4263b49e0dceb50693bd,0,normal,
6c64372672d9408a913178391d7c8bc3,0,normal,
69e259eab24f47529e77faddf0cb738b,0,normal,
06b8f42a058d4ae88b9fca038424110d,0,normal,
9bc8dc1d920f46249d98e05908163e1c,0,normal,
9369e711ad4e4d3aa6a33320d88140ea,0,normal,
892502eeea31407989c1b0567ebd4b6c,0,normal,
eebd174f1c924aa7b07be4eec941dbe0,0,normal,
d63157c55cf347a182337b2e95a538e7,0,normal,
b50d8e57e9d24f0581966bb56aef9bac,0,normal,
5f26c42a3df24fb7b7537d2c12a0103f,0,normal,
47eca88af5de4e2e863edd7994f6aa44,0,normal,
b49b23361e0b441a9b94fdf3139f7086,0,normal,
fd79f74899d04c48a315ca0b6269a342,0,normal,
d7fa9b5bcbbf4e03888378af9cb71536,0,normal,
63682177bea54340addcb744fbad418f,0,normal,
4973245ea81d46c8be2a615ab982c136,0,normal,
cc48d243acaa4484b1f91a21098d457d,0,normal,
10b3d6af54ca4ac08fe3082335e50068,0,normal,
d0418e13bab940c786fa66038482f15c,0,normal,
5b6968ce4fd24750816d5a84bf99dee9,0,normal,
47c5c9a3a14845e7845fbba237fcc8fd,0,normal,
19f883ed00004cb48b2fbf75c2232270,0,normal,
55b6acbce4fc4d209d662ffe0eb40168,0,normal,
5a491d4d2c9842f9a06ce79e6b5824c3,0,normal,
8bcd6861851d4f00a5092e3fff196561,0,normal,
f756315114e348bfa388a75c0692d024,0,normal,
fb315821149a4f4baca7aecd45c2c25a,0,normal,
1c4100beaffd43b199a35cefd3931a8b,0,normal,
1faab072c8cf4abb83e5ad8f60b10bdc,0,normal,
32d694d4ab344c33a1f8709dda549dad,0,normal,
9ca2ef58a3444dcaac165c2ca6ccb380,0,normal,
0cfadbf9f9654e5cbb4e5d3e714ac89c,0,normal,
438d785ea9274d6da3f9d5ed65a377e2,0,normal,
6ecc9552844b447ca518c8137ddc3028,0,normal,
d3b1b8f28aea4bafacd950a9fa1426fc,0,normal,
47c44ff814054bd8b417a62e6f84e333,0,normal,
a61dce169dbd488895f6ddb593fbddc7,0,normal,
f9e67d272dec4b93bc1f587340c210a8,0,normal,
f571e7c97d554439aa9fdd6b85fec462,0,normal,
dabc8a8ab8094b588bb8a58edcc449e1,0,normal,
b5a6f9daf5274e618ff04a84d66ffe98,0,normal,
15941b1d85614cd6a79b9b0da11dd4f7,0,normal,
df376b4dea1d41dcbe932d990fbf4852,0,normal,
6590d8463f8f4d7a9004ec504884aa7c,0,normal,
92200f9b3c99474aa10f02cb3a9aa718,0,normal,
ce4d6cb18dee4785b525749aac3da8e9,0,normal,
1e3783aee31544afa619590bf23e1df7,0,normal,
f5ddb97e0ca64564b8b6e84ece478ce1,0,normal,
e97f27a045fe4ec6b22c297c1dded810,0,normal,
3fb9ce57b7cb48e0a7c0c07573d2f5f4,0,normal,
82737cb95b3345239c0e034d2791e658,0,normal,
44ba1dc0895c4ffcb135a8a9e91db026,0,normal,
5ea29ac156c342b587af40d1f48e041e,0,normal,
09ec6edd5e4c464a9e8c283d373dafcd,0,normal,
881970db91f84658984e6abd4626789f,0,normal,
73046ba33b4043d9b3c91c078aeb0f16,0,normal,
b30b210c70d14c13b48718a0812c3f83,0,normal,
359a195163784e51aee783184f4717b4,0,normal,
f0e4ea63e7b64fb1966e2457e9b08dc3,0,normal,
816d42d7af3e48cd9b3cf59121da7084,0,normal,
47e8008b09594feeaee54b3d81ef33ff,0,normal,
86d3fd2faecf4a8a8d04f4c8fa209a59,0,normal,
af1788a0df2846a3b3c74d629d8a7141,0,normal,
53c0958e5d364a2b9e4922e9f8a87502,0,normal,
a900dcb0fa0b4b1688a22e744e30dc8f,0,normal,
c7e8cc40125a44a196f1ddb924452117,0,normal,
2ff1f778b99345e9ad043a06af93ed5b,0,normal,
70e1ef96d16742c6b0cd25ddb7376498,0,normal,
43e9c953de6d414982f3525aeab94f80,0,normal,
69c400c485cb4cd3a312e8abd8d0d1d8,0,normal,
c3de7f4788704adb80cfebaebf0734b1,0,normal,
55f0b6bcfd25425786d9f71d6f02874f,0,normal,
a1eacd2f007e4ac1a8401c35f35dbc34,0,normal,
f35ff8a7d7f1459b9bb0b61b124adeae,0,normal,
acfa97dcf1e0471ba7322f30038f5ded,0,normal,
0524912b1834429ea687ced20398cac4,0,normal,
c751b9741592472eaa8bcaa3e0022f72,0,normal,
5b676c70a51d44c8a5d29f77437e9874,0,normal,
6f38d138ed6d4ebf9129ea1a1c85127e,0,normal,
47d4af9d519443bdbd03d67849d180b5,0,normal,
beb80606191e4e6694ac4c80c7ce53fe,0,normal,
e5a40181aa6a4811a9be1cd084033170,0,normal,
71205a5373cf4e5b8d33a4bc15478fce,0,normal,
c5537cd304c849fc802cf11224ca069c,0,normal,
80fb04b8f7964be68bf84e6810cddfd4,0,normal,
174502ef936144f68809ea1daab33a74,0,normal,
db831b8f302e4811997929ca35be8435,1,profile_deviation,deviation_717
da1e390997ce4e85aae73ad1b675b9cd,0,normal,
540df4ec03a54c37b20165a23334429b,0,normal,
25209f46e6ec490b850453d3db50e92d,0,normal,
aa6c4c53b2c34ab789c589a77c6bdcd5,0,normal,
5fcf25ce4fb946d1a412fc83e4b54c3a,0,normal,
1eeb2b72f7d84da497aa58cd052c712e,0,normal,
4ffc75860808494aa56c7fac2b1e02be,0,normal,
50e856586e2b48a9aaf8c6a672bf09cd,0,normal,
fd1bb140579b49468189798e29b6dce7,0,normal,
a01f6adf692241b1b09ad60af2988a4e,0,normal,
2172ca5c592a4fc5acf2b4dd893b19ec,0,normal,
8e54b33236df4985b94af414eae95dea,0,normal,
642cb60159c14471b7951bfbe5c69de0,0,normal,
20165bbb67874e4da028cbdab0bf6d4b,0,normal,
18c9aa15ddb746df83bb49bbd536498d,0,normal,
4aecabca236b4bc1911cfa9a29feabeb,0,normal,
83de44e1c34d46f7b357b2a13931207a,0,normal,
a31793e3230840a499a4e6de55591ba5,0,normal,
31bb10a4fa9b4eb3af395d1fe93f73c2,0,normal,
bb49a1534fa149eca0109938931405d5,0,normal,
e049162fb1b34770aa0a5270fe831729,0,normal,
8d87d4128fe24ddb8b207bbbc5f74277,0,normal,
f81c45186ba54397bfbe3d4a1d0c8648,0,normal,
be6c8423c62141a0aea34384c577e19b,0,normal,
b2b56930718d4ff28c65d51a1fa96c02,0,normal,
a4b18991ee37470a91bca6aacf4fab02,0,normal,
596dee95a8bb49d298a7bb7eea5e624d,0,normal,
8aa74db7a4a74215b417e051464b5aff,0,normal,
eb0c1e8c982c444ab48cc6ce35ff96cf,0,normal,
c3384ea1b32f4a92b436d661c05fd2c0,0,normal,
d4213709aac64b039ed888ba059a2fbc,0,normal,
e0ff3a23017e4ee794a1b03a7fc7a284,0,normal,
7f646d37c3fe4b0dbfba42990b37db1e,0,normal,
6984be91f45c48e7a2bae824c0d7b6a3,0,normal,
21c481513dd640898c44e0d43f19a03a,0,normal,
3f08717824854cdb93b734c280fbaab5,0,normal,
7326eb24afac4c9d8c90c38e326479b9,0,normal,
9f9ee34b9c9541cca7cccf2c0dc6d9ac,0,normal,
c8f18895932e4594908f8e50285f4560,0,normal,
7d996123ed064fbaa13f855c2d55becd,0,normal,
54b411542cf94013b379dc066c40460f,0,normal,
38a495b990b3410eac9d3ffaeffdfb2f,0,normal,
047a3ffea2ef4adb873e31cc9f784a71,0,normal,
a3984c891da24fedabb7d22ae1febfa3,0,normal,
6c3d786f01e741959a5b53470021622e,0,normal,
432884cfe9c0499cb512f69a9d7650a8,0,normal,
55f4c0e8cbfd4211ac3e0c08764eb14f,0,normal,
f3db8677f3d544f6bcb61e6259b91f87,0,normal,
a43714f9b02246feac38c3494e8d1be6,0,normal,
6a007a3c5f444f61835e0fbf23ebffeb,0,normal,
a8b524f6c59f44189ecd91697f2dd4b3,0,normal,
c5ca3cba95c3498c884237ba3b9a2fa9,0,normal,
8c87aa6bf2f545fa803f755d805fbeb6,0,normal,
a3387673ea0e4199a3ddcb51ca0db9f7,0,normal,
735839e5273942cca6ff349e291dfa76,0,normal,
0258dd38913249b5bc23f4f78acc9ce3,0,normal,
ff29c07fa46d45bd9717a59e268c3e78,0,normal,
70a84b9c88b44133afc45b16e5c8a2d6,0,normal,
2a7e9f17eba34fb9bcccef3cb01c7433,0,normal,
7d0aa5f20f53461abcd0b7fe9cadec15,0,normal,
c480bda05dd845f4ac63a3789644adf7,0,normal,
956615977120418cba7e49c68a9fec89,0,normal,
d95fe42d9a1a42aeae8dad02ea1e295a,0,normal,
e66fd5d373ed404faaa77b07c61ad1db,0,normal,
98bd675564cb4efbb82e9016a2cd1f6c,0,normal,
3b92c8238a3845779b7ef8ee8623dae3,0,normal,
b2035f4eceab4043a53e46affa0561c7,0,normal,
ddb8325c823c41ac8c03ac7e418d863b,0,normal,
1b3b6a087e0b44acb6b95a9db57a3b33,0,normal,
507eb429bfc941a2a9649e371caf4108,0,normal,
f86cec84c38047e386142a4d7d7b6e82,0,normal,
dfd05016939a416486171bbd74ba8aad,0,normal,
bc53e0258b5f4702b4d3076ffd325aea,0,normal,
e533badd6338402983d5056de0bcddd7,0,normal,
5200dd7284684584aff119b22321bd29,0,normal,
c4c1c4eb6bfc4b358bcbd27abf0ec469,0,normal,
15e03fe972814ff180b79ebe7fa1763e,0,normal,
c3204ca00cde4863b5d15b0738da6692,0,normal,
9a76e9f9d807449281921f1f718d8ee5,0,normal,
5b929a0871294eb2bea863dbac7a0c60,0,normal,
531519b2f39a4cf7a31b315861b3290d,0,normal,
db633f48c74b4c04837a623f6d8c410e,0,normal,
a2367ba500ea4e02a9b0012b01a2f30f,0,normal,
a366dddb6b344d3aa4fbbee91ba099a1,0,normal,
e46a48743fe3484bb68e7380fffde2c8,0,normal,
e04ac4931fb4438aa9108da92a81d491,0,normal,
bdf2590c0d6d4e628b08d77a639639f8,0,normal,
937bdcb880354ab5a165f0edec361e83,0,normal,
a5cc617e986749cd956bac3bfbec5ed7,0,normal,
f5ad6db0753542e5ab66baadf29b2efa,0,normal,
7923f5b2fa8a4daaac64d1872a94cb4b,0,normal,
5a5af1685daa428ba5c2bfbcbf3c7df1,0,normal,
1d793462a9a4462296fd379ead62f537,0,normal,
6527f299ac0248648ccbe4bf18b7b703,0,normal,
1c9c5ac82fd54006beeccd5c275f1788,0,normal,
870acb97ebe84260a895cb0c0707f637,0,normal,
9c61adf1cfea45029ff6bfa2076eb57a,0,normal,
49622389ea5540869c7ba7cbf45478ec,0,normal,
049ced1429fa4a1199a5ea023a170355,0,normal,
5e188b63c0b743dc83449fff4b04e831,0,normal,
840fe57038a14d29a54d43739779f9a5,0,normal,
528509f9e0b24562a78bdfcda7b81d6b,0,normal,
2ec2a20cef4249bd8170f691bdb8828b,0,normal,
f5d9a13c475747b8b157434b62bca432,0,normal,
d64dd4e448c64677b3520610c88df9c1,0,normal,
c87aee51fa134f97a078122076278f05,0,normal,
5dfa17b56e024663bcd7030265c0cdb0,0,normal,
10fce6e43d234187aed488c846e9b293,0,normal,
8cb5f7036bfc4296b7a5502a23f14b32,0,normal,
f75732cbf5294bf584211e949ea4cf55,0,normal,
120698651a324045835d6f7fb9d50cfd,0,normal,
218a8b65a9d143d2868c7c9fbec1c315,0,normal,
96e581a6c5a44d09a2892cbc311944b8,0,normal,
f5a6917271c44c648d7d3fa275c9bdf1,0,normal,
6f430b1dcf144e0395e60aac4d48577d,0,normal,
0da81c2e8a0940c0aef7756d17209cf6,0,normal,
a3a856208d304f02a2690ebeee48617b,0,normal,
41f7089bc00e4be09208810b6780248a,0,normal,
d9ba90136a68438f8da668413ea1f68f,0,normal,
0dc48f8db296446ba15db71e11fb2734,0,normal,
59a28acd26854978987d685e1dcde433,0,normal,
a48c031d7cff42449a6fbcb596ba61ec,0,normal,
6c8fc0c1519f466f8b865a5add7e6d60,0,normal,
2e03460dccb54122895a100c7d7da870,0,normal,
a763fd475976489eada065706d4c5af6,0,normal,
e383a93166a243c6adc9ffa243d576d5,0,normal,
924374f315054d9f91c647f0d9e9a5f9,0,normal,
227ea6838ec641598561baa6b9a38b1b,0,normal,
aead265e096849f08dbb9da4f9804166,0,normal,
a4d540d0af854ce1a0589027bad4c265,0,normal,
24c57867dd2649ce960a793c4b4a11c0,0,normal,
f4b4280441384088a785a847084078aa,0,normal,
e94463609fb84b868e71b66f1c4e84b8,0,normal,
ceefc366ecf34b199c16e86f37230816,0,normal,
5cf815cc0b0e4ecd97a6dcc028cfad6e,0,normal,
781c8e6458474b42bdee6e7e660b40f8,0,normal,
0d6d0cb109a441548a0dba18ba639c59,0,normal,
5f926c3ec3144e73bfa0cf5b24544d2d,0,normal,
bf96f5d8d7fb453ea8fc6d49354fb1b3,0,normal,
18120e7fb352450f9b3ec73acfb49ca9,0,normal,
b145f73c1196462d8db8cdde85db37d1,0,normal,
60d56c4cb3064546b6e8165bf5c02fee,0,normal,
ff552653b7884a3fbaf71e42ded2812c,0,normal,
bb48d96f1eda4aa4b918ce53f535e321,0,normal,
ed2738f2c6794f12ada652ecdb4488fb,0,normal,
72d9d80470244e05a0f0a3f8de2b1049,0,normal,
68490da2e47046bc991252d8d014dc14,0,normal,
05df46dfb2024cc2a55740949c64ea73,0,normal,
6ec175003c5146629833e00bbd0d9ce1,0,normal,
0d5c120eba394f5ab3d61fa9e5b54a48,0,normal,
77f596e9e06d46a1a6fb76edbf741685,0,normal,
519e1e4f8c6944bea7d4633366ebf85f,0,normal,
aede87d41a494c82916e922605a62879,0,normal,
36126835c01443bba45c962a62f12b8b,0,normal,
58306bdaa4414bfdb81b443a46662dc5,0,normal,
30069f0bb5764333b1c06b3cc9dca720,0,normal,
0a1dc6ca70064180b271b43bf78b7443,0,normal,
d4dad01ae1284fa9b8d13f5eaadc570c,0,normal,
8e6afbd8d70a40a580d5d8d69ebfa193,0,normal,
dc9ae5788dc64511bc0e73190a307a75,0,normal,
b02926f035f148f7b248b2cbd0e368fe,0,normal,
c4041232f2484a40a54cd6ff51223ef9,0,normal,
83d57c13460c4a119bf43708119f369e,0,normal,
004b363b8fdf44d8916578e0620ae7da,0,normal,
cc71d345318e43f99cc40ea0df9edd3a,0,normal,
e50ecf328b144047b11b383e1b5469f3,0,normal,
e9c054679b7c4b4f9887f065e474b1ee,0,normal,
d398fb0e418e489495386ee31f3d7e18,0,normal,
9ac889525e2c4a44b0b6d44ae8a29e86,0,normal,
a39ec527074940c48c71d9b0d61f4736,0,normal,
6da25f9e6b7d472eabc819f07b1a81c8,0,normal,
053f6049d7de4777b6cfb91793502117,0,normal,
ea8af7f5f8694ca8bce7c2ddf8debca2,0,normal,
a5abf833cd714216bc9716972fa38ec7,0,normal,
e943d332a1b04215b859260fc269774c,0,normal,
2c96dd75858a40f399dac8bb492464b7,0,normal,
3cfec429155c4c93900227b9126e8680,0,normal,
49473113acaa4687a7c09ee104b09c3d,0,normal,
d32c162c20d349379a562402a9db7ba2,0,normal,
3760322f5de840ed9abe52b9d0ae381e,0,normal,
646a57c1db1a49ad893a1c655bb77d39,0,normal,
9a9926cce0b64a87b4be114da613a171,0,normal,
b5789cde4a2f44b89452aa30fd42a3eb,0,normal,
3002a99196734bf1b13b31aa94a676f5,0,normal,
a0a0d91471224936a256254dfa1873e0,0,normal,
6b1320bce7a849749921b1cfb6fe71c5,0,normal,
9024777c05654a659f6acdd1254e3b32,0,normal,
5600f851e7a24912bf47611deacfb573,0,normal,
0eef22c30c1e49aebeacb537ffa024c3,0,normal,
789a8ad1368248f0baab1ee976491f4a,0,normal,
e128e89a68884675b933f507c485b64e,0,normal,
749b27bf121f4c8fbe619b7400599b7f,0,normal,
64e5548d9e274a08a3f3da29cf6e4a25,0,normal,
7b4f7b399cb84112a4364eb0dec5d285,0,normal,
a383ca96121d4a3ea4f350560584da55,0,normal,
0456ca5963aa4b7f9f254132b976722b,0,normal,
999664b9dead4ff1ad4b16f1a8d0f063,0,normal,
a7fe3c1228624f8d964adbc0a811c0eb,0,normal,
009a38b589bd4ebf89f14b56c05566c9,0,normal,
7d08eea576644d3d877e3b9bf4add56e,0,normal,
795f69d609e24742beb51e2fbeaf8f46,0,normal,
b4b4aa730c094206a5314ff39b294601,0,normal,
20bef86c381741fda96bfa7d321434e3,0,normal,
8d0affa9d983493ea98c2f8ce4fa59e2,0,normal,
2c241740f8b94a94aea0b3188eb06fc2,0,normal,
049446e2991a459e9c7d0e349b8750fd,0,normal,
a74f2af656bf48318b2c0288b51486a3,0,normal,
ba866cb69cb54c99b0500fc6e7752078,0,normal,
7f0126ebed7f4c9cacf5fd830a278d25,0,normal,
89e66ebdf07c42c09ca96071e495ef37,0,normal,
bcc4c54422c44f66aa4afaa81b48bacb,0,normal,
3be65e11b0b546a293ce3874636d3402,0,normal,
6edfda26a7854055b5511c809645254d,0,normal,
db8ae573938e49f5aca54b3d02f5b494,0,normal,
19755552f8284604857a40c03e60eb58,0,normal,
dc3cfaba583b4d549f20715544d5b206,0,normal,
d6dc7908e66b4ec3b9603bc6b00f0d0f,0,normal,
8bb86d72c52e4bb0a5e1ff039f4550d0,0,normal,
778ee6047db649f3a21b64726a458f0c,0,normal,
b880248487164d27911aa334b565a1b9,0,normal,
0388aa24701e40b999170f06c5d847a3,0,normal,
fa06450a291a4d2a82c00cd70c9bbaa6,0,normal,
bdfd43d3953b464da9f158e8f3174544,0,normal,
946fe345f6d84d4cb5bc3b01fe276f7b,1,profile_deviation,deviation_390
43199f31fa3a4876a30552d8aaf90003,0,normal,
606533faf2404a6bab773ae1148931ee,0,normal,
3ac3f3bb2f354538883d38736c3349a1,0,normal,
322f8da95b184dc995aece0c371f5173,0,normal,
0328c034e7114423a56d8fc04ad240e1,0,normal,
93509f1eca894944ba16d89b0f62fc29,0,normal,
902d51a30b524c6c9a06775314d8f09a,0,normal,
f161e1211dc94ea88f3be5654298d2c6,0,normal,
7798bd3976b84b73be6b57b0bacdd64e,0,normal,
1ce3af9d92804285ac9b86c039f72352,0,normal,
514c526ac9154efcb51c13c09bb85e3f,0,normal,
cafdceba1c9a4acaac6e670385ba86bb,0,normal,
ba6a40bd41484884a78c7bb67d1d2e6b,0,normal,
48e2f5b8b7314d1b992745dbe65d4bfc,0,normal,
9f1cc2e8230c44a6abf14be191c2d7a2,0,normal,
e48c462a63e84a2fad13f2d1b3c88e72,0,normal,
cecf7626ea1948978053cff48a98293a,0,normal,
03cf4f470f9442d2bf0e0d0092fa6cc6,0,normal,
f806ee89aa3f4c48aeb4f04b943ff14e,0,normal,
82146bc4b34c49a9bfc8fafeaa4e4bea,0,normal,
ff25a76bc1854ac6a3d299e38232cb2a,0,normal,
b8b1781794a9405b91c37453c4d1a63f,0,normal,
fc1e2450425e4dc2be436e6feb0e6f50,0,normal,
bbddf6bbaace40279c0011f814dc3888,0,normal,
72835e70f34647f8b1023eaefa8e3277,0,normal,
0553253d14e54699a9d90e7993e60f02,0,normal,
318791c63bf0456a8e1a88a35928b7d6,0,normal,
e184196624dc411fbcad6e6793d6959e,0,normal,
8b1140f3426c46938d7a706645e1119a,0,normal,
0c10cc7930aa4337867158d2a3f1ba9e,0,normal,
9fbd9cac937040f880ba06c7695a9bc5,0,normal,
faa1b3d4f48048a5a01da1e050e76f5d,0,normal,
895be05b93b34bab9321f14aaa17be7f,0,normal,
a0d4f9fda20245099b881c5f9ee667a8,0,normal,
e832f4fac9d84ed4811437a1d32be7d9,0,normal,
b1429744e6284fb68033d759d647438b,0,normal,
67f331ee19e1466e94940a446d0dc0e4,0,normal,
57bb1335ab994a2e95754ff56ef960ff,0,normal,
234e5baef7264f96a2e58f74ebd57920,0,normal,
8ca24fbcd5174b2fb8280c726f1a4942,0,normal,
26548271aeee4253830f67002a3e83d9,0,normal,
7ba29868e06f40daa59444601a3ac162,0,normal,
89feedfa35fe4f088bd670e4d7407622,0,normal,
c373971f6ab64ad2815b89787c36c93f,0,normal,
da07dfbbb9504910a4863e948bdc9bd3,0,normal,
98c4f5a934f24c34965a7fb2b81d0bb6,0,normal,
02508ae0e49b4783b4dcc51d04464494,0,normal,
1dc0a8ab0c4549c396aee51d4ca12db2,0,normal,
27e2fe1c6649454c89a6fe1561c88030,0,normal,
ad8125ae8bd34381b4388a5ecee7403a,0,normal,
96c65ee6fc4a4be49afad04c6d532ce0,0,normal,
d23204492e2a499f8c3ccc0ac47e3540,0,normal,
0b540ae02d3c4e8b8294f8da9703a014,0,normal,
4b624079550d4acfbf4d38bb020cf743,0,normal,
3a6c65e4cd7e49acbee3c6c005e435e3,0,normal,
9c7e6eeb272a4481baf8ad6743e1f9a7,0,normal,
25fd2b29acdb44a3ad43d62fa39d1b35,0,normal,
480fba8f13f84164a50fcf9c01d76c25,0,normal,
78db3dcc262143f5ad6a3e5086c187e6,0,normal,
e085169e643947d4a917134ab425f02b,0,normal,
776a7b0358694b65ac51ae9269872f24,0,normal,
1d041594ec3648089a4682be45d617ad,0,normal,
9c05d544eec04531a49ec238a3e5dfcb,0,normal,
755be086b02545e18306e7f15716a543,0,normal,
2879c7298af2424dbf2143ab93df02dd,0,normal,
f02d5b3600954a34ac8146f177451aed,0,normal,
7bfb7b154af546889a43f17206553bdc,0,normal,
b16ae4b9512246cdb71e2fcf337a1b64,0,normal,
7636d6fa2b454cd3a530313fb6b40cac,0,normal,
b4b7f93232f8423fac3e562985dcadbc,0,normal,
d5370965ead44512a237a00ff6f31056,0,normal,
e015489cd12e40289363f40c79f2ca05,0,normal,
ee87837b2eff434183a80d4fccdd8d1b,0,normal,
ec96915128dd476484b2a6c95631b109,0,normal,
3eb55e185d6347f09198a9ef1fd12f9c,0,normal,
eb5e034fef0e46b397fcd01d6ad7b1cb,0,normal,
9a7d19364f46443c950a397da089c9d9,0,normal,
1d06653dc95e40f281afc6f55435926d,0,normal,
f5cae17965d74fd48ddd1ad1e412a81e,0,normal,
2f82a833fc0d4f75912f0cfd1c5e5127,0,normal,
bfdcd1399f834fe2afef76ccfc417410,0,normal,
4903f0f303ce4145a78f4ce2cded72a5,0,normal,
f1869360a0fb42869f084cd3df3da33e,0,normal,
010a5a69c9b7459e866a34d4b27ac5ac,0,normal,
feec259aa2604c468717634d2e703569,0,normal,
ddfb3b658d654fce9e5f8fca3a359c74,0,normal,
ec329081a3024d5288d1e67395a0fd46,0,normal,
989fe617db1c445d8a5097a289d9c513,0,normal,
f825191180a549a09e863c00c5f66308,0,normal,
1b465b8f7c394782b0a35a095a153afd,0,normal,
6169d22c4835472daa22de3ded4427f9,0,normal,
2cd64753b1a64de3b2cc5d8edf8c146b,0,normal,
e0bc4cc3e640488da5db686a78d61002,0,normal,
da8f4f5b016c44d29af27b5e430e8d1f,0,normal,
9c6a39a8f5cc450cb55b55241d7b7d39,0,normal,
037e9a11da3147f0abade812f5709472,0,normal,
07a32eeb19604f3f864f434aa2984074,0,normal,
ed1f67de3bad4026855abeafd3948666,0,normal,
6d0a863624ad44aeb8fb15c41d06e4d7,0,normal,
856d118510f3405eba308eed32a4de97,0,normal,
73876a30ecca4934a111d762ecf28093,0,normal,
2e5fa6b24c074a998b0806d6622718a6,0,normal,
c9d7d1800ae241aa922fc78e04a965f7,0,normal,
da8e0d3cb93f459486de0849a09840a8,0,normal,
4bc96cfc2ccd4e719a48c58de12e0105,0,normal,
c855155649544eb2936d3f6929ecf857,0,normal,
97dbaa20f88a45bbbcfa3baef70dd773,0,normal,
ed582137d63b4efea1e32f42be0f1209,0,normal,
056c1a6486194f6eba25f9e9390d45d6,0,normal,
17e526a735db48b3a2950595a2422dbd,0,normal,
e5abf5c2d866405fb98a329ce76877dc,0,normal,
7a30026a6a444e168121647a8e3a9e12,0,normal,
034cff1c78814853a722582a6f20be1a,0,normal,
bf745a64c39c47e89f0e3578457fe066,0,normal,
f734254883d64aa8941ee86a1556f66f,0,normal,
0a9063b9ba914a7587b8987ec0011b7f,0,normal,
6c97ebaccfa24508aad2fa6324f30b95,0,normal,
03f0859134a44645b42fd9e7b25304ad,0,normal,
7a1cf736c8724217a65dfb6a4f08d048,0,normal,
df1eb7b8a8354ab087ed5967610025e9,0,normal,
8284a7c7844240fb859bbd780392e428,0,normal,
56e20e202a624db6b3446ce2afe72ffc,0,normal,
73278b5dc04f46779ec015c3bdb83073,0,normal,
085eac3498304d749b26d5be1c475020,0,normal,
2cd104e7e558426bbff50ef8ae523b45,0,normal,
2156f61cc86f4c6d8ea9fb2fd4f5f433,0,normal,
a6a585f5d318483880a30d32b2ad9591,0,normal,
ad07707e680f45c4a54a018cb11bab9d,0,normal,
284263a9ae0340b192f50a1883f5ffb9,0,normal,
df5b7dc266d44fdd9091c635e2497b69,0,normal,
e6277e139df1437da3fd2eae84af6776,0,normal,
61123f85393c4d298745660feb6fefe9,0,normal,
2eb23d766761493780ddf4d40337f848,0,normal,
27f4e390427641bc973cd8d4a0065cd4,0,normal,
99bfa2e80e5e4ac29681e134c7d113bf,0,normal,
a6ac1edd720c4a9fa32742bf48e13e1d,0,normal,
f19135a30091467ea4792a88813e5528,0,normal,
60ff92f9e1224cce8b86dc7b3da0a9e6,0,normal,
b8b8470e5bcf4bf29085140f56781e8f,0,normal,
291cd9ed129c480a910645d75981b9de,0,normal,
cbb9b27213d04a3f9613e9c8122fdc70,0,normal,
57944d14ea504488a67f84604b695b14,0,normal,
81acf6f0199e4569b866a3db4766c7ab,0,normal,
934f3825532b422180d934851fd92ff5,0,normal,
bede2f39adbc46abbe86cacc3d20bb83,0,normal,
b1726b7c5c4a4ea0878297af211e4a66,0,normal,
d7acab61f8604b3e92a070804455cc6d,0,normal,
0c442d91196044dda265acaaff3de537,0,normal,
3c806e8bbde4488db36afec5465bd474,0,normal,
4df8c76ae9c54fc5b9e1748ce4e6cbdf,0,normal,
67c991d8e7e84c3d966dc63d2d60ec44,0,normal,
6a8c774ebc0940529606876a11f65194,0,normal,
0abecd06c03b4e5998756d077af73836,0,normal,
dc7881848f8c44c2b21c52ecca4292d3,0,normal,
c31e534a08cb4faeb3283db71bb93765,0,normal,
45256e4265de4664ac691df7096acd0c,0,normal,
4e7049a7e14f48aa9827efc80a902b6a,0,normal,
a03de90b4ff245d78fa6af5365c1a507,0,normal,
803d9c89d5b543aab2b6abbdc9d69d18,0,normal,
4b0e1abda4254bd3b4f8926df5c646be,0,normal,
24817f199831447fb06711ff5a973965,0,normal,
c5446a00b7bc48f2a9c212aa087c732f,0,normal,
192a2a0364c941748096b4add1cbcc54,0,normal,
a194ca9a05fb43aab30f1fb042981168,0,normal,
e2ce245f3dd4465eb51e6aba664226bb,0,normal,
8658a71c3725445c9e459e1c15915453,0,normal,
55a813fe09564a51962a78c936d95ce9,0,normal,
5164a1c163894884848a8555052d428d,0,normal,
a3d7a600f70c4eb6bc8ad7858d738f65,0,normal,
ec9a57d82059419f90fd8ff49b3ca430,0,normal,
fbb74d36e8f8475f9b1feda6ad316330,0,normal,
ef90d99a5ce44f9699650969b6c2df6e,0,normal,
a23a2f5961a44505bfde7a980cdefbb0,0,normal,
6f9cb278e3b54f87a1db4c89872eeca4,0,normal,
d7b2884d1e4d4126a378a5104346de2f,0,normal,
316dd6a7428a456f8e81a4bcbca161d1,0,normal,
192da004131d4e35b54a8f42394a4fb8,0,normal,
7abd4e39042a41fba012d51cfb4553bc,0,normal,
ad17134a385343668bd21a9fc509c30e,0,normal,
f5090f8c0ab946c79280c9dfd839cb47,0,normal,
fb4981bf1a9d4487967e9ebf75f0af71,0,normal,
6091e06b59574446b4aa7ec7a8f72e9a,0,normal,
e43760e3d8d84d1a8fd5929b5b27540e,0,normal,
543348d059eb445e8995229ae048a764,0,normal,
d306fcaa18ca46178c625901db92deb6,0,normal,
403ccb9822b342a5b1f42236ff6206e6,0,normal,
2c4ef4ff37ae48ad9f27894eea21920f,0,normal,
564efa1b529d4cceb008b651ac1c9505,0,normal,
bfd96213e9c6493b829699e119484bd1,0,normal,
2165bb362d244e63a6bf55f28b97be85,0,normal,
ce2344ef3895400a8ea330a08edd0a6e,0,normal,
9d89e84dab3f4085856acbec61b3d523,0,normal,
71307d369186436abe33432634272612,0,normal,
e2cb496a4f5e402da794aae41077488a,0,normal,
952586192531424f9c6aac48c24c39f4,0,normal,
14380d7995fd40e5900edd9d96756226,0,normal,
8e469beba39e4385b755082c771ae1b0,0,normal,
ec5537deca4f4f1a93644a4d81bbbd64,0,normal,
6a3b20ca737b4798a7df79996a8f150b,0,normal,
21e9c173cccb44df932f3caa9b8d7bc8,0,normal,
f907df8808554c1eafae5b490dff732f,0,normal,
de8f88f348194692a614b12823c689aa,0,normal,
b0ea25037adf49268c08fdf83989662e,0,normal,
22068aa7af704cbfb02774aac2d0db17,0,normal,
c2961d9202e64dc8a5761cc5e3a2b070,0,normal,
17dda0577e6245a9ae1923512a630063,0,normal,
ebcb5994ecc640269c58230fb0558a0f,0,normal,
e43c00d109214034865c927115c8f1a7,0,normal,
fb0b901dd32e478f9f83c6f125b344a6,0,normal,
a54d1eec62324cfb9112ed14a356a141,0,normal,
e504c1827e1147ffb1de942c1f8a03af,0,normal,
74109f7890af4ad0a3d833e4e737a88f,0,normal,
252d4106f16b4d7b95dbab38174432b4,0,normal,
aee09be0815d45e783d091e2e0dc3009,0,normal,
ea1db3bc81d949ff9863143caedaafe2,0,normal,
e67a27a7d3814e4baa4ccf0ac0f42295,0,normal,
7fd37f7ca7984d8da664fac560ffb075,0,normal,
26515d0464e049678bda60aee13d8505,0,normal,
def7641915a549be8323f2a1c65847c0,0,normal,
41793d3eb63444f1945cb47000cedaed,0,normal,
46670c3dc28444f48b527152ee599b7a,0,normal,
e3cf03abef0044c285f45a13e9c07bcb,0,normal,
4d147b7ee54a4eccbc13398edc223ce6,0,normal,
690e979973384f9a93a43a5d4d3d8b4c,0,normal,
a3fa63ef3bd64f4db7a25585e1fe3a3d,0,normal,
22173b6660174aa7946239eb92bc14c2,0,normal,
7f98e51400994413b2a339621ca91923,0,normal,
aa3721982ab54c92a352ed9b4f96f321,0,normal,
46892b767cc54603a0aabc7653ba3ba1,0,normal,
88ad9dcd57494293b54d7893c5dcae6d,0,normal,
cc79ac6918924f8ea9a468e14d4151a7,0,normal,
5fb2058fc2cb406b93408eba72bf38dc,0,normal,
28e85602e0064e53be76494e4c287bd6,0,normal,
7d8f1e9e6bd743e9a3e9d7dca3350cfa,0,normal,
e0bed9dbbfe24a5cae9801e52240d3a3,0,normal,
7fb0a6f9f91a4f0dac80c206f6cb53ce,0,normal,
2d1b0528b8c04acd97d4dd93e66f1ca4,0,normal,
8591aa909d694674bf6b8ef9e754b42f,0,normal,
6062108311a94e338500698e9a6ef0fd,0,normal,
0cbd2f5c2ec44b9ea073802ec06c0ab0,0,normal,
9e0d7fb252e041c89b950de7ef90018a,0,normal,
5ff1850255724dd2a67ae59bdf4c6f0d,0,normal,
2eef8bc5c0f24eefaa4bb2a4c11edf43,0,normal,
3c64ac2a7f0b4f988f827fe21d9697a9,0,normal,
2c62b14e274e456b9fade4feadc6d2c0,0,normal,
50d4f969388d4158bc2228512d0378a6,0,normal,
390780edec814fea8154b88a9199d2ad,0,normal,
6f8bc711f49f49f0b4272a457f7e3d29,0,normal,
a6de4f0958f74544a4b4bf2e986a734a,0,normal,
d0b4110709514da68515656fadd459ce,0,normal,
375a522e5c3646a89e3d49d2b656f2ba,0,normal,
6fc26001b92d473d9bc0ad287ab3fa0d,0,normal,
d2916ea88f6f4611b7bf4bf2f35211bd,0,normal,
6e081bbb8d2b4a528d6679845bd8f358,0,normal,
bd95c98fa9854b0fb46659aebbe7ebc7,0,normal,
9dab1d29ecb74402a62cfe453d67b24d,0,normal,
8f5d2b019d6b4ec1a848f63edf08d802,0,normal,
d4f51491f4844371a162d84859a4a4c2,0,normal,
e3fffd2089654ad38bcecebc50ee0cae,0,normal,
b53ee5b1f81b4abf91cf7a6a80702ed3,0,normal,
9d88aefd7c704ce99727b382c792cc21,0,normal,
f48d71a5484440989879e3627bf25d41,0,normal,
95a7d953d6f74c71b67f5f3a8cb56d63,0,normal,
273f205418c94777b49d90a97a2bc260,0,normal,
fc59e6b743cb48e4b5527c5888a3e293,0,normal,
0547e3f436844b55ae68dcd4d8772e5e,0,normal,
738f7697d0fe44a3b5c054aab1d74656,0,normal,
8da5726f87c549ea916addc69ccc2213,0,normal,
65ea7de2dbae4f1789d956d615874fd6,0,normal,
1e61d1070eca4dca848de503362c4559,0,normal,
ed74e0a5fa0b4f5db8ae6402b39f3869,0,normal,
4ef1caf3257e48ec8a13389505e7784a,0,normal,
2cebea79cca64b90ad6281106874736f,0,normal,
da2b0074c097498181ceea247d2a0fea,0,normal,
f55502bf9694410cb46894a80824ffe9,0,normal,
7e32818a243b44e7b77f0e76f271f4f6,0,normal,
271584561c8944deb37419c3dbf9ebbb,0,normal,
2cfc55a244b34c41930fda4403fd666f,0,normal,
3293f890d8414ef8831d8bd224d90a05,0,normal,
3bf80ff353824d5ca22088c0e6133717,0,normal,
3607d05a514045b6a8bbd10548b3ca51,0,normal,
3218dae35b134a8eb009d63438ffd005,0,normal,
5d6d53ea4562478c8c9fbcdd78e1948d,0,normal,
d3a64443cfe140a4a630a12e2ebe5c16,0,normal,
21f2f292291344baa33bcbc99e67b423,0,normal,
2af9461f355a40eaa4f22d7fdbba88f2,1,profile_deviation,deviation_127
c93e677c56f7497381cddbbf72d9a0e1,0,normal,
3c264433db5d474f833050dc1fd72278,0,normal,
9f91e8a3e3d74bf6bd37d2719ef1c4c2,0,normal,
be92b1eae34e45c6aaa7a05a479064b2,0,normal,
f6acc22ca6ad41cfbc9b1758ce670f86,0,normal,
77113aeeef4240c5bc3a4c4e3312cf80,0,normal,
335b55dcf53e42e9987237e4ae2504ca,0,normal,
4b23677a3c1b4a729d061228a8753a86,0,normal,
3c767cb4ffb1449a8a5dd625ff235fd0,0,normal,
f2eb75a999554695a1c59690286a26f0,0,normal,
2ca1a3f072994bf5b174816dbb225372,0,normal,
b7bfbd6c921a4fa5b32ec73712b6063d,0,normal,
0f15d75b13b24eed8b7e4ea5ddcdc555,0,normal,
db6d17d4fe174cd9856cee835e5b6530,0,normal,
1f99485713724793a078fd8f2733e3de,0,normal,
7d8f2d51f6df4d3e9cd7a22b98c14945,0,normal,
fb261ade491d4a499c6c6d351e49f71d,0,normal,
de522f3f75f64b2f88ff63983fbc2c16,0,normal,
5153cf8e5c8b495ea4808ed5be49e23d,0,normal,
a63817ec43b9499a80b87efc3e5fed9d,0,normal,
230dffb1827d44dd933fd9d1224c918b,0,normal,
815e5d6e186f404dbc1b9c2c2d8635a9,0,normal,
c14fe0ecd44448048e85ba22d7c0327b,0,normal,
767ded0f94f64c47ab63a560663a8025,0,normal,
405e57e4d01a4c8c99fce8b18c4a0613,0,normal,
8059b8e90fe14c20a85aca228ef67e9e,0,normal,
7063e4d2d80545f09ad354769614c38e,0,normal,
242c84a703684791aff99970400c321b,0,normal,
bb5fdd9d5abc49778e39e8f4dc02149b,0,normal,
0cbf0ed37ab749428340fc66eae34aa6,0,normal,
29feddc1788b4972b45b268e100bb510,0,normal,
12bc3d20f5e249ea98df79d45e10a1fd,0,normal,
c58f02b827824056b0a2dd0996d4e43e,0,normal,
c3b44b288af5468d962509f6ba0c4e2a,0,normal,
4a277d2919e242fb9de6af3f0643288e,0,normal,
778af728eaab48d2ad4835bd0e9e17f2,0,normal,
6c7c51217fb542349600f226a6556fd3,0,normal,
4ebbb52dd56d433b90ac5325133e7c38,0,normal,
dbd0d4dfbff54effb18fc269146fa9bc,0,normal,
ab8dba9bdd17403bba4ec69c76634835,0,normal,
9f1b68ce641e4f88aa217f195e0aa2b3,0,normal,
ee6930ba457b4e2fbde31dfad7ed8ae9,0,normal,
5b1c030a33de4a068a3e958a4e7f383c,0,normal,
ec047b7b98f94bb289c0f1951f3dc672,0,normal,
b629e39438414a49814b783744440f45,0,normal,
9058663ea54a494eb8310568ce58cc61,0,normal,
8150df10d71744d481f39b1a9ae7a87a,0,normal,
7bd52fc35b0140efb1d9ef27e8602689,0,normal,
bd4017bb3392434ca79ca4121dc15cd5,0,normal,
72927541a9da40c9bd5da589ad9e330c,0,normal,
578185e10bfa41a6a30e63845f6a1bd0,0,normal,
5270114f9bc44193a55c2bd6dc57d97c,0,normal,
42a92e357bd54669908d84588fc9767a,0,normal,
80703876926348f8b8bb0917159770a1,0,normal,
cb2d7bfe6ca44a48a52850285365fec1,0,normal,
f466784a16cb46a98bd76eddefed3937,0,normal,
d75ecdce923748d1b50add1e80c1057e,0,normal,
c8eab1deb9f547ee80672cd4186ba0e9,0,normal,
004bba1c1267467fa11af17cb23d0103,0,normal,
70e084984985445db9d7015e0039073b,0,normal,
601ae366b27343febc52cdf73427356b,0,normal,
7c71581889844681b11ab867f75dfe53,0,normal,
9297f31d81b044efb35d638ad988270a,0,normal,
6d64693492524c0c8a3c8c63d572c048,0,normal,
12bd934733204b38b5e5b1bbf44b094b,0,normal,
f6ace4007c8040f7a9e5467d11881579,0,normal,
c878fc9be68c43478f614ee98de744d4,0,normal,
1fce3a1d3fe548208c4b396364450319,0,normal,
68001ed55c3f4813a70759e96ffed1a9,0,normal,
a9b7bd7523f946c58f264c6efda0ee56,0,normal,
4a21ad43fa5a46f08ae413bbb60b0488,0,normal,
7c994f8e2c1647af98f683bb5ad1dfb2,0,normal,
7d52fc3cdb104eb8a7f24b92384987b0,0,normal,
bb8ccb7da7624521b2f5808c38eca267,0,normal,
1e11333261134f7b866680f0db2621df,0,normal,
421e3a144853496a96858b355c66a716,0,normal,
bfcd34935da54c1884fe5f51b6200265,0,normal,
32e81753162c467e939e894a06650bdd,0,normal,
8b13b7bf4ba44f08a5b0d1e3bbf9e3ed,0,normal,
77dfea0ac1b8467cb44c37394396c906,0,normal,
0e916ab7989d42b2a45f8a934259bd9f,0,normal,
20bb78842c91483d9ec1aaddb15d5a2f,0,normal,
45e7eb77165d401290c56a2d1686a9c3,0,normal,
f08e51610cbd42dca3354a7185de6b75,0,normal,
9d09ef1470ff4d0683c991bc611ab5e6,0,normal,
dbb532e7c53145d3bef9b45bdfe746e7,0,normal,
b39b4f1bebc54d5aa5f8cc8ea368dce7,0,normal,
c62cec3ccc5c4b878d15ca9cbc2678a0,0,normal,
39afa543851b4435b43289bc7af8785d,0,normal,
49a4d093a5c4487a97e9de54d8a32a89,0,normal,
b97d14a8c87c4db18d483d4b6a63a9a7,0,normal,
01587d3339a64d62b2de9ebe007beb37,0,normal,
d0f81b40449e44209fcf498e6eaf9a35,0,normal,
459fe6205fcc41b4a22367e65cda1714,0,normal,
8d7fa93a78e040e39ad2d296c5235b1c,0,normal,
91e5a5db9e3d4b69903a377753fd2249,0,normal,
037aa1ba653946fb8b8c45af14fc8e49,0,normal,
81640262f239476f9ae13430fc1b867f,0,normal,
22e43b6ac11c48c2871a527ca07a5557,0,normal,
2bb0afef93fb46baaffca5afdf5582fa,0,normal,
2737c57913014d19a8505502b66cf736,0,normal,
eeccb69901a94b78869978604283d6cb,0,normal,
ea33b9f903b341b1bb21a9ce1714cfc8,0,normal,
12b540d920ad44c186968b3afe83b8d7,0,normal,
408dc2520898417b91270b9fdfad70fc,0,normal,
3a9082ec134e4d00bda57035e635bca7,0,normal,
fcbdc07bae2240998aa2b0ddd705ac82,0,normal,
e6bf3c22d1ef445a88368ade7ac550dc,0,normal,
b957a3628e2f45a59d8924603df88231,0,normal,
958e496c4a9b46c0b6e352b645df8700,0,normal,
67bc22f8f28b4091848e34da4abf9fe1,0,normal,
bd6088e8cda943c980a68e52d43cc8bb,0,normal,
162e9999f0324cb1900d7602384b1350,0,normal,
116adc9c1056471cbea549483493c5b8,0,normal,
12c3e40336ce4c69b3a23154eb6a1a02,0,normal,
dd4c5683bbe54a97ab4a46df12e4b3e0,0,normal,
163d01427a004c21982404928735d8ba,0,normal,
9c6a1a9503ab4e27a50dca266379fbf1,0,normal,
73a689aaba63404d86452c9f092f6000,0,normal,
a974f4c452b342b3850ffa701070f627,0,normal,
84caa10e90354cb28f5ce65753ae9a33,0,normal,
1f708f09b2094cdc911fbb22ff26be36,0,normal,
e38495e4f0824117b30abe985e95edc8,0,normal,
04bd7c3823364e33a7d7cc8ec020d6f7,0,normal,
3a3632ab4ed14a8684bd9f8ef82115ba,0,normal,
ef6024425f4e4f018fe468c68e65d00e,0,normal,
4bf191fb07d045829623d56d442b6784,0,normal,
eb9a3b72e26646ebbe9b1d1ed6e24f70,0,normal,
0df47d17a1f3496fa4c56c828e6e0fad,0,normal,
20b6673030fa46758a64341b0d27b680,0,normal,
85482fe874eb4669b2c6fda099be4550,0,normal,
dee7a1da658c41c896627753e6eb995f,0,normal,
19c07cc41aeb42c58b58003e5fa57751,0,normal,
7d9e7c6f06534d338d56919ca434af05,0,normal,
bd86649f04e6473dad5380baf93972a2,0,normal,
70a88d4abef94850a036724d2e5538a8,0,normal,
a9ac0d877dbd4199bfb755879574cbd5,0,normal,
63a528f8f19e4254be173c80ccd336ed,0,normal,
d77d213756104e42a0506cbd2d30d4c5,0,normal,
b52dae5310784233892cc91773a22a95,0,normal,
66691553efb941baa6f151f1f222104f,0,normal,
38ae3c57d2cd4786ae3edbdd8a74c2b3,0,normal,
79481c7b84b04266a75f12330312d478,0,normal,
5fec41f9a98a4e50ae1582048be751ed,0,normal,
6e3b4580b5374c478269833d92e6d4c0,0,normal,
740ea493303146edbf64e0a0ec29708e,0,normal,
54fdec56b26c4fc9b47e07931d8a54ed,0,normal,
3320d04975084655beb653f168e98049,0,normal,
b6b1249432c44132a10c469679527dbf,0,normal,
6695f23fb0a74375a81f95267d7af0a6,0,normal,
3a233bbf867348bdb344b63abc12e771,0,normal,
007ca4644a584f94817c0171284f9952,0,normal,
f0d6f3073b854ff6a249732225b805ed,0,normal,
a95f8a238e774fe6aa6a801fbf50d09b,0,normal,
191f8af4afe447ba97076ac7b51b2eee,0,normal,
fa56d23631d44ffe810bc8e84611dd60,1,wallet_reuse_burst,burst_339
66aaa18c258f49d4ba3976548747aef3,1,wallet_reuse_burst,burst_339
4dc227cff27d4f9e862434269c9d20c5,1,wallet_reuse_burst,burst_339
c0347a772e9a4c2f833c8df6131cfd21,1,wallet_reuse_burst,burst_339
7e347992c223436c81e3104876649b53,1,wallet_reuse_burst,burst_339
c4441fa9105c4947bd15f748055500f1,1,wallet_reuse_burst,burst_339
31a61a6cf8394ef883ebf93bdedc562a,1,wallet_reuse_burst,burst_339
d9dcf6d6028b4b78b769c085f0832592,1,wallet_reuse_burst,burst_339
554740fe3e454adf904f997ef34d1317,1,wallet_reuse_burst,burst_339
a22d482f5a524281afa0729613a3624a,1,wallet_reuse_burst,burst_339
36611c5f51f24bd796ff662a28b10266,1,wallet_reuse_burst,burst_339
9530a9b5b0ed447aa2e947832e15cfe0,1,wallet_reuse_burst,burst_339
fd92f2f62b824e58a6a895583baee40a,1,wallet_reuse_burst,burst_339
6a17de33035749b2892e1d681f157f82,1,wallet_reuse_burst,burst_339
b6ca4c8c42674cc786b81c02612c65dd,1,wallet_reuse_burst,burst_339
47b9e752cb6a47e592a81bbd0cbf89cc,1,wallet_reuse_burst,burst_339
ad825abd663445cc8f9d4d384654b345,1,wallet_reuse_burst,burst_339
f00cd435ef4c478aaadc5572585cfdf3,1,wallet_reuse_burst,burst_339
e1118e69b415414aa73e362ee34b9952,1,wallet_reuse_burst,burst_339
6e2344b00cce451590457262787d8ebd,1,wallet_reuse_burst,burst_339
d50f8f155a694721a99420dc87ddc4a8,1,wallet_reuse_burst,burst_339
a32f49df09694f60942888803c68a89d,1,wallet_reuse_burst,burst_339
ffdb7845daf048f4bbdbfaa11c2b9a21,1,wallet_reuse_burst,burst_339
27f60facb2554999b61cc6198795c538,1,wallet_reuse_burst,burst_339
b757db9fa0e24704ba52d2eba4b83783,0,normal,
ec2f1ef78a08443dad540bbc69073b80,1,wallet_reuse_burst,burst_339
bfe0a42655864298bf57886b1b5d5351,1,wallet_reuse_burst,burst_339
b51542f640654ab09aae37db1c750fe0,1,wallet_reuse_burst,burst_339
8642562dd6074b3198c59537a5460de2,1,wallet_reuse_burst,burst_339
9e5f9f5c77d646b9a68191629e07b776,1,wallet_reuse_burst,burst_339
eafaedf4d0ca46a597f27c2a7fdd7d5c,1,wallet_reuse_burst,burst_339
e64781bd5c6d44988b8a431e5d6b2452,0,normal,
c2315dcbd1d14c97bfbf9bda43f0a2ed,0,normal,
f32d8268f64c4a0d8f95b3175e353a7c,0,normal,
db031ada00c4438d81f0bc9b6180432f,0,normal,
6a69ef131f564e41ac41d94043b292b7,0,normal,
160234991a294de4b153b1a79bb9165f,0,normal,
135708c4253846caa6062285fdbb02cd,0,normal,
a3d3facd50b448ecbaf659e26a9a2fd7,0,normal,
702d9288d5fa44978a88eb4e4093a138,0,normal,
d96f3ca6d9d546bf90fa78c63c2ceeac,0,normal,
afe3103fe01d48da92b07157c4ec5089,0,normal,
0a505ee5003045dc95dcb16b14f07712,0,normal,
f7b4acb8583b4b68b7caf0720736becc,0,normal,
db7583b65d28440881213f0446fe078a,0,normal,
7def9d4d0a25426e8baaba54b1092d01,0,normal,
4fe79461f35744418f4dc7d92cc860df,0,normal,
89c2deeda987442b849d8f86f9232490,0,normal,
4e89d48d938243f886552e1ad299360c,0,normal,
5a2773ce850447e48d248cf792f85f9d,0,normal,
17ae95c4ec6142df8b6872be28ec03e9,0,normal,
be4c50fae52a4b89ade33e8458adb6b0,0,normal,
7e087ddb3bef4eaf9227104a255c97d8,0,normal,
42c36a42b3ef4ec89974f2315e32bce9,0,normal,
2b8c57ac39114afba0e40b45fb3af0df,0,normal,
6acf8cc74f2d4e6e8249e80610aca857,0,normal,
95d23c1d1b3e44b3827e1c7dd6da8af2,0,normal,
c57f170931724aa5ba8a3d3657d7032e,0,normal,
9efccea6fadf4ca3ac95893dff6f44c1,0,normal,
47fa600e542a43ec901b8f09cde08e28,0,normal,
f6065f84cc6045b1a05220c3c551ea3f,0,normal,
46d5fa41f55c40ecbf7aed8ec1770645,0,normal,
569c476f678a4089b80561dc6e2c1b5c,0,normal,
5e9b62a263b144f8bb4f18da659b6dbb,0,normal,
68ea813587ef4b108714dba38aadbd53,0,normal,
d3b43affe2294e0e94518ab1d11aea61,0,normal,
376b5f029015422a92afd788f242ae97,0,normal,
5cbf0f12b93a439c9df12cbb1b6e48fc,0,normal,
d48b65a71e664bd6931dda4d709bea69,0,normal,
c4a2c25cb3cb4adcafe5a0139861ff8d,0,normal,
23856cd4447741acb8e7011a5ee1801b,0,normal,
920af7c72294475cbe05812a4b7a9a8b,0,normal,
c993aec32ae0453b955150130bfc0bda,0,normal,
87b434165c8a44b3a869a3e207a974b5,0,normal,
31fee78c2d9447a198451f883eb0c281,0,normal,
4b103ed7ffcf42988c082398c6e94d03,0,normal,
4e71e0829d8f4cc0b0d6ce725b58d3a1,0,normal,
653300d6fa044f86a55ce1a67385bd5d,0,normal,
dcaad7f7b0db49b6bd2bf5d0181451b6,0,normal,
c6df7298331645ab9a3c1890dad16640,0,normal,
1037fe2a7a8a473dbd1dd0e1ed2745cd,0,normal,
2644a2060a224582949be0833d4b7fb3,0,normal,
097a7a0084be48e49c71272a626f09cc,0,normal,
deec4eca21814a0da2b7829a43775f50,0,normal,
c93379a408804d2593d6c4d77be7c8cf,0,normal,
810b66b3d2de44a3a2b971f8d6ee78f2,0,normal,
ebf2e951a29b4c9a8957685ed3ab0769,0,normal,
1d3186edb3ae4ca884c74547532e59e5,0,normal,
06b4a0f7a1d5433a93e5256a52ba31b3,0,normal,
c31f45d1173844038273123f7f7868f7,0,normal,
b6a471d24a9940ebb742bbe7570ba654,0,normal,
db9a49f6cb2243348cdcb0023397971d,0,normal,
d4fc0e27c5c8431ead9bf53b7dff72c5,0,normal,
11f5a68071f24c268d749b38028fdf01,0,normal,
c3f05a5a3f6c4cf5bf59ce89468f190b,0,normal,
1f460cfc8d37447da645fc056676eea5,0,normal,
13a7a2d1c4064d00bd51594bac4f31dc,0,normal,
2bb456e5909c4f049cb106deb9724543,0,normal,
1d09736382614531be8f36a3182203bd,0,normal,
0bb4d635aee24cb987fe68e333d1634f,0,normal,
fefb4f20ee014751b8b68157b04c84dc,0,normal,
79dcdc74bb39408ab6f43cfee6ae5e31,0,normal,
b4bc46efdf1344b9aafb8e76313a9cd1,0,normal,
d88399983f564d9d8ba91ab841b4f00c,0,normal,
9c65a817bb2b4897a0cb39f2900360d9,0,normal,
0fa29deb19cd4fa4a1dc262d60a2c27d,0,normal,
ce3c5f3b2a27470b9cfeb8490ef69219,0,normal,
d679d1e465ad4a1598b1e73683b470d3,0,normal,
4fdfd1ed83e94d73b278df8c923cc1d5,0,normal,
dcc9cea0ad8b454786ca8a766849c9bf,0,normal,
d8d9296e2fe741f89b766d6b9430450e,0,normal,
9e9e61ed09c04e4998a398a2697f36f8,0,normal,
805816d3eccb4ba690a7e0f63d0cf9a0,0,normal,
95d8d6af5e29438bbf30d65ccf2516c8,0,normal,
21d39d4e8e444108b5c99b427fe5a784,0,normal,
7fdcfbac5864493eb3c8702ac3849d0b,0,normal,
c6c508ffdf664b549ce6d2a30f6253e5,0,normal,
41a003e0a25f4faf991d186e0eb969f8,0,normal,
4a2bb7cb8fa14aaea024a0764d453f90,0,normal,
04d72fd762604d1ba832b8833787069a,0,normal,
9a0928093dfb4e5fafd4673b55acbc91,0,normal,
c92eb66222ae46358a87e082b0cdf3a8,0,normal,
63fe09c31b084efd9f77b8cafa3aa8c1,0,normal,
e7085f48bc974a308f5b76dca9dbe3ce,0,normal,
bf42a46ad335451bb4e8804a475fd6fb,0,normal,
b2f26ca9289348faa95e333e4db4e427,0,normal,
f3aea4b3fdd14ad0b0cce9a60904721e,0,normal,
15a64ae8a26a445f9df1bfa88cd9ccb0,0,normal,
df120bf100554270ba6eb159ec8d9d0c,0,normal,
23c530b1aec54fe3a4fd33067f8e3a03,0,normal,
05954959043b45228b1ef2b4ba0a9842,0,normal,
973ed65945364edaa1162d68ffa59c48,0,normal,
5a82eb0ec45845c496d1d0e3079f195a,0,normal,
dbbdb173439e47c08d6d28eaa4bf925c,0,normal,
dc3f93814b9246fdb08c9520fb4e2f53,0,normal,
4df04b10b6ff4c96a3f174cec52957d2,0,normal,
fd54f7286fd045a2ad1e61b8f43f504f,0,normal,
82b90df2fc74446a980e1548a49d6dc7,0,normal,
2541b7a17b2b4c64a55d7225373ff5b9,0,normal,
f68c29e361804af180dddab711c0e869,0,normal,
9537eb297b7f4bf38a916e1d5c8fc639,0,normal,
41fb938ce3b642d7a6af01e3a9399493,0,normal,
b8fbec1fd7e246bea8f851d36640bb2f,1,ip_hopping,iphop_615
36a927b32b48416881c26db1d654394d,0,normal,
28e4b580e97343428bf3a4bec54fac28,1,ip_hopping,iphop_615
c86f59e6325449a299b3b8ae3c40d27f,0,normal,
c11bdbc2ba6f4284a75ac08b5dd4232d,1,ip_hopping,iphop_615
28174847584346a7a1f08d884e552972,0,normal,
01ab6462471d4054aff22449cee07e00,1,ip_hopping,iphop_615
81ac41a2e8754504b61ff7e67446fd23,1,ip_hopping,iphop_615
95f3a43463d640a0a1c7a6a0e1280fa7,1,ip_hopping,iphop_615
39483d7f828a41128a3a2e678899e184,0,normal,
ec41b9240ab945dfb02e5b4a21e62cff,1,ip_hopping,iphop_615
b080a6a6922444508ebba4e5a712f165,0,normal,
8ac2ee299d58460098d27e8eb8bd14eb,0,normal,
53f376efc92a4ccea254e4242bade556,0,normal,
1e4029f922614ed5a13bd77912f6a1c9,1,ip_hopping,iphop_615
9ccee1168d594f509d9aaa9b0a17fdeb,0,normal,
34ec780d75c248d89a4bd1ff59c1a6cd,1,ip_hopping,iphop_615
ee41402c6f8148f897c836e74798c053,1,ip_hopping,iphop_615
b1237b868db14285a9909269ce5f3cff,1,ip_hopping,iphop_615
c011b5ada2e8483884b02943fe7b3d7b,0,normal,
2b32b15a0a7b4490bad360a7dc78decc,1,ip_hopping,iphop_615
398b49616d3d4231ab1908da151bc221,1,ip_hopping,iphop_615
3488f8812ed2471d9403d78ea76d9d44,0,normal,
41a4b3324a9547968a0a5fc6911e61fe,0,normal,
96f540cff7a846d4bcabb9fc5c098857,1,ip_hopping,iphop_615
73cd24d83d0b4187b8e28065fd759e91,1,ip_hopping,iphop_615
a5f76987d2054a84b0f9ce7b2971e950,0,normal,
d5e3ed5b5d0c44a1856a29503a2fa744,0,normal,
114731f850684a19aa56b4aef9b4b063,0,normal,
8c15b47b58ba441ebdca80c3324fc2c2,0,normal,
ba98f3fe797d4075b37ea2dc74ef562a,0,normal,
fd8614547069495b84494b0994e27e10,0,normal,
c59471cd2674412c8a58fa1213ba3995,0,normal,
8ea06732d9bd400b8b137d152c567c0a,0,normal,
c1a1c082d216475d85c77e186eaabf9e,0,normal,
e371b8c20f464a8791154e7457dab28f,0,normal,
3e73d251b61440ff86d99706e49791ad,0,normal,
33970feab25c4f549ce12b40ef0e130c,0,normal,
5c1b83b3625f46baa630c98cdad6fe56,0,normal,
b03f149da0074756a42cb45f09a9022e,0,normal,
37495d76ed60454996b4d6c8a1c2c167,0,normal,
bdade2dc60e54f9e9e3b6b9b8c600688,0,normal,
fa57322b24b740a4915d2c91ee0bc054,0,normal,
1a9d8080c8ad4503a757fec6032c2751,0,normal,
2cac5f2d8c714bd590d3f1688bbea465,0,normal,
fa9601983ab54be09f1d8351b7a7b970,0,normal,
1ef3d4f6b04648eca73c2ec2585f0837,0,normal,
5697335961e341288f2546f1324471d6,0,normal,
421d533f46e94bc7bf869ea8a3c41824,0,normal,
1d95a139a4874ab795adb119ed1f6998,0,normal,
954ab1a0d470462288ecdf7c35a601d5,0,normal,
949b549a5f394d738d6f79505ab76a72,0,normal,
21fc925fc55d4ed2889d84f2e6300b99,0,normal,
1595baa6f11b49b7b36b3d19cd0c33c7,0,normal,
44712ed952c14674b17498a019b58c91,0,normal,
fde005ebb1eb41ffa579047f6ba9c3ed,0,normal,
2a58dfd867184f278db284f5f6445649,0,normal,
810045d909ec4024869e6584e25a5fdf,0,normal,
e87ceff4a9cd4c8bac25fb8bcf3b2c51,0,normal,
327ef68762a9497aa6970e570db9b800,0,normal,
9d21b2d68d9f471691c7d6117436ef2d,0,normal,
101d00b40a494287ae1f1fd681aab811,0,normal,
271bbd66bf374469ab7214302638d9a5,0,normal,
2107e7bc425d4e1c91f0e791c0a2c370,0,normal,
1b23df7fe1e543a689514e11c8e2cab4,0,normal,
6e578297b8b548a18cac95a93a09c629,0,normal,
819c792f315c4987be399d4e8e9a713c,0,normal,
0bb0889988de4d6fbb244c1d4d7c2eb7,0,normal,
cddfd6754fbf4d8eaf5c96b8fa68cb9c,0,normal,
00a537d8f9e4434fb573bfcbe856c046,0,normal,
885a81e0a76746c8a17892b0c2b07b60,0,normal,
094d6604804642d492e200386ed1f849,0,normal,
d0af96317531451491fe02cd70d583a7,0,normal,
f71715899d284d1c895f1cf19e58a532,0,normal,
851007a2ebc644389629385def2ce771,0,normal,
d811b28a93ab45dbb8591fa204d4448a,0,normal,
e1ac10d3e016435fac929bef4b000bb8,0,normal,
2e3c71ae4ebd4417aad39cfcf89200dc,0,normal,
d4d68ddb11ee4f7a898480b8062c8733,0,normal,
b7d13ac6b33c4bce966eb7bef880275e,0,normal,
563a4d878eb54e27968cc6e708275f98,1,profile_deviation,deviation_540
4ac7710bda9b4f5ea5bf642c81cf461d,0,normal,
1fc816bf13a84373974b36596d4b3c66,0,normal,
a0ac7a35dde947838645fce8393ce48a,0,normal,
eed665632a624e06a332438ec6e17ac0,0,normal,
c98cf3b7cb854691b896704a367ef19c,0,normal,
672c0b8a73e74ca2bf0180f04eb599e8,0,normal,
7488a102276f4c138751b08ff97e0943,0,normal,
55ccdde649dc466cb3f2ff2a0e6cc5af,0,normal,
a697658be3d447bab6ce5e3b7e978e64,0,normal,
cca34ef7521a43dfba51b14c1a0c5b02,0,normal,
50c89277df0640e889bd65f9140a8c2c,0,normal,
07e165d6313e4c3e88b484fcb3e5d40b,0,normal,
d2cb91fafad94a819cdadc8d302bdea5,0,normal,
7228e83ae68b4cfabca7db26ebcfdadf,0,normal,
bb2a75cb5cd84507ae94a82036f784f9,0,normal,
c51413ac25ed41adbc2a68c8306e9759,0,normal,
0ed4ec2fd73c4b3189f26aa47737fa6b,0,normal,
4493a7fff2fe472cb97873ef6f4497a8,0,normal,
72acf94f79754dba95e89980439d8c1d,0,normal,
5eab945e2b414a5aaa8f05f215a184ac,0,normal,
54bbbac540c143a08758444c2bbce028,0,normal,
aa394427e7fa498c9ed801e0dab95cc0,0,normal,
5b156add26a24f2898d8f637ff86e5d2,0,normal,
a9fd219e1bda4a95b8393f5e73acc25a,0,normal,
255f45aa87f94066a09fd1df7e6d2a7d,0,normal,
a726adbd97c14e1ba9a61a253d887890,0,normal,
f41ba56c865142e7940a45d2b22f012c,0,normal,
ee78d3b5d7bd4e1cb5ec14de7da82d5d,0,normal,
6c4f7308403c43b18bb2e5361ad92b56,0,normal,
c0ade0f462e84b1aacca65b284b6441a,0,normal,
f8878a5d3ee84c5489a5c8d0935b1f7f,0,normal,
9bee39ad59aa4e138be7e36514e408bc,0,normal,
5c947c4d9ed54b1e9cf729e8f465a7e5,0,normal,
518f5c7ffcb042bab51709dc4ad2634e,0,normal,
749a5f62117345b998b43c7283575713,0,normal,
35636764a76c4dc893fbc8d9e850a2e9,0,normal,
17f4dacf0e5d45beb689faad163e0d2a,0,normal,
3560dfc40b7b48e29183b8fe11b800eb,0,normal,
7b2ee05b766b45f6b47ccbd7f384ca3b,0,normal,
728b8b87bd844ab3aab13167c27bff67,0,normal,
ec1bbf1ff4f44e3387be53a3064a9558,0,normal,
ab7111ab84dc438b99b1eb974b584a2f,0,normal,
37daa54c164840c99fb79fa556f4eacf,0,normal,
388895bf8dfc46218f307794c1175b18,0,normal,
da43ef6cb4c740fe92b8a79cb3b5928c,0,normal,
5a5ae026042e460197e30c4465371109,0,normal,
d88f7152af08465a9fec9c609b9385df,0,normal,
29db7c695fdb442299b2ebbaa35f1ece,0,normal,
ab0e069729f247879d0d91b18aaab66f,0,normal,
246bcfaff88e41eb899cbf9814c19931,0,normal,
e07dd1c0f4b44b6783ade1aa225dc4d5,0,normal,
81b248d2e2bd447da7cfafb3b034482e,0,normal,
d63570ac933c45cdbe595d763496b0d2,0,normal,
4fbca465b7f34a53b2f6892358fd6718,0,normal,
f34861923fec4374b922326ef7909015,0,normal,
ffd7e80b84ac41dabe41819bf3e09310,0,normal,
9174ec7b95ef4b4a997f875914311e2b,0,normal,
11ffedf661b84fd283c1ff1986291408,0,normal,
12fef7c7444f4451aabc93eb4c20c4a4,0,normal,
b666767ba8014f54b9729b454ce842a7,0,normal,
23e8c0c90f9a425fbab94016a1e73842,0,normal,
8341a043185b418ebfabf83e44e17bb5,0,normal,
104bbef6cd0e4b5aa985d39dc8709378,0,normal,
295ec6bdead448279aa7504808368580,0,normal,
d0bbfe8702354bd4810e60b9faf70de1,0,normal,
b8842b6151d045049af6f010a036980e,0,normal,
f66079c803244e7fa0247992ea66286e,0,normal,
a53c93a667084be194aece3f28460758,0,normal,
96c4c5392fda4f86aba0fca1cfe86bda,0,normal,
9f2b6301e7dc4d6997466f2291274342,0,normal,
66b92416bacc4d9182d0e7b841742daf,0,normal,
6c4e57918c3242ef815cce9c0c120400,0,normal,
21c37a9d8d264b2bb64c589f28c55a88,0,normal,
495869846b2b481595a330f166f96a33,0,normal,
69bea37798144867bfca27897cd05a53,0,normal,
1318f041fa364f20b569143ae29162d7,0,normal,
29ff565270294adb82da8d1e5a490c92,0,normal,
51847c9c37554b35aba8ca7408382e92,0,normal,
1628d32b360f43b68e98ef4d724950ba,0,normal,
c4fc046c64cc483580a5e8316939178c,1,structuring,structuring_40
49cbad107cd341f89bc9ea8079acdf83,0,normal,
601163fe067f4fb9b2d9b0f3a2be251f,0,normal,
e06002d1feb0433d9103676ff71615e3,0,normal,
6a635ded5ffa44c69d8fb027b12d2c21,0,normal,
16084cf313074d6caade0748301b877f,0,normal,
a1aacc04ff484efc8cb27df581d0b58e,0,normal,
0bc7ea1c4e85438fa1fb60f09c50cc33,0,normal,
edd144480d5f4b6197d56586f594e33d,0,normal,
93d64636aaaf4e53b90280b8c339ac7e,0,normal,
05bc0ebce3744d5c8b2a9ce9fb60230b,0,normal,
f80b571682b345cb9fba00db49fa6ebe,0,normal,
5faa0f59d3664f51b922c071bed7b342,0,normal,
1f882794988b47438395023333612c45,0,normal,
974e48badb4d4c3fb5e0ceca4a7f4d46,0,normal,
0b52c4dc429142739d087b959a250465,0,normal,
410c17099e974c02ba701f0131cc4c30,0,normal,
1d5b8b6e8cbc46d49f5d8d4aacfbba17,0,normal,
d9963d8e477e4d3db267a846c67ebe51,0,normal,
a9890681aa394e4f86ae36fc91320b1b,0,normal,
8a6383254a124b4db4482428aecad149,0,normal,
4ed7aa3f69fd49ff98bc9178c48c92b0,0,normal,
c18ad78278774a39b08033b6bdc5a8b9,0,normal,
63bb176464044ce0858000f9522bf70c,0,normal,
67fe092b9507453da3577c7559a54045,0,normal,
04352a355f9249a88cd6d3969ab1a7b0,0,normal,
9fe5698f1940429aa72a8ddc8c28b46f,0,normal,
71b3aa1e08c046a9b47e606ce31bbcff,0,normal,
e49c7d98c45b47068e90fbc1062ab2b4,0,normal,
f16e66d292314db39382f23c070a2ad4,0,normal,
57d630d578de43aeb52df667a348a621,0,normal,
784b6f42537b44e8b9448e28c8b29e2a,0,normal,
a059852c21c5466ea358cb5992680191,0,normal,
992427797fa840b48736c567fb0409e2,0,normal,
ddd4dd54a7dc4f8b8eff4f559db331ce,0,normal,
c035231651194e9ba2d93498a730d3e6,0,normal,
971cf1cca078451bbdffa1a93fc6642f,0,normal,
ff138bd43b0042f0bb86b94bde129003,0,normal,
189f85ab1ad14d2fa4be39ee8f4a0320,0,normal,
af3c20b9a6774880b91340eeaa8bd7d5,0,normal,
aa08972802c748d58d13e8fec5746fa3,0,normal,
7e4baf29202e4cdf94e9ef26c1c8e509,0,normal,
d8dcd91f72b44087a70e092612bafcc8,0,normal,
807ac91e91ab44e6977fcbdca1325cc8,0,normal,
bc3a08a9c17d49d88cff9e72b46f4180,0,normal,
d3b4c19ab7254a5f962ed5b37e34f14a,0,normal,
60ec58b65434418f8831a289d3875687,0,normal,
e21f6019ab8743309c9855d7cacc0c7d,0,normal,
9680a9dd3817430d9c11d14f5a1517ca,0,normal,
685b6aa6ca97432fb85f18f0d3ffa919,0,normal,
a91b23c9ec024ea1a43cadc21cba770c,0,normal,
d0138883ec70404181c99116460340ed,0,normal,
1af1df38997b43529049eacef160b064,0,normal,
537b9b1ea0144c9aad4dfad6a327dd8b,0,normal,
a12bd8020bfd4a37a40028f8d8e48afd,0,normal,
315055260be94046a8403ac211e87ff8,0,normal,
b095655a6aa743589f52ef5474e9c2ff,0,normal,
2a09c7836e1e4a50b38d94fc52f97ac9,0,normal,
314a08db8ec1416cb297ef756371c12b,0,normal,
6cc84f451cd142e1b197042fd95749bc,0,normal,
ff391ffe6bd14e93bbbe266fd3ec009a,0,normal,
9860eccbedf947688d3e41b96c0e7c1d,0,normal,
b4e8c59e4e5445b3b9f4d15b1396c779,0,normal,
30c2d2c7680d4ac185e58468cf5d3352,0,normal,
ea75449cc75043c8b8bf6620eab132ac,0,normal,
b914c63f45e240aea64f7633fcf90d52,0,normal,
cb66b8c0911a4aacb60446acde6f9e3e,0,normal,
cb47afc8db4c410f9788c3e1401b14d7,0,normal,
bc268db8746f48b3acf44379a2653d69,0,normal,
c547c24fa3ae404fbc2b686e380453e2,0,normal,
7157d6868bac4333a727f2c7f7cf5796,0,normal,
d42ae19a50e0417eb82251f1b2f0d9c9,0,normal,
778bf990cf2645d2b15b17ad4da83d89,0,normal,
5432a4b8f1ac4775b7b7e44a22f8aeb2,0,normal,
f6599b23103045f5b6b30c7080d642a3,0,normal,
90fabf28dc96424e9489fe2fbb3d0596,0,normal,
b5ae2d05a4374837a73709d0673be9c1,0,normal,
e9776b9876b04af0b65a4ff4be813e9e,0,normal,
49e73c62f7e14b6da63506f1125bb36a,1,structuring,structuring_40
61f8f90b0c4e4998b64d1b93b895ddff,0,normal,
26c31ce109a04f3abd6da2bc8edba1cd,0,normal,
4f8316b9b6c14069b3256a30cd712565,0,normal,
b16405d0440d4ebaa58ddae87f8abeb8,0,normal,
cb3ba418d74747eeb5b6f1a9f7c61b3a,0,normal,
3696fb2d321f4a44b8ad0d3884bd2f49,0,normal,
e3e9981d256244518883cd9777506c82,0,normal,
54ba2b8fb70148d693f4128cebba4017,0,normal,
90b845c252cd4917bf07171f5ee2d424,0,normal,
2d0d34da296543a49989fb229819bc63,0,normal,
1e2718ed77284d5f98eefe6198e7587c,0,normal,
6180c847f49542e9b56959602ecff63b,0,normal,
a61347b3bff045a59c68bcd9cf314fc4,0,normal,
ad14c42d5ebd450285145d725afaa2b3,0,normal,
6283cd61a75948abbe22c540d110da83,0,normal,
7cab6b963b6d47158c0df651e78dc49e,0,normal,
1421f7ac49cd48fc973597a0eb194aeb,0,normal,
36e63cd483ae45ca8eb286b5af5c95be,0,normal,
894432bf8d2542018d98caf59c9e5fd1,0,normal,
d3d528e04d454e40af88a921d349908b,0,normal,
52fa7561e6294e41bc7e1b359af4fb1f,0,normal,
dcf635437fc9497db75c5bd47134a547,0,normal,
f05ef8b98ef240e8950d32435c019ca9,0,normal,
aad7ab743254493991d0ca40c5a5681c,0,normal,
1d6dfc9270594623ae0d8e3367b600fe,0,normal,
dc685e0450514cff840f67f03a4af866,0,normal,
e8d9d4b1e06b4d889a86698399ac10c5,0,normal,
3857c591f6c441b993518202be1a5da8,1,profile_deviation,deviation_646
f3a5f75758f64af4bb3e44eaa4e251b9,0,normal,
ac60db761a6543f2a04b5395e425e326,0,normal,
b5ab5cc407754245aa75e930bdca20c2,0,normal,
4ec297daeb3d4b298e4f15cf573b595d,0,normal,
29ac42486c4f4ed3a5f91fda0927f24d,0,normal,
8208b48f06ff4423bd18fb01d678df58,0,normal,
64bc3bd277134af987a4b9cd310aa815,0,normal,
15b0785d8df145548929503287fadd84,0,normal,
274e1b2600184d41bd9e4a575ca576aa,0,normal,
ff689e6f41c34e0e8d28b26cd7777b0d,0,normal,
1d9ee994f81e4cc1812f963e0fcc5d66,1,structuring,structuring_40
e235c239c86d453f8c91e3a2e193ef7b,0,normal,
5ee9fe2a1eec464bab06fdc22e46f9c3,0,normal,
f6c303c3d9764b738381795b37bdf6c1,0,normal,
938503eecc844816bfec666a8646883e,0,normal,
c65bc9405b894fac8f8545b2313eee70,0,normal,
977cbce9827d4da8851ff61e180004db,0,normal,
320bdc8bcfb3424eb33f4d38636d3f8a,0,normal,
e33790ef507441d58fe2e3e48e89066e,0,normal,
9f975143e3db4891bd2e397c28677347,0,normal,
b8e5c8399e1b4105b94280fbff91f02d,0,normal,
f026c2791b60419b8b882ae95ab82a4f,0,normal,
a5f16a75c54d487bb5baf41773872971,0,normal,
3e4fa92044bd4a57b79c0fc2c6c264e8,0,normal,
9f47bb1e0ff946b6a1a33674f8181c0c,0,normal,
846d8803475b4fbebee65287a1ce3ef8,0,normal,
e9570149b12849d0b8c9edbdd140e067,0,normal,
42c6a885e7fb43a5a7d0766b10ff41fb,0,normal,
caad5aa2cd9c41dd916c6a4a9dee0a4a,0,normal,
4a8a5eecb00a4992bd33e3e05f0a5478,0,normal,
60c327d33fb34d42afe16e4e77be07d1,0,normal,
93779a8b5d3649c0abcbdd0c33c76ed3,0,normal,
629b257019184831a52587c7db18f0bc,0,normal,
0a754a26c72c46469bded563bf20647e,0,normal,
42f81fab42aa437e9e5bebf6edd88a64,0,normal,
4b28c90694e64d0b9ced7c5cb9f547ff,0,normal,
ca484838157748fab2b2bbcd4ac08569,0,normal,
5da16452a77e4302be9f23e2b21a68d5,0,normal,
b0b4193eabf64843b16953c5c53c169b,0,normal,
3e8bd83111c74047b5c2313bc7a3d742,0,normal,
0a93ac2c42fa42fdb3b06f108f0e4375,0,normal,
3fc215419ec1426d8bedfede8f972414,0,normal,
1b9a46a32a5b4342a85bc8d329f6707f,0,normal,
ac25847980394c4093202bad0ea5c610,0,normal,
372ca6d77db64d35ad34b2066f2f4251,0,normal,
e3cd884e8bb14cf1b9d3a6e9f4f77d30,0,normal,
f14213ca6f8a49acb961617f48e105b8,0,normal,
1da384cfddb144e29d5355972c9e3d15,0,normal,
f4bf4d9013514d0aa1415e17b9757668,0,normal,
79941eb842ab434d8a666e05188773b7,0,normal,
4836d94869ed48a9acb789f703ddf0dd,0,normal,
e7d92ddffab2422dac5a6cbfc8d23516,0,normal,
1cb67b88015e4a7fa404e292142b9c99,0,normal,
31c21db275c447c7a62dd69cc5d4ec9e,0,normal,
695c77f8d58640dc920607bc0f664542,0,normal,
ac6eb48a791d4df7b65c517ec4e343ad,0,normal,
9255fbd5d1664e7dbf9156859ac07af5,0,normal,
2520aa66885343a99f09075ad2b8034d,0,normal,
85d229e8bd13425bb86caecde49189e0,0,normal,
33bce53b363c4f86bb1d3d586f9b2b4a,0,normal,
e6533de95f184decb0869fbd559fa74b,0,normal,
cf333a2f3fb247918fcde6c17ed96073,0,normal,
d92aef3144364855964b1cadb1063407,0,normal,
de6044a7a85e47d8a0a7fd5c7d18abad,0,normal,
e168e2af82144f1bb931ad8ca8ad34b9,0,normal,
6461ead5167045808fe6b63c0e380582,0,normal,
a6aa3d212fdb471c8a8488a6d017d938,0,normal,
a6f3c11c20ba40f787366d2ef102bf01,0,normal,
8e7df063ae8c4fffa8dac0dbc4fcbea5,0,normal,
0d4b4c490dd5426fbe969f58f8958e17,0,normal,
4415c924efec4087b6c67157fa6b12b5,0,normal,
1862ed97b25d42d28732f72030e78f83,0,normal,
84f3294e49eb4452a95bc930d3c30276,0,normal,
116a9501cfd644bc83e1580d989fd528,0,normal,
5d2c6c2171ad48e19035d31a3358fe07,0,normal,
91eedfb84f024cf08b8db4e663ef8228,0,normal,
45410390f27a4fbda4057182fbd124f2,0,normal,
e95ab8d84d5940d0a8d7f3d8e72cf373,0,normal,
274bec594fc447bea0c007db499129ad,0,normal,
f48f748310954d70b23d897592a79182,0,normal,
2168277940e54000bf0d830bcc1acd3c,0,normal,
cfd8d8086ad945f1a3c173daaecc8650,0,normal,
85053e05a9b04140a7d04d1801f6c1a0,0,normal,
c78b3cf2563d4e218cb65d3b5b21c2d7,0,normal,
793d5e29c3c54c5a8035ba401e0ce32b,0,normal,
fe364e5f5e2142deaf77c5e6e3b092d4,1,structuring,structuring_40
8c29a8a18dd14d67a72e3914b4beb876,0,normal,
ff1cbaaa428b44ce84fd41da6e9d2297,0,normal,
36c99c640ee245e89d44c7a175b817d1,0,normal,
95345f7172b14ca7bee92c07049d2559,0,normal,
1c783d20325e4e658a3bab2cdd05fc62,0,normal,
209915e9f312463b889bf7d111fc1f34,0,normal,
694ea7e095834da9aded36491b2fdc05,0,normal,
be4d0c5f33664798831dc0a1fca9fdb7,0,normal,
2f8dd865b1744b5da34797cded2ca4be,0,normal,
5b39896afd4546d3a5a8b7b96e015cf1,0,normal,
eed568c7ac284c6187a5487d4fb76f44,0,normal,
ad0f8232ea5e43959ea2a1e0be8cf8ec,0,normal,
93a03a0d8adf475cb0b58bd362230c45,0,normal,
31a5a07cfd1141209b5e996af95c2954,0,normal,
a0ad0be6731f4209964196053e0e628d,0,normal,
b501951239e44eb19440fc2cb3969dd8,0,normal,
fcb1f60b570a43e28888d07b948d3aff,0,normal,
06afb75f64404c4abe88930737a6a4fe,0,normal,
f1e9f5af6ace48688568e31eccb007a8,0,normal,
47f3cd96482147169fc6006c4981d5e6,0,normal,
0ccb89ef0a5341fa852d292a33b272c2,0,normal,
7738f8c57e804786b3e61e88557885f8,0,normal,
e41d7406aff346a2a586557e2248d40b,0,normal,
329cd62dfd7447eba298ee9493decccf,0,normal,
005573ae37fe469a85df1699e17bd2ef,0,normal,
4d7049d6528e4b819caba99765116bbb,0,normal,
245a723bff1f41c8a0b2f7070be5495a,0,normal,
777cb39996ea4b70ad70a5ded1c98207,0,normal,
c129a2a9c58c47e2ac91853bccfb4d54,0,normal,
76c04506b21c4d15b3c67b0d3aa64765,0,normal,
9386547862cc43059acc2a6d073ef00b,0,normal,
dd1cfb1f8c3d4dc7acff365cee6ac9ea,1,structuring,structuring_40
b4b22e88b07f41b08bd30592473a8def,0,normal,
00b245924ce14c0b8615843ff8f9247d,0,normal,
3642066c61814a2ea2233bddb4554c7c,0,normal,
31820023fa1546c7bd0c02802cbd5e61,0,normal,
05057c0b1b354f29a7f1755c5eaf3d70,0,normal,
556732fb060a4dc1a5b41cf9ed743fa9,0,normal,
7d1b476d04274c88b686aafda3be76ff,0,normal,
12f70b54538c43bf90d858012988d03d,0,normal,
cea1b727db7e491682d29abcdfc63cca,0,normal,
f0d01305d8cc48d493cbce7a4e1ec45b,0,normal,
73c66edd7b95469eb13394c158d3b812,0,normal,
770cef78288c481cbc4e37232e66225a,0,normal,
1da02b8a13424c7b931222d576e55526,0,normal,
308a143f8cf5431183c9e3726146ffbe,0,normal,
368b7ff96efb480ba1ccbaecb5c6ccd0,0,normal,
ece8c1fa328b48f6b58dae1ef699da1c,0,normal,
69cc0a3d71094f5ab93f29d4eea3ce90,0,normal,
648f68d250254c239b68220985977b70,0,normal,
c46e4c003a6b4fa48a35972d3dbffdf8,0,normal,
b260094c6ed1449e86632848c9e3bcb5,1,structuring,structuring_40
b038884269b848e3aadf1abe587c666b,0,normal,
549495400fd7499eab363ed52143d63e,0,normal,
7a143ce8087d4a7aae7e806167042bc6,0,normal,
d8fe2d0e587f4eefb6f4dea93997c180,0,normal,
6b4ba35eff954cbb9af776720c66a728,0,normal,
62065f49a41b494db3ecffd154e9dabb,0,normal,
f9bb29e53c4a4bed9e35b6d16d98c2de,0,normal,
3057e88558d6487d8f42934ac74b6f71,0,normal,
ee5f27d582294f8eb38b71154fb599a5,0,normal,
d7e822c9e4274ccb8ef36f8c10fde4c4,0,normal,
25ea6cc67ff54cf8bd01f3dbb16224c4,0,normal,
5d5326f0c9144978b23e01ee2b687971,0,normal,
2be5543bd30e47e885e0ab18783a4400,0,normal,
8a327459f6cc419e839b27cd64e05b8e,0,normal,
017af9974029476f84e5052aa879bdb2,0,normal,
8e86a98c602f41bbb2c12891f038f0e4,0,normal,
07d428a3fe504e17a9cb05ffdb4ab012,0,normal,
141d725dfaec426a9f2b3abf2708e244,0,normal,
c2fa38da9e0348fcb11afb305094ee7f,0,normal,
238ba73c3635497fbd96d1f629fb7984,0,normal,
62b429beb39a4c71958772a23a00f679,0,normal,
bff4f2d5021c4240b61c861e7eef0a92,0,normal,
5641d45e203248748a29ce45e68132ad,0,normal,
cc133bdb6718410188caa7be60f0b243,0,normal,
53d44448f0ee4ac79c206e2f7dd3fc41,0,normal,
cb3ea9a3dbdf40e1a512b21a9f277552,0,normal,
0eba553d51214d0e880b3edb406d5021,0,normal,
b4cd70963d3a4b4f8f4915930e260f02,0,normal,
f6622721b97d44cfb25911d57ff3e23d,0,normal,
b441353776ee4585bad487daff636784,0,normal,
78edec6364a34754a7eca0dfde42aeb9,0,normal,
bdc38079593741f3aa0881236323ee13,0,normal,
12ea5f61b5224de7a6f1455300652ed5,0,normal,
d1256ec0411146838a5082a54c3c76ae,0,normal,
3c2ddccece1f4733b6a3a19a12c6b7be,0,normal,
256786b8b9c8405baa15d483ee718b17,0,normal,
02d0394cabe646c59dc78dc13a5512de,0,normal,
0acf420a63de4d719d486a8782dd3fb8,0,normal,
477fd06846d443bcbf25b32501b9462d,1,peeling_chain,synthetic_chain_353_hop0
e24e199b0d6f4f128ea5711b01af3b4f,0,normal,
c0f9815508e54a979c13c4caf4ecf260,0,normal,
1f4813c7c9284585b1e372f26fb244f2,1,peeling_chain,synthetic_chain_353_hop1
b8dc5f27f8e64689b1f0dfce164cc1e4,0,normal,
c19042e5a40e43628745829093138682,0,normal,
83fc7863f08643a0bb775ac940cbf9f9,1,peeling_chain,synthetic_chain_353_hop2
547c669503574719a5e43c2539050ce3,0,normal,
95fb73dbc4d84ea196faf252995b14a9,0,normal,
9dc1d22264f842fcb3986c97beeda05c,0,normal,
7d2d4d58a92a4f94b7f9474fd7cf47de,1,peeling_chain,synthetic_chain_353_hop3
d8ab846d45d54048bff5a1a190fcda76,0,normal,
4bf9f6b932064b9e83942d9a7da57400,1,peeling_chain,synthetic_chain_353_hop4
1e96a6192a8f4ffd99e3fefd3e1d1f72,0,normal,
ea75e88ebd4a4229b8c1b3df41e213c3,0,normal,
b982cd24e7844795bc2ebe6ed4f90cae,0,normal,
07d9b7d005a14b968daf8d70541b942a,0,normal,
01ef03030f9240358b22b82321bbcb6f,0,normal,
f0ea0082a5604b46943883becc343834,0,normal,
b07d31faf26e472981c9405d2ace080f,0,normal,
2b2c9d2faf9d4c79949e3e49d5053b9e,1,profile_deviation,deviation_734
7a26ced2bda64fcc92d4ad89b2ea05b7,0,normal,
4aaa0cc136c54a2292801ef000cc8d6e,0,normal,
b23dee9ffa28477696dadf9d639b2574,0,normal,
5aefba079d32413081a9048de3779aad,0,normal,
97666428e39a4350bbf77a82972b88ed,0,normal,
6daa7ec12ef041c8a37bf069d3c58be7,0,normal,
f46109932356433f8d9264a714f049c3,0,normal,
739428d043b44a02a88f203e8f0948f0,0,normal,
cd8c917fe22341ef96b2b9ba4e207f72,0,normal,
52936d3b81864cfd8a5be4b808d5d441,0,normal,
233cde7d31b44903aaae910160979914,0,normal,
140a8ebbeaf640edb695a6598c584762,0,normal,
de364010026a431aad5d445488a5a928,0,normal,
f294330c482941958b428dd63ed963bc,0,normal,
20ed779b09494a0bb07503bd73379add,0,normal,
a2a2cf7d9ead4082b4acdc47c1e9f12b,0,normal,
d6b4c6f19abc43e4937c0eaceb4bb454,0,normal,
8bd0781bb0c744628a26b309138e8e4f,0,normal,
709139a6f23246aaa005fa45c25da57e,0,normal,
1eef5d445f6440179e024a9def3fe0af,0,normal,
8905ab8204b14f338d87a84a9c7b2c3d,0,normal,
e17516bc599842658b50e790d291887c,0,normal,
ee3573b2e270438c8a26d5cc9f5904d3,0,normal,
53ccf2c103bd4119ac69781da94abb23,0,normal,
ff05cd7b3226406db9188e8612245219,0,normal,
68a4063cb7754afca13d64db7572fb37,0,normal,
558cf9f428bf47d4bf72afeccbf5731d,0,normal,
b5c9d3417cfb4d27bae3015345d6ee4c,0,normal,
e178ac1f0ffd4c66a7381e2790362685,0,normal,
25ac8da96ede418887f2fe6dc3698bd5,0,normal,
e1f8da753f484ad7b31b8d9de52f9dd8,0,normal,
b96e21c7d501440cb07fd03eb7abfa0c,0,normal,
a15e52c38f5f4f24a7cddb2b7b78f2a0,0,normal,
b3330098656b4e468221b4128c53c886,0,normal,
e0942c7c34cd43608683042e41dd258f,0,normal,
75065b1af7ab453581ee5ad3374fea85,0,normal,
0f1bc0c3a9d348a591a8fc273922fed5,0,normal,
8773c3a0801649f297ad69777224edf3,0,normal,
54259622772e49589ed0b5c03b00ad8e,0,normal,
1f1a7cbd05d44611ab130fb9eba41c66,0,normal,
9a1924dacb2f4b8eb8641b9d9d9edcef,0,normal,
be9bc5d90b0c4920aa4290f742cf5a79,0,normal,
3b72787751934014b1d8121e08ee2683,0,normal,
11dd4232e46244b1ae3bcf50b355d567,0,normal,
b42db4d2adfe4f38997b0c9065e84af8,0,normal,
ba17b2685e174c57a3420527317bc68f,0,normal,
4b657cb9f1b64e999bae9e19cb8f9dca,0,normal,
ebd5771f87f247e4b3c6e12c4db06222,0,normal,
76cbb24f598c4a61b2a03ae49aca9f20,0,normal,
11905c56bf7f412fba99b47b26b31a82,0,normal,
eca12dc8835e4c278aa508b71ffb376f,0,normal,
13f92091162c4d7da457d7f47d5f7e18,0,normal,
e365218dedd84821a2e7494b7b6afb53,0,normal,
0833c5ec54184c6895a267919c037099,0,normal,
92201b4d5a7949bc9c33584df66c9a6f,0,normal,
34779ce1e1fd4124a78f6f0a435cb9db,0,normal,
4d0fb5a4f8dc48dc861317adc537644e,0,normal,
0f2f28f4329f481292295a2af95dbec3,0,normal,
6a07baffd26a4727b618484ea3bc4ff5,0,normal,
60546fb432554ab0bb306e78181cbd68,0,normal,
8534517a38fa4832a8bdc84b2c588799,0,normal,
2ea9ba4b3bf44d50b64f92336de7160a,0,normal,
45c0c228c5b249a29d9f7042b20b05d6,0,normal,
d2b10405bfc544e293225fec9bc00003,0,normal,
40792d51d5064b44b74db69416fc6574,0,normal,
3817126b1c6c4f828932d79fdd76b360,0,normal,
9d15e00c1796425a8076d7e4754ff71d,0,normal,
72438c6594554a3ea07b3c09d9881ae5,0,normal,
2b3276a44d3e47a5ae291099adffcf0e,0,normal,
425f90e040e640b997bad5a1ec15c1cf,0,normal,
e7b85fe3b9ba44939e436be819663b78,0,normal,
bdfbd08b043c4829b40078628b5ccd1d,0,normal,
4ea956a2e455449298a90c18cfa39d86,1,structuring,structuring_40
09dcd4bcfd5c466ab22733fa6391e126,0,normal,
7be53d2507bf43668d92e607d8e74dd9,0,normal,
a7b80c1411e94827a9f54e57ad948778,0,normal,
b0179161cce346c9b247982d9778a42a,0,normal,
8e1e1c004731482ca45a73a1f74df7c9,0,normal,
550ebd4711c34e16a6d079b32570c509,0,normal,
08ae324d88a44e9499064244e2f7a003,0,normal,
721aa45fdd7a4241812adfd6e3b9af16,0,normal,
04fd94f0d53440ae89e54185c010412d,0,normal,
9f797d7a61e349bab8926aada1fbabee,0,normal,
b9475bdfd35a4887ade2a9557f509f50,0,normal,
fe9781af3baf4b74985fff5d4c84a0c6,0,normal,
ff61f30f1023465d9b650977a034dc71,0,normal,
c3c9def37a6c4b89ba633bb05d4db756,0,normal,
df8402d74ec74b00ae44d7ce6e7a0301,0,normal,
b6c3b2df8b37478a87bd26771e73c64d,0,normal,
e77777534d9f44cc876c2373846a02d7,0,normal,
1aaedfa9bec942b99bbf91977d4fe474,0,normal,
d907388aed9e43fe8edd961568ff3c48,0,normal,
61fa477596f54156a0d3d1f0e291ed50,0,normal,
eab1e746452d4624b8c7879334f8b709,0,normal,
e9ffe631268e4cd1b3d7c4ac06ea68b5,0,normal,
a0e7b496479a41b09e0a8ec4d7bab65b,0,normal,
f73e0d09ab784e1fbe3119c6fd3b81c5,0,normal,
0e1c2441f707433db2d78e840e067043,0,normal,
8af7a8242d8f456889fd6b20db5c9045,0,normal,
9a23bf87b9db4fe394fd071e4efee7f7,0,normal,
1b77abca0e3044aa8d169d4308c2a802,0,normal,
c449592efb6749958a87af50be71fd00,0,normal,
2207cc5fd5f24c99b7ec0a3c9fdf2ad9,0,normal,
c722342b04f0425db6fbbd196d61525c,0,normal,
f20ec0101d6f46c19e958877a09043ad,0,normal,
2c1c8c281be04766933a05b9cd4d2f55,0,normal,
27233973b9124cf49548aaf09324e00d,0,normal,
2222f860e0944dbbb9fa2613c7e99885,0,normal,
92b30e4547634549a526169fd42e46ec,0,normal,
3817fb93a63046f1b18a5cde6f2b8bf8,0,normal,
d375f6d9b05c45ac99ce6a69f40e82b9,0,normal,
2b2c4c363fd2449b80ec9b57b55797b1,0,normal,
a913b07023124d4fa6777654a6b6a4e9,0,normal,
2105810a62b8498f8facd2e2a4621d86,0,normal,
f7578b54965c4fce8b0df074f77b84a3,0,normal,
b6b11c562cc541f982f934b38584d6a1,0,normal,
87f2e25f61a7456b9f4388ad1e55c956,0,normal,
d2f36e8d619a432ba46ede8dee71de27,0,normal,
53723feb3a6c4a04b7e128e31b4c9b60,0,normal,
40e40884529548ec865383c9aa590ab5,0,normal,
8a6f4cda6e474c5a8c8ff93ba30d50be,0,normal,
d47a0bdccb1c4d168db2adff983a7dd4,0,normal,
617cf89f33e04b18b03089942d9dce49,0,normal,
6221dfc99c8c4185a0b808468a0f0f54,0,normal,
3aac64273311427ea6393464da5aebc6,0,normal,
a7aa9831202a4e1dbb07c6a6ba7ada3c,0,normal,
2960969d151f4a62a3b71ea866729f8b,0,normal,
97f5ca304a8047c8bf272f89a14e803d,0,normal,
50e474d9e7674ae38016b90d15a4fafc,0,normal,
bce57eb64b6d4c0dbab65cb75d235b6b,0,normal,
edcab163ad694b7bb10efd4a4601859d,0,normal,
e4baf06607974eb0ba2fc7e084db1eb8,0,normal,
eb3de93457e9431db7f5b79b449d6d7c,0,normal,
4f5d9b70fb854fa2a5febad4148c2184,0,normal,
920126e9531146548c32fe29f14f95ac,0,normal,
d7b72a5605394a1e9db91a09c5e75bf4,0,normal,
2d88790316d44d45baecb7a42782a1ad,0,normal,
48ae0437c7904e0c83f05b036a90decc,0,normal,
2a7e0178552843ccb9b84aac0759a674,0,normal,
e2548f2e3c34411cb72ffa3d87878d01,0,normal,
cc98f515787440e4afc2e6e4eb71551b,0,normal,
712d9468b57342bd99c41752b242fca8,0,normal,
52d1f643d6014ca68c8c3db209c37950,0,normal,
08140b17ad1d488999ff1dc59f763685,0,normal,
671aff066212437389963a0281183ae7,0,normal,
4ce05ee4b3df4fbb8e7dcf4372025d43,0,normal,
ef18780e26eb40108ab2451a76eca760,0,normal,
f8fad32b605c416faefd8fd48474261d,0,normal,
efc54aa141674a119d27e7a9a99eb4f1,0,normal,
6b798b3cc4364d1eb5b071697bcb06bc,0,normal,
b8264d29bb734658a521bddd9ec31c6c,0,normal,
24cad016b16c4aa7a5d3dcbe9bef1a27,0,normal,
3d683c0e8f3747e08dfa307356f01e1d,0,normal,
2c9f3a115b0d4234a4ba24290d9da905,0,normal,
1951375835a64739912d0f72f174451d,0,normal,
275084f4d099474b970c4ac9ec3de400,0,normal,
0a0d8fb46b584f57adc429f009dd507f,0,normal,
0d2b40423f2f43e6b19e913ee928fd33,0,normal,
7d01b61a81c3402b8c6a2ebe15e79ba6,0,normal,
b5f260c369a44f80be13562b08a42b00,0,normal,
1f3fa058e20545d6810904d3f384142f,0,normal,
0702fbbefa4e462e8475518a3da267b6,0,normal,
d20ead6d74f34d73bd896fe37a11763a,0,normal,
56e6cd2d62d0414f90c6fffc737fc949,0,normal,
ade56746e3814b289019528f488dc48d,0,normal,
7f31992bf3f74afe87b37525f91f78d0,0,normal,
fa3f0b5e7c1a4be9a6992abfeca78426,0,normal,
b4697fe15e9047558c923a95ca21cc70,0,normal,
703957fce07542dfb3a14a066432d6a5,0,normal,
ab60e4cfdde64a0483d42aa69ff21f12,0,normal,
4cf540182ae14d4bb0cddc304d470577,0,normal,
6b83c5149a7847829dec8fe9604f3f9e,0,normal,
ec15b667605e44ee84b7ade3d62dccca,0,normal,
483b62af7fbb4dd08bcca2dacb007cc5,0,normal,
634491a241464286a87c9e0d19608872,0,normal,
1741aaeeb26f4400929fc2e8f43062e6,0,normal,
6d7f23fa62534174a3531b17d3c1b61b,0,normal,
8015a19031f4465597bfb6876e683987,0,normal,
ff96303905104c0daf9e48e5470024cd,0,normal,
36ac60c4e2e84c98bb542136b4f5485e,0,normal,
0eac78f6299141d6b8a18fb4d293c3f5,0,normal,
5a2578c497744fb8aecf9138b36b7652,0,normal,
82f265ef6a024d4ca13b47a119fed82d,0,normal,
a020fc8a220e4237a09657a0572af047,0,normal,
3d94feb4b4fc4138a92e07ae4253d6f1,0,normal,
68527ec5ce104e97ad4661709e3ed387,0,normal,
1012d68f6e17476b9c2ca0c188ed5469,0,normal,
d7772ba6584748148be9d0c8b8185fb2,0,normal,
baab16107a4d4b59ad63919b4af070a5,0,normal,
25a09743094e4f9a8e0bb4d3053b187a,0,normal,
0ae997742e4b46fd883a4cdd21912536,0,normal,
b6fc4ac844c1474b823a721357ac2c19,0,normal,
b6fbd994b3d2495d8af7e47d59eb8abf,0,normal,
bb6c35e10dbd47199dbdab5cfd41d688,0,normal,
ffec0d3cd3c846fa9c69d6990f9b09a2,0,normal,
da8d1ee0c8bd4b5fa87b766eb0f8ea4c,0,normal,
547120e74ddc4204889f4cbdaaeec646,0,normal,
dcb89e1129ae4ddc84c3f04715472ad1,0,normal,
6a37ffa94ca04c06b103ad5b42a2604c,0,normal,
84da1201668c4ba6b2590b5800c12f9c,0,normal,
1418e273a45241fca149cd9355399803,1,structuring,structuring_40
5a3db143abad4d70ae48e5e7157aedc6,0,normal,
520752c304d74e5986dadb2d892c282a,0,normal,
4369af837ca843fba24957a29e37bee8,0,normal,
969af672b91b4355b8ca016c5db3caa4,0,normal,
eb19f659da1f4f8b9091b22191efd8be,0,normal,
a02fb8853a6b4e6ea39580bba4dda891,0,normal,
072df5cdcd144a33a81034ed5d1f93bb,0,normal,
348edbc8c7654f1e906e966db5c3b0ec,0,normal,
144c2b9a94e64550bde89cf532dbd44f,0,normal,
5915e2e110af4eec87dfce5732fe122c,0,normal,
182196016fed42f590fa6a4b464066df,0,normal,
938dfe984d094c0d98178891a9bec6ad,0,normal,
dd2b72f65aa24835a29f2cf330393d71,0,normal,
1a991d899f994f8b926562afe8cb482f,0,normal,
e9bb2a3733a649d999e0fb6eaafb2572,0,normal,
394f864a4ac141f5b511aadb020e52b2,0,normal,
f1c281e73e154380ac86ecfd07523b50,1,profile_deviation,deviation_61
c6a091c681dc435ab4a0319c7cf14df9,0,normal,
c23e47758f7846bf8aa85aa08d6fe4bf,0,normal,
edd18d7e91ca49e19cbff7733f289310,0,normal,
3264284e1e224fb4be26b50274a18c64,0,normal,
7d414731838d4789bb3fd484f455013f,0,normal,
f012cf7c8aa244c497d3878f8f7f24d3,0,normal,
9c996886e5ef4fda81b5d6bf22e7c3a0,0,normal,
0f935ab5401e4300aa986dc015b83708,0,normal,
f65f404d920d4f86b7f6bb43a6887ca5,0,normal,
86522a4f661544dfaddda1dc555e2f37,0,normal,
5940e96a4efb4cdf97f725f4975c7584,0,normal,
cce8382b617b41409cc267fe8e4687b9,0,normal,
9b2e34a0b6f44460b2029a7b8718d489,0,normal,
95e220df069e432c9915453ff3704a0a,0,normal,
210c64a1904e42e099f908c6a9a28119,0,normal,
bd746bc4b2424a1bb596f171c185b072,0,normal,
7deb3dc7fa9c403e98fc56d04cfaca95,0,normal,
d49e5e1966614232bdc154e0aedea268,0,normal,
5d6a3e62487449f09f4e0e2a9ca5ff4d,1,structuring,structuring_40
e91593f2d2b0424d956c17f137018ad2,0,normal,
6120d8961fe24f2e88e141db81924037,0,normal,
1b633a99ee844132ac0badd46ce7350c,0,normal,
0f04473700bc4fc1a701771b320475de,0,normal,
21e5eac5de0548c1a081b6a32c005196,0,normal,
b2b49e0969174dc7ad1901eb5bf3f69f,0,normal,
51da0bc146694b16b74b73685a9ea83b,0,normal,
7a10345395d14c7ebb4fbc0832b639d2,0,normal,
da04bc88e25d42aa8126f470b0d6e856,0,normal,
3fd1d85c58214659b4c8072bbf1265e1,0,normal,
56e5cc972e814945986aa73d811868e5,0,normal,
66fa6558514949e7b7d5a05c673a14a0,0,normal,
b40a3e6d9ffb4ae18f617273e9c76ad7,0,normal,
0cda21e79f7c44398189de9c76f18bf3,0,normal,
5329e085407b4fb0a70f25b88954e3f6,0,normal,
5c3d81a42b544b3a9cbcc90d9cb71fe5,0,normal,
f34cabb0320c47d5aa873240e1754ee2,0,normal,
dddafd31a0fb4d418d28c85a7dbc9106,0,normal,
bbc9d5c246d343df80f0183abd8bfb60,0,normal,
0a35ed59b51442dda594d2489e158fb8,0,normal,
2f0b348c47f5432e8835002d2ab6e26a,0,normal,
5c094d9571664f9ebc42075c27262356,0,normal,
84c1c4e902344aed8e4c51cd6d86671d,0,normal,
54477f041bdc4e30bdf6fbbc03198592,0,normal,
f8165d07f91540438ed5408bdc414b34,0,normal,
4294b45a3e94454e84811929cd9b9f1e,0,normal,
9fdae83ac15d43c5a882650287db609f,0,normal,
54ac2a2c1c4e4ad89fe24cd20d69baa8,0,normal,
110d095b19c5409ea64ad8f2e56657c3,0,normal,
7bfabdc77a3645db8798bb93844145d2,0,normal,
d45044681bac452a880ea4496db129a6,0,normal,
8ea331db3f2e40a9a4470a8dcf1ef1ff,0,normal,
551a0f2d711d426e8071e35d6879ddf5,0,normal,
02baa35f86994b58a214ca53e5f5f377,0,normal,
4d7773c4c432478582c0cc4a1a198590,0,normal,
09109786865d47ad8848fca61bcd2f0a,0,normal,
0e4f928526e24cc78b6fcc50517ffdbc,0,normal,
2fe3485c19c54126b1470e59124aa352,0,normal,
21e9ef4cbdf041d5b9976fbcc7bbebe2,0,normal,
20b48a19e0404a47ad59aa88b9cc581e,0,normal,
8e866e9661ef4a76b085d8ac5281322c,0,normal,
5d073cde29604526949e31c99d91d713,0,normal,
953a7005263d47c7a40791c84f49b752,0,normal,
939bdd8d426746e192279365f897d26b,0,normal,
ad66f0ae951d492e92e2eae1ad0cdaa0,0,normal,
51d0f2275100439c9401944960a28afc,0,normal,
8b0fe8b7de8f4ce197d2ca85bb86b7a2,0,normal,
9c0474db40fd4f89b0b661abfc05e886,0,normal,
e92598b35c214986897daac759caff31,0,normal,
4961db3addc44728a78e4bb46e6ca887,0,normal,
963adc3f1edd4436b1d8de006379b6e6,0,normal,
4e3042e23f07468c8f3038039aa3afb2,0,normal,
99bf3ad86f02434ab327b1a2a8157fc2,0,normal,
5e181848714947fdbf0c25381f77591c,0,normal,
fa3cf2f449694b89b3eb89f6cb1ed9f8,0,normal,
aeea742796af44d1aacae06afae84f4f,0,normal,
8faa3e171b67433298d3245ff38f3669,0,normal,
bb34749566814a74951e445ee818a4f9,0,normal,
985ebee16e614ec3a6044ab3c8d96008,0,normal,
edadf85b1b9c4fc1b07cbde30f96d183,0,normal,
19a86bf352df4dd797229f905f82a26f,0,normal,
9bab9fd8d8974860b5b79b5fafc34dc9,0,normal,
6dd1dd9a2d6e4a2ba1b6701a69207c99,0,normal,
55500265c04a4a22ade9e5c8ed10ddd2,0,normal,
32835e9ae384413ebf33c79cf5ef9bef,0,normal,
38420e261ebb48f385cd95fab05352d7,0,normal,
7d110ca7748f49edb9f3fd30a73f4f00,0,normal,
6b0f48e99275441b8fe035a81b78798c,0,normal,
4d49dd33ef3f4e7bbae6b0c3b43e7b71,0,normal,
9a866f716c5b48a596973ef3234030a4,0,normal,
8a0fae834cc24a7a8e869f56ea6021df,0,normal,
f01a222944384c56abbafe5eb13e5173,0,normal,
bedff3aa7a8e4bbcab56eccf7cc7d559,0,normal,
a3a72cfe0ee14e268ec5824631e021a6,0,normal,
55014046567d4d3da0e8d4e564d74dcc,0,normal,
029cb724b55a4aa4b1ee8b7fec34b739,0,normal,
d68a6043806643709127a2fc735909cb,0,normal,
2847e993b6564ffcbd78f2f2c3402c38,0,normal,
8e2027f432fb42ea804fd64f4acb27a0,0,normal,
0bc0ec7b47f941bbb475d5d6911670f9,0,normal,
0efc043410124c71bd9bd01e7ee54b37,0,normal,
fcee4d7fd4104a1382ef424f6cfeb148,0,normal,
8b172bd6999544c0b9e6254eef1c8cee,0,normal,
56b1013ae713463a91314dbeb3d22486,0,normal,
c01290ff62494016ba4042368cde076c,0,normal,
f2073f61ac024f73ae70886b0aa5234a,0,normal,
a42068854c5640069f9ea9c71c19f6ea,0,normal,
badd111a350645bcad489733b31b4bb4,0,normal,
2da02d2806594f04b22c2ca88b56f701,0,normal,
7484a45ffae4446180c3ef614b26bbe0,0,normal,
77f0c16510784f51b6bc4db1dd2b440f,0,normal,
0175a68a79ad4705932f17678b4389db,0,normal,
ca1fe5e90df04c32823973f0228aee1f,0,normal,
34dfbb22344a442580cd32a441b58754,0,normal,
52032719d3ff413a967df54c3d0146ba,0,normal,
f23d2300f5774db690cf9e39ce490b84,0,normal,
66684b567f404d6492a9aa2aefbb4e4b,0,normal,
7e83ccb07af3494098e878674b9b0d2a,0,normal,
c882b8764f43443d8a6970b02cb877a4,0,normal,
e9f09f470eb44a589ef25eb52b42d298,0,normal,
bfe8a953a530412ab1503ec601d1f5ff,0,normal,
f5543cf08b1d40aa85a78417ba9c8319,0,normal,
dbbc5a0a166d4409bb7c1eaa16b6913c,0,normal,
dcd190138b4d408c9419078e39fa4d89,0,normal,
b86f66bf19a64550a024fbc9c42b74ad,0,normal,
460634539fdc4ad48eacf6dd883d7cb0,0,normal,
52e7a736314440df9a254cd3c4bda1a2,0,normal,
704d3ea455384934bccbdf91e2d6c0bc,0,normal,
c56fa73e842d42769ffe0e6b1fcaf236,0,normal,
d280e8db4afd4b3ba91a2d04d75abe5e,0,normal,
bb5bb8585f614b64a4bf6f6887dc5897,0,normal,
8dee9cfbb002476789f3c84ad6e8ed70,0,normal,
b42a0fe3e8b04fd6ae593a3b4f7b2df5,0,normal,
d466a3cf970c49319eda27da19ed3bcc,0,normal,
e10f4a5fc42a4c6d80a2ccfdc5f0846e,0,normal,
e58eb9e2a25242aebafe062b6ba080a5,0,normal,
a52eb11ffe4948c39487216daa74dd5b,0,normal,
eed0ce57c54d48058aa1bd17f1e2c3a6,0,normal,
6246df1362a2400aaae50c4e40e2c661,0,normal,
3cc3eff5460943e2a444a0ceb7a65f8d,0,normal,
79f049ba872c4712aa0983543791e559,0,normal,
6fcf8fa3041647b587825cb9c2fadf2d,0,normal,
008688d9440e4a28a0cde42ee5a3b17e,0,normal,
fb1e353ecfa345909644d300919164f5,0,normal,
0c767558531345738f32c52a6edcb88f,0,normal,
3be6472dd6054e0f8a1b2b934e38c1b8,0,normal,
189df1555a0e43618ad5bfab3ac281f1,0,normal,
df7d74fe21f14e36ab22e2e497a4eb26,0,normal,
a2b51f3446a94cf4abf9bf6e0f240191,0,normal,
ab4b799ae39e475bb589912b0171df66,0,normal,
3915953d5b6d4063a8f9ab03cc1b9f3e,0,normal,
10262f6afda94a07a6f8dbbbf5169797,0,normal,
00bce4150a2c47aeace1be99ccc7170d,1,structuring,structuring_40
ed332aad3bf74a819447d58ad1114371,0,normal,
c5bf116f1a31497090e486cb77fd9683,0,normal,
baa5eaa6f20e40199dfbb7229bb1baa3,0,normal,
a5404121bc544bc78a153dbae3441483,0,normal,
cd2ad44d92944ee88e9f254b105fcbeb,0,normal,
192d598d7810466ebed43c3aaa2b3368,0,normal,
00fddd314bbe49bab065df80a6194b94,0,normal,
eefdc43b74c04d93a00cfd3afd268267,0,normal,
b40cd3ac0d834e7993cce9ddb91e203e,0,normal,
dedc26ac99fd47b1aa78d3984a555da5,0,normal,
b93061c071e84e7d8c6b6a774c77a277,0,normal,
9ade60af993a4a4dba7ce19a3ad667a7,0,normal,
e297cb549bc1471dbceca7317b419a6c,0,normal,
fcbaee013b544e249209814bc20c9c50,0,normal,
0c76ada6f3a8474aa973cd23e62a4a27,0,normal,
870c4bcfd85f4717b8815fc04fe922a6,0,normal,
bc558af42c5346c08486eb7ec60c4049,0,normal,
10b4b87628954e4bb0a1fd9bf3ad9819,0,normal,
37ffb8907b014e1199ba50a06748d87f,0,normal,
acee83e9fa7f46dc99b767bb5c355db5,0,normal,
0242d2451f75414cb1585f3b13983ad7,0,normal,
5e4eafff0a614f9fa72df31ac55ee504,0,normal,
8c8804c7c51c41a9adbdc0258d7b7215,0,normal,
79a672394bf34f0eb06ea28e6f963152,0,normal,
ce5f6645381c4ecc95834e26b5a1ea8c,0,normal,
59bcbf265b4e49c6a7353ec44dea2578,0,normal,
efa5467af9ba47bdbc2384b52fd2c3e1,0,normal,
d495ad05cdf2477180350465bd1019d6,0,normal,
1e6b6795ba31468d831cd20aac59685c,0,normal,
948846d917654c88b4b00874858011e7,0,normal,
6a56ca23d0b54d75be96281296509d84,0,normal,
5bd35788c84e4197b5bd1d25a9783b21,0,normal,
5d414b6c5be64657ad51b11a27587ca9,0,normal,
4e2d3c5aa4774d56bda1bb72416de7ad,0,normal,
a0538266ba884d8cad7bd49d1a565e54,0,normal,
69deed8d47ad4818a38ddb1b0355d4f6,0,normal,
1ed012546cba447dbf88e97a7ffae927,0,normal,
e26537d5bda641e2a78f553403931aba,0,normal,
9db9c2012002459f9a9246c9337aaf16,0,normal,
598d2fe1d6c04886adb2980c8601ee4f,0,normal,
407fb3036f4e4f2d84d658c4004ff107,0,normal,
5edcdb400b7b44d9beabdb75637c7e30,0,normal,
5c2b3c11bcf34ab6a114edd8836a583c,0,normal,
0e902751f18846c190ef9aa917ece2d9,0,normal,
025611b1e373433589c8a2a55a053b65,0,normal,
61718ce27198421dacb06e345b8e04f4,0,normal,
4095dbae03d3428aa1e46052e23badb0,0,normal,
ff39c867ef254ff9a06b889525105b28,0,normal,
967b3f8207124e788dc52324cb5881bf,0,normal,
a055b563480c48829481060b60f6d05b,0,normal,
0de03c767f344ccb9c6c35778b6fb10f,0,normal,
efc7e6b1366242be8bf2a7ddaaee0936,0,normal,
a5c4a50633fa4eb082b854f7a8d7a1e4,0,normal,
25a0dc741cdd4e62a38d8ed85b49838f,0,normal,
5c4522b75131466293b964da2114dd6d,0,normal,
d1352d360961438a93dac5c357c7b1c4,0,normal,
a4b7c1d0ca11452398565882fdd3aa46,0,normal,
6b9b99d5409c4c1e8a4c1c59f6ea90c1,0,normal,
5e192e36c44e449d88caf78efda2cee9,0,normal,
b338c5c73ee14da7a6e35824cee88957,0,normal,
e5d9e86df3a4480a9d1f1014c5f359c9,0,normal,
7108f68671424b979151388149ef627a,0,normal,
e9d3e03ecc21473684c9332f93672f9e,0,normal,
72c0976500dd4454a50f82bf3679d302,0,normal,
797f3bff0ba34432b9f9e91dbb698411,0,normal,
e4e51fe64bdb4c588cd104c2ace0d00f,0,normal,
525807c9ee374df6ab7eda8677bac9e9,0,normal,
849de1bfe6374771b9b8f7a6ca2d91c3,0,normal,
9dabe6e624544106a9f3a1ae6dc3f805,0,normal,
491ebdee0c134fddae0d1ae67c4fc095,0,normal,
9c79ef16bda64e5d946b54589556608a,0,normal,
9cfbc704493f45da894643f0181fe1de,0,normal,
0106e770ddee438d872b2340a7e42e4c,0,normal,
fa4ea6b09dd14b539a5532aeaf74c149,0,normal,
52acd42e52f049fcaf819592c6a4c319,0,normal,
d165f10d8cb44f149fd113c25a2f8b24,0,normal,
d9837ac62a9a42eda9b423f3984f66ba,0,normal,
1ca9c87ae0be49f9b88f9ba7b339d60a,1,structuring,structuring_40
73b9659de0f844abba6341a628976aba,0,normal,
d2ef971a54ab42ea95b5b21891c7c641,0,normal,
52f2c6b02f544286a1b4705ec4ea005d,0,normal,
a09b8b7e97a546cfbdff82f295273800,0,normal,
8e8ac73d7243421b9da0490efdef37d2,0,normal,
b587ffb2cbad4ec68dec2d45e52a37bb,0,normal,
3792eaa73fd54f3abef966317a718729,0,normal,
8d362e4304144dd89b1f3935d6b0e751,0,normal,
81fa258c526c45eab26280c56baf09c8,0,normal,
ad80f0c1194b497e85cd27ac9933b973,0,normal,
1490360627af4e06a1e13f5f327fa0ae,0,normal,
5fe5483bad2748bbb8d399d8d611cad9,0,normal,
6962aef392ba48219a265d54b8ce5862,0,normal,
356ee0ab2e514db89034b7947c73dff7,0,normal,
c32cdb552f9e408f86039a83ab2ddd35,0,normal,
640bbd3b0bbc4d379d111f2d5cfae506,0,normal,
a727be07c6a7486ca55d67acf444bb66,0,normal,
716a61f4d2c54798bc32157763053723,0,normal,
5a2ac4fae7f64fdc837d0e6841276c9a,0,normal,
6f21559d937e4dcc8733511f6368be21,0,normal,
e3167e7c259048e3ab2705a9a46eafb0,0,normal,
34557bc58fb84fe895132a83014e0096,0,normal,
8988fee0d8b9499990cd51dafd1cfccd,0,normal,
e98d91ea96934ff3876d579585ff2baa,0,normal,
315d9005a08b449a878f8f0ff6856abb,0,normal,
973d7fdb05a44d88b3eaafa79244808c,0,normal,
bdc5ca21cf654e77a37c855eee3319c2,0,normal,
2c82cb7d60d241ee87bcf054eba93301,0,normal,
70298f60b9c2402aab55345830fd9aa2,0,normal,
bdafeeaae4904588a8d33ecbe1a71e80,0,normal,
f3c0e7445eb04622a7513b7433e33743,0,normal,
930f51e310bb49089c5be5a2ac0b9a1d,0,normal,
245c4ac3ca244f82820289a63de7f0ba,0,normal,
35c7d0c9005540df8f0a5cc6d2f3aa7f,0,normal,
85a8b51a6bd942008e3e442b97bbf888,0,normal,
7692cec838444dbba2d39e543a445989,0,normal,
0d5130f40acf430f9be7d25ff95e3e4f,0,normal,
4e31080cc7264bb69ab978a656ae3690,0,normal,
f03cb632199e445fbdcc3260e9ccb0dd,0,normal,
77a1d61fb139444d8b4afd8194b7b572,0,normal,
c234480b1f9946bd8f4a1919fc0a077a,0,normal,
d7d3cec4db114c04abfb39fc11825e17,0,normal,
f1f3136c2fe14aff8310d9f7d07a3d7b,0,normal,
cca852b49ff74e68baaf4961ab096009,0,normal,
f8952cbc3ff34f52a5ad66ec8cba83ab,0,normal,
91813b09c7e54bd3bf761ef1cbc50145,0,normal,
f5ac883122ae4a2e8172db3a7fb5d89d,0,normal,
a754346280a84a47a5fdb645fc4c46e3,0,normal,
91f968e44761407c82be5d59ca84f5e8,0,normal,
61df69721c2c4c4b8aa39fe625aa11c1,0,normal,
4716d1eeecfd44dcb827c7f789cb6ef4,0,normal,
9eb89cc0154145fe87c6a2e7aa8603b2,0,normal,
04f3b0de519c46009ea7bffd98ac121c,0,normal,
46d283e2209647daa069d5478f7fbad6,0,normal,
8393d18f11ea43538c788c0d981de5fb,0,normal,
f8884422b8054dff98c5c0fe244ebd01,0,normal,
30460903086441e0852c3ae629f87ffe,0,normal,
8ee838ed465649e48d2f0d867791a8c0,0,normal,
d91079f5072f4fc6a518b8b1bfc2c289,0,normal,
7b87148f6405442391e1cb748f746e8d,0,normal,
dbc0204b1981482da991b55cc8fd8123,0,normal,
c00fdef66b254be5962c1b4ab3f1cde7,0,normal,
3d06ec1058974b7499425fe3ec1f6c74,0,normal,
4ed15c2b652044708224ec26e376037e,0,normal,
efbd9d2e9f9642f2a3dfe1d3012ad305,0,normal,
7e1951f761e44b0a97ae2411e8c2400c,0,normal,
6eee09edbd7c41b1ac7e653bf44fd42a,0,normal,
7d3e762cd6464c04b669459d12931c7b,0,normal,
6abbcde5c4e2412cbe7875998447766e,0,normal,
418e0f63e1f6477baa0b358319137e29,0,normal,
71f81e102c334cf7ac930fcf44e7b4d1,0,normal,
1356768a4d2c48328debe6d8c434afc9,0,normal,
25aecc0f0c6a4f6bba089c7494665659,0,normal,
3ff8e9a5879e48888916f7db7cf98a91,0,normal,
462de0ed1f6141d39a025c822fd5cc47,0,normal,
aaf0fe3535094cc79304590b35aac3c6,0,normal,
c07fe09380964374bfc688c99c2716e0,0,normal,
44b4f35c1cc445f685a6e07777912497,0,normal,
073b8269e5de4c41a13a2ea246f13627,0,normal,
d79d5229982c4fa38e99c0792b6269a0,0,normal,
f6b1830c020c4acfa9ed884c9a2d761d,0,normal,
c0e79bed8792460ab5e2d0d4fc946d86,0,normal,
51b8ed8b0fc64ca2a44b7a9868e84d52,0,normal,
2408e7971552453688e4834de394eac4,0,normal,
639a66a8b14e43e39878792b0ef92960,0,normal,
cabbb8d3895f4faf833b23ac5099d9c5,0,normal,
be41a8db864745d78c6d4110de77885a,0,normal,
f5266d84701844b19e0d13ec2857bbf9,0,normal,
0755a0493bdf4813afd186b395b280fe,0,normal,
276c12638b414ffdbec034c8582d79b8,0,normal,
159faa7fe6224795b50f0814fe0d6a41,0,normal,
edbe39b68e044a0499d12bd523f1a2c0,0,normal,
4f2044b5953d4fe8be6006f56e5a47dc,0,normal,
da8145c0f77247adbd785b7a313df2de,0,normal,
3a1701f77f2e488a8c117b3901f98653,0,normal,
8fe7d47319dd4bb7a970a8d8d1c2d5ae,0,normal,
301a1b24442144a19994b4c055cccf6f,0,normal,
9003e55654034e5590d375a0bbd02d34,0,normal,
4abca5f3b2a94abe940b243f9723bb26,0,normal,
05582d0f05354e6ab894aa7f2b567466,0,normal,
903582b92d76465db994689704bd271c,0,normal,
cb4a0928dbe142d3b52913eaadf4b2a9,0,normal,
0614508579fc405081d05bc257807ad6,0,normal,
74a21463a5594e02aa2704233a57106f,0,normal,
9f2e149fba934bdbba259342f6c34276,0,normal,
aae11779a60941cfa276574fcd417938,0,normal,
cd22ad55686b4a21b271ec2249a66621,0,normal,
db7277cf75e6476f9fd1c1fa3ec1715e,0,normal,
34ea4295477342c6b42fce023ad08702,0,normal,
96dad58d07a345e09865d9cce1b87fbd,0,normal,
6a61e9ae39cf45319cad3127ce4be796,0,normal,
e9b241c34a2e45018e943fa785d2eca0,0,normal,
6d368386894a41c9a89b962ffd27f787,0,normal,
5fa617d3852c40a4a2d6afa1868f40a0,0,normal,
dbeac56e3051428ab83409216291f64d,0,normal,
0e73f3db1dc64fc5a70a70c5c4bb5629,0,normal,
5896e870c1a044bb8c4524b253be85a4,0,normal,
220dd1eff3234f3fb37f62fbdb09d3d0,0,normal,
1d520cf240ec4f46bab94b57b40e7547,0,normal,
5f03dcf5752c4882aebc090c60d882b5,0,normal,
b2398982315747f3aae1d9877616a4d8,0,normal,
b8897c0ca7de4b28a421db9f7654b498,0,normal,
78177966a47f46c0bcaf66330f4344f8,0,normal,
5b2de0bea5e2458abee01cbc2029bd36,0,normal,
930cf3fd99a84c1e84a252c38fdd6835,0,normal,
82e9ce33840f4a64b8f3f8d59a5e4501,0,normal,
1095075b3e2b4379b65e356d2a44dfbc,0,normal,
692a4451dc0f4ce4a5a65d8be13e81d2,0,normal,
ee65e1a161c641deb1ac66e7cee2d156,0,normal,
29433b4977fe4661a251db8aeec1355b,0,normal,
21bcc007f6aa41a2ae0248091920429a,0,normal,
d6e5c776d1eb4986bf193637076a0f64,0,normal,
514f1f205661406585d098c582a93277,0,normal,
d4b21d14da6c492fa3bc2b45863ebfd1,0,normal,
94d91ac137c1486d966242370b27768c,0,normal,
88d81695c1454cd2b445971ca560a370,0,normal,
9b5f13a8fe594b7b9215529dba703bc0,0,normal,
1dc49800a47f462eada41c9b76a8114a,1,structuring,structuring_40
f6064a051b234f2cbbe9ef3e3cdd0a22,0,normal,
5650703a47fc4ccca1c24c83f3d4b164,0,normal,
56fe2576a59d42d68d7ab9ba576603d4,0,normal,
fdb0498993c14a01a2a0e64aab25d747,0,normal,
4f446dceb3ad4fbcba1295d0f310b3a3,0,normal,
6027aaa968e44723b767f96142b39255,0,normal,
4d147a2570c943e78d8fe74770fcd26a,0,normal,
745b3bd0a5ca4b13a3d2433f3c050786,0,normal,
797c267bcd0c432dbd8e9a8f584bf60a,0,normal,
73f9413e639449e99eb1558dea60eca9,0,normal,
af05c438e5bb48d3861d8ec82560b5b4,0,normal,
de23b049dfdb4ceba9e3b55f6563a50f,0,normal,
efe8f3ed0bca4d1fa0146970f71e7c02,0,normal,
5f31ed7c89ed4f29896ae172e520fa60,0,normal,
d00b515c4db447bd8a419ad16446c254,0,normal,
a9a8e6241220486d8f680f58c7ccfd47,0,normal,
dda2271ee5db404fab2660518c47ce38,0,normal,
b443a956fd2e496bb9eba0e46188cb5c,0,normal,
31a573ed82a14d97be3f287631714219,0,normal,
ae3731efaf544fafbf15b7b0c0d9c229,0,normal,
33f9c09c053c481a9c58186e71847142,0,normal,
b13d53953f8b4d5bb1684a155d66c3b0,0,normal,
161ae73810d64531a9d735834b470835,0,normal,
568270dadc2f46d7b5926c1c71c67759,0,normal,
2717351cd9b749c09d758f0433dde3eb,0,normal,
7e35dff4df494bf0bba1cfd2391598fc,0,normal,
d20021ce57c149f384506f455b94d8d2,0,normal,
43718c11dfcf4752a91ead10b0427400,0,normal,
182f4675578a46ca9e723f9f9eac53ab,0,normal,
9d40618e2f574b6cadc9e6430453b72a,0,normal,
b8e3d006ca5b48548cdc6aadf822ec9c,0,normal,
2ea52e3ad93c42ffaa428f92838e07ab,0,normal,
fe10f05c4fb1450885b008193af6629b,0,normal,
1fb181f5c04c4e66bc099c09253e99e6,0,normal,
866d650b5ddb49538d6d7cec116d84c5,0,normal,
0c3d4fc94470479aa18a6703281da3f0,0,normal,
afbda678adb74e19b17bfdcc7005d16d,0,normal,
6040c7e1bb5449e4be15afcd22ddd530,0,normal,
129a1d123f9c4b5fbb7f35921a5dfdbf,0,normal,
38c63c213b6548a09d4e0b740585318c,0,normal,
a9710e54087e409f8b75f8aef82d196a,0,normal,
e15c1db77ae2482dbc927eb98ec1b241,0,normal,
c5f35d03819444e1ad45a78e07f08e52,0,normal,
08b0f5538817443b8194a4faf121ce7a,0,normal,
b30e9da427b14517991d26834e70506c,0,normal,
fe439dec6aa8461fb6170fcacecd14e9,0,normal,
c7ec35f91efa446c9697086cb7bc0103,0,normal,
51c984783eb44beeb9aae65e896f989e,0,normal,
e9ae7c4e0054471686232793778579bf,0,normal,
0682f165830f42d795f7541b030b20bb,0,normal,
ca5089b7e57f492b902107788575459a,0,normal,
020f4902a4794e988f3c773860da11ee,0,normal,
86c9ab2b34414575aef87561e259e7f1,0,normal,
37e4d6b4573d42e19cc8e45a9f455216,0,normal,
4f7dcbeb17e640c696786928a90dfa47,0,normal,
2a5663b4fc254cac9a35d7d5dd774d49,0,normal,
711622d3023f4ae996de715547cce2de,0,normal,
ed3c4db278fb4f6aa9df4f414599e8ac,0,normal,
9ff0e85223ac4613bbfb05151b6b5b19,0,normal,
42fdb4d45dca439ba72022d823f76e95,0,normal,
584b5233bccd46658ae7fe928f1fdb8c,0,normal,
95d3496eb8f34a90988f65b02248f636,0,normal,
039d91af8bc84b649dfd3d13db1a0015,0,normal,
3000c7fa13304baaa64cedd43a4c4bee,0,normal,
288828189ce143218cddc9a0309ceeb0,0,normal,
9a0ed4d469c5418fbf41b35f31f56a76,0,normal,
6a84e9c76a6d41359d15fe470a6da09d,0,normal,
5f33255da81749ea88319b8c19121a60,0,normal,
b28c1120644142a19e8bab90e622aabe,0,normal,
5ee1c0d874b041568a3caf8df0590e3c,0,normal,
640080b693b64f57bd6c85e03d0eaa8d,0,normal,
c88b4dec234947c0bc34c2793d3207b1,0,normal,
61059c26bccd4840b0d134dc5aece875,0,normal,
ff9c1307168f4da8831a1dbbee6fe91d,0,normal,
eeaa5a260a784799a480f96f04c764a6,0,normal,
fac8ea1db96c4e89a477d81dc4f431c6,0,normal,
ce44f137e3c34d09b4ddb6784916e33d,0,normal,
f7c89c7e9c1a4751a2f2475b06bcbc27,0,normal,
9cf7f8b3d7a741498c6e7e4f7632f05d,0,normal,
a81965a0a312467483ece1b017eaec01,0,normal,
b5223dd3cbcb4dd2a699ff91ac033446,0,normal,
080d55013fcd40d3886059f51359624f,0,normal,
debf7d0e56134868a12d16c0663f3312,0,normal,
2385399a1e764ad48c7d8c5df9b2abf5,0,normal,
b019006e5d694ea1acfdb81939588f0f,0,normal,
76c01bac2c9343a191313d2e25b6c183,0,normal,
2928b283b6af4f24b67326921b66f9eb,0,normal,
e974ad97aee64bcf8fec35a7344f6574,0,normal,
23a1bf41e22547a18d6b074c8c3f1121,0,normal,
fe10b93bc78e4c239e1a4ace9f943e49,0,normal,
8bdb1257e4eb45109bdf01df7790d049,0,normal,
a9aa356639e64c059a9fb6681f5f1e9a,0,normal,
c45c05a6ee5d4f6391159a38ca0030d8,0,normal,
06d96d29f08d469aa04760c622a7b9e1,0,normal,
e971d8120dbf403691760df4bf1d86e2,0,normal,
d517ceffe3ec407da2f6bd3cd0c8ba1e,0,normal,
45767c22829e47ae934e403cc7cca4d1,0,normal,
472ec3c73fda4e2e9e4ec473a47148fa,0,normal,
071ff70e77154eeb895ee7f1b99b1e53,0,normal,
66110d812a3c4ee39edac713bdee6597,0,normal,
16e76a9b82344ce09dfc50c9991fe65b,0,normal,
67e81664997342898d4d3cbe6e4dbe81,0,normal,
4d6acbeda07048daa54461dc90798eb0,0,normal,
92b57d6cb4ad4f729ff3e76ad7d022bc,0,normal,
eda304bd60734c859d6f5558dc13ae3a,0,normal,
485381028ede42c1b3f89527564cd029,0,normal,
341b36006a384874afab658b404245b9,0,normal,
9b51e46bbc904258b87abdf87885e299,0,normal,
b5357642d590442bb453dd4019e1693b,0,normal,
e0c156c830434fc498d20779f26ec43b,0,normal,
ce0bd879832d44ec8de3bd5033714f53,0,normal,
0b7a88fe9790404bba60822b7e3f567c,0,normal,
b85ee457ced74e0aa471c29a172242fa,0,normal,
fdbca81ac02341b9bf3c551002d98ec3,0,normal,
914c2f54fd5f4f6ca09d8d26b213275c,0,normal,
f6d8ecb959ea45c3a51421dac0315d35,0,normal,
e8720bbe08cf48e086e2c9ca32ccfe62,0,normal,
def3f67a87df4975ae0b5ec85860505a,0,normal,
f9efa1da8a674249b19f55594aa3dc89,0,normal,
98c5852b6623422eacc4053b8e6cf390,0,normal,
deefecac28a04d23bf1c65dcbc38eca4,0,normal,
20e55c0ad3a34fda902c06e8d6507b1b,0,normal,
4e4ff9b778944c62a2ee25523f7f32be,0,normal,
e6009f19e6324054a53a62b4da140a2c,0,normal,
064df15c037c4640a61ad3047337a794,0,normal,
adc37785f9784724ac330a2624d95afd,0,normal,
b824ea5c36964a9992b5291cc7872ca4,0,normal,
9f4d7e5b076f4a538be5811d497cb6cd,0,normal,
7cf6fdb9548b42538d14437363003e32,0,normal,
b9e5a60f044d4a0b98ced5f32b1bd2c2,0,normal,
cc6b40030a944fdea6556cefcdab69af,0,normal,
9d119b46474b4c51992dee9e57be7905,0,normal,
a8fbb59c1d224ed08b52deabcf933112,0,normal,
db17dd43740c40fca4d17a08ba930ea5,0,normal,
78738fa905064f8384d2a723f3379d3e,0,normal,
2aba5b7a406e43a7afa76eb3cd5392ee,0,normal,
c2c6e821f7c44abcadb67de735c2125f,0,normal,
edc7bccb3c0b450e94e31b64b4f1b8e8,0,normal,
30ed1dd81eac4a5b9aada02d6f2db84c,0,normal,
70421b1c1a8d48fb80bf41fd325393ea,0,normal,
1b618e2f87284c958edf9411463e4a7b,0,normal,
18c31106be7e4c828dcd96e60bf77cd6,0,normal,
c9cbbd18664a411a9db4ea855983961b,0,normal,
2a0be775a06b447b9276a8cf8afc9554,0,normal,
653d9c99b4094d1b8e4c00afdd1f9454,0,normal,
d39d746444a74f389070aae6d00458a8,0,normal,
7e9240787c944b648c8ab350a1368aa2,0,normal,
fdb72c706a164893b4a09cc061916b10,0,normal,
828c4695b79343e8bf136d6135c85d53,0,normal,
894210ccaa424725bfd05be9066dd29c,0,normal,
d0d5cfe79bd24a37aeb9a1d71901ab55,0,normal,
0a061aedfd11425d81676c0676578496,0,normal,
2d4592b81c1b4e9c8c29cc96fb95e176,0,normal,
49963f96b066498982f2d28a47338051,0,normal,
5c81f64b75094084b63f6193ab2e2308,0,normal,
2cd28e3a529b43d6a2ecfa9437d2642f,0,normal,
cea1e780f9444cee9f17a6a4e870f45b,0,normal,
5307ec2801e547628ff8305c5cef259f,0,normal,
4b5ad1592800475d9012aeb9b7ae6ce9,0,normal,
efdd453d6a984b6b8ca5a00e88bb0a2f,0,normal,
6c6049003a6c41b1ba650f83a24e895a,0,normal,
ccb7c90695b64963aefdf789ac2f8da6,0,normal,
0fd839e7c58d4edc9ea4e9eff46e7b6f,0,normal,
84158e192e2f49d7b54dcf8236a87866,0,normal,
961c00b28de84b23a94b383bec86600b,0,normal,
1391cac2cc984bf088c8ca137ca439cd,0,normal,
e7c1840e2a3d4b5a8045770876026afb,0,normal,
5f77d947eac44c80bd61c60612a6c4f7,0,normal,
354c258d5de5422cbe417212631fc3cd,0,normal,
9e314909f404430f8719f898194381d3,0,normal,
56ad8cfdda9840918a37c28a24405b86,0,normal,
5bda479a71804267868ae7ef01e3e4b7,0,normal,
7315184722854a45b2b0c9d1299e9639,0,normal,
c723cde179b14d3198bbe93374c950bb,0,normal,
b5dc1491e8564fc8b59d9bb0af2fcacf,0,normal,
706d80db8d854feea55585452617ab80,0,normal,
95f3d28f297249b59b5d33d2060f2ec5,0,normal,
c01740d59832432bab746ef98a9e2afa,0,normal,
0d7994a23ff24d0eade637569b24d646,0,normal,
7f3a93df0e7c4a808165b9aa9ea01b37,0,normal,
ad8ca4816bb848f2a2dc848a88553d5f,0,normal,
9896f7eabbd848a4ac22e0b8d3b752e7,0,normal,
ba17519abaee4e9384f18205dfd2fa78,0,normal,
ab63128dd51d4fe1bc618eac008ddda2,0,normal,
fd362d45be1b4351a51bc5a7e09633d2,0,normal,
9df911d53a1a4087898c22339284c0b5,0,normal,
1164c2681b924e7c8ead8c14945fe391,0,normal,
78c6509681b44ab3b4d2dde882986001,0,normal,
b50864aef0934f5fae29e09b1c0a2c18,0,normal,
f842f0667b8d4e769972e03f4f4468d8,0,normal,
dea07598bd0046bf9f88cc0f79f74259,0,normal,
a037b73ab5984fee93634dfe6f056dcf,0,normal,
56dd6465a7774b34a81a87935e73ab66,0,normal,
6a5f47aa19974c03b20576b66b62df73,0,normal,
6bbfc425bdf145cabf7c68216c1c40f2,0,normal,
bace29b16ad74eaf97063a1512ce22e8,0,normal,
0fb3a7df2c974d76bc4a27cd2fd163fa,0,normal,
42f7cba4c3a847c8b71957816415b36a,0,normal,
856b5ae2f3bd4bd1b78dec01a391fd66,0,normal,
4aeaa81077514638ae35b40ec04b861d,0,normal,
0497bd44d7c949f4b87f4b1bc367345e,0,normal,
2d08200d02f7470db7f17fadadb26432,0,normal,
673aee2f956b479ab650d6761489c2fd,0,normal,
426c2fb3e6a2465eb259bd55e6aef8f6,0,normal,
e9324ef971c1442aae7819876ec26d76,0,normal,
c219e406442b4c87940e3cb198662b37,0,normal,
6fd0fb0a59294d199643cc7da3ce0fc4,0,normal,
0328c1986e3c428da4152fdb6001b158,0,normal,
a726d02a7ef64a13a19abac1dfe5cc90,0,normal,
75da6882e1484a05a877a6965f1fae14,0,normal,
dea74c267fa640d5a91b9ecda5a2e2be,0,normal,
70f0d07ec75e41eab51545c5000bce05,0,normal,
1165a6e4edfe484a819fd0f328f6c331,0,normal,
ab76a17fa6954c4983d421c3371afda9,0,normal,
d9cd7208837c482cbab68fa645764038,0,normal,
ea039af852b6472ea27014ad3b6768b7,0,normal,
a072a2d40dcb49348f4b950ceda39fbe,0,normal,
1fcf597914e24283b60de53a7fef4b35,0,normal,
b8744a801f284830b69ee59e2b615b25,0,normal,
098df861211444c7a1017577f5395bc3,0,normal,
d59b3a2229db4ccf858728c8a5cf9fce,0,normal,
63432bb775dc406eafee313acc427c1e,0,normal,
d1649fc6365244a4a93660dc6814c3fe,0,normal,
bfe3d1edc7cc41779da59d8a98dc8af0,0,normal,
6498f04250cd410b9963ad2ab512a2a5,0,normal,
2db79333efd349b497604a4b1e33d636,0,normal,
7a7fe28e52f4410fbaa4dd1d0e66c40a,0,normal,
472a84daded74a3e82e57d539912f438,0,normal,
ba8443ddf4e141528edcbff2a2bbb264,0,normal,
d70776ec954147bda6c76468fdbfc5d2,0,normal,
31dbd524bc474a829feca839d3b39b6f,0,normal,
4b63d69986be4833a4ddfa8e194dbe1a,0,normal,
01ddc12551b44aa4acfbfb82a5d1e18b,0,normal,
7262847566a044d3af66f6c096f0fef6,0,normal,
809560eea4af49848beb14664683ee61,0,normal,
e2d2cf5bedd34576a14ce2bdb91e6df0,0,normal,
42285cf61c744f11ae7db623449b8405,0,normal,
022faace481840f683013f73c3507950,0,normal,
3ad51d8c8c494a07a907b55ff432c8b3,0,normal,
45587065dd924052a7eb7a67db97ea5e,0,normal,
c19a754d8e054ca7a466eb500cd99a3b,0,normal,
ac39e4b60e5e4db288299a17eb84aaba,0,normal,
2cc66416e3a6423bac44f3dc485d14a1,0,normal,
5e20d519475d4ae8b416048ae970bfe7,0,normal,
cb24b0e1518f479bb3540d8896a7f67a,0,normal,
30718ae6fb9947659a10d325fbb43d27,0,normal,
9ca1a9738d4b44608b91641986eab625,0,normal,
c16ded88ab52429aa273ff0d42ea8ee2,0,normal,
af8bc8ce30774e38b6cd846c827d9d1e,0,normal,
9357e4198d4046308d25b170c26a6e25,0,normal,
87d49392941b47628c7b427dfba99d51,0,normal,
5fc432eb379c49dfb80630245189634f,0,normal,
160621ae8a4b43478a5f2c4deef6417c,0,normal,
743bf786748f4c2e9726a5a87cd3f665,0,normal,
7f9709d0dbf54777bf383f641662c07b,0,normal,
50f9ed4c7e6c4de38fab4ba6079adac4,0,normal,
123dc80e8e0b4088aabb2c89cff7df62,0,normal,
4e9fa3ef7a8c49b186418fdefbb84d24,0,normal,
e7bbfe88abdf4f169180100fcf7d6f8d,0,normal,
3e5e225308de441f89873d7fe78f6a8b,0,normal,
199fdecf8cbb42758e3c26579104f03b,0,normal,
0f3eacfb9c2741f1b5fad58abe445b88,0,normal,
041ee0d066a94dc998294de2e9318963,0,normal,
46e1eb7df6694c8bb2184c6ac8c84f38,0,normal,
98cecc2a2718449595bb5d19968e0ee9,0,normal,
2a406f4f948e473fb2070dd968a4ee02,0,normal,
e49d447a5a004e67ad2f686b623111c4,0,normal,
86429dba09e94b2487bb05b70a0acc1c,0,normal,
2cd3b1c110cd4c7bb6d7a76fae2dc8bb,0,normal,
4132cd7b4b7c4f8c8ccb083f244e2598,0,normal,
e66348f1f99c46589ee2e1c6dc023925,0,normal,
14beac60ef944729aede53730305b4bf,0,normal,
fae3ad338d7544ea95583b21151232e8,0,normal,
e95063ea2f1649faab46cc0a77ac1a0c,0,normal,
a6651573d45e4be288b446f7d1ac9649,0,normal,
47f71e44a1624af8981042e035a1a2a6,0,normal,
2e58036916dc4c5cb1fac922e777af04,0,normal,
3d53d98512c2496a839adc373d2c2e78,0,normal,
d2ae064b77ca41d4849ef3d9118934b5,0,normal,
b33dbf4306ef4798b7f206fda90bda40,0,normal,
d24693478c234ea9b9baa5e9e48a17dc,0,normal,
947f442eea8c4b9990532933c61baac6,0,normal,
08a59127c7224682910440b7a8c98898,0,normal,
a5743c1c85fe44889a6da4b63f764191,0,normal,
662e5bf3dcac48cc8d1ae58966d2b260,0,normal,
2a6085607ab04d2f8b7027bf8344ea3d,0,normal,
67b916a18f334880b7016622a60b8842,0,normal,
e6b8859677ae4cfb9f12a3ea27ac5851,0,normal,
4e3810ed38194bec99ea6c7a6a542c67,0,normal,
85b663f07f6d42039ab99be94367cb0c,0,normal,
126a804b846c4eefb3adb7e0aa4eeba6,0,normal,
c7e0a2c52e394a7d94a52da9a76866d4,0,normal,
522aa883535045919e160a4b2b959a5c,0,normal,
1c2f21ef4f264d80a774501f39843104,0,normal,
a752fc9edcae4664a823f80ad81ab3e4,0,normal,
a87d4d2100f84481877edbff2a7b7a8c,0,normal,
a04e0e958f98489ea6813f3b7441380d,0,normal,
c5e6bce7ff1f4c9d8541b7c887661126,0,normal,
504fe0c68e684c83ae7232f4eb822c24,0,normal,
ab93c5540749409d9bbabd085eb3e354,0,normal,
6ef4b20e71654953aa3f716b5065600f,0,normal,
f0ec4df533f845258121aeb03e30eeba,0,normal,
fdef0ed0547c4cc5a7091d984d2b3fa8,0,normal,
6483285393f0449d8cee398c4325f8fb,0,normal,
d83fe01ebd064f3c9c17427c9c6e566f,0,normal,
aafa8c569416431fa04e09fa720b4478,0,normal,
9f4182133726472cb409d417fe17ac0f,0,normal,
29cf02ae91a74c6fa3b9f442e9315520,0,normal,
b9236b098bb84f86b9db36389a341f90,0,normal,
e7238ce0f74146c6a3f3bec0829b1abd,0,normal,
c301802f256f4e229d56a8077191489a,0,normal,
129d45d5e1fd4427a34d2451dbfa8c81,0,normal,
68b04d2b96fa40818cc1189cce10d6e1,0,normal,
48661af01cc549459f7ed6118f4fb012,0,normal,
e60acdefc657432cb729d0b848f863ea,0,normal,
7de9881ff5a747b182a4149438def3d2,0,normal,
6ffba4646aa7449781a23695ab73ce05,0,normal,
474e5cca0956452fa18de70aa6d578d3,0,normal,
4ad537fe834649b394f4d0b9a4f7388e,0,normal,
7bff2bbb885f4fd5bc999542b8ea461a,0,normal,
94301621e3ee447383d2586948ae4a34,0,normal,
203d67a815784982a9035ca050a703fd,0,normal,
03aa55bb6cc34b0cb655ebba30cd47b5,0,normal,
b53f37360b3247d38a931bc635e3fe80,0,normal,
d7f97439d26643ae9341afaf0616f9a7,0,normal,
9b8e15a7cdaf41f281fb331d5336f60a,0,normal,
57bec9282214454fa5cdad97d8194264,0,normal,
49996b68d9e449368f6ce50e103a4b7b,0,normal,
8136774e537e47fe9ff25c974e148c49,0,normal,
561d45f5ab1f40b0a4822b2204a8e856,0,normal,
cf916dff30d648a8b0a5280aab7b3b00,0,normal,
4da602da4d29420ebb6634f8ee19cfbc,0,normal,
8af1b13d103945a4892bbda38481ab33,0,normal,
48f66e88ca474b369abf27a296c3f438,0,normal,
c90c4dd8163749ccb0eadd035cfa38a4,0,normal,
0b106321aac14ce2a8a2474febe21b24,0,normal,
c86a6ef3bba94282afcbad74a2a1e436,0,normal,
25f08fa4161f4792ba8ebaaad901b596,0,normal,
4460b920a22e4b20adea3abaf161bd45,0,normal,
e8ee00ce3601470da7e219259dcdb1a0,0,normal,
0a7fa1c666b1448b8199ac9895db6a3b,0,normal,
b23615b66f4d451a855f345a3b603ac5,0,normal,
17d08602b65d488cb26746f0a33a68a9,0,normal,
50ca36892f624da4919c64858f87c8d1,0,normal,
01f33443bc3140b6b3ea2707993591c9,0,normal,
e3af6e75cbff4b6f823cb5d0393dd7fa,0,normal,
cb8bcb7423604ca29c74f84180065d4e,0,normal,
5882d3560b1c434e956dceef27cfed35,0,normal,
af85cdf78f984a24b21f320301af8200,0,normal,
268cb50734dc4c1f9ce03479edc9981d,0,normal,
cbda15acc263455a87878c24aa892ebd,0,normal,
2e2ecf4821a14ee2b7e7eb3459dad4ea,0,normal,
0112c261ef17499594e1c0ce7b476389,0,normal,
adae906d50dc4b03b4369f98c8f0a724,0,normal,
cf27afe331c542f482caa5d25e906cd6,0,normal,
9bcd5fc239d347c3b6c5c1e0f1206028,0,normal,
3f0746b534274e48bab0276dda111c68,0,normal,
838bc091cd2f4bbe90794b10be671fa1,0,normal,
d1389113eb434c278a1ee7d15fb5d61d,0,normal,
14465e0d7ac54c0a8aeaa4313a36e080,0,normal,
d2371601ab0e473fb8cba60d4c9072c8,0,normal,
0f76a0dbb4154a87b8097f657079351d,0,normal,
29041df1544d4232b60164c1b881223a,0,normal,
cae35515a8844a80ad5dc0988e440fc5,0,normal,
6476f002301a4dc3b12a598933503fde,0,normal,
b55da5a5c05f4a7ea175bd6ca4a71836,0,normal,
59c352bd8d8b4aa5bb26336e6f5e4f2c,0,normal,
0697d7e6e71641d2b91c573d5139d926,0,normal,
29519f830b014a0795f18aa55bbf7d8e,0,normal,
5b6bc95ebc7e441ea9a8a53d90425447,0,normal,
39fe334e4443475f91d872231358d723,0,normal,
574d7bcb776f480ea18fdd1e34e88308,0,normal,
12bd29e268d547768ecc3f3fba28376e,0,normal,
ce7010a719b04859a6acf8bfbebde454,0,normal,
b5ecdf8318a743519d0da6126b5ff30c,0,normal,
854d90f70a5042b08e0fa8b0a5fc2836,0,normal,
1a6837551b1e49b0a0359af915f17089,0,normal,
3a61ed6a2abe4c24a0ff72bf44354cbc,0,normal,
9d5327c5fbcd41bca510f42d6beb1aad,0,normal,
4e9bb07e517244cc9a3c320246639508,0,normal,
da7db0af48bb47298793a309d7d19763,0,normal,
62ebcec5933a44daa6136191414357b2,0,normal,
00c3e354deaa4833a7725bb55ed6e8cb,0,normal,
85aa027d0f9d4caaba8f4dad188961d8,0,normal,
beb6cf4c646e411f865627055078d232,0,normal,
e6d54f7fddf342aebd06e0580cb7a800,0,normal,
763ac10577ae43b39f2f76dcb7aa64f5,0,normal,
4c631c503d074ec6acf843d77c51b9ae,0,normal,
741e3889558841d4800c3ea7200bebf6,0,normal,
23e773ea153047f489f407c1e5a9eb07,0,normal,
69635f39f31546da814b4b6e7da54b7f,0,normal,
fbbc8d0615bf48ac93821c0ce4df4298,0,normal,
8d1e3be6dbba40e895f736bda7773e14,0,normal,
6639bd559d884cb596875815262cb6d5,0,normal,
aea80de616c74559aef74d46d586f594,0,normal,
4bca44f9885d44be9c8ca522fac8eb5e,0,normal,
4ab480c8fe6b4a15ab39f6154f20fab2,0,normal,
38bfa6ed0c0f4e519b3297c24e264022,0,normal,
669f39c357c74371a640fa3d22e711ad,0,normal,
e955ccb31faa4522af51c0a68fa947a9,0,normal,
618881e529404758a2ae8427d58c2ddb,0,normal,
fae9f36676864c54b987e1aab31e2134,0,normal,
6d721a058b6f4aa48cb77be7473388f8,0,normal,
b8ed0f84fd60472e847adc40dacda23d,0,normal,
4fe5560ad0ed4dad929fd49d0a50f859,0,normal,
80b4edf95e4946cdb591cf3508601116,0,normal,
550bd1ecfcda43b48040e5b664d62636,0,normal,
bb236d45c6944f918f9227bd64e77cfa,0,normal,
2e1200b05a7a44768b99fe4033d3a34d,0,normal,
c571b5160cb64d1b8644f9b95625680f,0,normal,
66711b73ca6c4289bb4a71e742e6f7bd,0,normal,
e995a861f2584b26be6c45137396ab78,0,normal,
dc284e2959d443c58b9c17d23caf700e,0,normal,
aa979a24921b475bb84c7877dba3148d,0,normal,
9f9e5cccda6e4893af66f25aef2b2a38,0,normal,
7d1673b7ecc04fc98a2902e8211e38f8,0,normal,
07bd1906f3814976b6f4801a0bfc4f1b,0,normal,
7029215d5b604c63b23f96425c306b29,0,normal,
ced48d75137f404aa06ad8ca959af493,0,normal,
ed1f4a7b90ca4648a817419512c263d9,0,normal,
93464cefd0c84b0d98472934141871f3,0,normal,
ebf9d017479443bda0768514b1aae3e3,0,normal,
cd6b61c13733482aaf06e6fcf9f58641,0,normal,
8d2b470f682d4575847d92d1b5f1290e,0,normal,
f41d1527952644feab22876706d8933a,0,normal,
a714f975e6764852ad12d387c279556f,0,normal,
8062b6dfa1a248ac906843f1c3c55428,0,normal,
6704e24c7bd54f9bbbe8d980145fdfa1,0,normal,
2d65a3275a6d4b03bd5b4f165944f7d0,0,normal,
2ce10414145448b5bf9e8a9a8bcc4a8d,0,normal,
57656b9dd11543629ebe5fb532e1dbb6,0,normal,
e289581a9f0c4d14968b54993806a73c,0,normal,
3fc9c18e333141a1a1f8811945bca42f,0,normal,
5a7cb5a3181146a29276d26554f64463,0,normal,
f1e5da2fef15404c89142354dc11d828,0,normal,
ff5adb16491941799dd3d330fce1b0f5,0,normal,
9b41616f721949a8bd46db10224d3b4f,0,normal,
452e92656fa0408d8a67b5a76e1c58d7,0,normal,
f0ec9d59e1f3473eaf0bf23123af05b3,0,normal,
58c7a410f9524bfca3e93f8c8bc20c52,0,normal,
afa0228ab6944651951f158435624397,0,normal,
8e85070d2bab4a1f80e5701b4cce7f66,0,normal,
91a41ee49f5a455c9ca5c5d295950046,0,normal,
29e89472d4f2406dbdbddc71144e73a9,0,normal,
1e74771fc26842b686cd313690771a30,0,normal,
2f616cc2704b4a64bd770f4637d70d27,0,normal,
bc7d6542492d498da64118ed5374cc82,0,normal,
888dc53cd4084cbc9f1ec51c523b7380,0,normal,
8f7db7a0e5e441f09c149f1c86715f7e,0,normal,
44a3ab0c86644d1db9ad4f00d657947d,0,normal,
4d057f9f8fa44826b10e708129c1cd87,0,normal,
b72a614890674f2895894bb992e4f4c7,0,normal,
0a3f383443c545a19f8e2e27393f76bd,0,normal,
65b4c39c62b9413499dd050c61157c47,0,normal,
770ce75506644e5b9dfe29c0c1f7ea3c,0,normal,
c4f8199a8fb14e0bbb18766df90d7114,0,normal,
a127b8870c4644fca29586537e3c9007,0,normal,
fa1f4e0785c94280b14d316fd245c7a8,0,normal,
2c3f50f2c2e64b209f9d91579c0f6bbf,0,normal,
4cb07217563f40cb96f3c1e55293f2ee,0,normal,
4fd244e8e68d4cb68eb0232cb2ab775f,0,normal,
4c6b7d0018be429eaf7203ca355a9298,0,normal,
c2030c9ac6b3490aa16a9486a2161179,0,normal,
08a21a6d57ef45ada9c6e8617dfb4a15,0,normal,
96d3fd0b23484e26b97a578c824df9a9,0,normal,
dff16bcc99ce44bf946922cf5f964a6a,0,normal,
533a24e5f5b24d38b74695712ad7bedd,0,normal,
62febfcd27c94d5fbb997a813ee9d44e,0,normal,
d49cdf2b4aae4354847e691a032591ca,0,normal,
acfcd97a57a34c10a586a2c3b17716e9,0,normal,
385eb2ae6aaa4a2496e5a281fd5dfdd1,0,normal,
e9cd4fccfb95452da80ed7d65c84480b,0,normal,
7a755e814a6c4077b75a06d2478ceb59,0,normal,
0c442945a43b44b39f720563aff0d2d3,0,normal,
afb45b9563f74b28953514d95414f18a,0,normal,
2f0226ec76114e3ebd31d30485880b67,0,normal,
ae60c87915aa447387ad1c4a88738232,0,normal,
2ceca3aae0d844e79c0eb084a43c61e5,0,normal,
a3012dd0ed074888868b9894aaf959ea,0,normal,
767e5c7e457448858506212b809f856e,0,normal,
0571749423ad4c6888a51c0eb39d656f,0,normal,
61e59ab2ca8d457c83af6c488fc83825,0,normal,
8aa4a51214fc4565b59a9ebe12e5bcc1,0,normal,
3537b66148f348dd9513661d397c56aa,0,normal,
205b0a39cc6d4fe188bc8493e91de36f,0,normal,
f70108d7a4ee4d0a9f9d933ebb33c972,0,normal,
767403a5f4c64dcfbd005ef81945437e,0,normal,
3f2d6bad38474facbbe1e04063b2ffc5,0,normal,
89a94d6804bc464f9637dc94bbf0f83f,0,normal,
a87f8a3449a5491d9105416f14e63662,0,normal,
b54aff99b2344d5db7197fcfe4da20e3,0,normal,
ed38479965b74f27ace0cc6bea29b597,0,normal,
8ac1dbfd78f048b5834ccec5badcedfb,0,normal,
1b5c8903aadd4abb94864e3b6eddfd50,0,normal,
b605bd46037b4d688d5ce4b127b89e7c,0,normal,
8852c797f3f44b72a580dd1467c1d2a4,0,normal,
f3003bddc56f4e5bbc17aabe71c3423e,0,normal,
b28ab5e9f6eb497b86d307d80732d434,0,normal,
2964dba0a40843f4a5c22938c6ed74c4,0,normal,
832cf97e84ac4b46a96408f8a40945b9,0,normal,
37b70a6dde7441389af15d3077014d1f,0,normal,
dd963caad4da48daa0cd75e329fcd750,0,normal,
988dd198b648432099934512c2566207,0,normal,
6e7f65eaca834fed87bc62deedde047d,0,normal,
1f4ada95b5564d2fbc70e3aa66c2689a,0,normal,
1174e451ce4e4d2792ccd78358032863,0,normal,
23e321bb1676488891ffdc90f1f931f0,0,normal,
15cb03d013aa4953984f1926c4bdf2a6,0,normal,
6f982745fe2b44a088b5c52018f22736,0,normal,
1ebe856581eb4de398715288a954385b,0,normal,
d0869b3d217e402d92256dcc25af9a8c,0,normal,
63267b0f181848999e2645b9add59795,0,normal,
2115ffe086d14a2da3128e2333293429,0,normal,
7b9031b8be354b4eb02098c93a7a6268,0,normal,
9730ac4956be4e77b486bd689e5ddab0,0,normal,
5fa3dc8b480e4b8ca641481a5cc12e9a,0,normal,
7b024741b07143af94eaeab036f65002,0,normal,
a9834e5f72a24506a5639fe0292e8778,0,normal,
702236c5f8fa465cb2bd4f70f43eddc4,0,normal,
1b57771938da443086c1ba33a997b6fb,0,normal,
2ae51bb0ffaf4065935addf26030c19f,0,normal,
b143f553aee04639ae96a5bb05452238,0,normal,
87d2cdf8580841ffa7925d73f286b42d,0,normal,
b45d4b44cfe24e11ad32754338abbbbc,0,normal,
0ca68c8b7588475cb697fe9ea80a2217,0,normal,
842217b775f1451b81713a53863967bc,0,normal,
9aad739e0bd447509eabfdbfaf912e39,0,normal,
7160861fa1ff4c2f8ddc134c879de1a1,0,normal,
fa8bc5f079684aa5acb148872c7be334,0,normal,
8c5e05028d764e49972fdbf88cad6239,0,normal,
42844583955c43249ce39aa21d698e96,0,normal,
b4d7f9a4b1ac4543b4843ccc240a23f1,0,normal,
86d5fff4f0a745c99149180add8598a3,0,normal,
a7f9dbd3d22d49deba8e1107d3393013,0,normal,
c821f767a9934c54bf9316ea20057271,0,normal,
b85d90d9260d4c4ba0a3dae03449b2b2,0,normal,
c07c877cbb6a421f80a53eee7ad6f712,0,normal,
87e90cb6adb545599795f45cd71733ae,0,normal,
3f9d57e35df547489ac08a685092bc92,0,normal,
d4e20ee15df3460f9f95f818b30ba6a3,0,normal,
f96e8ffc1a8a4cc994ce5575bb42db76,0,normal,
30bcb6d2827a4b479c3c11cfa2eddab6,0,normal,
2f3623d2346f41648acb363bed376bbe,0,normal,
5d62703f77974b44b8545106ed89049b,0,normal,
f6688d3193b94d83804733e4e775fa73,0,normal,
bbdef38cbcb6431ba5434fb2349cc7ad,0,normal,
98e3ed8873db462382b9dcee0469a7d0,0,normal,
c88bbe3ac6714169a001a5138309d8b7,0,normal,
6ccaafffbbcb42a5a2bdd80a5a1b5542,0,normal,
dcd1711ac7194f7b8e71b6f9b92c01e8,0,normal,
7aec040572ba48b2ab510784af6a8a67,0,normal,
9f889c1610ce426ca40d2d14ae3c4895,0,normal,
5b2687f4482543fdbe9fb584e9986940,0,normal,
97768e5e78ab486ea2e1fc8b2e9fe09b,0,normal,
c4d141919ecc4b72aaa329059ff203f8,0,normal,
635162a59a0c41f0bba3efbf0909e761,0,normal,
027f98c5dbe04d9cb2bc430bfd9251bd,0,normal,
184843e31f0c4d97bcdd9d7e22b36e79,0,normal,
47584784807c40a8b04b77ececf1021b,0,normal,
78f910dda37c444d82cdf0a665153b0e,0,normal,
514c2f90dac846b3adea50efc9221f75,0,normal,
681c0e327f13420a9ea83bcbb1936524,0,normal,
004d7054048940d78f862c2b913f98f2,0,normal,
0a9486f25ed244998d609e055d4b696c,0,normal,
f146fdc2d440466380bfa94443bf5d4f,0,normal,
6b09c8a4193c4cbcaa63233bec96d4c0,0,normal,
6ac5afe592294c638af81f163038a8c0,0,normal,
eedea9d6e25e44d581be94a0ad85a90c,0,normal,
9d58d0a7df6c4bc98822ee4bf889d9f6,0,normal,
94d8fd25eea84e979850ee31ddca6ca8,0,normal,
a9fc512dcc154dc5918cc709467878bf,0,normal,
5eca7ddbb6c242e1a817f634f6499b5a,0,normal,
12a5aab5797844fdb663e91c5df52eab,0,normal,
a847f26105894d7d9e0091b41d7ce3a6,0,normal,
df73ee4b05434d1ba3151225f1edccef,0,normal,
8b0c9adb94e34d73ad977f088075518c,0,normal,
61f748e9ffc843cc8f87c5777005c8e7,0,normal,
335894a3ca5b45d68579f62669aa2cf6,0,normal,
0cfbeb22c87a4ad8b694f538addb79a5,0,normal,
d5b754d4edbc460088e2551bb1281b16,0,normal,
dd7e2f5321224c198722e0b5fbe14416,0,normal,
6c16f95c817b460393cd96aa5e696270,0,normal,
65c52b9ee02e491bb66427c0457c7762,0,normal,
d8a9dda94b9241918f4cf05ed62292d6,0,normal,
d08d2a5fdede440db7e8cfba0b59e5db,0,normal,
32a76da846264c23812d984f464c15d7,0,normal,
78a068093b26419c8938f29aa3933975,0,normal,
25e904b3e86d451489419383a415b8f3,0,normal,
7e40882497c348cb87e56a9aee2d8e34,0,normal,
7bb37026fc434e13a32b9181b7ec7b4e,0,normal,
2a2ead2be37e460eb8b53a5a41e33f40,0,normal,
c5a13efaa5a04d539f355bddb4a7facd,0,normal,
6062904c7c034764b2b1e2407e93b0fe,0,normal,
54c8d5b1c636415781a357acdbd981e5,0,normal,
d2557c92d81249a1a101153f07f4cef3,0,normal,
345b9e427883492eaa70bf4d8ce7f0a8,0,normal,
83ad03da49b044d48cbf47f00bcda736,0,normal,
8bf073cbeb1d414a9e82bae100a9d81f,0,normal,
41be67423d7f45029862043ce7138d3e,0,normal,
8cd6289f2d1b427a898e256bc1217128,0,normal,
2d9fa043d1ff453094596b4f7230bde1,0,normal,
2206e5004f844c76aa2fec5e2edf072e,0,normal,
aa62aea290ea4f6fa6899a81d4e32bc6,0,normal,
873e4a7eceb14d6cbf6bcdccf762258e,0,normal,
352ba0c01a4d46728cea0dccf12ecee7,0,normal,
02e91db630284938ab3d207d6c52f33b,0,normal,
ee003c2ad44c422b9aa5449a350b63cd,0,normal,
d0576a9b3bf7426086c351d46e84eda8,0,normal,
8b50c5a79b3042009de4fdfc5bbf408e,0,normal,
7412a2244c184493b6d37e054dde6c2e,0,normal,
fe979a67fcb84f90b51f74d02fefefa4,0,normal,
572cc73ebba3401db2d59eb75f02d4a1,0,normal,
12fdb2e143ce4b7a9dc4d46dc5b25a6d,0,normal,
cf758f1ec04b4f228354e90146e24066,0,normal,
9581bbdf9fe949cf89602f6d322f2d48,0,normal,
a8558026536e441db399ff206c201b7d,0,normal,
6a3a95a0ae494c8da7396ea203c55bf8,0,normal,
ff715ecc6ed145508ea4efe7579225ca,0,normal,
1e034c5e5d824c059894b3820c8d433c,0,normal,
d36caaebd4c8439587820728919d701c,0,normal,
290ce64d53e44e5dbb478ba38e98a6fe,0,normal,
b1d8d353d5174e27bb7a8e2e3001ea08,0,normal,
62d37390b74d45a4aa1533ee12dac868,0,normal,
c70029777468471f83497426c6ab1fc9,0,normal,
fd3b57eeab0440ad9cbdfa85cc7e1b1a,0,normal,
3f94182165894be2bbc4be4aecd65378,0,normal,
14a90236dbe640fb85ec10cd233049af,0,normal,
5f554663a43e433284992b4b0ce5519b,0,normal,
d87747f7106844828514ea42a764f5fc,0,normal,
67824bc1f56c48e0b714a4d2754ac9da,0,normal,
e2dd037167254d18a481f9f72b6c8a1a,0,normal,
03714d9092d34a5c8bdfc91c83216d2d,0,normal,
151e4f124c3b4583a61436cb44ab7751,0,normal,
82ca85e1f77c404285f109348536d7c6,0,normal,
d711aaa0d9964337b2dd6a6f4855dbe0,0,normal,
dc7e64158cd94541bd2b5887d231adf5,0,normal,
051a2b658634435488268a68ed411484,0,normal,
a0ccfa2dd9f24fb39c17d40fc405160f,0,normal,
36434cd7472d4ebaab4e2bd88069ecef,0,normal,
c59b003461564d18b11aedf43844f858,0,normal,
edeca892325d4c4eac40357f93eac87a,0,normal,
81adace22804438aadec81f9f9e67e07,0,normal,
6efa1899cf834319bd193a5bf721560b,0,normal,
ba1ff2a801894a87b7195aaaba6354d7,0,normal,
258606968c55479c9398a01de0c512eb,0,normal,
f1714b20ae6d487ebf125c972acedab9,0,normal,
9ba9d1428a964c5d8526879889745d76,0,normal,
58d23aade5c34c03958b176fe075d2c7,0,normal,
9b63ef531a3c4750aa5f906c82fa93bc,0,normal,
e6eadd7b3d924fcbb8c8592486e8861a,0,normal,
752c09b872784c5987048020741664b5,0,normal,
cd68aec8b671417b84e79e13a476be8c,0,normal,
3b827f83aa634798bd8e41d71d8a9813,0,normal,
8c7fbe7bcf814ee9b3444fa7cc4ff5d5,0,normal,
16b5be86e22b4416a73dd84f84ed8a1c,0,normal,
41e3d71a19fb4c0e846739999f8006b7,0,normal,
e5829f22b66e4124b3a6cd6b20485f57,0,normal,
2b6797979b034315880bdf903555e675,0,normal,
240e1b66c04446a1bbb2f4aa1168ada2,0,normal,
5041c7c54424415aaa1165bc2370ecf2,0,normal,
2182226571bb46809e790aacfecd4514,0,normal,
548bf72091eb444aa5f31dd1a02416ac,0,normal,
69f0c88cf7164b0da31847e118ec8e8e,0,normal,
24274ab28ffc487ba60525968bf5583b,0,normal,
59cb5a40a76541a5af4da7c0a97c5021,0,normal,
fa867b746a644819bcc40ccfcbaa61a3,0,normal,
5bd0e2f1ae984df994f466f642cd10e1,0,normal,
10ddfd55b2f74fdf8747fa37da0a0680,0,normal,
116fd9918e884b7abc2aa88534681196,0,normal,
8b55d1d42084408bbb992da899d0f6a9,0,normal,
3cd883b598374a0694922f242dc00aae,0,normal,
ac44d55bd9834a1498cf28c36216ad40,0,normal,
dd3bbe0940e34820b771fe9bbafc7f45,0,normal,
efbd4514466f4da597c796d01b55c0f7,0,normal,
aaca6ed364fb4d9dbbeae668f6b33406,0,normal,
dd91c5d24c1544f78a302f39707d4620,0,normal,
46214fd3883c46a8b8b864202683daa2,0,normal,
23fea0e6b5584ab0a3d8aca13ba52d2e,0,normal,
c35e2a1d16984d48ab00eaae326d3abd,0,normal,
8c3d833d36614a18982a5b44d0febc8f,0,normal,
11803b48ff0f48699f975f5b1d7b4115,0,normal,
60fb4ffee21e4d98bc50c2bb3154b0fb,0,normal,
2d034bddadb3470f8db75f1e81fc2d23,0,normal,
62704049e1274c75b0b598866d271703,0,normal,
819f46c8591a48a2b667ea0ec13f4009,0,normal,
172f74d5e1574d11a3262095625e892a,0,normal,
fda37fbb33e045049688fc0d19b831ce,0,normal,
aadf580c9b7343369aef38525a55b20c,0,normal,
841575ed61b0470c90862976ff997c28,0,normal,
fdf36c06cbb64e6da20660ea6da78ad8,0,normal,
6d4471fee558469eac2efaed232040cf,0,normal,
1e90d0b2a44c42bfada70bb398ae64bf,0,normal,
f6f07613bec74ecd9cec888c261ef691,0,normal,
5c780657ec7f4b14b3663cb22b7bd165,0,normal,
d1c3444a289a4f71a3633b63a3435396,0,normal,
f038d0953d344415927098f6590b3861,0,normal,
7ca11c45fdc44bdba4d19ebc2ad565e0,0,normal,
dfecf75032104050818cbbbfb609dcaa,0,normal,
737b416883f24500bd55fd2b040c1d84,0,normal,
0038709639c14db58bc49266d1cc911e,0,normal,
cc37ac92a6f145b1968ebde47a126030,0,normal,
a2d9611fa73e40cc93029d35f6968f9b,0,normal,
04a4af4a48aa4cdbb7fa06cb67ae024e,0,normal,
c3e236c951e945c49b51692ebc8cd317,0,normal,
ca4a0fc77f034a36b7ba66e91a74d96e,0,normal,
88565b08e2584c0882c0ea37efb5f00f,0,normal,
62c55a2975e24e5db670faf9cc1eeb1e,0,normal,
840c2f9634634d73891020ce9df32535,0,normal,
2e250c16ff0e414eb8554af62d8d899e,0,normal,
237072980be94d118990033e2e9c3a56,0,normal,
af3e1235d6a340b79c914ebde376643d,0,normal,
f6ecdfac852d421bb9e67f42b30aedef,0,normal,
a8885b08729a460a88b29c48d5ea4a25,0,normal,
15093aba4cfe48dda50bf41a81ce8f7d,0,normal,
d4f347860790490da467a5df9928e5ae,0,normal,
c85b77ce9f944b6fa5a4a57363610a27,0,normal,
ce32923b048b43099c78a00de88027fe,0,normal,
c5e315225e70446995329ffe329663db,0,normal,
8c0fc66f1db34a7da56bc5d35109cd73,0,normal,
18cd65e23a124fb099725e8ca8327eb7,0,normal,
ededd0f317d448569770cd0f53bdb083,0,normal,
744cde10aac44ff493267ad6148964f2,0,normal,
db6cd2853b1a498eaaae8d87465706ba,0,normal,
f24e1155aa69490597902aed34fd5f34,0,normal,
02f0850efc004c3c810c407ccd2b16c5,0,normal,
f439d3fbfbf24ac8902eb4401dd90bce,0,normal,
09aa0dc74a2a4505976e4c4a92b01e2d,0,normal,
da9ceeb794534ada80a34ca2fbdf6324,0,normal,
51e79e27701a40f7b9e16ae9ab040308,0,normal,
3a14b43fa58a4cde9b27a5ac8db3fe92,0,normal,
98d6577f4a67415ab398ef4905af1b08,0,normal,
d5db3113d90741cd82fa667b6ac9c72c,0,normal,
ce13b5ae791e46e2941b137a23514867,0,normal,
7229e91d5db749058e9619d77d5493db,0,normal,
d9cd569f0fff4dfd92f7de6b5c62f4b3,0,normal,
834139db1ca0440c8d7f159815dca871,0,normal,
51f5494a659a43ca9582dd9a3d78c764,0,normal,
471366692c1a45ad9e25b294e71b2394,0,normal,
d857960f525d4d51b88cf3926ee010bc,0,normal,
ffa998dbb3024fb9a0dcb2b0cd91ecd6,0,normal,
ceec5e6708c147428e73d4f682812518,0,normal,
5841b94955a84eff9358fc7b72e90b93,0,normal,
8cdb4594a3fa43e58efd7c16a69a3ce4,0,normal,
3e1f5a9899ef4534ac4e16e226f5cf85,0,normal,
820edbde0d1f4cd1b8dfd7324f60f76d,0,normal,
cadcc8b25e644ff3ab21fb207d990003,0,normal,
a93bade4fe0b45b7874040bc2e9d324b,0,normal,
44f735993d3043eabc3405dda4a6eb99,1,fan_out_mixer,mixer_376_fanin
23b82e2ef3c544b9b1116e4b5da9f99c,1,fan_out_mixer,mixer_376_fanout0
ef8122a0edc7434cb5fb5822c6cea54d,1,fan_out_mixer,mixer_376_fanout1
ef380e504a194f9aabafa4726d91c812,0,normal,
bf770a461a844a8583a7aeedd64711d6,1,fan_out_mixer,mixer_376_fanout2
c0d566050a1b4d32aae480a3aa43a6c9,1,fan_out_mixer,mixer_376_fanout3
94910477743f455ab91c695862c39b5b,0,normal,
93724ea6e50f4dde936599b74426ae30,1,fan_out_mixer,mixer_376_fanout4
7e00b62f38884b1d807a4866dae78f85,1,fan_out_mixer,mixer_376_fanout5
ef845409501946bdac9c38a0d8ac65a0,1,fan_out_mixer,mixer_376_fanout6
b9189f79029d4a2e99361cc30d91d520,0,normal,
886fc31ba7d24f0d86efaa6b179f3adc,1,fan_out_mixer,mixer_376_fanout7
61e61094245c4836b3f9b2327751dff3,0,normal,
b94d301f620443208e430088d5a45be2,1,fan_out_mixer,mixer_376_fanout8
a950ee765f97480daf209d2fd4133979,1,fan_out_mixer,mixer_376_fanout9
87bc948282774ab5a28e10c2b8bea39e,1,fan_out_mixer,mixer_376_fanout10
4cfb0dca1d994e9cab667f90b69a7ddc,0,normal,
d31641d7fa90487faaba3feef195d991,1,fan_out_mixer,mixer_376_fanout11
81e4bf29213b41b69817d05c4078ccac,1,fan_out_mixer,mixer_376_fanout12
79b3f2fcc7984bae89943dc9350ac041,1,fan_out_mixer,mixer_376_fanout13
2789b99ac2714dceb240aa869609980b,1,fan_out_mixer,mixer_376_fanout14
c2784e081e494299b9e24d7240057f28,1,fan_out_mixer,mixer_376_fanout15
d8c56d5f64f64a61a1ffbd22e1d5fe0e,1,fan_out_mixer,mixer_376_fanout16
939452e11c0645eb8a9740ae28a4906c,1,fan_out_mixer,mixer_376_fanout17
3ce1796c3c024db3a4a930846b8bb855,1,fan_out_mixer,mixer_376_fanout18
35af7366ca854ba5802b4ff99ba09f08,1,fan_out_mixer,mixer_376_fanout19
1ce084cd680d4a90abef70bb50f8b837,0,normal,
2762dcc5385a496fb37f374bf8dd9114,1,fan_out_mixer,mixer_376_fanout20
8d268beeabd6467d9ec0865e5dc4aef3,1,fan_out_mixer,mixer_376_fanout21
166f0a235c974e8ebe6fca9768deeee4,0,normal,
415466b2356b4cc7b41d5ac393ea8007,1,fan_out_mixer,mixer_376_fanout22
e64cd82340744d97ad7d7b701677e664,1,fan_out_mixer,mixer_376_fanout23
c4f2d292f1744b17aaf5ea685701165a,1,fan_out_mixer,mixer_376_fanout24
0407d58af11f438bb361df897cf14226,0,normal,
3cba3888b0fa44558054abec8a9c9e1a,0,normal,
6212411a0e3742fda39b9291d5961d37,0,normal,
f0a005767a444cc58f12b856c70e6a32,0,normal,
91be2cc797544b3391823d335e7daa4e,0,normal,
beb4e6e065104b498e58050614f681f4,0,normal,
d848ee8f0e8f4e4f9d6723c150f778a3,0,normal,
d49075d8cc6b48f0b09d58352ea21d06,0,normal,
fbc4a40dac3d4b96a036015475c29756,0,normal,
0677a67ab9ec48afb2b73ab1dc4a0e2b,0,normal,
c9b423ccf32444ad810006c90eeceaab,0,normal,
8bcda31e4867434eb80068109f2e6873,0,normal,
7d1ea61a203b4e2fb2a8c6c0ea0d2a94,0,normal,
3fda4f293ae84def90a3f04bb21c3427,0,normal,
411c066163834e88ac88acb98f2a128d,0,normal,
85841a00d0ca4ae49c72d9094dd4ba6c,0,normal,
