txid,canonical_wallet_id,detector,priority_tier,xgb_proba,if_score,top_reasons,top_feature_1,shap_1,top_feature_2,shap_2,top_feature_3,shap_3
b7dd72244ab9491da4112ecf65312429,610,both,high,0.9999857,-0.0189006390988327,"burst of tx in the last hour (sender_tx_count_1h=20, impact=+6.799); high tx volume in 24h (sender_tx_count_24h=20, impact=+3.660); amount far from sender's usual pattern (sender_amount_zscore=-0.386, impact=+1.358)",sender_tx_count_1h,6.7989,sender_tx_count_24h,3.6596,sender_amount_zscore,1.3584
d61dbd3ab538400493cf24ccd9b9da4c,610,both,high,0.99998546,-0.0467827773435732,"burst of tx in the last hour (sender_tx_count_1h=29, impact=+7.756); high tx volume in 24h (sender_tx_count_24h=29, impact=+3.816); amount far from sender's usual pattern (sender_amount_zscore=-0.4219, impact=+1.388)",sender_tx_count_1h,7.7562,sender_tx_count_24h,3.8159,sender_amount_zscore,1.3877
f816875a335e47d2a118bc51489c2b1c,312,both,high,0.99998057,-0.0172637197108236,"burst of tx in the last hour (sender_tx_count_1h=12, impact=+8.173); high tx volume in 24h (sender_tx_count_24h=12, impact=+4.604); unusually few inputs (n_inputs=2, impact=-0.847)",sender_tx_count_1h,8.1726,sender_tx_count_24h,4.6038,n_inputs,-0.8469
f0ddb45b03de47acbf70a1718f5c29cd,312,both,high,0.99997747,-0.0143657897240947,"burst of tx in the last hour (sender_tx_count_1h=22, impact=+7.748); high tx volume in 24h (sender_tx_count_24h=22, impact=+4.151); unusually few outputs (n_outputs=2, impact=-0.762)",sender_tx_count_1h,7.7475,sender_tx_count_24h,4.1509,n_outputs,-0.7618
ef82cd2d50f54114ab5a2d7fb95a86ef,312,both,high,0.9999733,-0.0389257114742297,"burst of tx in the last hour (sender_tx_count_1h=29, impact=+8.331); high tx volume in 24h (sender_tx_count_24h=29, impact=+4.285); small total BTC moved (total_input_btc=0.04802, impact=-0.742)",sender_tx_count_1h,8.3306,sender_tx_count_24h,4.2854,total_input_btc,-0.7419
f2a3f09bba044e2db093ae6cccf41d42,594,both,high,0.99996936,-0.1027126597981328,"burst of tx in the last hour (sender_tx_count_1h=5, impact=+6.764); high tx volume in 24h (sender_tx_count_24h=10, impact=+3.618); amount close to sender's usual pattern (sender_amount_zscore=0.8953, impact=-0.712)",sender_tx_count_1h,6.7641,sender_tx_count_24h,3.6176,sender_amount_zscore,-0.712
483b6dc0975b4871bd4ea74227676a90,525,both,high,0.9999664,-0.0191512286370555,"burst of tx in the last hour (sender_tx_count_1h=22, impact=+8.216); high tx volume in 24h (sender_tx_count_24h=22, impact=+4.372); rapid repeat transacting (sender_time_since_last_tx_min=0.3833, impact=+0.723)",sender_tx_count_1h,8.2158,sender_tx_count_24h,4.3724,sender_time_since_last_tx_min,0.7229
d05db06c462c4a6ab23e19f870c229ad,610,both,high,0.9999652,-0.03076922422581,"burst of tx in the last hour (sender_tx_count_1h=25, impact=+7.126); high tx volume in 24h (sender_tx_count_24h=25, impact=+3.646); long dormancy before reuse (minutes_since_addr_last_output=1.064e+04, impact=-0.638)",sender_tx_count_1h,7.1256,sender_tx_count_24h,3.6464,minutes_since_addr_last_output,-0.6379
57b0e82af6b34ca399d82321085a9af0,674,both,high,0.9999596,-0.101108996464689,"burst of tx in the last hour (sender_tx_count_1h=7, impact=+6.405); high tx volume in 24h (sender_tx_count_24h=7, impact=+2.282); input addr reused right after receiving (input_addr_is_recent_output=1, impact=+1.332)",sender_tx_count_1h,6.4046,sender_tx_count_24h,2.2823,input_addr_is_recent_output,1.3317
8f3a5f38711843f1adef44341361c6a3,674,both,high,0.9999596,-0.1124253280168853,"burst of tx in the last hour (sender_tx_count_1h=8, impact=+6.405); high tx volume in 24h (sender_tx_count_24h=8, impact=+2.282); input addr reused right after receiving (input_addr_is_recent_output=1, impact=+1.332)",sender_tx_count_1h,6.4046,sender_tx_count_24h,2.2823,input_addr_is_recent_output,1.3317
6950687bea814dedb12d4a61450cec93,610,both,high,0.9999515,-0.0333084306543707,"burst of tx in the last hour (sender_tx_count_1h=26, impact=+7.279); high tx volume in 24h (sender_tx_count_24h=26, impact=+4.293); unusually few outputs (n_outputs=2, impact=-0.797)",sender_tx_count_1h,7.2786,sender_tx_count_24h,4.293,n_outputs,-0.797
273d519aa28745339ce1dcf94c8dc6e8,525,both,high,0.999951,-0.0754242106784411,"burst of tx in the last hour (sender_tx_count_1h=24, impact=+8.098); high tx volume in 24h (sender_tx_count_24h=24, impact=+3.961); small total BTC moved (total_input_btc=0.004993, impact=-1.242)",sender_tx_count_1h,8.0979,sender_tx_count_24h,3.9614,total_input_btc,-1.242
bb1105cc8185410aa4a490688f273841,610,both,high,0.999951,-0.0478546924907635,"burst of tx in the last hour (sender_tx_count_1h=22, impact=+7.446); high tx volume in 24h (sender_tx_count_24h=22, impact=+4.239); unusually few outputs (n_outputs=2, impact=-0.810)",sender_tx_count_1h,7.4456,sender_tx_count_24h,4.239,n_outputs,-0.8102
4ae623aee5854e2a91cc3cd5e6f08bff,674,both,high,0.99995077,-0.0943540143644868,"burst of tx in the last hour (sender_tx_count_1h=5, impact=+6.341); high tx volume in 24h (sender_tx_count_24h=5, impact=+3.121); input addr reused right after receiving (input_addr_is_recent_output=1, impact=+1.108)",sender_tx_count_1h,6.3406,sender_tx_count_24h,3.1213,input_addr_is_recent_output,1.1083
16363298a42640b7a5f33d566adf2334,639,both,high,0.9999471,-0.1495786382102463,"burst of tx in the last hour (sender_tx_count_1h=11, impact=+6.449); high tx volume in 24h (sender_tx_count_24h=12, impact=+2.299); input addr reused right after receiving (input_addr_is_recent_output=1, impact=+1.321)",sender_tx_count_1h,6.4488,sender_tx_count_24h,2.2989,input_addr_is_recent_output,1.3205
3d2464ad591e4355a53c127f6a491893,200,both,high,0.99994516,-0.0009023753478065,"burst of tx in the last hour (sender_tx_count_1h=22, impact=+8.194); high tx volume in 24h (sender_tx_count_24h=22, impact=+4.722); small total BTC moved (total_input_btc=0.02935, impact=-1.235)",sender_tx_count_1h,8.1943,sender_tx_count_24h,4.7223,total_input_btc,-1.2348
39971dd40a714858ad440baad4cec854,674,both,high,0.99994385,-0.0731912793950453,"burst of tx in the last hour (sender_tx_count_1h=3, impact=+6.374); high tx volume in 24h (sender_tx_count_24h=3, impact=+3.129); input addr reused right after receiving (input_addr_is_recent_output=1, impact=+1.048)",sender_tx_count_1h,6.3737,sender_tx_count_24h,3.1288,input_addr_is_recent_output,1.0483
422f05d6e8e540fba4b33eb02da8f474,674,both,high,0.9999404,-0.0613198680151528,"burst of tx in the last hour (sender_tx_count_1h=4, impact=+6.432); high tx volume in 24h (sender_tx_count_24h=4, impact=+2.277); input addr reused right after receiving (input_addr_is_recent_output=1, impact=+1.404)",sender_tx_count_1h,6.4322,sender_tx_count_24h,2.2766,input_addr_is_recent_output,1.4037
727e1634ddf84e38bffcb9608aa2bf9f,312,both,high,0.99994016,-0.0388528231265954,"burst of tx in the last hour (sender_tx_count_1h=26, impact=+7.417); high tx volume in 24h (sender_tx_count_24h=26, impact=+4.287); unusually few outputs (n_outputs=2, impact=-0.847)",sender_tx_count_1h,7.4173,sender_tx_count_24h,4.2874,n_outputs,-0.8466
7817256ae04b46a686ea2e15625e4b20,200,both,high,0.9999385,-0.0524463662342141,"burst of tx in the last hour (sender_tx_count_1h=25, impact=+7.840); high tx volume in 24h (sender_tx_count_24h=25, impact=+4.277); long dormancy before reuse (minutes_since_addr_last_output=1641, impact=-0.836)",sender_tx_count_1h,7.8403,sender_tx_count_24h,4.2773,minutes_since_addr_last_output,-0.8361
9537bc9ccf8c4f5ebacdfcb67fcb3ed8,674,both,high,0.99993813,-0.1837844548364593,"burst of tx in the last hour (sender_tx_count_1h=20, impact=+6.300); high tx volume in 24h (sender_tx_count_24h=20, impact=+3.768); long dormancy before reuse (minutes_since_addr_last_output=59.83, impact=-0.893)",sender_tx_count_1h,6.3002,sender_tx_count_24h,3.7683,minutes_since_addr_last_output,-0.8929
6c8989a4b98f42b1ab1fdd03a1d87e99,674,both,high,0.99993813,-0.1903585941035712,"burst of tx in the last hour (sender_tx_count_1h=21, impact=+6.290); high tx volume in 24h (sender_tx_count_24h=21, impact=+3.776); long dormancy before reuse (minutes_since_addr_last_output=61.4, impact=-0.893)",sender_tx_count_1h,6.29,sender_tx_count_24h,3.7764,minutes_since_addr_last_output,-0.8929
1f98722f1d394d6486abefe9aad0abfb,674,both,high,0.9999379,-0.164536050366467,"burst of tx in the last hour (sender_tx_count_1h=16, impact=+6.545); high tx volume in 24h (sender_tx_count_24h=16, impact=+3.759); long dormancy before reuse (minutes_since_addr_last_output=52.28, impact=-0.823)",sender_tx_count_1h,6.5454,sender_tx_count_24h,3.7586,minutes_since_addr_last_output,-0.8231
15362608b3a24fc1bf42f39aff96ec05,533,both,high,0.9999379,-0.0933353738783441,"burst of tx in the last hour (sender_tx_count_1h=6, impact=+5.272); high tx volume in 24h (sender_tx_count_24h=11, impact=+3.264); very fast address reuse (minutes_since_addr_last_output=2.374e+04, impact=+1.004)",sender_tx_count_1h,5.2716,sender_tx_count_24h,3.2639,minutes_since_addr_last_output,1.0044
f908951da2ae4dee8a832fe8d39f0848,594,both,high,0.9999341,-0.0849451307128041,"burst of tx in the last hour (sender_tx_count_1h=6, impact=+6.541); high tx volume in 24h (sender_tx_count_24h=12, impact=+3.544); rapid repeat transacting (sender_time_since_last_tx_min=4, impact=+0.369)",sender_tx_count_1h,6.5414,sender_tx_count_24h,3.544,sender_time_since_last_tx_min,0.3688
7af2c90461ac48a9b345b371cb0e2fb4,525,both,high,0.99993396,-0.1453455950493672,"burst of tx in the last hour (sender_tx_count_1h=25, impact=+8.329); high tx volume in 24h (sender_tx_count_24h=25, impact=+3.412); small total BTC moved (total_input_btc=0.007614, impact=-1.054)",sender_tx_count_1h,8.3286,sender_tx_count_24h,3.4122,total_input_btc,-1.0543
0ea8afbe3f7341d893888ce1cfb5d479,639,both,high,0.9999299,-0.1212302305006297,"burst of tx in the last hour (sender_tx_count_1h=6, impact=+6.568); high tx volume in 24h (sender_tx_count_24h=7, impact=+2.303); input addr reused right after receiving (input_addr_is_recent_output=1, impact=+1.246)",sender_tx_count_1h,6.5677,sender_tx_count_24h,2.3026,input_addr_is_recent_output,1.2462
18bba0e3ec7d42e7aef2c072d08fdc1c,525,both,high,0.9999285,-0.0902813938160074,"burst of tx in the last hour (sender_tx_count_1h=28, impact=+7.629); high tx volume in 24h (sender_tx_count_24h=28, impact=+3.539); small total BTC moved (total_input_btc=0.006689, impact=-1.782)",sender_tx_count_1h,7.6286,sender_tx_count_24h,3.5389,total_input_btc,-1.7824
2e68022141804800bff93f3e65d9c41e,200,both,high,0.99992836,-0.0199230354439746,"burst of tx in the last hour (sender_tx_count_1h=23, impact=+7.265); high tx volume in 24h (sender_tx_count_24h=23, impact=+4.208); unusually few outputs (n_outputs=2, impact=-0.811)",sender_tx_count_1h,7.2653,sender_tx_count_24h,4.2082,n_outputs,-0.8109
a685366c397348aeac5edb5175333e72,674,both,high,0.9999281,-0.1699219788561231,"burst of tx in the last hour (sender_tx_count_1h=19, impact=+6.551); high tx volume in 24h (sender_tx_count_24h=19, impact=+3.755); long dormancy before reuse (minutes_since_addr_last_output=59.08, impact=-0.844)",sender_tx_count_1h,6.5512,sender_tx_count_24h,3.7554,minutes_since_addr_last_output,-0.8443
5bd820cb3bfc4e839b131ce50d83e8bf,674,both,high,0.9999281,-0.1931388308968568,"burst of tx in the last hour (sender_tx_count_1h=22, impact=+6.551); high tx volume in 24h (sender_tx_count_24h=22, impact=+3.755); long dormancy before reuse (minutes_since_addr_last_output=63.5, impact=-0.844)",sender_tx_count_1h,6.5512,sender_tx_count_24h,3.7554,minutes_since_addr_last_output,-0.8443
a766a162eb5b4fa98e9f565318af9124,639,both,high,0.9999218,-0.1635951826009832,"burst of tx in the last hour (sender_tx_count_1h=13, impact=+6.421); high tx volume in 24h (sender_tx_count_24h=14, impact=+3.156); input addr reused right after receiving (input_addr_is_recent_output=1, impact=+1.082)",sender_tx_count_1h,6.421,sender_tx_count_24h,3.1558,input_addr_is_recent_output,1.0819
0d869d7dd18c4f94b893c15b8931858f,639,both,high,0.99992037,-0.0659587554987498,"burst of tx in the last hour (sender_tx_count_1h=3, impact=+6.465); high tx volume in 24h (sender_tx_count_24h=4, impact=+2.230); amount close to sender's usual pattern (sender_amount_zscore=0.9999, impact=-1.342)",sender_tx_count_1h,6.4646,sender_tx_count_24h,2.2297,sender_amount_zscore,-1.3422
4b5544b23dd74724915e22e1ed67aed0,610,both,high,0.99991786,-0.036787517249507,"burst of tx in the last hour (sender_tx_count_1h=28, impact=+7.874); high tx volume in 24h (sender_tx_count_24h=28, impact=+4.321); unusually few outputs (n_outputs=2, impact=-0.764)",sender_tx_count_1h,7.8739,sender_tx_count_24h,4.321,n_outputs,-0.7636
234aebd46e78441992aff7e678600569,674,both,high,0.99991715,-0.0147408209725887,"burst of tx in the last hour (sender_tx_count_1h=2, impact=+6.407); input addr reused right after receiving (input_addr_is_recent_output=1, impact=+1.410); high tx volume in 24h (sender_tx_count_24h=2, impact=+1.147)",sender_tx_count_1h,6.4072,input_addr_is_recent_output,1.4102,sender_tx_count_24h,1.1467
23e35e0b6afe47a8ae9b11b901c7fa8e,200,both,high,0.99991655,-0.0003437673179585,"burst of tx in the last hour (sender_tx_count_1h=10, impact=+8.350); high tx volume in 24h (sender_tx_count_24h=10, impact=+4.339); long dormancy before reuse (minutes_since_addr_last_output=1626, impact=-0.792)",sender_tx_count_1h,8.3498,sender_tx_count_24h,4.3391,minutes_since_addr_last_output,-0.7919
4dcb775f76e64794a73ace38327f7248,674,both,high,0.99991596,-0.203397834325443,"burst of tx in the last hour (sender_tx_count_1h=23, impact=+6.285); high tx volume in 24h (sender_tx_count_24h=23, impact=+3.602); long dormancy before reuse (minutes_since_addr_last_output=65.02, impact=-0.978)",sender_tx_count_1h,6.2851,sender_tx_count_24h,3.6022,minutes_since_addr_last_output,-0.9781
ea9e3caca8f24150b932eadbdc010f4a,674,both,high,0.99991524,-0.141581116899442,"burst of tx in the last hour (sender_tx_count_1h=13, impact=+6.536); high tx volume in 24h (sender_tx_count_24h=13, impact=+3.118); input addr reused right after receiving (input_addr_is_recent_output=1, impact=+0.814)",sender_tx_count_1h,6.5365,sender_tx_count_24h,3.1178,input_addr_is_recent_output,0.8145
871e3526e106452aab1422d6898d63c7,674,both,high,0.99991477,-0.1550171226514276,"burst of tx in the last hour (sender_tx_count_1h=14, impact=+6.554); high tx volume in 24h (sender_tx_count_24h=14, impact=+3.839); long dormancy before reuse (minutes_since_addr_last_output=45.75, impact=-0.827)",sender_tx_count_1h,6.554,sender_tx_count_24h,3.8386,minutes_since_addr_last_output,-0.8266
3da4123bf83444edbace74a0ca307e0c,674,both,high,0.9999145,-0.1652214399760222,"burst of tx in the last hour (sender_tx_count_1h=12, impact=+6.078); high tx volume in 24h (sender_tx_count_24h=12, impact=+2.065); input addr reused right after receiving (input_addr_is_recent_output=1, impact=+1.089)",sender_tx_count_1h,6.0782,sender_tx_count_24h,2.0649,input_addr_is_recent_output,1.0888
397353f365e146868b89982e8e5592cb,525,both,high,0.99991333,-0.0258749831722696,"burst of tx in the last hour (sender_tx_count_1h=13, impact=+7.589); high tx volume in 24h (sender_tx_count_24h=13, impact=+3.895); small total BTC moved (total_input_btc=0.006054, impact=-1.777)",sender_tx_count_1h,7.589,sender_tx_count_24h,3.8946,total_input_btc,-1.7766
1ed08c80b28b46a2a4f4f0fc5f9a649d,546,both,high,0.9999093,-0.0907872066406346,"very uneven output split (output_min_max_ratio=0.02624, impact=+6.997); input addr reused right after receiving (input_addr_is_recent_output=1, impact=+2.422); quiet in the last hour (sender_tx_count_1h=0, impact=-0.898)",output_min_max_ratio,6.9975,input_addr_is_recent_output,2.4222,sender_tx_count_1h,-0.898
130f4f0b40bc4046a24672c51807d861,312,both,high,0.99990857,-0.1094672500891059,"burst of tx in the last hour (sender_tx_count_1h=27, impact=+7.360); high tx volume in 24h (sender_tx_count_24h=27, impact=+3.572); unusually few outputs (n_outputs=3, impact=-0.830)",sender_tx_count_1h,7.3601,sender_tx_count_24h,3.5725,n_outputs,-0.8298
5a090322e86844a2b53924e279d01f63,610,both,high,0.9999083,-0.0192723848414724,"burst of tx in the last hour (sender_tx_count_1h=24, impact=+6.018); high tx volume in 24h (sender_tx_count_24h=24, impact=+3.056); abnormal fee amount (fee=0.0002872, impact=+0.686)",sender_tx_count_1h,6.0184,sender_tx_count_24h,3.0558,fee,0.6864
bbbd607e9a354fc0be132910954a2534,674,both,high,0.9999081,-0.1555540449830175,"burst of tx in the last hour (sender_tx_count_1h=17, impact=+6.483); high tx volume in 24h (sender_tx_count_24h=17, impact=+3.090); input addr reused right after receiving (input_addr_is_recent_output=1, impact=+0.828)",sender_tx_count_1h,6.4829,sender_tx_count_24h,3.0904,input_addr_is_recent_output,0.8277
160f132a93a24b47b06c641d1fb5f2c6,200,both,high,0.9999069,-0.0192851826905711,"burst of tx in the last hour (sender_tx_count_1h=24, impact=+8.061); high tx volume in 24h (sender_tx_count_24h=24, impact=+4.115); long dormancy before reuse (minutes_since_addr_last_output=1641, impact=-0.827)",sender_tx_count_1h,8.061,sender_tx_count_24h,4.1149,minutes_since_addr_last_output,-0.8265
80d46453f22d41e383bf3b8bcfe409e5,639,both,high,0.99990606,-0.0445789353338323,"burst of tx in the last hour (sender_tx_count_1h=2, impact=+6.799); high tx volume in 24h (sender_tx_count_24h=3, impact=+2.476); input addr reused right after receiving (input_addr_is_recent_output=1, impact=+1.284)",sender_tx_count_1h,6.7987,sender_tx_count_24h,2.4763,input_addr_is_recent_output,1.2841
14aa7f380a0e4fa38404dcae4bed573e,674,both,high,0.99990237,-0.0906591786099125,"burst of tx in the last hour (sender_tx_count_1h=6, impact=+6.487); high tx volume in 24h (sender_tx_count_24h=6, impact=+2.444); input addr reused right after receiving (input_addr_is_recent_output=1, impact=+1.234)",sender_tx_count_1h,6.487,sender_tx_count_24h,2.4444,input_addr_is_recent_output,1.2339
e1d566c33697425c805d68418b20f61c,639,both,high,0.9999021,-0.1506241037727798,"burst of tx in the last hour (sender_tx_count_1h=9, impact=+6.518); high tx volume in 24h (sender_tx_count_24h=10, impact=+2.293); input addr reused right after receiving (input_addr_is_recent_output=1, impact=+1.342)",sender_tx_count_1h,6.5182,sender_tx_count_24h,2.2933,input_addr_is_recent_output,1.3417
54b1bdf18b1c4f8b87ebfc538d83a3fe,674,both,high,0.9999006,-0.1507600363848668,"burst of tx in the last hour (sender_tx_count_1h=15, impact=+6.554); high tx volume in 24h (sender_tx_count_24h=15, impact=+3.763); long dormancy before reuse (minutes_since_addr_last_output=49.22, impact=-0.827)",sender_tx_count_1h,6.554,sender_tx_count_24h,3.7634,minutes_since_addr_last_output,-0.8266
bdcdad0f2458451cbb7c58b34586ca62,639,both,high,0.9998951,-0.1810620974015061,"burst of tx in the last hour (sender_tx_count_1h=19, impact=+6.511); high tx volume in 24h (sender_tx_count_24h=20, impact=+3.068); long dormancy before reuse (minutes_since_addr_last_output=40.9, impact=-0.757)",sender_tx_count_1h,6.5108,sender_tx_count_24h,3.0676,minutes_since_addr_last_output,-0.7568
ae87fdda6ae74db3bb4ba7cc7da4d30a,639,both,high,0.9998933,-0.1399271842772391,"burst of tx in the last hour (sender_tx_count_1h=10, impact=+6.542); high tx volume in 24h (sender_tx_count_24h=11, impact=+2.399); input addr reused right after receiving (input_addr_is_recent_output=1, impact=+1.189)",sender_tx_count_1h,6.5421,sender_tx_count_24h,2.399,input_addr_is_recent_output,1.1889
138c83e7004e4f00abee29b31d480958,639,both,high,0.99989283,-0.1653134460830311,"burst of tx in the last hour (sender_tx_count_1h=17, impact=+6.560); high tx volume in 24h (sender_tx_count_24h=18, impact=+2.362); input addr reused right after receiving (input_addr_is_recent_output=1, impact=+0.946)",sender_tx_count_1h,6.5604,sender_tx_count_24h,2.3618,input_addr_is_recent_output,0.9463
d457a15745f9469bbf2966bdb5c60ccd,639,both,high,0.99989283,-0.1885516040005214,"burst of tx in the last hour (sender_tx_count_1h=21, impact=+6.611); high tx volume in 24h (sender_tx_count_24h=22, impact=+3.086); long dormancy before reuse (minutes_since_addr_last_output=46.55, impact=-0.755)",sender_tx_count_1h,6.6112,sender_tx_count_24h,3.0855,minutes_since_addr_last_output,-0.7545
729b8f6d51c84f71b205a3ea93889d4a,610,both,high,0.9998927,-0.0161535973504317,"burst of tx in the last hour (sender_tx_count_1h=23, impact=+7.423); high tx volume in 24h (sender_tx_count_24h=23, impact=+3.691); unusually few outputs (n_outputs=2, impact=-0.943)",sender_tx_count_1h,7.423,sender_tx_count_24h,3.6906,n_outputs,-0.9435
85b9b766de2148979553221f0d2c0d97,533,both,high,0.9998919,-0.0934184531905049,"burst of tx in the last hour (sender_tx_count_1h=6, impact=+5.036); high tx volume in 24h (sender_tx_count_24h=9, impact=+3.282); very fast address reuse (minutes_since_addr_last_output=2.372e+04, impact=+0.986)",sender_tx_count_1h,5.0364,sender_tx_count_24h,3.2815,minutes_since_addr_last_output,0.9858
42c4392795ae4baeba3bd2f6c39b046c,525,both,high,0.99989045,-0.0521602598122828,"burst of tx in the last hour (sender_tx_count_1h=29, impact=+8.485); high tx volume in 24h (sender_tx_count_24h=29, impact=+3.850); amount close to sender's usual pattern (sender_amount_zscore=1.596, impact=-0.869)",sender_tx_count_1h,8.485,sender_tx_count_24h,3.8502,sender_amount_zscore,-0.8689
2961b351c6a745ec90787c58fc023696,639,both,high,0.99988854,-0.0901048462815858,"burst of tx in the last hour (sender_tx_count_1h=4, impact=+6.415); high tx volume in 24h (sender_tx_count_24h=5, impact=+2.956); input addr reused right after receiving (input_addr_is_recent_output=1, impact=+1.195)",sender_tx_count_1h,6.4146,sender_tx_count_24h,2.9563,input_addr_is_recent_output,1.1953
a2da29bee55a41cd97fbf53c2fad0117,525,both,high,0.99988663,-0.0729757383043903,"burst of tx in the last hour (sender_tx_count_1h=26, impact=+7.589); high tx volume in 24h (sender_tx_count_24h=26, impact=+3.626); small total BTC moved (total_input_btc=0.005948, impact=-1.777)",sender_tx_count_1h,7.589,sender_tx_count_24h,3.6265,total_input_btc,-1.7766
9d0eaa5749784930b56d52ec39b0d0b3,674,both,high,0.99988294,-0.1761399898268517,"burst of tx in the last hour (sender_tx_count_1h=18, impact=+6.155); high tx volume in 24h (sender_tx_count_24h=18, impact=+2.908); input addr reused right after receiving (input_addr_is_recent_output=1, impact=+0.744)",sender_tx_count_1h,6.1553,sender_tx_count_24h,2.9083,input_addr_is_recent_output,0.7439
2ed253f2077d40698d44bd60930cfae4,610,both,high,0.99988246,-0.0130851994248833,"burst of tx in the last hour (sender_tx_count_1h=16, impact=+6.670); high tx volume in 24h (sender_tx_count_24h=16, impact=+3.574); amount close to sender's usual pattern (sender_amount_zscore=0.3635, impact=-0.605)",sender_tx_count_1h,6.6704,sender_tx_count_24h,3.5738,sender_amount_zscore,-0.6046
381120f50b1f4f4e8eb6601ebcc86897,639,both,high,0.99987984,-0.1395146532265695,"burst of tx in the last hour (sender_tx_count_1h=8, impact=+6.561); high tx volume in 24h (sender_tx_count_24h=9, impact=+3.123); input addr reused right after receiving (input_addr_is_recent_output=1, impact=+1.111)",sender_tx_count_1h,6.5612,sender_tx_count_24h,3.1229,input_addr_is_recent_output,1.1109
fe6d4e5dceb6455299082127b0feb4b8,639,both,high,0.9998783,-0.108845081567692,"burst of tx in the last hour (sender_tx_count_1h=5, impact=+6.380); high tx volume in 24h (sender_tx_count_24h=6, impact=+2.206); input addr reused right after receiving (input_addr_is_recent_output=1, impact=+1.339)",sender_tx_count_1h,6.3796,sender_tx_count_24h,2.2058,input_addr_is_recent_output,1.3387
34c18f695bac477dbcbd9528d6abd35d,639,both,high,0.9998723,-0.1899413428850976,"burst of tx in the last hour (sender_tx_count_1h=22, impact=+6.611); high tx volume in 24h (sender_tx_count_24h=23, impact=+2.911); long dormancy before reuse (minutes_since_addr_last_output=49.62, impact=-0.765)",sender_tx_count_1h,6.6112,sender_tx_count_24h,2.9109,minutes_since_addr_last_output,-0.7655
22293761ec5d471391dd03e7b2aa7804,639,both,high,0.9998678,-0.1503360251413813,"burst of tx in the last hour (sender_tx_count_1h=7, impact=+6.370); high tx volume in 24h (sender_tx_count_24h=8, impact=+2.331); input addr reused right after receiving (input_addr_is_recent_output=1, impact=+1.342)",sender_tx_count_1h,6.3699,sender_tx_count_24h,2.3313,input_addr_is_recent_output,1.3424
e3ce56add943455685818d597f6a6d1c,525,both,high,0.999866,-0.0345489136584324,"burst of tx in the last hour (sender_tx_count_1h=23, impact=+8.402); high tx volume in 24h (sender_tx_count_24h=23, impact=+3.743); amount close to sender's usual pattern (sender_amount_zscore=0.9984, impact=-0.831)",sender_tx_count_1h,8.4024,sender_tx_count_24h,3.7433,sender_amount_zscore,-0.8308
018a79561ee34f26bfc70ebffd83be87,674,both,high,0.9998597,-0.2008266988672817,"burst of tx in the last hour (sender_tx_count_1h=24, impact=+6.515); high tx volume in 24h (sender_tx_count_24h=24, impact=+2.790); long dormancy before reuse (minutes_since_addr_last_output=68.95, impact=-0.750)",sender_tx_count_1h,6.5146,sender_tx_count_24h,2.7899,minutes_since_addr_last_output,-0.7495
971b46b88b8d42f898faff4617a86fd4,639,both,high,0.9998592,-0.1727100004799404,"burst of tx in the last hour (sender_tx_count_1h=15, impact=+6.509); high tx volume in 24h (sender_tx_count_24h=16, impact=+2.353); input addr reused right after receiving (input_addr_is_recent_output=1, impact=+1.042)",sender_tx_count_1h,6.5092,sender_tx_count_24h,2.3525,input_addr_is_recent_output,1.0418
837d3c62dbec4d949c409f49fdb8e598,674,both,high,0.999856,-0.1310700295964062,"burst of tx in the last hour (sender_tx_count_1h=10, impact=+6.331); high tx volume in 24h (sender_tx_count_24h=10, impact=+2.402); input addr reused right after receiving (input_addr_is_recent_output=1, impact=+1.024)",sender_tx_count_1h,6.3313,sender_tx_count_24h,2.4018,input_addr_is_recent_output,1.0239
02d261602c80434c814a98e05c24c9e3,546,both,high,0.99985325,-0.0882081245675016,"very uneven output split (output_min_max_ratio=0.03107, impact=+7.052); input addr reused right after receiving (input_addr_is_recent_output=1, impact=+2.345); quiet in the last hour (sender_tx_count_1h=0, impact=-0.901)",output_min_max_ratio,7.052,input_addr_is_recent_output,2.3451,sender_tx_count_1h,-0.9006
3ae75b13d0b54328af7af899bab1a244,682,both,high,0.9998474,-0.0795287670712963,"burst of tx in the last hour (sender_tx_count_1h=4, impact=+6.551); high tx volume in 24h (sender_tx_count_24h=13, impact=+3.832); long dormancy before reuse (minutes_since_addr_last_output=912.2, impact=-0.845)",sender_tx_count_1h,6.5509,sender_tx_count_24h,3.8324,minutes_since_addr_last_output,-0.8448
c6cc06e939874dcea6787664974f5c6f,525,both,high,0.9998223,-0.0776202380387987,"burst of tx in the last hour (sender_tx_count_1h=27, impact=+8.601); high tx volume in 24h (sender_tx_count_24h=27, impact=+3.746); amount close to sender's usual pattern (sender_amount_zscore=-0.2651, impact=-1.129)",sender_tx_count_1h,8.6014,sender_tx_count_24h,3.7463,sender_amount_zscore,-1.1293
17021badf7274b57a011b2c36dedf124,312,both,high,0.99981683,-0.0202502683769733,"burst of tx in the last hour (sender_tx_count_1h=24, impact=+7.783); high tx volume in 24h (sender_tx_count_24h=24, impact=+3.848); amount close to sender's usual pattern (sender_amount_zscore=0.8838, impact=-0.954)",sender_tx_count_1h,7.7826,sender_tx_count_24h,3.8482,sender_amount_zscore,-0.9538
74b3076ae2fb4243ac715d8411162d76,639,both,high,0.99981576,-0.1971769629817668,"burst of tx in the last hour (sender_tx_count_1h=23, impact=+6.560); high tx volume in 24h (sender_tx_count_24h=24, impact=+2.808); long dormancy before reuse (minutes_since_addr_last_output=52.58, impact=-0.848)",sender_tx_count_1h,6.5599,sender_tx_count_24h,2.8081,minutes_since_addr_last_output,-0.8479
4e0c7272734f446f9264e7e6f3f89cc9,525,both,high,0.99981004,-0.0025794071389938,"burst of tx in the last hour (sender_tx_count_1h=2, impact=+8.132); high tx volume in 24h (sender_tx_count_24h=2, impact=+2.501); small total BTC moved (total_input_btc=0.004734, impact=-1.271)",sender_tx_count_1h,8.1315,sender_tx_count_24h,2.5009,total_input_btc,-1.2713
36b6b4f4e5a0421cbb898fcb3decf308,533,both,high,0.999808,-0.0752212958780333,"burst of tx in the last hour (sender_tx_count_1h=7, impact=+5.552); high tx volume in 24h (sender_tx_count_24h=7, impact=+3.171); very fast address reuse (minutes_since_addr_last_output=2.369e+04, impact=+0.683)",sender_tx_count_1h,5.5519,sender_tx_count_24h,3.1709,minutes_since_addr_last_output,0.6827
7a673ca351f748059bfa53a442afc44c,533,both,high,0.99980515,-0.1045238047709705,"burst of tx in the last hour (sender_tx_count_1h=5, impact=+5.039); high tx volume in 24h (sender_tx_count_24h=13, impact=+2.723); very fast address reuse (minutes_since_addr_last_output=2.377e+04, impact=+0.808)",sender_tx_count_1h,5.0391,sender_tx_count_24h,2.723,minutes_since_addr_last_output,0.8078
c4aa4f0de9b74f7d961c10813d93dcb5,674,both,high,0.9998031,-0.163351331539125,"burst of tx in the last hour (sender_tx_count_1h=11, impact=+6.264); high tx volume in 24h (sender_tx_count_24h=11, impact=+2.536); input addr reused right after receiving (input_addr_is_recent_output=1, impact=+1.092)",sender_tx_count_1h,6.2638,sender_tx_count_24h,2.536,input_addr_is_recent_output,1.0923
84ade4927e1d4663ad472304a0897304,639,both,high,0.99980146,-0.1484657303728285,"burst of tx in the last hour (sender_tx_count_1h=12, impact=+6.568); high tx volume in 24h (sender_tx_count_24h=13, impact=+2.513); input addr reused right after receiving (input_addr_is_recent_output=1, impact=+1.171)",sender_tx_count_1h,6.568,sender_tx_count_24h,2.5128,input_addr_is_recent_output,1.1709
ba8cdadf3ecb46d2aab83b49f93ab3dd,200,both,high,0.99979824,-0.0417508314642561,"burst of tx in the last hour (sender_tx_count_1h=14, impact=+7.663); high tx volume in 24h (sender_tx_count_24h=14, impact=+4.481); long dormancy before reuse (minutes_since_addr_last_output=1630, impact=-1.098)",sender_tx_count_1h,7.6626,sender_tx_count_24h,4.481,minutes_since_addr_last_output,-1.0976
f3931178a0c64ea98ee8867e9d0f41f9,200,both,high,0.9997882,-0.0192226570985993,"burst of tx in the last hour (sender_tx_count_1h=18, impact=+7.659); high tx volume in 24h (sender_tx_count_24h=18, impact=+4.123); amount close to sender's usual pattern (sender_amount_zscore=-0.0844, impact=-1.266)",sender_tx_count_1h,7.6585,sender_tx_count_24h,4.1225,sender_amount_zscore,-1.2661
e5322004bdfa4b7e9c8625801b673826,312,both,high,0.99978155,-0.0468089444821504,"burst of tx in the last hour (sender_tx_count_1h=28, impact=+7.651); high tx volume in 24h (sender_tx_count_24h=28, impact=+3.854); amount close to sender's usual pattern (sender_amount_zscore=1.483, impact=-1.009)",sender_tx_count_1h,7.6509,sender_tx_count_24h,3.8543,sender_amount_zscore,-1.0093
3a33ce1cc2dc4280b0003110c063c3ec,200,both,high,0.99978,-0.032972372048343,"burst of tx in the last hour (sender_tx_count_1h=27, impact=+7.693); high tx volume in 24h (sender_tx_count_24h=27, impact=+4.285); long dormancy before reuse (minutes_since_addr_last_output=1643, impact=-1.211)",sender_tx_count_1h,7.693,sender_tx_count_24h,4.285,minutes_since_addr_last_output,-1.2113
34ceb672e6c04a89a0c518342120322a,312,both,high,0.9997706,-0.0257425738977924,"burst of tx in the last hour (sender_tx_count_1h=15, impact=+8.038); high tx volume in 24h (sender_tx_count_24h=15, impact=+3.970); amount close to sender's usual pattern (sender_amount_zscore=1.217, impact=-1.157)",sender_tx_count_1h,8.0378,sender_tx_count_24h,3.9702,sender_amount_zscore,-1.1571
15f061acf24c4d6d85198ab461784844,594,both,high,0.99976534,-0.0246077785993451,"burst of tx in the last hour (sender_tx_count_1h=3, impact=+5.705); high tx volume in 24h (sender_tx_count_24h=3, impact=+3.260); long gap since last tx (sender_time_since_last_tx_min=18, impact=-0.770)",sender_tx_count_1h,5.7051,sender_tx_count_24h,3.2604,sender_time_since_last_tx_min,-0.7698
c1b08c9f623d410d914fd0b726882e9e,639,both,high,0.99976,-0.1863945743316009,"burst of tx in the last hour (sender_tx_count_1h=16, impact=+6.382); high tx volume in 24h (sender_tx_count_24h=17, impact=+2.366); input addr reused right after receiving (input_addr_is_recent_output=1, impact=+1.036)",sender_tx_count_1h,6.3825,sender_tx_count_24h,2.3664,input_addr_is_recent_output,1.0359
ebaab0b4bc24473490448962d4177ff6,639,both,high,0.99976,-0.1921173545930261,"burst of tx in the last hour (sender_tx_count_1h=18, impact=+6.423); high tx volume in 24h (sender_tx_count_24h=19, impact=+3.098); long dormancy before reuse (minutes_since_addr_last_output=40.3, impact=-0.834)",sender_tx_count_1h,6.4231,sender_tx_count_24h,3.0978,minutes_since_addr_last_output,-0.8338
cc3edb58a2b1411b88d7d8d87f5e47e3,594,both,high,0.9997558,-0.06386867939638,"burst of tx in the last hour (sender_tx_count_1h=4, impact=+5.200); high tx volume in 24h (sender_tx_count_24h=5, impact=+3.521); long gap since last tx (sender_time_since_last_tx_min=19, impact=-0.841)",sender_tx_count_1h,5.2003,sender_tx_count_24h,3.521,sender_time_since_last_tx_min,-0.8414
e31b6c4194e44a6ab459e9c8c537705b,674,both,high,0.99973494,-0.1443271145409771,"burst of tx in the last hour (sender_tx_count_1h=9, impact=+6.417); high tx volume in 24h (sender_tx_count_24h=9, impact=+2.533); input addr reused right after receiving (input_addr_is_recent_output=1, impact=+1.092)",sender_tx_count_1h,6.4172,sender_tx_count_24h,2.5334,input_addr_is_recent_output,1.0923
92bfbdc1a7724c7a88037d2abbb3251b,312,both,high,0.9997265,-0.0585572177094012,"burst of tx in the last hour (sender_tx_count_1h=10, impact=+8.285); high tx volume in 24h (sender_tx_count_24h=10, impact=+3.985); amount close to sender's usual pattern (sender_amount_zscore=-0.1321, impact=-1.276)",sender_tx_count_1h,8.2849,sender_tx_count_24h,3.9854,sender_amount_zscore,-1.2761
44f1d1dcf9654b72a74b598bc23a6022,312,both,high,0.9996978,-0.0630128082284975,"burst of tx in the last hour (sender_tx_count_1h=21, impact=+8.223); high tx volume in 24h (sender_tx_count_24h=21, impact=+3.878); unusually few outputs (n_outputs=2, impact=-0.845)",sender_tx_count_1h,8.2232,sender_tx_count_24h,3.878,n_outputs,-0.8446
74739a15d665420c9fb95c39107670f2,639,both,high,0.9996859,-0.2047903286335122,"burst of tx in the last hour (sender_tx_count_1h=24, impact=+6.433); high tx volume in 24h (sender_tx_count_24h=25, impact=+2.822); long dormancy before reuse (minutes_since_addr_last_output=53.88, impact=-0.838)",sender_tx_count_1h,6.4332,sender_tx_count_24h,2.8219,minutes_since_addr_last_output,-0.8376
10e0026130b24aa5bc823454a8fc054b,533,both,high,0.99968386,-0.0792298117129226,"burst of tx in the last hour (sender_tx_count_1h=5, impact=+6.717); high tx volume in 24h (sender_tx_count_24h=5, impact=+3.201); amount close to sender's usual pattern (sender_amount_zscore=2.223, impact=-0.951)",sender_tx_count_1h,6.7168,sender_tx_count_24h,3.2005,sender_amount_zscore,-0.9511
25f7014ba75e4833b4035e769ce87166,682,both,high,0.999668,-0.0587879560313038,"burst of tx in the last hour (sender_tx_count_1h=5, impact=+6.005); high tx volume in 24h (sender_tx_count_24h=7, impact=+4.121); long dormancy before reuse (minutes_since_addr_last_output=833.2, impact=-0.922)",sender_tx_count_1h,6.005,sender_tx_count_24h,4.1212,minutes_since_addr_last_output,-0.9222
4ac5c6c789674e9c97e965c6556e6dcf,639,both,high,0.9996648,-0.1539670221417122,"burst of tx in the last hour (sender_tx_count_1h=14, impact=+6.574); high tx volume in 24h (sender_tx_count_24h=15, impact=+2.857); input addr reused right after receiving (input_addr_is_recent_output=1, impact=+0.916)",sender_tx_count_1h,6.5738,sender_tx_count_24h,2.8567,input_addr_is_recent_output,0.9158
be72687d55814b96a8598f7a37e36621,200,both,high,0.9996364,-0.0339224857970678,"burst of tx in the last hour (sender_tx_count_1h=29, impact=+7.427); high tx volume in 24h (sender_tx_count_24h=29, impact=+3.830); long dormancy before reuse (minutes_since_addr_last_output=1645, impact=-1.159)",sender_tx_count_1h,7.4273,sender_tx_count_24h,3.8305,minutes_since_addr_last_output,-1.1586
e631aa37b70948c58e6f2d28d8e68282,594,both,high,0.9996308,-0.0934566474325382,"burst of tx in the last hour (sender_tx_count_1h=6, impact=+5.358); high tx volume in 24h (sender_tx_count_24h=14, impact=+2.945); long gap since last tx (sender_time_since_last_tx_min=19, impact=-0.732)",sender_tx_count_1h,5.3577,sender_tx_count_24h,2.9448,sender_time_since_last_tx_min,-0.7321
9d253ac055e34a39af24842444f02963,610,both,high,0.99961,-0.1296767571769854,"burst of tx in the last hour (sender_tx_count_1h=27, impact=+7.580); high tx volume in 24h (sender_tx_count_24h=27, impact=+3.361); amount close to sender's usual pattern (sender_amount_zscore=1.036, impact=-0.942)",sender_tx_count_1h,7.5801,sender_tx_count_24h,3.3609,sender_amount_zscore,-0.9424
ae7be9a54ee34d39a676eee15c399f79,682,both,high,0.99959975,-0.0159045719464347,"burst of tx in the last hour (sender_tx_count_1h=5, impact=+4.876); high tx volume in 24h (sender_tx_count_24h=6, impact=+4.032); long gap since last tx (sender_time_since_last_tx_min=14, impact=-0.914)",sender_tx_count_1h,4.8764,sender_tx_count_24h,4.0317,sender_time_since_last_tx_min,-0.9138
f028d7d19bf446cd95c18bcad9dd8d27,200,both,high,0.99959403,-0.063487027161845,"burst of tx in the last hour (sender_tx_count_1h=28, impact=+6.988); high tx volume in 24h (sender_tx_count_24h=28, impact=+3.595); amount close to sender's usual pattern (sender_amount_zscore=-0.1333, impact=-1.185)",sender_tx_count_1h,6.9876,sender_tx_count_24h,3.5945,sender_amount_zscore,-1.1847
755c0665b5fa40b7ba0eabf0daa01921,740,both,high,0.9995578,-0.0931850981795278,"burst of tx in the last hour (sender_tx_count_1h=4, impact=+6.385); high tx volume in 24h (sender_tx_count_24h=12, impact=+4.397); small total BTC moved (total_input_btc=0.01755, impact=-1.707)",sender_tx_count_1h,6.3848,sender_tx_count_24h,4.3968,total_input_btc,-1.7065
f29546458af44b13b8cf9679e0e55cc2,639,both,high,0.9995407,-0.2017778571509784,"burst of tx in the last hour (sender_tx_count_1h=20, impact=+6.514); high tx volume in 24h (sender_tx_count_24h=21, impact=+3.282); long dormancy before reuse (minutes_since_addr_last_output=43.53, impact=-0.869)",sender_tx_count_1h,6.5141,sender_tx_count_24h,3.2816,minutes_since_addr_last_output,-0.8695
419169bf193840999ae7e9ddb7a1282f,533,both,high,0.99952936,-0.0094103152616729,"burst of tx in the last hour (sender_tx_count_1h=4, impact=+5.334); high tx volume in 24h (sender_tx_count_24h=4, impact=+3.370); very fast address reuse (minutes_since_addr_last_output=2.367e+04, impact=+0.777)",sender_tx_count_1h,5.3339,sender_tx_count_24h,3.3704,minutes_since_addr_last_output,0.7773
5fc00b3a4df14251b3c2f00742e46a02,610,both,high,0.99952495,-0.0600986503085576,"burst of tx in the last hour (sender_tx_count_1h=19, impact=+6.798); high tx volume in 24h (sender_tx_count_24h=19, impact=+3.284); unusually few inputs (n_inputs=2, impact=-0.894)",sender_tx_count_1h,6.798,sender_tx_count_24h,3.284,n_inputs,-0.8938
5cbed3ed4d824a85a5b43e16d495eb30,200,both,high,0.9995142,-0.0427805543815605,"burst of tx in the last hour (sender_tx_count_1h=26, impact=+7.192); high tx volume in 24h (sender_tx_count_24h=26, impact=+3.662); amount close to sender's usual pattern (sender_amount_zscore=-0.02987, impact=-1.137)",sender_tx_count_1h,7.1921,sender_tx_count_24h,3.6624,sender_amount_zscore,-1.1373
8438e8da26f54f27ac0079e2fbfc5337,594,both,high,0.99947935,-0.0648852866167064,"burst of tx in the last hour (sender_tx_count_1h=3, impact=+6.337); high tx volume in 24h (sender_tx_count_24h=6, impact=+4.320); amount close to sender's usual pattern (sender_amount_zscore=-1.621, impact=-1.005)",sender_tx_count_1h,6.3369,sender_tx_count_24h,4.3203,sender_amount_zscore,-1.0046
917ebc0165ef476bb4b523373e1a51f3,533,both,high,0.9994665,-0.0120395360634607,"burst of tx in the last hour (sender_tx_count_1h=3, impact=+5.056); high tx volume in 24h (sender_tx_count_24h=3, impact=+2.786); very fast address reuse (minutes_since_addr_last_output=2.366e+04, impact=+0.757)",sender_tx_count_1h,5.0559,sender_tx_count_24h,2.7857,minutes_since_addr_last_output,0.7568
4470fee8bf26482b8e739ddf2e1af3a6,546,both,high,0.9994147,-0.0836823966736389,"very uneven output split (output_min_max_ratio=0.04163, impact=+7.259); input addr reused right after receiving (input_addr_is_recent_output=1, impact=+2.479); quiet in the last hour (sender_tx_count_1h=0, impact=-0.906)",output_min_max_ratio,7.2593,input_addr_is_recent_output,2.479,sender_tx_count_1h,-0.9065
55720137dc0b4defbd30b37e704cf414,594,both,high,0.99941397,-0.0800076436949303,"burst of tx in the last hour (sender_tx_count_1h=4, impact=+5.799); high tx volume in 24h (sender_tx_count_24h=9, impact=+4.501); amount close to sender's usual pattern (sender_amount_zscore=-1.148, impact=-0.799)",sender_tx_count_1h,5.7987,sender_tx_count_24h,4.5009,sender_amount_zscore,-0.7991
d39abb3e4eb744a890827f080716b873,594,both,high,0.9993994,-0.0674634471454465,"burst of tx in the last hour (sender_tx_count_1h=4, impact=+5.481); high tx volume in 24h (sender_tx_count_24h=7, impact=+2.945); long gap since last tx (sender_time_since_last_tx_min=7, impact=-0.561)",sender_tx_count_1h,5.4812,sender_tx_count_24h,2.9448,sender_time_since_last_tx_min,-0.5606
64236885fc3e49eeab14dccb9f1c285b,546,both,high,0.99937326,-0.0919202751713145,"very uneven output split (output_min_max_ratio=0.04242, impact=+7.312); input addr reused right after receiving (input_addr_is_recent_output=1, impact=+2.364); quiet in the last hour (sender_tx_count_1h=0, impact=-0.906)",output_min_max_ratio,7.3123,input_addr_is_recent_output,2.3637,sender_tx_count_1h,-0.906
6c991febc18240be99bca205627c0a4a,354,both,high,0.9993699,-0.1217735630326182,"very uneven output split (output_min_max_ratio=0.07167, impact=+7.378); input addr reused right after receiving (input_addr_is_recent_output=1, impact=+2.330); quiet in the last hour (sender_tx_count_1h=0, impact=-0.911)",output_min_max_ratio,7.3785,input_addr_is_recent_output,2.3301,sender_tx_count_1h,-0.9108
ed6c6e653a674d58af377ef4ed595543,480,both,high,0.9993505,-0.0586798600316831,"very uneven output split (output_min_max_ratio=0.02627, impact=+7.418); input addr reused right after receiving (input_addr_is_recent_output=1, impact=+2.318); quiet in the last hour (sender_tx_count_1h=0, impact=-0.913)",output_min_max_ratio,7.418,input_addr_is_recent_output,2.3177,sender_tx_count_1h,-0.9127
fcb60c03691240e4a2a842956c2ace34,682,both,high,0.9993325,-0.1038981650370072,"burst of tx in the last hour (sender_tx_count_1h=4, impact=+5.739); high tx volume in 24h (sender_tx_count_24h=11, impact=+3.627); long gap since last tx (sender_time_since_last_tx_min=16, impact=-0.780)",sender_tx_count_1h,5.7395,sender_tx_count_24h,3.6268,sender_time_since_last_tx_min,-0.7802
01137b98597948a390598eb4d3f85bee,682,both,high,0.99933165,-0.1039566353037051,"burst of tx in the last hour (sender_tx_count_1h=3, impact=+5.589); high tx volume in 24h (sender_tx_count_24h=12, impact=+3.438); amount close to sender's usual pattern (sender_amount_zscore=1.383, impact=-0.864)",sender_tx_count_1h,5.589,sender_tx_count_24h,3.4382,sender_amount_zscore,-0.8643
e87f0d31ba0a498db36c1bafa80d5049,200,both,high,0.99932647,-0.0112150535330431,"burst of tx in the last hour (sender_tx_count_1h=12, impact=+7.345); high tx volume in 24h (sender_tx_count_24h=12, impact=+4.214); long dormancy before reuse (minutes_since_addr_last_output=1628, impact=-1.063)",sender_tx_count_1h,7.3453,sender_tx_count_24h,4.2145,minutes_since_addr_last_output,-1.0626
055c8799bff84550a9d6fa8210656d94,312,both,high,0.9993242,-0.1145191982457555,"burst of tx in the last hour (sender_tx_count_1h=25, impact=+6.577); high tx volume in 24h (sender_tx_count_24h=25, impact=+2.825); unusually few inputs (n_inputs=3, impact=-0.856)",sender_tx_count_1h,6.5769,sender_tx_count_24h,2.8249,n_inputs,-0.8558
e689434265584f8bb2821b569d457c4c,533,both,high,0.99932265,-0.0971061919256354,"burst of tx in the last hour (sender_tx_count_1h=5, impact=+4.986); high tx volume in 24h (sender_tx_count_24h=12, impact=+3.579); long gap since last tx (sender_time_since_last_tx_min=15, impact=-0.973)",sender_tx_count_1h,4.9864,sender_tx_count_24h,3.5787,sender_time_since_last_tx_min,-0.9733
de8820b374ec46f2bbc5b38e1410d103,480,both,high,0.99928504,-0.0547805611165653,"very uneven output split (output_min_max_ratio=0.04283, impact=+7.456); input addr reused right after receiving (input_addr_is_recent_output=1, impact=+2.306); quiet in the last hour (sender_tx_count_1h=0, impact=-0.904)",output_min_max_ratio,7.4555,input_addr_is_recent_output,2.3064,sender_tx_count_1h,-0.9043
6cc21e537b3146d0acd1ca239ec791ec,594,both,high,0.9992428,-0.0660450071589242,"burst of tx in the last hour (sender_tx_count_1h=3, impact=+7.154); high tx volume in 24h (sender_tx_count_24h=8, impact=+4.687); small total BTC moved (total_input_btc=0.01622, impact=-1.541)",sender_tx_count_1h,7.1539,sender_tx_count_24h,4.6873,total_input_btc,-1.5406
d41dcc37030848e192c750d1ffc03456,312,both,high,0.99924266,-0.0159128045197894,"burst of tx in the last hour (sender_tx_count_1h=20, impact=+6.426); high tx volume in 24h (sender_tx_count_24h=20, impact=+3.467); amount close to sender's usual pattern (sender_amount_zscore=2.068, impact=-1.134)",sender_tx_count_1h,6.426,sender_tx_count_24h,3.4671,sender_amount_zscore,-1.1343
7c9c1e07eec6473899bb4fdc475eb9a7,354,both,high,0.99920577,-0.1184556129678894,"very uneven output split (output_min_max_ratio=0.07043, impact=+7.378); input addr reused right after receiving (input_addr_is_recent_output=1, impact=+2.217); quiet in the last hour (sender_tx_count_1h=0, impact=-0.911)",output_min_max_ratio,7.3785,input_addr_is_recent_output,2.2172,sender_tx_count_1h,-0.9108
20677d14741149998f4b798177232d7f,594,both,high,0.99912935,-0.0073448339152878,"burst of tx in the last hour (sender_tx_count_1h=4, impact=+5.559); high tx volume in 24h (sender_tx_count_24h=4, impact=+3.724); long gap since last tx (sender_time_since_last_tx_min=14, impact=-0.863)",sender_tx_count_1h,5.5592,sender_tx_count_24h,3.7242,sender_time_since_last_tx_min,-0.8626
0e045c751c514c91bdf29f5721f18965,740,both,high,0.9991167,-0.0258164226821094,"burst of tx in the last hour (sender_tx_count_1h=4, impact=+5.832); high tx volume in 24h (sender_tx_count_24h=7, impact=+4.093); long dormancy before reuse (minutes_since_addr_last_output=-1, impact=-0.980)",sender_tx_count_1h,5.8324,sender_tx_count_24h,4.0928,minutes_since_addr_last_output,-0.9803
905aaf64c66f4762ab68bb9014d58088,594,both,high,0.9991073,-0.0891343856694892,"burst of tx in the last hour (sender_tx_count_1h=5, impact=+5.616); high tx volume in 24h (sender_tx_count_24h=11, impact=+3.125); abnormally low fee (fee=0.0003618, impact=-0.644)",sender_tx_count_1h,5.6157,sender_tx_count_24h,3.1246,fee,-0.6441
4a7742020f724da4ab8e413f71eb7cd8,312,both,high,0.9990891,-0.0222591437238121,"burst of tx in the last hour (sender_tx_count_1h=23, impact=+7.471); high tx volume in 24h (sender_tx_count_24h=23, impact=+3.457); unusually few outputs (n_outputs=2, impact=-0.861)",sender_tx_count_1h,7.4715,sender_tx_count_24h,3.4573,n_outputs,-0.8611
c666b13b82644ab8bbec4f53d787a2c2,480,both,high,0.99908483,-0.062709543152791,"very uneven output split (output_min_max_ratio=0.04806, impact=+7.158); input addr reused right after receiving (input_addr_is_recent_output=1, impact=+2.118); quiet in the last hour (sender_tx_count_1h=0, impact=-0.842)",output_min_max_ratio,7.1582,input_addr_is_recent_output,2.1179,sender_tx_count_1h,-0.8425
004d9679ff5546bfb972e0df3f85a28a,639,both,high,0.99907035,-0.0369659378423027,"burst of tx in the last hour (sender_tx_count_1h=1, impact=+5.905); high tx volume in 24h (sender_tx_count_24h=2, impact=+1.677); input addr reused right after receiving (input_addr_is_recent_output=1, impact=+1.152)",sender_tx_count_1h,5.9046,sender_tx_count_24h,1.6769,input_addr_is_recent_output,1.152
de36c63fd0244772ba4485bff3b94a50,312,both,high,0.9990472,-0.0981821965399463,"burst of tx in the last hour (sender_tx_count_1h=9, impact=+8.059); high tx volume in 24h (sender_tx_count_24h=9, impact=+3.938); amount close to sender's usual pattern (sender_amount_zscore=1.961, impact=-1.030)",sender_tx_count_1h,8.0593,sender_tx_count_24h,3.9377,sender_amount_zscore,-1.0297
b16a87009d1840a891a9859938fe8dc7,682,both,high,0.99904484,-0.0946343458373936,"burst of tx in the last hour (sender_tx_count_1h=4, impact=+5.068); high tx volume in 24h (sender_tx_count_24h=14, impact=+3.314); long gap since last tx (sender_time_since_last_tx_min=18, impact=-0.755)",sender_tx_count_1h,5.0677,sender_tx_count_24h,3.3142,sender_time_since_last_tx_min,-0.7547
e4bf375b0051447a9c8a15cb231bc99b,740,both,high,0.9990019,-0.0592735268093133,"burst of tx in the last hour (sender_tx_count_1h=5, impact=+5.647); high tx volume in 24h (sender_tx_count_24h=10, impact=+3.159); long dormancy before reuse (minutes_since_addr_last_output=-1, impact=-1.053)",sender_tx_count_1h,5.6466,sender_tx_count_24h,3.1586,minutes_since_addr_last_output,-1.0528
14d4166f63d44b5c9be687267a0ac0df,533,both,high,0.9989398,-0.0916253222349917,"burst of tx in the last hour (sender_tx_count_1h=6, impact=+5.625); high tx volume in 24h (sender_tx_count_24h=10, impact=+3.738); long gap since last tx (sender_time_since_last_tx_min=10, impact=-0.649)",sender_tx_count_1h,5.6253,sender_tx_count_24h,3.7377,sender_time_since_last_tx_min,-0.6487
3ba49001e8454914953baba92295aede,480,both,high,0.9988907,-0.0573008562801877,"very uneven output split (output_min_max_ratio=0.08605, impact=+7.148); input addr reused right after receiving (input_addr_is_recent_output=1, impact=+2.725); quiet in the last hour (sender_tx_count_1h=0, impact=-0.915)",output_min_max_ratio,7.1484,input_addr_is_recent_output,2.7254,sender_tx_count_1h,-0.9154
b6096b73a4b24d54b0fc20087e603ba2,682,both,high,0.99883515,-0.0623659018950472,"burst of tx in the last hour (sender_tx_count_1h=5, impact=+5.647); high tx volume in 24h (sender_tx_count_24h=5, impact=+3.802); amount close to sender's usual pattern (sender_amount_zscore=2.06, impact=-0.992)",sender_tx_count_1h,5.6474,sender_tx_count_24h,3.802,sender_amount_zscore,-0.9919
ecbc779137f64e59b2b001e359e50316,682,both,high,0.99880815,-0.0584639662259438,"burst of tx in the last hour (sender_tx_count_1h=4, impact=+6.589); high tx volume in 24h (sender_tx_count_24h=8, impact=+4.289); small total BTC moved (total_input_btc=0.04087, impact=-1.235)",sender_tx_count_1h,6.5888,sender_tx_count_24h,4.2895,total_input_btc,-1.2354
c6570d7ec6944abbbf0ab21e5e50bd87,740,both,high,0.9987577,-0.0576059918573081,"burst of tx in the last hour (sender_tx_count_1h=4, impact=+6.068); high tx volume in 24h (sender_tx_count_24h=9, impact=+4.073); long dormancy before reuse (minutes_since_addr_last_output=-1, impact=-1.041)",sender_tx_count_1h,6.068,sender_tx_count_24h,4.0733,minutes_since_addr_last_output,-1.0411
b882144a93834177ad9d5a7e05307985,682,both,high,0.9987256,-0.0794603536106177,"burst of tx in the last hour (sender_tx_count_1h=5, impact=+5.638); high tx volume in 24h (sender_tx_count_24h=10, impact=+3.303); long gap since last tx (sender_time_since_last_tx_min=8, impact=-0.573)",sender_tx_count_1h,5.6385,sender_tx_count_24h,3.3033,sender_time_since_last_tx_min,-0.5731
c4e4fc4951e842fabc7d9125bf3e16d4,480,both,high,0.99857223,-0.0592449119789941,"very uneven output split (output_min_max_ratio=0.03591, impact=+7.454); input addr reused right after receiving (input_addr_is_recent_output=1, impact=+2.146); quiet in the last hour (sender_tx_count_1h=0, impact=-0.912)",output_min_max_ratio,7.4545,input_addr_is_recent_output,2.1463,sender_tx_count_1h,-0.9124
2646ee49aacf413ebfe9f14e7708344a,682,both,high,0.9982103,-0.0796060633557941,"burst of tx in the last hour (sender_tx_count_1h=4, impact=+5.594); high tx volume in 24h (sender_tx_count_24h=9, impact=+4.002); long dormancy before reuse (minutes_since_addr_last_output=863.2, impact=-0.953)",sender_tx_count_1h,5.5938,sender_tx_count_24h,4.0023,minutes_since_addr_last_output,-0.9531
813dad19900b4db98c7ea8405decba72,533,both,high,0.9981687,-0.0706094024744464,"burst of tx in the last hour (sender_tx_count_1h=6, impact=+5.764); high tx volume in 24h (sender_tx_count_24h=6, impact=+3.040); amount close to sender's usual pattern (sender_amount_zscore=1.327, impact=-1.092)",sender_tx_count_1h,5.7638,sender_tx_count_24h,3.0401,sender_amount_zscore,-1.0919
90f5bc12d94445a3ba96540a6ff4bbe9,546,both,high,0.9981488,-0.0872444250927009,"very uneven output split (output_min_max_ratio=0.04393, impact=+7.277); input addr reused right after receiving (input_addr_is_recent_output=1, impact=+1.920); quiet in the last hour (sender_tx_count_1h=0, impact=-0.914)",output_min_max_ratio,7.2772,input_addr_is_recent_output,1.9204,sender_tx_count_1h,-0.9141
08a848d629fe42b0aa5a60ce65771b23,533,both,high,0.9981476,-0.1152423257098061,"burst of tx in the last hour (sender_tx_count_1h=4, impact=+5.516); high tx volume in 24h (sender_tx_count_24h=14, impact=+3.290); amount close to sender's usual pattern (sender_amount_zscore=1.44, impact=-1.093)",sender_tx_count_1h,5.5164,sender_tx_count_24h,3.2903,sender_amount_zscore,-1.0933
3b4bb4ffa81d48afb2de7d51a89f2cb6,354,both,high,0.9980166,-0.1090351583107355,"very uneven output split (output_min_max_ratio=0.04447, impact=+7.309); input addr reused right after receiving (input_addr_is_recent_output=1, impact=+2.185); quiet in the last hour (sender_tx_count_1h=0, impact=-0.918)",output_min_max_ratio,7.309,input_addr_is_recent_output,2.1853,sender_tx_count_1h,-0.9184
07509117b13241509e1f3e85dac7c199,480,both,high,0.9979722,-0.0659063692439078,"very uneven output split (output_min_max_ratio=0.06448, impact=+7.457); input addr reused right after receiving (input_addr_is_recent_output=1, impact=+2.146); quiet in the last hour (sender_tx_count_1h=0, impact=-0.914)",output_min_max_ratio,7.4574,input_addr_is_recent_output,2.1463,sender_tx_count_1h,-0.9145
f055152a82fa4f818ad7598e94245551,740,both,high,0.9971245,-0.0535587250830419,"burst of tx in the last hour (sender_tx_count_1h=4, impact=+5.932); high tx volume in 24h (sender_tx_count_24h=8, impact=+3.746); long dormancy before reuse (minutes_since_addr_last_output=-1, impact=-1.011)",sender_tx_count_1h,5.9321,sender_tx_count_24h,3.7456,minutes_since_addr_last_output,-1.0111
d9af028f72114cd9bf036d9b01193147,546,both,high,0.9966641,-0.08646739660242,"very uneven output split (output_min_max_ratio=0.06324, impact=+7.453); input addr reused right after receiving (input_addr_is_recent_output=1, impact=+1.927); quiet in the last hour (sender_tx_count_1h=0, impact=-0.913)",output_min_max_ratio,7.4535,input_addr_is_recent_output,1.9267,sender_tx_count_1h,-0.913
ce6268ee2ce34661a99c7f32c13e8883,480,both,high,0.9965185,-0.0633010869363587,"very uneven output split (output_min_max_ratio=0.04944, impact=+7.536); input addr reused right after receiving (input_addr_is_recent_output=1, impact=+2.091); quiet in the last hour (sender_tx_count_1h=0, impact=-0.924)",output_min_max_ratio,7.5364,input_addr_is_recent_output,2.0911,sender_tx_count_1h,-0.9241
f5ef0f7917544f16912cb56bf5db961d,740,both,high,0.9964234,-0.0814699529484181,"burst of tx in the last hour (sender_tx_count_1h=4, impact=+5.996); high tx volume in 24h (sender_tx_count_24h=13, impact=+3.515); amount close to sender's usual pattern (sender_amount_zscore=-0.2007, impact=-1.110)",sender_tx_count_1h,5.9955,sender_tx_count_24h,3.5145,sender_amount_zscore,-1.11
8b718b8ed1bb4f1cbdebaea1310d877f,480,both,high,0.99551845,-0.0567538577681598,"very uneven output split (output_min_max_ratio=0.03917, impact=+7.526); input addr reused right after receiving (input_addr_is_recent_output=1, impact=+1.978); quiet in the last hour (sender_tx_count_1h=0, impact=-0.917)",output_min_max_ratio,7.5265,input_addr_is_recent_output,1.9776,sender_tx_count_1h,-0.9167
a5d9e9cb0255474bae0bb79f6ac43151,480,both,high,0.99551845,-0.0530162671746234,"very uneven output split (output_min_max_ratio=0.05561, impact=+7.525); input addr reused right after receiving (input_addr_is_recent_output=1, impact=+1.974); quiet in the last hour (sender_tx_count_1h=0, impact=-0.915)",output_min_max_ratio,7.5249,input_addr_is_recent_output,1.9739,sender_tx_count_1h,-0.9153
e7306cae78684f01bca72353f95a2ac2,740,both,high,0.99500173,-0.0706724734159534,"burst of tx in the last hour (sender_tx_count_1h=4, impact=+5.729); high tx volume in 24h (sender_tx_count_24h=14, impact=+3.246); long dormancy before reuse (minutes_since_addr_last_output=-1, impact=-1.099)",sender_tx_count_1h,5.7287,sender_tx_count_24h,3.2463,minutes_since_addr_last_output,-1.0991
3c41294f6a1f4641b6a4ac2c1dd475ae,594,both,high,0.9950004,-0.1036183075049436,"burst of tx in the last hour (sender_tx_count_1h=7, impact=+5.479); high tx volume in 24h (sender_tx_count_24h=13, impact=+3.028); amount close to sender's usual pattern (sender_amount_zscore=-0.07807, impact=-1.635)",sender_tx_count_1h,5.4792,sender_tx_count_24h,3.0283,sender_amount_zscore,-1.6345
7b706a3ad7bd42ed87b7a2cb1f6af901,533,both,high,0.99493754,-0.1373777914348171,"burst of tx in the last hour (sender_tx_count_1h=6, impact=+5.415); high tx volume in 24h (sender_tx_count_24h=8, impact=+3.290); amount close to sender's usual pattern (sender_amount_zscore=1.607, impact=-1.290)",sender_tx_count_1h,5.4148,sender_tx_count_24h,3.2898,sender_amount_zscore,-1.2905
e33e5dbe03d4459794fa0c53879e29dd,740,both,high,0.9939454,-0.0689941722166717,"burst of tx in the last hour (sender_tx_count_1h=4, impact=+5.551); high tx volume in 24h (sender_tx_count_24h=11, impact=+3.246); long dormancy before reuse (minutes_since_addr_last_output=-1, impact=-1.080)",sender_tx_count_1h,5.551,sender_tx_count_24h,3.2463,minutes_since_addr_last_output,-1.0804
9f3bb30049554179a22d67de8782ee2c,354,both,high,0.988437,-0.0819846595649663,"very uneven output split (output_min_max_ratio=0.04466, impact=+7.516); quiet in the last hour (sender_tx_count_1h=0, impact=-0.890); unusually few outputs (n_outputs=2, impact=-0.826)",output_min_max_ratio,7.5159,sender_tx_count_1h,-0.8899,n_outputs,-0.8262
2efa0f472d2141bc84a5c32f65ff5548,354,both,high,0.97914904,-0.130823467718355,"very uneven output split (output_min_max_ratio=0.06163, impact=+7.197); long dormancy before reuse (minutes_since_addr_last_output=44, impact=-1.245); quiet in the last hour (sender_tx_count_1h=0, impact=-0.926)",output_min_max_ratio,7.1974,minutes_since_addr_last_output,-1.245,sender_tx_count_1h,-0.9261
ce891b1e31914d32a55aef133a3e22ee,546,both,high,0.97877127,-0.0894467128491239,"very uneven output split (output_min_max_ratio=0.05696, impact=+7.484); long dormancy before reuse (minutes_since_addr_last_output=44, impact=-1.303); quiet in the last hour (sender_tx_count_1h=0, impact=-0.922)",output_min_max_ratio,7.4839,minutes_since_addr_last_output,-1.3026,sender_tx_count_1h,-0.9219
f6a6589198534393a0610e5c98e1cd93,639,both,high,0.9589604,-0.175293224608769,"abnormal fee amount (fee=0.02478, impact=+1.841); large total BTC moved (total_input_btc=7.258, impact=+1.348); quiet in the last hour (sender_tx_count_1h=0, impact=-1.113)",fee,1.8415,total_input_btc,1.3483,sender_tx_count_1h,-1.1134
763c24b1f6f04ddb846ab4230021aed3,354,both,high,0.9440641,-0.1211293122806403,"very uneven output split (output_min_max_ratio=0.05736, impact=+7.266); long dormancy before reuse (minutes_since_addr_last_output=44, impact=-1.278); quiet in the last hour (sender_tx_count_1h=0, impact=-0.928)",output_min_max_ratio,7.266,minutes_since_addr_last_output,-1.2783,sender_tx_count_1h,-0.928
03134f705dbc4ce78d19bfd72ebc061d,639,both,high,0.93351597,-0.066263455858914,"input addr reused right after receiving (input_addr_is_recent_output=1, impact=+2.311); amount far from sender's usual pattern (sender_amount_zscore=10, impact=+1.098); long gap since last tx (sender_time_since_last_tx_min=1275, impact=-0.993)",input_addr_is_recent_output,2.3114,sender_amount_zscore,1.0982,sender_time_since_last_tx_min,-0.9928
38def18c0f3e43afaeb432f6d4c05f26,674,both,high,0.91603583,-0.0169352913689189,"input addr reused right after receiving (input_addr_is_recent_output=1, impact=+2.497); quiet in the last hour (sender_tx_count_1h=0, impact=-1.241); abnormal fee amount (fee=0.001005, impact=+1.083)",input_addr_is_recent_output,2.4967,sender_tx_count_1h,-1.2409,fee,1.0834
b21008d3c2854b978f0f9a4f25972e94,546,both,high,0.9127662,-0.0315791066345844,"very uneven output split (output_min_max_ratio=0.07867, impact=+6.809); unusually few outputs (n_outputs=2, impact=-1.484); quiet in the last hour (sender_tx_count_1h=0, impact=-0.887)",output_min_max_ratio,6.8087,n_outputs,-1.4839,sender_tx_count_1h,-0.8875
1a468887348747a0b404a25abce0d0c6,312,both,high,0.71445185,-0.0542218262184257,"high tx volume in 24h (sender_tx_count_24h=31, impact=+3.848); unusually few inputs (n_inputs=3, impact=-1.439); long gap since last tx (sender_time_since_last_tx_min=184.6, impact=-0.854)",sender_tx_count_24h,3.8483,n_inputs,-1.4385,sender_time_since_last_tx_min,-0.8538
15e4b5e483094669858a8a167268b024,674,both,high,0.6904995,-0.1715344173277903,"abnormal fee amount (fee=0.02259, impact=+1.844); large total BTC moved (total_input_btc=6.681, impact=+1.423); quiet in the last hour (sender_tx_count_1h=0, impact=-1.128)",fee,1.8436,total_input_btc,1.4226,sender_tx_count_1h,-1.128
0dbdb3de4b36456dae5d4195847f32f3,610,xgboost,medium-high,0.9999914,0.0349346735797407,"burst of tx in the last hour (sender_tx_count_1h=12, impact=+7.026); high tx volume in 24h (sender_tx_count_24h=12, impact=+3.915); abnormal fee amount (fee=0.0002905, impact=+0.944)",sender_tx_count_1h,7.026,sender_tx_count_24h,3.9154,fee,0.9442
4b17072a564548db98d6fdb609431360,312,xgboost,medium-high,0.9999771,0.1112420672770972,"burst of tx in the last hour (sender_tx_count_1h=4, impact=+7.905); high tx volume in 24h (sender_tx_count_24h=4, impact=+4.501); unusually few outputs (n_outputs=2, impact=-0.780)",sender_tx_count_1h,7.9048,sender_tx_count_24h,4.5008,n_outputs,-0.7805
32862eee5f0a4823b81e2d2d793b7fde,312,xgboost,medium-high,0.9999751,0.0135507102985796,"burst of tx in the last hour (sender_tx_count_1h=19, impact=+7.077); high tx volume in 24h (sender_tx_count_24h=19, impact=+3.777); rapid repeat transacting (sender_time_since_last_tx_min=0.5, impact=+0.575)",sender_tx_count_1h,7.0767,sender_tx_count_24h,3.7767,sender_time_since_last_tx_min,0.5746
dc2e05fce80f4183a7fe920786dd2b75,200,xgboost,medium-high,0.9999714,0.0396970842092457,"burst of tx in the last hour (sender_tx_count_1h=15, impact=+6.780); high tx volume in 24h (sender_tx_count_24h=15, impact=+4.647); amount close to sender's usual pattern (sender_amount_zscore=-1.246, impact=-0.817)",sender_tx_count_1h,6.7803,sender_tx_count_24h,4.6474,sender_amount_zscore,-0.8166
1878d6206ab94b6ba446e4da753282fc,312,xgboost,medium-high,0.9999713,0.0019816752354656,"burst of tx in the last hour (sender_tx_count_1h=18, impact=+7.776); high tx volume in 24h (sender_tx_count_24h=18, impact=+4.581); unusually few outputs (n_outputs=2, impact=-0.799)",sender_tx_count_1h,7.776,sender_tx_count_24h,4.5807,n_outputs,-0.7988
bc3a3cfb09614cb4ae6fdcd8afb67825,312,xgboost,medium-high,0.99996793,0.0299026546749323,"burst of tx in the last hour (sender_tx_count_1h=16, impact=+7.309); high tx volume in 24h (sender_tx_count_24h=16, impact=+3.867); unusually few outputs (n_outputs=2, impact=-0.827)",sender_tx_count_1h,7.3087,sender_tx_count_24h,3.8674,n_outputs,-0.8273
56db64362a38426da50201d826a4c17e,525,xgboost,medium-high,0.99995863,0.0698158736599035,"burst of tx in the last hour (sender_tx_count_1h=4, impact=+8.010); high tx volume in 24h (sender_tx_count_24h=4, impact=+4.413); small total BTC moved (total_input_btc=0.005716, impact=-1.277)",sender_tx_count_1h,8.0102,sender_tx_count_24h,4.413,total_input_btc,-1.2772
2c99b4c5f8934db88923de04959f5171,200,xgboost,medium-high,0.9999583,0.0424540994373016,"burst of tx in the last hour (sender_tx_count_1h=11, impact=+8.147); high tx volume in 24h (sender_tx_count_24h=11, impact=+4.792); long dormancy before reuse (minutes_since_addr_last_output=1626, impact=-0.787)",sender_tx_count_1h,8.1475,sender_tx_count_24h,4.792,minutes_since_addr_last_output,-0.7869
0b77952955ad46e9a0148802c1844daa,525,xgboost,medium-high,0.99995685,0.0451892863538498,"burst of tx in the last hour (sender_tx_count_1h=7, impact=+7.793); high tx volume in 24h (sender_tx_count_24h=7, impact=+4.241); small total BTC moved (total_input_btc=0.004586, impact=-1.553)",sender_tx_count_1h,7.7929,sender_tx_count_24h,4.2414,total_input_btc,-1.5526
f16151583e7a402bb1b58608d0941f24,200,xgboost,medium-high,0.9999558,0.0359449040658164,"burst of tx in the last hour (sender_tx_count_1h=16, impact=+7.339); high tx volume in 24h (sender_tx_count_24h=16, impact=+4.552); long dormancy before reuse (minutes_since_addr_last_output=1632, impact=-0.745)",sender_tx_count_1h,7.3387,sender_tx_count_24h,4.552,minutes_since_addr_last_output,-0.7453
27226be7356e4405ba49c685673235c7,200,xgboost,medium-high,0.9999503,0.0246405915673518,"burst of tx in the last hour (sender_tx_count_1h=8, impact=+7.978); high tx volume in 24h (sender_tx_count_24h=8, impact=+4.659); long dormancy before reuse (minutes_since_addr_last_output=1624, impact=-0.723)",sender_tx_count_1h,7.9784,sender_tx_count_24h,4.6586,minutes_since_addr_last_output,-0.7229
a49a1d4dedae4f288e4f0cad20afc449,610,xgboost,medium-high,0.9999502,0.0134242782597309,"burst of tx in the last hour (sender_tx_count_1h=15, impact=+8.059); high tx volume in 24h (sender_tx_count_24h=15, impact=+4.584); unusually few outputs (n_outputs=2, impact=-0.723)",sender_tx_count_1h,8.0586,sender_tx_count_24h,4.5839,n_outputs,-0.723
da44002e0b5f4a30afd3d4888bf7df0b,610,xgboost,medium-high,0.9999492,0.0878110292600525,"burst of tx in the last hour (sender_tx_count_1h=6, impact=+7.979); high tx volume in 24h (sender_tx_count_24h=6, impact=+4.767); amount close to sender's usual pattern (sender_amount_zscore=-1.616, impact=-0.947)",sender_tx_count_1h,7.979,sender_tx_count_24h,4.7674,sender_amount_zscore,-0.947
5014a19053654d59aa315c23a17ddfe2,525,xgboost,medium-high,0.9999472,0.0001180695839028,"burst of tx in the last hour (sender_tx_count_1h=19, impact=+7.993); high tx volume in 24h (sender_tx_count_24h=19, impact=+3.856); small total BTC moved (total_input_btc=0.006792, impact=-1.133)",sender_tx_count_1h,7.9935,sender_tx_count_24h,3.8565,total_input_btc,-1.1328
9bd801ef4f3f441f819715470aeb2c6c,525,xgboost,medium-high,0.99994576,0.0256169098366888,"burst of tx in the last hour (sender_tx_count_1h=16, impact=+7.876); high tx volume in 24h (sender_tx_count_24h=16, impact=+3.568); small total BTC moved (total_input_btc=0.008695, impact=-0.720)",sender_tx_count_1h,7.8761,sender_tx_count_24h,3.5679,total_input_btc,-0.7197
84776f4597f54b86909aa15db6cbec24,525,xgboost,medium-high,0.9999429,0.0847569681512607,"burst of tx in the last hour (sender_tx_count_1h=6, impact=+7.852); high tx volume in 24h (sender_tx_count_24h=6, impact=+4.014); small total BTC moved (total_input_btc=0.01002, impact=-1.509)",sender_tx_count_1h,7.8519,sender_tx_count_24h,4.0143,total_input_btc,-1.5086
ae5683368a2543beb8bbbd96fc2f28f1,525,xgboost,medium-high,0.9999429,0.0132029630954191,"burst of tx in the last hour (sender_tx_count_1h=14, impact=+7.852); high tx volume in 24h (sender_tx_count_24h=14, impact=+4.014); small total BTC moved (total_input_btc=0.01004, impact=-1.508)",sender_tx_count_1h,7.8519,sender_tx_count_24h,4.0143,total_input_btc,-1.5081
3bdd13b845ee4a938b964a2ff936411a,610,xgboost,medium-high,0.9999398,0.1144754279357185,"burst of tx in the last hour (sender_tx_count_1h=3, impact=+7.910); high tx volume in 24h (sender_tx_count_24h=3, impact=+4.600); amount close to sender's usual pattern (sender_amount_zscore=-1.728, impact=-0.967)",sender_tx_count_1h,7.9097,sender_tx_count_24h,4.6001,sender_amount_zscore,-0.967
ff96fd4c5f0c4ef1b20880f9f4c51512,200,xgboost,medium-high,0.9999356,0.0864644301592976,"burst of tx in the last hour (sender_tx_count_1h=6, impact=+7.874); high tx volume in 24h (sender_tx_count_24h=6, impact=+4.342); long dormancy before reuse (minutes_since_addr_last_output=1622, impact=-0.892)",sender_tx_count_1h,7.8744,sender_tx_count_24h,4.3417,minutes_since_addr_last_output,-0.8919
da2a5f2ab67641c4b14ab99bab7f9132,525,xgboost,medium-high,0.9999355,0.0505736909284775,"burst of tx in the last hour (sender_tx_count_1h=10, impact=+7.999); high tx volume in 24h (sender_tx_count_24h=10, impact=+3.983); small total BTC moved (total_input_btc=0.006189, impact=-0.830)",sender_tx_count_1h,7.999,sender_tx_count_24h,3.9832,total_input_btc,-0.8302
a368d1bd7ad1454a977b070b5ce2ab51,610,xgboost,medium-high,0.9999324,0.002821821454471,"burst of tx in the last hour (sender_tx_count_1h=18, impact=+7.974); high tx volume in 24h (sender_tx_count_24h=18, impact=+4.596); amount close to sender's usual pattern (sender_amount_zscore=-1.591, impact=-0.964)",sender_tx_count_1h,7.9741,sender_tx_count_24h,4.5961,sender_amount_zscore,-0.9643
8696c3f2e57a4aa6ba4a779a4eef49de,610,xgboost,medium-high,0.99993205,0.0001776974531523,"burst of tx in the last hour (sender_tx_count_1h=21, impact=+7.282); high tx volume in 24h (sender_tx_count_24h=21, impact=+4.184); unusually few outputs (n_outputs=2, impact=-0.807)",sender_tx_count_1h,7.2822,sender_tx_count_24h,4.1844,n_outputs,-0.8073
10d7c04125934b24bfb6f29435665420,525,xgboost,medium-high,0.9999318,0.0338783922644193,"burst of tx in the last hour (sender_tx_count_1h=15, impact=+7.644); high tx volume in 24h (sender_tx_count_24h=15, impact=+4.078); small total BTC moved (total_input_btc=0.006083, impact=-1.335)",sender_tx_count_1h,7.6438,sender_tx_count_24h,4.0784,total_input_btc,-1.335
a3b9e7eb6d194cbf90c498f5ac238b8f,525,xgboost,medium-high,0.9999311,0.078116159553585,"burst of tx in the last hour (sender_tx_count_1h=8, impact=+8.299); high tx volume in 24h (sender_tx_count_24h=8, impact=+3.651); rapid repeat transacting (sender_time_since_last_tx_min=0.3833, impact=+0.751)",sender_tx_count_1h,8.2989,sender_tx_count_24h,3.6507,sender_time_since_last_tx_min,0.7514
675795fa2e6b46149b6145a54a178aa1,525,xgboost,medium-high,0.9999291,0.1123204382315303,"burst of tx in the last hour (sender_tx_count_1h=3, impact=+8.621); high tx volume in 24h (sender_tx_count_24h=3, impact=+4.025); amount close to sender's usual pattern (sender_amount_zscore=0.972, impact=-0.868)",sender_tx_count_1h,8.6207,sender_tx_count_24h,4.0253,sender_amount_zscore,-0.8682
df33eb509f3a40ee9a5edf206136d9bc,610,xgboost,medium-high,0.9999236,0.0235571694656966,"burst of tx in the last hour (sender_tx_count_1h=9, impact=+6.943); high tx volume in 24h (sender_tx_count_24h=9, impact=+3.805); amount close to sender's usual pattern (sender_amount_zscore=2.454, impact=-0.961)",sender_tx_count_1h,6.9434,sender_tx_count_24h,3.8054,sender_amount_zscore,-0.9611
7ffeadc5364845809cebf7bfd3a066e2,525,xgboost,medium-high,0.99992335,0.053361871715228,"burst of tx in the last hour (sender_tx_count_1h=11, impact=+8.392); high tx volume in 24h (sender_tx_count_24h=11, impact=+3.959); rapid repeat transacting (sender_time_since_last_tx_min=1.133, impact=+0.718)",sender_tx_count_1h,8.3925,sender_tx_count_24h,3.9592,sender_time_since_last_tx_min,0.7181
ddf68a036a0543cba47277c85461a3cc,525,xgboost,medium-high,0.9999229,0.0621822122499359,"burst of tx in the last hour (sender_tx_count_1h=9, impact=+8.317); high tx volume in 24h (sender_tx_count_24h=9, impact=+3.915); rapid repeat transacting (sender_time_since_last_tx_min=1.167, impact=+0.748)",sender_tx_count_1h,8.3171,sender_tx_count_24h,3.9153,sender_time_since_last_tx_min,0.7479
a1f17b4bc7394c3d945ebe9ad7ab625e,525,xgboost,medium-high,0.9999217,0.0068872163252565,"burst of tx in the last hour (sender_tx_count_1h=21, impact=+7.949); high tx volume in 24h (sender_tx_count_24h=21, impact=+3.680); small total BTC moved (total_input_btc=0.008597, impact=-0.942)",sender_tx_count_1h,7.9492,sender_tx_count_24h,3.6804,total_input_btc,-0.9416
5403501f6cde4fe6b13c0c9870b40557,525,xgboost,medium-high,0.9999151,0.0130868948923996,"burst of tx in the last hour (sender_tx_count_1h=20, impact=+8.012); high tx volume in 24h (sender_tx_count_24h=20, impact=+4.013); small total BTC moved (total_input_btc=0.00679, impact=-1.371)",sender_tx_count_1h,8.0125,sender_tx_count_24h,4.0125,total_input_btc,-1.3706
eb9da6ff8cdd4c4a97ac92191d084e20,610,xgboost,medium-high,0.9999151,0.0728533791806748,"burst of tx in the last hour (sender_tx_count_1h=4, impact=+6.408); high tx volume in 24h (sender_tx_count_24h=4, impact=+3.527); rapid repeat transacting (sender_time_since_last_tx_min=0.4333, impact=+0.611)",sender_tx_count_1h,6.408,sender_tx_count_24h,3.527,sender_time_since_last_tx_min,0.6107
f3fc7a0059bc4c4d8a9831d076b7396b,200,xgboost,medium-high,0.99991393,0.0213775047018452,"burst of tx in the last hour (sender_tx_count_1h=19, impact=+7.208); high tx volume in 24h (sender_tx_count_24h=19, impact=+4.140); long dormancy before reuse (minutes_since_addr_last_output=1635, impact=-0.823)",sender_tx_count_1h,7.2081,sender_tx_count_24h,4.1403,minutes_since_addr_last_output,-0.8234
954c49682cff46f5a2555d4e6fb51d3d,525,xgboost,medium-high,0.99991333,0.0220442479610103,"burst of tx in the last hour (sender_tx_count_1h=12, impact=+7.617); high tx volume in 24h (sender_tx_count_24h=12, impact=+3.895); small total BTC moved (total_input_btc=0.006279, impact=-1.790)",sender_tx_count_1h,7.617,sender_tx_count_24h,3.8946,total_input_btc,-1.7898
12f01966df3448548df6436855372fb1,200,xgboost,medium-high,0.9999126,0.0507874121357045,"burst of tx in the last hour (sender_tx_count_1h=13, impact=+6.324); high tx volume in 24h (sender_tx_count_24h=13, impact=+3.834); long dormancy before reuse (minutes_since_addr_last_output=1628, impact=-0.764)",sender_tx_count_1h,6.3243,sender_tx_count_24h,3.8338,minutes_since_addr_last_output,-0.7643
d882af2005ba4b7a951853cfa4be0bf0,200,xgboost,medium-high,0.9999087,0.0200314825827156,"burst of tx in the last hour (sender_tx_count_1h=17, impact=+7.236); high tx volume in 24h (sender_tx_count_24h=17, impact=+4.171); unusually few outputs (n_outputs=2, impact=-0.803)",sender_tx_count_1h,7.2358,sender_tx_count_24h,4.1708,n_outputs,-0.8033
e579285ca3ac4a8cb6ec9dba85a97066,200,xgboost,medium-high,0.99990594,0.079029327888357,"burst of tx in the last hour (sender_tx_count_1h=7, impact=+7.203); high tx volume in 24h (sender_tx_count_24h=7, impact=+4.156); long dormancy before reuse (minutes_since_addr_last_output=1623, impact=-1.025)",sender_tx_count_1h,7.2031,sender_tx_count_24h,4.1562,minutes_since_addr_last_output,-1.0255
e3e95463e6bd4e66b059d820914f35e4,610,xgboost,medium-high,0.99990475,0.0589054323231333,"burst of tx in the last hour (sender_tx_count_1h=10, impact=+7.393); high tx volume in 24h (sender_tx_count_24h=10, impact=+3.979); unusually few outputs (n_outputs=2, impact=-0.855)",sender_tx_count_1h,7.3933,sender_tx_count_24h,3.9791,n_outputs,-0.8553
a0f055c5e52a40d69536092478a9bcb2,610,xgboost,medium-high,0.99990475,0.0169746672754164,"burst of tx in the last hour (sender_tx_count_1h=17, impact=+7.406); high tx volume in 24h (sender_tx_count_24h=17, impact=+3.982); unusually few outputs (n_outputs=2, impact=-0.855)",sender_tx_count_1h,7.4055,sender_tx_count_24h,3.9815,n_outputs,-0.8553
2530bea966854f28a0e4050aaf410401,610,xgboost,medium-high,0.99990463,0.0746968105493965,"burst of tx in the last hour (sender_tx_count_1h=8, impact=+6.447); high tx volume in 24h (sender_tx_count_24h=8, impact=+3.721); rapid repeat transacting (sender_time_since_last_tx_min=1.4, impact=+0.578)",sender_tx_count_1h,6.4466,sender_tx_count_24h,3.7209,sender_time_since_last_tx_min,0.5777
112abf95566e4f258e7454446f2ab19c,610,xgboost,medium-high,0.9999045,0.0813552710787165,"burst of tx in the last hour (sender_tx_count_1h=7, impact=+6.429); high tx volume in 24h (sender_tx_count_24h=7, impact=+3.627); rapid repeat transacting (sender_time_since_last_tx_min=0.7167, impact=+0.571)",sender_tx_count_1h,6.4287,sender_tx_count_24h,3.6269,sender_time_since_last_tx_min,0.5708
d6fd8de8752f4825a144c23484c2330a,525,xgboost,medium-high,0.9999013,0.0638464702125848,"burst of tx in the last hour (sender_tx_count_1h=5, impact=+7.743); high tx volume in 24h (sender_tx_count_24h=5, impact=+3.827); small total BTC moved (total_input_btc=0.00683, impact=-1.509)",sender_tx_count_1h,7.7426,sender_tx_count_24h,3.8273,total_input_btc,-1.5087
8ba63a92ba1a4b43887cd35f0789c4e8,610,xgboost,medium-high,0.99987876,0.0174124463331713,"burst of tx in the last hour (sender_tx_count_1h=11, impact=+7.257); high tx volume in 24h (sender_tx_count_24h=11, impact=+4.075); amount close to sender's usual pattern (sender_amount_zscore=-0.2304, impact=-1.161)",sender_tx_count_1h,7.2565,sender_tx_count_24h,4.0748,sender_amount_zscore,-1.1608
57534dff572f45b8981d7a4b6bbe85b4,312,xgboost,medium-high,0.9998783,0.0365590262691538,"burst of tx in the last hour (sender_tx_count_1h=13, impact=+7.447); high tx volume in 24h (sender_tx_count_24h=13, impact=+4.205); amount close to sender's usual pattern (sender_amount_zscore=-0.2736, impact=-1.014)",sender_tx_count_1h,7.4473,sender_tx_count_24h,4.2052,sender_amount_zscore,-1.0143
ec32bbe7eb1e45a8b185995097511a78,312,xgboost,medium-high,0.999877,0.1166876714328493,"burst of tx in the last hour (sender_tx_count_1h=3, impact=+7.075); high tx volume in 24h (sender_tx_count_24h=3, impact=+3.612); unusually few outputs (n_outputs=2, impact=-0.953)",sender_tx_count_1h,7.0753,sender_tx_count_24h,3.6115,n_outputs,-0.9532
2c2147ba73d34e17ae6281001ae60a37,200,xgboost,medium-high,0.9998754,0.0074803603909082,"burst of tx in the last hour (sender_tx_count_1h=20, impact=+6.476); high tx volume in 24h (sender_tx_count_24h=20, impact=+3.939); long dormancy before reuse (minutes_since_addr_last_output=1636, impact=-0.809)",sender_tx_count_1h,6.4762,sender_tx_count_24h,3.9392,minutes_since_addr_last_output,-0.8086
d74b70ee924e43b9b8667cbe78bbc925,525,xgboost,medium-high,0.99987483,0.013960243124765,"burst of tx in the last hour (sender_tx_count_1h=17, impact=+8.331); high tx volume in 24h (sender_tx_count_24h=17, impact=+3.989); amount close to sender's usual pattern (sender_amount_zscore=-0.1657, impact=-1.162)",sender_tx_count_1h,8.331,sender_tx_count_24h,3.9895,sender_amount_zscore,-1.162
f0a0cb461ee34e7cb16cb9c324615ad0,312,xgboost,medium-high,0.9998658,0.1024918807481461,"burst of tx in the last hour (sender_tx_count_1h=5, impact=+6.635); high tx volume in 24h (sender_tx_count_24h=5, impact=+3.828); amount close to sender's usual pattern (sender_amount_zscore=-0.3126, impact=-1.005)",sender_tx_count_1h,6.6355,sender_tx_count_24h,3.8276,sender_amount_zscore,-1.0054
58a1f39b0e40485c853830e0d527a9c3,525,xgboost,medium-high,0.99986386,0.0186924827366554,"burst of tx in the last hour (sender_tx_count_1h=18, impact=+8.274); high tx volume in 24h (sender_tx_count_24h=18, impact=+3.989); amount close to sender's usual pattern (sender_amount_zscore=-0.1788, impact=-1.132)",sender_tx_count_1h,8.274,sender_tx_count_24h,3.9894,sender_amount_zscore,-1.1315
e8edd1ed6708422eb7a7f73d03200a6d,610,xgboost,medium-high,0.9998499,0.0370837778141852,"burst of tx in the last hour (sender_tx_count_1h=13, impact=+7.327); high tx volume in 24h (sender_tx_count_24h=13, impact=+3.904); unusually few outputs (n_outputs=2, impact=-0.829)",sender_tx_count_1h,7.3266,sender_tx_count_24h,3.9041,n_outputs,-0.829
afd6370f320a460e98229ee88379a42f,610,xgboost,medium-high,0.99979466,0.0941106226768196,"burst of tx in the last hour (sender_tx_count_1h=5, impact=+6.585); high tx volume in 24h (sender_tx_count_24h=5, impact=+3.633); amount close to sender's usual pattern (sender_amount_zscore=1.01, impact=-0.722)",sender_tx_count_1h,6.5846,sender_tx_count_24h,3.6334,sender_amount_zscore,-0.722
f3a232db57554328b5c430a64fc8ec87,200,xgboost,medium-high,0.9997551,0.1189936305049238,"burst of tx in the last hour (sender_tx_count_1h=3, impact=+7.917); high tx volume in 24h (sender_tx_count_24h=3, impact=+4.111); amount close to sender's usual pattern (sender_amount_zscore=-0.07205, impact=-1.277)",sender_tx_count_1h,7.9173,sender_tx_count_24h,4.1115,sender_amount_zscore,-1.2774
d420999c44ac4a7eba5d0ff44e9a9ead,312,xgboost,medium-high,0.99972564,0.0769620731202361,"burst of tx in the last hour (sender_tx_count_1h=8, impact=+7.445); high tx volume in 24h (sender_tx_count_24h=8, impact=+3.950); unusually few outputs (n_outputs=2, impact=-0.943)",sender_tx_count_1h,7.4448,sender_tx_count_24h,3.9498,n_outputs,-0.9433
3087d8e68cd8444c9230d0fb2d76d3b5,200,xgboost,medium-high,0.99971443,0.0149959019835717,"burst of tx in the last hour (sender_tx_count_1h=9, impact=+8.326); high tx volume in 24h (sender_tx_count_24h=9, impact=+4.196); amount close to sender's usual pattern (sender_amount_zscore=-0.03179, impact=-1.244)",sender_tx_count_1h,8.3258,sender_tx_count_24h,4.1965,sender_amount_zscore,-1.2443
a54fdf6a8d354f53a34f75d042dc1937,200,xgboost,medium-high,0.99968016,0.0855586481728377,"burst of tx in the last hour (sender_tx_count_1h=4, impact=+6.882); high tx volume in 24h (sender_tx_count_24h=4, impact=+3.887); long dormancy before reuse (minutes_since_addr_last_output=1620, impact=-1.287)",sender_tx_count_1h,6.8819,sender_tx_count_24h,3.8867,minutes_since_addr_last_output,-1.2875
75c048c550804e249642a977c32ab9d0,200,xgboost,medium-high,0.9996761,0.0009237250460735,"burst of tx in the last hour (sender_tx_count_1h=21, impact=+7.272); high tx volume in 24h (sender_tx_count_24h=21, impact=+3.888); amount close to sender's usual pattern (sender_amount_zscore=-0.1225, impact=-1.170)",sender_tx_count_1h,7.2719,sender_tx_count_24h,3.8882,sender_amount_zscore,-1.1697
b73f4d2ebee945c19d0b74e5d106ec0f,312,xgboost,medium-high,0.99964416,0.0506917533037971,"burst of tx in the last hour (sender_tx_count_1h=11, impact=+7.064); high tx volume in 24h (sender_tx_count_24h=11, impact=+3.177); unusually few outputs (n_outputs=2, impact=-0.894)",sender_tx_count_1h,7.0644,sender_tx_count_24h,3.1771,n_outputs,-0.8942
09dbaa6c3d754d4ab3f9cb1665f21dee,674,xgboost,medium-high,0.99963534,0.0050264870788249,"burst of tx in the last hour (sender_tx_count_1h=1, impact=+5.427); input addr reused right after receiving (input_addr_is_recent_output=1, impact=+2.370); rapid repeat transacting (sender_time_since_last_tx_min=1.1, impact=+0.592)",sender_tx_count_1h,5.4269,input_addr_is_recent_output,2.3699,sender_time_since_last_tx_min,0.5922
f4b1462b53004fe4bd76b156400aa762,312,xgboost,medium-high,0.9996214,0.0006281332834884,"burst of tx in the last hour (sender_tx_count_1h=17, impact=+7.279); high tx volume in 24h (sender_tx_count_24h=17, impact=+3.182); unusually few outputs (n_outputs=2, impact=-0.919)",sender_tx_count_1h,7.2792,sender_tx_count_24h,3.1815,n_outputs,-0.9193
c39da25e933f4dab9438370e6e462df6,610,xgboost,medium-high,0.999537,0.1152711747903336,"burst of tx in the last hour (sender_tx_count_1h=2, impact=+7.883); high tx volume in 24h (sender_tx_count_24h=2, impact=+2.838); unusually few outputs (n_outputs=2, impact=-0.980)",sender_tx_count_1h,7.8827,sender_tx_count_24h,2.8381,n_outputs,-0.98
f0655eca43ae44158669e1b192db73d1,610,xgboost,medium-high,0.9995322,0.0301378449147295,"burst of tx in the last hour (sender_tx_count_1h=14, impact=+6.401); high tx volume in 24h (sender_tx_count_24h=14, impact=+3.035); near-perfect input/output balance (input_output_ratio=1.003, impact=-0.567)",sender_tx_count_1h,6.4011,sender_tx_count_24h,3.035,input_output_ratio,-0.5673
24bcc39b50724fd6acc9a7ad82bd3ca2,200,xgboost,medium-high,0.9994931,0.1346112018988735,"burst of tx in the last hour (sender_tx_count_1h=2, impact=+7.293); high tx volume in 24h (sender_tx_count_24h=2, impact=+2.412); long dormancy before reuse (minutes_since_addr_last_output=1618, impact=-1.181)",sender_tx_count_1h,7.2931,sender_tx_count_24h,2.4125,minutes_since_addr_last_output,-1.1808
a3afc02c4d7e47cb8d6d81d958566fcb,200,xgboost,medium-high,0.9994709,0.1039479475106628,"burst of tx in the last hour (sender_tx_count_1h=5, impact=+6.376); high tx volume in 24h (sender_tx_count_24h=5, impact=+3.810); long dormancy before reuse (minutes_since_addr_last_output=1621, impact=-1.200)",sender_tx_count_1h,6.3759,sender_tx_count_24h,3.8099,minutes_since_addr_last_output,-1.2003
1e4552e8848c4b9a9e0b389353919162,740,xgboost,medium-high,0.9994394,0.0087948763370743,"burst of tx in the last hour (sender_tx_count_1h=3, impact=+5.937); high tx volume in 24h (sender_tx_count_24h=6, impact=+4.001); small total BTC moved (total_input_btc=0.04498, impact=-0.854)",sender_tx_count_1h,5.9373,sender_tx_count_24h,4.0007,total_input_btc,-0.8543
57b38ee0bbaf462299e120ff2253b1b1,594,xgboost,medium-high,0.999413,0.0294180815096073,"burst of tx in the last hour (sender_tx_count_1h=2, impact=+5.759); high tx volume in 24h (sender_tx_count_24h=2, impact=+2.637); long gap since last tx (sender_time_since_last_tx_min=9, impact=-0.712)",sender_tx_count_1h,5.7591,sender_tx_count_24h,2.6374,sender_time_since_last_tx_min,-0.7123
f8afa6ffc9a444d589d9c1f3f27811db,312,xgboost,medium-high,0.99936837,0.024043476134317,"burst of tx in the last hour (sender_tx_count_1h=14, impact=+6.644); high tx volume in 24h (sender_tx_count_24h=14, impact=+3.439); amount close to sender's usual pattern (sender_amount_zscore=2.292, impact=-0.969)",sender_tx_count_1h,6.6436,sender_tx_count_24h,3.4387,sender_amount_zscore,-0.9694
42a9f7a08ad741c4aeb42f3819470e4b,682,xgboost,medium-high,0.99929845,0.0258570353843253,"burst of tx in the last hour (sender_tx_count_1h=4, impact=+6.204); high tx volume in 24h (sender_tx_count_24h=4, impact=+4.204); long gap since last tx (sender_time_since_last_tx_min=15, impact=-0.937)",sender_tx_count_1h,6.2039,sender_tx_count_24h,4.2041,sender_time_since_last_tx_min,-0.937
d135dc85704442399289f3b347883f54,682,xgboost,medium-high,0.9991922,0.0023195738742666,"burst of tx in the last hour (sender_tx_count_1h=3, impact=+5.683); high tx volume in 24h (sender_tx_count_24h=3, impact=+4.263); amount close to sender's usual pattern (sender_amount_zscore=1.745, impact=-1.199)",sender_tx_count_1h,5.683,sender_tx_count_24h,4.2625,sender_amount_zscore,-1.1987
1a3ad0f8070e43ee950d96467168bd9d,312,xgboost,medium-high,0.9990891,0.0948573974288471,"burst of tx in the last hour (sender_tx_count_1h=6, impact=+6.413); high tx volume in 24h (sender_tx_count_24h=6, impact=+3.120); long dormancy before reuse (minutes_since_addr_last_output=4392, impact=-0.727)",sender_tx_count_1h,6.4134,sender_tx_count_24h,3.1201,minutes_since_addr_last_output,-0.7273
9f6b0a91ac3d4469a8960771c3479ee8,312,xgboost,medium-high,0.9990577,0.0732293059563106,"burst of tx in the last hour (sender_tx_count_1h=7, impact=+7.624); high tx volume in 24h (sender_tx_count_24h=7, impact=+3.624); amount close to sender's usual pattern (sender_amount_zscore=-0.08029, impact=-1.265)",sender_tx_count_1h,7.6237,sender_tx_count_24h,3.6241,sender_amount_zscore,-1.265
0a57a3958c404ddfbdee7a429cf710c3,740,xgboost,medium-high,0.9987533,0.0208346387729668,"burst of tx in the last hour (sender_tx_count_1h=3, impact=+5.894); high tx volume in 24h (sender_tx_count_24h=3, impact=+3.999); long dormancy before reuse (minutes_since_addr_last_output=-1, impact=-1.041)",sender_tx_count_1h,5.8941,sender_tx_count_24h,3.9986,minutes_since_addr_last_output,-1.0409
287987795b6b4398968fddc935b88aac,740,xgboost,medium-high,0.9977456,0.0089196039061498,"burst of tx in the last hour (sender_tx_count_1h=3, impact=+5.475); high tx volume in 24h (sender_tx_count_24h=5, impact=+3.159); long dormancy before reuse (minutes_since_addr_last_output=-1, impact=-1.062)",sender_tx_count_1h,5.4749,sender_tx_count_24h,3.1586,minutes_since_addr_last_output,-1.0619
791c1451d855448bb2f2e4683c654ee5,312,xgboost,medium-high,0.99729353,0.1269064657197787,"burst of tx in the last hour (sender_tx_count_1h=2, impact=+6.363); high tx volume in 24h (sender_tx_count_24h=2, impact=+1.838); long dormancy before reuse (minutes_since_addr_last_output=4389, impact=-0.723)",sender_tx_count_1h,6.3629,sender_tx_count_24h,1.8377,minutes_since_addr_last_output,-0.7232
86ddf33eb50c434dbbf53697b54e0699,740,xgboost,medium-high,0.9972058,0.0091123147813273,"burst of tx in the last hour (sender_tx_count_1h=3, impact=+5.543); high tx volume in 24h (sender_tx_count_24h=4, impact=+3.163); long gap since last tx (sender_time_since_last_tx_min=20, impact=-0.801)",sender_tx_count_1h,5.5433,sender_tx_count_24h,3.1633,sender_time_since_last_tx_min,-0.8009
749b1398dd3349ffa0acd99eb65fb0dc,682,xgboost,medium-high,0.9966961,0.0728194952355741,"burst of tx in the last hour (sender_tx_count_1h=1, impact=+5.977); long dormancy before reuse (minutes_since_addr_last_output=767.2, impact=-0.799); abnormal fee amount (fee=0.0005105, impact=+0.591)",sender_tx_count_1h,5.9767,minutes_since_addr_last_output,-0.7991,fee,0.5911
82bf2f414d6946a795aacc880a86a712,312,xgboost,medium-high,0.9954335,0.1307499681709491,"burst of tx in the last hour (sender_tx_count_1h=1, impact=+7.347); amount close to sender's usual pattern (sender_amount_zscore=-3.222, impact=-1.073); rapid repeat transacting (sender_time_since_last_tx_min=1.15, impact=+0.704)",sender_tx_count_1h,7.3466,sender_amount_zscore,-1.0732,sender_time_since_last_tx_min,0.7043
3ca798241921405290f4802c40509161,533,xgboost,medium-high,0.99409395,0.0437159978042133,"burst of tx in the last hour (sender_tx_count_1h=2, impact=+6.593); high tx volume in 24h (sender_tx_count_24h=2, impact=+2.337); small total BTC moved (total_input_btc=0.04153, impact=-1.671)",sender_tx_count_1h,6.5931,sender_tx_count_24h,2.337,total_input_btc,-1.6707
dfd80e45274c4cc3891b0c659df499e4,740,xgboost,medium-high,0.99365485,0.0140921013470756,"burst of tx in the last hour (sender_tx_count_1h=2, impact=+5.773); high tx volume in 24h (sender_tx_count_24h=2, impact=+2.643); long dormancy before reuse (minutes_since_addr_last_output=-1, impact=-1.152)",sender_tx_count_1h,5.7729,sender_tx_count_24h,2.6433,minutes_since_addr_last_output,-1.152
2830f0f7827247f4bf67910853b5b238,682,xgboost,medium-high,0.9931229,0.0538122196132282,"burst of tx in the last hour (sender_tx_count_1h=2, impact=+5.563); high tx volume in 24h (sender_tx_count_24h=2, impact=+2.278); long dormancy before reuse (minutes_since_addr_last_output=775.2, impact=-1.017)",sender_tx_count_1h,5.5631,sender_tx_count_24h,2.2776,minutes_since_addr_last_output,-1.017
23f9b2f45afb4683ae9c31b5dbf2dc81,533,xgboost,medium-high,0.9923976,0.0310949379026975,"burst of tx in the last hour (sender_tx_count_1h=1, impact=+6.036); near-perfect input/output balance (input_output_ratio=1.003, impact=-0.550); amount close to sender's usual pattern (sender_amount_zscore=3.946, impact=-0.527)",sender_tx_count_1h,6.0356,input_output_ratio,-0.5503,sender_amount_zscore,-0.5265
bb8b285a1f84432db2069776abc8d3c5,525,xgboost,medium-high,0.99078333,0.1320283416655119,"burst of tx in the last hour (sender_tx_count_1h=1, impact=+8.643); amount close to sender's usual pattern (sender_amount_zscore=1.739, impact=-1.020); rapid repeat transacting (sender_time_since_last_tx_min=0.7667, impact=+0.906)",sender_tx_count_1h,8.643,sender_amount_zscore,-1.0198,sender_time_since_last_tx_min,0.9061
be4aafb5290b4938b5637b2160017432,610,xgboost,medium-high,0.9844786,0.131096340228545,"burst of tx in the last hour (sender_tx_count_1h=1, impact=+6.289); amount close to sender's usual pattern (sender_amount_zscore=1.977, impact=-1.033); rapid repeat transacting (sender_time_since_last_tx_min=0.3333, impact=+0.613)",sender_tx_count_1h,6.2892,sender_amount_zscore,-1.0334,sender_time_since_last_tx_min,0.613
2e8ebc6053c240eb9f395c9e52bfd249,200,xgboost,medium-high,0.9828007,0.1450673528957736,"burst of tx in the last hour (sender_tx_count_1h=1, impact=+6.215); long dormancy before reuse (minutes_since_addr_last_output=1616, impact=-1.172); small total BTC moved (total_input_btc=0.06519, impact=-0.749)",sender_tx_count_1h,6.2151,minutes_since_addr_last_output,-1.1721,total_input_btc,-0.7487
d16abb15b7e04c30a46a8b8daf2ee259,480,xgboost,medium-high,0.9713359,0.0790257754857376,"very uneven output split (output_min_max_ratio=0.07173, impact=+7.616); quiet in the last hour (sender_tx_count_1h=0, impact=-0.916); long dormancy before reuse (minutes_since_addr_last_output=-1, impact=-0.906)",output_min_max_ratio,7.6157,sender_tx_count_1h,-0.916,minutes_since_addr_last_output,-0.9064
a5e3ad1653b345ec83ce9b379e5e5395,740,xgboost,medium-high,0.9194677,0.0769135437503303,"burst of tx in the last hour (sender_tx_count_1h=1, impact=+5.302); amount close to sender's usual pattern (sender_amount_zscore=3.153, impact=-0.911); long dormancy before reuse (minutes_since_addr_last_output=-1, impact=-0.886)",sender_tx_count_1h,5.3017,sender_amount_zscore,-0.9108,minutes_since_addr_last_output,-0.8857
fd7dafa7683a4d98b9d7c907a3bf8b52,594,xgboost,medium-high,0.73350364,0.1003965998667391,"quiet in the last hour (sender_tx_count_1h=0, impact=-1.164); amount far from sender's usual pattern (sender_amount_zscore=8.05, impact=+1.104); very fast address reuse (minutes_since_addr_last_output=1.46e+04, impact=+0.669)",sender_tx_count_1h,-1.1637,sender_amount_zscore,1.1038,minutes_since_addr_last_output,0.6685
74a470a695624bf1a95d9f350b70be2b,82,xgboost,medium-high,0.6392817,0.0581322678109235,"amount far from sender's usual pattern (sender_amount_zscore=-0.4241, impact=+1.120); unusually many outputs (n_outputs=1, impact=+0.650); unusually low fee ratio (fee_ratio=0.001077, impact=-0.526)",sender_amount_zscore,1.1201,n_outputs,0.6501,fee_ratio,-0.5262
d2582e0844114dc98ad49277744c3748,566,xgboost,medium-high,0.61591035,0.1339521633374176,"high tx volume in 24h (sender_tx_count_24h=2, impact=+2.086); amount close to sender's usual pattern (sender_amount_zscore=-0.09191, impact=-1.208); long dormancy before reuse (minutes_since_addr_last_output=2218, impact=-0.932)",sender_tx_count_24h,2.086,sender_amount_zscore,-1.2083,minutes_since_addr_last_output,-0.9317
39ab1345dd33417f831fa8bdf9d022b8,533,xgboost,medium-high,0.5774396,0.0713443312557872,"quiet in the last hour (sender_tx_count_1h=0, impact=-1.162); large total BTC moved (total_input_btc=0.1509, impact=+0.705); unusually many outputs (n_outputs=1, impact=+0.627)",sender_tx_count_1h,-1.1621,total_input_btc,0.7049,n_outputs,0.6272
82a6ce8d4db141628a7f3f46c41e975a,682,xgboost,medium-high,0.558983,0.1037734312095636,"amount far from sender's usual pattern (sender_amount_zscore=10, impact=+1.894); quiet in the last hour (sender_tx_count_1h=0, impact=-1.177); low tx volume in 24h (sender_tx_count_24h=0, impact=-0.616)",sender_amount_zscore,1.8941,sender_tx_count_1h,-1.1769,sender_tx_count_24h,-0.616
c193988a74084e1b98adea921e0b6ec6,380,xgboost,medium-high,0.5281511,0.0746992446127404,"very fast address reuse (minutes_since_addr_last_output=2.192e+04, impact=+1.096); unusually many outputs (n_outputs=1, impact=+0.672); low tx volume in 24h (sender_tx_count_24h=1, impact=-0.475)",minutes_since_addr_last_output,1.0957,n_outputs,0.6721,sender_tx_count_24h,-0.4751
a7bfbc67d0ba4d7e8376757a027a2638,380,isolation_forest,worth reviewing,0.32691586,-0.0301538927195811,"long gap since last tx (sender_time_since_last_tx_min=1380, impact=-1.718); input/output amount mismatch (input_output_ratio=1.004, impact=+0.719); unusually many outputs (n_outputs=1, impact=+0.668)",sender_time_since_last_tx_min,-1.7177,input_output_ratio,0.7194,n_outputs,0.668
9cfe668ac5ec490cb5fdc9770730bdcf,349,isolation_forest,worth reviewing,0.17574637,-0.0118999716214921,"long dormancy before reuse (minutes_since_addr_last_output=5529, impact=-1.272); unusually many outputs (n_outputs=1, impact=+0.716); large total BTC moved (total_input_btc=0.8099, impact=+0.628)",minutes_since_addr_last_output,-1.2718,n_outputs,0.7159,total_input_btc,0.6282
12b7163d06f84e11aa1b8c9f6e59cb66,349,isolation_forest,worth reviewing,0.15784377,-0.0523917863254436,"long gap since last tx (sender_time_since_last_tx_min=893.6, impact=-2.465); high tx volume in 24h (sender_tx_count_24h=2, impact=+0.966); unusually many outputs (n_outputs=1, impact=+0.603)",sender_time_since_last_tx_min,-2.4653,sender_tx_count_24h,0.9656,n_outputs,0.6028
db8d7383745d4294b2b6980aeaa6f996,82,isolation_forest,worth reviewing,0.06570924,-0.0521535099950953,"long dormancy before reuse (minutes_since_addr_last_output=5790, impact=-1.382); amount close to sender's usual pattern (sender_amount_zscore=5.031, impact=-0.717); unusually many outputs (n_outputs=1, impact=+0.710)",minutes_since_addr_last_output,-1.382,sender_amount_zscore,-0.7174,n_outputs,0.7105
e0a8c128222f48dc900a8df5c9d917cb,272,isolation_forest,worth reviewing,0.054045223,-0.0591407241313799,"quiet in the last hour (sender_tx_count_1h=0, impact=-1.159); near-perfect input/output balance (input_output_ratio=1.004, impact=-0.708); unusually many outputs (n_outputs=1, impact=+0.631)",sender_tx_count_1h,-1.1587,input_output_ratio,-0.7082,n_outputs,0.6307
ae2e24bf771c44a197c9e1829e0d4f22,312,isolation_forest,worth reviewing,0.017687377,-0.028368404409247,"high tx volume in 24h (sender_tx_count_24h=30, impact=+2.939); long gap since last tx (sender_time_since_last_tx_min=1119, impact=-2.304); unusually few outputs (n_outputs=2, impact=-1.981)",sender_tx_count_24h,2.9388,sender_time_since_last_tx_min,-2.3044,n_outputs,-1.9809
d88397ab7db144569bb4c7fcac145295,420,isolation_forest,worth reviewing,0.014989924,-0.0394337140409162,"unusually few inputs (n_inputs=3, impact=-1.408); quiet in the last hour (sender_tx_count_1h=0, impact=-1.319); amount close to sender's usual pattern (sender_amount_zscore=1.721, impact=-1.118)",n_inputs,-1.4081,sender_tx_count_1h,-1.3188,sender_amount_zscore,-1.1176
e4cf92263a6b43049c9094128db0daf6,797,isolation_forest,worth reviewing,0.007735333,-0.0202883959210392,"input addr reused right after receiving (input_addr_is_recent_output=1, impact=+1.647); quiet in the last hour (sender_tx_count_1h=0, impact=-1.401); unusually few inputs (n_inputs=2, impact=-1.358)",input_addr_is_recent_output,1.6475,sender_tx_count_1h,-1.4011,n_inputs,-1.3581
3039e3cde18848b48769e438f3429b51,320,isolation_forest,worth reviewing,0.007308408,-0.0336002120899879,"quiet in the last hour (sender_tx_count_1h=0, impact=-1.404); unusually few inputs (n_inputs=3, impact=-1.348); long dormancy before reuse (minutes_since_addr_last_output=-1, impact=-1.114)",sender_tx_count_1h,-1.4038,n_inputs,-1.3476,minutes_since_addr_last_output,-1.114
572c7efa7f3f4d56ab604e9b65e3cf62,691,isolation_forest,worth reviewing,0.0058853463,-0.0339591371560814,"unusually few inputs (n_inputs=3, impact=-1.402); quiet in the last hour (sender_tx_count_1h=0, impact=-1.313); long dormancy before reuse (minutes_since_addr_last_output=3627, impact=-1.135)",n_inputs,-1.4019,sender_tx_count_1h,-1.3127,minutes_since_addr_last_output,-1.1353
62916ee29a044807979370c02550c781,6,isolation_forest,worth reviewing,0.0047388175,-0.0055045580827957,"unusually few inputs (n_inputs=2, impact=-1.532); long gap since last tx (sender_time_since_last_tx_min=1435, impact=-1.380); amount close to sender's usual pattern (sender_amount_zscore=-1.192, impact=-1.243)",n_inputs,-1.5323,sender_time_since_last_tx_min,-1.38,sender_amount_zscore,-1.2426
beacd3aa84e144aebbe39bc998839b4e,625,isolation_forest,worth reviewing,0.0044098976,-0.0595766180002171,"small total BTC moved (total_input_btc=0.03002, impact=-2.031); quiet in the last hour (sender_tx_count_1h=0, impact=-1.664); unusually few inputs (n_inputs=2, impact=-1.281)",total_input_btc,-2.031,sender_tx_count_1h,-1.6638,n_inputs,-1.2813
b45569efc3c342a4b99284736d7cb7d7,609,isolation_forest,worth reviewing,0.0040904856,-0.0108440539181349,"amount close to sender's usual pattern (sender_amount_zscore=-0.2528, impact=-1.364); unusually few inputs (n_inputs=3, impact=-1.346); quiet in the last hour (sender_tx_count_1h=0, impact=-1.327)",sender_amount_zscore,-1.3635,n_inputs,-1.3462,sender_tx_count_1h,-1.3269
8637008295244c3fbdc7eb13bd66f714,704,isolation_forest,worth reviewing,0.0038054686,-0.0021998081082459,"small total BTC moved (total_input_btc=0.002875, impact=-2.026); quiet in the last hour (sender_tx_count_1h=0, impact=-1.769); abnormally low fee (fee=2.018e-05, impact=-1.403)",total_input_btc,-2.0259,sender_tx_count_1h,-1.7692,fee,-1.4025
9712d2246ed24f87b70341d083bd1e83,200,isolation_forest,worth reviewing,0.002568733,-0.0357264996108114,"quiet in the last hour (sender_tx_count_1h=0, impact=-1.404); unusually few inputs (n_inputs=3, impact=-1.348); small total BTC moved (total_input_btc=0.08267, impact=-1.013)",sender_tx_count_1h,-1.4038,n_inputs,-1.3476,total_input_btc,-1.0126
a53f9e8287ce4e609f7144c251a6da13,420,isolation_forest,worth reviewing,0.001587953,-0.0108600494330147,"unusually few outputs (n_outputs=3, impact=-2.496); quiet in the last hour (sender_tx_count_1h=0, impact=-1.579); low tx volume in 24h (sender_tx_count_24h=0, impact=-0.505)",n_outputs,-2.4962,sender_tx_count_1h,-1.5792,sender_tx_count_24h,-0.5049
4f633fdced8f437ca4ac5cd117168837,427,isolation_forest,worth reviewing,0.0012078581,-0.0053489529477298,"amount close to sender's usual pattern (sender_amount_zscore=-10, impact=-1.601); quiet in the last hour (sender_tx_count_1h=0, impact=-1.495); unusually few inputs (n_inputs=3, impact=-1.350)",sender_amount_zscore,-1.6008,sender_tx_count_1h,-1.4948,n_inputs,-1.3502
7e5698adc2904f2f80ab414294ef9f05,82,isolation_forest,worth reviewing,0.0010886904,-0.0219535132197314,"unusually few outputs (n_outputs=3, impact=-2.377); long gap since last tx (sender_time_since_last_tx_min=1110, impact=-1.545); long dormancy before reuse (minutes_since_addr_last_output=-1, impact=-1.099)",n_outputs,-2.3767,sender_time_since_last_tx_min,-1.5448,minutes_since_addr_last_output,-1.0991
4b756cde2877480098748cd6588fcf38,272,isolation_forest,worth reviewing,0.0010082638,-0.0272097287456908,"unusually few outputs (n_outputs=3, impact=-2.157); quiet in the last hour (sender_tx_count_1h=0, impact=-1.596); near-perfect input/output balance (input_output_ratio=1.003, impact=-0.864)",n_outputs,-2.1574,sender_tx_count_1h,-1.596,input_output_ratio,-0.8639
2f4495f3caae4721b3197d91184b1ec2,713,isolation_forest,worth reviewing,0.0007500487,-0.0023275861899214,"unusually few outputs (n_outputs=3, impact=-1.988); quiet in the last hour (sender_tx_count_1h=0, impact=-1.751); unusually few inputs (n_inputs=2, impact=-1.405)",n_outputs,-1.9883,sender_tx_count_1h,-1.7506,n_inputs,-1.4054
f6f842daf8cf43d2bf40d34c5df4bf96,533,isolation_forest,worth reviewing,0.0006591439,-0.0136595389607208,"small total BTC moved (total_input_btc=0.01911, impact=-3.628); long dormancy before reuse (minutes_since_addr_last_output=122, impact=-1.572); abnormally low fee (fee=8.304e-05, impact=-1.420)",total_input_btc,-3.6276,minutes_since_addr_last_output,-1.5715,fee,-1.4197
b8f2b92ef13e4971ac5195cab17e526d,234,isolation_forest,worth reviewing,0.00057528605,-0.0246579196176585,"unusually few outputs (n_outputs=3, impact=-2.201); quiet in the last hour (sender_tx_count_1h=0, impact=-1.605); near-perfect input/output balance (input_output_ratio=1.003, impact=-0.825)",n_outputs,-2.2007,sender_tx_count_1h,-1.6048,input_output_ratio,-0.8251
969b7378dde6484482bdaa9c1f0eb786,525,isolation_forest,worth reviewing,0.0005394647,-0.001463823826267,"small total BTC moved (total_input_btc=0.008161, impact=-3.217); quiet in the last hour (sender_tx_count_1h=0, impact=-1.698); abnormally low fee (fee=3.878e-05, impact=-1.378)",total_input_btc,-3.2175,sender_tx_count_1h,-1.698,fee,-1.3776
aeed891566584c50b07f1b0285509e2d,36,isolation_forest,worth reviewing,0.00047117283,-0.0013065125946826,"unusually few outputs (n_outputs=2, impact=-2.110); quiet in the last hour (sender_tx_count_1h=0, impact=-1.624); unusually few inputs (n_inputs=3, impact=-1.486)",n_outputs,-2.1098,sender_tx_count_1h,-1.6242,n_inputs,-1.4859
67722998dc80440a848665d2591bcada,306,isolation_forest,worth reviewing,0.00047022136,-0.0321902310656571,"unusually few outputs (n_outputs=2, impact=-2.675); unusually few inputs (n_inputs=3, impact=-1.392); amount close to sender's usual pattern (sender_amount_zscore=1.273, impact=-1.320)",n_outputs,-2.6752,n_inputs,-1.3917,sender_amount_zscore,-1.3204
a7b39993725d44edb27b395e6a776944,674,isolation_forest,worth reviewing,0.00044367075,-0.0645928488107074,"small total BTC moved (total_input_btc=0.0141, impact=-4.203); amount close to sender's usual pattern (sender_amount_zscore=-2.845, impact=-1.000); abnormally low fee (fee=5.958e-05, impact=-0.997)",total_input_btc,-4.2027,sender_amount_zscore,-1.0003,fee,-0.9971
4a565e5bf1884a01ac9b628dc16ce379,8,isolation_forest,worth reviewing,0.00043269643,-0.0395453066880587,"small total BTC moved (total_input_btc=0.03821, impact=-1.202); long gap since last tx (sender_time_since_last_tx_min=1233, impact=-1.124); quiet in the last hour (sender_tx_count_1h=0, impact=-0.890)",total_input_btc,-1.202,sender_time_since_last_tx_min,-1.1244,sender_tx_count_1h,-0.8903
c88e948ff3ef4211b6bac2589700f180,203,isolation_forest,worth reviewing,0.0004028238,-0.0021581123232029,"unusually few outputs (n_outputs=3, impact=-2.177); quiet in the last hour (sender_tx_count_1h=0, impact=-1.593); long dormancy before reuse (minutes_since_addr_last_output=1903, impact=-1.244)",n_outputs,-2.1768,sender_tx_count_1h,-1.5932,minutes_since_addr_last_output,-1.2436
229156c9dd6542f5b77be89788d7605c,631,isolation_forest,worth reviewing,0.0003698432,-0.0112533717622936,"unusually few outputs (n_outputs=3, impact=-2.493); quiet in the last hour (sender_tx_count_1h=0, impact=-1.605); amount close to sender's usual pattern (sender_amount_zscore=1.943, impact=-1.465)",n_outputs,-2.4929,sender_tx_count_1h,-1.6053,sender_amount_zscore,-1.4653
2da3ba927778462c90bb12a68b3cecde,797,isolation_forest,worth reviewing,0.00035309928,-0.0084834947102364,"unusually few outputs (n_outputs=3, impact=-1.873); amount close to sender's usual pattern (sender_amount_zscore=-1.602, impact=-1.527); long dormancy before reuse (minutes_since_addr_last_output=653.1, impact=-1.060)",n_outputs,-1.8729,sender_amount_zscore,-1.5268,minutes_since_addr_last_output,-1.0604
dc20c495e7a9436ca65585bbb9097354,566,isolation_forest,worth reviewing,0.0003414459,-0.0388888345802594,"small total BTC moved (total_input_btc=0.006269, impact=-1.815); quiet in the last hour (sender_tx_count_1h=0, impact=-1.796); abnormally low fee (fee=1.331e-05, impact=-1.227)",total_input_btc,-1.815,sender_tx_count_1h,-1.7961,fee,-1.2275
e08a14e2e42245b7a258b70e1d32bbd4,740,isolation_forest,worth reviewing,0.0003054555,-0.0257642597873303,"small total BTC moved (total_input_btc=0.006576, impact=-3.327); quiet in the last hour (sender_tx_count_1h=0, impact=-1.712); abnormally low fee (fee=3.223e-05, impact=-1.234)",total_input_btc,-3.3272,sender_tx_count_1h,-1.7118,fee,-1.2336
fd720c89787844ef93d76eb2e484a2f2,74,isolation_forest,worth reviewing,0.00029726358,-0.0550287296842121,"small total BTC moved (total_input_btc=0.0026, impact=-3.460); abnormally low fee (fee=1.663e-05, impact=-1.384); long gap since last tx (sender_time_since_last_tx_min=986, impact=-1.230)",total_input_btc,-3.4595,fee,-1.3835,sender_time_since_last_tx_min,-1.2304
35400b46eaaf4d51b9b65003fd9cd468,692,isolation_forest,worth reviewing,0.00028454643,-0.0122912775939326,"small total BTC moved (total_input_btc=0.01812, impact=-2.422); quiet in the last hour (sender_tx_count_1h=0, impact=-1.808); unusually few inputs (n_inputs=2, impact=-0.977)",total_input_btc,-2.4216,sender_tx_count_1h,-1.8081,n_inputs,-0.9771
e8604110620444c2bea224f1024e3207,639,isolation_forest,worth reviewing,0.0002708606,-0.0493961200289189,"small total BTC moved (total_input_btc=0.01614, impact=-3.822); quiet in the last hour (sender_tx_count_1h=0, impact=-1.721); amount close to sender's usual pattern (sender_amount_zscore=-2.464, impact=-1.626)",total_input_btc,-3.8223,sender_tx_count_1h,-1.7208,sender_amount_zscore,-1.6259
10bb3960f9a944fbbc574a59eb82cbc2,674,isolation_forest,worth reviewing,0.0002624617,-0.0857984473334396,"small total BTC moved (total_input_btc=0.01163, impact=-3.792); quiet in the last hour (sender_tx_count_1h=0, impact=-1.727); amount close to sender's usual pattern (sender_amount_zscore=-5.009, impact=-1.253)",total_input_btc,-3.7915,sender_tx_count_1h,-1.727,sender_amount_zscore,-1.2534
dd8656cd7f4946d297d441ed220ebf50,503,isolation_forest,worth reviewing,0.0002584072,-0.0715556823593615,"amount close to sender's usual pattern (sender_amount_zscore=3.154, impact=-1.639); long gap since last tx (sender_time_since_last_tx_min=1409, impact=-1.561); long dormancy before reuse (minutes_since_addr_last_output=696.4, impact=-1.440)",sender_amount_zscore,-1.6388,sender_time_since_last_tx_min,-1.5612,minutes_since_addr_last_output,-1.4403
ad769706d2504fbab22de5cf1f4aa244,674,isolation_forest,worth reviewing,0.0002503717,-0.0444144810935129,"small total BTC moved (total_input_btc=0.01209, impact=-2.802); quiet in the last hour (sender_tx_count_1h=0, impact=-1.697); abnormally low fee (fee=2.927e-05, impact=-1.543)",total_input_btc,-2.8017,sender_tx_count_1h,-1.6967,fee,-1.5432
0d9ba4cd508a49cc88e29f94d79838c4,740,isolation_forest,worth reviewing,0.00024274866,-0.0794123330956657,"small total BTC moved (total_input_btc=0.007375, impact=-3.350); quiet in the last hour (sender_tx_count_1h=0, impact=-1.710); abnormally low fee (fee=3.749e-05, impact=-1.386)",total_input_btc,-3.3504,sender_tx_count_1h,-1.7103,fee,-1.3863
730bf94bc11b4205a1e18d0b166fb132,533,isolation_forest,worth reviewing,0.00023866206,-0.0489441717262568,"small total BTC moved (total_input_btc=0.01087, impact=-2.835); quiet in the last hour (sender_tx_count_1h=0, impact=-1.830); amount close to sender's usual pattern (sender_amount_zscore=-1.438, impact=-1.500)",total_input_btc,-2.8347,sender_tx_count_1h,-1.8301,sender_amount_zscore,-1.4997
c00dfd8fb1c74690b15687c2736d620d,740,isolation_forest,worth reviewing,0.00019688124,-0.0678144737181808,"small total BTC moved (total_input_btc=0.004588, impact=-2.415); abnormally low fee (fee=1.707e-05, impact=-1.706); amount close to sender's usual pattern (sender_amount_zscore=-1.12, impact=-1.052)",total_input_btc,-2.4152,fee,-1.7061,sender_amount_zscore,-1.0518
566a46050da040468cf72a099cdd2742,692,isolation_forest,worth reviewing,0.00019146489,-0.0035655683262448,"quiet in the last hour (sender_tx_count_1h=0, impact=-1.770); small total BTC moved (total_input_btc=0.01047, impact=-1.765); abnormally low fee (fee=4.331e-05, impact=-1.324)",sender_tx_count_1h,-1.7703,total_input_btc,-1.7646,fee,-1.3238
5832751d56454bb68a5065c15c5566de,550,isolation_forest,worth reviewing,0.00017295951,-0.0130380275653887,"unusually few outputs (n_outputs=3, impact=-2.166); unusually few inputs (n_inputs=2, impact=-1.475); small total BTC moved (total_input_btc=0.05759, impact=-1.016)",n_outputs,-2.166,n_inputs,-1.4747,total_input_btc,-1.016
64b21fb47fa2491baf5634245567aaef,631,isolation_forest,worth reviewing,0.00015983495,-0.062316442533006,"unusually few outputs (n_outputs=3, impact=-2.490); quiet in the last hour (sender_tx_count_1h=0, impact=-1.609); amount close to sender's usual pattern (sender_amount_zscore=2.277, impact=-1.452)",n_outputs,-2.4904,sender_tx_count_1h,-1.6091,sender_amount_zscore,-1.4523
f51b5b7f03874ffdb6d3d8059292efc9,252,isolation_forest,worth reviewing,0.00015050353,-0.0565626790134367,"unusually few outputs (n_outputs=3, impact=-2.407); quiet in the last hour (sender_tx_count_1h=0, impact=-1.646); long dormancy before reuse (minutes_since_addr_last_output=5649, impact=-1.293)",n_outputs,-2.407,sender_tx_count_1h,-1.6462,minutes_since_addr_last_output,-1.2932
19cf9ecdfa434a70a6e2cf10606f6993,682,isolation_forest,worth reviewing,0.00015027409,-0.0421626642675467,"small total BTC moved (total_input_btc=0.02129, impact=-3.227); quiet in the last hour (sender_tx_count_1h=0, impact=-1.693); abnormally low fee (fee=4.303e-05, impact=-1.350)",total_input_btc,-3.2273,sender_tx_count_1h,-1.6933,fee,-1.3502
0e3549bbece5443498fa0516cfdd12ba,74,isolation_forest,worth reviewing,0.00014349296,-0.0275823270276002,"small total BTC moved (total_input_btc=0.002507, impact=-2.786); quiet in the last hour (sender_tx_count_1h=0, impact=-1.819); amount close to sender's usual pattern (sender_amount_zscore=-1.614, impact=-1.542)",total_input_btc,-2.7861,sender_tx_count_1h,-1.8191,sender_amount_zscore,-1.5416
84526003838d44dca9bd57ebf7d442cc,74,isolation_forest,worth reviewing,0.00014096398,-0.004913182974919,"small total BTC moved (total_input_btc=0.004654, impact=-2.887); abnormally low fee (fee=2.4e-05, impact=-1.307); amount close to sender's usual pattern (sender_amount_zscore=2.163, impact=-1.243)",total_input_btc,-2.8872,fee,-1.3075,sender_amount_zscore,-1.2429
f5e4ee562401459a90cc5d00febdd55f,639,isolation_forest,worth reviewing,0.00011680133,-0.0163351557236135,"small total BTC moved (total_input_btc=0.01187, impact=-2.222); quiet in the last hour (sender_tx_count_1h=0, impact=-1.841); amount close to sender's usual pattern (sender_amount_zscore=-2.9, impact=-1.146)",total_input_btc,-2.2218,sender_tx_count_1h,-1.8412,sender_amount_zscore,-1.1456
d423808ae8a54f21ae640fdade18da4b,674,isolation_forest,worth reviewing,0.000104727966,-0.04443797491952,"small total BTC moved (total_input_btc=0.01207, impact=-3.218); quiet in the last hour (sender_tx_count_1h=0, impact=-1.731); amount close to sender's usual pattern (sender_amount_zscore=-2.495, impact=-1.461)",total_input_btc,-3.2184,sender_tx_count_1h,-1.7305,sender_amount_zscore,-1.4615
da40a9b202e446e28bd9e722563e9037,134,isolation_forest,worth reviewing,0.00010078798,-0.0343051977397828,"long gap since last tx (sender_time_since_last_tx_min=977.3, impact=-2.521); small total BTC moved (total_input_btc=0.01861, impact=-2.429); abnormally low fee (fee=4.914e-05, impact=-1.439)",sender_time_since_last_tx_min,-2.5215,total_input_btc,-2.4289,fee,-1.4388
7e7af230b1014dd896259e04e341a6c1,707,isolation_forest,worth reviewing,9.0187714e-05,-0.0478937031282755,"unusually few outputs (n_outputs=3, impact=-2.207); quiet in the last hour (sender_tx_count_1h=0, impact=-1.622); amount close to sender's usual pattern (sender_amount_zscore=2.679, impact=-1.323)",n_outputs,-2.2071,sender_tx_count_1h,-1.6221,sender_amount_zscore,-1.3233
520dad7007f542098330c2a3a597751b,639,isolation_forest,worth reviewing,8.865289e-05,-0.0296237039840022,"small total BTC moved (total_input_btc=0.02189, impact=-3.116); amount close to sender's usual pattern (sender_amount_zscore=-2.154, impact=-1.940); quiet in the last hour (sender_tx_count_1h=0, impact=-1.730)",total_input_btc,-3.1164,sender_amount_zscore,-1.9402,sender_tx_count_1h,-1.7296
9c384c6142c64b49b3d47434a1b44593,708,isolation_forest,worth reviewing,8.7121916e-05,-0.0656187077621637,"small total BTC moved (total_input_btc=0.00852, impact=-3.498); abnormally low fee (fee=4.011e-05, impact=-1.415); amount close to sender's usual pattern (sender_amount_zscore=2.09, impact=-1.279)",total_input_btc,-3.4983,fee,-1.4149,sender_amount_zscore,-1.279
f8487c3b36784dcc9a6c8fbccae2f739,698,isolation_forest,worth reviewing,7.349498e-05,-0.0059408504638551,"unusually few outputs (n_outputs=3, impact=-2.059); quiet in the last hour (sender_tx_count_1h=0, impact=-1.651); long dormancy before reuse (minutes_since_addr_last_output=-1, impact=-1.387)",n_outputs,-2.0591,sender_tx_count_1h,-1.6514,minutes_since_addr_last_output,-1.3872
97cc7820f96a4e318b5fb7a1994beebf,312,isolation_forest,worth reviewing,7.0124624e-05,-0.0041736815214445,"unusually few outputs (n_outputs=2, impact=-2.384); quiet in the last hour (sender_tx_count_1h=0, impact=-1.649); unusually few inputs (n_inputs=3, impact=-1.425)",n_outputs,-2.3841,sender_tx_count_1h,-1.6488,n_inputs,-1.4251
7789d563be6940048ba1e07ace9db9d7,713,isolation_forest,worth reviewing,5.0743678e-05,-0.0178040007402915,"quiet in the last hour (sender_tx_count_1h=0, impact=-1.837); long dormancy before reuse (minutes_since_addr_last_output=137.5, impact=-1.637); unusually few outputs (n_outputs=2, impact=-1.401)",sender_tx_count_1h,-1.837,minutes_since_addr_last_output,-1.637,n_outputs,-1.4013
5230cd5a73724566b8ffc06d0daa55eb,9,isolation_forest,worth reviewing,5.0277744e-05,-0.005369828975877,"amount close to sender's usual pattern (sender_amount_zscore=1.641, impact=-1.730); unusually few outputs (n_outputs=2, impact=-1.490); long dormancy before reuse (minutes_since_addr_last_output=1245, impact=-1.403)",sender_amount_zscore,-1.7302,n_outputs,-1.4903,minutes_since_addr_last_output,-1.4032
1eb6af5a945d4a57a631d4e62e98ce0b,674,isolation_forest,worth reviewing,4.6624882e-05,-0.0036418728872764,"small total BTC moved (total_input_btc=0.01233, impact=-2.569); quiet in the last hour (sender_tx_count_1h=0, impact=-1.838); amount close to sender's usual pattern (sender_amount_zscore=-2.041, impact=-1.516)",total_input_btc,-2.5694,sender_tx_count_1h,-1.8379,sender_amount_zscore,-1.5157
1c8b65ad73084f45bbd429c653ac79c1,90,isolation_forest,worth reviewing,3.5511828e-05,-0.1113328148419132,"small total BTC moved (total_input_btc=0.04558, impact=-1.549); long gap since last tx (sender_time_since_last_tx_min=1414, impact=-1.525); amount close to sender's usual pattern (sender_amount_zscore=-1.219, impact=-1.368)",total_input_btc,-1.5493,sender_time_since_last_tx_min,-1.5249,sender_amount_zscore,-1.3684
aedb912fcd554385babd15091be76bfe,232,isolation_forest,worth reviewing,3.4632736e-05,-0.0761755705586826,"unusually few outputs (n_outputs=3, impact=-1.902); quiet in the last hour (sender_tx_count_1h=0, impact=-1.807); amount close to sender's usual pattern (sender_amount_zscore=1.192, impact=-1.407)",n_outputs,-1.9017,sender_tx_count_1h,-1.8065,sender_amount_zscore,-1.407
5694ec30875c40c9908f657b75750009,674,isolation_forest,worth reviewing,3.367448e-05,-0.0785599811890361,"small total BTC moved (total_input_btc=0.008771, impact=-3.193); quiet in the last hour (sender_tx_count_1h=0, impact=-1.760); amount close to sender's usual pattern (sender_amount_zscore=-3.582, impact=-1.139)",total_input_btc,-3.1928,sender_tx_count_1h,-1.7604,sender_amount_zscore,-1.1388
975dc009338c49888ef7bf40e9603403,594,isolation_forest,worth reviewing,2.9205232e-05,-0.0619935235196077,"unusually few outputs (n_outputs=2, impact=-2.064); quiet in the last hour (sender_tx_count_1h=0, impact=-1.673); unusually few inputs (n_inputs=2, impact=-1.390)",n_outputs,-2.0636,sender_tx_count_1h,-1.6733,n_inputs,-1.3902
38d0809dae974bcdb0fa1549771ee14e,305,isolation_forest,worth reviewing,1.8824421e-05,-0.0555363553259109,"quiet in the last hour (sender_tx_count_1h=0, impact=-1.805); unusually few outputs (n_outputs=3, impact=-1.499); amount close to sender's usual pattern (sender_amount_zscore=1.999, impact=-1.333)",sender_tx_count_1h,-1.8046,n_outputs,-1.4994,sender_amount_zscore,-1.3331
5d3190afda6a476ca4959a334886e6cf,625,isolation_forest,worth reviewing,1.5712189e-05,-0.0215647703631328,"small total BTC moved (total_input_btc=0.02383, impact=-2.541); quiet in the last hour (sender_tx_count_1h=0, impact=-1.854); amount close to sender's usual pattern (sender_amount_zscore=-3.641, impact=-1.378)",total_input_btc,-2.5407,sender_tx_count_1h,-1.8541,sender_amount_zscore,-1.3775
4518bfc161f347e4bc1d6755e92725e0,674,isolation_forest,worth reviewing,1.2796843e-05,-0.1253992913450501,"small total BTC moved (total_input_btc=0.01532, impact=-2.489); quiet in the last hour (sender_tx_count_1h=0, impact=-1.865); amount close to sender's usual pattern (sender_amount_zscore=-2.198, impact=-1.344)",total_input_btc,-2.4893,sender_tx_count_1h,-1.8647,sender_amount_zscore,-1.3441
