txid,canonical_wallet_id,if_flag,if_score
ec2f5d0ce48a4ce5a21fd688aec55595,393,0,0.10554277665769723
7bb1db6577e047468ce5f6e443322f8b,418,0,0.09506400174303092
d6dbb48c26814869811368f4b2c9f66a,454,0,0.11868201927951488
8ad13e69633943c99fdbb7eb88947d29,31,0,0.09451456651393308
99eaa4344c4d4d108713533282cb3fb2,468,1,-0.01932619997514251
b8e5375d586f466f8b0d9ee765457eeb,115,0,0.10730693249078199
d997a3653c2c44958a4c0b88ef2ac487,556,0,0.12903579472863236
5fc228ec04e9489f8dc34645a991c551,223,0,0.12071400713670793
0712930bdbca467aacaf91de63cfe1ad,356,0,0.12089578800626732
4b9ae982f88448bc9233d696a78c5899,705,1,-0.03053963516984859
5e545444cefc474085900949aa702255,169,0,0.1071927769003364
d6526b1bfe7b44afbc545b002c4a4eb9,211,0,0.11274468319272463
2f75a289715741468e679134082c0288,287,0,0.12454008491402996
3553e9920595483b91d25f063a42364e,720,0,0.12446175521743497
84899938b3ec4b2889eba20053e1a606,526,0,0.10762925250138411
4551a8c6f8ae4d5796c4042449d43c97,768,0,0.09743326011050313
63db4302dfac4be7b7f6f707e2e9e2ce,671,0,0.08003041493970758
333f4460be2b4fa49a84cb574b4a2cf1,149,0,0.12269180950951869
08bea5b7a1e045f69ea8ae6fce0032b1,647,0,0.12806137255418343
79547f20dc514f47ab9b8a4f5ffc6929,711,0,0.11813588164151068
a99c7697fca444a58565b46d80eb89f7,595,0,0.10131739499216058
1df25d86d88b40d19b8c99ba9fc96ae6,748,0,0.11523858101074397
9259d3231d584263bc26ed219b1d5f60,439,0,0.12834779732608614
4444d28c3aab4db7a2d054aa2c3c3ae2,290,0,0.11585151073338013
852fdda5647647aa8033d8463d6adb42,101,0,0.1088498720886098
62429c87666d448098b5d111e6cb5df4,127,0,0.12115210710225471
6d94ff4cdc444cb883a7bfb403c83c6e,438,0,0.04925334215573457
7383372883ab498cb1d2b11ef289aa3a,665,0,0.031816943584959956
e2c2a3799d3741e68f27aaebcf1636de,369,0,0.10323941717638307
fe97b16f3fe84cc08d7213305adedda2,664,0,0.10650822369053364
888f1e6fd610467da62b7305020ce6ff,439,0,0.1152469545347754
12c199a0fb2048abb06d5bfa789a8a5c,135,0,0.10535868417190591
fd0ae2917b80400fa4380df8d05e20f7,455,0,0.08991483369909398
669052ff78ba4f15a5dbe1681e15ed40,123,0,0.04023222923631775
ab78b2e540d6471aa12ea1c056f873b6,771,0,0.12682873410228923
202ec5b92aa1460bba8d2f1d0e9360a1,146,0,0.12229385643605645
8a38830eb83d41b3823610dcf1be600d,624,0,0.0706678696113921
a3e2f6a17c164c45b3bb680a4caa4e5f,218,0,0.11155683169037162
3dc3c04bcc0647899f6bde8bd6f687f4,703,0,0.0909366953059218
e675de5d574145b0a86ea57f223db1da,102,0,0.12273183802529364
7493790ed92143ffb7968170ca1a8aa4,747,0,0.12841459102177855
08bc68b3f8da4396b6188bf753f8d905,322,0,0.1137511394165776
3984734d13f645b8ba3e59669e07f254,622,0,0.07347896504316309
61111c74bdfd44d590b53939db551985,621,0,0.005958649165934471
6e9ac9583d194ed6ad23da3cc4411431,55,0,0.10628307177737234
b102cb874e53418cbbb67083e2ee446d,12,0,0.10943056907060356
05a98fbea2db4d6f96ec99690d618597,396,0,0.10359109049622256
5c3a3f2302064da38455862c09c4fa78,220,1,-0.016443490848485953
8aba058c451546ebb779a06de3bbf06d,293,0,0.09643525110384266
29cfaf24bffa42d495379f7b20254bb0,718,0,0.09802580205530625
6d0c1d08c33e4471b7549a3e28a2be0b,630,0,0.11196851858129697
2c7d0392213f4e909cca9edbb27cb479,523,0,0.1008775058848323
6956a6f5258e4448901b317af017fa0e,549,0,0.12818961080368396
f150fd2b8fb342d48140ecc50a77c5ad,781,0,0.014744871877028665
d0964dee92c04c82af5900f6b61acdb5,317,0,0.12787211304418816
1a9ae50acb87408ea0c4dbffb1a51567,12,0,0.0932730727769463
6dc7dbfa48a34ccd982f28aeac1269d3,738,0,0.07374937993617658
261fa93897e647248caf9d17efe6e1a2,799,0,0.11163753134650323
40965a7765f848c490b56d7eceb4b33f,65,0,0.11156368797773802
d523559eb6d64ba7bc0dc3a002c497ea,642,1,-0.006306756985590578
fb52e01bf02e41d4b807daf189ed5713,383,0,0.08935129511057621
2708b5f46dd0455aa01d7d7e7b90ced4,105,0,0.11054364070184469
c82fac3fea124f3ea8a90d7d092bb8d3,758,0,0.10123030503284358
65b6301a99164d1c9097cf80dcdd35f8,12,0,0.13593624632501528
e940d3ca2ecf441aa3594021ceecce83,153,0,0.09305720036678661
b44524f0b20d4b819e42835f0a95b13f,731,0,0.11094924109829446
609227932f6b451080d4a20de1134b57,585,0,0.10939319926816043
42de00afc8fc4ccab88a9b98540fe9c0,53,0,0.04383901039521687
59445c1d0ffa425c98ab9471251a40a1,47,1,-0.09729394821532888
8cb269f38c9b42009b098b765a14901c,605,0,0.041310527272524156
6969f2eaa3134650ace534a83b6a56f8,419,0,0.1065718532608666
1a37a4975ca04d4b9b18de937be0e875,710,0,0.016631570993008438
21d74b768785421f90a0d5a1a8265f70,755,0,0.02280823771023477
81428b19a18a4a9aa9de1192b2f8acf5,243,0,0.10904853487446231
eb6add2f0c264074abd8f1e20e0f611f,145,0,0.12102990677314929
4ce5d2b82dbd412ba38c18bc0777c5c2,237,1,-0.0051967744619557665
1b4c8f2ee7b948dfa5c62b16ca360722,765,0,0.11693612754356636
7b23ee469b4a4690b07ffd250739daf3,652,0,0.10131209727427332
cea72210168c4abb8a600eb89cfc9ec8,63,0,0.10955059851068727
84f81704648443b3a0b053e8a14622a2,402,0,0.11630322111820884
9d735bf4e8b64c0996c76cdc00f4c13b,325,0,0.12189111641566946
eae47b46b58a4ab4b3580ab43405673e,207,0,0.1188591494246109
e5e5ff49a5994f739030512d35e89be2,111,0,0.11009602434535753
cfff32f9c3bf42be97b5883354ec09c4,788,0,0.12679020103426675
4d318448605e43c88fbb23a87259751a,721,0,0.035704019742980986
e2e04a18b3474811871afbd44234eaab,335,0,0.09878823892384875
43eae8dc08f7464999374f46e59d0930,364,0,0.1113607866377807
a4218b2025544228b0222bdf4b0fe372,266,0,0.08520674966151409
24eaaa76dab4415992575ccbe1525d8c,463,0,0.022767410135411337
5c4101cb71e14b2691bd76a51e14991b,12,0,0.10046593646668078
d30faf21753d42849b673ddd120dbcd8,702,0,0.09126000350890273
ac2b4f66123c4561a274edd978ddc5ae,600,1,-0.03679517785811637
ed9acc50294f470182721fd47a4b6440,202,0,0.11585016730057357
c5f7ddec5bf141c5944960bc3f47ca99,172,0,0.11671328863890873
1eb3dd5a225b4709a74464595ad65d34,508,0,0.12609496220362648
9eebde9292b047d9a336f0dff4142d6a,251,0,0.10353897933418538
abf6024e69d34df1903f118e7eb5668f,140,0,0.11406374344487635
9e526bcb5f054a65a6d2001c0af42702,538,1,-0.00766543700187905
3638752eaddd4495bcbfc11e483637ef,730,0,0.12691571096665394
9daab77686c944f89f7d99240dc772f7,26,0,0.11603425289826863
9c7dcd16a2584485af5c9e6193791640,366,0,0.12530500719567456
851d6da7e0c84c8cadcef5293c7dbde6,163,0,0.12450171600400645
e2864f33f2be45b485fa64cb926cdde1,397,0,0.0044342883419836165
1cfab642fedf4382b05a49d6cd19f18d,720,0,0.15802180072330368
9005b14685bf41e19b8faf71e5a31ac5,192,1,-0.011474145440883654
76ef6faf8a704910885ce270bf4143ec,57,0,0.11661426090671773
124d720164174d1688e3d17c2f19e794,489,0,0.10542298863799737
30c010557f054d91b270286c356e7fd5,133,0,0.1252552778768461
0d9e4a37cef446efb18a0d9d7c334777,331,0,0.10089095985935415
cc3e7aaae4a2423f80a8cf96867177c8,145,0,0.09802031927146243
9f4cddbba3ed4728aaa20591b9c3a2bf,330,0,0.1031000102792543
f5ea27e51bf04dd79704aa0103e8af2b,447,0,0.08871598207763842
bfd998c8e8644089ae192466d25d4d6a,178,0,0.09903653142919716
a27c289494c5494b81a329dea9428c4e,628,0,0.011406091854026024
65f27161ff1a4cf7861fcf032c52cb27,314,0,0.07340607043364794
b8e20fc9f1574eb4ba79e7fb90f90202,181,0,0.09644337149196902
76d0b7f1ba5c44278bdf9e24e779b0ad,586,0,0.11473872572935451
2fce73f8780346a7b42534084e0146ba,626,0,0.11302213663936428
cd4a5636384f444d91df1be2b261f001,508,0,0.127856639372458
f998c9c8966f4df1a9cd197b00b04901,327,0,0.12336662790444852
7111ddd715fa4159b1eb80a4111d06c1,343,0,0.09696972083791744
0cd40aab8eb8400c83adf230c17cab67,709,0,0.07466746140176894
f1a7a6d456214dfc866d41df3f61252e,110,0,0.11929997523574598
7ce1afdfa1154d78b0f7d341d253231c,423,0,0.10050611285028876
6fdede06084c425b87909d70db49a0f0,559,0,0.11153878539900075
d4fe3a1bea1d47ee9ab2718d045a2928,591,0,0.12033954154492232
2034206bec22468197d4eccfc3d9b1bd,166,0,0.08661465138699304
f2819276ab884a898073f86b019f1a05,20,0,0.090840440404923
7d17f16466f141aeabdf9746162a568b,75,0,0.11224164822401322
49034acc1e104b85a43e279abc77d4a7,608,0,0.04286829461578079
96c533b0b6a548159045879929418dbf,441,0,0.04015379603548713
7a9e5b7f8f034d45b6cb0bebe41502aa,54,0,0.09763154699175636
bafb27f617c848edbee1dc9e7f777794,553,0,0.12349316072575356
7b34fc26a2ae4c2581336fb4bfe8a8eb,243,0,0.10547036449364633
9c38c7ee86e647dbb9d37e5ace9d13e7,502,0,0.10214503611284587
fab6e534e4b142aabceb51e19cb6555f,614,0,0.05253516794387281
707b0ca7ed6a4d80854f5c8ffb968478,211,1,-0.030914152915396564
d7143856e2674be1a46308f87da6d5e1,191,0,0.09258778625394787
4a9fa6232bee4f8f87fb8edee8fe3f28,476,0,0.1030146935822952
a7e1a744025e4771ae5e841c8c8257f3,63,0,0.09387677529152855
4a6d1e630496433ba902d1b38799fd4f,554,0,0.10341156394866208
0e5a73da662042afbf18880262d4d656,535,0,0.09124243386760972
333d1973e35b4f4099ec698034125ce8,486,0,0.10013163487982663
680e4ff3c3d54aedb01e19f2f58bab3d,80,0,0.09896451409678941
1da8a92ae48b4e2f99428b3accd2da23,514,0,0.0965490364952134
96dd2df559a24c3880f00e7b0838a393,635,0,0.010990945057702373
207a3f8b36094737911a193f92b700ee,171,0,0.11433740531704517
04b8ee36da2f417fabeae4a99446f02c,43,0,0.09336190236986314
2e7a4875c85b4201b3914d0698ca7428,206,0,0.09493954682681871
4e589cc9f60e487089008d3f734946a4,327,0,0.09943657136826223
bece6a212b1e43999404b594decc82af,565,0,0.1150831326645404
60371a85395a4655a0adf1decdac6de1,469,1,-0.020766499551400863
28a7f35edc484d3f9d39067e2e88c779,602,0,0.11015036677738926
7d5e71acede44e77a1757c0837daa6ac,102,0,0.1569154985472062
0bcfe55a19a74a46bbd4fb75971c7e6a,292,0,0.0020297188145750322
9c81a997d42f4f8cb1ca4b0bc479d60e,710,0,0.05972534136305663
3da2eb9ce0584f398964012c65d5846f,275,0,0.09281311907673856
84c3d578703f4abf9c03c7ed01d96712,712,0,0.09885912944204761
45db8b6bb80547828df79c9f7366bf96,307,0,0.13102296658181128
f51be943e53c433dacb461ecad04d986,328,0,0.10870731913231041
0d276bd7382e4f1b86baf5c78a3a38dd,91,0,0.12406898223098412
3cceaff2132e45b388086af4b5cf880b,416,0,0.08681637214301913
d4ba60df8a234d80bcf1cb7d46b6e04b,726,0,0.12917176311889395
4db6e5f5140b4897b6ab68f06b024372,536,0,0.0997651689790498
ad03d0c905b24d77becb2ab20c1a086c,205,0,0.12353749766569633
7630f111551148f58890cc1314ab0496,51,0,0.11973035435934348
e37a8d7f4e8c44be84127647ebc656a7,126,0,0.11176759057816005
2e78620180f240b28f44e8c5cc0be5b0,500,0,0.11300955502949617
5af698f0c7a24658aedb9d548b6a4093,485,0,0.12339939764118779
eeebca9bd6a54643a6256abd0927eb3c,167,0,0.03848404264962474
eac4535afb0441f691e725fab73b494b,92,1,-0.0007382873403143364
6b5e2bc4e4414ebd986b8ab8eb1cf771,585,0,0.08414703349505737
5dc2fe15fb3e454fb700f88411071773,485,0,0.13226645733232473
1ddbf04376e544458f9cc8a5ff791690,726,0,0.12541667124509825
9cac79b9819d4f20833b1aed0f678938,258,0,0.011006098534523723
ac202591f76344a1b584b4042ba211ce,523,0,0.15431717111487486
0892fcb5c9c44b018fcb7585417fd2f1,289,0,0.11447586803389448
d5e3ea24aba84b8dacc3c6ba6e6ca755,344,0,0.12713267918639898
2a67a3387bf6464e8efae25e91ba89a7,283,0,0.023275503748049098
68581fc34887417facf93ec482df1e71,667,0,0.06329830688559834
c5526a3046e947e9ae19c2c1528ba850,246,0,0.1033448699504686
266f1628840c4e3faeea9868690ec3b7,676,0,0.11834129768942458
5b9be9a2d8524420abadb1b5a4268e38,26,0,0.06572684340965979
62183c97b535469698a18709cc123a65,397,0,0.03889461029990643
1e9c07400d17429398d3d1170d48e1ec,194,0,0.012497550845610106
90d2fa58885d459c9f66c4c21e52faae,653,0,0.08715755066572722
36b7329a6b4143519a729977723e0c8b,367,0,0.10663146371026228
bc5bd625d5e74c2fa68ce378cb8aabb7,673,0,0.10962243098298957
72d4e7f4cc1f4970b6ae3d36dbddffb0,131,0,0.1069532413612444
f8295865d30744818b78ca43a1d836b2,363,0,0.10484068999217233
bad7aa8346ce41e682531ce9b80f2d13,120,0,0.09356536647250657
a20ca3f014de4a54a9e0f9bfaab692ca,597,0,0.006969039927097631
42e83f4c34584835a89e0dfa82a527f4,199,0,0.10712717478455225
8cb6f30dd1ee4a7bb23e4aad86788792,542,1,-0.011013357866470175
6388fdbcc210405cb3976c3c91463e85,419,0,0.14915266589635157
13fcd167228342af9bf1e09ad3a85b06,649,0,0.08492115667584416
aa3ffc72bb5d45bdb320be479ad791af,214,0,0.10929797780632966
822811ff38ab49a9a330643f1cf18dc9,162,0,0.10277958831938455
52efc7b079184816bbc42aef3f4373a2,488,0,0.0626485877738801
fc11464f049044008bc0ca1613fce980,748,0,0.14213671491757174
656678669ac9403fbb4c26c3f259fecf,18,0,0.10591958187167588
7218070b1a044ce0b9bfe8adcc527b86,46,0,0.09399492824436778
600b550e5e1f450f8f456439bbdaa094,532,0,0.1269249172394385
4812ed898a5d4bc3a2c37a09810e6efb,703,0,0.0890383445665961
90950c86cd0c419a88c55acdbbf35c23,768,0,0.13846373096206133
1af70ec33adb4104a2c08ed40a17bd0a,744,0,0.11504189809304932
92997713aec54873ae6c8548e6b2abda,666,0,0.12746220750812876
537541489fe4420aaca3aadd60d55e5c,261,0,0.05584040197940132
2a43219d7b9344e5bae9dc1696a6b2f8,706,1,-0.009453759401051087
6e476bae9cdb43b5a8ec8262cc7f50dc,485,0,0.08797338546145156
191efb8983ca4d1b994cece9b5c40602,678,0,0.1191456435788616
fc5d7ed76e564061a947a4f2d4665cf6,717,0,0.11399468273371954
db425854103643ba808d1b1d800e7e0a,736,0,0.10755388076671818
d5f8c2a4d6ba46dda3082fe9cae45b10,108,0,0.10577324961568968
b0fd1010733a4257a093cee5bdb0fbe8,269,0,0.08977457442329073
262a801b7cd94962a5dde7c888403ca2,419,0,0.13080625147325375
b41b7963a9d748018db0ee05e9d48a10,492,0,0.10616893866242982
dcd341e1f6bf4730868a42c8bc7de5ef,91,0,0.08274056620031078
ce3822a392744e1980db0dde348e0311,92,0,0.11421023935304708
e8dbce0815b9495794bb9e04450b652e,262,1,-0.006281439222186935
38f270e461ba41288b825715f0995b7b,475,0,0.10837478194232991
658733c3435e4a1a83ab28bc9f41de51,40,1,-0.0018031645655812167
df382c5984514bd6977a45eb9fddd6c2,756,0,0.101467689522592
efac730f22c4481aa96ee3502c55ce34,46,0,0.1410351027086466
88154302acaf40eba14c824fcce73508,336,0,0.08139153554992373
1d001d86e9724a24b68aa79e7961ae94,636,0,0.09343904394690689
3d80b8d8efab4d37b0c0e21f36792dc0,409,0,0.12066316370677815
9a23c2e652ae446f838d12e0a8ecb1f6,706,0,0.12686162121949113
0b78a30dd21642fe9ad3f29b22678006,135,0,0.004550584200685215
1966eed147e64219838a862e23cfbd3b,632,0,0.039171018636872446
560d72273aba46198c0feab35ebbf5ac,632,1,-0.05780593945487078
5d4a64a929f14207941cde25406bb45c,700,0,0.09884797964810194
b8e7a4fe9b5f4311af4305bf6a8ad9d7,494,1,-0.0015616252002164654
350d4d4a9dba40f9875ab79cf6bb8c53,632,1,-0.06524803119324585
5ce470f85fb74b52999bdfc9cb75d80c,451,0,0.09609242289684711
d5f8a10eb1964802ad7f580aadf9094f,321,0,0.11329172531072645
1d019695c0eb4ab5a2409473ef0fcb16,537,0,0.1217034087540751
0ed2203b13124c509bf876864af6b80b,632,1,-0.0711786066604101
ec183568329e4d4f8fbe532b90c8c353,578,0,0.06938188948751828
3b608eb3850941a68cc5ec3aa07952de,346,0,0.09252936323907796
c7d3ef445c49458b933a3e0f0ffdf106,632,1,-0.056662321971420515
174ad8e460ea4e77b14c2c634e08afd4,97,0,0.11225536424982285
30f30d4a4a034420aaa038f5bdf7e977,11,0,0.09786326453653432
b090b332830a4564be40a3d9bec9ab9c,632,1,-0.05330829977211382
d11430fbd81346bcab41f020ca2d9057,632,1,-0.05149493078042622
12bcc12f2cb34aff9594ec869dce2b4a,519,0,0.11597871543714428
1a0916b8d8f0402aab471dd9c415e1ff,240,0,0.1175688075730244
cf5455bfa8244e808a5f515d97b9c9d8,632,1,-0.05465541779661198
a704e3aa32e1455ba399245a40774810,509,0,0.11853779241691986
03323ea968fd405a926c690d5a1828b4,93,0,0.1024964807410742
3b8d203ca42b46a3b97b6a2ac7a79824,632,1,-0.05003993961439468
bd9fe6659eab4170bdb4d7829b24c65f,467,0,0.12536911045428833
f697c9fd90f74778918ddd4ffa6d071a,228,1,-0.07589719466356715
901559c06a6a4cddb76b18468d52d2cd,733,0,0.12094078864798191
a8eba1d8dba9465bb7ad6f13b2c41fb9,116,0,0.0509714136050351
c612a33086464462a9efcd35827b53e6,534,0,0.00870269190390871
5851a4233b45491a8ce27a5bab6f0257,143,0,0.1240569352003662
62962aff5a074b088b8633709af5687b,109,0,0.11721202425925148
46c4d6f383c345a9a14aeb32db641785,402,0,0.15723557667382193
948265ef3aee404eab4cb48e2ed23d55,688,0,0.10467614954477972
d35362992f414b46919bc74484afb494,461,0,0.12738812564522306
87bd35a05abc40219e1c7fbc062e6fd9,516,0,0.09610955445646474
f49e42f2e54d48359c4b4b35b5668336,543,0,0.09196492873430323
8ed96e3a7de648e48dd2cebaa777d772,443,0,0.04643028102710278
46f80a80aca944519a387145d797ba93,592,0,0.12173828377528056
04e53451037745c8938497790eff00c2,106,0,0.04695461027481018
212691dcd58b4c4abb4a637ee95f0347,623,0,0.09164059375075662
e073466e89814e58aa4c91138c2d3c02,422,0,0.10398798407360837
3ed79cd22a5841d4ba63168a52c51658,754,0,0.12821652888068613
4f907f3252184215b18b14fd5c48ec6d,214,0,0.08832367558701792
f5090addc1ea4239807173463aaa7b72,555,0,0.11620524576349972
1636a28d10624575b0bbc37a511b679b,683,0,0.12625801802800501
9900a4fb769b4210b67421285234efee,54,0,0.14034649044885156
499d35523f634ea0911a1eab9148ca62,293,0,0.15238070429021644
2d74fcb1777a4a1f9f7940ef08cc66df,302,0,0.12381836763693571
1dfe8f18515a4176b990f2da563b7273,367,0,0.025560521975412087
53769d47b6cd45d4b7834991d2b3e562,575,0,0.061158739448884725
ab699721a1f64a858fabe88fb9caedf7,243,0,0.153619433312848
ae8a18e53e714ecd83e149f99087052a,390,0,0.12668204704524022
b2349efb19b94481bc95280e1cff92f6,701,0,0.0030757857004846123
8d41bd6ab9c54848b0713b02d535abc6,761,0,0.10269370236332492
30ae33a3f2654efaa1de27aee57809e6,773,0,0.11721987541845208
c8506f76dea34e2dae5b8d502f7d78ed,665,0,0.13870627585945905
87286fd8df0c4ce1ac5bfd98f82b89d3,665,0,0.1348569366495137
0affd303153d4bb39d630bacc1da91fc,665,0,0.13171231144137197
df732ae228f24546b45f447c323d9117,665,0,0.05121875147686045
17e31008ed85464fbaeb57fb20329020,665,1,-0.016050704733609256
5f00a1ae3bc84ac998b4c97d48e48e9a,665,0,0.07939858999831872
5e9598c72a264812948893d33d6e81d1,665,0,0.07122743426052214
0700ff4d73c74ee38ef6852e2335f74a,665,0,0.09318186792089478
9387cf6ab05f436080cd36669f807844,665,0,0.06303157877306687
cce0c904a544411ab23a51b2ffc54e12,665,0,0.07117248014769106
f40931aad8444c2d8d8674b79d221319,665,0,0.05298283535654641
f859bf3b6eeb41d9b03c936e1b868663,301,0,0.10826274538675817
816eb0ae39e54979a4b557f39e817bbc,665,0,0.025816306064008532
276f0f4d0a4b4388807fff1900c2c347,665,0,0.036231310375010706
97d8fcaffa3942c785bb88d1fdaa0960,665,0,0.049179816851987135
16d173745c604f8cb66f8a53a47bf3a6,665,0,0.04505809242076603
4820fbb2014e489d8cc062dcd2799a93,665,0,0.036262862822695086
27c376472c62421781056796b8af3da4,665,0,0.03289467613908048
4933586b06004a89a89f5916f5838c7c,665,1,-0.016097350328169613
ce3fc0e005834d398af7e180aa4c1ba3,665,1,-0.006109027344760376
b14d4bf33f8c421d99e35533f873e6ca,665,0,0.02220376321979667
086154ef05c644c4afb501abcb9813d8,665,0,0.016547363203431587
6128a656c11e4ad1b63db35fa08a01b8,191,0,0.15760409006912002
c24493adcc9748668537140dba6aa70c,665,0,0.013088106964961543
89cf696918ad4605857f959f9921221e,665,1,-0.02132716032034232
ba5cc7fa6ed84f7c8234337a262da01b,665,1,-0.008111529869283318
03ddabeec022447bb827c5771d53dd12,665,1,-0.014979927773173363
714d0a9d6b484f6cbd6ed277b946914a,665,1,-0.07117422515686944
072e882488374a2fbaeb4ced8b31b82a,665,1,-0.03008459813743536
44d9106c4a264a47b10f481c99a35466,665,1,-0.04355945804286521
d341e24ae96443bdbfdc25c312485ba4,665,1,-0.02516092275230497
6d2d2fffd20c4f4dbf605a06ff4bdd6f,665,1,-0.0342437470768262
f62bd9e3695548b8a5d29616106d158b,133,0,0.12481196088341945
a18f748720a8435d86c13d14babcdb2c,158,0,0.11967064314387438
ecaf2751533b43df97c19f56554c4abf,611,0,0.11990166621839549
09dbeea419d843c4ad8d57379977e5b7,630,0,0.15780248192173257
499e6d7934c34854aa56d82124cef948,69,0,0.004387574796336391
5c45df32614a426eaa1c6be6dbdd3a7a,369,0,0.12052528186662942
6a149fbb1e8a4d1c8776774692409a6d,770,1,-0.012106342187196084
92bbabb8ec1e49cbbc225455cfa2b018,246,0,0.1441225673251018
2f59d024722f4ed1bb98328b25828553,40,1,-0.056273775772957224
2ced2d11ce7c428aa13e5555657da163,553,0,0.14834440666195137
a24bdf64dd2e4416b4e8da218f764dc6,788,0,0.15905437147650375
6ba9f01cb01347aca6af64ea9a28a9f2,667,0,0.10494616316206234
aa250579f8a74ced87811298bf1ee9fb,791,0,0.1267369251304497
54179e70a781475bb9a736985268e231,67,0,0.08721372819900247
2ab96d4a10fa4183bc6d66fa30b0409f,701,0,0.11256811741963163
ad570a8fe06a406f9ea88fb95f49ee62,759,0,0.12246293859359186
82a38aca407c4ab48831628655a88694,73,0,0.11452637318496872
d59132392cdd4beaa68d743752ea3317,470,0,0.1273527563414774
5a7ebadbf8fc4d048e209b188450294f,75,0,0.15563092921626176
4815812a126f4833aa0126b71155a975,233,0,0.10731818221963574
fddcc6e6a0e546139a38ae19e54867c6,414,0,0.007638786975190548
e453acc920c340339857013b4879c762,547,0,0.1142841107547381
f613f1960d6f4ee190a61a2d8edf64a9,774,1,-0.010607526029452252
96e983cf43944998b3a102265a94656d,514,0,0.16046100523693818
76566c5c69344a71998e95267442f51d,783,0,0.12290823006720392
9723769a02f44c4b8191e0d8c9a3c983,676,0,0.15320750829383006
c25a6b2614b649d08b69c2f67aeda55c,764,0,0.015210176226530314
6a11c50318784934a0b888ca39f69217,649,0,0.1435868540751164
9fb85b3d8fd9426ebea2382d04be16db,766,0,0.0038952465396203118
95971a0fddfd421990bf660ed1665df0,661,0,0.11571445482330306
d82a1e01549a4ec5bfb20b2dc38ab5a4,226,0,0.10482047515315668
333c4c1cd4ae4a5ba7d57b4f204dc994,185,0,0.10266774911750687
8538322be34a45aaa4e60bda7781ae54,769,0,0.07605061490605552
7e94e0fee4b34150af778d1fb5b4a887,297,0,0.10587741727714639
d18d4ba9bfff4fd79e71f0d8f61c73d5,202,0,0.1342943405565547
e8018d38bdad4c4ba13a8bdf648c3874,687,0,0.023070206939427795
a98a0c11e8ef4459a45654a04dbecf30,634,0,0.10328552303703259
7fbf4ca84f0342a39c2af98867518b01,497,0,0.12568911005249234
1fadca7daf4142dc9267e80bbdaa8f8b,313,0,0.1198561325056019
e0e9896e7b7540ee98dc184b2e66005e,580,1,-0.0245509511461528
72b1ae4a9f984822aee593f94408b058,368,0,0.11365875618194943
15096ae75fa445778f33dbf2ee00ec50,491,1,-0.025452711221193525
3d1d093f9edb457abf1a047cda534091,111,0,0.002215752172015084
553c5f6c0f08496dae7edb939646acdb,751,1,-0.017411759583842445
10955dea9a384ccfbf95096589352de0,31,0,0.1361263609084848
3a5b9162f4d247acaf6829d96db3a5b5,37,0,0.10847170389319089
d1828d41b96f4cd89286a7285e19aaa9,790,0,0.11027841946388667
c5a76138dbc341188048ba7909b430a1,475,0,0.16309940830232256
cbbb14f3a93c47a799498402b950ec95,628,0,0.15947923666361274
e7c760a3ee7c4641b081bc6b81acd927,579,0,0.0908180343270582
683244bdeb6149199207e4e3b46da1ee,749,1,-0.091634066254622
c2667d5d03064a5daaf4f040cb48e994,369,0,0.08071675116866195
e05eed09065f414a8dc199d5f2e1c90b,664,0,0.07001084307551825
0c8024f4414e4e9d98fc84a13dbfa825,557,0,0.11995889321898234
3e9eb53ec14b4fd3b52a93e2c3dfca79,387,1,-0.02106658283749152
e883906365834af3bfc614001140c5de,385,0,0.11353298156661185
f92c18fe7949490ab4d8b1552a04bc64,353,0,0.10715874175394402
209947f779e34f23a6a54df09c1d4b9b,513,0,0.12803462030684393
c3d941a2187e46c9b269a05320fb39df,153,0,0.15416671402353188
b27f1009d29e4dc083083cfd3a705b1e,493,0,0.1183888839182951
0b53fb992eac4572b364e132b304a8fc,165,0,0.10380721182502689
0fc4016dd642446eb7dd98002fdf19f0,44,0,0.09067779326289954
9b0a28d18dd542029e918d011e3fb693,644,0,0.09173569376945667
691302681bd246e9962539c1456b31ee,57,0,0.16257784281028193
fda9605b87e6474899e13a4ecb8a358d,613,1,-0.009283121387530513
d1dcf9155f6f41148e8454de34edffa9,290,0,0.1607128903200163
c419fecbfbfe425593a7dba6a32938db,493,0,0.12734960841412074
7dcd81956f01479b87699fda15200dad,741,0,0.1129754271513112
26b3c887e85f4c21813e33791715ab79,16,0,0.009113200391725695
b40e14b24fb544fdbebb3f35844a0e3d,153,0,0.14768502822879226
cf8c7e9dddbc45e996018719e67e0028,614,0,0.042396446621346895
cec512c24daa446dbe8e4392fc3e5aba,133,1,-0.019593769599539956
06ebe0e0782a46668e28a3abfded53dc,534,0,0.15790795704175659
190c960166e54a14ba3c11106c1c06d1,759,0,0.09592459049064778
39514d392b824ea6847557e44f7b6fc1,260,0,0.1188863185380638
2404bdef7ccf44dea881b3df9d9faaee,85,0,0.12845529281119206
666339a1f47c468fa5973eaafb50a0ee,418,0,0.1348305112322244
cb775762ae4f45f6bb12d0cb502f8daa,535,0,0.0317867962191723
cd33f95ca0d54b28a9f3be4606ae3cb4,323,0,0.05953982603104824
0d8aefe03b5e42578f9e039c54828d5e,667,0,0.05841438772595525
d109c76d407741bfaf5a4aa7e8fcf7a5,578,0,0.09057193946786851
fe5145bd71ea4662b2d0a083016cd2cd,208,0,0.11003513739300597
ff0ef40fe39b472fbb13fac312efb9c7,183,0,0.030206912959117538
8af4424de25a4183881952dea50018ae,259,0,0.11022071558471958
ff70cd12c8ae46d7a8beaf7e24f37c1e,753,0,0.10058366310289751
30a4836bf017499fb9f26853f89a26bd,121,0,0.12270279914056648
4acaf18c74c14933ab60d3917b971ae3,716,0,0.09963347281727591
9e7d6bbfb2fa4cc8985d28965a8f7d08,346,0,0.14262757702185563
3d877e4e7dba44e4bd3d19df07259dee,614,0,0.013584542037213265
d8eddc8bf1644fd0887950236834a661,81,0,0.09548819294310684
853d7facb5ac4010802a0ab1eca83193,410,0,0.1259167176636613
c7d0391fe6914646b44865ff9669af62,728,1,-0.002869250807884527
14e3ba34be5f491d97bceb236e1ac453,449,0,0.1211293436945931
2756438d4d5c47a28006c7846dae2f6f,530,0,0.10217241582208686
36dfc864aec34ffa82182b08e34da464,528,0,0.11809770854606905
9fc1283708264a8eac3b2d17f8eda464,690,0,0.127200425818294
ef56597a9a994e1cb51f9eb8d42ec0db,0,0,0.0905707990052323
75e817015f7e4e4394b63a9a41cd2ad7,409,0,0.1548808046580264
c8cb4b3d0235420b85839c512ca522a2,15,0,0.11185007711583
06f2f7f51cf24f5aa08c345c1a70fdd7,291,0,0.10002290931649332
04fe1378ff2a49a098037dbe6c593819,119,0,0.09680636408382864
4c812d514eae46288963271b9c707b98,386,0,0.12691571096665394
fe87b1006356438297ca4d90e5d4b917,600,0,0.14640546735656096
5b296aad9d194bdd9f70dc30906730b2,391,0,0.1076843879070899
a6537c7190ef48fc85d4803a6d0ba061,253,1,-0.03059373948974997
fae76ee5c09f4bb3959dbba827d7bb35,718,0,0.16121543489185364
8be3dd8abd0a41f4af42f73d7f99d7c9,548,0,0.12223821920807076
e5e2626a304d4c70bace10c2e740d204,350,0,0.10774655758585477
994e603632744a09a5917fd959829e9f,321,0,0.15413913850197508
75d00eb5ed4c43ffb0bc1fad4e9a3295,699,0,0.11799520226220167
92254279f5c34b4fbf4060369cd2322a,753,0,0.12513924382843117
23624a0be1b5402886c11c5e9c9e14a0,255,0,0.1154986523737111
f5a67d6e981041fda05d8d5873ff3b66,80,0,0.16169869750160792
44ba8b6e38ff427784a6220b2c468f7a,554,0,0.15825235842384922
ad0d25a1ad3143efb257e9829ff75c30,504,0,0.09566910404916273
05341b5e538b4b9a8476e33427f8cc25,782,0,0.12042708907624017
0dc2a29fa62949b4a382bd515455fe99,768,0,0.12788216921635098
dabdb10740d14d9ea6e8a880b523afa3,489,0,0.15822673755300737
510c3d6a1ae94ebdba2e9e573cb6ffde,702,0,0.04729692635335342
16549f524918406a8de1b5f44f49c8e7,323,0,0.08276887878111983
34945578177f47ea8e9a96f578fb6bec,103,0,0.11826071056351317
a69b52c20f22426bab3d836c87184fe1,561,0,0.08773495912565366
02641255983c4c098966d212a9e2fd14,627,0,0.11590970352409513
0f502b602f434db2811709bf6c021334,215,0,0.11971961939067233
f5d0934c4821453f8288300a920ea944,373,0,0.11115236411121587
5415acbef6324472866c97320f54ad1f,585,0,0.15471225165040964
d66224a47bc744b7878fda54a4f0bea1,149,0,0.1517554864767467
3ae302d9c2734b3a8448c55dd39d3fd9,220,0,0.03814081512032125
8591b8d39ed644159c114d28b8019587,762,0,0.053463770535073285
c3e9fe0b45bd42088673056d536b76b9,352,0,0.1200482171163822
db7b8fd493b8419fa0abbcb9fe95e90f,665,0,0.1396103311710803
1fb1caa9cf2a44188bce3b88d9496aed,363,0,0.15278500226992608
38915a3bc900427abeb35bed602a5ca2,80,0,0.13729568245233603
99c6d88f461f45c48372d4f4ee9fbf3a,171,0,0.15924490605984526
24a11bd32add40e191bebe988adfd148,414,0,0.13374614044836408
d65c8e901ca24e7f8b9949a2394cb083,321,0,0.12940852830241878
d832f7f2092f42f5ada52f10b333ae80,660,1,-0.007001031162569227
ba5e474dae3f4b37bba733950708f380,601,0,0.09118772482442478
ef6d60c2f018435dae33a0a2aa9d0e2a,171,0,0.09973596409141933
155f555860cb4cf4bc719053b17389a5,677,0,0.045478279906445374
9433deed87d04b5eae751dfcaf4089b1,767,0,0.08254097788700132
3d123b99736641ce980cb9575cc1f036,97,0,0.15974276840527069
6ea523ff1c7a4d53bb76232ff2898cd0,789,0,0.11082304252116038
9dfda1da52bc407aa1fab2b927a43bcb,268,0,0.10552323933647373
c436ee79aabe4d3b82c96c06a0c4054e,399,0,0.09013209344982864
702d1bfd5b904b7ebd964a581e5f7f5b,278,0,0.12860788348872443
3a4008cae9bf4ceeb873e555c21faf65,714,0,0.11867355631141846
d35682fb71fa4beebb948a2f82b882a0,467,0,0.15967698954971898
3bcdd69cb8b94fa09ec4262f9c8559ef,91,0,0.1508241646772464
70186b32216b4ebf8a39594da7ceb98d,236,0,0.0948018062125966
7034d6bf0f344f68a7e73a2525a79e8d,574,0,0.12499230588107657
1883d11d619b4077988610dc0724d9bd,732,0,0.12305842416466761
ee244e0f1acc49b78d044cb4f7e53a9a,387,0,0.04450659038450211
22ce7b6a694543b2a7cc59ea26759f78,529,0,0.10297886562447056
ee40a855a5b44db0ad10fc883dea9795,710,0,0.15781827894642586
f9359171780e44d1a18be58caad8a135,275,0,0.1539726067755235
10270447ee7549bd9d3a6c55715ef266,113,0,0.012934590003769786
83e9c26e0e654847afae94d54e650f69,717,0,0.16100613115344709
be77504e179f46d9a2ef3e04db8c14c6,104,0,0.11211057755533738
1259ee1a5336426e823e2e7d9b49ceb8,744,0,0.14402086250416746
248530530e144dba8cada0aa8bb3fba8,350,0,0.0684328955342644
581535ccd10a48a5bdc66db85a097e4f,32,0,0.09192200379870952
1569b123f69148ca95b87afc67fd8923,196,0,0.11313617196796949
4266554d1cb044bd8686f195a2cd9042,12,0,0.15729854352616934
2e4a0bdb8caa49a4a8fda650fc38d974,755,1,-0.13380978755527295
c84aedb21f5148629de0f98aaaafcbfd,398,0,0.10271639145082012
87410c55373d425ebb61be47f4b61338,330,0,0.15448633126199018
0d49fedbdfd6420a853a7040b00e1afa,125,0,0.049010027217454843
b1880ca2329145109aed19fdb0fbf201,369,0,0.047967018273026796
234fe19657664a229fc0a5a543ec1305,241,0,0.11924307087079472
a04da0fdb37c4f6b812c33f3357e8874,282,0,0.06592014210721991
bc1ec14c58e44956b667e9a365c7a722,43,0,0.15599155651253738
bda700189b48457aaa0a70d5725e6b72,789,0,0.10939723823982633
f11dfa8907ff425b88355121a5547f3d,61,0,0.12713267918639898
df63ee61c67d430d99aff6ecd50ddf8c,549,0,0.15775627895374633
ca68e98a154d49c593fc8c8d5bb5e72c,571,0,0.0639942439009511
19960cb025f9461383072889f3bcfbd1,197,0,0.11295763249957025
e6b81629f6544f7983298e38ccacfc5c,137,0,0.1002823723531373
2e0e917852df49c28d4886c10dc2142c,556,0,0.06339828558718308
4c691b8a5b9f47c8922e6b38277619b7,70,0,0.10786505855413248
87438610dc0747fb93da21f5a55fe45a,269,0,0.1356148610201166
80d338f1270848feba3c0750986641de,518,0,0.12466983194099829
e381c601a7304e8f9ca1e3024e49d8cb,19,1,-0.0270923015284108
4157b6eb41074c88a89306f800faabcf,738,0,0.1316992701888285
ba836d9676c4425abdf160af64f645cd,509,0,0.16300662426600188
6354362687714ae080dc4bf1ca5907c3,419,0,0.13946599290606226
cb45a4ef4f2c460ba06eb8771f04f8dd,44,0,0.15066036961803986
1924d7560b6c4c429afccc94bb026a9a,109,0,0.1360089181542734
cf683a5614a54dcfada2aca4b78aeb5c,397,0,0.12106252212474589
d00d8fded0074dfaaf77b471feb79d17,620,0,0.11016967654550436
5dd4faa8ab144992a4df17e55703738f,213,0,0.12712290279510224
2a71b7b4cff84d8199d12583eb697f60,81,0,0.1595640285373015
a6f53959d54c4944ade375b2b5162b77,425,0,0.07754299104429058
98b407864de74abbadcf14ac2bfcf817,72,0,0.11025371349165175
cd6d83fa17354c4988ebc8d96f4fc60d,531,0,0.1103175877946061
4e915a726aca47ec86912f716792a70e,394,0,0.11151058855373125
cb436c1acfb749a3a05942cf3545fabf,764,0,0.15520987407702957
2336befaa3634cacb66ab4699574748f,681,0,0.09433280163437552
fc9d4ee24c734d3bac815cbdc2887065,184,0,0.13021877287730071
17824dc2084240bab51d096e5fcfa1af,673,0,0.14077688148764522
74cb62bb4e6f4a5ea20ef5e1438a29ab,322,0,0.009260768736920166
f1aefb9fe7ec458d91455985a91937a6,743,0,0.129537838647223
b2dd6d9d9a1a413b9db322f056259a09,558,0,0.11306744316488743
0184cc8d173d438da1dea4441c86cb67,762,1,-0.0003383551416596964
ec41e6c6088440dfa12fb6a624b45f7b,743,0,0.14247461362109742
cd11ee2d79814b1582b78475083e037c,138,0,0.08351302310251679
2d7e78029e6849eda0a128dc25856b3e,219,1,-0.004688336984490116
4df2eb9e8ddf49998c1c31715655ea9c,706,0,0.15000332693869162
5857043c9fe3463aa9d98bf426184f01,585,0,0.053352822486323115
31a142b1131640d6850990f8ebd6a8a9,307,0,0.03320335460219487
093547f8a79446a9b5601668013584cf,332,0,0.1170218136401538
a64e0b79793641a2b6ba7a1f4dc39a6e,706,0,0.12621411462214044
9d81f841fc51419b9f31fa68c4c87740,748,0,0.10063639083780701
1195f73256634d7d8aa0c8be37c48c57,789,0,0.09306826410996505
afa18ff3ef0549259b0965cfc4a27232,788,0,0.15578538696790467
46b1fe9714f84863b617cf87018971e0,391,0,0.1560276124405401
037a54101ad54a09a316075d89393f25,153,0,0.1376512265816151
9b323b46084d45709450c9430131f86c,749,0,0.14588381494622243
670bd4d01ecc437a8a7d81906b5c1604,92,0,0.14505789204322567
a63bc3f4025941f9bcb9acbc1636528b,135,0,0.09460397761685874
3c42bda83b934245a0fef2a9608d773c,408,1,-0.024286507381423017
88322b60a63a48efb276d6c5b0c13101,780,0,0.11888346403887268
6c40ebfaca73442f8c88ab3487976629,404,0,0.03976413443293786
fd078baddebb4fc6b4a55155b348b859,536,0,0.15887050858417873
c5d1602da54d41d1beca1733c113a982,331,0,0.024016220644047515
1a2d8538cfd546f4a4d2d663df344e1a,356,0,0.16194090801021205
61a3a4e28e5e411ebe04a4b36a22feec,788,0,0.07504198977232646
93a1864a8608463a9d52526b4520fde5,149,0,0.08584723077722595
ecfb3295adbe4738b7051154cfc1a397,635,0,0.14782191114791782
256f2affb4e54201abb73fdd18146504,113,1,-0.08150849208562483
d91e0734b1f74b099535be5e36f202c2,216,0,0.1291271378443833
71e75afe39b34b418fe1eb10dc49d798,264,0,0.11791412543660074
ae038d2256c9424aaa63d31dddea7bb2,711,0,0.09896494102948072
cb3038ae15cd44ed8027696fbd254683,44,0,0.07413590179754792
f7c202859e3648b0b6418828ec42344a,299,0,0.10611550205865938
fd82d47c45274284beff7a5342cbd5b1,726,0,0.05385480452183944
547d6a87901a43d8b5073e9d1bf71c03,574,0,0.028705165694526746
2f348ab9fc794c6db32eb116e8e43417,341,0,0.016396314929348177
4c4e61bd0f064267b422a29e70c8d9fa,700,0,0.1547464218956986
8de732813b464a38ac49597104fa6beb,63,0,0.10241011207208567
ca74204975c640f89820060aafac35e1,568,0,0.03635119216475918
ac999e24976845b193743f4278abfb7e,140,0,0.16084615932235796
edd54bf86ea547bc8f2acbb2ad9f6bb1,627,0,0.15863479639384204
4e399fb100db4ac293f8a2598cbb2281,586,0,0.14507381601039737
820d690329624c0c93071f168a621cb2,555,0,0.1600249981937123
ef2bb6e66d504617945b4789f0b24fe4,207,0,0.1594895357744962
3005313a40b1457d8d146b2b65b5ce0a,536,0,0.09295127536483405
cae5c2ffbac348d49e87eb9565a281cb,578,0,0.15232138972986575
5abc534af5ea476885f0de8df4c3ac41,736,0,0.14799215095546647
06e2f12369164529a77b74bf8b687607,192,0,0.1284151342862369
cb0da94a3dbe4a798678ba3591c71ab9,367,0,0.14127899866748922
edd8a24503d74ae28bb59ac0f6209763,729,0,0.12786173295387082
712581a639aa4434bb8442e4228272ff,396,0,0.15643143375414864
dcd4443710da4a36920e228085927631,418,0,0.08878026425944602
64f21c93e7004684a83faba9e8056eca,422,0,0.15861306434550737
b682a6ef15a9446a860ab8e665b51638,181,0,0.14473921472229773
c376491313414e158986c11c0625db2e,332,0,0.06818427075765154
9a2226082bcf486287f4d847cac787e7,752,0,0.03737446774709374
a8d0b5c6bec94ea38dbb0b2aef056a9c,760,0,0.11651897798827243
920fea3556314d479a0b830a88c61150,721,0,0.1559452551267394
2d41b76b87aa40ffa252046b8b59e0d6,43,0,0.07002659296369906
11023e9bafca4daaa0bf50b8f4738590,752,0,0.1338110750159806
e33de84b78fb4fb6b5352ac2bde83175,792,0,0.12665114348166873
6f7cc42e71df4196a607214fbff91acd,301,0,0.15788687440748134
6d0745a4c3b04c6590a15c68201f4154,661,0,0.15349147435782262
51c91aa32cec46f19f747487f155537f,712,0,0.16068752556128746
1acd2d9326b0409785e50fc425233192,206,0,0.15760615372128645
1bc4f805e5174d7c8266ff1860f1df39,664,0,0.15105737725237728
e6d13e08ac1a48e49109e76527335ccb,116,0,0.15724407999126605
e1db6a3c8cfe46fa86c02250ba0b625b,393,0,0.12399937046538023
86243329a1734076b3ad9d4b71f95b6c,387,0,0.03397067215796784
cb30b0ba43ed445a83f6ad4e3c697709,729,0,0.13347360441898687
6067a301bf2b4ff48167895bfd66d700,641,0,0.06649449355623643
97b029dc86bd4cdd9b1d47f6b116e321,207,0,0.09330174298496985
447bca9383044f359f524e91f5bec92a,510,0,0.04374269434723416
4ef7eabb33bd4428b8897b7bc5726680,505,0,0.10083131612977642
ac56d2a29a1b44728501e6636bd210f4,560,0,0.129176796988355
af1a546f6df54d89a96301a41d6354b7,212,0,0.11576520475553026
1b37083f9f37444b8577c3b06de5fa24,668,0,0.0989113565843559
12b91a39ebd840908e2b9de192701815,165,0,0.1391365939479564
f21de888ead249149b258b75934ca4ef,592,0,0.14624085180351726
3bee7c78b90e4838849d0fa35a734555,330,0,0.15192859756189953
e690309d3e1344ebaa2a8b53b0c3352a,124,0,0.10800256644930767
2559ca0bd65f46b8a6f61ec07fa3a167,214,0,0.03591422870372629
2432ba7f35fd42d78ae23c350236d83d,495,0,0.11772637845374273
0339850d2b48443d901b0c3e390eb316,723,0,0.12727977212651542
d476c2b6ff0f4fab92db8c70be28866d,362,0,0.11519785754649375
a235705cca4740f0b9c638ac8cfed55d,746,0,0.12496660280538457
8f2f148d926440f6b6770acabce652b7,184,1,-0.02214182126021491
2066a1cc65ab41a5a31bd987d909d36a,755,1,-0.10419718560211333
4c1eba4fc5114e95999dc4a3fea200e4,288,0,0.11685271778883993
551ce2d997e1415c93657933971f872c,307,0,0.047201447927251616
595fa63936d94c3483236640b116f0cc,702,0,0.1532276344321259
86ea575ff1c349c59536c9cc669bb167,346,0,0.04528245437533329
692733aff1b94822a3b1d2176f3ce829,139,0,0.018910987665831214
ba0176b06145480bb0cf855bddb4539c,549,0,0.14721190642166737
c063b7d6844f48c2bc542dd8331eb7ca,760,0,0.008365892372480255
556cd2993bdb4e8e902a1ebaca5b37cf,548,0,0.15239081358392798
ca2fb2d8e1d740dc992f1af08dd913eb,641,0,0.11365203518365907
1cfa6a35d6b54097876e4c99f83329c8,191,0,0.13126413265419534
db03d7fd20f7495eb395c4412e32a5f6,32,0,0.15811757030693158
d1352c200d784efba56080160ffdeeab,179,1,-0.07991749559769001
af07ae040e124914af76d2ea21b7d16c,206,0,0.1292945925860361
f557b0f942704b4cafb8d4526e76779c,494,0,0.13738849316554552
80ea58bcf0fa4c87a9534174ee5d1918,536,0,0.08908893765738934
4a01d09753cf40f0b669c105e11b5505,528,0,0.15446693596425976
7de1dffb706b47eabf3cc208504b7d31,396,0,0.09957481277180291
ac60132c87af43968418cae4d7c919ca,478,1,-0.0012331177804338345
8a2d6b5096a04d9c9fc300e93ed248de,776,0,0.013991199125984122
47af15b065c3491287c72a7099f16bf7,197,0,0.15694550379298583
e0a7b07f449d4b6e8d88c9580f198d4d,120,0,0.1573083149734304
5fd922200b534f3fa6624a3e4c75a2fc,637,0,0.12739594725433812
d4f88b65f24d4bac9eeaa2b557da11ea,555,0,0.08739999416880717
ab2827b74bf9498caa5c3bad8410474d,290,0,0.1229126435384339
0ce45e03713e43c192417ab90b12419d,346,0,0.13463111729747512
eaf0ecb2a6c54b59a6800481e405487f,401,0,0.1239983197581559
20969baddc3f4993b4dbc38d53739f3f,606,0,0.1015294413534697
ebcc4f6527484c26ab88c58267267f38,776,0,0.12353954327104988
0973d78786dc4af4b21973cb2c27962c,782,0,0.13798116454124965
2c5c10bcfd0c4e209d4c68bc98357023,99,0,0.1250610033894775
4eb6da35e331475ca2d6824fcf105154,681,0,0.15968322977307525
40361375dd6e4f2c813d9676098ea904,66,0,0.10803070135385112
a124226efd8f41f5adc55b49d3a72bf8,472,0,0.12309770381800789
beac95d69e82478d98b5eb266b6f4f24,665,0,0.15235657069918634
aebec457598d4bbd9552292bfad779c5,423,0,0.15245008435744517
2d6b1303a4de4522a16dd1be8b65b2db,67,0,0.049225656034615095
88f6b57dc9c740b3a7d2ca324ce11724,350,0,0.15006589098812567
b199bee7108047078caa80aa537e27e6,79,0,0.04486965114923652
1ed5cb809b094448bd850e8d43117c81,498,0,0.11602795516539066
05e171791dd944d495d44c678e798a88,568,0,0.09188045444639692
e22b0802f79c4c15876af9569d9bd61d,388,0,0.12130416683235962
c371d92d33774a939d34be5e270c238f,62,0,0.11210501959628738
7de70184af9443e6b8885f813ce1d284,399,0,0.07169086129056196
eb348adbeb474dd287cbe6d8687f0d18,352,0,0.05423632867394207
736f6d4cb2fd4cc9ac187ee9deb1c249,130,0,0.003093197660223923
16c67ea5458c48ad9e02092b204a8216,720,0,0.1413611925660881
c25711772de74cd98aa44303d7f46bca,31,0,0.13425763837504895
6dc11ee408814929947daf66326d6a44,391,0,0.09546398336736162
9d0c6dd304594ed586577618cb405de9,486,0,0.13965233667584848
ab591dee2e2c4c498161665bf6e8228b,137,0,0.1518920092813389
cbc98d72989c48c8895f995cb3d37366,447,0,0.08390600102689366
85fc5e59ffaa4957b2cff01af41dbe2a,466,0,0.12413289677045869
e1baea3881d9400e9d227e9c6e7bb2d7,363,0,0.15325840375826982
6a4a48a4527540ca8d16f14f49e6090c,510,0,0.10821339493216886
f9759d2e17ad4848822c96d2379da8ed,38,0,0.11813002634509778
abfebc1f7d764ad89e1cb4cf3e3f0fce,115,0,0.14850943767534536
aa56b938421c41e3a5daab52a51752f3,768,0,0.060819107664080885
088b79aeeb3744f9a9ca9cfe8714b3c1,251,0,0.07148212029029583
a016ef4c0f9a4ebb888be8b5ac4021df,627,0,0.067729244727957
2f0e448a0f13425ea772ff0848bea189,301,0,0.005368373666151505
0b7527e50f434730b42fade8a8850dd7,767,0,0.09967654250240565
1ba05d99e0dc40b6a232ae3cde0470f9,173,0,0.09634049501513947
7e4e94f6b982401baf71846a8e49b576,755,1,-0.025518821074786202
ae0d87d6473348a5b74edc3076f7e89c,517,0,0.11126690394293637
6cbb722c94cc4239902eae54ecb626b9,258,0,0.1512524028034885
cbd5d3089d7442f49ac1d8cddab8cfe6,759,0,0.1431672429690003
0ab18bda2e194eb189bb9625f024ab6a,154,0,0.1289253546853374
832ffe578d2a4abcabe35b3b1c9e5c51,179,1,-0.09390462850204517
b27e0739ead44fe39dfd21e84a8ddfbe,86,0,0.09281410012589436
6d341a4423d24b028f7c8ceadba57797,507,1,-0.0009322176577164498
e8b4e05786e841d281952809766fc750,676,0,0.1538286361654752
d9d4e534a00349848ed3b239d487d045,353,0,0.06468667626346425
95913623dfdf47fa8810e14f1f6373ad,475,0,0.16188167760206018
d2fe4fcf40c74d5c9bbbe9110f4ce653,770,0,0.05877744737976287
2f7c082055294ecd9bbcb3c5ef7e6613,485,0,0.10604210919491491
41751f30505b4cd8ba05087a7ae6e35d,295,0,0.12925124930923215
b0b0eec3a0be47b79deb3db921957a5d,542,0,0.14461459239736807
671018aaaded45b0b4baff090658e7a5,362,0,0.09504217227922251
559c29a9abf842b0a385e78c6167df02,279,0,0.1142371404991922
2636b327e4e04a5eb92174c6f83731c7,345,0,0.12477963286334354
702466ae1254449fbd8184a0d5ee6261,100,0,0.11615871649416099
099489276c074789b55c4e2f9409bad0,359,0,0.10316775936506278
73ef31133aaa4d63a6c9cd1dff007d98,34,0,0.10114272264831498
c1e602e6d53a4ad599f9df2500b3baa9,608,0,0.10705522383267674
5ce637316cad4581ac8d45e40e9ffdb3,124,1,-0.0021173541322998535
ed7a622b342a459c9a8289aa157dddf8,672,0,0.10647137250297828
0e2f123e527941259202d8006fdf13c3,189,0,0.10081022127330985
3e5a506f8b6a42e9ab89d09c9e8db2dd,301,0,0.13018851246722613
f4edfea7b484423696cabdf6c3cf089b,659,0,0.03017834499749844
6a430642523949adb5af8805d97393e7,659,1,-0.057234833383716044
6895d1b9694a4ffa86a27ad08367f1dc,75,0,0.06087425516933087
f3f76300328944cdb50e2bd28e00d044,264,0,0.15667593427420273
a9234b3192664f6fb14a702acc5be89f,147,0,0.09350063445589768
1375bd1d28e045bba590411a046fa583,659,1,-0.05713531673698857
8b90c4e110c94d2b94613f0738919b4e,658,0,0.09462784357509008
b201e54c6bf64fc8954a8c1cca7ca6d4,105,0,0.15709120634756502
dc62e6f0849847b1ab2713614b951d85,795,0,0.08189636234887637
c6ce203a6a1c4b1a9e23427f90b40e60,659,1,-0.07302204377262933
938c192d21e54df2bd54356ba4dd0e5b,659,1,-0.05158509572733949
dd3c21b790004b769c022986cb777dd3,659,1,-0.0496137503318983
1c163405a117466cbef36479030db7f4,724,0,0.10856546894310054
800b5ba0bb8f49c99c6ee87cc261bfdd,745,0,0.11813845218762842
866b0c278513451ba6e819d85ba92ccb,553,0,0.05538541287873516
a69957c5b07f45c38d7bd4f96144eaa3,580,0,0.1576355690541263
45dc7e0ae8cb4bb6b90e0b1bd917000c,659,1,-0.058165332570019435
6e88e552b2f44b91922b9fd91588d0be,659,1,-0.04696446873212312
a6cc4afa40604c3483a760dbc5b8b2c5,56,0,0.06478743000933462
84eb0f89f89b483f8d9dd64d9abbf624,374,0,0.05064877778920579
d91f2b240d194eb6bdbbd2b1d8d2ef85,659,1,-0.04569991251961625
ffb01eff1fbb48a293b5af10dd6ab8d9,207,0,0.1271773765384686
ce3041e5554546adad58b9eac4952c42,86,0,0.0962538444226193
f531729095ac4aca8cf927415adfa105,197,0,0.09761919892178489
3e98cbea6a6f4808b34d2a0db3b05be5,659,1,-0.04746088123888925
5b417e39b34d4e25b9d4bfb882134eda,553,0,0.053595526853916
9e10995a782741c9b711390666aa20d2,43,0,0.08844578358060257
42d214e747c748d2aed2b65a8b84d627,16,0,0.15758053833727537
b81a9101a9bc4b489c3f1611d3a9ad28,549,0,0.07665744259962814
1cc3cc24fd8c489696d223c955d4f915,37,0,0.1487522861577399
fd3e06b26c5f4829bfa728d522efab6a,51,0,0.1581557474831055
f369f50692834fd5929b1d03064aa735,605,0,0.10005343811589695
13660a40fdb04eff95e74aab3d2f80df,630,0,0.14396014793793227
0e6d2c525aff414989a28c8b030b2105,411,0,0.11605194886365156
c9552a748ec74a12b6a82d332837d742,589,0,0.11124262487785136
0f1af10b10f74356a41e3226e5ac55d6,218,0,0.15340759700555417
8699ab51d89443d4a0630c0390540a5c,280,0,0.011084671532249513
64398a52bc3b43949b864f6978715150,136,0,0.0944204405773123
31b941c91b4448e186addcaef69fbbf7,385,0,0.013626844781952974
e99b49acda8b46c995bbc2dba14a3480,486,0,0.04427223710313227
78cc698a67eb48239e6b234137ec1cf8,183,0,0.1587993307912317
df2da7b62e1147388549739d4af6016a,290,0,0.06646861606190718
4fc958a6ff6a4a85b8ac7784b7e11d88,178,0,0.15423976877872903
40d3bc167a9342beb3f2b80ffca6d6fb,626,0,0.1525648382603058
d1e29ba83d5748d8866dcf773b8b954b,356,0,0.12422069905495642
9df967b6efb64352bb97419d54946f36,97,0,0.13598672299805492
ec88a892b28644bab86ac23598277cdc,485,0,0.07979976452157961
c19f5d625ad2490f88018607206d63f6,660,0,0.1629611138778831
f3f5a069635043db8026d2180cc3469e,758,0,0.15210667772736275
e2077db5007f44ed86f560fd1b069a46,527,1,-0.0055206420463823624
04d8ef03e01948f0861ea50b626aa48d,606,0,0.15352328313605507
20eca46d7ceb434eadee3b9e09cb20e7,75,0,0.08102579083112588
10102a262b3d440989a7285578f16eac,148,0,0.10065647411204082
f2bf34b2b5c74a8296b0c5612738f6d0,182,0,0.1274810921855925
bce3748612284373ae5fac5494a7d07d,737,0,0.04635825018181411
89762f146b8f40c79fdbda41a0ad1d85,343,0,0.15685409511993909
e08db2aaa328444093517d655c6d6d60,476,0,0.1541109247203435
07abda4756844f0a98d5ef734fbb3dbb,302,0,0.06117525526369766
0d7da090a760416da75cf6a8d4c001d3,421,0,0.0620940314096175
c553aa425abf46bbbf99d9b50fb95c21,605,0,0.008444434790726374
d4acdf8a15b747609fcaccd42f3d197d,227,0,0.07712027989677345
96e3679f81e246cfac77f1bd73470f2c,587,0,0.12963723516258624
dc8e88e08a9e4677a7bbef10fec6b986,435,0,0.11741792525983213
39a9c475052d4d4a80d816da8df2f638,749,0,0.1563170843587578
27ab11b334994af4aba9950f69ffe0f2,189,0,0.07122890680520855
0dab08ba9ff1414abe6291c0f87c9e0c,1,0,0.10673650998534917
045b82947c3143578e1a45fe7ee1a4c6,343,0,0.13334610765213312
11087517ac8e467b95b14774d5f89852,690,0,0.1498722406350173
c5c7dd46187a49f7a986dbcf7bb13ae2,476,0,0.10179144120663386
4e138fe7e8334046af4884a91223856e,141,0,0.10949878217176717
841fd5251a4446498a040db8350ee4cd,664,0,0.15860939992006395
aa276c7a22164b699844355f8278a0b9,55,0,0.15436852153849684
18cb2b6849c640dbace7942f26c6d454,125,0,0.10439716999757265
f34f62294cc44a02bc83b6605691cab8,689,0,0.114790460938543
e563086b85d24f358f85a7f30a09cad8,67,0,0.11095965776493077
67f4b94b19284107a2c14c3bc7002032,183,0,0.057060002159356804
d592ea505120483e8a477a79ddd25dbe,300,1,-0.0373998699723036
6c2c2c20f4c84a1389144a8795e6f379,22,0,0.10275342700013779
baea043ae861447da2efc492892b7273,343,0,0.13440016017664946
4bbdb3ef31e84841a9cc38d896e531f4,607,0,0.10753272390362639
a1780b23ff8a491084b4c053d201c26a,468,0,0.14449927933173334
46d12becbc304ecea688440aaec7bda7,295,0,0.07578506455940054
a93976b7d9ce4f8ab18f44c1d5035311,466,0,0.14457212085559562
a82196e4ec2a41f5b53e90bf98f84ab5,292,0,0.15534455371227612
5b184929251442ed9957faded26e630e,575,0,0.14914064695573231
41e64e3be25d4dbe996614ef805bac48,469,0,0.13186074286542837
9cfaed08f98d43f6a3870ee59da208a8,519,0,0.15146547038016023
0b73505a25ac4fca822c7654d270088f,772,0,0.12006124299587745
2c56ec0598934ca2a39542d8b111eaf3,578,0,0.14914071966010783
a26ef2a834aa4cd882518a576039760b,749,0,0.11276527253022123
be6e8b36af434df59a075f88b57f7108,315,0,0.12609071064483007
cb2afea223c44c65a1e31290d1276ced,225,0,0.10927351851293049
a9509e8d17d84196a85bb8216a1a6d35,622,0,0.005301597770023259
d55c524e54534db29d16cea35a8bd90f,85,0,0.08477953627047219
a9992577dc1044f38ba079a95ad86571,199,0,0.13544963415911682
eac842918b974d61b678b5ac894b8b53,151,0,0.1101043400631001
5f99c792a4294521b512e64f8a5500bb,395,0,0.09774256308301016
04490c2cf4c04290bf586424d4608518,359,0,0.1451815339901142
6d84c82aef064bba8151339023300abe,220,1,-0.012257553867826787
c101c12b5ac34ee096b3c6e634674ec3,167,0,0.09608157278196255
d51782c9a2e442db97041f96f4a41649,601,0,0.0885727111124277
41d1657702e14af6a8b6ff2a881a79fe,537,0,0.149321939309229
0c87bfceaa2a4a4d90d065db8ab74094,774,0,0.15761856966869775
216feb25eedc46cd99813fc393a6c395,279,0,0.1545935981630694
3bc6e3da449e4f18b13f41e2a08abdc7,309,0,0.12116268405918862
fa22703bd0234768a31bda673d4a7652,757,0,0.11995606609309051
359bd1ab1a19408291c9981ab715fed8,2,0,0.09321612161828774
eaaab542d4c044d6b51649f67c455075,651,0,0.1052810586290332
5b392271b92747b99d93f0a0fe859803,294,1,-0.08767231632799322
16831e2f22d44dc9a03d7acc36bebfd0,783,0,0.15137003165168317
dc252c935e054b80a84ace6301790151,492,0,0.15659230654212392
d0a4413374d248fc88ea844dd4d79844,710,0,0.1591252372934962
d5d8e9b453344865bcb4619f465ad8c1,327,0,0.1191612988203049
41765e510da2465f8631a2410b57cd89,369,0,0.04219442841011156
1b3c09cd40b24eed984558c9a87769b9,171,0,0.058526765092329736
18b45f57db5b4626b2f11a8b0372f786,308,0,0.10313387039908078
022057cedd14406bb5f3843693010d27,98,0,0.129262558102966
6447d3d4d3824f0bb04805c1d1a6424d,147,0,0.15707613687038285
d84be512a7e94c058ecec41c3239b983,348,0,0.09628468432446152
34e4efc8c1bb4103890abb01ae6e04b7,226,0,0.06355741297914308
bb6637a7172b4e01a51506bde526a83d,564,0,0.10262809150080332
57cebc3c8b364637a9c3f2580adf3ceb,452,0,0.1089644075676332
85c6f2c4821b4e60876b8f6e67be6b67,726,0,0.08630307624094236
3ca73f86b528428485941ac508f9a5fe,441,0,0.131096156154424
3ce0e86bfce44dbaafcf946ff20d6fd7,683,0,0.15715129503824843
3acb4c5add8a411e8132298d88ca5f66,616,0,0.1260237797053746
32d64a34091d442cb662a33f48133e16,189,0,0.04934630346660074
6c1bf400c8f5486886f3a0145fe06e7b,284,0,0.08455220340562614
1749eb267c7444189fbaeada7fc30018,512,0,0.12514451520683567
db295aee3ad7417e8220469978e35296,517,0,0.15484150635292432
1ead2f6ba0fe4163a277b07c6a487984,14,0,0.12054433563068156
a5351d2e38c14f4198d99e63e42ba38c,288,0,0.14062997425624074
2cd4556bf8024a028ef4f0ab5bc392e1,219,0,0.03889210314035724
3f217db3496d4f4cb237697c4ce13b07,388,0,0.1547499736237828
6600b0723de54981b7635442e552cee6,321,0,0.03282909927395511
02fd027b67934432a702f7c4b0ad2480,118,0,0.10634740174587187
735bf825f38044a59990070a262420f5,319,0,0.10273328908233537
517da1eb2060419482967de84436a291,231,0,0.12742506567020462
331b2c7a5bf040388b7df6eca6ad5edc,438,0,0.12353979073609184
a1176941ff394afc9289a409cfebbb2a,487,0,0.013081748876654642
90a60c81a594484b8575ff5e1164b625,688,0,0.15394177626023742
1bf61b6e46f84d1c83fc8124793c6292,122,0,0.1174054013124396
913c4d8a7b4e483eb7962a2ea753ade7,172,0,0.15959853844873445
432d575ab0c44fb981ad2e2591cc14ed,783,0,0.08185234576690281
59c1b836b0a04aeaa657b40c4f95f614,659,0,0.1536929583929988
b48f5790c8cf4a3bbac43c6bb26d4836,414,0,0.1439523374349378
ca38cf43e0bd4cba9e02102783d85052,125,1,-0.07717154145440364
48414fb0313a4d84b1e3e2b7d066ecd2,755,0,0.06295396083393362
891f366511aa45fdad822db751b65835,183,0,0.07452868297011306
0f196b9afdb64a94b5f8feb89863e519,98,0,0.1266369489968473
3f894ba0ee064d54860fa075609faa6b,504,0,0.16073347353057532
8f7365e7f3c24ecf88f9367af28e0819,502,0,0.07209547925760762
1b9fa4231c4f47479c6473e113fb70c8,18,0,0.12294699529628073
792e28af5eb74442ab6f2e1d5ece0d78,460,1,-0.057498038826227726
a94dd75ff65546ce893e25101f9a1912,441,1,-0.00024909232145037263
baa5647ba1e54212a466cf041589543e,502,0,0.020470369051617643
1894972218e54a0cba42a6150740b499,400,0,0.10744803462864688
6f7c279397c641aa93dd257f38acba25,759,0,0.15157262584940828
10826b459b684345ba7fcedd56625d13,365,0,0.10908557870175783
3e37f706f66f4573afea69132f5c8d93,253,0,0.15080157142598288
69b1792beb4d45058a11baf21b01ead4,173,0,0.12716165504597593
c1f0e983fc814f988d09ef4fd9abdb6d,432,0,0.11062958785712057
13e0ad4623ff4bfd9f0d697ea436debd,20,0,0.0834273847935963
a85be327e6314c1e8c1f0ee462027d2d,584,0,0.11760212135689496
e849d2d12524406dad0da0d384e704fd,500,0,0.0307641379001507
1cd84651c26440768ebd87ebcb2bdd7e,170,0,0.10225062650452793
485f441a53474f66af3d5f6e1695a4b4,508,0,0.15295490815750284
a6473fc77f6f423680de1bd7e141ed6d,219,0,0.1109664146852884
32fdd2572d304c8a93088057a0482ee3,411,0,0.018980730324475725
1b7284d8acc94e8ba19e4938672faecf,592,0,0.038326137629800805
b44b10af74154110a2409fb843ff8617,516,0,0.15407367740466743
45c1bbb915c54ebc9d62be89219784ac,424,0,0.098331452331611
211d4ecb338f41f1bc79f95a39f3121f,687,0,0.15231224874707794
67a088f40a99429e838d08bfb267044b,720,0,0.15737687769695285
341511dc6d894138808a8185b10e5699,676,0,0.12268330073024336
c5d0dd72c6cb4b31b7dabff93e170a52,653,0,0.1198890843059931
69ae8589a1f345d6bda1f7209d671f0a,641,0,0.06769043468349611
384458aa277a43aab901e0c20ddf6955,764,0,0.1382577486634184
7d9bbb8c4fb643bab9ae9e34685926e8,65,0,0.14146982721092555
e9b9b249f95442218fe03a0da356a9c8,153,0,0.14902930731954445
72ffe067f0814275b2b70e646bc74b95,497,0,0.16109817704804447
8a4ab643ff0644f7888c308026d12047,163,0,0.029910476263905417
85681e4c045b4db2a32a40b42cbf9b62,180,0,0.08766859369608515
b1c39846798a4edfa6839ddb949d74a5,20,0,0.11256117309010727
1a11f603578e49c68136c112b2b26d7d,65,0,0.11672543435144866
da08a448894240f087b2b21180bb0383,92,0,0.1478146728933959
3b95bc799fd043989bd1ebe7f19836a4,752,0,0.15022470174853092
e87aa764c1a04256a6f6ac2e2922f7f8,92,0,0.13217266901744024
4cf3e94ed3a24ce083abe4218f908c71,241,0,0.15332351040050923
c503a9a60d9f4004bf0433d25472e1bb,219,0,0.13767561235621223
7bf20efb592a446f80f48806dafe2cf0,558,0,0.144910144639173
e0b0b4c7fd5143bfbd5307c67627a795,148,0,0.14578028663172476
4e07b5bfe6674c608bdca201e4d1da60,620,0,0.1540351765911589
f74fef7cfedd43358fa2217583e6240f,259,0,0.08678777224520778
b8765487976d4ed8a091c17085bdca49,701,0,0.14090829439294833
4e3dee55df814391b9d8d45eb780a243,774,0,0.04601739769753299
fbed21fb349c46fea26a2c1f6e88300a,449,0,0.021054625243268787
059c7cffc73542ebb637b640e14293b4,798,0,0.1186040559242093
9651f4a6211d4136b4839cabf03b8042,560,0,0.1548161833188218
1b5c12786244402780b2dbe6ba64c52d,53,0,0.15728455782615314
a670bee3f8424f69b13db784b7908447,656,0,0.09046232971523893
751cf5bf983c4caeb63608b7e92ee23b,643,0,0.10207296829417739
ad5333b7596347bb8d490ccab927ed62,133,0,0.15737089415446176
d85ec6513c824203b1ac023bcc49ac1f,489,0,0.14204461100022575
4d5fc67165ef43dbbed2b55a5011c7f9,335,0,0.1472668012640354
f938649515ea485796d7f2a2811de6f8,186,0,0.09581012931428223
5b925224668c407abf36e6ef095cefe2,21,0,0.1093914158248892
54be2698f70942c2bd30455498cce880,626,0,0.12421436647220246
86baf4cff0cf436e947d563fec48bb24,268,0,0.14757768592740883
8029173700aa4916808fdbb3c48b307f,439,0,0.14005493434749533
6718074af9c7493d9d7170de1aef9900,580,0,0.1520417008727718
abc03f93772a43118f52fe442cf87468,689,0,0.15608797415421455
a43ed4b06e614af89102f6d855b744ac,211,0,0.13555170284720192
3f0b17d240844c5cb90c5f1a897e351d,297,0,0.15358415494773214
bde8486d260448f5bec56ec9c05addef,596,0,0.11404079060673333
1bac831504e649edadb36e18c4b3313f,703,0,0.1467569575765696
cc79f8a2a02f4369b8ba7a201634ad62,262,0,0.04534165653958644
3a29b0c498a44d87a800a0febc385476,240,0,0.12326334901227892
73927b51417542b3ae4b128a104799a3,686,0,0.1129545760661887
b74054e93be64d4ca8e0d58375170f8c,259,0,0.06572626318410418
32a29ef66e4549eab2d14c0d6b0de185,347,0,0.05048144265085286
d50af58886ef46ef96bc8b4cf4259dd5,543,0,0.12480555425138812
6c8e324c52b649f09287e60cb2952e54,130,0,0.1479155009421495
e4a01631f7994859ae2cd07e2af22449,627,0,0.1575223968645869
ec356cd6658d480a88154ee34ac3354a,168,0,0.12517567336095303
37869f55b9144d0fb129d6ba5bffee7d,782,0,0.10935829901913546
54a4dd490e934f5e96a6c4290f7af1fa,118,0,0.12606495679838592
1059e7a138464967a9704647d9243e41,574,0,0.12919170780773243
0af1f2ac104a4fe79e5b2726e8735db9,151,0,0.1502992786999897
671fbc73ebef4607b6fa6d8042207580,172,0,0.06471451361479508
2d48cc2e9d774da5b0056fc6fb904d93,217,0,0.08790193637102056
1c39aadd51dd467e9b212e125b33dfb1,510,0,0.08250246463915195
75b248317934489d915fe51eddc38f14,696,0,0.1177860120318922
018126df0f0d4d90afd8284d194e2776,108,0,0.13194330969711904
338e985f26fd431980a576cb9092d27a,724,0,0.03333352958276414
c8575f8dbd4344ecbe315d68e1ee9f96,5,0,0.00043159129728737033
4e5d4fb0f6ab4400afdfb9855dc850d3,463,0,0.058330247106824884
492afb3943d94eaa82a870748a7086b5,330,0,0.14143182177046376
c9f3b0eaee1d490fb99c30d7e1abeb9b,616,0,0.1595327326884209
c2af5e2838724fb1a637b4d0d4e4118d,789,1,-0.03672124676262645
e659c6d7bea0470080161bd5de149415,412,0,0.10803373208907091
4add054a8f544067974506d5d4da1044,753,0,0.13142404755668224
15f4f83816d84224931390a78609780a,376,0,0.10124866487463485
7edd4935e19f407eb85e4bf4448de6cd,397,0,0.09873179847708807
11ebc37fc2f241c8839d8c31c7674272,702,0,0.1531479869381701
6b21c822c99743b18961bc08b9606d38,85,0,0.07993129974363639
0a082cadfcbb4109ae64d9246592d7b8,130,0,0.09353491790765539
0f5e49b837184deaaded5208cc63d0a7,46,0,0.16215541131828876
b178ecc507e3494b807e8f7a76701e52,676,0,0.059288577668919984
e88f646bc2524778bddbd415ca990ffc,186,0,0.08147306986486785
28e13a82c05c4b63a2878a745d9bd3c4,321,0,0.1335117447064868
11e0122e502345feaf838b9e070f09ef,5,0,0.12968125023601007
b35d196413644ebc9871ff9eb61a5a55,471,1,-0.01305518552131113
633bbafbfda94769921dff5afc6182b5,762,0,0.08415691142503928
56bf0e84ff924f0689ef0a377c7ca68b,138,0,0.1496366526584571
c71a7149141549e7994a804461db9972,192,0,0.15794386816462352
5d7e51099aa9430ca9c6ddbb771b457f,665,0,0.04327853977141599
b2aa2d30623149189fd9ed3a39ab33f6,432,0,0.05360769996964826
616fd94b291341cc805035660a9e152c,301,0,0.138587024906294
de8a4b8e3b3941029e1394fc9cc581f7,507,0,0.15716615634887976
eb1e8c1ef0fc4a94ae71c0cb1c5cbf63,37,0,0.11878349540464983
c51b2d03eee84e36a0a3dc9dcc13d11c,626,0,0.07513721143074181
dc73d0011e89467594531f70b7062c59,19,0,0.14803033379420177
331bf266f6c44191bee0088ce9a9d336,663,0,0.1108740430668046
74ff12a9a1334c45ab857745eb21ab64,506,0,0.10340994892285454
3ea612c855be49099d3c2b1252f374cd,459,0,0.028553174795190428
283b16d03880474594deebade349d30c,743,0,0.15918984890071297
7eeaf37c9b574a94b327bd2b1a99ac52,601,0,0.10622721636286425
09f1ab84efd241249dbe014b3a4e99dd,479,0,0.007765765059822738
f20c6ac4016949a799820f5d594e3e57,399,0,0.10933039309192
df76f5ac8b3f4adca4264f74b8d59ece,483,0,0.1276611100558513
feb049478af24e6ca7433f7d60fe4da7,160,0,0.12719102155746564
e2433ebb159e4a9584aa2b7e172e15bc,425,0,0.13935109411894242
5a4c2badb2ed4b279ca76e0beacd3033,48,0,0.11094521643611255
9ca4c218a9f5453b834ce5fe653fd672,632,0,0.1465488684999332
47fdc314d91344ed816f1e24da0223a6,264,0,0.019472112170757394
8c204ef49cf14e50a8513265f668efea,706,0,0.13980986215719654
d4e45fd67a9f408e99643abe036f680f,51,0,0.15395114789657405
f073d2b5ea754ebbb7e5c143c0997ab9,108,0,0.09720964119341075
4f1a867c728d43f6b19514eeb8692cf9,104,0,0.16202347044551046
ceea40621b334101b73bd9efdac9ea9f,299,0,0.16009043293695596
a4f82b53182840b5b30801cfe680fe3b,101,0,0.1574343789255343
0d49e205281442d49364ca3c72f8e211,206,0,0.15241354577733385
3b1265667546458f9d1dac1c5d7a84cd,485,0,0.15102777170959603
e24a54ac64c849a7b00299c039bf98c4,732,0,0.15635448749118397
21bc8df085614810938e422be6df4074,155,0,0.12163838494127993
ce27f7b22619438da712f9161dc4f517,233,0,0.16068752556128746
4d3d7f64de2d461a9d200c1582af43ae,469,0,0.1482460627853014
b51e149ee9d8449c9ea7ca3bd6f9eaf6,71,0,0.11182475721395169
27707ce0e7b84c299a7d9687415fb36a,790,0,0.15719840570914684
dca3df62b4f549c48e80e2ddacad78e2,656,0,0.13891260564321967
f85aa989e7d34ec5a8c01f92e31039b2,730,0,0.044767495178930194
897c088fab2a4bbd9cdbb31be76e09fb,411,0,0.15549228393040326
88c4f394dcb84a848d9ceb28bcdc70f5,760,0,0.1364981420199931
19abbd66a24c45949feba8b441d501b5,218,0,0.06589110712750379
4c2af72d2388456ab0d5ac7b6546f120,792,0,0.13287426237438332
0fa156f96fb64642858cb5e2ac9075dd,749,0,0.1563282053772086
b988436d007342d4b05ba782797ad70c,126,0,0.1538118032041848
44b6d4c4f1354a6da7006d855a8efe24,5,0,0.09127105389966705
898f22071dc4480386e161ac784397b4,579,0,0.14437090075440312
02224d86f0a64eb7a7d6abe29c134cb2,732,0,0.12995232823484465
c89894b4d96946c1b032544eccba95b5,755,0,0.044251175715050606
b3ca42a8f2f34464b7be80b3cc408132,421,0,0.13502214116608796
83ef151a6e4d496d8876f70b6b651220,487,0,0.15964402940759054
b89a9524dbd94e249c746f9eadaf1960,602,0,0.13761344607965786
a8f61231f38e4e31ace0f45bfde25aa1,510,1,-0.005391990620445264
eaa38cc10172432eaa0a181b8573221e,426,0,0.10500698324970337
2372e4ba3dd447a3862ed0cefa4c350e,728,0,0.15599979162443334
9ca74b69e3b14d239226e855e8fca78d,418,0,0.14277534337102538
37677d87a3594239b2b2893c2b46c98e,535,0,0.1567206328210592
b5125d05abee4bd4bac9d8925d9a0e54,301,0,0.10964435138247702
728ff9f4f93b461ebb59bcd8e11b00e0,431,0,0.04171557964828121
bf5c3e0856854757ad959df6f1b87d61,290,0,0.1262631100564789
e91ba325df9d4cd59ccc7d9d3947eb73,69,0,0.15669251713691007
a57eee32384e4bfba74acc9d4195d96c,579,0,0.12672832469081174
2c0c57be9992414bb12d6a3008f396c6,737,0,0.13223150920871252
18a9f8fbcb464d6abe570fd76268551f,651,0,0.15655843034494643
1f67ad88ad9649079df19185fa0df593,745,0,0.15815456068298384
c870534e076f406fb25d203bfe71eac0,553,0,0.09486788938258517
f98f088d8bf04eb98bd8b182f96668b4,169,0,0.15496965310108812
f77dcf2ac8c744a6a96e2e6189c172b4,574,0,0.15294786927122012
daeae5582d0844f090e00112d83bfced,554,0,0.1446423799919953
2d2999be88bd4b8c87acc80a1795d845,210,0,0.1013334824921186
13e41faddd4646f7bff3343a81a61ab0,86,0,0.11573487225163087
06b8c2f3f2a8454b88d78cad5b6c3581,46,0,0.06226897446853985
072d4bce977242b89f513b56d76bba4b,117,0,0.10771404192876954
fef215a0df9d431daa3efacf69e760dc,417,1,-0.017007596105988787
5d09842a091b4a749b128c8fa2eb28be,331,0,0.15334954191045458
0b1a17d6f5624faea97d3f0e7a58feaa,770,0,0.154509538111403
3deab37d0ed84db9b3174cdf5c0788d0,117,0,0.11966584560827576
bbb9e2ade07044c6985ca4c2b6a8b6d6,67,0,0.1463456535940882
48888e25aaa44dd59015759e899251d0,567,0,0.12607853483446824
a660d76ccf0d49438fee3bfc2cacb347,781,0,0.08811776166438579
ee823781a7f34a9b8c634b0b17c94899,651,0,0.08482136764289805
9be890568da54a17a6908fd2dd241b47,251,0,0.1303473740472073
c9bf789be17d467980a12b3ee1c61d87,668,0,0.1344159834195744
bcf3ac1e9e024721a465e072679a0f5d,493,0,0.1527049531832278
4ea164e3c9744ff7b6db699e5a6ccbb1,359,0,0.1418928132712038
d18df4bc0c144a37a02b0c605d875144,46,0,0.0372062441428721
9847e7c4808b4301870263e368edb9a0,143,0,0.1529353158442357
580d5edeb50f4e21b414dff05025157a,678,0,0.1485429620229209
08feedff6bac462782fbf6488cffe7fc,613,0,0.15475964534720937
0f9a404f1f024d4c98a9b87b22f558f0,623,0,0.14951453258762992
07569be0c3a14ec49454ef773146ddb9,569,0,0.055321803875905684
8626d63d49664fcaafa18cb1ccbf99f2,83,0,0.12750627255150515
787de1f1bf8042f0bbbabf90add0e71e,31,0,0.12901521778360037
3a7602e1c1ac42aea1450ea91b754c24,385,0,0.15855649006197742
c2eb1f50e3be414fbaa4ad9b04810a36,786,1,-0.026001982391534284
55cd4ee6d1f34a7d8a42a56bdd472b1b,197,0,0.14347454837986456
a267f7bfa5eb4bf790daaef415f21d02,726,0,0.1546146284153775
0244a866293e47e8b2b10bd4794b2a01,371,0,0.10959555780457009
a4eea33c53f04fc6836d36e548c1d7aa,620,0,0.11902640524730945
711ab4b9cfe243a3b37922b9ae8767ae,113,1,-0.021685395859585288
ef7863f7e82142fbb64a1de653a9825b,179,1,-0.011314696115249823
72d423c612844c859fdb24df749d2e59,265,0,0.09099455723610472
af2b9977f24d4d909d421c318b9516b8,280,0,0.1335427545155114
0c7e04a7cbc048908fe26d8f2dd08209,545,0,0.12450171600400645
2a23ee318c0b4ceaa5b6fe32bf4b87b0,330,0,0.0642707403730039
5df8b769158948689ff0df32491a934f,507,0,0.14284768108285367
bc570d47f8e14cd19a5bac5bf0983643,284,0,0.12864983160995197
26d4486232e447a29421fd319c5a2bf7,401,0,0.14608306697737838
c746da9306fd4d52939a15e9e775fd0b,231,0,0.1450523431984262
66176945904d466c99328fcf6a55cfa3,255,0,0.1579055283129785
c6854ebfd24d4c2ca48c08eb4058e985,99,0,0.15319535610571056
7fa6204b565741e993fea81620e7f74d,641,0,0.12389406210372078
08e43ddfb9ed4f128bf4b1c311b99773,348,0,0.1529000291318217
09eb59321f4c4eba94281019d8215d08,223,0,0.1569590363645264
dad1da2f129c4b098281e5b35cd19c37,592,0,0.14247148011184274
e924a75ba39a4270afcaa94b8facb365,452,0,0.15189374046247844
7803224ada1c47ea8537c84abbf7baba,770,0,0.030144076922292373
374407bee0464943b309677ede228c2a,438,0,0.14483929249095584
032aeb878bb14bd2a606a808dc9b8b67,110,0,0.14899264964935433
09052ce8fe3242e7b7682fd1643df8f3,198,0,0.0017287054970800408
b283e17d40eb44cb8380abd0626ac42d,431,0,0.09294097393054396
978546f969e24689830a36dad5b61360,667,0,0.1332613812283801
e52a1539dd324e788ee79d96057537d9,149,0,0.15238228346142063
4006e822355c46b4a321ecba79083412,205,0,0.1453628578076856
b36ad7e0e5904f44a1315999ee6b5298,683,0,0.022898822181147582
d6f539eda93e4deeb4ae23f4c1c5d478,343,0,0.1600245226456225
e8ba5c5e05134d5ba5e091e406c59c31,465,0,0.10642884628345584
5411a764ae474dd8a681940a095a0ca0,228,0,0.15950723407798523
974f3ad3e3624a3d81ee16ef799b7e2b,752,0,0.14575591926231163
6fa0c6b83231488ab2f232c8848fee3f,409,0,0.08841284974600622
3ad79122f9c9489ea1e1f57e00598696,568,0,0.12835545006192095
6bcdb9530aed43a8ad6c6db754b6411b,599,0,0.12171475508193341
8e6f3c4650234dbe9bb0ea96a761c65b,268,0,0.14740902240536202
401ea2604e334cb092d03ad6c593168e,728,0,0.03748071007038051
1d656cd7835d432aa8e53ba8166e45b5,194,0,0.15755559389807627
b8f9462dbc044d739a0de8a3ee3a46d4,613,0,0.07744829731014241
a15ca134ae544df3a30ebf488a5dc56c,253,0,0.1430347454539857
ab785e91d4404a30bdf335258ed50b59,744,0,0.14045664736595243
b0af31e0155844b4a3246a22d1c4e7e9,171,0,0.15870569847423055
d4e0516980b846afa437edec69874166,506,0,0.15804420653343554
0eb75c52aee54e3795553f961474282b,597,0,0.15811281000643662
cb459186bcce4c3bb80a71dac6334b99,386,0,0.15201292881903966
19909418eaca459686dfa37134f01940,769,0,0.13122729307248776
47522e01759c4b54a4384c362ab60354,597,0,0.13669069317144783
b6b1aeefae824848b4afb0b6aa70407a,418,0,0.017239873746362877
c1e4da25ef3947f9b6e1aba82e63280e,183,0,0.14904294729114975
1dea2a62fa3545bb85bb608c4485a5f0,84,0,0.11196836954744688
541431ed39b34f2da6fa09a90c25750a,559,0,0.13087045103277728
73a2e55c58b142f5ae5f456d545683fd,121,0,0.15660640482287586
b2cf550418594bcebd0da906a1e89002,699,0,0.15877180237853877
a6212904ab87428493f50c790ed20252,770,0,0.02756057576856552
dfbfd5fa87c74f96b9f46fbe85ccc560,671,0,0.07383683590505397
2c92399616a24ff38b3ef6f99ba879a6,601,0,0.15438930159144176
c07cb035a7e145e2a0beae2ed74e6f95,472,0,0.1561209563286844
07eeaf4848734aa7bf41d1d7bf5c151b,439,0,0.08504798355692106
2033d088827b433595189a18cb575e53,571,0,0.119058163023881
71e23ddf2810405b9f050757a6bc8ea3,755,1,-0.04390667779566704
2b2c604342e1419b9282bc385e9c641c,435,0,0.052129048356920005
da6457d631864e3387651cb31228284d,338,0,0.11420127348534193
8cf50af6d4e74591b26b2af64058266e,622,0,0.07828578527721264
99785cb7ed73498aada5b417bb24574e,400,0,0.004789334004563162
666dd8eabd6c474caa5e477798dd4252,71,0,0.01431731248589485
3efd519d1fdc4327b074072834462978,536,0,0.1571676006563727
05425222a3d2438c902da974f8cca618,334,0,0.026855695589550144
a1c2f656360c44fca175b4562472829a,210,0,0.06964635176441897
b6a928dd7ac9455d94bb18081bbc1ece,317,0,0.15997679184642072
69ab23ac9bcc4652bc896d8a32da8e6b,146,0,0.15848145478845754
5e83ddfd48c64be58879d522ab1ee6f8,538,0,0.15827646280492397
b18e835148fe460f9b0262e554a5fc21,754,0,0.16049150684619984
08d23351810d40b69d3a8c4f0f92511b,728,0,0.1257799320277554
f9b1147b99b24d2c8ac9bc2c9c993475,179,1,-0.0539168728349837
ec2022dfe68641868264a79e60b2f590,468,0,0.06845426321364367
78d3630f386e4f34908729abc9dd4bfd,44,0,0.15693160541989076
a954bd4702974bc18a73acb4d67d01e2,222,0,0.015805297403872542
85f0154aa63b4238831a2212229d2cf5,419,0,0.1542660239165547
0779895fc9aa48fcbb8f101f4d2c41e8,199,0,0.04895465099045493
803866fe6cc34584be742685274b4cac,686,0,0.013680876335840364
73abf6e062464ebc88b42312b3b3f660,730,0,0.14504447067451526
067117cf5a364b7faaeb5ba71ea87943,165,0,0.09190486614388299
f0131dad16d04e91961c047220fb36fc,547,0,0.14729734609735234
b8624850341741ffab2e9e654386cb1e,11,0,0.159003178135312
63b9cfa81d6f4701b7d43b4d20f74dea,731,0,0.16009583080806766
8d4dfd1660814fbd870d53ba69b6dbee,650,0,0.011782576806041556
f14c40d7aec843aeb05def833951ce30,105,0,0.15610986784568176
653c3c4eeab94c00b93e1b6379c64f92,383,0,0.1487730862132452
930a622664bd4fe49b41554b7e20a048,741,0,0.15675251559889292
b4a6244992614fd6b1701c9e6730923a,334,0,0.11602467784109188
9d4da07a880340c483895397508e6cb4,554,0,0.135490907027078
6cc0c472e82e4ba9904e1b97d79067cc,108,0,0.11449258001448198
fbdc427106a04ee3ae63aca448a56d05,12,0,0.15917574713741484
6ab3ba14f47a4d9bba024ce94ae4bb2b,285,0,0.00486642620563027
cd0e9ec777724cd9ba6b8db3244fd0f4,223,0,0.046665222990719735
48556bf9ad5f4ffbbe22438da70d4b00,729,0,0.15247069038902727
feaf649ba61445b6a2ca45155e54feaf,614,0,0.03148411245469185
3ca24b69c6b44551b80a21107110b82b,789,0,0.16031687617062124
9b290d9b728046cba204c15314cfc2b7,599,0,0.019582816978239714
ef76bec18ab24659ae027b807f817b18,21,0,0.06481890249575617
a8c727add2514e84a00ccc60f0d6e206,249,0,0.10010847307114068
4a797005615149509daaa2f5980560b0,383,0,0.12819475029428462
cb876b08357a496b90f24a99b4e723b9,657,0,0.12233821649907817
38be9b1a41804ccb94ac2fad55b30b98,612,0,0.10792522931817106
4d5945116c194c50a323685df3bfac13,284,1,-0.029617618589818706
d80de91d0e894c5d99640edb939f7ea2,424,0,0.15255269085482626
d2e81bf8974c4fe0accec095973e15d7,750,0,0.043319329869573764
813dc21638414db7947be223d7097d29,227,0,0.1545817263932055
d8392a93163248b993beedc6ebdfc936,644,0,0.14278271190947517
5d59fd79106348a8887b2ffdce79e9f5,649,0,0.14397922232099286
046264cb5ca44b8880ab31dac08ca555,606,0,0.1446980298242871
9e5491fa1d6349288b2dc9fd57bdd535,436,0,0.08823323929051202
6d85fbb23ef849d1b2b63648aefeed77,202,0,0.15180122441342125
01b3b101fcc5425582999d4cf7bf5c72,590,0,0.10220504672240127
892e6809609848068ad5bb4640f42b74,278,0,0.1422286398830775
5a45ed9242064df1b021e84be0c95d89,386,0,0.05201218198242352
356b3d2387ff4b4a9f1f10e6003969ad,752,0,0.06500391575202763
fe15821d5db5444abbe2b12eb530f95d,780,0,0.09434432523155584
abcad27e469e42d4a153cd9b33119086,313,0,0.08782652606941549
0a6d1857c9304fa4b6b9eec78d1adb51,341,0,0.15016874976654027
400ccbb4046042f18398868087d7f22d,425,0,0.14184285500322774
69f53985bd154ef188991c2134261fa2,315,0,0.160520403958185
9a77a02507b949c19c457f744c18197e,127,0,0.15364322028959632
185ad4a26e2649afaa22d0c7ce4cd0ec,261,0,0.15487801080916042
ca7ff0f30a574bc0a3a6cd34da05235e,500,0,0.1534229246589625
f7f724244bea4baf86da14eb0cdfafe9,394,0,0.14047942884543724
f8bab8c3311e4c1d9aea61860d02bbf3,35,0,0.11947783038740162
eda51e6ff0b64be190dfa4730500cfad,697,0,0.1225738545885991
6b7e819afa794baca323e2c3d6f773e3,592,0,0.11987485830077832
8368b71a59914b52af6fcabebe5814bd,391,0,0.15117301688938173
6e82c80e7e194e7ebe5a09bff95daef1,91,0,0.1453246995958279
9055e2e11e1046848ec77f874a2a1123,766,0,0.15891144961614984
b08e9b6bd76748088f5ab7c50a8f49fd,172,0,0.1478977853308821
c9f68881de914b03b164f1b6c441e550,441,0,0.1460082351069908
dd090ad98c6b475282185c43585bd457,498,0,0.16037210024643517
caf62d697cf5453399c4f3670b1fad31,217,0,0.1554179419439567
5fb94af5310c4310a8fd984a98e41672,418,0,0.03144480786471093
a04721d441db4c4d8a7b4520b4e5215d,81,0,0.12754997490653347
87b4d9eb3c074d099838fa73afaf2aba,103,0,0.14938696669662965
de08e238eb6546d1b5b466db019c8793,681,0,0.11415672250134584
6ca041925be240579cab580a380f0979,7,1,-0.0005100971032599433
423b162b87724704aa3f7aeb0ced916d,351,0,0.08283496024732412
bc54747825344ed2bd872de840733733,369,0,0.15862746154085317
21a1b59cc3fc4e4794d2c28e69334399,338,0,0.07291575834322805
3c18e33c70ae4d58a89ca868a2d8bdf4,543,0,0.06880226842690795
debe90fc570744538606fd98a5ac6460,653,0,0.09895589159464774
5878bc1150054a10bbd83986cf6e16ae,46,0,0.15727402048302958
755b59b907cf41bd8a842852a39e0168,621,0,0.15586602799141497
3fdfc11d202e4476a434d115577668db,716,0,0.09746396769764304
e01760baf5db40958bfefa856b6b90a2,729,0,0.09408709555506944
5bfa6faa00ef4bdb95d6b772b1b1b40c,689,0,0.13545728117508765
10eff24ef47d43a1a78a6b3b78889a3b,118,0,0.1192655124358668
7faaa5c6e6e0415490039ca30974f683,287,0,0.15414828710959066
347541825bea4995b939be7d89876299,681,0,0.06979056343386347
09ec419b0e0d4c198fbcc20c994164b6,229,0,0.11383600167550789
2f5a9dc7fcbf438cae7d9841ddeb8990,66,0,0.1481841966647232
cd4e78adc1ee46f8bbda6af54ff548fb,753,0,0.05840415666020804
c05fbbf6f14b481dbbb6a86941259a29,447,0,0.15692556548713515
e3d4b5b277a0431abaed08dd65b8e147,192,0,0.14908803054469355
d864e6130afb4c58a07edc343fee3c58,63,0,0.14183504383616974
8c90d376acdb4923a248f28492c0a561,433,0,0.02318649255048444
32c03d123f8a4f47b5408e1d912b7825,404,0,0.15962722473917168
dd76bafe4d434dad9eb28a46015a9327,303,0,0.1282354116095516
88ffe371916d42a99e7c8e30ae2ae595,613,0,0.1378998071057403
092fba8054e24eeab5b8edb2d92130c9,489,0,0.055106245448524604
329f605989fe49eea5a1e3e955c8b736,341,0,0.0953566045117954
9800ea4f8d5f461492e4b880df061392,183,0,0.1609908704288055
a07c61353794479b807943650a56c68f,432,0,0.1561642976943286
32a74452f4ce4f39ad29dcab65ffdb2b,73,0,0.08217722121463711
b646f510de8241b6aaa8c4a213449f87,561,0,0.10593720052940914
0415e77fd3544577b7c5cddbd45d90c9,55,0,0.1467790868577279
222d2b6b22214c799de1c18348235c0f,591,0,0.15898478159473384
eb1407240b70402590e8db2b5ab40981,214,0,0.0290686204989975
f566ff9e0e4e413aa001397811f72e4d,589,0,0.1594469798553262
c37c9c3b77644e4987e8b7ef4acf3f8f,172,0,0.1160934480966665
3538001c726b4bf5b35bf4b2154bc70b,183,0,0.11757881153183292
f8748a19c80a4b6bb9f8365204a99df0,346,0,0.14410646742192768
25e52dea11a349759f8cfda54d6f68bf,34,0,0.14600316961068172
95d78e1754e444e699428603b8174422,686,0,0.14143089897500982
813a50ca7efd46f0ac702fdb0d0e472e,11,0,0.11643908119712021
405a651c859940fba888c57da298184f,521,0,0.08355853758737558
97ab8257ab484fbdbdd197606d30515a,491,0,0.11786774552054868
f7a0d7b5ac37413b82fabcb147c410dd,393,0,0.07147589343142835
a05d93152851447c9232476bc008c632,101,0,0.0028256184280788244
87ade040ddad4429a1ec7d9a27a532a5,569,0,0.159794504990748
2ff2fc12bf0a4f28b2f8255bbe6baf8e,184,0,0.15375047166316874
dadc4c2efa2c4e46a8e96d88363f03fa,40,0,0.14864961784276903
c96e4df56e014773b0ad6332e516d328,575,0,0.11963633346791863
a4802866c6224794af8fbb1c8b1fcff2,518,0,0.16260143123565446
5313d9997098445ebc74e2ebee36a949,673,0,0.10557851750714509
a9b3fea83eea4263a9f9a01f6a292358,531,0,0.1509508409690547
1a511557bc1a4be391cfff0d22c0a8c6,143,0,0.15592237105543527
aa861f99805b47e1b5d83c8a0e9e0137,551,0,0.011137356650419539
6851decc8d934400bb2ac23a06159f35,220,0,0.04194027546924883
fd12daa32ae445b59b60c1a09444d00e,284,1,-0.03293214923841836
e995a7ab150746a2b4bd1a71362148b1,390,0,0.15868550362946454
2e5dab411829464ca9a6d39632938d7e,260,0,0.16202862322049888
cc9310f7e1514e949e157c3cdead2ae7,644,0,0.1159005644341532
4e109c6534ae480ea6e8fcc090eb8a91,731,0,0.12305172311478324
5d219e009ba247758a8e45ed2dfdf1d7,323,0,0.012364141564166986
a607dfaee30048a0bb4fd76f7df9b084,67,0,0.15428160790346718
8a104041b85c49ac86429f2142d9d067,231,0,0.11039165890764491
865a8c4f51f54dbfa612433fe48f358b,227,0,0.07642011094282114
6b724f0c12794bcab7ec6986dc346e24,357,0,0.10744448270523232
e15647b688804b31bf53efa70430aa16,277,0,0.10799802032541894
41fa665e2fcc4326b5d6c5c68942f1bc,544,0,0.07863028719012888
b719b29be42a4307abc4def51f791545,606,0,0.15387190696200248
f31acd77ef0943d89828978e59e2f3b3,159,0,0.08773768959088174
31e91f258fe94e1daf079982c212f759,753,0,0.10779926526596767
98680fd3a13849cfbb38d40b1a5814f7,724,0,0.02817475246081208
39496692ac9641578acc11215e00337c,449,0,0.1512114173892381
3e1c655504334865909a076013951df3,438,0,0.08235164477755702
559e74ca0c2a4f949049009079a7dd5e,761,0,0.15671240613294718
b73686d9052f483eb4d1e6adf8b005c0,434,1,-0.0014489214046137788
c4a4f2a4a4f64010bd5e01d3f772d54d,491,0,0.0735931883783385
4652a184f5dc4fb49d45cbe8e9698a72,194,0,0.12051201779102932
22b74ee1820d4508a8b64a141e372cc1,719,0,0.10745461956515845
c6068bddb58a446fb1fba34461376a22,677,0,0.0780861365755286
8cb1202459b9425fb7b85a6192f7e75f,621,0,0.10058214651458253
2a9f91b6e5ed4ee7941cbc3480846dac,782,0,0.13434076178244153
809b56590b0441749e1aa9093961df61,136,0,0.16238332455259025
8e41a0f8cffd45969fc5309fc17e5453,552,0,0.107485342312719
546c40d5ae4748edbd5039bdf901a752,646,0,0.011328347561129937
f9f6efb016b0486eaa311ab6a8358e02,632,0,0.15412682809726458
4ed448fee1674888a84b9e26ef5871a1,417,0,0.06084802652566507
c2e111fbe6ff4c179a5ea7cd66bf95eb,471,0,0.15692557090532472
a63db92fad9d4b5698eb7cf00e7e368b,739,0,0.12078644655115206
2fc6f40dc25b4f4f9b0cfdabcde6d931,103,0,0.00803904701627256
ec97e0671acb404b97f05141deff4eda,157,0,0.1057699793587803
481ca58a0692499c9490c6d4a57e8527,7,0,0.061326395617256724
f3fce20609f44b42951ae20fbfb08fe6,383,0,0.13242372391378476
8e9dc41acb384c1a915158ce3ab6d175,275,0,0.14282827242835194
9826c76f7ea04cd59eafac274cbfc356,165,0,0.12130717762627202
94a4872bad344a77bcfcf3deb39aa7ec,113,0,0.04465039880691485
0ad9af9ecee64cc3b9301a93d93df956,681,0,0.07610604768364637
2f978e8349dc49fc888694a8be66f820,743,0,0.14729560638069716
2fa6a5f9c0954a00a487399851180067,21,0,0.016483576989046123
572433604c494df8845f7dc74514ef43,694,0,0.11111135236057723
896cf05194c64afd8efeeb9cd86e1fb7,105,0,0.15020574763640426
96cd06a85c884c3687f0e9987d0433df,605,0,0.02459426235645895
1d92cd3849b14ab59f088e2eaf86bea0,280,0,0.09659908954676621
8c1bd788ae5f4e9bb2256304a317f0f1,93,0,0.15915308044324428
5e0b99bffe5948779b8dee0914bdba5a,648,0,0.12197286824649745
f374d49df32c4305b1196de96a45c127,52,0,0.10369646819923362
381f4a4aa1b343ad922c4b34d0e59b2f,287,0,0.027447975519163892
949a20a40a7e46ea851408bac021f877,48,0,0.13100845483620666
7fdbcffae07a428785179ec85293204f,217,0,0.12647882194450882
d52a89507e854ca795bcd9265b4dbb6f,189,0,0.15323801447840063
9e0c80a78d3b4f0aad74081a84c9cf87,114,0,0.11619300316746528
6b66c73735384620af1180b23b9df60d,788,0,0.15694455533329255
16fdba8d7ae04f6baf346d8681e125b9,616,0,0.1251940124997375
161cc352bcb649cd92121eb0f97dfde3,101,0,0.10367029865593974
19639ce3b2a94135b70b6578c1a1b114,132,0,0.10474725115821487
f30d8324831b469f9872129bf9cbd3a7,62,0,0.06293108283851462
6c94be68f8a7419f8cc3f12d46c6573f,701,0,0.14685256373809674
e046d68bcfdf4baaa3babab41a40900a,521,0,0.08937931369753604
5759f799ddd64510842f11bdecdb1e79,188,0,0.11792516569306888
4d640ba6fc2840c99537c606f4bccf38,606,0,0.08107800676418891
6634ca30ea704c96a1d864daae71675b,265,0,0.15209016425959615
ed5a445526734edc974809c7f153f9d9,121,0,0.12732420996858967
00db2443e0404ad9891240d1cb75d51e,40,0,0.05427013707167466
fff21ea9a94a49eead54a7f16be41767,52,0,0.10202042348172197
6db564b226b44077a3f09471d183c5ca,547,0,0.15197883201638246
0c8eff46ba824bf6882adbd938a753e9,85,0,0.1554882067090086
63f036632a5149449795e1429932daf0,626,0,0.14547488151183163
72bd57c5d4cb48e9a5827a57ac0f9dbe,364,0,0.15152789926660365
28246fe92b80438ba372455d6a841f84,16,0,0.14273385102617153
0ed2ee7b19454ccc8597608d28d27920,391,0,0.14368934873455547
dc7e3012ac154a09bd1571309333e174,595,0,0.15461626045282745
0443140abd994c1e9c183e7d42956c2b,747,0,0.1559071585541847
8bc82a88dfb24cd2afc1bb03df1494aa,95,0,0.10856954195454138
79848ccc2fb341e680866db12b771e0f,180,0,0.14584428849883746
aee10525978146c594fbd4c09d5d99c4,663,0,0.15680401029473567
1af6f2804b8645748ec7312910854d48,73,0,0.08041727594791154
16206eea43d44b6788990d4ebb94a70f,412,0,0.1392350008508682
5807eb29e475401288f39ed5a9d859b1,12,0,0.15823325664389726
d4c81383ddf342bea461c59e40cda5bc,614,0,0.00449216541859887
9f4bf9ec1b3d4f54a929387d6650c5ad,555,0,0.11508245585350463
b7d67193ead946859d552111614e1602,207,0,0.146866396834736
6c55ccf06ba7423d9507e3cb0ab5894c,556,0,0.10733267827998949
18818b5eb1ef465a9b2ad2bac0cb192c,105,0,0.10726545557948736
7d9ce8c3cb004d1e8fecd4abda398060,229,0,0.1537984010807426
b02df6676b584124a0ffb0a5b62d8050,293,0,0.15077511900385393
cfb31c6342a94b94b1ceefa95a115afd,115,0,0.14540682487031492
d4b12d9f60cf408aa5b676e6f0da88d8,288,0,0.14123965096636382
d9b63abd5d3e400887d8f7377626dee8,86,0,0.14720351745733246
5ad65c18de2047779176d5bacc51534f,543,0,0.1311156350387267
cb9405718177499cb9d79ca1bef81aa0,683,0,0.15249409297559968
a0427d33b5f5473abced0f17f60a60ef,151,0,0.10788447001508528
17987ffcef4141999adffc62923d9623,591,0,0.15273702030122616
c093b341cfef4cb7a05a011fea2aabec,130,0,0.0861144760600831
02246920a6d84261823af690b2823fd1,492,0,0.16068892849137656
6c9d8de91618431daa8774be6398169d,341,0,0.1591111892527045
badd4053cdbb46f4b6d09e5a24080124,509,0,0.15789721978184512
4b54c1c43cc44d6ea61f2c190cfb948d,85,0,0.12502035399342537
fe906e75fed64d7ab7f37f171385d7ac,766,0,0.15653319053176706
404d8c0c00ef4fe6a05d874d61f94cec,208,0,0.15309093395108275
41c811de0183466dbbbe02f183d47f15,136,0,0.02209866304481023
5c1360dd0bf24e6987539445ecc6823c,431,0,0.14309607573264577
a3b61009b93742b49f3fa523227361e7,712,0,0.05018865439798842
b2517c02d1b549a1a52387ea75c231c9,55,0,0.15564567580019711
603f02ee5fdf4f05bece3ecb8426c5b3,608,0,0.1453490326543604
36e3cff44fac4367bab923a976ad843c,80,0,0.16128362183247458
0411689849ed4b6ca52fb21634004592,426,0,0.1575036463086253
50e51b1677f94c9cb2bf85ae7d5b6f0a,766,0,0.14169264609935522
83454056d1954dc3a5e50f1e5ca4c4b7,454,0,0.1374078979399755
1457dbe53ea74e51a7b3f435c307452f,61,0,0.06391685942250713
93b8576900d44548a212d01c06402581,728,0,0.16058082938661333
bf51df0f4c034e119ddf5dcd069626c6,386,0,0.05402358989435868
3a7cf41b1a7f4d6da52c96ac4858e1c5,488,0,0.10127769344772036
d2503649fa564d8aa9ce55e20a4b63a7,55,0,0.12127802486283779
710249c3b5ce45ad9ad0dc9afd6e72b6,111,0,0.11045411048899145
0178d97904274fa8905251a639ebd702,343,0,0.14330011357171757
52115a46fa6d4d1c8efcd14aec9627d6,66,0,0.121613675033658
c268b85da0c84df1b56d70842e829b29,564,0,0.15596880572063904
9b70cada53c24a8c8b018653d2e51b3a,583,0,0.02068459536545475
d47ceedf44274406aaecf575c87536a6,289,0,0.15823739367786022
2f1794749afa4d8d88a89016c0eb7e9e,400,1,-0.029606856833495843
d02c13b752e34d95b5235e6e00372954,759,0,0.12533241281689217
324a2aa78b7a43a8ad546123c74a4730,391,0,0.10630771761390145
e818ceff61c04d04b27d8a77bd8625a5,220,0,0.013839032998607892
b169b816f7d94d9b991cbc76e1212e97,513,0,0.14903512268863522
255819876ddb4464a98a276a8f51c788,297,0,0.14043001498735846
a1d75678555c40e5947c222c2169d2f5,792,0,0.11666106398312098
560c12c2eec948d2b7cb6cec8cc2a23b,76,0,0.10414140193190458
04b275dec78447c9930864c46dd3bb43,15,0,0.16287576684414268
8f160a47919e4fe3ac5eeb91c8ac1563,302,0,0.15709120634756502
aa8c0ea498a24e538623f6a2345c043e,91,0,0.1569869179260765
005d77f647e04272bba47e777bdad1dc,262,0,0.027267002061730605
9a25b5e5465c4455a099c60808e83d0d,126,0,0.1363778400697389
4b0946660dc542c49cbe056608115f5b,293,0,0.11195354579581168
b4986597251f46f990452a44f7ef9440,423,0,0.1378579701554607
63ebc49c4eb144db8f0523c40f1c31f0,635,0,0.10326381968971615
e3ed2f31a23644b99ef94b3ffe68d916,574,0,0.15422908121102624
8c9b32b9c4514b2684bb73ff051d19bf,583,0,0.11674027056629693
e16b102a42d241a5b7fa3134bd4868b2,476,0,0.14490167767864265
59649050a9d0415398f3c4fc9e519e4f,443,0,0.13553486167734813
b5ff90fd2b304f4b82f834175fdf933b,497,0,0.11426610046343011
adde2d3a632845aab7127940f6b77d48,558,0,0.13465930805538018
837d773ac5b241d980fe84ab6e98a583,592,0,0.1373646516205761
a73936e5b3664fc7afe421397ee3d5a6,280,0,0.1508735630237883
5c4bf326d34b4b1ab8ddb8a8f21bc947,438,0,0.14302408784431392
a82e50daeeaf495b8d37c8791b4ea0dd,709,0,0.0463671316597814
dbf63b41e3404acea455b66c44aa013b,461,0,0.15595013257823281
34baba012ef94001bcc717931c61bf9e,592,0,0.138983815728002
3614cbd7cb454759927168bb62047b2b,430,0,0.0364109907268409
ffaf0753587b419d9fe91fe49ab591cc,615,0,0.10341930743390554
b4ac8c4613b742a3af6bee192209b9ab,195,0,0.10904738204932951
52862389240c4184aca809dab40aaa66,372,0,0.08372619409796006
4ec95c69c0b64d8ba4af959f548b95ae,127,0,0.15694501368205654
2eab7cb068bc4157bc6d303877f0f24b,360,0,0.1255765718957786
31835982d75f4fd2bc23e2b5d2e17efc,783,0,0.15215898846384202
cf7327399b2b44bc88e3cfd81d4fb41c,696,0,0.15743201006058294
1d56d03bebb94e3b9e33c6e73c32f537,106,1,-0.022486958514136957
71b765c7978f464c98538eb3ee75eb63,769,0,0.06417294475942031
a1b21dd46f3f4c129daa9d3bea2a10c3,595,0,0.06076992816910637
7dacc35b1a53436bb78893a83a556c5a,228,0,0.1623968762167256
3c52ec9a4f2e400b9723e65f49a2e62f,475,0,0.12852614394118012
0234f866800341e99c89dcedd49dc99a,229,0,0.03784471850419857
aa94e9748d8e4ae7b5279059d53171a7,314,0,0.1360228582313796
dd620abb361a4c8d9df57971a4c36f4d,424,0,0.03354248220737799
85c2e842e160444795bdc540eeaa8b11,531,0,0.15370452559087616
98d5cd8a1134498dae402b8e6f9f4012,585,0,0.15999374387631615
8b808b9c34df41adbf95540fec35b3c9,197,0,0.14932299162119844
9ebf45dc4dd94b76b94be7f3345d1ce5,131,0,0.06520240097426006
c1c0dced49724cb8806f002ad3443774,325,0,0.15013362690214344
ba8175439aec46179507afd0cb3e4b79,129,0,0.09983482130151161
b731c27e66a44f35b36bfc385bc80c59,401,0,0.14260079900705314
2ac833a069904aad88c2fdcb26ad0bad,11,0,0.13040941953038027
573f0a91851e45d1b0ece5ca94aaf4cb,556,0,0.07555982912658199
8a23bf5384624645921a2117cbb313ca,760,0,0.15970605431929885
49521bc6fb3b434aae1a0b145147da5c,366,0,0.16014167451279188
47c3fda2f07f424fab5847b8d547f1eb,251,0,0.15275118613144822
fabb96c213c849f1be059f899b3a65b3,52,0,0.09830892849773054
86625cfb54d4404683620ce46f29c19e,593,0,0.09653800616448488
72d4d7fea110446d814ddf29b134bcf3,109,0,0.12539061065135299
91a0d6b0ddfa4beab6e261b44a208020,506,0,0.1549468958856834
df6faff1b61f450d9dce9ff9f008845a,22,0,0.07497024836617588
f66e0a708a684b3b86a24bda64b61fdd,703,0,0.06230612346496667
a16c2c73179f4ae1bed99a95bfd7ed1d,646,0,0.050262505339492725
e78c2461dbef405fb79a1e125e366e60,162,0,0.1282925935198042
e3ffe2f38e324a8db7034fa6dd581d1e,222,0,0.14782698851882875
ae5c080433d741c48bfe09d96fdd8702,129,0,0.12789696935751083
ecd5bd55a2174301a2fdb809c685d5d5,725,0,0.09591545471768842
154e236dcfa04499b604b0cb04178f96,507,0,0.030483947900160124
bf5114db05394130beb0a6b26a472758,703,0,0.13921826918745617
1881b3e2df2042c088d76fa74eb166a3,105,0,0.050347823233390765
b076bbd3a7a344c09dda4c7e71abc983,443,0,0.05962263385155714
751b50344dcf4abaa8e099f3d61213d9,326,0,0.07702738102976864
30dcf675b43d4df1be2ab6566e117d65,204,0,0.11571948518575154
06d6db661f9c46b0b038a2a3e9ae61a2,647,0,0.15649795921201526
c602701c113f43a0aeee2d986e973a60,523,0,0.14612671359398066
dbfcf8596c6a42c3b0519d441262eb0e,543,0,0.12412500452354441
c0c4ebc15a554075b9a05d6b66b5519f,148,0,0.08283134664559455
b47cf150131d4227921c3abb3cd4b910,734,1,-7.037556548072921e-07
3fd4f72a480a4cec84c14d4ea28f77aa,217,0,0.15984952109565348
6c8c80af5eb54f728991be5c1e858d2b,622,0,0.10592774607851302
aee8b8206def42068038b0520f172480,122,0,0.1359643648574292
7436db2e5ffe447a8594fe323715e4fc,589,0,0.15528879576165783
00f0f37cfb12419891acd3ce0e813727,71,0,0.11209072754945032
72663c71e193413ab2b614740d42c672,771,0,0.1543064123351136
dd079afed04444b5878bd8d9f0e49b37,627,0,0.15693474298059285
508a75a9fb9d47ea818e687d7c7b7d8e,656,0,0.14895169502507988
7a5b1a1e298347729a37e333242d7b07,741,0,0.10121330212940072
8cfe63fb5e9344d4b2686a8588234b6a,627,0,0.13405380799163008
2d4d16d5510c4adbbbe746e7fc597336,141,0,0.11590347023306041
b1323558bbbb4f629e003292fd348f4a,151,0,0.1257026760553413
e9f3ff32773f422386d8c695fb3c0ce8,125,0,0.00402412321265061
191c30bf9878406584f836bf3e25ff3d,287,0,0.15081782280010447
0d1b183945cb4e5a91bb297e80f2c1ef,248,0,0.11034406782551814
f039f165f0b34509ab9f3ba98b9c9c1f,210,0,0.13883838460975417
33104ac510494176b3475e9910fc5635,217,0,0.13795438451115005
8a1ae741a31a4b8cbe89996b9fb2e5fd,192,0,0.1448165981454566
a14aadf6840742f992e4216ce9396234,372,0,0.0629693857979115
95a2ef18b8a9485294f0a9a22ad32000,207,0,0.13573146494527094
c43b7d7245af4d57817f072bd20b41a7,702,0,0.15684741655653794
cc789621bff04c54a1899885e07ad41e,109,0,0.06805563221349714
237609a7a9ca41298f4d559a1fd7d607,191,0,0.1506323974726082
4c46e79ce4e148e58185aeec0d778624,360,0,0.008268838822400315
420aefaf79bf469fa6d30d69bba27862,514,0,0.03862091550919278
f746da358a3b4d2290a16b2336276a03,412,0,0.12665595489898024
8ea600e996664d0fa42c5cf6a060feb6,443,0,0.1090732424618826
d33693bcea0c4c7abbb61fe0c87ee50f,117,0,0.15451142932752654
077cd9e7cfa14d3cb92a8464d378b1d7,544,0,0.051908521852975564
94afd0542b2d4f75805fe4b7932410c1,733,0,0.1521796605236449
d84caded8bdd460c970e10e1da95467d,208,0,0.15107643450217217
28e08cd4fad5414db9da965a07acaf52,751,0,0.035740531233707185
3f377ea10e444fda8c3396357f3725a6,756,0,0.15067179170850492
97a45c808b234e9fa280387000ab7b60,71,0,0.04851768653770938
06282e4487eb451ebc2190e5f00e17a8,88,0,0.10908998948545912
4963b172f509402cbe0d41751376518c,88,0,0.0808663138098295
d21d4107de2849b9b17a4e0c3286ebf6,88,0,0.11068544613407727
2a5a89a64c724953804a38673b2ca924,88,0,0.11075628295465245
fcae97e92f7945fba4256491a1e06d92,88,0,0.10169096987309095
6777374b81df40778e01cabfe2c794f9,88,0,0.03350590908123796
fa83612a26814b54a313023719ae93be,88,0,0.10170208558751381
da9d60b536e14c598de7ad85d2c34b87,88,0,0.0865149657967429
1e003922802b41f993a7ba5e32cfdc2e,88,0,0.075388523302999
bcc41d018e354557bdc908b252ab39a9,88,0,0.06404582282007171
96aefe28e1304a2b83b4f9794de74eef,88,0,0.001406692090260786
e0d42b4896d54fe28d4202610ff723c6,88,0,0.06770088373650046
ae070fc6d954451b9e407452ed67e066,88,0,0.039050027924434294
5604d107f95649e5b8132ab7ccd85326,88,0,0.04720303495924738
b2764a98260e4f2fb63791fd6275401d,88,1,-0.03886952413169875
a20c64df72e5436bbc858559962b6e9e,88,0,0.029984243236925112
81715ad2338945cb9dddfed83b05666c,88,0,0.03343880540308691
76f395358ba04bd6ade9db1a14063fa6,88,1,-0.050235952353476665
18b9fd30be334679b439cd1143e18921,88,0,0.022345646521313545
78f50b3b23364e3a8e61dcb4cb2c0698,88,1,-0.0368405694307149
ed69f1adab2e4c47be068098a8b23308,88,0,0.019316604836392526
923796fd98c941638ed6940ca8fa0f93,88,1,-0.10588570983957557
a3909ce24ca4492483aef4a70b4fc4d4,88,1,-0.009250740460163054
c6945af1b9304acab0d41f209b1c47e8,88,1,-0.013913942069364804
fb2dd5e9e0934f0fbf3b0f9957759a42,88,1,-0.018759003927817264
e7988e84b08547aab9a444fedf9277ac,88,1,-0.023048659992285114
f669de3a7b84446b8ec1ceadaf96782c,88,1,-0.0403101122745666
5278c95bfb6742a788d84eb50b6e9b7d,88,1,-0.033815853555188014
dad78dcd188b402e810313553eb28e35,88,1,-0.03090209165180202
8391bee69d404f60b840f721349c4d83,88,1,-0.13277608413737096
3fb5fd53ac81406cb601b04a95efacdc,270,0,0.10403959166515758
5099680c71114a8c9c8758cff33424a5,253,0,0.1305087870790771
c8c8dd5281344cfc9a979bb42796b1cc,696,0,0.044125796732124356
a6da1a43de4d44338197457645f5850b,773,0,0.12377488251551383
a36a48c114684c559de1d9e6a919770f,463,1,-0.0010203047481501248
fea34975c8734357a194640659a640a6,259,0,0.14981487641123342
982d60f006694efe8f9beb2ded3891db,531,0,0.08734637926631061
181e3e636c834f8fbe07cf3e62678ac6,225,0,0.14405057142353456
772de0edda474c9cb1b77d03b65636c6,591,0,0.16051869903510468
eb260515d0f74fb19fc71c6be12fc041,91,0,0.1534356172629291
9b119bb030424476b45df1ce220e9d53,280,0,0.029909805416932556
e11ab7cb9ad643889d718995a8c0219b,282,0,0.11129698771148433
fc068dd3e86f450ebc3f906b81c63927,627,0,0.12776851461466454
129f312479754a4388cc5de123507678,301,0,0.1557118114659674
b3e50dc0f1a248f4912637e74482c116,54,0,0.11082660762039587
cc9e8b386ce84ad294e961abfc7dd574,592,0,0.1493150214508273
544bcfda71234ec883ed1448576c49a0,0,0,0.15485076891908828
30153c3806c94c4385fec9eb3eb54df9,514,0,0.09815276476979062
8144319aff754590bd0379f32fbf1cdc,277,0,0.15826377722411022
6c8d66df88664031bb9ab3d6ab374cb4,694,0,0.1498026583585051
b4a0c6e961434a90981696ca035a2a91,786,0,0.1580033780007219
3a30344cce8845b0914508d3205b0935,447,0,0.1581262318474979
be231fb90e3747869c04381c4dd636de,701,0,0.14884096276423803
1c169ae441fd4e1885b7299c24ce4aac,430,0,0.05609516825330507
a6a5074527f648c4aab80b273443b933,248,0,0.017486485901635596
3c149c92f57e4226a675e75d727bf721,579,0,0.13821934503878675
b6d9ea36b2a54fc6a6ef0dea46560781,412,0,0.08194138302947712
61b29e5e914d4652a02f275f57b5bf68,55,0,0.14123809500583723
201758a8c7094c2bbfcf5e25e4fd9593,109,0,0.06207513231018669
838c0cd57fb044b487dbb7afdd91b0a7,493,0,0.13597309325160511
5bf1eefbe5e84732b933fd17386f1faa,523,0,0.08746874274678795
09853a9ac61445a384763b6eb0565877,575,0,0.1515537124597539
3ff9c3fb5fd74987b6215fb1893f280c,158,0,0.15030645316650526
d5a752966ad7407cb4e1a0d0088579b4,117,0,0.06618461401861192
7f534fde76a1466db976298e6ffcf14c,99,0,0.15584049079065504
5f6d716d0b7c4d6998cda9b361318e62,400,0,0.13783291298175637
2d11729c3c164eb6afb0a21128897059,188,0,0.15559610808498459
9f9db846866b4e9a869112cbc89ce5d0,449,0,0.10357455363883938
1597c40bf3bf459ca553a48aec381493,651,0,0.12214399659709774
193e9753b02542deb43074eb6afca10d,683,0,0.1539611839127044
40e652e6de9e46ad9ecf17bb1968c7a2,395,0,0.15835023813234544
a2ec1c431c26405eaca63b16ecd34859,363,0,0.14828764094710123
ded10c1816fa4a0391cb509f1140b91b,283,0,0.15315936173246025
ea99d9a83a324336b274682d551fd956,671,0,0.09391117445061176
cf93430323a74309918bb811ca026a09,143,0,0.1342468715723778
d07a570a5f0747c396d44a77380ca56b,660,0,0.14776182805971827
8b751f482d184534a5969f6a41f02d55,589,0,0.09489871140411632
e4b9d650cd27479ea34212af4952b459,265,0,0.1375936965235851
978d0939835a4a87ac6b4e32e8751b0f,750,0,0.16002338077130474
8c5d435db55d4e0aa39632b6f2e3b545,750,0,0.11872215789657053
8b2135cbcbea474e8dc3615517e1de20,745,0,0.043181269081694396
cf3c5aeee83e43bd8741395b76ed839f,256,0,0.08230725376284426
16d39cd24d074b14b5d04d0b6ecb5eb8,136,0,0.16099365542469185
0709fa92ee0c4881944a708c458993f2,258,0,0.13694542488490263
ffe1a7bb7b764529a272dacd78f3b20c,165,0,0.13276371977634144
d439ef3ee29a4526882a6678dbd7f963,684,0,0.11180500924068115
8aeadad11ec547bda219eda259f6cc38,5,0,0.12797512276862866
d60ed49ecfdb4636aaef2aedda763a2d,189,0,0.15448662940752722
bf698c9e6d1c484b97b4dba82d56bd5c,584,0,0.15344882095578644
5d185d058900446d9a9224ee362fd8e4,385,0,0.12896702936515214
8cc21343b3e34c0895db5ae63cce7d70,103,0,0.14510699288888906
21972176c61c452192f7c38b532ffb17,338,0,0.06939800252381118
ccc9a1bded614a05bd8fe7d46ba2711c,366,0,0.1311292077363561
26cda6e095cd485593ab7b8a3e02f689,547,0,0.09767233430498184
691e416800ef45c79d9634fd4d767d93,260,1,-0.17459430829243427
dda84744e7524634959b83884b1c20a8,113,0,0.04376937769181838
02f77f1b5ed647c2a38c810b2f99bd40,260,1,-0.014514784152305116
080b4ac0cd2d40279b591f5ff9e52403,260,1,-0.0044007432188328255
197a06c2808940d0ae8535a8fd1ba847,260,1,-0.04157178006380802
19bfc14708204ecf99484bbaa39899d3,260,1,-0.07236322405303397
0db5527135224ff28ac4c7f106c5f600,260,1,-0.07674488373593857
2a068397e39d409cba8b0529222b4e23,260,1,-0.09044258157299867
a06f2ded1891433db9cfc3f13eae12aa,260,1,-0.11955934157685066
e3d0ea824ab04958b4233b7d386cc8a8,260,1,-0.12647406732007882
85f402af4c944601b275b56d23079679,260,1,-0.14273287354546826
0ce63f4c243b4550adfbc6dc8cb82994,260,1,-0.12461304482657942
ad2aae7f16be4d0abc861643e98ade0b,260,1,-0.1324306897777302
239309d55a0a46ed9105e5c18021121b,260,1,-0.14071993734405241
d5cc0b4f8e6142d79307e5a2423b229c,260,1,-0.15618927552928807
ea53c8e10d2046f78bb35b010c6d4b11,260,1,-0.16013919210044447
64b499e6e9394a7c9c4a942fd605c14b,260,1,-0.17684879625737682
19e509b4c2ff460eaf1dcdebdbbb963d,260,1,-0.17222062242024017
bf3ffc8e60cf4277b4641d198f62c51b,431,0,0.06543019701668479
54083cc517154b48a2c1a8f96528d826,260,1,-0.15315552253912912
e8c899c803734268910209263e6bb36b,260,1,-0.18116667497697048
ec67e3a5a7da40998cfd524191dd4ec1,260,1,-0.15646354802400653
005e6c3cf0dd4bf58b6dd9a11d012b78,260,1,-0.16861639114161087
004cd01e911c469a95518dd92df40748,260,1,-0.16490028987348604
1377a829766340da8bdbe6049fe2e987,260,1,-0.17388889467156132
91540612b5304e1ca55e02c35ae9918a,260,1,-0.17622366074096651
154f818f437c4f20a799da2ffb61c078,260,1,-0.1855830893718694
cda2dd7d26ae4f64a2c321ad4509d3e1,209,1,-0.10485493572074711
9c3070b0eadd48048126d6466b1c9bdf,260,1,-0.1735925094967007
7bef434535eb47d3ab330351c556eefd,577,0,0.12177996562611781
df27f97cd6b44cb8afd9f2991c9b1650,665,0,0.15806135296627732
a09009a8e9274218999ee7879734eaad,233,0,0.07431756677051715
8affdfc4bfde491da3de6288ebe2c9db,388,0,0.05178599303479681
3e94decf51cd4f64beae414501bfe82c,386,0,0.15549273622270782
b71b9bf447354f11bf253d11f1b9abcf,141,0,0.0224655441240601
b505e57ff50846a2b23a2674b1868c70,376,0,0.14870488184456443
6d500b6c89554e6f94bd628d0eb18da3,237,0,0.15946658156294807
0a48292d0ed64b4dbef4640712204765,770,0,0.15284503975404212
8d3196a3e72c4b939b9cb442c4352c7a,737,0,0.03440821573950836
08518f0e4d734eb1804d0fbd138e0d4f,289,0,0.0570407899098635
ec55a33be7884b90a6a25c7c87f6980e,620,0,0.14307637286561165
42c13f0c548448838bc347f1cffd4a11,556,0,0.032654512040309835
70c948bc3eae40c48aa1a781454846a4,730,0,0.1500162501882652
8db5c6bb50194c718ea1ced1621fc5a6,636,0,0.13759662144993512
5997471f2ec44ec596a7d0ee2afa7576,215,0,0.06590317404890544
2492f35608874e7aac3c4b3d95a92756,510,0,0.1565102632873116
120e95cdb8aa4552a8784f7b1302b4b1,86,0,0.15335700793202717
6ac41ed94ca1471a8d791a25274d0bfb,391,0,0.15169583141222337
d7285fc3eb5141b3972ff511d6666d5f,188,0,0.11580287561048636
db58ca278a15476395f6910dd39b163b,554,0,0.14656802078798536
1b886b0b471d42b1af1aec6a8b418471,344,0,0.15545978527820342
26b6650ca8eb4f09a5ce3455b97116dd,221,0,0.10978442358406854
f3735f2f14ff430e8e5d63d3d64155c2,636,0,0.12680599708280615
cd93a26f5a384d2abc02996ceff3c23a,753,0,0.15671797964677397
d34dfa81d9cb4c7f893deb6606a6ccc5,738,0,0.10858694128859353
99ffc5cd23ca4b758de3e2762658c332,547,0,0.11878201534960259
a6b0471a75db47aa90db7542e50b7e15,555,0,0.13603436514906597
e825fd7502d2416eab8d691b972a591d,275,0,0.12006219670014956
6eff6885cbb7491d855dc03da69dc051,328,0,0.15491723651720996
b1c3d8b679bf42f5bcc263f27a0607e3,653,0,0.12525060549139122
62114b42acec45d2b1d9d9c47fba715f,81,0,0.13879389546551002
59033d5deabd4bf198e7249ea152f282,184,0,0.15507453644972985
6fcaf9b5861a4f14b94484390499336a,238,0,0.029003234860556337
7c0919f9f7714037b8e233bcbf1d8901,700,0,0.1432501508916869
6415a546ff2c4eb29705be999dd72618,734,0,0.12404305759764639
eaffce27b31246ccafa8cce57949f6ae,694,0,0.08236376214852226
0fb1b8218dc74fcc8e103f27d1280577,614,0,0.05986188302298895
5459167416af49bf9427a88bbb320994,523,0,0.07905047299598922
df518246d83f4198b292ae4ccfb20498,697,0,0.13923383059331096
f44e6754d58a4d9591865d51576d6c95,667,0,0.14107577124313375
72043042fe5c45169984a5b4aeba77d7,623,0,0.134340056501416
2dd30da17ca94483b9e00eb0a5999870,595,0,0.13160045423253747
8990d5e1393a4837a25b17a1610de223,79,1,-0.0031722950863812827
dd8dbabd3d8b46c69e072ba101638b0c,561,0,0.08425719905523343
685257b861764b0391d4384913e9ec59,52,0,0.14587627557943422
b28f3b4044cc49919800238a528f9e53,589,0,0.08864140261752723
026a84bb74a44df6aff7d4251f78c214,466,0,0.1599057675540126
05120eec95944cbdbbb8c232611a2847,750,0,0.08132785003848414
669f5223ae43483b9c4b7a0945b443b4,266,0,0.13475120367393567
7f5cc2d7180a40f0ad6977a4e59520d3,431,0,0.06543630530751715
9f292f4127924f4f901bf2fcad7a7e31,791,0,0.14723627861202382
085f20464b36441caadf0f6796cf87f7,123,0,0.13714476964187983
ff0cca60a82b4b3e99fca6db6da55fd6,34,0,0.13138772812574695
9c0642ae6ee3475bacede47d1c281c02,135,0,0.11194268245569988
5fb8334b55344cd0b80859537a2b261a,130,0,0.13847667103640104
b0827c0e82574912a02600dbe164b93f,344,0,0.11018604775181917
4b914026d6d740a69c32cd5a12a01a78,739,0,0.12094471018075498
48874b757a2d479d8e72ed3b098b1cc1,418,0,0.13448730404811843
9ae6a629950b43ad8c0beebb3ffccc80,716,0,0.1550541898636934
5a42ab5060bb44cc9300e58df504cf2f,521,0,0.1453416140544022
a34cba09d1084baf8f37f76c5e17a669,664,0,0.15709207625475247
b587e64543c54cc0883dcb3391480587,602,0,0.14959711296946898
cb2e73da7a3340799c765ddac2d30c98,752,0,0.15812478030577287
7cea34efacb44902968da08d7b4f6e63,284,0,0.09049658646991665
2f442fbd20f5449f9acb4760d34df337,121,0,0.09200797168440344
7cd71d2180534d54a9a0fff1e784bdca,265,0,0.07025511955254365
4e7c89cf25524cecba9845db9ad8a5d1,552,0,0.10809075442481847
ccc045f6bd08422688354fb320e951d0,26,0,0.09592531504899915
ed7da9aad03d406fb794eb0dfd8bc53a,436,0,0.0287471342276564
6b2048fda2034a91907074d4176c8608,122,0,0.1448755512700552
c16d9e7fec8f4195806dd90e91356a75,140,0,0.14410633255908795
4d3b07d94c2849d9b5939feef9f42460,362,0,0.15605438898444973
ab30624e170a407e9ac26d20970fd567,592,0,0.05302776298991774
792d2b1b07c04bc3a7736cf98ca18c30,76,0,0.15830635516357733
ac39e6a8acdb4b4eb2252ada164db19a,39,0,0.10768829174137706
a61832605b3846d09157bacc8dc8a655,751,0,0.15278310706498527
4ab9ef252ba74792b532554702533755,528,0,0.15250296612560044
67eb6fefb5d249c3bc93e20e25120340,68,0,0.03932788823481853
33ee9ee1bbf0476d9c52944225b41e05,39,0,0.13998976540590657
3a817749164546c299fc607a7c9bddab,597,0,0.158833282927561
edb4d494ca09469bb594242d9ae07381,184,0,0.09204314636858418
d913447d6a2f4d80a15cf3ca3d9b755c,302,0,0.1194197126070925
f6afb204e99d4bdeb16d7e597a763840,457,0,0.09493504583169221
4e27b6daf5b64504992d4f746aa91fff,180,0,0.1510594817155314
f912729641874fa38075556bd79141ca,500,0,0.12113883831562172
56cdb3d0f084431795f95f5edbed43aa,519,0,0.12089556950896813
7400154434e2446aa1e24ae6936cd91c,408,0,0.1573083149734304
9ed48e59cb1148acac76b50e5b96441c,226,0,0.1575926999646619
f35cc40815974433973face9c0bbccc5,640,0,0.0963462701686651
919c61265a2541198195647a0b827461,337,0,0.1305520066028517
72cd16db6281409c91149a2e6bac686c,739,0,0.07622973762673474
eac0652bef24475cb2d1d679ad48a29c,548,0,0.14689886832016485
0513d700bf944d178b834cddc0966dee,104,0,0.11189019366298292
7a94c03fb71c4f9593b53d5ea49a38f9,308,0,0.12758159806289027
00278931f02a4484bb6c1859065b3aba,126,0,0.03968538020750734
a416f4de6839454ea1857aa7b0492435,780,0,0.08555446480538637
c69ad4465037489fb78a9412fc3ff118,155,0,0.15364322028959632
1e70b5f6ee8449c89a239cf3f875b13c,319,0,0.1499991146468898
7f4aee2807cd49f4aa55f951d44903f2,309,0,0.1464300883984237
0097fb8852db44dfa63c7a068681f124,482,0,0.09756648983655858
7d128122d150456fb26dadabe915ac7b,227,0,0.15696285693372958
a363d58e9a42472f9e9a77f82c160ff4,719,0,0.16125539309821996
81c551e37c774658abe21aba42ae8b81,463,0,0.16383346264906462
34209b58ae0a492aa01968d778dd168e,457,0,0.1236763239507978
921387e2db194a7db11f4f21fa9946f0,501,0,0.06192998991995713
10f052b3186140b4a5af36acdc53593a,412,0,0.08911093705932638
6bc1bc52ce724d79b82cc227b1d84a87,238,0,0.09402702233727805
1a80337cb1f94c1586ca5e5f9cbb0ff0,758,0,0.01927014891002149
729b1705b6d249dfbc9c9e9adfe4832e,416,1,-0.011666366794120364
e839cfd973f2482391fdf0e9c997d542,526,0,0.10004502855563707
f5a56ed073e244a2bc1c0d767ae72089,716,0,0.059336938466046873
9d4801ec62b642819a2c24754f0b5653,766,0,0.14838578613176012
d5c66feca3d3499a9dd6cca9095b5b9c,434,0,0.125241063265
abee4b9c461a4c41a807f9e19221299f,560,0,0.15384842589372066
7b98230c81f64438bc3cdd7555d79bf4,737,0,0.14293732826534383
eefa7487700d4a76871d286cceba7130,535,0,0.1608466835793108
3560586f7562463b80e656f9d567562b,483,0,0.14167248187442705
0233bd5a1e37410391a2e4831096380e,138,0,0.11340045292221518
75bc3d40b785486b9af97bde24d0b498,183,0,0.051717497786901045
2f6836ae1deb471cbf8879bf1f3f8e98,192,0,0.154148850452542
1c9b4ec78623416e9faab75f921dd165,160,0,0.160703062418307
30a85a5bdfe04aa48da16031e75ec299,197,0,0.156685695072744
939222bc359545c39567af651d14762d,79,1,-0.04455927700523776
a377ca659ee749ddb9ae26432b49efe4,577,0,0.15131421427415742
58efa2c9699849c5b9cd023c67587fc0,606,0,0.1547006774981281
d1915278c3d441b7bf844307d719e39c,237,0,0.0002260489720606329
7b4d8d5707714bfaab651c0afcefdf21,168,0,0.15689257755252606
38ed49871d0e4daabaec8920c5d80aa9,523,0,0.0661115375314299
7e0345cbd66c435d99c10a7008eb1497,512,0,0.16245410824934592
096a35fbc53749f28063359bbd8d8b4e,792,0,0.15165134708647576
58edab7abec342c0b34a2970c7134b52,543,0,0.12064851733561416
3ca7c2b5e6804f61a64a883b37185d29,648,0,0.15332351040050923
d940d74683764ce0a0571a49c9d5f877,445,0,0.04431839913489832
4bb93540d98e46c9977914206d3a9f40,374,0,0.08014043832337431
5baa5ad7c7084ce0a8d2dde7ff831964,434,0,0.0913276066025685
9414eaa50a27485e9304193172546339,765,0,0.1595678617534968
d8902800e54a4914b77e31d59d642deb,5,0,0.14181842221785707
d5894bd910c541fe96aeb35a20c5689d,259,0,0.09033351284500629
c3057d1ba6de4c38928c1536d2e959a6,721,0,0.09221988778263213
7264718afac942ca9bb4ac737ca4e73e,31,0,0.04918446778473429
434f447d363e4876b2f6e242b4c18640,465,0,0.15447518006436106
256f2500e0624b04b4fb597af3c85649,768,0,0.01993063656626598
467d201df25845fa88c58f04624a4f97,722,0,0.11861349578999364
db1bda86f9134d61b65067b144c79bc5,63,0,0.12257843658668077
0dec9433e87f413fa658338baa672789,739,0,0.040433190985428025
3dcac33f52ff41c19b6d06dc44fe79f8,426,0,0.1448357229203593
6014c34bbe554e90925445cd9d9001dd,282,0,0.022922272603575433
456d6b8e30544953bf142e99a10fa76e,280,0,0.1583907792748558
7ce2b60420b44ab885a471b5f9c995c2,88,0,0.15310535182278406
87ab4819fbef451286f1cd571345b531,20,0,0.1257752690756711
10dccaf9ad474cb490183fde59304b6e,83,0,0.15907866625915135
0ce20ac66538474db9f338ded05a33f6,657,0,0.15496447825672888
d5a5269f33384bf7932f5bed5be572fd,317,0,0.15092841555995756
aca41ca36b504cdfaa03f814e03fc42b,578,0,0.12011390629764024
3470824ed08549e8b3ca6067c3e4d2bd,204,0,0.15774831641830228
ce97ddfa8fb1471c873ddd5a3d7286c5,460,0,0.090330898957109
f86467ac8b164b19977c6b1855ea7d49,599,0,0.13461722103577967
965ff00a9bb14d88b675db9c05e8d69a,716,0,0.015380877946231164
12c21c03da624f01bda319d76b78d7ec,791,0,0.15728284304608892
0f7c149253d641e891bd9180d8d2b740,118,0,0.15481771517346932
6d23cf113af7456b886214e01dc6b980,600,0,0.11479747919483535
3fdbd0c8e3b846ab973e00bac6b325d0,34,0,0.15248964311629942
98e5ac3dfd2848d3876bba71df8bf3cf,366,0,0.15469072677331192
95907bf021bc402786a5383a1109b9d9,22,0,0.1510349143751682
5992921199094fbca7f0300f3ebbd226,748,0,0.15559739465635858
c32cfb31487a4c209e532c038702b929,615,0,0.15578686771632183
c8a263a6f11f4faeb572e155bb53c42d,519,1,-0.010876585575064102
b726b5fd5a794108be143f9c058ab341,536,0,0.05415642936986226
b45700d8aa2e4aeeb2aab3bce338357d,92,0,0.1443450940491668
f89b58499bd74e43a282f97b3b72f12a,169,0,0.12500071252350847
0df4df5a86004756bf439783f8b7dccb,308,0,0.05424840299262229
9113966be0c8448a83b719a452a6c830,447,0,0.15487823451837401
38f5a8aa4c31407f8c1ddb6135113270,482,0,0.07713055504198435
42a6de9dcf9b4ddbb8e959e274018a6d,483,0,0.10289873802638583
d752e4ac90874f149c9739b97f6811e2,98,0,0.1587140799667392
1a17e60976d3424e9a5cc31211b7040d,409,0,0.14244290747641958
6702f372e84e47c4b96ad31344a1b50a,434,0,0.07495651330761233
172c87cf170844159ca575663caa50eb,758,0,0.08970176043401445
21cbd0bee40d47be886dac8d94b4152d,182,0,0.15847854666347871
11b59cf008f84369bd78e749739adaa2,1,0,0.14418471687004414
f6287b6f66d9468cb43c743313834619,141,0,0.11726560746517495
3f8dfd5dd0de4a6f97c6b299947b0b9c,347,0,0.15453094562182135
81d01dd81fb74db3b53ab198b4c5ebfd,318,0,0.11008904830261013
0e1f2f47ae0e4b1fb5ab3055ea264480,529,0,0.15155169683229108
f7c65f3834ee4cc0ae63534529cdb68e,702,0,0.15325267125282305
5511d1768cfb4bce80a6c2c6c9bed798,12,0,0.15203852208899593
c38e56d859dc4f56b77ecf40735b02a2,465,0,0.09696205257824975
d7078441593a49f8ad3a61af8822452b,435,0,0.16084874741139138
e2531b7e6b2749faab56b80e4b298bda,461,0,0.14402648077059998
3e9b048e2a084d60852168919234bb84,373,0,0.12709713028520214
2773daf583d34ebe8229b6ec22b1d58b,777,0,0.06367082946564712
a4fac02f1e8a4338b5320428f70de27f,7,0,0.1385924565975281
25d0f714663d424fac966205798321aa,592,0,0.09693819651486763
eda329400296445d824a39ca30a864f6,629,0,0.08162196823789092
b0bb7f645e8c4a639aef0b158c7897d7,375,0,0.01831847351980037
2dfb5a101df54360bd7264b173463b80,435,0,0.1374111028258046
1def91889fc74a0d88bdb59afba93f6d,555,0,0.163123931682362
aa97242905904307acf1fad4c5b176e8,457,0,0.0443938508524509
4199de3d5b9d4af38654777858f3f716,37,0,0.1537860514120929
b2cfa6352b0e4f9da4af142300ecf0cd,547,0,0.160366551000738
f046bed75dbd421f859c0a2bee4aedda,750,0,0.1603913483803152
ab2787e5eb6c4716b58f737130623196,334,0,0.10339157027110168
a1745292633646288d3b75918fceb06b,103,0,0.16155101954169188
948aaee6e44c4b718c5f4c8a6809d727,767,0,0.09477154343423733
48ba5659dba347598420bbdbc61ce89b,738,0,0.016886059252175845
148a77a92f694bdca51a740bbf9ea933,196,0,0.0691084197782052
3807991c0e474a25ac44021ee173d987,764,0,0.12334923382131152
a8bc516260d04e6f99abc67e385ab8ff,619,0,0.10552371571009173
4662239b2a584b59836a71bf2fc408b9,291,0,0.15476468712210528
28e5e948453144bd92a3050fe2b61572,424,0,0.025831965975268323
19a0ef2a16294ef196900da71be2566d,99,0,0.14183875876410695
f49d2b672e954e278a703e75ea13f289,626,0,0.1619668240432991
55b74c3c84f14ddf8bda03e32f581658,602,0,0.14674507039598894
290755a3321e416cb37338dd39a93ce9,571,0,0.11892692178929776
57ebb9c2e051498e8d2b3ccd83b9fc60,455,0,0.15722942456404887
5a16e37a901041538aec62d455d4712c,585,0,0.15911456618373054
387789afdea840328558d70ac5785b2d,212,0,0.1505965935947473
a3dccc2a3d7a464f88a4b84047eb3bbe,322,0,0.13734543642467856
e1929652c1054c5496f29bd0eafe05f7,170,0,0.16145678447280543
fa7ae790312c424b9f73f5923ee712fb,23,0,0.05091450533728337
ee4afb9f62114f29a034a56d35d4a2e0,502,0,0.08477582199695366
50e5da65c376426abead19dd59c3ca1d,621,0,0.13472489444291263
4023e95528ea41dcb89923d69cdc9f63,216,0,0.15603047375415735
765ec9f29d724b7aa2c40038784c3cd9,162,0,0.11245281358928089
200598f4f7ef4ed3bd848d27fd6b3d04,418,0,0.059262907934968245
91b22a03e4b1463cb6f0295e6e224905,327,0,0.026491865913063684
ffcd4c3be65f4af290955fbb7c3ba831,651,0,0.14264849747305447
5d2b9c8878044c029ac11e00d6faa923,774,0,0.1394386171255122
4e38f5bd47b443adba4658acb432a2a4,295,0,0.14946474349269157
81241ad8d5d74228aed34413ebb71b67,699,0,0.11192696972700589
eefc2e5745f54401bc6bb32ad58e3678,634,0,0.08944522837663166
7dc268ac2a9d44a2ab8d691265e6d4fa,23,0,0.13004527852432812
4f239676c14e40d2aeeab0d4516df9e6,700,0,0.13364486580571167
c23bc10cef524a04a95a48de846cbd8a,468,0,0.005990161493300006
c43b2aa758414cf4a34146b2e064ec4c,300,0,0.15306371054375678
711b023d61cc4e8c8cdc54f5552f66f8,181,0,0.15848702453777863
210bf70285674378a52740c6ff744ba1,71,0,0.013098212538271148
6f9c3a5e7f1e45248f23cfe3c3ec2427,532,0,0.1392839770097381
7fbe73f82bae4628ab93a06ac747ed07,266,0,0.05291647479342404
5a21d2e2881f48ee994efe23b924f5cb,299,0,0.13232232635937008
93499b20403a46bf81b99d5867f3310e,733,0,0.15008663961216617
1aafc23b28544dbc9b85bfa789fafba9,127,0,0.08211104062397045
0f8992c64da54b949c373e0eafd3125e,114,0,0.15738561296618853
5d08f874d6594343abf124e821c9211f,145,0,0.04815956465506144
eed064662dca41d5a8f4c8468ddf2570,710,0,0.15792399674927615
ca5d180eeddb49ff90914dfc78d27d8d,266,1,-0.02340310745670382
7d078309773346bb903a83a76933f75f,26,0,0.15504674320543915
fc19fbed43ec488f9973e4906f551833,314,0,0.043267685354157426
fc3c2231100042dea4ab2540fbf54ac8,216,0,0.07684841602312731
9199c415d0b340eeaf07291d0f9dcd9c,372,0,0.09658500055733482
5de55626ae154a8bae1610a0ba18703f,601,0,0.0777907781899328
ad60519081d94134968ceaff1ee915d6,173,0,0.13934298419797075
c9a1b60a07b748c4b6c9b8e26406c7f4,388,0,0.13359302891555475
2fe739e9245a4bcd9bf5522ce529eb85,229,0,0.15541770820482548
e3edd74f83e94a4795a133a1411d33ad,510,0,0.14315717540342315
3ea1967ee1074da58929567e66f2d15c,536,0,0.06562555074431187
ad2aad9ed6864f10bb958e67b4b57203,68,0,0.14044770086077152
87d231b7d18c4a32bf4129ffb43177c1,580,0,0.15087187916937655
ed90ea0a9b73451e9594392900837b79,706,0,0.15469767455888556
85784edd65bd43749837ef94608e9f8c,181,0,0.12958515808514193
14608f17611741ffa75330fafd4e9a87,760,0,0.1399949080539542
b6c146e71bf74459977a8b82f2ab5254,535,0,0.15707165473278883
89dd3305d89d4a21a745651e9ad510c5,649,0,0.09815765012722483
753571f41b5d4656bc963505c1fccba1,487,0,0.14153144063153134
c2fed1887c4742f3a80d23da683eaf60,277,0,0.16036268794834996
4f8e6805ad154effbfa72f242713fc06,526,0,0.08137365973167654
b685bb44a342492881dfd64d904d89ab,774,1,-0.04008719924836601
336eb2237c0e402399351a971f3b69c0,183,0,0.15967825306452338
e7f03b02908049e0bb5527ee8ec5d8ec,781,0,0.15518263319243586
3d027dcc9be948b7a43e5f68bf8ce875,543,0,0.12481857600612717
8d7411c2943d4b319a21105309e65416,584,0,0.14801827291377562
3fb8c90ed56b4149be9fbb6ebc34672f,528,0,0.09642431543166885
a7a8a5fdf6d240e8a52a0826ec6fb694,743,0,0.1551531256501738
3e92f986ddf6429cbe6a69fb8ea11ee8,148,0,0.0911004790821745
8a4ebf3ae4334a2bbd3e770a88b19c38,460,0,0.009200484484806482
2c07723f7d7b409994ab0375825d74ea,418,0,0.03210748284738385
b628c1329e0c415fb3b0934120f61dd6,280,0,0.02259364547122089
6985b0d4032b42aebffdc7a752cd696b,571,0,0.003583787223206125
0a9f2238f8544d88aef5f84fd86b814c,384,0,0.10337187088839289
d2ed1d07bdb84f6bb5fddf04f9569379,282,0,0.049044805360872024
778fb46ec4354ee982b0ad7866fbebfb,137,0,0.09389844007421067
bcb275b585d6479d9e435e2bf61491ab,750,0,0.050347114730998344
c69c8cac69634ceca73222eab57e66c4,587,0,0.09741878334896809
542630c88c0c47acb6a67c89e36609ec,559,0,0.16136358978372578
8914fde8d4354fe1a623f7ef7775e513,716,0,0.07039690659081271
40d6cac405fc43539334d94d691816a2,791,0,0.1480761457801379
976629a075474877a22c1447ee7135a4,233,0,0.15447656469462212
7578724573c74207b62f86a62f67b61b,261,0,0.01562672304845597
4c32d085b2fd4c70a2e59b4666944751,405,0,0.11442877377393096
c9aa4e40874241a78aa6d3b0dc75c390,541,0,0.0675770018024503
142b5fa88b6344b38416228788fe9c3e,16,0,0.12535395706551722
aa5dd1dfd5fa4533b404d44cb410922c,551,0,0.0941316736827385
0c43424a8abc4dc99416d6c2fbda009e,665,0,0.13979891779280912
e7c313024950479a8fbcd713205f677d,441,0,0.15376894525762896
90e173f7c59e4df19698d5dcb6db15e1,666,0,0.15996658010503867
1aeac635adf749208c73743a64c88770,588,0,0.09341444203699517
ae7612f55c7a4574abd5e7cae9354936,399,0,0.1298687581801823
4b751e1703da46d8997978de2c32727d,228,0,0.15681994865451093
0fcf2f9028644c938b005c0102fffa04,592,0,0.1305971832653106
01ff88cc809d452a8745488d6f013f70,681,0,0.12582629743671625
3328fef6a8254f78a35f8845eabe4af2,590,0,0.15442340191864784
0ad09aa69fef415db21ebbf768aa3bba,103,0,0.1569862792953453
36f81617e77d4638bcf960de6d5f1ff9,356,0,0.12499747726541843
47720aaa4642413598cd92ef29e5a4f9,213,0,0.13833561346311135
8b23ffd55e674044b63dbb72ba9267fb,222,0,0.13988412215391244
362cbab7f7074c95a5d53b5a03e68f93,389,0,0.11240221822472585
c5caad071d6447e583d2c1d26299153a,210,0,0.15229057727962098
f61e682ec4644dfc8fbea7c57d9bceb3,179,0,0.02945167528305692
43faa7f3b8f8402fb04e9d03c00b5dee,123,0,0.1437080596293524
e40838e1d29b4c22a1f23a6dbb6a47f0,425,1,-0.03366839468881455
24b7829a80f24a2db70063a1b217400c,114,1,-0.03772765049850546
aaedee43b348452c8f5403bfad406802,102,0,0.14708149546384325
d3fc0aee47ed4dd7a6dc5646f1d1b47c,667,0,0.12016507968566148
a29a0d4349fe4fbb9c2337c621d6e6b0,482,0,0.14495902853990034
38936ec6a526429bab4710f86ecb064c,331,0,0.14555125637089078
41c56b164302406caafe97277c26afd9,531,0,0.13388207510613248
77599a920c864ef7b1342a25f1845ae8,684,0,0.1465131463317194
be31295ea1e74145a62f6e21c33cf2f2,509,0,0.1496486199259386
34d5d4aca6164e7bbfcc7b814bd9a222,328,0,0.1521596668246561
54551add295e45169df5e2fc9a055337,752,0,0.14343220557023728
f31874ef1b264c63b732ea27577ca838,612,0,0.08517168551809395
31d9e9b594524121afbf87559e0cc20d,228,0,0.13322118915654713
eff477cea42e4d8d80f917e562c1c128,475,0,0.15055995725573862
aa7beb840e224c95ba75fa63830a3e7c,652,0,0.15785599402566552
b1da94ee628f4a2facb5e20beef723e7,330,0,0.1221381350248058
8988b740aa5649889757d421bddb87ef,98,0,0.045000437779552815
78aae77fb0244d12ba8c9e9b51b1a7a4,132,0,0.16092803871377354
0dcb5b71191c4596ad82c073441466e4,761,0,0.051490508026430015
2f8b032956774a03a4a17c9ffec9f6a9,255,0,0.016664259089620215
29e927d99fd24fc49340e7f1677a9d18,336,0,0.15829197424780506
0782775c53ab4635b1b602feea8b2b24,591,0,0.11273395234543965
912628d67e93495e9a0c6821fb70b335,335,0,0.1437605326473949
3b86f1c497f745c0a067377fa8af7c03,394,0,0.11382160490828652
c4059b48723c47d7a7089bae0de4e263,146,0,0.02876401374909493
2a81b1e4e17b4217b4cad05224a84b60,585,0,0.15509984951414468
bef8bfe3fad3410bb06af72afb0d4a89,591,0,0.12936405071548962
d3bfb7faf64844f294ae3e1019e8d341,345,0,0.15514298976729263
4272f2eb824b45f289f80d7813f36795,499,0,0.11978117507125491
e928cee816ab45468494cf016fd61847,98,0,0.14469372477051057
aea4488d29a44a2f97a354f7249fd60f,729,0,0.13357943862318494
306fb7ef2a3e4455b5e6151359faa5c0,516,0,0.13900096214817087
802f43a371904f898cb02025e1d02a92,543,0,0.06899679027872707
6e65587a37534c0f99b93f63a3459209,543,0,0.10039175308559439
d2c1baeb7120405d9f26977d26049876,649,0,0.05468944510971607
b67aa4bda17d4543b9a30266337bf1b7,733,0,0.12392171223832266
42fdff2539df4de3ba622e145f67780a,410,0,0.14501821303446433
880f75f0c0ce425abb6800eefb062426,725,0,0.1335319318771117
fe0ee2e9e7194b96be76088cb8050615,627,0,0.07272046547175443
9f24e16c27de4976934830a6ea436dcb,492,0,0.13050493653969458
6e3135959c7b4c5badbaa9f94e212edc,163,0,0.15438946015099342
a660708f54934238bdae947a6dcebe01,358,0,0.006479149781323301
33bc223af9f444699b24d3837511da6b,411,0,0.06441762175962801
4aa15ded1ad1476bb52e31f22a3bd1cd,210,0,0.11965755306366588
f105d0d141a640c09b4f86e2041fcf57,652,0,0.12979420813115816
53ead93021814692949c6ede81b6be65,643,0,0.15294486305351163
acd058d5538d48fda75991a8224c94ee,127,0,0.14941664782249242
655190144d3b44d193eb05c2f8ca71e4,278,0,0.1572263258205152
97591155baae4799a9cf48c87e52b317,641,0,0.09520212120954025
6fb42781f6a2407a88c2d5bc14d45754,498,0,0.02784524141953848
ebb28b9b34aa445fbb4a1f151ffd83cd,613,0,0.07235013169301174
a81b96a97f454fa9b4536c21f442fa26,718,0,0.1187246889323979
217c24e7bb4e455688409414c2a04f58,788,0,0.14872598543012977
c538f5491ce3486bbb95e808067de8df,103,0,0.09172269696229784
e4cd1f4a14b04df68022641aaf0fa2fc,226,0,0.13498648794130785
92887a2d479949dbba210b525910cf34,574,0,0.1479019962836302
788f82e56dfa415ea9789ea996b12712,683,0,0.08771969197274726
11f887233e624c35b2efc51b065ce330,97,0,0.05846277951725126
727d486225b94b7da8a070c70a8cc50a,662,1,-0.020434036447436243
3d4122e3482e4740af761b721b1a560d,408,0,0.15815203670290134
7722fe081b9345e291ffe5c62e5324c9,360,0,0.15362064748315496
2094ef12434b4e23a019fd82b98420b1,48,0,0.14417885977202521
89cd291b57404b36bf956fcfd9516dbf,214,0,0.156709012685664
2bf3d609724c443a8222bbc61d7e8ba0,551,0,0.042099874156284856
3e8a10ee1e06484792f414cd27f0dc4c,739,0,0.013929719588033851
0dc994712aba4de286dbd9afa6fafe3f,391,0,0.14646877663402008
379fff5218f44368b8a5ade2cc06a768,330,0,0.05954100231427656
d9c6338c6b244e6ab8debb882de28f32,657,0,0.11416627486039815
60a8dbf814584c36bf49fd7c9b63b440,77,0,0.07627844223087094
da1b87198dfa4119a17f5b265fac5a66,545,0,0.0695024839667564
d41a32232852479a972ae47620967259,300,0,0.02690188282597894
5429ce44b7be45d7910fff74f8e9b7ef,561,0,0.020569308373580564
9364f854eab64eddba5798597cad1b62,711,0,0.14638288640335717
6c0707b6c1f74153b71a1042e7fe8097,221,0,0.15447287337604937
074f4e08d2df41458d4eb6062e0e2f46,626,0,0.16089986548320723
2a63d1b691b9474d930f278af299133d,589,0,0.14571797982646334
204d3c8fe565493d81268e7ccd94bd49,372,0,0.14531098458343011
9f189eccc7bf4d3fa1ab9f6310487fef,592,0,0.060909397203479154
a12c5850f8d5483daafae5707602b947,240,0,0.15004109459767662
c6485c032ea84f209b9549ea225a7c40,137,0,0.15312690620973152
45329a08a5d143b8b33f0e235a951a98,131,0,0.09368892189319594
e770f2ddbfa94401b90ca6ec1badc45a,567,0,0.151180909931051
ae4c289f3b2a40f5a2cd675b889d03af,54,0,0.1467124072542808
53e7eb2093804d0da5229a7da6e11fc8,66,0,0.160368602288815
a5262f66a7394cf980999f68b598b756,745,0,0.16034517073949972
18badc9aed2146b9b1387fe2c240f138,220,1,-0.005381250629812984
85b4554fe5984de4bc202534b68b7881,338,0,0.14690953867724849
c30febea4a574397a7d49e3fd8e8d770,697,0,0.10716081636915081
e667f533a9d7411a8aa57219b48d0d96,772,0,0.08077999592820884
653ba8fc9ce24fa9876238a119958cb8,65,0,0.14143008386439188
c813079047174298821c02598ca7860a,615,0,0.14464154752180464
dc7aaa3b17124a049426a33886213041,506,0,0.048798042053896706
ef63e5a8b8434af9bea74b680f503299,701,0,0.15418427592916073
3356162f68e742e389cd7f6ddba50266,141,0,0.1052665651540663
5936cb1cba2f4796aed508296d87b7d3,181,0,0.15505393533626
f28e7d55ca5d4cbe9e494ad0d5a69be7,266,0,0.12461822436145636
b30cdab1482b44ff852823fc252cf073,83,0,0.15106853889374205
0ae0f6067c3d4affbf4101f2a0ebf071,620,0,0.09350850897690383
ff508ae85f584a37b158f6ae082f5c6f,541,0,0.14942658362171424
468923765b164455b268d026e4c5c986,651,0,0.1554063954201162
0ce398e650044ff38a49b0353405ea1d,353,0,0.1467126018224299
d30583d2ec344bf59e83e0e335f76b94,451,0,0.14381514504662957
0c37e5d50cd243f1913358089cfb75f5,455,0,0.13417938820224357
aaaf4f878b7f4fc4bac6b9b7dbe6c4e1,123,1,-0.059705273589804486
51abf4cb2b7c4755b3b7c91f8eecbb9c,184,0,0.15090858613980945
45c169b8827443c5b43807ab7cf871fa,197,0,0.14013757464540189
d600606c1b394615ae88fbd7ee7097ed,398,0,0.16145499739984814
ad8b371103354a2a9e00e417fa3b312f,346,0,0.15888839809324207
c9e40342d8cc410c8d81fb75e18861e5,502,0,0.15188223107205162
bdf2b0f34e7f4bb4b6f5a815b1334fda,491,0,0.10204056593281591
aaf5f03d2f694098ac6f148de78dcc3f,532,0,0.1458837309040229
505c36b440684fdd8559d7bbba1928cc,719,0,0.15361956528921772
279db994f4bb433ea4b0d5671f096bfc,205,0,0.14489324180824908
8f5bffc1590e496ab7811fb8d501e8ee,299,0,0.10090320164497224
4e3bc09e776d48c596276eaa4dfe4617,84,0,0.06037943038426474
710c1f9b50be430a8662df1a91237edf,398,0,0.13606441095592997
195001d81de54671b4aa6d7a6b77606c,601,0,0.15163454996794723
657e373764db4ba59bc4c4f7db599e60,321,0,0.12608124973700024
a4d8cdaf693647f284493e238d1b316a,192,0,0.0320922346226189
efaf0edea9884b229b93a160eea2924f,700,0,0.16295535356578666
f430bf7f1bcc45da848eb81f299a26cf,182,0,0.04209633258831913
e3140ca3c817472ab30cb6dc05a05136,507,0,0.14265156887104224
35e9c9a892554805a491dbcac248e520,705,0,0.11769013211717416
e18855f8b5724c5d861d5b46a64633ae,233,0,0.08066726535277813
b57731431a8e452d9b609542d10f1477,636,0,0.14865068229680228
f15d0c15b9c849869c98ea9a50cae079,641,0,0.05501504140968072
5a3c3535f2034470aa141faf5419e44e,423,0,0.13364400198210197
56c670590d1449b5b815146a577672ad,614,1,-0.02389893893418904
e4d770caf998473684c636b4baa2c3c6,706,0,0.07338418697487087
47c1eeabed944449b849b64863fcc8bd,549,0,0.12387466204886843
bc6dad175a4b4d838e74a96d400acca5,711,0,0.09552935457338879
a1441760dc2a44438d32daa753f07da0,111,0,0.12671838439979038
f47f4b15d8214ce28fc736a8b69ca5d2,206,0,0.1361456213021049
a9c5afd6dbf04c30b0118e5290c1833f,530,0,0.15222278473047357
5c40b876d9334eca8286e20696787904,38,0,0.15699220670836322
ecc7c0efcf8e455bad4a5468ac8baadb,69,0,0.15842650627737087
e6c6d80cce694dfa9e93efc70cce1656,611,0,0.1444937729698182
b4deb57f08484f4bb7560ebee1938b48,215,0,0.1465531147037455
898cbda57ad143fbb7600e9e0882dc88,156,0,0.04308576359558597
c56871c46180427cac7b1b83e35a22f2,179,0,0.003764467981795805
fec85f9efebc474eb3104f35e58f7b65,389,0,0.15297817897683458
46355e5972ab494eb5421846c05a501a,642,0,0.1423436177775737
139f4dd4ad354f2f83372b20cd630d21,251,0,0.04406322008841734
c720edb55a8b474db2f49a928b036408,325,0,0.15853572070160843
a1ca64ee492748c880fef0e589d6b5a1,39,0,0.021916952715718307
7c6978fbc2b84057aaeb6c15307a1993,576,0,0.03308193264936865
119cd6b4e1694da2877e8a5c1d8949e4,229,0,0.14945229456093173
8f43b8f717f34842a825bbe3e4eebaa1,664,0,0.1391790650532111
8ff87defb39d4e908f6968e9c83fc713,395,0,0.09505040129957348
96e71fc43da848eebd843caa2131f2d1,502,0,0.07611936368869598
27120b0090c14133896a0e6dbd23eb6c,368,0,0.1524796538252181
86e6ea6477e048ab8f48c29c484b8971,397,0,0.14932715095183163
ac0d31adf945439faef4f4dc6862e222,442,0,0.10082036496215935
b3544d5c1a3c4e1a9d7bcc12be0ff2cc,641,0,0.09919644166048036
3b979b3352494f43aa9356547312b603,751,0,0.1528025753902436
82159efcc074487082f4a3d2d5b3aa52,681,0,0.14542371516311758
54a8d4a35e924a0db7d417a1b1b59d8b,195,0,0.1520332773662706
07e56f81902d4eea8dc02b1b21f4b40e,782,0,0.15501119850353784
16aa5c35b4364b85b1aa7e0c847ad470,144,0,0.10619960205030754
c75b94d335af4e61b031344e74016995,463,0,0.06423173670230353
e1c25d53171c4cc1b27f3923a48d163e,160,0,0.15623237709068089
50dbebfc06644b94898050dbdc29f484,202,0,0.15690633586271951
c30dc8d65b6046329aa50f50a715063e,756,0,0.13372003476899108
f46685533481463eaa49ecf3c8f00c9d,752,0,0.0806363361116238
ec051a70a30c4baa86f103c22d7075e0,218,0,0.15434345089867985
e7eaca5cc7a54ba2a3baea3793b70921,323,0,0.07961985480614842
c3ceb7fff0794782beefd58aa0bcc7f6,179,1,-0.015914165027207328
740b12a2928b411b96fdc351c1189aeb,155,0,0.1501319973358365
5dde19e679154db78cd13cba88ef1416,162,1,-0.00012223172760400525
5f324d0407d446d28c76c89ca9e8cd7e,255,0,0.13814317021950678
6ca3549097f34ebf8e0fa7e21de395cc,773,0,0.1500906209967151
a35c4da580964806aa997674427c2195,585,0,0.07198481865834327
0f6602a9cacc4b6cbf061e7c4a4e095f,352,0,0.13599803813587863
32f55a6046fb46719624b0531f46a036,181,0,0.07059329749792831
d01e90e767394d7ba9648f71d5614d89,684,0,0.1555569974029613
eb1cf9b8d0a84ae289f42562f5bfc74e,173,0,0.15009459646460455
709b5cad8d8a4bd39bdc55c378d6dd64,532,0,0.06991829418817425
b74bba38dd864b7da2f702698d3da31d,170,0,0.1460611352566379
88fdcf2554d34cb1b0034b1c6a5b555a,443,0,0.024093263777758445
043bedd5b1ca4ac3a85e6397f024f1ef,434,0,0.11340151421368222
f3a1d0808047496bb2dcd7a0acec2638,736,0,0.11399976804438289
f98ecf18deca4ea19a16cfac54a6e892,85,0,0.14406930618025637
17444c98c7d6488eab8b75e51ab9bca8,326,0,0.12867116011750945
4ec977f687624eeabaf283ee9bf4e1b7,780,0,0.15410474613409986
daea6321ca66433f97232837a0b48a76,157,0,0.15478478619367175
f9bcbb32a4244af68ec709f51bf96b9f,77,0,0.1380482523468074
5772e0c140d342b8afe544b248d1667e,632,0,0.06250665644946013
d837f41ef36a44bdb55191fc754a23f0,204,0,0.14708032210909933
845e9f1614ce4439a3b571f7c4b2a0ed,93,0,0.025440096803075685
96f9eabc06234f17b1bf428d28a2f4d0,328,0,0.15424988564685904
3868ea9cc39a4d978e8feb33ef9cede0,507,0,0.09031403891444123
b6be22979ee34af3b74f203ced64e2db,606,0,0.14831254396938576
5f59f60742644233a514c930945e73ec,81,0,0.1559912451729385
11fef46d52774e72a33f87099b3626d1,555,0,0.15201662248078185
0e3d7b9b73854106ae975bc2fd35bc28,233,0,0.10371195082187623
ee9de91f7c194083b84118e69e6557b0,592,0,0.12217498070517036
a7575d90988542e0ab177267e45e199a,753,0,0.08257795413320329
7240ed0843f34d53a357803b97d675b6,288,0,0.11156667429609679
81a49b3e0eb64f62b49807122747f94b,352,0,0.11765300519180116
627ca269cb074b7685486a03edfbb629,690,0,0.14345293226128802
13d764b7a9ef4379aa551096ddc7678a,762,1,-0.049405618381006655
3bbe65135a0842c890fe56debd1387f1,697,0,0.1417203862287701
cf0bf0f4029a4dcb8750427a98f26bff,326,0,0.12100381133379468
6e9b9f88d3064b7c8b018bb34175bdfb,500,0,0.14630043060018966
78412cc7a2ab4990a6ffc7aecae25788,475,0,0.15572170238202676
e6221571315d4f98b4d7e69eea01b455,409,0,0.1312964913191264
1eba2f06f17e43cd9760b252a48cd3cb,483,0,0.0248489848395661
8ba1563ead0e4d1f877a649987437ca6,621,0,0.14757725224342444
bf41aa21a1cb49c4936100712972a86b,163,0,0.1552986972223238
451fe2995e664478b605005e797be3e0,331,0,0.1511815920948944
20decde770c94582afc8729069d4a9ad,531,0,0.13139763972304902
72da811e65994af1b02ec8cdcf636882,315,0,0.14866478389990895
01122e6069fa445b8db9a3a091e339c1,439,0,0.13108343738621447
aa17dc5af3804d45b7fbd710297a0827,484,0,0.09962891310278299
77d13579002343ee9f2e8bc69a9e3783,287,0,0.01802035150426362
1bd499433f7e4960866ccc7b511f21fa,647,0,0.07118683890192412
7fc51110b89f492f8f10130dc0697324,255,0,0.0987114271940906
0acab8978fed4bc1b5345e50c1e3e092,523,0,0.14600769942384556
92e176eb27974445aae314e2e2defc36,83,0,0.15853277501822427
4bf0048234d148eeb58109a0d43b2232,745,0,0.15645644101098988
ce6606bdb7844cc9ba7175a2f5c1e379,788,0,0.1594200877739032
53acfcb7cf8943779914759e08d77c5f,60,0,0.10832759970394401
364cc14028a54c25b3bfd4e303163a6d,335,0,0.15825236132813042
001986af790e41019fbe53e6b80f5b4e,279,0,0.04749257935306361
b0ff1fedba1f408a90e94682e08beac9,661,1,-0.0005850388746655444
68031fe27d2e4119a70d9491b740ed62,516,0,0.15530816387505691
48dab2ed5837466684b3eb7fdfa783be,11,0,0.15295715382176717
6f0e3e32078840bf8474d598acf4f432,151,0,0.1607422385310307
632643787a8f415d8f6056f9d8ac5772,454,0,0.13851159734956636
a30e2ef45cc141d19619d5cc0f07c918,282,0,0.1513515154425995
eebfdf7f5dbd41dfbc53495b5d6481c6,131,0,0.1437134087987877
44fc4f2da5474259b48e550626376582,488,1,-0.004729896620901841
6b536a7614ca4259a66bf44455e6f368,643,0,0.1561498722623355
ef449d52b96f46088b8f57f81ea70287,627,0,0.15735839751120667
172b1661ed6e45398f1e755c4a402925,774,0,0.051159747844289116
9e871b3f17744477958b61cbbb4c2ad8,65,0,0.127659169490492
c07db982fac4477da582c47c021d5b9f,730,0,0.128747314663134
94d33b93a1df49d48b2dacd4b4cb6d65,422,0,0.1479799527308694
dbbb573b1b1245478586aa89fe0436b8,63,0,0.1512703694885083
ab2e848abff645c6b128909d02f840e8,91,0,0.14808895177220593
88974226a29c4581bf76e6b9ccc8d39b,53,0,0.11039351954273646
a257f08bce1b497484209b03c401c419,512,0,0.14783589591951768
6ffadd84de26444abf6c79ce8fb12ab7,19,0,0.15396573552880882
afdb1c2bf1b64641aed1830a3fed1a3f,731,0,0.14062465186162715
903e106da43945c08ff0ebe6be1d6c80,213,0,0.07140024465593925
5f0461005b2143a0891dc20aaafbdb65,155,0,0.013063676638481736
8eb77e74d4c84c07a1507278acf56c39,397,0,0.0022214737982603205
bb0c6b001bd346b882d51f503c964724,266,0,0.045463197752064144
6a3f59e1326042a1b48d03541a6b6927,667,0,0.14164754904873955
b986a90db4044bf38a5df60b642ad9d9,777,0,0.12609541600382884
66824198db284af38eed24d42f90fe22,219,0,0.1492635813920592
b40f345bb7854e9a9bd1672c24eb7850,641,0,0.12696882868933462
64953f8767f44d95958fbe979994f512,317,0,0.13107842431722577
fa7a2ec3ecd746549fc1c432717e6bce,737,0,0.14356535831279243
fb7c3727e9774393b38fa020975fcf32,616,0,0.11482582767887362
25e7005230fe471a86e0b8526bb5faa3,292,0,0.15016825586473442
426867fb59044e5d88c10cd1d01078bf,79,1,-0.026098153472845942
04dc8b9e54eb4edaad06bd4af7eca3d6,11,0,0.12140739340746542
3b24251b3c1a42f28b29887dcc15d7d1,433,0,0.07061024718542575
00c9a7c2d4b44df19b01860686bf43a9,22,0,0.15232491752897648
f87ccedf34584e3cb04f77eeb72feb7f,145,0,0.13927844593087346
1e9058d31d0948d9aaa5bad9e7ab6470,240,0,0.15540513562938674
1b9ace850d8445cfb2f751ef0bc88800,576,0,0.15850628762370417
7ffe36ff840b46099039c2d082b1e5cf,694,0,0.15216156705716394
87c57635bc5f4978ae94f07e3e86d610,476,0,0.1520237521526121
e264d1a83b584610a79265ee45d2f054,672,0,0.15556615383341132
a80c68ef4022431787923ab4f601be4b,192,0,0.14943974377212355
ec7879a7c30f4d8da99f1c1c8876e935,576,0,0.04474910992863479
58deef89d102490eabbc36c859284c9f,592,0,0.05568638081211247
e446cb98263a48bb8556d9aa44cade11,237,0,0.03577302441651076
256c755e153248b7bbd2b3f7d02d80e6,149,0,0.1567519560486867
0608243ef39242efa9e03a5a534b69a1,411,0,0.1313336854955608
8933d98e72b041429a6965c8405c1c12,688,0,0.13923612489675163
8476730e96fa407ea6846c9134bd0160,368,0,0.14553081073933194
37a1f87992f54fe698cb9135c44b38b7,140,0,0.12867191763981695
ec8b66fd7e4d4844aa09f631019a442e,771,0,0.14780515987695364
dce5dd5ebd144ab58e5371edfa834196,518,1,-0.06885564818032963
b5bbfa60290749c6bd86e02833ffc49d,587,0,0.15023805099873733
cd44ed2d89d64bc28e2ddcc1967c8f8c,83,0,0.08234809185699532
a3d66c69472d4d64a67c21edc4884056,168,0,0.153138528916758
130cc6620b65444e9cc83db18948cb66,500,1,-0.030390099796027803
6e3370a2ec7b4aba850a00182e0fba79,402,0,0.15005249742511456
4673fe14055f4cd4b97672289188456b,108,0,0.014698639139876069
f6ec3bc2865949dca98d453ddadc8248,0,0,0.14827284298743676
e08820cc56c641f7ba5c79f1239f1d4b,73,0,0.1256508197313575
72e494ed712744ee81a48ba6b3dae792,214,0,0.13754076528014897
0598b38c9ddd4f679fe6241238de3a0a,16,0,0.1565362701063509
457935fe6303469f82947d972b09b96f,68,0,0.15727266628445508
6447c42fe87040c0974b7b41c85db5b3,677,0,0.12887345031261715
8e092a9f754a43a884ae9614c49687a6,31,0,0.10320612150187525
77ff56875c1c42caa112c4805a813387,770,0,0.1592903393779832
d7790917757f4a3ebb6e3600c4f789f3,635,0,0.1503007743581481
236d4f26d8c04a83acd0a8f06545bbb8,39,0,0.1327060143798014
fd8c5bdaa3c34d7faa616564e3120fc7,258,0,0.1514482547128721
7a831c65964448a485d09f0f354df56d,330,0,0.1485095917546111
1c665670178b421d83687a8b8136e5d6,97,0,0.15918088234632977
a75c7a41303745bda264b072326ca939,592,0,0.06290355440817064
ded500e5d11b480da8ee3ae869daddb4,799,0,0.13864741251001644
6178588aec1f449fb37bfaf0ee905c35,741,0,0.013819696730659692
758ec1fee48842acbc1ffb47ab065eb2,385,0,0.15913781554102813
ed3658a96b564768bb2e41502ab101d5,699,0,0.14830047943605268
2ca74e1574be458a913a32f633b09092,717,0,0.10056642062060756
2d20563b53c04f94bb99ffea0b521cf6,758,0,0.14313055695547633
3f0a107a7c424964adecb70958c2f0a2,508,0,0.13018866477074692
e884a513f6a3426b8b0b223a57edd266,710,0,0.09243894101083522
30ee81cd53834c05ac87ccda9d09286a,140,0,0.061754423203805586
63cffcef1777485295343f0389c58a73,672,0,0.08788284314238654
918a84e2fbfc40d7848913f732dfaf42,207,0,0.1509968271146297
4787238a813940b98daf19445fece1fc,11,0,0.0951676407151213
607cf0641033400daebbeb020040cc4e,140,0,0.08928848919309074
b97562f55e2248d3b54b209d444065b7,397,0,0.09546990783364678
a7ed35973291494b81b266d5afb147f5,72,0,0.019798612863088205
49aa6fc00d0144abbdad1067beefbd6d,641,0,0.062038938867182314
f357a9058a1943bdb30a46b032bdca92,268,0,0.1349872983376858
db36239e0d4e4dce8cf89b42e1dfc581,404,0,0.05957923262410797
30769b4f82de4156aa4399bf963f0bc3,130,0,0.1303223368981321
c33828888282474e957823148949eee8,443,0,0.12960521728556829
5d9bd7c0550b4fc3ad0e99f1d5acccc8,721,0,0.12057906878320251
e8ed94681cdc4ec5bbc3f3f74cefc08a,476,0,0.10919705981214795
274a18b94a164c278804a8a5df98760c,476,0,0.056276177123369464
7dda45b7a22a4d8fada84bae3b63753b,476,0,0.12808583350942404
a6226b667b5e48129a715eabad080428,476,0,0.10657152946457582
b8daa8aaee8042d78fd4ae9afeed4706,476,0,0.09365099511865027
881e49422f654e51920cb3cc53713549,476,1,-0.036639882933104606
4439ae4b91294ffbb6760aeeb58becae,476,0,0.08512209645778857
5adf1279ccd947f4a4bd1c614314e792,476,0,0.07255577956596804
e8f0ff421dc849ce9a75953395d2ab65,476,0,0.06029125857184242
9430cb76cc374b3b9ceb78d3c6646292,378,0,0.07142678149699633
5939708b30e14af882aa12b5f6b5562e,476,1,-0.049344859024957666
862892fb9d604b459600279266f700a4,476,0,0.010095010568482221
9a65925d89224b56893d23e5e9301007,476,0,0.053156779425312495
510d6a10245549b688dc1eb2cd80677d,476,0,0.05684480432809308
8c7526df13644c73beb90cf776466280,476,0,0.04766255496847238
a844204d1a8f45c594abd624bb20b29f,476,0,0.041954378224495104
bd27132ede1646f4b7efe761b5eaf2a1,476,1,-0.02064548454688231
d60870dededa435d853a509d79d39539,476,0,0.0270406003872512
f1c59a2db2a44d4db11b99eac2674a57,476,0,0.03073920286914611
1336cae74f7a4be3b552865b78f74a19,476,0,0.006640945383635133
57587409876c4a9d9039a312716d3a76,476,1,-0.015727168909118516
1187e2cbc86f4a87b96a9332124a6ca3,476,1,-0.0007988204201466176
c3f3a708593944e38a4dc0d936978402,476,1,-0.027528980981164963
fd9cf2f65d2e4ffda27e503c12de8e6d,476,1,-0.006319162785673904
94825545c8cf4a8783606bf04c9ecb6e,476,1,-0.011218417323121344
861832331f034158a8f5ac0424c169f3,476,1,-0.01496034532208268
23eca0aa76ec4cdd8dc468839c3ec3df,476,1,-0.03312017355145758
99731bc562084b56921ae80bce82b9cf,613,0,0.15961937586800728
f9226c2183564ff7bbdb2dfd347fbf37,476,1,-0.04126082961517208
414a6dd74b6443c794422e1f5f15b322,476,1,-0.037716470046250894
b17c02dfbef44e72a6473143055493b7,476,1,-0.05218148341237583
5062a6a1fd254a158b34528edff56244,476,1,-0.036094911360951
06b2d439a4da4f62a2f7908d50a98654,646,1,-0.0752605229339307
ed006ce51f5548219b35965c53832845,195,0,0.15284669143809843
bd0316c2f11c4a31971eab956709003d,530,0,0.14864080532484492
f1bce0ff66074c55935c84edfe9eda06,302,0,0.14887176260842339
6d1836541f41408693b075001d0b2124,209,1,-0.015159363893540778
f0803059a19b481eae531cd5d8d0542b,741,0,0.09690293075766165
847f0783c59643d5a802026c892d7164,612,0,0.13450367089348758
7d56f54606d64fa78c8b0b50376ba342,508,0,0.1312902481333344
2c58164c363f4499b21d14291f0280d6,73,0,0.046716398954425586
4beb86d169a645d4995a606409634097,402,0,0.09651245821388194
9f9c9913b2834285877af11236ac6420,506,0,0.05543811260858611
a4fca365a54849d9aad94a74e9274352,501,0,0.10974588176999639
82d5e84df21f475290f75b8a1c5fcfb6,122,0,0.04199189752931398
68aa5912bc0e4a98a841ca3e54f5476c,71,0,0.11484741418887706
61943f741793477eb7f30a3a0b2dce52,760,0,0.14445924205664207
8c25e725097149daa7351f0cd5518aeb,580,0,0.15273239635719515
dd00a9b8a55d4e1fb3c1932804d62f5b,283,0,0.1299150435622467
9013fc88309746df824794b8915c263a,584,0,0.16177408204972932
aed2300f893c4ed8819a0133066fe165,155,0,0.06219856024906312
4b85fac04660460fa69c19b49ed7a320,584,0,0.12859848356547782
39e2561af4c043319660f0c3e456e180,169,0,0.11695506946734824
36e26cef54f34cb9a9623a8e6527bd8f,687,0,0.14894375759335426
05994885cc074e87ac4451c370755da8,83,0,0.10858733522792413
d78a700a19ff4ffea2100f3f1bfa4d93,393,0,0.12744837891396876
caa5bb708026432696b901dc61c6c79d,783,0,0.153020516186197
abef69f1b5e74b34a62a3cbbd0f76243,210,0,0.135736421964968
32207d7324d34f3287bb5fda477ddbbe,699,0,0.10955288924993378
68791c15d5bd4095aa59f8b1b9a160e2,414,0,0.1552460805279397
d26627dce77743328d1b5836b3459ac1,388,0,0.11972519403690413
ad570eb8ce304d32af8e76a220ad5c77,576,0,0.07246806713745785
d6b2a0c7af574bdba643c97d127d03eb,585,0,0.12241216688255907
3e348032153c4d09ad9c94c844ed89de,741,0,0.08344621329446883
180af29414f04d9c9efad42085542eed,599,0,0.1409352765748999
87917e9b48d34917af76dd37ea7b6875,390,0,0.13109949751574596
34c312363f40418d85df259b37550379,162,0,0.1464328428232441
d040cf993d884b68b12049ad3160cd75,261,0,0.14826676240240688
5dd93e8a415d4cc396bf56dcaf7fc923,433,0,0.11393161911943644
59ecf1221553479e8cad24fe07eabfe2,729,0,0.1506231516711261
25e8087d69b54d5186d90c648e9b30f0,127,0,0.15563158072968925
a0baeff84aa240ada31ca3600b29d746,183,0,0.15431826429053974
637b90d26f1a470e8fc225efe7cf4b1a,516,0,0.1437383913702116
799768dfeacc49b8bef4211c6d395585,376,0,0.11796150136698841
d1b7841e42314c39a72b4716f8075216,179,1,-0.021603879964627648
bfcb8bd3b12d4386b2263ea4fb715d61,43,0,0.1507229527430924
d264dc4530fe4002b36d222009aeea55,471,0,0.057548834287893036
909275fd382442bfad63bd4b84dc8471,532,0,0.16047487382151887
d6dfe3464c8f4eb49164a7533dd1f513,767,0,0.12714957445185876
6385144a8b194db5a9d76e93d6ca2e47,170,0,0.15019894217872543
260c0df8391f43a39b8df1e1e579a404,211,0,0.11606670870787344
5c2f204a766048d3bf8b775b9cadeef2,422,0,0.14707263643221735
d67d1cf649cf4d169568327270b28503,498,0,0.1467348021130518
37e8cc0e378146cfb1d8308ee70d44a9,498,0,0.1406062103466622
827de958513c478b91f0d51a4d24b4af,149,0,0.15485234995134567
370b5186220b44858ba965145812d95a,476,1,-0.004225887282343521
d98cfbf5022548a6a4272e9536970b72,612,0,0.02550509066329215
3cb85120dd9a4cfbbc0d7362b42920bc,518,0,0.13704226516118273
2c5e20b7fac74a8290ea41c44c5fdc14,459,0,0.16049150684619984
ffed90a81be247d59b3b086f0b46896f,291,0,0.12035752998528604
a2d588edd67f4f41afa2d67c1a58be00,781,0,0.12001276750803913
9f2a0680b57c44b299283a8bd3a7ba7c,386,0,0.1537799730216926
bfc652ce77c443159ac3c3334985df83,273,0,0.11284676979495262
f32c017434ab42bdb45f7e4dbc4f49f7,198,0,0.15874667277491306
d9f1731f5b8e4acf94153a8869eae922,261,0,0.07586328130092662
9271969bf9764643aee14b8ff8980cd0,38,0,0.13795565722628922
d33c40326b694ea499cb372214d919fd,169,0,0.0704767986999873
453cf1a9cbb647528c109bc023e44e2e,350,0,0.04799547316327529
2d0254b8df264633a2d3e0e6c70feae0,561,0,0.08877836200902306
711bf586324d495c9b966c8c30a222ed,444,0,0.12203919749325692
a3b31dde149d473099b54275238ca63d,521,0,0.1215761643758676
769a0d07c1c040dcacb80c9e60c1e096,263,0,0.11182470014183654
d6ee188c4d924f0aa54ad5c1c4bfa19d,228,0,0.1323046967234059
9fb4902b9d334540ab73640a4df9a9bd,156,0,0.12173509350535927
18aed1f325a14f61b69e06e49d65b9ba,422,0,0.10555978413784306
2be6ede147b849d8868cd39ddb6b5d3a,248,0,0.031690746021866945
46e7558d229d47e7ac09a64a0c6e5905,793,1,-0.14186606859993145
e82cc13665a449e5a2cd544e9504c4bc,424,0,0.1498065903640617
d9fc9228eb794aa6baaebdc36a20c381,315,0,0.1393805404101328
133af5f0c1994ca1abb5e8afcec3fb8a,602,0,0.1373415208216025
5d598c71ca264fbdbd036ab4da38933b,607,0,0.14972884271693865
099b0024a1ac4801a2bd71313090bf27,755,0,0.07355500465496673
88d145bb3fa04bd3922acacf1e8cc10f,482,0,0.15555736694148176
2f6db9a3217448e39d64d025e5a80ee7,702,0,0.15816195524750742
a08d932793c94a298ff5bac37f0e98d0,596,0,0.055604025810344127
a38d5356f8ba419f9828a40dbbeda437,196,0,0.10341140439811025
705d81579ef748fd8d1dbfc3cf6cf35c,110,0,0.10396705002193674
eb1f7199e8184229b8cae84057bd3f10,592,0,0.11282290983084275
ce25a970d7c940b5a76e77adee5d65d8,73,1,-0.03218203483338533
aba246130f80451988b538c49903bca3,266,0,0.12701615216172052
691b0fa2da8341bcb8eae798d40121cb,229,0,0.15433328216932818
61a7306fb2b842e8a3572fd7048ac328,521,0,0.1169307392339527
464448d4ac304efe85a3551acaeb2b10,316,0,0.10130403981784086
98ca77ad740b4e8295ed3ccf4bbed027,120,0,0.1466349113186236
cdfe51d61dee4f43be56cc0ea444f1e4,75,0,0.1485667577061458
18fa4e2180464c69be4ea582692aef92,735,0,0.10737409798888792
fdc0afc1d13a499797383196e016b8d2,659,0,0.10435170595878768
0da81bb38e37452cb309281a053cac37,484,0,0.1557930259552412
2614030b9d2e456187eeb2ff3e680244,353,0,0.15266950082479458
b1ccd38c667844768e24efe6b4f7c6bc,258,0,0.14575414986945673
a09fdb80fadc4ec2a5d906ae73ed5fb6,726,0,0.046913771654699676
3241bcefe993471ca7fcca88ba312b40,724,0,0.10943452714853963
87919560f22546b5aed4a9e57dbcb496,716,0,0.1398244926535543
f936e32a034144fea4c2766cbeaefe66,498,0,0.0008365170322609528
a94ce97eaac1424babfc869322300aab,143,0,0.14033260211281878
23122290f3e643ea82b59b32ff4cfa97,184,0,0.15429274080007543
26d80319fee34802b04a9e7e7d6b3224,629,0,0.13408604350952374
ef1595b7856c46b3b85948e2dbad3d77,216,0,0.1504644990179248
3c0c0950e1454a4495f3590faf3dccc6,627,0,0.15397787773853744
e3dcf545142743eb87ec6bf658b8f136,40,0,0.15305814034855036
258514823fda483e928fd1326defa1d6,467,0,0.10540339385559738
88b9354227ad4cdaa2e239174b4f742b,642,0,0.16370672782514217
39d77f63b3284f99a46389ef6823b77b,460,0,0.09294792876235736
3244981e68364b398d58f724a26c3f91,593,0,0.12025137958464188
5d5ac1ef75dc4a30bb1498cdbe43e3a3,227,0,0.02529143600557726
47d6c02a61724b2bb36c2149b76becf5,77,0,0.11411267339008957
1ff4a1cc346f4fb1b8836773aa3812e1,559,0,0.14921588076703823
c9e91686682143af8b759151fe352796,508,0,0.15474633430583057
502ca7203d5a4990ad56448ed249853b,798,0,0.14604478165106594
038cf02f19a74ec5834d35012b75ebdc,743,0,0.03144149114092121
1a01c8f37671429cbbc260716cdc9534,662,0,0.12579759866586476
d7d72fc946d64e148a8944b30a98b955,767,0,0.021978079572446574
28f4ac0c1f08436495886768c9dda3a5,425,0,0.1359585800993398
c1c66148dd054e4d8a490ff5c79f2bb8,99,0,0.1609690420000865
cefdc991ef154d32bd328b6c6a387855,124,0,0.13280547461041214
f6cad31329074240a3f6be276420f783,183,0,0.15878754520519078
c22528f598bd4a98b5148ba369e6e649,492,0,0.14267292330914416
5d27711021514ff493f12054483ec95b,256,0,0.1459199392860136
38c6a36565cb467cbe9a23dc59b7ba17,166,0,0.08381173121042146
f3f5c8f1d355494981f2b85026b272b6,398,0,0.10337946775086576
4f560091d52b4c9aac5295ecf28ed612,495,0,0.13169139927847678
5df1adb56b7347bd82bbe06179ad0608,762,1,-0.0017602536416074788
2fdaa40fefb744fe89c364211f21f714,463,0,0.03702128004670813
ab4c83f72c264526b2ce28274bc5ab8a,346,0,0.10976552239925758
01175797ffa94612941a5c68c2818016,743,0,0.1373274805464837
30b1a366316c482eb3e3b75c603c4ffb,653,0,0.10303845055922589
49fc0dda27344e7e9cf430ed43df5806,39,0,0.13866480959159244
cb10c1f715a94a3cad011660d44b2e69,140,0,0.10369053622005381
10f719e91851492fb7710c5239240933,348,0,0.0913546152386932
1489bd641f5a4c40ae93800c9cf0f765,510,0,0.0958241585336771
416f9b18138a417cb341f1503c7db3b7,291,0,0.14449510162650153
1635bf9670e946db8344fddb6b0cc890,613,0,0.1487844314873183
185f3b1737814a35b7024775919eba79,592,0,0.043524493790485785
e273e39956bf445e9e244ad25d9a258e,341,0,0.133715429924945
5d96f5d9ce1b4f73a97df02c1f6b6dd2,596,0,0.03259514562222404
321e78e3caf14c70aef1a8e7907a8095,81,0,0.1483933565952386
f1965b9569c644ea8deb7f74273dc30c,673,0,0.04581875427356835
76fdd588c5f046a4a98313afd24750c6,109,0,0.16204851864860692
dbb613e14ba84553b8e525e0fcb45ad2,574,0,0.12300627540721454
b3df9fe19e8847258d389cade18d7032,664,0,0.13063880774776043
4d2a79010f7a47f9a935fc4db59498a7,279,0,0.15894975976098658
1f6357a60e284a75be71bd96f8d2a858,60,0,0.15559686582486987
8703d7d209384a138830e31a939066fb,352,0,0.13554109931656544
c528018c49a14350bba11bd0a1f82ffe,255,0,0.08730860824716563
ba542170688640e4bae14946090ab822,619,0,0.16195588547649759
f4a5e919399e4326a85c5e3f9eb50498,764,0,0.1569782862815401
fab71fcc2e594d2db619567c1f40b7da,656,0,0.12038827647966366
82aec881241f421d93c1210adf688f5c,236,0,0.15286081332401408
2e0fbae463a148c4b7925ad078c84520,700,0,0.15492043981917653
343dd7291c6c44cba4aa53adf8c0ddac,588,0,0.1423636404638718
6bf822819f4e49ef8482fb275a3ff0ea,423,0,0.1424006388732792
864a008bf7de44e784c789f3131d97ae,663,0,0.11281673712552309
939eb112b3b6444ebfa638d78e0d91aa,387,0,0.13794937924503303
371b5a00a0034b54b5078e9479c5f5fe,650,0,0.13410989458279338
4db21a3821c148ac80e173f01f0c73d7,681,0,0.15518906475057803
200e94bc1e094accb55bdd57da977fe5,280,0,0.11435758092064291
37b9c45eb89a4e31856544bfaed137d8,162,0,0.14594877259834127
c7183004053243e1b139e93b6cebb4cd,296,0,0.1075202555229236
f50484ef4f704d629e8f3c360f8d45d9,290,0,0.1341952704982049
73e6156eb42b44baab29138e50dd4206,780,0,0.1486690168375932
0428725fa8704b96a261f000bc1ee90c,460,0,0.01986302104177412
daf03fe061ae4cb8b9d1461411c889f3,399,0,0.04798257440465492
2afd8c5ae0ee4c218c727432075bd3bc,240,0,0.13145750458654448
411b97a6d7af47e4a3433161b85ebf22,657,0,0.07432764932625346
ee2d5cb0ba474351b10fea398aa5bbb7,706,0,0.14908747397696792
0e98640272cf401ebada97798a5ae67c,628,0,0.14588272930934587
f20c5188865548eeae5bcbc6e0e9afed,567,0,0.1373583890267176
a3fc8a16c560448b9f3e265ae2e3341a,191,0,0.1542463407631609
9c527dd1bf2b4f1bb512ecf3d55992f4,257,0,0.11520523923214832
ced8e93928d04922a4da8c47bb8b13bc,204,0,0.14452099700455873
1563d37c8f0e4b65bd4c92b64d6002c1,592,0,0.07948660567069804
7e8b2c6b4f13482fb390741d1ccabe6c,365,0,0.062452724804238746
1cf41581fb5f4fe4ba440f5a53ba9d9c,233,0,0.0943456841490572
f13fc7a3db884da4be367a88de2727a8,140,0,0.06252659840940183
c1a1212be1c14b11b181e4b8df20b3ab,547,0,0.1423977553458064
3dd550c337a443d4a21592fd871980c3,735,0,0.15547536353358699
2c903c94eaef4873b13bac224b6a80cc,37,0,0.14906450163221524
dd1ce50ef9c0485b9ca006f1c7b5897a,602,0,0.1350956548881284
10ca09a808914a77a233579b77cccaf4,612,0,0.11725144211667848
9a263da1dc25497fa234fee82e4afcb5,487,0,0.15290884226161694
b1b9a844e1514ee0a90518417c14472a,746,0,0.11778235883007665
d16723d3406e404ab42842ecbc0ee927,421,0,0.025328805364719043
42c9577801c048d9a62527408a80295f,589,0,0.15553140215556077
b4590ac290fd4262a4a1d3cfbef853f0,365,0,0.1327855345208609
d8dbd5bccd9a472882a8a13c6bf6b72b,99,0,0.05848835092150029
c784645afc4a4ad3949e5c48090eaed6,197,0,0.15695394196652052
340a4c30e51e44acbdc56ec23bc4f622,750,0,0.15184682760509827
6303020e86254fe4859b06f26113ebd0,471,0,0.14870075825673446
60b13d2102204eeaa1a2a882065075d7,120,0,0.14977258293837103
6e6f8d00d979441fba70ea4a3f5a9974,774,0,0.15073209216655092
65e8a72e7a6d46ee8273f28b51d4d843,157,0,0.11597446154354457
2a0f7d699c3a42a79469de221f8b9267,383,0,0.034087746431174515
7d6af3595431460c90991e0773e9f91d,568,0,0.0975760413281499
18bc03dc44af4f57b9987a1f1f7ea01a,605,0,0.06068381342802054
ba65fe825d7e4440b4c216c0d04e36db,463,0,0.07952554829138131
8a15288908484fc4863fcdde5c1178ea,620,0,0.15873245862524443
51dd2edd8a644b898b08b87d97f6d4cf,384,0,0.11784594170219764
05db8fac630146ce9bcd719349440269,595,0,0.15435040424641155
d16d76ff47a24ca28d9c710513c07cc7,551,0,0.04984581521388237
b4402cb964e943fe8452b416ca6add24,621,0,0.13043348466066462
d63e65ec50d04accb14d7b9465cb63af,85,0,0.13589669706676288
738faab358f341f2864d325620660aa1,210,0,0.1435561705740056
988119ddb2ba4b77bc5c9ecf2cb8cfd8,151,0,0.15691888774488688
27514c54bcf642ffae996ff113183702,345,0,0.011285254385102472
3d96382e5226433ba89a0fb74c1877bd,652,0,0.14771469050150365
d8e3ee4d54fa4288b0e8fe2435f7ce1a,100,0,0.14828016433242702
4166692a28c749f79ae9d4563f931237,619,0,0.07249256729319292
03091afc85514a2b934df828dd503186,388,0,0.14142924373191473
716daf45cd0a4e4e9d27f688ab26ce08,163,0,0.14974186208819956
c94bbfcb0f08462ca0a18dd5270a0ea7,488,0,0.010728332740371549
4ada856d067b4c53b7a3375389acfb86,43,0,0.1384997524249964
af3dab17908a4909bd0eaaff12370634,478,1,-0.04192144041518653
f27b6fdb8a4140ae88fb11f217f9647f,251,0,0.030026429348767703
79bf243f0f2043d781953f393c3563fa,241,0,0.06673320749493639
ac0b4b44b9fc4fb48985880b6b63481b,747,0,0.1447928626727269
1ed7ed587287408eb3e3ac449c4e85cc,212,0,0.14265008656104117
ed74a532e7b142b18cd43b9c1f5a468d,274,0,0.10123224480002985
3a59b054bd8a4a2d92d3d91a901c84f0,401,0,0.1424884270286711
1e9e453dfbce47faac3c7b1410c0cedc,5,0,0.14109370742315097
186c38605f564642ab81d4ae0b808100,181,0,0.14117042163441978
df39aec14155429db419f50dbdff6a0b,541,0,0.12509758264107962
a77fb82ec6244292a4385bf7906d99da,689,0,0.15750333498911184
49afb64df00a4eeda966724fbc2ab331,743,0,0.07666102509446449
2a7a9437f97141ad8ed14e584d49de72,748,0,0.15287718441848797
651b6d33962d4f0f9a64fd6bf4becea2,541,0,0.11113155836690058
1055e9c6416042a58e9f3c4b8f849508,363,0,0.13871541325155912
ef2d5a3cc3f5402c82ae9c8a8625bec7,43,0,0.14167693743619447
ceff0269e0c147c6b6c60e975464abbe,348,0,0.011868355554479737
1bc6f17a55ec4ccba2bf6fd8e441f2f6,684,0,0.1328398289716654
a17f0dbf05b84558ba2d9d467fc6d13f,297,0,0.15747707824458212
da47ddafe21c4c269168d75ea43a3c33,111,0,0.1425361051386385
b38840cd5714417da94cdb2a150ce853,63,0,0.14680322970219506
d607ac2d92cf4015a5cec0490cc1edc7,654,1,-0.003881951793858307
17652c87771d4f2c9eeaa61c9d359060,363,0,0.1314540546840357
37730c8aa0a04871a6ff820faa16c564,725,0,0.11717138988038217
1ba755798c3f48d690bbb113ea4feeb1,104,0,0.15086494953826002
a4e0db8934e748ea8cddc82f6fe1b2e8,126,0,0.1226239715793741
ea05863aa9194eae9b29290d53bd2ca1,93,0,0.13568723848740605
21a2651619e24b948681da6e174546b1,659,0,0.12855800345107415
a4ca804b2b1440b78e20a024981e05fc,35,0,0.14099578427967752
f5c02387d457449fa618c969f660797a,512,0,0.13062411415764796
a0a00c04d83b4b45837eeac903f77270,537,0,0.14174264380148338
f9721fd47f4d4be8ba92f475b8cdc4de,509,0,0.1373174622753997
01cbfcb8525f4ded998375cf5704b936,122,0,0.09493795001429484
069bccb99a1340bea3bd5e0e6256c558,218,0,0.15298331614029992
3847c8dc07e64ecd86d97e0397b701fa,318,0,0.14928837784489402
24595a28039944aa8ae635a1ce74da80,588,0,0.13658571722116097
f42642e1387346d38c56223bb747b9c2,488,0,0.05556160498844037
7196ba3948d94987ae538093ad6802cb,517,0,0.12147998025983142
289b0146e1244508bf59a9faf8e34c52,345,0,0.10144663714831315
b5a89318969341898e0804b2b90ed43f,765,0,0.14700474129619923
7b7c5462b6ac42a6879f4ec5737d7b37,504,0,0.15332726120443624
a623ef9d17e3442f9882076147008fb1,761,0,0.14805614848999632
473f0bbcc4a9412787395a20317d1713,436,1,-0.02387879901711576
61a0b2c4e7c5487aaaa0c845eb8661ff,208,0,0.04791175380945789
4c32bf7e50f14f8b867c4d461bb8edf9,157,0,0.09584609466579108
51fa75b757a949158d4f59d4defa3f27,217,0,0.14988723309491764
aa5f9d4809074af9b8ac5c0f6e06095e,348,0,0.07713751853702772
594a1a794017479d89a980efaf58229b,585,0,0.15975641899146908
04022a7dd070409690573bd8f1b8655c,146,0,0.15904920173612996
01bf25e8a14443dfaa9a5fabf0e1ba9c,20,0,0.030389571632196855
d62119dddc02468fa76f74e3a66f2d7e,20,1,-0.04680373878512867
79455f66986d4cd487074b79c4ab61e3,488,0,0.03723316847575531
08c34a765623484fa5d8f98ab965d8bb,417,0,0.15064320327121739
0cb10d92dfa5469185a98d028b529021,127,0,0.14840617701429132
5e667c894e2149b69b532ce4b4686fa7,20,1,-0.05023257538331749
892579e07c8b46148b586bc2ecac20d9,620,0,0.08734641953439654
0e6b18b7851f45b0b20ece2fdab85374,724,0,0.0024645475745646572
cdbf1863db1648bcadce28889bac634d,20,1,-0.06187536895121237
7dfe5444c008410781a1af42710aa2ea,20,1,-0.06548010710958752
659dbb82181a464fb8ed27909058ad30,261,0,0.15680137665590776
750ae00acc524c878ca7ddc4ae5d1dc6,20,1,-0.048752368061525386
da2fc687ce7c402e894c649c3d512c0a,723,0,0.055331361911270194
cc798ac71a344516bd70f6b307e10524,799,0,0.11020862176789237
ade96e60f80d4ff9b95b3c8c363ab5bc,20,1,-0.04880799316841511
e967c58e417042759f604c57f4f1f994,302,0,0.15246324836662456
d8b2d136b3584795b95bbf508de40dd2,20,1,-0.04892520740778861
5ad645b3e75345bdb023ab1fb19d2634,582,0,0.11085967050549922
eea2d88da1e44a8a901438c1533339a4,20,1,-0.054046662112467225
475c492f7317480999ec1450bc5d0625,105,0,0.1580536993230261
ebcb8f04f5fd40ebb9e315b53b301264,199,0,0.14890166731133964
80ebb23033914dce8c571fdff01355ef,799,0,0.13363644164979932
cfae80647fb34689b63b94ded7014371,637,0,0.14447575443798377
0ee91883fa4a4040875be6b80514b88d,468,0,0.13912617395918586
2af8826ef31b4c608b3664e36d9fd081,221,0,0.015704719045425697
27ca062ccf52482b8a951ded721d1ce2,616,0,0.15534116567063277
de37a3dfd2a54378bafefb342aef4832,673,0,0.1127285055952732
75a157bddc9a4183be2cbcdff04a8fbe,3,0,0.07223154952133265
99911778e2194eb9ac8ee2da08be721d,145,0,0.1522912114380292
a9a3ddb6888b4a918b5987b6d8e59811,562,0,0.11081724183260488
2b1420b8ca17486ea90b47d7f362b3c1,391,0,0.15689375336880262
86c971204988416abeeff015234c2938,221,0,0.09548376910752393
6b6d62be69944b6689aac62bf7f16167,688,0,0.10542788418226162
e959658575714017b1d42ddcf1e94c41,585,0,0.1229352556036411
a965687b47be400186cdc3deca230b7f,795,0,0.15313456906512718
1785ee21ffaf4fc2b02fb9190d02f584,791,0,0.15137905434862875
abde29a36a824df3a437fc9838fd7069,1,0,0.03713771240718011
17ea821ce581442b87eb726bec87b236,119,0,0.15644373979064496
156ff1ecc2fa4cde960885672c7bffca,76,0,0.14252083850271552
4c2b7c62c1534ac295b11ac47520d2c3,26,0,0.15125034284918154
a1661bc0ed45459988fae1a401fb66c0,626,0,0.15054240608530117
5beaaac6ea5e4cd183814c66a12e8132,755,0,0.08074805511608257
ff8c1e5e43d04e3582c9ad2320e6bac9,644,0,0.1330314199767456
817d8f30156544579abde3b6acdb0772,51,0,0.1385614551961346
dd427a989c3d4ba9a4c1aa8c8c4f65df,166,0,0.1189431326603061
df5060ad2c4548768f68bd3a7c61cfac,781,0,0.06219261037467405
fddf9c196d1a4d04a36d634886c261dd,19,0,0.13875051096743518
604581304664441190b7cabecbb7b24c,48,0,0.15020938945011308
19ba8706748f4085a8ac58e20cf2b55c,690,0,0.132401306237721
1dafe4ebbd2640d587a070b38588d35d,207,0,0.14158770746373778
9472bc0d4c5b4e1688a164bf01008793,732,0,0.141306349210103
6c2c1b1ba14e493bb0566e4ff9249e16,478,1,-0.04047472876556957
53db643f0cf54e9898412a4693cf7838,168,0,0.15823096493868216
fee6f3fa0ccd4083a06bec3145e7b6b8,115,0,0.1428452294869541
442fae61a935450fac2bc7e747385d2a,353,0,0.08879439590882521
5232f686fc3c45cf8d12b4edc09cd5c1,683,0,0.1569216933511759
505b3d66296b471a8c78677aee303cab,743,0,0.06708581466668523
9cec5bb3f23840aa8d42eb83c272b2dc,405,0,0.12074268961816265
5e0fb70efb204325805c62639bbb1e1b,282,0,0.1403180417986148
54e8bc8678d547cba9d18ca624897f7c,191,0,0.15486221067019035
3c56fae46d2f4c51a40634381a312d49,104,0,0.04748783411331259
7981e83302eb4933abe49be3fe51015f,586,0,0.10811841984634973
0a76f40d7b6d4cdcaa16daf936c56177,552,0,0.10776855210696529
d0963ce35d764a6599831342a531d0cc,556,0,0.07948732995274066
fa4dfa72968a48bd9974b4bbbb84c2ca,586,0,0.11468979528794682
03a0aa2fe51f4901ba5c6f2579c6f453,557,0,0.16240689947448983
3092796191fe4216aa19fca83e6d63ef,121,0,0.15350974672479412
223192c14eab489e8e0888c35838a242,414,0,0.1430187448628656
b6b94d7f6251403eab53fd1ad351106f,782,0,0.15199584445287306
d5c3140a93e84f2a9516b030f20df441,163,0,0.15460828081996303
429e672967fa49348c896622b0d3565a,15,0,0.12529910351687268
3527eb6a69914ff1be72aff910060f4c,666,0,0.12896426871870897
6f86cae9dbca48b38ec7f881e10a4582,142,0,0.11912130536612053
dcd40cf4fe254587b3b3e6ec55b0fece,467,0,0.1283096443923113
86cf9a82ac804641b16ccec2dfa15639,559,0,0.017670373007603435
318b750a6ba54d54a2a1c4ff283845be,619,0,0.1602202105954207
67c3fc6f6749406699fb5d197389f9fc,443,1,-0.018783046984364393
155f512c25404774a0c361990e4b3974,753,0,0.016100813915647272
6999c2feb0024927a40db9a6bbc5f60c,641,0,0.10376818534435428
2f001dfa48c14610b2edc686d684d43e,183,0,0.056158076431261306
3318e0f72aca4687939ab1937c3c747d,389,0,0.1464744155398202
c85c708696944d17a317063728fed3c2,157,0,0.07184853083295967
2391fcd448794147b58f7be0da340f83,505,0,0.14863157802475102
467b497fd1e44c7b88332e8f2aa690fc,697,0,0.1307150621982514
80e286a6ec984c3a95bdf7b3ddab39ef,243,0,0.14091016531932454
b0543cbde3554b6ca8f4a6fd7e699a64,369,0,0.09383704317699704
f9f48bc454da4864bec09affeed260a9,702,0,0.14578945656830133
838abdd6fe864ae29d1ba1948017cd8b,171,0,0.12584729188357757
7e955fe22b5e4b7289c09e384dc051dc,383,0,0.14358979991011106
50860dcf393a46e68070544f93a5f0f0,607,0,0.11043654716195384
d3e0312415b949ca92958fe71204de54,626,0,0.08788005172795871
9af1103baa1e4639bb06e4d03739428b,545,0,0.07288363022259575
0fe65b96212a4f3abcf2bdd2b70909dc,586,0,0.13099308251665043
30f788cb72324b04ae3777b7ff6d3179,81,0,0.1525225008775553
84d0a1a0eef94a839bcf33c6834f5aa7,345,0,0.15025174787092277
35c6071504254c9f93beeaf2341392d3,351,0,0.14653010311199927
101ed5389cab44acae1e60374c5bfaf8,226,0,0.15669997953566306
578ceb3fde234317a3821055319ed690,702,0,0.13452146033038093
fb5864a5c7934e86a09ec1ae3a677f80,516,0,0.09039536051703673
3ee76e4b671b41608cf93233a0667d1d,661,0,0.10515910026682301
42c46d906ff04ed4825a5aa477a71329,495,0,0.11817480386112855
7b21c46d85644875940f23976926e06a,595,0,0.14561710097749786
07ac12e60efe46f595b898213614b4c1,334,0,0.12069644037101385
632d05da42a64e9eac80d9ea9bc20b2e,177,0,0.08790746998027177
6410e9b3a73e459a99cbfd6a4fd22394,658,0,0.1453914993992318
2073fc44d2a840fb9637a9fbb995a40b,124,0,0.1503616211153725
588b6b5f26cc4153b8163247af2de522,619,0,0.12151366227791954
14175f3f1ca740ce8e1409f002bfd576,278,0,0.14864776284435494
5d66fc99b1cd4ce19cb1a47b4e99de23,338,0,0.14737683604572682
adde0edc9fd848e4ac10290671b578ca,791,0,0.07545309159373748
bd2c5334af6c48d8bd47e412f48fff04,551,0,0.1483346150068759
0d27a32c3a864dddb1d1cc9df45935c0,504,0,0.16239212684090004
00e44b8fb38f44b7b8316166a180e776,372,0,0.10660403423561693
40051f93be0c47b6b3d40db3a94f81a9,182,0,0.13151642348932147
6d98d8d671994e2cb57de051968590c8,121,0,0.11334943609335435
3d8daf24eeea4cb2837906f3ef2ba2c6,26,0,0.036108614170980824
1f8c0d4be49b4ffdb9b351bc9b624bd8,159,0,0.15403573407910864
1f63ecf1f0264e04888d0c74cd402a00,237,0,0.14915263149708902
f74e56d6bd35424bacfe6d2bdd59920a,118,0,0.12885081233911633
e1eeaccdb1a04708ace07270d060eab2,331,0,0.15844902326226712
812e7d02910d4ff9b53fef12d858c7e1,435,0,0.05353175180767378
6c32f300527b4a479188f297b6280a04,532,0,0.061933573836095934
d1ab0251efa243e081671098222f1706,733,0,0.09296234795088432
8bfcb3ef13854c7da99424d1c9a702f6,227,0,0.13871202381483405
0dccd6c6e4b3400ca62e1dad0a873deb,299,0,0.11597301415843808
81e546b1b9e64284b36862157688af06,527,0,0.13275961509819617
c047042d63784bd9905ab21f1493191c,294,0,0.16150858409193752
9fce70c0fdda491c9bf4952052681e8d,177,0,0.11417756071331409
0f6ec48159564ad99462e224ccbcc50d,7,0,0.05210394246261285
ed20ea2d35cf49948e841ada720f2377,501,0,0.10924831906891497
41ce7e24ca1e4724a1a7e6ff74808a8b,185,0,0.15465920690694346
bbe1901a6c224ed68434167b26ba76bb,371,0,0.15681059899736194
12fd378568364929ad6ac4bf839fbd46,584,0,0.14699298624167745
6ace985bd7c84fe69257339f17e93eba,246,0,0.1442238960687267
dbf7dcdf306244b6bee6d73148575a10,186,0,0.05069085153144104
57245acdb3904b168e1d26dca6962008,734,0,0.13855813423749547
365018e133454337863d9cb0d2615727,629,0,0.1348579700155133
a2edc0bd4b24468c8a3b0eee900c19e8,170,0,0.1403471079182803
1fe75b5a4cf848e2aafd679cd5c5152f,591,0,0.08760573460309451
505ebccab6654591aa51051ee2d2240d,504,0,0.12880242056252683
e264e80c7c604c61bfd19acb523deac7,20,0,0.09392280269931186
f800d090b877408b9220cf13f9e6d50f,793,0,0.14477896201562723
13cf7f908061490290bfe1baabbfa889,178,0,0.01725625700255523
2efefaa078154a4cb9c581afc19b7cbb,724,0,0.04455501602007472
aeccdce558464a60ac406de378af216a,571,0,0.13832567912866317
a9ae1e000df143b6894b0d0534ab84dc,373,0,0.1562065814499901
bdbb4150c51e4daab62e834483a955c0,38,0,0.1414369055412028
3b729080102844f190e4298d7cb2165e,621,0,0.11965016755857083
7278415b63684abca71713281944d2d2,739,0,0.12046645015619406
3c25e6dce8b543cc8feb63def9c46942,660,0,0.13093255240027873
a22ecaf751f34d31b57edcbf3a0a4e6d,166,0,0.07763655137666647
fc137a2d3cd8488097a296027090244b,600,0,0.09824748049759668
e28467da7eba4edb8503201376f52512,58,0,0.10060572715443478
bb75f6485f394b249e1779253e83cd58,425,0,0.14687117324096555
28c748587525486c9db307d0bdb80300,648,0,0.12971919091534911
bade3411f69f491bbe39bf20817d503d,703,0,0.16049149052857248
f28dedab2eea43b591fa18c37bc35425,676,0,0.15873112374496695
ad01888630ae448bb1f1a8f27146684b,689,0,0.1442125192191549
9e32c85738b241baa38c900370cc6b20,132,0,0.14871770309172527
d3d54a14804447f99dbee95c26f5fdf9,457,0,0.15647651269148222
148f3bc8a1494bf1bcbf126fb68ec917,541,0,0.127521844256273
1af9bdc7cf764fb68952a37866c38748,747,0,0.1608737739261158
4b62d2fe756e4ae9965c210392f1853d,389,0,0.07290029379045243
2fd0eec9cedf4996b08741fc004f0cc7,681,0,0.15983958156285177
302caa2164784d03839088464ffb8d1e,782,0,0.14132530699050705
233ae7f311114ee4a093955ec2e6330b,23,0,0.12483885967785746
0e4354f0411942a4aa9588d782e70fd3,143,0,0.15392307340421846
8f9a1d3f1ff24b8d8372b41381cd5d26,137,0,0.09333852327949294
f8c8dc4d6aee45d0adf606fa75f7cf7e,717,0,0.1424261648889718
9d0deea1146a4f65ae35f418a46c455b,759,0,0.14569682131215195
df61ddb761034586b2759afeb815def0,508,0,0.14228930582289295
fecf7bfe01244de38ed3d89d166765f1,145,0,0.140792948052949
eacfcf56bbe3481a9c5feaba2ae9819a,334,0,0.09788794644581778
a3c07ce18b7d4e0eb49bcec6dba5f658,133,0,0.1540278505756073
bfffc50d408143e889df114d610c5dc9,760,0,0.15421340373219194
3ac23b024e19493392ef096f1f3fc10b,55,0,0.15118628544675367
871651bef41a4d34a930b41c99a0900a,736,0,0.08706728176391687
e15fade2421147da97801e8eb6cf2509,422,0,0.14869700521030077
5f522774fb824a0a938150bfcbac9c0f,665,0,0.15761415469142348
38b081eac6e5407c9ee67d8827bc531c,162,0,0.14898382880750682
de52c8fe5fa94765a12536748bfb72a8,227,0,0.09379575309316945
889d235127c4445f94eddd2cee40867b,127,1,-0.015452318878590554
5f00f9413e234af4af6ded7b9da25124,786,0,0.1428091757005357
a63e6851fba24534a90dac70f4a96cf6,315,0,0.14052340544620984
45cd689516a146218a503abed0480537,356,0,0.10829589096906439
93eadbb7be2a4e7a912039f2ba272513,444,0,0.14937209305501425
da927607827044ebad2613424944fc5b,121,1,-0.011582047802411455
01c1af2884f34489b29085564fa0908f,754,0,0.14610291493760524
997f1dc7146f49ab9ac5721c8d1b36c8,282,0,0.1364900008702573
57c4fef0d6f2432eb518c9de224762d9,43,0,0.02313964702863902
27c9c2780be6404f8dd531e643002d47,109,0,0.05824998627998462
5d9894cbf88c4ec8baf06fa2852b2c7c,350,0,0.07722801382763195
84a13ef033b742a099e8d4f01c69a06c,463,0,0.1510019110611534
db71521943ee46a7a55ef89b697c65fa,81,0,0.07282442819367324
c90c0955ec284e5f9e2fd48b7ed7d3ab,282,0,0.09152760225422546
08e90bbbb02843e6964ebd88cac219f5,720,0,0.1603052930097511
eb1fc37306fe414cb8f3812a5df8d8d6,357,0,0.03375847893863171
f0cf6954dd584f66924f7cc1a8cbf60a,259,0,0.13837282040508447
223ef9f9174445d4bf6dc0932dde84e3,160,0,0.1376023741937089
3bc0a536360745f7b28b5c9717686326,537,0,0.16041352439646644
5bbc2edc983c4580b217d6c09b2bd7cb,19,0,0.1403577035222785
458efebcdafb46918e845710fd2f7e15,318,0,0.14028272056112573
4aad57dd064f4f459210021a3526b645,69,0,0.13744487685117462
48b9f7ec022c41a58bc96342b3f7d4f1,478,0,0.020846363520518885
d8d92e4b854445bc9475b5a5da06b25c,268,0,0.14431396534678664
7b23cee4c3994a6f9a90d80b7d75e58b,69,0,0.11518020375274685
0486c8f93abe4c8f8153469add006b92,724,0,0.1109753266830647
4d721e43ca3c44bf9fbb9f4fb75a9792,255,0,0.09528796034484105
97c8c87c78ee4f7481a96ef887538dc4,261,0,0.13344116969133818
89fe1b28a49a439aa19b254bd9c69672,662,0,0.13800533862312414
51c15b03e9ed468ab088a18afee1569a,620,0,0.15640363764852844
d36d6d4206414304a5768a9c5b761c9a,66,0,0.15188581673646517
d7216f2f697a44f5836c9804363072e9,424,0,0.1333768772487932
a0c4d1d276694969adc0f56ba0e1f16f,391,0,0.14912295456194996
0be2af6f5c10481087333292729e8736,330,0,0.15565745444748008
c6a90b25228842dbab6f9302592c31e2,605,0,0.012850439601004793
de5551880eb4452a898861a0ca35edbb,15,0,0.13544092754716347
0835fd6e72a04a3daad599a0238da489,676,0,0.12124289746130334
4f27827e584143988be3f41f0ec4ddf5,471,0,0.09067179476944115
6bd2702cb9cb420c85f49458bab66112,558,0,0.14688383095922353
60aeea73e79045d493e1468be9c9261a,718,0,0.034526963760637575
7f60f24208c2410bbaae32e77b9854b6,72,0,0.14571645985340054
982da8baa30f423897a9b53706d7f1de,547,0,0.15764249963485993
703a507e7fca48b49c62ea261134ad3e,519,0,0.15646220070452405
1c5fd285bfd9404e9fb4003fcb0e83f8,26,0,0.05829771325016203
3ae9268ad2fa4dd19c874d92216a3cbe,95,0,0.12207906052691675
e6fae10be59a40ff951f44bbc5d1900a,576,0,0.1438939905633584
6383740797434c57a7d8a9f195334766,86,0,0.12797664344711163
9c6cbb13757045f0bcee9d6f890434ee,516,0,0.1549025595326079
6a13e285de47447dbbdde5b34330768c,686,0,0.09154217250059166
a992198b0da640be8d0c6bf78fe0609c,44,0,0.14674775507971466
b77efb7a825f4c679b5cecca18dd1f64,506,0,0.09008145274069468
07875f27267140d88003e85dcffcb229,109,0,0.12795640864839786
dc17bfedb54e4424b46cb4807ad570dc,431,0,0.0784114990662253
59a40d345fe74a719b03011c2c9ac4e1,559,0,0.11754838467313461
89dff16bbdf2428981b9d1eb0db81e48,26,0,0.1388115707492742
3dc0491e43f541ddbe1320c3dd28974c,11,0,0.14894935716092922
e0df387d777548abbdbbe7941d88f6eb,163,0,0.14924489249848988
90193311cfed4f979939f1a29d0bb62d,587,0,0.15429589178919512
32ac82c9896848b38650e0bf82953907,409,0,0.15372781841719735
888320f69d20428f941ac90f8d249c09,264,0,0.13856026981951014
545f50b118604cd985088e457fb70476,115,0,0.15112601999364234
3552d3939b924b2cbf771041de1476d4,614,0,0.050771881725674595
da100824c4d74b99ba1da93264e76aea,417,0,0.03132333529331255
8371dc2cf23c4d1f9336a82e172350b2,191,0,0.1282540547510026
02e0904c3d6a4e7985a40d6903b56abc,523,0,0.14613225464619684
3a0424cb13c24b739177eec1d758e14b,169,0,0.12633984522504127
ede357e55ae2468fb0ddfda33854746c,148,0,0.05280939245561739
03b2cd820de340bdbaf49133248dfd8b,197,0,0.12816897521761905
997fcf04f7154a9ca744308eec5f1191,411,0,0.14692298283893518
a20e4860d80d45daac6f28986a914886,765,0,0.1567957184212932
0e1ced36aa4d4e0dbffb268ec5cc9af5,586,0,0.04655276830752003
3de5253876d7449d875892e318242f72,746,0,0.10710534462088278
767fd5503e804bd4828590d84918dad7,99,0,0.15432769024790233
6ab1d90c98ce4e51ac87fcba9769aa86,189,0,0.15122774104550357
176aa1c659af4e0d9cd7f781df0c0d69,432,0,0.1585410350484331
ff7c8df3e3cd4a09a513f72e67e9450d,580,0,0.1448480595411087
8db37ff8c2f54916b2a971c9c49ae123,321,0,0.14312979831761863
ff1cf2cabe354764827a1527041d8ba3,739,0,0.1254392443026654
5bcef7b4ebf34918a42d8cbaebbf4e90,489,0,0.14551064143929465
799dee32d6b448108aaf3ece4cc26633,711,0,0.1210593986000642
ce446c44086041348fd0a6d9a5acda62,432,0,0.12086712453273696
243d9ac14e5042b38f67c2e71cf9dfdb,321,0,0.1486409997041852
a52954a7a6c94f2bb0ea1ddecc0884f0,527,0,0.09634470591492478
ac9e1bad3acf4c19b84cf749610b3abd,497,0,0.13981499676621933
653f004680a043cb8cad3170835e829d,308,0,0.1476492535385776
05089c8f5cae4ca397d7065e461a0d69,256,0,0.10310530803908413
830aee9528a847ceba610c0256cd64b8,280,0,0.151767388480806
8ba76b90805046f8a125fc72dd47e652,445,0,0.13411628907537854
6b4d21e70f2d4ce086587874bf7f36e0,372,0,0.1286836688419406
66eb185fdb3e4409b1d87ff1d48be53b,461,0,0.05941647882458789
ecaa4db666d545cdb419686eeab4d9ba,518,0,0.1327579046213171
10edfb885d1f419eb1034a13fbecb05e,378,0,0.08888898440174037
5d56074543d64e89bb22b9fc0ef80ff5,133,0,0.15344952896615371
2dec5e16bc1f4f37a1a099085bb17661,717,0,0.02890001667423875
6db0109aeda041aca81c0382d9e7eba0,185,0,0.1403054704891989
9b33460a8a6543c29b0bd26dd72c07c4,672,0,0.1308532866585756
f761d331965a414797b55797017bbf85,68,0,0.13133006699385535
afb3ed29ea7b4b9d8a924b4a76734579,102,0,0.09613712374715594
41aaab839b02464492b73c2d37c3307d,397,0,0.11645077228917144
98a9936e138a4e0092fc744269c2d7b4,110,0,0.14850410997577929
96241f3880ea4ed592b39fd6cc562db2,366,0,0.11192376924479902
38af8c183d384f53b1c0194ef5def4dc,138,0,0.14041891450686422
a10ba28f0eb84948b89c794f5de860c0,168,0,0.13709010730665988
51f42bb68e8947eda9307ea15ca4c9e5,168,0,0.13336707398641062
4adec97bb1314378b5aeee07add06c08,395,0,0.13655607561924182
665d5d4ff5ae4214a4e05a9734f7efa6,358,0,0.06369233191210183
cbbde4fe412341919f361007577d9474,317,0,0.13174163008269918
67f4700485154df49bfa57848fb80936,770,0,0.12953476547752968
0273d2edb3634ae7b6cbc1946dfc9f5b,439,0,0.11273463492001601
a07db9a916284d3298751571c88b00a1,757,0,0.15056445940897545
a647503a3b5c4f9999b6fc7738ab45c4,143,0,0.14483998925263392
e2c0f62b815f4ad9bf4a685ade2d7dd5,292,0,0.1534418066846447
48dd73e2e1984c488fb9e4eddddfda35,86,0,0.06874756109944558
069d5c927c9644a09ae50c4b9c5c211d,568,0,0.11742192420540815
2402f36d625c40b39864114e6cf116e5,486,0,0.1339319013479992
b5877370981340f9b73a49eb621ec302,68,0,0.10959561333836054
767a574591c84e5db3ca02d7d0973855,336,0,0.14348994618245303
4bde887896884007b8f1617acf4b71d2,217,0,0.10206193402343094
30d41f4a045146bc8bd59f07aced828a,716,0,0.14757292617263745
d63e0d609a5544a2bada7f27b54ed7a8,732,0,0.14966086533164707
3cc36357d70d46c09849bbab3bc981b0,217,0,0.08033848690402257
32375c311dee486b91704ec4cdd2ba72,68,0,0.10488368790087993
cbb54b3b962848f5a77456ccc928751c,260,1,-0.012153521551461766
8651a583f8c4464ba6bd0698bda7aedd,217,0,0.04738455776601369
b0020bac13a34808abd17b03b4949860,217,0,0.023105980287064398
561ebe0dbc404f3ca390d025c4032ed6,217,0,0.0005909729981742884
754c8df6d2c04a61baaf26ef9d34a93d,544,0,0.047337604447746706
f859ee999e7a4a4589ee25b60f28f07e,634,0,0.14002537431370654
303c6cfc0f7b4d73952d1d6a4d8f18fa,217,1,-0.02651396203112255
6217b859e2b640c5aa0e8a9cca568edb,773,0,0.11110941506501232
7844e9eb17d9487584de5761f5fe8970,217,1,-0.03920908830843628
29f22ec60c3b490e9d330551745c42e0,217,1,-0.05574088027329205
4fb0649e82cb4804b9db803c80d7b42f,261,0,0.029206453136292054
56a0a65a1ed84a52875b91b2ba775f2b,435,0,0.14987392813745226
bc1f4544c8874b2db821395f8dce9702,217,1,-0.0865540149900409
b87227960b0448ff937dea3f7e688e19,782,0,0.14993080477931792
d95a0147e91d4bd2b2c651aca670da98,217,1,-0.10025688390334608
830c418b22f2482d911c7e5e7d7cb83f,217,1,-0.12009102261387072
46564a42ef50423a92ae76d50d6c379d,217,1,-0.10144237735454897
bd8b992d77fc458e803f2d006833f160,592,0,0.14509466399715
57baaf4621714910bd050dd6c9df4879,217,1,-0.08077614346599005
d010e4cd782e4b2a95140dc546dd2308,460,0,0.11589772429498518
0ab78ab1fe664dc2a30f7b133d4864a6,217,1,-0.09835152544644676
ad3ed66815364ae1a8eae1f562dd8df9,91,0,0.1538143345172081
c04b852430f64a68b2b3fd009f014342,217,1,-0.09632573569916258
f704ea263dee4f09ba7ccdf610e07817,258,0,0.14320992443844355
83a66cf1e8ea4fdc9f15b95aa46a3737,105,0,0.13574677259377654
84a172e2005b421eb5917d16ccb0e060,562,0,0.1389432873121017
560eb29138a9496e9beb3b1bb28b11ea,580,0,0.090038877277834
fa6a8c65379e46058483e2962d77e621,149,0,0.12644389652514576
43fcfb8ae5344262bfff8065daa1a6c3,179,0,0.06165237783947214
2f80eebafb7e4bbfa7a7bfe35091cf8a,472,0,0.05668569654921429
531d42e4cb004fd6b28fb738a896d88f,646,0,0.07550384783640768
88d2caf498b2435c82a65c7dc65cb195,560,0,0.13640757410830529
313acbad599e43cf97c0c6360fd362ab,95,0,0.09004387579769507
aece37a89f7147caa187caa2629d2723,326,0,0.14819865066497717
dc6e2648687f42fb8c78dac42114f602,494,0,0.11431443769253141
4972a0418f744b9f90830f551d2f7071,418,0,0.14643916261172618
b111f6cbdeac4d2193d8777c4003cc94,100,0,0.06850244352116192
7d79b4a17cc34e58bee8a78cc3e3f88a,468,0,0.1332454452860316
a7e66b9eba7f445a8729b403541734e1,285,0,0.06012960309278803
b470f3f8790a4d8492fd2deedb4e81fc,76,0,0.1486667848140063
41446ce08ff3416aa0b8753f674330a4,684,0,0.15015751373933434
e14256e2132b414396d1fc8ca922d5c6,662,0,0.14337272274215368
3eee7c3fdfd54d8099170b1d1b0ab4c7,725,0,0.08485577373517744
5d5f38f09e0644adad46c308e3a8be2c,457,0,0.13654619842526478
a0362c5cc209446c8cff792b51d7a2ab,790,0,0.12632977803356027
2e8414f8487d4dc698f487e8d64bc008,376,0,0.10395108470257958
39b163e548bf420dafe993ba23675936,207,0,0.1598986017481866
f1d189a2e29a4d098b0b902b255b07d7,470,0,0.15045901704292786
c5a96b7e382d4e6693e420257bc06019,568,0,0.11143210098915612
3c1f460ad8c64df78b64fdd9352d5954,676,0,0.15195602618172532
6bfed812b7e049488f08068216d866bf,79,0,0.15126870006177534
cb9d1598b35547ceb0a0b7c1826cdcce,646,0,0.11996603807206258
5498e9a16318415195023cf9593e26a0,80,0,0.15179215865089324
50d2ffb1dc944579b6299683898d64a7,585,0,0.06787358183422276
bde9ccf17c6e4421a0d29641510dfd52,522,0,0.09903396718041568
f23b50758e0f4ef0a6112d9ba31325d5,471,0,0.10310380616512649
ae50dd3b8f1d4f318b34fe8be5eaf6ef,765,0,0.07129448515665138
1ca23bf9588d41f78af0f6e3d634fc44,76,0,0.137992359986442
e7c521ee3a2341c0b24acb419956c9b8,729,0,0.1530436062468541
c5047b3af3ba441aa803b9b71e077e04,144,0,0.14400783909340104
d27df12567984d4d90f8bd467c1f56b9,460,0,0.04349129188601558
ef24f67b63c4483aa70f08461c70961e,697,0,0.1093297557891188
0f82f8eb10d44a6ba3137eadaff149d1,326,0,0.07869047557968983
8c08a0915c364749967655cdab5ca956,129,0,0.15819940944428096
90cdb17b23b14f11b974142a3a87fb33,588,0,0.12438144862056028
2c80a544df864b1598d4671a15a9fde0,54,0,0.1395938310158244
1368bfaa2eff4a679fd7048b8ec11ca5,497,0,0.06508457867240397
e19ddd3e844c4f3c95c7065188eefec0,734,0,0.0572383556477955
249ffea3e18f4ef28af305ab80fbeef8,555,0,0.1326501433312937
a5032058651942f792a080d9162a90a2,60,0,0.079365749454056
1a6d0e74a7f84d25b5bea21409846db2,118,0,0.14422759378778355
553a4cb2e5a34e218cb5b3b4d62b9ec1,322,0,0.15898558735716734
7cfeb8dc83ee468e9f02061c5964f446,761,0,0.1281995442150145
d88e978dce8043eaa2b40e3f77057e7e,139,0,0.15479440889055035
607263ed54204a36828a0e2640eaee2b,717,0,0.004391708739779954
7e12b309d5b648fe8fb7e2f7b663bbde,319,0,0.14812219834623025
6be840a40b1c48af9f3bcc2da6a2ce19,661,0,0.13611085542775436
f45f1e070ec24a7284c5f5c6c0bf3f39,218,0,0.10016321119389976
7e1996a0190945709645be0d63435309,285,0,0.08214347555515433
bdf75275cad74e80b1b3ae54a09c9e50,485,0,0.13851447983953485
e907775439e248bc84747de61fd65c6d,218,0,0.13573466054017735
9ffffc24f8064c79ad51d96056ae6283,264,0,0.15979326246306375
d99f24f5f8a8427b96c7cf79f2da592f,479,0,0.011380771483991692
e2e51ac561da411cb2a7962e6c24582e,155,0,0.1609245861537551
cb8d4933ecad4c1889f57b72ca369833,558,0,0.13593676231145096
961abd97128d44b18cf21df1ae6507a7,554,0,0.14506175428682372
1dfda56b22074b2d8b99c64ac703211d,233,0,0.15965004407039468
2e76d1086793486ebc78b5bb2914215f,48,0,0.15665036551088946
888c74a60ff345ebb515ff54042677ad,283,1,-0.004932675616112325
f1035f940f864e5ba7a09f02ceda78ec,81,0,0.14328622781789457
f3737e1fead742d19b42ecf6356c036d,746,0,0.023132346147731242
2edd184cef7947918385526b050c6023,748,0,0.11953745945223943
0ef807caa81648ea8e5992a9910d1483,85,0,0.058399618327960034
b1906b757cab48db97901495ecd816bf,397,1,-0.11749216037226295
c24c42fdf241441cb242062c53061b4d,55,0,0.13791204081477448
01dc2d0db2b74d8791e11d4a2648a3bb,274,0,0.15925223691991214
1b0c856909714fd38527a669c26a51a6,84,0,0.15526720733449084
61db5f44a59c4d4e9ae542976d27df11,579,0,0.11337929299000443
49973b3b36de4c2d9601e05ca442e03e,716,0,0.0848849130179577
33356884476543829f3fc2ceaf70cf65,736,0,0.1403721229863366
f7cb0ad46b254e1d81f7a1e74d6ff8aa,702,0,0.1504999349202953
498a852680cf463da336b9512a8f12e4,32,0,0.10833650369461362
7e6598c193cb427c971b0bcfafe58630,783,0,0.14066606697865564
7b5b372aeeea4fb19e69cb4c9865db66,690,0,0.14266000258575606
91d74acbb6b448d18cfe6bc44ab02a7c,769,0,0.0793597837070581
7c3bfd927b574a0d88598818878a63ed,294,0,0.15555750482648367
d995f5a7f46049d1a92241b3c4b86a35,791,0,0.15421702440004575
a9409df7c729420a83aaa2bf488e50dc,3,0,0.019935015423168223
eed14e8b320642ddba6336f3b238aafe,518,0,0.10667687642652912
4ac291dd0163480aace2f28e2db5ea9f,641,0,0.06436495530967978
ab497a083633488fb2a4943314de4d2a,630,0,0.07260727513515058
c8edbf7e65d64ec9b22ec7ba5d9c90d3,46,0,0.10107158735624394
94c6e33aa97540e4a7c3ba8b839d57ac,498,0,0.14734704701610113
7b34e534867840d596a56dab8e477d95,396,0,0.14540683658596248
720896ca6d434551b7e8b72a0af4c880,733,0,0.07955164070811094
ea967981a1354202a848c9e4a9c57fb9,295,0,0.03459884832453142
76a0fe4ce4da4d55acb6843fa02bc62a,502,0,0.09189908801845564
f432241a0ddb4307812fbe451b45cacc,97,0,0.16111146260184844
e4dbb9e83655447c95ade752c63cbba0,431,0,0.12415731792989776
6614587d30d24dc0aa5b7e45df2eb383,652,0,0.1386301179014383
a4fe79f5f1bd4e8bac0d6e42075bb1e3,522,0,0.09346107888558303
dcd796433ecc41b2b7e87eeee97f8b6c,393,1,-0.054837878559672815
573808bbcb854e4287918a99c2f0dfa8,694,0,0.15428420990576674
2c8cba1432854b7eb366ffb66d5c92a7,576,0,0.0963829226163378
45f0d99ed17940d1bd536a2759eb323e,171,0,0.09565746004059794
f44bb22645a849d1b78b75d02a2b8b17,687,0,0.14410093705264088
e7d6b63f14594ba38dba41a3b3fa537e,468,0,0.09182362088665447
7f6eea8edc1d4fb28ede052d4c708358,455,0,0.14225318837127993
b57754a86be048bdacd7befb82b4bc10,730,0,0.025444381313223574
19fc1c550cfc4a13bf6254f74325407e,662,0,0.09390952870136343
a0ef8377425741228524fb1a85336aeb,500,0,0.14886582198097104
03f63b8950054d8c97d4fbb2b8508906,444,0,0.1434991315313982
e9a7a67ff7a3418080069bdced389254,767,0,0.08693340588480475
27f6cfe341974aeea62f234f01121c66,384,0,0.03580689369194617
63664b4376fb41f79e2f40f1f547a160,521,0,0.05483733815985531
d106a3db58894fe4a35767bf56bbc58c,141,0,0.018980329896048975
d519c2bd68c24963aff0892ee916ac6a,218,0,0.09929169402535437
34b2eacbb9614d8081bafa8d0363638d,678,0,0.14705902272754257
c889c7b13e79434eb0eba71a68d86975,498,0,0.12045412522296006
eac69f137a694117a38e04d22fc046c4,767,0,0.0803131667110889
5a86afa1d3a3414ca336e7342bd79ca0,368,1,-0.0016442832922961004
20933c7ae5cb41df813fa3a0e23f5558,752,0,0.16036587207927183
936ed577de1944a08157f916825e5098,51,0,0.15987814281056079
a5ecb49e1c7d4f60b56bbcbc28cf58bd,133,0,0.08535298622747417
81277d6453a94e0dba7a1ac9bb2865b7,105,0,0.12034725810473929
2df5821d6a1c4eb1998405987903f7ec,777,0,0.16013375565277616
7641bf6fb4cd4333befd73e6f17aeeed,48,0,0.08991486627508827
6d5b97424f1848d9bfce979a93709437,58,0,0.14079025299328696
e22b785c23454fca94441dac954eaaf9,467,0,0.12572056674386756
57c75a953266414e9b9c6564197f5d8e,425,0,0.1427820097897608
a37876c7c7874abeb6d327cfdaa95a4e,622,0,0.009154430002194569
b4e7e55e0acb4db09e4525101b6b6731,122,0,0.039630808459063416
d6589c0c79d042fd9345d30190ff455e,282,0,0.12169193280453133
af66dd302d014b9da7b28d038489d9ec,83,0,0.13660912744261278
1bba2fd2cf9f41d3876679c798fc7e30,14,0,0.1506168551379813
b13d78fb4b0c4f159d1575bc92cf09a4,86,0,0.15648113542958297
7ce01f49b86f4c909d0c140160d4ac52,451,0,0.1316669214031802
235b25524c8b4468856378f2a35efea7,313,0,0.09504009730767016
38edcd2861114749b4cc4f3effd6ce0f,426,0,0.13218461297279704
cd4260f1fac94387b891b4c5078cf429,120,0,0.1501999756458462
afc4ce5cd94e40ec9054b78876a8014e,712,0,0.04796135259667683
40d64b8424aa433f838c64c43a8f89a4,40,0,0.13159408931368688
5968938ba0264be78245d98d40241326,703,0,0.155077972995382
3aed4e78631347b4bd1f8a39d112f097,741,0,0.08460053870086093
584b1b757bba462cbde65618e2c91dd8,699,0,0.15710858011765094
66108356daba4174aef9705c3f8f53d2,245,0,0.07238836792703313
b424326a58584296bfbca47afac7f028,471,1,-0.021137896965277014
bf0b37621c454379a5161fbd4e239428,373,0,0.15259954537593484
fcfad789d70941fba1b53e7357a1405f,207,0,0.1321491319916659
7a875592b8d94327aada621c39744a9b,80,0,0.15148662848075517
baea78471538427db642b01555940a9c,378,0,0.043302046934812544
38af3aa63dbe40f6a6159bbd8969cc3d,706,0,0.15299452014646442
47cb3305cb7a4b7b9584ebe2a1472629,600,0,0.11632230038158026
b7f0235eb4ea4ea3851b84361a2151fd,790,0,0.15039607220941487
1bf892bfcf674f62a4ee918ddfcca8c1,245,0,0.07397982581632162
aecc4a6a1aff4909b2535f623389fe62,402,0,0.1397965664264501
405d056235634c29a08c901fc1a4d49e,441,0,0.12916273041568166
231e1a02dca34f5fa8f310d79a5fc4b1,351,0,0.1350498945388472
1f764b80e12d4049814f3f57b3b4c0fd,115,0,0.12513477928917838
5d1a6da6653643dc8a4e6ade75f1a878,282,0,0.09135829637344905
17611f62ec784f418f1da216845c555a,121,0,0.15608800895911018
3e6ad441ef8d4be7b60d4c08d6fcd583,292,0,0.13248361257999963
d6d5f232be674d2d98923bf3b7d15c31,597,0,0.1199335964242429
11b12dacc8264f5c89a3a93e64905f08,119,0,0.09605592144504493
de3b6d64f6434be4bf7329ee040e0d60,57,0,0.11089658721833484
55d239b7b32941a786f1809e02407d28,468,0,0.07604274656550336
1f0351969ed84256be8a4613c8644344,661,0,0.10926440645866065
9680bf5d92eb4ad9be88ffaf7a6ba790,364,0,0.011502833186232908
98ddf6a553844e26b7a9a55730e3c5ae,457,0,0.1547202873955711
fbe76c46856d44a4bf0ac0f5d8787dd6,673,0,0.15846031018292983
c60b292007904cff8ba6c65611ce72ed,471,0,0.06765085390527814
1ff5c7cf213a42c6897f3ad1f80e685a,663,0,0.05891664297151905
da794c598d0d483685476ef2a70bc4c7,463,0,0.09356717180281326
fa1547486693461b84617aaf96106e1a,199,0,0.06386334256113091
8b5212301cbd445eb0eed2fd1ffde142,47,0,0.15220558248623794
bee244f4b50844dfbbc29375bf9a60d6,449,0,0.005189964390237334
ccc5973ad8444027a3483db99c7c47f0,327,0,0.14668680804667872
a8c7ccd73702445e821c1f366345b98b,88,0,0.0018170240218537415
6ab25a8acaf84007ad3cdfedb5f85798,387,0,0.06238285235956781
d37031d76ad547e9ba2a71fb1b55ee67,400,0,0.15221386099454498
a5810a09d09946b79fe94e1fc444dc4b,589,0,0.1453968571012011
e8b9624b372048f3948a5acb00583873,130,0,0.08621082881298991
24c60b3905754bcd99a7fb52b0ac8a73,240,0,0.1283075794452666
4a449e3014e04faf97b0c26bdcad981f,716,0,0.15050888723627948
1856f96b1d3e47138f8abdf6511b409d,294,0,0.15721433222503461
5403e22aed9d48ad9e24a31ab659bbfd,227,0,0.15111799080509802
59ebdbead2b9455c81df6bf76d189c66,398,0,0.14427682333547576
92e3e5abfc6a4823a367b6ebf1f8331b,162,0,0.0327855809014681
e9f7f64966a247fab4552b144a9fb465,127,0,0.1609984712303904
376bcd3500b841a2a763db923caf8022,724,0,0.14860085254767558
a232efa00e1b462ea0ab3fe321763b5c,205,0,0.1128696456310258
fecd1621bb5c47c3b56de14c3ec403b1,221,0,0.14753437348851256
078e7ad7aa894b4db86274959fe2db55,729,0,0.15842098910119062
3bcf2538ace0440d90679371fd0075e9,259,0,0.13907339378061717
536055d1f5ec4d528046d44beb119d6c,758,0,0.05429222086118557
3190cba5619b441fa15db4a5b30dec6c,646,0,0.08924085135020182
04583695780b4af092ec07f12d14ddb2,58,0,0.08126299364839573
e66807cf874743459ac1bdb41e10b571,739,0,0.12965834236239282
d994c0783d7c4e80a5e2394be9839f54,117,0,0.0029167974693720122
4a33d0c65a284458a6fa44a8a9803c7e,241,0,0.15946658156294807
9a5f95b11cb949f5a153b62c9c82c370,58,0,0.13477277648260455
a3086067d7e24e2b95d3fcb367475613,737,0,0.14778480375422987
3f4bb59635de47dda358a12d7be74665,283,0,0.10565670520677184
fd80b9387e33410fa4c1e79fcecea1be,438,0,0.14896466840244238
e59fd37a592547b6b73b78e918c6fd95,689,0,0.1524289359474058
2afbfbb2b0b44d31bffe9255c66c92ef,686,0,0.160765827964079
56a52b6879b545c8967442ac7149b17f,605,0,0.08117726310257944
2a7c1766df5b4f0d8663984117102a12,488,0,0.008001567354987804
843fef041a4d4f578d86305c3acb0cfb,162,0,0.12335172744942668
df7a5ed521dc4928ba9e8ce443dc8b49,98,0,0.15044468806419697
281f844f32194481a5192ca27a5dfbc7,206,0,0.0933307938276795
fafcee65a69d475bb73702bd65799219,579,0,0.1428503241398883
76059731803847ccadddd7eb3ec03e83,502,0,0.15185424659140867
ac1fbb0b19a844a69c079c4e8a83168a,189,0,0.02761496553533438
2f1e6b4acf9b44b58e51ad5f6f971888,590,0,0.15144091317305114
a41aa7705b7347359eafec35a950e668,557,0,0.12279184077159261
bf422f509c4c4f41b8fb6571c75e0157,646,1,-0.013480178227534556
b2943331ae9240eab1b875ee84f6244f,788,0,0.08701589389663572
989991aecda3445f89c7bd7d88e2757e,127,0,0.1137386091679804
27c65390197a4be3acd4156f58909c6d,576,0,0.15912977374606246
0c4e8a3f71614c40b6f68989fb49c2c4,1,0,0.1540199441941842
10633761bacd4e4cadf553541caabc17,681,0,0.1574089344056141
8cc3d531f27749b8ab58c3d15b8ec12f,607,0,0.13481584447151845
b89f9d2d54794d6d9045bf52424725f8,206,0,0.0909950078114129
d5104fc2b87d4217b3fe617061a583b1,338,0,0.15795424703946448
2c12fe661f8d42caa7e4915815f3d2ea,715,1,-5.9190622183513675e-05
cc6bc889a6c8446593b504e952c847b6,395,0,0.03159040755276765
7f87f6339f824c3089d2afbaac2c927d,582,0,0.15633400231195888
acec01ca951d46edb763b60659ad5e25,165,0,0.1541225384668668
49c60929c63c476d8a8321117c6e516d,296,0,0.12600532728088637
e617749985e04e22b7262d4eade21f51,343,1,-0.003332938939454244
9047d5b49ea54df0a880382b41a324d2,226,0,0.15283375891601564
cf0876ffc2204acea73fe24e2c68c378,124,0,0.12854431924021897
0df0c0cc827841f4823f2b3abc7e9e2a,722,0,0.15807324071023732
9bbe6280db0b4680a143466b0936d69e,291,0,0.012357235582260595
63dd275ec2544542b78221644359c892,777,0,0.1501008939251665
e0f08f7dfd7d41b2adfce9729074eb9b,607,0,0.04081396576826796
e1c93684c6af40d2abdff64c44ad8001,223,0,0.13324284271280218
dc4ee1901b1b4ef0a56ac48174c9f1c6,534,0,0.05698816663553863
761841398a784beea0c9510e239aee63,62,0,0.11596877204158507
d9e8d4fbcc6b4ab39cf5abd87bfa3943,44,0,0.11300036571031569
319ef1cc42984cbd87d90cd6452e11b8,197,0,0.15642821296505216
6e93200d73ef48f6a8ac35a2f09083d6,599,0,0.12862929793120736
044da3497f514a96bd90394096e37b30,309,0,0.06283426783735907
11ac338dbe6541cbb0e13fd257637d9f,364,0,0.07187541664038982
160db0de069d4034bea5f113f0fdbac4,402,0,0.07216200576051185
e863140f52df444cbd62e27397fac87b,338,0,0.10892683053344088
9c26c0fb541f4cb2a254a0edcc7a33d7,70,0,0.09908637562425099
11f3919a8920451788b4437112ec8705,712,0,0.150860832816884
c423dde6cfb549df8797218a7f12f6a7,555,0,0.02008531085374282
1c96b56b47054dbf887b8e32b1fdc9cd,417,0,0.11976528789471325
45012ed79e6d47a695839b44925955f2,199,1,-0.0367904074617903
cf7ad9650bba42648d27576b511cf1a7,110,0,0.08971482498292171
5b2dfe7d25164d3c8b7990ef61cb1208,593,0,0.08828244617064479
e2daf20c73904c4691841b6329a60370,144,0,0.14021673370004972
0859e5a27a4e4bbf9c9184b40e04b1a5,51,0,0.09464653416480123
2687c1b181874b73be1208af8a35f510,292,0,0.07100352063513876
e741aacb47c94a6aa5358a569378a08f,309,0,0.1158997355579483
1f4c0cc1e2cf4a119f5c0aed24df6c3d,549,0,0.12387041341030658
62be8462ebce4b91860ece6279648041,185,0,0.15512446004833735
34bd76c54fa54c58be333194b6d6e2eb,776,0,0.14993856193888278
0db8206f03a94b459125f9570df68715,410,0,0.15001115654223607
de7e89cc62e14df38ec30dd57a8702e1,22,0,0.08722610650793461
e566f7d3577641ffaef48ddf394b54ad,624,0,0.11955157319960719
2a65a2587e864a36a12b9974661f3c9a,177,0,0.08127829193826086
e4f3e4f58ee6439ea0c881cb0cb15ad8,177,0,0.050811915501318916
4b84feb73a2f4d4c87b9cda326b2dfae,499,0,0.1545241470252735
dca3ec69594a4734ad1254c435dfad13,595,0,0.07600325746942893
1f0266350c6a4a949f93e5396f196c45,166,0,0.14034831011822613
8c507ec631894354a32e1fad8c1c8e94,559,0,0.14907491321938499
cd052e5419a74a8abaaf8e047267474f,651,0,0.1345239569830427
2edb88257f3b478c988798a2a8a233ea,108,0,0.054218971357703816
960e758cedb241a08e421b82836b686f,270,0,0.01526407746405406
cc55ee28d7d34f6699be6825b6716ca6,451,0,0.14712515392564646
46d7cbb123744bef950c635a9e191a94,517,0,0.10262069645929234
58f789f143784d3592f76dc1606aba05,613,0,0.12244518708814867
142915c4ba824944af3852ea22de7453,519,0,0.134925505057641
b0e04a5d79cc43fcb03c139c2a5574d4,642,0,0.1527570908231068
6219c0fccad84a848d5b1ad6219c7d55,86,0,0.13567675043849864
e3ea489dac94427daffccb6d775875a2,760,0,0.1488076294166933
f078825b75e542ca99e5e3318642a935,75,0,0.14019476035222384
023bd69bd5a54b55b90209ce92cf0aa5,710,0,0.15772583737921075
824074d7556b4071a628ef1b5cf7ac00,106,0,0.0649051248819324
61e95aab001a42809c5666286bbd6d6d,325,0,0.15228155407639538
6a09dced7e7746a6b59da57f9f7a19b5,179,1,-0.09985822251124354
6b84ee2cd2534b28a850c6cedff2adb4,296,0,0.0820709177448336
7c9c460900d244d38fae4e1ac3357e06,199,0,0.11561208725682143
90fd7b3fe8b646d3859d3e3e7a34437d,18,0,0.11478818118968098
9d82ecd334f842aab8d26b91c00f18a8,338,0,0.06212881099878648
f610d8c7b68c4483b80fa122d8b45dae,383,0,0.14924310080153547
bc844525db5f4d6c8dd5c86eb3af3c33,73,0,0.05928738500522429
f7a716957b394d59a0b7597e365f9a3d,508,0,0.13840016373933894
48e0169bf33648af8e777050cae9d418,649,0,0.0660373278175756
730b928f8a0844d7b2273b4bc2fd147d,758,0,0.1602720221864513
209ab9436e0f4b5b9b9bfc3ac73493ab,509,0,0.15517339762759713
7875be4f69dd4378a681b0f51cd18b7f,157,0,0.05308369559182147
8a33ab27d218484a93c1fc6e8c12f088,145,0,0.12852178750220522
54c36f0e31514f98a121b71bb2beb871,586,0,0.15001474653188773
c758142dbfd645a18203d567d6bdf0cc,73,0,0.07603420433980773
79f4d50fc2e64a0892ec23cc3893d6da,605,1,-0.032148499151644416
bd05d472cd0448cf92a8f051a2f2ea69,684,0,0.14746466576412376
816f0af993bd44ffbaa2c2b579e90194,637,0,0.1529533564613773
564d7ee830284428971e19a4c2421f20,441,0,0.12898751483838128
ee436bf19b9947c29e82fa120a83883f,228,0,0.1436668327449554
265dfc8bdf1b44d9b9b0951c95dcdd84,547,0,0.1467841128032779
60ab2308a6ec4bcc88cb1bca62675915,65,0,0.11933002063129805
ffe6026c27824a5ba30e75440c0879fb,177,0,0.052980601391209414
11d38c7e27474f3cad16bcfd826f86f0,678,0,0.12141630009823307
718715e2cc22441a802879f1e2b81766,157,0,0.04044816779377808
7906fa58a1b34ad1be86740f7b37f7d8,411,0,0.153891811151327
5ac01e81722841f28817cfd6eb2f6d1c,398,0,0.13954154283611775
57aa2737a02b4663ac9aba2834bf25d0,43,0,0.1510702451781793
8ec2b6a394b94c29a7b31cc3721a245b,509,0,0.13820304999009886
afeb0e34153c4c13b7eb9193f53a78db,408,0,0.1498544140823994
5e6ed06142e34d6daa347f3381d06aac,741,0,0.15506210745908083
a73913e32b094d688785eee008905064,76,0,0.15225480786018059
f67ac680561f4f5ba5cc8835bfffb9fc,291,0,0.0819950619490934
ab62b21a3a444e2dad70ef608ab9307b,115,0,0.05105395725648837
3997918944894720aafd2168a1ed93c0,629,0,0.15468053604616316
56ea67d277054a1f9595686e3649e719,627,0,0.13630319367579607
660e3fa8ca1745cdad364d2078215640,526,0,0.13171566839121496
ec98695c07d64e69ac1d3c3a977eab2b,98,0,0.035278491531884115
0556d67a470049369a3e6564727b22e1,542,0,0.1483947587482778
8b5f6166285a4ebab8018df29cc01a7e,705,0,0.14504783243523633
151c0792ec5f4b25aa529c3ff839f739,461,0,0.1635782590324858
861de333f0ea4c3eb3603df04f554c5e,468,0,0.15222539359962262
9513cb01bb0f4037b9d249d9b84643ad,569,0,0.14247808796212946
79cccba991d248b7943f365a1125a12c,394,0,0.13611747806445984
802c09847406423ab662f163d18941dd,764,0,0.0015452980718950182
a038ab7c959b41dba71dac1ba4d4350f,795,0,0.14815404252246
637d47837e6e476395bef768a9877562,517,0,0.004092443355185771
d2529e2ac43e460da6be76fdb240f0e9,156,0,0.1018584001637492
9f88caa5476b4607aaaa9e55fb4d906e,754,0,0.03929437133604974
e8a2e0effe10414dbc4d064f3ceedcf9,782,0,0.1283012548600042
0be4b4b7bc6e4c4ebad8cda8ceb1689e,493,0,0.15766330960039238
dc96b94733e04e3e8baa3f53ab2ba641,773,0,0.11202178048554867
a6edd61001f44a29891e9be07ee83cb0,788,0,0.15328177306802054
0b161b80fc7b4ed3b92214514fa544d6,419,0,0.011875574282898205
8e96b0b66e6346d79301bab901ea90de,182,0,0.12264054326250295
ff33989e4ab741b2b3fb5e64ee7f27f8,749,0,0.15587889924990367
8f96711519d74974a60cbd8d044fe7ef,408,0,0.13336133844708759
060ab946ea7e4ca388d6cc0dfaa6789f,588,0,0.15357319452134904
954e3031746d4282a2c91673a0045d97,616,0,0.1590414964704589
a5378881156f4e9096d1469427cdf308,455,0,0.15303786832974647
b6f19aeb80a147e4bcd823ff22c5c8cf,23,0,0.14690292973070923
4353f11920b64652b18b29c78f96718d,421,0,0.03879612393627557
6109697eb75b48c2b8bb9d3aa783d5d3,632,0,0.14741446082349213
5ac0c8e7607d4b2d9428310ee5bd535a,521,0,0.14109998261723083
732ce396fd6840998c8f6efb81525c71,295,0,0.14014460696153547
38cb434148244fc58270e2e5066fffcd,211,0,0.11191992862304184
f5b16293382e423ea5407096f46a66db,619,0,0.14961105454796547
4bf61ecf3fd849b08ea400cb9284b771,469,0,0.15745558381577335
dc7f89d57d6941f18391984cbd6a38af,62,0,0.1527441897058902
f5dda59dd3c74bdfa6a3fc1792e19510,258,0,0.04597265983201143
ff48843f283949e792d4e690fae4a241,552,0,0.11261638848455824
a3e7464b35224cb79291b88bd383510c,494,0,0.13747822145809824
bb76442222124c82a8d5a346b9e18638,485,0,0.09505126947389725
1496bc8640b54f0292bcdb214759ea35,425,0,0.010015331912876901
252b6ef6e2da4554a01b14d5bd985591,399,0,0.12380492866910958
ef517313196a49ce8725ea169facb371,660,0,0.14147867441008793
6dfcf6d758ca4ca6ae7ef48959c48c38,301,0,0.16295535356578666
82d043c509e04ff78536b8fe1e0aa815,738,0,0.06165830770196401
6e97c02e4c264c7f946e5aee4a34c506,424,0,0.12325224600670309
b0e0f38fbe934635914013791f793d57,208,0,0.12563460627278633
0868681e2257414abcfbd5ae82ae7e28,302,0,0.1399114719188964
c3a636a8f2ac43d5b05668e1ec6ce24a,44,0,0.14878227368390912
fd4496ce3bd8442b89c002866b2b4448,410,0,0.15221515901240718
8633c122759448a2a278cc5015fc44b4,39,0,0.14466090037790064
96b65251a1094ba298d0d673b1902712,352,0,0.13423060710051754
26a82c2027694a9a92f1721a227b3ca4,322,0,0.14619748531727672
38b4a77ef44f4e80ba69b49451ab4800,185,0,0.055884920754388834
dcfb6fbbb2644f94a8797d7d4df035fa,491,0,0.133187231715368
17f2f6c27da645e380bbc104d25fff34,98,0,0.11894260282407715
b06be572f9154199a8d5f9e508a849d5,746,1,-0.009065436815908767
94212bcef7a94494972c868cdcda1cb6,758,0,0.08028854206184516
d163b7d9577c4cd09701b578a62bda76,93,0,0.12279632082059755
bb60499cca644fe9ba0a698a41f33f14,483,0,0.15700047390808375
467e342ad3934a52a6edb1c44f3c48ae,160,0,0.06220435493359261
708fe8c2b9b04e1cb87718eabae4d960,632,0,0.10229208540774942
dc8bf579d33148e2ae36cad1c37d4a46,332,0,0.14883630729474318
9f6ff5548448431d9644b1928edc1cac,729,0,0.16012529401712283
b68c0cae60234a269cf0c5ba54efa38e,514,0,0.15282948240274052
08173d2047014239a901c0b17f98ea4a,56,0,0.06933440126596357
901d25548ef0495d881b5845adda9bd6,315,0,0.14892251986855887
4f8d23c8a52c43e586cc4852bd27c8ad,482,0,0.08441467753162574
567d0739f29a4a60baa1b7834b1f229e,144,0,0.12554241060882143
0619c6d31bb847bca2244f93b49c0d47,472,0,0.12334861367516742
27788b86867b416496444a9a1a2cc2a6,584,0,0.05931332480124468
2a9ac768d6c44a7789f469364e3ca7c0,547,0,0.06999005327031793
6964eaa5fe9a4724ae189854f9091d61,431,0,0.10888943309349675
618b901097a647b0b4a021edc4ac0ae0,659,0,0.07828214427237806
197bd5a7c0e0458d9378c2f33c7960d8,485,0,0.07348571263704695
d965876572274bfcb58b0b9142cb01a6,292,0,0.1556087733513568
e2f7e831a5634bfb96c2840b2fa0217c,334,1,-0.01476625420894373
33f8ec7495f049308d6845ee3b4653a6,524,0,0.10129793736432569
cb6dd87610a04e7498e4fe3d975f0196,109,0,0.14271322384862795
47c40220c7cc4a7b85fe4704a2d06fac,390,0,0.1584058966620941
0d6519df8d604438b8b1d34c6e8d79d2,166,0,0.143410186233343
1b9067e12faf4d5493fc03bdc53056e2,229,0,0.1430495023769625
ac962c30940841488a16e52066842a11,589,0,0.1502195765612887
213888dc44ed443593b19d1b39d10b9d,97,0,0.1566940057521487
ae5145025cb44151b83b178f0077c988,534,0,0.12237742674383556
97b04844d73f4981bb1730cfb40b1ef3,399,0,0.08485517698190392
05be5a3f72594183b8134a13e05244b0,769,0,0.017923882981808914
be44b893ae364644b7854bf7d1fd9740,502,0,0.1584192700310172
e85fce712d334ee59ea2f1e8e3d6ac82,532,0,0.14438633041807997
88bf07e724d7455ba22de69342359897,183,0,0.15187589454708939
bec315c5949045bdad594f07d16d9140,551,0,0.13342380919443125
47c4fb6175aa46558672b07c7c226ce4,140,0,0.1539420351531519
a62782aa80e84949908905e6688b39f9,768,0,0.1388150996986442
c53c8d7a75934cfaac2884640121d905,336,0,0.1552564562702493
e9334e29e08649fa9511ba87951716b3,435,0,0.06946002139904656
5e2719447df74aa3b833dddffbe009e4,84,0,0.1409028862886944
42a2ede83f0e496cb7a185e69aac6027,514,1,-0.024256004084054816
b105b80ba91b4cca9215385cec3224a7,624,0,0.09895678313018091
48b0191c27944e3892c1617810f9a6f1,344,0,0.1526660100455855
3875106363f945238df91851d75541f1,737,0,0.14563155317517495
5ef44fc7d9c74b6db9e45e24500d5fd5,479,0,0.12625579434061468
b2f5b50eaf99408fa47fd64da36165cf,435,0,0.07746019212457589
1f6a839a6c36431989f07d903e803468,643,0,0.13207754515009973
22a29e96221144ebb3a7a53032518bab,768,0,0.07243326821177926
1e410c5672684369a1f2d113c4d9d493,684,0,0.12162099120387238
5da94cc23ef146fbb92a9c74908ef752,764,0,0.036252319220901
3717a1587a804b55bb699b5be0b64932,137,0,0.1578004971660935
7741d20cbf644b62924b24dc3d47126e,436,0,0.08626771459281374
fc62df47a7f54d23a78fafdc735a47eb,547,0,0.12271548744220462
4540c28097e243da86a03fe806333e31,335,0,0.15105916491193971
d46540a3734447789a20d09225e8fb0a,211,0,0.04344302239302539
2cfc781788034a8d858d777217ccd71f,210,0,0.15087819481816167
f921076716a54691941334bdb219375f,80,0,0.15970198134329766
9fa5a02896d74629a702ccc57544253e,61,0,0.1573837900888666
a1b3b622404d4991805bdb4a8c60d667,769,0,0.05197623607377705
cdeb6efd1f5941fca25ba0dbbd07aee0,388,0,0.10540890894254396
273649f85599493db334782180ca1da7,186,0,0.15128154088046747
df8ab8ea367f459faf71e2475a69caeb,665,0,0.09737001465654294
05c324274a4f4c8a85eca297dd28bb4d,181,0,0.1480766061995623
23eef45a7eee41ea9cd7eb66d2b22a3a,721,0,0.10357282441953514
45f322f200044761b2c111c9c373c8fc,649,0,0.10107148181248399
6dfcd39430c84b55b0879071fb36abd7,650,0,0.020661667346338175
c2eab96b9d9f4464ad8d5c0a11ffc3e2,559,0,0.13270625336913772
d0d8eb8718b648f5b4f29529bd983925,146,0,0.1428357589975166
b25d10d050fd4558b27d16beffc3be2f,104,0,0.12868705349974963
7dd666cc45ed43fb8d9aa33b2c1c0aad,541,0,0.1599559060374836
694f9579ddb84cd89dd31517feb698dc,216,0,0.1583882954898551
ce333645837f431f9f755b0f045fc97d,507,0,0.14957207769389752
6d4ea4cce6e6494bbca2013568ab1ef0,549,0,0.11725945679915473
2eb9bb040d9a4af792c4915afb6fba3e,783,0,0.15263041590616105
b91b77ec666947df88743ca16387a868,114,0,0.13603895525172577
04ce492090b4436696d87ba385953d0a,766,0,0.14871385152663213
1d734d9bac2543879e8af4732067a8f3,277,0,0.1372047530401841
a42ac3d2ecf24de0a819147d8b6596ed,213,0,0.09372982425617199
d435920f96d84a488802946b1df52fdd,257,0,0.16200668199079465
ebc9d136709d4db0b7af71ad4f6c3c8e,115,0,0.1560350037846861
01f35a4015ff40238c38161cc48648e9,652,0,0.15330556261606076
f35bb67b16b64911b8e9f2d2cbfcc7f6,136,0,0.05416782441717727
0081d5dba53c4f6e90dd63e805dc38e0,741,0,0.13409168702697188
0f036529fede4bc79e1189dd22b2ae60,776,0,0.13148641754189827
f04ecdb79ab04284b3ee419fb5afa0b9,506,0,0.1506924390947118
3c958b986dfc494b8d987b025d555b94,163,0,0.030515289307851523
7e22737044644f3191987df1f296002e,636,0,0.13796027965800206
03514612c762474ebbb39b5ed78d773f,147,0,0.1458862974193123
a0273e9e7ee242baa115c145ec7f50c1,601,0,0.15961937586800728
77db5590f6df4ed2bf5d5013e712b11a,399,0,0.07193749342214228
13613bd9ca204ce29bfbada5e41721c4,147,0,0.030466870287486625
a99e5049e6994106b741dd4958062d07,219,0,0.147509617668923
165e8c945adb45edafa65f89d80f55e2,636,0,0.13508094118658037
b729ddcaeb5d41b39542a3fe0fee18d4,101,0,0.14630866862385372
fed19d35197c438391e9aa1fbc37c05f,155,0,0.1589655701346901
a082f90035ba41d897762034cd8c7d49,584,0,0.06177787469820689
4f2e4b8bbc0445638fd8ad5d17e9a182,61,0,0.10465318941950458
8eaff2f73c54494c9fd65052dd9882bb,12,0,0.14778233983793154
b591837654b1403085f5ae11f74ceec0,194,0,0.05698214743890101
acd238f4c0364978a07848affd09186a,111,0,0.15811165783877223
bc02771fed7b423a80746e73ec310050,483,0,0.07325113609169748
38adfc326c624b11873208a7bc088087,122,0,0.13863703729491428
89e227ac9862452f905571ddd41c70f6,726,0,0.16022960303504952
14794526c8154adb83ee66dbbd75aad9,507,0,0.11328496051146664
a1b4a1197f9d43cda2ae968eeb9c127f,148,0,0.15386760720586534
92367d9b8cb34eccabfbc612a0249c5b,369,0,0.1601752945249052
1b2363409b3a414fae5f2504cd8fddc7,185,0,0.02680652947980522
c5795b9dad1e4915a7e4a657b80c4039,456,0,0.11259005606085398
ed0cc5ac94b24255a449c7f4116b019e,323,0,0.1201829596372192
345df7e7b5994b2388cbc2f55f05e747,476,0,0.1516707720858309
2fc6f681352943b899aa43384d222c9c,553,0,0.1244073251503609
635bb1cce239482aa1a8b723d93b31f1,108,0,0.15668856118790775
670634d0af8c499e97f1f697bc4e679b,93,0,0.14137185986242118
70195add594b4ebab180580608a9cebc,423,0,0.15217166324993248
fcba2bdb58a840759d85e86510e89241,526,0,0.15474508065310993
54e5c2177566410fa82289cb2e4fdaba,60,0,0.15688435411937518
e4da4cffcd004ed7af04979d3a6f89d9,265,0,0.14729946238377806
68752641daa848a8a1c81117043beef4,634,0,0.14610116684531776
551a3a43ede242b08da305dd8a330adb,51,0,0.16011182879575492
086e65210a8141188852daccb138cbe6,130,0,0.11105340531752766
39929f165d7f40988abd5464403910c7,553,0,0.04055108047349115
5e817863aecb49a4867523b670129ab0,120,0,0.15242257119007208
71001c58900745139e2d1fa9b1ac0a56,151,0,0.0203259820628941
faffa639638a4e298a635b555b27d1c7,336,0,0.02921362944883682
312e44cf47df456dba088f1bef0c61ab,21,0,0.15510039753625438
ed93c99de9054ffaa3a0dc486894fb26,731,0,0.15154823768231035
ada24e05cee7415c9b470b3e45c21b84,4,0,0.11888190082102806
f3b0af9fb4fb490d81199af2a9d41fa0,2,0,0.15585298178121382
607ebc1a8b484964b8881f2fb776db2c,759,0,0.13148274852853165
2481acbd7c294ddca9ba556c6351e5e2,467,0,0.14226857371534302
0938ea98dd3a4886a3c39049287ba966,791,0,0.08403123382939198
873c3342dc3e4aff977e1e668d7a33db,84,0,0.08947947826979963
35a839f615b94b8eb4fb89757f9c85ea,283,0,0.14693793234313413
f414776a2e6b4ed6990aa6ce9052735f,87,0,0.09882196332736803
1e0a19953fdb452495c64ab469f5da03,568,0,0.08785754723973405
0533325a2a7f4d408fcfcb9a1b7d4079,587,0,0.15282172580647496
0100f80eabc34a5593964e125e99f0c8,651,0,0.01972743188109316
3db99cd68ebf4de1bf161823b97d6bc2,588,0,0.01962795762897518
920201556a044f3eb3abfc552cf19d9d,452,0,0.10921230676979754
df17f8fd34364f368f3073d8df98dc85,273,0,0.1058638912482604
d00cb5dbc47f4ff2ae5fa73c6853a07f,723,0,0.1502093193647362
808ed8c9d92f45fbb46d34006d75b2b3,141,0,0.05673983331201404
13011043b58c4c7094307f3430a06f8d,1,0,0.1552239240201947
80411a81507145b0a7e1eadcb8067974,139,0,0.02253060029423193
659805b8cf18486ba3c1ca9249af176d,227,0,0.04615598180307168
583790868f444616bc411c2f2ddd168e,634,0,0.10167970205791288
adb03efc2f8b498994cc1d6d8c7fe9aa,562,0,0.09597812487365637
1d1a276f3f5849b298372d3708392ac5,180,0,0.1474513368124648
68dc7f59d5854b298bd27f8d7fdbfe82,681,0,0.15344666735853962
26465b1919064ff792a5bf27ec6ab007,475,0,0.11496894120222656
e40d96811cd44809bf2be0400384e5db,418,0,0.13810071449241246
ec2b68b49a98449e87a26dfeba17dc1c,534,0,0.08481462395758305
74e1084e293d49b8ac5740df0769d546,91,0,0.13246941724902783
248f7e9bb2be4c8cbd5769d1dcb05d8d,383,0,0.15932981264688528
a0588cb039324c11be8210d22f81ddea,790,0,0.15167554420108026
bbac8a9a8861456fb68dc78a2d1f49b6,47,0,0.12166701569144972
3a51fb90735b47d1883b581b37045322,761,0,0.1372942410311892
2dcebbf0f6484ef897ba4841881c8a59,431,0,0.08519317352101452
b383f537c0d94fa29c931115065f3275,325,0,0.15320331510891688
8b4a237e310a43f38e4c463993d0d858,469,0,0.15652883856639993
538c1941ab4245baaa5461681dd55351,521,0,0.15241392296035522
2ced9792f6cb471b8e0f3737eb4f0fff,359,0,0.1372833624893543
61d93abbbb2048698081f885b63a9bfd,133,0,0.05023098274643667
ca94a7e398fd4b13895ddb2d42a6cebc,418,0,0.1335032931655094
be8a2e170e8a4dec8ef0ead0fb0cc67a,522,0,0.08062588991968672
8048b1f2be544548b442beea8465c7ff,240,0,0.12362813811674206
1ec741c57677493f89d9b1d65d1f0bb7,54,0,0.12839052795470918
9251be951dea480aaaba2d2751d67f4a,156,0,0.08945018366669222
be2f705a57534ffa9a7a1c17f7c57974,652,0,0.08425723291636167
5ab5675d69e4462fb2e31cd90a7d783a,365,0,0.12115755472996548
1b1392138eea4002997b0b003ca4010d,126,0,0.1377192011935019
ea7b5376c01c418aa71347d25264356c,2,0,0.11087581839709015
b0e69b9c2dba44769400fb820803f35a,345,0,0.1629589761877292
0998d23ff2684977a97644cc330caf84,514,0,0.15034092003872002
87a2be5d88964aefab3da81724c1d91e,283,0,0.11971843659875392
40f7024860ef4be6bfdeb39467868a4c,414,0,0.15077439968527545
6bddee2686874a38ad78e7c4158e37dc,103,0,0.05322923795668211
3d30f2e100304b04bff221ac1a7c5651,253,0,0.14545196677239042
66d738c1d0d14a9791cf9fc28eaa7f05,145,0,0.1576431744766818
09fee8d443034eaa8dde2403c71e76e9,207,0,0.14582125353282177
9a3a6021baeb405ba331896dc40b7604,91,1,-0.0001920983308885127
6195f2148fc248df874c4d0a62b95bbb,486,1,-0.002393372207623312
a5e59ce7db2a436d90ebc136c08d796a,799,0,0.14003222230925855
6a843ea930044dee92fecac226f1f981,159,0,0.15187539637694558
91d1734e8c284245aad8cc52f5571d9e,769,0,0.08689118993812639
5850a1ac4c614df1badf38cb382d98d5,595,0,0.14867562573539783
d0cb01ac79f64fe380bcc5eab983e907,373,0,0.06774658590698796
9fa44125f77c44f9a7c0802cfc96b28e,228,0,0.1525278126007945
8d843c40fdab4129ac72d34e8b5e7c52,170,0,0.1500905189835694
7881be102cf14f47ad4a3fc0b3a1184c,140,0,0.1460890721162218
48bf647f665f4ae880470e5a8ffec8df,776,0,0.030434762804932625
5cc163a6db0244efb045a9d028307a3b,186,0,0.12042118774898952
ca6085ed2edc40abb1d71b3184498fd6,733,0,0.09856538530526782
bbb1037fd00e4534b764f91a11acd10a,15,0,0.12612880873524374
20fa71e62dde4212ad342c7aef0cc32c,786,0,0.13746677639587523
36665ba86a494633a42b8298d6a32a3e,124,0,0.14842615198414294
0ec793b7cf424de19fa5ba5741fa6a70,616,0,0.033268230730223225
8fc54f5c93f544989e1a65169e7fdb58,67,0,0.09720389284103975
100a295994434d5faee494999d20e4da,766,0,0.05201387336199487
2a53372aa33e4ed5b5598fd6f067a0d4,416,0,0.08485370297157502
1e05909175e64657b688abc3918af510,264,0,0.0949836572370582
7dffb1f18dd3480cb2232cd2e9324e04,766,0,0.134189850909875
c70c3c86c3484595a54491f3e0a34fd9,140,0,0.13320868037487898
12447b69303c4e5799a8dcd6326bd8ff,76,0,0.13784807413980155
30063337264143a3be0d6542838a84a1,103,0,0.12855554734677643
67ae947e557d4c3283967955aef79505,373,0,0.12462500761642048
e30c65059d0040ca815b18e7520accfa,715,0,0.1376066607217032
1b9d7179b5744269b4b5b10c851cc785,337,0,0.13853517900318957
fab487a2518f478e830ec814872d33d9,121,0,0.1376217327807029
b7c78704ac59493eb8a7d29f4a360a67,434,0,0.06280695329971209
863873eead654fa6b2e928eac2d14c4d,565,0,0.0631593137505912
6bfc63aa982f492f9d220f435826d4a3,504,0,0.15109268583467467
d68490b9294d457c842dcf497efa4a96,783,0,0.15825041286713804
724aeae298ad4b759c8eb7881ab02039,158,0,0.03986341310014857
da921e537cf441fb8fef5c5a93692f0a,299,0,0.15060089649759284
419af7942b9145e58999cfa39d890358,791,1,-0.008008906276707917
92ae06b0829945209825cb1cc7886299,104,0,0.09782498168122139
2d6b2906846b4d62ad5653fd88787f6c,125,1,-0.02686210601050487
42b5dc1843f546fb8de6f23baa5d5bca,656,0,0.15869068885257515
f28fdc29280e4320b9e36ce0475dc948,221,0,0.1462912587599169
1c5d1083bc3c4af8a06ed13ece40e07e,542,0,0.11179734543977876
13baa8568ac1423da13332bdfcba9c7e,687,0,0.047192908098696695
215924c738e04dc6847e8d6a4ac891f3,789,0,0.05346470511693574
aa48a79a2edb424e9dba15065739e224,568,0,0.07320476223443234
0d14baff02404e4b93664db7a011fa31,426,0,0.12498516913675428
d6eb9be8af094c3d96ebf22d6fc2d502,386,0,0.15792854306750226
a353f394bbef4623afa06c50c8037961,723,0,0.15578310829564473
68cf0dcd28c9468081bca6d86acb9d79,410,0,0.0755447778951907
3fd102f3937d41dbb035f1fb8fad8d8d,541,0,0.12797059432556912
a62d643ac0ef41d0820c41c67fc2bba9,416,0,0.01650308470444317
b04b59c2ac7d422ab264a6173749101f,535,0,0.15520662480949265
551e7dab22bb49f88b5ed561098026b4,710,0,0.06465401666966142
ce9151b7235a4940b10f273595baa8d0,760,0,0.15779598666684597
abaeec64768244668725cf3e2c55ae21,439,0,0.03439286937744801
4244a829deca44c9b4d50ebd5f5c081c,755,0,0.027937765986543128
73cb2f02accb478891dd1caf7b90880e,185,0,0.13667004360154694
025fd5f9b7b9431a9dd157fc0ba897aa,746,0,0.0652573806454872
8ba5aecaef954fe08e2f8ca941d5c36e,658,0,0.11453864125706831
e90cc85f578f49d2be6d04425f618c53,475,1,-0.009781855076301471
4fa813d4d9da4b08bc0411d76c72be97,556,0,0.1602147898200939
c0b8e974b09d4c379f650ed5b72257ad,106,0,0.06310918107454994
ff878f01103c4965b96dc39cda54fabd,183,0,0.15669527497532776
2204e200e5534e94b982da8ed7bbf9bd,582,0,0.0916498871696339
5b3bb73ba997424695815b98f439e7d3,694,0,0.14951504865019716
59250a1c66684403afb8acba26a38908,559,0,0.15972616179312799
6155f84bb05a4de091b94247db200556,777,0,0.15324117443906704
33abfaa37cd3426888b4330fc2543f10,198,0,0.1389288842442989
74336b15a1d14587aa4421f6cbc91084,11,0,0.15422496163660315
520a45a421d4430dafc5e175b0d3f586,423,0,0.15720472038836303
3233b92e63e9453cb35c3cc027089986,385,0,0.14807608944095324
445a12d1ea2e4251b4c4cf4bd7a4b16a,163,0,0.1578545854030181
66d01d78c14d496097c4c36f263c5e67,568,0,0.060415417276914185
32d8b2a26bf5428ea003fc9401201b69,759,0,0.1520410720387722
38e905161bb447a0afce76151f554c44,358,0,0.13978656917271087
6e22f726eb6e4597913095e08b6f61ec,755,1,-0.010219441666696083
9a70cdc7cc834bb5a4289506a7dcc1bf,505,0,0.1509704547656885
c229efdfe8b04b3a9f53c3a3fd9dd22c,120,0,0.15352712757010717
8b6f7521616740948bf689596bad2bf4,790,0,0.1312177789005033
118b3075f9ab4b299c25eba2efd93d8a,170,0,0.08745805408972862
afd587f5a9424932aaec90e77ac13c1b,602,0,0.11151133434463206
f75db642032447fa8fdcb73d21d99d13,0,0,0.027455654665189955
38f46d148fb747149cd3a5ad3728af84,372,0,0.004445913332376261
168b4fc29cac4f0584f8586b4227e519,105,0,0.1592808602856426
819b963e3c3449f589cfb9ee74f42698,265,0,0.15644090266169136
1a529f8b6cf14c0b85815273e2ddf409,160,0,0.15522262124072567
209d3e08702f4cf2beea44fa54c23f24,171,0,0.1466574190811759
b16fb0545c1e43bab49051fa31aaec5b,383,0,0.1590282998267477
11614cd815a242c19f5d01b9da00b26a,336,0,0.1268170231184927
e707d7c9497042c09a007361c8808722,414,0,0.1482141851072078
3a92f1c43fc542a3b40c0029f75667ba,213,0,0.08662040946852789
1cc1ae12f06943499abf3425fc6d9fd1,301,0,0.05581395346331364
fb5a7ec2b32a49f7af6c02d993b3d4b2,7,0,0.07201657259294975
877ab3360cde4ecfa85b1382f967e1ad,758,0,0.15930902154416676
2791c957485647ce97512eec7a2f36e3,275,0,0.14544442952814246
5ff5b748912640d29ee15ab5729ff907,58,0,0.025980376355239476
79c05e59e80a40afa1725a61f5994286,629,1,-0.06682515391515342
1441781d6f7549a2a3fc1e246d91490e,202,0,0.13252934834657348
42270450405e4f1d93ec577aa9dfc784,284,0,0.08236256040217627
25c0590f04e946b395be6dd220c9271b,793,0,0.034196549902684226
ecb89ba74e2d42dda49a3a5fd27944b3,637,0,0.1606478842782479
b3cb2802f1c84bca961fdf9c460eaf4a,405,0,0.1395113093386221
1bc2a443d8364de09a50c43930a4778a,237,0,0.14447200004259508
6626a2674c9e4ae392e6ea5651c7ffa5,280,0,0.1494839530221746
5ae0073c37794f60a7f22bcaaf1733dd,644,0,0.1629327636651282
a352a76ffc6c42b7a8e7397394f47bcc,145,0,0.15672896462175118
e52f24b38b0e4422b360b511ff51730e,759,0,0.12157861428662797
3f45c19122c3448380068aca9f001b11,277,0,0.12408984578669896
47cef09f63354993a815adc9b073e77f,653,0,0.14761279997770876
ab216d52b0bc469aacce3f2c01780a73,383,0,0.1303622348365524
7c25909ff65d488a80a628a86b854c73,95,0,0.10686734843558005
4f9db3a66b7948e0b3bf25ec1e926495,7,0,0.05514636329752942
0bb83d028e1944fd9fde1de41c1d5354,504,0,0.04977915639666686
50dab278a28e4d10aac6b2b4b80b65cf,632,0,0.1356326671683411
e1068370c6b8406491242320b0978284,681,0,0.158153824886676
617a75a3ac01492a820ffd3a11faebac,532,0,0.1339768777483712
0d8308e4d774443e9e7567f3e4018b57,757,0,0.12739357092864684
2054b22dda2e4029b776011552c3ab80,798,0,0.0998308634650738
5c3982b47b83488d9562aa38aee92ade,599,0,0.150835836473243
b167f3cd1ee14784922a1dab3e1e6cd5,358,0,0.00696304151793653
cc8fc87ac4ec439c8d6626e09b7334f9,307,0,0.13808064782407425
88d1f109d82940bf8122e4931fbfe22e,257,0,0.012321743823976217
4b5329f4f18a4f40a1a1884e2af1ecc2,280,0,0.11357446118020931
fe332e98ddc140dcaadadf5ce24ad9db,710,0,0.08395822935183223
9f0ff5ff9a434dd4ba2203f176ddb74a,350,0,0.04881406800579646
920fd355f1c940428000a08eb1f318a8,189,0,0.14293283754699404
7371a987f27c49d88d2c51d3c6c29773,734,0,0.11107823891466195
92b4d5cb91824a0499295aab3e2a1351,47,0,0.12728384854459357
35a79700e9c24add997d4ded525f110e,472,0,0.09160685612613795
e8427cb83a064272ab65cb97805d00c2,113,0,0.008420862155524955
783abb48f16c49ecb0f39ea4861bb19c,362,0,0.1583907792748558
ef70679454944be3a2ad6ab5de8bc9e9,177,0,0.08247779789409992
86c38fb108554a2fa6e820b241e42a0a,140,0,0.1425456252372736
909f969e2a2e4a84b44e123ec43b70e1,294,0,0.15548815413779776
4d229f1bce504c0fa87faf0347a9b4c9,430,0,0.14590079286780772
7aa9776da1c44d079a1f98845f2201e3,257,0,0.12749387824795533
d13867dece0847cfa6c9e5177e49aa83,284,0,0.05997137735719127
85dbca941d204c3da3fb21f5c3e5b74b,523,0,0.12951549761090647
13ae7d6782d640788f8ab318b3b1ce54,506,0,0.15448707418178498
e426563bd58b416e8ab1b6c45285a279,315,0,0.13060997277899467
83c71394f7e04ed088135093b8ea4bac,172,0,0.16283041296121747
6366fb2b47e24cda8fdd6a46ea31a651,791,0,0.1571571690301251
a266c4d4813f46bd9b7b17285b466f20,202,1,-0.032259434848837865
3c12a56e7e174dc28256db6c5e1b4378,3,0,0.12908526420223992
43065995f0434d29a00d8a3434f1c203,640,0,0.1495340062650944
1bc58f8d94324774ae33570961a4acb5,178,0,0.08956001782593576
e5d4d1da1c7240aba19928d628f0301e,16,0,0.15347487500666734
de84fd4aeb80446fb516f2ffd8d7b510,488,0,0.08019154137393375
0b4e8c1ca60347a79b82aa698c227f3d,500,0,0.1472700528406139
e9ccb2f2112a44fcb27760b034acc501,300,0,0.09296137778015662
c11f73476ac248559bf3b1425cf0fb37,745,0,0.1444014693594488
b8d8bfb3637644ee9f07c5ffa34a790d,359,0,0.14812650427082175
4184745ca5564287a9f726e1daa8ddc3,478,1,-0.006461496339114636
0e940903922441818e39b55707446610,710,0,0.10929010834963582
a6038674d07e479cb624a4c9615daf10,584,0,0.05193333636887848
99b9a21afcfc4304b1b2905d0d56cc86,590,0,0.13913873432782187
f27936f05b4f4331a8533d9c972f7999,342,0,0.010309803223862934
5e14145416794d6282f8737b5a3cbd39,20,0,0.028493951136423223
61e0fe716eca4a138efcbb688b3c4c4d,37,1,-0.020773079209706946
c88b9db9e2ed4d13845efd2789f3e249,216,0,0.16143612703804538
57e69ea078974f5092a6a5b929944234,216,0,0.13410700400718506
221bec51f6de435d9a037d059ab09750,138,0,0.15223549686435
767405bbc9e54301ae8c117f52fb3837,588,0,0.15258042360001434
b840b2b814fe429aa2f054f41b58f01d,337,0,0.15205725027046046
75beecde3735446f9d931f1982fd447e,210,0,0.15431138438739356
a92e4ca395ae4052910d7a6cc8996773,527,0,0.12766293676095436
cef35f87c1b34d139f0aea6a49ae1e31,322,0,0.1336484934467369
cf407502e9c4479db66169850f9e37f5,686,0,0.14986770082887685
33606d3155c449139b3c009c59dedd8c,466,0,0.12789865782356902
fc5f08aada8d492591fd9513cb64aaba,79,0,0.060196627347461285
914751c32ca94fa8889cd2eb1f6598e9,400,0,0.046786040162797915
5386326ef9344b7a92d1e2a75e4b944c,181,0,0.14517397064779985
af75fff958ef45a6aae71ae64c1b5452,580,0,0.13263183576951837
e87daa1e734043b2be7305b37baedbd9,157,0,0.14132267493461997
790547187ed442f0ad275f39e904b8eb,208,0,0.15449227007021427
0e097c1bc51f4aef91d7813f1f395e38,414,0,0.03025059739198993
1700868200af408ba44bbf9862cf6bbd,712,0,0.1345545629635484
e0986c11fe6847c9a573c04d200df31d,789,0,0.15395354418396684
56a3b98255e84e1bbba310e8c7f139b5,543,0,0.14317223275040486
1a8125215eb6418e8503ea10b1e336c9,524,0,0.06703143993597621
078530123d874b67a09b01573d80a138,5,0,0.12038823571540203
5cab922048144dc89f9a54115feb597b,593,0,0.1454032057091756
75fa4d714d65439c868b1efdb28cc482,105,0,0.14482308281254114
a40fdc89d7f9490da1435664dff9c41e,47,0,0.07509805890528343
479d2989a9c247009a4a5108e7572fff,159,0,0.11777003166742123
0966415bfb964cc4ab54a40224728984,31,0,0.09925798067020525
b2bebca2cf4943fcaff5b3123139e866,163,0,0.1606678247118588
8a29718596f945cd9ed345ef153e60aa,770,0,0.13141923329956107
47822b02605b4f0d85b3103dafc0434e,656,0,0.1198680586726047
df94709f2c5740e5a5cff2e87b933da8,736,0,0.14907793127990587
0e802561ce1048c9b3fe6215f6e7b4fe,483,0,0.12830178545928134
7c0315f4d323472896d86829b53a465a,543,0,0.11813807448765007
f273504c509148038de3428bf3a310ee,58,0,0.13776034966224227
003d9b680e374905a5a6c3e4e9ec0754,688,0,0.15342288458970826
007c81fa49924226a53ceb04c8e557f2,259,0,0.13805222691796137
ea7f1c85e94447bda96cbcbae0913821,182,0,0.050442524881515516
913da2e717244bec9733998e639a1242,599,0,0.07086568750981176
36516f8fa96f4ef29b45a50e607598d8,372,0,0.14591855689750755
eb9dea60d769417da4392ad494070f04,583,0,0.09883056131269741
169bb06c70724717a7d07259e761ff72,664,0,0.12552331666921246
94c730c5b2214135833a511b318bb3f7,300,0,0.1031516446968076
2f043dc1b12740329627b81c1a320414,43,0,0.14566901560192175
659e58933b9d47048bc32d843730ad9b,261,0,0.1524002894522205
456ef65bb00743d4b0e84f6f0e8c43c0,376,1,-0.03264737394331252
2fe5238c1c884e4c99a3b123dc20c4cb,522,0,0.1550612195517454
73ffea593729497bbc97bc7dae99a9b4,583,0,0.07721983861944648
29fcab83ee1a460e876dbafadeae351f,729,0,0.11035067473150234
c8cec8e2b6744c5190ade19629438c8d,438,0,0.08887999132888014
4d194480943944cd80584014e58328b5,132,0,0.1541601408007382
0d7da3de388948c9be622e80c4c3062d,262,0,0.03670564434923307
9687e661505c4c4c9204a6c5aa9d1811,417,0,0.1320882967135159
739a23cf767745179aab0c4f5c72c6fe,615,0,0.15778784518837596
776ec647490c47349962df8f11beedbf,751,0,0.1480285575444974
28fbf85a7b034809ac4620210d3715e9,488,1,-0.015552460789493128
d00cb84586d7443d8e2583d5dd229609,461,0,0.13804213664351728
828523e609814e77bdbc693020d78bbc,308,0,0.1549093846346583
9df6d107754340df851dd66658695ba5,257,0,0.06073831687543413
cd4d5aa151f7472b90c3f7f16f915158,129,0,0.12842554284038338
1711be90e80e416a9e4a834f3281f347,304,0,0.1271714480696034
0dd7151daed441e1b781012a26b79a04,715,0,0.12018661768960764
4873bc48790440f482309c5e19409c59,741,0,0.12290590257196976
41cc9120d01c4e658583788f8d4390d0,758,0,0.13696809789422693
246c8114a5024caf8132e6206b9e6cf3,291,0,0.1449724635167205
8622c6a624fd4294b4c8053d68e97d87,650,0,0.010063138927685789
5be9330b934244e783ef7b99903ad54c,445,0,0.144673544556085
1125ca94661d4883acfbb721656c542b,683,0,0.1575666962316447
60d6496969bc4e43a7de487b27eddfbd,337,0,0.04155167233974599
db6ad0526f644ee7b9db493c2c1ca3c1,378,0,0.07663935390088233
10499b9652224887b90a68ab27ab9813,485,0,0.08761589689752913
db50020763684147b51c4cd0665b2aa9,630,0,0.05386714302726886
b94cc0f72bdd41449cbef30e890d04c4,585,0,0.14297145045096693
3f136f0d97af43dc9780516d98bbade4,750,0,0.13837202582498254
7208871f1bf54ea9b6a9b0ee090712d9,253,0,0.147985594283504
e4b419c214da4b8086b9cdcbea4d8863,493,0,0.12234980406232954
4bc1536193724bdc9ce2388297e43dd7,53,0,0.1481100903304831
afa3d1a551894782ae60d935aa6baba4,508,0,0.13282387868013057
44357a0852684556846dd3ac74646fad,88,0,0.14029690898539593
90b725d009734f52baa40b007aa6f0d1,46,0,0.14677692233621725
991c2f11edd44fb9839b03ec0a177212,597,0,0.16175607354703792
f03c81b5097a4c92a10ff9a007785a25,495,0,0.07305394615750116
bd8f96f3b9f54a67b3d6f0de62a8759b,188,0,0.026493357376154825
ff7114d0b34b40b19128929004e56e53,0,0,0.1534835720949277
6d19360f84834a52ac4f8a8c5bd613c7,767,0,0.013027991683102147
f7062db31e544b1f93929e723e94b7a5,67,0,0.09744186873912974
21dbff607df34ceaa23a45967d809f5a,34,0,0.15451083018283185
aabc6e2cc0e64a5491ea16adc9cfee09,365,0,0.12427286338053106
de9328e780e8432cbe2b05ad27466a12,551,0,0.13290658472040606
950903ef0904476a8f71665db7468cc1,261,0,0.11759248383709037
db50c7115ab04b288693ecc1600bfaa4,521,0,0.15635398051038607
a734653eef604df0a50b6900db29e9f1,746,0,0.08795724317360754
4b28b35f4bdc4cbb82b6b041eedb0bc7,616,0,0.13560134042051158
60316c01fdda41dc8f582e49b4940ed7,484,0,0.14465923336631614
fd5ba9b6712242589ff977ac0407c2b1,12,0,0.152137719746066
29c77ace40c24f20b3e15c3bbdc8f33b,552,0,0.11704636388108214
8b83cb2ce313450aad8a46db5a9f9454,83,0,0.13726175951292324
41df099dfe044e8cbce4f5f0acf43190,391,0,0.1506460684193347
cc8b65ec6111461db5facfac650f4d7f,40,0,0.14173861036495267
980a5ef9d6e4472583605ce128fc99b3,408,0,0.1467175721307306
a7d138b56b6a47d8a0893e6a460359c8,21,0,0.14992341873288267
89e60697b6fa48a78b3fb7fc6f2625a2,622,0,0.05464209793428104
5f62dc00330f421f8299f685da7e2faa,738,0,0.11509142003336659
ee7a6aac4414409fb265530e4dc89e74,479,0,0.1077508212037116
5fdf53ce4eaa4389ae7f9409ac519d28,54,0,0.14799211604316592
39b0547792374cd9b5ed70a62188f590,737,0,0.14184837255727523
7929ba0e90474c618bf2d0fe5f6ac0a2,43,0,0.03517920241753186
eb274b3b13ab4eebbeb53a1bba828248,613,0,0.1593567544704435
27ec7666f4c4425990b302b03d13f44c,709,0,0.12541434776281424
f24518e614dd49e5b9b8aa7cba6c59e4,102,0,0.15602041923777193
4cc295ae9c854f14b6470bfc403a20bd,351,0,0.1416959601042982
56fd53a992aa492997c3856485e48511,114,0,0.1340312272642899
bbd9660eacf2451f99637b302ac77a49,700,0,0.1555239279714512
c516d241a4c04f57a6a5e890fdb95c77,231,0,0.15380969916653742
7d6d1194cee24fdbab75fcbb6d0cd03e,279,0,0.15465969353724995
5418c365288b4132bb0f9d5f61c905d3,58,0,0.07550931924788751
c0e6b9b57ec64fdebeb897ebbd0a8746,140,0,0.04080016962161487
2460ea945b9f4993a74ad21d86950259,590,0,0.14155950788480537
9ed1aba30e8d4d6d80feefbbc724feae,417,0,0.05852215866677568
faa8dc1690844f15adb93482f693b2c6,2,0,0.13078063880283664
5848dc89e0b647788044da824c87d452,75,0,0.11749654835316375
388d867a6b0543409f7849dad4cfa9f7,568,0,0.1415089913372975
d81db06895214a8f8589f8b530120b22,410,0,0.15884478001073898
62069505adbd4672a2b5f762a98581e1,405,0,0.13926567014190716
44fb292f24d64c1681b77d210e6d26b9,132,0,0.07512106907664912
4f26a4ee10b74609bd8be38c558d80c5,11,0,0.14608835842494333
f6e4b6d74d944134bcbae6b524049118,168,0,0.14401910822009245
13a844513ce845b9bf7d0822c9d552ae,373,0,0.14018708445189204
34185fe4182c454fb7328552d5850816,204,0,0.14929166496797386
b89e452eeabe4a42bc543a5877554fc4,478,1,-0.01035587873016841
6903b7fdc2094249931da2f820b731f5,664,0,0.013243347914312475
6bb755c26cf644d1a2827676a8b806c4,504,0,0.14720056061553521
f4cdc91877c84fcda3cce930e25968a0,279,0,0.10708304889060655
0b7dca27ff364dc4b65516b5662a07d0,292,0,0.16021955698285556
ddda286201bf4088a13d38a25e643177,337,0,0.0778145753415278
aae1215c6268425fa452eec15ac32c50,574,0,0.11267288216189941
df06485525034124a41d7212186b322e,358,0,0.14589601997350166
534529ed1b504b47a2ca49fa6be354ea,338,0,0.05373040083077596
371d05d62dfa43988587835e9470e2c0,702,0,0.1497681463557486
05d6930c8a7c4c5eb5e5050fae8d1b83,322,0,0.13216539651906983
2a82f6a704af402cab14ee3c3a84408e,430,0,0.15574257970534272
264d2115d87143cda013d89d7371ce58,458,0,0.12540607242175816
b575731e3ca44ed38da6b0d56ac2a7e2,72,0,0.08834599153649403
1e2a482d62564c5b99f644859052754d,433,0,0.1480418265699518
44dac25fd28a4a0c8b7f2147edd2662f,132,0,0.03706832004259947
bb3a8abd20f745f8abb4434a8dcbe5d3,334,0,0.016230444946088995
88bddbfd81be4e489ffa11545623a8b8,711,0,0.09453451582354866
5889aab2b8254b5e996994c01bb71d59,126,0,0.1276046626959612
2234c02a15ec4dc691fc9844759a63d4,537,0,0.15436585202777914
dcef2636fb9d429ab7f13cce6a9dca0a,307,0,0.13890793840692306
733ac07872d043a6b16f185ff2e0afdd,338,0,0.13087436409071435
0234cbe524334439a1a484c93f8427a7,330,0,0.1528029219560042
d3b55c70b66f49e78bcf3f9844c2b803,471,0,0.1338815082906581
181f2929b2a74da6be0d9e2a07260f4f,790,0,0.12401140450323717
603fa2ccaae14d509d98f8ce78f36ccf,485,0,0.07668593032035498
cb8711549bf044aa9cacebd92d7b04f9,147,0,0.12872210340602097
53465c4e8067448dae188063d53c9eab,215,0,0.14917924262870647
501d60be30da427182946aae3ba1a9a7,574,0,0.08918979010858646
80bc9e9dc1ff4060a03a6537aec67296,404,1,-0.04475823019537983
78b295969b3047d7858af045f696f64b,449,0,0.11469713162067297
bd94d4a7b25646eb9b753ac197470c64,229,0,0.1485377516057172
c0db713bfccc445598ed1d3f5668d6ae,0,0,0.08635051987873937
344ce96392cc4596bd0e60c8b50d62a5,179,1,-0.08337440894357229
80611a1fdecc4cf1bfba9f7579537648,72,0,6.70582378372031e-05
1b032d0e95d3454e9149eaf443fc780c,706,0,0.1453294812357528
97a2c798ecc3408d86c328ef8d9281aa,86,1,-0.0034887534180117474
94a571d899924530a3ef6369634dda51,218,0,0.07464892301875131
a370b87d034748f09281c1a230f0c642,478,1,-0.029383509176803657
c2ae3000e92d42f2b7a517fe828ab548,716,0,0.15491804640609835
d315e2b890d441688a86fe8fa1710df2,489,0,0.04268773475170462
3579b8b5affc4e06bcde0a008af8c112,243,0,0.1457988413431035
6b8205dac9fc4b258ee56321282f284c,32,0,0.16317213753252258
94ef4cc2efa3471e9aaf55fed5dc72a3,32,0,0.13187871149258978
c4b78befd8d044e0ab58fed7245132a3,32,0,0.11402145558340449
b36c006e3a5f43f083f735645e043585,32,0,0.11755284546820366
b2f16c57b86e45b9ba57c53767255967,173,0,0.13492133366675568
957f376c95e24ee4b4ca59ad38fc6f36,32,0,0.10381796990370384
dc4f1c10513d4a54ab2d923189198314,32,0,0.10515843651769624
60e9814bdd0d4cd6a340eaa0adff8c78,32,1,-0.017340018720368944
732e2da184dc427c9819f1704693fe78,32,0,0.09178416581370669
edd9b7a7966e444a9041cc5c125cf380,32,0,0.05668916896672155
29441c23773241f387b06f69122607b5,32,0,0.07970828477715275
b9c2a1d6befe4a55a899d92de9a98598,32,0,0.06360808474508495
7e3942f6f29a4e9f80e4bc24f59aec97,32,0,0.05968357710175981
f7d14c64270a49cf966bce7d3c791b42,32,0,0.053794767499574625
8d2c6a1f8a4c467f8e532592bcd94232,32,0,0.008940703126840921
88e10829763649768f1d4084686fc4c6,32,1,-0.04110680512277021
00dfb7e0c6aa4cacb7f992937cccd687,32,0,0.039870633742222605
5cb302c965274449a0ca64fd6fcaeca8,32,0,0.03516802685715986
8abc45b2b1c54cdebe1516895904a81d,32,0,0.03330089431631572
053743283a7a4e14bfd6cafafd523579,32,1,-0.034989744447993965
1333f2bd344c43a3b6060d27240379a1,32,0,0.007396861583502612
64126476a49546a69c8334a3fa2e4a60,32,1,-0.01896034636562749
5cbf1636725b4a70bf2f7d1377419f3d,32,1,-0.02379326940352855
2af188cfa7094b158530c4002cc11b2e,32,0,0.0017940021536388961
a71700b860c340df8b3d3707d7462ed8,32,1,-0.011022996997069878
6f9df18172fd4dbeb2ec815fb6718dd3,32,1,-0.045413605588691563
7fc9862906ea43b7aaa9750984f2ce18,32,1,-0.048030514693231385
48ac60cfb2dd4c21929405ecfebbcfe0,86,1,-0.012363146772772615
dbf11daf7a814237b7116a7592e29623,32,1,-0.04779368882921886
aa3090b11f9c425a94d98ba9453d1818,32,1,-0.029156244823013155
648d6fdb64a94e10a727b0e4047d01dc,32,1,-0.031131941350065806
c4e4b1840f8b4748932cfc0429276b35,32,1,-0.116854287408941
25a5e23631404c1caf94487af28bca87,54,0,0.06955278981825641
12d77bf287de47cc85b7aa30cc830c8d,444,0,0.12647023661069895
85453a880afd4929aab9e4a1432bdf0f,430,0,0.044456488466785515
66c3ce6fcfe64b60b17468b40f22ea62,163,0,0.15525099286563887
29c9415e1ecf40cc8e819f43df8b8425,195,0,0.10499797583737652
874606a824884c159ffc7f3125f3d908,289,0,0.1571930601795889
bdca7ad2d17d4072bb00282568bdb7db,600,0,0.12656011438688686
0a5f3cb1a569448b91f5ee31ac572795,788,0,0.14345650108598168
a7dd96b6da9346b797e8cac4dfc8da04,554,0,0.15559799673958685
51ffcb7b5d05497591487bd635e862f0,613,0,0.10159606434897528
c370a60558e24289934c6f93b846b60d,757,0,0.1452015508031373
16153d9ec0914c96b51c25ce53dee86a,288,0,0.1448561480115813
17221e4c88e74513b798dea3c8f859ec,793,0,0.15326118058509264
3a48a66f12b94fe5a6fe79924b6055e5,227,0,0.1392218018696984
8d05195fd0794479a824f333db05fed0,103,0,0.06522996528762054
7fd0fe929de54b1ba2dc4075aa4e204d,676,0,0.162491046722133
05e2a3c9b98b40bb930068aff9819e54,575,0,0.14238058798797953
550f84914e2a4025bf0db2efc0c85f09,716,0,0.1301887545528399
d55099c801b941edacaa73a8dc9e1555,167,0,0.05528819510735966
310c4bc9173f440eab49c52737946f9c,543,1,-0.020831141853345225
875ea28058d74168a0bf7097dd01fdc1,86,0,0.04460954446670207
f498ca0ac0c648c2ac3e565d4f384846,461,0,0.051922863576246814
2a54757941df433b91c11b5e4955434e,559,0,0.14709613023149326
43a047114e554368a051b16cc440ed39,714,0,0.023679762198629162
e7713c0273bd4448a33dc9d5093ae655,765,0,0.1585410602425532
722c5b5afd4449f5bc202c4172062065,554,0,0.1293759094799286
b7669f448cda4378a0d61cafc3e67f5b,455,0,0.14172837442534697
ce3f23d89350494dbea55fe625eeec88,556,0,0.16004242185980522
6b56174ac0714c58a0ba2e888aa748b5,410,0,0.09094106805480595
1327f13656324071b5f16b5faacc8166,326,0,0.1463816314100232
f617b0add31a42aba692d3b480351d7e,505,0,0.15167510529409378
7d6a895d41474f81a47b43c74d9b3f93,5,0,0.1324150897723419
a7fa1d3b526f4975adc17569bb1dba4f,424,0,0.13942784658209484
21891136dc034d778ca2d95e7e710a1e,73,0,0.0758281893987584
beb812696a414e93a5909bd5551a63d7,157,0,0.1510155938544157
56f8f9d6a2924c668cbb7246bdac606e,70,0,0.15823920706707767
5ea299d7de9a4047b445ded503537763,303,0,0.14821838502251916
39c1e48116eb41bea3e24ab57b0a1010,86,0,0.12343190367735579
fa7bbb4d94a74a2d96132d4bc8cd81c6,547,0,0.1604252836562105
819a9f6b61be4385a4e75d5d302736e0,325,0,0.1489184414193082
65232f913c014eb2a7749400ddf21954,20,0,0.11331129734638307
1a16e94e149e4099937fdc9f33522543,274,0,0.05899489148865056
c5b43751023e4966a5df9c1a5688add7,46,0,0.08700064885056624
d5efd1e7edaa474dab5a960c6b4647bb,547,0,0.14650844937546248
66cdf4844f0e4560913c8bde359ce066,764,0,0.1217419645102763
d0b5722e7e404312abc0e128d86af0f6,788,0,0.11439717022493756
e4bd0fdd6f624d2c9c51734fc6c9938f,344,0,0.15872912708912706
6a2746c39a1842069537c62424ffa159,371,0,0.15876766055081837
a426e068e2994433bc76ec16cd64779a,325,0,0.13282113473544643
81314eb8c7414ccc807d4aee5b8d96d7,510,0,0.1567375952777748
29c1c55f767040b9b5576ee7a377bedf,19,0,0.13306203619309492
3eb64af2e41847148f303317aa60f8db,143,0,0.12083587014480912
b2125f3b0758477cb8acaff0c185335d,614,0,0.06581233885178217
76ad53e19f94484689a6ba3228258295,98,0,0.15807315786813353
83f9812f5b374c839791ef4a9e290d14,292,0,0.15933720696534137
56b70d3c078e4a25b79c7e1e1f3a322d,116,0,0.05270602301775329
92dd477001134015b5027f1e4296715d,703,0,0.14862622597389064
181fd64012ea4549a85e2a3c558bdec5,772,0,0.111375619264373
b91a87de11bc4521b7a93a3b9e46a006,405,0,0.0811478845132027
233ab1490f024575abad176f1a6b90e7,754,0,0.154792325024612
fe0b8ea42e004a68a741a3b9ad23cdff,286,0,0.12537563065496127
26a0d70dab1447bd8f46f91f74ebb91c,492,0,0.04823926722973304
09288bb7d66b4e5199df3bc379533959,2,1,-0.0014762754113887278
a565816cd8bc46b08940a5a3febd715c,657,0,0.14691261598415106
0576398f95724ede9016e79828013530,782,0,0.15724298935407788
1b4fcb29a73146929348ad39e62a9632,424,0,0.10214572846996067
06b0e845435e4d268b0e8d5d39c084af,430,0,0.017312856494716422
92dafb17d5bc42edbba615decfc8d505,593,0,0.05879102106185802
331d5d0d201e4aaeb0d71b1eefc7a6bd,586,0,0.15719820164401677
70f767e9bedc47d1843884e7ec471576,731,0,0.14409210537569223
6d30bba00cec45a38f12b67bd772c04b,72,0,0.07938365917267137
477edafd4d11405b9f29c6dc079889d5,86,0,0.10475513644111861
ec8e1a53dd3646c8af335daf8df4c934,207,0,0.12196096634966525
bf434dad0ed74b378a09689e6cdda94a,526,0,0.14321328357973767
92b43dc2da5044ae92b159427070b521,571,0,0.09204759186451267
4865995d859044d88d43ee74aedfcddf,729,0,0.15559129807736627
d1dad7f36d4f457e89b99714ad650ef3,215,0,0.054711615616866494
94164fd7ce284aa3b00c08a2c810f2cd,23,0,0.14422737085233628
be780295834e4269b800acb0abae6af8,154,0,0.03244960145296161
64c31bccc8b64ca4baba1f57bd84dec0,646,0,0.021676226088775508
6f24364d4e0f4e599b7377a46ff9bfca,559,0,0.11374490826143219
5fe26f8e107f4c81814a529045515173,535,0,0.1532154822039722
6ec1dc2bc6db497287ea42c690bf4bfe,600,0,0.07885506674418058
6fb4f98cd3c64bcea3799d8225cd36db,147,0,0.003990202078546001
45792bbead4448e8a77dac568df23c9a,447,0,0.05954365213383306
d6ef79c44913423f86c592d51dc0843c,730,0,0.1543951629355801
b2aeb83f4fb348f386c81a350e87ae77,523,0,0.15204883198346814
fd3ec008c3874bf690bedf4ad9ecee1b,195,0,0.01292869753498782
1372d675a2374a1e8d7254e836f670a4,241,0,0.15236597290966186
15bc5428a7334c0a9e83cbb134d4cb6c,223,0,0.14899894808838182
d5c50e513a6649aaa8dca27b89e40c6d,786,0,0.15211087766390152
777c070b7952490fadbf9c84a955b1a0,537,0,0.09104633273670365
38bf3dfc2f594ae99aa89a739ccfad24,528,0,0.12677889444766804
44b447b2de0248cf8c09d0ba2bc90566,521,0,0.13241624826421017
29d3f45ec4604de9a045988c6c52dedf,315,0,0.15739040338394739
56789378c27e4398b46f306c7399cafc,770,0,0.1324716871020752
41d88629dc2943b98836b9e50d53dfb9,402,0,0.15489700681826402
ffa674f4c3494a49b68c7ab2b27762cb,38,0,0.06340231658795903
51c4bda631df4d09804bd348f3359bed,309,0,0.1527776914977252
4cd9bee7fc26473ba49905741e88dd49,326,1,-0.10002188727313743
bda4c4bc93834f2192db55f0410cc558,510,0,0.08447516691006207
328c62df23e74583bacdce0afdd73568,720,0,0.15134405135825496
2778ca810c0b498d8d5d79fb95a30705,402,0,0.13371876919215864
5baaa6856122451ca1819f41b62d3a4f,139,0,0.14295226917995307
a83245d25c9b460aa95ea811d14dc04b,722,0,0.10849584592953299
8dbe3084f6d544d1b2865a2fc9496d22,70,0,0.08872705654432567
53cd329977b241b58244ab1118acee63,398,0,0.05008784073287037
8455f63456974a7ab5f05e448138c0ae,393,0,0.10075087678126243
a183d856bd4947bf950e02d7aa031dd8,125,0,0.08774854105819496
4ee207056f15467db6ffecf9b73c5fe0,84,0,0.15483238353330248
736bb02bc06a4114ab41cc1e6226fbb0,434,0,0.08046185965533204
5bbed5a9373f45b6b10d3c9b92cdf9cf,165,0,0.16101425377966294
4811eddda3684dfbac46d335246f09b9,414,0,0.1573499830412618
1460f0819f464910be820c6603a70efb,293,0,0.143110252049935
968a6d357ae54d5ab79b5c56dc17ce41,280,0,0.1300311788865567
5039626729194e34a8faf2d8b74e69ac,26,0,0.1537770618160802
9c8d44d530d0426abaedc211801be2d4,652,0,0.15988044820863379
2139a1ce82904cbbafb2373dc533a33a,155,0,0.13649210158453523
3d049d7156654efab035c2735166cbcd,588,1,-0.045184904104795254
5243c7cf70a749e892e518b1a2596ba2,386,0,0.15898080288748107
2b326a72078949dea7abe48059cb613f,425,0,0.1159315722857206
05453051e3e4415d9359d1a05850f4c9,764,1,-0.04132628134854821
48b503a067954b4b998cee5a41da6098,131,0,0.05675655067673585
53ca7573c09748989198bfea5338bd7a,557,0,0.14672103490159016
3b28e05b2f3b453eb3b518fa736e6222,226,0,0.1429316784665089
ba546b42aaf84c6ab296db0e9993782d,153,0,0.1480783989902742
edb33ff43c1b418c899bb3e490eec5b0,300,0,0.15631952337394328
e3a4264cfdda4d6eb6ef90eb893b222b,468,0,0.13594925804556673
eb5e6a90c58048b8979fbb183660b071,314,0,0.11768222328749961
2a4242b3ed3841e3acc57a33915b47e3,562,0,0.1273915930326997
0edae701dde244e78302e49b2a524590,223,0,0.07836433772350937
e5679a829129406285ec48e3deeb1c3c,627,0,0.1595297737524473
aaa3459be4694fa69936a554ff0e9550,654,1,-9.54641554386515e-05
44ce2dc12b0e4171ab314db95a1761a7,269,0,0.15948597708755163
93079e8469114cc2ac86b157161d5c1d,560,0,0.15409721493900497
d91c1258eb0b4ecb99940d0584a0a663,65,0,0.12711154062853486
e73aa3803bc346e889c5e6c9cb4fd20f,295,0,0.13675444506236006
43baec7e87e64b9c823780f1b88d6744,144,0,0.11802575665475856
9106ee099f5e4eb5a4faca50ed38de61,773,0,0.12806406763151323
9eb38bc593a54c5bacef801ce3146fa9,387,0,0.08133198232536526
a02066f7a0a845cc88e99b6facfe29ee,493,0,0.15374887920417157
ee3c4dda3ec5453c8557bf295c1b73fc,117,0,0.13260767333768286
521d6d92c44d4a4593762d2fc070eeb3,14,0,0.15437831888126813
11149fc1a6664d98a03be184a8e2deba,445,0,0.03891033812981842
1d938d22c0954cf6b24310fc564c827d,52,0,0.13619554819738716
5c251acce5dd40b9ad3f86e086e019bd,319,0,0.15172422273723002
814e92513494482f903f1165ef9ab4d2,106,0,0.12558438462176735
65671cd5724449bb92f95c37e964ea7b,79,0,0.14861088912409665
00de21d2c8954db7815dbc56ec328e42,646,0,0.05293319427972443
2ec70c6228214f899395dd57a5694ecc,2,0,0.02148710390573
962f4302d4814671a02e7e685a9d2e1f,202,0,0.11028088440534678
90b9cce1f8a9420a98ecd01913af8dbb,723,0,0.15333123698809425
b0435a7311114ed583b6933698c516f4,189,0,0.11293034027455101
447e4945943341cbac6ece82a9bfc62f,343,0,0.1217634224659147
78d1767175254a5d9c102466500becdc,712,0,0.137964863051052
4cfddbcfcb9f479f84da2aa4d9d68649,295,0,0.11920353163755948
e15cf78c9db14527ad1904640792a01b,86,0,0.05284235780143337
b1a0d4b4a58348ef9e23da6869e87bde,327,0,0.08032965279441295
f31589a756be4364b13430d1df488b5d,411,0,0.14354313519960388
c6abfdc4fd304cf18df1e12f2134df0e,144,0,0.07572232482269303
9370db030e8e4af7b534dc91f6727f51,237,0,0.15153876871759409
e553ac70ca164590b22bb6d504743769,180,0,0.0672042453181213
591fb2013c8b4ecabdeb8db1c09193cc,116,0,0.07559984260664893
1c66e95f841647dfa479add12f15fe78,228,0,0.0543327141687851
5c15015d65434bd4a6f7c541b45549ae,529,0,0.14425247145529652
74d6c8bd503541a1b1ed841225a19ae6,750,0,0.14470552884491505
f698f701ad974bf391217f9b5083bcbe,290,0,0.1478554599678112
07476aa3fe66496a888696057c28681f,409,0,0.15841833711784237
28c4054c491b42aa90677f507c148446,5,0,0.16320801877351665
92a5099f7cb140e695e83f85c16a13d4,178,0,0.13049446201074827
7d808421289d4284af2f0117b1177222,447,1,-0.030475009029895528
c36447395d38444195984bf6f02e2d65,677,0,0.05709827320767552
ad9be88312ac4a719ce54f84c73c42f8,237,0,0.1399092153158547
2bdfa34fa90e4f329ce0e03c1945c8e3,273,0,0.10517289078227732
24ae4143aa204e8ca2ad8e5ac66f9681,426,0,0.14914968765647152
8e3e1755bed846b1aa9082012133996b,255,0,0.13359311822803627
1c014ddfbeeb4441b7e48338b873a037,452,0,0.11604279192840034
f64c2993c7024363ab09be202ec1e0fd,444,0,0.10990724253646955
2a5dafbc2cdb44c085bb423ab944d0eb,347,0,0.1440679139511068
a729e2dd98af416fb6a8aafc4361d163,397,0,0.14588323703260692
27b89459f1b24feab2871a72ddfe8437,83,0,0.12374993206777152
d055225e23f3441da5ce28220e6d39f8,277,0,0.011458414372963799
036bce508a564859b55bbbdf82de4fbc,767,0,0.13015320580072698
ff381744b6a6436aa57e1e563df6dfa1,748,0,0.12458221761990862
f9ee58a1443740ae965bf6551bbf5571,654,1,-0.06807086184895317
c9c12ec8d13b4d21ad4d24eea7b85e72,229,0,0.1395352223984208
61df0bbbcdff41d0bffa7bc10ef96175,527,0,0.1450868193217152
46b26fb718a1486e9f91dc8a8f7b163c,23,0,0.15061652267712416
7e8f0cf6bdfa4b05adbe3c6829ea4397,482,0,0.03517831055262166
6e9bf797550a43c4aaa2816e317db694,628,0,0.14607212001570313
6c66cfed28e44682b8cf02d138487174,728,0,0.15468757847682435
71c26217725f42ce972560f5d6bee15e,212,0,0.13007471620097621
d8bbf6c468f742278539440c102a33e2,188,0,0.14633878463323752
aa5a26f3038f40f090fbcf08dcdd410b,648,0,0.03475991483927804
a294083707ab40c99b11d3d4167a5c0e,111,0,0.06233829511523892
63fde63fe8ea42e49757417d45c86056,586,0,0.1368126124449921
691cf8f799f546f8b5e9b0682f7fbab1,185,0,0.1286782594736277
56b36c25156844c7b43e986f82c5f2c4,580,0,0.12708162095348596
e8d57ad54d084f77bdc91a03a2499d87,26,0,0.009851479819580122
b3968ccaa8e44405a110e86a6601a71f,791,0,0.15543661651063473
85d883750afa4c8daaf9cc1e72683842,772,0,0.035689484999344934
6559313301e840139d85980739dfdfad,487,0,0.13113276813099978
2f764d89e88a497686515db204ac789e,210,0,0.15504763308538266
8992e195a92d4d9ba49b985055b0a10a,288,0,0.13503066004291653
9c1e93e1ca7e4273abe1796612b52dd2,72,0,0.15724937948266282
91208a72f4a443c88aacf2ca3da47f08,257,0,0.0845286246925342
28df06b1324642328651b340ded33c47,289,0,0.14117777985522367
dcca9ffba79a4ffbade16af0782e3173,319,1,-0.048880264357934355
490d8a9e94fa4586876d21c77e47d80f,40,0,0.14397254477267668
f328352d75b144e4b5e91a8de80e9247,788,0,0.15462089453241046
f68f1e63d4d142dd83c70a3925cf0e4b,159,0,0.14211230520991908
9ccdc5ccf78145d2859f0e3cb8bf05df,62,0,0.0940687784130651
fa9fe52bc00f49c2b9f3ed6a8c6bdf27,210,0,0.10853976133227561
69fd4e12be854c2e905c60c398c734e8,492,0,0.151112169907186
5ce1a64efd7247a28278c98fb1cf10ee,138,0,0.14026069166612792
98c27d50df99466e9cbd819a6ff3a6f0,16,0,0.10235228173589378
d7bf434dc33145d7b26934bb745f326e,4,0,0.15622732608468187
8856e475aa8c44d486af1ea569fe4e89,791,0,0.11144918949180271
32e290f92722467499dd454dde1c81a2,522,0,0.16134247703041954
d30ecf389171413cbb0bba5f47edbcc5,192,0,0.12748890863354118
cd7f976619cc4c519c4d20d60a711923,652,0,0.16150195807088236
3f0c4bd1195f49faa0b373072d6c4bbd,125,0,0.07711533684569588
15f61476cd724d53a09a409265326c7e,155,0,0.1397363801588164
d886a87ed05948b1af1e42e14512e229,243,0,0.14036494565867436
fef4f598c5b6461bbecf1a9bedd4d376,397,0,0.09694134126838339
1ecc7f0f4542430c9b66119a1a65dde6,171,0,0.1474481020274131
7d4fdd5df84d49218b853803a84295f9,757,0,0.10568141348925075
5f82325086a247a1ba378cc9fd3db3cd,289,0,0.10711222985559282
d36191888fff43568b0a0f49e2b9c308,555,0,0.10805080248400667
2bcb398c0cea41c4830814eb37ec76c6,367,0,0.15802618914720445
7e07f68a1e084b5c8683ca8843ffe0ef,612,0,0.13100358513055643
fd499f6f201e4d60a30f1745e0a3e3d6,643,0,0.15396815320708845
551758fe23af4e569bc2e27fa6123546,149,1,-0.03751130971117167
e886f40835da41e3b4bb0f0a440e144d,265,0,0.15679863601519467
fcd831feddf14ecea2024b8ad5d2617e,43,0,0.11344736136720779
aa33a14d49324d448ddc74e132332a08,227,0,0.15430201799369087
44fb065628b74a9eb02239b8cc77e60a,431,0,0.12110181626541411
a7e8d6279f4649618c790d36c79c0cb0,455,0,0.14371734313321305
ced29a366e8c43dfbdfd562b20952757,653,0,0.1309061220268502
19fe91cfed8645618f94cd03d373d95a,650,1,-0.17177232109608964
f49710f1f4644cdfb3330e24aa3b5075,650,0,0.04256121992742806
276c9a875a7349f5bd3f3da15e1e4bd9,650,1,-0.0038571197201311413
c94bc28e50874f18b154ef9a94e4a2e8,650,1,-0.0589932651128835
3aa5b0f429be48dabe6ab9f3fa5cb3e1,688,0,0.15174739167232348
3984f55ff5c049fbb8aa7eb862f3f23c,650,1,-0.06924053988525225
7ad85a232754458581ef7f72c3c525fa,650,1,-0.072656736035417
9265098ed5984676884f016b9a1eeb79,650,1,-0.10137775184641484
9d1fed53afc84d79b9cf1ab493c788f7,650,1,-0.08711758238478873
361341482db649f3b4ecb01e27439fb5,144,1,-0.041064791052986105
dce89e15ed6f496db5200d6634a37704,650,1,-0.1351218096613772
2746ef5fc3554c2ebe32e0c170c31fbd,650,1,-0.12337323458824445
8a3b74ba83064549a8bf9ff022df92b7,650,1,-0.14460816637450669
332ebef0b4d94933bdedb53a58119fe4,650,1,-0.1491023660606502
78c61c8906b74ede955f222f5023355c,650,1,-0.1718993150996737
b0906411a23843d7aec61b0eeb47ab82,650,1,-0.17075925979961093
a2251435c68b4bad9661d3636819a316,650,1,-0.16730034391391935
6dd8ef0252754178b1b98dcadac68a81,650,1,-0.16723861650123062
eb8a01b582ca4eb2939cd09963bb45f6,650,1,-0.15741784999671493
5a906c1ee72944ea8edebc1f5e5a0a33,124,0,0.14827193594981697
34dfc52fdf154ff883b93bf5de75c93a,650,1,-0.16770234536158835
019a75da67c54a56b6889cc847dbb243,650,1,-0.1445457877269728
08b32d9a5f7849618b49b55712e812c1,650,1,-0.14498060687422631
1fd8912da2474cb6b407905188bd4926,650,1,-0.14662702713026377
70be9e00c3234a95ae8a7de155725680,565,0,0.15761584772346615
71dc527d78c64f05a6d2b46165194856,650,1,-0.16457782181333813
c6ef05ea1f1048a089dc9d8264cefccf,650,1,-0.16412724486051367
7629a5bea78940ffbcdbab97a57c6c14,650,1,-0.17305004736949836
35c9c68662ea4d7286c737bef5dd3a4f,650,1,-0.18035111521780367
a4935f025f1a4276af45a8595ad721ee,650,1,-0.17950197247194
9f2e2211627f4e52bb3166dc7a57ab38,538,0,0.04670830203483156
6507fd1643c94abbaded44768f7add93,39,0,0.1302900550327457
17f7bba0715d45c8b9b6391583d87bdc,118,0,0.10857517910604986
9e5ed18e6a594aafb98675d8325db751,683,0,0.15063031985507797
3767e8905e3c4dbf96ed98b6e9aa2b9e,798,0,0.1300820950304522
1c151bdf9ab34d4f8b2b951e1cba32f0,606,0,0.1457108260128911
85d6786ba4d54cb3a1ba731af99714b3,296,0,0.10349701128177591
8e8f36f32d98443dba457a722041ccd7,130,0,0.0980187056408845
892290cee7044e73b37e3271418788b4,307,0,0.11636830288501554
25708d67b1e54926a9ed52065f7cd876,337,0,0.09153702523163731
cb31efc2f55945c8b6e637a4cdf4df1e,780,0,0.1410130946734206
c986191096234f44a0d06a33b27718c6,643,0,0.10366390384674612
b2695560d52344dea226e96659e7f3cd,522,0,0.07995338766970966
c846fff47fce4db0b62afb92ca738b27,352,0,0.1494582856962423
e0bdac9b547a423baad651bc2e7fbfb4,571,0,0.02434527745685744
06b3fd2d06f9485a9d51a1653d190184,676,0,0.025033670296049415
55a53597f5a044479bc5ad34bd739461,589,0,0.15798747993681744
f1db0e63692343a0978f0b1d323c4f6f,352,0,0.13417915961059323
540c96d1b7cb4890a888a36929fff7aa,714,0,0.14596414722291817
5ff670e8bd0d4232b73c1ba30f66f7d5,589,0,0.13414739981271323
1f45751bb20e4dec994327857689dfbe,86,0,0.15800692633215518
0b0b6972388248f9a92d5ac764b94270,156,0,0.11637776354048418
51c8dbe3fcf2402d958458817475fd64,68,0,0.15945189975318752
07ad231e4c5740108526acf11a78cbd5,246,1,-0.042677057285016806
771e00b05d4b40cc8922c06658fee460,454,0,0.06207019086524701
060f85dc3f4b40ca89bb1198b368fee0,601,0,0.1574071267387397
d1589e079e88488cb24381d20a40ab8f,650,1,-0.14392862307746568
2a24408cd9fc4d67a5782fb040f3a01f,408,0,0.0014047495123893916
fc1441316041441f9b1f4129afd2906f,470,0,0.10442620018425924
b4e7e1b5f8a54c55852ac0dd6f06764c,330,0,0.1602968519222463
8d99484f88bd434486a0aec55cb93cec,188,0,0.07452328077854098
3080bbd938184aeebb3ab1767c41f549,217,1,-0.04400033795292613
d16011f726bc4371b0893ec1eeec90a1,81,0,0.159533851642154
2198d4e5e5e64d48aad54668a85b2c56,338,0,0.15199976164645834
49af2bddd3a44a00b81e8920fef8950e,346,1,-0.003458352754905969
cc59a184657d405099a3b58ed0b3d952,510,0,0.026166684823804576
fc4eaf67dd114b86ae98f65bd3dd0bd7,168,0,0.1547060665638469
45b47538627f4948860c8d27fab99b63,672,0,0.10235026145009052
17804ea5ca304f648c4b671a1272bcd8,367,0,0.009056473102819429
baf73dd4fb6c40be8e8851442c56ccbe,142,0,0.12075204830242231
139d888381ff4883b66ce846dbdeb8c0,143,0,0.15829856107046186
6d6d19daa9ff4486aa8bd368de2b2824,706,0,0.15170212056359528
2fe70432dce7442a96c1da5f31117d16,497,0,0.1525192078544511
0b64de075da9439bb72700ff936e0ff1,180,0,0.06392817444669696
b5922ee702c84a69b231703d8020c51f,226,0,0.1589878632864824
bf84726ee453486cb948fc9efd9c16a3,220,0,0.04645154622343567
e4f4986124fd45298d23860cbcc65464,46,0,0.1213327168169927
50dbbb5b6006465b85f1250f8af2add4,249,0,0.16189730142607378
78c0e4e7dd604cefbc7594ae572d02d0,86,0,0.12496918434928372
addd965be7f6477886552bc91eaf7c09,86,0,0.09928668444660299
c8b666ef40674c79b78015aa45c76786,725,0,0.0870453394860875
5b400f3a60db4da1ba77c82057fdef73,149,0,0.0988288027199668
24bd2bc8a8ea48259164a0846d7416b1,287,0,0.15694338655929202
eeef02afa04f40f3a2ff76b708400d8c,614,1,-0.014806630781663666
105033fc99a34bca8d0866ef780994ca,146,0,0.15216526255730695
fa7d131c773e43959549c3a08e82c52e,744,0,0.1395972269966148
27c4be6f139744c8ab25de3d21572b5d,394,0,0.14134054662209233
0b570155af0e4ee08e795111f280b6af,77,0,0.1324767913433325
2ab381ccd1834d32ab105c9505f954e4,106,0,0.10507720478602611
89ae0da7715941c885c8f0897dc9753f,438,0,0.15683547006727838
7acce7df5711499fa5b89dc70b490b5a,352,0,0.10393512190833226
7448dd44fc234f6286b2c1d53553ad8d,88,0,0.155486908186676
e0a63baeac7f46778e05c86c86014ab8,416,0,0.017570549476288
f4c68ef7cff34985b2b3ca069407ae5b,452,0,0.12779667100666692
70ba4ba0fb9142969b37f18b21dbaf82,251,0,0.07349512792643598
9eabf19185c04d3bb649dd0ac309ace8,599,0,0.06436564303455944
3cfcd5b3ac894685a46a4f3918879795,291,0,0.10146283668713524
a91be9ed592c46a48f6eee1f70dba598,85,0,0.14241413211184822
f8165ec783dd478f92e13b655188d7f2,251,0,0.11467348469371602
300d3ed0accd4e8c850f4e90f22c85de,31,0,0.0660875720182133
d20a684b647343059da39ef6d3273fdd,402,0,0.03268183088654092
1fdef5b1b8c64dc09d7e7f4a20357c6c,147,0,0.12774522470875999
d42a40b2e053494aa3b3e7c71c5e2ded,225,0,0.1407115443298505
f0dedd57cda742e495ab7130c72f72f7,401,0,0.031398687989159235
4651a55f171f4ca98141c791604d997b,451,0,0.0806547761256321
d8db3f3ac5e840f1b60eefd55942e4bb,591,0,0.1500792425208632
feadc0da75fc48fd9ad4926e49a9aee1,314,0,0.14336420869712424
f1c04d3fbb9e4fbdb82ee8ae1bcea94b,423,0,0.1569526427367331
a4a5a522fe664e8b896733a6e87977c5,341,0,0.12727661067770568
64f722263a3a4b1380ec4b614909cd66,431,1,-0.053398722849576474
b018a674f1974802856647b51272ec60,504,0,0.14769146905915703
e480198f1d134ddbb09409c6ed405828,628,0,0.15538976898394058
fb8d97a5f1e44f89aeeff24cdb0621fc,141,0,0.14402815529175766
a7fd3fe4f0cc40bc87cec56a5a4416d6,672,0,0.05456703965049736
0fda904c7f20438d983c6b66fca96b29,716,0,0.1519100202471847
1c177fbb11974ebaadecb9e52b7afb22,504,0,0.13055284069866374
dfe1b90c4a2e4eae89830a41652a87d1,119,0,0.14794960314324296
1fd79023fb3645abbe697bd4ab14db73,469,0,0.1437593740696816
5960dc08867c4dd88227e2b7c2ab9f1a,95,0,0.13985558060204145
358a6ac327294148a16493f535679300,455,0,0.15821333010769467
f356b408fc99458e9870c022f1cfa394,404,0,0.13652494304650042
caf0485330564bc4a5862483fdfcda50,115,0,0.14873704904941099
7f8ff9eaf0d6420a956b90f7f635b249,73,0,0.05158452425992799
265b3265dd2a4f37a519277327a72fbe,73,0,0.028658303558429188
3370e011f68b45dbb5900192cb66b033,155,0,0.136868951651255
8728a7609e684264a4715c54c50ddb8a,73,1,-0.00892345806188688
55993d7dd412429483ec7d4ad2f8ed48,73,1,-0.042844402544214955
df022600ad984fb8be0d66899e2c40e8,73,1,-0.05429990205627788
504265efb2be42f698d3092f82fca586,73,1,-0.06275293130578774
518e230e3fb9470194e6cc1b66817c95,530,0,0.13812321027447766
9fe4d705346a4abaa7a899cd9bdf1a41,73,1,-0.10667631691516655
08d7f39d219a476c910de687b10b522f,73,1,-0.11620922267553457
1ff0d8a4a3ff4ea09f262458ba1be271,73,1,-0.14447356895033892
11c1b9f184bd4df899c665b95ea03d80,259,0,0.15111416486665202
b02aad9b5eaf437fbab5b0354e2593fa,217,1,-0.06952189301051437
1c112412969042869615709faaf33172,73,1,-0.12702548587783646
2a2ef8f95c2c4f9cab1abe9544b7a437,23,0,0.08554311608641996
dbded67e2d484097ad035876cd1e1620,73,1,-0.15449309718881143
8bb14f1beabd4e0db346cc05ad74d149,73,1,-0.14497400391359572
96c9c1c9345343e8b7a417e07e38ae7e,343,0,0.13092681773639026
83fcf97795df42829897234eac3c2992,73,1,-0.13595340248198207
590b62aaae2847b7a82b5451eacf9ff5,73,1,-0.13888581161957647
7e8b10df391943d88e8bd14f365a8a8b,445,0,0.02178633961340426
c3c85740e20d47dcac20479108707a0b,73,1,-0.13304462519399352
c4da2011ee374f3692667af18916c0b8,220,1,-0.005395147268276945
0256eebc954a4e2ea1c86540b682fe7f,543,0,0.1396348167498861
bc5fd835dac14fe3b56845e796b5f80a,654,1,-0.012690457546879252
fd3678e374864080bfab37a608121c8d,653,0,0.13678375207763505
5b6cce8b7b2542e9854fc9af4f590cb7,65,0,0.13353387096349767
5bdde521526a42eebc44dc65a3317517,77,0,0.049597736065211784
4c03666ac0444888b19a925265e26087,105,0,0.15916301530742966
fee556778c2748cd8004cffe706cfaab,360,0,0.12716165504597593
a7dd30e2f4e949138d470e49f6cedf35,105,0,0.12618420230036287
f028d82e840d42fbbb2f124f5ae17b15,288,0,0.14310879588733655
48368cbf87084389a9c1422223b24adf,562,0,0.12380754621189366
2bb7a575dab8425fae8fc236ead2afe7,158,0,0.1427223963053189
78c64b06784f4221b2ffadd1842074be,710,0,0.15695275875194292
5e8b57217a574de2862e92d3acc24035,434,0,0.006688950014705208
21817e228fc3413a9c8b1221b97adf6f,87,0,0.1525339985123232
e99ea2de54684f058c2014a01a3ca7ba,449,0,0.11813275507470394
57818edafa3e46e9a3bf8c94a0fdb759,67,0,0.0834786498617191
6791b1bc596f4feb8bd1ed5e2a6484e4,549,0,0.12152440961635341
ee622890fb494f95abe03f771991c460,68,0,0.15749213177325633
9c6d63abe1cc4a7f822b6d24561a2038,153,0,0.15859749443499793
90eae0d4402a4781a71ac81816abf167,253,0,0.140063975290179
34f9112bb10d4a33be057ca1f0578407,167,0,0.06857102148922645
cea52ba49719458d97f4ec2ff86aa505,479,1,-0.005918573740409161
855dff8494a34160a3e16ee81885c34e,697,0,0.015730693882918256
9a86b2e7691e4394a12fcd821abf7ee4,619,0,0.15341154577265687
5f24c334309b4659bdd7b2e2fa22e231,207,0,0.14734831784659397
f485cecab83c41ac8c288d2e1fabd777,261,0,0.15804866907062404
3e046d3f2cef4832a35f8289b9bd0e39,62,0,0.14071592213299788
460651a92f2f439c98ce0c9b4c81ffa6,307,0,0.10242810262237051
d3ee985c3b674b00ba57c6803fa75b11,478,1,-0.004512147161862878
3545cec0addf4bb2a8197e95b029ac9c,483,0,0.14779085284029464
e977d9f1c3ef4b789344ef3e41f6153c,732,0,0.14500404962840197
371181bbe3ca4639a3625616fe64705b,764,0,0.08150643179139966
dc54f03cc4fd4a499a6ece26b98a1c85,143,0,0.0697823118039651
8a990378d41347129c0fe2a668a7b5e7,798,0,0.1199891429067767
9c913f6c90d142f9bd7f9f95457cd98c,198,0,0.1563131728017052
5099cfafe68e41af95a8feb53ae4c304,694,0,0.1500948911454677
7aa2127b00214ad19160dbcb5c987b7c,728,0,0.15386339673911004
ea5a7ca612ce407ba929d325dd3d5ee8,486,0,0.03591928511610004
b91f301dbfd249428ff7ca93fe08628d,408,0,0.03836798175897921
21e3240578b447ee97c6c5e78ce26fb8,288,0,0.12195369209193652
553d8548a89f435fb18f0e45cc5677b4,373,0,0.12703593356503046
33e0826034694918a80c462ab41f3bf3,130,0,0.13137894933776845
045e391ec985459f94f3edbeb75d6273,687,0,0.04430423721742416
31c5985b0a05404b8b951619abe0f27b,38,0,0.054325304175453226
02e9293edcc14582a0075072c79576b0,155,0,0.10394044452652496
d7f06925dba54bffa8632688db4901b4,410,0,0.15033446717578774
4cfe741b7e3147e4b518f5596211beed,344,0,0.15822904533016952
9660b8932a214de2acb3c1a5aac8c065,86,0,0.14313012964820376
8472c8ca237643889d8ac125ea681cda,519,0,0.05386859015155132
e70bd0cabae64a559bfc58b5cf80fcdb,110,0,0.11481942255258365
7b7f014c7a2947e284a1c6baabfc0406,258,0,0.12984734364818545
43acaadadae5491a89c1dd05f71ee661,290,0,0.13243006004222457
c8f78f891ff340ecbc40554187e69438,212,0,0.15136630996424855
ab0d1305a4844e21be60b95b17e40a8e,673,0,0.03559143910802587
f6c6c51b9c3642a9b25dd0c28068779c,402,0,0.13862501314272013
6d8a530c22a348dd85ca87632b6096e7,170,0,0.09158285775900254
7a84624d3eb54874923e519e2bc903b2,40,0,0.05240459204258874
30cee9eb1e5e4023975b231e5079686d,21,0,0.1378353563349773
79b031d4435f4486b6b7be747cabe6ab,386,0,0.14230368684044592
1038f9176029458990a7c569b16ac146,117,0,0.025265312574971055
aa442402219f4966a5cc47bdead4232b,202,0,0.09364890791253522
16b1c9c0ff2545bcac0df57943338367,222,0,0.14941686474191623
ce32a5de853d411792d2521baac2c51f,59,0,0.11773044051271192
e2fc0e76bc614302bdda626825c71a51,53,0,0.12353703276187233
bee89a1c5e874fab986525820de24155,116,0,0.08244539117754379
47190abba4e745c9b963df2359034b64,556,0,0.1508993642608943
902bcb88021845dc84199ecbdc2d8f13,51,1,-0.054580949704306714
b47022afaac149da9cbddf196bda7577,140,0,0.14997755073533842
a6dddb16889c4b12877d56c14ce4e3ba,262,0,0.017145774167204808
148269d600b8420d89f2c7f020bc0626,75,0,0.11032831736271836
5b4d7c40a0494c38881122996b554aa1,697,0,0.07221558644687581
13b8fc612698413ea43a7288d194798e,619,0,0.10023115702456958
e66a84693c9b4b26bd23cde825006434,571,0,0.11334747964182457
1f8c1469c2fb46638235d8566721411c,432,0,0.11377371896187416
838194d394a0447fad644583811112e5,364,0,0.1525216584710261
646b1c51f9fa4553a0fce79da57c0b76,442,0,0.14823716445837765
7bd1846956b140728ad3b8b79bc0cf8a,606,0,0.15798419430072463
9c2f67ca615b416ba1a39ed680526a7b,458,0,0.13956821239985362
61458a52bf8e418ca3de5d3c313cb352,191,0,0.13751230771880552
76c68ddf6cf74a77b0a288ab7ebf3c37,623,0,0.027772671017552097
c634179514ed480d90e677f52fb5a264,548,1,-0.04794782897563554
bd78a89e3f574b2e932c82974b273459,155,0,0.024463018530784808
7647056895a3450d8adf6bc8da763373,192,0,0.140309475806155
3bbc8ff70c2e4d359eca8e5eca8b192c,451,0,0.14319420006445638
121d2554c4b54782bf4605e4216b9221,192,0,0.14026522127843866
6fc4a9f93a2447eea831c49b0608d617,360,0,0.050245599295986876
3dd9b6024f8d42958d8d74e62d05b448,451,0,0.12491430317302127
502be5c11352416fb32203de7035625b,538,0,0.09615661401578957
c8c049d4f50646b7928bcc5c782e6e67,44,0,0.06678115150401875
648bf147d06840bab7cc633d7bccdc7d,653,0,0.0700831806386274
6e21af2bd26541b9a7bc9fe85cc9267b,654,0,0.0028490425779038597
abd3ac953ebe4c3e9fdec9ffe691b1b6,104,0,0.15516876618406422
2dae2cf30d804c9286d8a50f26ad3ea9,65,0,0.1347592368774418
399b411e0d6341d8a46438848c79b9a2,185,0,0.153158650359418
a1d857ec734b472ab8a941a052cfca24,121,0,0.15942992296570252
cbb896b1f33448d9a79a248be9bc5315,139,0,0.12627955572958993
29bc93b9f844459baf5bdf15981497ea,372,0,0.09986903013004161
0a991302bd61499f997e698ccfce24df,334,0,0.10234139482162097
dabff79ca70c4f78a0c2652ca13d53ae,780,0,0.14313030158717066
d8ac5fc2ede64d7c8f54d5b2b934ddc2,417,0,0.11832085264107062
9100c9cf2a194522a83277db669df50b,389,0,0.14393707185874144
6a5e3b669f834f54bd94cb012027a455,389,0,0.11980009883017645
8a2e003d31074d99aee187ea16708949,526,0,0.12824400940211578
a5cd3f1c1cd7409297a236d0754e3a40,759,0,0.13821838404918607
f440a2cc0bc94d30a8faadd798930ad0,506,0,0.1487747824754822
c66333475b744e2bb97c240ddcc91573,471,0,0.10041905499921361
f9fa3d0de18741bea09972142c3c7437,666,0,0.150448094243181
e29a38f1bf724cff9bf1ea82df2131a1,307,0,0.11850971901055235
87c39e0ecf0948d682616c0ff26fc6a0,548,0,0.11195133038342031
3f577d6411964459bc51773d361c76fb,61,0,0.0389481367992468
8f2000b93b8041e1a49262a99ba6b2a3,410,0,0.034530858995757474
2138eb69c19e4a5f854ea97f190367dc,145,0,0.14359378392349642
041d51b856804700a41d636b539c6bc9,353,0,0.15701618180081617
852f8ca377a24cd98767054753b37a4b,4,0,0.07002820100332369
8971eb6c5ebe444aa2c8c79b54b8822e,319,0,0.1335363692307967
3f4095380e80418883feb0cd29d44c21,475,0,0.15587544603164438
c615b62966bf4a799d94a261754f59bd,229,0,0.056171847560037236
760085735a93470b987bfd8a484496bc,738,0,0.12188953078806514
718e80df26414b3c93a21075bc66ee3e,672,0,0.15950870648231824
5d7e35f942de4f6baee90f4285ff9abe,170,0,0.06070336339752708
0bbd4fa214e746b5aafefb751adfd269,270,0,0.13129685322547258
df22871264464f02baf8224d9c52cb10,536,0,0.15740304064183985
0806f4b979354fcd91cccbad6c260405,265,0,0.12044624985469776
6b4c63b8bc65465f85c18472e74b6b02,80,0,0.15589571041124517
591f6b12ab3440e2a7ab4d727c467525,86,0,0.12731262939111776
fc81b2d8c08e404d8ebd9ea50e80fbb9,32,0,0.14807321367741055
c75904f80e7f48ea94098b5681e31ac6,110,0,0.11744331402342645
286c99c1605541d0a6b21df1557c8651,97,0,0.15097996687113896
44220c77298041d0b820e86313da9c6e,325,0,0.13060943369945127
557751f930c048f89ba8235acfae4593,739,0,0.1407123951552619
b586109db7b444b6a2ab5f6d76f65f2c,263,0,0.15204274746706103
aeabc91d945d43a0849dbba8f3b93427,263,0,0.13371929567777058
18c285c09d8b49fb98773484f53a601a,636,0,0.006135588361403543
99a9b5ad21d648acadb3e6c924e7ee68,20,1,-0.056101604440320973
a99b511281a5472f98b6763a3ab26a81,762,0,0.028567424258183705
3eeb2d67bc454ccc815bddd720e6f96e,337,0,0.16211355104551062
0edd188688e44de693989e51d3a5a30e,315,0,0.1595974580367146
8d2ae76e365b48b7b023e2c5e1009f6d,155,0,0.09350011065364416
121bfe684dd7457b8f414f86f854f234,304,0,0.1581244636990668
95325eb703af4619b5875317d0a3af51,109,0,0.14030877053718843
20a6e5b6d75c469588873421fff1bc0b,65,0,0.07655995376617358
544340db08fd4af688401763978d120d,292,0,0.14507444669999653
0adeac15e4c644ea98af6650dbe090c9,724,0,0.14893953959926226
f4db53eb2f404b0e825ed0cae8070cc2,629,0,0.1220519502727776
0adc2c54006345339af903f6d3afe752,160,0,0.1510543144161976
c8ec3f0b4b7d4bb48695a5bedf2773b0,657,0,0.16071718162048465
829e0a8b6688421b979bdef86a2511e5,347,0,0.03416547878503251
bebb8cd0e5634d1ead1a1cdd8594e69a,748,0,0.10131493797904656
77ed82f38e8c493f9bc2b3dd2a29e902,100,0,0.15709107733569522
3c17715b17c84fa0be3311be577cdee7,791,0,0.1596518443434557
5329729865c34558a2979a59c7011e56,181,0,0.14743762270085686
ee70c07e3d1041a2b604d349fd86799c,317,0,0.0853367994464519
21550f89c9ba4dcbb8f8b96fda34d28d,409,0,0.12366329055768976
ebbbb66039024f37b1c5927116a1b50d,210,0,0.1433193421066955
d1d753c41009498a9a92e1695e727aad,640,0,0.1547582352193792
e9ea4366e02b43e99e054f30a2310ae4,517,0,0.05185313186976298
71473b2aed7b414dbb535b2a0be5ab4d,562,0,0.14331113584851424
b0d9b62d084a47d58425f6fc70d6b7d3,768,0,0.03425607669515307
b015d02c750c4437b0abb4421f7a2b85,558,0,0.07178454686071128
3d3086f45014433eb89951c0faf7202c,673,0,0.11337417696480484
06d137d5aeb243dbb618803d1b4db0aa,789,0,0.1308436091202979
2a7fb896723b433aa55eeb1c170277da,770,0,0.07997495332389243
d8fb848ef7be40be8d858ba2d8813f4f,425,0,0.1441019920761331
66b4687cb30b4d3a9675854853b9d140,696,0,0.05906104321732142
e999c7f9c1ee415b95d9d27f80e490b6,389,0,0.07457071809584231
8b5ca33249664c1094cb657ec7e19faa,313,0,0.14690441794431708
99dbdd07c9964f68b08ec3a0ee51a617,23,0,0.15569967801968904
d8bf73ffa95d44548a623b423768d3d5,799,0,0.11482632010272315
8871211672d742919067a15db4d57f3e,444,0,0.08074942577946215
37d45e3b3a3645d7bd53695936fab762,799,0,0.09809168230837984
3cce3cb1a17b453582be442cae7e835e,751,0,0.1442643031432272
2ad420b990904b8faea3468af8b083fe,512,0,0.13254298038368473
3540c5240b334811ae2fdb5ce00b6830,362,0,0.1572441056637977
3384f6bed11c4cbabd84f18cec6e5811,390,0,0.15519543357038423
5549b34a23bf4c98b5c2e6a7bdc6cab2,557,0,0.1548374020341876
cea72d57dcb04333af343cc77db9dc33,47,0,0.14465696724114185
74bb2c81c2b942199d58ee39c430da64,734,0,0.11866171707988282
4465fe3c544c4fd89a4e65cb7e183e45,304,1,-0.013641763989939992
679c9d9d465947d8860d693c896f33dc,0,0,0.13005236498061024
d637c401c8b94f7d8aeae6fc6e601dad,104,0,0.15945807186292899
262a0ef6424f479b9d36fa51fdf6f525,551,0,0.11642781542967717
8b14f3702776417fac1447c6b30f7a34,22,0,0.1129604064890884
d210fe60bd0b48a3bed2a4be75e335fe,225,0,0.15473400280446453
d1c1064f9c204e3a9e44d1af89192b41,706,0,0.1595105824929331
52d02f8680864b37a0ded072f9d9041e,185,0,0.15186248211161968
136100761ff244d587fde5efdd550cb4,86,0,0.07683326801240409
043d02d845d54b2e9a700557c66401cf,608,0,0.13072805374023722
c1899cc284694c9ab4c02cf2ebeb2625,270,0,0.05065594883091229
3a5437fa0f3e46ccb6c2731c1b0c6b3b,197,0,0.09725798211732639
c38ed0b2215d47bf99688b93d7808a37,410,1,-0.0006583006925146573
2fb3abf8257b4b5fbdc8eaa878cc4bcf,538,0,0.11303457356847707
6e51c41484a3481ab0f66bb21a8b802d,291,0,0.15917928992339786
80ca0fc4d11b41538f066776def4a029,323,0,0.0980802634413514
9e8dcd9aecac45b2a0c2b8502bf63950,113,0,0.011165012166612642
118c720def4a4b31b4055f4f71f1a0a9,364,0,0.14670585454911533
f939c6613feb4f3abfa033f5e3098fef,678,0,0.15287838373743973
7a82c06dcd3e41deb9b990c86aaa1e13,647,0,0.1559077165016482
70a01240c71f4e6e9e42595fbc76bd7b,417,0,0.11063886055950767
3b30795fab6b468e856ac609bddc887b,375,0,0.14671912034394047
e5c9719a593d4756985c1a54d8d02e39,771,0,0.1621723630977866
80b7ca67c0b9458f874994f894b0fadb,706,0,0.13387742611415565
73641888fd814ec4aab82ab7cb7db22f,54,0,0.1266553482869443
12e3af4cab514e80aaa3c1a62e503499,212,0,0.14178870295553792
b1035fbac4eb45a7908c1689ca3e38cc,356,0,0.07343442295983305
a1b007d6f61f4ce9aa54a66e34d47423,46,0,0.07040128158680087
e2ba1fe6e3574e809aaf69d1de4112e7,688,0,0.1234760338592929
db6ca9a3c4214ea1ba75700cb2f213a5,795,0,0.15536631127420936
5171850f24a94496b73e85e43bfcedae,240,0,0.15751536545632194
beb907cb493547178d4bf73d40245029,285,0,0.0022835908351425682
744a8ffd964143d3a4544f1ff095bbb3,278,0,0.15462612028577577
5891faac5adb4e889ce65962736b0168,571,0,0.10355179097542677
f06270f081b74274863981ffb0e332c1,505,0,0.13631018012755663
50a00f535e3f4a7eb1d3b0ee478ae49b,720,0,0.13897156667689764
3a536e37efd94880a9d69f0681361f7f,712,0,0.1559240474697111
4cc82a69c86b4e65991bf9f4f024e272,264,0,0.060689316110657754
99f0d22249434ae0843b31d5ca3c4f8b,248,0,0.10260499313217364
349ac4bce1c54c59aa7ffd6b3b829cca,754,0,0.15897985432446182
ca7d265d660d460bbee219976365213b,712,0,0.1068108638547332
4ddf26e444a04826882cec831da2b208,551,0,0.06034625592881854
4b12567d6a544089ab4f491f037cc55d,767,0,0.12991686850126277
34864758a78d4356843e0a69da998be3,651,0,0.14405440536351954
085dc2683db845d48df739dc9938f8cb,410,1,-0.010229373743254278
25b0467c6c9243248d94a126b77b388c,196,0,0.13894653064762313
f48cbf6486244127a989e6b39f46d534,123,0,0.14705388099141425
765233915bb248bea5e1d382bf39754e,86,0,0.10276361871222461
2f43912da174490c8ba5bf7a6447ec45,184,0,0.09068217776067361
075790b430a04a1e91eb0978a56c50c6,62,0,0.15367328901387312
7790333bcc564c0db4f1880560386f74,102,0,0.139564935115236
7c427b570b8541b0848f8c933e9c3641,714,0,0.1353819771098383
dd2b4afc9bbc45c887fde9bb89b3f868,93,0,0.06856960144088659
8a9b27f86edd470884d13bbd014f17ba,344,0,0.13324479487217022
c2950ba50e8c407594984c43a0667d3c,589,0,0.06273976589348257
48580fab98b14ffc978a51fb902d4297,552,0,0.1320423093862163
94893e0617fe44dfa6f676502c7a8ba3,39,0,0.13731577569525072
48036c3d94f1411d87646e0cfa45d2a7,95,0,0.15390997448722582
b7fb052deba44848ad2d9d1496f38de5,183,0,0.02890728138293308
9ef2c7e516a04c1b8530f62cbcc8afe5,325,0,0.06227239587286926
26852ff8bebf47f18cacf52eb52af43d,607,0,0.15455044043662808
aa2720f4f7ba49028cf0adf28c7400be,433,0,0.14549994401016336
18847fdb854541a3901517a011b4c6c5,640,0,0.09532261086392307
3cde6bd796b448f3a35d9e0286e55531,16,0,0.13279716255258256
c24df89ad39d497bbf9e4cd8c5773f21,129,0,0.156464016328132
744396295c5c45e6ac0ee6266422a7d3,689,0,0.14806907294720467
d8723db0c2794033bca2e1fe7ea5a650,206,0,0.1581168174711825
b877f434f95142dbbfd00ef416f5c2e4,755,1,-0.05277011844608226
37baa5f7c1f546f7b3d046f6092526c5,38,0,0.14418691135009076
09e14c207eee4493bf0ebc72493f03ce,255,0,0.15929069079116226
ab758d0477424203ab1c024682cce191,136,0,0.1387630558112607
37fb5bda130c452ca41433547731c83b,209,1,-0.06532375713969585
8cb3b8ec050e40e1b9be427d67a58463,167,1,-0.017634880179994594
24cc86b08ee449ecb454eb1a135e9604,535,0,0.14898846492807283
e17e74ff983749ae9d9df53f43cab13e,646,0,0.11809129455429684
dcea35b3ead243daa966e0a5c342ed9e,432,0,0.1550507050542167
474ae8b33a6c42fb91f3290a808b6873,86,0,0.07167100098296486
0b9bf50e81bf49868f04f1f241d40ae4,206,0,0.1281584335611658
256710ebb7ed4280968c4e6edb4e2994,139,0,0.14903457329002773
7e4fd84357a248359570853e03fd6824,291,1,-0.02153187427331793
61624f0e77b94633b9479a5b0ea0edb8,444,0,0.036684932549973126
4e13e82376d0465b9554218483108dad,717,0,0.1541252702025412
03807336d03a4c9f893799950c57a568,443,0,0.05862539795202165
529cc249185a490c89081efbd3b7562b,84,0,0.14941864220325812
08293aa4e3c948cbaa20dad8b0dd72a4,733,0,0.1521495873288165
b7c1d4f8011b4c18a4913f321ed6325f,367,0,0.012336457313007032
0c4eb462c15f4aebbda656582366dddb,745,0,0.09657859117386647
2425cb1faab846cfae88824a66f676ba,678,1,-0.0035718078824144572
e5f3c552b48d4c2c97e6b7e2586d9131,376,0,0.1247329878161757
bc1c37f2548b4820a16cd9406434c8bf,335,0,0.15935233726576958
143b38f406fc429cbffe6cad04093675,590,0,0.155779708336501
a0cf010518c24b489eb81b6893e30331,46,0,0.05715850522042942
3b67968cefa140caa2b125dcda6e3412,182,0,0.15185951752059057
ef095605a2264afa81a53ed570c641ba,719,0,0.08461671145169092
4edd7d1d4b064dd3a6aa65305d83b321,307,0,0.16134349989952446
01a99eff512f479cb5e5b725f90a0e46,438,0,0.12920001159136046
ca775ae39264432e8d82ee7f4b6df667,73,1,-0.10960290919218074
9c1bc249660c443f80a4c8d6465bc1b9,586,0,0.14969945200664542
c269380bbab4496395dd84164ab33942,394,0,0.14350946589271296
87992b4762cb48148cb3e03702109f6a,86,1,-0.044848342539187125
c99b1ef255ce401291610052d7240b6e,386,0,0.14199873320803424
4624fcca8ccd4442b5eaef5a30b3acaa,664,1,-0.005386959798449165
186e29be193c4e5684107a828f1c6da4,725,0,0.1623571703449237
d1436266dc8747b89ad0033f03ed243b,486,0,0.09918758967613639
9b8a90600b634e358c2da5e34d8d9864,52,0,0.16219524129392754
bc7867fd49a043d981f05907033ed467,412,1,-0.00626396613446456
e1cea4af3ab14e75b5cb79f5cfac3c4e,48,0,0.1481436501208388
49616c6ce8f94c83a21964fe433d6d33,457,0,0.02168553812732793
02f6a840d41c47be8fc7b02fef9ed451,423,0,0.15712703841896808
5e82db4ce62f4ccb8b2527909da628c2,455,0,0.14572013396378813
612efc00af344e32a6e662ed007113cf,567,0,0.1524320026213027
35e58477accf4f0e9e0a66ac058b290c,700,0,0.06960228092511289
3fe2f0baff1c4f9486028d7866cd8cd5,342,0,0.020149197044178502
ba4e15e0b9a640e69b4a0c5c2a67900d,259,0,0.13780758960823858
919518cad1674a63960453282d57d020,398,1,-0.009579114464063121
94a2777c7eea4bc8bae29670d9c1c4e0,491,0,0.11538345951135781
304a492b2df74260874d952bbff7820c,455,0,0.12916187981158544
8c99c7fc7c48400f9df8fd76c90e1594,772,0,0.15385812622500783
83b14e5b3dae443ab8f218b9cea32eca,60,0,0.14515749843668146
c12c950d86134f639a798f7ac367d217,734,0,0.025987228926948935
8f590223e0c24ba786bfa733c089e7f2,365,0,0.14260729969848285
d249c928b5454cbab81fb565e34afa70,269,0,0.1620421628015064
639f9a62ae6b4fb79f0b27b84fa210b0,374,0,0.022574659947059206
905f6d38fbe942f0ab4f5b0236581599,421,0,0.04159530296434771
7f7cd73ba9f54732ae112df0de4314e8,37,0,0.10166541275607754
d08254d66990475e9b57406b2deafe7f,754,0,0.0702282548486603
ca5741fc74514cfe910af1107e9d6158,315,0,0.14880252318243475
83825f10f70d45db8f4cae76e9428199,80,0,0.1552316760495822
1a54b99320404aff9fbcc3a8d1fcccca,88,0,0.14288692639488704
95af20f4edb14410b71829757deda1ae,766,0,0.15371917444964284
463440c0830b4c11a98301ec6d7d3c64,319,0,0.15029808523386018
76e48935ca334c52adb6f7708df36adf,658,0,0.024268828565829792
a487b0667176492bbe52289b0d2124f6,737,0,0.15607910459325636
761fad5800314179b122ae12edd8237d,614,0,0.07078935686090693
62db85a03127475993b933f7b5f89562,69,0,0.1603527101167307
88c44a12d85d4761bee676b0a13e02bc,237,0,0.15417783898506782
f9b37e6bcd084943815271a54b262bac,508,0,0.13054728208591015
d05dfb4b67ff45d19b8112f84bb5de8c,492,0,0.15117293206171856
0633eb3787064890b6de5b93ce4fcca9,68,0,0.13580667603824575
08db83226e9049e3bb521c9857e92eb7,461,0,0.1582382504588098
d7e9a225dd2c4bfd81e2a108df7ede72,466,0,0.09163538626534667
1eb1a136f6f04b658422f554b1d14c1b,192,0,0.0923349482152388
0dd3bf87a7ea426c95e90acf7682a694,764,0,0.13865594664163966
a364db438bf54382b310b2ab36e6d2c7,516,0,0.14775854407403238
fdf049182b964cbfb430fcbec2b14c8d,416,0,0.0486851632523671
cc6582b68f5d47a29657abd0b6e82d78,208,0,0.13705589794254597
be5026a4c4584b90ad1328f951574ad6,517,0,0.07275478597736318
ce1aa03f403245b3b3eb653e80583772,80,0,0.13524692823729834
f2850612888d4c2186ddfc7a741afc1d,500,0,0.15644614921122485
1a30b733f49e41df887863dd0d2d6839,634,0,0.15958419311411393
9c5f2a5dfa8841a38346a4ac7239a571,77,0,0.0939821773034828
02e10872d5d1437aa33cba4164a17b7e,531,0,0.1475318680397083
59bdebee852849618ecc292ae73519e4,635,1,-0.024017034459629327
ad64b91dcf1d4a86b8faeee0509867e7,545,0,0.09685065098699663
18b98115533a47f4b2a89cbe1117014f,394,0,0.08148081239564109
66f5d704da59405cbc3e3cb666fa693e,160,0,0.14642066078947064
85e1b483912c4fc9ae30ee93bf5ff4d6,104,0,0.16054391649202704
f8e80663893547ca8e9b50c40c437241,197,0,0.15869165334109958
cd501d0cbe0f4b099ab7c7d0c478bc09,364,0,0.13282765915542122
cd6c2b2b768b42dba9f0a7c41f39bc99,228,0,0.1502607390835673
f38671b9f41e4323a54e56799bae7e66,460,0,0.041502645933279736
54c5e6b24d9644b799c023bc22c639db,48,0,0.07435218671146337
efa07b8a983d40169c1c6aaa70528847,724,0,0.15353991271366524
47b0b15686b1437980c3e2936149f361,611,0,0.05170750951694164
e2a86cdfac2c404fb9f04f46268f70ff,632,1,-0.028017057872275375
da9cec17bafd489ca06ba1028a5041fa,656,0,0.14262473730016823
ab41e461f7d54a6c90bcf4c6cbf24125,771,0,0.1565757827036599
03f53420f2aa4a69993d70ca26771245,135,0,0.026605011404251255
00462aee5df14d88abbe3b0e21f567d2,548,0,0.08788996918065944
8a9f3658eebd46ab930a5b71e67eb044,390,0,0.00047194016973894914
d6d6b6002ed74bc08d5cc971dd56fa6e,646,0,0.03633070353601425
6c20efc249dd4622b0b4e850060288df,353,0,0.1570850418912642
ff7a17842d084aa8a2650f44d54d5ca0,648,0,0.15414211822100782
580b92f57f7d4e69860e40232dea39d1,642,0,0.15299779674098718
0f207ff66bc44de8a7f4cd9bc1d59489,47,0,0.1516512413579984
a2b9f907f2704f87a63844575dc373a7,347,0,0.1309235015279301
9d9e6e2ba15845508e1cd0c360b5a2f1,195,0,0.10973682857517059
349696e9592a42a9b18580e6b7213845,302,0,0.15662042312920554
2ed7af1a6bea44b9b25620745e0ae229,657,0,0.010488749969523536
68f567bb92d64d43b689ad8e495c32ce,389,0,0.1519727849193661
86ea8f6f90f74c8e87d88583f63285f5,186,0,0.1491283512963414
161d5ba64eb640e2822c5683df06943d,307,0,0.09795954915054639
1bfe795c9c53432291a26514db4f9849,408,0,0.14083516365165988
c5b9732f3adc46a899788f62b7daab40,735,0,0.11012970886482565
cc2e19a521344f998d812933d064b8fd,746,0,0.1629843509650552
bb12553f3d6d4afb998122f0e36389a1,362,0,0.15219863742303608
a4d7c5f55dd64e29a416b949ad26866b,435,0,0.13611304739769087
d9e172d986cd4092b35cd254b020fa5a,75,0,0.1250697677878938
f96228c742a448f5b32b755b3eb1e899,662,0,0.14122768025285798
8a1d02b3d78a485bbbb5901d640320df,681,0,0.1102063721381269
9cf45a73f77243cf804990b39c7e4473,15,0,0.15138264101597187
a9d2e84060b74972b44f5680f4c1ecf8,738,0,0.12660988230247383
dd9156bf78cd4703a1f47affcbd8715b,251,0,0.14619100777434363
92cc82f86d764e609b4ae955822489be,728,0,0.14562125851708424
8551f8f4ba2f44028a904269133e71c6,48,0,0.10761924387856908
b3ae107e00ef4ec3ba163d87d9ea2d1d,245,0,0.12034390488698987
66a4f9fb8ff34512a76e36868b226875,485,0,0.04944393857641194
c01995589ff74d62bcd0523bf3646b8f,129,0,0.16096559108842456
15ee3de5180e4e888989c2782b5185a9,569,0,0.12293271906467174
a04e63d8a6e341609be7c67302328fb8,641,0,0.036388508608184766
739dba5734d84f1ba459e08c76c39567,705,0,0.1584353767899333
048bba08ad1041b2bf646bc16cde7783,678,0,0.13720721315318474
b947fdb0447449b386d26dca17ed8b51,168,0,0.15045517674824538
8f696e17cf5544ec9560dfcefcdb6e0f,522,0,0.14954660209605675
9a77b2e58ac64f12b76aa2f0fae234d9,432,0,0.1457119556696022
9321dbfed1c94cb591d508d945c517bd,491,0,0.06165235622045884
d15dd0e5d64146fe91b3871a0c49d80d,588,0,0.1368672576808057
1f5991cfd48845cdb50f94c5f54a1df2,651,0,0.010430001575524872
9039ca64172c4586a868ace9824a178f,726,0,0.1463659183303998
bae060ee0c184223b41133b160826880,637,0,0.04996024817448469
6d1cadef42744ed492a1d44c5e097bf2,702,0,0.04094824031129013
fb49dc71ce65436ca5739bf2312ceb6e,160,1,-0.007972111029024953
c736ea0d45d94b67aa329711913dd339,627,0,0.1368332134883251
39a8e905bcd1411382c3fb2a5e7c73dd,656,0,0.10286762432421565
01fccf41430c4160936d847b0f6db441,613,0,0.1324765040567346
15e1cb4ec59e45a3bac249e077137708,211,0,0.12343259131066253
f020e7b824e7496c98cc534e6eddf0b9,405,0,0.13546604066174456
11d8b3a3f94e4f79b0d70c999c5451e3,335,0,0.058835008358370855
5ade38129e3f4c01a2425def00ccf77a,536,0,0.05636219729672348
5df090eb1315427d82a79ea6908d515b,678,0,0.10773309489986371
7cda90a7a3e64f9a9c7df1888c9ce0e7,710,0,0.047384112417712954
90e8524b6be040d0bf3065e3567e63cb,341,0,0.0502397154034831
9f609c34e99641e28022b359068de58e,157,0,0.15464089255357405
777b4d47e63744318429df3cb96b5460,273,0,0.1520191038879533
6cc2473239c74e418a2b399f140943b0,139,0,0.04945142895377147
ebb88db76e744737a9832637afbe15db,109,0,0.12161040642769866
a8649ae00c2442839b87814b7afab7fa,357,0,0.15761150424476267
1eebbdf493df4ae2b2824d9e0d44158f,755,0,0.0012666300231636285
dd15e1e1804f4bddaca96471d557b3c5,365,0,0.0545575521070758
6ae33627ae244a54a4da20614e68a708,672,0,0.14734487052315465
86d3c50b1e86499c8c8e90f37a04fbf9,162,0,0.1347585371970917
560f52ab0c1444c892eb9ba8cbc2da5d,404,0,0.14998348570748943
91bf3f8a0c3c4840b3e22eb910c98b38,351,0,0.08511431937595665
cadb2dbe79794620966ef47ccce5f155,467,0,0.09927447484564739
4167e0d3d9534974adb3021268d22486,799,0,0.15003546512399024
e772858abf684126b71979e0441db325,282,0,0.11248750650985373
53fcb5e44b4641428fb8e50ba7189c80,278,0,0.0936026616430784
8533304ce5584275bf1b0fe94c258ed8,37,0,0.15039297345942593
aeeb08bc329c4c6da12065040ea00f9b,627,0,0.1369319604941951
9b5880fec88f41ae8310b35b160b4dc5,227,0,0.14697824406106574
412d06a6c36645419b0c584ea0d79ff9,104,0,0.0872357821660597
1180b5ce5d7b4122a36c8183ec45f33c,144,0,0.09952911004228804
6f318c2f91e04d22af0984bc62ad5310,55,0,0.1485994883248043
9527a3abaa914b5e8f99f8423c5ad85a,215,0,0.15352045509362006
3ed51f08776744f68027f3f2a9d055df,48,0,0.09351950149194915
c00be5452a344294801b1e7ea53cb846,73,1,-0.11165103370498775
8284b21d67c7492c8a28ee09f2138472,495,0,0.14572061048830265
789e4203c73c4252950af4c8f5f23f83,512,0,0.14390156760279638
4c7002624f004409af7d8e30b99ef9ee,663,0,0.03470813897509606
7a180bffc5d54166b04466ec80497540,336,0,0.14881063646117848
bd0ff40c03ac4f9aabfb99371dfd1de2,321,0,0.15471262134790337
088ca6352f104bd7976aa511e9c1e134,565,0,0.07698793181666586
57750d11173f4adcb258f10a6ba8d0e9,499,0,0.1329702765554256
fedca9733c4d417ab957a748273fb0e1,159,0,0.13086558300652845
f3d2271a293743f6a78bb52ed37ca5e9,643,0,0.147124595905735
beceb1ed5d9c42ef9ea26cd2e9f6ac14,218,0,0.15354673045645106
2d2ddaa7ee9646e08adf45baa1e58ebb,454,0,0.1571255512356321
75d754fb8afd4792b2733b8c7b125812,410,0,0.15751626357074056
6d60732bf0a347c38ab35e71e47ff790,260,1,-0.02593568054534623
706e87b95a014880a45bb789a12f35d0,710,0,0.11630151614189083
f20e79ddb3304f068d919e0837f49840,730,0,0.1297594747087093
cb5b2b26a972433f85f73e29ce622856,729,0,0.12907850493514755
f7c94aa7d35340fea348acba74083058,125,0,0.06716593248184383
a43d910cb80e4cb29fda20a4e5d16f12,19,0,0.1359022421675854
82f2afeded8d4adcae63c037c2aac52e,40,0,0.13788878900599366
41dea0bca628482ab022eb7d9dfda78a,586,0,0.15907623214357947
2d42d9b46be74e3aa2312d9d20fe69c0,556,0,0.15360885290148285
8508abfaec1a4b4ab8dd9a2d6a7afa7c,599,0,0.06685884706957512
b16e13a3d9874c27bcec1ceda9a739c3,438,0,0.15544504984409385
30f13d29d72f48d79c8370a19cb1c8cf,364,0,0.08101030102199919
b6d7e0d4b3a14f189e1c6ae32916c472,465,0,0.14343233906443836
5b1fb8a8556a47608b24dc6b8fc08083,218,0,0.12944193500076767
d0f664f57624437ca46396536e8d5214,198,0,0.09801933946226787
2193906e8d5d41ff9bbeba48f0117a87,629,0,0.13648680547620895
ca6a922cbf5d455087cf6dc128ec1d29,452,0,0.10870557825004518
2430341dfc58458eae85f71440a970ac,532,0,0.15774330205024795
bbca2846d1cb454dac2d683d24541341,372,0,0.016246211459874593
f2130bf031364fc1be707bf676830f6f,157,0,0.10035326410885176
9ee25fb2aa8842ef96ae52763af84d5c,270,0,0.13092065888791693
c5d20dbcd63742e2a4bc8dff15ac3aec,781,0,0.10019683332502538
9f40ab1645194003bf9b360be1855a33,673,0,0.11861709928437841
dd6a65162fd54c7f9b872fdd9d8122e8,110,0,0.0638916664143287
81e761a1c130403bac7f8126395ac964,270,0,0.12302776639150703
6dc2ec94849249709b59ea0c7d00f348,716,0,0.15486404398443698
1a41aac0c8b64eaf9b97aa9172ba010b,293,0,0.15842005845381146
1a122c86b7824acda136dcf6247fc4c4,791,0,0.14629422823358834
3e101d1b60ad43d992f1f64beea022b7,712,0,0.14710814989122223
9941a73c3fc046b290b3ad39329c618c,523,0,0.04921128077429504
1100bdb707d74ef4b538b8d910cbaf77,663,0,0.11397163841080415
22e36c53abbe45bca54ae68839f68032,739,0,0.13373208013459337
6706de350eac4c9f83462b49f0853f4f,391,0,0.12786411442035628
938755ae127c4838a8a76b9c2c171e94,61,0,0.15579945662074945
0e921e156d80442b9037504b0d4b8202,554,0,0.11771066685638965
b18f538498654b1e9d1b376192f4d891,494,0,0.07214464670104348
05a05bfcccfd474abd9d5ccaac23ded3,2,1,-0.015922906104378298
c899af6c93bb45949f4bd6b21693dfd2,189,0,0.15057616535259438
80a3bc797e4345e1b7080d4ce5d57c1a,536,0,0.08419249518006611
311cde308fbd4e01b17b846bd37c11f6,330,0,0.157577250058537
ef31c6832e5c4485a868a0829ace8dcb,578,0,0.153334430791284
b88078e3245541bbb840b182a94b28e5,587,0,0.13090197639185247
09effc15f452442f816612ae6c9c568d,400,0,0.1554172633729327
c20271cf155447ab975639f659b87b45,120,0,0.11407702046016555
97d1277d88e14535b847efca538230be,652,0,0.13994332494052764
58c58b0a263d4210961f3c338b43a392,433,0,0.14408933374631977
511a6bd6c90e404cbe10027488ee1150,375,0,0.11070086259782896
85bf4066424341499828495af468b2ca,418,0,0.13071907448581183
c08357146621499da24bc63526b7dd89,86,0,0.025286530946132757
3c1c9adb22fe45ba8b2f112c34abe409,790,0,0.14495066251483052
4e6d8a246eb8489f9bb38e8d3e3ee771,166,0,0.12081005994472677
f1bd547214bd4913977775c19f9525bc,783,0,0.08601621224421108
7233a7a7f011426e858a9048989a6633,376,0,0.15169102558359732
4a378606e36a4204b7d2d235e4acf415,592,0,0.14706263365862648
a44b380a11d540b09d32f1498e592817,497,0,0.11986146684345461
cccb1730f3db41fc97af650ef193b8f1,259,0,0.1586154751329777
160f91b91e524ab5b52fbb4830dfe2fd,95,0,0.05704329829804616
3080e286c3eb4f2eb87e86e8a71e5ae0,458,0,0.1298917157996991
f5f899aedff040978d6932b48fd7daf4,782,0,0.09497177328558198
303e51155edd4e46a6bdc2b83687cd83,62,0,0.14911641627924654
afc53d6987c74cffaea194964e66ea8f,671,0,0.11250904950959245
515719b611c14dc4ad6f6fe721cc4852,780,0,0.12481808677616035
54710e5b9f6d4ab6b59a6e2a8d358950,181,0,0.14290220637283257
1f13e477313444318cac69975d0dc2c8,798,0,0.11384262783826365
ea95cf60f6cd459eac3a8948ff1dc44f,119,0,0.14053796930899987
5e21d6eb21b04aecbd328a950e3b72b3,608,0,0.10265386692467621
16a76c17ca2b47c0b31f3ebe6358f8c5,593,0,0.07760429570939126
eb9a0e15c49841ecae52f9f0741a4325,110,0,0.056222719778292185
a42998789d27431db0bf9d201031b214,460,0,0.009193986266495646
00d78005cc5340b0942b79b9ec03f44b,153,0,0.15223490170679438
9cd8c2744ebf45e7909591c4efbe608a,699,0,0.02662373864184081
48252eba9786449f877da2b2ed5d3b39,776,0,0.0313127707260103
8fbb9dbfd1254c568451d4ed9f88991c,541,0,0.15083804065757928
efcbb58475af4072a43691cad488f48f,665,0,0.029387630103515083
cef73b8dae5343edb5c5d3d3b465afe9,419,0,0.1232985862794479
346e3f12fa8140b29646b2c81f20ab9a,451,0,0.15119612745186894
57a4e227fd254bfabc31d3c793b4024a,385,0,0.1533350959956603
898ea0b0be31497bb287406928d018de,777,0,0.15856288954512365
ac26538727c241fbab1247eb5b8a79fa,56,0,0.1474178847978208
c52b1ce600ea4e899978e9e3466dc2b3,133,0,0.15352113283546592
3feef49e2d9c4c95b7da174041adeb1c,206,0,0.1538972830873876
6d3a75c50b0c437cb0bdcc9847a35783,725,0,0.16184359924720332
354a93791535466e8f0c7acd38cf6fc8,264,0,0.03355960865321961
2ca723dac0b64b0a8c91962e18f1363a,493,0,0.15013858029694593
7900f4aabad448bc85874d0b0469e7a5,348,0,0.1209585666388941
c8b530ab74ff49a9b28401f691acab6d,771,0,0.15514925790950151
dba72986e54b468fbda332bff2d868a3,170,0,0.14437772952443212
de14b1f9fef642dc92bf1e68956a9e4c,135,0,0.10009250537370257
278fc1f431b6430e8822a037342ec8a6,434,0,0.08208239144513696
072272f224c342b5b8ecfea8ade916af,133,0,0.031892257321839756
92e64cfaf11b41c483af02842ae891bc,95,0,0.0651597528913006
81168bedb1fe4527ba9ad2f64e05bc32,424,0,0.1462561673979842
5528a225d7ce4a96873ba962c50fc048,531,0,0.1488354615350781
0ece327372a6487383b1c430c1646c99,317,0,0.15104241552001563
5e02f14ac0454da0855fc6571239914e,482,0,0.1388299676468936
28a0d48705054e0799e76de1849deccd,21,0,0.08928497405616004
6b69f30e45b24dc68bd5f14da091d81b,278,0,0.15445642880012567
f74dfef7c6d84b76910f4844f19c4c95,798,0,0.06334415382608832
72633a5a15c64d5d9333367dbd7ac92f,458,0,0.08449081627366445
c409d959e1a149e7a587d493bcfda701,738,0,0.01454938290503549
341fbf15597f4f559386b20dc67c1180,555,0,0.027279968066719118
7b0ec07d75a2474580429d7b1bb3679f,505,0,0.06582200023407325
36350a2beac34687bcb6e77c4322b04e,724,0,0.11702804321059035
f5d8ea41e7d4453f889ca0b9094dd5b6,265,0,0.15653381145405088
4a760382b6a34693b31012738e00f6f6,77,0,0.12073824600490463
2b140f04bae24706baf6fb4c53852de8,720,0,0.09343869214025119
121ad1a898214045af70311a9e525033,739,0,0.06639436235443336
789c92acbcbb47368c3ee3e485c49abb,494,1,-0.032857938904263806
11bf3bd7588b49a5b274f3f3dde5c10b,585,0,0.15340206824017993
2b7e1574b12e49ea8ce0369e57cf0759,562,0,0.1474650243247001
eeab37c31a354b07b77b9a9a90338880,721,0,0.05066248099748327
a6652515c59449c5a4874dab7fee054f,275,0,0.15140083876114352
12d4baa2fde04cd8badfee6ae17e43a9,517,0,0.08504469125885306
aa57e2ee914b4b74a86625196d6b5a0f,216,0,0.13717967831268463
e91fb33e1c8e436aa637b78643b00187,168,0,0.1484000708953126
0077cd463da3456c8af73fff1a8f4bc0,712,0,0.13883155583831575
7a3a8736e3d54b4a8a9ef88906752473,574,0,0.08971628500563006
fcc674c3ba0b4e95a535a8f7c3ea88f5,133,0,0.03646612358698281
9cb9d610ed214ccd894b35954272299e,243,0,0.05289412948153932
945d5c1b6ace438f83e307fb85a0c1ab,725,0,0.025458955444440157
9ec23efd25eb4bf9a365afec8b2a000b,650,1,-0.14474222465432074
3a53296a31da413487929ba1fd4e6072,507,0,0.15667041291366063
ed30099d69984c138824e420349bd9db,48,0,0.15031799207610191
c28d79a1b7c946a4836042067e203057,662,0,0.14170983559560457
cbc172eb12a142e7aaf97704c4a94f48,595,0,0.1439004992456806
771942afa88c4a77bd284b6fd5f19aac,51,0,0.06625908928089996
4692998ba0e042d890f3aa229b5d5bf4,362,0,0.15119761393393977
72e8d2136e584d239bfbc7decc20c2e0,171,0,0.13157014460384225
c3d5d3d8f2694491906ab682721e5aee,608,0,0.08861079879736
91bce872fc054e08a389a00599f51370,54,0,0.11910886662403292
55e2bee3909d4c4daed5cdf004876f80,644,0,0.059657968197541655
ff4b3bb6ac58412d8c312273c8a79cb3,111,0,0.12460768103004294
d83715a5dc9d409c941bb5eb8eeb25bc,186,0,0.15124247764684617
ae1850bb69d0467f9a66f9c7a2e20c98,336,0,0.1233472252161884
55520258adf74e57bbba2aa35e83d378,534,0,0.06465791905518659
006e6e85174d45cfa46f93c17c5c8c89,754,0,0.15544874506226475
bede11825f89494aac41e8d5af4db391,551,0,0.16002700071913445
b0f6c22a50514b4780f32addea21805e,425,1,-0.004847170317659466
007d42c878c94f45957165526dc44788,308,0,0.14798857381133418
32244458797c4fd0ac17b19eb89a01d4,736,0,0.15843718704632814
933777598440434c9a23f1e8527934a7,38,0,0.15323831167584256
23cbe090cdf94b0cb083b345da883466,500,0,0.02247003543447562
cd9c15a73a774bb7b428bbc33d7bb425,53,0,0.14301921366546194
f70ea7271bef429b980de595ba499171,127,0,0.15863806018244664
d3b5b5b8fed248c68d6ccd78e5b260a8,722,0,0.1479251550481911
620b759a820b4caebe273de1e2597a0f,372,0,0.12089301489542686
f6a6615d9fac4b78a3fe1eb68e3d2d3c,601,0,0.14383425764616126
a6dd1b38cbe440d6a3d032a3145186d1,687,0,0.15815826671223182
c9948977ed1c43188bae2a0d59e9d808,342,0,0.14865768282969505
a3fdf6d963944b4dbd94b3594870984c,226,0,0.15197513089215953
959ee5df45c649c39364151e929bfff7,433,0,0.13317145298129485
89f756b0e1a64469906fb0d88c8b430e,259,0,0.15725890679340754
ae49ac73871f40f09d1734155631b9d0,731,0,0.14888918011976798
0b3c6a0f3b404788ae6cdcb03b7a7280,135,0,3.015883112578166e-06
68ada18a705e4570a7f359198df6fadb,365,0,0.13558694223572376
bed5f31e6841494da2946297b69576cf,273,0,0.12320611388465497
81dd43dc2c2049e491676cb180e005f2,155,0,0.1428643887228821
24011c6c1f114c34883310a1e6538466,255,0,0.1204709862697968
5e550e4d5a5e41eeb56f1ec3527704e8,21,0,0.10874880604885168
f290848f7c0c40d6ab04867eb61ed7a5,508,0,0.15736063177959703
9f81ad8f46b54e719d3999c48a8ff147,527,0,0.13105442857851607
391f1fedc5164a17acc3f20cc7d23230,251,0,0.13050800100665305
6579877843f74db2be063dfb4266c5ef,137,0,0.15248138060333538
66dc85d2c62a4a8c8020ad6d69347696,373,0,0.15671235104342152
5ec96c9f015c4fa09b127b22082c3f22,432,0,0.1544199601443565
361d610c48984ee3b342b73b08ff7a8e,111,0,0.08696295253728198
e316e88344274a02b3fb49e74a6254f2,750,0,0.060145542855087
05e94abdacc24874a1c6fe340e34e1fe,497,0,0.15700086937547614
4ffd1298cf2944aaa626db6130322e50,608,0,0.0863500459941332
072cee5cdbf54aee98d163869bc87a81,400,0,0.09992437641088975
7b0e5ae062b64c92941c27c17d429eaa,116,0,0.011364985901468061
d00790ee79464dcfbec8f78d60fc40bc,701,0,0.11259276003505914
d34951508cf7406aadce50fbb3765948,358,0,0.14821376396725888
9831e61def674bf5ba03d99c4ff91225,776,0,0.1621713996848766
37d7bdfbe884482faddd0a42ffe67353,536,0,0.13380959504679307
494e42f90f2d43a48cbdbd2764c4efec,499,0,0.14478940331582246
b8d3d65ec3d74ca3bd9f572462cf348c,689,0,0.14940904437135105
a393f9ecf9854e4cb893b3f900758a32,197,0,0.15843236625077695
d8021ba05200452fb1db13404a87a2f9,454,0,0.1419354341557274
8084bfd1d7c0424f96a981d2f2e0ffe0,583,0,0.10223898694724692
c7274bc27417415686ab4f1c67c55f5d,622,0,0.0902138631041648
1f9e83851692454ca1871d22ee8ad7c0,396,0,0.1489445936333052
32ce0fc953714442a246df2cc3706733,388,0,0.10515564476989386
c760f55e3ae0454f856ce615ce4cd5e4,574,1,-0.010484567031855963
c06796881a35451f931db040459a56a0,411,0,0.12647225352982977
bf2709d78e6c46c6a0daf67240e0b460,91,0,0.1312506252247903
dfffc894ddd242b8b904f64d0c547c4c,737,0,0.15271400998847096
dcfaba3f4bc847d3a2480da1f367829b,488,1,-0.0160372829017702
ddad4d392ee8463ab4132c5806bbde37,387,0,0.11522400558528756
ce8c67669b6a4954a3b688e320bb6143,689,0,0.1031161323566624
2c320f46062942048d80a0117f80fb50,141,0,0.10402903596397955
6b808b7fdb0748ffb24abc379349a771,59,0,0.15382665135074158
bd8f9f63abb846f79851a9c9b694b2a8,519,0,0.12715599696818136
c550988dd9e3442b913fbf42c2a6e207,600,0,0.1550386551819528
e6115a1976ee42f78f715716e59a891b,646,0,0.14129185653195941
b6685457b86f477680fa0e3912b2d94e,99,0,0.15346585573311416
235324dda0914c3ea2809f0ef5eaf280,538,0,0.0763009050878431
70b7169b2ca6468db36153097f233264,231,0,0.1529627881269141
23292870c3b94ac2816f9d570cb04aa2,108,0,0.13568341800537553
255dabb2bb38432e8caffb2def9d1d86,422,0,0.15936471487295362
95d65eb8e70446158a0d10cd17856401,524,0,0.1066579723553317
8f81bfdab9f54631af35b2a62c4b16a2,386,0,0.1513177879653238
e7b32566698e4f3f881b223ee66e60ad,335,0,0.1303442160220903
c531d092ad564812b41745a73b73acbb,255,0,0.016759943230238994
4e02a4fbcdf64071aa753eefc2d82643,104,0,0.158464985202528
c9bf7ce64a0a4146a9549c33c0d75a64,577,0,0.14685288896986787
0d7459ccbe6e423f93464f6f64559d45,644,0,0.006224180960624659
9d54d0b68cdb409e9130800e7246a9a8,44,0,0.052392491868687274
0b6ca3a24a624f529ace528d67753b65,130,0,0.14091009883410305
9e1d6bd6a8a245ab9454803cf6cac57f,650,1,-0.0852332367641021
92db724053d04290b5b3efa52c4f1e6b,84,0,0.15481638360698224
2317fe9bdf9f42c39199c4c57a27a5d3,564,0,0.055036459631532586
32407bf05cb24211a8801a7d2ca3d79e,163,0,0.1532241269358593
64102af5c90d4344a549c324f1e5ad1a,257,0,0.04077762990678235
489bde57bc1d4cfc984a2ba25bba061e,472,0,0.14997153909327765
3352fd73cf314d63a1d12f35d20a423d,231,0,0.11446261316471062
eb8f4ecb9b8747e283d22e9ab711ef5d,156,0,0.09733689114659183
d4442c088c544fcd975b58c94dca044c,124,0,0.016926951922952627
6824748714e44b0fa5d49dd41df3781f,104,0,0.0002064975534856739
f672ef7ed6724972b883f1812a4abac5,613,0,0.1424565845813981
d0d6e62b7f68456ba24bab70fa85309a,565,0,0.14127700350596845
2f727091940d4612b9aa49d003288472,46,0,0.1301313598275683
904c35b8593647c1bb5d288cc32937e9,773,0,0.13443435534136355
03612b882c824ee6ab4e09936f07b56a,575,0,0.15375244624245693
0e0d12faf5c14ac6b1c4fef22cfb4a9c,350,0,0.15126738574998128
47842dd349644025aaf54cbd6c835258,322,0,0.14259843702023173
c0d5c8494fc3468cab9a105f23e11aa9,2,0,0.09366227547617312
a3892b9945334fa39b976eeb9416fba6,424,0,0.14406288745273205
539593cfe4e94e0dbf4bf7add03502bd,395,0,0.10902145519853174
750fa2bdaa9247d2b85fa4b10d789a06,362,0,0.048533597318695276
89e9aa2a65f645248dc7b5589c432b65,782,0,0.15294768300139627
4380991862a5485383ffaa92574e3c77,275,0,0.02839102684753353
89dd12a139f540b68e22c5785824fc19,460,0,0.03891344465709279
69e7a877c41f42439548647201a29e70,623,0,0.1391352534215145
93fcbf23d30c437883241cc5264df63b,91,0,0.05831752910425597
c93452009b0d4814a464134f9c6f052e,394,0,0.13778375738194093
baea32b5dbb541e58388b005aa01eb52,461,0,0.09421744708611296
051befcd7fde41e6a752d12961665148,356,0,0.08287242421683044
d0751883c7a5433285cbf330195e7269,37,0,0.13445493759088867
2d6701f2556e4d248a37e01beb02e852,295,0,0.10001652503096942
d72c3850584f4df5b067b1b2bf3176c9,475,0,0.162551459933841
28c4dd0ad06a4d5883f5acc2974b3e20,651,0,0.15669119975745383
993b56792bd24357a567038529ee96b9,71,0,0.1256137660360917
c7001757d0c940b9a58b7c29314452d9,73,1,-0.09724215893345489
6130989f6f1e44918130c2abefdaf69c,587,0,0.15339938031511324
37380961a5e34a268022957de5fe7052,37,0,0.1311795390190783
2bc73c6a1c614156a6008ae3cc7f77f9,75,0,0.12321523816151841
86540334230b4e79b5a218180584dfdf,53,0,0.15814897042077164
02a326b5fd544211be59b5d608d39e41,95,0,0.15123243651351936
e9ba34489f6443b59c19fd1ebdd55774,606,0,0.1605622070967953
ce927019166843ab88e1ed8c30aa032c,681,0,0.12411670817052645
687b716f432949a88498f8d8639a19a0,718,0,0.11698583618364872
7e73cb620a314c1eb7ea4aac3faaab0d,216,0,0.15753314683169373
4cf62350d2cb4e18a455d4595fee530e,393,0,0.11656052323925348
c5ec2a198f60463291226fed3bc7ad16,114,0,0.14435469159650438
70aa65ed2bb643df8e8c08146d4c1291,106,0,0.05699453969531182
b0f3805d76354949803c8dcd3b904df7,518,0,0.04983777274192991
b9112e241e23473d9c15d659f31b408e,636,0,0.12259735198938304
087d7b731a47428b873cddd148861e7d,623,0,0.10548806907826924
b2a0147e3bb440788efa53b2a67f75ce,372,0,0.13662274126584906
b6a22b0200fa4725b39818234cde092b,327,0,0.08309914570668492
288b640becd5455fb37ade49993620ef,397,0,0.15207304713468217
3b0bc7d49e36495a9cbe7bb631072a4c,601,0,0.13769649016155466
4f87f12a611f4eb9a806216cbf4a6ce2,269,0,0.13055068863644442
6ba57062a6fa4028a5196b36b40ed136,547,0,0.039504886874466016
fafdd6cb42024fccb9a86c059749d995,643,0,0.03269004590826169
ea603d4c19f04c14996896a1de765e09,256,0,0.06842976891145042
e1aa63b1d8a9463199ba36807581494d,553,0,0.13721057108524232
15a73875919a49cb80ee6f9e00f0dd5d,154,0,0.020468065998378304
7b9b2e6010054322b55414927ac89ff5,7,0,0.14388555693908928
b82d71d35a024828892533ec126843a6,789,1,-0.02530329171189849
4706d411229c4d49810ccc7dd3765e3d,599,0,0.14490513481147188
8c9ab07e62f94534b42ba00361886142,641,0,0.09242838330432307
9b6c1d246d5242bbb4ce367dfb81907c,236,0,0.12328357156670022
d8cda7a4c71f41d9a9ca1e776b3d6bc0,543,0,0.09857335410169032
90469b004cb349a8a87682133f4e4e41,52,0,0.1361678090188787
f15bc91b97ed426599195e1c585cdd28,725,0,0.1589172371232187
174535fdd08c4037a237be727c7d02f7,223,0,0.14134333415790046
b2628ab62c9d4ea48901e11f1e8f4d6a,505,0,0.136243786566272
d3f6f2497b354e63bf5b5d5d0bb8d81f,422,0,0.06886871991023191
f080e8eb4502408bb66930fc4d179ae7,139,0,0.1606412837663323
4a647754eecf401ebecb4c9c458b5d01,83,0,0.1055668770405449
c8de03d319f242699e5f81d66d450b57,393,0,0.07397598590653176
36e868f8c7a34adaa4d5b93f1a862eb2,194,0,0.15147375407302494
6b399d433b1b435e8689f3ba70d60c97,624,0,0.1046050724656078
9cc8889c97d64bcb9bb03dd21550ab6f,280,0,0.08101563122955674
4600eaab2c634e7883a096aeaa49f64c,730,0,0.1426401893202845
7de95529785d47f58e178ceb48eae150,351,0,0.047269186972706434
2836cf561e4445b19f0a022b1c63a46c,411,0,0.015113809661739974
a55ee741053b49e790f2f4bf31cd7d80,472,0,0.037216046254362645
00d152cddeb640d98ab8f5a1d4b46975,308,0,0.14246612584649915
b81dc71a61b44ef4892ce213c8fb9c5d,764,0,0.13438673977512283
1180b952fbad4aed981d5fc2908d6f20,316,0,0.1283642404352729
c6cb4cc87898477d9cd0975bfcc8b4e4,263,0,0.13942112184313665
5ca3bb92a3644ab19e6e46d16e286831,170,1,-0.011997647758391183
39f636eac4a844849895b92b343db26e,364,0,0.030685602489432418
8d362eaecdc84cbcad188220c1d70814,399,0,0.030194148844415403
7368d2e6fea44e7a80ab7e1d0f2f3353,741,0,0.11691652142111808
6b9f907f53e544b6b5668c7888c5279d,194,0,0.12137897962691868
37ad03fc6f514fd0ace06952f806b596,466,0,0.14300355418136906
85bcea8db4bf45a7a716d46a640afc6b,500,0,0.08070479151512183
573182ce401f448b8e658736f390618d,658,0,0.09493988356320199
529e7edbceba4eb7a6b23148d19f5172,400,0,0.1438729496417116
ec7c785316b74e52a4e6d1b4abf25f38,435,0,0.12588847079034043
7576ad2434454e448a03658900c3f048,568,0,0.15670552192885484
230155b3711745f7aa392a2023ad1467,14,0,0.12584084881907576
f1a0cf70ea8042ba9cf1b3d8ee7f5023,32,0,0.15214696839654096
04e17223fe1749e191b27409f773f1e2,170,0,0.14352437592631395
6a3e6eb8030d46978cdb9a307fe4eaef,483,0,0.1168320253962562
bd866e21670041918128b52269ab84b0,451,0,0.03723462201011757
4861cf319b414fe7af034dbd0fd9841f,259,0,0.15251303262284183
30328ac147b44764b9476f6cbb52d38f,405,0,0.15317467058615547
262f77ff19394f42b6db4ab30b1e8278,335,0,0.05665088187710121
56fac5c5b19142218c0781c50511a051,18,0,0.13230243654808765
a70a6a8ce54f415d82c42b5b0bda6cc8,177,0,0.11204399353984562
cd98f645634b42b694ed84a727e9eeaf,157,0,0.14854606433500833
2b6bc707a4fd4a8cbaaee1b987452d68,194,0,0.11442093280301563
60f3448fee13459083e356852475d713,202,0,0.08326880315182728
879084d113b64ecabbdc261a146cfba0,117,0,0.15399164363365314
e6abdf0fd71642228079abd062e57495,620,0,0.14951278659514422
0474ef86774a49a4ac92e81382bb8540,126,0,0.08817223997335671
fd408bec55ee46e9bbee19b15daf7b4a,744,0,0.1473166094738495
acfa4dd04bd84f1a81f0498974c4a62f,101,0,0.14999833877401686
d449530982814941b2c716585d1304ef,702,0,0.15232970275979707
0908b4f35f8747fe8d9737f0590f5380,422,0,0.12064590087435706
beea6b755cf54ead9d6dc6dbcb0813b4,132,0,0.16007502664074574
d64a27912fdb4aadaf9a8b70d667e718,18,0,0.1280363958516787
7bea1be6f767478fac6b7dee4b444036,101,0,0.0076712718548068715
01b86d0c6882448089f6d77928625451,565,0,0.1278437790579548
ac0d5106a5aa428bbbd02ccfdf1a66b9,466,0,0.12334076575065406
92eb73f6648443b4b694cabff49b0d28,277,0,0.13417479477086097
0e66e7dc001f4fcbb8ac26e122ab6fca,414,0,0.15559375230934264
990b9264452d4234a4bc03012532fc00,337,0,0.1460570687597164
a41da665a4a64ef98a005779e56d7358,185,0,0.15015890739064425
9d29d206b1e54cf0a7c553cec19fcff2,455,0,0.14099274492180736
e6142151afac4d3bb5aa5b616c5fe8d3,20,0,0.10243642413865095
de1427d82da543078cf4c8dc7143c4ec,519,0,0.15390823978179863
8eb35f39b59849898b5d400c849140f6,69,0,0.14353482789697686
8f41da3141ee4b379f98ac70c017b34c,623,0,0.06542027753078644
4e29c188e6e143629e2ba5ead54f8ad5,336,0,0.01554390602530814
44b4f57a2f4c4946bf7002607c43951a,185,0,0.0009801567533596622
767e9baf945a43f19106a50fd58153b2,613,0,0.14820247363502526
5e9ab527992446e3812280b102fcae5b,459,0,0.11344594189374835
53cde6441d4e42ee80f7d01edde2a680,776,0,0.11921576397097244
0f194cf77f76466ead98160b094473a1,256,0,0.06539290305112494
44878ac59d794cb19ccd77ae7ed26d2d,0,0,0.13230572188561696
1ace7488f39d4d308f00400980f94061,475,0,0.059961887630326505
bde23a034ee546e6b89cd609a665811e,356,0,0.07893849768220401
839126a642ed42088927a786519caeab,388,0,0.09629002537850467
8c76df06e761411394af86960a04728c,526,0,0.09366897761271642
e7e37ab5118d4a4182ea987978e2e018,133,0,0.14990543515712718
e0f557518a274a10b3adb5152b68dd3e,632,0,0.09521949216075071
b9f83243831a41f4b4607f505bc0c033,507,0,0.14542459794559925
30ad986e730048e1b87f685f764325a8,748,0,0.07933538910857074
ebd38f13d14747019a13369610389f4b,591,0,0.14908289874243008
2233e00f8eef4c55a6345d81468a0d98,648,0,0.03412050641089742
cc5062577a4a4fc08e619d5d9ac6adce,374,0,0.07185669584650295
eff7a2c27ec84b99b502427ee8dda4f8,589,0,0.14450335211682458
4dbfaedae7a84590a07aed231f34f76c,582,0,0.1567803029452915
0406beba891f4a4cb23f989b83db4c3c,291,0,0.1428216834379346
bce2893e754747d7b5cca4421bc1bf1d,745,0,0.15197152958474014
8a6b7d23ec10495fa534fd83f3ec63c3,700,0,0.14868820453966997
24beaedf1ee04b239ff0645ad21b6aa2,317,0,0.16344518692087895
5a0433f149134a2fada4f12e98e55b15,351,0,0.0766189747848332
ed2e0c5370be450e82bc3d4681dfbab2,363,0,0.15604903278104687
dab2673fb31b46d7a6f7b427c6e322c1,751,0,0.15778798078521927
3898cd078e12492fbc454e908735473e,527,0,0.1330940971228769
aaa12812864842aab3484c2ae85d7e5b,586,0,0.16213916969517722
c0617d31a3a24ea8b67b2a1a74396526,461,0,0.1462179228154214
f4abaa0ed0d349889814845cef16d53f,426,0,0.15014320807648768
70234a33f4ca4807b90d1fbb12fb7a43,223,1,-0.02518045136831948
7f41c7b723b8454fa13429cc6cc7b42c,397,0,0.14644595921714854
9738bc8b4999460c859b7ce19276b2c0,641,0,0.021954520728845905
d112c65c1a0c4932aa795ee87423c5c8,597,0,0.0012884461570991657
44459a7321974f02a329e58c39779bf6,595,0,0.13282608874628377
42b6ef05bf9c4f99bf83e021dbacc35a,341,0,0.10208073977536197
d7b511436b8442fcb05d6aaf707c315d,783,0,0.14277117312306298
6b6ea3a8abe645bba6d9e8cb52340569,402,0,0.1596473495191335
258ef1febbc34afaa884019f51841510,687,0,0.1578585569654251
2c3f65b44ae34fdfa38b821e65e8625f,268,0,0.15170863974327847
98f2ceba1d1f46aea63cd9d34ff255d1,274,0,0.15007304626886642
56ae7d98111144b5bf26415266ead32f,627,0,0.06653855380740664
bdcd66d979914c0f9b2440d79271f23c,376,0,0.12173911470265053
d444ee4a6f894eea9f5ae6c1541b8084,199,0,0.06524492708807939
7f6ea65b5dee43cca68be3695314e483,280,0,0.13945285658732148
01d9023ac1824539a81f79868ad4cf1f,564,0,0.0844053746806065
3cf6f9714c6847c8bbe61b22c2dfc732,489,0,0.0739946784803211
52820325a28e479b9b75d52c3501d152,153,0,0.15697920890099287
db70fbc14d9249bdb27bebcc8430f99f,378,0,0.0704171416910489
2afa4e3cda27437fbe0fddedbb1da1ba,417,0,0.16146545427704162
1d3af6dc7ee246beb77c427f9e54ed44,510,0,0.160105399004132
a15560b4f2954d95b92c7973fc32e0af,319,0,0.028693626294452712
dc60d98473404bb7a521e6bb1186bb26,196,0,0.1148132866406007
e13dc84f695e4c568034f016a2fe814c,434,0,0.11258805836052105
37b43e1626a04594b7905f6aef1dbe76,702,0,0.08824968947240569
e30f95cb58b140b186121ce1f7a67cae,345,0,0.020338539329260608
c6e65714967f416986a6fc6acf0ac252,110,0,0.15363720104206313
0a0dbcaaceb6466383d48a3d3faaab0c,213,0,0.15303391561052393
c60e4bcc20594c19a48d8e116b525dc8,487,0,0.15864263044623644
c3a0d39f36a84fe585697cbe4f34f44d,564,0,0.11093507687614984
230ca1de68564512968dae6569ac4c99,752,0,0.14137577634157233
7377f2884fb945b4bf032b3c9192f5a9,386,0,0.15240597951673562
379167ef9c934de1861bddbfc3548dd2,345,1,-0.028007921800782376
84c70fda0113442a9f6b032177a9d16c,56,0,0.13727459058732727
811892c9fac44c61a04ae72edf4f6716,238,1,-0.0055215981409902914
74760d6f0e8243109c98a91316c5c450,292,0,0.14943884343246355
46144e52ad2445308c99db21ebb1a86a,455,0,0.07075415448342331
96ff07a8ff4d4c05a3aa47eab9fb9f46,409,0,0.12921787356530118
aaf008e7213f4ef9aadee649f81e51fb,710,0,0.14279882794820908
740e53e646d4493a80491d257b3e62cf,171,0,0.09871362080824059
7cdb0d3e13704662882b41a5a2be0812,720,0,0.1471169442740513
dcec08c1766c4b4387ffa6e92342c438,277,0,0.07150798650281887
98df4e8b72c8473289b42547255992b1,709,0,0.1330394255987059
7412640be0844d0ebeefb7cc6b7b9f4c,181,0,0.025841647824917602
abd801192c7b4f18a2a5166fe874b2cc,479,0,0.11783835055528219
f0cd2395148047099c3357d61361bd83,145,0,0.12971175337999108
af765cca362243c4b1e8fd953444201c,156,0,0.1046369341742433
b47012e71b5f4b7f8bcc522fafdf6cf0,613,0,0.04171524586661429
0f7664ca548b445b95d435b4e8b2172d,230,0,0.12522864385468419
f6032165ffc0483595a535e1ea86575d,42,0,0.12596246108475273
79891457851b4d038344d80027ffda54,669,0,0.007173995607814843
0bfd74cd148247cc837810500f261419,242,0,0.105140629159652
1b27842f4cba4ea28e0aaeebe5020042,779,0,0.11641272931079216
3d734eb64c424347994de05e82ece61d,462,0,0.12698221422447425
f4ccf12cd8344d5080efcdb31002b7bf,787,0,0.11318815691140233
99d729cf74794dc48ffb67435d65af73,64,0,0.12023601959602254
bd5b5ccff54b433d93ac23376d9a483a,496,0,0.09316912624377965
9f466d1666494d358954103af521f81f,312,0,0.12034126419432545
fb31a1d661274aa296d375920d89b5ab,234,0,0.006674882997100617
3039e3cde18848b48769e438f3429b51,320,1,-0.03360021208998798
6ee55373ddf3410ea98e7f359be20cec,254,0,0.11358856350868923
23f6d56d24e341b689c3b76d9a0a337f,27,0,0.09777019333542042
12e85fe9c94c4182a2b5bbcd67ea902d,511,0,0.11336425163045155
3267049a720d4d10ace9fe842ba0b36e,176,0,0.12922272679784214
6f2dd3b735154bf6883313dbb7b73e70,74,0,0.01892662325451161
c0e58ec965b24fb3858ac0e11e7053ad,244,0,0.11499557798648519
60f7d399dcc84723b41e0111dd5ef3c2,464,0,0.12896387879914384
41d23ec88bcc4a08b672cc7325d1f42f,682,0,0.10979224209624111
72afc4b27da44d8881b1ee256c907c0f,355,0,0.1289802442363095
3942d56b59cc4042b361ee1473333448,30,0,0.10347748909465693
86bf1786563a460ea231a2dd8f6beab7,511,0,0.13563444105915556
d02d501779e744d9a92e8b4590833699,254,0,0.13716203257019255
dc20c495e7a9436ca65585bbb9097354,566,1,-0.03888883458025949
fdb54453f3f14d1cb6e2733bdb643b27,311,0,0.08666024806689465
9712d2246ed24f87b70341d083bd1e83,200,1,-0.035726499610811424
28871a8cc82f4af3ae914b928f4d878b,298,0,0.10312536067620787
599debe3e87e459caf6cc8a15754beff,477,0,0.11772566199336892
04dea98bfb094ad09c627ff1235d5be1,271,0,0.10447372507769664
5b77ad30243b4fe78e404d3a304c1a52,473,0,0.08167816535290484
e37e0548d18d463c862fa4797ee9b308,94,0,0.10371390717057155
611ee51f69a44d4e8d76db3a1a8594ed,176,0,0.10444948682961769
eb1f83defb354aec8f1f3422f93a4c67,152,0,0.12602724278841365
d3f7eb00202a4d4ab52ab64443cd6a05,563,0,0.0926407795086776
7bb69233366a49d987ec59fdbb5c855e,496,0,0.10024265545237676
009e773a6dca41439461df5ce393d3b1,797,0,0.08813038748819468
4b756cde2877480098748cd6588fcf38,272,1,-0.02720972874569083
0344f041169f47b58d91b8440b543cd7,224,0,0.11736977835413948
725163f41a1e4ad48d327ee4fcef0b88,242,0,0.1440051677025978
fd720c89787844ef93d76eb2e484a2f2,74,1,-0.05502872968421213
594305ff17864e4e99dadc2d60926199,581,0,0.10924991944167728
5922305b79654d1d996d47e258d34c41,90,0,0.12767002353115986
952cb5395ab3457990527636725ba099,448,0,0.1197356254548903
2f25567aefaf41deb262520cafa4fa73,164,0,0.07930153257932915
1dfa9138704f4146becbe2dcb166e50d,713,0,0.12383905418485408
6c649e5820db48f3b99f2aca9a399662,89,0,0.11323095098524683
fc3262b0f7a0462d940d36098936c1fb,407,0,0.12835812413170278
1f4ed7402afe442f9e92b5e4d82654fb,271,0,0.013730781865326003
d8ff2b0584cb40b2b208bbf104a44c95,232,0,0.034265346428721866
8cc327cfd4974b3d90d918e3d1ec6f84,429,0,0.10479601820824025
4f9499d230de496bb23c6e11b0e2642f,670,0,0.10648171332178263
a29bbf9aa9e6413e88a2ab144a625e6c,176,0,0.10258127821112467
a2e6e702c0254f06a07bfaee2ddc419b,707,0,0.05141216616022515
b6c4ed8e8fcc4b0b84a47a06629262fe,310,0,0.10920694018914245
d6cb5259e6074cf1a06136a9103c6a05,382,0,0.029105395460381156
d40ba80d1ba84f038c0d483679d8c4e4,377,0,0.12852157782168694
87ee86b4fd6a4f9eb24e72142432d0cc,693,0,0.12070918517701995
969b7378dde6484482bdaa9c1f0eb786,525,1,-0.0014638238262670855
72d248e788134665955140a0ddf3051d,8,0,0.050144033671541244
306db10c4c6d49b6ae7d7a43cbcecbd7,638,0,0.11809522992415528
1cafc80789994667846ffe01b5251ca6,187,0,0.022413112963614812
9e276d4ac2b94da5b27dbbe48eb6a3f7,339,0,0.011380343844648977
1339dcf01c70496288c1148fb8d7ed26,797,0,0.15371956717230761
443392de75a84b78a09832631d0d0066,90,0,0.07757688922412986
264a43e370d545099610abfc1f5de90a,254,0,0.11139207993598205
458e99e1d2a84e37a64bff3370d3cd4c,392,0,0.018694621376088072
a69b38e4ff6f4df488cb596b99f69096,603,0,0.08772715337433379
fa8c6191788f4e28b2afc460a07225da,49,0,0.1074971233215874
47f7acd4453748558a6810dcdc3a2961,9,0,0.12666671055099005
7cd79af1e6f440559f3fbe4052e14aef,381,0,0.11970944192479843
5628be0c3b094d05b12af38066da720b,604,0,0.12060020529555876
0d7df501f001494fbde7abbfd7db8fc1,448,0,0.15272201640481592
17eef4d8ffc046a79ee4f8c5534f6d04,354,0,0.1269882954692519
e33ea90c65b944ccba4940642de73061,152,0,0.12621465145028393
968143cf5e674f2e9e419a1bdc3946da,480,0,0.10147834067495276
80298955d8be4c1da625cea4cc0dceca,503,0,0.1060600194230838
90b7e591fc8945e99b7d58c54430388c,90,0,0.11300930358497058
e5e1ff4e661846a081f48c42cd540b46,413,0,0.08153348546284378
9c69659436d146c7aa6a2d10aebdb177,311,0,0.1365992516942952
09b149562015404d9cfbc0990df293f7,349,0,0.018870858114343636
96638c0f23af42deb46fe3e1888c5750,775,0,0.11469247453189535
7c51e3a57b5c4e0a81a332e339eee7a1,329,0,0.10952019894143306
34022dc8431644c4beb8e240b41a1ba7,407,0,0.15834641296461505
c70c823e0549444ebd93e57d5610d1f0,306,0,0.08910599315986001
8f7474c3311c458e866f9c77f3efe515,727,0,0.08603207303816968
d59634d066144e17aecd02b3ae49d73b,779,0,0.06223094544775293
79b9276555364028bccf88570008758e,546,0,0.09116761812611152
45e500f3d9c246bfbe832ba3f2cdfa55,13,0,0.1107654168993481
1ff55876e35f4e40970788c3671bee15,230,0,0.15525565601703878
dcec1c04bba84e33a43d3782597d1e66,201,0,0.1233218176763271
e48212d3aea941c1a65bc98002ed93a6,41,0,0.12014480903283409
621885123e154f4ca266e0ee8c0f8cc7,563,0,0.15754543767049034
669a7bb0086c40878face748c4c3673c,94,0,0.15932112416421196
9823e81a0e7e41e7a7ee316c56c062ab,566,0,0.1496701880909856
a52633e9930a437bb587b88abec7be16,610,0,0.03945395590523959
c385728ed5624ae3870191fc364e3f51,525,0,0.1560573481267845
bb8b285a1f84432db2069776abc8d3c5,525,0,0.13202834166551192
4e0c7272734f446f9264e7e6f3f89cc9,525,1,-0.00257940713899385
675795fa2e6b46149b6145a54a178aa1,525,0,0.11232043823153037
56db64362a38426da50201d826a4c17e,525,0,0.0698158736599035
d6fd8de8752f4825a144c23484c2330a,525,0,0.06384647021258483
84776f4597f54b86909aa15db6cbec24,525,0,0.08475696815126077
0b77952955ad46e9a0148802c1844daa,525,0,0.045189286353849833
a3b9e7eb6d194cbf90c498f5ac238b8f,525,0,0.07811615955358509
ddf68a036a0543cba47277c85461a3cc,525,0,0.062182212249935975
da2a5f2ab67641c4b14ab99bab7f9132,525,0,0.05057369092847752
7ffeadc5364845809cebf7bfd3a066e2,525,0,0.05336187171522805
954c49682cff46f5a2555d4e6fb51d3d,525,0,0.022044247961010344
397353f365e146868b89982e8e5592cb,525,1,-0.02587498317226966
ae5683368a2543beb8bbbd96fc2f28f1,525,0,0.013202963095419185
10d7c04125934b24bfb6f29435665420,525,0,0.0338783922644193
9bd801ef4f3f441f819715470aeb2c6c,525,0,0.02561690983668885
d74b70ee924e43b9b8667cbe78bbc925,525,0,0.013960243124765015
58a1f39b0e40485c853830e0d527a9c3,525,0,0.01869248273665547
5014a19053654d59aa315c23a17ddfe2,525,0,0.00011806958390286892
5403501f6cde4fe6b13c0c9870b40557,525,0,0.01308689489239967
a1f17b4bc7394c3d945ebe9ad7ab625e,525,0,0.006887216325256518
483b6dc0975b4871bd4ea74227676a90,525,1,-0.01915122863705554
e3ce56add943455685818d597f6a6d1c,525,1,-0.03454891365843249
273d519aa28745339ce1dcf94c8dc6e8,525,1,-0.07542421067844118
7af2c90461ac48a9b345b371cb0e2fb4,525,1,-0.14534559504936728
a2da29bee55a41cd97fbf53c2fad0117,525,1,-0.0729757383043903
c6cc06e939874dcea6787664974f5c6f,525,1,-0.0776202380387987
18bba0e3ec7d42e7aef2c072d08fdc1c,525,1,-0.09028139381600742
42c4392795ae4baeba3bd2f6c39b046c,525,1,-0.052160259812282894
3629412b446a480db55a9b4cb28538e0,380,0,0.121577876046021
e802914a76b9454fbfd129c13cc5a095,320,0,0.02719642203430256
fc6a4d4097784917a055dfbaa6a27307,669,0,0.1447281164601657
ef542853c9374ff995528cfb9630aded,10,0,0.12340269573351564
2b0c08502af947bd9e2f5efa6f67036f,64,0,0.12226069060439804
550b6997f2d2448dad370823efdb2e5f,78,0,0.12727375864132406
880553bae0254c2487d537f8178f3d05,235,0,0.10258587855056556
d4cecae3ce5a467aae7d8e5f03c99dc3,785,0,0.004746904623860404
fc3fa79feaa44fe88dc9e2dbcdc1eee7,604,0,0.15825235842384922
b8f2b92ef13e4971ac5195cab17e526d,234,1,-0.024657919617658508
ad0f4e181e604a66b8dbe0046b8b5518,164,0,0.04845156337679518
5731d0e7e80946318f7e3a386f1a0cec,355,0,0.059419021296488295
b8571523683846a7a875c75d09ac0886,413,0,0.07406960326088818
eecfc291672447349391cbf5127521c0,572,0,0.11709112278947359
fa94f8825d36415aa8f0b037412160d8,550,0,0.1195990674349281
044388a294ff4e43b1a944956e00dcd7,775,0,0.15313352839240868
7ef42207185845659a11d0f61a86db6a,254,0,0.15055865267414836
bee07e3eb71f433db428a60f4a824652,276,0,0.11692761733319862
e2ac09b517f04f6188738ef201e72d42,9,0,0.14281890868583685
b7de728177ea425baf5232e64441bc4b,546,0,0.1526209331705281
5a182786d96647868f801b486c74fafe,581,0,0.16199651966633638
ddf86ad2d9a4497688d09aa251e29667,573,0,0.10747020857068362
33a73a89ca2b4cbd8f76a7bc450fb6d6,695,0,0.11411614748484145
8f431165e3a049e6a23c674d921fd95c,453,0,0.09276164800596981
06fe5373c7e445738adecd5edeb70dbd,174,0,0.08685539205422543
241ff83513a842a7836a956f848fa13c,333,0,0.12052698726533173
bd01de07016f4d75ac3c83266f39c217,546,0,0.10419997627142064
24d76d77ab9d48608f06498a2943c8ce,10,0,0.06809550048574858
b10abc5d8d074ba0b49c0d417f0ce6f4,8,0,0.14054870552022725
5283a62eb83a482db2d10208f1b2c29c,306,0,0.14865965937910464
349ad53610954fc591edbb6f0a6044e7,50,0,0.09099881718056851
83b591227dfe49ef9c406e364fd6bd70,272,0,0.13930057433259424
d16abb15b7e04c30a46a8b8daf2ee259,480,0,0.07902577548573764
ce6268ee2ce34661a99c7f32c13e8883,480,1,-0.06330108693635872
3ba49001e8454914953baba92295aede,480,1,-0.05730085628018777
8b718b8ed1bb4f1cbdebaea1310d877f,480,1,-0.05675385776815989
ed6c6e653a674d58af377ef4ed595543,480,1,-0.05867986003168313
c666b13b82644ab8bbec4f53d787a2c2,480,1,-0.06270954315279109
d6c5f8da11b64f13a70e5ac6ef2b0e2a,633,0,0.09248007259133978
a5d9e9cb0255474bae0bb79f6ac43151,480,1,-0.05301626717462349
15e4b5e483094669858a8a167268b024,674,1,-0.1715344173277903
de8820b374ec46f2bbc5b38e1410d103,480,1,-0.054780561116565374
38def18c0f3e43afaeb432f6d4c05f26,674,1,-0.016935291368918914
09dbaa6c3d754d4ab3f9cb1665f21dee,674,0,0.0050264870788249705
234aebd46e78441992aff7e678600569,674,1,-0.014740820972588775
39971dd40a714858ad440baad4cec854,674,1,-0.07319127939504533
422f05d6e8e540fba4b33eb02da8f474,674,1,-0.06131986801515288
4ae623aee5854e2a91cc3cd5e6f08bff,674,1,-0.09435401436448687
14aa7f380a0e4fa38404dcae4bed573e,674,1,-0.09065917860991257
57b0e82af6b34ca399d82321085a9af0,674,1,-0.10110899646468907
8f3a5f38711843f1adef44341361c6a3,674,1,-0.11242532801688532
e31b6c4194e44a6ab459e9c8c537705b,674,1,-0.14432711454097713
c4e4fc4951e842fabc7d9125bf3e16d4,480,1,-0.059244911978994175
837d3c62dbec4d949c409f49fdb8e598,674,1,-0.13107002959640623
c4aa4f0de9b74f7d961c10813d93dcb5,674,1,-0.16335133153912507
3da4123bf83444edbace74a0ca307e0c,674,1,-0.16522143997602223
ea9e3caca8f24150b932eadbdc010f4a,674,1,-0.14158111689944208
871e3526e106452aab1422d6898d63c7,674,1,-0.15501712265142764
54b1bdf18b1c4f8b87ebfc538d83a3fe,674,1,-0.1507600363848668
1f98722f1d394d6486abefe9aad0abfb,674,1,-0.164536050366467
bbbd607e9a354fc0be132910954a2534,674,1,-0.1555540449830175
9d0eaa5749784930b56d52ec39b0d0b3,674,1,-0.17613998982685175
07509117b13241509e1f3e85dac7c199,480,1,-0.0659063692439078
a685366c397348aeac5edb5175333e72,674,1,-0.16992197885612315
9537bc9ccf8c4f5ebacdfcb67fcb3ed8,674,1,-0.18378445483645933
6c8989a4b98f42b1ab1fdd03a1d87e99,674,1,-0.19035859410357125
5bd820cb3bfc4e839b131ce50d83e8bf,674,1,-0.1931388308968568
4dcb775f76e64794a73ace38327f7248,674,1,-0.203397834325443
018a79561ee34f26bfc70ebffd83be87,674,1,-0.20082669886728177
a8caa89c9e1e488492e7d5b93ff30e38,448,0,0.15903477616916173
b1286245568040f7b0b34b28e197ef77,631,0,0.0972753255541749
d1ab3d987cae4d7f82422eeaee8efb3f,254,0,0.08938921822833512
a6fb1f9128e8445cb179084f8eb202d3,271,0,0.15837266954658025
63bd5779e64f405191a7e3ca2f0c0755,775,0,0.148671580693304
f6b9a30a1d7e41bab2880eb50dd7da3d,713,0,0.1625820993860827
4b755ad61e284dc4aa38c429b51af455,8,0,0.03271709225126074
7f6c169192c9467091eb1ebf6a536eee,675,0,0.11011056704380395
a33d96007789451486ef237150d4c707,190,0,0.12659034487962362
9459dc905f034beb94034786a5d21873,30,0,0.14276500476225817
c3e55a1e8f5247d8babef6ee88102554,453,0,0.03801458855344647
e75b9b83580c4439a9b63cee52651532,631,0,0.01324626845583654
052d6f829a4e4a7a884456a44f860fd0,50,0,0.16148527504734056
b73302a01ea749da9ff068490546a205,25,0,0.11445862900788917
58a8440a008c459abdf15ac962e2c3be,675,0,0.10940629406724556
85cff3ee497d4954856ca35365838324,464,0,0.15600506474867787
9b72221fd1564908ae2fd3ee63110220,33,0,0.11202493942870934
f75ddee50ece40729a6cc64897fd70ea,339,0,0.1552493011346156
587a1729713d4cdd8d646060a8092255,437,0,0.10883948445501279
94c10ae36c2b45979570b16a268d26ef,539,0,0.12921626199999253
d0297fccd5f941f6a0ca05c2eb53e8b1,324,0,0.12309514182596576
f6b196c4a8ed4f46846b528d1568d04c,24,0,0.12766354522898743
00c3b267f29f492cacb82a1186e23447,573,0,0.12637347574513225
34d4b29640074b3aa5ee6f0e8adf2f19,29,0,0.1192803162279884
2ae4c3e26c5a434894897890d4048c4d,152,0,0.15467252890202254
9e25b9f2a01643f593bdd3cb13b80116,462,0,0.15914824807771494
5d5914e9887e4490b04a33c55fc7f5dc,45,0,0.09941519467418758
ad769706d2504fbab22de5cf1f4aa244,674,1,-0.04441448109351298
572c7efa7f3f4d56ab604e9b65e3cf62,691,1,-0.033959137156081454
9878925d05594a56b6ed6e7551583176,631,0,0.049248121066205686
706211532819417ea81ddc7f373e33c7,727,0,0.15519111771116145
d4e02a9389454e75bfd2ab89e221133b,631,0,0.10468630120451494
1c76630d883641c38e8d8fe08226f133,618,0,0.11146581505611203
6a86dd5a10574f4badd97bccaed93de2,415,0,0.10316648806786899
612edb437de4473c922de22c091deb2a,415,0,0.13072260639930894
8f984d8e359346febbccbb872b43c6f4,594,0,0.09859590574496113
bc2d882ddb5349ae923527d3e0eae1b4,150,0,0.09711883844907537
0d5a69dc917e42c694036ae9029f4e72,324,0,0.07332754254383234
3565e300b6aa4d4a94d25a2c0b4a961b,427,0,0.10273565911579408
200c172359a443ce9aded176ba57cb09,638,0,0.14553715305512516
98d64c3a6beb4f27a40d054b7e7fbcad,420,0,0.06089701793585717
c5568b1e0ffb43769acd14eaac64eb30,480,0,0.0321603835759357
3609a6c4711b4186b005b532012fffaa,670,0,0.1396767579068653
954fbde895e0488795257c01970b6a1b,247,0,0.11419128181110816
d4288522ff5c421ebc4e7359d5dbe953,320,0,0.14595635875146956
b6ba03945a184d01907760ec73a6dfef,437,0,0.08953184349723015
d6bb9eb14a87495497fdfcbc87d71b46,503,0,0.003141207470196472
d30359f06e2a4589b28bef8181264a3a,152,0,0.056749319332838555
c992601e154a422d9b882bff210dbaac,272,0,0.027423991823546545
91e6500d46794fd19396de989f182078,82,0,0.07679746577076701
125f989684c646d5a5a402e7503eed4c,306,0,0.1454675094052465
c452b07c62694124903433cff7d13b94,415,0,0.07475091939980161
706f510666c84f47b1cf26a4a143bd5e,633,0,0.13892253684612765
ea3306cf4f8048db8e6031b8520abf8c,566,0,0.010874997343185477
b3ceedb8d1154a7d811c3bff6edf8932,655,0,0.11503712910725516
ed13c3c633434302ace85a6bef88bdfd,675,0,0.09024273583286824
7605835152b04ad88536dbf2e269c1dc,631,0,0.05077655720407853
048db674e80b40ad9c8f5878bc126c7e,333,0,0.16155611705649514
6ccd965a415e4948a5f4d0668c0b80ef,242,0,0.15140259051159416
058d68f945c5478092670cd466936e46,252,0,0.07511968323270601
722043fdbb2b452bb0abcbbc2a32b6dd,41,0,0.15576930834177022
2f4495f3caae4721b3197d91184b1ec2,713,1,-0.00232758618992146
62059d600b94433bb70be717b0568678,244,0,0.1496246887402276
0414c1aa287941d48d9c369633ac0c2e,312,0,0.13304860341829483
45e5e01cdf784370a3aa676be2821fa9,24,0,0.1490711495236277
2ea962ee3bd44c1a87df3fe1932bf36e,707,0,0.13202247545714596
d966107b45ce4dac9c2ccd6d2e96d8e9,276,0,0.15126338492367913
e2517ba1b80a4cdaa074bc0982d90583,572,0,0.15520166266476643
ad2377506e8347f5b3459c6e707e5493,230,0,0.15797916737613732
e15b2880eac0448da8a8e1f87a69ff22,713,0,0.02336599965653574
a567c55ac4e0407386b304ededb09d8d,355,0,0.15727006700929186
c48eaa634793412e841cf474ce27f56b,175,0,0.1141227619308493
46bf2a77f19f47f6ae0c429ce43b4e42,682,0,0.1595818304683278
5dd4f0e897244b32b88350fa33c3a99d,324,0,0.11284859455604451
88d3714a7cc8478e827c98dd1396a378,381,0,0.1559350269202856
8531ce522b1948b9804247d42f8b0248,25,0,0.15704096011450397
342b32c14d0d4e6ba2642d558c6ff0ed,190,0,0.1605888374958176
30ca9c00028a40f39d690f4ff8bb87c5,17,0,0.09220461422571352
62fda502204541898a262f915e71fdec,78,0,0.15461365418412892
af1be495340a4b2f819f6bfc669dd3d4,427,0,0.13966028092639193
3a2f753ff5b14fc3ae33a51db744dde0,17,0,0.13153790877185578
eef5b953413d43068f972ee493725f64,232,0,0.08491787926425487
5d44eb2894d1465bb197dcd8c8accd48,707,0,0.047480392123184
deb6845891ac4823aa33719a5fb1e0fd,525,0,0.02340107064972885
06292428804945cea8e29face9efffcf,450,0,0.015867903688644103
24711551c09943b38cb9e0908e7ad35f,570,0,0.08428669821761486
cad8fa199da5442c878c713c18be1ea8,604,0,0.13312489289424312
e9d475de55cc4bd2ab37af35b16c7728,413,0,0.10537292367144885
af2f68a582c1496ba126c77bba282e8c,33,0,0.13826105051290893
566a46050da040468cf72a099cdd2742,692,1,-0.0035655683262448834
b89d5d542a914a3d93329bdc747617c9,28,0,0.09741722886746196
8637008295244c3fbdc7eb13bd66f714,704,1,-0.002199808108245993
33d8ee84602c4636aa161dedbd3ea611,437,0,0.14694472200327552
44d71f3d2c89491082d438a478bf2e3f,164,0,0.15277145125644015
856aeaa175ec453eb36c0e71729e8254,89,0,0.029589167924334525
632753c08db641d0bc467a26e34cda8f,594,0,0.15030115478531975
d469d0ee9b924f8b84a7cf2ceadb0b08,598,0,0.11059064665690099
94bf0b575a44423d8a015ab4e2b5746b,603,0,0.15145520331943013
2f408e3eb8ed419685ea8b129510453b,8,0,0.05355406060481155
b83cf3ba6ab545a182bd4f32e40a33cf,340,0,0.05411070975881416
a477eb7ea81b47c9b5f8d3cb01c7174b,164,0,0.12266012483217759
0d56667b921f4227b9543fb4b3383b57,161,0,0.1026488539183314
10c4dffbd682424184b976d794ab095e,272,0,0.13580632386526537
e5503479d6a7434e85c03678038623d6,428,0,0.10382564060177818
35013ffdcd464819ac04d40787d00236,480,0,0.13854053141372225
6c259a9330df4e139ccb00375e1ad8ac,379,0,0.0990997023115735
dc538fc67f6a46adab2afcee4edc9181,42,0,0.1544986974922301
fafa1b9828724ca3892eaa2812547e64,440,0,0.1029677131604419
0bb793ccf7384d2c8cbcb3e2ff8b1986,450,0,0.13661085760385067
ac083a7a8b9b4766ab595e8cc1d32705,36,0,0.00787004848803391
b299f43012e4433ea2a4f4345a159f38,785,0,0.11888507845224433
1882bd974b0e405882e87892608d33c1,669,0,0.1500803507808412
391d76a369d04bc8b9890aad387c410c,134,0,0.12454217339218204
7b811ea7d71d458497ed104692c0591e,377,0,0.15982383683452595
da8e9bbb0af64926b649938f352eadc2,41,0,0.15156357685633925
056958210e6a4b68bedb672cd28a0d4e,437,0,0.07475185711847115
764f7d5e8c1841938f999f1093f8f8af,787,0,0.15061722072647177
8be63114382d41afad2c6c1f77e93ba7,271,0,0.012152218269079196
f81b248ef7264e21a3cf1a64563877b5,618,0,0.15641199105517561
356e552a6e684ecea14609185c7ef2db,707,0,0.09021489195468552
3403048979f142fe8af0c1d4825f7d39,496,0,0.15771313707548257
23c7cb23b15440a0b452385e857f3483,645,0,0.11808196620382283
c21cf3932a9f46ce8eb0f16f0869947c,707,0,0.09789798072246658
11c2da843cbb472aa990f69bef77dc48,693,0,0.0590332177604716
b738ae645bf64e7f80602987ad43add4,645,0,0.10956463314323256
dba6bf6fad454fc0ad940a2e193d5ba0,380,0,0.07905964401324406
ff3ae522923042518d88ea46eea1af52,30,0,0.16040321089376713
3437d64fc6244d28b999f71f9fb180fc,540,0,0.10155922816958607
8b97ebce5a8640a282991cbb7f9d4a6c,413,0,0.11587060965602447
901bd74603ed4fcab174517fb9bdfde4,633,0,0.08378932426807456
8a30cd7896074e4c8c1cf5ba76cfd88c,794,0,0.060750637096175064
5ed974b3e4a9439d983d7620e411518c,550,0,0.1554589512114009
b44fb7b2019f4c98a35bc7652d7bd0ab,28,0,0.16065131101016844
6b4215d2cd87451390025ff9156baa26,609,0,0.023077464909770973
ff69de266fa8455fa64130eda6e72dc9,797,0,0.1354073361974607
3dc830d6e00b440d97569b570968855d,33,0,0.07353261916157727
78e7f2db0cf14f1895baae465208456d,380,0,0.11250647472433345
0011b3c11b0b4733b669c0c055b5eda7,193,0,0.10986147706440119
10bb3960f9a944fbbc574a59eb82cbc2,674,1,-0.08579844733343966
5fbca5a91c434cf98fcd24a1d739f27e,24,0,0.13663211903486666
4b105e63a551487db854948160fff376,187,0,0.15181172224965472
cb7cddece35e417690aa5b634e8a7a3f,27,0,0.05981945502618852
5d1bd447733448f0b522241f928fd47f,462,0,0.06683796602770908
beacd3aa84e144aebbe39bc998839b4e,625,1,-0.059576618000217185
7a1ba0a68e6d40f996e8af702cad8a35,267,0,0.07954202857186032
b838cb164a1249269b9d4a6fa8253888,310,0,0.15439640940404048
b45e63a3455c49989f1f77c2a8ef9681,675,0,0.15672436014895685
ec282a35c32648fc97d9bceb98c06770,464,0,0.06985329470953278
0e3549bbece5443498fa0516cfdd12ba,74,1,-0.027582327027600217
deb6ed6336c840648d39b20afbac96a9,320,0,0.04226922943301903
080f91299d3848b6a1ec02308eea31cf,572,0,0.16061973762802473
0b78f2ca472d4fc69e00cbdc19eacab2,691,0,0.1355304075633017
95a683c6d360483e88f2eb397bb7016e,45,0,0.09653963656478598
ff47b62607be434ea06db625e5edd890,8,0,0.14269725825851604
d380f43995654b3eb4cc790d7bee1887,572,0,0.13430220728841247
186e5f0c05eb4f54a546db28356c9398,30,0,0.15214465972181707
a597b56c4979430994b72f4494ad063c,200,0,0.13707388476017113
1e168653c49c40a790394a559b526d3e,693,0,0.13666993716546405
25d4bce3febf4e73b4fd50e84dc64845,312,0,0.14410104415196517
d2f3242c596341b9aa2560e863ba38be,539,0,0.14702166939324796
44fc770ea8ab4f04afce0060d54cbba2,193,0,0.08613309007653935
efdb853d421a4b5f8427be44d0c8844d,520,0,0.09498310959714579
9af96ae9362e4621849d944ba88652c1,329,0,0.14973127537296566
0ff9fa36515943fb9073746684f20b3e,462,0,0.09519908180517228
5b442db617da45dbb89d9509033c9112,691,0,0.093713927784417
6bd7ea39ca3044929f5e2d65d5bed89c,354,0,0.07389465150284619
f4645432b0584f4dae05a9156c79c55a,232,0,0.1615025047718736
f218de55520c47f8bcfe84e86fab740b,333,0,0.13736392474536924
75271df3e9d54de7b133938c1edcdfba,462,0,0.10563712709255385
325075c56a3a4591a5301144e3a886fd,566,0,0.15348325642950167
dff8faf06df64ed6b75d80869f52dec9,428,0,0.15404202428539226
454bce5dac34439d8754e9549649baf5,550,0,0.15102235670432057
88c4523c9a374d86a598a458206c29d8,78,0,0.1592262692942692
d7d19583600342daa6b1117e9043e28d,473,0,0.05835956604326664
6b522fa1997643c99f5110e30e0e282f,380,0,0.08434039014424899
080e3a6ac982419a8766e977361d370d,49,0,0.15546582623147726
fbe72c10644b4ad3b14d0c1f27df009d,28,0,0.14446456588412365
fbac38d832f84bfebc14764cd91cecbe,685,0,0.0041234661498034675
54841af3882b49fba65cfadd004bf5bf,704,0,0.14825083075019052
964bc260b14c4bc8adaf5b8cab195075,680,0,0.03867477843745165
46010f8d805e49e69f98225bbbfd86db,380,0,0.02650103982156954
51ae1be43f4f42af8778ae1194fec42d,550,0,0.11124394231201162
85477e34fd7d47efb8bae0f5da9e24dd,13,0,0.04583832871985111
b37d03bc4ce74fe6ba2c74073bbb970a,28,0,0.11225930215572799
06d2d79c6fd140ecae44bd7c60eb41e7,94,0,0.15079344926045468
f4d65c20d3e245c7a206c41bd61b3007,82,0,0.09530986769178801
5b825950c6174674b527a31e9a2dc661,437,0,0.15232306642102128
5a6182f4ee0b4b1c85b32aff8a95b49a,713,0,0.15570395281427302
97cc7820f96a4e318b5fb7a1994beebf,312,1,-0.004173681521444594
82bf2f414d6946a795aacc880a86a712,312,0,0.13074996817094914
791c1451d855448bb2f2e4683c654ee5,312,0,0.1269064657197787
ec32bbe7eb1e45a8b185995097511a78,312,0,0.11668767143284936
4b17072a564548db98d6fdb609431360,312,0,0.11124206727709723
f0a0cb461ee34e7cb16cb9c324615ad0,312,0,0.10249188074814619
1a3ad0f8070e43ee950d96467168bd9d,312,0,0.09485739742884713
9f6b0a91ac3d4469a8960771c3479ee8,312,0,0.07322930595631061
d420999c44ac4a7eba5d0ff44e9a9ead,312,0,0.07696207312023612
de36c63fd0244772ba4485bff3b94a50,312,1,-0.09818219653994631
92bfbdc1a7724c7a88037d2abbb3251b,312,1,-0.058557217709401255
b73f4d2ebee945c19d0b74e5d106ec0f,312,0,0.05069175330379716
f816875a335e47d2a118bc51489c2b1c,312,1,-0.017263719710823633
57534dff572f45b8981d7a4b6bbe85b4,312,0,0.03655902626915386
f8afa6ffc9a444d589d9c1f3f27811db,312,0,0.024043476134317066
34ceb672e6c04a89a0c518342120322a,312,1,-0.025742573897792442
bc3a3cfb09614cb4ae6fdcd8afb67825,312,0,0.02990265467493236
f4b1462b53004fe4bd76b156400aa762,312,0,0.0006281332834884301
1878d6206ab94b6ba446e4da753282fc,312,0,0.0019816752354656075
32862eee5f0a4823b81e2d2d793b7fde,312,0,0.013550710298579682
d41dcc37030848e192c750d1ffc03456,312,1,-0.015912804519789492
44f1d1dcf9654b72a74b598bc23a6022,312,1,-0.06301280822849753
f0ddb45b03de47acbf70a1718f5c29cd,312,1,-0.014365789724094746
4a7742020f724da4ab8e413f71eb7cd8,312,1,-0.022259143723812103
17021badf7274b57a011b2c36dedf124,312,1,-0.0202502683769733
055c8799bff84550a9d6fa8210656d94,312,1,-0.11451919824575552
727e1634ddf84e38bffcb9608aa2bf9f,312,1,-0.03885282312659544
130f4f0b40bc4046a24672c51807d861,312,1,-0.10946725008910596
e5322004bdfa4b7e9c8625801b673826,312,1,-0.04680894448215045
ef82cd2d50f54114ab5a2d7fb95a86ef,312,1,-0.03892571147422974
540200d7471e4129a5e7318bdb10dbfc,30,0,0.15784846395941932
c3db072dcf2344b09bb768baf5069019,775,0,0.15759567607276287
7352ce83176245c9949e66308d92cb7b,742,0,0.09593028349853472
5694ec30875c40c9908f657b75750009,674,1,-0.07855998118903618
5db177ee3d6142f49046ba73a6b00d8a,30,0,0.05975856150800607
080b637a42d94a21a6519ee805e4a2bc,675,0,0.1350914785850793
bb1d73b089bb4b27a4a012e06665635a,164,0,0.13701684093389566
e5bd8f1d556a4ad3868fa8b73b23cd19,380,0,0.07711616865317866
bcfffe2359224c0b813d78c50079f74d,89,0,0.1548085743481213
d9403350f2154a049507d5ece7390fa3,320,0,0.15961154357941687
131e65f5cdd548ad9d3c5cfd525e5e0b,679,0,0.10828540264321718
1b5346ae8a474713a432a89f6498a607,150,0,0.15414233445093872
76cf4755dd174479b3532c4454024849,380,0,0.08562607555516794
be2ec8a6fb8a40e889310a80d906ce8f,230,0,0.13571487402738752
74ad5bfc869f4a5383a77615041b9a30,675,0,0.026140115872542113
1e3de5ca4dbd410b8e9296fccc3b6da4,176,0,0.14301341454298627
24bd422470994340a9a407b4fa348ac0,281,0,0.12422115465183159
b908ad9bc882438eb351bdae7275d395,598,0,0.1585986321552268
a7b39993725d44edb27b395e6a776944,674,1,-0.06459284881070748
cc21fadcc70644878a30e32e903dd3fe,45,0,0.15123538237983536
7a5c725120564a7f8ca21d5105b37a46,276,0,0.1098234565597957
e2f2b5b6c4f445cab4f7368f2a1f9cd6,796,0,0.1155489776278541
c36e1d70894d4050a3233c2d12c4ad73,539,0,0.017363654412323126
0df3b7acdec741f28289ca5884eb48b8,174,0,0.15403474354262903
ae2e24bf771c44a197c9e1829e0d4f22,312,1,-0.02836840440924704
4fc55a9d767c42dc976a10d3b6a09f43,78,0,0.14986528074128608
bcb21b9ba8034ca48a414679e8ee1a82,380,0,0.07443306063019228
bd6903aedcc44b65a980d47b35b1e3c2,174,0,0.13180759748204823
1b205b1cf2ff41b1a3a1c8a61748ec12,306,0,0.1307175739992859
1a468887348747a0b404a25abce0d0c6,312,1,-0.05422182621842575
f2b6b076aa5141d3a04fffd47c3d3357,339,0,0.10918111622595206
dbf5598387854d28bf4b562262813c36,698,0,0.08894576339169308
634481f39c7c4d7c90c69ae83fa5eb35,8,0,0.15532041206348207
69df8a613ffb477bb749da396ce39197,779,0,0.07839379526577256
66984084de90404b98754ae162f0bd44,785,0,0.11824619151065352
aebe6d30accc4d98bc1fad92d9fd5e76,682,0,0.11542046709785436
944d8aff1d9342c2b271565f8ac5305a,490,0,0.12187700377075633
18441d0e522a4800bec0fb58b0ccafdb,797,0,0.14604475632352942
7e2de7a16f884aeaa7a37acd1d4c0b69,598,0,0.0944146980192449
82e8644bdea4447d977cfa512e7c1727,779,0,0.1097740589907441
3e9480187d8f455a90261a4eeb6a9466,428,0,0.11885944859297515
e3cac6603f3648b1ac3cd81c88b429ee,355,0,0.1512211108604289
f5d085d6121045c59fdd1fade47ca314,446,0,0.1255182011597541
48dfee36404f453da6a4b2f6f9be85b6,515,0,0.03317858191578721
c49b0e44251c4a86b984d97cc0fb0eff,618,0,0.14790051615791955
2241b8a7e7c248a2ba8eefcb45506ed2,403,0,0.10186840299720795
1a31b966bca74896afe32176d61f1d51,13,0,0.1047833385486025
e368e8933254447088f5dbb96893b6c1,254,0,0.14866190075271224
8d2716827c124d8da677084dffd4ec94,490,0,0.11415619687585976
d9c9bcfd26a1456e8c0c97ca558fb4c4,511,0,0.15423970698021078
6bf8058bf78f42e79e90801f122ab045,78,0,0.06435716206019232
191d8667fde6424684bff56f1d2fbcea,797,0,0.10495766992420219
80ef8cce7cb24cb2958d7e1b51fdbbeb,164,0,0.14515019030519272
f7aa758833ae43ad978a9514171aecf3,232,0,0.15641695591702665
a7bfbc67d0ba4d7e8376757a027a2638,380,1,-0.030153892719581132
50f93611ea1c4bd88bc0eb5c7d27fdc0,633,0,0.13039426796184134
1fb07c09a5c448b893a826fd5f9bc6dd,572,0,0.1513116051958857
2984d10a4691489f9172a463944bc3e9,49,0,0.148351469014869
7a2c6341dd1c4a72b599e2c90f3f63bc,698,0,0.02848779635803894
47fa6fd940a14f8eab68550aa7bd2f11,89,0,0.15410994797285527
d04b95012ac9477abd8bba4f9c8053c9,639,0,0.11791986455688896
945bd8ae9d0b496996f82b799a565435,473,0,0.13448886483104439
09ff0590da0f46daaecd062fc171372f,581,0,0.13583259741330617
eadb7b6b443b43b7bf6a553039da19ea,440,0,0.02900518783066841
488aa35cb7d7476591aed4b6f267efa8,276,0,0.13369485890313193
d7327e2f2b494e1db773d8c56fa0bba3,429,0,0.14687685331904832
d4beaa47d79b43d6a2dd6fc2d839c36d,429,0,0.011683016161771254
4aca2088b0394687a688dfd22d1a768c,740,0,0.09255762990658695
4a1b266e61394478a46dbb59c45aa24d,680,0,0.1436023756754013
749af47eacf04a7fbfacd1585070b0dd,324,0,0.12663622024208115
01e682ef9f744388b31f8ffbebceb781,324,0,0.13379212292909848
2835899753ff47d8b7b1a153e3bb4815,566,0,0.08584227728531635
e705f6ba8eda408f991ef181df215697,480,0,0.14029719903881854
846aaec9d87b4a488a99cef7baa2705d,566,0,0.025743154118794964
189bcad72cfa4d42a612c1b32ee5e019,305,0,0.09623280622596642
9fe5466858eb450082abfd8c961c263d,355,0,0.15787591886741065
e07658199aa74749b3126f5f0b577c6f,349,0,0.14649869946701705
59a5173946e54df49def522c20d6b9ee,30,0,0.062404215438113586
5f7cd1b61975410c9ffb65a0b95547e0,190,0,0.15551937751287448
e076ee9d63e2490686aaf1df4fbf1573,349,0,0.11271012819492215
63b18bae14b34692aef22be84f52f7c3,329,0,0.13204952249643676
1934e609b6364afeb2665a40d6c5ba41,698,0,0.04593874126905584
f86b7c0534da4d4cbe0ef7a3f55a751b,50,0,0.12320915211631694
1844c996ff19463fbed0b0acb0b150f7,242,0,0.12520619002638111
61b12428d8f844dcb6ae8bd091347a8a,546,0,0.12866048578043776
4d8311d01708490a8e4cd8dcfd223a57,29,0,0.1528491956544744
5f0367290bb54cd39f313efe0bf150ee,380,0,0.13844287094565783
a165d29cc00f4a5da47bb13a665a716b,704,0,0.15444117938489282
c4ed7aa183254395a6ee7179ca82df44,704,0,0.06816023104601204
6eb681fa0c3c4368b393a21f963c5b33,49,0,0.15840759918712044
c148e8aef20743ff9202c67db9115912,784,0,0.11404800936689813
ab8331f2c7904f6f9c7dd00a3766186e,779,0,0.1519659189364851
c6a3b494bd0348fe90693d84414a0e46,464,0,0.14992460461151436
7028adba28d44ec58371d91ccb9e5dfc,50,0,0.11998218610634892
92021ee86d934c65b30d0f2fedbf497a,708,0,0.09645002608761422
f74e6035ffaf4a5eb7baa9cd4e60736d,13,0,0.14402897835203926
afe5275a38a34872957d039c3eb6d626,9,0,0.14750043809792873
26d8e9330d8a4f73a9a06c8f6f625b73,727,0,0.14707152947374513
8aed1194e22541b3820f136657bbafad,695,0,0.060602242490292946
1f2c1eaea68b457e856277fb0bc37b5f,355,0,0.10585401008638157
d6f6f158c6fc457fb5a7316549f3bc60,150,0,0.14797300105463013
f55775bf27f4417a92f1597e09797507,638,0,0.14730748366262125
3029e00c9b3a4e29a911f6e6b4f10890,380,0,0.06885223419767134
44297c09da664c66bba18fbb3f1030b4,82,0,0.13447419376407937
6eed2d557eee453f989fcd8b3ce00bfe,267,0,0.14459061813839114
15bcba59a13a4289b52c54ef6f7b83c0,446,0,0.08406667531032597
98c5ae909e3241db86c9e09b7c3ab05d,312,0,0.1524799804243761
303805c7fa5e46b1bfee7da7cd4e7b0a,785,0,0.14776316171104892
c725ad3e2e254cb5a8d7afd83baa77a2,6,0,0.062067723829087096
1772e24e954348f2bd69b5432b483a4e,174,0,0.15514212823606593
238b6e5155654ad184a1afc7885d8eec,28,0,0.14781401115520865
3a01819097784a0387de8bdbf7fa5cf5,310,0,0.12648467802790786
6e8815c0d8894ac19126c6b23995ad4d,515,0,0.1381411247323211
01548b4e044c4afc8850eb57a1610f20,598,0,0.14271639660323598
41b80e09380d43c9b633e846b33b991f,695,0,0.09317964171481008
0822cc5e4d764e38ba0f963cccda6685,349,0,0.057573478164553826
e395486e281f454191ae0cc8493e5dba,74,0,0.03134854536003301
bf74045797864d0aa85d9675bc21aab4,30,0,0.14839574845571285
ee36e927c70e48579ef943932055b969,572,0,0.15741213414703104
18ab9121283a407db3679f857a75210b,462,0,0.10321038878639016
2df848259cc54c8da7aa6dcc1a98cc8f,775,0,0.1515346999961038
aeed891566584c50b07f1b0285509e2d,36,1,-0.0013065125946826184
81d3779f45e24cb3a29a39eb622393aa,82,0,0.0622659636579892
56535c8b03734527801adc0f375ab573,740,0,0.12431401333300374
1840358fd8ad478fb98e140e46f1f778,349,0,0.11574112908359385
3f21aa5695574b5593a34c2d2209ddce,669,0,0.1508721556071675
d6342548473948e487c15597e34eafb9,515,0,0.057772640543552134
66f7f601a2834a37a652701852722dc4,533,0,0.1161664424723921
cb00acc2edf640629799e2729ed7f580,450,0,0.1082859428682223
4a35b7a860194e478ed5e01d3d7d948f,763,0,0.09894439527239329
bc4c7c936c99423d856a0d067f16899d,698,0,0.11032034150498748
8d948791017a4c38bb8f056924ad74c8,349,0,0.11420679332829431
fbcae41ec1d9415f96a2c51219d2f64d,450,0,0.10932157421049005
9ec1941dceef497081037e9b6ed2956f,232,0,0.14514782345629273
a49fdecf3e3749c49a611c3765e36c93,25,0,0.15561601243086004
4fc366f4c9244ee5a08a6d4be37f9952,377,0,0.13838614410295297
e808e22edd8c4cce927932f9857f07c4,33,0,0.14527183118624964
3fd5d0865b1e491cbe0b25e9ab882454,380,0,0.015225519719176628
b151d75da38d4bc2bbc109913ce844d8,573,0,0.15033382777317356
4909d9d49266447bad2b1f371dc0c1ca,235,0,0.1494722745397229
4471c9b5fe374b8ab72da3b27e3f5caf,550,0,0.06818794459897909
c68a25e2bade46a592489fb5c62d5a28,349,0,0.10435988987385775
66a0936ffe244b748159624c5375b612,775,0,0.07868546098129608
0a218a01b5904411aef955959ca81a13,682,0,0.15808732291944194
9a66741f1eb94b218468032c801dabe1,520,0,0.14992329744510757
50e6d0018ecc4ed88cfc01403fef90ce,112,0,0.12534728795573885
1eaddddf8b7949c2abb9fe8a7954846e,525,0,0.12347909396097956
f6f842daf8cf43d2bf40d34c5df4bf96,533,1,-0.013659538960720807
f4698a15db924c9a94754a701558ef9b,8,0,0.13398739841434454
62e1ba6d9a8746c9b1011d80f7a107f3,200,0,0.1548690285580595
5b3435acf5344cac83bfc73e990e5122,496,0,0.14546876825495586
de8fb240d03c44389caee9c187e16b4b,407,0,0.14986389867231964
7150dfc0b89c471db3a837eb31bc9a76,691,0,0.1297460079987759
51c62834374a4df9a976962c8b8c580f,224,0,0.1601265206389283
c46e5268e73445bcb5529db53deee0ab,361,0,0.06902706796478858
76068c97d56d445989bf990070f73f4b,50,0,0.14933563478612155
103111bf28fc487ca8c176e1adb63f4a,382,0,0.14072823375734378
217ca1d9e2b84620b2cd1955b76a5ccf,13,0,0.12009766432107677
de4d79ed7a41435887c03e27dbbf67db,276,0,0.14070987833197612
cc0d04dc09114862a704db155006aa8f,403,0,0.1429652782886381
30ebb70859de4885b8149081520ca9b4,298,0,0.01254207152662773
c4675c3f5f61477bb6223ba0dc8f187d,645,0,0.09115999050099238
4321875e4fbe4bfd8524906966f46fb2,320,0,0.155774979282977
0683aa4d460c4c05bd3dfd18ff760133,380,0,0.05841894003778908
08b1c090a4c7496caa5d005d9bed6f25,96,0,0.12941213700294352
a9d74121a68741ddbedd3c32b6c84c2f,639,0,0.02823456416492004
12b7163d06f84e11aa1b8c9f6e59cb66,349,1,-0.05239178632544361
216489ec8e074fff85536ed33ea45b07,573,0,0.055599326059499465
9338c5afbccf4bfab115b3a748dd9ec8,281,0,0.1306452692693419
58dd7b69ab8842d58338b36ea0bdb250,134,0,0.14745480577418119
f2104a95357647fd819a24408fa527fb,670,0,0.1482835879140288
49ae266518e24c2c8ca35430db8285fb,324,0,0.13408837577592503
852350df2d344aa9a39887d8a46c1848,779,0,0.1333595434305837
c193988a74084e1b98adea921e0b6ec6,380,0,0.07469924461274047
7789d563be6940048ba1e07ace9db9d7,713,1,-0.017804000740291537
cb94524eaba04e15860800eb1d9cf829,94,0,0.08233257510911474
a93e1c404a5c4f7aa590870b27d67ae4,355,0,0.14880559102310825
4a565e5bf1884a01ac9b628dc16ce379,8,1,-0.03954530668805878
792be47ae6e144bb90db8011862561a7,29,0,0.0484669553924692
95fca7efa58940a8ae479055252d2694,349,0,0.10811253496242429
4fc026eaaa6e40c5a442d588d04ea912,794,0,0.138381827133139
6734a7f810dc491ebb6ef6d61495ee59,267,0,0.15344463979631195
b701f42604eb4f86848003cfcacc072d,49,0,0.15228198692828188
58b1532c08ac42dfacd463fef39fe33f,281,0,0.054166872901992846
9857d1904da74a54bedfa845bea34302,50,0,0.13861920882125545
8291cc97ce7047649fd5ac746e76061b,349,0,0.09103486472516942
fc75204c477b4e32a8d06d748ca0301a,174,0,0.145590753115871
5a009f7d868041eab03fdd78b0adfd59,566,0,0.10589196663854933
37b5c6d91b2749da9451f25938da28c3,428,0,0.1502659407389383
1a221590025a47d8bd7480db4e7f6c2f,669,0,0.13307551568753812
50c314c1926a4c9d9bbf8b4fc6959691,250,0,0.09872717557329341
b2b34f47913f445da191128d604d78e7,618,0,0.1446573710440726
744c798f065e49d7a5a93e186c8f745c,546,0,0.123581593522965
ca497b40a1284234968a6aaba802662e,581,0,0.07415799272834411
b1d21e8930e84196960a3bef4f629c98,450,0,0.13309983870477715
2a08ae92d95b40f28e8251bfbb0ce361,150,0,0.14266482578106815
0099bfdc759644deb14700181d9bcd36,415,0,0.133615262033434
dbef4d26ec35425c993b5dcb904d31a0,33,0,0.021932178586131612
5446dc3c6eb54eeb9bc88e857f768af1,779,0,0.07499200730227645
d59f761bb76c436797cb5d1cf4f8d8aa,566,0,0.0046567561956814
ed24d6d6c1ca4496935faf4269e18748,9,0,0.1569698714719328
27779d64e73a4a6b80d0dbe3ee0d034d,796,0,0.04701835569445639
4dca083756e54070a887e1b8e17ac51a,349,0,0.06076308879668291
a05aa197fae244bcacbf338fded82c37,281,0,0.09296464626829959
47ee7e66296b4b599dc857d00596dd75,453,0,0.12612931493582813
c0e6d9ceca374f23aba6e2deaeea52a0,175,0,0.1509557802557353
c2570979ae4f4394abdd85c13990a653,382,0,0.12714921615645874
992db389f3934e41983b984ae8a06e4d,515,0,0.05439291829917259
a607198a1a8c4db6b6903e47c3cd838b,333,0,0.15690855395571052
a350572ede6e4b10a6a6dc54e387c18b,675,0,0.09349102950208238
db977bd3f99847aba42b3f89cc45d0d3,298,0,0.14499380949373641
ab3ba682431e42e7adae423a117c6bef,94,0,0.1315330297001706
225ef77045dc44e7b508cce9af45effe,525,0,0.10687509494592001
8c52f438bbe248df8a8b17ad966cb9d5,464,0,0.15178386552545214
db9819cea15a4d5a8b655367c2fe09b2,450,0,0.0001667516421109405
666f62aae79e43eeb97544120bbdcf07,610,0,0.0671239102867841
83cc6f900a6249b384d15dbbda8829c9,161,0,0.12902301143756795
e0a8c128222f48dc900a8df5c9d917cb,272,1,-0.05914072413137994
163c82ee39ac45cdbe563ab42f505cf5,450,0,0.11563018884087034
8d63962523204ff6b782231c3846882f,64,0,0.11684131881673693
36c00e39bbb34a44bb3b4b9e61026554,96,0,0.15043758184472433
c50757d622db413cac5d07426532be3d,566,0,0.04294074536179526
89f87cf35a9a419c918afa3d5dd57cce,794,0,0.13275027598199612
c1311160ab234d4aa22a07668b5f51b5,329,0,0.1058925212613866
720a05a697c14260b790c71fe5cb7a09,520,0,0.016188832643509343
f2cf19eb1eb64f4c9c91d37bf9bdb8f0,618,0,0.14480384663359508
a281f4481e134a70a5d0598a192b3371,685,0,0.1548095784752888
b3ea9aef0b8b4bb4a5b9a9d99cb531ef,645,0,0.15976064149355035
8f684e661e1f4981b46746459bc04deb,29,0,0.14653628503571964
4b431d20da834557953330bac15d4b57,176,0,0.15619101770675026
3a7cab02131040009b8888420ec7ce16,370,0,0.10846305804433348
bd4df143956f42969b8c3bec536af770,566,0,0.08548918591480847
71b9990af3134127a06fbfab39ea9273,679,0,0.10910997275983375
8f54d59306fd42fbb79eb9f9819c4e9e,581,0,0.06965647706369238
61a0376967f849e8b96d342d4c228fe7,349,0,0.15533865561431592
21327788ca6541e682146d55b44b4d7c,618,0,0.11985162203303018
93582cd68f36416eb46e6b39c9640848,175,0,0.14347475882365818
2bba6c1732d94c1abb22aa843da779f1,355,0,0.15173246414497654
24cbec7f0df04b8a9328382e7b0576e7,581,0,0.11102294855564387
9cfe668ac5ec490cb5fdc9770730bdcf,349,1,-0.011899971621492145
0a2cf7e6265d418e968b4522e9abd20e,540,0,0.13533276353179663
33266a3251a244deaf0b110e79dbea6f,190,0,0.15524653961242008
1cd1bf7444164ca6b76e84babe090809,675,0,0.04383529002338832
3a61a33b8d6047f598f8505f3ddf0a1c,17,0,0.15239086685366365
442b88e140184bf0a38ee8d3c1d3cb40,566,0,0.03580401474225686
91919d51e52c41f6b2bb56341654c37d,490,0,0.1619688873306112
818d50675e3c4f4fa2a4b33211db1666,420,0,0.05437129731454787
55e880f96ea14351a6ef1e5b4d149ec8,24,0,0.0725108740160938
208b84457f4644fe8bc7377347fe6e59,763,0,0.161539367434344
9a65cdf359334eb78e00961b3ca733e7,8,0,0.1585878205908538
054dbdbb4cf0448e9cb9a8a5b4cd9bd9,320,0,0.1482698087937403
ed929554e475471f8d235af09d9822f6,785,0,0.12416387774177212
00fa562328d249349f69b6426c3ea537,617,0,0.08198841180829713
4688f45af6ce4548bdb5eefa5858304e,82,0,0.12448925326650873
dde26e76317f426faefc7bc109a7b403,639,0,0.13855914990379348
b154d343f9f749418c2484c0b2ec7d5b,481,0,0.11779966632272787
3399bd2ac8b74e9fb3eb2f1ecde525f6,276,0,0.15804097438910125
8f99c5bfdc0a4dde9fa07b93183e3e1c,680,0,0.1301463046778943
47cf4990b7da49e096c3ea75b4d6da8c,779,0,0.14898886092773367
89eabd38c9d942a495d71a41b5d18836,655,0,0.15784427051687988
e63a05f9513541bbba45ef2d3930a940,707,0,0.004157318853746705
5f756851a84e4025a0ce85353f7225cc,25,0,0.1504946829744614
d8c5949355174c6e9b87f6e08e28521b,176,0,0.1487147470026069
d760fc0f4f79436e800d939a46434be2,310,0,0.15374971197591375
7429b6d64bd24213b591c2ade4778823,566,0,0.06725968073889416
acc9b582d17246ddaaa7510a45b16f27,742,0,0.16328927936952492
4c4ae8520a5a46deb5402677a7e0cfdf,349,0,0.12532758554280704
f51b5b7f03874ffdb6d3d8059292efc9,252,1,-0.0565626790134367
16817125e25648ff89c0b61fd4b9564d,29,0,0.14458895318850684
311852c0d5fb48bfbd59fa4236e6b3b1,267,0,0.11381119066886497
ef7f25423345445084415793ec4a4986,224,0,0.13533266541679095
7e5698adc2904f2f80ab414294ef9f05,82,1,-0.02195351321973149
1f0581d5fb6b4c9f86bb9a7b66d28953,42,0,0.15480367894811176
fe77b0ccc8f94990953df3eee20bf820,581,0,0.027642780114169374
f6a6589198534393a0610e5c98e1cd93,639,1,-0.17529322460876906
03134f705dbc4ce78d19bfd72ebc061d,639,1,-0.06626345585891402
004d9679ff5546bfb972e0df3f85a28a,639,1,-0.03696593784230273
80d46453f22d41e383bf3b8bcfe409e5,639,1,-0.04457893533383239
0d869d7dd18c4f94b893c15b8931858f,639,1,-0.06595875549874985
2961b351c6a745ec90787c58fc023696,639,1,-0.09010484628158588
fe6d4e5dceb6455299082127b0feb4b8,639,1,-0.10884508156769201
0ea8afbe3f7341d893888ce1cfb5d479,639,1,-0.12123023050062975
22293761ec5d471391dd03e7b2aa7804,639,1,-0.15033602514138134
e6220d7af7b34e5aad9ed5367adaef66,698,0,0.04568043837403096
381120f50b1f4f4e8eb6601ebcc86897,639,1,-0.13951465322656953
e1d566c33697425c805d68418b20f61c,639,1,-0.1506241037727798
ae87fdda6ae74db3bb4ba7cc7da4d30a,639,1,-0.13992718427723916
16363298a42640b7a5f33d566adf2334,639,1,-0.1495786382102463
84ade4927e1d4663ad472304a0897304,639,1,-0.1484657303728285
a766a162eb5b4fa98e9f565318af9124,639,1,-0.16359518260098327
4ac5c6c789674e9c97e965c6556e6dcf,639,1,-0.1539670221417122
971b46b88b8d42f898faff4617a86fd4,639,1,-0.17271000047994045
c1b08c9f623d410d914fd0b726882e9e,639,1,-0.1863945743316009
138c83e7004e4f00abee29b31d480958,639,1,-0.1653134460830311
ebaab0b4bc24473490448962d4177ff6,639,1,-0.19211735459302615
bdcdad0f2458451cbb7c58b34586ca62,639,1,-0.18106209740150614
f29546458af44b13b8cf9679e0e55cc2,639,1,-0.2017778571509784
d457a15745f9469bbf2966bdb5c60ccd,639,1,-0.1885516040005214
34c18f695bac477dbcbd9528d6abd35d,639,1,-0.18994134288509767
a1e625b61abe45f69cd033c9b3fc14b9,490,0,0.09580433838930713
74b3076ae2fb4243ac715d8411162d76,639,1,-0.1971769629817668
74739a15d665420c9fb95c39107670f2,639,1,-0.2047903286335122
c73578c4bd20483184c6149628906354,90,0,0.14010840118240986
df8f688881ee497eb81e04fffc31ea36,382,0,0.12496975708017105
1e4ce1452ea642af84bf33f10f111e6a,42,0,0.10468652991495186
d5ca142d8f084e0bac744789d8cb6662,566,0,0.03700167867262644
b07a7fe8491747d081e828b109a08a09,311,0,0.1330259683827481
71256ce0e0e942f09918095e1a21e9e7,695,0,0.14263153807363627
97bcb60f127f47228a23b17aaf46fb09,610,0,0.12409865691154776
be4aafb5290b4938b5637b2160017432,610,0,0.131096340228545
c39da25e933f4dab9438370e6e462df6,610,0,0.11527117479033361
3bdd13b845ee4a938b964a2ff936411a,610,0,0.11447542793571852
eb9da6ff8cdd4c4a97ac92191d084e20,610,0,0.07285337918067486
afd6370f320a460e98229ee88379a42f,610,0,0.09411062267681969
da44002e0b5f4a30afd3d4888bf7df0b,610,0,0.08781102926005258
112abf95566e4f258e7454446f2ab19c,610,0,0.08135527107871654
2530bea966854f28a0e4050aaf410401,610,0,0.07469681054939659
df33eb509f3a40ee9a5edf206136d9bc,610,0,0.023557169465696692
e3e95463e6bd4e66b059d820914f35e4,610,0,0.05890543232313339
8ba63a92ba1a4b43887cd35f0789c4e8,610,0,0.01741244633317135
0dbdb3de4b36456dae5d4195847f32f3,610,0,0.03493467357974078
e8edd1ed6708422eb7a7f73d03200a6d,610,0,0.03708377781418526
f0655eca43ae44158669e1b192db73d1,610,0,0.03013784491472954
a49a1d4dedae4f288e4f0cad20afc449,610,0,0.01342427825973097
2ed253f2077d40698d44bd60930cfae4,610,1,-0.013085199424883398
a0f055c5e52a40d69536092478a9bcb2,610,0,0.01697466727541641
d87d195c7cc54289860c56f3c2a0ed83,96,0,0.1431044922252933
a368d1bd7ad1454a977b070b5ce2ab51,610,0,0.002821821454471074
5fc00b3a4df14251b3c2f00742e46a02,610,1,-0.060098650308557655
b7dd72244ab9491da4112ecf65312429,610,1,-0.018900639098832772
8696c3f2e57a4aa6ba4a779a4eef49de,610,0,0.00017769745315232566
bb1105cc8185410aa4a490688f273841,610,1,-0.04785469249076357
729b8f6d51c84f71b205a3ea93889d4a,610,1,-0.01615359735043176
5a090322e86844a2b53924e279d01f63,610,1,-0.019272384841472423
d05db06c462c4a6ab23e19f870c229ad,610,1,-0.030769224225810077
6950687bea814dedb12d4a61450cec93,610,1,-0.033308430654370724
9d253ac055e34a39af24842444f02963,610,1,-0.12967675717698546
4b5544b23dd74724915e22e1ed67aed0,610,1,-0.03678751724950702
d61dbd3ab538400493cf24ccd9b9da4c,610,1,-0.04678277734357328
a7f79697cda34e5b950afa7ae1ba097c,281,0,0.14512248368617847
bd45dc0112a843d286e925cc2275148e,462,0,0.10746274781877857
0d0127b1298b49c6b1d4f4daf6276a53,339,0,0.15731089661491315
971f5c205d3d4d12a7215759d9a32dc6,78,0,0.15975217553379945
bd2e6108c57240d29be18f3d3dab6525,794,0,0.1104764322893112
6b1925ef1183453ea3e706d58132ff95,570,0,0.11136694847890755
fa1fecc2944d47908bc17b0d68dc759b,680,0,0.15664875979047344
e6b30484bc8c47f7b2d327313b60c7ef,201,0,0.15339446059251594
594fc2a6043742e9a3ac84f5549a0f03,272,0,0.12274989543111275
70800b248d9c43aab011ea014c59dc90,679,0,0.14552729464797343
7cf734cb3ef94a07b815728f662994be,525,0,0.12008301505802055
3c73e3dbe6d947db80c108804faa0ef5,247,0,0.16364797932427422
a3455145ae644ec18db0472b083eba63,349,0,0.14808222618026018
ad9263bfdd734383b769db0560918de0,481,0,0.15391069394546725
c608d36ddb3c44e6ba131c726a81e6d0,704,0,0.11765879077299474
585db9ae7204462cbf5948ccb2335bae,708,0,0.14109168731071542
b105fc65d3d84a0b98e21b9f7684d96a,320,0,0.14231634135140975
d423808ae8a54f21ae640fdade18da4b,674,1,-0.04443797491952006
203cdece2cfb41ed914bd55c832b7d2f,581,0,0.07974046635715448
23736651ef2146a1930f8aece1307a81,581,0,0.0965202187143
55dea58d01ab4d0396f45f535e66cd37,392,0,0.1230244571652877
e9c6ed364eea480b898b82aa62d33c42,252,0,0.13459993110673724
f97e4bf553d549e1ac7f70a5280d7102,329,0,0.13456634823549635
76897efb5027417a80de83efb064f331,234,0,0.10348023387425426
27d4ffae90b44e268b7fa3e3f5c2e38e,190,0,0.1482596075432715
45fadb07efcc42619b9637e3ed56cb94,94,0,0.12861317236016412
cdf8e54fc347419dbe8d16fd6eadcd3f,566,0,0.039666410713797284
9d321e64401047638c2ce3bf49116868,175,0,0.13963766216112272
437f6b634f154dd09e6799587dc8e9fd,480,0,0.15770595970055823
809feac7b68646e2bd89db4bed4f7030,563,0,0.07714971729404285
a4657b2bc2d5440f91331d91a3075d63,150,0,0.08744574169566255
35caefd07eea4020927808647fece213,250,0,0.12126620118634751
a8e5e5613d1c41a08f8571da5386d7cb,474,0,0.07791985246006294
331b3b44291f42f68ce6f6c8e46128ba,490,0,0.050500531930554704
b5679199c31649ad9cbd866dd76952d1,276,0,0.15269625396885134
4003ab4229c547e7bf09b627567a3332,201,0,0.0814798764042674
ee9265b8b6544ac5899ca7b403b78913,45,0,0.15744319458334077
f0aa58f2508a439182d1535d695b83d6,539,0,0.12682026256538043
16a9fa640b534036abebe161b0e73901,698,0,0.13643303450331656
981ba68ad0c24f27a604d0c2d8dd2c8d,625,0,0.1414441051650417
e524fac23ee84b7db03433d9a784138e,94,0,0.06252638989054493
6fcdfdc6bef042ff97f280fa0cbfb542,41,0,0.15951424845292445
8c91e958f3f84ad3b26ad215535a738b,680,0,0.07222311251255548
a2f365fbab0e41eab39ff9956b20b2af,152,0,0.15159632681042973
1dde0e43fd734a61904d8f3fb9782b72,566,0,0.10593173119488253
4f633fdced8f437ca4ac5cd117168837,427,1,-0.005348952947729857
dfdba0a8da8c4fa89fd7f6be18cc4b09,785,0,0.14403467105615386
e589e16108d64767bb34bb1cd09c60a6,708,0,0.15752638331548902
09a8e37464e44b5ba3b3feb63c4ad385,797,0,0.1371675874006399
1ec77b92a0bd4b27bfefcf03aea56d2e,784,0,0.1537597653156627
e7fa221d3f2a4ae5b24870653d37c32b,94,0,0.06277001355030543
34a78f361a364a239c0fe52610b99645,490,0,0.07577668020906941
c0c7f3a4660844fc960b4682cb7d1720,794,0,0.15383996065416838
88873264ef654c3c8dbdbad82a66200c,329,0,0.13237838051608392
c7b53f0a783a4d079a6ade179f12c213,474,0,0.150433042883226
3e7a024ef9b549179de7583b57562782,784,0,0.12082425455720291
9f1a2c68a19d443bbeb957145f80cde2,778,0,0.122482031429756
fe3e27a1945d42599ced42b4a02fee55,707,0,0.0895344018332424
d3b4a01b0c1a487f821da83276621e7c,413,0,0.12211985648012336
2ae0c2e7b2214dd1ab60e9aca9499c3b,415,0,0.14754404175978392
02d575b1db3f447c96a3cd558b2466fc,17,0,0.14653416712190515
7a8aaeec96884144972501e084ec177d,698,0,0.11272399756036622
9be18238a2964fa68561ef7b8f003c41,566,0,0.09347052323962446
d2582e0844114dc98ad49277744c3748,566,0,0.1339521633374176
f84927baf6e94e05ba1d9829f5b0f63c,413,0,0.0824616321127401
9101b3d2f05a4604a23dacf86d32b072,250,0,0.11001686818134371
f6acff968e774ec1af65bbca7c787953,152,0,0.15274600735275445
0fe9dada92314d3a99b817b05a60d852,200,0,0.1266568830589323
9a8200e333054c5bab06acb51d5aa367,242,0,0.15168549127498449
3a6c9a3fedb343d1837ffe3b64682e68,566,0,0.009141175341586705
ef7645a76baa4dbf9c7435f9fd59ac0d,161,0,0.11725883626714068
94e1043e1fa4457f9e8e3d9eacdd67a5,234,0,0.01667064540951213
c83127fc61954daabf56c6967a7e2f6e,176,0,0.14429492923516102
9f3bb30049554179a22d67de8782ee2c,354,1,-0.08198465956496637
7b6280dc563e4f11a11edd3c0023e359,235,0,0.14191409624952656
3e43b09bcbf1444daefba505bd44517b,573,0,0.11421638176507054
2efa0f472d2141bc84a5c32f65ff5548,354,1,-0.13082346771835507
6c991febc18240be99bca205627c0a4a,354,1,-0.12177356303261822
26ff12bace014053a1c4125c3a02c1ef,340,0,0.13448261523452681
7c9c1e07eec6473899bb4fdc475eb9a7,354,1,-0.11845561296788942
67319467420f4c5db9b28c2d105a4d8b,82,0,0.11042090114328823
da5e7bfd4f0341aca495ec4cc28ad2a2,740,0,0.1552324337684532
3b4bb4ffa81d48afb2de7d51a89f2cb6,354,1,-0.10903515831073551
763c24b1f6f04ddb846ab4230021aed3,354,1,-0.12112931228064039
faab187c660744b2b9626648b9d633bf,281,0,0.1556173941955808
7cde307ebd3b4b73957e385f24cb14db,50,0,0.15465678639782787
f5e4ee562401459a90cc5d00febdd55f,639,1,-0.016335155723613548
d7a0046b2abd4344b140cb8cfbd6cb94,254,0,0.15174367958617774
5fd047fa6403482aa468a5718b97b598,429,0,0.14377581379985582
712516c96c404e189d2a84c396b44514,473,0,0.044345846211021556
f74f66cd2d1545b1a8e48569c58808ae,742,0,0.13095490996123443
931dee6e263c4f1b9082f2efb541ec94,244,0,0.15565350146464413
96eb37022bf4443da222055c3d89bd1b,779,0,0.1238358039275601
cfb8754fb4054f5ab2307f679996d4de,27,0,0.15335914895193742
e4cf92263a6b43049c9094128db0daf6,797,1,-0.02028839592103926
eb2c839a3be746aeb43edf34fb38b7f4,13,0,0.14655929218112917
3459183b8239478b8b3263ada83cb3f5,174,0,0.1193033718828947
ab3bd18d86364da79c0cab9367c15d34,763,0,0.04992088517964305
6c2c28a71db14cefa648a48cb460c7a5,41,0,0.1479098916306456
f55fd1ef22244dbcb233b36a82c36737,540,0,0.14871206426065386
e3e68c5c2c3c4224a3e8997824897e44,794,0,0.09457487128789527
809c7d511fcb437b99b8e83bc44ba5f5,692,0,0.15359088379243968
4ed19fb57bab43e4ab9e03c65b9e4956,566,0,0.15128323382041925
f02e37bf5b564c0b85f15e9bf3402ab0,30,0,0.16145809888548646
edd246dca691411582a98b1f631db26f,17,0,0.15922559889471616
3c4e59a6c2ab45149b2db0060f26619f,742,0,0.046836380936073674
d9483220925244bf878611f2669220e1,787,0,0.11843207533437111
e884c62d65c04e5c9d5d5b23c33f7f65,685,0,0.07172760824489532
f8487c3b36784dcc9a6c8fbccae2f739,698,1,-0.005940850463855174
a608f81df846463bab6a1a0ff4aaf9f7,474,0,0.11106039025631653
83f62dd2c7024b57a60a9255920e7ee0,503,0,0.1600268012918329
a7f19741c3294e11ad4e349b384edb30,448,0,0.14183398191236235
3b0a50d32c6b439c836ff8b837d7afe9,175,0,0.15277003587610677
61a52b39b8f6422590e755d3b74e9759,271,0,0.11466501864722722
84a99c02345240098789fbba40f7c20b,698,0,0.12499509077469145
9c32c0a0a5124c08855bfd46e1db174e,298,0,0.14537988415660907
7c531273f584458ea115b12416401b53,36,0,0.14117643748622205
8fda1a495c7c4d7686c46b6496444e5e,787,0,0.02167764366488034
14ee632b9de1467b948d48a54dcf15fb,679,0,0.01192907698819562
80cd7b8cfc1a472cb873836f285dde22,638,0,0.1335963483921611
2ee85b3d561d4a478362bdb8b27f2789,572,0,0.14678300206631612
b7a62f355f604468bfe8ace6dff24846,267,0,0.03336910365079199
af23706792524116991eec34c95b9552,691,0,0.0547469607731812
8cc02cff58e34d19b7270598ac1d8927,403,0,0.05680854599078916
ad98655a1d5147329600398e7cbbf43d,429,0,0.14104383035269064
64acd6a2991141299ad777c97e6d019a,324,0,0.11723369887590135
004508f4c80d488a9652214b4f748d1f,89,0,0.08090335146305444
274582bc0b58484a83962efb0452c85c,785,0,0.14061062938114438
439283caa28945689818188f9b81a7f0,685,0,0.06275306824646365
8219bc2c29de4627978c82cb8dd82304,64,0,0.13665134744141794
41f9ea61b25040d296c31a8d71d5af0d,8,0,0.15619445536839027
c4534741cd474e639300e7b8093543fb,785,0,0.12101395414316496
1cb4b311310544658f8012f25bede1a6,794,0,0.15744972380583466
9fe506dad670479f94eadb0257d9c6dd,64,0,0.11734913305273703
d1a2354baf3e4d248e72ba7447dbed76,29,0,0.14529978276987982
fd7dafa7683a4d98b9d7c907a3bf8b52,594,0,0.1003965998667391
2248c8afe2c447269a2f2293fce09075,594,0,0.0641041540530985
57b38ee0bbaf462299e120ff2253b1b1,594,0,0.029418081509607397
b8e496f429444e7c9003b49fa4d0eddc,437,0,0.1321694580353261
2f1582ffa63142fb898de418db539de0,310,0,0.15264710396704778
15f061acf24c4d6d85198ab461784844,594,1,-0.024607778599345154
20677d14741149998f4b798177232d7f,594,1,-0.007344833915287841
3502cd94fc4948d8ad945b157417d585,427,0,0.15061200225894023
cc3edb58a2b1411b88d7d8d87f5e47e3,594,1,-0.06386867939638008
8438e8da26f54f27ac0079e2fbfc5337,594,1,-0.06488528661670645
d39abb3e4eb744a890827f080716b873,594,1,-0.0674634471454465
fb566d52cb2443c9aef88cdbd9cd9be1,618,0,0.1559939382977995
6cc21e537b3146d0acd1ca239ec791ec,594,1,-0.06604500715892425
55720137dc0b4defbd30b37e704cf414,594,1,-0.0800076436949303
f2a3f09bba044e2db093ae6cccf41d42,594,1,-0.10271265979813282
3a49f8cb8f8d4bdab0e4255e6764deca,610,0,0.13623053197995283
905aaf64c66f4762ab68bb9014d58088,594,1,-0.08913438566948928
f908951da2ae4dee8a832fe8d39f0848,594,1,-0.08494513071280418
3c41294f6a1f4641b6a4ac2c1dd475ae,594,1,-0.10361830750494361
e631aa37b70948c58e6f2d28d8e68282,594,1,-0.09345664743253823
27d2530dc26c4a0f98ddf333e0edcff3,28,0,0.13419280538402212
5db4cd3f36df414fae0cfc90836cb425,515,0,0.04726037322390009
ad8e66dba3464ee7a994dd25b41e7bab,242,0,0.1397451635668303
61b99e750356494a86d51b0401c4a28d,17,0,0.1502549326473292
8e564ef9f45a425591e7a64f7299554b,797,0,0.14803427175110007
c88e948ff3ef4211b6bac2589700f180,203,1,-0.002158112323202954
2b8908c5f55246b4b47b76f95eb2766d,511,0,0.15460257184953935
9441f5a3b48140d5b275afa331e15fe6,682,0,0.1492879740182833
1d47cb00873841889286f5d13dd56410,570,0,0.056772595990733976
4732a476cf1a43c6a901240b278a8a03,252,0,0.09968744463586648
ee58531272ac4cc88f78558ea33393dd,203,0,0.12181372770313054
8550ada8b83b4d36a2e64880630d7b17,403,0,0.05354534873611383
7d58eeda52de46c1b6977f6f46a420f5,50,0,0.1511265432890883
4d9ba8a700ad4138b1048d8fb6a19c81,420,0,0.10341032793539434
c71662cd0bf14c0aab479cf8eb84f151,645,0,0.1603826958932863
e4027d47c7e94a1d8cde91b0ac613a26,150,0,0.13491657858682027
db96b0306bd5467581351e8e08b5b360,550,0,0.08188971264823602
f152e0a030d74f7e9831df4de8d3c14e,525,0,0.1514895738938612
458d0b205f9a4f7fb1bd34d1b6606ef1,604,0,0.05136365270225235
89ff37bc45ea4c88b1b62732b44685ba,90,0,0.14092646071507525
8f8d1d9c09c04cd2b5ebbd426798bd14,707,0,0.11014919794455735
4518bfc161f347e4bc1d6755e92725e0,674,1,-0.12539929134505012
2e3c3aabdcb4403ca197d8bfb3cf059c,645,0,0.09819017632447491
081a6f93352d4ff1824a214d4ff4fe1f,539,0,0.1510225312025701
2fd0f0fdbfed4940bfec1fdf31ade544,638,0,0.13773395396183657
866f91e06df446b0b595b29190c20ca2,107,0,0.1148498402557917
a6ede411484b40ea8665710d1457d004,713,0,0.15507368624152995
c367b905c7b64ddf88b513f3f08af250,550,0,0.10352850126566387
53fc06a312db46fd865df743cb9c37f9,446,0,0.0712610011516352
39663217d95d4be69975849e07ee6c0b,234,0,0.10395295154065937
75fedd49c28e4664adcc94c241ca2034,164,0,0.1455192305338326
8e65e47a9b6642e08d7399ee406d515e,572,0,0.14796213394237162
85921c51f61f40e9a52034cc1a3c3e6d,490,0,0.15377787995060588
2a22a396fbee41d8be2ea9c4f37070c9,503,0,0.15647450951207342
8a23882b43114619b942f25bfa27c50b,680,0,0.15185370579576585
4aa875c88aa0495b9f9bf18ea27fc886,235,0,0.11139085351593447
021e3ee98dea4c89bf704f7fdbca5549,235,0,0.10216984192459372
773e53c316c5414d9ebfa06730b03f43,610,0,0.11393762557695741
f3d88839d78d434eaa3f7ea822477020,570,0,0.08385903563254093
e566863c537b43f991ffa8c48ca96c1b,50,0,0.1413348438737964
1f88cb6eb0cd40c2bb992977569d20e2,581,0,0.15696168272728245
4d46bc014b014e219bed39a8068c6016,379,0,0.14971370010985846
9d08fe251778462ea75e31136069a69d,242,0,0.05078318836146167
d8507e6914564421a367ccfab1ac69a8,272,0,0.09802159003356081
fe5518ba2e8342b9a80078e49eea25c3,224,0,0.16199496466007846
7ab8881ea1fa482e8e247b9e67c998d4,481,0,0.05264509794437666
e2a8c31ce3c94e67b69167f90790bc60,625,0,0.10681340754753582
15ea29c97abb46fdb5cdfc1be9b78ed0,474,0,0.05930757542088522
b1384bc63aa646b4bf6e8fd97673309f,440,0,0.05921475289208411
e8604110620444c2bea224f1024e3207,639,1,-0.04939612002891891
2cc27cd301e241e894f3c5b1b377d64d,679,0,0.1436629482903523
9a06e7356deb4b93841d3f276f1857c2,448,0,0.14332892440373313
62c4cdc65b71450a98382664dee70b01,224,0,0.11016253202772686
0f6bee2949b54791a3a3d9a389875a49,784,0,0.06356808270696812
4b361d60827e48cabf971534d7f20987,415,0,0.11503162930376598
e6659bcde0d944bf92a9e33765849392,609,0,0.13192777492746166
8d51bbef8f8f442aaaff278d503dd1a0,778,0,0.15663947586221272
525aee4518c648eb82e51e784dddf682,407,0,0.1282881886652666
457080ab1c894362a0744dd7b2131f27,247,0,0.1498255358034467
4c623d7a829344c6875279e807bd7c3a,164,0,0.12177310943827596
4c672c8534414dcb85d8ac9009e84c9a,320,0,0.12755925827388986
daba73ccdf754b7db343926efa032c17,550,0,0.05880971638632382
02c7ed8936ea467bb87577b91af212b6,797,0,0.1518572972415193
03898581c04c4643a5ca13c3e3700640,190,0,0.15214508486277034
2879b412f50c42e3a7dbb1e4a1d4858a,473,0,0.01245658011155304
674de6e1ae644e118f731fea872dc820,361,0,0.03238918771015792
60088b6a413d44dbba04fc01268d1c9a,380,0,0.09396300748949454
a7e4a2887109443fa4c251807269c312,96,0,0.15375990130529044
dca5b444795e40fc8e2f618f2ddec43a,242,0,0.06329255920268273
5832751d56454bb68a5065c15c5566de,550,1,-0.013038027565388743
cbdecda1e4d443958e858214e0a0185d,427,0,0.15391162040439077
1bc94853d2e84cf6bfc51572938b8712,239,0,0.11888671865381856
49bf98e7a17042789fe3371b15f5e0bf,310,0,0.15639368244884044
43499cfa62b841a1866429c7f54f55ef,464,0,0.15838742719425125
ed24e4ee8c4d49e6bf9fa6578126adbd,420,0,0.12497005298967628
3a67019c031c451e9321caddfaba97c1,511,0,0.1401832195662262
04272d69821043969e7c4af09e5d8c3e,8,0,0.15191561766781592
d863b2306bfb48c1b6811e46f5f6b997,349,0,0.032532613806105226
160e56accec44db19bb471539af08b42,406,0,0.10084878426325167
ac1d0f8638724ea3ab5446a0969f4e01,49,0,0.12987718897817807
4efe8ef71fd948a69689667b919d4b53,349,0,0.12129122827651784
1eb6af5a945d4a57a631d4e62e98ce0b,674,1,-0.003641872887276465
8f56f11f157b49bab097d4f6220d5225,698,0,0.12780000456895774
155fe614ab2240368128566d302cab3f,618,0,0.1508129166278494
aa839ac93dde42188ac68a636de70d4e,787,0,0.14690243095066302
e69d1f07110f4dad83c4bcfaa5de2253,89,0,0.1510842661667025
ab772a94875a46e8a5d24f7f09355af9,50,0,0.13144938803507888
f0edbf7207d24d9991cd03fa468b3688,566,0,0.08352850687269692
76ba96e8b69a41548e7d41d78c00c9e8,187,0,0.1555726359838075
8c7d12dd0cdd4da1a15209f35286d7e4,50,0,0.13372032345322232
ea5cf23c79b943d4a14a21050bf26ccf,312,0,0.14262788256368042
3793371522224d5d9a15962155ca7998,675,0,0.15673288192622398
9750bf0952cc43e1bcc93f34f077786f,74,0,0.056460868661925734
967d58c456834a7ba87fd1ade1f6eaf8,473,0,0.1502097498415459
8ec328a0e86b42039e8d93bdf295aaec,742,0,0.16205722226177477
c4e028817dbe4ffcb74122ac0b21c0d7,24,0,0.14290213139860752
4a7247c4b9cc4e8aa32a6100da300ae1,112,0,0.1561101794993915
33734b2697ef45169fb447ad38cb7933,379,0,0.15557829369516119
2d3733ed059645ecb3c0dd6f3b1e117d,306,0,0.12510872444376464
f58004d43afd4719ac24edf22d76f327,305,0,0.1568346874307785
5fcd4898eff2497f85a17ac6ee62ac53,8,0,0.09214742074309895
e08a14e2e42245b7a258b70e1d32bbd4,740,1,-0.025764259787330324
0c84fd04dc2b4335a9418d3426f46816,440,0,0.09629895203389155
5b2266438e5644ab93eaafa3aff4b202,28,0,0.14761397501207918
10328d0531114e63886d71c010a3d468,572,0,0.15866434734985474
d8ccdebae770435da0e5dcec2ebea7f1,638,0,0.1169226648896659
67b3d4c8366c4ecea56739c618abb867,708,0,0.0734823819992943
d68e0d20813041798ef032dd6c5d5348,10,0,0.15415183625956874
b2375e7ef0114e0b9d0ea09807595bd7,134,0,0.15148416783126195
d065f4c6209b452dac26b6942b0ed976,382,0,0.07465075482554223
401573c8888141aa94fb264b806473d5,403,0,0.15736656333907206
3f06c18d779c4ddcae0c6bc8ebe30a3b,525,0,0.027034890932898847
f9ee5eb4df564e54b3a21fd3a171c668,570,0,0.13343285884846035
e337233e863547b3857cef5a7fab13a8,695,0,0.03112809003216538
bed035658ed84406b0785ca0d04c901b,200,0,0.15476083192747386
024a8874f17a4236a265d72f4ad911dd,27,0,0.007086362140403368
8bd3f2588df747a6b9287047b7534cfa,112,0,0.08284393002603385
9e9b41de1e0142e08708e7f5f00f28f3,533,0,0.13717427243690272
fc8a376df8ef4c5f8d576400484092fb,625,0,0.11351296553734369
3ad50b3ee8804d468096dc6f2da6c01f,581,0,0.1460303326969179
4ed85e23aaae4e599b123b46ce66728c,224,0,0.1542608980815101
5ac84666389e47fc8e753b6475fea896,704,0,0.14817328226169957
cf302a98c74e45b5a6a642e230c5a3f2,201,0,0.04650936811469736
94c4392f516946bbbbf8ae6630dd4612,175,0,0.14438345255508872
004e92e0d7f243eaa8f2c8df56a6a530,407,0,0.1616036049662281
4864e10140ba498190a5cab8c8382ea4,6,0,0.07356601353357767
713ab21e04d3422abe37945cf37b495c,546,0,0.15857479616272518
669f8103c2e34f5792076cf2061b8260,631,0,0.1273799483159212
4c7ddf0dc03f405d94d5b83c9f7a4aa2,633,0,0.13837662363422992
111ad704da9b43a9a67c1d6279eba4d8,609,0,0.07537605994936342
07be485e61e84d56ae67ba37a20c5518,598,0,0.14752511405594187
f0ce20463b3b4ace84a2915c26878464,175,0,0.05944945384337713
e6f5f4846f9e43019a4c2ef9af9f2603,13,0,0.15046007066467199
6eb6b29496d84bc1a89f3868c43d0c0f,267,0,0.13381576745478369
6c064193b4784e968ee37890b3005344,675,0,0.1598639265984606
70af3a0b11524527986d0032531b1b86,333,0,0.15953909488448142
fb731ac70d4245fea7c9cc0b524c0c2a,6,0,0.05349339534958247
a3198b2c9eb241fc8d5b8b99f49830ee,617,0,0.15189969762024758
87b83d0096b04069ad08b6217636d677,361,0,0.07282629404633606
d0dd1f82438f43cc8c0046dd0aa3dabe,64,0,0.15232822476525382
f460c4fac5144fffb7cc46c973c62ae7,349,0,0.0635254337577773
edd5015dbccc406fb42e350565d0bdc3,609,0,0.08372835544910068
b0945a3e05284899a0fb947b8b24baca,239,0,0.059951699538950964
c8165601fb294d6591a39603af2ace26,448,0,0.1545220168606668
b2da568753244f64a335fcfde05f5116,462,0,0.13965904636620874
a30193a4a30a461eb0507eeb574fd0a6,10,0,0.14010485677067042
677a1a403b4b4c928ace4fd9977869db,581,0,0.1588799293605898
39ab1345dd33417f831fa8bdf9d022b8,533,0,0.07134433125578726
23f9b2f45afb4683ae9c31b5dbf2dc81,533,0,0.031094937902697573
e5cd94f378ac4992a3c22bcdb3d621d6,298,0,0.017496938429438502
3ca798241921405290f4802c40509161,533,0,0.04371599780421337
6168687cf5b747e7a1b5ff603e65ea3c,598,0,0.08000799903738853
917ebc0165ef476bb4b523373e1a51f3,533,1,-0.012039536063460754
688b336595274ae4911c3a4928bde3dc,675,0,0.06909675113554242
419169bf193840999ae7e9ddb7a1282f,533,1,-0.009410315261672908
10e0026130b24aa5bc823454a8fc054b,533,1,-0.07922981171292265
813dad19900b4db98c7ea8405decba72,533,1,-0.07060940247444647
36b6b4f4e5a0421cbb898fcb3decf308,533,1,-0.07522129587803339
7b706a3ad7bd42ed87b7a2cb1f6af901,533,1,-0.1373777914348171
85b9b766de2148979553221f0d2c0d97,533,1,-0.0934184531905049
1195dfeacad845e3b39b7fc3f5edc2e4,638,0,0.08558334088569519
14d4166f63d44b5c9be687267a0ac0df,533,1,-0.09162532223499176
15362608b3a24fc1bf42f39aff96ec05,533,1,-0.09333537387834412
e689434265584f8bb2821b569d457c4c,533,1,-0.09710619192563541
5062943361ae4e9e8ef8de7d939286f8,382,0,0.1535217810579379
7a673ca351f748059bfa53a442afc44c,533,1,-0.10452380477097056
08a848d629fe42b0aa5a60ce65771b23,533,1,-0.11524232570980619
f2511cca9bab41e7af2bb3b239a145e8,272,0,0.1334326736073117
e055dae0e6134fe895f9cd08c0b10de0,566,0,0.04938388355789475
54e3d4b06cb04048841223cb21daf35a,481,0,0.1318254264230856
c1375600ebf2483ebbb06d2977d391b9,239,0,0.09678070355908186
8b3df3d8bac14723a3d02640a502561d,174,0,0.142823068380171
ab3b430f37854438a9bcd3034fe93f06,382,0,0.07642740388635533
b185e525b8cd4e98a433d78e52fdda39,152,0,0.1557103817685162
82932b70d2284071be03c0763edc689a,242,0,0.1535119865025965
581d712f367e4af299e5ca986f1d63d3,10,0,0.11103176347665805
62916ee29a044807979370c02550c781,6,1,-0.0055045580827957075
9999cdd86cc543bf80b4af4a8ce8f46e,680,0,0.15193573588374926
4cb0219a30044524b85e30a35f1d8440,631,0,0.09368230324679816
9d6646c59d5340ff8a81e84500f2cb89,693,0,0.13904807721812035
128fe148a6de4c68a54983c5f1214f77,775,0,0.1272124264974533
7685fe6edd0042cab51ac944d8c0aaf5,570,0,0.0796503816330883
b23ddc658c7c4d5b9ecec42131544aca,503,0,0.14462755574892455
041c31d773f847e1bcbc79ee71b3d97d,796,0,0.08785380733449027
55572a74a0b24e1cab909f319f735626,9,0,0.06031937742642468
b77eb3f670b748028a1f3f5435cfb2c4,250,0,0.0319823091507479
adc256e278be44d386b6d7413ee1594d,250,0,0.07734107251493494
98c1e54dced3440688b49ecb7c0764c1,244,0,0.14366823808391843
cade917c87224a658a181ebc922d03e0,354,0,0.06744965709074635
a36a4f87df894b748bca4b2e018f8176,763,0,0.14169008406646338
eed9dd643ff94ce4ad572602331401b9,581,0,0.08737232411839324
787afc168fea4fce83aaad703ce44f59,450,0,0.14644449983129704
b7b664bafb1f4af291f521edb1929da0,25,0,0.029387890720600107
c02e78427392443fbd77622a03c74908,503,0,0.12057581617002244
6c97c91c19bf49ae8df509a56c9ce66c,276,0,0.16216330842618448
08f8479e7b7c4d21a97cea1330647ef5,82,0,0.11299584901604648
6cb6c9fa50b6496b901d513b738efba8,370,0,0.10269585719607355
36064237ffc54bc7be7938f7bbe28653,675,0,0.15399690624999257
68f5ebd661ea41aca80848007ce880d5,200,0,0.15470335224653775
944c8440c6fa440eae71d5d3e46be028,200,0,0.06384795240519398
f5d7c7703a4e4d2bb06560c377bbdc6a,625,0,0.08852933814643721
be9ffc4de5b445b9adb19448a68ff7d9,563,0,0.15087699750546363
845e949d39d442c4944b59281f104635,603,0,0.14506336333398478
aedb912fcd554385babd15091be76bfe,232,1,-0.07617557055868263
c6b49cb69c1b425da8d6463504684db0,797,0,0.02320237853776952
c86ebd71802942959881b7a148bc3679,496,0,0.15035312022795677
948e6663184d43d09e55711810757450,429,0,0.11228394477609716
7485c1e0202c4d5c95fe06d83fedc257,682,0,0.04784274752692591
5230cd5a73724566b8ffc06d0daa55eb,9,1,-0.005369828975877011
fbaf2e9a2e7342c8960fd6874617e43f,10,0,0.1444608818774592
0dee346202354bf297bddc308dee8b1b,787,0,0.1532922689154752
2560a79dce6e4c6781ee52c09515e1e1,232,0,0.08796594232656113
fc58e208ec6e4655b58a61cd40e22e0b,74,0,0.05571718973420986
aba95a910c234ae9829d3ad436f48587,355,0,0.15809024685304773
a00d5f080dc6484ea0e3d5efd2214ae8,618,0,0.14525927569749647
b45569efc3c342a4b99284736d7cb7d7,609,1,-0.010844053918134922
c026b7b72a454867a53ec08d6a5d304a,446,0,0.13312998705385665
4b2e2c8ce97544f09ff9427ba7e95f68,247,0,0.13130708349774478
dd8656cd7f4946d297d441ed220ebf50,503,1,-0.0715556823593615
d28119ebfc9b4fb4b676dee91ac057f0,413,0,0.11328162231915034
a583f36a534a47a484381108d2b7e637,429,0,0.02461527704033939
eee0994ad49d4af8a5031ce60daa6e83,190,0,0.155456436020954
34f795a204ad483aaa4407fc5f7a45ed,306,0,0.14079590574138096
60e0e71c617d43a78acbfe8f9d56c3d8,633,0,0.13209087110924278
0282e384b31242fcb4ac17570f531cc4,784,0,0.15475190578191167
78967e3e61074206bc35774a9c3d0e1d,276,0,0.1480035854220259
422193ea9f3c45ceaa4c45e7ee4d1d1e,707,0,0.11399139454938811
67722998dc80440a848665d2591bcada,306,1,-0.032190231065657104
71efe71f08d04d039bb495d06690985c,691,0,0.002471064169121018
3c7ac48631594663b53bc54cccdbe4ac,174,0,0.06735585239543979
b06ab787afe444bbaf4d2f062c4d34e8,539,0,0.08194298797192168
04098193f012430591677699960d29f9,727,0,0.14632728340528794
07e676e0e5fd44e29bd471ac97cb2881,598,0,0.15280677237897466
bfbe879544104ae5abceda0f47b59442,679,0,0.13196014288945623
f914edc786bd4cfc9ec46e9e4a83c8c1,13,0,0.14808007909124737
abfd309ab7ab43989b4376ddf355df51,224,0,0.05242206566250518
38d0809dae974bcdb0fa1549771ee14e,305,1,-0.05553635532591095
bed48b1ffb0d4ca796d36f809de92d46,446,0,0.0023412309397871645
b18fac0dcb4a408a979bf7e8b8d04c2a,150,0,0.14535551703123217
d88397ab7db144569bb4c7fcac145295,420,1,-0.03943371404091622
0ce4f557e8004b989649629f9edb7dab,481,0,0.1612916155618146
c88a8de1a5984873b15485096d59afd7,42,0,0.16078916025092438
736a090ab48e4ae98984f1bdc3ebb00e,201,0,0.13235594157729935
f818c2816cd34a94aab597a08c764c23,779,0,0.1359472947621601
e945d5f4939d4dfaa3cd2430e786749d,572,0,0.155570765320367
4e3655a8332e46e6953110dae8ab2cae,566,0,0.14232852538974694
602f011d97fc4b659e34c29e85c904b1,520,0,0.15598699290777568
e2d62df5317f405d9872de13d132be34,692,0,0.1477034636213389
5fcc11de9f684141918490966e9f13a1,6,0,0.10514282856650164
414dacc5eba84f1eaa3969c0241817a3,708,0,0.07325073376574798
c02d981f77454d60ae1ba7604b104df1,428,0,0.11386265256820288
229156c9dd6542f5b77be89788d7605c,631,1,-0.011253371762293685
232cd582b54541b38b393f47a14ec8d9,150,0,0.11123065024274936
a0f8735ced934767b47f1c8eeeb631e5,477,0,0.1596022566852371
4434c24710bb42b2bce0c7360df53755,679,0,0.08123379414714466
97f39a0b0b674b9e807efd81163ded6c,740,0,0.07590829256306114
83fd45595e034efcba5a298df049e0eb,563,0,0.14416458077275746
a5d93b039da14fed8074e79017a4d9e2,150,0,0.11793063174103968
25d81076c42049ceb7c0e0adca1e89b8,429,0,0.10579494932459821
979bc9d63d1a4bebb19f274aa25e7010,333,0,0.1492707407772187
d524bcf05ff04aacb6f5eea5c43a04a3,305,0,0.05187362830249792
fa021daf89bc4771a8fd399ee1e2c3c1,794,0,0.1361607201371714
3c89f052e61b476c959febc89e5c56a8,682,0,0.14087046807665982
cb1f2079518744f085d9255e7463ae2a,420,0,0.028648292875350256
55d31539b43a4abba081da173d9f674e,407,0,0.12765577397155875
b53c398b6b0c47828a79f13408e0eef6,540,0,0.137154043629858
4db31aa169c14030bb52757cda934d17,17,0,0.15095790478402066
d5bf4f99f3db4dcc99b45d2fe2017ae0,239,0,0.12673725825021753
ecf2e227af9f4c4c8883f3c8e52b4aa2,496,0,0.15462373834620713
61d6dea5ced34898b5dc706fd52947cd,267,0,0.030431952568119036
53f5a99ee74246a289acc3ff1f4c031c,727,0,0.056677114639540616
44e49b0a89cd41e8aa63f8b53fdf7773,329,0,0.13268889815442841
c2f4a2d2902f4e9c933df9676dbec7ef,462,0,0.15241581168469848
6e1823d184d940fdbd6df32ec8311a4d,618,0,0.14719086663630188
9c384c6142c64b49b3d47434a1b44593,708,1,-0.06561870776216372
4854ec9ed5cc4ce39cc9300f8e184d58,94,0,0.08084495774516604
a742a93d423b44d78bd34338ea5c0528,763,0,0.15885253192101095
634101628a8c4193b1896d794e10555f,272,0,0.14930615336547903
aae3c8109ffe48e784191538888f26d8,546,0,0.13883579948094932
0b230816de1a49ea9d7117936e11d61f,655,0,0.14546846754753728
a4f0d36a2fc447cab4b5062412c37774,134,0,0.15767700061671086
acd133d1c37b4402a410a59def886366,695,0,0.1597672614396875
b53a09f1dcbe46e79933dce762e8d149,763,0,0.1147777769077073
a4c0e0da4e3f42fdba73ebcb0c0a2e1c,6,0,0.12430412803130664
7b236c9bbd2d4afd82c84c099531a03f,617,0,0.14874921368832034
c8fdbaf0798e44b59260f348c0feb035,244,0,0.15420390525957445
f1a0dd84481a49668b5b447874c2c42c,339,0,0.16031502773741985
9c4b45ea365a40dd80659e69e200352e,453,0,0.12111691147575382
c2f87f57337749ad80ec2f874566b24b,30,0,0.1539510273036408
014e164780b54e578394064029797990,797,0,0.15604805453497655
a1bc77ba8f414be187177c4aa69d1ebb,413,0,0.10793509554949898
188a01be769f46afb5621f9ba32ebe97,349,0,0.15376850671339531
c02be3b007974b0fa48a1a97b8ca4c5d,503,0,0.14270054915819663
8ca6ff131b334b65979c67524627e665,50,0,0.13610992135546257
381fd04d4da04b2cb8dad74334b3eee8,25,0,0.15929464061522258
378019914bf8437aa1b89f8c9c07842c,638,0,0.15578187218627548
ede17b52c38b405b891e0108b02553a1,511,0,0.15730240179264793
88678e30ca4c43d38bfd4b526596946e,610,0,0.10333159164572664
7e7af230b1014dd896259e04e341a6c1,707,1,-0.047893703128275567
4e7b749173064ecc963a02aac86bd977,631,0,0.11133030183152598
c6a64923056942aea034be086cc64a39,45,0,0.16034474024971707
5d3190afda6a476ca4959a334886e6cf,625,1,-0.021564770363132868
0b4b0c06e16341de98c20c8b6b161bc4,250,0,0.12409786471307804
44aa0badb2374bb1988f98ebd0106722,150,0,0.14858631280127388
15a736ec2c294584833d8fd377ee3801,669,0,0.14842422534148092
f941bcc746d34cd2811cd8aeeb7ffae3,477,0,0.15855432774140044
520dad7007f542098330c2a3a597751b,639,1,-0.02962370398400227
a096fbf8e7d1445386507b91d4f03232,27,0,0.02700050439912044
a01d68852e584b60a202007275d65be6,778,0,0.06903901311627719
20be1943af3742f4ae91efc90479db4d,50,0,0.06830649719978044
4d05829df8164d3dba4c3fab4837245b,550,0,0.1593817496285626
f74aa234080a47cab42a36cdc9da9228,298,0,0.15136163703688604
44ff894a58ba437fa17947e7bc1510fe,25,0,0.08449574102704305
53c291da07c24a1d8e0b253177e2a99a,437,0,0.028137281607216347
5f5b7a36d3844a108d40cc853d5bfd6d,232,0,0.11607156167755117
e33ea371f79c4611bce13c83fec1c6a1,604,0,0.15442640062184448
4557194ab0f2466891a6db5adaa2c105,128,0,0.12348523161541214
dde70d5fde9245ebab4b6f01003b8e0b,96,0,0.15857885035691727
a8ed9c1ffd714f00a329567ed774f367,324,0,0.1288499727430969
ba32fd766acf43259a458c61ce418ac2,234,0,0.10117586095737302
362376d6987849ccb8af441fbe2e066f,779,0,0.15359154392178392
68b132d86fdf46908e0ecd3814181528,413,0,0.11200564540310431
71b1f02a09ea4d64bdc925ca34fe00c1,679,0,0.12245252928581851
8aced13e8d5147e5b7b9ffc3a956139d,413,0,0.12262701787619751
7ba0a1ecc3074d8e92054b80dd9395fd,252,0,0.08887745758321641
975dc009338c49888ef7bf40e9603403,594,1,-0.06199352351960774
344b8e09fbc54f8690edb25f42bc34bf,428,0,0.15025632072551814
44633fddcee04ffbaac78653653afb09,201,0,0.15185256690859456
2dc68006a77b48aaa15221f302b74f4a,33,0,0.15623461749664452
7f41ead9a584499cbddeb31bb498a144,252,0,0.051425463453866394
e0b0dc2d83e54dc69748c5d133f746e7,427,0,0.15774636751955284
12621b67d807441db003793465140938,33,0,0.12931763114811473
ba6d29249e0f470181ca8d0df051e40c,546,0,0.02296558993687653
b77fc63f9aeb4569a9ef0e268ee58708,420,0,0.06101729643526821
a823fe8c171740809d0d826b3ace3d34,679,0,0.0764580537797987
15bef1d6815247459461caaa398f8582,413,0,0.05831159609172032
ac693ebe60a1433988572decaf52ff82,13,0,0.15027010788462586
92b24a32e1bd4ca2a8a68680f08b25f6,41,0,0.15673103972847058
48446609a00e4717931677e924c1b573,480,0,0.13611712132826576
63088f583df243c8a7795e9b738614db,440,0,0.15305897814490388
348d6dfadcf7493bbff1723f33fbbb64,134,0,0.15839191410294795
a4bbbd9a41814de7a26cee0f2f236dc4,787,0,0.14999613388471705
3841339218cc4ce2b11e6385aee8de11,428,0,0.12501577266501285
df83b614269642e7ac3268e930152606,250,0,0.12324317988055017
4b3522cf7c6b4bb6a75dfc902082cdd8,775,0,0.15627445380792032
797a028ae5f64b64ac3222c00eff3cda,428,0,0.11063352573656782
4e45ddce5ca549468a93ae3a10fe80e5,691,0,0.14257776342306483
32d3f8508b9c490ba93f8872266d2ffd,41,0,0.04814262244230649
e93caf8743c2441bad9c422b09abc174,74,0,0.04050191589307012
3b04d649343d4cad978048a065a3de2c,674,0,0.06745613176327347
f6fd2dc195064f36971a1719c61f4d03,490,0,0.14227715351458708
56708bfb5a6a408389e9bdb6d2c65126,674,0,0.07825276953016408
e2c4faddb37344c480805757d52cf443,349,0,0.02026120990147129
4898ec26adc549b8874eaa2211405baf,200,0,0.14676347230621067
24a4011f74484ec0939df1b7c622aed8,581,0,0.15889733905466402
0a3785afe3cb43cfac316db50a93a839,645,0,0.020005675628872288
2a58ba68eb1c4551a62367b028ac3c69,415,0,0.023765105976920664
2815cd545cc24f3f937a75db1de73a01,429,0,0.1553819558250178
c2805f4dc1d14775a7e4ba4ba895b14f,267,0,0.1380978209119827
3f00b7688370492d9662595c3070eb90,339,0,0.16298638965639822
577a1f50355c499088c9c45576f7c477,49,0,0.1375093220015262
9fc3ee2af83e45168c49b7ac0f38a4d2,446,0,0.15852705909127812
1d17f978d6804b0a8c01444f86956675,490,0,0.07225015660115436
84526003838d44dca9bd57ebf7d442cc,74,1,-0.00491318297491905
aff54f8d389f4482905967f888604da5,708,0,0.14366239396544306
7c6f09996de7456fb4561eb993aecfb9,740,0,0.15452027543830305
d057ce4aa74d4fb289c8b340856b4131,17,0,0.14725884755855473
afc98208ab8e4b7faa055aa20fd65132,638,0,0.05178164596604784
2a13886e5eed437a81552fc0d9486a3f,655,0,0.14627314458878837
4e53014bf2704f44a5052a87eea3c2b9,572,0,0.15089139239826221
c9708c5230ea4618a87bc0d817ce9ef7,539,0,0.08834414078396752
9ca0ff9fb86a4bcc9b33f2716fe65997,427,0,0.14445289143754342
05039618f5bb4c55813ef6b09fcae0bf,546,0,0.141687401609897
4ccd0cc4c4f3474bb94f49d757371b79,779,0,0.14488326073846458
2687937fb06b46c2a0eafff9c6e73a20,8,0,0.14382010580700255
3ebfe6fb7b6e406193ed7d21128b658b,490,0,0.07316225122981179
3d9013e91ac742bfbbbc4a584a2efcf1,128,0,0.1623667484087647
c2ee53cca9f54e5caa74b7877fb3eeed,406,0,0.12985652582395457
628dc503379246ef8c9f098011223b51,707,0,0.1145032208422162
9b744cf745274f02b7170c7c8de9a098,324,0,0.01977993033167208
5f30ed7911a74fa4b9a7d14a6c2aa288,17,0,0.09659573694726714
dbab70ff1ad749d08ecec75e011b7969,281,0,0.024643352501967475
b5e0895d431e40df96f8724ad3922ce6,42,0,0.15539120931354544
742bc4ee72974e93876fc7eb7ae915dc,727,0,0.1254514626431361
6c77b4e228704edbae1a1d31fc78216b,311,0,0.013047342710945986
20b4292edbc3495aba67b2af4f787ef5,670,0,0.10019703604719504
c7fcfc190ac94ac7b673d7f0eee0e005,320,0,0.14360694719929334
aa4b507c4f6d4b02a4205cac39813838,520,0,0.15662732769120408
7c6de87d10eb447d91aa8cea8269e45e,176,0,0.09206434242120076
1d660ede549c4757b7642a4a26da7e7f,713,0,0.1483657254792029
9605aa48f1f0478db65cfd32ad1edd9a,29,0,0.14674938993831055
82b6edf3d7e949eab5b79e5b8c63da7c,112,0,0.1309669659599429
9a824da342304ee1a7b09662800863ca,187,0,0.14325158308807823
55f2edeb116b4718ab244e4023d06aab,693,0,0.15392718568249097
7774a76af7c84d6d9bfc6f86827b097d,618,0,0.014985714911326553
c32a0879adfa44ff8fc89730f314aa8c,320,0,0.11738609864063437
28babb28e9a240d0b68f621a7f205ad9,128,0,0.09011315484852822
35400b46eaaf4d51b9b65003fd9cd468,692,1,-0.01229127759393267
306e3d2cb2c84686a92802e5c8d85639,794,0,0.14866958314891549
5808ad5a96514dc2b1fa8efd4422d8b6,379,0,0.1511374903059849
b1bc5409345c4fbab18d8f6e857b7a13,598,0,0.16125832980270427
bfb24c6ea67c49129599796a7f860cbe,437,0,0.11800591352599316
748754c7a7d24159a4e7c3fc319b2f68,329,0,0.1495023048271999
7b42d8ee60e34407a51029884e8f32e8,462,0,0.06712975183503322
06d6db30b07d4018a9d7cb3e31fe5897,609,0,0.12119507780014249
4232566c558245d0b74cf30b7c7d101d,201,0,0.15091508687701538
04b8610084a04358b376aef4a20341de,573,0,0.11817235347738303
c7f10e010b57421d8c4a16cb7f3236a2,797,0,0.13379772510113913
b21008d3c2854b978f0f9a4f25972e94,546,1,-0.03157910663458441
64236885fc3e49eeab14dccb9f1c285b,546,1,-0.09192027517131451
1ed08c80b28b46a2a4f4f0fc5f9a649d,546,1,-0.09078720664063467
d6233e21d45e4f4596efb55b35521200,669,0,0.12060769998234538
02d261602c80434c814a98e05c24c9e3,546,1,-0.0882081245675016
c2055c731c8b47cea37aaa7c45f42033,6,0,0.12234283606330681
873f3790d23847ca9db56ec113ec0fc4,370,0,0.1574949872672139
f7632fd61a614175acc65e7eb7b3f1f8,631,0,0.08899127933864781
0035a225d1fa4ed39d0c63c742f26477,190,0,0.12567304923434014
90f5bc12d94445a3ba96540a6ff4bbe9,546,1,-0.08724442509270092
ce891b1e31914d32a55aef133a3e22ee,546,1,-0.08944671284912398
229ce98ca8cb4fa0ace401c4e5a375f7,25,0,0.1514250663181464
d9af028f72114cd9bf036d9b01193147,546,1,-0.08646739660242009
4470fee8bf26482b8e739ddf2e1af3a6,546,1,-0.08368239667363897
a21f2f4729fe4e2f9443a9288df9f5b8,797,0,0.10149840483932138
ec43f3f25d5c4a7996e4dbbaf21d0c72,406,0,0.1556407154314287
0ddbbc48dc1c45f2927ae256c3ad0cbf,490,0,0.13894769939767448
d8875de46c354a218b1af2d993ffb998,392,0,0.13568564561627322
adfb8601650049719742d7af4b59b78a,462,0,0.116613507810364
a53f9e8287ce4e609f7144c251a6da13,420,1,-0.010860049433014773
a7cf1fc695ff455089d982268b29ff24,707,0,0.07310607907525851
ae2037eab6ca4e8699a6e089c6b7b896,78,0,0.15430281446122096
7f37177d90ae478abc5b018ba59c90f5,329,0,0.08417216344440626
ba80a8dcd05a4dec95fae05f36d5d070,239,0,0.14229328828529014
2943e32e3fa84c7eb62731c16674cf9f,276,0,0.03270583353151607
78f8fa995a1a4de9aa5db87419a4523d,320,0,0.05159929812883024
d5dfc1b4fda6471d905be5da5d423d5b,779,0,0.13872528536544493
de1018021737491895fe215b254417d0,161,0,0.13067671621449173
7b24272306e949eeaa04fdebb8057061,247,0,0.05881610438382334
bd383f1365684269b0399c5a1db8cbf3,550,0,0.1473377464270173
f47df7dfd3624941953cc80254e085de,235,0,0.13716266162720897
3d3c554777f5436bb17d34c1c48e967d,481,0,0.03173965034278081
9c22ae200db348588c39621961f53da5,17,0,0.16250413882900072
87a0e3fc571549129927f53daeaf71b6,698,0,0.08660951406374806
1907f84a28884f10aae8d15545be6221,311,0,0.13106510114256859
3bf344d5825e4c928c2ca313d0de3013,550,0,0.09582542759824952
084ab4af3cbe470194daded3243b84f6,695,0,0.15688609386928282
5d68c82f7027447ca1146e9cf079c7a4,271,0,0.13376545547147767
82a6ce8d4db141628a7f3f46c41e975a,682,0,0.10377343120956362
749b1398dd3349ffa0acd99eb65fb0dc,682,0,0.07281949523557413
2830f0f7827247f4bf67910853b5b238,682,0,0.053812219613228296
d135dc85704442399289f3b347883f54,682,0,0.0023195738742666228
42a9f7a08ad741c4aeb42f3819470e4b,682,0,0.025857035384325322
b6096b73a4b24d54b0fc20087e603ba2,682,1,-0.062365901895047204
ae7be9a54ee34d39a676eee15c399f79,682,1,-0.015904571946434798
25f7014ba75e4833b4035e769ce87166,682,1,-0.05878795603130382
23b0634372b947728576fbb9e608f2a6,392,0,0.1380477722814094
ad0d8cd0654e4deb99e48a89e97754bf,381,0,0.14423313172934005
ecbc779137f64e59b2b001e359e50316,682,1,-0.05846396622594385
2646ee49aacf413ebfe9f14e7708344a,682,1,-0.07960606335579412
b882144a93834177ad9d5a7e05307985,682,1,-0.07946035361061776
fcb60c03691240e4a2a842956c2ace34,682,1,-0.10389816503700722
01137b98597948a390598eb4d3f85bee,682,1,-0.10395663530370514
3ae75b13d0b54328af7af899bab1a244,682,1,-0.0795287670712963
b16a87009d1840a891a9859938fe8dc7,682,1,-0.09463434583739361
76516f9e410b47d8a0195e1f731b32e6,90,0,0.13220295006256505
075b853bbc124dc7a3f832e7d8201338,464,0,0.15939823585228446
80604e12ab814caca767ef72f06ecdfd,550,0,0.12284303530096763
81dc6cc6c07342c4aabae238a34f769f,382,0,0.11907717200832413
53fe7f1841e34cb8adbc6f6b8a3793aa,42,0,0.04682621417294952
57861eb21316471697860d9124ec88b8,247,0,0.10090455942658749
eabc9237a83b48d98da6f0256fb38d0b,90,0,0.1411780858451711
db71ef44723048d9894fb81cb8b33e29,679,0,0.1462624959427511
a24510c1d4f2496e929a4c17ba5bd3a6,310,0,0.15715377666974578
10a53f97209a40078fac87afed219b2a,349,0,0.15558060298276338
52e6139682d04eadb573fd29ce52cbda,511,0,0.14706143036805697
83a1c5592faa432abc1595b48ac51226,704,0,0.0476653162980184
04a08c9304ad4841855a0a7f13b523b1,503,0,0.15344017660474707
acde9c9faf6b4e39b4e6e0c28ddd2f21,90,0,0.025533305419287222
50d542ab9a824680b8ca61e4aa11c181,9,0,0.1336813956282068
67b5ed2acb51474994427ef90173a791,539,0,0.1596175252767047
c88562c2a9854dde9733f6fd26ce076a,625,0,0.15825898596109966
47f3898b3d0546729ec5bc0e12d481eb,631,0,0.06302391617724179
59b39c0cfa474efa851230ffa2362d63,49,0,0.09101168446015312
4db280a7d29b4066b7cf30e7c652bc26,8,0,0.04400203950608511
7e2d96e74bc149cc99c5fc329bc5bf24,539,0,0.1445527040280336
97cbd143a2024526b3cb52af05f6665c,354,0,0.027781916619378733
bb67bd24984a4e848d713c035a24a4c1,713,0,0.15376677652544646
b4ea23b508f245a795178b6a11ec543c,740,0,0.06229891427642564
a5e3ad1653b345ec83ce9b379e5e5395,740,0,0.07691354375033038
dfd80e45274c4cc3891b0c659df499e4,740,0,0.014092101347075614
0a57a3958c404ddfbdee7a429cf710c3,740,0,0.020834638772966818
7d5f48c8ae9a4baf8be7f5ca9aea5aea,464,0,0.08084111499784274
86ddf33eb50c434dbbf53697b54e0699,740,0,0.009112314781327346
d214fe99335b4c5f95eab5398203133f,407,0,0.15387576952129173
287987795b6b4398968fddc935b88aac,740,0,0.00891960390614982
1e4552e8848c4b9a9e0b389353919162,740,0,0.008794876337074375
0e045c751c514c91bdf29f5721f18965,740,1,-0.025816422682109486
fb449309cb66489388920547e0987fbe,704,0,0.06954051798763633
f055152a82fa4f818ad7598e94245551,740,1,-0.053558725083041936
c6570d7ec6944abbbf0ab21e5e50bd87,740,1,-0.05760599185730819
e4bf375b0051447a9c8a15cb231bc99b,740,1,-0.059273526809313304
e33e5dbe03d4459794fa0c53879e29dd,740,1,-0.0689941722166717
7f533b1957f24f67a4fc6a4df7ab00c5,250,0,0.09830157127927447
755c0665b5fa40b7ba0eabf0daa01921,740,1,-0.0931850981795278
f5ef0f7917544f16912cb56bf5db961d,740,1,-0.08146995294841819
e7306cae78684f01bca72353f95a2ac2,740,1,-0.0706724734159534
871f2c31ceb7462697d620a90f6a7750,234,0,0.026066936777904726
5abd530940f94610a71412b9cb492e27,320,0,0.14011593720509385
4819d320dba8476b928b8996d500a0e4,112,0,0.03853396626596195
6432e4c8c08b429a9d4b9836ddc898aa,618,0,0.04966704551417772
1aa5123d87774d85924da86b4e515c63,230,0,0.1459479756541312
c8fee93e782e443e9b5406f7e630cc98,680,0,0.1265569893105435
64cafcbf16e0488b9126cc2552711d25,685,0,0.14297203727707947
1c8b65ad73084f45bbd429c653ac79c1,90,1,-0.11133281484191326
a48bee06d31c4b79b2772d9cbbda046a,633,0,0.1349100749893017
f698b1bb89e244099a157b502d4f2dd3,797,0,0.11703523236273222
20f2f757bcd648839d3cb69d3b644b97,267,0,0.14965364412123094
e47a1c6616594f5aa588287ed384b964,520,0,0.10977531579797706
de9f638d2c3e4b3693025790ac1eb836,680,0,0.07725976309613031
e67458b32fea407686ac91896060f0fa,794,0,0.15771599724004137
bd70ea80a3024c8f83a8187a7059ab22,306,0,0.12896606629924984
6ab0f9c6404c40ddb0d49eb7d8fb114a,45,0,0.12198881902370035
06e7f875d99b4ff6b1bce6a53c7f86cc,670,0,0.1477053448875431
95c7136e9f3b4c19861f104fe448c13f,305,0,0.13263171178988037
8f38a4236e634f0ab8578ccebb5057b7,698,0,0.13946486200680425
2972da2bc77b4fdc9209b58e557e160e,305,0,0.1188635875882732
582ea45dda244ae89448a52ece33f513,610,0,0.013729069666243099
2e0c2b67b7774a7ea4d1755307d7e47b,175,0,0.1434113443779616
eac4b6e180a44b39b9f23dffb3d90cf5,617,0,0.14651293560125372
963d1e061d424a7985712ab025ddd899,305,0,0.14725108855482194
963dacd03b0f473681b94c42e9cca6fc,617,0,0.11296646580744873
faa55fe0716c453faff5b2c510d55cbc,462,0,0.16063020953329438
ed980fdee8ee44ab87bf44817cfdfad4,779,0,0.14146245612928843
ec9f3ee4388f4a9dbf3e006bee0aeafe,692,0,0.13882368253391764
22c4611f83064a7da3d833422ccbdbe4,742,0,0.03471987436497126
f68ae53f22b3447b88e73b7f57987380,310,0,0.15220686302614406
b21294beb6404881bca84884325ed307,349,0,0.16122552512592386
0d9ba4cd508a49cc88e29f94d79838c4,740,1,-0.07941233309566575
a6e08d40d61b46958ac1d7b2d232c130,775,0,0.14990100597310807
88c74417ae134711a013d49821687233,33,0,0.09131084963639008
67bd475c1409452db1691b86b663c1d7,247,0,0.09958034502937751
8a06bd067393483bb9fb532b017c768a,235,0,0.10591834482456419
a5d703f847684039a6d5b96b0758c40f,670,0,0.03283784824984526
2da3ba927778462c90bb12a68b3cecde,797,1,-0.008483494710236461
5b581ad20ed748ddb4736fd9cb330bf7,271,0,0.157916530174334
e3ac58586d944125967903f264cc535a,6,0,0.09271195830706758
0e9953d398f8418db80dbcd4644186b8,28,0,0.14686484584304077
88e4d498683c4f1ca0129a6b2e72332b,134,0,0.1467412926581793
19cf9ecdfa434a70a6e2cf10606f6993,682,1,-0.04216266426754678
41517bbfc64342ac92971bf6a91e90e0,8,0,0.07017474695776038
660ac791546241c8adee82890e3c6105,539,0,0.1569216736027963
c00dfd8fb1c74690b15687c2736d620d,740,1,-0.06781447371818083
6eafcf0752bf4f05bfda3a1a9038885b,674,0,0.011262690642633189
bece9f6270e34a40b3dcb6338d4d9404,134,0,0.12108518171310795
e4f3b2d9917341619e131a0e2f9736c8,200,0,0.14597002231640854
2e8ebc6053c240eb9f395c9e52bfd249,200,0,0.14506735289577366
24bcc39b50724fd6acc9a7ad82bd3ca2,200,0,0.1346112018988735
f3a232db57554328b5c430a64fc8ec87,200,0,0.11899363050492384
a54fdf6a8d354f53a34f75d042dc1937,200,0,0.08555864817283776
a3afc02c4d7e47cb8d6d81d958566fcb,200,0,0.10394794751066289
ff96fd4c5f0c4ef1b20880f9f4c51512,200,0,0.08646443015929767
e579285ca3ac4a8cb6ec9dba85a97066,200,0,0.07902932788835704
27226be7356e4405ba49c685673235c7,200,0,0.024640591567351877
3087d8e68cd8444c9230d0fb2d76d3b5,200,0,0.014995901983571758
23e35e0b6afe47a8ae9b11b901c7fa8e,200,1,-0.0003437673179585987
2c99b4c5f8934db88923de04959f5171,200,0,0.04245409943730161
e87f0d31ba0a498db36c1bafa80d5049,200,1,-0.011215053533043196
12f01966df3448548df6436855372fb1,200,0,0.05078741213570459
cc36372444d4444d9b1c517f4e983165,380,0,0.15044083807238745
ba8cdadf3ecb46d2aab83b49f93ab3dd,200,1,-0.04175083146425618
dc2e05fce80f4183a7fe920786dd2b75,200,0,0.03969708420924578
f16151583e7a402bb1b58608d0941f24,200,0,0.03594490406581646
d882af2005ba4b7a951853cfa4be0bf0,200,0,0.020031482582715643
f3931178a0c64ea98ee8867e9d0f41f9,200,1,-0.019222657098599383
f3fc7a0059bc4c4d8a9831d076b7396b,200,0,0.021377504701845296
2c2147ba73d34e17ae6281001ae60a37,200,0,0.007480360390908214
75c048c550804e249642a977c32ab9d0,200,0,0.0009237250460735758
3d2464ad591e4355a53c127f6a491893,200,1,-0.0009023753478065166
2e68022141804800bff93f3e65d9c41e,200,1,-0.019923035443974668
160f132a93a24b47b06c641d1fb5f2c6,200,1,-0.019285182690571112
7817256ae04b46a686ea2e15625e4b20,200,1,-0.05244636623421417
5cbed3ed4d824a85a5b43e16d495eb30,200,1,-0.04278055438156059
3a33ce1cc2dc4280b0003110c063c3ec,200,1,-0.032972372048343024
f028d7d19bf446cd95c18bcad9dd8d27,200,1,-0.06348702716184507
be72687d55814b96a8598f7a37e36621,200,1,-0.0339224857970678
9d52da6395d4490ca7d4eac6ace2b5b2,481,0,0.14472076739510287
ae833b7611ae4667a11262a14a08c210,415,0,0.14384348871762076
aa0efa56ba02430984d5337a6492f7de,692,0,0.10280144394440399
413fcf34c1294a50adf49b749c5ed75d,609,0,0.11690040747792368
6245e1b71bae41f693619e1c5fded549,464,0,0.15119155891272762
cc708e72b3744fc5a3430759735b30a3,201,0,0.15675466980939295
a0540ecdeb3e465297b532c8a8389510,355,0,0.058790283426938594
7642b4ae01214b27b569ae17d0038f8b,254,0,0.15400800916349522
8fa0ca75bad1427ebc35c10a229dddfa,355,0,0.044022570675611994
691d4b11f82d41898139f7402e204f04,312,0,0.15585083380638382
ff639f0befd74b39b2058a34d98969e2,381,0,0.15754367753572618
6f744f57260f4cf1930a32a5d1eb851e,36,0,0.1566269937344481
4a6ddcc09e144c918fd3f8b4efeb5bb4,625,0,0.13463302406719602
262f68076cbe4479aff59f1ad0c72e87,481,0,0.11804318573478506
da40a9b202e446e28bd9e722563e9037,134,1,-0.0343051977397828
b2c8931ed78f4c1a9d0ae85caad027a7,42,0,0.1612976187156554
f024028bc9674e528a62c2aa7e99ddc4,675,0,0.16088973324562128
a0c73c44c47740a6a14d38f1f27b9764,609,0,0.023193047278564416
3aab60df988748afa428841220f077e0,477,0,0.1567424550978313
6781aa4c496f4c7cb8ce262d7b0be310,29,0,0.1363092810831747
db88e21cb878434ba19fc560295301dd,311,0,0.048207808127914364
a32c76e67ea349ba8e5820b693e5798a,354,0,0.14506425058390376
92d3a52a2bb940a4a794f31789522251,164,0,0.14208864504810254
6606ad2cb43b41539734e6a555e1a764,298,0,0.14806408796699916
8bf4514fdcb54c1795ef7be0e645f68b,381,0,0.11694890106349981
a98127d5991d4ca5bdd3637f92acc12b,6,0,0.13488976598235242
5fa4d769027b4bab9e665617f55ba803,94,0,0.07284646913324339
cd7f3ddbab4c4235bca446261e969b0d,539,0,0.15280551955181454
abc29f8760de41db9c06d7225d486836,96,0,0.1580245624703654
a00e0a810cff46edbce156cb7f994621,25,0,0.1294040600821057
cebc87f2ccb44fdf92590e354856f822,581,0,0.15202136361353313
896b1aaa09524f2c9ca14948daec090f,775,0,0.041922304245957664
fe6e040e98594e4d98bdc19e69fc3af7,310,0,0.14081779463928495
48a89b5d963d4874b593eb5aed9f7d01,573,0,0.022652394845635637
54102b86897d4eeb92d7031766ebe81a,566,0,0.15302453101552754
c4ec906965934389bb0f090509fcaca4,247,0,0.10095353276046864
bc4dcc64be824e4fbe057e2edad67f38,24,0,0.15193106140933077
b6199d4a85b747cf9405d2e1a78b8f37,429,0,0.025866062826678637
32be0bb1c1f945eda875338417efcb71,244,0,0.1393552983926848
abd1cca30d1246f8ad2cf5b0570a6bee,190,0,0.12874848130282351
dcc8ad7614854bcf904762311171eb9f,490,0,0.031423741637470914
c6f55cf0062a47618e038df219b80969,675,0,0.12370132153503716
5e3b295024ab43009f594d0e6a8ccd02,6,0,0.0434998275678804
9e7fc03c8d134e74b58a72a2f87199cb,581,0,0.1257272045877077
8693ecfcaff8481ab40da178368903bb,698,0,0.15295579022147848
b917b89c3b4c4cc4a698bf6fe1135018,474,0,0.1209240941287612
86ba145fb4b94f2aa1b69fe24bf01edc,477,0,0.14918749411567256
bf20d646b7e040b1967182774a8b6d9c,152,0,0.12380080719733083
64b21fb47fa2491baf5634245567aaef,631,1,-0.062316442533006056
2069f8174a55400a99e01b04cd969111,164,0,0.13619773782445332
f3e52c472e3e4974a69d701122a4325e,310,0,0.0969477880457486
a0af8673eae843e9b5957d29c4345dbf,10,0,0.15151072333363474
38fb5cd535dc4edab38d8ece98426de5,382,0,0.14468618665446004
adb85b0ae1a447f6b49185b241b59eb7,28,0,0.09699849474977312
e03dc8f9361b43d290f0261e87a06f9f,381,0,0.06904894299025305
036b69dfacbf4cfc98cc7927214cdf36,203,0,0.046230231940758315
730bf94bc11b4205a1e18d0b166fb132,533,1,-0.04894417172625687
27c7e582afd9426694030a42364eaeea,406,0,0.058159051187177235
2d61e3a2486c400cba0cab9bc424bf50,174,0,0.15555607087788026
6509304a053f49c0aee9873bc1058919,581,0,0.0948790219049856
0fa8fb564b374ea994dbc848898fa658,453,0,0.00679758375660533
d2dec1af38074832a23891347ad36707,329,0,0.14573305829185185
fd11840cc7f54fc2a6302717f1228664,82,0,0.13739610738421404
ee73baf852dd48889146192a2c10aacf,152,0,0.02310198227377258
5014083b690b4ebab7c9dc794346ebe4,448,0,0.14520241323393646
4f5b5949c3854503a4a81c9aa2f7b8e8,727,0,0.10933828999494882
012cb4b3436145cb95e7d6b00d057c3b,570,0,0.15229912275508328
517ec047b6a84de3b362f1c8a30c70b7,420,0,0.09368973011531845
b51d49ed054e46fcb3acaef9a7a14d7f,250,0,0.08706887054762852
755fe3ea0f9d4eb0902a3d3d896de0e1,473,0,0.12071079500825133
13ea835c6643443592e111c54625e886,82,0,0.017311389835424573
8d8ec0e82294406fac3b65582afd8af6,271,0,0.13165786164870252
7ac81e315b9a4d8ab83bd661f4714f5f,480,0,0.12510229167815634
bfd7e87571834eb0be9586f8109f3c9d,713,0,0.15062175633343566
cbe4f65fb3c74569911c57f56ccd7011,82,0,0.021466346479653065
5df56f074e844c559ce448beed85c319,82,0,0.02694271788839603
6121c16168c34aeeb4f700be32f0f9b9,82,0,0.1306090850776187
db8d7383745d4294b2b6980aeaa6f996,82,1,-0.05215350999509538
d4bac8daab29422ebafc9b53efa20732,82,0,0.0948705141448627
989443bab6414375bd64820c5f23baa0,82,0,0.09871349780591365
689e6f59db2347d1b21ad12e9d1e8fa7,82,0,0.06574013446016364
74a470a695624bf1a95d9f350b70be2b,82,0,0.058132267810923566
a7583574b19b4bd2b055d4e5749efd66,82,0,0.03624722048832402
80f96308d149483d85aee0202faed4ba,82,0,0.07475552483976211
