txid,is_anomaly,anomaly_type,wallet_ids
c6fd1d208e514250a0fcaf5196d22f61,0,normal,
ae9de6aec502411e8dc75e3a5fd607bc,0,normal,
82af379d242e4d18b7a5b2c3e2ee400e,0,normal,
43daded77d684676a972ceb2e03f610b,0,normal,
7cee940141f44f059096815db12b69db,0,normal,
7814a101861f4c9bb5164af383721aa9,0,normal,
e578f22d0f054ff2bb0af5d3b42cb184,0,normal,
c74787cd8f8f4b15b4bd17c6eb19164f,0,normal,
04b4a7e60cfd4a16893dcc4ba0aaf433,0,normal,
8f5817a386ee468d90f29dcc4c79eea6,0,normal,
b7913488475345ddbaf6fb1982236e97,0,normal,
c9e1379bb1d44db8aa33708f675540af,0,normal,
de026671d961499da58dd9ecc0fb2ca8,0,normal,
6673c3bc6a884c24b396e1fe78babe01,0,normal,
719aaefd313a453997dfe4b83b97720f,0,normal,
348b56a25c1b40039ea4d33dfd89c9f8,0,normal,
3391398f8c8149c2989461aed7d0398e,0,normal,
298fc30965dd4f5cae89db0940442bf2,0,normal,
89d12fc6edc34ba18acc38ec0ac5884e,0,normal,
18b6ccc65cfd43d08c07e88cc2cc6af4,0,normal,
8fc8d5001ca944fbb005c09fd22400af,0,normal,
f1ebf1cb35b04f5cb4f40cfe1c247a91,0,normal,
05a3fa02e05040629cdb18b24f331acd,0,normal,
83ddeb18716b4b0da5c7ed5bd89a0539,0,normal,
b3b3ccc928df4d67bf1d9f15c41b5cfd,0,normal,
dcc0cd30be344d9782c795a171c1b3db,0,normal,
e54729555d0348f4bbcd06baa176e0c9,0,normal,
5c4c7d3a49c3456487d3b32672e211d2,0,normal,
b1eb61df55e7454ebd2796009245f51c,0,normal,
033edfb3e44f40e0b48d4b0048a0b659,0,normal,
824fb379632e4a48bf0e23105ad64e32,0,normal,
ed3e0aab5b5c4816af16e62b90213e30,0,normal,
b2a3455e22ae4f07a8952186750384e6,0,normal,
449a69f3d3744660bd687f170e37ef44,0,normal,
24be310e452d4157921d1eb4000c3e38,0,normal,
9f5eb7f3796e4ebab3cf722d5a181d14,0,normal,
e9e1ea6162dd4480894d335942182f59,0,normal,
038b2e578870417e98c0a40433569d1b,0,normal,
2abaf6843b7a4b63b1c2327dd0ae18a0,0,normal,
d01d56358c51449f9c835a728774bf89,0,normal,
64c8f021099d47e6aba738c83c228a52,0,normal,
78a2ee01cd6d4abba4abbb745eaca420,0,normal,
51de81c537294720b93b3ee2ee0db1de,0,normal,
85e5dc2ca76a4e0290acda78f28b8397,0,normal,
218b2211d55244679fdc912a3484f632,0,normal,
d0a5ac7fff4c447aa56307386deeb688,0,normal,
10b78c4d19b24560a889d92303d9bac2,0,normal,
12eb84ab79c84b8c8d7c38726e81b304,0,normal,
bb5428f2bfc1436a8fbb5ef57de757de,0,normal,
f731ca6675b947e08174cd605e0716ba,0,normal,
1bc3030da4cc4cce892fc66fe7e7758f,0,normal,
93a10a39008a4f4abc405841640c53b6,0,normal,
60b5c5db37e24ede8959a0581bcbcbe2,0,normal,
ef9f52eee7824eb1b8fbad2505e0ef1c,0,normal,
c8d8f4f61ad94beca2eef42c2376e1e1,0,normal,
0d8ead2f1bf041bebf83641a92e681f7,0,normal,
337e577dbd28411689dc47a80b8f0508,0,normal,
0ac6f577201e4bd786b44098545aa3ad,0,normal,
5fe6b28b58ed4d988c76c4c241d87f12,0,normal,
48a26d99887a4c19bdbf2f16082dbd79,0,normal,
6b407486451f4e06a91e97063cce2ba8,0,normal,
14205af2fdb74372a31533cf4c3360a9,0,normal,
a2cb145dea284d4a90e3c2a0708c9f3d,0,normal,
1e7408e1eb2c4e5bb1e833e03bf916ce,0,normal,
c44c1f8a3c614ce7b3774bf5d0ff4449,0,normal,
602dbbb448534fcf876dd8a4e068ad12,1,peeling_chain,synthetic_chain_162_hop0
74c58244919643dcb9ffd214c7b7cc15,1,peeling_chain,synthetic_chain_162_hop1
10af8098c56c4460a87cc547d98beba9,0,normal,
6044e2b309e24e55ad990cd888ae1b58,0,normal,
a5e800e507434da9903cc26b7197baea,0,normal,
0bba8a2249654f53ba88d2767a75cfe2,0,normal,
55a024f858de4aa6a35aba59c9db3e86,1,peeling_chain,synthetic_chain_162_hop2
832773e2d8c4468f9e78c47c7803ed56,0,normal,
c1f8abd7d31640a8b87270710c4e6656,0,normal,
c90bea22f8a54fbc8d4d3972fa05b95c,1,peeling_chain,synthetic_chain_162_hop3
a7a596cd49714747a7a12a12e1ba4df7,0,normal,
1dcf9da270dd4241ae9269bbda1d7f97,0,normal,
06b6e80d9f304f1cb3103c8aea1d48d9,0,normal,
ffb57e8ba70c46b9a1e3ca16027812d1,1,peeling_chain,synthetic_chain_162_hop4
6953a0230b884943bdcff0ae694bbc72,1,peeling_chain,synthetic_chain_162_hop5
4480f1bb5e344e92873f0e53da62258e,0,normal,
bf6279801b174fc5b8a112f08f0be291,0,normal,
5e5e5c63acc542d49585f73a13c7e07d,0,normal,
f5c4a5ee7a0f4eb4bfc5f003690c2243,0,normal,
ad17fb49f9604ac88bff3df404dfe292,0,normal,
f7a5da041a374b4c989493dd06ca8f39,0,normal,
9712653aa3b14600900c48cf5a25cca3,0,normal,
4d73487b3e7b4941a7935accd99113da,0,normal,
98f441196aad4d2d82e05dc48158e4ce,0,normal,
a9a6a5963a0d4ad892a5c1651effa607,0,normal,
c49cb3d3f5ab40d08ed698d0426b4717,0,normal,
229b2d1acb594643a3d265149c3ee4ea,0,normal,
838cfeaaeb724b9b9b38054c81ba1d73,0,normal,
5a1ff6ebb84740a19d08572b368ba23b,0,normal,
ab659a1bb6f845218f4d7212a5d6c958,0,normal,
a405c72fa79745f1b281517f0e137d2e,0,normal,
0c0f352bff224ec9a8e714def3662adf,0,normal,
c61d996431c24c1d82eb1d23483ec910,0,normal,
846d8422f3d34386a42f84ab49ab5926,0,normal,
081855f7521c42dca909a0480bfd5f7e,0,normal,
760e6b27131648fb82ae936e5508aaf1,0,normal,
4d6787719a07409898ac724d4e8d955a,0,normal,
0fbdd7b8ab354f70bc456de44d517e9e,0,normal,
74074046a8554427bd13abe51474185e,0,normal,
8e46fb9525c441429a3d354a637d6d5f,0,normal,
8eb324c86cda49768b2f7c07d7f1b3dd,0,normal,
25fec0eb873e46dda9cd13ac561d4848,0,normal,
6ce0fbd8f0bd48b79716f68968227cfa,0,normal,
5f31cfdf37a245a6a30f48f997d40bdb,0,normal,
1be79cb5213b4e0bb8cdd2396ab61d7a,0,normal,
825932d0dc9c4775a6138b01c8f138b1,0,normal,
d426f628280c41109662c819e26cbd54,0,normal,
b82fdc4826e94164840ea660fbbc97f2,0,normal,
52093fbe12c5464ca850fc74e2c1fca2,0,normal,
3bf5e665681c42fba62dd9f636ded7f7,0,normal,
d20d789b46ee4d06b19581d04e33f3a3,0,normal,
80dd0a4bc212434a8acfcb604339236d,0,normal,
67c51bbdb68d49fe828d09140d41b9aa,0,normal,
3bf3eb3cb0ed494bad19e2f6f3961833,0,normal,
ad2ff6f716174fc1a19b627316be338b,0,normal,
533142c7b102441383b71532fad076af,0,normal,
ce3fbb743ac7488981ee8d64869412d2,0,normal,
088a44e851bc40b99693cad1eff4cc15,0,normal,
9e485d377da348b8be1022a7e0d8ff36,0,normal,
d49b18c4d11046c9af7a482dd615b450,0,normal,
d2e746c86dbf4a13bd099314c66c1285,0,normal,
1907cef5e70145d48af2cf20470e6aef,0,normal,
346f03c3f5d64852ac9ed2fe601dec32,0,normal,
1b5e94d4c6dd4e7a9995b269c5859b05,0,normal,
1060184ebe184c3d9d513da09a5dae3d,0,normal,
a8425bbab93442e5a330355aa08c4972,0,normal,
61f10ee9209e4e1da6bd77947c2192cc,0,normal,
7b9f92bcc8764b969cbf64a7ca08a72d,0,normal,
b1b6251dbea0417ea694ca903f7b921a,0,normal,
9d81eb8ad7834be7a325759d9a462d2a,0,normal,
674718645d0d4214ba789b91f2ebd27f,0,normal,
89319c9d4e2847a991208e82333c84e6,0,normal,
5ed7b341c646449092ad915055021358,0,normal,
409ae191dae4461c80b7e73ab3c3fdc3,0,normal,
73fc489a7c0241db9d0f5e57e6fdef53,0,normal,
fadb0a7f10a4403bb1c908cea31d91ee,0,normal,
713068315463414a919ca9c839b4ad3a,0,normal,
e3c7083d1b4f409ab8aae4dafc419463,0,normal,
a2fda19b67be49198c8fa5b0edcf7829,0,normal,
7fdbfb7a65184d1d9ea0706f3fdf2020,0,normal,
f3739b89f86949c1813382ccad7bd6ec,0,normal,
535d51cc755b40c284548094e0122633,0,normal,
37dc24eeacac48c5a57fc7d04218c1a3,0,normal,
aa7c0f27c17443b0bf2558022e234d0d,0,normal,
964072e0463e4193998d1a2dc3289a07,0,normal,
41ca40220c384adf886e684be515520b,0,normal,
3a5d72be2ddc4c749819be3bbde48228,0,normal,
d7ccf0872aba4595a0fc76f07b24e2fa,0,normal,
2798fbba3988443091030e91d0011220,0,normal,
3d9a1443485a4ffb9fdac433b52e4146,0,normal,
118fd12952e34dc38f9cee37e9b675b6,0,normal,
2248ea7fb1e14778a92c438f2335a137,0,normal,
2579a9eef4b84fb2a8608db0ea8be2b6,0,normal,
9d455041235a4f9fa602b36c42bf1efe,0,normal,
c84325746f604208b0b645c551cb85db,0,normal,
87937d02f5c747dcae4f519e0f5b63f2,0,normal,
5ee7dfc71a114bcc8f153f1edbba3df3,0,normal,
9dda67687c464f88a3c1620edb6fdebc,0,normal,
01eec1b9268b464fa06e588eea72b9b8,0,normal,
5936e2f772f44be5abdb1dcc843c8abc,0,normal,
f8e5087830384775bfcf8f4ed2bc7e41,0,normal,
136f8cc472754590af7bbeb6d929ec70,0,normal,
19685ad824c0417eab64ad71b568d031,0,normal,
c0749505ad1940f9878f77129d3e1af1,0,normal,
5ec81f3ba68d484c96389063a1e76d7d,0,normal,
2dc605dbab29477ab11b0e6a46c67a02,0,normal,
1caca1f9974a41faa314ef5568d81029,0,normal,
54bba0cdc54c4e739dbf410193f0c016,0,normal,
d0358b338d3647acb4a7bdc9ea175df4,0,normal,
79ed2b19f4814e1db6e4100ae03e96eb,0,normal,
76771c68a79f4bf6b7bf5e47a0d328cb,0,normal,
0625851af67c4d68a969d42c011b2ae7,0,normal,
51fdaa516f6a4d1a8f1eab444e56a77c,0,normal,
de7b525eb6734b43a29664f459dd29e2,0,normal,
baf51f531875427e9531707eb90239ac,0,normal,
843db39c6eee428aa93d9d91c83cb2c6,0,normal,
a7f193c8ac6145e9a2c6959ab8ce9cc6,0,normal,
fed96715e4e1409bb418bd4956069ffa,0,normal,
13d624af11bd409f97ab272505005a6a,0,normal,
e3d4de3ac9e04b06bfd8813649f360ba,0,normal,
553c78f6c6da4579b8f72b8d726eaeaf,0,normal,
9ec5e3df6def488493bd0765f919ef80,0,normal,
b96c793f167c4eeeb7f39fe37ec45faf,0,normal,
30411b1f2e87493d9569d393898f708e,0,normal,
4acd50f1067a4588b8bb41970e010abc,0,normal,
649ec8cfe1c74e0aab5984d8b759d352,0,normal,
e565d1379ea94a16a238848b44506bc4,0,normal,
216153e5f8514e458930968d229736b1,0,normal,
cd68f2d7a02e4c13890826cac1c9fe42,0,normal,
c404259c24364b2da2533d100dcc9789,0,normal,
71c73fce95c54640ae3d7f6a08b1597d,0,normal,
ef5a9b9f9f594ea99fbb2615cf7a6a73,0,normal,
03d01e4656224207b9bf6fd646b0975b,0,normal,
67ec5d34220f462b81fafb5d3a8758e0,0,normal,
0deb4875b7574a0b9d765d1ea3773bad,0,normal,
f5fb022683aa4c3f8e110fcb403d9946,0,normal,
777ff00fd6164fd18e07efeaa83c5e82,0,normal,
e398ac848c8d4eb3a924d8f5af02904a,0,normal,
d6fd45bc13e74e9490282921e570c67f,0,normal,
440db2e012724590a361cd53120e3e59,0,normal,
9d0abc82829b451080be4e374246c3be,0,normal,
951ca26376124742b1f434753954fc4e,0,normal,
84903c814f304426b238891c8280358d,0,normal,
6a1c6a1f48f14a7cbd3746f3c75c7b44,0,normal,
d2dcc8f49b8447e1b921d04d9536e08f,0,normal,
22d1af78ad414cec8375fe643a63353e,0,normal,
5bbf7043149e4ca5ba44d6325ebc59c1,0,normal,
5ffa74ceb45f4a288facf85a47f26306,0,normal,
d0a63a283de14ad390a988a49e82383c,0,normal,
fcdbe584bf654c7b90c8c0c77b159b95,0,normal,
e03e87a47dbc48e8a0887c964573f744,0,normal,
220a0cf13d274e29906160584d447781,0,normal,
f123cf401e99410099a4622d0942ae1d,0,normal,
9631afc64f73423396e757d8236e7aca,0,normal,
2e85b77fcb6f4e7c9410c02b8ffe9008,0,normal,
c258bf6ac63c48d2980f743d77215964,0,normal,
c3271615c2454e0ebcbdfb2e5332907f,0,normal,
4eb23b58a7dc4c51afe8d5e15c1cedb8,0,normal,
6ccdf0daacdf4ab5ab27b99c028c902d,0,normal,
9f2c43e3ae2b4e699e88f01c9f21006d,0,normal,
ad5b67ffc5eb46b18aa33d12b36da0aa,0,normal,
38f5ab80e377413799bdf5d3531931b9,0,normal,
710e037202dd4e8d83ff493881c55a86,0,normal,
5b44bb77f39f4f5fa39a32b6f6c22ee6,0,normal,
d7e21cbe0cf649c2bf9f25d6eda8d1bf,0,normal,
959dba9f75e44281a7a9fcc89caf31d7,0,normal,
7c0235209642455a882d9bad88a63e4d,0,normal,
69b53bc8766246d492f23441f9f57307,0,normal,
187d95fbb38145d4b35cd662333ec24a,0,normal,
f7a0552597f54f8d9183726e553123d3,0,normal,
da478e513ef94999a22925002c8da871,0,normal,
c9cd93eb5b164276915038115262ebf8,0,normal,
585a060251e2480ab37acb73fdf3e4af,0,normal,
74dd53f8b5c8464495895e6f7a756dc9,0,normal,
43606de03373414bbc22ab82c1abdc91,0,normal,
68aa3e28de2a47fc985d5a238b0ed9dc,0,normal,
d77a4fb6bf1843559d7ef4ea9e080db6,0,normal,
f7814e5eb895499291b283f74efa671a,0,normal,
8f6a6c9b04f540d2936ffce6295fddcb,0,normal,
6683802a3a3b410cb6292e00997a3f34,0,normal,
81bd4ddadb8d44eea061a7206aecaedd,0,normal,
b9a72a4cc3b8414285504ffd51373a8a,0,normal,
315d959fe79a4842915edd0982b6a966,0,normal,
cfb6de4e358a401e9e1164fc1fc56095,1,wallet_reuse_burst,burst_741
bf32045911cd4ee78354507bdf8d3e2f,1,wallet_reuse_burst,burst_741
c528b413b6c94f26b0b2694718ac849a,0,normal,
b9aad901f7cd417bb7b10da699e24929,1,wallet_reuse_burst,burst_741
5d20fd70202c4a18a0f59e44a637b4eb,1,wallet_reuse_burst,burst_741
f3bcfff1e25e431f9e4e24250f2089bc,1,wallet_reuse_burst,burst_741
d00907fe8a87454695064c8ebeb9c1e0,1,wallet_reuse_burst,burst_741
470c5e88fedc4546a8231ad865d9b2e0,1,wallet_reuse_burst,burst_741
9efcd3d3fbdf4ffdad194c237b695002,1,wallet_reuse_burst,burst_741
bce452aee52c49bb900267f15af71fa0,1,wallet_reuse_burst,burst_741
b202879fd58c403087fddbc80821f739,1,wallet_reuse_burst,burst_741
e777649de7dd44ff9b9d21e344048681,1,wallet_reuse_burst,burst_741
638ccd72dd224dc698874a000de91bc6,1,wallet_reuse_burst,burst_741
441331067f424cfb923c529859e4fe48,1,wallet_reuse_burst,burst_741
fc9eb299cb6c41e097094494bc6f6863,1,wallet_reuse_burst,burst_741
a878a63346614d8ab39329d35b57419c,1,wallet_reuse_burst,burst_741
2c7ad210acb047158c7967ccced1b73b,1,wallet_reuse_burst,burst_741
0f9abc9669b04ddfb77cc1230aae179c,1,wallet_reuse_burst,burst_741
a6831413da9b47488025b2d5e0c945fc,1,wallet_reuse_burst,burst_741
bf183118a82c432598700c53e860dff2,1,wallet_reuse_burst,burst_741
5dd2c81615ae4a32be1320d12fb3db0b,1,wallet_reuse_burst,burst_741
69db3b5c268647f3a508ddd7d7973e55,1,wallet_reuse_burst,burst_741
a5b443e340484a76afb4d04d40ead731,1,wallet_reuse_burst,burst_741
2fd55772f7724e8e9ba60d986ada7d0a,1,wallet_reuse_burst,burst_741
6af5b84b8a314f28a3a85bd825f34505,1,wallet_reuse_burst,burst_741
10691620538a4f28970062594e3cbed1,1,wallet_reuse_burst,burst_741
f3d19f6262f443c998d5bef9c4fe74be,1,wallet_reuse_burst,burst_741
44f3ca41090342ee94db10a55fa2f7ca,1,wallet_reuse_burst,burst_741
c3a196207a294f3c97df8dc3268f71e0,0,normal,
1c243195f6e54e66bc50e13a71e5f8b0,1,wallet_reuse_burst,burst_741
3db4dd3c07f74470b0614f95c68487e5,1,wallet_reuse_burst,burst_741
5a99004aca4d4b1f8f13edcca21c2252,1,wallet_reuse_burst,burst_741
b8084c8c139e4d44b1c158373c9d179f,0,normal,
3631dfc7c06740c2bf1865cb5e24970f,0,normal,
d609813de2f94b77b1f09298b6183117,0,normal,
224b4a63e93141629dcdf385627236c6,0,normal,
ad1af9c2996c43ed84fef47b47d6c864,0,normal,
ca1f367cfe7948ee9099d211249e471c,0,normal,
c83f9f64de7c4c55a9c76a044a0da56d,0,normal,
9d2a7d5fee3847f28f9ad4bc6a4a6d37,0,normal,
5431743f1f7645dda45e0f6c05028e1c,0,normal,
44afdb1a90564237a6443b4fac426a9f,0,normal,
43eb19f9667e49f1bdd444242bbf98c2,0,normal,
da6cd4d752774883a474fffc55325fb9,0,normal,
6f24dadd38c54f5395fb983d05196292,0,normal,
d99233cceb574caa8ede2fedff953ee7,0,normal,
3ece8199130c4f30af3284712233a2de,0,normal,
14a9507471074e40a42b808f5990691b,0,normal,
9a72a38ed6b7436796c6c8d91e172232,0,normal,
3947e06cb6f84e2e82c1f008c3f5071c,0,normal,
7df58de67ba744749e08c2d0c3ae9b0d,0,normal,
544752ff55764c3490a594069de64bc1,0,normal,
a1e182f370394ae5b040eec794f95f95,0,normal,
5dacc91e614d4bb8a29d50e90740fa63,0,normal,
361e00c4d5214f1a9f2fac4756765fb1,0,normal,
68d63a9f89e6485e909235712f114ea8,0,normal,
1a162b694f7943f4a46e223920d5b05c,0,normal,
a350d5ce96ac41918f000e771dad8b3b,0,normal,
01be311bee0045388647087bc79f2119,0,normal,
652dc80e8a33448f8f9046b3e30a0d9b,0,normal,
63e115c3d1394180b0b6770c45388c77,0,normal,
9f2614d83d744c5b912cda93986e3516,0,normal,
3ed592af0f8a416c88f72a64f0668e55,0,normal,
bb0504a87c744b728c84b4e3b5f4ab11,0,normal,
dbe6c6bb6b524b6fa4aee1670f633c9a,0,normal,
ad8540f486074416bff95f6457e542ad,0,normal,
49ce22a773e04e7fb0f755d790590720,0,normal,
2c73092d73f44c7481a32ed2941397c2,0,normal,
6e7bb7e4916440b0b66499f430dfe0a5,0,normal,
a8372c99170443558342981b2c1c475a,0,normal,
9f1e147b847349e3981cb953b1801422,0,normal,
ec2aa9eb5faa47c4afff35175f635b15,0,normal,
1cf61c012e0b43888139c603324f1003,0,normal,
bdb5476343a84e5388fe49a701403e45,0,normal,
55822a6fccd940c69dcb07eb708f7f7e,0,normal,
db1a20ce0ab9472da65a434f6199e552,0,normal,
e233311f3f024442ba6d4291155ff05c,0,normal,
25cc942b80d241beb3078bc582922934,0,normal,
e19eedf9dc8f4e8b8f964a8b081fd747,0,normal,
54e9f8b93cb648b6af65ff97104e74f1,0,normal,
b0eb83c33ace41a387b31fd65053b316,0,normal,
e668e3d94c8f44a09d7bf04391ea484b,0,normal,
e7268e76fdf0458cbb5bdfd4e76b6a3e,0,normal,
db7dc03e1b9549b08bafbd241b7703c5,0,normal,
784f677df33c4d81a69a829edef262be,0,normal,
0959c25c817a41f59527d829842cb041,0,normal,
a4f14f4693204ef09e0be5383ddc0ea9,0,normal,
42266f4198a64f979c837350c52e0672,0,normal,
833906cdee7f456c952ae65d69fd23ac,0,normal,
e223c16983ac475f86ab464b4ac9bc1b,0,normal,
54453c5a3ca74d3bb0e4f464205a96d0,0,normal,
c3f0840946974a518f6d8b230d7db49a,0,normal,
10c2d5fef49a443cb35e06b9bea91c19,0,normal,
2aa5adb2ba75420bb6d4c0536b39d156,0,normal,
a60e8bc3c3874f2a997f17c229b1b695,0,normal,
d4b5debb208842439ea10003ac947883,0,normal,
ea52d11ec45a41efac6187848e374297,0,normal,
7dc78538b8bd44398cdbc7878fd99cbb,0,normal,
2bc1ebdd6f8f426eb76ab4f37ad7a11d,0,normal,
98802e90c29549118242a5e4328aa22f,0,normal,
ff0a1b3d309c425f9352d4aa29eab73c,0,normal,
1286833fa73e41f2bc4d934b934af7b5,0,normal,
5339ab55ece2416da0e0b3ccc8a9ec9c,0,normal,
2b4923c79a8f41aaa35aa870f8db0669,0,normal,
6579041850274b4e94a9fb3c2d6f0dbe,0,normal,
41766cc6808f42119670482f83ca41cc,0,normal,
b8112169d4f54b64b15db48549e14610,0,normal,
c8b79eb77df6472ebf0481c04c7c0a3a,0,normal,
098692810721437e8e370c2dd3cbe99f,0,normal,
253d2635c1c4457bbffb88a0516b748c,0,normal,
9a5771f855904d77a0086c044b1b09c5,0,normal,
9fa03bf4df9f49688dbada5c4bde1a26,0,normal,
a52b622cbb4341f09d5b7d3bac647d32,0,normal,
568760615f3a48289aa5d054dde03418,0,normal,
8f4cf251c96b48ef98f78d30a4170c1c,0,normal,
11d6665623724b8ab854dc1245fbfb44,0,normal,
48441e62c1a24f2ea98d11c2ee01c483,0,normal,
994a6cef74eb4ffca776f17c486166a2,0,normal,
7db80294ca8a4376aaa9dc096248f99c,0,normal,
1f9a702668ee449598307365c80633e4,0,normal,
69b6af5a66224f909b2efbc525056530,0,normal,
402bc441af20436daf8d6ce1a2847239,0,normal,
2d6f36f49dd54de2a78a1c03f32b9207,0,normal,
db9797565ed44dd1b3538ac3886360ad,0,normal,
a135016f9c844c508fd421d48c321978,0,normal,
667d474d2524463e8fe4f9d50f1899e3,0,normal,
d77ed441716645e2afeaa5769c39c1c1,0,normal,
ef3ae528ea334eee8bf752bb67d05573,0,normal,
5c038cfd0cb74988a3e0e3312f3434fa,0,normal,
88f914bebfa4472f9cb35d7b3f30f3d9,0,normal,
e97ab5c7f66c41878c8f0990ac7b408a,0,normal,
7ff67301096c4e2891516b4ea422fa05,0,normal,
82a0a5c821cb4159bec6e1cbe5677047,0,normal,
aa040cb66dba4cf08920a4e6c425c313,0,normal,
416c24678d8c405889ed70925db7bb2e,0,normal,
e70f29a9120f47c78e240951b832ca5b,0,normal,
3a6c1aaf979848da8422aa9c71cbf71c,0,normal,
76f2305b023c487db7d9e035846e4a64,0,normal,
b97aed20556640b590e7a8f0fc6e8e44,0,normal,
b101165b22ca4f94a622f6bb00d26e31,0,normal,
dd2b2468eab54db9b8cc205fd493f761,0,normal,
18fa230caf8c4b80bdb7ee266df3ad3e,0,normal,
1ddddebb31054f86a71906fd8a25bd70,0,normal,
d31eb1a45e7144d18a9296d0798b88d5,0,normal,
566afecdd10f48088c9623c7efdd1637,0,normal,
7bcdc0ba7e1c49a9b08c0ef3be95d94a,0,normal,
41e569c450d54c5097aedea8f7a03650,0,normal,
60fa472528eb45b79ec9b843c5dd4e48,0,normal,
94a32017e3a34a039e8d31549c709c29,0,normal,
41033e6203094ca9b754720cf012bbaa,0,normal,
da0dc0e0b8314f5f941b2073716582ef,0,normal,
d776a424cb43413ea3a6a5d22e25d8cd,0,normal,
19f2e18a29854e838b9c4303d3ce7773,0,normal,
df115277715b420da1fc5f1cd2223f01,0,normal,
3db783fa350948e38b6db5c9bb48e297,0,normal,
eeec14d0435042e583ca78bd42c07143,0,normal,
bd3f89c3e9914b29a0e52058f8887b89,0,normal,
1a6eb64489844d9aa60f88833d7ebcb5,0,normal,
9cf9d96757d141698596f682afd5ca45,0,normal,
5be7f4c720ff4aae966db980b4c994c4,0,normal,
f12110ac23454672a5201ff1073d9ee8,0,normal,
ef2c2761189642349444fd685bc4125e,0,normal,
f9cfa6a1c22c4c46b8327cea12554840,0,normal,
3e4de21e702a4530bea410ba2f42c5be,0,normal,
01c64f4f46cb4fe68758762d4bfee719,0,normal,
471086030f8e457a9b19cfb53a75fc65,0,normal,
e69504d72f1b4b03a7cebc5d19e6f5c8,0,normal,
c2a59721357b4c6cbf86a2f709f1e805,0,normal,
b4b69a5029014434b6101fcb3e8500cc,0,normal,
45b27cf8c07c4004a041ce1b75a7155e,0,normal,
e331917dcb2a4d1898ce2184d01ad658,0,normal,
df942b6ca15949599ec5503932c33999,0,normal,
0cce909971ea40dd9267910e1ddce914,0,normal,
f8259dd0283146c695a031fed5d772f0,0,normal,
a1ee1e516ac94f9088cb07cc9664fecb,0,normal,
989ce6ad89744dbcb1126645d49277ec,0,normal,
9787d66832eb4288a6e619f03a177906,0,normal,
a33e0d36d8b34d64b1978cb80c0047b7,0,normal,
60587195854540fd9f1a3b6ff52c44c7,0,normal,
229ee3aea7504ea0af6a242c709a89dd,0,normal,
590aabe46d144aa6be9ab1daf43affa9,0,normal,
253152d7ba214602b43e8368f6ea8cbc,0,normal,
0a50756bab62433fb844954a572afabc,0,normal,
e4a8fbbb1b7940329b9d7a7f5a13a0d1,0,normal,
cd962fb9390a46b2abfc406966355e4d,0,normal,
4ac3eece6811411f8b5be3501584b3de,0,normal,
bcd3be1068ac420e986a0113f6d62f78,0,normal,
b1cf4e5635cc462096ddef97299b306a,0,normal,
fe1478c1c94d43689deb9eb2c1671025,0,normal,
387cc82c34d24a6fb33426acbbf1aaa6,0,normal,
31c82a13fdf84a2f96ac8cb1821f27e7,0,normal,
7a55f9222c5b4f0896666555a72a0c17,0,normal,
98fd70f8fa5f4e9285b5882b963d1bef,0,normal,
314aeca48bff4f1c8ba6799a03a9a0cf,0,normal,
b3ab28ca3a7e438aaa38ccc3f89a4a73,0,normal,
437b153e4f584258a99abf6d5182d461,0,normal,
e40f9752976d4e21bc8c0a9809e0775d,0,normal,
6cb6ae9b559d4dee95f03a9f194f19ad,0,normal,
b81beac453864d87be2b0990698fb5a1,0,normal,
f38d6d7c22184f368daae67c2ea6fdc7,0,normal,
7cbdff61e66f489386f72c2cffe50e1e,0,normal,
828371e2a3484d589a78302a517a871a,0,normal,
36eefd3d94a24a5a9a533a2d05898a8a,0,normal,
0997df2c69d84a8793edd4ee9a0c6ae1,0,normal,
57405ddc1eff4b04a6e891f8f34d3829,0,normal,
8dfd82f7e31e4ee8a934f462a6176c8e,0,normal,
0bffa5ced1dd480aaa5dfa0adbf01b2f,0,normal,
337d34ccf842403988e3bbdcd5d6a6be,0,normal,
1011fef2721f4607b1a627c2da546581,0,normal,
f3070183f6f542988da0231cd1190844,0,normal,
f66e8ebaea7b4fd79208eb5f6653a605,0,normal,
225b259252504772be2adca0da9a8287,0,normal,
97a8a789a9844ea8a421b9e6436fda36,0,normal,
42d41e1bff774e5da3dd3c4e76fca246,0,normal,
792ada4364cf47ff8b9be895794ea776,0,normal,
80b1c3f26e514273907f3dc5c19d340c,0,normal,
66e0b75c37814758893b1e8b8e5ee45f,0,normal,
42e0086926af47938b99eddbf3828768,0,normal,
dd271100ba8449f796959801324f3fb1,0,normal,
b2ed2d529e1347b1a835140c4aa2e431,0,normal,
1150b26f6b184768b920642256ace7eb,0,normal,
473d012499374a848f917847afb13969,0,normal,
aa14c41a3d544edeae3103367dd4ea4a,0,normal,
05cce8f6354d48b981ca43a7f0c63dd3,0,normal,
0f4b87e0dfb9408cb1d374b5b14f61ab,0,normal,
60e127c26efd440894ce5b4e75c2ea6c,0,normal,
f1dd145e1c454c278d3aa57ec4d8d5aa,0,normal,
43ac96e38f3d464fa0fe19e6811b9b20,0,normal,
e407fefbc2304bea92013cfc253e2108,0,normal,
df3ad98bdd1643bf8a85cd4f6d9b4cf0,0,normal,
e7d400c328c946f087628b77243adbd2,0,normal,
42f468e114494e33bf7e50b3d6596ac6,0,normal,
735b62dd047b4c6e9e5e19e7ff46b8dd,0,normal,
f78ae30d02194a93b0c61bf83123878d,0,normal,
17c3bbe72c7244ce96eaa6772bcea326,0,normal,
a1724e2f76d4420a85cba5a2dfb53bbb,0,normal,
2f43fed3aa2a49b2b0557aecb56cf6c3,0,normal,
58007db0f83f490d8ddcb905a7ddb07b,0,normal,
ecff3b99bd584ec4b4f95ee3c0e060e9,0,normal,
3b1d8c0ea0094a8a881eefff8f729da0,0,normal,
2e4a21e322524ffeb2eca3f9dc6b7649,0,normal,
187edbeb50c64c02a94a83f36106a645,0,normal,
73015d18acb243d88093ffccbe62bb42,0,normal,
ba9390d359cf4b89bb0417d75e325a13,0,normal,
e022bf5de6414b1dbc92339be9c06101,0,normal,
9b865b0f7022434197daf558278297fd,0,normal,
906cd63e61fa45238241eb19ecd94c13,0,normal,
5ecde3c72bf24ea99e0b81e08d2562f9,0,normal,
1271eed7e7db4392ad89b840c2bade12,0,normal,
ef69c6b8fd574a40b084141bf63b450e,0,normal,
6482524145bc45a3ac61f5ed7b2f7b1d,0,normal,
2704519b18e84e768340a62c15345c66,0,normal,
b6fdfb5eaaae46a0a7a80a6b5c284d93,0,normal,
880e50c9be5745a1bbd8eb2e21da9791,0,normal,
2afcd0ee6ddb460f81bfa93ba33a95cc,0,normal,
ef03d92144f44ee8baeda1d3acd200db,0,normal,
791bbef43aab4450a9723e3cadf11714,0,normal,
aa59c6e4458549f9aeb1c29528c1356b,0,normal,
3cd9f9667ce9414ab0ac32ebd9d6fa6f,0,normal,
3569d1dc6f5f4f8c93a1150dd45db48f,0,normal,
bb53b62a9894455dbd6bd84733f88663,0,normal,
8f7dc29319a443e0b4819678fbbbdc47,0,normal,
a513acb2445d4c11ad8e36d470bef536,0,normal,
4a52894540ed4454b170673405f0327e,0,normal,
19604827bead4c82992c588f7f60efd8,0,normal,
7dc2b3b08cb34f3d865ccf2a69bd2380,0,normal,
b143c5c11fb841d7b41c7bf61e848e13,0,normal,
20f06360422342a988aba0c4380f2d66,0,normal,
ccbb29e3d2ae460eb6e28b5a126c74e7,0,normal,
4caf1cb60e1e4ed1a5690332ecaeb4d2,0,normal,
aedb96891ce644b4b2d9b93be901b207,0,normal,
46ce0cccfbdd4f0eb8a49d4774e8bd4e,0,normal,
545963257f70468292fd33efa4c3911e,0,normal,
d4a52471d4624dd8ae4c7cd5756a98e3,0,normal,
290b3015e2d04632a6adae5469c4be09,0,normal,
97a7fc13d9fa4f3c9a8d45eaff547101,0,normal,
09d941b58b7144bf8b9eb0f4e55da20f,0,normal,
e3de0263513846adaf6b06f966240d8f,0,normal,
03ca967f18364ac7a9fba6fd4bf2e208,0,normal,
0788de19288845dbbb3d3ceee85b8084,0,normal,
41a032842a324814a53c792c666ec0f1,0,normal,
b01cc6124a214feb8b9776f138f06cb2,0,normal,
c0dc588e8ddb41d2b603b3a43b178bf9,0,normal,
fac9b052100a4bfdbedf66bdb2684421,0,normal,
38f558a9f3194bd4ae50448fcf3d160d,0,normal,
53000b4ac62949e5a7d0bb85e1c61531,0,normal,
36473592edc642c0ac8e9d07dc68396b,0,normal,
0d7619ab46974f9d918add403171f1f1,0,normal,
d170b8a987204b7f8e18189d330cd159,0,normal,
62b7e002bc044ee08754af8fe3b52b6e,0,normal,
e3eb7d05c3fb4a888bfdc0616207e17d,0,normal,
4d8aae863b954ac2adc37adeb7f3ffe2,0,normal,
1023de7f651a404ca52ca9b4c613615b,0,normal,
bab9856989a246ee90bb7bde1f1ec10e,0,normal,
04a78024ce5344c0aa2680b0bddeea69,0,normal,
a7366cb81e714f38b1dec92575ccc9d8,0,normal,
3aee75d753424568957faf98ea36aa0a,0,normal,
ef06e7eb0cf245ec8d97c9c821d13d03,0,normal,
412c5648d080416aa69402e293ae3de2,0,normal,
3efac76998f44559bc197153ffabd76c,0,normal,
cf9119861e9c41d79ef12941aea2f5e1,0,normal,
0d31ba71c1174c13a21bddccd9d32b04,0,normal,
06b30da29465469bbf7bfc248698f0e7,0,normal,
4e299aef90764928af40b4dcdff18977,0,normal,
a6401ab446e34a92813c768016511390,0,normal,
0a2a96d015424e01ab857d2f2ce72a2e,0,normal,
dfa56ce4c5114131a8cacc288e2cce74,0,normal,
48f2a5a15de147edbff65cdbab3937c3,0,normal,
a03d40ae4ace458a85868ba014a0dda4,0,normal,
1ababab5a7454b20947d86a78f0db0ed,0,normal,
14b49c94dedc49228cc316532a8ae1d0,0,normal,
b1ba9651265343d2b5841ab362d23644,0,normal,
c1324486c0e5410e8da30725a5c73d74,0,normal,
55ca6ce2725844fcad8b162ce49b0b15,0,normal,
a30d0a0c738d4f7188d0f60d5edafda9,0,normal,
d847f1a810bd4281859dc4be54f95825,0,normal,
7b45159613e046c0b3b0561698097475,0,normal,
84089bcdbe964f9491019282df3233a7,0,normal,
12b730dd06ae439bb02b22406c7af037,0,normal,
2e7806ee852140b59ff8673710bce88a,0,normal,
1e73fa6be8d945c5b1fb8c11150d9a4d,0,normal,
5580f258954946c19ae0f683ac83e080,0,normal,
24625a1e34cf4db0bac0935491a2bf63,0,normal,
f92a99cdde7b407eb5b58ab3ed04e331,0,normal,
f7b6fd7191bf4a689076db76558c2b5e,0,normal,
c4b79e306935497e812820ee59a1d517,0,normal,
b2f3a78cb78e4cd489b63011367583ca,0,normal,
84383324e0c4431e86a0031241740d09,0,normal,
0c182daa58664baaaaae9984e01b614d,0,normal,
50912963013c44d5afd22f3b86de3714,0,normal,
b6964a7d69cc4970b074e8ae8ac8695f,0,normal,
8a75e1beb6e74a959ba01b5514a2693f,0,normal,
290aed6d1768450aaca9cf9660ebe2be,0,normal,
f53f7cd2ecb2444c94fec5ad7eadbcba,0,normal,
92f9c8572baa43309c5ef99e427e0ced,0,normal,
94b86597088748e18f377fbfc2417a16,0,normal,
9b092c331f24466aa2bf886965d4db7b,0,normal,
61abad58683649bf9a2b92cb5a1ecec3,0,normal,
909bf01d39044314a3176c1558cb23fe,0,normal,
d875118df7b940ba9de8e1289ede9af4,0,normal,
583e892a78ea49fd9bffb05569546d31,0,normal,
5f0065a989614728926b05fabf6724c6,0,normal,
d8e3e84e4c344f32882cda04c884e5d3,0,normal,
dfb54dc7f0934445b895b73862613242,0,normal,
d684477e78a84091b222d412d5bcc68b,0,normal,
fde2d9ab686443e7a68c6c96518ec1f4,0,normal,
b8b38d53aa8f464db835e991dfb194de,0,normal,
c7d7b957603b47c581f83eff30fd9108,0,normal,
98868fd5e1ca41d586f54bc501a4234c,0,normal,
968a1fa1023b4a2ea3b11e496603b0d7,0,normal,
b865a45b262349a381dd90a6b816937e,0,normal,
27763590c23a478b9b79f9f914fa2deb,0,normal,
ef0ef124a4f44a869c967c81caff5ac0,0,normal,
34472505e00149b88d889dac5c9161ad,0,normal,
bb68c689a2614c8ebdd881021535b753,0,normal,
401c50450e384efba8748c519f017255,0,normal,
b255f71817bd4abba4a27802aecbbcff,0,normal,
c3c38c8c64a04637bac56c57f463739b,0,normal,
5634d0f0a97043348e76a91df9017a41,0,normal,
6d35320e1f2b46dc97785848a6b3d313,0,normal,
c08a657e6d27484b9f4a32cf19dfcc32,0,normal,
7f8d97607d4c475ba3b93199a3edbd23,0,normal,
9c519fbf580a49398a2e8a6430d9b567,0,normal,
2ab36403eff3496891bbf589acbf7c05,0,normal,
c0920b193ed445a0b55b77a1b844b26f,0,normal,
c6646ce7f96247f399fdcccad1c76d70,0,normal,
a3b7962283644d4c945edc73e9f9c47c,0,normal,
cc72a26d4f6d411fb397fb52daa96c4e,0,normal,
9ea407766438447d94a64014ced9202d,0,normal,
60093272ad6f4d768d06be7ff67519b5,0,normal,
9230dc14d67341daad9f4e437253622f,0,normal,
4713a345de0044f5bcfd1d28dd93c76d,0,normal,
9e0d59f56ca54d11a5fa4b7325c99517,0,normal,
01c7e65bfb0b4690acf5b58c8faa294e,0,normal,
1a8f7a744901444db8cd34abdb33bb60,0,normal,
a0a19c7abafa448c9e944ad6edb297af,0,normal,
ea9224c1bc6e48a4a4523bddb30c5d12,0,normal,
c6aa9e3aeb1147988755c87af573059b,0,normal,
3ec3832a638f4fc782b539a8d8fbed81,0,normal,
a1ad4dd9b3554d9c97d37eec4dd5138c,0,normal,
6492aa5ae4b84e1d935d89be0d976ffa,0,normal,
c31f4eb36df5454591d32ecbbc8780fa,0,normal,
d0eafa668f344b5cbc1dca23c16c61d3,0,normal,
8e732b865df9409591ddf88f1b349fa5,0,normal,
7f952d84d4504067a45454ed18903003,0,normal,
44a37fe81c7147ea98dcd09a0c7ef0db,0,normal,
a7076d5b4d29491ebc972f4d00a5387b,0,normal,
6a8b632d0f0441bc8f843c415786c148,0,normal,
f782979d72eb4b7ab5861b1eb94c8d4b,0,normal,
d689eac4f69e453f9a2bebba36cbaeeb,0,normal,
0c31769c960d416fb827de3db6a2bbc7,0,normal,
85b502cc47b24880aa81b012b097fd52,0,normal,
c39d55a7760841d08122787f588ff6ac,0,normal,
b5b00b07eb0e4381818e78fc7cc42e8b,0,normal,
2ce3e66ee15949bb92d91e3323c59556,0,normal,
f750fdd2dab34bfea527bedf46dbff91,0,normal,
84c98611283e4bf5b67f365687827add,0,normal,
480484caa45f4a9db0bb3fa09bd116d1,0,normal,
091211bbfb474ba890060a7782b5c48e,0,normal,
aa89948735804190a5bc830d4c3079b2,0,normal,
e96e081194074c59b4715da98409abb7,0,normal,
f725ff4a8bf0482b97d94d8670e5c8ec,0,normal,
cd9819c7142d4468b39b217b8f215af1,0,normal,
17e89ce4c2544c3080c0e651f731e491,0,normal,
f521ac848fd84a3faebdc7080d6435fa,0,normal,
6c94438f1aa34eaea40a5910370e4610,0,normal,
78a11cde59294aabb30d3d6ef0a7695a,0,normal,
1e811c7a3f914cfeb079598e1b30ba25,0,normal,
70fb13e35bf84ffcb153d45ec5974434,0,normal,
eb82cad1194e46768cf5ed2cca5e8c34,0,normal,
f31c0cef6d7646bf947fcc8dffc8696e,0,normal,
24b7c91839464f8d9894f1cbf4013094,0,normal,
a977560dff2a46b0aefe530348e6dc40,0,normal,
2e072be9afd6433d8c52796333fda361,0,normal,
6e0935a547de4dac906d341d4590e816,0,normal,
9a0dfc14bbc544178dc5f2d433ffd04a,0,normal,
72cd181222aa4150816464c2336b3ef2,0,normal,
2da8ab2169a9472caace09340fc6b88c,0,normal,
c8880ed5578a4d1fadd0e5407ff5e621,0,normal,
1ed68bd3a6c0469d9f455f65ee710b6f,0,normal,
4f36c851c2ad4dffb23fcc76f0461d88,0,normal,
8dd2e587fa914fecafdaa69bf6327452,0,normal,
510f82169f524672a0d4e817116488ef,0,normal,
d2c69c71cb8a4bbbb9e34427ee7119a0,0,normal,
fb6c466d0f234ebfa1db770163eddc09,0,normal,
631992de6ca54e8a90e8711702b0a6c1,0,normal,
e66ce8e244e347bbae815a7ea273a69a,0,normal,
ebdda9c1d29a48e7919ed3edf5837261,0,normal,
62bf0f600343488eaddb29141d9288a1,0,normal,
ab452ae1603046e78caf21d5adc6a151,0,normal,
a083f43a05cb47f19e713f2b41a65a70,0,normal,
c1a48dd830b842e9a51eb0f2470ec93e,0,normal,
7f3bdd92dafb4f229cf8b0416fb9700b,0,normal,
b5a75cb6c00e4b0082a2e0bc7c80281d,0,normal,
c7f8628d836947af8ff903113962c57a,0,normal,
584a984a31d1402d83c4633ca2485e9b,0,normal,
5953c25fae2d455b830d992d352d60aa,0,normal,
2ef9101a0c7342ae94713d0e2d76a741,0,normal,
136fa4e821c04d4794a0d9328dbd312d,0,normal,
d61501b580184081a73d5225d301b8fe,0,normal,
03c5e5f20409459e98945517529ffd4d,0,normal,
9435b2d93b424b749d878d051869e107,0,normal,
4d5874c591de4f1b9ce16c5d7ec176dd,0,normal,
f99fabfb7ca7472d98e654451e09cf6e,0,normal,
09b525ce7811441291ffa333563cdc1f,0,normal,
e7f0aca5263b4a5fac4255c0080ae1a7,0,normal,
915f954dca124593b918dedea267e320,0,normal,
0a15fd6e74e147369c1b54fc2834c3a8,0,normal,
aea1b0e1bb2d4262a66ed54ca670d4e1,0,normal,
8e13552cda1249539d02d8bc37a8ca19,0,normal,
2a8ccb29e18e4695a97c952557875e4a,0,normal,
6441e236c64c4c9baa204a8353e0f084,0,normal,
4c9bb4cc4d824fdb804f6c41d4ca1b14,0,normal,
0191d95dee9345398fe98c25e396b2d5,0,normal,
4bb4f1d3a61d4174827fe53ede7d44ea,0,normal,
525b12037dce4bb7a375e9b1d3c2817f,0,normal,
196c7478cbaa405299970c5a34f0e7fd,0,normal,
0a96a05123e34aaf9dcaf2e43c0946ff,0,normal,
0fe2f81b87ca47e49ca2b93482ebb166,0,normal,
5dde05b2f8a144e8b9747f779d6699ce,0,normal,
f67550ccafab482cb238f730e95e2d58,0,normal,
472edbb8afd441d085d39c9037ca59fb,0,normal,
90ef4e2607af4e63b49d11a9b008cb7b,0,normal,
c0f9a494392249db80ff4ffdbf357f79,0,normal,
c5ee4c942c0b4c6c8077c7f551cd0eac,0,normal,
e92cd71a7ae14730b7043f890b4d97ca,0,normal,
6f3c861c35bd406986770a37c93dd891,0,normal,
4e2f38d752304908ac57dcff586f789c,0,normal,
b45590121fce4b7597c06bbbf3b87fcc,0,normal,
6c1004bc06a64f7b9dc5373c65850123,0,normal,
1a99c6bc4fbe46bf8102a33ced1d69ee,0,normal,
2e4ca9626b9140ef8f3c453bb2b82459,0,normal,
c1dabcac114e48959e9b89dbabd9d332,0,normal,
750b586c51de46ce85ed05d9c03feceb,0,normal,
0fc4f604bd9b4418b7baacbe35e21773,0,normal,
f8f8eeb07a864287a320cfade62e21bb,0,normal,
7933bab1a7f644cfb363ad1f658ebd3f,0,normal,
d803a03fb9724abea677d87d4e4d53a6,0,normal,
a25e8c6a37ad47d9be6885d60dd3ab04,0,normal,
c5183c98593a452b8ef25bca9c03ace2,0,normal,
d2a77a169d104c5d81c560998551e94a,0,normal,
85908ddb909f4563960f2474a0c05b4f,0,normal,
392d2cd9457f4c75ac5759132f0afe2d,0,normal,
e70c4e60a6ea47258bc5313ef27d3a34,0,normal,
bc1d44e350bd49d6a8ad50a842395ce7,0,normal,
54b96a73d34348b4be77bd9286ece383,0,normal,
d57f4bab10334a7087bd17588ced8f56,0,normal,
dd9a44270a184db2bd46d4ab9f51f520,0,normal,
99e2bc52a7144e3dbf59cf5892985c78,0,normal,
929a8e3acad64aa28e7a1dd9444bb441,0,normal,
6cfb8c44414540e8bfda151adf2c7e51,0,normal,
6a6782aa35694a588cd55f8170d5c8c8,0,normal,
f960f1a44cbd403eadfaba49111dff3e,0,normal,
dbb491d44e5f435a9805990fb35030d1,0,normal,
6c48af7ba45f4177abb0efa3dd8f4beb,0,normal,
8514e7b437a34755af1e190d9932c8e7,0,normal,
250997891bb2478894f380ded2019bcb,0,normal,
f643e5fbf12b4ca991b5b83667f02033,0,normal,
ab31f41af85c4be789288d4c4ea7c268,0,normal,
0d32e9167efa4908ba2297597c38f151,0,normal,
9af4f9d6c7ff4189a4c3bbbae2bd260d,0,normal,
c3a1f392bf1b4961aeaf663cdd99406e,0,normal,
c07ef11763814fb5b411d90ce4bdd296,0,normal,
c24608469b774a468eb8db5a8563202f,0,normal,
d076f09c41b540099908b4ab6c118383,0,normal,
03b4d83817e54c54a7bc6492879298cb,0,normal,
f6eb8ed049c14289b87a562eb4c3ccb8,0,normal,
30b64d7a280241cca799c269df420ac8,0,normal,
12a28a659f504c1dad9eb13bfc1d56c5,0,normal,
9f1ea414405543f9ad62114b282d7a68,0,normal,
cad9afb6d300452bb1b1d7a68e713e60,0,normal,
1a8676b03b73482894a6fad8af2a9ca0,0,normal,
4247883d7b1943cabca5c660b78de1ea,0,normal,
a9be4608159a41e9a786583deefd6b42,0,normal,
f574ff7ce680452ba75e5db5fb6e3dcf,0,normal,
f1f39017433949a9ae923cefb4888249,0,normal,
60b6a12aead24af9a71cef92fa3ea594,0,normal,
8e95123d085c4b0f8de421dcff6c8587,0,normal,
3687c0a13cdd44bbb95e6987942773cd,0,normal,
a1617e5aa8a842b3a73aea33114c04ea,0,normal,
74e09e266844431b84f82c1ba12fd956,0,normal,
c1818b0cee4346629ad66abf74494cd1,0,normal,
9132106eb8734bf58e5aee5b21c767ab,0,normal,
43c0827017ef436ba494552c65a7b140,0,normal,
3bb9040958ad452e896db6ab717275aa,0,normal,
0eeaf9f018ac4590a302e6b94e326e3a,0,normal,
b73175b282c649b89f3989df6817933c,0,normal,
5edfb897067a4dd2a6a1d589d8b09950,0,normal,
d038d832437647e2ad3d3f8ded837b1c,0,normal,
f051b7b3b71e4b7a909cd3cd63089305,0,normal,
66f5f384f8d44a0bba175df1cae93018,0,normal,
713997ca87264dfaaf36816e51579b97,0,normal,
0d7a7f9599994402ac1b9e313d2d4acd,0,normal,
952a07dc384d482eb22a78776aaad846,0,normal,
cd54f6338da94b6ab3c2268cc462a921,0,normal,
6c421673a7ac42ed9608ddc46cd4569b,0,normal,
8046eecbe2c34eb4b57fe796f51146ba,0,normal,
bdae4dde25ca4d299ee84e1ff34d85ee,0,normal,
90171125e4a04df395434723339fa2da,0,normal,
e397e1ea62ef48329d3be607084e2a8d,0,normal,
7fc25ecf0a8d4b528d7768e56611fab0,0,normal,
b9cde239bf41403292910c7d05b84bd0,0,normal,
c57ca8dbf7fc4288bf7a8f30dea7565b,0,normal,
7e1b61f96cf2442b9e7758c489e5b5e9,0,normal,
6f1bd2dc939b4c04a18c71e73601f97d,0,normal,
2bdcd1ee4433402a9ca7d31e3a9953eb,0,normal,
3548cedcc19244c4998c82b7c9131122,0,normal,
a2349f24bd0946faaf0a127e4964d902,0,normal,
51e9648761a044bfabf8de8e14c22644,0,normal,
4ea684ef21fb4b3699cf0d16a7336857,0,normal,
d2cc3d326d4048c1b56f75948d30bb7d,0,normal,
fde2eecb67304fde91b12f36bdb81817,0,normal,
3528020ec5ed4810a3be6e9ccbc40edd,0,normal,
2acfb53774b648918ce80769b7a7c3f6,0,normal,
2c87e5a3d5a545d9b06bbb9fc7d68a03,0,normal,
cfd0cc1300a04db39d6a1da534532db0,0,normal,
0c5d04c4e8714e3ca2eee9989d33450d,0,normal,
4fba7ccf485946758759349289785136,0,normal,
36a4718fe8e5401c9132d42685e1acdf,0,normal,
1f1c945e17a747dca8496d5cc3f2af60,0,normal,
3c630d8304c640bfa17a7ff3bb4edd4d,0,normal,
e21696de510f46ad82c84e414150fdf0,0,normal,
db193799bfa44578a1616dc928874d77,0,normal,
f854c01818c84df482091c2999e18ae5,0,normal,
1aa31a8975c34b6cbfbbd647f1288a28,0,normal,
ae160ef0543e433bae96493c247a35c0,0,normal,
b5f7b76a7a3b4708906a9a35d3b47155,0,normal,
0fcdf4ce96d7487b8d81da90db8f990b,0,normal,
750932879ae3461ca68af9f4e17abb11,0,normal,
1190e28f30d5466fa545b04eb534b276,0,normal,
1576cf3634b641a9a3920d368c820446,0,normal,
f34e4b89ca14413ea3e144b1b94f1c89,0,normal,
cf78bc66f03b420aa7259d5d9fead5af,0,normal,
1c149ed022824d27bc0cc00946956aac,0,normal,
5770dca1c7b94d17bf8bec43843e526e,0,normal,
ddffbdc880484838b61080584ed2d3f9,0,normal,
079c5b2dcef444af99e1a4a908aa6e1b,0,normal,
a01eb39d39fc4a93bf07427cc42df196,0,normal,
c2d652be1449436ea91d2a137524c35c,0,normal,
17b8872957604a3abb56769b641107c4,0,normal,
ebd804009b3644b9829ba084c208fb0a,0,normal,
6cd9d2b51f4f4bc5b5440abda174de4a,0,normal,
ab134e55ebc8408a8d97b97aabc2f27b,0,normal,
73b19c36bff74ce19e9e6df20a56897c,0,normal,
0852966868b646959647795f5894f582,0,normal,
c67d3bef1fe440f9947dbe9ad6d9a673,0,normal,
414dfffd3ce140918c6e3049d7478c1b,0,normal,
02fa1d92a928444d99bce39e03c88c34,0,normal,
797d51b508db420eb0c2db81fd4370a0,0,normal,
7cfb66b43141481da0236bbf7d250e6d,0,normal,
7f5d33c8d0fe486b872e4f7925296a46,0,normal,
79a226f435944c30bc9055adbac603a5,0,normal,
f7291d2cb3cc4973b11622fdf09fe380,0,normal,
6578714fb3e642c899a14e74c9536408,0,normal,
a429bfda70b64315a3f8db83cf916a86,0,normal,
b34b3a6d0942426faf7dcc6dc43ad067,0,normal,
6279a7423a6e49f3b2f959ed88a22960,0,normal,
f0189d14c66e4779a9a6ed1c0acf8e51,0,normal,
1fc1059f644e4b31a4f93196a487b6f3,0,normal,
b26b139c70c1489d9460f3d8e4b788b3,0,normal,
b73a843459014797a14af3c1cc29f731,0,normal,
c2f78969c7f042cc8dd3181567146a1b,0,normal,
e9ff75a1a9b347508229873e7f5cb84c,0,normal,
fe70c157a9eb4e21ac7c507ce9ce74e1,0,normal,
176aec2e0f644298a4aae4ce47faed4b,0,normal,
f99f08ba27c4414db7aabdc7f95799e7,0,normal,
62bedf1e821f4b39ae42b655ed6c3fe6,0,normal,
7c1781ae0c244201acc4b129fa4bbf12,0,normal,
7d6e0b5773384068bf9f3f4f1aa61932,0,normal,
8030d10887b343c0af1c37fb456fe2a6,0,normal,
f4dc5256236d484288b04ecc587a682a,0,normal,
65b55f71328e46809f9285d728b9b9be,0,normal,
e06cdbf8abdf4277a376ff894bb2aa12,0,normal,
50f9bf03956c4fde90bb4296e33cd883,0,normal,
fa42ff90a6214c3b96aed4e74318a95e,0,normal,
e58cab57f4294084965dba237348c03d,0,normal,
0109e0e6851d45249bf798f955a2c922,0,normal,
61773b3dff094cd4ac56a4d8ffffbc0c,0,normal,
e3b1a051949e4064a27a4035cc82584e,0,normal,
7efcc0286543428497e93310fc92ead1,0,normal,
ee94c376bd5e44e087cd6d7e516481f5,0,normal,
6d50ff481d8844d1abbbe60f60164ceb,0,normal,
bcda64112b0f45aa8a6417f9ccab95c4,0,normal,
46d1990190664e79978b20ebbc1f84ae,0,normal,
f152e04274af45618651a9e7a7c5197b,0,normal,
ae962d98364748a8a7d642881109f374,0,normal,
c86980c48fa5414395efa6755a3adc66,0,normal,
2114832eafba42898fcf762331b0f1e4,0,normal,
ff8fe29f8cc446b491f0cd2f635d5680,0,normal,
4e3c25b942cc46b0bc5d8ced01066458,0,normal,
699de817b88e4ea9a04054015fcf9df0,0,normal,
4981692252a14aca971a463b46d13cd8,0,normal,
7fa7d2631bf74578aeeb2741dc2c6a9c,0,normal,
bd9f0b55c1364492b4a9cb7b89d31ade,0,normal,
01a62fa5535b47c9b9e7d796124dc09a,0,normal,
d1a603e36a304c769cbf30aea622e2c9,0,normal,
ad5ec73f08c54db1b7c59e98c504f4fc,0,normal,
b13582f19575461db526381f59bf60e0,0,normal,
75dbfbbd68af4ccf82dbc7b89274a0f1,0,normal,
86ee67e37ba549789b7120d01d847214,0,normal,
56db8b2e1cd54ffb9690a93904e5c281,0,normal,
752ef558daf64fc2a95727f1a6dcc02b,0,normal,
d736a7310afd4c6ca8faf5fa8d2ac0b0,0,normal,
d03001450d91497495c93232d5d7e526,0,normal,
2e4274d91e4f48798f762d9a851c3e09,0,normal,
3687f071d7454f79926c888995b3785f,0,normal,
05c4a9f2c8a142248e7c6a1dde9d83eb,0,normal,
992d9cc4c3c64e76b6d55ccda1c90f93,0,normal,
3a5c601465e34c7182ce9879258a3bca,0,normal,
470c7cbef4aa44cea70f901a14a53c0e,0,normal,
2ad1d591bae9404a9a2c0d7d52704791,0,normal,
f856a6771b4e40f0be018c15f082dbb8,0,normal,
713ae383ce27473fb4775f02392d2911,0,normal,
184ddb5cc1c446e7a260846d38e92177,0,normal,
d0c71fbe5bc04ecf9022659d3a498625,0,normal,
f8f104010b1e4bcb9b141350b62cd683,0,normal,
88be91d6b4cf42a089817a4f756665be,0,normal,
fab177fec5ce4a60a6dbdfb66588f9c6,0,normal,
4d7556bfb9eb47db982c355d4b952991,0,normal,
789961bcc5184128981713087af4a20b,0,normal,
0298b99aebf74db797780a7cc3d5237d,0,normal,
74ac31011a7244619d01fb9e4e98141f,0,normal,
c7ba1d11b8cb49948aa3a5364685e3da,0,normal,
941581cb0e504fdabd4c509e8f7ebc63,0,normal,
cfe48925fea344788cf1d1e68523e023,0,normal,
970e3dc8a1ec466ca04f1d791f35cddc,0,normal,
7ac25aa421b14684b8f3ccdfe438110c,0,normal,
d300342d492944178859f8feeff79969,0,normal,
b6f36509a083486885edf91900ed330d,0,normal,
995c57af8247441196a1ec53d2ecef50,0,normal,
915753fe940e4e9a9440a24c3381be94,0,normal,
707ad3ff1fa6442da10aeb96329defa3,0,normal,
5ca23550dfac4446b79a23006192c0e6,0,normal,
6850666219904533a3e08e99cd584a63,0,normal,
fde174e812224bb08cace2eafc687ea1,0,normal,
9c8da38e98be4f079d8ab5ee26ae9b60,0,normal,
37aacff911554f2b988bc47f80cb5e60,0,normal,
565d6ab1e95c427a8bf080e77d7344ca,0,normal,
ce4b0e66eda745b88c0e15ab25dbd2b5,0,normal,
07e3e15cbee54b928c53b19f4d4d8461,0,normal,
dfe0baa4ddbe48e79c032fa8c579fd2a,0,normal,
2272e7ffbbe241d18108801ad021797f,0,normal,
fa2b59750e9a4353a021af1c185457b4,0,normal,
9f18b2ca425447a6ad9af2e8ed096428,0,normal,
1bce8155b3a343dd9898ef3f53ac9484,0,normal,
c8dbd992a9054a298fdda3bfe12a53f9,0,normal,
7b5826759319490cb3e24b66b0733da1,0,normal,
da1ac99ed8da4071873cf6dbb8707d17,0,normal,
3bd15bde90d8482b842bb83d6c2378a5,0,normal,
8a87f14f99e84b4e9bc86bb7738b6fdd,0,normal,
a7e59a2f8965419b99f2ed473c300eee,0,normal,
65678e8a25b449c68d7cf0933d31dd30,0,normal,
7934a158694f48f68d4c2ea7d1dc9dec,0,normal,
98c6af7c6b2f432a8dfe69fdf7ce4493,0,normal,
f83c3d278e5443bcac66459d2a33a0ea,0,normal,
ae505df0d22b49709f6817464cdda2a0,0,normal,
048c78a2b7334f58aedf5f357c8cd4ac,0,normal,
ee8d5c7c01b945aca4fecb6cd71f0ed2,0,normal,
d2d2939e390a4f29bb7f0f6495c0a28e,0,normal,
19cf4044879d4743877dd60f035c26e5,0,normal,
92d45637d61b42619e8e3664fa7339f5,0,normal,
82ee1e52f06b416cbcc6140a212ce0e3,0,normal,
377d2335fba64da986e2a3ad60f66a11,0,normal,
45881b052e534892b9fc1efa270ee38f,0,normal,
5406412cdb20402c9e89766318dd827b,0,normal,
fdce305904dd48c69ac1ae9c1c13836d,0,normal,
411c71c0cf314c7ba54b2d84668945ce,0,normal,
939de78d0ce84af9902f5b817e28e2b0,0,normal,
0576538538534c32b461f03882d1bd6f,0,normal,
5db1e8a9c11d4e2eb727dd27d1ad0c20,0,normal,
ff7c44cd3f204be691be9c3c36b2b3c8,0,normal,
4ab183c0c6b5430ebf8596cdc1316eb2,0,normal,
02fb1bc1a71046eeab73ba4f228ce5d2,0,normal,
edf6a4859a4d4f8e90c441c99ce925ce,0,normal,
b74b6306d95f4ced8d06510405ec5728,0,normal,
04feef9cacc44e6c9b6a55715fc13e46,0,normal,
b61d5e08cca247f0ae6a6ac1c103fa67,1,structuring,structuring_716
b1133e7c734d455f9423186891741d48,0,normal,
254d776978e54a4988140f60f9d210b3,0,normal,
76d160119fd84b90bd7e48315cf20f15,0,normal,
85fff080b5c340379271ab4451f8b39c,0,normal,
95169a7968024b0caed6f82f78c0c340,0,normal,
25d22729279040f6b4c3bf812f0dd109,0,normal,
9ef23c9e8e3f4d40aa20029e4705f33e,0,normal,
66a636600f6e449d832073bafeedd2c5,0,normal,
506f57576b1f474daa3df203c41b8c6c,0,normal,
b92903b984584cb2bb2a409f41ab3591,0,normal,
770665b0fc4f420782bd1734a3d92e83,0,normal,
b348d6f363e44676836ffab812d29364,0,normal,
1b816495e3724f96872e15e03798ebc0,0,normal,
54ae8a1d7bfe4f2593df331efffa9ab5,0,normal,
d135f712a0e045faa773de387bf39ec2,0,normal,
795005da1fa54c4494400238cce0b22d,0,normal,
9fc70bf46abb4295a3f567193c07faa5,0,normal,
afdc3b6708084ba4a8dc6715d1b19e12,0,normal,
a913e1ec6f0c4a16ba5fc66012e355ff,0,normal,
d1afe527eca14328b9c0b7497cb3f425,0,normal,
b5e3b0d311f44c659b90c168b045e0ff,0,normal,
3cb6d1fa1ea54e519d79a4d1701d58dc,0,normal,
44a131459b3c4257b33b18d9b7afa0b8,0,normal,
c539f3e82f54499a86eb64276150a231,0,normal,
c5ebb581f60040d2ae4b7f72f132afa9,0,normal,
edf15a1b3a7c47e6b21cf9faae89c407,0,normal,
0d1b251606cd4d4a86b2860908cc1e2e,1,wallet_reuse_burst,burst_382
431eacd32e12446e97eb6595e43fb650,1,wallet_reuse_burst,burst_382
7ba24a51444044068551a5fe58981e32,1,wallet_reuse_burst,burst_382
1860e380f73b4766822568603de699fd,1,wallet_reuse_burst,burst_382
3dd152fcc21b4cb7b4ae39fbffe85b7c,0,normal,
3881080a2d7c476aab2c97c8094dfeb8,1,wallet_reuse_burst,burst_382
75dd74f692c74900ba4a9518fd467a56,1,wallet_reuse_burst,burst_382
434f5d07b8f542ea8f12bf3cdcca38fd,1,wallet_reuse_burst,burst_382
5ae92f28e5234be7aa71fc48a8163205,1,wallet_reuse_burst,burst_382
c5372760a0ff4d37b93fa890ebe1e5ae,1,wallet_reuse_burst,burst_382
61d9022f50a644608e4fca65d3bad5bd,1,wallet_reuse_burst,burst_382
ba34778029ab4aee98b91362a54135de,1,wallet_reuse_burst,burst_382
b0fa3e35411b42f89e63a859189f7cb8,1,wallet_reuse_burst,burst_382
5a113cc1426947028ffdec15066c1f32,1,wallet_reuse_burst,burst_382
9219ff4a026149839108951f22600826,1,wallet_reuse_burst,burst_382
43bec18131d54d3189be8650ef435a05,1,wallet_reuse_burst,burst_382
b3572a3e693a470aaf5ddec858feca45,1,wallet_reuse_burst,burst_382
ba8ab1971ffa4a73aa05089beee86a18,1,wallet_reuse_burst,burst_382
109c59ba4c7d4b71a10bda24a4271734,1,wallet_reuse_burst,burst_382
02c8fbbe59fe49e38826a6f072ee7257,1,wallet_reuse_burst,burst_382
6b179cb3c2a642058db78e05cca3042c,1,wallet_reuse_burst,burst_382
cf09381d35194d3a9f1a04eb7024571b,1,wallet_reuse_burst,burst_382
50626e8b9e134793ab88e4fc2eef84e2,1,wallet_reuse_burst,burst_382
9f4c49ab00b74a2d8b8b2dd108588472,1,wallet_reuse_burst,burst_382
b7f62a1f502a48a1995692c257d2854e,1,wallet_reuse_burst,burst_382
973c8f77f9db4aa5abbedaad832dfb6b,1,wallet_reuse_burst,burst_382
dad1d4130f384a549db9fe9f4518241f,1,wallet_reuse_burst,burst_382
7de3dfa9e15f4cfbb612b28bce61fbb6,1,wallet_reuse_burst,burst_382
d4c8214b54e34e5c9a830a44588c65e9,1,wallet_reuse_burst,burst_382
68a4efe6fc8d49d48ac00b12d26723bc,1,wallet_reuse_burst,burst_382
f7ad0b5e86ca43348b58984cdeb73a7a,1,wallet_reuse_burst,burst_382
09116b177c904551b2d0f381efa2b25d,0,normal,
30fcefc3804845438f4844e8d318aa14,0,normal,
3838094baea644b4bde519f0cc7925c6,0,normal,
e683574bbdfb47a5b00ea2356d07086f,0,normal,
46b64bdb9edf47b087c9323ca50750fd,0,normal,
ec48761e431b4c6ead83dc33fd55d6dc,0,normal,
7f8b93860bfe49be91c34f91ca69dca8,0,normal,
367086564e574ec795a0866e242dab3a,0,normal,
a17b5dedd9fd4de6a0b9a9bb072cfd2d,0,normal,
07992d4324364ebf97d6e29f88efb8da,0,normal,
877ca5c7bd0249bfa421a46fafa7e10d,0,normal,
3926a18909a8404684738eb21cee24cf,0,normal,
8ce0be24d90e40ce9d3230c5ec68f2d3,0,normal,
3f86fda99778485db8ea7be08720d312,0,normal,
7797d47bb9ed4203b644cd013511759e,0,normal,
022973d93cf94d8990776e1c4adf5a63,0,normal,
2343a0484c6441a6ac8805635c131689,0,normal,
d4ddf0161a7c4324923d0444516c6251,0,normal,
5ecd7a2c0b8947148d738e130e2a7069,0,normal,
0c52ff57c4a849d6b7710af7603d3fb1,0,normal,
279e5fc9e85a4309ae03908a1aff6f10,0,normal,
4434cce00d17497299b9af9c1bf65308,0,normal,
2fbad9bc51764a3a8f28b02ef4624c2c,0,normal,
8df29537ea4c4b8980ac29ff023097eb,0,normal,
f7e7d1a9d6e9415caaf38ff747ac4ad3,0,normal,
b417a40bbc614f71a58afc7587cefc35,0,normal,
3b551d4a4ca64e13b018171cc1f129a2,0,normal,
ebe8d5e13122431e9c8baa38c2b40183,0,normal,
a47ecc812acd4ac5ad72b2e132f3e547,0,normal,
7224294758ab4e0ab8de2a5f213fddbf,0,normal,
15b46b84a8d7445289d2af72f908eadb,0,normal,
484e13dca17e4cf9b30f26f62503b8ab,0,normal,
8faf6b7223d547ca86f46b0182e42ebf,0,normal,
dc68bf12d6884c229964a6c07c0f3dd8,0,normal,
7e7ee27a2850413295918ebf6bcd1e39,0,normal,
1f7695133293477092746e4f39ce9ffc,0,normal,
9785047447e040a6998b6d9613db6fa3,0,normal,
26f07eca3f5c490d9f717962041ef19d,0,normal,
b1f0a0ed19ee42a1b8b703e0331c6c53,0,normal,
7d23f843aef246c589c9707d1d35f1cf,0,normal,
ba02bcfee03741c8b115abb9f68835b9,0,normal,
77dfe6b7f36448e89755a81f778634ed,0,normal,
7e2fd0b00c1747329d996d89b9ae4482,0,normal,
87d97b6341b94ec6bc180c598ed83d91,0,normal,
9f1284a5e039470fa88b755f37666492,0,normal,
8eda37cdd41746f5908741a22f6fa6a3,0,normal,
26582ca9d466433fb90c862cb8f4bfd2,0,normal,
22cf09cc6ba74f839a77a97d3642050e,0,normal,
c4f9be6543394e7b8de3ef3f8e2d9ee0,0,normal,
99351ba43a1a44c1a6c7603ee17ad177,1,structuring,structuring_716
e0d6662a536f473d9f1dc93bf789e47d,0,normal,
fa890a506c18429dab237b36dfa1fa81,0,normal,
f7746134a1a54022adcb53a74d3b9df9,0,normal,
11241fc124e4483d8002c72021dcdbc3,0,normal,
79ab078bd0b64d56b8e87c8bf0ca264c,0,normal,
1b2de8811ff546faab5d8e167c660c4e,0,normal,
6052ef4f0efb4c258795d8b9414f12a5,0,normal,
6ad7df34410f4f0e878822a7c7598fbd,0,normal,
937343fcd3d648e98299a3ad61e184bc,0,normal,
a3d3c3ef5a3145b1b9e92766d215aca5,0,normal,
3f9e549b82e846e99a967aa1c09ee2bb,0,normal,
2f7324bbfb9e4cd4b3d7f673f0ff8828,0,normal,
f7624f328aff4875abd0f997b3cd9701,0,normal,
b515ca69ba4340309c633f9ec97a1416,0,normal,
47326d78407c4387938c8b7bfa72d594,0,normal,
b5cc33ba77544886bdfac04efa106c02,0,normal,
209292bd06ab4eefa0d7fce2f7674fc3,0,normal,
6a3c3853f6ce4650b869e9726075fa7c,0,normal,
d1d3a143b9ab4c8391b1216bad7dc4ad,0,normal,
2591bb2d41344529bfcb799c0b1b237a,0,normal,
9c0faff3ef9c4dd3a2cca3f641960494,0,normal,
f450b5a7d1574b008f9ff84ed485fad4,0,normal,
0c8072a90afb4a6fb34aa590fea3951b,0,normal,
343f0dd35eb34b65aa19aed198df3286,0,normal,
2e3b3012a69941fba5ad23a5cc8d12ef,0,normal,
dea6d22effb547d684957b868485f2a2,0,normal,
8d3ee259db1f4d92841ff71adbe16160,0,normal,
848676c01cbd40c6a4669f37b7c4191c,0,normal,
df4c9b668dc14b74ab3013b8afc8e56c,0,normal,
4fead9eadc0f426fb22e23614127639a,0,normal,
5dcdf04e8de74955a048ba3e3ed4bca2,0,normal,
3bc96d294486456e8eb1b10fbc450777,0,normal,
707993accc8d44df930962793f7f35ad,0,normal,
2d43c22192fd4c53ad8f5f917c2c56a9,0,normal,
a6bedfdda4fb4956a588265f1ea885a4,0,normal,
b6d8cd8ac2584871885f4700aa16e29a,0,normal,
a9967741b02342b2add0a873772750f9,0,normal,
0e7f43e5bdf74b3a8d721827762199bc,0,normal,
cfdf97fc8c494e64ab29960756c14545,0,normal,
1a78e6a0545240f1a93ce184961ce330,0,normal,
58cbcc5c0cab4a86a62f12ef948fe719,0,normal,
7fcf928b56fa495f8cc9e25ed49337dc,0,normal,
3bff140f899a49af80d9df2d2982b13b,0,normal,
9150076dbffe48998a15adec63fad866,0,normal,
2f2f98ace9d140b0a301b7807e0e8cc3,0,normal,
54bb754eaee345658ab65b00f1046c53,0,normal,
924fe914c3c740c593e23ac147e5fffe,0,normal,
5f248df7aa714a419167af752c7603ec,0,normal,
19b4d76320aa4a9b9c1b2bb74347e75c,0,normal,
6ff33ae79f7648808aacaf6a05a52768,0,normal,
3337fa20543b42ee9c6ff6d96fa5b00c,0,normal,
a89374f0e97d487599d0e595d2577671,0,normal,
61c88d698b07478f8f12fc31800ddc18,0,normal,
0883f837351c40c9a9028fb0cab50977,0,normal,
bb20a101c5e341408bd32ea9aca15804,0,normal,
d5cd243770704c82b3a97ee91bcbc83c,0,normal,
9a7d27d79c714e6381e21e207d97c1e9,0,normal,
0d8b07377df9457883861f7931c21d04,0,normal,
ea75db1cd37245048db4663962b72cfb,0,normal,
cc1ff7468e744fc88cb8e2ca006921f8,0,normal,
c3af0474a1044b3e95fa642d0bf102fb,0,normal,
9130b250fa814aeea37e050401d37676,0,normal,
3f44b8f400ed4d79a7944d8ac8f3c4fa,0,normal,
6ee099e94f064efbb353cbd2dcf64803,0,normal,
a558b73551b64f78b007a0c3310b88ec,0,normal,
770e3a066e8f42df9fe4c7f82041fd03,0,normal,
8ba3e7d862e2401ab212d3a594566781,0,normal,
398f389f09f0461cbca97fb3049dbd1e,0,normal,
a778c99afb3848b0b00a7b81f2f5039b,0,normal,
6609637b18f741a5bf96d3bf98d5d6cc,0,normal,
d91d230cb8304967b8a10dc1427204c8,0,normal,
34243659fa884e4ba24c927527640872,0,normal,
ecfe3a372fb24447995ca65f653244bf,0,normal,
8691e3bef8dc44a1a62c621768960fd4,0,normal,
40c126f928564a30aa3bb19d50773523,0,normal,
d10f6f5afb2041f1abe36d4df28e2592,0,normal,
cd799983c0c247c6a41d6bafd7b21418,0,normal,
ab2a2ee31259494dabf4b40402d112ee,0,normal,
1d8abc1fb52f4a9db82b08ce0487f38e,0,normal,
13d981a806884e89a9e0a639c74ad304,0,normal,
ba5dc67eb7e345689b83b42a81ac4403,0,normal,
b8569e5e56084ee3a2f91220b002db22,0,normal,
f7e98888fd9749d9bd6bb2395f14ec6b,0,normal,
325c562e4b674cd2bc81e5a7bb6a9028,0,normal,
2a426cde141442bfaf5c81f87660d69f,0,normal,
46c89fbb74964c16932517fa0ad43837,0,normal,
e8b7e3876cef44c2b18c63cac9111efa,0,normal,
c93f0be8b96f485e97cee2591f6d1bdb,0,normal,
8ccc3d57e98c4255a9d18edf6a66f38e,0,normal,
4992515b1db94a22804bf04fe15a07a0,0,normal,
54c93abd08604165b1e3f1c4795321da,0,normal,
3969fb81c49d446b8409c5897f3ba707,0,normal,
17065ec1b8a24907a47a2012c432d9d2,0,normal,
25363b05c6494bed8324f57205597527,0,normal,
16d192ae93754059899cf2c4339fe2bd,0,normal,
f43c357f24e84554806bf4418be872df,0,normal,
14ff9f2f07674330a9eb1e2fa63ab119,0,normal,
2a0ec9fedbc449e898d4a0a417535258,0,normal,
39038b2a03b542789d6be56192d45069,0,normal,
36d8908df9b244289cacf1ed9d6a0019,0,normal,
07e9c2d88d934a42bc90b4c911b744d7,0,normal,
33fff285a725453ba06eee006231cb3f,0,normal,
b8820bd3e3a14afaa53948a0310d80a9,0,normal,
f26e267369aa4f07a3ee10ccda5ea218,0,normal,
db78e19bbe624ac48baffb1c7289d3b9,0,normal,
c4c0fdbf695347e4bb77debf840a8963,0,normal,
95276af357d64f17ba44129e7913db83,1,structuring,structuring_716
01b759c1868647e59d1540a1142e8a75,0,normal,
51534d2ce3be4b0ca76523bf0b143984,0,normal,
dc96d52af1614a048a060aa73bca5c5f,0,normal,
3ce3d414fed7455cb44681ff5d9ea3b4,0,normal,
49eb52033efb4cfa9b48785b452d506f,0,normal,
b15d94796ce74944a5f5249b17fad60d,0,normal,
558afe9597024119a5781ca5a75fda44,0,normal,
d11019d3b6f646aebbc2e3bc018d9261,0,normal,
d6cba2bacee2451383f77b2efdc82d80,0,normal,
0a8cf923fad14d3581af2363741cdd2b,0,normal,
c67a864d10b54575aae53ac266d8096c,0,normal,
68fd0fd659954fd7b18380199a0a0a91,0,normal,
d280520ac99d425f8b17514617e3c88c,0,normal,
e2c219e7637242c880059711a2cd2274,0,normal,
2555d1dc802a45e89bb4169db8d40c74,0,normal,
2f4bf3332fb34f70a51d447611313e1d,0,normal,
9723aae392c5408bbbc60de54f2a9282,0,normal,
3fd94a9da2a742b0afc9ca5ae423c074,0,normal,
0009fd383f4a446f8188e8641f13824e,0,normal,
7202b746a3884a02afe5aa07987aa25f,0,normal,
066e3fa7f24d4934ac4b5b177e6cf831,0,normal,
52a0b2bebdd44c75bd623b9b53c4fc5f,0,normal,
2895458966fb49408b68076caa2bff3e,0,normal,
8baa3c8efbea44c68313fcf6b7b29c4d,0,normal,
3a3b990dbb4e47bb8f415166091668ee,0,normal,
7343e9d1f7e34fd2aa277f758af466f3,0,normal,
7940242dd51b440b840ea08caf660eb2,0,normal,
c74364a40d2c421bab7878728646f58d,0,normal,
7fad5f962d0449d2b9ce316df82b0279,0,normal,
0662d2091f1f464282835faf104778bb,0,normal,
7a620535992846a582949be53f93593e,0,normal,
b5d643f5fd10469c8f0634ae374facb1,0,normal,
0f66f766711f4f6dbb28a7787d7a60b4,0,normal,
f1dadf12d33b401b8716b68d7c8bdf88,0,normal,
094eb89ac2994358bcab0537ed9f8869,0,normal,
b48d98d447fb48fdb3a043006d189402,0,normal,
ebebda12c3904a9a945503e90c2ec678,0,normal,
f9031dc4b46a4bd0871ab7d1452c1ab0,0,normal,
0db51f01352f4f96b280b6f34518f4fe,0,normal,
97949ac960214d619ef9c8e36817bfb1,0,normal,
ded27ab03d8945dea99b786610161ce9,0,normal,
848716625c244140b2067799503efb11,0,normal,
e8182cb657d74522b386e57722587d0f,0,normal,
1a9d6a56a1f548a29d108a7b42da8fe3,0,normal,
0be53271f7074f109bcaa6ad99340505,0,normal,
23c2c8c26624477e802ca7544919964e,0,normal,
662ab58c68d7484bb6d1e933b2933e7f,0,normal,
859848ab2cdd46e5a9c42bf9dbffdcc2,0,normal,
5fb9ca97363f4cb4b4e045c8f50916bd,0,normal,
faec9642c4e543c48fefad68193f968d,0,normal,
0a74a3d91a5f459a95f55c14f68c5b79,0,normal,
b94236f50d764842aee5dd244f42a203,0,normal,
40615913f0514b57ae1bbaf188f5045c,0,normal,
0c2d36623b4d49d2bca677f945d67f8b,0,normal,
c613e517a84641ce9eb8bf9bbd5f44c7,0,normal,
c2035a7338234638a3ebf40fdd3d4e6c,0,normal,
95c3a96408c94490a7637caf2d62d123,0,normal,
e6eb68eb007d4271b9d67175c3a934e0,0,normal,
3f587d69d19b4ad78ee5e5d08853f0aa,0,normal,
be1e9be019b44ae785411bd8f760bf41,0,normal,
3c001e0d34cf4f76a053c5d899958590,0,normal,
a5d5b80983a5497c9c74e9b73f3be915,0,normal,
41e22652b3334420be25f038ba2cc6b8,0,normal,
90fbc59b6fe749549e90152d5bd76df7,0,normal,
677a90bdeaed4d1d8342f28714525964,0,normal,
47c56806ee95457d945f0f440b20acf4,0,normal,
8a6e02f76fd64c3aa72f162d90ea329b,0,normal,
80f3a3d072d24a12bbdecfd747bf8486,0,normal,
e5b639a86a9e4f709c8d5bfd19617bf6,0,normal,
f9f5a203eb324b6a87cebb73545e9b92,0,normal,
93e58f4286de4082b1ce1a1aa6df99ba,0,normal,
999033ed7fd14d449aaf9b5febc69277,0,normal,
9ded04270aef422babd379fd2decce8f,0,normal,
79b6c296c7fc4cd4a669c73cf5b841b2,0,normal,
ec8b76ecb16d450bb546845ec1cf4f60,0,normal,
e7a42d685196474a92cbbf27606f8c03,0,normal,
4a1c75ddcfb04e3391e86bd5a97d204c,0,normal,
64197212748c42dab1e02dbb389f7752,0,normal,
b362709db9cf4189b20a4fe2b5acfe2d,0,normal,
51277545162347178b1626292265432c,0,normal,
e05881420d3e4e81aaaf0b2354e7f490,0,normal,
6724c6f5de9e4a2392bcd098f554abf2,0,normal,
f3cf41f1225449a691b3a52a7d870eca,0,normal,
9a365f94fb714988afe50ac4f39c60ee,0,normal,
9d1f105d46e74576998e3f8e3df0fa1c,0,normal,
969519dc7ef748149b1a8dfacaeb67c0,0,normal,
cfb67d986d4c4b86b991017ed60eee65,0,normal,
5fee2de279d94d1cbb49adaed340fb6a,0,normal,
60f1188c7d264f07a9e5d6de1eae53a9,0,normal,
84229e04f0ea43a7ac9eb2b3adff9460,0,normal,
efebb03e72fc4c3ca4990137ddc6eeb9,0,normal,
a92cd0fa63c7473ca4ddc05163f98934,0,normal,
4971e85ca3d342388e57c97964d9b1b3,0,normal,
88fbe530c15847ca855ece24751aa106,0,normal,
e8dc3b915c3f452ea3db7c16e0e75e16,0,normal,
650d850deb46499988ef9aee05f19384,0,normal,
fb1641422a49414392f1cd073dc6d675,0,normal,
355d91fa5da94e85a966473c543e8d71,0,normal,
98ac0dd6b2e64a13aa3645978379b3a9,0,normal,
0729125e712043fbb80c7683432a627e,0,normal,
330523a966484fe1b67b5540647c0796,0,normal,
b39a4cbfb4aa4f8eb41632294068f9ca,0,normal,
b279d5c5904e4e3ca6c20212e3cdc493,0,normal,
7bedebb00ca74c3a9e618f0fe1bfc169,0,normal,
4fc49eed5b334072864657b0c345929a,0,normal,
f87f2bd6dab9430aadcf564124469b39,0,normal,
4cb6e10388c84eaa8632f24812bb9a02,0,normal,
e09391dae3384da69c09467de2a6e3fe,0,normal,
66c3d55194e3472fa2c577148226d592,0,normal,
e74532218ed547298f60524c14e6ce6b,0,normal,
6e43dd00ef4e498a876e331ca5778314,0,normal,
db97cbe5c5ad453e96f9828bbad69ad9,0,normal,
b590a20883a14fa9a06d0f8e9b9eef9b,0,normal,
086d74c2c69444af87f1604bdcd02f56,0,normal,
fcef68d131d64d57967973a5bc926dac,0,normal,
891986409d9343028d3d35046ed2e9e1,0,normal,
a6e35855148b4384ab6d2c83c5722606,0,normal,
1d5c14c0402f439e8884bd01f102d6b6,1,structuring,structuring_716
2a5eb1e0c3a24099b81c8387c2bdb537,0,normal,
f59fbca9e7494fbabdf034cb3dbc387c,0,normal,
f308291793b1444ea4d5648cb81b47e5,0,normal,
9b522c22fd264410bf1ab64f71760397,0,normal,
0e3024d7e71c4f158e42497f963b966e,0,normal,
66ee0b39f4af47318bd91d3ac8850a06,0,normal,
b68d1791a5124249b54ebfe240894a36,0,normal,
955c9124ad6648568927bdec99cd73c2,0,normal,
e2f398cc3afb468c80d386d734478cc2,0,normal,
71e1c7704a9c4ac0b924ca569cab965f,0,normal,
147b58f789d64cb09ffff12d02a17fa2,0,normal,
711f5d7b3fb14c4f9e2b3b3edbdc542d,0,normal,
e7b26c3e5e764efa8c68da0bd7bfed41,0,normal,
7a21f5b8dd1840b2a0e534be76140b7a,0,normal,
43088384b4b644198f7aa9619ee68b89,0,normal,
85fbb9193e5c468f8c9b887bdc963c76,0,normal,
aa6cbb8c155647d1b37b8fe598be0e1d,0,normal,
c177c1543fbd4c4da38691f33e736ce7,0,normal,
b031f96cd2e84c3289c313dcd3a047e8,0,normal,
007edd4f1e0c47cc8d12843f6be0d4ad,0,normal,
c3d37b96ba8743ad929323e795f4b10a,0,normal,
f8b44e6eea8a4094b7563c95245b903a,0,normal,
203796d9abe9406daf4b2b2614e64792,0,normal,
5d15356b2a80478aae13294daf2b37bb,0,normal,
87e6f05cd520433ba8a249a4dbca7643,0,normal,
769f69c6820248dd9ae0c7ca02b63c76,0,normal,
a3edc3d8b8174cdeab35ed0c8259a5b9,0,normal,
9ac34f1b29d94c1b95ec35e64f2f178b,0,normal,
a789f2affe5642479504c5de3a2b5d4b,0,normal,
d05c19d473474f86ad3cc1c7b8db4001,0,normal,
3a9ad4208ec24de1b40ac378f8890e76,0,normal,
53a61a4c510f4f16a3790ebf5389d8b4,0,normal,
af1da527ee6c45808911d3189b09cca7,0,normal,
b6764fb5f2fb43f4bd4b8eb0ef43b5a7,0,normal,
3f47274882dd4043ae25411e7d5b7e86,0,normal,
6f57d592616a433195100fb94c6eca8a,0,normal,
52395859e92d49dcb12848235b4eeb08,0,normal,
31372a215b7b4c46a30322ccbc1567d3,0,normal,
fb3da1d770724db9b331f42e164c7de1,0,normal,
9015026c8f8043589fc0e6ec80a5a62e,0,normal,
6c0b48ea809f4300918043184b2f241e,0,normal,
aee6605e63b741fab1b769314e6f28b4,0,normal,
8ce88100e2f14967a22c808b1082b5ea,0,normal,
7a40a91173a84eabb690ce5dd4c8f063,0,normal,
463b174c9adc4d7fb335cd48e3d58fa2,0,normal,
69baf2440b5143b28e1d87f4981c60ad,0,normal,
995919c82c824a36bf4f1ec2ee12c2f3,0,normal,
8d21891bde084227b16c48767df4c2b8,0,normal,
d33841d025ba4c3794bcfb2425ecbe02,0,normal,
7d715991f10d442c9dde362ca4c0f050,0,normal,
68e4184493a1440b8adf64176efc140d,0,normal,
4e0df0433a714a8ea6c7ad21b8e6c830,0,normal,
89708ca2f81e4317b48742cd90607c83,0,normal,
f9cd62e2f02c4fb4b9503f573b0df41a,1,structuring,structuring_716
8adb43a8bea7423eb56bbd3dfad4396a,0,normal,
135f2cd6575f4681a648527b6fd0e6ec,0,normal,
fa573595b5f943de92751d82ac33f8ae,0,normal,
98d46c3713284ff7b36492d0403277f0,0,normal,
a13fe04db3de472e954e3f43752df5d9,0,normal,
f3dfce75c3584a0ea40f4cc1b623d0d9,0,normal,
84de673d42f641af81ff537b5822c326,0,normal,
a92134d0990c4d2a990c2f82433904ef,0,normal,
dffa165ca26148929cd7d07c5c9a028b,0,normal,
d06ef9c406374cbb91f2cb507f557ed9,0,normal,
0545a95c2cb54d1c948edc5e9d367649,0,normal,
b60d0f4f71504578a824cb5c8fb9cae2,0,normal,
bdf3f9e43b97433ba988051efe465077,0,normal,
4140a8e2a2b44017b19f2c1fe79a1947,0,normal,
8553ea1643bb4ea088fd53a4270be57e,0,normal,
45f4ff6de5be42e7894fa6ed4f9ac7c2,0,normal,
07b49a5c6d914a4eb491eeca318fe610,0,normal,
c8a9cbc952024e47b7e4f9a1915f29db,0,normal,
62ecbf901d394126ba2a9bd2da6c7f69,0,normal,
831b053290b84662ba911a6b04005d50,0,normal,
d97fe28a75e346f396a8434a3a7bca03,0,normal,
0a512d437294483e805b6d6cd6be7340,0,normal,
490a1a6c66ce44b5831bb4d7db8ed726,0,normal,
0c251e515fd34f909925482d75eab2a4,0,normal,
71d4b3e090484860966e14296e480792,0,normal,
cff660c9ae3745fbb27c384fdc3c6ca9,0,normal,
26f23d7caabc4a3bb130c4ee0405a6a2,0,normal,
0ac3259eb1b04e2caf798174480941d5,0,normal,
9ec0e74f31a645648532990d105f97d8,0,normal,
16926d2a0ce14f75b109e38bc85d65fc,0,normal,
0e11fc64c61c496faca76ec9a28bbc8a,0,normal,
9b060d5e82df4a5ea5957f2cc56fa39c,0,normal,
5c855c928cd74d04a7c65cc87dac7a90,0,normal,
4305cb9166bf44dab69a7a370e6a89d5,0,normal,
8802eebfd46a4e2b9aa7e2038a96e7a0,0,normal,
45f66b5c37304b6fa6862a80e7b4b033,0,normal,
abc846635950408ab778e3348bd49a10,0,normal,
d619cd10e933419d9b4b817e41df250e,1,wallet_reuse_burst,burst_640
7f3188cd4a2745d5a319a7398ea5ee9d,1,wallet_reuse_burst,burst_640
2f8c866e39fc4840b708f362a7e2ce83,1,wallet_reuse_burst,burst_640
127555e6a84b4043b90d3d726cdd7f19,1,wallet_reuse_burst,burst_640
90306af5bee24cce81c177929ae2f0d6,1,wallet_reuse_burst,burst_640
459f26209ee24288b607d6a2e5285eaf,1,wallet_reuse_burst,burst_640
30276309520842e0b829d74ad77eb8f8,1,wallet_reuse_burst,burst_640
3161622ab96342c8b82e3704718e4ae0,1,wallet_reuse_burst,burst_640
90cdd8cb6b2f4ea2977bacc0403f9573,1,wallet_reuse_burst,burst_640
cd48ce8a9866480da5049ce52d49aa37,1,wallet_reuse_burst,burst_640
49631fa7411041e79424af9c95c11206,1,wallet_reuse_burst,burst_640
ad6c0cea0f0d4d1da98dbd1060ef0a8e,1,wallet_reuse_burst,burst_640
883fb2d894234a858a7c6b0d266e1b34,1,wallet_reuse_burst,burst_640
cbe1e9311f054690befef67863c52a74,0,normal,
617d5c083dc44f22999c025eea6ffd91,1,wallet_reuse_burst,burst_640
b284babc92304335bbb956f825679ce8,1,wallet_reuse_burst,burst_640
997da39ceb4a4b56bd22d376325c7482,1,wallet_reuse_burst,burst_640
b2a7ff50540c4bafbcd34e9cbcf47b31,1,wallet_reuse_burst,burst_640
c2e6e3ef9b2b462ba57b86bb94a3610d,1,wallet_reuse_burst,burst_640
88879b422bfc4d6c9475ec650d9d3ff4,1,wallet_reuse_burst,burst_640
c9182060970140cc96cc150cab7853a7,0,normal,
de4d5cbf1da34cb39b35a781d748186e,1,wallet_reuse_burst,burst_640
71ea094d1f8441cc969196795fca1c0e,1,wallet_reuse_burst,burst_640
305cb35bfad5471c85baf8b2035041be,1,wallet_reuse_burst,burst_640
ba81e83c020145a7b1f6ee3a4e482407,1,wallet_reuse_burst,burst_640
deb01edde4c54792a00996b32a1a1a3e,1,wallet_reuse_burst,burst_640
d08b98971ac24d5ab9ed3c721034bb9d,1,wallet_reuse_burst,burst_640
8953be3861294f4da6396011f3d45c6c,1,wallet_reuse_burst,burst_640
a92765f97df449078edd6f6f2a1e834d,0,normal,
97fe686e84564b5b835fcd54d690015c,1,wallet_reuse_burst,burst_640
5e6975df305742faa67abf2315608ce8,1,wallet_reuse_burst,burst_640
02a6a7149316472fadbe49127f5a94ce,1,wallet_reuse_burst,burst_640
43db8ad3b6584e68ade331ee4dac5b35,1,wallet_reuse_burst,burst_640
0e259028b3c445af869fdc8fb98f31c1,0,normal,
e2f6b8067a8849e981ebaf0f70349825,0,normal,
4b0e0bed07704d74b97d75bb0eeedd7d,0,normal,
a8173995bc3e455d91205ea33c43746c,0,normal,
a141c233047d4c64a5f25499a3f315a6,0,normal,
de663b400bf14947a17f49b91c8c97f9,0,normal,
5ca160db610c4e65b1f1a1a309436304,0,normal,
07dab0991b524f48bc2c19960080b836,0,normal,
10641587bed145358827ac5d9f3a013f,0,normal,
80f383d2ee8943d790b1ef24b4f27b03,0,normal,
f9399fceca9040b585cb11733f716fc5,0,normal,
deb25550696b4665b9927c7291a99419,0,normal,
ff95982645004d878d7b278356e4d895,0,normal,
ca3520d653b8425b8434b10ac9c846a3,0,normal,
8aa238fe928b41d1902e657d3f8b0b5d,0,normal,
4fcddcc8e8004c8c81abce949c1c3b8a,0,normal,
ae2f86df914b4d6fb84b63fabfeaa60c,0,normal,
5c84c0a85f864ee9a2f37d7414c4361b,0,normal,
c8093684aecf411cb90b487c2a288d07,0,normal,
591d13f8040b4517bd219478727456e8,0,normal,
5c3af17b93ab4165aed9c1df1fb380d9,0,normal,
f66af9ca9f8e4a6b9e18c2855cbd8c87,0,normal,
f1be5ac271b443879a2db7f9c7dbdc41,0,normal,
0db95248ddd044668abeafb849ed09f1,0,normal,
edff6d21de514a71b213b66dbfad87cf,0,normal,
fc01a7cea4864c21910268fd0f5cd3a6,0,normal,
26e914128fcc48709a6175f023f69126,0,normal,
797ddea474534c5e836be21ee4cb402d,0,normal,
d60a94d56b1c4077a89efc551d819930,0,normal,
4404800e8dd04b9296221832f70e7ea2,0,normal,
9e01a5583c0e47d5a8e1e80b947dccf1,0,normal,
f49af2feda954b86932d5ed71b6b462f,0,normal,
78a2a2ea10694c8a920706c1ec3d95fc,0,normal,
0d862ccfccfc4157abbb1431bd139459,0,normal,
92d3ded11fd845df810240c776172b38,0,normal,
c2ff7578b6a74fdfbdda9c8db971056d,0,normal,
2d0856c8cdbe4301bfa8dacb098d24be,0,normal,
2c00363df919421ebab2f1b0ddc3c43a,0,normal,
8adb2403ec384dfd8259676856459ef9,0,normal,
4fbb02378ed44cfbba4243700f35a415,0,normal,
4de6a9f0287442d1b14ad73f7605a884,0,normal,
68dedc7fd964442abd8cd179436c864c,0,normal,
9942652716e645398b4a0b5aafb491aa,0,normal,
d14889d4cf234f59b06ff2f271747a7d,0,normal,
4d3a892a2b5d42f6b621b47a5b3325b0,0,normal,
0ee63ebaec024a48aa4d6d030586da4f,0,normal,
ceec1ba33839414d8813feb81e181a27,0,normal,
dbcfb10ed4b544fa88d33e42077c7781,0,normal,
be8a11bafca54af995752032b56b99da,0,normal,
16183440d63448048f41f6603fbc0ed4,0,normal,
3fbfa5f8ee6243dba9571755937cb8d1,0,normal,
c9e3c585c0464955ab9ac382ce509d9c,0,normal,
c7001829d7e74d6990f28c7934b57e47,0,normal,
d0e2dfd3a63144da89717742a51b1d7e,0,normal,
ea414d885a2b4420812a2a26cdd0d4c7,0,normal,
697396e8a8a944f7b33a7bcf69417574,0,normal,
af5cd8b3d40d446d8873228192c2ddb1,0,normal,
a84e442e206e4bd5b6b7cd42c1ca3c59,0,normal,
16560cbfa28e4bca8e907a431b63f085,0,normal,
a620b63312b54933b797fd780051db34,0,normal,
438bfa3fb63a4677a50d0b67179e41be,0,normal,
9cdefe8448e54ee59a48715a97d8d8b9,0,normal,
01f629963d0d4231bccb5b223066e873,0,normal,
31246980bec84ba6b7cf3e9b0d8e7642,0,normal,
78e5d94bfe144cf4a3eb2ec44dabb0fe,0,normal,
2b3a0c874f584b7b9e7c79778679cb15,0,normal,
0d9ed1b540964e138b276eec90c62dfd,0,normal,
72a747bb8df048028ea3cf06f073e42c,0,normal,
7019f2036dac4334be446acf3e7400b9,0,normal,
a8afefb070d04f52bbc1fb5ad103a01a,0,normal,
3a66130d60fa45cf89fcfc8cf969a783,0,normal,
4205edaaa3a349949360e3b8d5cff6a2,0,normal,
55d9fc89da264f509421105a36268492,0,normal,
b4ab8faf1d474308b2655db4d7b55bf0,0,normal,
92b90d6fdbed4e908eac0e2b91a716bc,0,normal,
8e437f9f65674d8eb92a0a6cfcfac05c,0,normal,
084f853f5a2a46ee9b23239efc68b06f,0,normal,
44ad9bfe31e441d3be576d8b2e8801b9,0,normal,
1dbdbf526a8b469a82e1f074aeaf943d,0,normal,
8ef7e0adeb344541bbf373425b901ddf,0,normal,
0ad5016a9a9143cfbd220c010e79e7f0,0,normal,
c21a21c77c444f88863ac7a797bfc321,1,structuring,structuring_716
de877219092c49f28724a64f9edecf21,0,normal,
b40fc670b7114e299653ea1c16a6a6da,0,normal,
93860af2611f41e7a71c9bde2029e5d9,0,normal,
fa1a9ea49be74f15b034b641e202f0a2,0,normal,
ad82adf4f4214fbab41b1eec30e3790e,0,normal,
a90af4f6663742be92af088342ec34ac,0,normal,
b90bb633d2ac4341b10718c4ac3a8ad0,0,normal,
24d89e98e0b34c97ac64da7af20b61d6,0,normal,
64d50e6fc7924373ac149ddd36c32721,0,normal,
9ffe4273d97c4d199bd88c35d251a83f,0,normal,
21a1b95bb09f4646b7bab0a5089c89e8,0,normal,
077dc88788f74480a04cc08b304f9221,0,normal,
fc188ca92c5e4748b0fdc7d2932ac099,0,normal,
31fc913a364448b59d18b3c20c847279,0,normal,
7bf6147ebc27478b90932f4fa816f01e,0,normal,
d8808c53ea274a30a48be3b6f91fea2a,0,normal,
b8f9fd2b288445b597b4a87fad081b72,0,normal,
a72395e1a8a44009adfbc8e355808728,0,normal,
c9ed5e9d89fc488aa27c5e6f604437e4,0,normal,
ce8f4c949c5648ea9d04b8bb058c9351,0,normal,
c1b4d1e945d448609477b686ec7cb7d2,0,normal,
4afa59c318a44f8d96b53c26ca12acdb,0,normal,
2618376095944bd09ea74345a91cbbe6,0,normal,
ab655ac384e346ce8d48076688841931,0,normal,
7ed0ca3e464c4bc1b3527fb2dd8ffb92,0,normal,
921eac83cae54ec7846931d5a7cb3cbd,0,normal,
8cddbc3fcfc84ebbaa74af39037f5da0,0,normal,
ae95e76247d146e3928163c27b9255dc,0,normal,
22f2af3730af4baeb43e8b5a42471de0,0,normal,
5d9fe9ec99dc41ad8b7bc0866dc71530,0,normal,
0ce4eaf4a09e4038ad1c612befb69f8b,0,normal,
593fbb5df0ef44f5a23d7377cf5d2a85,0,normal,
79c37c15417b4753b33a3b3c9e9c0384,0,normal,
a588f891c7824c839ce980b6b9acf29c,0,normal,
89c1bdbad2f044b794f509142e3f00f8,0,normal,
449a5d7ed8a342c695a9fac35137283f,0,normal,
4b23a80737bd4dbeb5e747ca5e23ae5b,0,normal,
1bf3eb853919407481d0aa3f26692c23,0,normal,
06593aa4a9774b56a7fd6fb7164695b4,0,normal,
e7c6627a891543848921f3ef02790fb2,0,normal,
b004cb0f9b4f41bd974c0410b6a0b570,0,normal,
8e6b5ae06dd5492d886e28d5898740cb,0,normal,
5fd4224ad97b4ef2ba1ec5a45b35f639,0,normal,
c79e49e6a5574da6bf6a944b47572e8f,0,normal,
47c36c38b2034237805429b6d4155000,0,normal,
e892ebd4fce042cdb6a3c4d4c903c1f7,0,normal,
3a66aa6db3bb4ac8befa36691f935cab,0,normal,
f8d0b01da1d7489e9054abd8f8e4eed6,0,normal,
1446a895083f462caef0ca1fb9c62168,0,normal,
765dba1211504ffcb2c88048d7c178da,0,normal,
aa4c3e51fdfa4bf1a4316568ca3b59b4,0,normal,
4cfe48ccc05f4910a21d61ec89f02bf4,0,normal,
db1fd1ec72c84b52a3c12185da811c94,0,normal,
5546085c4c9348febb3ebd63ec482f09,0,normal,
8abde0ac96a2476db84a83b473735b9e,0,normal,
cc9f0ec8a31844bca7bedad028780e12,0,normal,
327d4e1c859f4b428ad34ccf25dede0b,0,normal,
e49f0c775c1540bb8173bbd9af208a74,0,normal,
102085e7dfe34ed196db0dc51d443f86,0,normal,
7f0d5594c8c14646bffff834604caeb7,1,structuring,structuring_716
a051fbec813d4bb99f246996f2cb2e99,0,normal,
83a9ca853d5a4b538a98031a727d5d7b,0,normal,
db1729641b344ebb80e776ab7ad886eb,0,normal,
99d425d885ba4e38a9d8015872cf39ce,0,normal,
9d6fb2bf9cf34cc2a93bf6015681afe9,0,normal,
60bd303ad0754f6b8e277232c55d38a4,0,normal,
bcbd8d7620d14c768d8cad5cf6e55214,0,normal,
c2487802cf464e94875578ac412a5206,0,normal,
e319e4e882a94871bc05698092d70eb5,0,normal,
48713652745144978341a74a06f60813,0,normal,
e53c7133083b41e6ac0bab16f43c6257,0,normal,
350fc7ab47ce4ec6abeddb68dc729a3a,0,normal,
78aa47090f6e4d119c2c48289f5fde9e,0,normal,
b994f5615ee34490a17b0f73cf9b1582,0,normal,
388ec00abd684386949bb641c378c035,0,normal,
a6ac45c9f50a47019cd636a1dc6d7f1e,0,normal,
71cf8a36f3ba4e45a790279f730a80c8,0,normal,
696b8f7d6ad0468d94aff9a10b0cfad6,0,normal,
c81adcb14ff0481488e562fbc5efd979,0,normal,
ebcdd983a2584fefa65fe9bccd6bdee9,0,normal,
fdc0771e7a234140b6caaf4a86b97fd3,0,normal,
35692c417013418ca672d773217ec2e0,0,normal,
3779d111787d4108b811431e8a7f755a,0,normal,
10d90d21f7ae491589a0e05c73b4b988,0,normal,
f76f585fe1cb47db90d1a20fe29d51b6,0,normal,
7dff30d17ee847a18cd5ef6320bb93c5,0,normal,
9e586514f959416e8d767252e392d51c,0,normal,
b4c2177a2e544030b235466d18dd5d20,0,normal,
0e0caa5f21a641bbbc26163a1c8f4fc0,0,normal,
f9ec90856dd144cf98e461ac024d35a2,0,normal,
6811757361d540ce9b39849f2166a419,0,normal,
27bbbe80c0c14291a6c8df43df74be90,0,normal,
b581423cce2c483795df57541eef8670,0,normal,
2d16308fddf344909c0dfdb4054d8a83,0,normal,
4d3376ad766a472e97faecdb0ae0f6b2,0,normal,
e6a7aab7a4024c3b80c1723ff3d986ef,0,normal,
8f563f6dd5fb44ff83308b8b03c87308,0,normal,
ed2c4c6187db4334b75e7e90f7ba4def,0,normal,
3ec00b3490a04907a341bb0c3e845401,0,normal,
9f1fd3f425f94435824b1453799fd39e,0,normal,
9f35167086ef497ea022f7e3a2c8890d,0,normal,
ca7b85025335495aa0b9a0b021004666,0,normal,
995dd161dc924b7884e11f9d27d6f2cc,0,normal,
9aba8b1147a3439c9e73c8143011c268,0,normal,
5cb24c6b166b4293b72a437fee5dbdae,0,normal,
61c56c36b6c64ec4a6d20dbe71fff21b,0,normal,
646c74181ae041bcbabb188e7eebb744,0,normal,
c64179fae6bd4f4aa9f2d55e5bb18b5c,0,normal,
ab1e86f7761144b2b2e54d439b629fc5,0,normal,
9e1dfec1f2954d6086cd524ec1954408,0,normal,
0caa08165c6349c0993789655b586d47,0,normal,
590853053330445ab49b32ea65dce979,0,normal,
2cfdbf173dc944cdaa7738cafc2d4fa8,0,normal,
257dd959718745168bc508f38b3fe151,0,normal,
2196693b34744e3aa7d0d8eba07059c5,0,normal,
24474274d1cc4b1c8607f3f1bec0d553,0,normal,
d49bc7577a1e49de80128a2f00e588b7,0,normal,
3af64518ac794276b6d037b298bc4cff,0,normal,
0f5dc8976ef74556922a84f84d879764,0,normal,
35dee16e9bf4472eb4612c146c6c1126,0,normal,
a5b2a29a878548a79fc3046868cade77,0,normal,
cb1895dea18c48c39bcff30338dc1899,0,normal,
689113296d7d4556a15186f4b9131585,0,normal,
0604b2a27f0d4c7baef2cbe16605a926,0,normal,
a9de128f54184110813e8533d0c65450,0,normal,
a77f1c75e0f349c6bf1ec31b0580dfe3,0,normal,
f7bcdcfd7f044ac1b3bf409a80ce8512,0,normal,
bf05d321bd524d5cae5f1b8287b353df,0,normal,
82f0d4a362474c9ca47af72837fdea43,0,normal,
342928e0f1ce4e9282603b57f7a2f4e8,0,normal,
a4de998aa75345f29408f4a9308cb4dc,0,normal,
b3ca252d5d154891b38bd190868cfc77,0,normal,
923300505e3247c1b1d86b1437ea94e3,0,normal,
b1edbdfc323742d3a06237c759ccc85a,0,normal,
020ecd0545fa42c5852a1854cdf9d473,0,normal,
e6e0a55d59c146eb92c2549f3b5bf8ae,0,normal,
03413ec33fe5402e8c3f34da06b84e50,0,normal,
29071cd0d44e411f8469bdbe0a182947,0,normal,
dc4ddd891ad6479590a2c1d4fea13c44,0,normal,
e856d489f1db45b4bac0a1a12e5ed840,0,normal,
37d558d544be47d9926385f323468dc7,0,normal,
055edd30601e43f8bf5bf6d790b97130,0,normal,
47f86dbd20ae48af83f9368e508944ad,0,normal,
e2b4bd9edae84f2c9c7e3b8f836c0c3a,0,normal,
8a21fad8deab408dbb3df0541d7342b4,0,normal,
dbfe33955d5e40479722ee01b60f71a8,0,normal,
4e193816533441199d6e24fee7926322,0,normal,
c3064483ee62478086c659513a112bb0,0,normal,
43c6e41c13434e21a8de8ec3a7c658ba,0,normal,
a6d1ae15d89c4b2eb1e1bda654337c96,0,normal,
4f6237100f4348dcbd8abc8885a1e909,0,normal,
7bcc0ab97e6f4277849d436f08d24e44,0,normal,
985be6a4a48b46859ecb428228dc09a7,0,normal,
253a3d5f984244a1964feca2bf4b2f9f,0,normal,
68c2f5003e4e4287b268918bf6703d31,0,normal,
0290d718880443f987b7b2a56a08b12d,0,normal,
6b584ea761e64d618147643b6f2d1270,0,normal,
3f6f656289dd40bba66d514e218e74b1,0,normal,
6b91fb46adf74d64adbea91f118941b6,0,normal,
67388918cd864f11b82624d72e7a19c3,0,normal,
384c67dd838e4b5095ce2add1195fc11,0,normal,
80b55fa5328d48b3a31cfccc7fd7442f,0,normal,
d3998b300fb648f8b7798d91ff0c2a76,0,normal,
2cf87968ade04d77a144b51915abc732,0,normal,
d6aacd3c08ea40e3a4a97e7412665008,0,normal,
28d3f01b3b014046bf7f6ef7cccc106c,0,normal,
8fe760aae20d414f97d72b86d55e56df,0,normal,
d47a40d0af2a45d487029d6106644ccd,0,normal,
fc2dfc7448f742e4934ba51242804b16,0,normal,
9492715f2fab4ac0a81839f77cb56e9e,0,normal,
c1f58ce44b8a49ae86c088768932e499,0,normal,
be0327361af5453b86514158b18f0945,0,normal,
59f0d7660bc64bbe8fbe76a247c11931,0,normal,
1f6fbde04c4e4e7a9b95a928f9a7ddc7,0,normal,
64fdf9f5f3b84f799b0512b54e02709e,0,normal,
b59e5bd5f01a44718e37587e4cff716a,0,normal,
7e790b777e1144dfa9b9d6fbe24d5885,0,normal,
3261b1d5afd6434ab638c44266aa9d1c,0,normal,
82dfa77c486949b590a8bca3ea04f285,0,normal,
32acfd54379645e1a3f712c293adb153,0,normal,
f2ab317bc32e471ca7d841df54770581,0,normal,
41ba3bbb485a4281b83d557cc1413f2a,0,normal,
833a5eb904a240bdba2199ebb9cd6203,0,normal,
aa79dbbb796c4eaabc7592cbc93cea3f,0,normal,
68ade46ef4084c6188011e416e1b162a,0,normal,
b4f03c397f3648478f89377aa9bbdc3c,0,normal,
f9e545a72d4f4382b2fe1c1329be76c2,0,normal,
9a83d138872e4b408bdf15763367c589,0,normal,
351f938fb90b4893b4b453c28e475b4c,0,normal,
151495e0ab1944648dea566e437d800a,0,normal,
e7105c7bc70845c9bf3864742db13c26,0,normal,
076bd6eda44349a2b5d7e0a4f090c68d,0,normal,
e35055e7180d4993bb6919dcfe603860,0,normal,
39b807f5e5b54a7aa73be6c823d23876,0,normal,
610b19c461dc4356be49a6dd317b52cf,0,normal,
f82b3092717f47c1aa7bb9608c538993,0,normal,
ca444b6e7a0f4f4681e17a87de974771,0,normal,
51548d3184e04be586466fdf7fb3d317,0,normal,
fe65a493fcc5420ead99cdc8518476f1,0,normal,
8ddf0e5ac40841ba859f886da94415b5,0,normal,
fd8e3024fc1548239bf1c46149d74ce7,0,normal,
d01b5874ef864439aea25a541eae5f05,0,normal,
255837e4e3fe4a64aeffef043fa5b68b,1,structuring,structuring_716
f5f6969efc7440968678fc66d5fad14c,0,normal,
4acd79c6675c4427a23d25709734ab22,0,normal,
08939c8b11b14684a3813de804ebfa48,0,normal,
482ccadc9fe146baa150fd94fe1fcc2e,0,normal,
987020fb2b3a4f64bbfa130a85e19a54,0,normal,
3e710e4280314f10bdfdd02740e4ad86,0,normal,
729323c1418d46268a59dc1e739937d5,0,normal,
3036856493e5406bbff927a91ef881e0,0,normal,
a81efec7c4b44b9184a72f36dde14881,0,normal,
3f21d8df0fa0493d9e44f123bebc382c,0,normal,
239a48e098a349e2bdd62c614466b6ea,0,normal,
ba87f39db2ad4eea83ae80226763a9bb,0,normal,
14ead7098def42f1be59181bfd0f3c52,0,normal,
45f3b5bff5d447919ffcea44849d53c0,0,normal,
0e331d5f05134a349e02e487e76d760f,0,normal,
76a79bb646f94029a114a1f6257c7afe,0,normal,
e82aad43ab0d41108956f61db42835f8,0,normal,
9f942f5656df41729763345eec7ed6a9,0,normal,
50d36fc1670c415dbc15593ebc8ff9d4,0,normal,
b2d9acf015c34090b7d5ec53c03b22a5,0,normal,
844b4f2a7e5e4db791aeebd9c1799a28,0,normal,
379aee0d3e5c4eab9d7f871cb0aa46c7,0,normal,
c94cc408e5284aabba0ec3c48d5adf46,0,normal,
f765b04bedae4065b1f3e4c58397d776,0,normal,
2b8b3445264b46f19e6b703108660b94,0,normal,
892a6d3b07284bd4a9f73b748d52de27,0,normal,
08f047cf429249a897db3bff4ce4bb58,0,normal,
94baa129740f40b8a4c6d248eb5e79aa,0,normal,
2df3dfedb1564c9daea1431733e1e2bf,0,normal,
074018163ca54fa898d3c21c88a7749b,0,normal,
942565fec4d34cab8fbad8b696bbee97,0,normal,
9a953bf6b2e043efb27413e4f3d82869,0,normal,
7f2e7ed15bee449d844f34498f3f589f,0,normal,
53a9b71a20834bc28bf2807a6c0de2f2,0,normal,
6b468cc690c64a51a7b8c07be7c88d76,0,normal,
99d2a713f8c9440aa3983b7dbf3859c4,0,normal,
ac5e885573944d99b0aab1c82d9e9348,0,normal,
08d2124ed01547bead40ec612cab62bc,0,normal,
6e593348470f44af9ad2f77a363535d3,0,normal,
db9f2894ed25447db6e43c25a365b562,0,normal,
1fc612ffd40849ff96883deb170bdd05,0,normal,
bc8302fa28c243fdb3b2aa2f869c52aa,0,normal,
509a3b8da846407987c0fe46614b85db,0,normal,
305636766e2f4029ad6c141216551bc1,0,normal,
cf8c446437f3429f8b3179daeb3204e2,0,normal,
879c78797dbf44c7a139421b6fd9709a,0,normal,
4d3f7fe74ba7484ab6987689429526f5,0,normal,
632e9b6fcf8b40948fae80f54ff4873c,0,normal,
ec13a91f896242db81f1f22d22c8a920,0,normal,
a23cbd63349645d1a059e4bd5816d991,0,normal,
11ae39725eb64804a54a7e8c2af784bd,0,normal,
30ad629549e84baabcfa5608a8f3df9f,0,normal,
7fa85084335043e1ae9db89777de11d4,0,normal,
c7e2062031e245a8968a3b25c175e82f,0,normal,
19e2eadde3ec42e4b70f0f6ef93f20fa,0,normal,
712d1d145395424b8e353cd926244a10,0,normal,
db23ba1f96f1499bae974a53fa966475,0,normal,
1111c461268e465b9d8da1d52d2531f7,0,normal,
fe49e253c8104af0b4e934c7ffe3f8ee,0,normal,
caca9615768f4ff58329b9584e838bee,0,normal,
0f0b0a43dddc4b88b1f47d74479823a1,0,normal,
0b640809d3414352bd3ecf6f7bbe7d74,0,normal,
32636faff8894228865dcacc87b0ac75,0,normal,
499be96fc2e54519974ebbdd8f79dfb1,0,normal,
b95fcb66619843e791edc1ebbafce4d9,0,normal,
306cd504aaa64538bde94e241017962a,0,normal,
8640572faa40451a8de9fdc4e62ac0dd,0,normal,
9f5b47cbf998422abcc1ec0bb247de59,0,normal,
79614a1a8cb54205ad8eddc1f8b6d3f4,1,structuring,structuring_716
84ba8366c3724537be2bf5f5eb73e9f4,0,normal,
ea5d950612c34f52bc86fb1ef9b23f70,0,normal,
ebaed93c7245423b895befe01a062a5a,0,normal,
3b74530e81a5469898ea2e7f4f38a0d7,0,normal,
a236962557a94aa0990486ca073117e6,0,normal,
a42c3a282373488c9c704ae37393fc30,0,normal,
cc5747b93ad347f19ce0cd82663fea39,0,normal,
50d8fd54a8a34aefa21f68a6ad3c9e73,0,normal,
2d7ca4b2774b4895a11ff3e3dae4e91c,0,normal,
4b780ee801a444f089da8edf7f0a961f,0,normal,
fa8271f45eba4189a9bcb67200e83a63,0,normal,
ad39edc703754a558875df3eb648b33d,0,normal,
d0f2584fa37a48c0bea0de40ad4fbfb4,0,normal,
3233b59515244c0a94de1d780e1ad7b2,0,normal,
b1a78ceb8e0c42ecb12fb97d6f351bf1,0,normal,
af479b4076364e068c1267759de9ed20,0,normal,
99daada35a324dcf9f08e668039a3d4c,0,normal,
97067c4333fd431daaf162ac0d543568,0,normal,
198e2260b04a4cf88f9ead21e89d054f,0,normal,
3da3d7de70f94a5792d13e3792cb702b,0,normal,
31aa8ec5b8054fcda7968cba4daadb19,0,normal,
42572d90790e4eddb3b2c8de76de06b5,0,normal,
5de947f4b2914dbc887a00bd05814328,0,normal,
db3ed40ec5874352b6139512a46d0d4a,0,normal,
94de11e40962449da7c8b0af659488c4,0,normal,
58bb2ba5dd724fa5bbf5f66028ba9bab,0,normal,
e2af018a0311445ca7e4c5553cbb8943,0,normal,
cc80a9c3eacb43368ba62c70656139b7,0,normal,
2627df5df8b64e748a0ef0a8b451f085,0,normal,
e6b4f0725bba45748611f174622eff2a,0,normal,
bebfecb441bc4a39a429f84a02fba6a9,0,normal,
1a05ec3ace9846e095667c39a8ec7844,0,normal,
d1929de2bf2841c59aafc2085f92eef6,0,normal,
91adf03c2c7749afbba6845c18faec8b,0,normal,
4c2855fca6d449f98d63210eb748bc76,0,normal,
9791f063d94f425cac0a1b50fe54f8cb,0,normal,
5dd569a27e1544259ec668b642af56c3,0,normal,
0d7532e0006743ba91e39414a579c997,0,normal,
d2257c8ea0aa41b8a976e457b375f556,0,normal,
3a866b838d824f0ba69ff8c8129196e5,0,normal,
d7a12909b230495d878692841b310811,0,normal,
deff8219963040c48348d7ff8d772de0,0,normal,
40c5fe316bb14e0aab5fda480ff6ba3b,0,normal,
e5728985e3ad45b4a138bb9a83ac81d6,0,normal,
3efe1a7767d04d02ab74bb209653b8f7,0,normal,
df1e1c15b83c4da1b87bc9c2361a0dd9,0,normal,
96bbc158744a41d7ac685c8ff7dfb97b,0,normal,
4570980ed2e54d1aae4f95febcae7cef,0,normal,
667d36bfd5a7412aa3bf8285781e244d,0,normal,
f44e978be53444709647de90e04e39c6,0,normal,
104fe38712eb4d5bbddfa92e4076b361,0,normal,
8ddf6918dc5d4cd8b8fe6e6f0da0bf5e,0,normal,
5e082a0f50934b9f9cc87bec38515d92,0,normal,
1db7aa4eb0544c02b3982efc47d4a587,0,normal,
31176fc0ed884bf3b102ca02b03edeae,0,normal,
9fe3aeb88c2746e5ab074db08c0046c7,0,normal,
69966f437afd496d8212f90bd158f156,0,normal,
9ca4149b17e9424da3e822a46c5e08e5,0,normal,
bb9b2d0cc95145e6b721410117ab5f1a,0,normal,
90100138193e4d878a7714d1772e6b51,0,normal,
a629e1936cd8463c8a22cfd1ce26ad4e,0,normal,
1c4a5a0938e54b398ed1c664e928b8e0,0,normal,
4b09d1b08c934b349f19a06a76fc7692,0,normal,
bc1bd9b76e18422fb1394bc395b69f24,0,normal,
d8bbde0114114c5f96d18292a2cfac91,0,normal,
b57dc0faea0442d996b9cae9db1191ef,0,normal,
7268b696405147eab730083ee47ca3e4,0,normal,
b41cdedce4644e5e9d39eecdd8a99e7c,0,normal,
5465d64480624eb6bcce2a4439c4fd74,0,normal,
6a2403511b0745c69da71e0d804e9867,0,normal,
2f36e001b5704591bfaa70b207c200e2,0,normal,
57c342f580824e729d55071eb6e978a7,0,normal,
29b07e0885c54e0b918c6d2bbbae42e6,0,normal,
6bc95f4472404263939a35c49b67b919,0,normal,
2dc60e6540da4626be6d83f67b73c470,0,normal,
8d3c57bc302540d6bc87250f46df2bc4,0,normal,
e53d9be487ac4ffcbae11385d4586fc3,0,normal,
a20b0159b1fe441392bfa0aff82c4113,0,normal,
e1c5505e57cf479895f68d6090dfddf9,0,normal,
78159314ef2e495ea537667194977bf0,0,normal,
b5aecf23818847aeaad59d9aedb784a1,0,normal,
a5ef942734a24eff8801454cf05e41d0,0,normal,
8eb8eb44973641f1a95604bfdc81f41c,0,normal,
04d29c4927f64d3fa6befb03ae800c06,0,normal,
81f0b389fc8448c688aa461ecd776a4c,0,normal,
05369ef11a2f4d8e92504119da1475f4,0,normal,
ddfbd7fa354046b08d7c6e73b5de526b,0,normal,
88cb536fec7644a69c77e5010b22bd8c,0,normal,
093ce807aaca492c98ffb9b84eefb33b,0,normal,
023219ba6f104b31b7bccf22e4321dfd,0,normal,
eb4267c61c0d43a28e63e2c18c3b14e7,0,normal,
09a6f2b350ec43cc9a443dc8aef50726,0,normal,
dc8e73ace0d0488a89345c98875db61d,0,normal,
0791b63d7e8a486eb44f96e123f23423,0,normal,
2a7917b5aec84b50be4a44a1ef2ebbcd,0,normal,
e9d8e06c49a94ca19ef9e1be908ee260,0,normal,
b220aeaad7f94556a45a90340407e5c1,0,normal,
8301066751e745f6b01eb3e5e61c9b11,0,normal,
2dc90aae5ea84779a2272fbc3f40ade9,0,normal,
9e075b2242454e04a1aab2bbe2385ab8,0,normal,
c344ff7fae534a4fb1c09f8d6b15603a,0,normal,
9756efd9c68f4036be4db25e0badc83c,0,normal,
df466c7cfe684d3dad753f75e5b3ac1a,0,normal,
341100de63cf4c37bf6647873f270019,0,normal,
04b4ca7cb9bc4368be3ba33aee1a2e2e,0,normal,
d02a324dab544ac7acaae50eb58b9177,0,normal,
915c0c67c42b45fc804acea67b79f0eb,0,normal,
178d56fdbc774c20b4ffda4eb3a31644,0,normal,
2139f2620c7146f8a38417720351ced9,0,normal,
b974e457044b42a7b22b12086ecb062f,0,normal,
e163d74f4b4e4527bbc5274b2d53a0d3,0,normal,
a528711920b5464b896902ce035998d4,0,normal,
5dd84f7c64354eb8aaee2df6e946bbfa,0,normal,
56a7456952f649618e6cd0f3a837c652,1,structuring,structuring_716
45ca7bf839bb49f1b3a41a6b60817a3f,0,normal,
c29e1a9975274e5a907d63c70289fc8c,0,normal,
9f013857249f4537a98a745a52992507,0,normal,
1b0934e00bc44b41aa5db85c89ee2392,0,normal,
8ccfeb160b934f789c222dafb89d8881,0,normal,
9215ef529a4f4129ad1f8b274f0ba933,0,normal,
d5412faf779548bda981e22e0330307e,0,normal,
4ed4606b71154f12b7d2821dcb4d8604,0,normal,
4945a982ebb44791a3bf96966cd8c663,0,normal,
ae5cbe981c484bc4a63060314cb82a93,0,normal,
0c2f4d59e7ab4ae2b21d4ec0a4c35938,0,normal,
0fd9112ecee542898fafba2bacd69c23,0,normal,
cd6637885e62416793bfdcba01b09e6a,0,normal,
46a3bf7fd70d47ebaa327b724d8feabc,0,normal,
44e788ec572e4fb8968f3d81c1f94328,0,normal,
81a2112b14d04f5d8435242d28e44afb,0,normal,
dd967847a78c42e7bc846a402ceefb60,0,normal,
28a25e54a84b492aaeb48459371e7642,0,normal,
209ce0537bec4cc8bb059af311e1c752,0,normal,
88fdaba7cd274d679de88f7143c0e703,0,normal,
d94a5567f4f1428d9d42a880785c8fe4,0,normal,
fa9b0c29b4874fcaa219d5b80add0568,0,normal,
f52a1df1ef0a4294b4643e27d7bc6efe,0,normal,
8355d225299848a0915d07d47200544f,0,normal,
f70d1168707a40f1b80f8f92634da48d,0,normal,
f7897616603e411a9145053d69c5b06b,0,normal,
9f10a346adbf404c8c341007066922dc,0,normal,
0374616db1b54e5198da52238a0f5a94,0,normal,
7bff03126aef454e8813ba4500691f42,0,normal,
f1efcaf2ccc349a7b56ac07f1a78f0df,0,normal,
363345c593ab405a87b43bd6612f71c8,0,normal,
384d2e8ccb5b49bd84925dc672d45818,0,normal,
bcd649fa3fa74782bd67993652386a71,0,normal,
5509ae3a56314cfaa5e616ab44498f00,0,normal,
9aa7909b45e14f02b250e8df214dac36,0,normal,
152369d5e7824ea68a27a34ee8b11374,0,normal,
d49577c8d7cb49029a63252da6227140,0,normal,
8cdba276bec14cb7842c66e9ea9e2e20,0,normal,
d964614120c24f6a91ef682576c2bbfb,0,normal,
f4e711a382d749649ef90e3afce83944,0,normal,
6fa458c149294cd0abcb3f3a614e2184,0,normal,
44642e2933c14e9785b20f0c3a29fd96,0,normal,
f045966995df433589bf1aafcbf6c2ad,0,normal,
6aff06849e8e4d6b831fd71c29d4338b,0,normal,
90416696cec84456a9bd933ca192830f,0,normal,
2dd41b9b10e54c1da51e971bf18fe288,0,normal,
c5789ad796b248ef81cc36bbf57947b0,0,normal,
b85a63d640a94b709a89c72de2bfe730,0,normal,
5fb19f782b4e418099716ec188d88c45,0,normal,
80e3592677404d57bac7466935ea270e,0,normal,
9dbb043f3b504c5a84fac39fc3a1d858,0,normal,
110768b683734ee5b6ed4d40eb17b145,0,normal,
54c4ff3a7053499ca806ab97b308a24a,0,normal,
4f7708b0295444b5bc0998a8c539e718,0,normal,
4c2c1f098e0e4c5a85ddb3340f413a78,0,normal,
c327a5515e7b49c28b5779ad1390648a,0,normal,
11003c57102b407895630e75d1cce3e0,0,normal,
dab30be2016b40848692469ed5a8f0b5,0,normal,
5b6e6f348c674a0cb85d05c69361c516,0,normal,
d63a5a3b3d094218a67ab957d7cd594b,0,normal,
f2951757c79941c6bb094e8ca41b68af,0,normal,
b3cdf2461eef4cde9c3b234bd07652a4,0,normal,
fdfc43a6dea34799bee8ed5ea3ee8eb3,0,normal,
115be8f81a0c4247be761d0a6ee82f4b,0,normal,
3923c20103674f86aee0424675488d7b,0,normal,
847216ae6dd74feda7b4f7e115aa0c92,0,normal,
6820532daf39427293e328b8ee3fcc9a,0,normal,
3253dbc5b5994ff5b97a1d6af3e21741,0,normal,
c9c847aecc024f15bdeef81b5f5a57c3,0,normal,
4b3a6e9de95441bfabeff9af1e6daaae,0,normal,
57f4e8534ce54772a347a3c97a182ac1,0,normal,
32646c6469fe4a4ebf731686d35e8492,0,normal,
7c4e77bd8d0447bc8df52ef41796c594,0,normal,
1279b591b951440fbdbd3dcb76b714c5,0,normal,
ecdfaef8039b487997a1e41da08b30b7,0,normal,
f35b68282bb2442ab24e0190fecf3b0c,0,normal,
a72fc2d004044672bd43a6cdb6f3948f,0,normal,
9251db70743045909c9b488c0f34053b,0,normal,
eee491d7ba224b2baaf11dcec65c1779,0,normal,
6bef8e07bf5c4c2c890366971a824b7a,0,normal,
a2d0df1de2a44f8dbaa7b8720726cd8a,0,normal,
76686c67225943cfbf9d47d2af0ea18b,0,normal,
ed981fadcd564d07906b80c32d90f592,0,normal,
dccc9b7cb57d4e5891812d1561434663,0,normal,
7fc43fb5f55e430f9eb37d1db303ed0d,0,normal,
fde1d313fc85407bb43f1229970e870e,0,normal,
693417f4412742f7b21064b31fa2e2ec,0,normal,
2c9b7c6069c84646a024ed2bc2f9ec78,0,normal,
8bd27209461642b1a7aa32693f595dab,0,normal,
a0ddd453bc914e4c858f2c218d144d2e,0,normal,
293734cb8d7a43a08a581bcf436048e0,0,normal,
59608dd24bcd40a48ea31e67d01d020c,0,normal,
4273b74a3d3f44898edf2d76cf6df5a6,0,normal,
031360e29aa64a6e83b5017444f52f73,0,normal,
0bde36cf1ab842129f2cac0b41bb8021,0,normal,
3f9c65c393d64832a95422005decad30,0,normal,
28166bd01be64380a8e5fcc3d5422158,0,normal,
18234b66ac0e4369be83170be75ae094,0,normal,
060d732256c04fe59d2ea9b04c880776,0,normal,
b7565d379d6e4da1a87e7637db5cb3cd,0,normal,
97a6c59f569a45c491db3683d9614f80,0,normal,
b5df25dfef624b2e925b4962fb2cbaf7,0,normal,
2698c0dae5024100b143e4dc47c468f8,0,normal,
d8e2682f884c496f8c38ac9e9e8a9316,0,normal,
49bdf1ef67444580bfc479ae07ccccd1,0,normal,
6c20e23a99c84a1ba218cc46482c3453,0,normal,
27a3a23dec124c3181b784da167447f5,0,normal,
c191d91409db4fa7ad97254aecc4fac4,0,normal,
1702aeb55c764294bb7ee5d90addd4b6,0,normal,
e8971e2d2a934406a1c26383791cda2d,0,normal,
cf629d22603b41b99ffce310ca34d3d1,0,normal,
be6e90ffdb4a4627adde4a5b78dcf0aa,0,normal,
6e13c627d49a44798a791db0f382207b,0,normal,
080b61bf98c34b89a033add547e417de,0,normal,
f54f582e13a04009999c0536e6f645f2,0,normal,
d2ee5afc29da4619b0d5022c995cde4f,0,normal,
f2b1717d6ce041f783c467cf5e852a4b,0,normal,
d06e7556104c446f95eee57d65760670,0,normal,
f4b5d77f4c674ad89d5d1542951b729a,0,normal,
d61112128ca54846b6464c51fb7c23f4,0,normal,
5bbb080ff6f745609e624b0b8064766d,0,normal,
e33cc6bbe6c848c4b214730e01d53db5,0,normal,
79cd2085b629467290c65a691a2b0592,0,normal,
e98ecc166c044b49a4f77668fd6c27a6,0,normal,
433f151db60e4e53a7536a58a76ed487,0,normal,
0901bc0888014997bb95038cca4a2945,0,normal,
33d98adacee240a58b19bc746d6c04f3,0,normal,
0ef8185031c744ba8baf32faef0c3edf,0,normal,
168b34b56bc14da38da9819e191c0a1d,0,normal,
d020dfc0c32b434d85307cca9fe3f666,0,normal,
e935f66c43e141a78908be9b27534eec,0,normal,
3ecf4772ccf34ecda0af167c3c561333,0,normal,
3d8d6f66a1cc413eac3529a9bda639f0,0,normal,
cb332f442f8e46118548597f7cc7c222,1,structuring,structuring_716
673d692b2b414ec09e34601f1c57551f,0,normal,
dc8f0bc9f16d4874b9dfa7cd310f70fa,0,normal,
941c8db2d13947bda6ac0122ecca7b8a,0,normal,
da9d7e31430d4a39ad97e791fa968116,0,normal,
3d6c8b8d37a141ca94497afadaa7c354,0,normal,
5125151b4b32470e8a0cf60abd785570,0,normal,
039c19944f064e8894c0d2bac5df5f30,0,normal,
dae3cb52a521421585de801113d77bd0,0,normal,
d7947d19d10e4709878bbfa91e96d99a,0,normal,
97c7052b8b084205848df6b49110cbe0,0,normal,
9553b57959314d9ca8451b6a6bd4bf08,0,normal,
9a8824e0102a410cb4a6a61bd07502b5,0,normal,
69ec399653cb45ecae67a44661ad012f,0,normal,
741b845f24ac4452b451713771c6b388,0,normal,
1a24e4bc1da8429c9a4948bb6077e88d,0,normal,
bd723ef7982b4cb1a952418404738ad5,0,normal,
f88188bc3bdc4622a7abe0e1322c0128,0,normal,
7fd79a6ee49146d3a7f902e14168ffcf,0,normal,
97bbde4fce5b434a8aa443bfb1f3156e,0,normal,
f649298ba5014f299f99535fcc4ae726,0,normal,
573b3e3d4ba14f0c96c16d1014fbad89,0,normal,
f434c61ab7e945398c7a96e81d2e9ef8,0,normal,
84932d15181244a2b0a0ee4df0921c5c,0,normal,
9a4836c3443f43e1924223a3b4e7800d,0,normal,
2216bf584978483ab8b873574118ab95,0,normal,
1d2b22e2e51444778f899e935982553f,0,normal,
1df06930d6e94df5a83068db905473de,0,normal,
fdee5e86b0034b5e8ca22aebb79b7c05,0,normal,
3ecd4042f5cf4829b26d4e7accd87ccc,0,normal,
41cf1a6fb3dd4f1e9babaccc00f2138e,0,normal,
84796a9b724f4589ae167fa674506022,0,normal,
e9c31c8bdf9045d8aef2143706443e66,0,normal,
348cb89561b84367be132f4217c27024,0,normal,
d652741f56bc4acf8cbf23eae022612d,0,normal,
39c0e65b7f044b7887d6d1105e6f8316,0,normal,
6a6c8f74f96845759817bfce86a7f72d,0,normal,
55192225820b4876a449d3c2c8fb5c0a,0,normal,
b6a80baf7d6847cd80cb4186e9f3147c,0,normal,
86983f66621d4441b0cfc36b72fb174b,0,normal,
eb574405f9e447dab2bc27968aee39ba,0,normal,
e125f23d1ca84b35b151c0af4d2b5a7d,0,normal,
7a1dc5883f994a118f045dc34ba64bf2,0,normal,
e1ef08a8746b48589e041c7b5f47b8dd,0,normal,
dea98f8a12374a8d9975e118fde90501,1,structuring,structuring_716
a783ae6dfef7481d82361b14b5920584,0,normal,
24d4b129081645d5a76685aac767e5ae,0,normal,
28af9564248e409da3fce463e8c3db25,0,normal,
efd14eb668b14a5c9b664e17bd7e75a4,0,normal,
c08faf8e1e6c43f4964af5dbdbfb14fe,0,normal,
3e26639f4023471d9de0bd168c688165,0,normal,
2519aa860e1f4a43ac167beb534281e5,0,normal,
8e8c370886264a4f901b8c80519aac4b,0,normal,
a14ff9074fdd409ba670fd8c0c2ea476,0,normal,
ded47c0d771b4f318b2aae8112c24bd7,0,normal,
866a9f2130f34b80bef2e960a090dd10,0,normal,
2817e3c283814c3698b426342c320bc9,0,normal,
3c43bd0042e44c3294185bb70af46c68,0,normal,
5ce87cb4aef942eebe10490620144269,0,normal,
6f6ac0648b504622852c46bf0ea1a518,0,normal,
98d2f6b360ea49b5a25e2d897b3ca73e,0,normal,
7e807416382a4b07b24521d3bd6ea447,0,normal,
927bc18a9f9b409591ca82fdb8f3ebb8,0,normal,
4cd9d763ce49460e9d95ea37a3e40175,0,normal,
115a4a994f544bdabe83260510f5daa6,0,normal,
c1b0a53473bc42efa9d12c9e55deb652,0,normal,
208c695407204301ae7b6d15e8d4a903,0,normal,
8d3e92b2dcf14dcda494550e5e99751a,0,normal,
ddd20d2ec5a5456bac38053229883cd4,0,normal,
80acdbbb96824e00979d049769e4b900,0,normal,
f460e0ce14b94c4d87fba28d336e55ee,0,normal,
9ed5f757c376495b823a1e72e6ba838f,0,normal,
e0e1eb017c6148cfac172cccf24b18f2,0,normal,
331ff831bc3d4a8689ded1027740cfb8,0,normal,
74a6b26f98f54e6dad26d51bfafaea1f,0,normal,
56eedca5486043ae8463e2335cba09ef,0,normal,
5fff679deb2b42d1bfb0de7d81e9e0cd,1,ip_hopping,iphop_303
74edd42a7e7e473491280de32095f6ed,1,ip_hopping,iphop_303
789c3dbee5e948539ed1e0e4a5409cef,0,normal,
dc8315e0cf514b43b9c9e4ca0ba0071d,1,ip_hopping,iphop_303
0a9415d7cda44aef83782a85828e39fa,0,normal,
4cabbc75ed314a1a8f0fde818a164caf,1,ip_hopping,iphop_303
95b09a96f713486192bbeb4966c2c14f,1,ip_hopping,iphop_303
732eb5cfb3964e2da18590a322d4ae66,0,normal,
04abda127e3444af86c02d74c24dc8aa,1,ip_hopping,iphop_303
0157b7b5f83e4efc900557f660a95d54,1,ip_hopping,iphop_303
79391cc48ad844d2a1580e04ba4b2da6,1,ip_hopping,iphop_303
7baef6eebb6c4592813c8ded276a6b2d,1,ip_hopping,iphop_303
00cad8d8b8e248cfbd624feb406cdfbe,0,normal,
f8f513dd65eb4ac0a61e0edcbce45929,1,ip_hopping,iphop_303
fea1a427385f4778a810c7387038086f,0,normal,
7923fd7289144d88a26f766f4109a284,0,normal,
832e28c5018142a4ba9d867314b94aa1,1,ip_hopping,iphop_303
e254034c68394fb8890d855b5bcff88b,0,normal,
76dab666f7eb4f32a1259a22f8fface4,1,ip_hopping,iphop_303
2612b02f805840d48affae4419012acc,1,ip_hopping,iphop_303
337d3fc618d34252bf2f1fded9fb9b98,1,ip_hopping,iphop_303
1ba9ed0af8b545df9e225c1da1698c62,0,normal,
24f08ec119b54ab8bd704eb808a384a9,1,ip_hopping,iphop_303
22698b54ccfa44489e159134709aa736,0,normal,
bf0082966f9d48b38023350403a685cd,0,normal,
5030cbb0b1aa4ac9a9fa7d5ec1cbc257,0,normal,
d517b2db5d054498897812eb4b69b8a9,0,normal,
70b40cc1c45144d8b1829ea248a00f21,0,normal,
368fdb4a9e04496ea492f7a34414cb8a,0,normal,
60c3b118c0a54785953f18a695ab9f43,0,normal,
6aea069169f24d8abd055364af09feb5,0,normal,
0a75486ff10d49d09e7a763f003a186e,0,normal,
4eb357dbf6ff416791e41d2e146c1fd2,0,normal,
3b04c85ac6b8407a8b9ea5f8ea9c80d1,0,normal,
667a220c07a94489954e349fc8e9ff66,0,normal,
9db603b5e1f549059f02f28abdf49076,0,normal,
8fd6ce3e710343a78f3655f3f51c7814,0,normal,
a4d6ae5fc19541688186a804aebd7625,0,normal,
bdf2a6e144264f80bad8c78b61987a3f,0,normal,
dab7857b2bea4198a6e2718274afaf0b,0,normal,
d3198f7c224f48728d149de46d91f7d7,0,normal,
8bf756860efa4eb2965db93520851f59,0,normal,
b3e8d159013c40f090539efa03d64e2c,0,normal,
180d68ea2990467cbacdf991edd997b9,0,normal,
b7bf71b312d84978a99751c467e7f5f6,0,normal,
e960ef992a64407cbb3cdbbdd55f0c36,0,normal,
6b94319a78704103bcd3b9aba0b3e816,0,normal,
660d8280b48f41bba142d3f5987d6d22,0,normal,
bb0018e3e0f24811b1bc646b07703d26,0,normal,
19820553294b4406909e7eb8d8ba34fa,0,normal,
d5b68fb3c107460fadfe91ef7880fa67,0,normal,
147610adf60d4127bc55d3e30ff13a7b,0,normal,
46bdbc4192a748b5bd47463ffb40a119,0,normal,
28b41e284c5641218bea594085c5efea,0,normal,
13f350b4eb2b4ab49681247a01c258d8,0,normal,
70d55d67f6a947858b8d7d97d79d5878,0,normal,
dd022750945b46e5b20903f28923a104,0,normal,
51d64d68985f46409b6661b5fa3638b2,0,normal,
43f57fe2201144778dc4cc23bcbf4739,0,normal,
5f4ea935ba94430295dce1d7d517d0b5,0,normal,
6cee7b3b9c0f49d898e7a1a76ef14fa1,0,normal,
b32f9369218b4a07b8a059211e2e12cc,0,normal,
a5dc34703cf34311a22518dd566c20fc,0,normal,
78a8baa775bf4b4ca2aef8310574bff2,0,normal,
22787dd6548d4b7f89a23c859cc4386f,0,normal,
faabd72b5e364c7db249eff8e56907c9,0,normal,
307efcfc65b148948033c5c7263f5144,0,normal,
7e94f003b8ce4e569b29c8cf8255afe6,0,normal,
c8df3eeb00f34894b53e127dfe6d0ebf,0,normal,
0ea8ec720ad349809e93fe7a48cc31e9,0,normal,
369effb51e5a433a9768a1fd5d9e9336,0,normal,
809f714dc68c4439859d5880db6b9dd6,0,normal,
abaf9541a7a541d7a48ac5d4bdcf9588,0,normal,
e03c3a34e55d4684b2dce2961e7731be,0,normal,
1a20a6a9f694457ba972fb67b3ebe18d,0,normal,
7352fe6f905f4fac91d00c9ff33ebef0,0,normal,
6dbd6cd1b2414ca1922666248765233f,0,normal,
3234533c064344c7a2faf8cd161a3032,0,normal,
0bb4871e2b5944c2bf17e325d65f30fa,0,normal,
038021cf279049f3a08c6c2242bd5c09,0,normal,
c4d8888888e44bb7b9a92e2421392a43,0,normal,
a024284464904ce3a419b8ce8bfdd3da,0,normal,
4d046445a1b749c6bf2ba60bfa438c73,0,normal,
10684b68834a401a826aab9e539c1edf,0,normal,
78421295eb264897823874eced9a2f1d,0,normal,
52ba69301a574b12984b5c816571b6d7,0,normal,
86d10d073f8f4c7b8e2da9bb644cae81,0,normal,
067560f84fc341f1beac832448421364,0,normal,
d82fc3c81c8d48169eab8f229291c8ac,0,normal,
b94bf1c45b884a37974b3d7e23478c85,0,normal,
2b484c2f676e435a8debd910109cb455,0,normal,
7568c9f8b45e41a8a1d9f0f5db3083ba,0,normal,
a94ac8523dd24f4196d7f8a273fef1b8,0,normal,
583b8073c1284457a94b762bc0db1cb4,0,normal,
632b6408439e48f195cde0bc5451d4fc,0,normal,
511020e0a894408f82558f3b19099a10,0,normal,
81669b44d657445485f7951d0e082d67,0,normal,
69d9b6ffdda34744bc6ee298c6c3fc99,0,normal,
b5eebe8ab319485096469ba2cf457167,0,normal,
c2684cf3dda64f97ad27b93270209b01,0,normal,
dfc1d87565f64a1686c34cf80d43e6d9,0,normal,
b25e5cb24a1643d6bffc77fcd0a3fb94,0,normal,
d17063723f854bdfbc5197913d41f87f,0,normal,
0fdc78b8f2ff479689fe7af84232e55d,0,normal,
4bc61c4faae14845a97e6e2eb225fc04,0,normal,
199d6f42aff24763b8335ba1bed5cc9f,0,normal,
e33cb921e70f40ffbb87dfa955b60308,0,normal,
88e140f59ffd44029a618b29e0222297,0,normal,
7484496435754894b083f98e24c21fc7,0,normal,
c64a82cae9204502ba0eeac3ef606c75,0,normal,
76b80eb01969467e8d04788cf8d8ec23,0,normal,
980088df31b6477480947a4cbd805761,0,normal,
a1dfff4f4fa14d32b213a7935a08803c,0,normal,
d95b597cf6da429082c0406b96237a2c,0,normal,
7cbfb7c673db4fb29d660a0860f3968a,0,normal,
6c996054eada41ae997fa6eb519ed3dc,0,normal,
84b90203b7c34f9da5538c5b129ce623,0,normal,
d530b8b5198f4218baf5f8a6308066d7,0,normal,
8d1cc0022403474f8254150dae9dd784,0,normal,
03a7186e4b394b1a9325551a9812b522,0,normal,
c8bc106e69424ac6879f6c0d42dd327f,0,normal,
f9b1f8c57a4f437abde0f567c2ab5954,0,normal,
c8c90ff80ed2404487b9eb944e220f75,0,normal,
6a16df5e333d46baaba03af7c2e32f9c,0,normal,
35fbaaced6f04d80ab66f1223857aefe,0,normal,
6fc4fc5689df4b37969eb66e3729e0e0,0,normal,
83ede951a05348d49d5e473389c0c100,0,normal,
dadb83f7c54b432b9a5288bd8157e89e,0,normal,
699f0c0999124274926b83acb12d9205,0,normal,
026bc06852014bc6a9ef0ad837bb47ae,0,normal,
0bdc2b6ae8f549f59c63f52cdf16c1b9,0,normal,
919330aa9c704b49b071495a1dea8f3e,0,normal,
59c89798095042d8842315423c5c1d69,0,normal,
662bc4e695ce4cc7b66cc558cb8a651d,0,normal,
359262b12c8f4936bd7d88fcd9aaadbd,0,normal,
689d69adf48e43669eab2a0c5ce2ef1b,0,normal,
15e12ebc1d624f37a710d11f02b03f88,0,normal,
6144bf0d38c1459482aabb9d3352bba3,0,normal,
9a8e91b74f324b5d8bb9623014d0b9b5,0,normal,
c5e4f59f724d47c58ae17cb061b57a40,0,normal,
d69fb2c3a9f74922a9be81b39b8e8408,0,normal,
0df41968646c4304a2431387f3945c51,0,normal,
aa47bae7b9104d27b3916320e4d0682d,0,normal,
04157f46702149a99d3e700b217b9960,0,normal,
f37a92fae4ab4abeb293822a2cd2b79d,0,normal,
e79353bfcac64402a9398fe1a85b9888,0,normal,
377a8d20ae034f1d8f488505f05f8ef1,0,normal,
45637b140b844f00b4bc098acac2c80e,0,normal,
6c45d1f1fb9d4f7eaf59de6312de4407,0,normal,
17dc066ba6824ca48d92aba42ba8e6e4,0,normal,
5b51ae99b4e942b1a71400347b543a90,0,normal,
3785d2a24fde48c2a6ac1af440395799,0,normal,
64da77e856c24fd58d3d4c5f9cddba4e,0,normal,
c9f17644dabc44969e6c51313494540c,0,normal,
512eb143691d48b2b0c8c00985a14777,0,normal,
53a22b6307634d26863d20cd79ede028,0,normal,
721fe94fc28e4cc59f17e83071388347,0,normal,
0549d08f5912434bb68bd6ccc2f5ef42,0,normal,
e1cde54a5e6a45719fb16097d464ea55,0,normal,
a0509dead487425ba6426592d8221723,0,normal,
d4e62c01e026423fb2930db8e906bda1,0,normal,
16fa376afb4247d4a97d779a4a73d291,0,normal,
a6f80a9b175d4765b37c926c173b4209,0,normal,
31c9152674944f31bb66ebe47053a6c2,0,normal,
9c979422daa54cebaa58f71e2a31a59e,0,normal,
b62dbdd1849d48d9a08c2727d906ea81,0,normal,
f4e1e9fdbdaa42c0a3fcc4fc3039b6b5,0,normal,
513b5205198542078b30aef63719f861,0,normal,
623bc11ee95a40dea61801d8447f6301,0,normal,
84ff175fdaa04647bcf6823472b0f6cf,0,normal,
66d91f40caa048e29d178c45180a6b45,0,normal,
b0a24c3a14d04e46bdd917c7e793552a,0,normal,
4d89f127059944928c119dbaa41051bd,0,normal,
dd4ca675b634473ba87937226787cb31,0,normal,
b8d456355aa14b109a5539dee3103d55,0,normal,
754871ec17de4f7eab6902212fcb66df,0,normal,
f38b0e4e9e66444f95e522f8c2a32d80,0,normal,
77a1a58d00634a54bb1918fe6ea96420,0,normal,
e0d359b1901a419abd10b4b41f7efe4e,0,normal,
5f993e070dc5445bb7b43829a4ccb52f,0,normal,
5ada3d83ce984e5b84ffe1a73ea7de71,0,normal,
1ab34b294aa9410db0fa89d70a77625d,0,normal,
7536557990504955a39fa1f9ceaf312e,0,normal,
0ed0a1f5a4cd437697ab6c936620c31c,0,normal,
116e6a97bafb4c278770e89466a303f7,0,normal,
1861299822464e68b0fec26cc38fc353,0,normal,
5e980bdad3794a7093b311cf96f28930,0,normal,
b891968e1306402aa9f5b452b3040821,0,normal,
d5ca2b9aa7664f078e452179330f07ce,0,normal,
1695c2e5a9aa434f99abbccf6b2ce7c2,0,normal,
fc0419a9780b49e28f0d0d1c7d84111a,0,normal,
7307aad2d4d4417f9bc1b2d9659bc36f,0,normal,
6e52f4d11fbd45299dc21ae6016102dd,0,normal,
d0c9308a123b4c62853dc51e5bec4265,0,normal,
73c4fefcd6d443d1826b94effeee74cc,0,normal,
e8e97722dec7400fbdb355e95653f990,0,normal,
175b7a1de88f4ff4a2c1b12b56e684bc,0,normal,
d4d99c720bde4e79bbf6fd2e83d70ea2,0,normal,
d523b2129a2747d19ffa05513f2ad70f,0,normal,
b8537172cfa54368b9a29b40a52216cf,0,normal,
1d2c314d888941f38ae6bf2cde089e26,0,normal,
49514240d9c340d7b11f91e1dcefe635,0,normal,
66603ec9dae04959a658c5df48cf08b5,0,normal,
200f205e24034bd08423daa27605c3c1,0,normal,
74ae28078f1040a09f527f6362a0578b,0,normal,
790e8d5f8aa8409a8b86303baf4bd512,0,normal,
0a930acadf1d42668b2da843902dbeaa,0,normal,
3aa0df5ee9224c2094208a8a5fe0e450,0,normal,
9fb5d751532749f182322c65a7f542e2,0,normal,
165222bd96584dacb1c3960d1508b559,0,normal,
c619f8a250c049239c46799f5d74a364,0,normal,
268d7c47948741a4bd6fc83cc38d7be4,0,normal,
6b01aaf4a9b74c1c9dcb3e4dccd8a3d7,0,normal,
143b023bb48743289e1a0419851dce6f,0,normal,
7b9d23e9100b490bbfe497a5e12db814,0,normal,
62ab5e625a5e499b85a7449dbdfc6581,0,normal,
9896f7e050204414a6e1be79d8128abd,0,normal,
bdf6acebac2f4deba64a5174e82ac9c6,0,normal,
2e51b10bddc6471bb839423fd72f2d26,0,normal,
b2a2d31a1fa3403a9e1d1e42d769fee6,0,normal,
a40c2ac30e664b1789881e9d69e4cff2,0,normal,
e5a824e26c064bfc9c01170c9cdfcbc8,0,normal,
e6d796f55f4d411390a4140adba87d26,0,normal,
d450c03fc8a94135bf42edb39e6e5f94,0,normal,
6f2e550fa8674b26ad8f0a7adb3a38ce,0,normal,
7632de9eb83149978d9d5c938d7a8b4b,0,normal,
9592af478ee04677bc74883066214fad,0,normal,
b0782f62ae314824bf39ded838fc249a,0,normal,
25b4a461a45246b380f774f88372b5c4,0,normal,
6bf0963c113745fca73caeb6533e0693,0,normal,
88dee1cf48574b3bb168547da81a031f,0,normal,
e7ad9ab836104c1383a8e3e8254420a3,0,normal,
808164ad6f78413e9d4cf93de9c57dbd,0,normal,
2a2f1e1d3ad14d8980d20f42b1ba5696,0,normal,
1b1e1c46db43473381f2ec46724525c1,0,normal,
8570ad4629d946e897e4f7d27f550663,0,normal,
b2fc5ac847fe4b169c5a93fb3081f587,0,normal,
f4fd946a4a3849e3b9bc6a1a80fa7628,0,normal,
b436f4677aee41759b7352dd1921452a,0,normal,
742ae0e1039a40329009812da385ec39,0,normal,
7dbf948d65ec46b7802aa3afa2ce4fde,0,normal,
d802235915494b25ac2578c7fe4ac8aa,0,normal,
09df3f980bd34526b43dd67cc4c7fa7e,0,normal,
5c53ed720cb94a0bac59f16ab7255e3f,0,normal,
c01d330fc20140399902fc4bf591ba8f,0,normal,
3afe3356a1744dac8b7cec3ef34256ad,0,normal,
8ec7473e94a14c4ebc94335eb7d6bb58,0,normal,
7d78351bb2364c45a375b855c3b423cb,0,normal,
c42cbabd168c4622bd95fb57dd028f0c,0,normal,
4a930286d15f4b1eb22b1e3809b11709,0,normal,
21dce93c7704439b94c828e37994a8a0,0,normal,
47284f920d8c40e6ade752fa00901e73,0,normal,
96eaacb7a9ce4e21b4640b6747b1863b,0,normal,
1935c5b6f03840babd3b246e8147d508,0,normal,
c313fde25bba49bc93ce2524f2a58d26,0,normal,
61f16a9373ff49cd99f4336a1fdfa8e1,0,normal,
cc6e85dfbce349dc827c6f14f28b69f9,0,normal,
97cf289de0424437a70b0008f9d3c08d,0,normal,
31992388111e40ef8e0f21d7bf9ee1a6,0,normal,
434dc87b919046f8ae9ef62e866e8ff1,0,normal,
5957e0ad8f524cd38496f2bf3211713b,0,normal,
29a37a8e1a4f464fba666c3a893e8163,0,normal,
6df36d429f1d4da8ae740168ae91d142,0,normal,
83a4faa128394c1482e759449c5d90c8,0,normal,
634ce35fde9f4bbab3459380d0a13501,0,normal,
cad4490e8b934dc6a074600e2bffb14d,0,normal,
3239f41f13c14734a1601d8daa6bb7b7,0,normal,
92b22c9e46eb47d9bf480c1eb70715b3,0,normal,
54f9884f942047cea9a269b404325e14,1,fan_out_mixer,mixer_411_fanin
6b4daf956e614e1cb1f53384ee9a4a0c,1,fan_out_mixer,mixer_411_fanout0
15a96e224400474da1f33236704ccb29,0,normal,
e0be257c554b459180c1542a82b16f79,1,fan_out_mixer,mixer_411_fanout1
56ff1089cd2b42e89dec1e81012cda7a,1,fan_out_mixer,mixer_411_fanout2
81a003fbd4e84bff8696448f10049467,1,fan_out_mixer,mixer_411_fanout3
d07e46f7955a4f45a546cab6ae339213,1,fan_out_mixer,mixer_411_fanout4
d90e286e534c4c3fb1f62c1f47ef3a6c,1,fan_out_mixer,mixer_411_fanout5
7b0820179b1f4302951cb7c14d8b4243,1,fan_out_mixer,mixer_411_fanout6
d680da8bb27f4e74b958e85c5e3df8e5,1,fan_out_mixer,mixer_411_fanout7
d4fbec483f36452d9bedbdf2c37482b2,1,fan_out_mixer,mixer_411_fanout8
58f12ce4e42248d2afd811e607ae844c,1,fan_out_mixer,mixer_411_fanout9
44257a783fc84092837a70dada5c1ae7,1,fan_out_mixer,mixer_411_fanout10
e37ab3fdd0cf483eb4a5f057093553a5,0,normal,
09e53fc7cedd4a3bbb0812deab3ba29f,1,fan_out_mixer,mixer_411_fanout11
c540c9764535474dbce1c565fa66f65d,1,fan_out_mixer,mixer_411_fanout12
232ca26bf2f5402eb44076594d9484f6,0,normal,
6ad256be2b6a43fab43991b2258fab1a,1,fan_out_mixer,mixer_411_fanout13
d3fcf76d74cb4b148fea1b47dd0a41f5,1,fan_out_mixer,mixer_411_fanout14
aa985253bba946b6ba0c197be100ae53,1,fan_out_mixer,mixer_411_fanout15
98a339671b9f42f5a06e32d34578a7de,1,fan_out_mixer,mixer_411_fanout16
e8bd99ff1c7444f0b27694b5ffb53001,1,fan_out_mixer,mixer_411_fanout17
0dd5d1e36dae43a88f1b1f04c92746fd,1,fan_out_mixer,mixer_411_fanout18
82c42b7da96349f381c7b3f2f39439b7,0,normal,
ca049177565a4e3ca12869fddc96b2fa,1,fan_out_mixer,mixer_411_fanout19
fe4ab4eea2fa4388a2d89691f186cb86,1,fan_out_mixer,mixer_411_fanout20
cc8f81bad6a144eba0dda677ded82930,1,fan_out_mixer,mixer_411_fanout21
b94c5d96a47c46faabc6954335548d92,1,fan_out_mixer,mixer_411_fanout22
90a6d18e44fc40558ff8ccd10818fb60,1,fan_out_mixer,mixer_411_fanout23
492847bdf2b14fc8aa476d7308306a67,1,fan_out_mixer,mixer_411_fanout24
70cbca039dcb4df4b4f6124a8931a876,0,normal,
f3898cd57e00474d90918cd059f3f6b9,0,normal,
8899790c2d3e4597803a6901159cc5e8,0,normal,
5347cc101abd405a9d504edb5315e467,0,normal,
42cde7903e6349828de82512f12f25a4,0,normal,
ab19c954528f4839b57050f11ce74067,0,normal,
52de1fdba3b74d4bb0e2355f52ac1ddf,0,normal,
2f1f7d8a6c16432c94422e9217232743,0,normal,
1db08c682afa4fe8a7d08209af04b0b7,0,normal,
6dde3ece28aa409ebd7cefd1663c1129,0,normal,
1c8bdd6daca2416b8700c6b3152c554a,0,normal,
5f109d449eba4a19a4d727acd1fe7d07,0,normal,
b08b76e0129749ca8e240123fcd1ddea,0,normal,
a54b53a3e9794dbbbbac9117afcb5cf2,0,normal,
2878c0c3504147d48904b62a34c7f4e0,0,normal,
06f0035284ba4481bfcdf6300ac7ad94,0,normal,
cbfbe7bbebd143709684e6a211b0b689,0,normal,
ee13b129be664c909a6355b2237758ad,0,normal,
7075234570a1477c99b26b8c99e2da3b,0,normal,
5fd1bd1f5364421280cc420d47662953,0,normal,
bf79a7bc94dd48d5884a469cd9fc9743,0,normal,
0d970408eab34fceb57f9424ae528fb2,0,normal,
3fbc239dd4074061933cca6ae88b6315,0,normal,
71d3efa9774b4ecba9ac9e7d11615920,0,normal,
c1821108784943159e3e83f197931cf7,0,normal,
6dba9d16ab2043ed986ae69b0b524d3c,0,normal,
340aa5296f764541a2d158f0571906c0,0,normal,
60ab9315f5e04b2d90cf6db5f59b1314,0,normal,
5320c2cc57f8430a9cb0de0937744cf0,0,normal,
cf06907f11dc443182d15a68c2c1dd72,0,normal,
ef91402995424482b654c29965b5f781,0,normal,
2b38f8c828d544f8a93af3a7f2a8a1b5,0,normal,
9b8b60fb9bc34beebab996ea811a87b5,0,normal,
7384218e5bf04907a1eb124b84ceaac4,0,normal,
db6c378b0d034728b2b3b37479d74c52,0,normal,
a8c5e8ed15eb4afaba57eac6a76703d4,0,normal,
e40e4e4018094cecb7fb479f3eb7d844,0,normal,
545eb69176994dc4bbd7360ee482e837,0,normal,
b1c4ef575f74456c803d9fbcf1da543c,0,normal,
f00a874d65c347e39b93223dd237a6c2,0,normal,
7031ccfacaff4e889b7ce314f39d8d9a,0,normal,
a1d77be84f484416b5136d806547137b,0,normal,
a8908e8c62514b3f83b2a262b05ce040,0,normal,
14bda834b9554ce7822ba74eec47c985,0,normal,
ce8169deea8448a4bdfc400a16a00581,0,normal,
a8e8e2452a6a40fd9fb6cd5909c3562a,0,normal,
56a166b7b2f949d58cbcf513250f0e69,0,normal,
7bf8c5bcc1ad49bd8edf2846d8121430,0,normal,
d24d71a2f3df493295fa60519301f957,0,normal,
0b7c6c44975e4395bb85e6b48d8e45d3,0,normal,
ba30af710b144c84b6280694eaac7541,0,normal,
8256ee42ec2a4b0b93475e4d688aa01e,0,normal,
a46a0455c642491990725e9c869869dc,0,normal,
4ea7d7020bec46188447393a6b7a257d,0,normal,
e3696bab99024adeb0204e98ce40a060,0,normal,
05e09fc3bc0f453a9dd3fe078093033b,0,normal,
1b94e8b054a4451bbf0dffff22a2b9d8,0,normal,
4e276dc3ee6b446891470136775a44ba,0,normal,
cdd0b2b4779b4654a72f8d0a1a6ea092,0,normal,
43b373c86e3a4b3692f4fbb812547900,0,normal,
d5be370adf2945b2bb4f597dadfa4f2c,0,normal,
a3600f87e6bc4a5396473ad5533c68cc,0,normal,
b3a74787a7054697a350a873a8b49f67,0,normal,
3a750520a3d94daaba80f0040a17b6e8,0,normal,
2f72b5c430b347929f8fde97f21cbf89,0,normal,
e828db50268d4b7b861422420a1533a3,0,normal,
92edee16d7ea4b02a13ed9b079c27b90,0,normal,
0f5975f6658a438d82297634774f0ce4,0,normal,
cc24b76f85d14f17b26a1cd89b5ceb06,0,normal,
476c8b600ff94568a6a9ebcf11e7eb54,0,normal,
f44fa1ebae9f4e79810c40f208e22e9e,0,normal,
6f8266165a5c4943a2f7d34b15878cc4,0,normal,
4a835eb227514f72a69a90553bba9375,0,normal,
fbd086ee83ad41d3bff765f75dcb64fe,0,normal,
626e4e9ee87c4f5f97509c659a484382,0,normal,
25047be3bd2446ea85f92006782188f4,0,normal,
a81c8daa72e9416496a05b9a5fc23850,0,normal,
92cad68eaa72467a8dcdcdc2e47d0107,0,normal,
4ddca988f0474048992a571178ab9baf,0,normal,
77ca636fedbf4dfcbc04b8d67a2a006a,0,normal,
69aa050c77a14e0588dd66192750490e,0,normal,
946060964a604f9fa3c7960430d3fea4,0,normal,
e0983707fded4a0bad139b2700269a46,0,normal,
3038912f8e7c4c29ba5a32d94d26799c,0,normal,
ab93ab3522334c029e75dcde24f8c532,0,normal,
ec868f3562d6470382416983b450b991,0,normal,
e3d4b3e780c8444b99e9fa151697f87a,0,normal,
e8418c7ef1f94cff9bb157f37543d513,0,normal,
5e919ac1bd9c4ce0b8f3ccc88af5b17d,0,normal,
3cf0ecb0b2f84fcba5d80ec5008d6b94,0,normal,
ab7d4e3c6c5842349eeccfbbc6811ad8,0,normal,
b6ebbb3cf3e34a91a87190484101ab1a,0,normal,
8b132c97c28843ee88b8dab2566a0547,0,normal,
10f9bb737aed469ab4c4d7f9274e78f3,0,normal,
535d456430134f16a878e222452238f2,0,normal,
49da2e2f672e476ab2a8f097e148870a,0,normal,
dfc3a71812094bb78be62b3761a27a90,0,normal,
72a0650210574f568b978b9bc36b81fb,0,normal,
8e89040702d34fcd8fe91b50603bae8c,0,normal,
1a3b0daa228348df93c9cc6ece4048a6,0,normal,
89ee67568dad4b83b5c6f9c1740ee544,0,normal,
46db3c3bce19425ba50990866de765be,0,normal,
a4f04bb0be0745d7bae01319a0c97157,0,normal,
2dc35977ff5d4506b44883be57ee4625,0,normal,
d4bbc0c818eb47f9a895e6c4dd49d4fb,0,normal,
f41cebfd1dc14734b144c0b5c5fdbd0b,0,normal,
79d615dae7284b759e06696b2442cebd,0,normal,
4c4f08d49c6c471e8301247f332a3ad9,0,normal,
f06e6174708b4d54b2ba7fad16b52bc4,0,normal,
437c8aeee0b64ee984bcce256b2399c2,0,normal,
698b1e48b47941319ba31880455ad59e,0,normal,
9ea9d6a85cc3418499050ba070d7b5bd,0,normal,
7fa4f0ff8cf94f5da5c55472daa56579,0,normal,
2bc6b887863c4544aed0a224128eb663,0,normal,
9a36c6fcc8ef4c899e742ab7d087e24c,0,normal,
81ff7474c9f4412eba2e87c2be63c46b,0,normal,
a7090be2a0ab4fb7b15b3717e4502bf1,0,normal,
f0fc93891bf141afb75d5794730851c1,0,normal,
cd413f15ec8742719fea03e8a31b8c6e,0,normal,
46fecc6562df4ace9ba0be230cf401f5,0,normal,
e2c95b9de2cb490d976dfcfdc360e914,0,normal,
0904c23d0d064c42a38f940e8e896d8d,0,normal,
4016640248bf4c80bdbe6a947e5891d1,0,normal,
9ad62132f4f84c8481a6eab67cbdb02a,0,normal,
1850e96f16024e05b0e0ff14b6e477bb,0,normal,
a8e9e2e4ea04474587ad5493fee5f1cc,0,normal,
0262c4a6a4974478b4112f288d90d4c5,0,normal,
3a76104fec8b4a6c84370d47c4993fe8,0,normal,
74884e7b03c641d688d0044258e4774d,0,normal,
def4f79f5282402187736c5060c76b37,0,normal,
1284773f1aff4fe8947b99653437e09f,0,normal,
9edf5e30ba704253ac31bc9dd3788839,0,normal,
373f83b0d193495f826ee02e7243f835,0,normal,
53d4626b6c3f4973a3fa04a0834fa3c8,0,normal,
0bb39beb2ff548cca60eb635ea8b7abe,0,normal,
dbcb88ac730b4acbb9cea8a57c9bc4e5,0,normal,
da358cdf614f43a69fb3fd4e2137fa97,0,normal,
eba84045bfd548e5b47e4b930cd18c4f,0,normal,
3b111960f293470f9a4605a943cc7e5b,0,normal,
cb33f017d226480cad1715e2d0066fe5,0,normal,
60749bedaf5744cdb73aba8a91fa6d3e,0,normal,
825dde68999d4a31af4bda2b8ec7d061,0,normal,
778576371f9241eba88294fb0368000d,0,normal,
17b9e657e92b4f31ba313c3e03874ec0,0,normal,
75a451513b624614967bed89c9c24134,0,normal,
1f328fb3140849509a49a239287d7a90,0,normal,
dbe3e6e789aa4a90a1288c6b5b408b5a,0,normal,
1ef847060c7849f681d440e1787df1fc,0,normal,
5b63cb07b0324b91b68dbc061794bda0,0,normal,
dc68afd559954a1ea4924493c4aff101,0,normal,
6ef0eef7c4814141b5dcae1e46cbdf0a,0,normal,
412c102529934d358a8fd6300f258929,0,normal,
e69367b0913c4e859683d0d905d0fdf6,0,normal,
f2c28c5f95274d3896ea873a4c0e56da,0,normal,
b77740e91bf346ed8bf5041f450d5459,0,normal,
db8beea87524437090e146e8a8089768,0,normal,
b9fa3ee1747e431b8b7a12682ca9de80,0,normal,
8c2fdeeea57d472dada96091ff48571e,0,normal,
b253adcfe9594763bcd2f89dec91ba26,0,normal,
afbf6381458049ed9a936d911ac0eeb3,0,normal,
1ba45d11424e4b92a08b79408f0019bb,0,normal,
3b2765a697dc4c8f85413a257ea5dc1e,0,normal,
8df94dd554564e5e8e8de788c13afb96,0,normal,
ce92aa0f084b4056b10415f1cef146cf,0,normal,
46f3ace4c3ca4387865575ffda2b0817,0,normal,
463a2ad716ea4e3f8860eec9fab2784c,0,normal,
94a38d8b1cda475b8e0652ab4e80fe3d,0,normal,
a6a6d219c3ce4c8ca8a15e82bbc7ed2f,0,normal,
cc77a59e88e64ebc83cc5b69d1649abc,0,normal,
fa55bfac43084682bbfc33ae63158764,0,normal,
9ed299b68b564518a6ec0c583f57c905,0,normal,
e854f370117e4d93a1b90fd0a9340dec,0,normal,
9abb76a780404e33ba2f6dd4311ecb09,0,normal,
0e24eb1b32ef4de89def270f7e5beabd,0,normal,
a7aaace6f19b41b599fd370054a2d4db,0,normal,
5ec2898972b0410e9137130090a92356,0,normal,
4ae3f53da1e341449a89fc6f10b79921,0,normal,
eac14a26e93445128c1bb6c44615739a,0,normal,
7d9a3aa8449541c48dc06f462c5ba0e2,0,normal,
07db3f93fa6747d0a632cdde928d75eb,0,normal,
3a2b9de3013445ec91059f7cdcb4c46f,0,normal,
8d2f467cc5e3402f8bad829c4d730145,0,normal,
7ea6933391a04e07a8c84aee7112b122,0,normal,
4da38813788a4b2fa2a5a28dc09b43a7,0,normal,
f99bb3f851dd4e589c92226b3f642436,0,normal,
61fd6e1fa9994162a192de833127cda8,0,normal,
f63fbfab3243479d9739ca0bf436a8ce,0,normal,
923889e4ec9a4f2c9947996f41bf2c9d,0,normal,
17dd79d123e3412f943a57bb6b7c7617,0,normal,
0e11bb17c2f24b27884773a19a42a267,0,normal,
68b588250dc84f419c489b2dcd6efd6a,0,normal,
70ccca425b81466ca8ef5026b0e6c9df,0,normal,
59f2c552c9ab43e485891dcfbc61e701,0,normal,
9becdf612b524a10be5aa4d33d953a8d,0,normal,
524f5ca022c144b88b333f15b2ce59df,0,normal,
4d40755fe5964aef86322e946bea0524,0,normal,
2cc823847b0043cb9714d5ce6b584448,0,normal,
26862779b3c14f28b2d997ce87e06504,0,normal,
f21ef459cf3749368efa02d8bedec28a,0,normal,
c839ab2dc3b34bbf88719f6bd02e7ded,0,normal,
58e1b4d9564a402a9ec20279057a2e24,0,normal,
fc8d61d56b91403c9a1e185ad2d0f507,0,normal,
0e4aaa919ec5450dab575c8e0ae3169c,0,normal,
1316a8e005a849cd803f8037ce096915,0,normal,
365a485f71d947b786accae929ce3029,0,normal,
5e926b444abd4cc59b778dbe08d6dae3,0,normal,
e57b9e03e6a04751b55ae1a06ceeb5b4,0,normal,
92ada7bbfe0b4a36b8a613f7f5c941b4,0,normal,
7d36d59d209c48888ebc205346503cee,0,normal,
36c8fa96fb8049de9ce73f0cd892295c,0,normal,
e1ed50613e634e20924f85adf58e5e69,0,normal,
5481034135de4d56a519c339dafa9f97,0,normal,
8fa3697fff774e4083781c4152c53e49,0,normal,
9236d592055c48e49341db2363d3a401,0,normal,
bed964e863554dd3b8b84f604053c153,0,normal,
ae08a1b746e64f30a27a5eaedeee4f58,0,normal,
c16f6fa919354c8e874e9e02cfbcd364,0,normal,
f8a77ad5da14429688d1f80e94561715,0,normal,
a5204a290f17430d9b8e4b41e020167f,0,normal,
db9d5627e9864c2daa23b9cbb31bb980,0,normal,
b116e9bea1df469fbe8bfeeb2579a40e,0,normal,
b5d747fbe9484ba0befd245e6e31d72e,0,normal,
72763c5dc4f04e55b7ee8fad7a454810,0,normal,
1540ee181dca40188276c88187647e85,0,normal,
cac822ae78f8444e9aaa60d780e17fec,0,normal,
74cf2d07ead24508b87e3d8afa657825,0,normal,
f3e151ce399c433c97fe420cc7645531,0,normal,
0d46bf14d8b34c598ccd236eece5407b,0,normal,
a169954c01764654994691a0de636f02,0,normal,
1af83341148e45a08a64d281d73cb2b4,0,normal,
45833923aaf34aefbe729c74a871671b,0,normal,
d8a8360a06134e3fafe7441c83d69ed3,0,normal,
b496ac255505440da0ae9811e0857e3a,0,normal,
b78a4b1cba984d758238a1b1a86333f6,0,normal,
d64646c743354f9fac1f995bfa3d36c9,0,normal,
a381054135e443849bee1b1d3676a4cb,0,normal,
6e7783d790de4505ac18fa599997ecb7,0,normal,
259ff8893c6f4b3aaf049052fe96b8ed,0,normal,
fd4d5d69f6004bc1bb00c03bae5d99ed,0,normal,
c11e91f58ceb400b8120755850d60f2b,0,normal,
9705587ebc6f4d8c94ccb7489e54d5ed,0,normal,
fc943619836449498c4f83431e008b63,0,normal,
55984f50c0994ef696ca7fa66f722d03,0,normal,
26585ea26c8243b3ace3037258c19e8a,0,normal,
34c7f110a77845da9fe6290042e75b31,0,normal,
507f070c359a4729add2188c4858cdd1,0,normal,
d2dbc37c3b38404e84084887ed43952a,0,normal,
626a7d8f9730474ab81aaf3094391ac5,0,normal,
0e485739ba464f90a7264e7f918c6ca8,0,normal,
954e58d8e38e44768f6037bdd598b251,0,normal,
9077bf229b4c4fa399129e6f9416f61a,0,normal,
19c46150f01b4bd381f94dddb5c26f65,0,normal,
3b5b802b61b2482392f62ec839c0a43c,0,normal,
4de4a9e91e8348ce8449555ad9c2baa7,0,normal,
928087ec29d44299a12bbbc342255ef3,0,normal,
269118a0bb574b90a600102ea0e80ead,0,normal,
a54af5951f064fc1b59ceb7eaca3ed78,0,normal,
906839e468db4bd9ac4759ed66d8dac8,0,normal,
4d6d370ca9474445b8742ad2cbf36dd1,0,normal,
0686e74ca0bd4d1a8c83fed8042722a7,0,normal,
c8c2eda3f51b43f08a750c4dcabdb428,0,normal,
5c8c2548b287491aaacf26b067aa6471,0,normal,
a7a9e6baefc34b31b51aef4fb562528e,0,normal,
abddbfd6e2b949a3a4fac22c3e78ddd5,0,normal,
44877794232644b9a61ea1168be990c1,0,normal,
646e9afc3dd54319ae67da26fa5fc9ed,0,normal,
0a862d9c4f8d4ac3ba4ba1fdb90b9c67,0,normal,
fe59e73e73e34fcd94add5204e03e377,0,normal,
bc7ceeeb5abf443da6054e7b27519d48,0,normal,
564ebac77feb4fa0b27b367d1847fa5f,0,normal,
b323e9ac6aad45598b2f394dd361ee85,0,normal,
3ce1d86136d344df8fe1da924bb61a0f,0,normal,
fdb5a4c1cba94109ba4f11d864044407,0,normal,
58fde637fed44596b7c10cc8c6494b52,0,normal,
58f20e3e01fc48beb9c1e570d38997f4,0,normal,
6b0b6eb44592499cbb63ae014f329658,0,normal,
7224ec34cc1f4834996db0a1268f9ce4,0,normal,
a97f1c91fbae499e9a92671f55337a37,0,normal,
2a425ffe4f8348ff9293cc910cfbcd68,0,normal,
25a6e3d2ec67447cb20e99e0c22e2d1d,0,normal,
e3b37b29bf7d40809d7dae92b2ca7410,0,normal,
57c2d2ede5c445dcaffbac45e79e5f83,0,normal,
f76f133a1b75451996502f21423c8151,0,normal,
6a71d2bdd4fb4fe7a0f1f5b53a4f6f6b,0,normal,
01b25cdc091c453ea93464622ea7dbe2,0,normal,
64179bba57a443c0aed0b858d1cb3a3a,0,normal,
15cd84d732814c60b397a57354a8ede7,0,normal,
a7e901c8cfdf42b08258a1d19d15529a,0,normal,
bd919a7889914c2780de18c1a2c96d66,0,normal,
69ac7524bf81468bbc23e025c6c4ad7d,0,normal,
616bfe874f4449f99edf86f2d5f0f5f1,0,normal,
23adf61a5cdf49ddbd0eb390c3269439,0,normal,
d470923c7db84f40a53cce140c99e60a,0,normal,
c9c55e673099486fad9b3cbf86d34d4f,0,normal,
8393c3d887d54c88b551fb66351de469,0,normal,
1a24591ffdd142faac222ce3d5ebd428,0,normal,
81683aa22bcd4684bbcc1827b304d46a,0,normal,
34f93dd1dbf14e75b45d97d32ac93739,0,normal,
a274b6404fc245e19058bc2afc0c2fdf,0,normal,
abe25c540edd477ca766f1c278ade8b7,0,normal,
f5776ce5a7e247eabdc8b13bd7b8e4e5,0,normal,
51937aad4c9c4119b0a26a5f61f861fe,0,normal,
1c093aa96cbf4bc9a2375cdd48084f4d,0,normal,
fd65a5e30f8d4226895ce7b4a75287e8,0,normal,
94f536a471394211aedd7add039189e0,0,normal,
6976254b53ca46c088e06a0b571ef555,0,normal,
d32836f0b40c4b5fb0a7d73548c99ca1,0,normal,
0b7bee6932054064be1495012fc8255e,0,normal,
746fe2adb0e54901a0e45d4ea46e7736,0,normal,
62a3647a39cb434ab27ea87c5c4750c4,0,normal,
83b2a7f568a94e499154cb87ae191e2d,0,normal,
9ed8252e90104a7da7f33268f4707f71,0,normal,
5e0f96d8e38443e0991fc86fa5ab4c87,0,normal,
ef6c1ed1be094289a1effe24e82bf65d,0,normal,
a869523cd0f94a188dee7dd982bcfd34,0,normal,
131b3c5f5c8447b9a58a670834ca514f,0,normal,
c0de16e0d99e40eda945db1994f4a9da,0,normal,
a1078157100a4e6bb598d29decfd62e1,0,normal,
429f18f126a14819ad7f645fb7788edf,0,normal,
d2b2ec4f324041c984cd6a8c7f7bc047,0,normal,
931ae0c9dff141bdae8692a72ab81334,0,normal,
16bf9e0e49044d20b1570adda25b24fc,0,normal,
8dc0e0a3909d4de686f9d3e61ad9260c,0,normal,
3be8f40ac23c445686ea628f5fa6d037,0,normal,
4370939b9d27472bb79a67fa92a9dc4c,0,normal,
9bd99788c0d84278945f628f1fe1c789,0,normal,
756d16385e2b45909c240d87ccc1bbb5,0,normal,
17cb5276391a4ce582d9404b4c3c7f02,0,normal,
f619143b3f034ff2bb95c4092aac6309,0,normal,
d000e796699d469aa7e4f563bc3eb78a,0,normal,
14e41c40cce146f6b1f9ea0b2c31f9b4,0,normal,
b69191e1135241e7b58291fbd441ee3d,0,normal,
621f0b15cf1840c3be92cc71661b295f,0,normal,
57d0ba45154148948d367b324f97cb9f,0,normal,
2e885edadd274c6980e4788606be1950,0,normal,
d12421f8379b4d2f93084c9ec7e362e2,0,normal,
0531e3bed7b44efcb82df8a7ce58d987,0,normal,
94350ecca8a044ccaa75b33525baf28a,0,normal,
7af2a99cd05e4d07a8faa269bb8b389e,0,normal,
fca329a297f244818e3a890974f63651,0,normal,
c5d4796d3b8042ed97dacef5de4ba710,0,normal,
93c286eaa3114102a5f418b857927852,0,normal,
57a5e19856fb42fb8c798af138b55dc3,0,normal,
1b9463738429423280a29a8681216c74,0,normal,
162c5434bc9443e8905db15839f8cfea,0,normal,
999cffe9dbd34630abd7d9557fa2cc8b,0,normal,
c9852feb3c574d37bca872e3efee95fa,0,normal,
8b45f6ac11ee4483900087aa1419b25b,0,normal,
2691e2a1930a43b3a87898d8c0250a0c,0,normal,
ac102308ba6b4cb185a51a00ea4564c3,0,normal,
208c992946f34749b96b1f182b09b1d9,0,normal,
1c60410efae94f068e69f3ec7e679372,0,normal,
b316ca29abca404488d5b1ed80fdae8f,0,normal,
d48586f4efda4fb78b09781235ce1823,0,normal,
29db9f08c93e4c22af7f8b2a04d13d4f,0,normal,
a8f79ddbd10d46518c0f4a85f3433d8d,0,normal,
894f54132ca34e4ab693e9a4efef420a,0,normal,
02b7623e733947159ac971a0420f59d7,0,normal,
f1fc19855e0a4c18bcfe3619015d2cbf,0,normal,
74266d2c75324984ae266eb785a44fa9,0,normal,
69409c447ab04f7cbdd03b4a53cbb137,0,normal,
78055d099d464beaa3dd854831449c24,0,normal,
8e5488d1ca8841668b6b83e82e790621,0,normal,
9b1f0322ad9a4425b07c8baee4ff39f2,0,normal,
8d183b7c2a334f96966f939eee6a224c,0,normal,
4194691d7a4f431ab8497efd4317062d,0,normal,
111af2b3389a460b86c86231d3694034,0,normal,
03a6b9200a264b609a7211749d2b53ec,0,normal,
5ff3245eca1b433d81369f3ab6e78447,0,normal,
42ed661cf3b94e09b7da3f5f3f2f9268,0,normal,
9de7b436dcf240c695e3fa9195d8d262,0,normal,
06335e1badcc41bab633d9c5bdd6ceb8,0,normal,
155b4ac5b5d242e8ad8fba174c90199e,0,normal,
7ee0ffb50da84f74b7abc34b017803bd,0,normal,
812a1446a7984a859b1d10c41edfab34,0,normal,
2da93ba897c547d6b73b906aef91e852,0,normal,
74ee6842073a4b918d59acf5caf35f66,0,normal,
1f86265f5b7048769cef56a7b314f2dc,0,normal,
a19b9d15cfef4240b1aa2e1d485cf86d,0,normal,
ed4ab52bb0584bcc96c8a9469f103a6a,0,normal,
659abd149460457d8dec2667ff9d74e6,0,normal,
e2acb591b81b4a4198abba24ab1b0740,0,normal,
7f070045799646ca8444793a9643654b,0,normal,
0c3f9e3d11834f44a93416f052de2d54,0,normal,
9436337de8574b43879c58ef9453b32e,0,normal,
4a4201638f124c179273b90974d599b8,0,normal,
075d78e81c6c4e8d9edcd3824da2f66e,0,normal,
06bd345536c04c9197bd7cd7f0423e1d,0,normal,
5a2fef480fd74bc799457b1c5b3dc082,0,normal,
5203f672b7d9485795de68878f702b86,0,normal,
1bcf3fc806b64894bf8afde9de9af95c,0,normal,
697c5b870cab4db5b7b6e12f70b0bd7b,0,normal,
aa313f9f55ef40b2b9f68c2206df543a,0,normal,
5a93b851210a44e994569bcb79530cbe,0,normal,
cdba32b868414276b4978bca2326c04b,0,normal,
6b1a6a31bb1840a9aa7be9ab481040a5,0,normal,
46fd90d63b1b4da68b246c574f9161cd,0,normal,
163ab04c28ff4b6895100bff1754ec1e,0,normal,
544b8f894ed64688b8c246989ff6a2b2,0,normal,
df011ae5f5a84260add940a799c86081,0,normal,
9677443c8d184d30934c3312f93f9beb,0,normal,
531cf80aeffc4e068a4bf8225d819dbe,0,normal,
e4825b2d149a4409be4e73ee1dfd7827,0,normal,
b9bb544599604cfdafce5d0e3e955dac,1,peeling_chain,synthetic_chain_69_hop0
22ea21d77ad24a219144f4ce0168c0b3,0,normal,
c561d092c5c441b8b81f3a55b7e36213,1,peeling_chain,synthetic_chain_69_hop1
99b5e3b9c02b44fbabc5be6ea79aa0a2,0,normal,
01c6c9e3c05e42368faaef603b9745b4,0,normal,
9565ac662a2d40469cd02b99b4d23c11,0,normal,
9f00b0000fa5414bb8f34e4429a4cfeb,0,normal,
5efb8ae1297f43d1b9275261e65d0d44,0,normal,
16a9cafb1d6c4146b697a7f90f60262c,1,peeling_chain,synthetic_chain_69_hop2
cc6ab8b5c17a4ce9947fa6baa501fb11,0,normal,
9a8db333883c4c6f859a31de87f1f859,0,normal,
d3e60d55e9514d9a869ec5b9f20e4cd0,0,normal,
b4d69476d206414ba3d272b804b42f77,0,normal,
d4661661ad064e4ba8dbc88b74802d7c,1,peeling_chain,synthetic_chain_69_hop3
afd5cddc49cf4bd3877a16ba927ce807,0,normal,
6244667509154a8c9341269361958c47,0,normal,
424234b66aab4a84bc9b0b496ccc6c83,1,peeling_chain,synthetic_chain_69_hop4
b631af23de2f48cf9860caf6e3d5750d,0,normal,
8eaf0bf1673a4f3e8fac6c44853f95f9,0,normal,
94db3be66fe5429695dc82f3a4882b4e,0,normal,
d7a86259b47f41e397f8191b1fd45448,1,peeling_chain,synthetic_chain_69_hop5
c868afe1a6ae424681b8b85a9dc01010,0,normal,
7c708a518a334754ac794741c8000ac5,0,normal,
7bb00c43a2034106839070f716e7dbfd,1,peeling_chain,synthetic_chain_69_hop6
4f11846a65a648e5a349454fe1e3619f,0,normal,
d463ab7f6b36430c95ac38d6bf541f71,0,normal,
3332ca9b06b34987bdf7930a242823ba,0,normal,
fa37dbaa37ae405e9548bfdc06b33093,1,peeling_chain,synthetic_chain_69_hop7
78a7fbb0237d4b8a9cd67144414d0638,1,peeling_chain,synthetic_chain_69_hop8
c45421b391bc4e249040263c254f90c5,0,normal,
9865c668e0b04001ba48b553763119eb,0,normal,
a3cfa05044894f048e4444409537a936,1,profile_deviation,deviation_596
5ebdcf7a93154aab8f04a298eb3cc20f,0,normal,
bf40c1fba329415dbb2a3a7004771849,0,normal,
7de9fcc05a9a461794f5418754155be3,0,normal,
19462297729c44198e38d23b8166800a,0,normal,
a4926a0de23449478e29c3f25d79b492,0,normal,
949999a8371d4f36aeac982439d87fe0,0,normal,
0baca065cbc54676a0b028a989561967,0,normal,
750e0d2d740343a09fab0982ff6df9b3,0,normal,
7a7e9e2f07ec4c098652d1dc8e8983ca,0,normal,
6efc01c1923a4b86b8aa75a162861bcc,0,normal,
2bf8c2db12bb48698358bf70e31fbf5e,0,normal,
d389c44613f44cd0921582e9d8cf45be,0,normal,
328e78ba4e8b4c32baca4f38900c245f,0,normal,
0c84a61cce554a6dba8db5af72949196,0,normal,
ee15c357d21342babd534a68ded0a2da,0,normal,
4f38c95a3c83408aafb14dbd33de3b2c,0,normal,
c0843afa8cc94f2a939e0194bb06808e,0,normal,
d3dd9ce0e73f43e191a9cb68eae19139,0,normal,
7b5944820df14c38be934805cc5a7201,0,normal,
779471192699413a8300371903057caf,0,normal,
79fd00a946ef4d37bdbff76ede1ed629,0,normal,
b73f19b695b74b959da68b85a5610228,0,normal,
ddae1a504e034c1393526195a03f6e59,0,normal,
8fd01346b6ea44609e4b9c3104d78a42,0,normal,
520951a6f961415fb3df30669de29cf6,0,normal,
806aef6532604adcaf7d6d50bd555c48,0,normal,
31d5b435b82f49dca332eb9bab36ef70,0,normal,
41a45b2fd27e4290ba0feb2c5301f800,0,normal,
9e9b778942b14b3897295c65e5ebcd4a,0,normal,
24c46362789445eba164ae9100fdc851,0,normal,
ab2c056b415b480090b33ddf42d3f756,0,normal,
19c6fe9c97a642869a2a3441bef236c9,0,normal,
2efe14bf0c5748208720ce690cc8894c,0,normal,
230a31a1fa3f4e198ee73039cd383d32,0,normal,
40844b31540a44f79bbb08f90a5c4323,0,normal,
08d7b42257154a42ad96fcade243c0d5,0,normal,
0a03aac482cb40c4a79bf9712f4011d9,0,normal,
9d337ff62ca7464986eb50541c9216c2,0,normal,
4eeb1b77dad14ee9bf1e622641674a1d,1,profile_deviation,deviation_562
b7c0c2c1c14d4e51b2704fdd7498b9f8,0,normal,
53980e1840304476bb26dcfa10cd1f41,0,normal,
72f399c3c1ec497b9a180fe38aeb91b3,0,normal,
9d1d24383ace411a889f43dbeca775d7,0,normal,
88cf9544f64a45169763f87a8a29d16d,0,normal,
7446ffa5b90645e6966be445dc84efd4,0,normal,
0c490a76116b4c2d83bd52ca29bc43db,0,normal,
dea753b3ec9949bfb1a071c5373bb1c3,0,normal,
f77d5ae54a0249099f94f82a02507e4f,0,normal,
dd4e0ddc9019453b8ec288b8941225e6,0,normal,
6a6321f4f8ac4aad967275f992b7eae3,0,normal,
790d8076a4eb48d3a6bf75d51fb3ca06,0,normal,
e67cfb59813f43219a730a25e630c786,0,normal,
b8818f183011446fac231e4e40195af7,0,normal,
beed89cb5e53466f8a5b9681a0bd001c,0,normal,
25818401eb5b46f7b72e2b70c0696256,1,profile_deviation,deviation_704
9da7095b46ed414faee732c36e308230,0,normal,
0133498c56f04003bec7b3d7b3988afb,0,normal,
f309b875eb684b61b63a49cbb1612d24,0,normal,
211cee89f579438bbad30e23f6e03380,0,normal,
cc2e7019109240cb977a34aa4a9bce7a,0,normal,
8afd0ec32d28419db9893f40dc895560,0,normal,
ce07c5e5c5fc4f51a838fa2909c785be,0,normal,
050a7035cc474f72a0fbb7b76ba39a66,0,normal,
8d981c5acf5740e398ae0b1414c19d59,0,normal,
07c93d5b5bb04cc992f00dbc2a4c7ec5,0,normal,
f34063378bee411088ed8df6930c0cc7,0,normal,
60f09baaa178480b9fffa571e397f4ce,0,normal,
6578c760b724452e8f5e59c4fe7eb8a0,0,normal,
65aa8589367b4ad195382166106919f1,0,normal,
40a99869e94d444a86d0a38b02133575,0,normal,
421fd4233ea74550a9ad3a3612ac9a14,0,normal,
d67806b0cea24672b100edc51f69ce20,0,normal,
15f043a908eb44db8841c00515e6e107,0,normal,
ac0faa3e611c4d76b8639fe0f9e83df1,0,normal,
e866d6106ba445e7afd32736baa437dc,0,normal,
758218288cee4c4a83e49f98d96c555a,0,normal,
32ce3ec470b145baa9691c5e1b392050,0,normal,
f9cc9a1a23aa4bac8c1b7f63eaa00b20,0,normal,
81cc40a42c1645e2aa274d7cbeca1f5d,0,normal,
02e57be358974a939ea843c5d039c96a,0,normal,
ddc8bd21f2ee44d49d702138f71f9b22,0,normal,
8890beefefff434ea705a93d1afa544d,0,normal,
661376949b594f43b71d1853dcd2175a,0,normal,
128ee6e62a3e4b3eb60e377dcf957416,0,normal,
bff73367aebf4a899fc7891acab9678d,0,normal,
0b056b6866894846811873420be8d1b8,0,normal,
c87d5d215c7a4a4ba92fdd44c02718fa,0,normal,
e4e3b72bb2564e1bb64949171c955839,0,normal,
9afbc6a402364f678ee39f8fef20c85a,0,normal,
78ab11805ee9459cb1a603efbbcf5fd6,0,normal,
dfd73be7cd434562adec2076164c4d2a,0,normal,
80bd287f29b4433cb930c5d77494bac4,0,normal,
bf0ca428c3ad4a61a2627cf8d98801f8,0,normal,
83f05532701646b585e2a79d585cedad,0,normal,
a7603328e18b48f0bc4751186eeef586,0,normal,
19d77acbb69d47f09fad3a34e1f44721,0,normal,
0ce57dacc6ea4380836b6a6519070f9d,0,normal,
faa830f480c44ef9a40e4f395bbc6d02,0,normal,
b92d2520eb594858bf4c519cb4dbbde3,0,normal,
90520ae215d14d8ebe2cd5f75ec270c2,0,normal,
35335465ad3047e8a60900c4749f213f,0,normal,
46bbff50ad0e46f6bb65f36b86fdc3d4,0,normal,
dc857d08720240458c4347c7bba3ed2a,0,normal,
f6cdd580fcb642f1a0c2f4c5b593dd79,0,normal,
e34c53b24cdc41cbb45c45d96aec46ba,0,normal,
7bbf7c2598fe405491cfcc6123e02101,0,normal,
d9b679e3e7824bfe933059be2554b952,0,normal,
fef0926a565a4323905cd78a84fdce43,0,normal,
1c8d9b3aec394b4191ea4f3f903e9ea2,0,normal,
f052ca2477d944f48df6fa01540fd089,0,normal,
8ecf11c0dd274315a25344db4bbc6ff3,0,normal,
a1c43a748bbb4f7fb445bc12b261041b,0,normal,
7485953a9d1d494d8f5defe624664b94,0,normal,
e493a89e2a8a42fcb9ed3242b5fe7d3b,0,normal,
e3438d72c57548d183bcd9c11f54eb39,0,normal,
38bd6a06c09e42aabed1c4af8480460c,0,normal,
5ab7b8eb1e8a4a268bc0fa75cbf7ec78,0,normal,
a7e00cacdb6e4526a5d9274a1dc213ab,0,normal,
ec632df2f20c470c8e16676fe0c9b0c0,0,normal,
56a2b4bef42344feac9f486562fc5ad5,0,normal,
56e9ce6694b24ae1b6fb79b311f4ae0a,0,normal,
15a8209234444873b3d18d1746ddc27c,0,normal,
7e6410e86d4f44dd904036cc6cd2ecc3,0,normal,
9ddd5457c8784a5db68f4ecc3f86e099,0,normal,
643dbd648a794f6ab2de8a0693056feb,0,normal,
68f852b58d7d4a59b00837307e475fc6,0,normal,
3c38b5461ab241a698585e9443f08549,0,normal,
5021d70267da4f16bcfe2297df567f75,0,normal,
2c121b9ae7c24006839d59cb8c560bf4,0,normal,
8f83d9c482534eac80321ff54fde9429,0,normal,
255b231dd75e4691ae0add472099bf1c,0,normal,
903b4546ed89438eb10f9d227f31ba94,0,normal,
4bfaa54968154c87ba27a08627addaa9,0,normal,
0aebe44ff816428588507925283aea70,0,normal,
61f32d18ebb44f27a704bd2f44f96369,0,normal,
66aaf646dc67434daa937fdd414e1173,0,normal,
98c26f96af4a4badbc7a1ceea74c71f5,0,normal,
095998e0b9e54f56a40d19608cd9e35e,0,normal,
9dfd36e5d4b348ef9771aae681005306,0,normal,
8cc8d18720b54dc8ac8a593c59a5db73,0,normal,
c8f0923a5c2148359b629947f1b5455a,0,normal,
b17328d524ca4d1e8ae8dc43ae35e393,0,normal,
a5bf2bc1bbc9470ab5fe5e37e32242f9,0,normal,
9436c0e84fd0443ea556e4174df0c23c,0,normal,
7cc31f3a31cd460dad48e5a86a475124,0,normal,
9939ad50d2684ee4a2538b0ca2aa1e70,0,normal,
0629655b51af4694a6043ed959da2382,0,normal,
44290203dfb3449ea541f278ec2e06f7,0,normal,
2f513757d5da40419174110d98519105,0,normal,
1e0d932717364d7493f039de8f20fc35,0,normal,
9fe51e4d1c324cfaaf3a66540d3529cf,0,normal,
f3530c10f93847d88ad880e6d9a3e165,0,normal,
f090567072ba4711874215fab1d7c926,0,normal,
d0f94edc67b4430d954c133e1b0ffffd,0,normal,
ce3fcaaf6ffc424d995148d71567209c,0,normal,
5b4a986b324b41febf717428eedb1321,0,normal,
8cd961624c0348c7a7375b70aa0bda2b,0,normal,
534a1a5369a34c42aa60256ea4d434ad,0,normal,
69d7651b64314900a54843e89a2cc032,0,normal,
e0dddbd9f19343698050fcfbaaf26a13,0,normal,
b7a2d42b3e674aa4a16795ac9dd42177,0,normal,
907add6d1d9645089665229c5623e7c7,0,normal,
ced018909f6e41ebb9c0910fea69f7ec,0,normal,
4591b30434fb421f9a943628ed11b3c0,0,normal,
b39a4c40707f4bf9bfcac145ef114f3d,0,normal,
a5154a9e5d474f41a846438ec13301bc,0,normal,
b3457842aa694924831ac3c0e66d972e,0,normal,
eeecf98d637445e18a6249922b4c5bf1,0,normal,
2c141b9a36934ea6b7de5b1d6aedbe75,0,normal,
ccae30f905414e14b2b46bbb6c9b9220,0,normal,
14831d75c71f4488822e52bca55fb3ac,0,normal,
8368d733ca26404f8fae28d117c70045,0,normal,
493d2eb9b04348bd88c3bfe0d9dc9809,0,normal,
82656bfcbec84059b279702ed3ad123d,0,normal,
f302f331c97848e2a27dbf7da872dcdb,0,normal,
ea98bc2cd89a4d149ac4fe1cbdea3c91,0,normal,
fcc4d72a454d413997a8caba5d0bc675,0,normal,
d51c31da865543aca5842c1551746354,0,normal,
4fa0219f4df84581a8dd3f0227dac801,0,normal,
f6dd444fb5904a8a99af208693cfb64a,0,normal,
6cd07d523e754184b6cc99662748081a,0,normal,
63c8abd5ac95492b961d5adac4412ede,0,normal,
2fbd505b69d5472e88fd1e6be1f3af71,0,normal,
3dc1fa89b060407e9fca41112fb8b502,0,normal,
38e4e67cf3d148adbc35b889bd8693af,0,normal,
7781a486e38f45509ac1efac9e4d3ab0,0,normal,
b1b02593588449dd998b657c3a5ffd42,0,normal,
33bf9e24ee9d485c983775bdcd0a45ae,0,normal,
4ca664c9a9274478bdae8da11362cbae,0,normal,
e1ed95498f0944dc8e27848daf99c80b,0,normal,
37f6e450ab4c4e3688cb42279d10515c,0,normal,
ea34ecab8eca4c9998380fa3e42e2527,0,normal,
36b7d244e2cb4d2bbeff8ad8da3b6d72,0,normal,
e5363bc364144f7aa20c0c89a1e3e4f1,0,normal,
21ee27cc0ced46ea9b92e6a2bc6092b0,0,normal,
972cb921f0434ca28a518cf4b86fbd2c,0,normal,
13d0078ad5b04660a7c4ae29a718d0a4,0,normal,
0f15faa7b78b4ef69372894a9d254732,0,normal,
0b4ddef4ff3542b480596040b818232e,0,normal,
b282d4f3d2be42d28b0f7723a92923e9,0,normal,
acc5e2231a054c50be7d175616c078f5,0,normal,
eeaf05e7d5db43528665a49cf56bc5e4,0,normal,
7ecdbd046280496193be134e8c78d241,0,normal,
b4d082c2392c4416a6cadcb7bebb681c,0,normal,
a51b4585c463449ab3e6d5ea54c45719,0,normal,
8c66199a2cd8486194a9e30a3bf3acb3,0,normal,
71fe94a43da5425cbf94cba5946855b4,0,normal,
36b199c56ddd48b0b2c63f38b567d749,0,normal,
d1ec9213130148fcb2c1889175ca7e7b,0,normal,
7baa7296d11a4cfaa056eed10ae668a7,0,normal,
bc97717f505f4f5b9819964f12edc9ed,0,normal,
d6b8ce3be6534e1ba34701d1e5c9a6b4,0,normal,
d5e131ff739c48988895c809388a9f72,0,normal,
5aa572274ed647e986fdee5a89a6d513,0,normal,
68f167f5b3ca49d8a4cb7f973384610f,0,normal,
162dce701c9c41d0b0570665087cf46a,0,normal,
c24721dcfafd4abdb1cd8abbbbc04f8e,0,normal,
15fb9270903945aa8ff0fa13aadf972f,0,normal,
421e9f91513d437893fac9a14b45641f,0,normal,
521e3d1646644251abcbd8de042c5008,0,normal,
057c598b17d7492b806e3853ad6e0978,0,normal,
ad10d5eac4b7405e81b5fc575927efc7,0,normal,
9de0dcf1ff7541f4baa696e5d4a153db,0,normal,
7a056c6052cb41c395fa12ef1c662d2f,0,normal,
357954a1c7d648109f7e1fe29fe0b4dd,0,normal,
6592684953f24580a9c930e69e788e4e,0,normal,
bfe1b654517b4b04b7c2ca934a2e9d6c,0,normal,
dd965d5777244d53aa8185ea8289cc2d,0,normal,
ed45136ee2b3455093d9c6ccb73e71ad,0,normal,
49ed14b8560040b0b3bdb39b51d0d2ab,0,normal,
e02f103b01a64c81b41e671af2872a1b,0,normal,
4d58435ea2e04b9d9c3c74b5eddfe44b,0,normal,
ba307a8b45844d0db9141f4b7545afd3,0,normal,
09f6e296b290485baa62db0b58b55d26,0,normal,
9f1bb3c52a6b49a9904d0054433c3f68,0,normal,
4a10cefd6a854d35a7b7d0664e633b4f,0,normal,
ba6e4df7e3344f9eb879a0f32dc7bf3d,0,normal,
18bf292035d54335803688275b1168d0,0,normal,
6ef653e904bc4ead820b5955fd709bb7,0,normal,
62467119c2894b529ae596256676e3a2,0,normal,
ff8e38d85ab0419fbdfafc501115fa07,0,normal,
5f4ca4af342c45219ceb5dfd9a4c1fd1,0,normal,
aafe6564e7944d37ae82bf04661b2cc0,0,normal,
5ed4f40582444d69b4e9e5fd9ae4a36c,1,profile_deviation,deviation_398
c42d8c570bc34eef9e546eb9df74a47c,0,normal,
7d69db6752b2454183231a3a5f5701f1,0,normal,
5fccfce7b80840e2903336150134f96e,0,normal,
f020f654b4284db8877da6ebd197b2cf,0,normal,
0fdf29fec29d42cb8d6fc244aa62e725,0,normal,
c3f1ac3d451d48b4b6e6be76499d960c,0,normal,
07fdfb9198604113a97673c9ad4861ab,0,normal,
80241b41c19141a9b10341547786ec1f,0,normal,
9ae46e1901e1438296481ebe9059181e,0,normal,
6fd1bac8d7914d8889332f6d13df142e,0,normal,
b6a47bd4a4744f9baff2f364f771f514,0,normal,
609e89460f1649b099d1e37b030d8fb9,0,normal,
bc001db90b044edfba17fa37e5f7a95e,0,normal,
b38e41f9f4d94446a37e37fa43dbbb65,0,normal,
6258046365154cb98d1337a9a79be564,0,normal,
0223368dcaaf4c5a9d7cd4a2f7417553,0,normal,
35958fb704d347228539bea8e00b5e7a,0,normal,
10f61fd2f1a049c5aed93a9a2014d58e,0,normal,
93136082bfdc46d7a4565cfeab5c65e2,0,normal,
6b81dc0224524776aa6e2b1800084d56,0,normal,
df212904c6f840fe986dd2f8c2bb6eac,0,normal,
5d751a7ee3aa44e78216e131d36efbe5,0,normal,
7990ddc8cd394d83b5bad44ff1aa13f8,0,normal,
59bf4f9f487848fb8f82d382cbb34352,0,normal,
22e7331fd150427ca41acd66aeffc8c8,0,normal,
f7b051b1cc7640f499b7d249ef4e7d12,0,normal,
6d581e0f56b9452697ea69fadaaa750e,0,normal,
05968f3f9ae748a8a49e992c24f026e1,0,normal,
692127d20f7c4541a29487f03f3b96a9,0,normal,
ff6f9ebc2360489185385d642ccc6beb,0,normal,
5896ac326dcb4ee58e7fe6660ea7ec89,0,normal,
8e21cc16a2214a118af5064a0f2e79cb,0,normal,
2f3679eeeabd46e7826298a46905da90,0,normal,
34e9089cc5074ed99e6ecdc0a6e63556,1,profile_deviation,deviation_141
b63e673824754ed7a5ab2a56ba2aeb85,0,normal,
862b0e6891af485e9533634b9f45efcb,0,normal,
ed33b3a3266e416c80cdf735a007aceb,0,normal,
c72c29df4137415399ca4a6d3542fc0e,0,normal,
1f2c948801f34dbfb7e32ffd01f507d2,0,normal,
f4638aaf7b6d47e69ef1b93b772c92cb,0,normal,
4d9110a5b67142d095b33f139de65789,0,normal,
c89687502fbf473a9e6c0d6bdcb2e2da,0,normal,
cfa91ce28d7a4e5dbf38dcbbf3cc47b1,0,normal,
c858473c330b4e72ab1c794a002227e5,0,normal,
7a089352c7bf43cf97d25b48623c97ba,0,normal,
700f6e242d57495f84e4f1df81886c2b,0,normal,
4694aa658b74430599c7a5955e25e909,0,normal,
b1951f7d1b07427db7a90cd6b3ea4379,0,normal,
625b08093ea34f93a928c489500c2ce1,0,normal,
b89f041aff824554b0280b232fd4eb8c,0,normal,
c5458bc9e1224b18b8c439cfd4d3172d,0,normal,
fdf33dcc51c744dab3399964fd704618,0,normal,
8f7b75764137490cbf52d2351aac1ec2,0,normal,
667bf2064d244c33ad5b336577a80776,0,normal,
906a29752b154c26be555210b3b09212,0,normal,
f23c599185ae4dcc943c1becc262cb00,0,normal,
08117eb4a03948aca1962bd0eb93ab93,0,normal,
8e9d61db937c4bc9a0872ae02e999143,0,normal,
d436f4840b6e4b0aaec2488bf7481866,0,normal,
e8c848bbf6e74970adbdeec2892d77a0,0,normal,
a9c020274909475a989dd1db328c6252,0,normal,
4a1d5b6fa2814610b2208c4e28c67495,0,normal,
3d8309c28f4842a289c54f09b2f8b171,0,normal,
a18e03fe0c294f2082dbc0f4e258e4b1,0,normal,
8366532da5344bf387bc6628feec933b,0,normal,
a92d518812ef46f0aa892e59bb687377,0,normal,
5c996f94953945e3968bbb548a72a08c,0,normal,
52bba0ff011e4c208971fcaf4c12e02a,0,normal,
2a27467746c74d1382f20796bba0ce90,0,normal,
cf2e9e28294b4b47907ae5b116e6f470,0,normal,
09f4482b42994c9f9806160c187523a1,0,normal,
c23bd975d4fb4d029fd496c5b4abbc2c,0,normal,
7768f4c343d342938f17c1f5f3c8922e,0,normal,
4d45b342425242e3822152998b6b1206,0,normal,
6d298f55f0da4f52aa5412d6d9f6fc8d,0,normal,
646ca598d0784a1489d564a31ae0c270,0,normal,
ef90016d4f634c68837894366ac9907d,0,normal,
f5e64d020cd24aab9a1b4c09974ef743,0,normal,
a07db4aefd86485e8985fcdbaaa47ff2,0,normal,
7a0a4c52abd746468298a8b3c5370e2e,0,normal,
162e4abe8ab64bb1818efe258e796787,0,normal,
1a70af59c83c4797b10c921c741771dc,0,normal,
5a2c29bee66a47b0bfbed6c82ae4fdf2,0,normal,
884aa0a4afcb494ebd9f9bfeae77ed81,0,normal,
4cc5bba7a10542078f0233a403c427cc,0,normal,
c1802b4a52f146e5a30313c1e7649970,0,normal,
79335df63ed24778896f346679b9e8a6,0,normal,
b6516010cc9a4c008e1625d0561102f6,0,normal,
87a17d3a96634267b2c2a37ebc1ec540,0,normal,
ef06d10f592847b9b3f870f3c453907f,0,normal,
bc0c06b7534b4426b155a777b0529036,0,normal,
8bbd3ba6725a414185c9fb576e9b94dd,0,normal,
32b9ad19c90f4f3eba9a6e90f68f41fb,0,normal,
b2d435b0e3b34aa8a151f8cd480399fc,0,normal,
fd2d36b899384817bb33796eb8b51db6,0,normal,
48c335289b044950aed946ff23cabfb9,0,normal,
d99257b9b3f44cf492689cf11940aadc,0,normal,
2c6caba1726a472cb42870a7becf1192,0,normal,
25c095add5be4893a1c347b2e0df8747,0,normal,
bf826958c2644e7a837e58e4edbf1d86,0,normal,
d266e3fe724f47e994bc13e001b29675,0,normal,
eabba9f58e954e8db6a986b4023fee59,0,normal,
45dbdc1d5632405580308c2745c391fb,0,normal,
c4c6eb8a917c440b8d7483d3dd822f30,0,normal,
a3e3854d297041df8864de1b57bf03e2,0,normal,
011187858569445481dfe715e1161675,0,normal,
5f8640cda7ba4fffa73a6b3876da75cf,0,normal,
3642d5674e674b07a684a59fe5d1ed09,0,normal,
e788b02690554436a74122b59608d6d7,0,normal,
d89e5880ff764c828e3f5c5097715cc1,0,normal,
9462f7a8937241de9f8adad4b1fe08b0,0,normal,
3ff8b928e7f244b5bb2969c7e1eb697d,0,normal,
4f9cebcf9d324b48b942103115272837,0,normal,
69577a6522464d4a9ae9d5d8014da8f9,0,normal,
77a7cad19bc84e6da003cb8f91728980,0,normal,
ba0dc32433264b0e8d8b38ca4906817d,0,normal,
cd3ee4c54738419398843e3d29e881ce,0,normal,
c4c6e30e3fb64aac96ae0b69de0fda1e,0,normal,
94b025e556a241e2aeab32109443d82f,0,normal,
024f14d2c4b2415ca809a88c35475ba3,0,normal,
ac8c454320aa4deaadab1dfda7d87444,0,normal,
0f70541f982e4f15ad9eb69c45f11fc6,0,normal,
90f27d677ae94642b0e5825ba02c1300,0,normal,
3cc19e1ed4f7496b992de7599418c820,0,normal,
dd0b8d9bc48a4112b54d8650bd52c944,0,normal,
a21569147c884d85ae33bfa0ea72c2d8,0,normal,
a7128e9843f4425a94854895b9619bca,0,normal,
215b84a4926345269dbc61dd7990d9d2,0,normal,
463ef15c3a2244818de5c1ff536810a1,1,profile_deviation,deviation_461
2b7419b3110c4a7b9f466fae4e215b25,0,normal,
47ee7b28435741cfbc0af8f78ef9cf86,0,normal,
66ad7c4e66e54da9a7f742c2ba10760f,0,normal,
14d7a79f5318469cab11d6d1f8121dd6,0,normal,
284c647411c745e4af318667f76e5ae5,0,normal,
efec6ca658bb4cea960c23be2a958317,0,normal,
11832c39e3d3436a983dbdf11fc1933d,0,normal,
6562327bc87846d38c4498d31d613e60,0,normal,
5c7a178480654e5984a023f8416d80fc,0,normal,
dbf26e7382024b80a34f291055a85247,0,normal,
605ed22b89574c0193f28084b262a8bc,0,normal,
eec6dfa80265462c96a743116c745766,0,normal,
a642880d52274d44b9b979e459c1080f,0,normal,
8ed7435792e5444d880d5f2451fc48aa,0,normal,
da8d6a2400514975bf98d9ee64cbce3f,0,normal,
a754c89d65b644fe9cbf1eee59234084,0,normal,
2760ff83c3244cc2a6935a7f883af256,0,normal,
5840a44120504fe499ec6243dd6771ee,0,normal,
326b81cf6f9a4e99b74a05460ff1ecb1,0,normal,
fd3bdaf2d50e4e5f873123520a99c2c0,0,normal,
989124a987c54c8d9cba3dbbf613fb49,0,normal,
c7151dee5076483289c37ed7c87c98d0,0,normal,
b99239d9665a4aa7b6896ea044a87d2d,0,normal,
dc2346fccc87413a90e01a3ec060fb42,0,normal,
7adef623cd1546448bd93361d5b594b8,0,normal,
7fea4b0aa4e54d68885282cf8a467808,0,normal,
1091dff2190e45ccb0bddd943293e5a5,0,normal,
ebae09bbcb274744b41d433a467d9273,0,normal,
8c82819f934a4f36a1fbdd35fbdb00e9,0,normal,
c6456f4056e04d8cb843e74eabddd170,0,normal,
b15c9ff792ac40089a7fda2bd92964d5,0,normal,
87935c4643334dc0be892533b39c818d,0,normal,
f217b14eb62b4ee58f3757acac36eb31,0,normal,
e2f643c6f4e748e59d7c773e52f65b46,0,normal,
f83d79be6d4149528b3bea1c2482477b,0,normal,
a68d4c3e1c5640aaaa2caa08af2d4635,0,normal,
535506a818ec42d3a9e87051f888aa40,0,normal,
33d3cbafa53c43d1876c153981db7098,0,normal,
87660dbc54d847b294b9f4e92092a59e,0,normal,
e1ef7969c7874cbca2ee477bf46aadf1,0,normal,
e432ab303dc54fff99214c776a1ebdbf,0,normal,
c645c1dd67b342f0bb711ffe27c28123,0,normal,
67f17597129b45289352cf65eb498dea,0,normal,
aeafb3102b2d4c3bbd13cddcba0d3118,0,normal,
0cbe8c420e2145b0bf8b06251c5edf02,0,normal,
4f43bcc746ef46ed841d63337946baca,0,normal,
ea1e56cbd0f44d3e929d9ed7fd13b076,0,normal,
fc0b47fff7b14eedac7c4f8d3c3e0a12,0,normal,
57363d737b404f99851d3dab944c2f56,0,normal,
48edaee2acd64c86a8d58812e0499104,0,normal,
94fa5ea0c5a04e0cabe56aec4ccc9933,0,normal,
3b08741481a544f2b31c09b59a97357a,0,normal,
fad0b7f3c9594638832f56359f0cf849,0,normal,
cef3ae8897d7460d81268e35481ec483,0,normal,
2e71ab4b0c7c431e883cf59e9f24edbc,0,normal,
3f699ff3e28e4948a8d11884efdef7ef,0,normal,
7d329586b86e49a399ad8975b1167855,0,normal,
061cfe5a713f4103a6772545e49ff81f,0,normal,
49a71e0ba96c4acfad6b18e70b649786,0,normal,
c5c2c4cd7492448c9d133a104dcc596e,0,normal,
51295ba993f549f0b5a6e02b2bdf5e23,0,normal,
7f205bf4671149f190da5d8670ebfe6c,0,normal,
0dfd372c81e54844a5aeb8b25b4d0acd,0,normal,
1d570c8e8c9b44c889b181fd58b2e2e4,0,normal,
65be8afa2b2d4fc7b534f7e9f7aa2100,0,normal,
9c33f2fcc07a4cce8ac9d1233394e03e,0,normal,
12afa7f45d1e4811860a3a202eff6110,0,normal,
ce62f6a42c894a0c8c7a266629b7e691,0,normal,
ddc4913d9ec543cfb17734f71e58ea54,0,normal,
f181f6a5bb5f4575bd7055ee4b0244b8,0,normal,
a5361ab794464fb29b5da5b6b5a3d0a2,0,normal,
e9a12afdd5984cb182c3d76a4f23147d,0,normal,
2ba36ea367d64d808921c8918c427cea,0,normal,
b743d95a17c24776b73ccf2e417e7ccf,0,normal,
ff677a66906a472890a07f738d5a8b79,0,normal,
088efe76c1f14b08b62effc4ebd64d5b,0,normal,
2cb1625a437b4724a6e735ce1f4cfbfc,0,normal,
c73acdb260e74453a806b72647916cf3,0,normal,
8e277d97b528434194e1ff8b6b93dd55,1,profile_deviation,deviation_674
adf9b6c88eee4dd287bf65d29aca5d55,0,normal,
249f4932fb724118a4ce74483de29ee3,0,normal,
592fae351082435ca93d95c282f04fc9,0,normal,
935dc5de4cec4b15a86d27cc4b442739,0,normal,
bb7579de659c4c1d83fdebaea2b94389,0,normal,
e03c2907e24a4d96ae8af8fe6a24535e,0,normal,
79d7622513b04f5b9db755ba62022150,0,normal,
43b946c373dc4e52a7d1297948a3d4f3,0,normal,
2a3bb2b997334b7faf395d04830a25cf,0,normal,
94e71c9e83734ac3b2857c49ad2e363a,0,normal,
5a5cad6a1c634fe7ae7d4732c943fe7e,0,normal,
91ad3d90a39944ad8a248539b5122a3d,0,normal,
62f341206de9485cba294966dff711aa,0,normal,
9e00d6b44d65474186691f282a3f074c,0,normal,
d1b0569ba3a249f18546e0a75e2ab802,0,normal,
4c23901002c74ed5b0b7de2241df3365,0,normal,
fd9d4571acca4431a9677d1d010d5ec8,0,normal,
e89b6c313d16453cac961b8f90d0186f,0,normal,
cd486eaddbd74311a6efcd6f9da17ce7,0,normal,
b74295f3a790460fbdce874c7334f701,0,normal,
499986b514364dd8a637042aa797ed60,0,normal,
ec3a0f2af89643b79fb5276211902dcd,0,normal,
25973246c42b4676886735467f009244,0,normal,
772f1e06647d463db2a1819fef86ec66,0,normal,
4eb938e5edcd41a2a3c0c0aa8bd59390,0,normal,
a92c3921d2a74409a08790afef14b4be,0,normal,
7a74ce56f3824342bf81de0355fae42a,0,normal,
7f3a2de1493240ad8d77958ecdc40f8d,0,normal,
c24b4884f85048659b2e43ea35efeed7,0,normal,
e0c92819c439415ba13754ecb02320e3,0,normal,
a7bafa8b9b8343919806b2bcde2c6fc6,0,normal,
e6283c89d1e145bfadc1ef2f5e1ee48b,0,normal,
181b45a816564d66a7da4a1b4c3bf223,0,normal,
528b440b09274470bceeb43ae72b0858,0,normal,
3ed9117e8eca462a8d1a6001c7ec3e67,0,normal,
309d8ac640424b54b20aadaca48b6d9b,0,normal,
441819c6d4fc44639575ce4d3ddf9bc1,0,normal,
c6024500d0fc4523a9fd619d45756baf,0,normal,
7f7c6a0c5a4e4e9f995d750552d49c4f,0,normal,
469edf4a15b8438d937ee005a5202686,0,normal,
aa6e0f8a565c4f00b85d34365eac8a1c,0,normal,
4f1d020bedfd43be8493701344c5d643,0,normal,
09913acfd7fa4a3b996df1eb4d74e8f4,0,normal,
dbf6a67a3e264d9389a379716681d218,0,normal,
47c5adfa29ca4065aacdeb82ad70ae05,0,normal,
395b55a442034cfd8f8bec19f5521e3d,0,normal,
ce165680b6ff496ba04a2d6dee78d7d8,0,normal,
7ad499c0fc364c6a90ac5e7c86c8e8a8,0,normal,
a5f39a3985654fa8a03298cdaba9798d,0,normal,
c902170fb15743e7a41a4699f7da4c4a,0,normal,
b4d491e44e244771a1b2a53f52613c60,0,normal,
b708d5f5dbd44444b2a402a96204311f,0,normal,
aaae78241ad545e39140dbcf4ddc529b,0,normal,
8948585275c345a29222980b07c1d386,0,normal,
0b9ad5eaf951429c992f99f7970f5977,0,normal,
c92fbcfec47841178ab0f143b0965bcf,0,normal,
b3127b3c84674d4d845d7473aa02f002,0,normal,
17228372a4a547ba9aa81bb319ccd3a8,0,normal,
58592a8904fb443c8a515c886c4f11aa,0,normal,
1c0ae3739e594b1db2eebb023c5f0c30,0,normal,
1b504531aa6c4bb29316036a970e71b3,0,normal,
cc658257322c4cb4b0d41f110a66d775,0,normal,
dbfad6a6cdc845ab8b8be6ebd700b6d4,0,normal,
d19b18aaedd44a79af1dd773f54c18fa,0,normal,
ed59cd83998147c293b3ceb5fa93d68d,0,normal,
046ab9fb51cb42b489a69992028d0795,0,normal,
697898b3d5594bcaa2aa2676f82a8407,0,normal,
5aafdce5524c4e48b1d601efa6a25ea9,0,normal,
13183422a2c1491b82226e5274acf84c,0,normal,
170374aa65224d54bbac2039612363ed,0,normal,
b975628474f24a3fb34d421601b0e178,0,normal,
c54806c42831418e8b782abbd2d332a7,0,normal,
1c79ceccd5bb4051b261666c8d8a934c,0,normal,
ff99796d60dc4172911df08509628a7f,0,normal,
4c953dc7012944de89ba58765572b5ab,0,normal,
851810076fd1468eb490f0b2cf4253da,0,normal,
fe96cd0e866749d9adbd599f7d97c192,0,normal,
d7e457d506f64616b145a66d0aa25f54,0,normal,
2cdd03a2db994aca90ebb64ac7bf93c5,0,normal,
d659e2300c07413daa568cacb9f810ce,0,normal,
7681193266e642fe9623bb057f83ff00,0,normal,
208865628ef94f7fa537c3e679b3f4fa,0,normal,
9f31fd4f28384db896496136cdfdaa13,0,normal,
96119aa0b3e34932b25a7d5c4114bcc2,0,normal,
cb9c8e14316a4b9d929a013f83047308,0,normal,
eb014d259bd845bc8c1473ec7ff01ed6,0,normal,
026a097c5a024ccc9e8d04b883806e1a,0,normal,
f2020666dff44c2297a73b92d9053279,0,normal,
c998864cd33a42a998e87e4484d4a79c,0,normal,
31671d296e5e474c90aa2886f5b36bc8,0,normal,
607b972525774efdb566220cffd1fc77,0,normal,
fc9d4143cefd4ed88c65ca879cfbd471,0,normal,
d47ce6b5134e41009a79f9e296ec8f22,0,normal,
dca2964e4bf544e3bb08151b5c1a631d,0,normal,
2e97f81fe2b64d8c82f5cd7fff5330df,0,normal,
b509bc36205e4bea8c6e2b452b24b041,0,normal,
d7768c06e0914756bfc308a4e0c77606,0,normal,
2d2d2892ade9403caf66ed8bb9b0b03a,0,normal,
e4261253154747b18964527135c7382d,0,normal,
c1aabc4efe374b868ccb38d88464908f,0,normal,
e6ca2dabc65c4b468ea651085a325320,0,normal,
75953044330148c9b0adb8e8b7d75c30,0,normal,
c907fa67428a411db8a92e4b88f6e3d0,0,normal,
96619a8c95334ff38eabbe805f73118a,0,normal,
a342d94f29d14bb4b7504ce6d7f63747,0,normal,
092113d758f34893956a14bda194ff89,0,normal,
9df48839f109442cb2fa38c1c68a31c4,0,normal,
543116449a7143b29486f590f5b8680b,0,normal,
0ceb72c29dde4c1ba2d7fac25f1fe16b,0,normal,
dd9fcfde9e5347afab740bace0a73520,0,normal,
54ae753121e443a4a1ef3c8dcdbfd208,0,normal,
065026afc88549a48598c18f38921341,0,normal,
5c66d968719e4e24a61f59af254a98b2,0,normal,
ab4a0a2595b5440b92ac9f156bdde927,0,normal,
a751b187f5f64100a0bc69761b072cd6,0,normal,
69b75e94789546b0962ccb85b6bf25cd,0,normal,
0eede920a44f40169a127ad86f345093,0,normal,
21157d90dc7f41d49199b4514b24fddb,0,normal,
4da1fdf573b64b749045c63f230930b2,0,normal,
86b92d1f3c724f328406385f8b2868f3,0,normal,
dd9827095d5b4388a9028facfd6057e1,0,normal,
fe7eda298c584a0fa543bc2bc5bec5ea,0,normal,
ad457ca83e8c4a078f67ff4d1a75fc52,0,normal,
9e25fd7da91d49be8f2c2c154a566cee,0,normal,
51d9f2948aed4e75be365b66b221e502,0,normal,
f5dd0ef11398494a9be064939df93673,0,normal,
56e8cd5e4f5f49659ed3ad57f90477e3,0,normal,
a39b4595a21c4dcb81d8939608e2091c,0,normal,
46e87e57b1ab486c8e83cc0ba70f9e10,0,normal,
84b61ba90bed4a168c188481ded13633,0,normal,
ce71a3c8c6c740a3b8b78e397ee9f8c8,0,normal,
6dd41f49ebd14abaad46713b4cf1bf9e,0,normal,
888c7ac758394a2c86993820d177c0c0,0,normal,
03e6beb75f914290a1af815de88a1ba4,0,normal,
c4af0f39dc91493fbc45abaf9d0984eb,0,normal,
17e80964a5244b8fa420cedc7510d988,0,normal,
7148a718bf8d4c3e8e8d55a75a2768d6,0,normal,
e277a1885efa4b81a793ee42025a6983,0,normal,
1bc3342124a94d60a939ec946ac8673a,0,normal,
e2ff409792714d8895dbe1b64ed0d1e9,0,normal,
3747e01e69e64d349fc68b6a4d9aa2a6,0,normal,
859a1d05a2904ccabd615a1df24ef9fc,0,normal,
3485afd993644a69a9595cfbae8a63c4,0,normal,
e4c35b6c860147258106b6289489fb73,0,normal,
a9ab5b9b24e94f508d2028a03c44b6e1,0,normal,
8501ab8333ad4466bebcf424009bc77a,0,normal,
94b13ba4c762409d8942e36e64f99134,0,normal,
1188492df8fb411dbba51e9acf1f7999,0,normal,
1bd9e7e485f4455e9dfc1f4e8480ac98,0,normal,
86c5b247ce2d4d4a986c22ea05d2ffa3,0,normal,
29f54e8cce374e2581090e9aec721c9b,0,normal,
c5f4e286c1244dd08c95fa93b0584b23,0,normal,
bcc80d9a7d434bd2a1eb9ea5fb3af09e,0,normal,
ce4d406b70c34450b18cbfda17e110f9,0,normal,
b513d24bdc284e1ab9118a6eeca8166c,0,normal,
fbd7e4c8b5b64a73850e4a97c01a88e9,0,normal,
f4ecc3198c5d4a568f5fd7934b6d4345,0,normal,
ae0a10ff1c5349c08d892bf531f21910,0,normal,
f34accc870a04d33a0d4141085f2f5c6,0,normal,
aff562e3220441ef9964ef100a5dc2ec,0,normal,
e037a92376874706919ca2f06db7efb2,0,normal,
fff3cbda69994440911c14aec1506a52,0,normal,
50375a4dcc0d4d14ac9704ffe4fcb43d,0,normal,
44371eb094864d01ab54ec3ef7c8564b,0,normal,
2da4f4e116c9472fb6a1365f66afecda,0,normal,
84170d6649fd436f996aa76f2048c4c4,0,normal,
a9f645dc29c1450d8e9b3017c0c8541a,0,normal,
0da8c0fa104a4b9ab10f755e2eed2d40,0,normal,
c340db9b263d438cac452047a7467ce9,0,normal,
657bb83a169043eda8853567c5b7c777,0,normal,
e0f839cc1e684ffa911c745c0be6cdf4,0,normal,
8a91bdb2b2a942a6b66aba6eac8a25af,0,normal,
5061c68f654e4276b7c97749dea00f3b,0,normal,
afd7eba7db6e44b7a71b208adf0abbe5,0,normal,
0a82ef432313455280930997c0376176,0,normal,
e2fc333df5ce4901ab08b88d6971c843,0,normal,
9a7dc78a9da04321bc6d4af8fd3ca611,0,normal,
4e1a062b9cd947879032a0509dc7d4fc,0,normal,
91a57a317cc64b9d87334860efff5491,0,normal,
5cdc6b6294d0494791bcfb50ad31f6ce,0,normal,
341d6f51e1974a09b1ce153767a1ab0b,0,normal,
5ddad0515deb4d9f9e560b5799fdd9b4,0,normal,
e996c999ab134f6aa64a31fe43d5c54c,0,normal,
13a85b4dffcf4116b1b14e56a4247158,0,normal,
3f8e59ce42a34c16a0320901b7abfce5,0,normal,
cf53855cfcc64d30a1ef23b70937bc44,0,normal,
b3d974d5d282446d8414822287032794,0,normal,
811caf4176344ce095cb6670680276db,0,normal,
f19f128d74194c0c85289f60d85c5255,0,normal,
a6fe6085689f46d089544f2c60f92c5f,0,normal,
d060b4d72e0f4951bc32ff7d70355fb1,0,normal,
49bfaee52330491d9a9d1aeb9a04a87c,0,normal,
3677f783eb974df5ac1e09de66dab183,1,profile_deviation,deviation_632
0bc7e854602c49e7a6d5536086b7bc23,1,fan_out_mixer,mixer_380_fanin
87524e4f8d514b1e8de89b255138eef7,1,fan_out_mixer,mixer_380_fanout0
8d15f24a3738414680c1ba6d6097ca2a,0,normal,
bdae22c0cffe41cf8b362eb809aa59b8,1,fan_out_mixer,mixer_380_fanout1
a97bef6d4d58470cbe47c1ad2aa52601,0,normal,
42d4263790e64b31be80ec356f75a2e3,0,normal,
fc86adb001be4ec992654d5eab48928e,1,fan_out_mixer,mixer_380_fanout2
6fd9a34ccb444ab989279d8a7a63c946,1,fan_out_mixer,mixer_380_fanout3
a09d8bdff18340c79f42992a1e4f51ea,1,fan_out_mixer,mixer_380_fanout4
d094f9bbb5f042f0854c9c891275a4a1,1,fan_out_mixer,mixer_380_fanout5
1b0b6a06561b4f4a8655a5253ed65782,1,fan_out_mixer,mixer_380_fanout6
187481d68f49400890ce27cd041f349b,1,fan_out_mixer,mixer_380_fanout7
04d209afc01d466cbaef9d9d01aa7416,1,fan_out_mixer,mixer_380_fanout8
6066a5a937b14657837980e3dfae94bb,1,fan_out_mixer,mixer_380_fanout9
0586913eb18b42d78ff3297d9a30f51c,1,fan_out_mixer,mixer_380_fanout10
79ba54f81eb548c1956449242f855969,1,fan_out_mixer,mixer_380_fanout11
d159d280d4c74cd89ea763897e8c8dd7,1,fan_out_mixer,mixer_380_fanout12
2b6bca8297a3456b8175164ceb19f67b,1,fan_out_mixer,mixer_380_fanout13
d2a3752392ad451f8f28d41931299fe7,1,fan_out_mixer,mixer_380_fanout14
8d81ba4a374a457c9fbeda4155b9e3ad,1,fan_out_mixer,mixer_380_fanout15
9ef99fa60a1342bd9af243e83fe17e8d,0,normal,
879f0ce29ed34a749a30eb56d370c8f2,1,fan_out_mixer,mixer_380_fanout16
08964a28f084407ba52871da6510187d,1,fan_out_mixer,mixer_380_fanout17
8ef725864f4f439f82aec8084bbddf09,1,fan_out_mixer,mixer_380_fanout18
8427d7f0125243ae94d79a8e885d7178,1,fan_out_mixer,mixer_380_fanout19
9d7bc255aa5a47419b2f82ec4be71fb7,1,fan_out_mixer,mixer_380_fanout20
fea3a0d3a0254bb481c610fbe08ea98f,1,fan_out_mixer,mixer_380_fanout21
353a143e5fbe4ff8affe56de554cb2fe,1,fan_out_mixer,mixer_380_fanout22
cf373b688d0e4f33a5f2c64295293ac5,1,fan_out_mixer,mixer_380_fanout23
74e159e875484bbebfb05ca08dbf578b,1,fan_out_mixer,mixer_380_fanout24
0ef1776cac7b470b9db987dc14695e21,0,normal,
ec32e92a7c874d7194517179efff144e,0,normal,
021a1a61a25249398232a87edc014efa,0,normal,
885f596e8d444926b7856d343e8fc948,0,normal,
f00940d614204ef096db6cf7954e50b6,0,normal,
fdd00d478c024620b1f591da2bbc3f5d,0,normal,
26e2777e84dc45969ebc318094ae73e4,0,normal,
d831c06c84a4459eb35c5816efa32415,0,normal,
31b858e05bec4012858596b09108ef51,0,normal,
e83ce09069bb43278d7bfcbbd09d71aa,0,normal,
19a9f16e5f7e4327a9d1054b057f2f67,0,normal,
220e3271652a4debbbf0d880a058cb78,0,normal,
210990b6f03949588e56fe71ccde3dad,0,normal,
5085c48bc82640d58ed43071164e6bec,0,normal,
998512b7b7664c388fd7ac06bf6c48b2,0,normal,
d3b7e0417e374850b532102845d184df,0,normal,
c6c6ab2b100443b7a6c4ecd067013268,0,normal,
1568a8bef1d44005886f8a67449c7533,0,normal,
7b09cbb1d171417c91e57581d79dc56a,0,normal,
48ece5466bdc4ea2b15ab359f2aa05bf,0,normal,
23a7467731c9417282922ddfee3097f3,0,normal,
e73c17062b394e10a7e0dc71581a2c6b,0,normal,
1c2552a6415141339d836e93f705fffd,0,normal,
d6135db7a08340389aa5369a56cc0852,0,normal,
c9217a8e92ba4f77af4908be2e360763,0,normal,
c45d5d86005e4507b4e0d3f6663e7c3b,0,normal,
bf18e4a763de4d3f86bc9f7a1c2e6736,0,normal,
ae584ef78f42400895e61fdba34838ef,0,normal,
b19afe79aadd467381c6266855653686,0,normal,
621c5fa6a7ff4bd588f89eab56d418c3,0,normal,
739b3efd795a4f50b983668e9a0f19f2,0,normal,
9be0819e5a1f483285eb162db7e5c4f5,0,normal,
f8b654d0027b4fd1bfd94f3f65454541,0,normal,
fe55735d870f4dc8a1394319041b5c0d,0,normal,
b2ffb8977478422ea623e09e89660a7c,0,normal,
521b2cd934104b2fb60f686af3159b9e,0,normal,
048130140662431b929fec2bd2c1a3a0,0,normal,
ab0bc4e043844dd3a04290368cd7da3f,0,normal,
cdd71fd9aa294c909f07aa906ceec39c,0,normal,
e7958cfb5f9142ceb7acb88161e9a932,0,normal,
7cb74054a6924701bdba245cad4a7ef5,0,normal,
4819aff9be1a44f39985c6b75c0bdf75,0,normal,
5d65a9dc80f34fd0af285f104791cf8a,0,normal,
8b13991dee814284a8e21506533ce4e4,0,normal,
2c163db940324475b4bd95df2a889f1b,0,normal,
45d5ac53a15c434290254afd7b209684,0,normal,
841758424a96403a82ef3414d52620ff,0,normal,
7372c819d98d41599aa13165276dc801,0,normal,
a503521c3f5e4a2eac7b544929949fa9,0,normal,
f8206d0ba0dd470dac6da5d70f8155e8,0,normal,
4de62cf7de9440c689170bc1824455dc,0,normal,
80ae083d7ba84b97ba890320ad17ad29,0,normal,
c5daea40286f403ca6f386fb8c514c84,0,normal,
bc954f3047e04f4ca759596fc638ac1b,0,normal,
b1fca557ccc24297b0ec35f2b341c2a1,0,normal,
336c29765fea4f4f84735049a48de0f5,0,normal,
811c6cb6dd144a839c7b51f45c60561e,0,normal,
868d529085004187ac3f64d68736c57e,0,normal,
966525132f224d07a0d80cc9e86f9ec3,0,normal,
0da10b7b62a044ccb708424cc3660533,0,normal,
1df3e4e60b64488fb3cd49da20c124df,0,normal,
424d26bc92de44ab9843a92bcc9c2c87,0,normal,
6bd56c43b1704be5b7c4382244940a69,0,normal,
c936bc61fa82436fba7534cfd14601d1,0,normal,
e258a5f77a8b49aba4acfcfd4633b3e4,0,normal,
b04a75ed9577480eb771201d69e85aa1,0,normal,
9a18ed48c9c34582ad16704e99e34dbd,0,normal,
042061be743d48aea5c2fc84a5a309eb,0,normal,
3aa7728b90e545b0b43197b153679d0f,0,normal,
048de391386146c4b60f1e016e2356d8,0,normal,
8bf64a3f1dda4f52a3d5fdf0d2eab7fe,0,normal,
9289bb57d966487c8f6e995dff70616e,0,normal,
51c9c8cd297e4ebe98135b7ef2a402ad,0,normal,
433675ccb03f4199af903750181e0af9,0,normal,
68689227d8014feaa4a6fd5356d8398f,0,normal,
452fdd14afe640fd9bb088273f234123,0,normal,
add028ed4aa640c48484b34a365d35dd,0,normal,
dd955cad80b84973b22ea4ff375d437c,0,normal,
93f56e250355411292f8d11d43d3a813,0,normal,
ac430fd16d6147939653498c812a4b08,0,normal,
9672b9a5c96d454f87174b6cd9b642b1,0,normal,
c873978e5bf849999d4dde592ac5e632,0,normal,
edd8a05984fc433b8f4163bb398f0dc4,0,normal,
8cbbf56d8d594e4499811f18f51e78a1,0,normal,
70617cdf49f3438aa54bd5394b64f2b4,0,normal,
bbeaba5c9b854b6f9d093eedb1ed907b,0,normal,
d3c2f98f18be48fcbba48a53f11dcd85,0,normal,
7ef8d3de1e4c4bccbf7748b446cd05bb,0,normal,
7afd26a04b8042dda62176201f2f2c45,0,normal,
8afbc97fd4a34544ac9f705eacbbc43d,0,normal,
af70920893514dda8a1787ba171b317b,0,normal,
38783459534b4c0684d0d21c40a3580f,0,normal,
43006a9ea52b4512bdfd1cdfed56a772,0,normal,
cc9732cc2d9b4299ac7ddb5339f2de6b,0,normal,
074b1e7dc0cd4f2e84bdd4b116fc31e2,0,normal,
3974d3c21d4746fe806795d2135fe070,0,normal,
e5e958653cf44a8f9ecc7426e0862c6a,0,normal,
f4629771f0da409596b9d7b49da1c27e,0,normal,
f0b5fa30b6374f8da5c2ee4d3df8347c,0,normal,
a6e14f6e3e8c447bb51f59ce907b0c08,0,normal,
fa577b1a281445a58df418b5b66c5327,0,normal,
586aaa4ed47e432e84b6b3e2758fdd25,0,normal,
73328bb839cd44e0956c920d2e5cba58,0,normal,
5d51ac6b3eb4480c82b749a85877ea58,0,normal,
15e7c8ed842f40aa9fceedb7f32bda9c,0,normal,
d8dd28441a40456db0bfe15d4065b558,0,normal,
aa706090796747d293f5d9930935692b,0,normal,
f8da084167384623966ae3149f2c5fda,0,normal,
0ce839ffcc3b4883acff081b9000be6a,0,normal,
e87a29d67fc44728b9a33c5af634f1a8,0,normal,
ccc07f64e9fa4b07aa9070bb72fbcbac,0,normal,
0beaa40e1797424fbd918fe14b8a3a38,0,normal,
a33e6b38afd944c7aee3a8896d977472,0,normal,
a332236de708426f816b57e0aacf947d,0,normal,
b89e3166db144a75b16b4cbc05f57772,0,normal,
ad555d8c072847ac98b93d3e1e6b0c99,0,normal,
b1a1bd53e5e8490195edc25addc04fc1,0,normal,
bdb610520c034e05971a5d6c2cbe1871,0,normal,
8c4f4069692e49558cc07a833f89976d,0,normal,
98a26eb151d248f78febf6b8e57c4602,0,normal,
59252e63c27c4b2d8b847b5fb900be91,0,normal,
7009c03f087b491384893e3d94921095,0,normal,
d0ebe99f0a6749dfa72dc6c891ca72a9,0,normal,
2fe0d6070f054ca8b04e34fa49be0bf5,0,normal,
10ed407b6d954322af64505e68e9fd32,0,normal,
395628fd29fe4eb1b0e99e77c9108a1c,0,normal,
f18e01c92d0642828fbdeb115a2895a6,0,normal,
6e5b40ff36bd44bea8e47b37c04eced5,0,normal,
f2edde6428a345cc93723d3d5b5d000f,0,normal,
49d348ec5ee14076b3f5222b4a5ad38e,0,normal,
afdd71efa41c49e4986d75a837c22f13,0,normal,
061e4054881b464bbea2e830df5747b5,0,normal,
caf1a4e7a41c4a3fa1ae76b769dd7964,0,normal,
1227fbf261eb469ebc3a4b0c61d79d4b,0,normal,
d57dcfc175a74b08b6aa99cfae157079,0,normal,
a31cae88e326457c897616151c9aa5ad,0,normal,
b26e4439705840e5bcf385ea59749ed7,0,normal,
278f2dd2c95b435f8ee3acbb7e6337c0,0,normal,
ae357e09c91b48f6840c3add4621c758,0,normal,
4e4ade4ac89a4749a6cd77c50304c487,0,normal,
37cadb36658b4bcab5ca5812f6613eb0,0,normal,
6876ecd4f13449ee8a06deb3a505d32b,0,normal,
523d2befe10240eaa860e459d4e06059,0,normal,
82839293b8704aa2bc0680deb852d6d0,0,normal,
68acdd8c5d5a4158b639f6174a77a2dd,0,normal,
8055d8d3c5b74673b7ae5ebcd417ff0c,0,normal,
2d732d6d60c246dbbadb7e7ae40c50c5,0,normal,
4329498a31f2421e89bec8c9124efe76,0,normal,
9792314612ca46878434936c20d08f16,0,normal,
47136c56cb2947da9f17ad9600e4ebe9,0,normal,
b4aa83ca0edb4cee82259499183f8b84,0,normal,
da044094b8454173aaea9a5a2586487d,0,normal,
d4b8522df5944dfaa8a91156de0bb2ef,0,normal,
7b4b4d04497145b68d9f4af9e754e2f5,0,normal,
f3c7afb0c09a4a619eac479ebfe7d545,0,normal,
aa7ff32358bb4eb09e11f24ffd811db5,0,normal,
61562b5b7fc0447fb1becc15728f87be,0,normal,
a5b27aab04b04a93930198a57fdfb6c0,0,normal,
45db9a7001a34c0993f822f2894995c6,0,normal,
21609ddabfec4997a275d75289c943bd,0,normal,
0153e6d700914e3f8657913e42ec9994,0,normal,
4beb763895d446c990c69eef84d17500,0,normal,
37772c5563414d5aaf70eccafbd47000,0,normal,
f4d49ab04bd540558e2184015bfe4cc8,0,normal,
e2ce03312e2e4589b63948de476cd9bc,0,normal,
b201e71d2b9849c78670c566041436ee,0,normal,
52583f18bb8f4a4691c6c2ee861fe2e5,0,normal,
5f368232f2ef493daccfa27240352acc,0,normal,
11ce3ef36bec4168b62b9a0ff449c5ec,0,normal,
22c8118e2abc4404a04c212f1e18dd9d,0,normal,
79ed1f3948d4491ca105857405b43736,0,normal,
e92fd91f27fa4898bb27ffdc6ead31b5,0,normal,
41d3abc6f237465184e175ee600d9f1b,0,normal,
3b930a88ee794ccbae40c730f631bbb2,0,normal,
03e54c0e48e24d56ba490c0d423d6d7c,0,normal,
42f59153c9234a758c7596bed4bc9c0e,0,normal,
02f3b8926e7d438fa438fa99c8d05d32,0,normal,
0df62c3ab81e405180c190bffd515ba9,0,normal,
14c139605b064fbfbf26ffa9c966ecaa,0,normal,
e7b49438dd2a425091c595db2a2653e8,0,normal,
58bb7003d3ab47298897c08b15c8258f,0,normal,
266aa83326354649b8188ba253932e48,0,normal,
8771bfe3bf3640af86bc310dd6682d93,0,normal,
3932204440ad4243b42aa6d3096a2c43,0,normal,
a8034cf6ad844658a29f9cbc1d8ab605,0,normal,
f35d01a1b8bc485c9b93a113d4e05b02,0,normal,
d68bc2d8d28745acbd85386bc00ee96d,0,normal,
cd8299ab3e3c4c1ca78bcac53e5cff9c,0,normal,
a5ab5df236bc42bc99ffb2f5ab9d8611,0,normal,
22ed19ac7be04fbb95bf91aee43010f0,0,normal,
29a20a2cd10847ad82667430e87d1141,0,normal,
b19ccf49a5b049c4980975b65802fd86,1,profile_deviation,deviation_468
883b6a24bb6e4fd9a6c43486e30e8c9e,0,normal,
42b75329d99e49b5a8af4c84d02f157f,0,normal,
655dc9d8b5c04fa6923ea3b41bc3f742,0,normal,
e8e58ddcb22c4489a874a5dc21da2447,0,normal,
857dbb9563c341ce8c6c604811cf3b19,0,normal,
0ebd72a039ec48a38bc16b4d4f202ff0,0,normal,
5220e9ceb1a84c46ad5fd80039546eb9,0,normal,
989be10724be41b6b007ae105905e176,0,normal,
bb8958761ff44453ba336ada80f39518,0,normal,
db79b00af39946eab8ac8702406230c9,0,normal,
5bebb47ef2f4411d94a55972f6ddcb14,0,normal,
8f84daa840ee453f9dfa7bca9e889720,0,normal,
5300430612564977948abd888480d532,0,normal,
d9a9d311da09433488284b300986b03b,0,normal,
fbb87713b6174ce096801a2f341fb558,0,normal,
6d6d9095ea794698bf06e249bae3dded,0,normal,
c1bf537e709a41d6b6d0c7e374511890,0,normal,
7272d374fe964ee2b02a6d1a7ea23b52,0,normal,
b068f3c236814ccfba08be1d9be747dc,0,normal,
658b176fdcf44d3b9ecd5e90023edf37,0,normal,
9fc24490bd54441e803e766ee2c85f4b,0,normal,
077cb50b8d8a459bbec732b59a00395c,0,normal,
6edf961be45e4080901d8f972e289c61,0,normal,
616fb7c5296d407d85cdd3166c96dac3,0,normal,
1b3d594dd3c943eab84876080f8d57e8,0,normal,
64ec8d20e58c4a08a0369baa3bf1369d,0,normal,
37c7b993dfc6498cb4eb540dce32ad4d,0,normal,
0f0fa1029c5d4f7db7fa355c34cd9a6f,0,normal,
590906e9de5c4399b78f985ffba04bd2,0,normal,
a1b4a70da26c48b794a37fa82c79fbab,0,normal,
f2bafa5af4be4442a186b2e87bd363e0,0,normal,
db70b8c00a2d4429afb57d5ee062851f,0,normal,
fb8bbc38a6eb44fa97a5011afd2a4b5a,0,normal,
026907fbdc1142b5b71de7a11e96792b,0,normal,
a649cf0e0ad246fd98fb7f619b6b0645,0,normal,
a5968260e8994d96b4b03d014b94575c,0,normal,
cb5b8d5687e04581a079e006c3fabb34,0,normal,
41d2a29a5740454aa734bf1ac7fc7d68,0,normal,
e6926f7242a44bd89f74287fedca30dd,0,normal,
5c7f57e405c9452cb1eb3a0ebe2fb63c,0,normal,
cd74a488db254ab89d963965c08b33be,0,normal,
50cda753e8b04fb59684570f1712ba3b,0,normal,
9ea03edf4f0849e8a6e17ce495c801a3,0,normal,
bb15a7795ac44bffa37590cd421e505b,0,normal,
d921b503bfb9403096eb73edd7635007,0,normal,
34acffabd11c4f30aa44dc0f24dc2c5b,0,normal,
3f1e0aaf95c84ce48d5ba05e3f956690,0,normal,
b63c0fbea63e48c49466437a3befe50c,0,normal,
2f121fbff67c4719b4142249402df6b0,0,normal,
6adbf8b292444ec1b8de7aa071d5bf51,0,normal,
da158b2919f74abe8c78e3e83394384c,0,normal,
6882ffb46f2e43e7894f428031f4474f,0,normal,
a65b9cc35f8548ac815caf8a5fe15469,0,normal,
1e9921ac3ef04e6ba0f45730e11cf3af,0,normal,
31490d955d4949f9a09ce7b16df9b963,0,normal,
e8dc4920ed654a16a627598030611d77,0,normal,
d0f533dd39414ab3a61944875bd9e6e4,0,normal,
726303fa5a5244f59d7cff42455cfe1c,0,normal,
8a8f8bd5f7574a21bb249129c21361cc,0,normal,
0c50db0ef3424c129546e0c52be70a83,0,normal,
a30b4b1c4ed544a19ec5b312120e2897,0,normal,
b3dee04ea1934d869dac94f3612ff34d,0,normal,
ca087e0c8b824c46baa009d37192f0b9,0,normal,
3f177140d3ff43a09404dd2a45db0023,0,normal,
2c609c9f738d463c86058fadf86bd05c,0,normal,
cb927d9c13f94784860fd8c6391585ff,0,normal,
38b13fb4da8e46e49be6b18b0a6db59f,0,normal,
f890f330f88148dfb250b660d33fd3a7,0,normal,
66ba09168d0e404d8ceb2d03f6633676,0,normal,
c4611216b692445693c34ff55fcf7dc4,0,normal,
a798a542b47946409e95317c32d0a15b,0,normal,
a1dd3e997f7f41849842b5fa5ef947f3,0,normal,
52eed58f2256451faa7b3ed5c2926122,0,normal,
6e2a0385f66c4bfca367c04b5ef3e379,0,normal,
41c4b5d6a0a34334ba18aee1cd9d8dc2,0,normal,
20d520cb65144beeb9f7f2a1cb124dd5,0,normal,
4a101c009c9649d79db95fd693a0d4eb,0,normal,
2fd5be56986f45abb1fb9066e5c9faba,0,normal,
acb6fd97d4ec40b8a303746d1aaf7674,0,normal,
fa5fb8b94d6a4126b6449e79a455132b,0,normal,
542f1ddfdcfe4912b0e2a557455471ce,0,normal,
a7d9ba7f8fe34a8a882c95c03eb836df,0,normal,
32e8962820fa4f519da44aa5dec8ad23,0,normal,
43b9be4813444840b94e1dd85b9286ed,0,normal,
19e18b5fc7b84d929b252cc9aa7ef591,0,normal,
312908a56d07403eb716ee1298e836d0,0,normal,
071cc363b8f74fe6b75d1d2401d48cb0,0,normal,
059c82190d3143af896dffda58d26d29,0,normal,
73faab7008fb46fb9ac8afe8e64a0e3c,0,normal,
df686764e1fd4505af779ae477ffde19,0,normal,
2609def87b084eeb8b4909c59e44510e,0,normal,
d4a2481d33904e1ab5948070ab5dfd7e,0,normal,
317711adb70047769970b98ffb42a7be,0,normal,
46a9c0ee5b1245088c90e4517a240d36,0,normal,
103d00d608024c41a95a2802c5d89dd5,0,normal,
6e50c3c9fe8b4c98bf91b29dd8d2dcf8,0,normal,
8904936888f1480daae5bb21ebd5fdab,0,normal,
fa560ba9ac6c4547bb2d5d51e077bfef,0,normal,
f3ecd6b4e1094fdc836cdcae68bc39e2,0,normal,
20dbebbb7f314d19a0ac0f0518007eed,0,normal,
adee4e6af31e4f2ebbf430712d3a6c40,0,normal,
d97b1ea12dcd46e8a5a96aa71559c327,0,normal,
4847bd8be9234b519cbfe4304b218a92,0,normal,
fc37cad490b14ba7aa92a71d2772d919,0,normal,
ba31e02cd83c423585ca70840953f697,0,normal,
9c8a8c81c58c475381e5547d9efae648,0,normal,
802e6f2923224c7f87dff6ad39596824,0,normal,
7ec1ba8a26e3482bb1cb9c7a0bb145ff,0,normal,
35079ced9efb4047af6506e8c19299d5,0,normal,
f0028d97df5a40bbb4245e54a48f0e04,0,normal,
f7c14718c6c44b358fa1a3721ccc9714,0,normal,
c87eb70433bd4b5bbac0ceee328b1c14,0,normal,
2d44636353c74e9998620ff35c510a0a,0,normal,
c157f5ed5e204d8eaeee534c4f8caf97,0,normal,
1cae69de2bbc48e78be1cbb01b705ef1,0,normal,
0ff644f570e049548ea1b1b0c24079e3,0,normal,
0613b0bf81564a81bc8b9be0520d145b,0,normal,
5a651bd795e146e3bbc09d74c8934fad,0,normal,
f8059a00464241118e60a3e98da8115b,0,normal,
31ed8aaf90be4c52a15699426a5998d7,0,normal,
293c0f9bd29f49a69e6c5e69de0bd5c2,0,normal,
69aad5dccc9b4c34bad74bca413df5b9,0,normal,
c3d9393c84e647538846f1b6888d6388,0,normal,
b346d03297e04617815b8aeb97e7b7f2,0,normal,
db12be49b14848f98be20f6d03128618,0,normal,
6e7e43637b9b4501bb31442d354a8e39,0,normal,
0fb304e3a802449a9a487928c4b8f911,0,normal,
e6b9aa1072c84a2783a44e47ad3044ee,0,normal,
7743413202c9416f89d3f13b8abbf72e,0,normal,
9ae53c35645a4f999c524ef4ba0a0b81,0,normal,
bd767aae2d2b44b2be40f9b26036b1e4,0,normal,
0809744a6849487e9b4d297ea837789c,0,normal,
50a9891ceea046909180472380983aa6,0,normal,
b1c5ec3957a040e89584f806ae105bba,0,normal,
0cad4094936548a6824da0f591e52f00,0,normal,
0cfa1c0189904ff59de8a215cb1923dd,0,normal,
fac8049ab2044e2b891fe5ef1e5f5fd8,0,normal,
d26c896763b14dc1b349b697b4339780,0,normal,
a42cf68809694087811d79959ab57189,0,normal,
2c48bc2a04eb4122896eace1ef216693,0,normal,
d73ed69ea3994b018bc9af827bbb9cd6,0,normal,
6b4a306910704cfc9feb63b7771b7f17,0,normal,
53e613b208e2412ebee524d693ac9b6f,0,normal,
282f7fbca41844b59045d16df29f6c71,0,normal,
f8270d5c814c4c67bb834424672d9df3,0,normal,
bb788ff3a89e42cd8cfde16cebce4bbb,0,normal,
23c2f460c166401584d27a5eb6e06253,0,normal,
2ba5cbf15f974839a0539612b51ec53d,0,normal,
f21c333a3bc94fe1af13d58fc59dd027,0,normal,
0e46aa848da348898e6ce732114fb778,0,normal,
f4d1404af78144c9aeedb11b2cd1657b,0,normal,
a766b4d2cae340a29e10054d9c845244,0,normal,
db9bbf0a1c72448d81b31a930f67a0ab,0,normal,
df0ba411591c4781858b3690071ff23b,0,normal,
5dbc4cd57361442294cf163167bd609d,0,normal,
73abe0a96efb48419203ecc257e337ba,0,normal,
2f88e149f623450b9ef43fb4030fb2a8,0,normal,
815a6a55e7824113be2637892e3dfa7f,0,normal,
f973cc78a31146e89c854e88889003b9,0,normal,
ffad86394c6d4c10917cd229c0beb14a,0,normal,
50e9f32491e849f28bb6268996dde9fc,0,normal,
7b45b6f7f2b844e280dab722e82a8500,0,normal,
36d998dd54564255af67d2edaafa1797,0,normal,
f49c5aed221f45cba3ab6e1e55a80c1b,0,normal,
33f7e5eceb614cfa93c1ba33063daa61,0,normal,
ff7891aebc194de0a7f5fb1a5aa86141,0,normal,
dbef531ff94d4da4a26371bf853ed76b,0,normal,
5310aa9e06584f9a97eccd1158a19554,0,normal,
98f7b14e1d7c41928facfae3384d0235,0,normal,
ad509218b68d4b078cf99ca56b068a17,0,normal,
13836df4b80b489ebee337fb3f2d1690,0,normal,
fa591c8299054832a3053b38456fa0a7,0,normal,
13f1cf216da7405ca4798a9ccbe92525,0,normal,
d3fa75fd257148edbd9ed1f860f4248c,0,normal,
b807455214574fb6872a0712d3bb03e4,0,normal,
3e9f59197b0f44d089e30479a07fa3bb,0,normal,
7f21d3fe007a4f85b40e9ba5dbabdbbc,0,normal,
88849e2909814cc09402f57fbf6086a5,0,normal,
15f7bf94845a43d4b130855b9b3d032c,0,normal,
1a7aff9b307c4db688abbd546a593c1e,0,normal,
d48f8c588b754b81a82bd0cc202ccb32,0,normal,
4f9f78c5b04e46d18f478367afe3b2f3,0,normal,
c1b50c55fa4c4c3e92985a8b38a6738a,0,normal,
b6c8b904f1474cbdb033effb64242f80,0,normal,
83946cf17ca04c418345f4f62ad8f3ca,0,normal,
e66179b50d3d4f33ba1f7eceae6b1ce3,0,normal,
589797887dcc4d2186b848bdc445cebc,0,normal,
866d82cf73c544bdbc976759f83bffb9,0,normal,
de1daff716144a96885da6ba21480336,0,normal,
75b296b1cfc24c43a92271f3916919e2,0,normal,
09ba596101be463abe182fefd60269e0,0,normal,
9f19eaa6adff4fc3a3fb449143c24a87,0,normal,
ac04ab8ff8d247dcac8a96ddaa894ad9,0,normal,
3bad3f18dea649539ee05c636db7212c,0,normal,
0c23e434b6e449d08f029ae8060f85c2,0,normal,
6ad52393128640d2bd86d0b47eced44e,0,normal,
0daeb6d5f1c244048d5ae5f6db2ac63e,0,normal,
64e6c0f07b424cfdb58109545d925cdf,0,normal,
ac4170cb059c4e3ab365b6e7d8f70118,0,normal,
248c2840b74645e5966cd2773582fcb2,0,normal,
6dcb7a66f29341258c40194e359cda38,0,normal,
7bb5b37e95c0440992aa08ce2158a762,0,normal,
908e44905d314627ad5fc9abdf3ad421,0,normal,
62b6c13eed3c4f868cf0ac4fa9fbb793,0,normal,
7ef38ecc89714bb2ace23dd5a024f63d,0,normal,
a21df9eb12bf4f0d8446de5517fd9688,0,normal,
018857a76b244497be06cde2f925463a,0,normal,
2a07ca4755654539a2353deec0a15449,0,normal,
f806b7a5c95e4fe5b1b070ca835b4a57,0,normal,
2f51998641834041b1b8e03aa8003435,0,normal,
e9c4ec7ef19f4d3e88c8181805eefab8,0,normal,
172fb5888984455c933c70ab5cc01505,0,normal,
fb621781c1b24e6487f5ed1723ffbd68,0,normal,
7b16bd7de2a44821bd3582e87444b5ba,0,normal,
909a387421224872bc7bd8f8345e7d25,0,normal,
a94b0215baf2424bb610af62b6a4625d,0,normal,
ed28296de9e24ab7bb288442e38a6097,0,normal,
a1fc88afaff5417ca4589e94f428c0c3,0,normal,
2b74bb90365d49e5bc3b977c728b5985,0,normal,
3478762d277c4c3e856718f7d4ea6292,0,normal,
dccfe769ef1241c881eaf0aa5ac30269,0,normal,
f9c5c38cde4e413b8e4c3225a92bdf92,0,normal,
b31c12cdc44c4c81a0db82e684542edc,0,normal,
53b0ef0a16964b07ad98b7f49dd027ea,0,normal,
9b334363157b4fc3935e254c46612714,0,normal,
e9568f0091b94c50b0f95f22d4e0872b,0,normal,
322186ba7ede4ff6862bf40050a8f265,0,normal,
a74bdebcaefd44cc8bf3c7a096480e08,0,normal,
ee2e87eba2da4ae88f25e15e5c8b698e,0,normal,
d4be33ab786446b8960aa1827c2b6887,0,normal,
ef2bc04c6e00438c99a14970bad5191c,0,normal,
68e0e8f3d8eb4172b7f584c4192ffd21,0,normal,
4ff34a2d85b943baac3d25c1bf0e6e5e,0,normal,
6e44ba3f5e3b433c9bac2bbc4562a288,0,normal,
d4d96bbc23074ad6840ea53d20bdd257,0,normal,
477b9a6f27c24ba3800d3efa00167265,0,normal,
5556f48bb2364cc6bb29d121c767ac32,0,normal,
a4bd034dfac84e2aaeaa15111f49323d,0,normal,
204b02a74dea4471809012d02d80ab1c,0,normal,
5c5c6a8f6bc4451ea92279e729b3fc14,0,normal,
de2c069538524985b84432cbf7c66ef8,0,normal,
b1e5a95a5d954391ba6eb91bf7ebcf53,0,normal,
61cf7deae6a8443a9e691491a9c02b41,0,normal,
e3fa43787758498388e2d3317501c7d3,0,normal,
6662d91721d04487af6829cda0190ac5,0,normal,
e14ec1f530564830a5a9f31a61d269cf,0,normal,
ce114885b4e54f52b927ec1bf30a3cf0,0,normal,
9e57430893504d45910ac4aa0a94242b,0,normal,
dcdea41d164d46e499ecce7a4dd02918,0,normal,
afb253ee66ca491ba2d39d6f89fd37db,0,normal,
63fcd59a64294a3a88f635b014c0bba6,0,normal,
abc13790bc24448f9ff4fac44fe181fd,0,normal,
0206a57f5fd44b429547fa03a6f16707,0,normal,
3313b48864bc4cdba66645d9896ff248,0,normal,
91efeb8eeee745ce9ff448f374fcdfc5,0,normal,
3292fd4e37364ce3a160dde25c57055a,0,normal,
82a31cda79214ecc88f61692daad7c20,0,normal,
12935b7cbb434530923abae2c7b2894c,0,normal,
2f6d828ca2574030bf993dffe4d52509,0,normal,
922fa6220fd6499aa192d41f5ed9ba7a,0,normal,
93e9b2e479f84515a9fe66e812db1886,0,normal,
5b60e40fd69d4257943ab1a2d85dfba0,0,normal,
07a9da63528d4da8b600327eaf78dda5,0,normal,
88bcbe6a3da24e4f975f8ec2b65fbf6a,0,normal,
08131a632b034cdc9521db64027f07f0,0,normal,
ad0450c9ca0f4d66829c450f76e4a0ed,0,normal,
e420c6edfd444263a431ef205581259b,0,normal,
02f5ea02a777433ab7e250e28625f2bb,0,normal,
fafe0328cf8b4d1a92cd228684486ba1,0,normal,
66e59159db6d469ca8e4d50b36612fb7,0,normal,
712c7d008c8a415b9a219f777f87b351,0,normal,
db6a54de886e4acf8ddba8ef48c3f73a,0,normal,
73cfb122cac8466c86d05af475b47aa3,0,normal,
b5493ca63819420089c3e5fa9875f2ab,0,normal,
fa0cb5ecc2144bcfaf11ee176c38a7fc,0,normal,
c73edd5a21e1456997e678899224c0c5,0,normal,
2df4159675c640f3b22f6cd783573bb9,0,normal,
f0ffe5b7ac064bfc9ae5145b1ace7448,0,normal,
49b162d7185343ef9794d76cd052818f,0,normal,
b81b646db27d49a2baeb4b56da84de62,0,normal,
28e84bab251c477ba4aeef552dc641e6,0,normal,
4a761eac98754f4aaf82467521513ca8,0,normal,
48fe3b8b32264cf3967a89cce72e8360,0,normal,
1ea67c764c8a412fafb241ba8a35d69d,0,normal,
4f3161756bba46029b36ac2e15324401,0,normal,
b12706bedbc0415c93f300a437f4e27b,0,normal,
3151855c679a495796e87d6be71152a9,0,normal,
e605ef2b563f498ca5d1ac8deb318b8b,0,normal,
d348c092808d4666ad0326ee21601be3,0,normal,
4df7f1eb5f0c4705adf500d66f73439a,0,normal,
9739d0d82b714102864a3e9156593df7,0,normal,
a9a41c477c1248bea4c2affb2eae300d,1,profile_deviation,deviation_334
89aa19daad354f938d530bd40b193a28,0,normal,
f78695475d7e4fd9b5e57b2573c255d9,0,normal,
f50b00336add48c3a8afeb7fc333ec11,0,normal,
45bd513aa6c240ebac3c2bbac1521f25,0,normal,
d548eb3f8616435c8034bdf2fcce4df9,0,normal,
6edda4cefd4042758e7cbed8d1f7490a,0,normal,
e0c39ac9ecc34c13a912806cfbab15cb,0,normal,
2b3d8d5266b44617b5fc3f1c8588e843,0,normal,
553afae0af0c4ad98c39bbda88f116d2,0,normal,
4d50b557aadf4b848b0a8d8a6db33eb7,0,normal,
fd119f8124fb47d88d000ac7d21f8f37,0,normal,
a07e216f71de4ba48fc321bcd70f45e5,0,normal,
ce5666bf0fe743b19a8a8821f9026068,0,normal,
a3b92ae6db5a4b41b56cc54a1ba16199,0,normal,
1f0b7562199b434098ddcd7f914ad0df,0,normal,
f2c072fbcebc4f92ba6d6a9dd2f2fa25,0,normal,
1624b6c4cab5496194b7b62353e839ee,0,normal,
10c48a20351d4a5c9b631e268ca6188a,0,normal,
5ed22c17975f4693bb2932ca88ae2365,0,normal,
c8f4155a0c4d4096b89376e886ab93ef,0,normal,
2c00e6f6fdb24baa9cd6089715484927,0,normal,
69a35fb013b74b888f338d2d9197f3e1,0,normal,
80b41fe78e594a7da6fe23537d9ae5f9,0,normal,
1e4638c96d624ffd835326b1d87457b8,0,normal,
6370c1890488465fb6084a0bc7b0c557,0,normal,
1ad058eac4ab4cdca3f8cf77d72efac8,0,normal,
ba570cdfff6d4602801505bef20c1603,0,normal,
2ed1d7df755c4f0d945ae1fe72c5ccaa,0,normal,
2c6812ff54fd475794df838c395fc7c3,0,normal,
d3e76d2dfc2b4db2afc0aa99d142a29f,0,normal,
28b5360faf99426c8cd278b372f79c56,0,normal,
823741f0e97a487888be27eef8e44f7c,0,normal,
96aa526dbb474ed589ef24357d793914,0,normal,
480f6df7f9dd43858e667e82664a7762,0,normal,
86041865a95d40cd9a74ff1c3f318837,0,normal,
cba4dc9e9f8246f6a6254f7a14050e75,0,normal,
a2cb60e2af174ca4a60281ff385548c4,0,normal,
a8a762f006914a36a5ffe4f48314b998,0,normal,
9d1a11135bb9411485ec92e99641d58c,0,normal,
05d169125984409cbc47013a3a2ae3fe,0,normal,
d6443d538f164bdbab2a6ddde731ee8e,0,normal,
5fbfc60e0f3646b388a3391bdcd1ff3d,0,normal,
c85ba3a086c44dd7872fae79149875ce,0,normal,
2e87dd9a961845e18b0a0fb9672d9933,0,normal,
16b6a03cdb8040dcab275b4bdfce0f98,0,normal,
120a5740b5ad42e2801b23885b3760d9,0,normal,
1d4e4fbc23ad431485f88ccdc874ccdc,0,normal,
1999e1e5574a4c3281d6594de5dafacd,0,normal,
706c14b9d4ac4027a66ca4c4f5499681,0,normal,
beffeea896144413b41de17cabd8275a,0,normal,
ffebe94a300147728b771f0794f02648,0,normal,
5b044715a1624296b95bb085a835def4,0,normal,
0479b97661b24fb1a5381899f11c2138,0,normal,
9e0a078074d34d5a82fc526d3dfa6b2a,0,normal,
722e5ac4c27d4454a2ef17e7371dfcd5,0,normal,
b944a512cd434a9989f1cedb69b4c61d,0,normal,
7709689808ab4bd78f5550d133e4873b,0,normal,
b18339cba4534db1baac17a298caaaa2,0,normal,
261ee4c7efeb43258bb246844b841988,0,normal,
57069e8f99014b47a00c7e0462d3b7af,0,normal,
c77c5c08b01b4b0087b31c3a341f5373,0,normal,
7735404cae844cb8ac8be37f3327e467,0,normal,
f8720801c2e64eddb8836e45d615039a,0,normal,
0924d8237c3d4278b4d0f09931141be8,0,normal,
58b22f5da0f54a35bd936ecde69b31d0,0,normal,
2b405dacf9bb4d5db54fd62b6a396d81,0,normal,
d3dff344436944c2bd81111a418cd3b3,0,normal,
6303b18b233648d9a8f532725c1b3098,0,normal,
52efbf25a77344088f17c0200cc84ff8,0,normal,
c003357b149b49c6a4fa054d0d6b107f,0,normal,
652906a97ccd4b90bfb88832c7a51d17,0,normal,
758cd264cb4f436a9cabaff9f2f174da,0,normal,
a3ef299cdfb1410fb391040fb213a007,0,normal,
d95baabe5cbf4214a6531561e91a52f4,0,normal,
3da574862c094b6383f8d912bbe8032f,0,normal,
4e15d20085124dd6b5ff562f6b0a88c8,0,normal,
2f7b23529d6e4b7d8c1e0efb663643d4,0,normal,
26389609a5ae45928e38b6bb0636937c,0,normal,
cbf790414ae04830af5c3e7f0101f1ef,0,normal,
49c1ff9f582249549038782571576f00,1,wallet_reuse_burst,burst_671
e430c3ae1af9471e87abebbf7eeb767f,1,wallet_reuse_burst,burst_671
731e703de9ab457d87dca0de204fd51f,1,wallet_reuse_burst,burst_671
a467139fa2b04c6fb715d9b9294a2742,1,wallet_reuse_burst,burst_671
182aace7ad91443794a5cec8a1bfc120,1,wallet_reuse_burst,burst_671
7c4ef9dff3ae41f8bf341ea7541eea93,1,wallet_reuse_burst,burst_671
7e6778aa68584bf3ac40dea4ebb772df,0,normal,
bf931a5a52c640ffae51d8592459b38f,1,wallet_reuse_burst,burst_671
b09ae1c01708400484ce5058be371c10,0,normal,
08c0a52add5d45f5a7ee16b42fb08b37,1,wallet_reuse_burst,burst_671
219a9260d0b54056b6426bd5a7743a82,1,wallet_reuse_burst,burst_671
c20abde419f341cdab0b194274a69c57,1,wallet_reuse_burst,burst_671
247227430e5a4c38be2cd09355adb762,1,wallet_reuse_burst,burst_671
76491c350b8b461d9acc3df431ecff93,1,wallet_reuse_burst,burst_671
3abac31e77b04843b4f682560a3f304b,1,wallet_reuse_burst,burst_671
d85d55e2ef974862ac607278fe166490,1,wallet_reuse_burst,burst_671
bb1c06c3b1ce458b9ea85ca710a232c1,1,wallet_reuse_burst,burst_671
ca619ed16a234ae8940d4718617a1c88,1,wallet_reuse_burst,burst_671
4e10bc9533f84b47a4d8db4689b71c96,1,wallet_reuse_burst,burst_671
b897dc114d7e4c249d0efeb1db931f2b,1,wallet_reuse_burst,burst_671
d744c3eb14b34f90b396388461316287,1,wallet_reuse_burst,burst_671
c634e49d1b5147c6b751449cf4979dd4,0,normal,
1296bc622ae54cb993452541358b2f56,1,wallet_reuse_burst,burst_671
235c6d66e38041f7a69d3bd05e9dfc07,1,wallet_reuse_burst,burst_671
b69165abcdd349539a05fe4734bf0be0,1,wallet_reuse_burst,burst_671
6d3ca92ed4a546ffbc7dcb3e05d6dc96,1,wallet_reuse_burst,burst_671
19d8b886db5340769233e96c7c1f5c05,1,wallet_reuse_burst,burst_671
7883ba63e2874f20ad48541cf3a7a86d,1,wallet_reuse_burst,burst_671
2b3c00c424a54fe49bb8ce307eb06da1,1,wallet_reuse_burst,burst_671
5f5cde29b2094897a8687cc6d491aa09,1,wallet_reuse_burst,burst_671
725bb4991ae34b89b7ce6647b5b9074f,1,wallet_reuse_burst,burst_671
012dc29878274263a8fce353e53fe8ac,1,wallet_reuse_burst,burst_671
18a84f4f17d64565906b104446891474,1,wallet_reuse_burst,burst_671
dd53e6646d544016bc6f209378e63c9f,0,normal,
8a55ce331e964aa785d4faceb510e167,0,normal,
6b25e61a3f6d4f00b50a6678797bcf96,0,normal,
e857d0730f0a48d99a7d0d6b7db40d02,0,normal,
13d516cfb2e54a519a20132ffb08e8bb,0,normal,
6273d3bd988f4134851cfb58b162ccf8,0,normal,
2461d64b268049bc82a0fa937cc0387b,0,normal,
d731d049a28f4a939a12a607160bda27,0,normal,
584a135cad524ee29910f3522c5910d4,0,normal,
6cf306f59a8b461594a91358b140700b,0,normal,
06617196c4384ccaa112fac643bd65dc,0,normal,
1f7919d604cb494bac8d4841b7b532b3,0,normal,
a3b0e246273f415da06097850c01e1a1,0,normal,
b1d2e49888d34592a7bc1be9d105c584,0,normal,
7fc16d14a2844588af259f9e4b546e1a,0,normal,
93516c8e41d64c65a5b20a15bd860482,0,normal,
c1bb7be15d4f49448ff04c1f81d5d73d,0,normal,
11a4ab4a9b2b44918ca138e5fb5e653c,0,normal,
a224752bd15749c4a89ab62f6af00ee4,0,normal,
76c2c681ddab4ef6ac9ad70d64fc9832,0,normal,
bb74bc7948c34f97bb9767689b7ea843,0,normal,
09838a3399874891b77c74d93f90ac65,0,normal,
6c9999c94209465eb24efbc6ecd6c79b,0,normal,
ce1c70d846e343eb9ed5b0c4d6e80a1c,0,normal,
d365a34e7ff44156873d50c48c5964cc,0,normal,
d893a4c842b8403fa795ba2307d66068,0,normal,
0c8ceb0876394849b27a73f1ee9d3e29,0,normal,
287cb0c228ae45e8991c1537340a3c85,0,normal,
f71215d6a5ac45ed992cf0e701ee8640,0,normal,
87905f2eb70243768a9acf9b4aff1372,0,normal,
5f57d7db719347feafa9dcfd29ed1d3b,0,normal,
9f2c2346ce0747d0933d85a6d2ad46bc,0,normal,
75ff35ab263a4cec99f0a10cdb13193d,0,normal,
bb9828d2253242d592bb304a8f2c77df,0,normal,
4392ad743ad54a4d8ea7ba44e17a8b3d,0,normal,
ecf09a73654c4618a71acac6b60388a2,0,normal,
18594d6f652445c19c4b66d1fd4facca,0,normal,
1c7c7647f8704536827484d8cde78c99,0,normal,
fbda1669214e45e7872503052ef20256,0,normal,
1ede26ccc8164116878ee84cdee0cb51,0,normal,
1ae894aa453f4a63a9c60cdcd25842eb,0,normal,
afd50d3d88fa4136bb4a1913840880f6,0,normal,
248394db54fe42a781a19dac0eb0236e,0,normal,
e79554e9346a4ceaaa76189f12c6b35e,0,normal,
9455231812874e1487288f9da1315de0,0,normal,
4f218c3ff4db49dba44d726bd165daac,0,normal,
d360795e31cb4b3195bfd63c1e60a6b2,0,normal,
75a87aa996044b26b0d25be96ce82674,0,normal,
909c543a0d8f49c98d2243b7005ca358,0,normal,
fcc78e2677bf4170ad8fb5c517e26e49,0,normal,
1afe13d8c78240c5ab677522e6e5fc5f,0,normal,
6ef574d30c9344f2ae3b5aaec1a86100,0,normal,
53e7a75752fd44e4b1e60209afa8f7c4,0,normal,
eddfa6984a1345eb9e023d13a3864c99,0,normal,
a9157831619b40b5bdd9d9ffca707c8b,0,normal,
32104ea7638146b5ad9323fbb888bdb2,0,normal,
8a022b6795ae4660b126e80f56ba9e33,1,structuring,structuring_11
187f724ea8b44b4b95f71a513eda34c4,0,normal,
fc963d25b75145549d5122d08772274d,0,normal,
bd4bfbe45749477f82763eee7da28157,0,normal,
ff42073abf2141b68d0496074ffb047a,0,normal,
fe8d5f2cff03426fbf1c2a7dae28a9ca,0,normal,
d3d5f7aab2bd474aba8496f8fa8781b1,0,normal,
addb5eb878684393be9461285bdf8615,0,normal,
6bb22c58e5f04605be704e0723d95d7d,0,normal,
4a42000666e2426e96d6969664512ee2,0,normal,
b9fe726b1bd44ab0bf2a3c5cf7bf9608,0,normal,
5c2798f733c14015b7280e4191f408c4,0,normal,
3f5338fffbea4ecb85fdac0e2dd29877,0,normal,
a259af9394c04776aaf0af76c25c48e6,0,normal,
e8e450b5fa9f41a3bdfb7a972f1bd10a,0,normal,
c0ee274d71994a1dac13c5fe23a3ae7a,0,normal,
00d6141f266a4fc494f7b1f38db81167,0,normal,
783f855c5ec047f3a743dc3683f87f94,0,normal,
89e3abb66ae249ada2c463e80ff52720,0,normal,
bf4d8a5f54e04537a52e8c74b1e5fd51,0,normal,
cd88bb46e15942f1b0e2d522d7808d5f,0,normal,
b24de3066981433b8e3a6260953a4448,0,normal,
f41e7a8867cc41148e3cd78f79712a3e,0,normal,
75426aef253246de83e8453b639c6f33,0,normal,
9ca12a78eaeb45d0b01b22f0ce56734d,0,normal,
bc45b72f84c44f5cb8e541594e2abf76,0,normal,
a729224b5b0041858a10f7964a11a805,0,normal,
61b4a010c4714344926366c4ac321322,0,normal,
4d0608fb6cd14b8abea09a32b6714760,0,normal,
86815b4451174901a81e7d2313ac41f6,0,normal,
d514b93b2cbb4845857eb9a7e61ddac2,0,normal,
1be89f57cc5649eaa6b531602e62c293,0,normal,
e0199e2b5a1e49728aa45e24b8e9553c,0,normal,
fd563ca1bd624cb5b5a500c9be8acf2e,0,normal,
3c7cfb558cde42d685033be48bd88b85,0,normal,
7f2a8421749143b88cc3a3d5a7745fc9,0,normal,
d06e7e4c92fd4702b2cea2cc6d8b160e,0,normal,
a569070247e74523822cea2c4a53b92c,0,normal,
3c6e5d63c1c949a99987b0727a7ca426,0,normal,
d3db71ac9837413d87bd3d8aafd8f8e1,0,normal,
75574091bb914fc98d5d3f8d82b273c5,0,normal,
a03c27c7e0694f8bac03de845bc5c61b,1,structuring,structuring_11
39199a79adb744f98ebc6066811cde89,0,normal,
82e632fcc4a940fb9ab92792f2ae1641,0,normal,
8585921b1f4c405ebedb9a83eec615ee,0,normal,
1f901093cd50455ebf19157432c14ffd,0,normal,
8fc84ef03d7543df812d85f4466a22a6,0,normal,
01b10df54f0a44d68fc56587de4fc272,0,normal,
7e95f03e20ea4c23ab2f3f1f97718951,0,normal,
320db040683e4d47996dac063b5731c4,0,normal,
ea09f001c9304a39a4a45fa2dddec99a,0,normal,
a9d81de3be41497a97a1acf62cd30bbe,0,normal,
24c4c0c10ad04efcb06cfb3b22e45bb2,0,normal,
ab4a5a2e1c9a433c8a0aa8142562cc75,0,normal,
745329a9393842cc8782a8518c62fab4,0,normal,
d794d9aeb8a24a9080b585b7d111fdab,0,normal,
91c2605f7f624d7faa02b6cc4e6efbb8,0,normal,
535721f6a57a4c0fa9933e48d1b91738,0,normal,
785996ea9f1b4c89b802d1af7e2a4367,0,normal,
ffdb67dad85649d0ab5f458985a19693,0,normal,
c5971a7849de4844abb68c7839ffb9b1,0,normal,
c447f745949741a99385d697cc17c0bb,0,normal,
3747968069d449ceb021382d5e537a0b,0,normal,
fbd2e56383cf4392b00400699206d085,0,normal,
842fc0ac86bb4884981467aa92a5964a,0,normal,
58a405a459e4437596d6ab2e4d842953,0,normal,
19f9f8c47f284c8c8da6674577a87ef4,0,normal,
c6a94324885d4f10a1f31468f68ab9d9,0,normal,
362ce8f4ef054a69ab2f59642a7301ce,0,normal,
cc2c939e8580487c90b29929fc7e328d,0,normal,
1fd9a7790a81494d82335a0aaea0c7a7,0,normal,
99b03b3a830f42be9f91156e4461cf37,0,normal,
95299aabba9941369668da05a108764c,0,normal,
6bb3d220ebd241d9a4133cfc08dadd3c,0,normal,
8f7433168659450698fa7449c84d44da,0,normal,
4562d8cf837d4863a37181f277fb1dd2,0,normal,
b9d84e5158a24686a0b19af4f40bba07,0,normal,
097ace8484f848e6977e69ad8e979258,0,normal,
a0de322dce704d81b73947b4db2dc0fc,0,normal,
ade6cd18715644518d2c63697f539ac2,0,normal,
47b45498d63c4c6aa1fc8da9b883e78b,0,normal,
a0f16164b8b2468eb331243e93f38e58,0,normal,
de8cdc2cc49e48df998e3cedc66b2579,0,normal,
ac0decf0801740e8a5ad00dc5c82f973,0,normal,
e6ad2ff7a79646beab3b9eb5423b4487,0,normal,
f4d25e7c9e8c4af8aaff782f250591c5,0,normal,
2ce2ad4afcaa4a78912c9ea42c3f88b3,0,normal,
8c1d189d7326438f958baacfbd82e3fc,0,normal,
8744a9ec98e34808bfc404f1bdd00846,0,normal,
02bfb7dc3ab549daaaf86815894fb898,0,normal,
bd0a04607ea94977921c741ede00ea3a,0,normal,
819c6bf7ff384e2caec032e1e6b12444,0,normal,
8a20c061c59247e2abdbcfff2bb0e3fb,0,normal,
091fd2a5f7fa4cd7884964dd5098acf2,0,normal,
bc45ecd0b55340d1842a5b3f1226e663,0,normal,
c2f5ab1f3a4a4f25a914ca1ca305e1c6,0,normal,
47d14db096d54a8f82c496f94a0099ab,0,normal,
6121558a0f90454984528154e5398970,0,normal,
f35dbff3972c4b05b7af31cab23ad06e,0,normal,
32f00d4c9ba44860b916816996de7b5c,0,normal,
efeb7c91275c4c448e22fa364df63484,0,normal,
31d634f308d44943a84e889fc50376f7,0,normal,
6adf617346604aeea2fcb38451a49f83,0,normal,
ba7e1346ed104535a8e008f16a984f95,0,normal,
c54cb185b23c4c44abc94df4baa3473a,0,normal,
b2249e9da549473098d1b31a23eeddc9,0,normal,
dfe7c6c937e24f7dae5ba2efa0b5a9e9,0,normal,
317f45d4d7b34eaea690b750f6e4ef26,0,normal,
858d4ce1e4734f9d983810d3b7bf6c99,0,normal,
64a11a0b8776459d9663094ba1d46aaf,0,normal,
bea358b9a88c427aa3133e824fd9a353,0,normal,
307651ab2a054de691ac9fd4b9e7fad0,0,normal,
67578be3f99f4cf1aca1594c13e33931,0,normal,
0bb494087d3d42329fcfeb9c960986f9,0,normal,
bd13ca3b7a8b4b4aa571c20fcf64ee14,0,normal,
725491832dda4e5bbe30a13e74368815,0,normal,
ff21914250934d0a9cbd52f3e0270995,1,structuring,structuring_11
fb6a7f9e31e04844917ec02ac3d39992,0,normal,
b905916d96e147bebdd046497c3193f2,0,normal,
a7936d550e1c488a8c05976f806b42c9,0,normal,
6905c8babd7d42e6a36aa1635998e144,0,normal,
e1e4a98969ac44f295c1928fef904ba9,0,normal,
3c35f6aefaf74038899b4819c50ee55e,0,normal,
4b1ed77a4bb9452780f1ae53db4b1efc,0,normal,
8c1b55b3336942a5a43175e5145e29ba,0,normal,
49777f90c4dd481a8a73df5f8073cb71,0,normal,
349615a09ecd4095a48e2047d0e08b54,0,normal,
fd349fa412194f5b9b0cec9582d3e161,0,normal,
1ee6a0295ebb431fa97e96d13d28556e,0,normal,
3e04db553c244df4b76ced0b4cc16afb,0,normal,
cf04abe286dc47a5befff7a3b36f7f46,0,normal,
bc84c5ddff884cb29924f7c9e43af7c1,0,normal,
27ef6b66b1094b56b422e24b27d96320,0,normal,
43656d1294d24fa29f79b168458d64a3,0,normal,
5cb65b62ca34433ba8096709947577f4,0,normal,
30c1b69eef6f4ac3af01af580a353191,0,normal,
f57944a228a04eca97d7ff21b18d0a17,0,normal,
6d829d0095ca4130801540f02b448906,0,normal,
7aaac44c018c40d3a3d45ced8abcf47a,0,normal,
b0d52ff6c51a43e082403b3934eec8f9,0,normal,
ccacb162dbeb4eb7b922c4c89996c1c9,0,normal,
06ce754abea943c693ca28c5dd9fccb4,0,normal,
5b84049734de4e27adfe927a241ee0cd,0,normal,
f606ab92215e48cf9533cc7d825b707b,0,normal,
782a4919eea24ed29a2481174109bfdd,0,normal,
2d739e0daf5a401cb2c46ff0e67ab959,0,normal,
d88325348062460e8593c0e23a59223f,0,normal,
8c683f4fec43457abbf8448106c5b3f1,0,normal,
edda3dc771714bc291b91b863f83e790,0,normal,
b60611ca33bf47998f33f9604ede1ec2,0,normal,
409843c084414171909e31d795fe7c67,0,normal,
196e050a15fc4f6898832513f66f91c5,0,normal,
5d7b97ec15a34aa79fdef542408a5f12,0,normal,
de6cbc50be474206ac7fed2f5daf018c,0,normal,
ee0b6c4a1f46428a8ed20727f90d79a8,0,normal,
308614e3b31c4cc3b81d90c923bdbd96,0,normal,
0eed441958eb42d381839b84db2a809c,0,normal,
00ad512db2dd4f87817b848c0f9589cc,0,normal,
be7eebb8ead3437ab42192d878fe1bf2,0,normal,
a50c392ee8914e50a7dfc0fa1d11cb7e,0,normal,
f4636dc83c2c431eb9109e58c4f5b3b3,0,normal,
120a62591f394e508ab434d0fab6cdbe,0,normal,
b757e9325eee4ae690f52f0e69f618da,0,normal,
c7ee20857f0c40959aecf3bd137df991,0,normal,
41fe14b0201e4848bb42dbecd87a699a,0,normal,
8f9987ced10f4cd6a71e25d10e3cc733,0,normal,
5c1fd007a60a427f80673309fe5d3229,0,normal,
1f70ae39c19345c6b86c51bc2ef90dec,0,normal,
9d154c267133434b85e775dd99c0dc44,0,normal,
27676034a6174ff4a3249647c3b82965,0,normal,
022058ea6d2f402ab1018708bdd9f19f,0,normal,
9f6d3a10f86a416eb9ac77140e00d092,0,normal,
5e419d5b44e04abbad209286cff205fe,0,normal,
56e6b857d75b4e909451e941ebf3f336,0,normal,
929c167b1ff243ba95f56308f0433e9a,0,normal,
567e5783011a49a6aa872dd0d4f6aff3,0,normal,
adb9eb74db454118949462b048c151a6,0,normal,
79fda551095b4340a541a11841bcd286,0,normal,
ad96414f7475414da934a9cc87ca9759,0,normal,
5d6d299970ca40e0807f696112a2c13c,0,normal,
2d67f386f0134e9884089454fd1074ff,0,normal,
2eea79158bf44b689c03b845874338f0,0,normal,
a2a99339b85c414bb844f90f1fcaf623,0,normal,
208f7f451f42449086f8bf9c9d4ef055,0,normal,
2358c5cd7c7c47aa889bae6247c36a17,0,normal,
c98aa6d8e83e4acd8f9bd763b390849b,0,normal,
6426e719b37047a680d32fb62f7657bd,0,normal,
900a543134a0483490771bff197002cd,0,normal,
988e495376244ef483e666c8d4a336d7,0,normal,
03f8d15803e34f2f950e08e946e91b59,0,normal,
a435125f4e324a0782035853b5096018,0,normal,
430bea8dcf43469ca733b863893370cf,0,normal,
9d4e8301db4a4fd1bb96bbb9236547be,0,normal,
24c6532139c7439294503b7a9dfb63b0,0,normal,
3ee6581323e54f9fbd8ac09d844b0aca,0,normal,
e385dab8a1fe4d6d91046333448a1724,0,normal,
d681bbc8d71e48878efbe86c4e7be047,0,normal,
73dbeb9b39d14ce0a11bc1f507111b9e,0,normal,
4151170547a74ec1bab36ed3041c0d64,1,profile_deviation,deviation_648
e9cdb2cb610c4752b935e4225e6991d3,0,normal,
32c87dc2b53d428c8ea6a95f96c951f0,0,normal,
591c19a761c540b68e2a5db6341f1dad,0,normal,
7d460b3edfbd4fabb650133306de697e,0,normal,
40adcc6a75314774ae235c628a0ade89,0,normal,
b1425554b0da4c53954389ca8a2d91de,0,normal,
62a433d91ab94fc695fa7715fc21b58e,0,normal,
8fa125032a05451ead1fe1d64c959287,0,normal,
3de0fc22b2ef40f392210e4b6f9fba6b,0,normal,
5474fff0a0624e93a58d989205629955,0,normal,
42de9391395340e2a8194005d7eeed81,0,normal,
3590578510c2461b8f1c0b5e90ce6f65,0,normal,
9b6306d1669d4413900ec6421d6398d3,0,normal,
6908072b7ee947f7beb1093595d8994d,0,normal,
899dd52b9d934592879f30c1eb215ed0,0,normal,
248b0f3f010e43dea228599c73def3f0,1,profile_deviation,deviation_777
8677029767674880814dfffc77105941,0,normal,
d2fa6b75aeb04aae84ecf3fcce6c4f6e,0,normal,
be622e6f435545318328519fb0a8f67c,0,normal,
1c990cbd17914ee69937d7840b0d0e2b,1,structuring,structuring_11
28db040e8c394ae79622953cf7955760,0,normal,
438951855e2746879ac6f20a97ec5a02,0,normal,
c57ab748c84d475bab25138c4ff1e5c1,0,normal,
dfc46652570146dfa533e7c41e7b833d,0,normal,
aff342edd3754b269f99145970a27bdd,0,normal,
731624bb7d9a4df888b7b9f11a88eb7a,0,normal,
1014f6ca1a9744a1adb9833adaf67095,0,normal,
74fc9fb9950b4582a67661077fb6c542,0,normal,
3df71dabe38541f1861e6345c9e874a9,0,normal,
15dafe57081649d9a8798d00e48c1e91,0,normal,
10214a5bb9c44c209b2c222e26a4c5db,0,normal,
c7e98f56c5d0429cae1b8a161b6015a3,0,normal,
df4619ef2b3846c1a4d93990cc084b7d,0,normal,
940bddb462054953a03d33016798dfe0,0,normal,
4f616f043b58456f8dbe8950675183ba,0,normal,
1772e810da074fd4bfc9270661d59734,0,normal,
79bc7ab021154b33a74be9f0f20a177d,0,normal,
9294fc2bfecb4ecb80adce11c98cb803,0,normal,
90f120d45ba044d492ea3ad0cac583d3,0,normal,
719aac5046c147aa8d85f9681ac9dd6a,0,normal,
68ccc32d7bc44ccbb83136fa49d6ca2d,0,normal,
af4909063d3b4d0d85b05a94f75d9731,0,normal,
c2384ec4339f45079ac9ea6197cf4d9a,0,normal,
95af885f11a54ba0a832d0982728adfb,0,normal,
8ac50946312f49499935e8e9d8f429e3,0,normal,
17bd43ffdcd54411be98a80b45518763,0,normal,
d71da5dd59384eef842d9291494c9c81,0,normal,
9d0768c6828b4379ae6f796ba67defda,0,normal,
1aa1c87b90bf4f9c8ea5d3e41333b2e2,0,normal,
94706eb5c77a494e8fa1b066286aa7dc,0,normal,
ceafe88b99114fe2a2f9800b796884a6,0,normal,
000cb633daa742568a2b5c80353a1670,0,normal,
7f3f0e1061404ff6bd6199df78983e19,0,normal,
d5848deb688c49d7bea271e273ad2208,0,normal,
5f938bb1a95145b4a3d60ab6a2c1da16,0,normal,
c3833ea887b94ef082b66d6a167ec66d,0,normal,
80820693d5b5462682bb3a985f912619,0,normal,
e46edf000352421daed86d1732750acc,0,normal,
5c982a086cf54129bbec9980e8395515,0,normal,
cba9189c31e64687b4ab2665397349e0,0,normal,
894480f1b545479bbc7008d7b10405ec,0,normal,
33e8bb649baf4d508bbd27ea79d4b356,0,normal,
fc0568ed416841c6a6002ea11fb0d7bd,0,normal,
ed4cd04b6ede4471a97d27d12a063233,0,normal,
06e0ef57ae9d4a61af9344ec9a4ac011,0,normal,
bd0d96b8fdc64b2286ce9375e1e7f743,0,normal,
fc10202e89074285b6685825f2f747cd,0,normal,
368ae862c78943ec951b1b3eaaef81ba,0,normal,
e53d13e8289746609be8d526f24d300a,0,normal,
fc02f015245543dd9ee4b8960380777a,0,normal,
917ccb73b79c44808e1f526e2da1d803,0,normal,
6ea5b1c4f5a84dfdbb4d42c599db8ee0,0,normal,
af9818b5186848f4a7501388ad1b06c5,0,normal,
4815044c90b0421eb4076a535b7f5461,0,normal,
e11a84b099644b5c9ff37c06a5437cca,0,normal,
675b5e8fbced4616b7d14feffac415c2,0,normal,
f4c88d663068473cb8ad3f4a643d9b7e,0,normal,
08b1ff5ac05e4092ae13756990b16158,0,normal,
988e9346359d43dbb835f8e91b21d5c5,0,normal,
f7684e69474a4fcb9b3f7d6ecb793c6e,0,normal,
9bd87922888f45359083a8f4dac6e4ae,0,normal,
5bb7f947456c42d997da5d1f5433a684,0,normal,
05a9470f8e1f417fb7b629317c95a834,0,normal,
d8964520fe244a1b85d4c7c8bd0dd35c,0,normal,
bdd3b5f8be81463fabca44a7a1746735,0,normal,
6def1fdf727f47058eda4aef18502129,0,normal,
4a0a263facdf4c97b8a70db338e1413b,0,normal,
5f3dbf849e4042329613ec66d509f447,0,normal,
a45ed9cf6b8f473290d2b33d294ba6c4,0,normal,
ae54d833aa3e4d70ab55ea7ba7cd79e9,0,normal,
0a224e9bed8844868a37a2b92eaa6d67,0,normal,
62e31922c29a420387e88f5d23e725f4,0,normal,
448eee5d4a1d4710a36ec5fe45df08b0,0,normal,
503a72e021e242f9add6d78b3fdc9108,0,normal,
95a3149b694541faa1e869927a42f4dc,0,normal,
00030c36efe3446cbcc9d780346e8cd5,0,normal,
ba1ee54fa9fb484283f11ad95aade490,0,normal,
e42e9f3f8e7b4ad2bfcc6303274475d6,0,normal,
6d321457f2d74f9586c8bc38d46d686e,0,normal,
7b2e91277f2847f49a2e0c08d853841c,0,normal,
b8826a31184441eb9ac4a49a7f189480,0,normal,
f6a75c0219ee48b3aba001d8d816ccfb,0,normal,
fe3ce6af96994c47bd3c1d8364d3c9b5,0,normal,
4254c318271f4d5ebdfde72962743a1f,0,normal,
88fd8f66b7d6401cba9ef89299d9f0ee,0,normal,
00c200768dc1412bba19f7557316cff5,0,normal,
8f0351007e254247b587b75081dbc6db,0,normal,
78c847d2843b46b49a16a097508cac8f,0,normal,
443d406c34a645ee825439d09cdff538,0,normal,
de55e19c089b4b7bb3aa9d578b7e57ea,0,normal,
a4511082dce3458f9950df02f6c41171,0,normal,
6d86f519a3a948639c41f70add88014d,0,normal,
fcd56c807b9e44f9ad9de8388c0fed57,0,normal,
50fba99082cf4be5998b7cd4e7a6acb9,0,normal,
ebe5d66e031b4cd4be02708969f865ab,0,normal,
a04ffb0bcd2b4dcc992513a9103b337c,0,normal,
e09b0f01995b4ab794dc8b4385aed64a,0,normal,
c4f90bcce2574f11aa8a14bc8067ada1,0,normal,
e0ac1be4257a4517b74495019686dd2a,0,normal,
f4a3892f60404969b16af590b3737fbd,0,normal,
556ca74ba0774328bc25ac4b61fde061,0,normal,
6c312e78702f4920955d0deacb5ada5e,0,normal,
ed2b1c0211be48d89a24e07be394f53e,0,normal,
74d35e1172ee4ac4a022f114fa5a508a,0,normal,
cbe04a66c998437cba5b6375e1016b09,0,normal,
9b47b65c38c643e5b15d1728c44709ac,0,normal,
2ba5b9cac6f0458daf931537c03971bd,0,normal,
202be74be8164f01bf570544e3f822e3,1,structuring,structuring_11
1eff03c231424b35a6cf49ee52bd2a42,0,normal,
ba73a232d7f44a3caa6402f842e77eb4,0,normal,
9affeff944c14de8b0b91f5906b2307d,0,normal,
7175e0391ca34f76b54ee16744434d54,0,normal,
968f842c001d46e3acb872993497b14f,0,normal,
a18fc1c984d1436bb39e3c5187082ee4,0,normal,
ff4cbbb10259467eb4eb5f7d8f2d3e2a,0,normal,
2db098064945468eaed0e2df85812768,0,normal,
77a807f9ff3349e0bef6b33472bbcede,0,normal,
0d217a0c36c346b78bd6855aaac2e327,0,normal,
0d1ce9a1c17241be8455f787364d1ab8,0,normal,
520818c6cc3d485bab7d19a40872f0a3,0,normal,
f2cdeb805c5646cfad92ce9e8cf6c54b,0,normal,
d934b881f7f843c3a8f4a4a4c144b287,0,normal,
ee9b07399c3b4f76bbedf488313241eb,0,normal,
d082e457305c4300abb9c0000c746653,0,normal,
011ed74aefaf40ca8c7f79a86f3100b4,0,normal,
6b9419092e3340cb8dcda45379a4db96,0,normal,
ee2038b94ef44a1299ccf6bed465404b,0,normal,
04c88ec875fe495b8947480281d5beee,0,normal,
9b5b44d4f4ce482f9975a619020e1e63,0,normal,
e3e34e9bb60842c0a51cb37e5533b4fe,0,normal,
ad454fb499ae4a82b5e44ca03d57fced,0,normal,
48a33f2e95f24e99a70e555a8ed22458,0,normal,
e120b363fd2043fbbbc3e8ae1fe29a4f,0,normal,
5b070bcb7bd141ec92597a6bcb1808fc,0,normal,
09d50a91fe944846bfbfa7e17b4e0533,0,normal,
d593a9fcce8447e7b34565cc5c4a69bf,0,normal,
96abc6871f6f4f61a67c8a86a13f2afb,0,normal,
e30e235d705c43ad829ca6e679f36710,0,normal,
0ab944f9fa6c4853a1c99ce33905839c,0,normal,
1c05c5f7a20443e1b7a4bce7ad54d6ce,0,normal,
7a13c0494ad44897bb75e52372f94bc0,0,normal,
ba96841cf9f04a869ee4ba282eb61ede,0,normal,
7b65f84c75f44c7eb7a14e0dd7acacb3,0,normal,
81cd8ab572ef4d73ad3bb10325fbb1a3,0,normal,
de61d5b1edea4329a6fb097bdaff24da,0,normal,
376edd7ccf7a47feb9596d6cf0aeb0f7,0,normal,
1ea6568958dc40db9f5afec0e00d4f77,0,normal,
2f9fed245a8a49b38d23733dee12de20,0,normal,
f43ea43faeb544c7aa20944b0c094e28,0,normal,
ef7a33ff1eaa49b0990e7bb8bcab4094,0,normal,
123afd751d4a4eeea36b6cdebc388d13,0,normal,
19659bb94c374fba89b0e2498550f1ec,0,normal,
ea5e46f8d2814c81be1d3c9fe36256e7,0,normal,
98fe4fa28c6a480ca4c60702e828698d,0,normal,
82399a57de334a8693a778e1b7c82371,0,normal,
f8397a8aaf8e4a96a4662eacb80ddc68,0,normal,
b9e195d869704c0c9bbf1069e2abc5cc,0,normal,
2ef40175fad24b45a2d4ae9d2f62a3c0,0,normal,
c3da907b7d8e4e249d626905380aa37d,0,normal,
10354cf350e3485985939751f8a91665,0,normal,
0248381ec27247ed9e19feaa4ae95cb4,0,normal,
8500ae36454e49cdb2609f99556df70e,0,normal,
3bfe4ec3404b47dea9cff1b61cb440d6,0,normal,
8b63238dd78342629c051829483918c4,0,normal,
30b7e4e4862b474dbc70dd455e7469c6,0,normal,
f7ab758447a945a598409f8edd16fe7d,0,normal,
05ff9b05d69143cd82c7f57dcadfa714,0,normal,
138f79d9c0554e0aa1df539b84bd982d,0,normal,
bcfde9deb5b14ccdbc94f09ec7e8c570,0,normal,
85fed2b688d4457a8d7df2cf1d2efc08,0,normal,
f847e909efc24eb1bbc010b331f6d943,0,normal,
09ade2bc0d044cdb877cf55533fc67af,0,normal,
64fad0636604470b9359effae1082cdb,0,normal,
95c03401648a474f9f67b5d813a87d16,0,normal,
2e76105028db4069abfeaf51d5f757ad,0,normal,
65373af4f6af42759804527184ccfde4,0,normal,
1d13def0d5e641579045bb44e44b44d0,0,normal,
f3fc4373fef74909ab3aa63c5d19c87e,0,normal,
afc7159388ec4e26b46ad80eb0b62ab2,0,normal,
c7399d594c404b2a94949a862dfb0ce3,0,normal,
00e99331505f40e4a9239aeccef4b898,0,normal,
60b85d3c7aa24237a1c9c91a84c89dd6,0,normal,
07f214223635407d87880463bb2034cd,0,normal,
1e6bb53acecf46f891532a77f896257c,0,normal,
1fa5f54b37344ca780ac5ad9f1c2864b,0,normal,
d87662fcba4c43d8bc10ac949c6c1e54,0,normal,
1f18248740364a3d83bb7f50fca75ce4,0,normal,
ecffda5567f549b49acffcd3a03aa1a5,0,normal,
767b98e3854b4f4693ed0faec734147b,0,normal,
ea635cce04b448dbb6781d7537a0c26d,0,normal,
474232587d8f4fbab34c4da61c922aa3,0,normal,
2a105aaba17d4624846fed2767718fa3,0,normal,
0c8fe865bf0740739cae70ffb4837c82,0,normal,
a651d49f4050483b802bc0b773356ff8,0,normal,
2b1ca9b3246045b9b80b187ee9ebab74,0,normal,
4256e4b3c6fe44b38ac71d9d67849c95,0,normal,
2d2ead52634d4710a6a2a728a6eda4fa,0,normal,
8aea90e4b2f1435ea8995fde256fe496,0,normal,
484f1f9e47274aa58361156bb0012d0e,0,normal,
2648355b29ff41b3a18333536a650fc7,0,normal,
79748678d3e54a59bb60f116987f470e,0,normal,
b25b2f671a0147b397dd008ed3058de1,0,normal,
8897ef9442ca4082ad47e0cc4253b1bb,0,normal,
c4bc971027a74d9cbc41cf774c308322,0,normal,
5626135501ec4f27aea77c53c5d147b4,0,normal,
1141a303116944299d5766ed8625fd4d,0,normal,
b56bd84af7b749ccb69e948a39336688,0,normal,
f966af8b100f46749956b70b61fc9573,0,normal,
93f814bfa73a430cb55132219940035a,0,normal,
29080ee41fdd4b0a80bd48d29bc0f058,0,normal,
7c3be192d04c4f08a302001932bdcd54,0,normal,
21673bc247d341818e5611b16403a2da,0,normal,
31c58fe914774d15aaec64a12470c6f7,0,normal,
9d122305bf82407dbc6c4cf9b9022617,0,normal,
e493da4761f04c3bb7403e8f350fdcd5,0,normal,
9af988b9fc3c409e8e06d87dd2ae088d,0,normal,
24feb213b77047d7be3c4cc85c87cfd4,0,normal,
8ff655fe726f406c9fb42f65e4b830d6,0,normal,
f484b74c9e734a5ab0dfb5dd192413e2,0,normal,
b2f4a3ed93cd4c9fb1248167d549b691,0,normal,
0fb27b7e7e7d417abf3e24561c8a21cc,0,normal,
23514dfea34f4ffb920ceac95ef1e4d2,0,normal,
3e8ac9c7be674a5f939e504794b06e63,0,normal,
641f680f29654e0a9fd7a83fa0e33ba9,0,normal,
af92e2a48fc74efa9733f1d59dc183bd,0,normal,
2ea5948424964d9d92000f8a4c864272,0,normal,
3b6ddd9b59cf45a6b63ec2c523477779,0,normal,
caa71d8b088240918503048915d30b6e,0,normal,
5587a3aa3a7548999b06f1a9de250a93,0,normal,
64dd5964e3974efb9e5a9eff2e3b7130,0,normal,
aafda7fc70864c9382f3df35537ef60a,0,normal,
ab658b5e3a524c4d99675eb3644ec109,0,normal,
6e5c887f36c94f9d97d3bc4ece9ed4a3,0,normal,
18c1acc318294410b85ed59ca67cf8ad,0,normal,
6caeb4a9e7d540e39863a6f0a3b79515,0,normal,
fa8287e8893b41159650e478776544eb,0,normal,
173820bc0aec435c94454dd0807a6c6c,0,normal,
e106b29519d74c4cb0f0dd59ed23e5bf,0,normal,
dcd314cf9b98451b8211a3257903ab9b,0,normal,
37d7a6723b6340eea956a6363430f7af,0,normal,
a269b6d3bb8341889f27cf9531fbbd3e,0,normal,
9e86af46c8924d08a5207fc4110b6a10,0,normal,
d0397087d8414554a2ad227e59876965,0,normal,
69f2b7829a274281bad29b7c02432e6c,1,structuring,structuring_11
beeb4a2a5ae3451ba04c40e7cd2a0887,0,normal,
1d6dd6beeaab4779b48ae6ab434b9270,0,normal,
28ef7d0ecb2c42419372b7be41c0f573,0,normal,
3cc92c93bfc64494b958264aca107e9c,0,normal,
28185577aae84ec6b3f22b8c5782cadb,0,normal,
1d844c1104304254b8be402c16119e8e,0,normal,
8da2670319134d8f913a773d31937a0e,0,normal,
7f176bb6eda449bca24a3aeb64d219e6,0,normal,
583f556c981c4673a7fdfc4460bf4e6d,0,normal,
c7dfc55f397d49bf93b0604f21b636b1,0,normal,
587c81ba0ac5419ebe86be3c7c721f02,0,normal,
68b07716d56549be923af5d2f3e5d590,0,normal,
55df571c704b4d68ae112230d578360d,0,normal,
143d3bfa257b4106b5ea33eabd51d44b,0,normal,
c700a5d8ecd24839bdc9176704c9912e,0,normal,
0be322c86c0a47e19cacdc891844a54d,0,normal,
e8df56b4764e4d3db2accca4f40c8e8a,0,normal,
588a31202c3443d9ae2d15a4ed1f3e85,0,normal,
5d2f685165f04faca018720c9a50aecc,0,normal,
e1223e783dee4eacb773df46ad770e15,0,normal,
8b63411b266e4ec8ab06441cc6541873,0,normal,
76b839c6a7b240358522dd338bfde371,0,normal,
68ed01068ad844c095aec2d152c10011,0,normal,
2a5a0b3cd5bb4230ace1ccc46a5645b9,0,normal,
97a6cb25048f4b0d9d4ad9826ba5a27c,0,normal,
2cefea036e6440f3a64c6340b1bab5fd,0,normal,
1edf93e996a044b09f60ad226fa26b7d,0,normal,
eef0aae845a94a7db9d8e191afa20f4b,0,normal,
cab3a30590fa41249ef5ce3549567a6e,0,normal,
3473333af15f4173ad0a1ffc22b34563,0,normal,
096256c1417e40728731d778dc4d1fb1,0,normal,
6ece22250cb74213999a01666de8006f,0,normal,
d732c4acce3c48b9803644845c0384eb,0,normal,
4e16632c79c84599a7b82d327c01f007,0,normal,
51ccd2b1043b4b9eb211600eda5f0650,0,normal,
774a13e068d840d5920eb0a2981031a8,0,normal,
187e6e18b9524d9baaccb24bf903665f,0,normal,
2e1d986a430544f8aa6fe01e3828b977,0,normal,
0d167b91ea1e4724a99f6e0c71cf2fd6,0,normal,
e3ee418627df4438be360a50f41df870,0,normal,
ddb021618b0b474988e23bda830c6e41,0,normal,
abdaba6acf704db9aa4dbe42677175f6,0,normal,
c2b4c3b457a94d038960db1b8bd6de26,0,normal,
3322c9cabf97439c8ff94bb45fd2389c,0,normal,
bfffab3275c94b30a10e34235e420f5a,0,normal,
72924f61d3494e6ab404e9da67511633,0,normal,
31a8e4628bf04829a6c1eb3725a9cc9a,0,normal,
e623a7e46e284a9aa297eda09299cb23,0,normal,
b43c3f687ff64c9abe8982103a866ef4,0,normal,
3f70adfe864f4000bf722d3725b8a4c6,0,normal,
db3b34fcebd94817a125b75298ac8342,0,normal,
0787f3e3b1344a70a401e0bc00ea99f4,0,normal,
6dd1bce97cbc4ac293e2182b229e328e,0,normal,
307e16fc788248adbdd712349b607e34,0,normal,
b0278f8d36724f0f873a1df30f886385,0,normal,
36f7d618b867437992f68b6a64bdb704,0,normal,
dbca9b0e144a4183b86baabaa9605aa9,0,normal,
ec3cd1b9b8de4fa48fb669089a1f6e92,0,normal,
12ef25e283e94b60a8db3eaf27e0b8e5,0,normal,
8af5cb921e57492996538fde096212d8,0,normal,
e869ea805ebd4946868b409485b350c2,0,normal,
98b62904fdb54fe98221883a633fa6a1,0,normal,
f86b52fd718b4ac8a665395a16008de3,0,normal,
a113d640dc22407b94c04db4cf724164,0,normal,
9b77ec0baa0a4067bf866d44bc870efe,0,normal,
945cc0694d124bf3a2f2066533df21a1,0,normal,
a45fad5f25f641bf8fe2b79448079dc1,0,normal,
223ff9af40824b78ad3764fd5eaa35b5,0,normal,
fbc580d8b89145e092f17a32063c2eb3,0,normal,
84c79488aefd4096836de8a733a16aa1,0,normal,
2f49cbe1731c463981ed949f0b0a2a87,0,normal,
550a69fd637a4a34b6059d50593947a0,0,normal,
bd675441ee074924916800ec0179dc12,0,normal,
901c6162591546238a3345e34476546d,0,normal,
e561f2d6fe524dbb86559fc1df145548,0,normal,
1cc234b4e0e44291a98e587db0253a29,0,normal,
fdef38b7b42541dfae002693b51a5895,0,normal,
02e19960261d43e88eae693de1e4cb10,0,normal,
9e639f8c74a543cd89f7e9af2f59f0cf,0,normal,
82c53b38dfe74341b596e4adfda734c9,1,ip_hopping,iphop_767
670c29b09f8d4c48a8001f70be687e98,0,normal,
1678589052624e6795d72bff2ce04163,1,ip_hopping,iphop_767
7a70b524d8ca497da2d20c04eb84ce09,1,ip_hopping,iphop_767
b7e6c2919a9946cd8e3093043fff8e7f,1,ip_hopping,iphop_767
603d9ee251a54264bebea21f909b3ae4,1,wallet_reuse_burst,burst_750
ac08df8f3fe04060bce93403402c8132,1,wallet_reuse_burst,burst_750
838c9d3bca4a47b18c802171db42c6aa,1,wallet_reuse_burst,burst_750
fb45043e2cd0498588472917a81c20ed,1,wallet_reuse_burst,burst_750
4483fc553b6b4252841ae8016807b90a,1,wallet_reuse_burst,burst_750
2a937a6365ba491ba86ccc5bfd78de0f,1,wallet_reuse_burst,burst_750
b829dd5acadf4fe59cba2543e30c7eef,1,wallet_reuse_burst,burst_750
4e7085d1a22646f88e8b633fe7992027,1,wallet_reuse_burst,burst_750
e61c15255a314da1b963daa6bf17b67d,1,wallet_reuse_burst,burst_750
1aa2c19266ea4326bf3695de527375db,1,wallet_reuse_burst,burst_750
f0a7c0f899c949e88cf5cb639c040636,1,wallet_reuse_burst,burst_750
c35f17e21fb4438f8f2fd156c4aa6fc6,1,ip_hopping,iphop_767
bdeddce5e90f43f8ba5abe895896b7eb,1,wallet_reuse_burst,burst_750
e7beed63405740698fb4bf961aa32033,1,wallet_reuse_burst,burst_750
a70ba3a25f4e40319e903af493b3f8f3,1,wallet_reuse_burst,burst_750
afe98aab620143598402481b3a480943,1,wallet_reuse_burst,burst_750
4ae0aeaa0b1246d1994790672df22f4a,1,wallet_reuse_burst,burst_750
68926a1351054736ba14fb32237dc936,0,normal,
0ec2b04d1b54435da97e3e50de1b5d91,1,wallet_reuse_burst,burst_750
ff54ea19572a4c15b9122821c2dbf73e,1,wallet_reuse_burst,burst_750
46f62033829449d19b6794b3c4b133d8,1,wallet_reuse_burst,burst_750
13922df9964e486780a0e2c2f720d75f,1,wallet_reuse_burst,burst_750
f02af8abceaf4e7cb5bfe6bbe73a4717,1,wallet_reuse_burst,burst_750
b129bc664f964c51b105c9eca229f122,1,wallet_reuse_burst,burst_750
b2f3db4f24ea4498b52931fbb3abd29b,1,wallet_reuse_burst,burst_750
6a84bd3d1cfb4d7daaed49b4f86be9f9,1,wallet_reuse_burst,burst_750
0ea315d746bf437cab66dbed7c510686,1,wallet_reuse_burst,burst_750
fd13a1ac722a47f3a4c868c5998aec4c,1,wallet_reuse_burst,burst_750
e5406eda91cf4ea4be88738dbc855e34,1,ip_hopping,iphop_767
8bda29f4a44840569dbf7d58ccff2723,1,wallet_reuse_burst,burst_750
72d48a6af46e4be7af0dda7c35736cb8,1,wallet_reuse_burst,burst_750
73402b6f821d4261995ee852c86727aa,0,normal,
dcc038ed4a964b41a9459c31dc2a84be,1,wallet_reuse_burst,burst_750
5274d641e03a48e4a1ee7faff366562a,0,normal,
1cac34818f27429294dc449e312c0dc2,1,wallet_reuse_burst,burst_750
bfce3d008aaf41d19d9742f990f942d0,0,normal,
fea2e82cd1fe4edb89344e46522bc75b,1,ip_hopping,iphop_767
7d94d1717348485c816d2c5dcdf1eb74,0,normal,
e24eae49aa28430f98b97e18c82acef5,1,ip_hopping,iphop_767
a7c55593baeb47feb4ed4f9fa1f3f780,1,ip_hopping,iphop_767
ef74922e118b4b3aa1475632e788e0c1,1,structuring,structuring_11
4f8f7162f884447dafd8cde4ced936b8,0,normal,
d64722cfa867453a9982236af07c96fc,0,normal,
3243c0fd45684d1f88ff3cb921fd1419,1,ip_hopping,iphop_767
08c26f88836441bb86248e38fa385031,0,normal,
e567fef5a6084647b2fa323e6e947208,1,ip_hopping,iphop_767
aa8bee1efde24076ab5cbb31be408bb8,0,normal,
35b2516c28654872889aff59c2f6cf67,0,normal,
3197bdd54ba84ec5aa98394a607b350a,1,ip_hopping,iphop_767
cf65f847a13a41e1abb0aeb84124fb6c,0,normal,
1cd094f7a3374d6087de61bd77fb2c7c,0,normal,
69718ebb535c46b4b4ee4c175bffd718,1,ip_hopping,iphop_767
1922075a0c354809b0922128a28ba489,0,normal,
0fe5f355c05a40c0adf0ef152ffdbbfc,1,ip_hopping,iphop_767
67e605fb3ec7447baece38dd75a3c1fd,0,normal,
f28924e64d644e78be53a5c55af10ed7,1,ip_hopping,iphop_767
0a748cc5d144478baae6cef8dacc989b,0,normal,
c6fe3ee53f5f4b81992aaa9588b1390e,0,normal,
c384490e40464bce8d73ca7eaa4b1081,0,normal,
7a7d014409254d65a92e7d8e8b107e36,0,normal,
3eaa66d62cc1447588880e9b7cb4c99b,0,normal,
8254a1fb3dc14593ae82caa3b3a267c2,0,normal,
5f39367e8cac4715843c03949b403c8b,0,normal,
e9a92f809e534434ac42b1461b14e28d,0,normal,
aac819c8127d499883170dbf3cb1deef,0,normal,
c0a523f8a4e148c7b11406c79910383a,0,normal,
3deabe02b39a409ebb15d52b64fee6f2,0,normal,
2bd14792045d4bfdaf5cd202d94b8adb,0,normal,
2a51ab9f38fa4b8b92a847ddc9a09411,0,normal,
466bec4d93984b8bb39751ceb871197c,0,normal,
de3943c6e300425ea5c3a29583931ea9,0,normal,
f7af0469105b4f04af6233af99fdf4c0,0,normal,
5af6b5e8d117472884b23b98199aeb4d,0,normal,
670a7c174e4047cc8b90b747fcdfaffb,0,normal,
f4d9aebd98b443eaa9edf8a569e228ef,0,normal,
a9ab80fd62344ea3b56c134254aad9bf,0,normal,
f776d46cc17b4df295d42153689bc11d,0,normal,
6cd8595626b443059df2a44737c60a6b,0,normal,
dcc1739bafb94558b37ed7ac967647e4,0,normal,
d78bc9a7a47943e2b8ae020ea43ed761,0,normal,
bf2ff57c284e4932aabbb8b2c89e90c5,0,normal,
eb2728ba4673411fbb17122e008aa244,0,normal,
5a72e56782364d039b788de8cf286d03,0,normal,
cf71174af1624700a767939b8c5a9ff4,0,normal,
b27366a11e9d4beca7b704957b6d532a,0,normal,
801c98b818a2404e81377968d26c7bbc,0,normal,
b7011279e8b2434ea6067474471d3deb,0,normal,
79306d5a0d5e47508ea49510d5dafc52,0,normal,
20ba7a488ba446e195c5dc3af38a1f82,0,normal,
a280de4199f848b6923d810a6f054245,0,normal,
b5b7b99e30b54dbaab8297ed25b76d0a,0,normal,
e1ef227136f04b159670905e59338a75,0,normal,
fa39c33e2d5e4d6ba3e59a250123eef6,0,normal,
10aef38e6b0d44afbe3caa2dc575a64e,0,normal,
d7bf58e1b6954bcfb48035489cf3b950,0,normal,
d102300ba5d24df093bd5601d50874fd,0,normal,
d286c048ed6c43a7b587e7755ae0d66d,0,normal,
9bdd0cd172e048bf831f893b13f27bae,0,normal,
58c6d1c1ab54453eb386432211d8d9b9,0,normal,
8ac170661cbf4c90a74c1798127eebc6,0,normal,
f522dddbe53c42ddb6f5990aa825f948,0,normal,
d2f4861fe6b24e069a0270e73d433456,0,normal,
b4db38760aa74c5b81e04716d78d0011,0,normal,
0e2a9fb143b140c2b3f157c6a402c3da,0,normal,
a46164d2c0504d09bb8f5900eb0adbc4,0,normal,
8992394e846a491484ad43bb25f6e458,0,normal,
71c66890b19340a08be940b50493b9e1,0,normal,
b455af5eae264d83b661a9cd088041be,0,normal,
f37de0aec0724d019cf5bab229ebf7f8,0,normal,
87436af58eec49999dde55f03de31907,0,normal,
ebe566b418474737bbf1a815cfeac487,0,normal,
ed21417db0eb42bea5247e4ac4efaf3a,0,normal,
3020d01f54b642ee83dc47da57484910,0,normal,
87e963151d6a4b449c2b892ba48050c3,0,normal,
6155d4d406c543dd8f9aae3f7e9ae377,0,normal,
3bee853841374fb1b751d2a870cf58c5,0,normal,
34c180c680b84455979ea76c35ae40f4,0,normal,
6c860064bf70434abad5c87f4c1f3e66,0,normal,
71251b65a9f74e8398b97d1a04c3dc97,0,normal,
e78e49929d0a44c4b38609abcb94e42b,0,normal,
f7889037bdab45e9b2c5b97d4cc87383,0,normal,
50285c5e6d714fae9455720e32af821b,0,normal,
27f2d8d5db9343e59590adf685eb3946,0,normal,
1154da0a39244b42b0eaf1e0997e5665,0,normal,
7a62d6da140647b1b0f99cad7bf00df2,0,normal,
67df3e53345b4a9eb678e3e8c3515f9b,0,normal,
cfc172c25f764a94ae5f36e5b3a00dc2,0,normal,
af882cf85eea4951a2d564d7b71970ec,0,normal,
3cd009f5ae1f46bf980e648557171b17,1,peeling_chain,synthetic_chain_537_hop0
2b98459bf3524e1a8ec5134a968be949,0,normal,
368bfc4a1faa41cdaa1071cc8dff6f80,0,normal,
b19ffb0cd70b45a3bc6e19feb55ac1fd,1,peeling_chain,synthetic_chain_537_hop1
9d8ed1c94f9f46e999045674f1a8b901,0,normal,
c40f2de00bdc44a88a55e47f76b1e7ba,1,peeling_chain,synthetic_chain_537_hop2
f61775c2b683426a8eebff4f39a37ed4,1,peeling_chain,synthetic_chain_537_hop3
a61a6fc110934671bd4ce70712e07fdd,0,normal,
263cf0e10f7c464fb5f776c9e29d622c,0,normal,
a8ce7e165add4a539d52276a289489dc,1,peeling_chain,synthetic_chain_537_hop4
341d4275406d43f5a7f636a02d41bea1,0,normal,
571f7edc63574841b90dd33c5fb4e6c5,1,peeling_chain,synthetic_chain_537_hop5
c4ac40c12b054745a8fc0c6f7ba87187,1,peeling_chain,synthetic_chain_537_hop6
ab18e7ed699c46e49a20b4baf1d3c0a9,0,normal,
e7b65bf9f3dd40939c8a445d8e4f03d1,0,normal,
08094eeabacd4f18a34e3005846e6e7a,0,normal,
e460f93859dd4ce0b14946e70ef7f293,1,peeling_chain,synthetic_chain_537_hop7
f03c6567f70d4ecbb4daa084823f9e8d,1,peeling_chain,synthetic_chain_537_hop8
0c373d8d5ae24c1e81f5ee7dd06eff70,0,normal,
1e3c1a02e32d47769f1196c8434b9b71,0,normal,
067f28a251ba4306a16a8ed9c5e97f75,0,normal,
d46c4af8782540088df5ad66d271f933,0,normal,
ca7fd1da6b7b4b07b130701e7516ff9c,0,normal,
bd395e6f78aa41839854d71698a1879c,0,normal,
3f78f3599c73427b9457a7c795940cf3,0,normal,
9020a59775eb4cec9376f8e3d4b08736,0,normal,
255cd33c2c824b4ebccef515a3322053,0,normal,
7c10fa6a57c0496abb17ede3e6aad501,0,normal,
13ee8aa92b3344d2950d2a8e6f613f63,0,normal,
7514284cc59e43b6b146282045cd58d9,0,normal,
c7356c42121d446da6fcc88862a33f72,0,normal,
6aba6c51ab0145eeb4ffaba9db7f0661,0,normal,
365d4d192b43433c986296e5020fb187,0,normal,
2643290acc5546acaae0b93c59033916,0,normal,
894689f18aa2435b89df859c9f0c7ad9,0,normal,
0bf89c1b04f9491bb665f2d1f61634e8,0,normal,
0435675332d94941bf3c0b087b82a86d,0,normal,
532f6257f95742afaa107d99574b7a87,0,normal,
ee19ba3f553e414ea3de9ce625efcec5,0,normal,
b13096c527e2406da1e91d7c416cf10a,0,normal,
86cde97e3dd44460b29b9dc2f40bfa93,0,normal,
d818e9b1bd79413b9a7a8ba42497538f,0,normal,
05929126215449e4a4ca2d5b3751cc7e,0,normal,
c07683301782400f96f26706caa500de,0,normal,
6d335b4473e44cfe93b2cd3a84b35cad,0,normal,
3310346e460342fdb3fea539c1e7e277,0,normal,
32322a09ea454455a095b5ba1e40ade3,0,normal,
772a40ccc73b4ae0adbad213b23cc5aa,0,normal,
779d3b56f40a4e9ba256dc421aa0176b,0,normal,
eb36da496d2643f69475f73cb6d44cd1,0,normal,
c143cdd649a74b79a1e9b3fc37963f5d,0,normal,
54a10d06200149698e07f2e4b078b4b0,0,normal,
d5ccaf8253ce43f39bd6381cbce503ae,0,normal,
091a54bc6d3d41d78097861ad81208b0,0,normal,
67e5e15615ed46788007ad7fbb7c48f0,0,normal,
d2cf6f9c8cf04f9a9622f69db026c9e1,0,normal,
f26cd6acf6e74499afad668b4cc84b1e,0,normal,
09479071624041e19ead634d65426be4,0,normal,
1f6a8db02ba54f1ca2a0b095b8a21bc0,0,normal,
1cda98aa76d444038dd9c79e714a062e,0,normal,
fdd4f2f2e6d74e3b826f316228f43f09,0,normal,
db4455727ec94f76877e8ae115c6187f,0,normal,
cd32f9173ccc44fb872c8d39e1f80826,0,normal,
c9d6eda636904302a55ac7d4be1b9ad1,0,normal,
43c907d25c8a452eb2a9d5d6b3f828c9,0,normal,
29d4b68af7a54d2d81c1bc0f7f6fa0d8,0,normal,
a076b011db1f4ed3bd32a75d418f5cd7,0,normal,
7ceecfee22d04124838cc30b0a3a32f9,0,normal,
5e7616bd7dc9441789a719256eb90486,0,normal,
8a386f269d8049d49476a3c4dcada951,0,normal,
1f2bd4600b774b5ea8a601af34b3d102,0,normal,
5c446162671e4858a65d96a9574d72c8,0,normal,
ef87171351ca430281fc54ce237a2738,0,normal,
73a2ed11605e45af8b309060f30e9882,0,normal,
9f3ccd7ff425402d8bf2dc066eb171d6,0,normal,
745785488b5746a7b609db3c94b63eb1,0,normal,
5896013f4afb4a318df4cbde89bbcf4a,1,structuring,structuring_11
944659b97c314bfd97cd3f27d5f8333d,0,normal,
1903755a954344dc84c3ad59f3e5ca19,0,normal,
3ff1ff7eaffc4bae96c2b392623f9ae3,0,normal,
ff60b1df12e94261836fb359528f1e0a,0,normal,
f50a827a0d7540caa0b454f251e85fc4,0,normal,
aeca59b006d94a5cbfa445fe924e2bcc,0,normal,
cab1c0df06d54b3e95c9563dc1ebda34,0,normal,
ced8c18c71ef4babb3e68c70e6227289,0,normal,
48875727746a46b497851cd6cbf99e44,0,normal,
17b09d7258c24583a493344622b66f1e,0,normal,
0af2019b348242a881bc9526e663058c,0,normal,
69cb2ad977954cc896752c02d2bff9b2,0,normal,
0f8ed9d478df4dbc9e37793a747df92e,0,normal,
1bbd83d9842d48219e308eed5f709c33,0,normal,
8b23cac6c605491b8cdcccba88ba88ba,0,normal,
1287efdff0004d9ca42bc86a107b35b4,0,normal,
34e6958afe3d49a0bb8e323291cd2307,0,normal,
07c18de2f87649ae88ffcb83e4dcb079,0,normal,
7820153d6232420b84e044dfbf1d1b8e,0,normal,
d9bffffce7144c41a6ec6d63cef25790,0,normal,
2b9c397dc3f343269a78a5fd627554a0,0,normal,
f8dd8f1802aa4bac98fa3a34ef35cfa0,0,normal,
99c4563a9d794fa89262eff6a5d60a2d,0,normal,
e80b49debc3043328dc792a746851f43,0,normal,
5f88d0e800374222aa64d5dee8c29318,0,normal,
025105142703442da8e1c6c89a807733,0,normal,
326f058fdbdd46648e44efb2dde4c625,0,normal,
3f289eb026bc41d392c828ea5ecd597c,0,normal,
1109bb0a620d41569af5bd54f87302f5,0,normal,
32f7f972dab84322b485b809d955e28a,0,normal,
72c0f76b8fca4ba4ae95e19ae79511c1,0,normal,
1dcf0264ec8841d6b6ace5d5823f1f6b,0,normal,
de50384e983346c4b9b82d639aba3cc2,0,normal,
69c0920176004f42a48d77b1f51bf7ca,0,normal,
72f861dc31bb4a739760c1293afe0d56,0,normal,
083cb02872584c28b970d667d5e19a53,0,normal,
3ef619ba0845484081b7d1a2687cccd6,0,normal,
cbabd27eeea44d2bb53e7d0fe14fb97c,0,normal,
0bfadf1fee214de381d8969f6500f191,0,normal,
1b7b01cf5f1c4e6c90b190b2d6916bab,0,normal,
5c05f3c5f53249908de4bd59d082b3bd,0,normal,
a3f30840f25f4d74949714a099b5a8cb,0,normal,
5cd2fa0a215a44c8a30178186e193d37,0,normal,
14678f31799c47fc84ee3954dea86477,0,normal,
05f7d43a516c4465be6a07f300b74a09,0,normal,
bdbd3e956ce1437bb5b7d76bfae012f6,0,normal,
83694d480f514efd9cfe402b15bd7c07,0,normal,
eaa8ea5e8ab14735a9ebcc26c58a24d6,0,normal,
3477b6f44d504a0f9d41dbaec24d0218,0,normal,
fb43ae1aa3a44530babdd9c1a104265f,0,normal,
60db65bc9ece46eb82fd88beb6ba7e6d,0,normal,
2bed42d13c0646a2b5cc02b8d49963e4,0,normal,
b3b0e64242d74181aaadcf08fc132bd2,0,normal,
fc1ed83b40b84685b0026240d9ae362c,0,normal,
9e3a869868b544949a6e870487213c6f,0,normal,
9b9ab33c3ca84ea69c9c17bf0dd335d3,0,normal,
b0ad985ce15c424c9b74a4f5688a3914,0,normal,
f615a444e41f4121989e25f80029e1f1,1,peeling_chain,synthetic_chain_147_hop0
047822655a4a481b8b95c9b22ddb4889,0,normal,
a348ba54becd4ec192bb445056d78c8b,0,normal,
f8e54933f13b468ab513b5269c44bb8f,0,normal,
7e4f4f8d4f2440ec995279d7d491b966,1,peeling_chain,synthetic_chain_147_hop1
43e652aa9acc4ecca5db0e10bfd7d145,1,peeling_chain,synthetic_chain_147_hop2
9475c39cbacb412d8b3a6ac5564edb0b,1,peeling_chain,synthetic_chain_147_hop3
c02a7df5487d461b948d69aac89eceac,0,normal,
2a7d0d480974400e92a10b2df242433c,0,normal,
13f050426dfd4b439369bd46185102ad,1,structuring,structuring_11
d0eb9864524a42d4b0f5c986e10a230e,1,peeling_chain,synthetic_chain_147_hop4
f596ea7c0a4f46fcb10cab4e7b72e085,0,normal,
0d854d1b8d5d40c6b08545ba0ab200fc,1,peeling_chain,synthetic_chain_147_hop5
5dad2e94a6be4db1a822c6999feb9a8e,0,normal,
d533e9d480034cb79952b86ec328c7b1,0,normal,
f3cd972d56974615adfa74223e377382,0,normal,
008626e8df6247d099cd314228385e65,0,normal,
25d75eb734954dee93689034746b767b,0,normal,
7e777db5be764cad9919cf3c07c38cc8,0,normal,
a059b5eed6114dfc93a7fdaaec396257,0,normal,
596597059e12437d804d9cdfe21bb1bb,0,normal,
78275f923a144ab780ce6f535e57d923,0,normal,
567b91f866b540aebf21bc57e594e18e,0,normal,
6912ee07730c4c1795903e8229f1e51a,0,normal,
587ff2f5a87949969cc60fec85aba8a7,0,normal,
5a8c6ee7cf344c0aadba0ecfb46f0495,0,normal,
aaa1003410ee4304aeeb19cc945b4453,0,normal,
b488fdae65a14eef8f0b6e6925c32493,0,normal,
8b8c9aa7ca0741f185fddc972bf524b4,0,normal,
63787a666a9a4541acecedab08a4e338,0,normal,
9019c4184acd421dbe929fd356df0b61,0,normal,
1f50fcefdf0f4286a74ff7eba51cb379,0,normal,
1a8e398516ef4f418f81bb44c11a3fba,0,normal,
7eb87cb498574ef7a0e832eeddf2230c,0,normal,
a76ef97c7b254492a6feb8db64d4dde0,0,normal,
994a6bc18c754d409c9ff6028cf13a4e,0,normal,
f5fce018a0154ff89706f166420e68af,0,normal,
0d852e9ea4bc4cdbb200e69c4bfb1cc6,0,normal,
a13029d010ca433bb1f81a98815ca288,0,normal,
85fe755269fd406480a25eaa1470780b,0,normal,
f45d90c296fb4a4f9b8b4a2b3cda2527,0,normal,
92fc6a47f4a0495f9f613060179aa269,0,normal,
ec555ab65a534d42af0b66a66efcf166,0,normal,
2ffae0b5d863422791ce7b6a58b0cf93,0,normal,
24592f9ca4494b33a05dbda61d61dbd8,0,normal,
999e5bf9e5244e689409f7ac45655d14,0,normal,
a0d9b6d1ba50430694290a4e009b1856,0,normal,
e17d8b0c48474812a180a72f3fa19c5d,0,normal,
37bd3675dbb4494f9d865769c3dcc878,0,normal,
357cb7d5632b4f60904164f4b8523276,0,normal,
6ed22ca9176f409280809f60c965009f,0,normal,
587c4640f70646078aeb3bc022889021,0,normal,
205dbd3558ca482a94fcbf4e642a1f63,0,normal,
7f5d54cc19784d2bacc419687be4de6a,0,normal,
d872b20e02b047feb2ccffe6188be8cf,0,normal,
68ea6d2ec49a4999aafae0f68abf5d40,0,normal,
d4b7f94912e14e9683c868bd0960c1e7,0,normal,
f8a6a3178fcc47a18512a3d9c42e34e3,0,normal,
a9a9608898bb4cb9af64642f6d163476,0,normal,
0b34a424b05f4977a0bdd8a810f5961f,0,normal,
90c950113d4b4f2dac47dc89a184a191,0,normal,
bc904eb810be409a8bd7aa6bbba4f8cc,0,normal,
51fa7e609e614ab59d8a5559e47ee648,0,normal,
8985df2a65b64026bac19ca6d9f302a4,0,normal,
6218eeb3b26148cf908e97e0488e4bf8,0,normal,
8b3425ec299a4ebd959b44b4ce27a8c3,0,normal,
232150bc0b5e48e8ab7c257488dad1b7,0,normal,
bd460e7ef7704e0cb76c2b44ce4885b2,0,normal,
4965ccb3073342a99ae6ebc450d55ab5,0,normal,
713274e108a54272a1fe399b47a3da2b,0,normal,
009bc88ab8cb4c67a226345440f08a3d,0,normal,
7363c355267f4e038d316c50e12e4eab,0,normal,
b5741c36f1f54c2a9886cf58ff839e8e,0,normal,
2939c9328ff04868b16a1956a6c0ff23,0,normal,
ac2b0583998b4fb9866914c303b17826,0,normal,
e12e47166edc463786a1590989177871,0,normal,
1fd0ab265cd74e71aaa9e217280cb8ac,0,normal,
e03117f619894db9b4569a2912132d1a,0,normal,
6f07812d110447648689265a22fc1f39,0,normal,
3923144a8f3c48fdbd1eaeee6cdc7fba,0,normal,
cb7c60c10d354fe8b3251c0c4ec1ddb7,0,normal,
0418b695181d44ad8a4ed3e6db75fbf4,0,normal,
6e599fc656dc42afba37a3c4c75a3b57,0,normal,
2199f61934374c3da8ce0992ceb9eb0d,0,normal,
b7b9a1b94db74354a5571da30beb74c5,0,normal,
5f9866c8468e4193ae5565f5e16c79f9,0,normal,
89a27c0b8bcb436c9e87069e1edae105,0,normal,
a9c5bcefbfd54c17a9eef95041bbd7e5,0,normal,
54d23fe9d42e457ab8078c1935496e89,0,normal,
9520a30c4942409ca468a867be5e2a75,0,normal,
8e1097cc1feb4516bc2a42d4e2fb9390,0,normal,
4bde035ea04f42679320c2a7d3d17bfc,0,normal,
3a10042ffef845fc878b231e0f19bf1f,0,normal,
9a6283632b234279a906b8c54df36fa9,0,normal,
6c3280f553634e80beb19b6f5fb1945f,0,normal,
6c718f5e1afb4f8ebf4d0a0ccb501282,0,normal,
2035c0c968784345bc098dbff39d000b,0,normal,
b9e425cdc49d4ae7807e8eb526038404,0,normal,
754f9c72cf0749cdbc1bdaed1745b20b,0,normal,
7e7d150a43974c589bed990e0bf4b179,0,normal,
1dcc785f05c04bd9914574508b1a7320,0,normal,
941af2f6ce184bdb92a456229fe123b9,0,normal,
49d89746614d46a88b255c00d3153e15,0,normal,
67db0fff157f4fcbbb76577d7f3a1114,0,normal,
7ce6474448174c76854e81cf20fb9ed4,0,normal,
7bc3ae232fb444abb13fc4d911ddd603,0,normal,
82d28cbe6e814f47a9d1fe1895aea25b,0,normal,
fc2e352236bd4dfc8b5f0b49db888454,0,normal,
cad9385f91cb4ca183b15fd26d586f17,0,normal,
dc1c5d2816224f759ce0f053ee8cc3fa,0,normal,
7fb3049317214fbbb85e7f926daaf196,0,normal,
a4fff711ef324254abef61a6a3f3b851,0,normal,
53280dcab124488fb03fcc8cc48c4500,0,normal,
ec4e1b773d004eb39d04e2dfaefd1987,0,normal,
33e1ad3f8ca245e98d975b4b97f7f12d,0,normal,
d731f33cecef492491ba11258e55ff7b,0,normal,
fa9fab910406427cbd4d8a2e6854729a,0,normal,
b018430344174177944226f889e1deb3,0,normal,
fddc1ffabce74faa9bddedc38e415f5f,0,normal,
de6a0fe602844f8ba87db6f493d7d9a0,0,normal,
6350fc46a4544e6783f86ebae785c8e0,0,normal,
1ff1442d296642fbb6fa6d9587b21197,0,normal,
f6598645e02147edae4a33fb8f16a5f4,0,normal,
bb6f2fe8db5b4107a4b0d65b288d17a2,0,normal,
d7a57359b7b74bf6a0172c6c5038d39c,0,normal,
95056d211df942ab960e1c8f052e2544,0,normal,
75f6fb540a6b41318fc1d570df0c7404,0,normal,
f59e2d47ccc24b6ea7ea61cc0f2358ef,0,normal,
13e05891caad4b35b0c75e3e073a176a,0,normal,
8f4b0dc153cb4091bd48e0cc0683c723,0,normal,
760734af906144a0b6e2584ccda467e3,0,normal,
471be9e821a64fd8a7b3e2c95c0b5898,0,normal,
c76493ef17ef4180a66545fddd8370da,0,normal,
c6bd5e63431f43a8a629d92200a57d9d,0,normal,
0745de507b504e93818af05ab986aa31,0,normal,
09b92f81526e4b59afe6fd53b052f38f,0,normal,
ccd2f787d7d5414cb0c5960e0352fec5,0,normal,
af32a6bcf6c04c27991fa026c112303c,0,normal,
ed8fa3e7d22c4d7e94e4e13753846c75,0,normal,
64c2aba0cb724c91b6abb8c909a207a8,0,normal,
e58658720e754ec580f3b6c9c454cec7,0,normal,
1d583fc1a12b46b8b998ff68195fae30,0,normal,
4b98804eedd84d50838cf1536dad11bd,0,normal,
06a6c3fc2d7f45e294648afc9a67941d,0,normal,
4c0ed94997b4431a8cf2b4fc51086d35,0,normal,
ae6b9a9b791d491599745b604ba2487d,0,normal,
ce5288d1272e4155bd7949bf384e6fc0,0,normal,
77f5324a770e44afa0cdcde1ffb7729d,0,normal,
5ec6829b0f28400d8c9120c2b0361637,0,normal,
f680fe86d82e4e21af381c99ab409367,0,normal,
d283343cefbc41f588b4de1427f8b516,0,normal,
03f587d5bfe04dbb8932c1a77573f821,0,normal,
8651d513fabb401da1acb2c4fccceb4c,0,normal,
bf5cbc1ad52a4e038c4f59638c82a6c9,0,normal,
bd06096cb5374a4584fbed5446202b1c,0,normal,
50b6a10fbfa642c5bd292cf19b879077,0,normal,
dc11239a8b6b4a03ab2e525c13efc072,0,normal,
a03a0448b18a4be6a58e34dbf897c2e6,0,normal,
86df0ae13129469dba6172895f66e9ff,0,normal,
300c4528cbc14faca33efe210dcf43b0,0,normal,
94c622a0d1a346709721b6533e6a6173,0,normal,
04cb36ca131a47629aa03ae984d71d1b,0,normal,
2c14d555043441a8a49dda077719be56,1,structuring,structuring_11
7e1455effb0c4d1ab4f8ad1626e356a0,0,normal,
3cf7c1fb44e74bb7a812db3594b788de,0,normal,
9473e8144af44831b98fb54327d58ec1,0,normal,
1f8a2b85e9cc4c1a8a4bacf766f45c23,0,normal,
59a61b5ece51496d85e9609ae1fb8d57,0,normal,
db8878ed7966409c90afd920f7a39620,0,normal,
ddf40c2c2794495ab0a51a172e257a95,0,normal,
66b92b8a39274b498e3f0604a7383935,0,normal,
7ff67d609f9d4baa8c9b17b47aa24359,0,normal,
6d58eacb88c44bbe96caa7b47652312b,0,normal,
8843d51495874d74954faa7e42de91ac,0,normal,
fe7fd6917b0441c59299368b5b83a4b6,0,normal,
cb17a06abdd44af697e66954f87f807f,0,normal,
cdc6bfa4fd474a7aa161bfcd88ffe77d,0,normal,
320155b5e8e34dd7b15a046ca687539f,0,normal,
b701b6a7b93e41f49d646157bba95c49,0,normal,
1696988b6c9445649068cc07838208c5,0,normal,
2aec2c0ee51b447aac41c15aee831fd0,0,normal,
2c116cb7424d42bba899858729844d1b,0,normal,
cc6047b645aa46eda0a681bdec4b20a4,0,normal,
a2c3d8971f26468fa36cb8feee3f68b4,0,normal,
28798fbce33040c586575dab06f8c58b,0,normal,
e9c95e34caa647e281ad17e9a01edc8c,0,normal,
9ac0b40068044e588ac2526b74be7e34,0,normal,
7d186bb355494c6aa36bcba820126b3c,0,normal,
a0d603a3fa9447d5a969151b14d64162,0,normal,
36928dc8460b4a4e89bae4b384e5abb0,0,normal,
ec20b350686549ce894acaa7db455a2a,0,normal,
27bb79ed474e44159542be85579cf330,0,normal,
2f46c6834fe64d92adbe5e030ba28dba,0,normal,
d393f5e4c1fa4e21aa6256a9c8761590,0,normal,
869736e1a7634b25a436d659713205e5,0,normal,
18c6ea22079a41629f74461180a7acfe,0,normal,
942c21b6cf8444cfa69b7eca0be68e8d,0,normal,
f26b94c7b02142069e0da1d5e9da2b91,0,normal,
8e548191bf0a4f728e9218bfb0f3790d,0,normal,
71688a449a30463bb1b87f3051aba978,0,normal,
d3c7011e57344618aee37b5956ddad98,0,normal,
91cb6bef537e41318bf04bc25ecc2e73,0,normal,
4bb6037d24594f1d92b98da0642561eb,0,normal,
46b546b7a8ff4cb0834a88cd41d773e8,0,normal,
d35fd68a58f9419e8861456203303b2e,0,normal,
ba30496bd2a24f67b99994ea5637d7e9,0,normal,
aee080fa324f4a94a54508867212f30b,0,normal,
2a92e6159d204189a6bfa05367224de8,0,normal,
9b75e73d4e8b48a4933764231c69581e,0,normal,
38ea848bd10048b683baa98031be118a,0,normal,
3a94546a9c3b4352aa0b310227ae479b,0,normal,
551f21b0be2b4ce096beee809f64f9f1,0,normal,
155fe876b1c7462fbbc7e7c2e0ee529f,0,normal,
9b6a69e4bb0b4a34b7f9a2f2ecfdba5e,0,normal,
b7dcab182fc84ceeb0a19e7a7e215b17,0,normal,
5d0185feb4fd4ca09bfca4ebfe883a4e,1,structuring,structuring_11
3729f9bab58a433280107b405d555b3e,0,normal,
67ae3ed95a0f4a2c8122b7165bcf68d5,0,normal,
b318c33ba667442baa120703bf30056b,0,normal,
b82bfaf6d0d244c3a55f4bdbfba6e490,0,normal,
f8dfd95dee60481db5a584f8f7f977fe,0,normal,
17f19b755b44471ba6d4c0c72bff6873,0,normal,
6fc07239820b4cfeb0edf439cd01e2e8,0,normal,
ddf767af571e42bcb59da1f03c92790a,0,normal,
89c28e15de4549d8a32e5c531991a901,0,normal,
10397b9838d54699b95d6581424a1002,0,normal,
3eac2d6344994ce79767caebb286b684,0,normal,
d2b05be8a5884ad8a817db9e3d77b1b6,0,normal,
9d47e21e7392424f80acccf9b8f7c5b0,0,normal,
4a5c74c7ba2d44c39b8f100c08d3fa93,0,normal,
e05d0847fc914a0fb0cf3b2e86c36d10,0,normal,
821d6ac0e5164bfd9f92a747ec5166c2,0,normal,
1a2f0920f86d471d925f9fdf4ac9a830,0,normal,
0fce860da27b4e5f86e492049c767f3d,0,normal,
5dd5181a7b0248ae9c2e59c91dec9b23,0,normal,
43cf465cdc6944e396b31e613f5769ae,0,normal,
28a8253c9e6b479e85f2e82ef37299b0,0,normal,
df6586647ef6493185e97a47b8be5ec3,0,normal,
de09b5bb73644137a6d3220382033db4,0,normal,
ac7e1a0850054aae8e25df04226fa07a,0,normal,
ad51eff25d6d42f0b3c94a240aad0a4c,0,normal,
147e9267e5624489b9fcbeb73d816deb,0,normal,
22d2ff536c4e45ed893921ca99755a26,0,normal,
99ba69eae00543be8b5b48b53982c4f5,0,normal,
7de821451cc54135953ee2237e823997,0,normal,
d098c48b2ae44ddd8ff5068c44cdd884,0,normal,
fc779a6c7a8b462aae77f8c85e7691be,0,normal,
2c6a862c280b4aa5b72970525776c604,0,normal,
33a900b78a984443a7be6c05c14d9503,0,normal,
9992cb18b81e49289297d62065417972,0,normal,
a88ee4de2a96475b86d7ed353d6e1f86,1,structuring,structuring_11
ef0920f634d74cfe9ffb29f2a81afc85,0,normal,
8c30edf0d54d48e9bd6c294ee59f8ed6,0,normal,
2199bb37174b44b6884b79206f0edcd2,0,normal,
acf9e3a64b29444aafb7a72a3e186aaa,0,normal,
15aa2282d53b4661add14d01225f5e72,0,normal,
3761ad4d89334090b4ae34e640769619,0,normal,
3a754c0d6a5c4f4da9540a2e88f810c2,0,normal,
049bc1201dfd47e99904510fdc161270,0,normal,
159612af9f8a4d3eaca6e431ed2a6da1,0,normal,
bf788eb3c002491ebbf7f0c8203c4049,0,normal,
8bccae60bbfa4b8297e5d050955feb2d,0,normal,
1dd128d2d69a4cb48c399eff985b8245,0,normal,
a86136d8f4314305abd352a025cfa829,0,normal,
8c341158215c41f294eb370a1a4e8f28,0,normal,
875ec056525c4c90bfdc04e4827fe597,0,normal,
e5aa27a11d024367ba8bb76c478c3539,0,normal,
474279b946d747ab82452eafc7f7d8e9,0,normal,
cb18853a388241eb9c3ce919d89d1e0b,0,normal,
2c4ceab429684a34b19a8149793a9598,0,normal,
a3f690ff95804122aec13c4c1664e8ea,0,normal,
9cc9c8387fe1430f83e9c7c5b026a3db,0,normal,
64cfd1a3b6704fe4872f7000a47cfbac,0,normal,
b37bd06eb6fc45b99114e2f3b150765f,0,normal,
91242457318e449b959c4dc8f2f1b29a,0,normal,
e3a639df7b7c4af293dd9caa079aac82,0,normal,
a41d08e01e9c40daad4fec0823199a3c,0,normal,
6b6aadc5c0fa4111bea1ec5bc0e8f47f,0,normal,
e1b10c1579aa4034b6da19e31a9e16c6,0,normal,
c91eeb1b407d4d838e3d963341229197,0,normal,
d33129a5249d4d5d8cb9079232b53895,0,normal,
1de53fe76bbc45218e7a3d6c2047ed52,0,normal,
b8a22bf8116047b494f44f25c6511ab7,0,normal,
31a854468425412d800a32cbc124a9c7,0,normal,
54d77444ee7c435bb117b336791fb3ed,0,normal,
fe56c9c3ed5e4670b9de639f7a2a578e,0,normal,
43ea558e6e844228bae71169e758a32b,0,normal,
e7c6fd28fd4345f2bcf0821c38928c94,0,normal,
79b5e035839c434ea79fee0d2340f678,0,normal,
35aa7ebd643d4ba6857be947597919b9,0,normal,
c1239ff0dcb64cd8bff33a5029366335,0,normal,
5c9fe3b8555f4e87a1522e810b6b9c16,0,normal,
9d5bb5539e9a4133a14d638ae949048a,0,normal,
60659ec31a4e473f81e9949b9f1a5762,0,normal,
1b78f16925ac4eaf95bb6deb08a0b00d,0,normal,
30855445d13a42498ed410920df5dbed,0,normal,
838eaac0945d4050943716c2cefcaf09,0,normal,
8404f2bcade34dc181b6c0912c359759,0,normal,
6b4bb88c15674e90845eb475803574fe,0,normal,
675faca8396b4c50885e9a74e2c271eb,0,normal,
97356f1c8a124e20bb7911850ec409fe,0,normal,
156bbd92bfc34c278742fff4379743f1,0,normal,
32c70c7f60a141319edd327ec3dc307b,0,normal,
2e9ca5f13b6d4380bcb1393fb8199e46,0,normal,
111b07a6013b475c99edff726bcb050c,0,normal,
0660ed32e3a043b2a7a0e07b24909334,0,normal,
312306896d5d498f917c48deabb49ad9,0,normal,
776b900284464b60b2b6b5967b386eea,0,normal,
3e314a337a7d48d69a2ef0ccd4af3836,0,normal,
9d578343525148c6a85e1367c8c06848,0,normal,
1d97e7b328854126861a64793b132f63,0,normal,
680982f5b44b476bb953bf794bae0789,0,normal,
6de27b21a24444d5beca4bfb1ad058f1,0,normal,
2f68c80921334922844ec40d61726e38,0,normal,
13f382e7bfce4adf8cac574e0bcfb1dd,0,normal,
f48d0d3ba730406b840d4ace6d624273,0,normal,
98e884e79d194c79a8384185b98cb62d,0,normal,
cd2b6784ea4046899a537c775f8c0994,0,normal,
097d57cd519b4e6590b9f791f691a283,0,normal,
fa38df11ad2b47aba031d66d43a5b245,0,normal,
376d8fe474db4f22a5d64fc543b2a913,0,normal,
aae2e401dd654cb08e211ccb9db9a2df,0,normal,
f89d0610e79546f5ae9ac0fee0aa8f8a,0,normal,
45956e5666a646fea35b1abe51ac2fd9,0,normal,
23e6027cb67d40448cb3c8f0a9525acf,0,normal,
57ba2a57c74c47659cc70ea5d3411b7a,0,normal,
4d0ade95d59b4ee3b03908c29e667201,0,normal,
ecaf73d51a284252b868493ad4f20299,0,normal,
7333e16d7f0c4d98afe844135d7749fc,0,normal,
510a672b171e4bb686ad264dc4f533a6,0,normal,
a7176ae5742d4536b9af14ec9fd77a76,0,normal,
a08af206f4dc4fe581a0c592f4b4d9c4,0,normal,
bc1abefa3c61426b90648a837ca73ee3,0,normal,
32eddc249d7c4ce9a772845899c7131a,0,normal,
efeff57bfbe846a8aa62cb71030f7da9,0,normal,
45369760122e432a914092078893bc5d,0,normal,
299b44716e4248c696ada6e8831f34a4,0,normal,
7f87f5ae42184073bcd60a49a74c9a13,0,normal,
e8bcd5ce0c774383ae6394c614f9c48d,0,normal,
a8aa2f2139bc47c9925d8c487a16ebe9,0,normal,
c77bd4cb35b1461f9f3d156654b0f604,0,normal,
be0aa219e1f94e508da4013c4bb66824,0,normal,
8ec712ef8a7f424780c40d099eb67bd3,0,normal,
950379e09bca458ca4a8a93e7ce2d6e4,0,normal,
5c823a3b51894374a49ff0d386c5727e,0,normal,
478ba56f52c24051b7c38568747dcdeb,0,normal,
d7a9c214cbb34bd084ca24132ddc923b,0,normal,
c60dfdf715a441cca77169f5d6242d9c,0,normal,
8370f6cbe178474d85707149c242ff58,0,normal,
5f74a74c7d06478f90e7cf561dbd7a7b,0,normal,
fbfecb488cf8487c809e6aa88188b4be,0,normal,
7a4f46482aed4bbfbb8565066a1a5de7,0,normal,
7721b366d01b476dbca21ae6c039c988,0,normal,
8604802a35b84e53a95b49b3be559232,0,normal,
55f08b4654c44dd89666b26659d617b2,0,normal,
f3d6fa905d76497c9e554e368152f4b9,0,normal,
71d6e76f2e4945d99cc512ba55a9fd26,0,normal,
627e443a8fe14e628cddbd5ffb00cf80,0,normal,
ed9fade934c34d11bea70fa90be9f4ad,0,normal,
3be2ea416712408aa5b3d0d800932426,0,normal,
8644eb32567b4706bbc1fdb5e5271487,0,normal,
9fd71478421c4d94ad81d290300a0873,0,normal,
40553312d4ec4e2bb0ebdcec7040bddf,0,normal,
b6a4ce806d304a239f6d877bf1f3f53f,0,normal,
27bcbbcc93194056a06718d0c060448f,0,normal,
032ed82f29884998b0ca1e18ef4bda6a,0,normal,
75e5c8de1c0647b49f2bdfed94083e2a,0,normal,
398a0690ea994585b7f0af17622014ff,0,normal,
fbf93e753568466ca6d9e1605811a51f,0,normal,
59c9d5d9be0344408a458628ab80f836,0,normal,
a9ef5c81a68948d489756522a252ffda,0,normal,
d91066c432dc463eab75fb5e845cd25d,0,normal,
62e04472cf234273834db32684deaa64,0,normal,
fa74910acfda4c90bf06c6ae166e167a,0,normal,
5654087eb8954d758fac6573ad1b9508,0,normal,
e0d1b1abe35f48288799daba3d9e17c5,0,normal,
2e11ccfa496146b699c3126131cb8034,0,normal,
5a026bc158ee4c5191ee3214df56f404,0,normal,
4778e741bea6477f9622ea9a544b22de,0,normal,
a429c205d8a74bbbb9e06c5d8196e43a,0,normal,
cf165400fad44e75b71205f5a3eabfe8,0,normal,
d8fce8ce0fa14419858890688bde32f7,0,normal,
cb62b1e574c6460c92bf18bf3308f03c,0,normal,
583e874007f84e60ab9e1089494ae196,0,normal,
5eb62aa369224f30962777a398a3ec0d,0,normal,
96ff877c4f174c7d875b157678ee47cd,0,normal,
f032c1d7274d4413849d354d12afb70b,0,normal,
15d0b664edba4165ac20c7c18f4cd85d,0,normal,
93bd6f86fff94374b7a3aa689a4881a3,0,normal,
63511119c08641cfa19ca8ab7f472c16,0,normal,
fa897957372c4e4a951bc820e90117e3,0,normal,
5e6d1a2d40d442ee955c9e3513812acb,0,normal,
88dbb949f01b4e8698b68349facaa148,0,normal,
37b8578f172e4f3aa705f62331f3efd4,0,normal,
d1c68d5d448c48ff85a8e7be13c98f3e,0,normal,
5c1e05991816425aa4174bf9eecc832f,0,normal,
50b89fa6c0c84d29860b29922f7857e4,1,structuring,structuring_653
9c2760e4859442b0880ae2aab46e65ac,0,normal,
a3b575a8471c4a8a8228661b4a71d989,0,normal,
4b3800b3f9924a089d662f429a935c0a,0,normal,
51e20e736c654dec86466251e41fb988,0,normal,
0600138a4e1f4832a67c52e7d633f4e7,0,normal,
8b10c61bfdfd4db59ff843d4bd47e243,0,normal,
8a7fea1e8ae643f888a9c5240383a446,0,normal,
6b32ee10011b438faf478d9b6c257812,0,normal,
650c447442444fb28779444dc6d3d6b7,0,normal,
01b22ac812244649879c1c50e41dcbbd,0,normal,
a7299ff18a0f4caaa8a155ad4571004c,0,normal,
07101ed5494642faaa0f98d93f7ebe8b,0,normal,
f0c9ad9b3f78459fb477ce9e6b886232,0,normal,
9172c9bc44f748fb8852ace38a48fc3e,0,normal,
a0ec5988a193418bab030527c73d7bea,0,normal,
c24139c9e228469dae598446f7ef8a5f,0,normal,
089119f8788846d1a6afcc7f480c90a1,0,normal,
bd3267254bff4c8182d001288d4a9552,0,normal,
64ecb5dad73a4db2a7a125c1b999ed28,0,normal,
1e55d205dc934686b2baa1a153fd1854,0,normal,
6123f22b9e8345d582eac9d6b5d2b290,0,normal,
b7461b96e2e044a28f3580c5abeeb823,0,normal,
a019539c31314e42bfbae1f49708de06,0,normal,
c8d3e094609048a4b2dcaa3565486e32,0,normal,
b559c468038342bb803b0c5cb5240e6b,0,normal,
7d04e645b0ec448fba4b82160f2b95f0,0,normal,
6472e037f88f4daaa21e389c790e8570,0,normal,
db2b92f096734b858182cf835efdf488,0,normal,
e0dafb5d1a0a4a7ab28d722a8e9c92d6,0,normal,
762d9a5930744d2b9cd245a67000ffc9,0,normal,
2dd32abd6f7a4625b3937693944869fc,0,normal,
01ff414da8af40738c74d34866e3c898,0,normal,
7c102dd5e741465a8814f67a3d2cb71f,0,normal,
6f15dfe36f624890b46c7b859801adb6,0,normal,
9002732fd6d94be4b6e7f2153cbf2735,0,normal,
0be555b55b914e67896c3e6d29e8e3c5,0,normal,
bd611c5483514038bf2e85bbf2d637a3,0,normal,
b4d6998be9b147dc865e47bdf79136f0,0,normal,
2fa92a151543497cb1136ebfa2aba0ad,0,normal,
edce9e17604943249d4eb4fd1768576f,0,normal,
6ec1f238e9254d54aa2b87347a2c66ca,0,normal,
170f90f3102947b590abcbf6584ac97a,0,normal,
e654d56d76c644fc9168ccd6148585a1,0,normal,
bb5595f5126346f4b26efc04be2a50dc,0,normal,
7635009aeb79425a9ac36be5f53f3de7,0,normal,
92422f10015a4e4d93b7537c44a73d08,0,normal,
c4c55cbcd63a44849286a160071647a3,0,normal,
7b53feaaef1741d8947b6952fe4a9ef2,0,normal,
0a4514842c3a4bb28e8b9e31d73bb2f5,0,normal,
33ab6e17d50042ef9dfd55114ecbebd2,0,normal,
ca4ee7d9ab0448c2a3107b6249ec67f3,0,normal,
1700a9800580428b861fcd77a54edabf,0,normal,
1afe205e288843f4a01734ea194d3f54,0,normal,
1c60730689b944f3a0eca538af1acb93,0,normal,
00959dbb6fbf4051b37415e12fd796e3,0,normal,
fdb0c393056a4500baf84505f4a9b116,0,normal,
bc2c6f40f7d148789b6733b73f231328,0,normal,
552e05a56d9d45d687c8807b7c368e76,0,normal,
afc896caa57e45e1b5be720d71d19b91,0,normal,
a1b417061dbb434884a99a3d6f04f67b,0,normal,
edf4e26ad1d6477d9102732d3bcaf9dd,0,normal,
fc5f58de9a4d40b59dfeb0b7e3584c18,0,normal,
c03e00b6bf0f4d07b5db95ba40b5d28c,0,normal,
55be2d49af614fad96372f222905c6ef,0,normal,
eb4c584941d5449295c9bf7ab53348e8,0,normal,
3ae279845ecd4ba9b4cd03fc8ebb9b5a,0,normal,
eab4aee37e514bd589ffec87482541e2,0,normal,
5f812e9c8c544fd58c332b0659a3c3cf,0,normal,
d33f300c2e014c2dbd8494cb5d42bd11,0,normal,
3c668ab939684a41bcd497ee8f08e88f,0,normal,
8d01b3de7a734a5fa9310a9335e93aa1,0,normal,
597f85e534a34afe864ad56fce5c589f,0,normal,
f5a55b201a9f4edba78e55b5875b8631,0,normal,
728bffbb032d46ff82250d5c6f88fedd,0,normal,
e9549fa2ad37495e9c7930c5c2136f49,0,normal,
6af27a246d2b4a7ea0676117afaed78d,0,normal,
583fab1be5024d54acc2479539a997f0,0,normal,
859ae1f2df1b42b2bcb8a66b9bb0c03f,0,normal,
e6bf757893254504b699b704772c273e,0,normal,
2d9d86794087451b82849ae8fb533972,0,normal,
c510f3a37d174eafa4748b6351ab53e7,0,normal,
f8528ae669cf4bc88a8eac4cc4b30890,0,normal,
3860d7531e7946168cd2de836e78caa9,0,normal,
b184f05165894ca98c0556888eb3f726,0,normal,
0f5c19ee672c4631835471f0428d0d97,0,normal,
eb9472ae9951442091b30184836a40d5,0,normal,
510e6090a7a94763a47c95626c5692b9,0,normal,
02d23c1a6d1b464d941521b8756a3f54,0,normal,
3bf96436d9de493894cee53689a963ba,0,normal,
3fdb4d7e842e4e3fba2e34de9dc455e9,0,normal,
23a4615acd0042fba8b8cdab76c21b66,0,normal,
39fb87fa6da0476896d840c6c33d862c,0,normal,
7c774c445033443d8c431ef06817f137,0,normal,
1d9fd2581c574e65a99172a967b75222,0,normal,
257ab1ad75fe4fb2a2b9b9397379fac5,0,normal,
1d19fe705b3c4bf5b6fb0dd647dcc60f,0,normal,
1986b3a9733a4696b543d93117660e3b,0,normal,
0849204b723d4aa4964dbe9d620f942a,0,normal,
121c7030753b4a62bf8eec25120945d1,0,normal,
2c73c1d44bcc4f199e4d43d56c220547,0,normal,
034d37806814421ea0382e9292b7e5d1,0,normal,
6bf5749b95a447c79739e8a674e5a1cc,0,normal,
8499b09038fa4906bcb1eeb0a8dd5c8f,0,normal,
aa1cc67888f94531adc18a0cde9b93d0,0,normal,
558ad396741347b88ee7070dd4b5b050,0,normal,
b6766e17fef44a19a2feeacf972386e1,0,normal,
48a90d661b6745c39f26ffde03e34c09,0,normal,
cf20e3cec84c4ef6a368f3068a2e799d,0,normal,
d682fec9ba114e70a5332dbe70bd48ae,0,normal,
5f6e92b48e4a437898e2db3c97473ffb,0,normal,
64f374f1ecec4c43bfc0a271c97a76b4,0,normal,
2add22c492bf4082928546bd6904f5b9,0,normal,
badd4c657c2a48268d89b6dd79d647fd,0,normal,
2f72c6bf8f2548c295a1e0b17d2e1aa1,0,normal,
34faa48609b643fa9138a18a11e891c8,0,normal,
241223fe8b554ca99929ddd7cf1df562,0,normal,
a5dffbad939a418588d170e1dc14fe23,0,normal,
77cc3126d4d84653a416f1e33f1c8142,0,normal,
51775e8973cb44dbb9e3dc22f95fc551,0,normal,
57ac1212a3c040158c3d45fbd65966e4,0,normal,
020b7f75abd945e688d232e21222d3c4,0,normal,
4f935351f98c438f8d513b55013c6e81,0,normal,
0bbda4cffc9c44178336a3e82ee3bef2,0,normal,
84a8a2f5fa694d8cbf00f1f5ac9bd70a,0,normal,
b87ade80a1044f189bd7fcda8281230d,0,normal,
e10641f4515b4c30bc2b20561c08b520,0,normal,
0bc532b9d9ca42039ac50f273d65daf5,0,normal,
bc3d54f5dc184bdabd5e97d13187715b,1,structuring,structuring_653
f6e911c096e9413993fafbdd91eef2bc,0,normal,
108c802da11d4196bb3d72d01c528e82,0,normal,
0029be08b5b14d81801e6ff63115381d,0,normal,
94a2d13e83df43ebbcac5742485ec028,0,normal,
7a8beeafe0ed4d3aa014fdaccc426914,0,normal,
54392f11b88a4e47819843d4f5dcc2ee,0,normal,
f693edb6321b4353aadbb3d240e4d14a,0,normal,
363adff0a076435e92f514f308dbd3f4,0,normal,
bbe40fb5fbba42df815f65aa1c68686d,0,normal,
959904081fd2466fab1da870424f1407,0,normal,
1e4b7e7c32f9431eb7ab0e9bf983f5ca,0,normal,
4fec0c12fd9d4ef3bfa2c35e218a1e76,0,normal,
f8c73f90e0d748a6befacb5ad81a6157,0,normal,
244f13181951436392e6275389726679,0,normal,
a60c3aab98794c5dbb7d7f97b50f3d41,0,normal,
6abc89b4000d402db82e93fa7f8677af,0,normal,
51fa0f8306c04f6491568ea9ca81fda9,0,normal,
238fac8588bd40358de47ef1ca3cee2e,0,normal,
b52e9d39b419466a9b01c1073d963dc9,0,normal,
3c73afebcb4d4de888b420d0c18a481e,0,normal,
b9fee2e4faa843dfb4c542a26fc4cb50,0,normal,
4729eaa1fbae42c8a29f3ff62bac0c2b,0,normal,
e074019ee96a4053b0e222042039a2e5,0,normal,
40be95d4a02348a8989fe610188ede1b,0,normal,
f7138836d2b84dd3b016c42942ad0f84,0,normal,
454aca137bc94b4fb32d79044306cebe,0,normal,
22d6b0edb0d94b86bd5eac17e31cd1d1,0,normal,
2f55c1029a4f4b38a1b97ed7bfeb4822,0,normal,
0fc8235e0ef4473994fe4a5fa5776270,0,normal,
37fcf5d0042a415e8843cca0c83dbb1d,0,normal,
e0a2e58882ca46128a4892143538cebf,0,normal,
24200e397d144313a06c960b8cf723c3,0,normal,
f9520e3371ce46c78760959f4ce12d07,0,normal,
81e76bdfea014507b401c980046b2a56,0,normal,
f70e703fd06f43ef820c089e62c8e8a8,0,normal,
6213f2a62caa4628a54e7a3ebfbfac82,0,normal,
e5b5f3f290474cd1ae60fc4edd79fdba,0,normal,
ae5574fa9baf45d5a1ae2f65c177c044,0,normal,
76f6c538d47c406ead8e23d1e9c7f11f,0,normal,
8d711b4e609c43a2bcff570b6f5a3849,0,normal,
409fb30e137044cabef222cac0e9ecb9,0,normal,
755ea774c3d04a4a8e2724b7dcc410ab,0,normal,
6e2d9e49e669452aab174432d48a292c,0,normal,
6ad2de1bc10e4b7285050e6e9e14a536,0,normal,
0bbbb1a309ed4193adca365bb110b0f8,0,normal,
00be1db016504aba868d336e70c0d1ae,0,normal,
7f1f90f7624f4b4eadaac406b564b2ea,0,normal,
a4a767fc83024972a09e4ca2f1b4393e,0,normal,
d500a3f1aea44fd98dd1e8c0ba53fe2b,0,normal,
fd8c224e36184c5aa804f04954413fbf,0,normal,
9a96e0cb7c024e0492b567ad25dd101d,0,normal,
65af7f1b7c05402eaaa2a1d0eb595ffa,0,normal,
b97d50578a564bba88b69975f1361cdc,0,normal,
8030b3efc0c9410dbfb177fdb22ece49,0,normal,
4d03c8f04ec14dc9aa4aed53fc7d9421,0,normal,
08ffc0104ac74fa78e1506cdd7f6d760,1,structuring,structuring_653
c96243bd217a4523b81aef741779fd9e,0,normal,
3c2847a4570b438784cc98bc9c7ff668,0,normal,
644b25a22537480f927845fce4ee0e2e,0,normal,
8977ad9516764239bd0b0fcc1725a0e8,0,normal,
5ccd8da8e3b54721a1fa800474f64b46,0,normal,
15abfd650fae457abbc3066381ed2431,0,normal,
227bd49ecf924363a50eaf607d177a4f,0,normal,
c3771691f0fb421baef8c556f89cb386,0,normal,
e24a0affae5e4a4eba55cf9ac45de258,0,normal,
af947e07668e49fc852ebc8cde11d6d0,0,normal,
729d9900a1304d008b3894332056d4bf,0,normal,
7657ddcd4410458883d87855ece92a1f,0,normal,
a4ec42cc403f483795aaaa5ebd49899e,0,normal,
979c2b590e6f42af87a7d39cf2d3dbc6,0,normal,
16e51ddf58474c5db891c0cda6018438,0,normal,
6b6d60e8484a452bbc69e491a4b16055,0,normal,
201dcf4302ff495da056a5f1740bc8c1,0,normal,
9958f42ca3c14cf8b7ce20d421d06444,0,normal,
a5faf9678ee044c190f1661b39a5e231,1,fan_out_mixer,mixer_313_fanin
9e7adb3c945a40e6af017f7eea85eb19,1,fan_out_mixer,mixer_313_fanout0
db1fff5254bf4b0282c01fb8ca3aa005,0,normal,
5558d797521f4302b020d05f4635f47c,1,fan_out_mixer,mixer_313_fanout1
4723d4cce6124c78b9ee4d7cabb745fd,1,fan_out_mixer,mixer_313_fanout2
ea3860c7c0fc4f31857e169815494b79,1,fan_out_mixer,mixer_313_fanout3
b1f3ca38d94a49ce9302d773195e719f,0,normal,
1b6532379cdf46ee9aa89bd22c881097,1,fan_out_mixer,mixer_313_fanout4
bdc9ed46fa174a09bfebff99f1d3854f,1,fan_out_mixer,mixer_313_fanout5
e2a14b5518324dd9944acca4b3785371,1,fan_out_mixer,mixer_313_fanout6
fd1bb60727114e63a5ce5202b6a5dc3b,1,fan_out_mixer,mixer_313_fanout7
c716baae01504d688c5c9265efeb4aec,1,fan_out_mixer,mixer_313_fanout8
d659787a39fb41c6b2544707f61e7551,1,fan_out_mixer,mixer_313_fanout9
75667974d1e843e28b88ed805975d251,1,fan_out_mixer,mixer_313_fanout10
474f27ce7602461b9300075d91716e79,1,fan_out_mixer,mixer_313_fanout11
b0fc51fe668b4306b5a5419a22afe1ec,1,fan_out_mixer,mixer_313_fanout12
2dee52a512494a6eb786e4a4ea017727,1,fan_out_mixer,mixer_313_fanout13
9fbe28d15acb4c3c95b7769bc97c3ac1,1,fan_out_mixer,mixer_313_fanout14
87bbea60c0894421a04321f0bfff7f58,1,fan_out_mixer,mixer_313_fanout15
501ca1f3d26349029ff7c9717f814c90,1,fan_out_mixer,mixer_313_fanout16
b05e998129ee44f19f6025cb02b3cd87,1,fan_out_mixer,mixer_313_fanout17
32b8895e732d49b6842865d0993517fd,1,fan_out_mixer,mixer_313_fanout18
5c0368c5e7be4fcb9273d71326cea05b,1,fan_out_mixer,mixer_313_fanout19
281c960858954710b96f6a46bffcd1d2,1,fan_out_mixer,mixer_313_fanout20
6738b1f2c086482f9ab8cbcfecb67503,1,fan_out_mixer,mixer_313_fanout21
69af50f705f64ad49d6f3a9ac6ad3b2a,0,normal,
ec2b9068a902471b9f0ee82190bd90b0,1,fan_out_mixer,mixer_313_fanout22
48cfad26e6f94b9c86da84877c4a3f63,1,fan_out_mixer,mixer_313_fanout23
711b250ce6904f2083dfc3dbb72afc54,1,fan_out_mixer,mixer_313_fanout24
12e0d2c4159449eab1be3720c2d7cb51,0,normal,
83b01c2d18d740309c9f9896e4eed816,0,normal,
a187e54241c94d0597fbaa2c708f5701,0,normal,
574064c9a54d4e1e93deff5c2a4b7ea7,0,normal,
9dad24e293934355ba6941f16f488ce8,0,normal,
412c8ae4905c4657a0dc32fc165120cb,0,normal,
08e189fb8d8f481abe30b2449c3b9456,0,normal,
8ff200e89ca44afea7e8801c07d3e1ff,0,normal,
dc89728233004572bb47b575c203b206,0,normal,
2008eb16e5c240b1a7c2a1a61873adc4,0,normal,
3667b3b5e358442d980d3bd1a2f2e49f,0,normal,
c099848273dc4512af9007e19bf24036,0,normal,
e739713ff2ad427fa135ae7bb03a776b,0,normal,
48b953d6fe214bc2aced0442154edba1,0,normal,
83c50762d4e243ba98af73f42a34e439,0,normal,
125d5395d00b4fd99261585b71bdfba4,0,normal,
2472b35d7b67427ab18812b7d81392d9,0,normal,
7562dda4bebe4be2ac9a599cdff58888,0,normal,
f2c95343a81548898ce0f8a91d58f362,0,normal,
845e203b23934c29a004fa03ca7ca948,0,normal,
e1d41f81390a4c17bdd5de72fe7609d5,0,normal,
c61d2e01d5db4066b8ebeaf4f73892cd,0,normal,
c7ef4b8605974ad09d91c21a78086664,0,normal,
5fd4ca41670c4030871f3671e73dda44,0,normal,
d588e9c7821446cb81ab23b97d9334ee,1,structuring,structuring_653
b17e8d4e737843fea81e311a383be3b4,0,normal,
56754e2e66e94537ad4f3cf000edb3d2,0,normal,
c5e2031d8ffe487b9b17c6f0196e07e1,0,normal,
715bd71701184158a5e5f03ca03fe185,0,normal,
ee540eac82114aa0a9e54f23e1511030,0,normal,
38ea8254430f4a649f5bfb79254c74e4,0,normal,
315e5150a7fe471884b46e0ad0c9aad6,0,normal,
08fb58edcb8a44a59db47c89f1b283e2,0,normal,
6b33d06ca47a47fbb590e89cd839d670,0,normal,
c99f3b78b80c411d940111ca78ce0f4b,0,normal,
475b80a827b340428015a1c3d4f67148,0,normal,
2bd9ebc5ba3e4d8490bedf068f997037,0,normal,
8a5af5459cd74de7a09d35b9ef2b3efc,0,normal,
6dee204d26604088b68130c26dfbf003,0,normal,
f4243dd5c48c4864a65432b0136b97eb,0,normal,
9dfd664d4d48427cb527b03cceaf62e7,0,normal,
2dd38ea8b2084c2f82e7ef4865de7455,0,normal,
efe2ba62629b4b7ca98ecdf761fcb338,0,normal,
36733d925c4b4666a6b8ce73604abc6c,0,normal,
716c6bd9da704ab0a9f2c9839b22e6e8,0,normal,
9d87a337cde144eca27815cd10da5c4d,0,normal,
4824ad2684824ad2915c036d01a4d45b,0,normal,
c7f6a06396c949968e7332f5fa85d8c7,0,normal,
1fa5f41ede4c4f5c82c4a97ae456d611,0,normal,
9af75946af684f9d846928bd0e31b08c,0,normal,
8b22bea2375149e68c40da2de84a676f,0,normal,
96aaf6f17fd049c08923bd899b570c11,0,normal,
6a7b133f2144487299cf978416ea7f49,0,normal,
57b4133bda7b4af5be2e4ff691234c15,1,structuring,structuring_653
c8535fd623f04df58b2bd07ef86351f8,0,normal,
17184e4f4c0e44a190afcd0679c1f8f6,0,normal,
d6fafa0fb9d4447ca1b130a11a281c5e,0,normal,
2b74406b9e17408b92f820b745263140,0,normal,
b891d4dd48214501b70f23254fa51f0b,0,normal,
6faf031953ec4f6085307a521839700b,0,normal,
6e5c0a1793ae45b0a8fc3f769dafb4c1,0,normal,
3e73599b2bf745e68a185a4d91923a46,0,normal,
f5783c34cca0422a9b44963deb1fffa4,0,normal,
0a3425d0254a4a3a80cc2d20e384d408,0,normal,
d7f289520e5d49919dac344f624ecd33,0,normal,
d641066f30f944e99bddb14524e81a1a,0,normal,
3c46edc676314429a27294722c2236b6,0,normal,
c6e812b128bc4e88800695981e25200c,0,normal,
ac219643445a4f039934f372f2b08c17,0,normal,
8b77cb7320f149828c94018972652f93,0,normal,
8016aa1dd4694f5284d84afda0e7ee9d,0,normal,
3e0b6a37445b46e1afaaa416cc3ad324,0,normal,
da40ae9455144ae9a057fea42c4f18c1,0,normal,
56611dbf62854288acd227b78c5a015b,0,normal,
60b876ea49744e31a6300eaa775800e5,0,normal,
cd44bec4a0274c74883d18f7ea736969,0,normal,
24d4719ba657435c9186f7312045fb94,0,normal,
ce8858e814d44f0c852a8ebe486fd0ae,0,normal,
0633a2b033144d2ea5845dd26bea76e6,0,normal,
350423b2d5724faa9845497d6131f6c2,0,normal,
ff29341236014a959b269c07f2036d22,0,normal,
856ee433f00c41c1bb3e774e90607538,0,normal,
44266ed7759e4c569f58f0c5990d9f9d,0,normal,
f791d89519d94eb2b1f4349ce095c0e5,0,normal,
3bf379073ab44a2d9efc48c77603b170,0,normal,
4ca5bd1ac5344fae8e388d571586c6d9,0,normal,
91143b9f287d443f968b2656bd107e31,0,normal,
7f8e8ee2823646c8bdba93167afd7c92,0,normal,
aaa319c274b64f5cb2dcf354158d1530,0,normal,
1265f295e659423dad466a23e9702045,0,normal,
ae24d9adce87408bb74bd35a57fefb7a,0,normal,
1c66d810bf1142288018caf78298c25c,0,normal,
2f4d3be18f5a475cb6c56f234e7a906d,0,normal,
d4350c7fb87a42adb1b04bb3ee6f0397,0,normal,
7932cf5e768b42f984dc0e3fa1e977bf,0,normal,
b0de043f695b4f0fa0d3d9d24767f4f4,0,normal,
de63ef8ba75c49bea80b66a1bb946722,0,normal,
e8319b5fdae44660893b50c8b31df2fc,0,normal,
412fc8ba95f445199ced2c2646792ff6,0,normal,
abda23a7c8ab4a4780546cc58a1f674f,0,normal,
5a5469add715482bbf9ddba899407a0c,0,normal,
b3298b3cc09d4268afdfcfed117544c7,0,normal,
c968fe2314374349839930a78588aac4,0,normal,
d86e7dbf47004eb3948cd19dc0777c33,0,normal,
c1de96b1ceec466492196328cffb58de,0,normal,
b0f041415ec24ece9426eff9491b09ec,0,normal,
10c6ab094c744c5a99b97c9a7d17e7ab,0,normal,
d95b89eb704544d5afef0f8e2188337b,0,normal,
de0c23f7afef40a688d71f7e84d18f48,0,normal,
bf4a5df19ac34b949f1a44c0cd67cd72,0,normal,
d8db04879b404196b15a23bcdcc7b45c,1,structuring,structuring_653
e5f6741d6a894cffa49d72a7d59a3e82,0,normal,
b3ac95ada8f64c5ab53c95d7c3e948e4,0,normal,
77c2d464704b4f2fbeacfb684a82615d,0,normal,
480504663e8a4e838ba4210563b5939c,0,normal,
5fa3523fe93c4fdc8d055c9293a8e47d,0,normal,
735c8e634eae473390bd80f0f977ddc4,0,normal,
33ef9f2fc17a4ad1829e78b2beb0c43b,0,normal,
44ace3515b77484ba7f27fa18d6a805b,0,normal,
960747a61a85408f9364e7095a239578,0,normal,
b5d03b4c64f74d368dfbabb47aa8e80f,0,normal,
0cd0aa9cf28647d9ba2737dec0c82c4d,0,normal,
f2849b1f43af433aa23860acb60d2b54,0,normal,
cf804ac9b20f4c299d7872bf12eeb718,0,normal,
35e915882c0841839bc7f9e400ca43c4,0,normal,
e698352f7535422b9cca70d93809855e,0,normal,
a4ce8e0c43844f45b55e8e99a50419bb,0,normal,
f5712479ad1e4c38a32f40f522ba0575,0,normal,
a29fa628c4e7431a9cca9172690d2a07,0,normal,
05eb22d7a6024cb1b4157bd6cd150aaa,0,normal,
3460e597e8984102acee40153560fa36,0,normal,
e6d9210a4c204874a16823550f12079c,0,normal,
4aa8e3194e684e77a08341b2d54d932e,0,normal,
60e24da62bf34eb1b6d17e185504ce14,0,normal,
135bc53d479848d2b4b68b7a9cf8314a,0,normal,
a5000ddc945f493cba24cff72303cf7a,0,normal,
b1bb27fa82e441c0bfb864310d471efb,0,normal,
5d350761bf5548e7959ed689a5aa0ac5,0,normal,
f336569e35244069aae5b9c3c355bafe,0,normal,
7dd7191e067c4777acea338031b54b38,1,structuring,structuring_653
7fc10fec07ed42bcae72baae2e94926c,0,normal,
ab0db12108204fd39178559db2b949ba,0,normal,
e2a39bd18943419d83f1473cda276033,0,normal,
0cc8b5d746854482b2293a1471cd0cc2,0,normal,
f0096f9181d84c71b21b29c1be0925f4,0,normal,
3ef2b62003fc4c68a5ba28351369e764,0,normal,
bf0b9bdc29824a2eb53666e9e2abd984,0,normal,
1327bb798ffb4bab92ce66c98216258b,0,normal,
9d8c046c1978436cabbfcfc8d9e922da,0,normal,
b45c99209372478b8c6f4792e5de7d43,0,normal,
df91ae936393430fa02bc8aeeae62687,0,normal,
ee1416bdc6b44778b30ef7358d55d930,0,normal,
583745b83b4340858647966ee60cabb5,0,normal,
f550c7ed2d3842c29d97f12a3cee689d,0,normal,
c60353a7440e415e9e1d0963674cda82,0,normal,
a8172184f22040268154f5bcdeb38ee2,0,normal,
c756a7b2425e4bb9bc1f4884d63632b0,0,normal,
c778617edea84951b6ad4436cf29ad2d,0,normal,
26be0bbb969f45c89a24732fadcf9faf,0,normal,
781e5fa3649d41e8b3dbee70915bc47f,0,normal,
f5c1d30e83a44bd9be4d8c8c7902b6e7,0,normal,
e35aa25afcf247cb90eafe10ec4768b0,0,normal,
ac8c3e14af06496d8a512aa1909e8802,0,normal,
8e3cf0cf62ef49dbbad4f8fbe88aa038,0,normal,
63af36a635ae45d0ad1703e1221ebba6,0,normal,
a1311d4d7da5457790d083413b7ab943,0,normal,
c7d0f78229a64561b08b250d83bc97e1,0,normal,
a4d14d46810541f397d22c33aa27a501,0,normal,
084915323f874329a35f641a9fa2a88e,0,normal,
f594eb7547e7443c9cd8de6efa8a706e,0,normal,
69c11e647f38444dbb8090e0dafca2d5,0,normal,
a52fda14c64f469a8cbc6a74a671f8f2,0,normal,
97c2e1c7fb854721b8e9df1351cb79f8,0,normal,
ee1119d0ade148adb66bd52d212a0e5b,0,normal,
15669b2a12bd409787f0901e50d0c44f,0,normal,
3c06fa7e173a443688e6606d30a8929b,0,normal,
478f76dbbcab43269f75f03a1a15fb34,0,normal,
4c0a8f36f78a43378ce076b3021709ee,0,normal,
c8549e0c1fe845b083358fc5b0120a0b,0,normal,
f918fdc342c7448fa5b9d26eb30cebcd,0,normal,
8172eab270c14805b83a453e0e9b7d2d,0,normal,
0c3cbcd2115b4b3bae2f64ac7f77f065,0,normal,
3101863f4052404094cef73a16e71132,0,normal,
1c91717a60ce4ceb80ef408322b5f0ef,0,normal,
08a9e2124a804bdd86e17da6ce7c1e2b,0,normal,
017cac3c592e495aac52286dbaa35905,0,normal,
4f8832857b23470088e0f63f9c7680f3,0,normal,
a0842eace1884312812ccb6e56edb05a,0,normal,
3c38e3a3a025471d9c77e2a62760ee75,1,structuring,structuring_653
26ed400868624e3f9033c6e2b9399d19,0,normal,
d318761b90fd4ab1a8229a81bcd5f547,0,normal,
9da467e2d25a4973be367469598968d7,0,normal,
e4dbb014fc954ab680b263d3952a633a,0,normal,
39cf88584f2a4d068d93c9c148443162,0,normal,
5ee150ccfb544544a520db09f72f2596,0,normal,
39f9ace49f274b619ba3ea0d1cc60fd8,0,normal,
cc5a82540a804b2e82989ec8661c3fe5,0,normal,
58599d65cfc8462689aa82919edf7d09,0,normal,
e7f83fa584224dc0934c9f269fea8812,0,normal,
f3a95fe439bf4550871e1e1260679bb4,0,normal,
9bb179de75a94385a9f84dc5730a1852,0,normal,
412946eba7e84f85accd268ff50faa0c,0,normal,
d26fedf64b17478c947f225e74408aa0,0,normal,
348aad77a6ac48f9bc89d2eff93590fe,0,normal,
e1033564ebbc43c3883e1cf3948ee327,0,normal,
9d3f547031bf4ca581df6b80c1fd5c45,0,normal,
ae02088f2fb14cfaa8ac6fb110c2e67d,0,normal,
3eba5426702546608d99453b877cb3ac,0,normal,
4be910404f3649df97238135810c4615,0,normal,
6a8b8da2663741ed8cbc7c86f58bae17,0,normal,
b967830d6242441c82237e33efe0e64d,0,normal,
47d04e415d5c41748169fd916739932d,0,normal,
cfd693b50e3a4dfc86397582f02cbe6a,0,normal,
d0e10f8309df41718ff84506d24ad113,0,normal,
d294e2f519764d2eb088e10d0d23606e,0,normal,
7a80c72161d14bf1b6bae295bd8f5a3d,0,normal,
c4023eedd98041368f1b34452a5e0ea6,0,normal,
e126a889937142bdb02d6bde9863af19,0,normal,
6db7049e9f91495e83b8d15df325f907,0,normal,
10198a0647874f1c9fa49d432461f5f2,0,normal,
0b3cab8e079d4b488b5ca7ca052685e5,0,normal,
e50749b68e414ce39211d088630d9d37,0,normal,
c8aceddec133432396165123baaafbcc,0,normal,
b2fba3cd30364552889bcc2ce4ed09be,0,normal,
547af6538a74453e8a3ed83726060570,0,normal,
1a0d14614d7245c3986c53b2fe73f89c,0,normal,
a1583382507049169cf158e57480a424,0,normal,
f034f2fc6937410aa682ae718fbc401f,0,normal,
05dc592e47664f17bf56c34c8471e5ca,0,normal,
d582a65ccbfe4d88bf41b6a9f6dcc96a,0,normal,
9e8aa765f73740639b4fdfaf7b70ca34,0,normal,
106c255241304720be249ee5ae5bfc0c,0,normal,
386bdf734a834e37885016084d375b1d,0,normal,
d0cf548d1bd64783a3b810d7816450a0,0,normal,
33961f0d557640249d2ebcbf8d755f54,0,normal,
4dbf39337fc348fda84861f990b09997,0,normal,
b909a61e1478479792e6dee6fc452494,0,normal,
48cb9b93f6724f1e80e507d2e6cffacb,0,normal,
1bebe559af82438eb66c09322e7e6df6,0,normal,
8ea688d17aa44b3dbe2055282e5b5c94,0,normal,
30e22a7dca7042a6af6e7a06416b054d,0,normal,
a5adaa253e6540289d7d643df502986b,0,normal,
a79d7b3e7f78479899689b035ebd9323,0,normal,
48c3aaa1927342e090f5cbc496bd7b21,0,normal,
b4b26197729a44199ef95e5b546b1c6e,0,normal,
1eb4d1c4d4e34b53855758654c375bc5,0,normal,
1f0c2ea06ffa4ea8844c5b48d01ca295,0,normal,
8276c5c10eb94c15835da600c39f1a45,0,normal,
7c4a2fb8d415426f9bfd923d50b5a1ce,0,normal,
0fbc1b7cd7df482b8bc255ab18c0e2eb,0,normal,
814f734349a64ad1a7ba3b1341d161aa,0,normal,
ec97d376163d437aaced3755a0ab214d,0,normal,
23e74580d1404cd088402e60b3fa26a8,0,normal,
77e6af20ee3b42af80d7f1d433788f75,0,normal,
827d35c8269a4e8db9e90aa4c3f1c8a2,0,normal,
dd533c4602c24f969781c1ff4dcc668e,0,normal,
12bae9bfe96043e8af4d46780366116f,0,normal,
18bd57060f60471fa2aad2e67a147a5a,0,normal,
1c533ebc5bfa429a8285e6374f2c8315,0,normal,
9a06850e47e147769e7306017ee56700,0,normal,
a7a7c1c09fc94ddfa93857a74de6269a,0,normal,
3e307aa336ab4786a488053740861474,0,normal,
14e2c33cfe1c464687b70cc65ba7c69e,0,normal,
dbdb0afed82b4524978f9e60d313ca24,0,normal,
c5b372f1f07843b2bec2cd9a6ed25f5b,0,normal,
c763cc6c94654434ac2771aa0b361293,0,normal,
b091874e20af4e0a968764c54033fb0f,0,normal,
9a321fc80aac41e4932ca31051f8a215,0,normal,
530a274990b84d5583386424bc4046a2,0,normal,
174139bd947042bb8feb9148dd3616e4,0,normal,
a9805e6e41b94ebe9ed2801dcf4f75d9,0,normal,
b200dbdf85ca42adb2daca48ed70c68f,0,normal,
200489fba56642ddaf175f4de2858f05,0,normal,
a840455000114bb2b405b7a7e984c338,0,normal,
812cc8a41d704325b2df28e95b4a3801,0,normal,
b18ad768e2764c79abc7d42101984448,0,normal,
e68c3ce252464cb3b8772debc0cb1f7e,0,normal,
bbbd9cc1c0444eae834c71b15d7e0ae8,0,normal,
15ea41b7295945ea9a986479fb5f11e1,0,normal,
2c86449befbf4a75911d398104dd12b2,0,normal,
fbdf9938077c4f0c8ecb25880b235ccd,0,normal,
5d645d0334c54165b9495704f5eb5c47,0,normal,
ac066712a3a64da9957d4d731f2085c1,0,normal,
8f93ed2763244a18a86cec8bff6aa8aa,0,normal,
a96a67cc311e4cb1b4dc588103382465,0,normal,
52c9fd068f14412d841d3ca3b526d92a,0,normal,
12040b8e6a22412f82dbba86eaa1963d,0,normal,
592e3b75f5734eff9b8ab4c4045c93c7,0,normal,
211981677ee74cd8a770d67abf132e26,0,normal,
7eee8553ec724a16b33c62b95aa5d6df,0,normal,
921c801fc32d41c3b796c9bf631a4fd4,0,normal,
b3900fc34bbe4150a9b9aa3d41f1d28a,0,normal,
fe963a50f03e448eb5e334317cb0d4b5,0,normal,
8051f49006ce4149a376c872636e31cc,0,normal,
d99bf977f36140a197c7f80c341c2a96,0,normal,
9c02525ae7464371a5a5d2a7f7be0f60,0,normal,
5493e70da37c45f8b60933343c0ceeed,0,normal,
e4813c093cdd45eea2da0eab2d19648c,0,normal,
0d192b951bf148d09138eb43b5a1d1ba,0,normal,
7d5e9716be4044ba9ac0d927b1d24260,0,normal,
559408624a704cad8e26c2e1c36b8f4b,0,normal,
a6920bb40199456dbf9007f093ae79b8,0,normal,
501b5e5088cd4a69915a26d996536000,0,normal,
aaa8f4dd18a849ec81bab7c66da018b6,0,normal,
a2782a54b057456ebb3a809e6352d084,0,normal,
b2a17ff1cd6f412a8ea53c56ebf50421,0,normal,
9cada575409f4d509c34ccd903030e1a,0,normal,
529725c2990a411cbf198f97f5a0154f,0,normal,
8900faf2630d49319e8abf7058290830,0,normal,
cace2ca1c9ab45619e7d6a85544938b4,0,normal,
5b9b84fd9dd7410cb827769abf4a9d39,0,normal,
c927b2b84ee247ca83048d680f15bd2d,1,structuring,structuring_653
a4a270fb638b40f5afd61cc9da977bbf,0,normal,
77b508484fa74c6c86f6d06551a999bd,0,normal,
06e4cdd662844d208ff67eae91722998,0,normal,
81213fa21d7249b59b8d42b18c37abc3,0,normal,
5e4471304ff442b7bf11b8d6c1a83b23,0,normal,
3f9ddb457ece479d91c5510cc6762e91,0,normal,
5e5438ac82e44285b8b4d7c19930f60c,0,normal,
09e5d14fe9d6409da3b5eb75ed9557e3,0,normal,
dbd8e84f4a024826bd7bc3e1133a12f5,0,normal,
b7079e02b09948ee948f2ef0bbb46ba6,0,normal,
6fd1307ea3794bbeb47242bfc7915c2d,0,normal,
718eae6fc730480aafab7dce800ee66f,0,normal,
1eef62c999f744209bdd6c8db9229b0c,0,normal,
2f7bd788bfcb48d5a63666d3e652ac8e,0,normal,
5722bcccfd264d26b1c496fcdd5174fa,0,normal,
7aa5f9f184e747408ef42ec9071dafa5,0,normal,
64e5ce09803043dfb8eb7a9a54f09a38,0,normal,
a2db5ca8340845ebab3748176a50eb66,0,normal,
e8ee0cd5c786477e9e81ca8d2296e87c,0,normal,
3071a6e5a5494b93882f2a0c91d49c1d,0,normal,
3f4a31958d4a415bb84d5edfbe027110,0,normal,
141af6c627074b5f93b0f71031ca61f2,0,normal,
63cd3bbe7b9b4a0e8026626cfcc2fb25,0,normal,
a7e39abf8566446cbdabe1eac39d0278,0,normal,
31a6a319408a46c6961220135b230342,0,normal,
a149a0bce3a3417b85c4a39fb77ffaee,0,normal,
fe3f3ae0a21c4ad9aba15f181b045553,0,normal,
b4a0897cf8d642549295ae4f502c9c41,0,normal,
b3cd432adfc44fb4a795ca13f768127f,0,normal,
2d1815be1df24f6da0c99f44003efed2,0,normal,
cf296a82d5dd4988afcbe5e1150527b7,0,normal,
898e8d9088bc471eb53cb5ab28c71528,0,normal,
2d5794fc6d2f480f917c0687ae2760cf,0,normal,
4f70cb34fff541b6ab228d9ed5e81e25,0,normal,
f116eb0a72174953bb04e8b8e6893422,0,normal,
9a0bca2268ff4e3cbc9ad16210297167,0,normal,
7b1c46d375d546d8b3234686aa93e3af,0,normal,
336aee0b066649cdbaf904c7ba96c736,0,normal,
b3a36867b06346d4ba2cd5b72bb151e4,0,normal,
3436ceb76e794938ae92546c2f73f21f,0,normal,
506aff6ff7004956aac53aa59eb42d17,0,normal,
e941127acba04b87ae6f009b37b73dce,0,normal,
f05337aefabe4f71a89c393033c10ed2,0,normal,
a44df910e1a744658fb7557ddddd8330,0,normal,
00d25b3738d44466b191dc146b60e699,0,normal,
922b476545f04062beee019239214d3c,0,normal,
4a887c34c6fd46a2a391c1ad48cbaad1,0,normal,
5c82e4b27b644f1b85238789fcc3177b,0,normal,
7399d0c9d0f248099b34669b5c793bc1,0,normal,
1019cd35a70042fe831f24cf2ce0a172,0,normal,
6c754ecd059f47d6b9b897fe2cbe3b30,0,normal,
929b48060b474c07b3e2f74ff87d65d0,0,normal,
dda9e43b45554157aa71a6384bc29340,0,normal,
de350cf377114e08a7f9ed6bffb7af6b,0,normal,
81891d95d9824c788a7cc9052a554820,0,normal,
056bd501757e4e599371d802a29b994c,0,normal,
44df5b9af83a4322a5d24b0b5fb74d0f,0,normal,
f74a6fcb47b9442082fb50bcec9eb01c,0,normal,
45e0e369b16b45baa28470d9be415be4,0,normal,
e73202449b36459284ad9a32a4ef7449,0,normal,
ee97ef73279549278acca74b2340aae3,0,normal,
8162d1fb8402465bab52798ac6771e59,0,normal,
dd363899e329407dafd2af6abd62422d,0,normal,
b7ceb13dd73e4f44b4dea58e75af7c83,0,normal,
f9b3dc6cc0924a509ffc735577a070c1,0,normal,
f9302194d5a646dea951a6a20ad86aef,0,normal,
82563b8e2b2a4abeb369ea89831383b9,0,normal,
d934d6fdba65448591e0ad7eff11851b,0,normal,
426287357a7d4512a2a6b644ac07c77d,0,normal,
94238cd04f3941ea982cc54c1097cd4d,0,normal,
12015624e0ae4bdd97900cfdebf0d8dd,0,normal,
8fb691b59bd24693ad80161b7b89f6fb,0,normal,
506e6dc0fb9e42f292676b9d5175db23,0,normal,
c8e36473328743b19454ffe91819c5a4,0,normal,
088e060d2ee64a3bb41c8dcaaffb41da,0,normal,
fe5776cbbc3e434f871f0b305cea75a6,0,normal,
e0d6fd496c8c4760a3f8b42b01e6f8e8,0,normal,
d3ddf70756fd4ba78cac2144a49b0655,0,normal,
90c5054d7ea64939801c3096c6fdcde9,0,normal,
01b7d20909bb4448866a52ed936e21e1,0,normal,
54bc6bd96937458395938316d2c8c2a4,0,normal,
0fd359fa5dfd4c908be7b303a0710145,0,normal,
9991d81f94ab4103a02bf9e7400609c6,0,normal,
66349937c8fd4dff8708e39ce0b0828b,0,normal,
0a51fd95b8d54b519eb56f91033713f5,0,normal,
b6bd295ef5ec47beaff85a2a76e895b9,0,normal,
a72a5af068f54b14922e12c3288af3e9,0,normal,
9bb256ecfdc7491884e53ec9f619ca58,0,normal,
dfc5b4ba7d48422e9571ed43eedfee8b,0,normal,
5099a3f5c38b415badd963b6cff24469,0,normal,
e45b38d9e262461ba31a38e4a19d9042,0,normal,
31c2d06601714738a8f5ce1e8d11ae46,0,normal,
16766a6ffb624379ac54275798104e24,0,normal,
adfbc04c74e044d88e61326b1ca3944c,0,normal,
90532d865e2e45a79bf203c35e0bb72f,0,normal,
1513e394e78f4b9f95ea9a5ca7b51933,0,normal,
7a96543694534eecbc070097144f0306,0,normal,
95646b16162b4701ad9731fcddc1c430,0,normal,
a83f1dc00ce149e9bedcc349e86e2137,0,normal,
03e824420f444afa83c1b6b9199d8533,0,normal,
819e50cf509345498dd8c6b7756fde69,0,normal,
16cf209d8daf44bb8fbeaab02c2dc9e1,0,normal,
04be59942b814843b3250dc34c206e0a,0,normal,
1eef8b1fb4aa471fb579dcfa28102396,0,normal,
fe563b7f08e14fb58c6a93eeb953e60e,0,normal,
7c204d7a8c5d40d08286dd9e71dc8bb9,0,normal,
0d8c2eaffd1943b09aead51b96057946,0,normal,
72fb10b1cde34099bd50548879409023,0,normal,
aed2155f9d284313997f1e81c73a3100,0,normal,
f0236cce8a344f319271c120835e2062,0,normal,
91b463533c62445583bf3b92a1e6811c,0,normal,
dd58d15964624244977b79ac6916d3e2,0,normal,
c833b885da1349ac94749cf289ed574a,0,normal,
c898295033b143d0b1fe2b2fc9126951,0,normal,
2a8ec078eb614bcab9349405bb26a398,0,normal,
19121bfd8132433bb50d5bccccbaad50,0,normal,
bc34a46f952946f2ac89fe7a72b12873,0,normal,
e39ab8431223493280044a4d7fdab086,0,normal,
f6f617f91d0c4e0b845d2b3cc4a6a3e3,0,normal,
6a287e03cafb4cb4a4d1ced5ea1efd28,0,normal,
60d427f1f8364671b2adb9ff73583bf7,0,normal,
84310fbf06d44d39bca6a6c4cd9e902e,0,normal,
d50f5b1d6d1b464cb477ef066f4fb868,0,normal,
b0ac42ec504e40658fd617fd93242acf,0,normal,
3371ddac576d4966aeaeb4e90bc44607,0,normal,
cc2bf943865a4d788969041fecab491d,0,normal,
9089a13305dd4425b794d7fd2f941b35,0,normal,
246d593b355b43d9bec0a75c2f14a89f,0,normal,
922968d3bb68471ab2673d04e3858dfe,0,normal,
ecfb64c8390c418ebe842ab156593828,0,normal,
95a5fcb2577945a7a02c76d3885328c7,0,normal,
5e402b45fe2e403294816916bfcb3add,0,normal,
fe87d234a60144dc8119b2708ff1b6d9,0,normal,
939e58b202584b158715794a635b10bd,0,normal,
2d0ea5edefeb4cababb6ae26c5790734,0,normal,
ef43f1c0227840a6b98278839e5869f7,0,normal,
0d032888063948dcb3defd4fedce56a5,0,normal,
99947e0e266647d5afcefe3dc80a2f27,0,normal,
2d64f33a48d745cca209f15e534155f3,0,normal,
9d54f9b2d9e14f98b404ba20cbd03a0f,0,normal,
5507573f6d354399af9d21a0f50c2df2,0,normal,
a42a024f3fe6475a844f03d0e9294a4c,0,normal,
872df26208bd4fef93023cb8a87d0bb1,0,normal,
4e159b159c7048c68f4c4ca2c474f654,0,normal,
a36751eabf7c4a0f8ff3204518be5675,0,normal,
c484e9750ab24ca2bd204b6e53e0d5c2,0,normal,
e96f4883593641a39f4a9ebe9b67bc30,0,normal,
c947ffa830c344aca714a6d5cb88d59e,0,normal,
82ac1205e5e84f5496e09983db0e794a,0,normal,
ef03758b88454e0ebc6a534a66329eee,0,normal,
74d3e2dad42a43269df31ee73b5b7558,0,normal,
47fdcbe20210410d83eb61881ec157bd,0,normal,
f2601a8a092c44a2aa542f20202bd0a9,0,normal,
c054f469ada2446f86aee731d176e760,0,normal,
7ed71f273c904db28078f18962c6f87d,0,normal,
6683ebbc2d7f45348e62951c4dbe1b05,0,normal,
74da57b96463463dacc65c491d7454d6,0,normal,
7c609e6ee5fa4da78d3129dfa22c6437,0,normal,
3cd34a44eb1044aebcf3f4f056259200,1,structuring,structuring_653
554dd50a07eb4c6eaec5c2a19f95c0cc,1,wallet_reuse_burst,burst_318
355f3dfd522341f5a1297e187ba01e5e,1,wallet_reuse_burst,burst_318
156b573678fc437ab873e0a73ad9eb19,1,wallet_reuse_burst,burst_318
8c68706253524e18b824a47c68824b0c,1,wallet_reuse_burst,burst_318
7a7f730343774e7ba830a1eb6bf8d85b,1,wallet_reuse_burst,burst_318
5f9f8fd7ee0f44bb9eeb9c07debd1f1a,1,wallet_reuse_burst,burst_318
e0b0f16668e042d1bcb9351373b71a69,1,wallet_reuse_burst,burst_318
963b6cac6f6a4e8aab47b25fbb4d681d,0,normal,
430bb9f142754be08d571fe2e4bc9119,1,wallet_reuse_burst,burst_318
6a2610e740124da6b57037a6c1dd905c,0,normal,
8a14e6d21350490a9e98dcda26ba5483,1,wallet_reuse_burst,burst_318
8976c400b0674c2882dbc4e2218eccbb,1,wallet_reuse_burst,burst_318
70f3c549b3064384985ea8a1dc5c84c4,1,wallet_reuse_burst,burst_318
93078ff962a64b988deca27eeae4455b,1,wallet_reuse_burst,burst_318
e7dc0219b6354306b69b0ae8fdd18ea7,1,wallet_reuse_burst,burst_318
1d31c302e2714522a5a2380dd3d57feb,1,wallet_reuse_burst,burst_318
27b83c109a054d618e1b6c50f8277f5c,1,wallet_reuse_burst,burst_318
8eb1b2b524b64bdf92a1f5d240e6028a,1,wallet_reuse_burst,burst_318
6c39a5bbe63c4319a12efc8745c04d4f,1,wallet_reuse_burst,burst_318
29aabb839a194e238c26f4937b893592,1,wallet_reuse_burst,burst_318
a1b3fa9850a74b9eb832c2f0a2228f36,1,wallet_reuse_burst,burst_318
fbafee652c454c0cb5346c7bf563cc5a,1,wallet_reuse_burst,burst_318
c48a8228960b437d86b4cc4399fc2308,1,wallet_reuse_burst,burst_318
e736d1c8076040cdbd70a8f0c819f4af,1,wallet_reuse_burst,burst_318
b0fb7c72d4bf49da86babf876729f28f,0,normal,
fff4d6fa2c5a46b69b3e7887363025c8,1,wallet_reuse_burst,burst_318
8bddcab83882406eb199c14c3a58c729,1,wallet_reuse_burst,burst_318
afceda4d6ec54471ad9ceaa3bcd34cdd,1,wallet_reuse_burst,burst_318
a4d827eeaf7246ec98719efbb128d619,1,wallet_reuse_burst,burst_318
74b3a94e437c4c78b08894057b9450b0,1,wallet_reuse_burst,burst_318
20bb68fa13da4fd4929d16f09728ffa5,1,wallet_reuse_burst,burst_318
c9f0ac3c1006428d99a47ed6f1ae3d15,1,wallet_reuse_burst,burst_318
e7e2cc74ceef423fa463d84fffe31901,1,wallet_reuse_burst,burst_318
64906b8b75a14719a3228c847f283ed8,0,normal,
3b826b095e074bb1b80d18b5259b2710,0,normal,
c9dfd1a6a149480884e295b752d9079b,0,normal,
a35acb2d0dcb487c81aca8fec71e4a2a,0,normal,
33660755a3b54ca8b8dc78fac910f4a4,0,normal,
44b12b5594cb49dfadaa8f459f037d0d,0,normal,
51f633caa8e14350a50be4361b38088e,0,normal,
6161d85f39114a1d96ef27fcec32c5c4,0,normal,
cefc6166e123452fb9a5a5b1306d8550,0,normal,
829d1b14722f4d9e857460638d8fc22c,0,normal,
6fb88c7c565f43a28e1c285d36f270d7,0,normal,
1180d98e1a504aa8993a625aa4047ccd,0,normal,
ec4b4ebfbd844636b5924711a0e1a691,0,normal,
10ab955b49294425b08c555c59918202,0,normal,
4cb423b97d124c129994ae1d541b636a,0,normal,
cce7da9627aa4a6d9046716b7cd0daa2,0,normal,
6c0aa5a5edaf483aa09c2e120cdb95f8,0,normal,
6cb58251b2cd43b6a48c6154a8343c3b,0,normal,
b27e0cf6029d4384be7559b12ec17abe,0,normal,
6086ab5fb1304237be32693e0f4c99a7,0,normal,
b5b60db4752949db83630675ec528bb6,0,normal,
57c0ac0bebdf4f8b9a7b4df7cc050f14,0,normal,
ec454a073ccb4fc195e61658d3408b7d,0,normal,
7c780d4664364e3fa89f06e1d3548126,0,normal,
735d899b3a1248c38744f4cf94ca5337,0,normal,
e9a69354a23e442e93de72e34f3429bf,0,normal,
832081958ac14173a63e115206376639,0,normal,
b3254dedca6f4db783e926e714c404e7,0,normal,
fafbac2531f54a639f87e8ebf30c688e,0,normal,
ea6014b592b84efeaf4c12aba0a5c70a,0,normal,
5b9256789e4640b2a88fc79fb584b0e4,0,normal,
bcb62cfa184f4895bbd4177de9344749,0,normal,
237bab358f7f4374b2c770975bc6185e,0,normal,
7af41e9f115a4a9f86e8a291350efdd6,0,normal,
0e257806553c4573bba1a69ce0c2863f,0,normal,
75c0b7193b8948b5bb1ba16244599903,0,normal,
51d7eb2518d84155a3f417e4187f85d2,0,normal,
620403ac24c443cda6254c7b403ab6a8,0,normal,
9e0328c9138e4e40a98e56c194718bce,0,normal,
fb0db39f40f24548a4745d190387a55b,0,normal,
2a35d1b3e44f492bbed677b1301a27e9,0,normal,
0718814d1d4a42c5ba358dcee9b48c59,0,normal,
a83427da129d4e2d95a38e3be76f6c11,0,normal,
cccaf26f53fa4e4c815cf91747fbd521,0,normal,
c3a82c94b65843309ed4451faa137e7b,0,normal,
0d60db0991424ccfaf16c6d60555aebd,0,normal,
527d81b5788c44edaad9fa5d3893e9f8,0,normal,
79593e1d374c409a9c123caba510597b,0,normal,
2266f864f73942fc9462d47e50ed8787,0,normal,
02a73ffca9514c8b8cd1efed5402dd45,0,normal,
261422677f7e455d89cd5b2795728ffe,0,normal,
4102535c4f8c4c7596b5cdc510b4f3b9,0,normal,
721a1aebc99f4b5fb2d41d7b7aac5086,0,normal,
2c508129c9d44ac9931f88731607bf7e,0,normal,
39d53427c9f24dc9b9e9b450c899eedc,0,normal,
8dca766b1c4c46b08e872681d7ed6b38,0,normal,
9ba6f34272a54372b9b19e647c5b985f,0,normal,
9d165e443d4f4b6b95d11bf78ed56851,0,normal,
f7f27f32049a48ff83902d4249b8bebc,0,normal,
572ad4cc73104637a5fc7fa9e89bc8e4,0,normal,
9c96a949d85b4f38b1e412cd52e96b18,0,normal,
8f975aa9a4ff4ca196837f1c02c8d54c,0,normal,
2197b506693e48a990af05a76aaf8fd2,0,normal,
2cd5b53973c54dd69889491dc170fcba,0,normal,
595aec62491c4433bd0482a7de73e9ff,0,normal,
e434406663494025b1ff99dc9e589492,0,normal,
57d7823132d844ca8eda5dc126e55511,0,normal,
682231c337474b72ab97ddfd39ea2084,0,normal,
34a230487329496a961b639cf1c26e99,0,normal,
6649a13e01444967ad93deb8e990ba84,0,normal,
bbd156afa5d54b5a879a8b3eac0d37d3,0,normal,
32a6ae125b1c42538716ad65e87b50bc,0,normal,
f0adde0293734467bc1222c6c9b82e30,0,normal,
6b72efb1ef3c43109d37cf84641e849b,0,normal,
8ea65266b76e412c86ccdc7d69f96a21,0,normal,
81b4a02bb8bb4828a32ffc14a06c74f4,0,normal,
dd6ffd9a80c84dd88cb4d1b0ceb0da5c,0,normal,
dce182df1e034f26bdb05c811acab759,0,normal,
84122d15dafc465180e37351ec4f174e,0,normal,
71ddda74cce84aca93ddf6b30b8ff850,0,normal,
59a6c2be570e4382ab50d7e371c20a71,0,normal,
83cf88cead624be68a96a03f55c7ac23,0,normal,
a588deb9c51949cc9625f6776f48a28a,0,normal,
a91f1f0c43d94d4f9d5418d751a0bd08,0,normal,
5b523725fd7547d8b1abb4ec8f7f5b3e,0,normal,
6f1d2acf1e30499f9a9ab7a9816d1b7f,0,normal,
f7042127353f4f239df8d9f8f0a3eea5,0,normal,
f31b4410a1b0459daa899ac21ff46001,0,normal,
81a883afb57f443a8d3a039312a9e43b,0,normal,
891257049fb4469abf10ca08aa6c4b57,0,normal,
2bcabc66cbc34777af2e65c0cd8722a8,0,normal,
f0ef124beb5e488fa5fe080167c1753e,0,normal,
d9f91c4ae4ee4a3ea44fdfb6703f1b37,0,normal,
0b5dbeffcc8349d5aaad4293e7e044c0,0,normal,
526fee4b9d9c465fbddedcc35cc3d07f,0,normal,
a6ac3e2605574a889133d3bb99245ead,0,normal,
e96f4e44af504acb9c6f2fd6deaa9406,0,normal,
a871fdf633024bffbaa528f7cc783699,0,normal,
c228a221fb784e6ab8863b25c92210b4,0,normal,
dce449af218348c9b9382fdcadbcbd24,0,normal,
eb7d5449364348919a3dc14f6413b933,0,normal,
5b97f54a645c470da59ee46716aef6e9,0,normal,
29ee06e7cb344b46893b9c1075d98b41,0,normal,
3ccdbcd52be242e59215240109314945,0,normal,
c04bee747b14433d90d952fcdbd83391,0,normal,
402c8a9172834161bc16060e6d1130fd,0,normal,
1f7879e82fd249d89c9d13f1c3a6c570,0,normal,
68139618fa8c4e8998b89c79b200cbb0,0,normal,
7bd93a09f7764ae1affc4f7304de7441,0,normal,
e86e0de35caa449fb52b431784e5d707,0,normal,
d3f8e2fd3cfc466aa0282e29813891ae,0,normal,
5407b86051ca407bbf5e2d4c48ca9f47,0,normal,
10bf5ddef46a4de2a1e0c808d74bfd14,0,normal,
73d550840b54446b9fb94bd9f4dc2134,0,normal,
6f1dd0d8cc5f406797a97011892e644a,0,normal,
52492c1049734a0382057f26060a3d3c,0,normal,
5c31c10757984584b0a4336ec29f37c0,0,normal,
4af911ba553744508cf90dcdf5c0035f,0,normal,
51c9d1e8c7f44519b69bbf0bc02418d6,0,normal,
b92ea20e700b4987aa1246f16d1b6a19,0,normal,
75c2484f35224b4b832d2f6a0bb0f4ad,0,normal,
c372303463e84906a4250f646590f1c0,0,normal,
ac385c0b2a10403aa0968376c4c72005,0,normal,
1c3f49e422de4143805fcbd2db616cb1,0,normal,
d9a2fc002a1d4d8bbd312f9d42f140aa,0,normal,
97a11bf9e5254f5692ef5c91f90225a1,0,normal,
187b62c44fd14f19864cb67353c3d778,0,normal,
74e1a08b07014d99a8cfd95106fabcef,0,normal,
77645d46c66042e9a6414c8bab974174,0,normal,
2bfec89a8ef847a2bfc403ac2ddd198c,0,normal,
84f1bee2420748498a91464ac77ff38b,0,normal,
fd04fa6eedcb4561ba23dff04b2b7894,0,normal,
65f58844edf34dae9cf14c387ecc54fe,0,normal,
28db2a60f2be47d8a6e6e9430998d4bb,0,normal,
69cb63240ff9415786c02f5be631f83d,0,normal,
cf9c0d6df9c84e61a7b1f8aa4d8acaa3,0,normal,
d9b0544e8b3e414cbc6e804688f13219,0,normal,
10915bae8f934cbeaee7e25b12d82855,0,normal,
dceda4fb28f04bfa8f1b667fafd677a6,0,normal,
57fd0779fab243a59bbe7bf028f34971,0,normal,
d7ba4b54ad314fa6b20deab5c692aaf3,1,structuring,structuring_653
de9f4ceba2884c63ae200a65d967d3bb,0,normal,
88f0c39c4d9e41b5b542f2c5b29a62d1,0,normal,
62781ae509a94d9ab4ff2bf9f6d69380,0,normal,
8241ce6e39fa4e6da735376173bf95ab,0,normal,
58ec3ea079714abf9294d8b624f5b516,0,normal,
804bd884dda147c49bfdfa46b41fe22b,0,normal,
3cb9f070485242468ebcbfb4c42214ae,0,normal,
a43b5c08316a44f2a9f460f998b8e82e,0,normal,
5af3ea28a2804a07a441248dd580bd6b,0,normal,
fbd9b1c58337449dacc195a092c6f610,0,normal,
a719f66d09e84b8f83045a89abc0274d,0,normal,
3a4232fe81cb43f0b22f4754e615b282,0,normal,
c833b5168b0a4e069190e7f94b7ba059,0,normal,
5a0e30ec5fe742949b5e0528f8e4c593,0,normal,
cc694749909548beb58624325e915be4,0,normal,
23bd8caca95448c9af8770422414fbdf,0,normal,
b21dae9018f147bcbf206417d32a8fd9,0,normal,
b0e4b82fefef45348d06f42b3f176ffc,0,normal,
f87dfa95a5754f6f9d281a5970a362a8,0,normal,
90df1c193c5e42e688eb99471852fd09,0,normal,
6c4d032c1e8f4226a4a2535f1af2b657,0,normal,
b83e11aea0bd4f8f826ca6f07f78a003,0,normal,
f114da414e3243d6ab25105081ac90ab,0,normal,
254ae5e34ba74190a4984bf85ab69d66,0,normal,
9d4a2a9606244a2eab8b7e3fe68c1d22,0,normal,
8e11603dc45341ed9477492ad5f9ff70,0,normal,
badaff6762a7421096086e0a79dc9c1e,0,normal,
9c27602d93144c959d56c8128ad8ea7a,0,normal,
830e557ab9854750a6b1c8fc7f63e3e6,0,normal,
d2e27318dd534af3b326df4755aeb133,0,normal,
97e4578b32b84071a9e9dd43fa0597cf,0,normal,
b173566c06e74123866549d794184253,0,normal,
cf6aaa92184b4151940e778cb4b34507,0,normal,
68436030fe3e4b01aff3901317e4889c,0,normal,
6a6a4c2f83ec4109b29fb77b6a851d9b,0,normal,
f335655524ee4c08af6adac8d5f07713,0,normal,
58f7c38abf8143daa09569b7354a2ad4,0,normal,
46da4742c2624d5c8c02cad35eb3ed0b,0,normal,
906a153339a54c8facfdc6a6f299e1ad,0,normal,
dfe8d86fd1f549f18d715e0c47e5c426,0,normal,
363a1fd6815a42e5b896882e5cfb5c71,0,normal,
ba5d690b710549278649c06f741b16f1,0,normal,
4d169f855e3242f09261502d133e2861,0,normal,
ef68c54949354b71a15d000ccde48160,0,normal,
34d8d3f76f1b40428c5951e62dd988d9,0,normal,
7a5d66a5f1754a3b9325bd48f7261cce,0,normal,
a893c47683e04902a6041c6154227790,0,normal,
03f5bb913cae47d2b872290dc69372d3,0,normal,
bbbedcc86e274469a73e7d4c754bdd93,0,normal,
221feaffafe0435c9626f42d46ab70d9,0,normal,
ffa6ccd9f6cf42ef83c467439268958b,0,normal,
346270925e594ac38e22f67c800010de,0,normal,
8d7adca7a3d144c3b8e4d1f4f4e73779,0,normal,
a1e3e067bbf746f390149898621b4378,0,normal,
2eb9dfa87af24dae8444f6ba6a9c67d4,0,normal,
9296380fc7064c2c8d27d5ce15d99c9b,0,normal,
3fcaa3f5d9d94e94a819b34e53b77787,0,normal,
33ac17824805482db7d17fe8aa0cd68f,0,normal,
f549a12df54644cdb696ac16801bccc7,0,normal,
114c0b0195b64a10a900d497d7641f74,0,normal,
e14ac47d2b7342b497093038af41ce27,0,normal,
045b10534ffc4057bd1c4fc6d4c05bed,0,normal,
757ec7616c0746d89a3642f2711e32d1,0,normal,
8dd23e61903b444ea17b289525449f97,0,normal,
c02c41a57b7a413ea39fd5d5f86bec51,0,normal,
8545d85285724da98988eeb5a57bfb8a,0,normal,
57a26184d8874ef48b87a55e7df93711,0,normal,
f217ebed1fff4770ad239ac07fc53db2,0,normal,
07e99f4918324d61b01c1ad004606a6f,0,normal,
78ce3abee54e49fb8bf43359dee40d6a,0,normal,
eca8e705101f4024bbbb546fd9f39bfe,0,normal,
751bf89a6ae14dcc9c46bba1af1a0984,0,normal,
c1abe860cc8c4402acc29e257f395936,0,normal,
1129d10d6c954459927aa2012e75e5ed,0,normal,
ee594ffd06fb4b8697dbab1ec7bc63b9,0,normal,
52caf5c75eac47cfb8ad574d9add8b00,0,normal,
d40655f633334597a7536155297e3d90,0,normal,
998f2aecf83e40008566e64c60d04b40,0,normal,
2297300b196b4664bd30322deaa5aaef,0,normal,
0c5a7f88b74c4cb4a204ba2197323c64,0,normal,
2d5309f1642340458f54fed297803248,0,normal,
f2a5c36780364a3c9beba3f9d7175270,0,normal,
116f33fadb3c4620a61506841daa609d,0,normal,
2e4923c53f2043b398248f185d1e8c8a,0,normal,
01405a0c5b774a11b427c3b7cb95415f,0,normal,
539c42a48eac46e99bb705e0b0795b2d,0,normal,
9ef052a8ac7546f98ab594cd40ffb1bf,0,normal,
9db1ecd9bb934e92aaf7bfd6e06d53da,0,normal,
df3668c1ba934b2a8a6afe7ca38e6e10,0,normal,
11d1ab049d5d4d4a9fe48d5865fd7ad8,0,normal,
886c18a1cf2f42debe60e41b86c9adb3,0,normal,
a3a6e60775cf4e2d86d0611ff6faa62d,0,normal,
399558fa50a347d09d0e39c19d045341,0,normal,
20de9bd123624d34b2395d7a4c23707a,0,normal,
34bd01b6b6f14e2cae9dda6ae8ab6a2c,0,normal,
d1afc05adb644ff89408490619bc4540,0,normal,
3ccc576eea4b480abf3d6b1a7a442fe4,0,normal,
50635151385a4cc98df0dd8bc1439a14,0,normal,
386d5d92e08f4e29ba6276e620dc2faf,0,normal,
6b1f78183cb74416a1533d2536be1fae,0,normal,
efd9270421544746856eaf12f97295ec,0,normal,
573d9c02d8f64512bb8c10a1b0cd9a78,0,normal,
34345a0ee6114ae88cf9e8f8b2e2ed50,0,normal,
e699861161df4033a63d95117b3dc75c,0,normal,
3fcec0e9bd9d4f5e927b9ac04a44f755,0,normal,
9d697a56c9b34e87a3a0d7f7708b0630,0,normal,
c4a9decf265c428caef3906e4862a96b,0,normal,
ae1f46bdd4534072b87eee3f3669d438,1,structuring,structuring_653
795d3b7dd03843048237810d4480bff7,0,normal,
67c9084d2f15477095fb0821de59daec,0,normal,
ed39e901ea5740b99f6f74098df3c6a8,0,normal,
46b51a14160d42ff97e832ec6187df7a,0,normal,
5b771d7330d44a05a51de3c05ffc7e37,0,normal,
52675c81cb784baebecb3f99e367c9bb,0,normal,
bffd94735227452f80422a2ea372cef1,0,normal,
1fd6f9877de945a2afddd14c7a89bbf2,0,normal,
602fdc7aad014e65bdf244e182126c54,0,normal,
b5c9c09d891940beaac3a5ab2991c442,0,normal,
552e3358094a4136beaf8bd6d11ed7ce,0,normal,
c43e8b8fc64347988913cc2a15dd17fa,0,normal,
4a32e2bf9efd4e54ad1d4356e06c9441,0,normal,
e5ca1bda7f1b4f50b04bee6f12ad6e6b,0,normal,
a4207c75292b48f9813d61d813c3fb65,0,normal,
c1a8d0341dac46b89ad600ba67ea12cf,0,normal,
803b2cb114bd436b92ca3a86afe7cd36,0,normal,
580ac0eece8b4a77b7913419db7857c3,0,normal,
aba04577442843f3bc4cf4cc356f475b,0,normal,
a6d0c74e33c548a69ba2cb4f627c2bf3,0,normal,
f2dfb77c019a42a4a875b8a070d76dbf,0,normal,
1078c17f6cbb4d76badca334b1c40016,0,normal,
d18f9e2685df40fcb149587430007a11,0,normal,
2c74423701bf41daa813116f928d6352,0,normal,
9fcfc77121b94e0a9f314ccf99522c28,0,normal,
a67d24d70496401a977a834e9ccdd555,0,normal,
19e3275ee4a54a5d907033226aafe83a,0,normal,
f05c0859f6d34c7384e9091794555d8d,0,normal,
853b812ae8a941639fe02ea20d8232ac,0,normal,
fc8473e2ef7c4e9aacd12b1193aa2aef,0,normal,
75b44d4042f946448e4aa4563bff83cd,0,normal,
8097c0e6ccd44f9aa3cd5f929b945ae2,0,normal,
ebbf21f3b7234359b25ddf9f941eb4bb,0,normal,
b281bcbcc3c54694832bd87db51ac832,0,normal,
5181f261196044ce868ab3bdcfede2bb,0,normal,
5eac8fc1d4ae45f8aa36a21fb399d1a9,0,normal,
ba9d3e16e0784ae7b94c55e01f89f38b,0,normal,
b062689006644d268345b7f7470d356c,0,normal,
2526d98aaee44004b1ab514b52ab4806,0,normal,
2884a84d14d34389a938bf501082148c,0,normal,
8f329be0876540aa91fd7f7ca1abcae4,0,normal,
6e42ebbba640471eb8616799344194fc,0,normal,
634ddcfe64d84107824221d571a87e0a,0,normal,
2111358e051a4bac806273a7a3b0bd77,0,normal,
8a0236990bef4c699965728e22b7959d,0,normal,
dd91b71814a54b04991d6272febb5d34,0,normal,
13a603976cf24d48b3768cecfec30173,0,normal,
1dd9934e8390405c8fd1d7d031cb997a,0,normal,
cc071270f6a443c9960f7cdbbd2d35b4,0,normal,
4ab76d09af9546459167f47df4d49af5,0,normal,
e5dca1d0cb104b65aada83081999083c,0,normal,
9a71605dd63e447095ba9d3d55a0a6e7,0,normal,
78f6e662846e4e61bf814d14a6bd3c90,0,normal,
2ec7c095646d401b85c02b2a6665bc4c,0,normal,
c1d377584b2a4030b8a01a75d79bfd97,0,normal,
4674ef307e4f450c8a2b5e4bb8f88da9,0,normal,
1e3b5f58d9444dc5aaf791886e587e6c,0,normal,
5557242a368248ac8a2780a7708f5987,0,normal,
c60bc8a2f1474797b820dc45db69b43d,0,normal,
fb869b81cee04b80837091257cfcf3fd,0,normal,
95b5b035e9244750b638ab058647eecb,0,normal,
c8c4eef1d2d541038f5216e4adfeea43,0,normal,
db03c12cc31d4558aa66c5d0a99f53a0,0,normal,
f2a44fca597d41adb900e77b1ef0a436,0,normal,
ad48b9853d0a424b8c1e7e60caff2125,0,normal,
c56a45fb27114640aff71185baa93d7f,0,normal,
295890fbe0c94c56a5a2ecbe8a3ed8ba,0,normal,
fcdbde7475ca45edb111a693fde914f0,0,normal,
561486f98f274a8498beea556ec95edd,0,normal,
49727047f93b4a2ca0b54fda0e1cb26c,0,normal,
7c5e26fbad2247628ab10062eb5f7101,0,normal,
d56ae4b0ebf54e06b96dd23e3630df01,0,normal,
dc7adcafd7744485a8d29144b6f1a913,0,normal,
0dde0816446a45d591472c55af7a5de3,0,normal,
24c7d6f47d674d7582a70a2006f817e7,0,normal,
e4239640a11f49329bddbd826e517bda,0,normal,
3f36e49bb6c043ff900a5f716fbada54,0,normal,
a534539f2e2240368d8dc4969bd96505,0,normal,
48ad989b21d84a07ac48a482f2eaed7c,0,normal,
08ef212ea24e411aa81a75fa73a0b864,0,normal,
e108246c7a674954827b104884716f9a,0,normal,
c5d93d3e0fb24f73b853c6c4fcbba599,0,normal,
10df55d3643b453381a40b609796f0a9,0,normal,
85f23ebd0b77427b9ed0a9822bc275ba,0,normal,
c0bb08f06434477e9005528cf35af4e7,0,normal,
fd0c2d26f24848778953996ecae642c1,0,normal,
9c2d3e4c4368403a9b5e0d64011a74e2,0,normal,
6147bb44a7a140d093c8e4d70e526617,0,normal,
a20650674bff43d190183504f8b3db9e,0,normal,
394bff1baaa04cdf8db3bd6e6713b88d,0,normal,
0d0b99ac2d734f58b2d84f0e5e9e25bc,0,normal,
4252e47b3b934e5e971e71b06311efe1,0,normal,
50c1200913c347c6a3827c7a73fffd17,0,normal,
6a815e8d04dc4b7f9e84cc4e2ca3e459,0,normal,
ca0e107432fb40f2bc4d64c14069e52a,0,normal,
2a5b6a01f1be461d9db3f32b420fd070,0,normal,
7b1badde2f0446709f45536e3f1703b9,0,normal,
7716c22fa578448d8fe62ea36566b7f7,0,normal,
d28f3bb85b1b4e8aa0458920f40a9574,0,normal,
1c5377ac2acd42bebc4d6fdaf7479d29,0,normal,
c61a0dba8505402fbc9263964a921bb3,0,normal,
9d3cbcbdcb5b42ab9daaa249412f1820,0,normal,
c5b0596bd81243bbbbb61c0a1d1ae801,0,normal,
a13d200643ff4ab0a50610dabb0701a5,0,normal,
5ed51c0a5c66477eb1440f8b94d69d59,0,normal,
7ec7b7ea696746c7a8ecf81c298a65d6,0,normal,
f9989031938942ff8a190856c3cdba07,0,normal,
eb931b724ebd4a3c95256d76ed478dcd,0,normal,
12a07246cb924b038f34cf52a8cd2875,0,normal,
2c6ff03d01f14186b325190c4b9a6623,0,normal,
442477c4a3c24a8d889750e72ce699e0,0,normal,
0b19ccb990a4430497ceeea6285ba168,0,normal,
50b7b74301ef4777abd9de89f82b1789,0,normal,
28a1f7681fe84d2eb3a06dee2bfab6c9,0,normal,
89814c334bfd48d6bd452c55069fb9f9,0,normal,
5a587e63f5634cfc9d7248c6d9400f74,0,normal,
d85a4e29b09c41b5a715d25accca1056,0,normal,
ad76ec969c2a431cb7e29d8891fbc430,0,normal,
88e2140a169c40dbb0cbcec47272ff69,0,normal,
e2a359681c96452cba4bb8e8858ef4a5,0,normal,
3c7ab58b2e3c4b31874433b7d3b190e5,0,normal,
b541f827af624ef8a9fab7142c2769b7,0,normal,
65b4f4f5c23847d49405f460ba7fa8eb,0,normal,
93543a8ba3624fda9b9d979c71178629,0,normal,
153681bb33df4db8ab982095a273de91,0,normal,
c4812822470042a684fa473307c5be29,0,normal,
1581e7b395d2478f92fc4e2cc2f63630,0,normal,
3e27beca03fb43a884443c1736f100bf,0,normal,
51285eaed6ab401fb251128448a598d1,0,normal,
8e9adbea8b1c47468a4be4816f3bc3d7,0,normal,
9588db7c12b340b499a3c73447721c7c,0,normal,
0fe835c78a264faf8d64fe0916c5aaa6,0,normal,
ec7565e7ea284f89adb68ebd39df36f3,0,normal,
6a4995765dc449fb98ba17c084f11ec3,0,normal,
7d51f3fe56eb4ee29b5c78d8ef7135ae,0,normal,
5140d571f3e444b1a576e7063fb9fd96,0,normal,
72d6ff88f7344d9c95d51a586c688594,0,normal,
270fcff7f174471d92b9184a7df83e78,0,normal,
d55206699fe447ea823ca5aa6cbc1fd6,0,normal,
7e95615b97304d10a376a7e38fdd96c4,0,normal,
43f71977b2d542058c45c3d81275464c,0,normal,
105ad037731a4ec4a704ffa68b3f5cee,0,normal,
c5f6aa034cfa471199a9f157e59bbf28,0,normal,
d7bd8c26024b47a3bd282b57cf0847d3,0,normal,
3f2c2ee72a2b4139a42b58bc3568cdd4,0,normal,
a106db28825142afbff890d374d43d30,0,normal,
f20933d2ff0e43a4978898f234db0cb2,0,normal,
6972f1bf594b419981534faf48036455,0,normal,
c6fd2673959f43fd88bef4c04e2fab9c,0,normal,
14372a909d074d21a8449a10e4f2f6e0,0,normal,
21fed1679d3b460f9acdb55fa26d573a,0,normal,
b216d8b73d8a4395a0591861c4765fc8,0,normal,
c8b42d3897b545cba4d70dd1dfe41e96,0,normal,
23f369e99a29466b80dcb78ff3dc7f50,0,normal,
cc62eba311b14f4687695e3aaf8ff746,0,normal,
dddac46f020340e6bd494391046a96d1,0,normal,
a3170f6deca5468e969680d0c45a8f40,0,normal,
5aee48b43ef145a09d11d35186b883b3,0,normal,
da7a27a8672c4d04b17c63418f0eaea4,0,normal,
0be10f050faa4925999cd44392bcca97,0,normal,
d5795359d1ad4d1b8c302ee514db0a93,0,normal,
96401ecc277e4fb798c1230cfcad9d81,0,normal,
77b25587bf7543b69480424b4ec4b7e0,0,normal,
d335ad504a7148d08a3b7b24f0f3d219,0,normal,
3eeb7fc64f944ffa89b609fadcf5c5e6,0,normal,
7d6a4612eb094596a4a14faa2775de96,0,normal,
ecf531eb9a81473c9bb43c6c8fca430e,0,normal,
5c68a6da76394a13ac7d9b3b020cfba8,0,normal,
ef32153d0e1140d79205acd087e1f186,0,normal,
1552194356aa4a549e5605d0902c4ec9,0,normal,
0307ade089b9452b9c10bec27bced967,0,normal,
db9af7e35cb840bda09a859e29825bda,0,normal,
ea57324085db49e58001790a011d0f6f,0,normal,
e05f7cdedcca4c21b7cd44a4a4987fd7,0,normal,
324b75299677425db4ac7396c6a56211,0,normal,
70eeb39a93a244a2bbd2ff941f23397e,0,normal,
d9098c3e8bb44273849b54f27bd1f746,0,normal,
ac3d9308e8214c51a9e9a835dc97e682,0,normal,
1ddd77307a334a2ea133ba0c6804e0ca,0,normal,
c8cf6a792c524fccb0e362dea477a299,0,normal,
72073b63485442a0a26c85c908e0db9f,0,normal,
8b9b7556c3764d5da366f93af7d92cd2,0,normal,
93bbfd2dc9aa4b9e89e73bd4d14d2d35,0,normal,
47befa62451b40599e3e43827c0c5936,0,normal,
2eb68dcce40b4806967eb5fd083c7441,0,normal,
272bfe0ed18c44c1be3877d3a43a7a45,0,normal,
48a6d82e95f84c9499707ed4bf7711fe,0,normal,
9781a11fe9cd466a9e97d0d22336305d,0,normal,
7e01d61d02b546d1bc6eef9e700aa234,0,normal,
b606ad51df6f472c970c2eb447bc8f4a,0,normal,
62087375012448b0a71148a84b45c8ac,0,normal,
d92dfef2b25a4096abb89d9352fd53fc,0,normal,
be3740aaa71149f691a9429e07644cef,0,normal,
4a59c8b3d8954de080b7c93e79ffc558,0,normal,
18ba83b016c44c18aa9581ba8b55fb9e,0,normal,
e91e1a3dbb2c4a1aaf36497127778cbe,0,normal,
a0712b4614584fdf8ac3b3785c808674,0,normal,
c8b91bdca32d49a88fad8f158306ddc8,0,normal,
aa4538f6ec4046139e4b3800ca303c27,0,normal,
92276519344d41859494ed620e9bcb1e,0,normal,
f6a369424f0943448257c631071d2c41,0,normal,
17ff85a0f01c4fbdb54fbeb67544ab9d,0,normal,
ee8132960e6b4f25ada89e435e2b8dcf,0,normal,
ed94ea5448384747883abf57874156e6,0,normal,
60678c7d4872434db1ef5b877f1c83ae,0,normal,
b524fb8d8b9247d1925f2e5606e5edcf,0,normal,
9c4877e4cc0145e0a7ed315a7df1ccbf,0,normal,
edcf269197ba43c18f19e97ae7f14139,0,normal,
d53337f083ea4adabae7b846d528cf56,0,normal,
e22357fe8c0444ddbede7485f7935deb,0,normal,
4e4fca1fd9994243a8ab9b632e1bdf47,0,normal,
52b763c465544c8db389eca47360e7f7,0,normal,
762411d21603480f9699faa297bf09e4,0,normal,
7dfc0236eb4045fb9dd1f8a4da4de1d0,0,normal,
9685069f31644868a803cae98337113d,0,normal,
337f44ea500343bcaeea6a578defccd9,0,normal,
6b378607ac764bb3a39d0035c4e3c564,0,normal,
975b28350a8e48a789a6d7dd2217f19c,0,normal,
256546e226c54437ba3020a87e2b61a3,0,normal,
937a1a9a71e14741a0c87e81b99bac42,0,normal,
560a1cc7b2f84a2e9d7d8541deeac439,0,normal,
e4c12c11bc2d456287abc2247735ba7e,0,normal,
950eb4299920422caf0e7ada9e4e1c91,0,normal,
971db9dc9b784d0b84846d447f62b534,0,normal,
df084f2cef684e12a0b269df18f08213,0,normal,
23ccf47883d349de9cea48e367591980,0,normal,
b01a0e672c1c4aa1a9c5b78adbaafa39,0,normal,
e2d3ea57a10c431199326a4977c6f99a,0,normal,
cfd5815662354197ac50146f7ff2160e,0,normal,
6103bc34c3dc480d8551866f8164e965,0,normal,
d2ad2264759e43e39a72629915060b2e,0,normal,
308adbe18ba748cabadf8e0a8da8849b,0,normal,
14cf383a759d4782b6050766df57b4e7,0,normal,
dee4f44ee4f44793be5057992e94fa70,0,normal,
78b8af994fb9441cac0865cafac4ec5f,0,normal,
d4ee6789ceb84e2393de6a1519f6cc9e,0,normal,
cd38d86b998b4a539b3f9994212276e3,0,normal,
e5e23f39f84e449f81fbd205f0f85dc7,0,normal,
e3ff38b71c0644269d195563ee58cbdf,0,normal,
a6be0df5542d4442b82cfdc7a152c3c2,0,normal,
e874c8381ee44e5f8c9527050e4d0e84,0,normal,
c5c97d3ac82d401ba2e4dec6787f4c59,0,normal,
860565cfa68d4a35a461e666a0329269,0,normal,
504adcfd520c4619aa3a7f5f9cefaba2,0,normal,
2bc8da835df74cbe97286377fc89dad2,0,normal,
a30997f33dda40b29acaba8da0913bc2,0,normal,
85fc9a83d32e405eafd94a1edb8cdeea,0,normal,
d62c440a89cb45bb9ae4f9b78d386399,0,normal,
ec8b0394ee664fc1b5f3edfdae84e364,0,normal,
89f20121f9a142bfac9c7863729f1f5b,0,normal,
7121f0a2d03a44db91e2a89e5ef644e0,0,normal,
925ca742a7ba4ef4bec08da1198faf82,0,normal,
0e23310554794e7db3ea0f63a313bdbf,0,normal,
923f82dc458749dc8d3a0f878cadbb00,0,normal,
780cb26fc512478f856ebca7e95e1509,0,normal,
992aa85cd60e4f619df9eb905e9a02a6,0,normal,
535aa74ce0674a499b26ac126bdc6661,0,normal,
e6dc508e5827453d981681f91cc1fb83,0,normal,
1542c0cffbfd4940a2e387a1d57fc8ce,0,normal,
38e7d7a42cc7472aa3028f1397099614,0,normal,
10fe9e5ebd6f4594a9287a4df86e6826,0,normal,
58b68ecd91d0466e8b6097f04d00d25f,0,normal,
ce4cdb6809264c6c8c1e48c9073c962c,0,normal,
570d7a633674495dbaf09fc592398a7d,0,normal,
aa84563f97264985b4f947f7c5252b7c,0,normal,
940f69fa1d504dd69933c0a1268b7d17,0,normal,
854f1522d9df471aa65f57edc4343e3e,0,normal,
1493d48796fb48288afbd8226ce031c9,0,normal,
2f322363e04d407cb5688d44cb4e8f53,0,normal,
1830ace3133346cebe28d68c3a95fae8,0,normal,
a7df2b5f58614386b7d4a6d7cfdf3172,0,normal,
92187239f9f84e5688fd73c41d63e443,0,normal,
15a1c538c66142468a14ac44dd848af0,0,normal,
231aab7b29ba45ffa850024513d04bcf,0,normal,
5b1b7eb217b2466ea909a1b4f6daf6c2,0,normal,
dc256974c5bf48998bcbd4eb337bce59,0,normal,
f00589b647994b3d8a5fb2f8a4797209,0,normal,
9cfaf31032714c0bb6a90862b6184f76,0,normal,
ea66c4ece8de4b85acfd31ed6671ebc1,0,normal,
af4cc296c0d94822b34845d6bd52dfef,0,normal,
ce954b9aebe04e1bbcb8bd622787feed,0,normal,
aa08a4acaab44406a81354257b92ef2e,0,normal,
b4bfa98e6d0e4c3a9f4ed7b5717b78ce,0,normal,
94133f47af874e6bae3393a8621be6fe,0,normal,
41ea37c05b854d7a91d412f4958201ee,0,normal,
ca1d39907ef24d3ba8fd765ca8442dc1,0,normal,
5e51c60186584b8aaa255f1c5ebab008,0,normal,
e7b3cba71f3d4afe8287cb9035e9f16e,0,normal,
7b166a135d194bed807ee4742dbc752f,0,normal,
1a6e96b0f0bf40799d75acd0b01df20a,0,normal,
07212c50ac1e430f9c32717e0745d044,0,normal,
5aefe7667dc84e88ba721cc9c2dee35c,0,normal,
357001f6dfd94d32b220b180e64c2dcb,0,normal,
cb2dbb363cfa41e0a0f43092342020e9,0,normal,
3c2111284c30415eb0aa3d42b92c6353,0,normal,
ae40807588ab4972beb650b19c2d1d00,0,normal,
373651fc144d43268c01f607d4854357,0,normal,
114de8a4d3fd4ca3a51dbe2eac8a1610,0,normal,
fa5f62f4e26e4b398f6f5aec400c78e3,0,normal,
5050d01bd1444d9e929ab473b1ed9b72,0,normal,
dd7aef67ab024391a263fd412d6ffbc0,0,normal,
0665828a42304e6e8d5ae0b50aa7591d,0,normal,
44d1d23d76574a01b79f125103e0109b,0,normal,
e791ac67a7e7444aafc8d65e2a366715,0,normal,
8954122456c34527b65db97b2e10bddf,0,normal,
3be7340d9fdc43408553981e4418126d,0,normal,
129c883d6e814c01960e77571d7e3c1d,0,normal,
c3517c1062844e9799d58c6478b1294e,0,normal,
6814693a9824453fad3882b189ca000b,0,normal,
dbb54dfba9964dffaae8725629d96336,0,normal,
ebfbfa668c744ef7bdec8b8a26f6be9d,0,normal,
4faa97ddf69146889cbb333277c78789,0,normal,
1d0245a1cca34239bb326515ef13dc9f,0,normal,
0ce2a2cb40c54476aae905b179c0c539,0,normal,
ea6d24a7b7964646b1748f2ae52051e5,0,normal,
0376527676a14ac68de90dc45bec2262,0,normal,
eea7d678b994419b9a61475c6fe3d0ad,0,normal,
d6baeeab47bc43f488facd0161580e3a,0,normal,
1a32946bf1e347128b6ca36edaf74216,0,normal,
e2129f13f1394146ad919ded65a4ad77,0,normal,
dc7701df67a44128b16d2085231fc185,0,normal,
223f7f1659ae439791375867e6b6f6cd,0,normal,
b96228ca26b34241b169e971963880e0,0,normal,
eeac0f8bff834359a79414951d8db76c,0,normal,
51e4f2072166474e8b364fda435cf47f,0,normal,
aa42d544889f41fa925cb07fd339811c,0,normal,
8924f8c652c94c9bbe98414f0c6462d8,0,normal,
5d44c96a443c43c284a64c24383374ab,0,normal,
0aeec8c846cf46c9be131a2723f2a128,0,normal,
cf9698bb60224d45abec3dad5718dc5e,0,normal,
9c06438c3738461f8ed0572b5b74ba86,0,normal,
6b11dba36b2f48f3b8d49df81dbeb276,0,normal,
3df60277d92a4b128b10acab8d03d19a,0,normal,
e96f11c839db4cb59009dce2752bc42f,0,normal,
c93df921dffa47ebb154b008ef2035a7,0,normal,
60c52b12797e48809e469c6af6e2b32a,0,normal,
042dab7ff77542ac9d75a7c643dd9b6d,0,normal,
15237a56db9e46f4b4f06d87d7627aa7,0,normal,
3c85fc01906245efb53c5b2388ad6e47,0,normal,
606751ebc4d34e4395465370edafeeaa,0,normal,
711008d588554e06b247e4e59d09ba76,0,normal,
7fa869bff5424727ae96446e9147e724,0,normal,
17b7dbbcc22c4149b5a9965de9741198,0,normal,
4edfb4253adc48f4a0a1f7ed21073ce3,0,normal,
3de17688ecdc44e0bb991de1a09a8da6,0,normal,
2de5775c51084e7b8947fa864a634a17,0,normal,
98503b13db2a4672b1ec81266c5f286d,0,normal,
0f2dd97932124a11a41647654f739555,0,normal,
f5cf571d5ffe493990d0dee1e651b9c1,0,normal,
0801b54cdaf44bcc9d7c4eabea502a30,0,normal,
ab47eb9afa0c458fbf8f6223816f5f5e,0,normal,
a7353670a8544d4292726c844d35e6ad,0,normal,
2223e6c230ab4610816b21675a82b334,0,normal,
cdc5887cbde74d24b6e38e16a27bb878,0,normal,
9d061c3a7f4f43af883c44a90854844b,0,normal,
f342dba3dede4bae9851dda9a229c35c,0,normal,
ad3d6990f37a452891b984c0eb2533ce,0,normal,
ddee2b570dfd46c5a406e1942305d001,0,normal,
e3730619321347eba82cbcbae67c395a,0,normal,
ed65214eb29843078bff20524718321d,0,normal,
679742435f1e419396d8365f5cb7012e,0,normal,
a27e561113c24bcebce294c51c2f20d6,0,normal,
5bbaf11533db456ca31126200d2bb1bc,0,normal,
e14598cb0d7e430bbe50cb6c86faf1c0,0,normal,
85b9f8b559254458949ddaca47cc8b22,0,normal,
3cdb0a7443de4ed1b414eccaaa67ab9e,0,normal,
b66c8a93b80f4e8cada54d40be32ae0d,0,normal,
64dc9cf59ec040d7902da7efb92ecfd0,0,normal,
8794026cef0a417491098efadc7fc0b8,0,normal,
082a4ffd86d6489f8643c9c1117fa0e0,0,normal,
8138b5cdef36482e9ef73d4b39b5aad9,0,normal,
a883ff0ec36044bab7a235691544d08d,0,normal,
c91294f1a69f4857bd16bd7bf1eb9f63,0,normal,
454c9e8d823e4b548f1e3c76a47f22b2,0,normal,
b33110650850427280b8e39aeaaa3ef3,0,normal,
e8ddbb6d9a6845598d1691a79a58d0a6,0,normal,
b876307eb63d4019ab570bbc1cb66245,0,normal,
3162a739595247838c30625a4b8cff1d,0,normal,
b493e907277b4ad6a8d95158de78fc6a,0,normal,
6e66c8276aa04972a3876ca3b61c6130,0,normal,
bd0de11ff9f14b06bb2e67a12b6170b5,0,normal,
b5a5dd3e06484f0a90d008ebb2e88ade,0,normal,
bce016c80b8f442da5e201e4db2af8a8,0,normal,
d2e8078f895740e6af4e94ce8aeb41d0,0,normal,
b868456936d04dbb9e12c5e7ae8cdc78,0,normal,
8af0ce2e618444789a2c12ff58be1f8d,0,normal,
e9c5e7a73c0f4780ab479fef02ff9c94,0,normal,
cd81984b419749bd9178c092d7f2cb39,0,normal,
2f1f1bca4a7d4dbf840c0d000dbc28dd,0,normal,
0a4386bd34344040a2c89d71e1ba5722,0,normal,
64d3ee2991df4a10bd6e5d79e4519c26,0,normal,
b8f87553455644879a456fe0d6f37d07,0,normal,
165cf9b7c03b4312af3beeba7950860a,0,normal,
85e3a8c8b835422dbda6ab5536051ec2,0,normal,
26019cd6add14d0cbce4c87066b8d715,0,normal,
1c2e39a1c7d3454aa466b8581383d7de,0,normal,
69a66f448a5745f48e0b78c2132c59bd,0,normal,
87093949494f46feacd2de5a3fc97dc4,0,normal,
b38570685b2342a5830b211da1b1d4e1,0,normal,
a26d9d5f7b4c47bb82f90976e83f9861,0,normal,
9e237b38973849d9ba1a974adaecb075,0,normal,
f149f6503a53482484bc65f808ce50cc,0,normal,
8c6b49aa62c04b5ba1da340aaf3b7c21,0,normal,
185244652189426ca0dd8f148c4a6a9a,0,normal,
1f54458dc0024e759e9d7604ea1f94a0,0,normal,
e57fcf8df41a4546bad8a45897cd1343,0,normal,
9c3a74cb6843419aa1e85a57703072eb,0,normal,
3d45df7113ff4fe4b3756869a8c8d523,0,normal,
c86e1611f5cf4ebb82453c9e28b69558,0,normal,
7385de119e06428d8d23ba24cfb4dd7e,0,normal,
8e37c653566e49409935e85a8d08b221,0,normal,
809fc733de984f62bc5c23743b7c3dba,0,normal,
b6ce3c3cd8cb4799abf3e1efaffd4274,0,normal,
a106c9ced21840b6a30bbae4795f96ed,0,normal,
790f55ff90b8478fa6f4ce17a4021f00,0,normal,
d555d3a614674998a6a20ac716a4c8e0,0,normal,
157352138c594c22ad9b5398b1ba7b33,0,normal,
90ec81be756d4f8f9aa021bd910d2b34,0,normal,
1c966de4adf441e2bf6656ac1997573e,0,normal,
2f313fca71c54dfc8797631a0c583767,0,normal,
a25aa6bba4a944e584021e297ad3aef1,0,normal,
db7cf10e2de34c73a80c9c5818875646,0,normal,
d91669ebe0ca4a31abe434c8c01151ba,0,normal,
77843ee867594a70afd0b0827e87fd60,0,normal,
b06c2fdac0b142cd96fd776c6c338199,0,normal,
5399eaadfa3d47089a23e642d02c36ad,0,normal,
68e872c7f59c4e34b9d6cf6b1b1cce9e,0,normal,
fc37fff6ff064416ace2045e390c3d8d,0,normal,
3dafeeaab82e4478861981d73d35091a,0,normal,
b5326ff16f4346ea8e3c1a60e250b2a3,0,normal,
dbc9d183afc04e1ea1f5a7d1b3fd220f,0,normal,
fc8d7f9e88f64e5e8eeb51731069e941,0,normal,
11923b98c48a489dab229d68d604f109,0,normal,
acca57eb171242088e2ce62574344b3e,0,normal,
c8ab6b7b97b141e08622501a30f751a2,0,normal,
119b9099fe414275ae8078aeb6cba18d,0,normal,
fbd870283cbe44bcb553e9fcea40fc59,0,normal,
61aba90273c34d2a82a60d12daedfbff,0,normal,
3feed60c9dd84252b2aed6286a61b0a5,0,normal,
03aac04ac62b45e0974504b1cee715cc,0,normal,
d413f2c722d64efda44a071fc5a1d33a,0,normal,
568ae7095e6149bd83c970d5a2d81e42,0,normal,
9f920c596a804a0885b5e66a4cff139e,0,normal,
fad2e9fb4a214140a14278927a9e6879,0,normal,
63816573afa6426e85c11ddbd8d29c28,0,normal,
8ba69890e7cb431abb73ec6055b465b3,0,normal,
5c42635863f24d988880f4f4ce0beffd,0,normal,
c677f0426c9a46cd896e5f857280d192,0,normal,
32a485e4cd3443cf882b1851e7def684,0,normal,
ee99a876709a4e07a504d3364d50ea48,0,normal,
1371d379afbe4cdfa35f68e4274641c1,0,normal,
36127ddc434949909b1acdf307953084,0,normal,
986145fbb0734dc58f92abd0405f663b,0,normal,
090b1ecbff6e441e8dc85b6d001f6c44,0,normal,
4509cd2205a145498ff3fa54a77d8498,0,normal,
b2a2d50c562e470e993877ca6846e972,0,normal,
ff9f2260d3f24799832c5229a1a26c82,0,normal,
41293abdf61f42b9a15806b112015d87,0,normal,
d0e771aa31a14d85acb144c851c7e9b0,0,normal,
b6903221bbdb415ca0e80a7bda7121e6,0,normal,
c7f3378c3c354590b91b0d4b2480dd39,0,normal,
0c60fde7918b48819d5ea67df3d7b1a6,0,normal,
c279413024fc4370ad8589d0236feee2,0,normal,
056b48ec2cf94ca8aab292f25a01dc5a,0,normal,
d696824efb574d0aa76d5181c956fedd,0,normal,
49a73db34857408a8d99abecb043a3fb,0,normal,
cc804375027043e9ad1ace9035cf1dec,0,normal,
c88881d3c6c5466083f73148992137c1,0,normal,
c98e9acd132c4d8bbdc2ce3afb629382,0,normal,
97080326415b4a11884a60a92089b78f,0,normal,
f5b7fa64c4d24db39e95ac3865fe3cbe,0,normal,
e634c2283894414397ffd51a26ae45e0,0,normal,
de2974d2f08a41d2b187b8fe41147a75,0,normal,
b2e9849b116a4f7caa3afdae88a10c2b,0,normal,
8ceb0e279c0b4427ad62a2a9c1c9c4ea,0,normal,
509bc7ed48474c6792b5ab89a22b562c,0,normal,
610ff80d2a044faa8dfcde2e8db7736e,0,normal,
9340f15b307748e7b44d7b2e21607190,0,normal,
bc94c8b76b044788b3eb2b38e41202d0,0,normal,
61ec5181de364a80bf803bbbe4e96975,0,normal,
906cce38c4df4ee0a7fe3289b1901590,0,normal,
b160ab7a6fe84815ad3b3f5ba47f4a9b,0,normal,
96a4014c66d44724ad56ad1e2836fe61,0,normal,
8fd53d0d1df941a8acc189d4c4f459bf,0,normal,
ef3d83ad2a6c4a89bbda579ad6a68030,0,normal,
fc975d0f52c7489689b5f94f2daab1c4,0,normal,
0a582067a7534ba984487af6c1fea61d,0,normal,
dc288b04ef07490a9bc8bac5d0c02ed0,0,normal,
1855cbb5dddf457eb07a628bbe88438f,0,normal,
3bd47a9893254f548bf42c5189d01643,0,normal,
7dd5338fb1254b0d833acab9888115ef,0,normal,
37a415e05f3e4c7a849efcf27f721ba7,0,normal,
483aab3ae1e8452db1bd45b327124a3f,0,normal,
849220b8da7d4a7fab80c41170234de3,0,normal,
a9cdd905a295432db2818eb0f6703360,0,normal,
6225dca59396432d9d3298da6f0f1a0a,0,normal,
e26862c50b9646e5ae7eaa39ca92aeb8,0,normal,
43c1d62fa7764ec8bc069a71bc6a7fd4,0,normal,
8f4f6c39f8f04f8fb301589d5a63a21c,0,normal,
e6947de4b8b14c69938f12999a9b3d53,0,normal,
cb239c23405240699a0880086fae7125,0,normal,
6f6ab27b502746ec9393fc924002bf62,0,normal,
d0c6e229dca64511a8b8c943340f40ba,0,normal,
fb80a16a06074fdea1eed85c2711f61c,0,normal,
671bc9e297d84b3fa249346e4a1611d1,0,normal,
4ac0404f5a5c4b8e804507c99f7375d1,0,normal,
ccbf4dbe8d1b4e03969ac14f594380e1,0,normal,
2b31e50f812347998e77d0eed737751f,0,normal,
db3ae08ea68b418db20b197b503963e9,0,normal,
90900b24e5f7431bad7d35a4bb9cfe75,0,normal,
1f1b7bae86b5458a91c564bbc2db8374,0,normal,
28e13193ecbe46ccbd45f1371a22a0cb,0,normal,
101f1ce1d95942b98df942b5e89c3131,0,normal,
9cccbc376c1742a083ae9d819fc960f4,0,normal,
bad3bfc57809410ea3dfc0cf2d95ea5e,0,normal,
5f55c89e1cdc4a4587b48ece64a741c9,0,normal,
cc7f1ac6301346038fbf6216bfdb9613,0,normal,
6211c58747c04a02838b2866f605264e,0,normal,
779ecf9cbe6e417f90e18ef1391a3a62,0,normal,
d88bd664d3ba428f84a9151e85a2bef1,0,normal,
155444a208e2485c8808cabfc2181173,0,normal,
557cf0e7f0774ceaa018c17f5ae080bb,0,normal,
d6e46986f40848678b93e7ee3e224054,0,normal,
f2efb8270dc148bc9840087d032594a1,0,normal,
b6e5b071a4254a1a89257ddd16ad70b3,0,normal,
26c6489171a3462f9cda764d5b0eb626,0,normal,
9fc873bf71b6451bba80aef904d36915,0,normal,
14fda81fd89b453d98216a356cbe3d24,0,normal,
24fd701df1f54a93bd3d96bd4b360790,0,normal,
a290da1fb88e484ca134aaa5e4b22f03,0,normal,
b19b89fff4294f0c82abfb13993a5ab8,0,normal,
129a0398422749dc9a59fe0b30482693,0,normal,
058e06bee9de4656b3afe029b839b880,0,normal,
ae68288d139b4fe5aacd702232d0aba1,0,normal,
0501a51877d44d2281cbf03dee38d43d,0,normal,
b75076deddda4acb903688864e17d467,0,normal,
52bb193877f7401091fa3c2401239ebe,0,normal,
62c175dc3a534f05a0f3e118e553039e,0,normal,
82c1043e4e1d41e196e9864daa3895bb,0,normal,
aac0639c7ee54b33af2a4d6da445b11f,0,normal,
b73185448fd24896a2cf20c0381ce314,0,normal,
121fee3cdd664cab80013204c02bee8d,0,normal,
c963753ae97a4580a4db61a624a4b824,0,normal,
7939919f33454cddbcba9b6d1a86764b,0,normal,
303f0e66b0394f1bb64970f4d5a4a45d,0,normal,
09973682e94e4190876bd53d6adde203,0,normal,
ac458f062ac94955b3fd6b1115fc4fd7,0,normal,
9d77ca85bab44146928784321d4a9b48,0,normal,
2e27df9b548a406a89aafdddd7a7fff0,0,normal,
8418803b2c10475588cec831b7687878,0,normal,
a7f23813f31f415d99ddc7c077481e50,0,normal,
9c4f082f3af5491e9d3dc00e90c813ab,0,normal,
16f85524563f499fa896b3d40e926813,0,normal,
3b37c7fa45b548499abbc906dcb392d6,0,normal,
4ae133cf49f84836ab148ad621c94720,0,normal,
266daf5882ce4c1d843d773aee82cde3,0,normal,
41908bee524541968b6d7e703026c6ee,0,normal,
2cd0f34192ee472984187311588faa5b,0,normal,
e3ca39a80d074e0d9fb263a805256c66,0,normal,
9a933a35d6084e19a526279601c9f8ff,0,normal,
1e5405f2aa6d4014adf5ab1d5f007c1a,0,normal,
86a12ac12a2641a09b6bda964dfd8f27,0,normal,
5a54efc7c20c4f98aff688a3786ae30b,0,normal,
80c031bbca9b490bbc6fa039a1a92fb0,0,normal,
ab1f24c51ad34aa1867390fc6fa578f0,0,normal,
aab0285fed194d169ab23b927bba46d3,0,normal,
65ae3c5a9e7640479655ed179bb5951e,0,normal,
b583f63f9a8d47dcb1536c8f5cf755aa,0,normal,
251aab3aa1704c579880a8773638cac3,0,normal,
439cb781f7e744cda98c184e8ccd3a86,0,normal,
75ef8a7865754330961fb7b2cf227c93,0,normal,
79f9ecf5b9734400b360db113411b9e6,0,normal,
51cccd96c6fd4bc1a436e5708bd86835,0,normal,
c0d026ecbe6a47659ce6d09eff2ff401,0,normal,
6b4e38b39dc0480bbc186c35560c5b68,0,normal,
2137c424638d4c23b92e04c354c11b0c,0,normal,
350983b595f549d5a40a9facbccae139,0,normal,
8deb26e832244c45960619e75dd018ba,0,normal,
a92e635d316e4c1e8dc24af9ef2fa69e,0,normal,
b635f4e6beb54be389290ed140d2c30a,0,normal,
5b63c407eb9847d996308767ffcb90ab,0,normal,
2b4ab2e9147d4b8a9eb434e3bec2abc2,0,normal,
c2913b961f7e498ba3aa0f824c9e5ca5,0,normal,
79e94a401cf743f487dad16735c79167,0,normal,
06cbf7f9fbf743d9a87d8077f43cda96,0,normal,
92b255484f5b4f92a7f97c4059f01fb8,0,normal,
443212502e0448199a0b1b5a952a33e5,0,normal,
fdcebbecc7d34bc089dd990da2d2f851,0,normal,
beff935e13234d6d9367542ea5cec20f,0,normal,
54cf2b1aea204617b7374f5740d87045,0,normal,
5d78a39faae4446c9f80f54348a0c1b9,0,normal,
8ddd4685d42d4fcd89de9e986865e1d7,0,normal,
4f032ec1a5f4417fbd34dd1c258aa3b0,0,normal,
7a1c6a9a1cee48688b6744a0104fbefc,0,normal,
cbcd54ed502b4f89b377f8ab81831fea,0,normal,
da61fe608054465e932e2de10c5a3e6f,0,normal,
baeeb05773f24459b8cbe11364dbcc10,0,normal,
0c76ce799ecc48b9b04269955cfafd4a,0,normal,
23790e2157764efab8d43fd8eb531a62,0,normal,
51ef331a0bce4ea6aa66ea99c417bd2a,0,normal,
00b5a86d4560443bbb0100c43c14d241,0,normal,
0068e26d34fc4f0f90887da17e1f1d26,0,normal,
deb6659260ef4dafb9d936bd9d8faed8,0,normal,
4186a836734f4755a91eaf429ca50d35,0,normal,
cb2352d99f114108a72fbcb6378833c2,0,normal,
24b995363c9640c484907c32478ff34e,0,normal,
7a1d2882771f464681e125641a15d01d,0,normal,
9cc8a5a107d54619941a84e1ddbcb3f8,0,normal,
e2db49874f014333bab7ecb9895790fc,0,normal,
f0740e10b9884af2bd7df558b4c9755d,0,normal,
7c27347eb80449b59e95df943cbd5775,0,normal,
a17bf94a97fa432e8d78fe96710a7c32,0,normal,
c50a153f203b4b68a3c4e589b4ee441c,0,normal,
9c06ef8016914610b52ee8345e8ac0f7,0,normal,
53d8be3fe1064c9e98fbe8867ab433bc,0,normal,
fc1bcbaa39404fa784ea57e7fd40c397,0,normal,
77fb17a498024b37918566d8b9f846ce,0,normal,
1fc4476e10a8492bb5e14ca81937280e,0,normal,
24f80880a127455b97d20c063bb7ff0e,0,normal,
4b09d272f9be434084424e6e9d426d65,0,normal,
040d8cfd62da47389e201daff2a0ab88,0,normal,
00c181649e9243ba95d092aafb35b07e,0,normal,
119d79fb46c44902af485600e9328fba,0,normal,
6ff1d3fd5d9641069f1fe0f0ce4889ba,0,normal,
032220cbeaec4441aa481abf03c3f4f7,0,normal,
71ef7baca16343b9a20bb6c5e52f8fc8,0,normal,
1a73333b51b74150948f49888d7cad63,0,normal,
453e321e2144492b851fc87712271f6d,0,normal,
34ed32f0f5ee42278507bdb75c256123,0,normal,
83ed122d94d949e7841565df903d7831,0,normal,
b975b3a215dd423686e25ceb49485d1b,0,normal,
18273909a2114c8e9ffa6bae692f834c,0,normal,
777e9cb68a334168a84ab85647aaab49,0,normal,
372012adb2ac4643ab937331586aa838,0,normal,
c857710b294c46499b4ba9a494297ff5,0,normal,
eecbbce1e66a447faea705420ab66172,0,normal,
5ce50a2e8507468dbc93f8cee4c9d74c,0,normal,
f826b1ee4c4b4116baaa823efd62f1a2,0,normal,
74fae257f98c48d79a76e6ee0928c774,0,normal,
f2d33319dbbb4e45beadb012326e211b,0,normal,
e651b28c6ca84a6e8ddaa0998b565359,0,normal,
40f5f0fe574d4a2298c8642dbe0b754d,0,normal,
855b91ad29b44de791a71554e5844e09,0,normal,
bdf8b92437404908a32cc1a8edeb1293,0,normal,
9e878a782fe34022a18591e9693bd26e,0,normal,
f78f3b03bef940d883a2283f75664b5b,0,normal,
09092a47afa7409cb177506ca8657c5a,0,normal,
15413a9bb4db4fbb87cce7e3840912a3,0,normal,
036a716acfec4aefb4268467e07deaa3,0,normal,
17a51fee67f0494eb48489e79d63a330,0,normal,
a70b9278e7cf4828be19b98e470e2938,0,normal,
4633ba10d4f241908030bcb076abec24,0,normal,
72ed148073854d0a8e5789d87fea074b,0,normal,
fb9fbe391b25437eb0ac4a6fb3d123e5,0,normal,
76757df121714c3a9fa7ad0a5ecc4293,0,normal,
60eb2fb943c8453183321a4b518cd6e7,0,normal,
b73b0272ab264bc3b597b8f43bbe7f69,0,normal,
ec9714e94cc142f3976f3e5d2b8704aa,0,normal,
87d369154e1242aa9df82addcaf5ef73,0,normal,
00bbf39539bb4e56bf6eddb641e3f384,0,normal,
0452b3f08ace406c9bd08960b524db44,0,normal,
8d2f18e266de4083a3f00738b2dc26dc,0,normal,
13ea129ec235441981fcfedb252ac0f8,0,normal,
2a3e2f8c4457452d93c93e8a19872c3c,0,normal,
6024fbb72b174aa79f14bc9d14f21db2,0,normal,
0bff0cf725ba4a91afa84fdca154a93b,0,normal,
8f7e7348703841508afe491db7b208b8,0,normal,
7a0dcb99c7ec4adb9488311a7043397d,0,normal,
108af940b19743479538acf8cbb7e531,0,normal,
f38fe8a85fae4326a6317f0d2f6badfb,0,normal,
70ae6aa963c94b50a8be18b65dfd96e9,0,normal,
60f8005e57ca49adb33035ce909d3577,0,normal,
9467832d023f40dcb288aa2c07429066,0,normal,
691547d5032441d3b94c3c68051ab0c2,0,normal,
34b9b331147f421bb6e9a2fd10807874,0,normal,
5bbf1721ea8d46008bab9c7f4f99a30a,0,normal,
1a773e914db346ee803bec32dd609d05,0,normal,
96789472cc394b788e04deb35f8bb5e1,0,normal,
f342f128038645efa44cbd73a11f6aef,0,normal,
db6e77ec28774e4bb664d70e2365a81d,0,normal,
9ff3757a111f4fb4b0f13fb020c7cef8,0,normal,
b4f93d4e761640cf9790d1308d941ed0,0,normal,
53e6243fced54b769f02e0a54c13c43c,0,normal,
e432389866794f4abdb3e360daadc597,0,normal,
3be3b913073a4e708d73c74650281547,0,normal,
d4adf09a0a39456188cdbda8791a5b7b,0,normal,
c5e91a5b7815450da0f116f05b6523ab,0,normal,
f8c5e54c014742a596cbc5a90a4aad19,0,normal,
4e27ec405a2f407eb09dd596ca3630b8,0,normal,
f768047be9604a2aad4573c122157cfd,0,normal,
628d29181cbf44b2b47423a3e7ad3510,0,normal,
a67dafa101c14170a4323c9b3266f761,0,normal,
46bc0d3a495447dd85bd2ee2f2e49cc0,0,normal,
3eb68fc70fe14f2f95d36344ec3de2cb,0,normal,
e1d8574656424fc5b266f913345ffd93,0,normal,
38c6a02c843f442bbd6457e79aa021cb,0,normal,
e391e9bdf5ec41bd9364b4bd872d4733,0,normal,
19a09454f5154ef98220ed1995786cec,0,normal,
4cd1b46136244cfcbe9fea111233cdcf,0,normal,
056024be318148c0b5c1be0e768d0579,0,normal,
66327c4113f6454b924d788741e34ccf,0,normal,
f7fce172ab9d4ae5bb0d0c6f4a738ab7,0,normal,
57e0dda8462c46838c9484055fe7113d,0,normal,
7095d7b86baa43fa87bff8e9671ad8f5,0,normal,
6e8a74d04b5541fd98e6f40ae2b21f88,0,normal,
48509b241b7841c68f08cd930dc80b93,0,normal,
d7df36b2ccef4f0abd9b9134824a71ef,0,normal,
f33a31ddda914e348153bd0e26dd83b5,0,normal,
50b24b23045f452f81060a31fc2bc468,0,normal,
302065f8a08e40fcb288e66dc5eee6ff,0,normal,
0f29d55a5a564ade886be7cfd89484d2,0,normal,
8468a284d00d4555b215b103017fe96d,0,normal,
dd66f2f65b264b66a79d3cac3e1fac19,0,normal,
84b685fe897049a5af40c0f615230043,0,normal,
4cd5e022a94640139683ca69a45b248d,0,normal,
6b1ddd03474e4f75b00c7cc0051db50a,0,normal,
125a351a0c82413b812d44b41a2494f3,0,normal,
cdd93ec4afcb465d96e99cf662afe513,0,normal,
8ac7d9ece9b2475fb2eb18d0b69a258d,0,normal,
0452b4f17da544dfaf42362790b97388,0,normal,
0535f0ee85f746bdad48573dc466e66a,0,normal,
e13b74c49e8a4cf686d423aa7e4288a4,0,normal,
f2528bfa31584fd19443ee4d49754bae,0,normal,
5ba963aea0b045c993de33591ce80a9a,0,normal,
8db779fb203940419e5c98279b4f518b,0,normal,
54454dcca61c421cb723807643b5f43f,0,normal,
744b38b080c245c58c2d1dabab485c5a,0,normal,
e781be2799924147946967cba3f59260,0,normal,
20eae5eebeae4f4ca2f6f7abfea6c69e,0,normal,
268f022281dc440388ab3d22a7152167,0,normal,
2133a3889c9f4172b1b0208a57bad91c,0,normal,
6c3811216af644b891d339cc688c666a,0,normal,
bdc90bf89520431f98dc3dd4d9163b65,0,normal,
03852b90e65c471e9c15bbeec90486cb,0,normal,
c8dd291fe442449da518a38ccc9f0c30,0,normal,
e2a3b733b3b44d26bb29b5d3ff7ed15b,0,normal,
d217f69301304b02986635ca9b37ea18,0,normal,
c60322f569cd47acb3b2b6677f029609,0,normal,
4979c69960f944629e71f1cd1af7aaf8,0,normal,
dc216978b7ea49a6a7cbcf53d3e5314a,0,normal,
94d73876d42c4d40ada7c2c31989e5d4,0,normal,
f5dbb1b274ab4d83bd7d9940a902882c,0,normal,
964e264d211a4eee8bd98a4fa0e7a1b9,0,normal,
0b993a412d3b45b08b0a78e60a52bc67,0,normal,
7bfb87b64ee24eaa9bd3c62735041409,0,normal,
1cbf847bea9f474d8d3754b024c397ee,0,normal,
cf641bc7f9e949f0b916d28b026b9e0d,0,normal,
8c3e49648278406cb1e45013520b4bdb,0,normal,
5130c005d6ae41289600ab9eb999e4ce,0,normal,
585ba41476ad407b9bda24fefe813ac7,0,normal,
fa89c8fc49bf4b04b1095fd66dd94cd1,0,normal,
8fe0184e1fc94adb8f6af3cb78c2b2ca,0,normal,
54cc127cda274d099bc0730bdb23a72d,0,normal,
722b4a75823f423ba41690189d116d93,0,normal,
e343fc2d4a3c4cc0a007db209b19b869,0,normal,
5c9eb942626d421e9b03b1648e20eb59,0,normal,
60d5d785df3148eab775cc7c10279aff,0,normal,
1c60fa245d7b47e7b94ea99c66b97c16,0,normal,
0706a9a7b1ea46de84a6cf7f3b2d2db6,0,normal,
8180945c6e694b01a5be331e69e308c5,0,normal,
707ea091bde846c081d5be135f12716a,0,normal,
de787bd05c9e4bf38bd399fea3d6c22c,0,normal,
110ec795a97e48f299bb5cfc97bb0af3,0,normal,
368da059d10f42c28e286a0b813e4df0,0,normal,
59aaf5fb94924a0c9242a6cc9924c266,0,normal,
97e49195f64c40b89760b56ebeb1ed35,0,normal,
6c7383860f664301ade746da53ac8fee,0,normal,
0c3d06119469449a82228902d42fd4fd,0,normal,
eee10e18655943ee829c63e725cccb6f,0,normal,
ddd24c2adea34480ac83008196a56ff7,0,normal,
50c8ddb5b6eb4a42a96587ae21b7a297,0,normal,
07e30f9c97964da1ae4e3e58efde8ff4,0,normal,
67509933d15e4157b477c6891bd8350b,0,normal,
a19ab5f9e3bc43c59f5f1edf14c3d0ee,0,normal,
ba651f684e2d45a195ba620bf19046ed,0,normal,
2949ec44757b4637b2696dcb41e9f2d0,0,normal,
6b23fbcdd9d9415d8965cbc10861d292,0,normal,
b1c615f2aec64e15baac474a82133ec0,0,normal,
e494e1c190cc4814a87c9b81a1d68e04,0,normal,
022453e956bc49aea72ecbed4110a0b0,0,normal,
d109fc00d3aa40d8978c9773cd786d99,0,normal,
d10de28eee50475c96c6c699e8b9384a,0,normal,
0c197251b5374231a9997b15c5bced1f,0,normal,
67139c1e6bdb4aa6a937f9eca47421d5,0,normal,
2339e7ab9e3d43a497421c2273748061,0,normal,
d82c498cc2e0483c8e2731f0c07751ff,0,normal,
a332271210604d82a910a466c2eabda2,0,normal,
075fed072ec542fdbfa1354349e4f149,0,normal,
48c1850f32eb4c91bb39a32d69cb25b7,0,normal,
a8946a2e6a984419bd4317316990b37d,0,normal,
d1865478749340eb85e63ec252a13ee3,0,normal,
2e9b7c78eb7a4458af795baf5bec1b0d,0,normal,
1a8f307a8a6240078d9e4d5bbc272997,0,normal,
906216cda8974265acc32baa14dd57c3,0,normal,
c755e76b812b4ace9dce49d8fb5d354e,0,normal,
66784f0e713f447791dcfadadf2949b1,0,normal,
5cc97c5b6c3349479307dc4a396e8acf,0,normal,
12aa8d515e73491daa7d5065194133ae,0,normal,
f687fdd0bd61410190ddfbea62e8f93e,0,normal,
d4d442f1ca3f491ca35aad483afb4809,0,normal,
79d46aca3a5a4be99f78784b5a6abda4,0,normal,
6549612d6a0842259019d90da34b0ffd,0,normal,
5cc75a81a4f6409f812b35238bd48fd5,0,normal,
13a76292e53f4bc49f3e0898fa61e7fb,0,normal,
c1cd6610fba74069ac9c28511fce4399,0,normal,
fe8de081967f4e65a26362c1d54ff508,0,normal,
8e03d5f1e10d4dc28af0a9d2268a7415,0,normal,
6419c401286b4e1fa0052c3d90de7d20,0,normal,
b2b89ee81bce42099c8e409e905b3925,0,normal,
f296986801c44bdf85d1dcb15f6c6257,0,normal,
bac87e7a9eb54ee6823283e0909b886e,0,normal,
2d501701ea9b418cba51217edb17d9cf,0,normal,
8fa0c41242dd41b9a8c5b55085534100,0,normal,
ee2e7b0ec90e465284eb5a234a1b48fa,0,normal,
083594f7da2b4e468944edecbe822beb,0,normal,
3e8d2ed703d54e218d386bac617c5863,0,normal,
4923c3535fa0482ba6dcb4f9c2e16f86,0,normal,
aab88e60c1844f688e5faf0d111a6338,0,normal,
fc3f644d9821460295dcd39ec1f43408,0,normal,
4e0a350820c64702a28aae5da61c917c,0,normal,
2a7fc8337b6f49878a12af13ca1a043c,0,normal,
f098e6ad8b7c4ee2848a3e5eed4a92d4,0,normal,
10331a5ed6f8440ebd7ea97d2d9c6542,0,normal,
3463dde08a93444a9ff6eaa7a9b92306,0,normal,
04019bb07bfb44f1ad40981d48be5593,0,normal,
21bac286afee40c9a1f8acb9d14fd60c,0,normal,
166037b3166d4196afade5958901986c,0,normal,
597c1d5ee04a49a3bc9b689ceeaecdc6,0,normal,
8fdd03b9ee65428d9027a9d62e48b4a2,0,normal,
7480be978aab43fba275fc682d10f5cc,0,normal,
5235c192c1ce4ea2a7e8b1a01d24afad,0,normal,
5a5e9e3b848a473ab4c8e0c499232fce,0,normal,
33edfb65d6f24962807dd73d76c2d155,0,normal,
18a7d58a178d45b292c2f86fcbef8400,0,normal,
dc50bc02a8314c8c91e52b793c1b43b3,0,normal,
ff8d3901f8de4c689f50841058b96949,0,normal,
d4c7a05bfc0b47abb2c1237c7c83dced,0,normal,
a9a7a1b0c0fc44c6a8cc39b038e0a5c0,0,normal,
675486be70954473a815a3c5e396deca,0,normal,
98ec5c7671704eea8c084a784a2a0bc9,0,normal,
fa7f690f71dd483c8c7b067b6b6b3102,0,normal,
c7f31aaa5a8d405c91400954fccea381,0,normal,
a1f982e983f84d509f60a2e409e2f425,0,normal,
a3d78c1c1dde458090bcf8a5304eb7cd,0,normal,
5bf7a233a8454d50847a22376c48495b,0,normal,
9df727f82a8c460aa36b5c0ec2c392da,0,normal,
b45cceed7f9b4093a457469cae78cf46,0,normal,
01271a82e1f4492eb23dddba77239082,0,normal,
e96032092c224ca0ae5079ba1c581b39,0,normal,
4d10029f99144f1f9e8a522292af7589,0,normal,
216dfedd906c4f739b96368365a925fc,0,normal,
cf3d44d5555c4e50bbeac1a126d1cad6,0,normal,
afce4d85ef0f40b394b0cf3dd1d6e98a,0,normal,
40f8f3ca1d7244f68205cb6d9dc6a75e,0,normal,
9b5fa99711354a8691343799b39642fe,0,normal,
ed13201efa0f421594879c07799dc060,0,normal,
bf2551f156fc46ad83e5672c237791fb,0,normal,
28015e84535d47ae96325bf0cdc2e9c9,0,normal,
828cf277d70a43a68d84cd31624a0820,0,normal,
dfe533b042b4450f9ec74073a18a55d2,0,normal,
f54157f7786646daa031cfdacddf0a48,0,normal,
2e417048acf04275a09046bece0ea102,0,normal,
52f95a8c36434bd08170f7b68750d275,0,normal,
acdebd257b5649789440acdc50e731f5,0,normal,
eacf7eccc8f54936baeb8fae7bb59b86,0,normal,
54620dcbac2342d78800bc6b8bc25505,0,normal,
5904b05b2d0e41c097f52e0d6c746661,0,normal,
b2975163dc9349119c9bc56368010761,0,normal,
a21a4d931a234931afd85ef644246aba,0,normal,
bddd37c76c9345df94d908d904d74641,0,normal,
ef786a48996c441195fdf8c9947de869,0,normal,
b8944f09cb5c4b76bd54e50379a042ba,0,normal,
85198370fffe405080cad7a3dea40e58,0,normal,
2203690e72a3450886b17ce1c2c4b4ee,0,normal,
0b2a6117801f4a74ae1c30a76506d2f1,0,normal,
452980645918403f927ab7adfaca2d6b,0,normal,
ad2aa006a88a4cb6a5ae3aabd3cdcd1f,0,normal,
0dbcdc19669c4e88bc7576c8361581a3,0,normal,
68211f51887b417c84f6225654348b73,0,normal,
bc4f64ce511b46b39e8be81d373ed371,0,normal,
93f49b942518484db0c300b39a87952a,0,normal,
49759c8e5baa49bbbaa70812f8c72630,0,normal,
3cf20476b8434344bd8ec8d04c96037f,0,normal,
d571b496d3504bba96eec63c5a5ee61e,0,normal,
ece3962184094cf9964fd1da09e836a5,0,normal,
ab52fd19c74f4844bdae6d3a7f492ccc,0,normal,
d78c789bfd27457ba7ed05f43688217b,0,normal,
b84904d9cd7d4b2a82bc60b0b0f93a75,0,normal,
42ff5e0cb59e40eb942b12eed3bcb32c,0,normal,
786211fcd3604200950dae7105e4459c,0,normal,
17687a7f6d4646e9b858ee34963acf51,0,normal,
a5cf95a9c21b440c9c1551e9f178e5bb,0,normal,
6f220728af1f4475b6baed560f737aaf,0,normal,
553d5f5a9daf4273bf9f4bdc592b24cd,0,normal,
04ff323c04374453b75943a4c7009bf7,0,normal,
8e04289f6c8b40f98fd6fcc9dd0d061b,0,normal,
2eead7aac8a240fda8b877761e05ecb2,0,normal,
e6cc50ee608840d5aa818bfe55cfc323,0,normal,
1cbe49075ad94594aed8ace00b2aea6d,0,normal,
50c3222653a44a88bde8878b1d878f96,0,normal,
0be9f246f2e24b7589b1004b2a7a785f,0,normal,
8da96b871abf42e8956b055d895b0b28,0,normal,
ae5f4ff50c864cea84d511ba079dca47,0,normal,
594cc26a20264966981cbf214e2c448e,0,normal,
36d721d1d887481e83733f6b48a6b329,0,normal,
4a2a0e7298344891af3159fcd49a5bce,0,normal,
337669b21efd4eafbde32e0da50c369a,0,normal,
2abeb79b8b43498986d9255bc65c1a8d,0,normal,
619b6359f1d94015b5876ea69675ac1f,0,normal,
5d590c2693ef4828b6bab8648d82fe18,0,normal,
612e6cc7f7f449efb1ce8f19d7d77d3d,0,normal,
1ba9cb258f2643e0af2f300755741f88,0,normal,
14966d30ad2249389117f6ef3a1ed2b2,0,normal,
674824afb983496cb20d528781809443,0,normal,
9f7097e19eaa4e5b9ef1afcbb8623afb,0,normal,
03fb1d3cef614305830d183f576bdc55,0,normal,
f6a645071f454b2e9ea67e7cb71a2f77,0,normal,
681da28b968b4bbcb761caa2346c0311,0,normal,
e0d4ec0a83594ca4a200cee7f9e1c8cb,0,normal,
8c947d9df2c0443cb85b62f5cca324e0,0,normal,
31ec61e9757b413ba17597cfd2257344,0,normal,
313904cfd55a410c8d193146e0c4441f,0,normal,
05921c64ae794730a83682ee8b2dc626,0,normal,
66170a1c6927469080bd1ce94600649f,0,normal,
87371fc28abe4d97b034ede75e662bf0,0,normal,
7f5ddab09ba741d3a3785151fa4e89a0,0,normal,
156d0a5f4f5d44af899a35b9995347a6,0,normal,
ad06dd77b9d742a6ab8f71df81e5de05,0,normal,
b4141c3ce8e5401298d9bafe4c4ead5a,0,normal,
11b3ff3fa85a44f5bd28b08d8f29b2dd,0,normal,
6b10eb40c2aa4625987d6898bfc12d97,0,normal,
ece162429c014d2383a93fdbecbaa2c6,0,normal,
254309c55ab04bd0b83a98d9d4d1d176,0,normal,
7e24b1b7ce3f4c86898d823ed47052be,0,normal,
acbcc899264541d09b2282bde868aa1f,0,normal,
dd1ef35e378a44e8b1a74267147c9d73,0,normal,
0213fd9ecfbd410287da60bf595f2129,0,normal,
432fe928e5524161867776af816e45e8,0,normal,
be1aa62f71c34c7cb303ade61fa9a1a1,0,normal,
1c239f9b3ccc49e0a3bb9a2b6c6c1931,0,normal,
30fe33e6da954f45bede1bb73bf6c285,0,normal,
77c8c3a42840446da7bbf1ffc27c97e5,0,normal,
c73e7d133646401b96e987134771ddc3,0,normal,
89966f3ab9fc4d1e8250ff62ca413064,0,normal,
b1a51ed63fb24e5cb0b5c6098742c7ae,0,normal,
8087ff8cc691480cb2f2d8c90fec0064,0,normal,
3c325ad9d9e74290908a6ade4ab6b98c,0,normal,
3f4fed9a35fc4918b1f51419a43f4524,0,normal,
28d0fe60cafa4be48a7ae3d1340db2d3,0,normal,
d65362d73ff847b0a4527408fac97dfc,0,normal,
01c8ca34df064fbfa2e6eb43b44f1d38,0,normal,
f143be065f8c4eb4a0fded888258ab3e,0,normal,
20ac1c519b8f41d79adfb4bfa5d4791a,0,normal,
251f0dad8f394180ae4d66eaf499f868,0,normal,
e89ce8609baf4ae4884834ee52cc4784,0,normal,
5172f7cc146147c9b7a191936d844e83,0,normal,
3a7652c6e98443c08ae19d901d6cd7d1,0,normal,
dd1d09cedfc945e6bef25a95b284fb1b,0,normal,
11800f1faf064d6a84e9d0c145d1aba0,0,normal,
324d67b3881d4a53b500a9bc09b8154b,0,normal,
fb72a22e30d4406ab8a298ba4262cfc4,0,normal,
8eb1f7664af24c73aa2d22b14d793a1d,0,normal,
397b91e9f7a5400b947be72a3ee22850,0,normal,
a760e20dc06e4e13aac239beeae9ba03,0,normal,
e23fc36faf464b438b5dafaf0baacdcb,0,normal,
7a1fd3cb319947b79c1c90ae0753651f,1,structuring,structuring_366
75a062e84385497eaa5385c5852eb2c3,0,normal,
98b5786d45914888bd876bcd4eb077bc,0,normal,
74b0be6f9e7c47cdb482dba5ba3e9c9c,0,normal,
0e4b18a52adf49c686f0c89ec0e19b55,0,normal,
596a007fbc9148bbbf1a74ff50042fe6,0,normal,
47fa71312ccf48578124ea05a4d02b92,0,normal,
96bb07bcaae84b2bbe0c7a8ed2a2f885,0,normal,
f0f028044a1b41a783e04a571dec7adf,0,normal,
57cd622c30cb46d198118c837c242340,0,normal,
7cfd76fc745046479b0c5eb75a900cc3,0,normal,
4daff77a94d342cbb07db9fba1923465,0,normal,
1501502e5ec44e1a90cca848ac963621,0,normal,
fb5c98e2b123450f840d4b8f83c975fa,0,normal,
cf6cae572957436d90f45d43b0a39ef3,0,normal,
807c1b6931ad49b3ab2d35f8093b42d3,0,normal,
6d387c7cf4eb49c58454698055901952,0,normal,
841f5cd50de1420786997dac0a933e62,0,normal,
5185347396094457b9b1ba6f84daa98b,0,normal,
127046c012bc46b8ab710a1cad1cebe4,0,normal,
247f245462ce43c69c6926f6a3730a11,0,normal,
06a6bc92a225405692ee5a1d5479e4b3,0,normal,
4a30d5fe47d04366bd19e3373983ed61,0,normal,
ebf51b3817e748dcb051e9e7906f7677,0,normal,
c527af7c5a0b40778a6a3fd1d83583f7,0,normal,
184f85ac051b4a4fa2a21fa8ba7b0eef,0,normal,
16231fc4afaf46e5afbb9180dc694434,0,normal,
4c36a5239c964757abfa91cd50f3915f,0,normal,
582fe29b748544e09f57084644a36691,0,normal,
04c572c51f6c43dc841fb4fb8b5c24c3,0,normal,
7895205f43a74060b17e61ec9f0b66fa,0,normal,
ee81c0851bde4639be67b2a261ccc786,0,normal,
2a6bf2781a0341ae8c0a5e587e9a8b69,0,normal,
89e69451702142508d27b69e773f6cf7,0,normal,
843f3241659b45d8ba552987f25417ef,0,normal,
8deaf46c39624dfb9b3e59c901ab8aa9,0,normal,
7a0843914d624b19a15988e4e1ece38b,0,normal,
d9872c93d6ae4bd1accaf0bfad198b23,0,normal,
a9f38c138b2b4648a5fad67bc8911db6,0,normal,
073c1ac427334b6bb2b19f2f968a8110,0,normal,
83ec8a82e47b4b91b4f534ad7b25bdeb,0,normal,
ecb7e04f1e6d4114877c02030fcd2ae2,0,normal,
ae25886d8d194c8e81ed437f545df429,1,structuring,structuring_366
7164ef25c18d49e79eb113bd1085dac2,0,normal,
71a079d46c19404a9a14541425b2cd39,0,normal,
f0adbfc8f53c4025b83bb24bec7e7f3a,0,normal,
9666240ffa674561a2a3275733beed3c,0,normal,
4764a543ee3a4fbeb0052cdbe4994943,0,normal,
60e01a05866442ef82b34d7b2eaf7865,0,normal,
bf24425c9e7b4ebf945fd64b87b3edc5,0,normal,
be4cc623131842de99ac6cc5df952893,0,normal,
05cfcd7e9f54408eb48760c8275541f2,0,normal,
d12acfae4555400e957e64294459e4ff,0,normal,
1e073bf6f1d649d7b6fa08518658f771,0,normal,
63b6a05dba5d4613b98f5dcec9086ff2,0,normal,
195ef5b94316426c8cc7dd760556b40a,0,normal,
d2a6b57c903342bd88b4360060a78523,0,normal,
985fadd95d11452dbeafc26fd7f1d795,0,normal,
06d08a5ac6f940898c26fdc5fcc1b763,0,normal,
8c1f43c912404164b73bdc5b92f16782,0,normal,
424ee50b77fb4fef9a93601907a0cee6,0,normal,
8af4dba734e04dd6a1a620399d8edf57,0,normal,
ded85e43049245b1a7105aa0a5047adf,0,normal,
ea1ef3f9126e404d86519cca1a77874d,0,normal,
dea58cfbb9f845af82ab66a2d1a71140,0,normal,
76eda6be498f4c6a871160a8f8f68162,0,normal,
af9e32df71834a47bcedf4fc1ff78845,0,normal,
1118782229cc40789ebf0b4d93ff8c54,0,normal,
0f4ed60cd0b4457da087828719b17cd0,0,normal,
6b885b7303b4414886adfa4311a0b20f,0,normal,
7b928626a2684814ae94b5edbc618d14,0,normal,
e45d26b705f54bf6b547da3796a21c41,0,normal,
be5540ead952457e89fafd0de81887bc,0,normal,
e4991f1eeb14494ea64a3076513d349a,0,normal,
df6b6f0fa3f348828c9d8d9368fcce3e,0,normal,
7db15c29dca3422dabdcafbc40562afe,0,normal,
6a6de0107ec74e2697959239f1d5879b,0,normal,
5f1709e3e4324a35afd14a383418673b,0,normal,
a1b1a960717c442aa64a0974b11e83c7,0,normal,
1ac449cfc4124c0aa590248e7a00cdb6,0,normal,
1e0d262651ed4271adfb74bceaf4aeb0,0,normal,
6186e04630ae4dc985bd8a9d099e7fa3,0,normal,
ee80cc2a16ea431ca178f718b7182863,0,normal,
a0514af0cb8c461893cd4964d2359bbf,0,normal,
8a167ca336cd47d185db02a72ccc49ad,0,normal,
6b53014922684ae3a216e54abd1a71d1,0,normal,
fd68dc33bf67457784b08100c81497cc,0,normal,
5a29d7bfe6e2451ab82a57ce51dac264,0,normal,
3f5737bb6d1e48ebbe651324055230df,0,normal,
5ea6fc18036a4ad2ae212af1e1925885,0,normal,
66f6974cbf3c4542909ce201df2fe06d,0,normal,
7f0a778b16f441cf9c9f0a257376367f,0,normal,
816236cbcec340859ed3b63e9b5f1279,0,normal,
94e42c832ac04119bc641c0e1c8a7871,0,normal,
0b7a853432c343548b95d3c402c2e626,0,normal,
fa43abf8185b4e5da164a0716ce539b1,0,normal,
c1b84256931b42f7bff83f467ab28632,0,normal,
0ed7132649244068a206374555429ecc,0,normal,
283f279027fa4f408c25939de727cbc3,0,normal,
809aa25900b14357be8760339d50cfdd,0,normal,
5220ac495f704767a5655a1aed129e2f,0,normal,
0ff946c68a1141f89b96ed07126c02fc,0,normal,
311d5b1b5c6a412f94912e2ab94a2408,0,normal,
a0e8a46c27bf4b3d84904edfc1339cda,0,normal,
5314406a9c58438093cdab28e5e2c43d,0,normal,
c3794ea0f93349f2a4d6433cd08ca4fc,0,normal,
febc16b5e5024fa9b1e773ea20030e79,0,normal,
68de064c65e942a09d09993b96d13ec4,0,normal,
e24b7518f47f4731a4a3ff03429a854c,0,normal,
b98bd25148e74ebc86b2b839125d7cc3,0,normal,
9f5e94bf42ba434ba3d4540bf2f91028,0,normal,
6d9ab5ac84264e95b8b9df26a7c9bb86,0,normal,
422e5eea50bb4779bd1df04b7e23bffb,0,normal,
3b053bf672a24dfcbdaf662c7f4a4de7,0,normal,
163eb4dd374e4444ae080741ea766103,0,normal,
be13463c133247deb3cbafb725f47141,0,normal,
6b9f891e52d94f29bf87ac2fa551206a,0,normal,
4266480d83f24c28b6e58460546c6440,0,normal,
72112d9c50254633a33a5e5dac0933d8,0,normal,
df53ebacf35c4d39b32eb57d57d34f24,0,normal,
566b1c5ce3a64d3993d77d1be9ad1078,0,normal,
d89eeb56257840d6846b0b3034af8027,0,normal,
79e91b9a557d445b8dba2c28ed96ea2e,0,normal,
5257aeb3cc824660a71ec5bdf2b9766a,0,normal,
44752be835aa49268dedba63fd8d32dd,0,normal,
3f1b267755ae48c99277ea7bf5f1fd37,0,normal,
594c2a7e96f44ffdbd633c16e91b4821,0,normal,
3c738106ded54aa1a12b02874f63f37b,0,normal,
a96ee7daf4cb41419540e37147c9f5c7,0,normal,
007b24c6251d45269889118ae32c93f9,0,normal,
6fac4470699446bc93e93112878b6472,0,normal,
58e454fe82854d7987d0de6d2fdb6f13,0,normal,
7985bf85329d48cd92b94a5997001aff,0,normal,
837d5d6141b8410ea83ee4bb6a152cf1,0,normal,
c3d9c24aef5a4af8a11026622c47a346,0,normal,
3800d5251ca44f0aa41cb4fcac446f20,0,normal,
4a1c13b215aa4dd8a2006ef16fc04002,0,normal,
2599d83b43ac4316b9567d37f7343294,0,normal,
58c8bbf451874c8b99f1011a66414328,0,normal,
d6a504d1498f466290086d6008e10e09,0,normal,
e2f275201e1e40eebc2fe0bcdb1b5d72,0,normal,
fc5c47ddc00940e985150c513588099c,0,normal,
420e356a83024e13a9ea26a112c861c3,0,normal,
faffa989290943a6aee9a1ced9a72ef0,0,normal,
edcfe9dedd02476a879d797ee387ee88,0,normal,
ff295a6658184800998e26ddad2e24f6,0,normal,
e9b6597ae8b3497082fdea41495ab211,0,normal,
685411f1312d41d3babac5f7c99df79c,0,normal,
b0797c84959241f8bcbab831c2bcef6c,0,normal,
cc520109ca6c4835a0b4fcb854649092,0,normal,
9c19c766275244fa9041b09774080880,0,normal,
d743e96e845b4d5db206738f1ef62101,0,normal,
8e18e83d783947748ed65800f3475583,0,normal,
31eb6584e0de4c4db3afed4566b5195a,0,normal,
c31c2d10d5934a30982a90ee60a4ce87,0,normal,
4c760fcc550b418681d2f7e630672049,0,normal,
88139dd8524e44458618d67b13fc26d2,0,normal,
4a13d347c2e64f0ead016e17b1af6177,0,normal,
7e27304b776740f4a93848712144294c,0,normal,
0c85fa7b8e364dcba2afcd21182b88f0,0,normal,
2f6034d10c2b4b94bf0a8244553d2fef,0,normal,
f456ea11ee804349b8e34ac79924442b,0,normal,
092bec7d26e842f69b3ca32943413b51,0,normal,
67e68f7b165e4ce3ad8286d3b9bdad67,0,normal,
edf02e85d0964db8872c882cd0542eb4,0,normal,
98b4b55d0f0f41ab883f00a726684094,0,normal,
bc6d814de2194043b5f7c7700efe41dd,0,normal,
d9bd67c145674fa3b6b9c485e30831e8,0,normal,
0365c82f443d44298a559111c7be8c59,0,normal,
4c4c706368f84b70aa862d5ca66b133d,0,normal,
97204e65d05b4277852604914ac83e49,0,normal,
4d9b11fd9348496a89545e16686695c9,0,normal,
1e2120805cf14abb86597f24687d1092,0,normal,
608ea287cb394523af60993db0f0bfd6,0,normal,
12930cc778f64275b263dfc01a9aadf5,0,normal,
978dff86837f4ac38e6c5fd236cb8ab1,0,normal,
f9c29a214740456a962a2fc95b79f61c,0,normal,
56a7f4f6a1df48b1aa3595c956d7af72,0,normal,
f0b5b5342d1d4b55acdf32d2dd1b8b31,0,normal,
4877669566ca4ba78f1e38ad37c92a2d,0,normal,
83876d06afbb40c6adcaa369cbaca291,0,normal,
94f0d76b7f2448c2b7bdcb7ceeda04a4,0,normal,
90a6096f0eaa4796a105192e26a3e1ab,0,normal,
816fc91a25d64424a8d931963a655071,0,normal,
102ba992edd74bb8825ee02136c2d732,0,normal,
1ff30d2eecc94dc4bd93a1f5107cb29e,1,structuring,structuring_366
922b5f5835014ed1a1cea5f62d4e9194,0,normal,
3657c34f196641128aa1b2a030d9b8fb,0,normal,
75f4b4cfb74746059ad07f107e2191df,0,normal,
048dd61f619f41ccab6ceb953164684f,0,normal,
1719e57b92d64e42a6a8895be485806f,0,normal,
ed15e9d06d7c4a02bc83fe15b06485de,0,normal,
a512e38ac5f446b1a320846863b169e7,0,normal,
29b74e61e5294be0bc836e00c001c6d9,0,normal,
ad157d42aacb43f499a836a5e3acdf05,0,normal,
1fbb4e1b0b3f4abcb75959ed5abe9b33,0,normal,
3eaa5419b9844ee88e31ab5110576d92,0,normal,
5e993749be664e34a7279e3f73209084,0,normal,
80335b43ee844d01a0ccc00c171205b5,0,normal,
493586d2c0b446b48449f49f3fc02faf,0,normal,
3dbffe3c561640d3b60b450e60dfef1d,0,normal,
40e05f84c2844cb8a2a88eb1f4d28503,0,normal,
aa26fe66813c4b92a2f3540cb64702d0,0,normal,
e651a34981d44e57a52b02bf7b499e8b,0,normal,
6894f53b50904697934e835723ef2758,0,normal,
b4bc1599e68e40e8b6d5627b197fcd67,0,normal,
3ff9c3f5208c4546b0b4313578496aac,0,normal,
aca80974b75940e7ab98361ade9209b8,0,normal,
6cb92a085ff94c3d8decca0da55a9956,0,normal,
7a232a8540c34425ace576755ff6742f,0,normal,
5405413d2aef4f198e130d65e178d17a,0,normal,
4322d959168c482cb44f702a78b68514,0,normal,
060f452ab3d846008113d99ca3f19ce5,0,normal,
8456426ff3f24af491d6995e75f56b12,0,normal,
237dd06f652d4e30a33dd3647065b853,0,normal,
f9cff55a324044ffab9fdffc15caf55e,0,normal,
182551b1b11e4b14bfcd6ca8cd2ff43a,0,normal,
1a6518daa74b4f63b04d1312bd9bf55b,0,normal,
94bae0de65cf48c5b6aaf8f59d610b5f,0,normal,
9a8316300dea47f69886d25599c5b633,0,normal,
2fa779b5804344888c3686e8a355f487,0,normal,
cf0b9f6e0380406d87726f15a4ed225c,0,normal,
bb22724596e04be28bab2f139b01f175,0,normal,
a623e13ade9c4e1c89f99c4cde7bd469,0,normal,
e823506e013e4fc1abc7973ba8154dbd,0,normal,
34a4e8fe108849b0ab19c73b3bb5153a,0,normal,
d81a05cd9f384761a3900e1c4f0db62a,0,normal,
b107ba850d624b9393865e073f3cd77c,0,normal,
a46dce6cbcf145ef881bd76b61fffeaf,0,normal,
998db353124c4220a88e344a34e5707e,0,normal,
ff678d314cb64abcaa070a9deb43879f,0,normal,
44fd2a13b6e74837b4e20889d4d4bb97,0,normal,
f6aea344ec944eb69bc3a554880f6dfd,0,normal,
4e738a6fd43b4cee914a871a8cb345f9,0,normal,
305e2b86cbc9493182215d97887b4c76,1,structuring,structuring_366
79782340478d42c49246226ee723ac13,0,normal,
d9046a8d664b4cdba1f5ba6fef4b884f,0,normal,
2f00be6f4903406d824ea4998ee332c1,0,normal,
0e11f6b75bfe46f5978d80a8afeea17f,0,normal,
32ead5432858467abbb8ed0d743234e8,0,normal,
5f3f43addf3049ee907e9471ae19ca16,0,normal,
053501f7b1b84b6590ab038d8d6031bc,0,normal,
dce7882cf28d4803873ee76277001f01,0,normal,
4482531557fc425baae0b89abd31a426,0,normal,
b006215e9e1d4164b8acaafaf7e03e9a,0,normal,
bff40fdead364c54aaa06ac5ab6d5cc2,0,normal,
e1c50177ff194a1480547be03d6fe857,0,normal,
37578fc60b924c889ab0e5c17207222e,0,normal,
5aa55f5230c94d4598ce9859a00ca459,0,normal,
cb97fe4e30e84afbb4a118e7f709bbf7,0,normal,
5eb7774ca4844a1382271beea34ab15f,0,normal,
f1b6982cf2d7490b9e31ab82c11d2371,0,normal,
0e200304eadd4b81b78d526bebb94093,0,normal,
2b7c4f1509b0444e93fa12703093a9f6,0,normal,
31be180d5ab447aea9f64fb86a9d939b,0,normal,
2d30bb5764a94f1e869190ce485fa3f7,0,normal,
a1d965d329744e8eb43ec162d7845f3d,0,normal,
026642cb5553445ab0e738b4333fb947,0,normal,
422c895b68854f28923f1baee9c1ca3b,0,normal,
bd91c83e477a4098a9ac374136b2ea84,0,normal,
462329d80f764199ad3947b0b79d2fe7,0,normal,
69b78895f58246c3ad4e88e48a528590,0,normal,
f3373c3dafbb440fae60b749d3eb4eef,0,normal,
41ad2da949f34b14bb91a6fb70388786,0,normal,
8fdcc51013e444119401ae7165424c4a,0,normal,
f937904963bf42ea83b332787e9e0d95,0,normal,
51662fefce2143baa2009e904ec4c000,0,normal,
cc50f0549e1143a5b9daa745a13dec87,0,normal,
833cafa25485494b90735b2bd9211d7e,0,normal,
d8ac77693389407f89323841efe4e243,0,normal,
7c59199773ac4f5e985f9239c3c10c3f,0,normal,
ec310b2602174252b942d0076a558eeb,0,normal,
00a6f73321024aaa94744fceddddff57,0,normal,
c7cb75d49a9845e9b005e37fe51ed52f,0,normal,
5cb9f82f20ee4416ab7e67f8f0bc0215,0,normal,
7b0d5255bb69471aa26aaa0bff661851,0,normal,
d5896fcadbbd4ea69555777dff5fde11,0,normal,
61f006f9238d453fae47393d34cdc4d5,0,normal,
9ddb838a6e1e42ae983c6b5b34cf2e1d,0,normal,
ba0fce7e94dc4bf4ac821f7a6aa7bb23,0,normal,
9fa2ea8bb68d4a808f44b38d10268aad,0,normal,
3202bf54a2d44f43910342af9ff1b21a,0,normal,
42f610672c7644628612517b30a03c41,0,normal,
7929c25cff9e4316bb75bb7e06b10261,0,normal,
01b633a395964173abcbe12662550616,0,normal,
7be8e708be04456083e3d2fabbf86cbd,0,normal,
090eee99d66f44f2abbca64657e27e0c,0,normal,
8bd941bfdeb94b37965c984ecdf953c8,0,normal,
64ea6b13fb3b4626bd219f988372d969,0,normal,
3cc2b85966464a04a062023425e148e0,0,normal,
4669fb98fd5549adbe1408cf4ab69c05,0,normal,
ba136f1237864ae19e1ad880c24996dd,0,normal,
739b37f1948e4351b17060de2c83139f,0,normal,
093820b7b85d41db9349895699b1b636,0,normal,
5698da9b98694338aa5b8f10d3f70b56,0,normal,
3c4d95593ac64e9fa150621389c0a985,0,normal,
4498d6e39f5a4bfdb6b45417831c5b58,0,normal,
d023622149ca4b84a1d4d33856258487,0,normal,
c7bc71f81c5e45cb86d13f69d1591f98,0,normal,
fe804ff04f39481aa1bced10f16e330c,0,normal,
44b13cd89c4b4b6f9a2ebf4af22cae20,0,normal,
61708d539b1c4794920983b9832921bb,0,normal,
dae3d2d75bd3477087ada3397a5974b3,0,normal,
4a8533660910409694b82f59166c43db,0,normal,
b4b7b405147a422ba9b129a5a015ba4a,0,normal,
24c7c8bfee5145579d3bdee6df7f4c06,0,normal,
14a0719fbf2349c5b7484882e632d197,1,structuring,structuring_366
6a020fda09824f5594bf089218c48571,0,normal,
0614d525a9e94aa28238efd1a9241abb,0,normal,
1d1df51c2abf4fef8da250634de6cf8b,0,normal,
fde1fe3523414e3090a75aefbeefb946,0,normal,
8bb49917cc534634b22a549b1b4d0fa4,0,normal,
6de5d9fd1e2f422fab0bf401a4b8fc79,0,normal,
493195acd1d54381ba50203a51fe626b,0,normal,
0557226945994deca36f8f8124578b2e,0,normal,
a2308680e5fb4bc99635f4d0e36e31b6,0,normal,
cd19944792c0452fb472831337c9971d,0,normal,
fe4e15fda3cb40a2bd1427bc198d7f98,0,normal,
756fcc0a18ab449e8d85893036366802,0,normal,
309ab7448a3341eabb9ad5eab378a236,0,normal,
caa4dac70cf640dfa9e3707659a6a044,0,normal,
23b03e7ebaa740b4be69a649fd74110c,0,normal,
ae1ca09404114babbf27833929ea2b39,0,normal,
8b738f3efcc04b60bc865cfccd4f7596,0,normal,
f8fba73f6ae54aebabc5d3c9ebf21b8f,0,normal,
db48273cf37844ea87a7c6374570acb3,0,normal,
d697c501035342b782612fa03a579b7f,0,normal,
383d7c372a4a4eaabf73e06dd83df1e6,0,normal,
8784376555894eafa8eb482322faddb2,0,normal,
5ba1a73b766e40fb806f513f91cd55a4,0,normal,
a99538f258074b5da25f874553625953,0,normal,
be505c87a94343b1827a757b07e645c1,0,normal,
8dc4b58d4dc04404aef8293343463f16,0,normal,
517cf5fa42de4ef3b4410fa130811e2b,0,normal,
4e46e4662b054f1c9ee078812aab659d,0,normal,
b5b03bc6efd64995b24be3b4a6c35df2,0,normal,
ed931db811a54c418cfe3180a509723c,0,normal,
2573e19218fb4bc9af92a24e2a962bf9,0,normal,
d7aafb007cb94f4fb80fe34c01f524cf,0,normal,
2981ef7fae484973a18501bf068983aa,0,normal,
bbb703f189144fac9ca3d708d4006bec,0,normal,
c2c47369e4b54feb86f3806b1ce73281,0,normal,
d436e1d460b84a80b16b483b76ee53ea,0,normal,
3e1466167148470b977d20a14f49a9fe,0,normal,
040876593deb435d80640542e427db49,0,normal,
fe811a45156f4212ba5688f85f56c01c,0,normal,
85a9c31310214688b5b91334c9809d83,0,normal,
578f63fccd2f48178893401fbd5cd6d9,0,normal,
15de6464b135404296b3a0dc2b2991f7,0,normal,
0854b4904b77499c94fd924a638ce840,0,normal,
53fba456fdc14e43b8b5e441413a5051,0,normal,
698109d2328d450c9332e13f5d6481b0,0,normal,
b3d887d2fa7a46e79b10251d27a6602a,0,normal,
d5ecf56e25274b0e94053ef99a80f05e,0,normal,
cbd1820d5df445b188990a0d70d81114,0,normal,
ab7596262abe4441bf5c5d5dd404801f,0,normal,
32c7af9d8f094b268f3647cf5568003e,0,normal,
a3b685975275451697ec89517eea075b,0,normal,
982e3a4d803a4e7c88a8729b1df6afa1,0,normal,
b04c00babab84ec3b410bd9c9a73d439,0,normal,
1e7f64ab7a954b2ea9e5d12b09e54934,0,normal,
32e2ded901764007be92765e7116e1b0,0,normal,
88bd0b9a5a8f4c79ba0d39aa9c61776e,0,normal,
05ba5c1aef864e17b155732cfb0ff3b7,0,normal,
a8e3152ac0c9438da147befb9f88843f,0,normal,
188525e45fb249cdbf51e8537130c4a2,0,normal,
df2d7013d8654ae49289a3297e62df2b,0,normal,
1c5c512809d74c58856a93e76a8748f7,0,normal,
0e1c0b9ec5cf4de8bbb06c2884a98f04,0,normal,
341b1606229b4878bb670f07eefe0beb,0,normal,
5d99d204383e4fc5b52609e3744c0c24,0,normal,
7f67c2b41bcd4e69b2e8f5a3732b4cc0,0,normal,
4e91af5284d24bfeb875b9a2450d4821,0,normal,
45b0eeda01f742e0aa2caacf009f9198,0,normal,
9b8218dea69b4f939344729458aa6479,0,normal,
ebb6fd48f63c464eb107ddee7299b1df,0,normal,
580d55e8df014be1b66b3f7d49f99992,0,normal,
f7c413944a6c430ca390b8ba0c2d7697,0,normal,
55f6d97638844f8085744a06515ddf5d,0,normal,
7222fcb56fb04965b292676914f0023b,0,normal,
9f35036cf11849ccbe21f12500ee0420,0,normal,
bce7bb7a4222430cae829277bdd8acfd,0,normal,
b7bd9fe5a78c46b3a9f37a819feb3ac3,0,normal,
723cf7cee5204f218eb319e16bbacced,0,normal,
26367f6112fa4592a7f108aa4a012a8b,0,normal,
c5a8cbbf80df4ee0944b0f121dd0ea4d,0,normal,
fd67049613aa4ca9aafb895f402af0e3,0,normal,
d65e1128f1b74f23a1ac226cef573ec2,0,normal,
dc4eac6c36514ff78bfcb97454c27a5e,0,normal,
4f72dad96cdd4a4a98d58cee54b73f07,0,normal,
a51e58f7f8ac42f6b2e79b99aedc7e45,0,normal,
1ac5312d291c4643a44df7dbb2cdedca,0,normal,
785b09e71aa04461bf75a4a598eaf404,0,normal,
bc4ead439d474d16a191d67ffbb71f7b,0,normal,
0c84ed846c8a429cb42503e2b97c2df4,0,normal,
39f47094b94d4beb951acb3f08bb9b72,0,normal,
4e80159b34bb4881a3e392d9ea40e388,0,normal,
d8fae0deee474d0890efe8b00393bc9d,0,normal,
a788683c3d1949239cfa5dc6ea7f8895,0,normal,
d38d4228dbe4465b9a3ff8b8131792bc,0,normal,
e80392fd2af04cd4a6605a91090b2a69,0,normal,
143a3c1918a04f75a6493ab2b1335352,0,normal,
0ec566ca3d05440cbaea3506bab415cd,0,normal,
4b0eb537f57f4f7b9099860f4f68afce,0,normal,
828ee2aa68dc4e358c982ce7f35fc75b,0,normal,
741dee369e1d408da6b4841a93f3699f,0,normal,
10bf67cd8b92400f879a94d2249decbe,0,normal,
9a0ad68de9b344c0bfbe0d4fa7af7161,0,normal,
05d1ace926b3492cad391f652c00f660,0,normal,
796d1397db9d4440a30a8d00adfe6d03,0,normal,
8e5db9e323b741b78aa1f0e0ff2ef047,1,structuring,structuring_366
9fd44f8a6e314fa898e3d99662b4c8f3,0,normal,
f833ea0179f548cabfacbeb9bb51291d,0,normal,
6c8aea6c97644f3e9504b2fe82cb55bf,0,normal,
044dd0168ceb430dba1525cf79298067,0,normal,
5e14e051eb4343f0a9d2195d22908d78,0,normal,
9f81a0b5714e4980afb5c19744e92ca3,0,normal,
a93524d3cfc243f6b1c58a2a8eafda54,0,normal,
cc76c7b0dd2e4b858a1734dac3bf0b0d,0,normal,
9c597eac86624eb18a42e16e770f931a,0,normal,
0ee1ff7cd34f406f88241653b72c870b,0,normal,
77da76773cff42f8be6c9251bab82b4c,0,normal,
18de431674da4f74bf90d2cbc3bd9633,0,normal,
9d4f64b2e9934d89bf51f745e8942e65,0,normal,
0e8df1533a7c42c09a4c0da4eae1dd0d,0,normal,
78e2405acea44ee5abab3628e82bc708,0,normal,
a044b9d4ee9549cf842053f56527c674,1,structuring,structuring_366
6809f4dd937a4a1bb990b63acf949a76,0,normal,
83601f254595488bb94faa4b88a1ea20,0,normal,
f919fff0542641e3985438a0fd39a6b9,0,normal,
fdb496a879464a4899b00d798f89bd00,0,normal,
32a96d8ad7354547b7f19f863ee3577d,0,normal,
ac34ba30ab2a448ea80fa6633eed0f61,0,normal,
cdfa51eea718484aad4a514939fb8bd1,0,normal,
20ddc312913c4f9f821eac0d517d2e57,0,normal,
107e5770281744c1ba889637e6df164a,0,normal,
fc0f9b5ab4d646b389a6af46e883722d,0,normal,
32d00f0ae5c04ebebf650b2e4a58aa1a,0,normal,
f09ef01c4ec9474daac4033c96cc87dc,0,normal,
30dd59b486104aee9d975134f0191820,0,normal,
00c3eb6568f242f787ed9e53d325a8ce,0,normal,
d40982e1e6e442c5ad83c71bc59101ca,0,normal,
fc4806991fa04ba1915ae2a0871ca4eb,0,normal,
c498e6be659b40099dda1dd007e5c492,0,normal,
766554356b9a41d9938612f68c4d67b3,0,normal,
834318d8fefa4c3680a94b04caec348c,0,normal,
aba5c795053042ff87f7f765223b7f1a,0,normal,
454c4735fe824b20adb9d71931405d33,0,normal,
baea393869a848179824e0995a99e279,0,normal,
eb5b7299e66c4ed5bcf7328f7938d5ba,0,normal,
2ebaa8a8f89d4364b66ef1591ce67890,0,normal,
e76c2803812c4f6996c7a63c8ef501b8,0,normal,
817487c588274dc1820cb9d8137e8510,0,normal,
aec46d3196ed4d4c826969ea580b4aa1,0,normal,
c52152a38de04827b1a0febd632c4303,0,normal,
a0ea710d6d454f9cb5cfea4837a66bd7,0,normal,
14b4cd10a6b44bf684f4a1f41bf2c8f9,0,normal,
cc08be57553448b58f6625feeb2f3faf,0,normal,
fedf8d44feb6459ab95a5078b946d4cc,0,normal,
d3a300301b74428088e4ac3a4a6c32e2,0,normal,
d2d0e648765047fd81e3caad4883d173,0,normal,
f9caf7d0cf51440eb517db1316f5d921,0,normal,
26c56907b0074308b5e90b482630ea9a,0,normal,
60540309487042e09a0f40dbf91156f7,0,normal,
d57efecb691f43d19bb9bbbde187ebf4,0,normal,
bd738a8adae9471d94d31ce7754c40bf,0,normal,
3a694d3d45c44bd19ac6cd3b03c04f09,0,normal,
c3fede736dff4297a775c30928b78cc1,0,normal,
c9b8434ddf364ebb88b021c23fed1ec2,0,normal,
dbeed44fb10149f5ab32b1d5b5577184,0,normal,
67c92785b534484fb99d6b84a9cdf45a,0,normal,
fbbd549e48714b8dabc61ee340303d7a,0,normal,
5366b08ed90947b3bcb6e3c5dde86e41,0,normal,
0666225768db4342861d7b6a27a50be1,0,normal,
95d9d7261b49478e91a47b4b0c72cc2d,0,normal,
01f1bf8ac0da413aa0bd42135cad6775,0,normal,
001a1d4d20ff4635a697d3d0fae0923e,0,normal,
a34d946d4f21477ca4e118c21aad350b,0,normal,
dce98b1477b943c2bf28a1d7ddedd8bf,0,normal,
306841905996418aa9988c9779a2a576,0,normal,
a12b58d534ef46d5b246ad7b9724592d,0,normal,
1615b5a8718641db84dde1f14598913e,0,normal,
a64ba238c3cd4e7e99b48d113341eee8,0,normal,
38c6fcb68f3446a6bb89741042966a49,0,normal,
c70dfcafce0b4ad3b51a36c42aada6e3,0,normal,
d4d0433a4f234751b8bf6d692efebd31,0,normal,
ba694247240848249b2c9623d3eab1d5,0,normal,
26cbfc1d55bc485689a2f842f2150afc,0,normal,
93fb9197e5354b3495668d10e491e3af,0,normal,
dd25b493a6f34a97bd4e84dbdb3fe3e4,0,normal,
8d0ad07932ab4dc883abad381236434d,0,normal,
4e484723bd3d44928d134073b93f4bb0,0,normal,
05ec6a95f2164bafad03cb9cd09238f3,0,normal,
38b485e230554701b76f681643520ec7,0,normal,
7a12319bab1f462397aabb84a3dd3d4a,0,normal,
fc52af964dc1441aa310fa3dba8c289c,0,normal,
1f929438f91643c7a1124890c6b7942d,0,normal,
4ae5c844e44a44389fe4058d49a34f54,0,normal,
685301c3af2a4db5a79693bc1094b796,0,normal,
9096dbf828cb46d2be7b5fa194bd6940,0,normal,
2ac60cfb1b414d9d82025dfd1d5239ad,0,normal,
da2c2131936c40bd95e056b53c52408f,0,normal,
af8c0474c75a48a5958eab023f01b324,0,normal,
12bccd01323543b6818b10f8343b7730,0,normal,
ebc8a76dd4ed456db7bb4cdf06cf6241,0,normal,
6f19cf40c808487389cdbae24e077d48,0,normal,
6d968952b828412a989af1351c2272a4,0,normal,
92112fc2f76540c8a1d0b79a246c070f,0,normal,
f13fbc401f664371b734b76696a4db32,0,normal,
dcbccc368ddb4126b287ad104b2e72b6,0,normal,
b48e7cda37ca4c6489c219d04edf8976,0,normal,
e9c3cebdb66b407192ab951dadd5c704,0,normal,
06bf22dfdb1c43fbbe232b2a9af8898d,0,normal,
db671fa4011c44688c944ab4de900d60,0,normal,
18e18a5a49cf48b2857eb0c12ee8cf02,0,normal,
9409cf5748814920ad7ae371a113d3d1,0,normal,
8d4e67d004b14475a1759a98b63f23c4,0,normal,
7ceeef21bc10438ea41293c827274a92,0,normal,
7099469e8780447fa18486900af8e9c7,0,normal,
c47dbbdfcad24cfb8999788b1b45022b,0,normal,
a30b6a69b18841b4901410f531474509,0,normal,
1d207a10d23e4e50a10679a3b83a9ff0,0,normal,
2f42fba877b841079f7ff192cf85474d,0,normal,
6819cdc12dee4c65a33c92c29cb27e9e,0,normal,
4176886073e6429e9c20dfc5e0bb0973,0,normal,
c9686cd2d46f4a81be33b978d0660039,0,normal,
58829d1c98854a799974f38b8bbab506,0,normal,
403875e2febc401f92ffb546890e3e8e,0,normal,
d5fc19e6720644be97bdad1796c47dee,0,normal,
23e9c5a6617c4a63a3f6e5bb867a89f3,0,normal,
8074b8bd6ca04e91a673e412c0ede167,1,structuring,structuring_366
f833cff22e9a477cb32c1621026e79f1,0,normal,
cd31d09376e543c9b78fc6fba8cbd406,0,normal,
7effefa4a154499d92bc33303650af7f,0,normal,
8b28413e56094de6b0566e48a4963331,0,normal,
4667a45de97044068ea45d9ee39fdc27,0,normal,
bff35945d15048dab532fdaf1f14cc0e,0,normal,
dbbbfd33bf3046d5bc5172ce5d1cf544,0,normal,
06470ff26dd34becaf300460d9c6914e,0,normal,
7decd6b66a1c48e78ad53cb6cdea9f4c,0,normal,
ca060e6cbfb54717bf4fb5626763db18,0,normal,
1278d7aad21d44cbb39dbd44bb052cb9,0,normal,
27b837d9ce5442f5bad6cb8276e2a571,0,normal,
a983f40cfcf84cbd8ddf1ccbeeab550e,0,normal,
bebc3dbb2d8b4bbe8a7881400d802ab2,0,normal,
201b18d094bd4a2b8c25ca4dd206f60f,0,normal,
42c4a04f7a92470e9a705f5b91c74e05,0,normal,
8247c6502237492591037a30801f5a62,0,normal,
a80911c3e2c7490f8d5b2b3631b0025a,0,normal,
df9eee9cffcc40f0ae96303f8f57fe0d,0,normal,
c970a3774a734e509bc9a21afd8bc066,0,normal,
767e32ba8e744284ba1851944a12f9c2,0,normal,
391af59c388d41519d577aacaf39713f,0,normal,
59cde59f0fa14b8ab853447f3b1cfa15,0,normal,
40b423645df54c76abe126cf7d593e89,0,normal,
e8e2d75cc3ba4f5d8cee52248e8e4a97,0,normal,
9cdfbdca90544a5696a2ba7ab04c8b9f,0,normal,
cd85c755a44f4a70baa3bba4a5827637,0,normal,
521ad483d1b247a68525fa377d5d40b6,0,normal,
df8694c22224411e9e406266fe9163a4,0,normal,
8a4b3e656a574c9bbe7401ce2da603e9,0,normal,
60a7cc7c49b743f2aa37af9c15e6dc23,0,normal,
ac557fc98aa24d18a8e7dde177a2f54f,0,normal,
324910d33ef346cc99d4555930022c6f,0,normal,
ae9e7b56bf9543dd8e20cfa3ae255a4a,0,normal,
4bcb586a54824edea307014f213d8576,0,normal,
7b06eafec2374521a4d0d667b3a9321c,0,normal,
34d5817d4518454c8a305fe39d3a8bdb,0,normal,
bd78d90d3a984c35a717d959ed21b167,0,normal,
82af46d59d334b18bbc020a4cf429018,0,normal,
d7849d40d1e2463f9a0bcb8741571cc9,0,normal,
439a5253beec461583dfd795c4340980,0,normal,
d2d4d4dd43a349ceafa8afcda53872c6,0,normal,
c6703448aa744081821d9c53063b0ecb,0,normal,
6c9d95a041bc460bbac4aff0eaf7f5b2,0,normal,
58deed6bc30b485f8d9373323840801a,0,normal,
256dc0aa37e942d7ae8989522f4ef7d1,0,normal,
80ac904e4b4545a2b3323efed107a4b3,0,normal,
78647b19759e46b18c6e0274ec038b13,0,normal,
4793afdf70754d5086089ac79e7f517d,0,normal,
1159ef429c65421fa363732792e04e9e,0,normal,
44781c28bced43de86bed1cde41edc73,0,normal,
e3fd67cba10640f2aa85fef1c800345d,0,normal,
55cf27a256c74a11a560797c79aa83fb,0,normal,
565b84de8b1f4cd68123bfe8f293ce46,0,normal,
d50f2b00f5d54c7ba22338342ea188a0,0,normal,
0385fbe76b0240cdafd7f52bf97fd697,0,normal,
7772c5f8b6f141f2868ae92ae50086b5,0,normal,
cc7e24e3733c4e589ce72dbd64a32535,0,normal,
48cd219e7c44425cba485bef161fcfe5,0,normal,
b6d11953adef406e8fb9bff9c1779992,0,normal,
7df2242bb8f447e589747da01090cf5b,0,normal,
b7071d6150bf4be9a6fc5fbc035399e5,0,normal,
7b63a176e54e4e0abfc5451dd16ca589,0,normal,
25e2aa8ba0fb4eb285115b66316da6d5,0,normal,
dbbab5031a54476a993aa9c072d60a60,0,normal,
67367db59a724506a38439f4c593fae9,0,normal,
b109c50e2440450a9ea491b9fcc1588d,0,normal,
1c604599e4614fc68e20fce396f54def,0,normal,
6365ebe94f0d43ec95cc0290a0858e53,0,normal,
435f9a7e35774761b05e5c8dac0ea904,0,normal,
43ee5aa673904d9983ee65f6dec0b7b8,0,normal,
81395107ade449ecb43bba96d70eaa3b,0,normal,
17a525a0768247ec9843ed013325d11a,0,normal,
03faa5d682a6485ca57f1d857b0289d7,0,normal,
7f806bbae0d444959b405ac1b841a855,0,normal,
6f9dce25936a4b19bed29f6f2d82e286,0,normal,
c64038de06b04134b12c07e89b5e4423,0,normal,
0956aaadc7a343f485932cb2a7e42cdc,0,normal,
c9020644c59f4194ae2d7dadb53d99c6,0,normal,
93f699d52f804acfae8916b9af8126ed,0,normal,
712705d4d8004dfdb5c032e341b4f6bf,0,normal,
da376b8e6e234dc39b45c115547c9175,0,normal,
f951db19cef54bf1b95c46b43bff45ef,0,normal,
5736a0d146a8424294cacb7c68c546a5,1,structuring,structuring_366
7f8d4e1344c740638097c8d3fef2b232,0,normal,
85358bd43e684c559428ead81c4007c4,0,normal,
30284c28dd4b4030a8d97a5e2c7052ba,0,normal,
90c4e7ff3c624796b9be871c573ec2cc,0,normal,
bf76d093075442eb8cb06551f791209e,0,normal,
928ccc5cd82d413595cb9032dc330f9f,0,normal,
80801d8608db4196aa85bf1e2afe7fcf,0,normal,
cdece35b80a54a0f9db259757d69a64c,0,normal,
b4d9e28b1ea84f6bb156700e8ad04c98,0,normal,
941ee3bf95864f21bcd91bb598f15b7c,0,normal,
073779a8471645aa9b918810f1858476,0,normal,
1c5e56eeca4e4d07bcb21355ad4b234f,0,normal,
567ba876f69b45ce93e1efc9078f195b,0,normal,
d9b002c4e9f44bd3b9597fd00eb0aa29,0,normal,
dd02572bb1b648f68aa4401ad1ad530e,0,normal,
3fde0a0957ab48068267d1610cee63d6,0,normal,
f473a1e45e76415daff567667bdfd8be,0,normal,
e45659b1ff5745f1b8fb36cb7b41444c,0,normal,
541574cbb7b64e9ba4694417d1e2d078,0,normal,
e135557e7c6c4179badda2996d00a4b9,0,normal,
6043ba8cc38048c3813970a46f08e120,0,normal,
ede742423b9c419e94d170dc6615c687,0,normal,
5ad2f4b88f214b01a4e4ba35bd505e2e,0,normal,
6f5f759929f246fbb0e612347a402679,0,normal,
fd76a49218e849e884e0e2046d906580,0,normal,
35526f1cdf6e425e9887ce36af167832,0,normal,
1cc96a7fcdc24a159d14f78521167435,0,normal,
c1e02dbfd134472a8c82b4a565c702d8,0,normal,
14e794a843564e879bbde5a1069afd6f,0,normal,
bc959c71be244a29b04f10153a3d19a7,0,normal,
6fecc4bd93804f778443c1fd7d39b00b,0,normal,
12cd8885c2e84234a5f4cc506d54e09b,0,normal,
e383d9f5f4a74a88b240091c5a8fe0fd,0,normal,
114b538c73634abcb73bcce74fc2a1d7,0,normal,
f3636f7424344a5db8cab02fb1170128,0,normal,
61f4579e6a224c76a2d99327aba83fd8,0,normal,
d050852e123d4a33904571653b4be1bf,0,normal,
424e9ed74c9f4fb1984f6ed412bd8830,0,normal,
ffb475cf340c4a5a9f7e2c2fb226f416,0,normal,
7baf6d4052e74f8e96cb01455bd28b76,0,normal,
c758254214fe42f6b1b5d2f6730aacaa,0,normal,
ad51c0f15ce3424d95625f85b0f60659,0,normal,
fe1631e734da49b5bbbd8409987f99c9,0,normal,
3bcc4a473b9449c1ac3271243cc6430c,0,normal,
161bb01d3bd643eeb33347b7adb14917,0,normal,
92a698e4ed124b058735b3b474ada047,0,normal,
ba86b9fcf34a4eb7ba606253adb46397,0,normal,
c485d121a9b9448794e1fa2764cc7a3a,0,normal,
b6939ea3c9d249dda36653a3398308e4,0,normal,
a8a9a970e8cf46e3870206cbb47d5dd4,0,normal,
f0e356ebc4954c6c95322b4ae312de14,0,normal,
55bec52d604e4b7ab7c6fea489e10ee8,0,normal,
ac56f8523bcc4fd9a8f10a0cfee107fb,0,normal,
d0d6c6739d404da9ae1dabf9ef9f4481,0,normal,
a65dec37351a490abe8d6d1e572fb8ad,0,normal,
22d4bb2378d4406a8461c4914a028b0f,0,normal,
a393c0f3bf384b21880a27c2b96893c5,0,normal,
3fa65efa2cbb49e2abfaf13fae8d8705,0,normal,
6e489f32fcaa4b0997242e97635464b8,0,normal,
93ea6b7bdba841aab4b56f7fe2773430,0,normal,
ca254ff53698499d87bbe86183c8ffe3,1,structuring,structuring_366
64ed631129ba46ec95356f674a8ef833,0,normal,
76aa7e6399dd455a8fd80c3f46d70393,0,normal,
9e65dffb8ad344ddb76f85656bdea622,0,normal,
715d027b242c4100b10766e72ce69a06,0,normal,
8d703e56b1e546859a0d0a40955ba36f,0,normal,
e3cf5bf87acf40278becddc80e579054,0,normal,
5b4d0610b991439faf34e9ff9795a93b,0,normal,
d9773faeb1bf400e869ffac7bd2a0083,0,normal,
47a70965a87d40b8a1193c43f907dc0d,0,normal,
e311ca3a7c04417198c007d852893932,0,normal,
0f521e765d59412185e1c077ea20cc9d,0,normal,
05275dd57a2b45929a195b8108b004bb,0,normal,
e1ad6bcf34654a3bb8f1113e3a14efcb,0,normal,
119f55c305f04ea89306c2cc78d7704c,0,normal,
2311c35a655146aa9af520205222ed8c,0,normal,
427d5da4153042a0a45480667fc69b98,0,normal,
a0ed9835533c40be9e9e368ce84119ae,0,normal,
f3f48ee0783742448bd5da7f401840d3,0,normal,
b87fe37155784955a782d00df36518fd,0,normal,
680fb75526f141c48db6f4385fcdc024,0,normal,
d05184013d6542298e758bb2222e5c40,0,normal,
aa0d6f4c267345dab222357607516f84,0,normal,
43df2db54ac546669488bf9345efc4d7,0,normal,
d083cddd811b43b8a00b90d15b48ccd5,0,normal,
0f4b4f4260194d91be05d3bfd06e3a0a,0,normal,
075369882a764593ac374b6e4509a86f,0,normal,
6aec04e913534e49bed11974ff3457ca,0,normal,
12e56e7fd11249ce9d5b59639f013ee5,0,normal,
99efd0ba72f749a0a9d3e3d96360d619,0,normal,
e0b608a95c804c528dcc5241f9d7c272,0,normal,
f5b7bb0e59e64a98ba4c4f41b3bbccf1,0,normal,
a10cc02855454e50bcb75ba0b58dae6d,0,normal,
91d430cdfbe94cfaa670fb1306e33d4f,0,normal,
49cb9e65837a48f093231fe768652600,0,normal,
6852f6e545dc431aac33f0d4f8b4ece3,0,normal,
b4d9ac6f0ff94e398041acd1fc6d8423,0,normal,
0bb725d02c8d4cd8b63c84668fe8360c,0,normal,
c52ac77da4524e68bc6b93728e7e0a6e,0,normal,
7bf6914dc6a8460c9404c86300eed5fd,0,normal,
ff5697c5e04942faaf2cf787d4edb9c4,0,normal,
aa40dd6affa94f84ac963e74b678707e,0,normal,
5112733728f74b10a2fa77e6fc6e364e,0,normal,
b78f2c92f4cf431b97073df7abbfea8b,0,normal,
2b344c04ab0f40a6a6f3272043a66ee9,0,normal,
e13fe3722f74498fa6ef810073c3a3a0,0,normal,
5585a27581904933907e9fe888dba71e,0,normal,
708449b37c9d444b819c5940bb4fafd6,0,normal,
32dd2e84f0fd4d298470bda601d6c02f,0,normal,
da073a9ccac04105966240b4bbd7a0e3,0,normal,
4b0c457ffbde4a8c8328ee99ac53b3e9,1,peeling_chain,synthetic_chain_437_hop0
3fc67dae6b3843f8b57a2556be81fcc3,0,normal,
e6ff998901ca451a9e144a01642433f8,0,normal,
c70cce02544647638fbb026efa3b1c7b,0,normal,
8cbe72f5ab4e4727bf050a46de27dcc9,1,peeling_chain,synthetic_chain_437_hop1
59b3bc2fc96644e7a3845a88c5e346b3,0,normal,
f376b2450cad4185a8a51be32d166795,0,normal,
2e33d705799141ddb0f7a1b2c6626bc6,0,normal,
8141040344a84120a4e21140b3461bf4,0,normal,
e265c973154c4f12bd38d5f15784eb80,1,peeling_chain,synthetic_chain_437_hop2
c84174c39668483a85f147de601d2b65,0,normal,
e7dc26e78286405c913bcc738b39e590,0,normal,
09e59d7db0b842e0b75dca2bac863aad,0,normal,
ef7e002915c7430e80f7e98aaf28197c,1,peeling_chain,synthetic_chain_437_hop3
f41165a696ff4a96adcea717ce813032,0,normal,
035cf72cff7044d69000b4a37f9e4924,0,normal,
a634fc82342344069df4987f1aa462c4,0,normal,
f449dea9e0214372bef1db63752cf82a,1,peeling_chain,synthetic_chain_437_hop4
4f89e963457b46638a24499b5aa6a78f,0,normal,
2f5ff6a3e2624266b493281fb4500624,0,normal,
efdaacb5cf0a4b7b8e096cee0e501b26,1,peeling_chain,synthetic_chain_437_hop5
dc5c0656fd5a430c9812d0712aea2608,0,normal,
71d4744babff4a33a1c0e5a83ef60563,0,normal,
6161b4966e3c4216aa920616688382b3,0,normal,
0012d0605a3849cdbbaa7e16246eba07,1,peeling_chain,synthetic_chain_437_hop6
0ce33254f8b74766bdbdb964f7e6abe4,0,normal,
b7016867b65b42fb8056dc4faed89c2f,0,normal,
974a46fec8f44bfeace559d8c1f454a0,1,peeling_chain,synthetic_chain_437_hop7
91dfc71b336c46bb9c1fb07ba31627fc,1,peeling_chain,synthetic_chain_437_hop8
e819aecb2b3d41b982a3fdc01f0eb2df,0,normal,
f1d5ecf617d944f7b9c8bdf1063191a6,0,normal,
cd5d9c89e2d248f5a88dded78f971d46,0,normal,
5d0f32ea8f0e400996665c10e94ceae6,0,normal,
dfdedccbd80143a18b746cda93ad2eab,0,normal,
8657054c47874076973bba260a3ac9fa,0,normal,
e1de215a9d3e49e9b6105941220b2eeb,0,normal,
e01593f2096847adb4bfc7e314e90dc4,0,normal,
a90bafe4b802492195120964fa4c0d16,0,normal,
03de774654c1495ab65fabf1e663c232,0,normal,
2d64cea7fb2f4859beb2ecaf1fb11ba7,0,normal,
e230995910d8406886c1ea4491912f28,0,normal,
40664d8ca2a940808d0562e86143bbed,0,normal,
53bfa2d2bc254a8bbac57dbe52c16c17,0,normal,
eb3c5f4fcaaf46f3a2de39741581b99e,0,normal,
663b1cde14b84d748fda9df23c6fff63,0,normal,
4c6345a57c514b0ca86b0fcac6758280,0,normal,
0598978095594b7d800512afdec0ef84,0,normal,
b73aea35878447de8980c7146daed087,0,normal,
18a543ce6cbe4bfd8a3d71126558080a,0,normal,
8d77de9702e94d44906607b057e941d8,0,normal,
7f65e339165e4abab6529f861d313b5d,0,normal,
d62371db0519493a996d0fcd9e412d5c,0,normal,
86acc17c62c846da85f49087589abd6b,0,normal,
b1e1c31c9d0a4437a6c982c5917e461a,0,normal,
2aee4e60ef224712bbb832ab15d07c68,0,normal,
875554948b5b4b958ac41d1a5d46761b,0,normal,
c6e00524ebcd4ed28fe601b72ef3b204,0,normal,
a5128bb7e61249b381d3b9f3089de85e,0,normal,
8a74542b8e2b4f1e8c894586c7520b86,0,normal,
8720a2ce60184ed28d23bc0719209e74,0,normal,
52c4e67d0e174d8e9715334e358acbda,0,normal,
c4deb00bb92144eb801f0dbe40e8a879,0,normal,
0e3a7305e5904c818dde52c89e5f524e,1,ip_hopping,iphop_612
2e99f5ed55294486960350359cbc6252,0,normal,
3aff6679a60f46f6b1dc0a164356637b,1,ip_hopping,iphop_612
f85dab40f1e845be8911157c15215b3d,1,ip_hopping,iphop_612
60a4760b31cd4b3a9390f7fb143c1b59,1,ip_hopping,iphop_612
2f608fb9fa534035b6bebba3d44548f1,0,normal,
dd68e23d998f43eb89de57c74bfd7b3d,0,normal,
b8bdf20e2021448c93161cb6f3a098dc,1,ip_hopping,iphop_612
3d4143928a4f4b1387769b8b1037fe67,0,normal,
eb0e1a3a279b43ad834ce2dcf9fdce97,1,ip_hopping,iphop_612
49d0f728b8d241e3bda9bea4c0f42d47,1,ip_hopping,iphop_612
67117cf710084f5a918a2f2618983151,1,structuring,structuring_366
aef453a6377b497091e08c4d74537243,0,normal,
776150817f6d43509f08bf4d58aa84b6,1,ip_hopping,iphop_612
c74c83f034a94feb86e39c8bf67b6e98,1,ip_hopping,iphop_612
75de76c11edd4d05abd0da23235a9f35,0,normal,
d4d17590861c4593b459cab09091017c,0,normal,
7769b62cde514d0eb2f2c63337063c18,1,ip_hopping,iphop_612
ceeb9d3276b14ecc9030ad3040a8582b,1,ip_hopping,iphop_612
06670fae892348ccbe42900a0e0fc7bc,0,normal,
49d0326f37f34dac8337911c2fd29ecf,0,normal,
b578eaa3101f4780a26242a9a6ef9411,1,ip_hopping,iphop_612
696b0cfa3afe468eb7896e2bb27ee888,0,normal,
164f558eae894f8aa87fa0a70f20b65c,1,ip_hopping,iphop_612
bf28cf9be5e54f8f80714c893a909321,1,ip_hopping,iphop_612
2a08a6b4391d4d4e9e4a766fa0969719,0,normal,
45bc10784ae54b7ab28d73d61acd1edb,1,ip_hopping,iphop_612
18fac2b6a6cb4fb39ae74a317f19b859,0,normal,
f375c26bd509423e945e19eb1f688ffe,0,normal,
686266b6bf8e434387287957b32eea6d,0,normal,
857c0f9775e84eefb4b6b2367b3b639e,0,normal,
ee7d2521b6e1489fa3ebc664b4d2253d,0,normal,
c91aea47dd92494099dc2ea65c3605ef,0,normal,
248dfd473365408baa6b0a6ec6abbc19,0,normal,
e10b5ebcdbed41dc95724a77b46b7a37,0,normal,
0d7737015cb9485a8a2cb0dea15efc53,0,normal,
b0da2ff1a8ae4f199461782b2bc992ac,0,normal,
7ca1dc9c49cc49bfa3f643e0d52d4b4b,0,normal,
50a8f8f640314bd3ae95267d31483c37,0,normal,
23d1cf95bad147c7b990d82821233af9,0,normal,
23ee2e18a92c47a9936cd496f3be87d9,0,normal,
024e328446624997be058c269ff8b36e,0,normal,
f526331ccf2141b49abc0212a0babc5a,0,normal,
a3c68fe32aaf4d31bd8d4c6599e04baa,0,normal,
287ceab0a4a042729798a901a61cf00d,0,normal,
6a2a4c2df17f4e21bbe97271609940e9,0,normal,
4e267592fd934986a39e0baf10e9c2ae,0,normal,
021e6a6ea17f42b6ae71a2733ce1725c,0,normal,
aead1dd8e2804c418a326cc95c1c7414,0,normal,
62344fef340b4f99bd729be47418027b,0,normal,
b065f8cb1bb643209711d03494cfa08f,0,normal,
024a2bb997af486bb208341b05f4830a,0,normal,
619c0820dd4b47868be2d8213b85cba8,0,normal,
ec71db05236749eba50d158ce4172bcd,0,normal,
1c734bf0bbe9405c8a3db2da6ab6e20d,0,normal,
058640c72ee240fa96868cba8f18160b,0,normal,
7db028b4f10d440e92bedb6a16029e8d,0,normal,
13049d26bac74c1a810ac0e0d49ae9d6,0,normal,
64b0872e9ab64b868c03e72118a6cb66,0,normal,
a8810b825d9b4738856e8d0e229c8815,0,normal,
9992d674f97847c991fe5dcd8ffcc23f,0,normal,
771e59d6146148838d0218f49b169dfc,0,normal,
39f32c220b1d4cd7adf1ed9437caf981,0,normal,
be200c8df41047eaadb1545a272b3df4,0,normal,
439d9f5b4fac40c191223147cf8d79c8,0,normal,
915b07a1da08454ba6807518c8dae0a8,0,normal,
fdd41ce09df64cb5b98e793d09ef2552,0,normal,
b77a828fdfdd4dc78a93bc92c2690092,0,normal,
f11fb4208236433ca5efc2b0ede60853,0,normal,
f4a290c83aa241e8b8efdab8b73323af,0,normal,
d320325307fd427884df780bc99a71d4,0,normal,
e5684da982f14ef9826a0b25b075d0f7,0,normal,
a272678a8d134ecda9b603d2dccde0df,0,normal,
764dd2acfffd42e4a8bae81e04824fa8,0,normal,
17980705cd924af981d74d1dfb2c5938,0,normal,
b725dbab2d6349c7bab75984cfbb6259,0,normal,
2bf448b750d54092b5b578fdb817cdea,0,normal,
b827406234164eafb69bc1c011544b7b,0,normal,
15d4565d29514f23a7cc8cabb3015c6d,0,normal,
c56438f523834a33a2ee5a5ca762358f,0,normal,
7b7441555bfc4a67a9fbf8b200590199,0,normal,
6bea6fa0ef2341f5b49beeda32d4b7ec,0,normal,
f1b043aeb2e747ed9333b99569a56454,0,normal,
c4a44343935d431fbfaf44c26f70ced5,0,normal,
6c236ffbac0e4f9aacbea0a1a1aa9cf6,0,normal,
3c1576b9f53c49859528d1f71cc47622,0,normal,
84365ddc8aad4a2285c4411069efae01,1,structuring,structuring_366
4ac4105b1d934e6196fcc217458e1bee,0,normal,
2f9c7db2d3a94b2e8afde6f61c253b9a,0,normal,
897770fdcb134a41811e2b35a30a7100,0,normal,
b34f54198ccb4ca7acd2815d02dd7a76,0,normal,
5c19d1d6be3f438a8e6e9cf2499562b6,0,normal,
154fbb66da6248ff9e122cd6dda81388,0,normal,
173ad5b5808f4ea8b1fbff6cb865d587,0,normal,
9989983819854203a520f2bbd78a8aeb,0,normal,
385055baa5db48ff8f3af80775328faa,0,normal,
4c378cc43e114832a469241d174afdf2,0,normal,
4e0c1812177a46abaf2a475b4fdd2afc,0,normal,
91d79e4965004a32af6fe405a925524f,0,normal,
855dcdd4365340a6a7e63b45d7d70225,0,normal,
507dd845ab764d62ba8f64e2c5447223,0,normal,
8d2b35c7184446ac8a2754a3ca985a40,0,normal,
89c702d49343478d8a01720f26026112,0,normal,
65651eacca9c4b5eb7792370d2746a8a,0,normal,
8de011f2e11b4039924b038dea84b0d2,0,normal,
85039bfa596f4ecb9baf92b174209c8c,0,normal,
07b36165c5eb4969b5fe86c877274e89,0,normal,
093456bb9f604dfe86f614e4c40ad6e7,0,normal,
47081b122fc24050a8017aaf6fb80485,0,normal,
8427c52693384e698ba42d8220bce384,0,normal,
8d2b8d2858b04fd0a8d377bf234266f7,0,normal,
97b914c87bc84da6bbb547b895b44f2c,0,normal,
a611b8aa14ae480ebff55dc0ac861b0c,0,normal,
43cbf65a8c8a43158aaecae5bb648d39,0,normal,
1fd3e7a10eaf4d6a98e66bfb3e1abc34,0,normal,
1a390be137e042328cf6db522c5963dd,0,normal,
45ed460e018d4aa8b346ed4cfcbba24d,0,normal,
19ef821fe17e4fbda1a0ccfc6ceab599,0,normal,
cbfcc4d4f37540fcb2c056dbce6c594b,0,normal,
697fe06f10804242997e853ed9c73cd5,0,normal,
27da5e22140f47868efed06b11681874,0,normal,
c732259738b34edfaf9707e2194b26f9,0,normal,
f7e234a49a7447c3929ab699087a76d2,0,normal,
1a2a88a30a9f46df8f0343362104e324,0,normal,
b1f25ac98d51418583dd81acc2c0c471,0,normal,
0126de38afec42dda3461e6a0716feae,0,normal,
17b0362b163c42c9a91cdd76c02f58a1,0,normal,
9433951774494eb1b7e9a604ce79ad2d,0,normal,
7f2410fade534903a8efd804e356d237,0,normal,
55225f6353a24ee095eaa2f868d3e966,0,normal,
df17ce33d88d4b7597424e6821dcc116,0,normal,
ba2322a49b9449e38619b03503da616b,0,normal,
e2ca1300e6db44b383c21f62aa625d0f,0,normal,
9bd8af72dfec4bb7a102bd3d16164528,0,normal,
16f7f0765e58485eb8a453ce065096bc,0,normal,
8efa838d739644988c11221cec260ba7,0,normal,
47bef7b485684e1db612ef1f939d52c6,0,normal,
902d1897878f41889624044a5d54be92,0,normal,
93768849dad9421988e464160ea1abf6,0,normal,
6f5c252bb03648eab4fea220c7cdea8c,0,normal,
9a595381c95640d7893f0e9d85d4c7be,0,normal,
6992300376e8473bb0ff63775c7f868c,0,normal,
8c5b49e627ae402f8d6994bdd13cbbd6,0,normal,
77f06b471d0d46619a564119c61b0906,0,normal,
fb7504e732db4ebca087415e611dd3ab,0,normal,
a9ab5c8d3c854a62b243ea1d7551c0ce,0,normal,
11e0171c24dd489eba408abbdf4edf7c,0,normal,
a059f4cbe36d4e169bb9b7cd0dff6734,0,normal,
700c48ace2834826a95865ec8c6909b7,0,normal,
13480f5fc5ef440899c7f9a27f341156,0,normal,
ebea2d2627704b0fa09489de42da6a1e,0,normal,
85973deced7640d7a2534332375a966a,0,normal,
14197336230d4b2f937d3fedd4beffed,0,normal,
3fadc0abd3054c6ba793c50552e25053,0,normal,
d0a1898bbd5847e0b2cffbe73ed0a4d3,0,normal,
fa5a12c8f5154cacb45fe8589d90d8a4,0,normal,
fb7db94c48144945baa8364d6c216056,0,normal,
79f257ba0f3843fc94e41c1f721d2eb1,0,normal,
5551fbe22e9c447db406f36d7accc680,0,normal,
89301e35106e4adc8e65f93be89c6d5e,0,normal,
a366fcd5fa8f41d79635878a8a341dca,0,normal,
d4a7e3a81ab2454f9bdb401bba014566,0,normal,
b6509bc5410c44df82ff5aef78701d52,0,normal,
a6bbb72ba3e74c64816552703d1a85dc,0,normal,
28169de454a8408ba4baa7ae69b02b0a,0,normal,
b48fdcc78fd24daba3af3f5cdd244e61,0,normal,
5ae356f8b4a34173974a4226dce2654b,0,normal,
8f49a5deedd84ef480f95bb29a6569a9,0,normal,
3bd3414a2c6f4ea6bde4ac869d713ec2,0,normal,
ee9c006f42284b69a0d91a0b7553f8c4,0,normal,
dc32ad7b5f3547cf9154bf39e702ce92,0,normal,
3041847b6f63418eab19916168b577a2,0,normal,
a558a5ff9c5541688873740f6f5a2617,0,normal,
5d6f5e75fa4441c4b3ee15a9c87d92d9,0,normal,
21a425b4489941088e830bf4e959e5ec,0,normal,
3d7dd480af1c407fa90bf2538e1c6a4e,0,normal,
75a235257793422bb0d8d270440fc5ce,0,normal,
6417b4a9115b4fb591e0afb59365c5f2,0,normal,
733b13019b9743d3995b437277d09760,0,normal,
99d7169aadbf4275a5c6c5a146c0e282,0,normal,
9aab8e51192242feaad24080ecb08242,0,normal,
a8c7b5f137554532baac6eaa6a5def59,0,normal,
f66c4943b0d246baa4278001097df8a1,0,normal,
b2cc60d340f141ab9e3d13aa8daa160d,0,normal,
89f6a9695f0e44b7bc6b7e8b8da0afd9,0,normal,
b917efcf089644bab83e2ace08c24e91,0,normal,
d66f951da8d64fdc850d7ca78854343e,0,normal,
94806ba32bc74a6dafe89dc4818d7e1f,0,normal,
655bdd2cd196439dbd8cef323fb1cce0,0,normal,
9d13541c7f464ed2a5b9d4dd41662bf1,0,normal,
93fde8c2a7d74dd0a7903f83b6d2d400,0,normal,
b38ec0a1ecd24b9f9b7d7344b407bcc6,0,normal,
1f0351228ce74be2981d34a32672d9aa,0,normal,
3a712a4a2eb8494794fbb2aabb137187,0,normal,
ea545e1966db489499c77df5767fda1b,0,normal,
b7324c6f89074812a223c2db9e54fe14,0,normal,
e34c85f24b8b41f5ab379ea57b3e2d20,0,normal,
b8ddcb1e1e3a4bfdbabaf9cb38e24df6,0,normal,
a072211f74c2431d93e88409ea95c7d9,0,normal,
f986e935c90e4f639bf43049ee26230f,0,normal,
39aeae6a07ce45819769a408da37ed5f,0,normal,
9d784c8b787e4e88866cda2960cad08c,0,normal,
be82e0d745f14eea890a6c5bde565c1b,0,normal,
60fc2f3957cc4499828ae7fbee64cf08,0,normal,
8d413a67c32940da809f78b59bec80fc,0,normal,
57d7c803dd134a04988afa4245958f53,0,normal,
0efb04e0d73341b2aa009041b6184569,0,normal,
90f1894b5a08484883f450a1ad5efedc,0,normal,
a029b7207e27405d9f703334aebcc668,0,normal,
7f69835cb86c4b2da661a796cb18d64a,0,normal,
36377787b61c44a7a842e95985631f16,0,normal,
55a13a550d984371bcdeb009cab174bd,0,normal,
4a27302a6b894751887229785e9243c0,0,normal,
229fd6fd9dc74874b0413f9396b81924,0,normal,
01b3606466024cc989295940e2162264,0,normal,
6c80670b09ab4e84b318fbc0b9193f84,0,normal,
2e91e17e061a4e03a89f001cf68a49f8,0,normal,
1a16af1c73d44b119603e7222aab5fa6,0,normal,
4e8a5e4a13b44b5a8d71a398afbc02b4,0,normal,
61678bfe0b0f409aae52287a3db30b3c,0,normal,
05b4b725dc694c3a921da8d011ddab94,0,normal,
699b540b2fba4247ba9b0f075b52f20b,0,normal,
1f9f7bcd685d42f09ae09a3ee4094772,0,normal,
6dd89577cc5743c688b76a73337e8f2b,0,normal,
9089859e138244c29e00d8aecfd27553,0,normal,
cf7127d28f014ad4a8fd5d398ebedd83,0,normal,
61dbefa0d196466ba48239d12dca3c3a,0,normal,
030268310b634d99b7cc6bc9068fb9e7,0,normal,
ced74e49fd2b48a99598d3e53499c465,0,normal,
20d006c372be46eabb7d799851931099,0,normal,
9cdea6fd71c148208f6de97da6409017,0,normal,
c4804240f5cb46be9d290a0091e08de9,0,normal,
50815b6b814b49b5bab202a19fda3d29,0,normal,
71f52ce62dac4d5a9ea54424ed2f63bd,0,normal,
590d8b3bd1434c7ca0ae774c5b0baeeb,0,normal,
ed1606c301c44ff284adbc0059c582b9,0,normal,
755caff2788f44de8981d2d950f32c36,0,normal,
963faadf60ea481fbc09aef47f387a07,0,normal,
de5fd3ccd66641ba833b183c11af52f2,0,normal,
51045ac844d64fd289b1460f6c7e49c2,0,normal,
513e72d3b4f54d37b3d526e0fe5e335e,0,normal,
911cff34cab34754919f1327e7b1a542,0,normal,
3f20cdbe0cd440a8a47cab3e8367bcff,0,normal,
5f4fc26d594b4e979d34911462d27691,0,normal,
dedd648abe6e47e09b9212dc47631b04,0,normal,
d5f6b91c24be406d8d266e603efe35ad,0,normal,
c2991fdbaf5f46439cea6d722f3d49ff,0,normal,
43998839568d42b9b8a04bbecf4b1805,0,normal,
5234cfda2aba4d3aa98341b7cc1d4150,0,normal,
1913e6601db54b0abb43c6ef4d6cca81,0,normal,
77d2f48715f94884a361f9a8b2333b08,0,normal,
9bbfc18ec7e3445b841a8eff14239003,0,normal,
7276998e0f2349f7bbb7e0d75815cc64,0,normal,
2fae3f36e603461a8764d3247f173040,0,normal,
18836a0b774145a1a84006ec4b1b1108,0,normal,
992d1529ed3345b3bf5aa0cd7b8a20ed,0,normal,
4f54fdc7e9ab4a72b49fc548540b028d,0,normal,
02fb195d993e4e07aca5d487eabc9fbe,0,normal,
4558795bbd3b407d820122d7d4a80db8,0,normal,
a01b20a339194a8c8ba096a8e832bf96,0,normal,
bb3d1ff8c08d48d88fee34daa1665f6e,0,normal,
6034f830f2dc4923b4837fd9be4c436d,0,normal,
a698cbfbaccc41d2b012375421225caf,0,normal,
8e994f0be072424a9bee66b73baa4378,0,normal,
72e0d2bec7224e6394ca6dd9c2ac4e36,0,normal,
54e8e99acd81497cbc6c8862dbd814d5,0,normal,
2e00590509574b35a1baf3d85e5d2c20,0,normal,
671874413d914a1bbb0274ed457ce1d3,0,normal,
0247d72ce58a49de8bdbc8f51f5dc77a,0,normal,
b4410c65ebee447f87373d92350a865b,0,normal,
0dbe839c289d4b279aa72b4caee87b15,0,normal,
724b25f878234abdb153b51dae747675,0,normal,
7856dc03b22d4e5cacfe00d452e82500,0,normal,
aad5cebd0ef947eca9a232aa374a2c59,0,normal,
7fefed6ed47441329f02458332abb888,0,normal,
80ba31ce07ea4c82843c235fd777cf2b,0,normal,
0de470e436be4302a6ae7aecc4dccafb,0,normal,
be92ece0b8714ceaa68b5df67369f123,0,normal,
84f36652e7f844e6993bb35ce4005dff,0,normal,
97dab2bdfc974488ad38d963fc67e7b5,0,normal,
418d3cd463dc48d3824a39f5c08be21c,0,normal,
59500dbd477b4e87a09581c46a6ea733,0,normal,
7aed7a084ada46bcb68c59864fd17331,0,normal,
9616f5946302490589e063d9dd3b16ea,0,normal,
7836aeed1be64ed5bab24c2349611d78,0,normal,
b23874cc3baf4486832e49faa52bf53a,0,normal,
9f8d4332717b4442bac33ae91b8c5dc8,0,normal,
55ddc883dd104aafae210dc1ba5cabbb,0,normal,
cb4f0aef4f6e4c6397572eb014207028,0,normal,
8a646ed967db45c39b6006b6330cc773,0,normal,
0a2988a9775046aa802a95fa278a28dc,0,normal,
ede64f8ad9154426ad9c09010a251a26,0,normal,
66e37e551e83474ea170b704de9ce994,0,normal,
884c9de547a54edc9079e4e019d1e0d6,0,normal,
9fb076d318ce4d69a6e78e61ece0864f,0,normal,
7373c93cb6b64955983f517c6f145466,0,normal,
2e5fb8ad5988474988537490bf96b884,0,normal,
4a20b0aa9d4e4758b6e4e7518fbd0c9d,0,normal,
b7f640d8df6846f290c8e7244855a5d3,0,normal,
c52eb020906641c4ae40b3363c1b32e8,0,normal,
94831a8c37824873a2633178803cadf0,0,normal,
c952fd8c4fc24dcd8d65644957c5967a,0,normal,
326cd9ed32b44300a03387c64dbb0b70,0,normal,
91b503a25bc348be9cbfd8a18a0987e9,0,normal,
756a57fde3b74f73b7468e024dad8f36,0,normal,
feee7d39ba3f4318a90c2f750367af77,0,normal,
2d22f2f2455a4dcc90bef95606d96d42,0,normal,
3e38333c9dbb44bd8e2645936c2407f2,0,normal,
0c1f1cd3306b418bbf63e0924baf3e93,0,normal,
8b69092af9d54909b2805dd5b4db6438,0,normal,
3eba01d6ae044d9ea88a5ff7a4b4b316,0,normal,
93fb456cf64c4f18bace50693bc139e8,0,normal,
dec510400a204767b6bd1fed666e8f9a,0,normal,
1b6b6b188d554ad7bdad80491c9a1e11,0,normal,
b8eaab7b84904166853ba5eb43d38460,0,normal,
25523fb99ca949898c1575b8e8715a46,0,normal,
7b0367b0405e473783cf27bafe6cf2ad,0,normal,
e22663de6c92446ea2e7571d248a2e8a,0,normal,
5be543d8a5184f5f81aea7f92f3f17ef,0,normal,
a398d91f48a34558ba1922eace0dc293,0,normal,
aa8374f4676848e78a0736bcdf3dc04f,0,normal,
91d075d23e2145f38d616759d2997a2a,0,normal,
228e70d314c2418cb6c688925460002a,0,normal,
4a99b41d69a047c48991d1f6c698b349,0,normal,
3f98c305e5f241a6b69815d0ac831dfa,0,normal,
5e44a21c1fa444b1ab6ebf1f4a808a88,0,normal,
21ced5ac162c4a7f87ae968d59a99e35,0,normal,
e541b08b60274851aa153b59e657279e,0,normal,
9290b2bb10704479a2d8e5402879485a,0,normal,
5c93e7821bed41f48b27bcfd8257ca8b,0,normal,
a5e685601d7847f9aef1db0e58baa80a,0,normal,
448eb815ba8f453fa0f3f2711eeefaba,0,normal,
2181543af934432c972070649f0affad,0,normal,
f1071b945d1944c78efb393a391ee7b8,0,normal,
e3504fd3c07b43519ee92bb69e70fb70,0,normal,
724cbba092264ed7af194c30a58873a4,0,normal,
f7260c49a97645848042ef2977a06e60,0,normal,
6925dbfd2d22477f92bb9cda2f04b45f,0,normal,
202dbe5ed5264481a108a0888fa5def5,0,normal,
a21b4bb1df7841af936303bf33fa7b83,0,normal,
99616315f42f40a781fcda532dcaf47a,0,normal,
6b85a5371d4448cf949426fe4485444e,0,normal,
dec24e5ebbb746c28eb1a0b2b930d00d,0,normal,
2dd04fd839f84d5f8af411eda186aae3,0,normal,
686af9d136f64f2ea8c46bf343a8afed,0,normal,
9fb990f4fe8f45afba4bf39ce12b5b59,0,normal,
1c7088a5d8b846198ada36868053e4b8,0,normal,
73bfb5fddd7a4694a425b6cb9ec79bb9,0,normal,
cbc43f24073744ff9a88c5166502388b,0,normal,
b02b4472158b46b9807f1d8caef94b62,0,normal,
9d2c9098d15342d4aeb9bb0dd2a50611,0,normal,
f6a474088cd9496681e2819b501e1b0b,0,normal,
127de500ce7849798f10343b9b21d191,0,normal,
e62a0a7c540446a8b6f64973a170ba3c,0,normal,
89d68d5777e048eaac638f3b48d2c90d,0,normal,
688aba53904c464bb5bb23f0238bdf38,0,normal,
531eece3711d4036b33cb94b462a5e97,0,normal,
cfbdbf970ea24e158523c5cb4a68905e,0,normal,
4fbba5a492444fa1ba8507c6b52530a4,0,normal,
ebc6053994154d64a64b854e8984bbd6,0,normal,
15fe0833bcd34aa2b65cd21c757bfaf6,0,normal,
95c2d6547d9548c8ba16b03a38f07363,0,normal,
14a9a11d6ebe4e8781e5920b72ad8f3c,0,normal,
9b5a7895939947738eeb7d491228826f,0,normal,
6e698e61df3144ddacd77c0a2297918c,0,normal,
3f4a016271f84ec2b96c09d0c5ce4d40,0,normal,
8c40cada14bd4babb5b97dc462aaca3f,0,normal,
2374eacd66d74211b19172ba42883c54,0,normal,
da0dde7f728c49369e55417789a171de,0,normal,
e4cbd4a4a1324ebd8bf0816ce835a716,0,normal,
1b48c73c9ed54e9b8099e0577f032fb3,0,normal,
e8e09f4ee9f144efadca74d39e6ccd14,0,normal,
fbd3fa67afed4fbf937aceb5a624f123,0,normal,
5e3b47ab558245c0b2642c14a71826fb,0,normal,
15571b5fcc2f417583e69f437cc76ab1,0,normal,
d7732e853f7e4eba928c719675080406,0,normal,
8a259f11eddf4b4dbf0325c7f93c9c15,0,normal,
af3f635a033f464fb43cf362dc0f7604,0,normal,
8d2b3de420b746a88f5ccaec6ec4c8bc,0,normal,
723cbbf8ca664985b0295645371af25f,0,normal,
e2e7cbb24b3a482f895a8dd3f7d0fbc1,0,normal,
396cf6ad245d47eb802fc1dda3adff70,0,normal,
eb9d85ccb54443dd804c25ef9612a7f9,0,normal,
3510a6f812b143f7a13ca50c93653778,0,normal,
b73849b3a5c749b69bab7fd9f453c2da,0,normal,
cadd8176ab054736be31d49531517cde,0,normal,
915c928257d64b6ca0dd9700c9139f05,0,normal,
49d35aa5dfe14547bffae3e46cf4ac05,0,normal,
598b21df45ee4fa3a1bc34caebe20a78,0,normal,
4db7673f3fef4e3c8f4e39dd96dd310d,0,normal,
1cadc44aefa44efc8f1ea90ade65ca0b,0,normal,
8be8e5acc6ca4ee6a311e715a64c2d91,0,normal,
1b39808787c74db08a11cb32ad39af4e,0,normal,
566f9caf9ed24c55a71029d9811f7058,0,normal,
af794b833e8043079b193d03015dc1ab,0,normal,
779219162bbe4b98bf12bce5219e0648,0,normal,
716212bfd0a447b38e886ce5b23feb38,0,normal,
622f1b470b7b45b9b712091bcddab498,0,normal,
5f5ef851e0c34ef7b30f760a87e04025,0,normal,
d6909a5575584ca4927f32b491db689c,0,normal,
25b7d58eeee74738b94e5e6312abdc1d,0,normal,
3f13c2a2cfdd477790976a708a587fdd,0,normal,
c7523b5c6ff44a608d23e465166e20a9,0,normal,
6569e8a677944283bb92609be4194777,0,normal,
d2066a5463dd4d9098255566ab6be549,0,normal,
5f76616d2d7b4b3da9f5f5fceee0b7d0,0,normal,
110ff40d278340459b88b1667b75e971,0,normal,
b11a7dd01e8d4d62ac6f49b2dee2278b,0,normal,
89af6704bdc44977a61834c26128cc54,0,normal,
865496b5543e41db953d4566cb7cf7cc,0,normal,
aa0f90647cc84582aaf2b1858fa6ff65,0,normal,
cd19a06b0f62429fac6e055db0af4b99,0,normal,
93f9186ff78d49c3b485d2636012d99c,0,normal,
a1b78e2836c647818ebfdb4b37b2d8cd,0,normal,
41bc04cc3d7043258489fc81a45a7525,0,normal,
9b1a6900d74b4a82b3c1d256ee11c28a,0,normal,
6333e1d99b1143058e65a71c6c29d649,0,normal,
25363c87a30c4b72969bd51aec9903d1,0,normal,
520559de107b4b919bf0c608588964a5,0,normal,
528fd9cafe6a41d38e16ed90f36eb646,0,normal,
ffeeb359e92d460b87c7d380eac3a84f,0,normal,
a30dc98c0a6a4056bb2870aecad33a5d,0,normal,
ccbe59b25400435e8a58ad40138a3a90,0,normal,
163ead55e4f9491a9afa2a3c18a6dc30,0,normal,
07f63fcfae554bbf8615f62d72a68c01,0,normal,
e10c1a359ac74253942fd5fadab4c728,0,normal,
e9864f507ec14ba0a9d70de7cb2d40be,0,normal,
8164fb2fbd574c1487de1ff148729916,0,normal,
459aabfb46eb4d0fadd5e358aa1994ff,0,normal,
de83678fa8b041d8af35792644d3289c,0,normal,
3e6b6b9f59994c198bde25247a149c28,0,normal,
f214be842fe54b638337bd0a48342e64,0,normal,
ab8089b7fce24949aa0181fb1182e595,0,normal,
4a8fd91d41d84e6982e4aeee163f1f68,0,normal,
d75146ab23c94580b68a1bdf06770c6a,0,normal,
1609cf50fdfb4044a9cbd4ad96e80b59,0,normal,
81e2672b76074ffc96589ec8a31f9ec5,0,normal,
c96ca4b58f664226a62714c5b649b178,0,normal,
a1c65f226905430d88fe1db7fb785ced,0,normal,
bf5499c9b1fe4faea5e12d5318897cca,0,normal,
6e95619bf6c444978443e503c42820d4,0,normal,
1c028328e56142859c3397e4310d0b82,0,normal,
cf6b344207e54dcf92f3eb16665967aa,0,normal,
695153a2a0314a4aa7fbd25d1337c1cb,0,normal,
2dee2a98b040449d9e4c6943eca5381b,0,normal,
5eb9c12b667b42438f925c9c9dfc814a,0,normal,
784c5e2d5ea04499b708e37662256d17,0,normal,
6b495ac5229044b8b3ff5972f72078e0,0,normal,
b4c2bf2fb59047ca8f090768e962719d,0,normal,
6264648dafc046878cf5491bdb4fb516,0,normal,
437db6395f8d4b9e942f2779285cc8cf,0,normal,
3c479b0a756f479ba6527e1c69ce8fa4,0,normal,
c46abcca2010477b9c791ffd93f35a7f,0,normal,
01e36f0c0b954ed4abbb280a926cf878,0,normal,
0d70f5e5304748db9af641233930b0f5,0,normal,
f27431c58c784290a3013edd92637bbf,0,normal,
cf37724a68b14ec7a5bd9329e86f7488,0,normal,
374548487f0e4332802cc96087d85add,0,normal,
f2b8b3ad3aef4f59bdcc53dde5a9ea6d,0,normal,
bd86311f5c594a89881c0bc04b390a7f,0,normal,
350ee7cd522e475bbb7cbf1db0481878,0,normal,
7a734b078347494fa6e4f29e00f09416,0,normal,
27f961d037274efc92b9803c5988b33f,0,normal,
43cfe55d813144cebe9870c478f9987e,0,normal,
9c9d06e27dbb4a79b51903e02c58bcd5,0,normal,
1a46fcb9c3fc485f9cefd52354ae5c3d,0,normal,
56ff06ab86a5496f8b852118edcd61c2,0,normal,
68416259d95f41e09854669bbfd484b8,0,normal,
94f9bddc0e0542209912d54cc02b755c,0,normal,
350d36983ed44064b538e5106c414eb2,0,normal,
355ca25709e6418a8fb8419c06a68082,0,normal,
70c068cf35ab4e958bfa86830790f072,0,normal,
801e034ef8824832bb95c53a65a7fb69,0,normal,
e7761c2793f146f682031da73eb01f4a,0,normal,
d9f150578e8a479b921e3d911e3e05d6,0,normal,
6b6b061b74484dac89d20aa316e88089,0,normal,
b387465e8f714ea6a4a449922fd17111,0,normal,
2e6957bd51fc4f1e9508616fd47180e2,0,normal,
39f91054e59f45efa335bed4db593324,0,normal,
5ca9e9d97efb42a08c44ac23c4bf4717,0,normal,
445e42f3565046b58bfcdf7a278f52e8,0,normal,
41f349f3e6bb4fa4b4aa97dd61376b5a,0,normal,
121fa96418164ae2a8155a1316a75a03,0,normal,
0016b35ca2fc494c80cc5f9dd06f2036,0,normal,
db09e1d2bef947ef81f5327e97ada1e9,0,normal,
16c7236bf67b4f919f26394d5ca4d8c3,0,normal,
0981aa7f9e204262b677ee18e027b73c,0,normal,
6a341eb25bf94ee5a726bb12a2592f48,0,normal,
ae349221adb940a1b94a46527d2ea47d,0,normal,
d943d9fd8dd24aec9dfe6d8090e2af25,0,normal,
c80ca4798f7e41b8ad7a9713a600e4b9,0,normal,
1fca18e037164d4ca5636462bb80b6c8,0,normal,
edb2d1165ec04374826b162fe9468ec7,0,normal,
f65220d4bbc444358f887f11b99b4599,0,normal,
9f4f996f22ce455c8cb7560532f4cea8,0,normal,
d2eaaf921bc64f4180a4ecf11b0a9f44,0,normal,
5d2d11f717fd4f8ca93952ab79c2f900,0,normal,
ae79ccefa6e944c99e6d4ebf1682ba9c,0,normal,
5a9c6603002b485e96522cfebbe5bc62,0,normal,
f97bc8c8a8224c4a87053fbcd83ce113,0,normal,
9115d38b05834564bf2adca58f852184,0,normal,
8314bfd0b458431a8d74e7b66967b48c,0,normal,
ae4208758fae4b10a94d962877aabc8b,0,normal,
1da32eef86a34f9aa0fc16cf0318eb49,0,normal,
c41f340f9c174689bf878d1a2aa599df,0,normal,
c6caee9c691b4cab8c88d4e04a0230cb,0,normal,
55d66efdb82d47139285876b9130a9a5,0,normal,
bd414825d1d34f6fb1187506ea65fe50,0,normal,
f34a0a6c1d4a4f0f91ec6347e5abafaa,0,normal,
ac689b0ffe1948d1abe388d51f44de13,0,normal,
8e17391795fd4dc286770cb47b67b801,0,normal,
25274ef062f840da8cba428fc5edf05b,0,normal,
0f568a53643849148fdee013c7a4acc7,0,normal,
456e3e08021547438aa9b18d9e049db7,0,normal,
33672d8e8c404e22940718831141e839,0,normal,
5cf25b6be82e4eb89a3ab983b5753fd4,0,normal,
9dc38bb17055415ab9a99d075f9bcd4c,0,normal,
310646a9ce4040cda8a0e3b5fbdb404a,0,normal,
64e74f371b8e4c3ba0d27276bc7f4de1,0,normal,
a5d9d02297a043148280d211bdbf5a0f,0,normal,
f9e68a913b2a4879a1bb0380fcfa1f5f,0,normal,
c0ec826c98c94646bfd33b03620e3b83,0,normal,
152b2137f1594bdcad9d95e7c28a7c09,0,normal,
ca9ed4168cb04ad3afba85e6de30220c,0,normal,
c1fb9d28cf774a8581012efb904588e0,0,normal,
5a4c03dddfbf4cdbaf4722740ac27e50,0,normal,
1fab40a547f84aebbcede1550a8a447d,0,normal,
9e61c5bed52c46999ca217ccd377e1d3,0,normal,
08bed701ec6246e58a8c8e0a4ad90e11,0,normal,
611682a67b454b48b5d1bbca1d442ca9,0,normal,
51f63315ce724b7e85572388170bf766,0,normal,
fefdebe8d9b143af83fb14d68dae0ef6,0,normal,
59334db780954de3a14481f3e9acac05,0,normal,
d59cb18499b54f2ab1bb5f232636ce32,0,normal,
718e3f5ad93d44ea870a7175c6437632,0,normal,
7bd31b4f3d044e67bae8c9b20b788032,0,normal,
7427f040d6374273876272f40e8ecc97,0,normal,
4de685761b9d49e2b51aba3514a24dcc,0,normal,
b09c28149b8b4bfd8d2a4a054efb1477,0,normal,
128cbf20fa66493d96a3da3cee6c2cf6,0,normal,
42e73895396e4004b9ce897e5a3cfdac,0,normal,
b21bcac2c27a42a5ae2b12ebf51f7f4c,0,normal,
18c35cfef99a40b59d3e197c02ee018e,0,normal,
8d0113e35a5444f6a784387128ab1a69,0,normal,
bb73e4201a0c4f37b050f6c3a16d3717,0,normal,
edc6b72117c24a8f99f54498d71312f8,0,normal,
055d2ffbbdfa4d2999173764c0e9e69c,0,normal,
d8b9ff85f0734d278ec3d5a6f62bb3d8,0,normal,
5d2ffe1016834cb2b9ae502b66adb0fb,0,normal,
798ce10105a7402787f9e8228c890f85,0,normal,
2c1fe81e02ec46528c939ec5ada368db,0,normal,
543f41786dad41c7af8ea5299af6162d,0,normal,
2f2906c92fc548a9b869455c9a1a7806,0,normal,
a16dcf7650654b53ad27cdfdf3ee997b,0,normal,
36371007e6ff4df7a1b6d6d70e6e3b43,0,normal,
5cee224ede59480dbc4ef5d0f50b773d,0,normal,
b543842b2dd446d0b51db25cc179a95b,0,normal,
66703c7f776c4970b6a3da6fc19040f9,0,normal,
aeb30da0a08e4a34ae74a358199d2dc1,0,normal,
6d86a359e28f4fd69c8b5617ff902b43,0,normal,
acb4a7b0670c424589d85127068167f0,0,normal,
0f1336b02bf441e180f7bcd3b7fc10c4,0,normal,
5cf6506121d24cf7a761b8f4c2d3c623,0,normal,
5771b7ed7ff745dcb0ffc6d037a12847,0,normal,
47c9be1dbb194426b0d99705023b048a,0,normal,
60bed561588b4b3688cafe2951d24c76,0,normal,
76c048c1fd8e4f5ea0087d825e086f1c,0,normal,
df4d5195d9774576b711318df32201a3,0,normal,
f08293b84bab4dd0b04b02709e0964a7,0,normal,
28fffa23d52845c6b2c97c58c97fc321,0,normal,
a4415a10ddea46a391cc644b426ce5a0,0,normal,
75eeb4d70e864e0aa7ba7485764b7152,0,normal,
afa70eb1a7204cfeafbcad56ad40a2f4,0,normal,
c838d7e768d64d9ca97a10dab2bfb343,0,normal,
099071b6d0244fc0aaeb27e0064b421b,0,normal,
5af82973b6a84952bff42719a901550c,0,normal,
c7aa5c2c3ce34f71b5057962101e1048,0,normal,
def94cc8a1ec4a6ea50622fe70df144d,0,normal,
1e2523f24a184e50a36b3645e0b533cc,0,normal,
59245bbb2f9143c19fe526e7db668956,0,normal,
86ddb154589942abb0e3d69f8f839863,0,normal,
afbf098bc6a84fc78668054797ab626b,0,normal,
c44e68380c114aab891f51d023c2cf9c,0,normal,
17b4baf74d7b4e6b95dd542f6a5fe5b1,0,normal,
f025fdc243e542be8f63e8fa2c4f2ca0,0,normal,
8e2fe87b96fe486f9ec775c74e86494a,0,normal,
35424e803aad486f9714b5aaf7213625,0,normal,
2a32722e9c7847da9b628bc6dded494e,0,normal,
7624a050512744c9937047c6e058269e,0,normal,
867778d4ea234e1597c8baf11050942f,0,normal,
32d8f882bf5f45439656cf57e4c2ab77,0,normal,
85b2504493204d9dba86792c61a63eb7,0,normal,
12547c9a81204d3d91ea8bea790af4c2,0,normal,
6c2dde6b4f7842328025256051f1019d,0,normal,
b4cc8a6b76114ec4b5615f7aba36e7a0,0,normal,
4b0c75c482ec4301a485bb6c5c97c33b,0,normal,
fa4ddb392b104d509f07ab516f445981,0,normal,
2f02584b912743ffbd8e6f91e7a2c0e8,0,normal,
ff0b2c53915c4286a1bb44625b7b17b7,0,normal,
f952d6c52f9d4faaa65d119a6353a8e4,0,normal,
760f59abdc5447dc9c49d760678d8ca4,0,normal,
c4124948be6242daaec43b8ca4b7c20f,0,normal,
7f3be75d24c343eca7e9c5342fc6b8dc,0,normal,
cb193514591948058a01c73e99b55b79,0,normal,
b8d1538a58f54c81b87588156e28547a,0,normal,
827c8e18c47a4761973fe1ed6da6d4e1,0,normal,
aed05591337d45d195be2a3598085b16,0,normal,
240f974b2356401197a7dc18976f2d13,0,normal,
6997216dd2f64795a433fb240d0e72c7,0,normal,
22510261ba1b4e1f908ac536e42041ce,0,normal,
e72bb9633a00480e8fccbe9c16d8bd87,0,normal,
0b4429c67a6f4d4b85dd22a9849f5c0e,0,normal,
1ae1d33408d7457486d682ff2d28d79a,0,normal,
05cc813337fb41c7b2d7937e9df05c09,0,normal,
4639f8d01ca449d58342d520fa899c15,0,normal,
d9deec7a3d7a40b9a3be764d0b634d87,0,normal,
29710efb6abd426b865b03f81a7ec8df,0,normal,
4ccfcff70b344a78a7b21e76db3c75f5,0,normal,
dd5ed23e560d4edb837649534ed58220,0,normal,
019b11bd91ea4b4aba5d0dd2804541af,0,normal,
e91b95f604084c7bb9995ba997cd2d04,0,normal,
3bdf2467fc374b24a4cb7d2e383dcc5f,0,normal,
355de4ca4e1d4f7bbdfc96ac48839188,0,normal,
380ae7223ccb45e5af36949641e15652,0,normal,
2c066898ec1145de8a7c8d72fd574ebc,0,normal,
d8876e9d58e54f09bd579a8730a2cf39,0,normal,
7b9d6236a2434330bcb5cd854961207f,0,normal,
546f4ed270954b218518ed2344368e1d,0,normal,
c0f923bc96f1454d8e0d4c858dc20199,0,normal,
4b912884639c44c69e7267319c2032fe,0,normal,
62d32e2772d542afb51a98f0a0587129,0,normal,
5cadf919ce6f44f19fbf95d8a315066f,0,normal,
5843f2877a9f497c9a13535c7a9c825c,0,normal,
841d064f43cb4b1ea25734e6d7bf8001,0,normal,
a64200b9e7bb4f1c9e8d3af99a2c8b5e,0,normal,
ef7825d500014399979118d956d8d6f3,0,normal,
985d26910148404497fbc8cbae41851a,0,normal,
3f4c776e66fc4cea97300737cea1533b,0,normal,
7b01e859eaec427482e1d2ca447ebc4b,0,normal,
b276b18f6b15477b93d18d2dd74f992b,0,normal,
bdad2d60445049318e695b7134557db8,0,normal,
0e1e5dd36bd4422f97f6a1cf5fc2c77a,0,normal,
71e70e3dd8eb4e8fab1f1247cd03c0fd,0,normal,
5bb91be7330a4a60a3f94a6a73b72cee,0,normal,
2418ad73a29248148a65081f66cd6839,0,normal,
4684b1f240364027b7f3f57a4839dbce,0,normal,
89a8061508fd4be498ba99d9e94859a4,0,normal,
e07a57bffde94ab7beff3527d9de733a,0,normal,
54e1195d3ab74e248b24c5a336ab33fc,0,normal,
f50dba5298894b93bf93ee1ced83f227,0,normal,
8b902762cefb461e9dab8cee0159483c,0,normal,
cec88bd63a4a495f864113793f297728,0,normal,
6b14b90ff1c444cabfb0939492e3a313,0,normal,
483063e18b7f4d65beb9aaf67a8e5e84,0,normal,
93554c6b06344e948bb6435c2942ea19,0,normal,
3518b10afbf34358976f4fac58d020be,0,normal,
2c6058fb727d49e192b534dd1c73eebe,0,normal,
dbec6f03896745d6b63c56d702678a2e,0,normal,
3426319bb6e64316bd1b720290555040,0,normal,
f49b065a3a51440bbab8ead5afbba52c,0,normal,
38428b95f01d48fea972e6c916b5fecb,0,normal,
c107707b72d64e1db4aa5faeac68cee5,0,normal,
6af8a140b312449ca0e00b9c44a38e6f,0,normal,
16516bf5e0e3433fb09a3aca2d30196b,0,normal,
01e7d41f5df348f185ae5820b1800e1d,0,normal,
d6612da8ada644d3b146d037c636fbb0,0,normal,
6eaf1bf821bc4ed99111070d58b33bae,0,normal,
d90e29bdcf7d480fb952db43a6d1cbb7,0,normal,
8277c22051c842dca79c9778b56589b1,0,normal,
58a0f2a956f4460e9cc286e54637fcf5,0,normal,
543916d8479f4a7c983b409a4a85b143,0,normal,
5019110a02774086b6ab48a7c4b181c5,0,normal,
978844134ed04cd89b28d67866cf80f7,0,normal,
315cfd389e1548a48cd4c07467b63681,0,normal,
1da00f865d014c69831dd75378195858,0,normal,
4e3529943bad43e288bbdc9d32fd6f45,0,normal,
c9402752dac84d36ab2816c62cc4deb9,0,normal,
dbc63b15eeb947dba99586cf5fc37939,0,normal,
6b9fffdd74e64f1190b8da84f3948d55,0,normal,
97f0bf98be32451c9561f33902677513,0,normal,
6b62e2a8a0844b45af56227c44e572d7,0,normal,
3cb9d26e9d964b99b203d2907e7a26cf,0,normal,
a2aa7d41c13a4a49a304d9fcfc30ec63,0,normal,
1010a750e6f549f099d32b42a08dc584,0,normal,
5a87f0c4be084bab902831fb7c30dd5d,0,normal,
5619c8297e8945f4a42d99e257557cec,0,normal,
3c4530f40a2e409ca20b36be51541ea4,0,normal,
00372872f50d418e9b37b1a42e6f24e3,0,normal,
d88b1bdfc3954c888af1a9b99f920dae,0,normal,
d8d29c3d489b408db5878ba7d789280e,0,normal,
fbcc82e91c4941c7997930176d2034c3,0,normal,
574c50492d094a7d889d6a43d65ebac2,0,normal,
884c234f7e2a40d7876a9511ef75d1de,0,normal,
6cca8863d63e41e9a2ddac3b4eb2064f,0,normal,
15b441b2101f4cbf98e15ecec27f34e1,0,normal,
41a150a7d8aa4835a57bb86690bc9ccf,0,normal,
5271c1b1caf5487f99ab60fe08afd640,0,normal,
b6e4346781ef45d3a82759a19f564b71,0,normal,
4c3e80210c8a498e901b9a8560173ea0,0,normal,
3a0a5247ffea437d81a620e3af07f5fd,0,normal,
2a13621014994902b27b6c2495a82044,0,normal,
0eade3b76f8a47999748b6dcbbc639e4,0,normal,
bd164dce568b4eaa9020717f59957d72,0,normal,
169096d53f004d7c810978a418b18f44,0,normal,
ae6c8e2bae2b4b8b8c7110e01dc9ba96,0,normal,
b654a338337847fe958b88ade782de34,0,normal,
d3ebfcc9744242c8abb9cdb11c86a7a2,0,normal,
3ff338b0f1af4a0e8bc08afe3b2743d2,0,normal,
c54e23b44c8b45af93274f3bf4b2328b,0,normal,
6315347d9f2447889e1205feb7be71a5,0,normal,
6db2bfac6f614bc2b01b5346bc356900,0,normal,
93e82bf6a86749928abcc15a5760ce3e,0,normal,
c63f9b9299304f6c9ca5fef06c821acd,0,normal,
3d56822c596d41b88ae0e18c0c54f2b4,0,normal,
e68b0902e3694dddadb46ba3691e526c,0,normal,
d008ddbcdc904192a2e61ea2dc3d9378,0,normal,
d6a1092697b647588287a64d1e675656,1,structuring,structuring_56
e32b591469c1400aa746b601bb13ec59,0,normal,
ac5dce7c2582468b9027f280de65ae40,0,normal,
41a2fd220d5f424283a67a10cde8135a,0,normal,
1d991107d206421e927ae3be190b85f5,0,normal,
b8995eceafdc4417bd69f2d4da08d9f6,0,normal,
edcba89f7ece4cb7ad2581483cc586cd,0,normal,
4dcad66ef3b04401879e79b8a0f07fa6,0,normal,
3d4531a71425408f88b286c72b5c6266,0,normal,
025e2aa019474cc4a60468e5a913c5c6,0,normal,
cac1b9e912454a408c10534368d609ed,0,normal,
61464f1f83424ab78100feeba8b95324,0,normal,
f88306c3792e4678a6d5da7b28e3498a,0,normal,
54911f0f21ab43f48c4a131c5ae55ccb,0,normal,
9e367d5bdc0f41c18acb429134167c52,0,normal,
4d5969e9cda6491d9e828e8bc2cfe4d3,0,normal,
f336d247fef843a4b0c38351681b4d10,0,normal,
23ffd10a14ef4039a8e96f276cb497c4,0,normal,
5d58cbd340f741fe8c67163e8008e2aa,0,normal,
9d6c49bda66041df85a138dd3f4c692a,0,normal,
6fbee7cd80f94b138d380a80144e3a68,0,normal,
46b4341577894ad7946d7c5b6f77b569,0,normal,
0ac80d0c5fa545cca9de5d15f1f8211f,0,normal,
72f4ca9fc9d44b64a98acfbd392eb96a,0,normal,
39806ee2c9d94991b5a9578dd7bd7538,0,normal,
ae410cd4dd7b420cba5e6f98592e54e5,0,normal,
518f488e63814b55a17eaa47f276f602,0,normal,
3a48e18bbea64610a6b3017920d3251c,0,normal,
5ef5ed949b74494e84c1cc4f90892baa,0,normal,
525bc9f7e73a44a6b7c79ed9ba1970b2,0,normal,
3a5c227eb23241f0b74ab6d417ad2440,0,normal,
4e789e4928984c46b8475dc327515ac9,0,normal,
e85fabae99434241a2663d338f31c2d5,0,normal,
92e15786c55040a1ac8a973588c014bb,0,normal,
df5708e6ae3f48808aa1be4811f28f97,0,normal,
de034a918f0e49dcac306b9e8bff8928,0,normal,
7e56170683614e628addbb1163acc7ae,0,normal,
ce6b36a1fb0f42d3994f34230eacd3c1,0,normal,
af6c1bf0687542ac8da9c2227eac8527,0,normal,
e7a760659f614a7ea0634d533a23b23b,0,normal,
b461585d2ca9443ab07e6c169adff7da,0,normal,
bb542ebf42664adb9d6bf5f5e4e3ea64,0,normal,
04c473efa3b84ddeb9140994313f67b2,0,normal,
df55e11c56384070836e928e0785a7ee,0,normal,
dd5049c9ff5740619584b4eebc0bab9c,0,normal,
ed2115926c914f878f1d93b06bc94097,0,normal,
5648a6108291494096579142794b9ec0,0,normal,
5dc5f838f8dd4e598c80ba08e13aba86,0,normal,
c4267c896ea44ac995731f2579127889,0,normal,
e81f1bba642d40ed99df8980dc056f96,0,normal,
35a5c3082e84457cb8770c916b3b6aa4,0,normal,
9e69db21fe6e4e7b977194f9e6de9af9,0,normal,
0cb379e3e0fa47f4869502bf01018589,0,normal,
495e07eec499424b995cf4770cde9073,0,normal,
dcc4d25ac10f427bbbf77c3854a4a69e,0,normal,
1737755d247a4f5c8e3fd24a6fb2b66d,0,normal,
5bc2f05d44954f52ab778b3308ca4038,0,normal,
b6e1948818104a87abdb798ff260fa34,0,normal,
a3951f627f9f43138203f4ef484f0c38,0,normal,
23bd5f03d88e4bcea60ab73025fcde31,0,normal,
7e6ab613c6b04780a3dcccf93ae3da46,0,normal,
7306ed43ecae46c38522080285f3867a,0,normal,
cb0ac9a12c004bbabe839e2e985709e5,0,normal,
832f452bac0f4a738cbdad00cbe7f1c1,0,normal,
5d2d6a6ed7364cf982f3011b694d4b71,0,normal,
40b468ab7b2845f29cc9c84c37757ed9,0,normal,
23b3a32fc20647598f8c58868be0be65,0,normal,
75fd1942cf74482fab4b1375b221903d,0,normal,
20d26e9bfdd2454c829ad748e74d760a,0,normal,
ca4b2055ddd3413aac46b996e71070ea,0,normal,
ac30d2f9a7d04dafb4d680562dbe2d53,0,normal,
19eac31be81743ae9851f7a0633e5824,0,normal,
3286497d2c0d4b1c9a7bf7e6a41bc4fc,0,normal,
6651e0b6cec24e5a804ef3b0d6c59547,0,normal,
fa5c9f0f380a4cf1ac45aabab3465da3,0,normal,
1c3b14c429654b1a9fa9b67c3f71ca67,0,normal,
76df0fa4cac645f2badaf7e1b12c6f06,0,normal,
f3977dd129ea4fcb93961984e954293c,0,normal,
52b86087ff5341ce8c1de5e951a71745,0,normal,
836bc2319cb344b9baa4fea09d7b83c9,0,normal,
73e26040bc1a44fd8410b7268fc4c699,0,normal,
c851a24f712b4e95bc0b8b80974686f1,0,normal,
490c61c162f547f1b57917386e2e45bc,0,normal,
57bf41337ffa4e018953965f93e68632,0,normal,
d80ccbc4a8b14b299d5c792bf34c26c8,0,normal,
97e854b3db3e47de90798b794aed14f3,0,normal,
7a5e5fa63e1243daa9428bbb4022d5a9,0,normal,
4d39ccb597e64f349324ed11fcf675b1,0,normal,
cabeefff44c54a028a0d753dcbc6d1b4,0,normal,
3487416307014996be3807fa92418973,0,normal,
714326f177ee43b4ba923447757ee787,0,normal,
a8e269c4496b41b88a76d9ae70e00042,0,normal,
f376eb3737684c3cb23e12f9ae13df55,0,normal,
bdbcea9287844003ba45538a9057741c,0,normal,
aba2275137d24fc28f5e67cef933b244,0,normal,
d38bc0e5c42e457c9eb9d6f76c89281b,0,normal,
f3754f41d0d24b729d23cbb1607a61bb,0,normal,
4313c4b0da134f1d9fffd9a455906bdf,0,normal,
a20bbf3e39e749e19cd7fe73a3274a9d,0,normal,
842b72ff029a482fb0490d1d2ba62c9e,0,normal,
e9740c56ac99444092d7728415bdf82a,0,normal,
8d11422914bc46a8aea7ab80f9ef66f5,0,normal,
39e72dc6bd4e422f99683049e7d0f499,0,normal,
7ba4cd36a1d649d590ceb12e281fcdf4,0,normal,
aed289659be84640bf0f0e6ea75b4698,0,normal,
c5b40ef1f09b440f8bd805f3cd004855,0,normal,
8279f8068d5b40289b7d6b58e17929aa,0,normal,
3cc93091dfc8447abb23b2c81f0433b4,0,normal,
33e4f5d4865840659771dc5e14616cd0,0,normal,
3fef8a83c81344bb8b3cce8c20806dca,0,normal,
efe929dc05e94e34909cb92c265133ee,0,normal,
2ab67db604cb49bf81bb08fbea716063,1,structuring,structuring_56
0f706682300a4c03baa8ab9d6282a6be,0,normal,
e36ec491d5f042f1914d996554ad9d55,0,normal,
ddb24e5369924aada75fa7267d8c3cd9,0,normal,
f4e41b519c594266b0900573acd7de61,0,normal,
aebb14dad079468ca48605459acc7b6d,0,normal,
f3c810f9f4f94ab89d815c63a6a7b756,0,normal,
ce9d3631cf4b4d1eb82eeb3284139b0d,0,normal,
fe1b4be9dbc440bcb24fba121218a9d3,0,normal,
859d9c01f76c4f469d0295ebd731b4d5,0,normal,
bd0955cf07254c1a959b8dc87bbdf81d,0,normal,
7e3009e916084495999aeaf6de4312a3,0,normal,
f67ca1e129c5495eae58f7a19cd31587,0,normal,
836dbbec2a81436284a1b196669e8415,0,normal,
6d272490d3864def869b995673dc9ada,0,normal,
ea9630bdd8244dbeb795731832934a33,0,normal,
1fbed2cf2296400d978b3b5620a7ac1b,0,normal,
a3bf46fcd8eb40ce84e7bbea2400a8c2,0,normal,
625d9612c8b8485d88059f1509c950e3,0,normal,
d53296b9155b4695836e5aa7e6932c7a,0,normal,
32e209ff6b544d8c8c0ffa8bad3fadde,0,normal,
cfa4b164b51343009b0f6051a0e7450c,0,normal,
425e3bf2d1424a15b0ee76d819b76d32,0,normal,
0b39cf645e5c47278650c78a4043d7f2,0,normal,
1b3eeadd348d4d8197d3f4f4763057eb,0,normal,
b1dd0c540e074694847136aa86268cea,0,normal,
2e048757425e480ebaf5f7d7d0b7c7a0,0,normal,
7d99b46ac37847afa9b820580e897e5c,0,normal,
dfb68ec80ef146e99517dcebccdf0de9,0,normal,
c073a417e8964847a0e79d86d50f7df6,0,normal,
8377316cc07e403586e8b4617f803301,0,normal,
6baffb2d1d724487a5f41093eb8e2f78,0,normal,
551f668c06df44e2b8b83548865cd7f0,0,normal,
9710266cb62d4248b26cd889bbaa83fc,0,normal,
c680759034f54598bf350887a0e60c1a,0,normal,
fde6489bc3cf4d8dad5b9af986647829,0,normal,
becfdfa1468b4101955fafc0dccd8e64,0,normal,
ec20b09de3314a45bb284f043c380be8,0,normal,
2bd85ad0de664849ab71c1c499356168,0,normal,
0a577df5b290478eacbf2de01d65733b,0,normal,
c860ce9e28a343f2a460ebc4f92bf2b5,0,normal,
221fa0883cd8460a92652878957061d1,0,normal,
1faaefc19b7d4f579dc3af725691647b,0,normal,
11d6b67ed4ab4fe5a82e85d552dd8bb7,0,normal,
373f390307934a4bbe6d704886e2fa74,0,normal,
2225383dbd1b41ddbe4c2c8b5e6d791c,0,normal,
983540729a3046f486efca94c15b3137,0,normal,
411523c8d93e41dbbe174bd4c2504107,0,normal,
0bd958ac039349db9df1246e4e44bacc,0,normal,
8cf9e352420d4b298ea0952605ea6d67,0,normal,
76ea606c191c4e9492190178ce6fc087,0,normal,
57227e00436a482ea2bde63f1f9c5bd0,0,normal,
2bff542d4e51418d8d655f15ed669223,0,normal,
dc7af993268f4ff196b2f70faa0b4032,0,normal,
c73fe79c06a345bda08d0aa2994506c8,0,normal,
9d525ad56b034d61981a33d69e4bc3f9,0,normal,
19037505de78460eba046a07c0e9edd5,0,normal,
b598b86a1f8442889691f212c98b04c9,0,normal,
194ed327b8b64e778130f401a784352b,0,normal,
de874453a81044af815b7192f4b73a4a,0,normal,
e844b6c79dfa4f2492aaafb2b4567048,0,normal,
ce2c3a048e8f4cd79a6706c7dd48ec40,0,normal,
1b1c49e0d1424d8ab59dc3f5082f7f00,0,normal,
29aceb1e75f84fb5b183e74bd9f31d2e,0,normal,
3eb7d93e501443ff9b5753d73bc1e28b,0,normal,
e00de9add69f4fb9b47e34b3e20c9d0d,0,normal,
81e44319053d4fce9a9fff8793758f95,0,normal,
16735e1ae4954ae4a6f02abfdef5134a,0,normal,
f7f827e0ddf04c448d37a0b5bd02a785,0,normal,
b6ac901b320f4edf8f03e6525def9917,0,normal,
dc8b2d4519cb472d8e3a039e6e3b170b,0,normal,
d3eb4b60f2b548cd9ee4e0e28cad7283,0,normal,
bbcab460c4c5447aa39704c8654f11cc,0,normal,
68a6e3ab67954407ae544770e73c0115,0,normal,
edae3e338bc147c898e7c36418ddcdd1,0,normal,
72bb665c83e14f3ca134cf1051614b2f,0,normal,
4cfc00b5d3494bd4a535d114107ed796,0,normal,
658dfcbd6323475688ee6348406a644d,0,normal,
739a78e1360244478be6d0eba7f788f1,0,normal,
3036cb943eaf4b828a6d3a4b0a52f9f6,0,normal,
c2d67e79f8b54ac7a47b88bbd011333d,0,normal,
a48c4262d6964ac9bb922e29d7bc0ef9,0,normal,
28fe4028960f40869df51471e96abb8d,0,normal,
71cc6ba5d19a4ac985862c7253e3cfbf,0,normal,
36a5c75d9e394853b1e07356936717bd,0,normal,
a0feb825419c46268e71ba506d6cd182,0,normal,
8cd7082807ec40549cf790754c39c168,0,normal,
746fea5adf0e418b8107f8c43bbc79c3,0,normal,
6001ead474564fbab675511808c7afd1,0,normal,
9521110a99eb48c5a8637e5760d8a126,0,normal,
1a0516c257bc49f3a97f1e01ad148728,0,normal,
6a5f6b4e21ce47af843adc9f4ba9bdf4,0,normal,
f79ebdafca0b4ad6bd8cf7fabc2172f3,0,normal,
9d52dcd4c690417596d1f0ba5227c88c,0,normal,
18a0adeb05d741ba947d7e078937c23c,0,normal,
faed6f05025a4cdfb8f486adb778a529,0,normal,
1d4f539620594604ba3243e4326a89f9,0,normal,
5313f92b46ed4b839960c999a1ba4d73,0,normal,
a16460aae41a40dfaeffa758315a1eaf,0,normal,
0c25e3bbc7ff45e2b2b60b22ccab1999,0,normal,
22428a4e62104adbb92579a77e06c347,0,normal,
a3944112e62040f991c8dc9e06cc5b87,0,normal,
0243833716c34467b97689ebae002262,0,normal,
d9664595cce34c38923c7d672e58ab99,0,normal,
cb320d66fe9f4d34abbad3ef0a605d9c,0,normal,
d48f9d8946c346b3a4f105acc832ad59,0,normal,
9687c5cd8dc84c9192ad03b7ccd9ad4d,0,normal,
73fbd3ec93824634b2e1d68f8c0cbfcd,0,normal,
ff989a45d1a945fd8b94220eb92ab112,0,normal,
972e5435808e437583dc9c425f11ed7f,0,normal,
95e76c710c67416b829d87240806a733,0,normal,
5db03d41f0e049a8bf5af57986f3c5c4,0,normal,
0bbc20a873834fbd86d8e17db9f17d99,0,normal,
d92c920adfa34f9c8be84692f71457d5,0,normal,
a456b53c7a4347f6b43e9ec3655967ae,0,normal,
b9b4e4aa7ac8497abdd898d580500943,0,normal,
0faf193929a745e0adc30efd1053fa06,0,normal,
5982f779d797459a8e43ca204a24ed1b,0,normal,
a774efc2ca104904a84f7561007f6ddb,0,normal,
932c985d28064ef6b88a5167eb4b6bb6,0,normal,
6067735aa9fa4bb7bae867411bc37e21,0,normal,
4e0824333dd74a7ab3938f59f49fd8a6,0,normal,
4d0b3cba521b4177ae15d59f8d633471,0,normal,
90d2863b96fa4e5683da22a11837af19,0,normal,
bf7f4a2d91f04c31a9d8b00e090ef74d,0,normal,
0c261c13a5c548b69ab18859705bc73c,0,normal,
40813bb66c004c69a80fb3b158d48da1,0,normal,
ecf713567fb64b90a6409a9eda568238,0,normal,
1a41bc11c0b84b0b8dac1a9393b97045,0,normal,
4f7e89f9a6b34b2a8b88d9cfb0322595,0,normal,
a1b73887b14f4b36b7bea0727f65d093,0,normal,
35bfaeaceb0f45d086625fd2825f893b,0,normal,
73154c14975345758d25b23f8da29314,0,normal,
bb8cb30157ca49c6821438d4776ec562,0,normal,
fa4a55626286434fb977b2a7dbc10914,0,normal,
9d68ef7d50c5484a8ea0fa3afea7a485,0,normal,
28378c53db9f4493974043e355de2340,0,normal,
bbaf2018a2e94f12a5faca95f7267a2e,1,structuring,structuring_56
bd34858749c24ee28260d0785c374271,0,normal,
27daf64a839643dfa5d1d1ed0faa2575,0,normal,
4e7cdb41090946d09308e0fe4c4d436d,0,normal,
cca9c08ae3664f0fb36f8682ebb839a7,0,normal,
18491dff5ba547f4a2f74e60ec3d6c83,0,normal,
c805699524354f78a173bdd8d4f5d529,0,normal,
4ad96b9de8314c3bb1588c132db7b2b4,0,normal,
15c9bcda6eba4e14b5e655b1c4a7831d,0,normal,
d853da046f9d45a3809eaa28fa221086,0,normal,
4b4a016c16e64a1a8ce33723e2df767a,0,normal,
f32c26f8215c436f923651e4de83f907,0,normal,
dcd2792e4e044a3281376a20c83948fe,0,normal,
414bb93b4e444475b4a2831c284fcf87,0,normal,
7bfe3a5f101d47a3a2bea111a019eb80,0,normal,
def1155d8081427fa0bedd17c14ffbe5,0,normal,
859514d4160c4049862846d5405a837d,0,normal,
7132895d353440328a3da6300dbceea9,0,normal,
c90d49734959449c90bc82bc1389239c,0,normal,
c3bed7bf47b54de99277a972f2ab341c,0,normal,
9735b177235f4a1197b62381a98e0f77,0,normal,
a83fda5368484c5b81b00dcc02a068dc,0,normal,
7619bab55092437eb51d00a76d8f0f41,0,normal,
54628f4fd617466ea8151cc229613908,0,normal,
16fd11eebd304d449cfcd257cceff749,0,normal,
fb1be70a0ef0465884bc2198a04c7d87,0,normal,
209a562bdc18431cafc6953e3b777d39,0,normal,
a838cffdbdf44a1c9b8ad0494018ba1b,0,normal,
01c016e9815f4135a21038ac8fe1352a,0,normal,
add0907e5ff3489f95bded65f0a1aa87,0,normal,
8d4a841cb3154482a4b7d69e55537036,0,normal,
7520e5bb9ac842d6bd46aa4915d44535,0,normal,
636fac7621134578b49ae2e87e76c770,0,normal,
8b22982205fd4a48ae8632539bd90ae7,0,normal,
467f410b0bb14c1693a712a37c46c7a3,0,normal,
a6af3ce7978141408a236aeb8e06d847,0,normal,
723d4d635d9d4506b56b9b47d6aacae6,0,normal,
36fd25a7d165489f8bcb0d593754e2bf,0,normal,
60c3c4430bb74dc2977f17e446fcec38,0,normal,
3b2d6738d04840efb402d4d41d3ad9a3,0,normal,
5c28c1e1dc65424a908183f0ecfb4ca3,0,normal,
1c3e5c469baf4b37827700a80ee18f8b,0,normal,
b699b24c086d497bb0998b6d64549481,0,normal,
11f16e15417e4a7eaf3124fe65434f24,0,normal,
b53df9633cae4ba589090cf888767680,0,normal,
dbae666e98ac4be6992ba599ab59a39d,0,normal,
4c3ab80a1bd64454b9fe7dfc68d54789,0,normal,
a104f57b452c4292b240181f8a403100,0,normal,
e4529396fe6b47f285623beb740ede51,0,normal,
9cb57766fe8e42ee9247e45ce61dd141,0,normal,
87460cc7429b41bd86d17564640c9cef,0,normal,
0f122a11868b4fec8e84e2636a6c2a0e,0,normal,
8b4f4cebac744b38a5e2ea29eea56209,0,normal,
1eb1ac6eebdd44de9a389a641cc47db0,0,normal,
17e11694a3854e4b8bcf0742a21c03d1,0,normal,
26fe12f62caa4339a6f3be29347bdbb0,0,normal,
1f2508a2804b45cb8a72f2e8273cc4f5,0,normal,
76616a76b13247d5a5462aaa2cf6675d,0,normal,
d1b62e29d07e486095eecf9727093bd3,0,normal,
35c701270cab4845a67f8c66166913c7,0,normal,
e04b7e7c4be64916975a96c3e3945512,0,normal,
24de3d15ac1d40c19c9c9e9bcfe0d801,0,normal,
f17204d350ac4c20a563ea2f36d05748,0,normal,
f2387298d6334e5bae9fe1995a279921,0,normal,
3c544111f12e4888a61d82c83e930de8,0,normal,
29f5231fbfbd4d5bbbb6f6ef6b49972c,0,normal,
9492b1f281fc4c3f90802fbca8703e89,0,normal,
05424be44dce40c5898a033e182a5717,0,normal,
555aca59607b4a39a0a60a3403fe7b09,0,normal,
4b2d259333c04610a6e9ce6375658f6f,0,normal,
36b09daddf57439dbcc096e3463c624a,0,normal,
78f28893b820474e97d9f850d3049d0d,0,normal,
1c887594730c417194641e5fc9c6f84e,0,normal,
ffb75f70d80c454098da6dabcf8493aa,0,normal,
4513c3e41e0b43d3ab17e516af955e96,0,normal,
cfaf3007bbd54c00a182a5114b2352bf,0,normal,
c73435dcffe44878a756761a564801bd,0,normal,
db09e63f35434613b72899515b74a608,0,normal,
19d5e69294bc41379cedf250233e18eb,0,normal,
b6dc99ea388e42858d16a6952ae87996,0,normal,
4dee557391c34a399878047cdafb2b18,0,normal,
06fc1769eaa245b5858c9776f6fbadc6,0,normal,
310a02268c1144babfab8f7eb0b2083d,0,normal,
b633c4c3de844efbb74290d43950cf0c,0,normal,
6c46142de7d24856aaddc8601cef8cc3,0,normal,
8b09b302c9dd4bcfbdb39a6da693547f,0,normal,
c088ecc175454c8297c34cad5d43798b,0,normal,
904820c6cb2d4ff6b15746c27ba9f890,0,normal,
36e488dc2ad2481987b2e6dc540ee13b,0,normal,
4a62d82ee8034c8185893f6a49f45b5e,0,normal,
3ccde283f25243d9a1bccfab65e4df9b,0,normal,
0440d5e731784cf2bd1b4e9bfdb60bf0,0,normal,
78f680608c46416d91ecfb99156752ff,0,normal,
ca20b918ba614016a439b4b83196f75b,0,normal,
21ceb6f057cd4d1299d461b727fb2d29,0,normal,
dca9a2c10da34c75a124e1027d159ae2,0,normal,
d5d660e8b55245f6b93febc4dbe332a1,0,normal,
4d4fbfdb2cf84b1c906545ea15910714,0,normal,
6c1ae6f3b31546afaeca585a613adfa4,0,normal,
016fda1aed14479aba9a6bba357a1860,0,normal,
a35e5700dd02477c99924a7b6131929d,0,normal,
183e2a4b3b6941cd814da787b5008065,0,normal,
102bae2c85674869a80c10e74f8db779,0,normal,
8c809be2891f4a31a6d18c8d924a3d5e,0,normal,
795596bb9fcc4a6abd89a7b01bc8cbf6,0,normal,
851c6e94f51f494abc0444d6f34cbe5d,0,normal,
719f42de092b400bba0add133ab1b990,0,normal,
59067f8ee8424ecd860e09c063ab2d9b,0,normal,
82a5dc1ff50d407fb10049c0199ffbac,0,normal,
caffa45c5ff24b6aa92c54198e8bb806,0,normal,
0c6db45769174b8b9e49d55eff6d0f65,0,normal,
e0738c1e189a47dc8caeafe5aa3312c9,0,normal,
d73640ba2f9340d0a788921752fffaed,0,normal,
0d07162603704325918f9f95733b1751,0,normal,
09653626a9744524a6e92fcc3da71060,0,normal,
557f309da90141b8af754457b0596ce9,0,normal,
4d8122d74db04684b5dd311e1e63cfd8,0,normal,
6805a38600b94e3f9e252a94813245c8,0,normal,
b9f792a28f4043e1a5f74a6f48a1a3de,0,normal,
4989cd70572b4102849f74bb28178c36,0,normal,
b179f62f134b4ef6bed0cf4b06b3118f,0,normal,
7ca9bfd200fa4587a1344b442e5d01b1,0,normal,
a73f54718f6047ea933c50a04eaacbdc,0,normal,
74589dec56ed41ec8540340e6020d166,0,normal,
3c69da00c18242bd92703870c6a0578f,0,normal,
a71165538fb944c28b84a8f6e1899633,0,normal,
1117134958fc44588ad20591de90b49f,0,normal,
d003d3f7faa34b2b968aab5162264112,0,normal,
f0caf4e6744540218d586a6751b83955,0,normal,
9b304cdcdbed439c8018fe305adc1f14,0,normal,
ef0dc13329cb48e5a6b0d620ae971968,0,normal,
5a659c3d9a574d55aa8c7a0bba58d394,0,normal,
4f3c20ae8b0644529f9e20a63a683890,0,normal,
f3a8c526041a4da998f7875a8458cdc0,0,normal,
e03824ae4dca48808dc6f62f12958d07,0,normal,
9dcf4f50510c4885be087c814df020f4,0,normal,
98ac7cb1ca2941eb97ae99bdd737b026,0,normal,
4fbdd4a6ee524577a247c50cf29d8559,0,normal,
74733ad5504d47a6a1a9e5feea55e7d7,0,normal,
ad0cbc4285de4417bfc17fb3046cd417,0,normal,
8ee6fbeae2ef47abbdb93b5fcde0e3b5,0,normal,
3ecd93b7ea9046dca410d7e9be0ce09d,1,structuring,structuring_56
7761a1aec61b4987b8e2293a5aac4c09,0,normal,
08557d627b1549bcacdbff9c96c16a2b,0,normal,
d951f5fa79674811a7126109e61c4b32,0,normal,
3968cbedd89a4fa2a3073f2e04562c06,0,normal,
6ba76c78a0fa4b0da4aca34234b8481a,0,normal,
b41cea2ab4324e3288754bc62bea6d7d,0,normal,
036f2c59b6ba4dda9317600342c098ab,0,normal,
f3dd58b3d455449d8620c33680d471ff,0,normal,
4961cf884d644f8eae025a451152fa09,0,normal,
29d5cd8b073c4b4f9167f7304c9d1b37,0,normal,
073fc64626794c14b5986aec4cad2da1,0,normal,
d2e885e3d5434664bfea2992a0c9a15e,0,normal,
7dbd1434563d4ede9d343f24e99b8dff,0,normal,
9e2cc9cfd4e14e41be11ee56286296d4,0,normal,
d0b141f4c9b540ae823c43533787df1d,0,normal,
238750f51d9647d1b2aaefd4d252cec3,0,normal,
c90ffcde778c4f4bb3a9c26b5ae30011,0,normal,
330689ce91704b2d8d1fd5a50576f080,0,normal,
2275d5915637482b87d6e024c9b02ec3,0,normal,
6f87f9f7d13440e4ae4c32e40f5ca549,0,normal,
50225cc37a6247b6ab20ab28ef32297a,0,normal,
f3a32741a4614a23b299137f77f80e40,0,normal,
d0e8fdd1550c486ba6598b7405030490,0,normal,
e0360ee00ca346cb8df7155397351cf4,0,normal,
2f5c5c2ac09b43538682246201644a6a,0,normal,
20234bbf18de4849ba471f59f7d5beeb,0,normal,
48aca68e4521491cbe3ee342daa66ef1,0,normal,
93efca7efdae4a1fb48b78d0caeaa400,0,normal,
c1ec742724ed498eb8431d87d27ea4a8,0,normal,
d943669903084cafa8d615075ae0d78d,0,normal,
8ab14ba7c1b34172af233504fa0f63a0,0,normal,
49ebb9a1fe0b4c0cb626184eedcedc11,0,normal,
45d5c41ad64d4099ae0527511d44dd86,0,normal,
1820b0447e224293928dad4d3872901a,0,normal,
1cb11a15ca0749fb9989bb803fc9a471,0,normal,
7c24ded859b54538a858afb0db17df99,0,normal,
9d0b2ee801b94ae6acda73281371b578,0,normal,
202d73642d2d4d8e99dbd93e1610ba19,0,normal,
9ba5d0a63ebd47b59ae1de037db58293,0,normal,
7c661997c1b443e6ac3e3e77eb4305b9,0,normal,
9533ff2813764c3480aff32baa0df3f7,0,normal,
9a77132b06c64c74947c8519e1a95ec2,0,normal,
a15d303b9b4f4a8e9f46ce8acea6a2cb,0,normal,
06047b6ad575405c8586c12438f0292c,0,normal,
00ec330c4e0a4518a11a041291789440,0,normal,
aa0ce44885684719a47d97524ffafdf5,0,normal,
c2fe180e64e24cb8afe72c61fb07490e,0,normal,
568ce5730818424b84a9d7ef37858170,0,normal,
c6171f23fd624b79b67ca9e70c309f63,0,normal,
2f2662640f054b1eb2274d17adccd3f6,0,normal,
ec1e05ee59c44dbbb1b62e613c175fc4,1,ip_hopping,iphop_451
4d6bf91a29954d88b7a563871e048606,1,ip_hopping,iphop_451
6854d904ebb64a3589c88b2d188788b3,1,ip_hopping,iphop_451
99e74f6caf9842b7b95c631318201662,0,normal,
1b9e88f54168491a8905acc029ff5eb9,0,normal,
1d7248cc8e75404c901b2685029f08ff,1,ip_hopping,iphop_451
9e4c89d08ce24cccbc0a4e4f3384ba7e,1,ip_hopping,iphop_451
191fe4bff0a74978aca5e7f8b6fbf8b1,1,ip_hopping,iphop_451
61adc1173e28496dad13153a3491bf76,1,ip_hopping,iphop_451
752292506fff45c685f53ffa47f5c096,1,ip_hopping,iphop_451
c76e3ec6c1f1434fabf5a82fc355cd7d,1,ip_hopping,iphop_451
64ea80c87f8145438fb088b0c014752b,0,normal,
e146469b76664b1ebe78b3024094271c,1,ip_hopping,iphop_451
89df245374cd480292742b4d130560de,1,ip_hopping,iphop_451
24c2822d455041758500627c7d3fc61d,0,normal,
3c4a9f37f6bb48449fadede5ed901ae7,1,ip_hopping,iphop_451
1dbf8e3643d447e0bd81d36d1d14ff19,1,ip_hopping,iphop_451
2c789499307b41778f83429b927544ce,0,normal,
2d819c681fea4fdc880ca2ee3b0e0f68,1,ip_hopping,iphop_451
98f6c21647324efab49bc8431ea51d3c,0,normal,
22b6dff8f1544863bf553231cdd737ed,0,normal,
968abdecc8cc4bda83fcb2d1816676f9,1,ip_hopping,iphop_451
f1085e2096fb4172a7d3070b069fdfb4,0,normal,
dd6ee2aad9194911b3194725c6c8ffaf,0,normal,
a8e153024fb746ae8854961d8a724571,0,normal,
85acc0650adf4a8d90b8d376e917a63f,0,normal,
c592cf69d59748eaad8aff361f1b8ec4,0,normal,
02085a0db2444475b4fad4e96a7ead2c,0,normal,
51f213f3fdbe4384b26efcb7c410a112,0,normal,
724742ff40434cb58cd76aead5fd231c,0,normal,
4690c7d6c84b44d3b729c06b77b6a834,0,normal,
26d9cd2f10294b0688fd2487488d031d,0,normal,
bf5dad735e2b4556915919aca9ceff9c,0,normal,
4ffc1fc9ef6741c19387293af5cc17e7,0,normal,
3225a896ec0e43dba5ffeaf0c7720710,0,normal,
dab59031f8c74df0a2fae9f64c5cd5ce,0,normal,
52b8d9719d674965bcefecbef3b1636c,0,normal,
d4e992f04472465c93e77fcf7a374bad,0,normal,
2c1c5a8d4b204850829018c297b67cf7,0,normal,
94b65a6606da4d0c9bb5e734df96a5be,0,normal,
6c156e3a46b346648d68b2436d104c96,0,normal,
d1a9b1a2ac8840e09bea58ad457fa295,0,normal,
eb7fdf93df814bffbdbccdaaaa7439bd,0,normal,
549da6400b964abfbfac9a20c5c49f10,0,normal,
b9e6cc8eccfa4ce58ec176b40af2ab6e,0,normal,
f358f4b936a0486997179270e0c3bdec,0,normal,
04a316a098584bb4aeda81444d38a490,0,normal,
74186e29f9304bde9c5b891a420b9bc8,0,normal,
c7abf0998f2e407f8410653dc78a973d,0,normal,
f64108f661ec404f9dd940e637426803,0,normal,
1e10ed2f03994975ad872c33f7dd4245,0,normal,
aff74862c2d5402a8d4a2bfedeb4a5f9,0,normal,
0b99dca76d414dcb8edfbe120a727fa3,0,normal,
faf4ae664668402ba46c68bd4d8b511e,0,normal,
2fa561ab51bb4c6bb264d2e6bce1a52a,0,normal,
b703f88acf8541479972c79596f43390,0,normal,
10b7d8bcf0464b649eeafcbdc95049f1,0,normal,
6a2ec6542a9d43f3a04076e1b63b0dcc,0,normal,
cec26075a4294ead94fc55c7f71ab501,0,normal,
9db8481886c7407081afb02a14b9ff92,0,normal,
a93b7a918b1d42c0b590835a94813c54,0,normal,
04186f49ddf44ae0a9ca3dd1d08b0074,0,normal,
bc439b0b7b6f4b7f8e3ffc58112a2c1c,0,normal,
77356a6a9ad54bc48a911efd6b28d37b,0,normal,
a3a6b6edd70940ccbc365c8a2307a9a1,0,normal,
dd8aef25d6a741be9c0f943acf9adc0c,0,normal,
9f5a1e7dd554402b86c7ad264892b7ac,0,normal,
7ba9b07c89824862a7587dfa566b7542,0,normal,
6ca45ad979c64b589abbe1b36e655386,0,normal,
b4746d74e32144afa0a5603913810db0,0,normal,
1b9c0efb31c64667bdb307958512e2d7,0,normal,
820d8862ec3d46f09508c38f3d394922,0,normal,
94697fb743dc425c9689f68de2589575,0,normal,
234762fc039549128d4f8e69117d5b5f,0,normal,
a52fedeb98cd4dcc8c6a5ee8d5d29fed,0,normal,
2dfec40e53c646c3ac1991babd89f135,0,normal,
60500a0cdc3e416f9674805adfa6a185,0,normal,
d32256354c2e45b3baaf48a050927859,0,normal,
48939dfd169c46d49afc962e6142da4d,0,normal,
62ef947cd6864f69a4bdff5f27a1ce2b,0,normal,
6b1ce3a2527745b0b3b788142ea61db4,0,normal,
c8830d48eacf49558110b4db39eb5fd3,0,normal,
85c9acbb779f4d3da19455418e796552,0,normal,
0e1959519b0e4a46a5cf792c5e245148,0,normal,
6994889b22124cc5b3ef75287046db13,0,normal,
550db358d97a4419b48ab4ef088da6b1,0,normal,
9591787374ac4023a392040d3629c3e3,0,normal,
a1b2a557321847829074b4d94ad4812f,0,normal,
b71060ad05b644c6bf34a4e81872bed4,0,normal,
180eaca04b9c4cf7816165ff492750a2,0,normal,
ba8544d9ea564abaa5cc6766fa900ac6,0,normal,
3c48b65c00dc4e1fb469f09e458c935b,0,normal,
270eb02625694b5aa8ff7763c87c9792,0,normal,
95769deb094245309428a2a39f61bf7c,0,normal,
4f162392ea47425a802663249071a8c3,0,normal,
65f454fff1744342877d9e2e8bf64d6c,0,normal,
6ac3efcf5ac44f0faf200c2e70181c84,0,normal,
62ce08c1f3174614a3205ae89cdcf5df,0,normal,
5f97db0610034b64a53fa10b3b16b81c,0,normal,
445173e81a24453a9d76bb6b66083819,0,normal,
9ce06645797d4250894d68111485ef3d,0,normal,
ce387b046b8c4db99917429c6e548d61,0,normal,
9b35c52439df4c1a94a437c67142388b,0,normal,
192cf21bc826476f89294237e66df028,0,normal,
f9f94498c09a41178ad98a8204a7355b,0,normal,
a54d74d4131942eda6589ecf9b68539d,0,normal,
179a2382041c4bf2ade7c222f2b79e93,0,normal,
fae897e485d64edea4472f485361b2bc,0,normal,
2a361e9b782e4c9481f89d46c2d9eeb7,0,normal,
150c333ef9b84d44bca7ddd0421e5032,0,normal,
01702c05af5043f49b75a51330caca10,1,structuring,structuring_56
a56da4f59a25499cae6caa30d1ba7716,0,normal,
372c5ee47b234e82a53cc63ed20208df,0,normal,
fc181d05e46c40fea16b7dc491e350aa,0,normal,
42fa8d81730c46b38c48c1501a4f2322,0,normal,
ed1a95d63d354b07bd30ab8c11fa5912,0,normal,
13164326908745df8ea8374b3af4c0b4,0,normal,
a465e69abb284cabb7849d873a56ac76,0,normal,
44f15946c5d9494daec9428f9df0aebf,0,normal,
8431799bf1bf4ad9ac489a866dc0bd24,0,normal,
6be72e223bbe40919fe066aa17ec100c,0,normal,
206deee358a84c08ae6da297c7880b67,0,normal,
f6a5e71a012044658b0314d4062cd251,0,normal,
650d38cecc9d4751a8fae8960804295d,0,normal,
7e900ee963e64a5681fdcec1c4ef5648,0,normal,
da352f54f3c84db880685d78e161e26c,0,normal,
55f64525f07d4f7cb7ac54510fae8c58,0,normal,
33bbbcf4eb374f4794f41026f1842984,0,normal,
89edf49c5c384f3fb6bb0d3d5b5079b6,0,normal,
d313bf34c9ce4008b2c55ace74b4cc75,0,normal,
158cfedfc2fa4fd5aadf6bdeb89ccf52,0,normal,
3aca20f2d1574d5aa42dec02ec0f396d,0,normal,
6f90fe22bd1443b388d3d1a94c7e9e92,1,structuring,structuring_56
e8721bc0395f48d28086f1e53568f1ec,0,normal,
63a15fa7f6d146f5ad8b895e1b89b52a,0,normal,
3f43153255374a8c86120570529d9ece,0,normal,
71992fbcc9d44d649b47f229da936816,0,normal,
6dfdcc6f56bf4377a3cd722a5c239259,0,normal,
41a093b542f64fd3a35dc5615f8e284d,0,normal,
8a478aad5d8444b29f970140bee4bc42,0,normal,
11096df396e3499b9843afa2d0939256,0,normal,
30602f9055fc46b6b213b79c132bbb29,0,normal,
c9791e0ec5ae4ee0a60c248c51f01434,0,normal,
1b1a44e160e64668ad2b1e5141eec7c6,0,normal,
c491e8519da94c08aaaa47585f96c2a1,0,normal,
d0a951f344884f40a40449b1cd2e4299,0,normal,
80c0349285f944ffbd45bc8396a7a0d4,0,normal,
8bea7ddf883e42b0a240330c8d39522a,0,normal,
cede0022fcda4c658243e4a353e00c53,0,normal,
b168ccba487f4fe1be9085c298c98a00,0,normal,
7d82c56f05c7430eaa8d88e8920b952d,0,normal,
18bb775f0680458e9b33ec6c5f1f1896,0,normal,
d9d38ccf34ed4b2497a0f124da725b34,0,normal,
7600a6695479491cb1f7c97f560e277d,0,normal,
5d6e0011b51a48f6a391be20b7e61444,0,normal,
6bf4970e0d294574aab0e6bd7ccc01fa,0,normal,
43b2d0ec68e24835bcd9cd75117f2379,0,normal,
d8a4636ac00e4a46b4a421d65efe0e3c,0,normal,
b7d66d56e508425da2910f7f2eb9f978,0,normal,
be9fe578adc54f9e87348e0fa978a70f,0,normal,
ee301e41eccf413884a5543f6fb28d42,0,normal,
e89d2946835844e88c3c6a431ec54c6c,0,normal,
78f00c19b8974e6d92039e653f9fd9a6,0,normal,
e581c530daf4413bb89b81077278640d,0,normal,
d1bded71dcd448949a6fc5aa1ac4cbd6,0,normal,
5d4f534e36f5438fa073de90653af67b,0,normal,
14873582dcb940348e9adea8e63e8dde,0,normal,
9ba239c6f6024ccbbf3f774a816af1a8,0,normal,
e163e2c74c40433bbfa513d5424f8b68,0,normal,
51cb57a62cfb4480be007c636f67b27c,0,normal,
fbe8346cc61e47909f1e11a83dafb745,0,normal,
edb20fcc36a04e53a8f61d861da0682d,0,normal,
591ec0a17e9a48f9bfae183313c6228d,0,normal,
34f569ea071f44ba80f81df1800772e8,0,normal,
f308526b46a84e84856cddcc7fa8891e,0,normal,
f485e666a76f4c65aa7d561b40f1fc55,0,normal,
cf7ab18aa878498294ebe35ea5b99d3c,0,normal,
299f1d7f062c49ce8e6e2e70e47c99dd,1,structuring,structuring_56
5f4c949ea605443b87846eda11feb0d1,0,normal,
2a451e152999431888b0aab736a375d4,0,normal,
b505118a35c64f198d4f272954887be5,0,normal,
7c9acdbbbb2c44cfba3f6fddb53b82eb,0,normal,
af07113bb4c84b51acd3e873a5b9a1db,0,normal,
ef5524b78cb048b59ba737417755cbb1,0,normal,
b12b6dce3d514315a9099b99c44ffd8b,0,normal,
44c5b9c0634d4114af81108b4acb2c2f,0,normal,
1ad78bbe3b484e57a1e54646eb705546,0,normal,
9016fdfad6764831b230b79cc2fa9319,0,normal,
047b5ee4bfe64ca7a3d0f486c75b06a7,0,normal,
5767484a57354834a2fa622cd0aa620c,0,normal,
4d514b61f5684315aad926b4877fa7dd,0,normal,
fce069a94b8a49adbad3a3271b1d5102,0,normal,
d83fbd414f7644d78f04e4e2015a39ff,0,normal,
30f493ad0f9b45fe84366e75ee3af0de,0,normal,
b92946070151402a88272dc1eda271ba,0,normal,
6793cbf8c07949eebaa0791444d72743,0,normal,
d0006dab483446df85511d8ee52a8456,0,normal,
15ae7b54ea064d9ebd45c8564c92aff7,0,normal,
fb959242b5db42a0837abb11aa38c9f5,0,normal,
e132113c9ae549ba878be5b5188365cc,0,normal,
e4044557d6d842c788d294ab54367713,0,normal,
75b26fbfbb614e2c86c455d8065401e4,0,normal,
b564d9e54b774081b4b26ec3c3f1808d,0,normal,
1ffb3b2238654f05956e1bf9f299b2c3,0,normal,
df2c9e7baaa142098951f095d43fdb5a,0,normal,
3529efb327824121829b6a40b65a8109,0,normal,
a5edcfc830374a1d833f0624e1febdc2,0,normal,
4d86233dc8f2427aa84c0f653c12edfa,0,normal,
50c30df4d1274f0691a96e55d82e1c44,0,normal,
805d76210fcf4f02813df715ec87ebd9,0,normal,
a6ab7eeb63e94def9a8c410af67541f4,0,normal,
fc5676ca2dc547d8a1d2006d30dc5c76,0,normal,
d0f5319901f64700bc0258830907aac9,0,normal,
6cac869c88b6484a8ee0100dab5ef205,0,normal,
4d233490a79b4c65936e0a334fd44aa5,0,normal,
bb925fe5d0ca4024b0407dba8fedbc23,0,normal,
19de90106e1c4825b5254e6b2210a94f,0,normal,
97dcd3461d314cbcba8b16c4c53a879b,0,normal,
6b19d91fc4f94689abc288e9808fca22,0,normal,
078a863c74d64426abbdb775e96efb56,1,ip_hopping,iphop_592
5ffdb5444129472da291a3da5e6e2421,1,ip_hopping,iphop_592
9b7d291144004b828b2c52f63b74a455,0,normal,
9154639a7707492080ba90443adc57dc,0,normal,
f6b17a4933714eb0b6dab3fb1f1c935e,1,ip_hopping,iphop_592
3d25078bf02a4ff0a3d8cc7daac1919b,1,ip_hopping,iphop_592
39e36d84610a46e58783141b9a29c9b7,1,ip_hopping,iphop_592
fc81638c920f4e70aebe155d356a9faa,0,normal,
d3c80c8927ab44dbb66a81ce7a4869cc,1,ip_hopping,iphop_592
295f962ba2ff49f6b1f07801fadfd871,0,normal,
cdb5388da341493da56c582e114bc58e,0,normal,
af0577f929d64644893f23020bcd4efc,1,ip_hopping,iphop_592
1a3422349dba40e19a615a3e5eb3b175,1,ip_hopping,iphop_592
210d62ce22024768ae4da68acb40c9b8,0,normal,
8a0f016462254fcd8ff275730ce0f1be,0,normal,
75e04e20b6a841c2bec69307f5a61ab8,0,normal,
53bd28635fe54a8a83a0bbeef5cbf461,1,ip_hopping,iphop_592
fb598fbcc9204fa3ba8b87a9a05411ca,0,normal,
36869faf3dc247ff9fa8e3944d7d230c,0,normal,
179526146af648508c7f600bc696db3f,1,ip_hopping,iphop_592
8a68c63064154f6988a0500fc1677fa4,0,normal,
2dd2f8044bed4aacb90beafe0f3d1d44,0,normal,
91ce99e33f264455b3d190a1e013cce8,0,normal,
d4effab60db048fc81cae37f4adeee0f,1,ip_hopping,iphop_592
ac8c34cef4ff46c4b1da982b356a50a1,1,ip_hopping,iphop_592
f7adb94700b745aa91e8bcf114803186,0,normal,
c37b32fc7b22460380955eae65466a9d,1,structuring,structuring_56
68f779c1566d46678797bb2585df7291,0,normal,
65f302003888449ea862b0946ccf329e,0,normal,
3dd3e9bf382a4235a256c5fd57bb2abe,1,ip_hopping,iphop_592
84a6d144b5a4401fb572108571eb2ade,1,ip_hopping,iphop_592
4d19cfef17d942a2bb7351c78eafa089,1,ip_hopping,iphop_592
3e378ee1a5044ad8a6d725540f7c126f,0,normal,
1b8e4667c7fe4667a142152bc8e479a9,0,normal,
b64dbb5c80284dd8a9ba44b23bdded2e,0,normal,
fd027598cec543b5be6ba5e6d1471cf7,0,normal,
0bde9140605049a68b62a7c3eae1389b,0,normal,
249a73c5ae664512b0f5e2ac30e3c26f,0,normal,
6f1cdfc23ad646d7ac7fbeba1cddaffa,0,normal,
078997dc1b7a4e61a7e61eaf4b873cce,0,normal,
1a3dc35e7797432398cb9f3cc5d5aa86,0,normal,
09d0d0caa5344335af845a4ced9c8619,0,normal,
8b84e336742d4d59b8413ac3835e065e,0,normal,
7ecf0a480f3f468bb72b366c73ac4acb,0,normal,
34ad10b6c20a456babe80eee763f9335,0,normal,
bb843f63521b49cd92a43b64fba1d3d4,0,normal,
a3c9cf2edd32478781f29b0581502e1e,0,normal,
1c10d36fe11a4c73a0bbd102bc3bba4d,0,normal,
a23b1ca58bbc489aabceec3c66cdc7f7,0,normal,
3c80b8dbec924712b602cd4c92fde64b,0,normal,
2f69181313504c27b092947aba0485b1,0,normal,
bd4bc66a52bb4303a93f834f34eb4f8d,0,normal,
fd6470815c0742b6b18488056abfbc56,0,normal,
91a89c3c6cfe45a4a94d20c24f24be51,0,normal,
2a550e9f563e4b209ce7cfb797112cf3,0,normal,
0ebdd5ee3d71459f81cedb2d75c01d12,0,normal,
3f6d44478b474f86a1e14ec2eba65f66,0,normal,
cd7d142c821142e39298c4a9cdcdc74f,0,normal,
be46071e19f9421e8fd3949c6c7ce670,0,normal,
d981675bac924ceebcedc9bd97083810,0,normal,
7bc45275732b4265a3a99fd139029fe0,0,normal,
495ea75956af46cea9067e361589ce9e,0,normal,
f7fd220b32e74944ad4a08bdf3a50242,0,normal,
429fd509534f409db139919e02ad4f30,0,normal,
38ad8ae4a21945f3bc1465422bd646b6,0,normal,
8c86530b28214569ada961ee7297112b,0,normal,
8d9e67a3554c4bcfa49516e7ce6cf75c,0,normal,
933175cc8ad846dcaad422cc554b7532,0,normal,
23361aba1ae6492f83582104a2e117ea,0,normal,
908e39088e7e411fbb7937e017e9e336,0,normal,
13ae97ac305b43aa93f028261e8ce6ba,0,normal,
073b66bf8e394fbeb3c7b8e73bd77b0e,0,normal,
11c3b4eac7994e76a94040bafba53084,0,normal,
854fb6b57d2c4593a18c56f9f5fe9441,0,normal,
3d15000f5de8417498580f352373770b,0,normal,
55b016d64b8e4e108dcac3f633e0fa92,0,normal,
0f75632b6db0428fae3c67ce6cbf33ad,0,normal,
71bb747218484557bc65da733b314bdd,0,normal,
608603720f724e52ae4f97eeea19bdcd,0,normal,
7ec021267d1a471fb49901cd8b1c3524,0,normal,
11249c3124b34219aef44d3821e708c5,0,normal,
89fd95d009ef4f3fbe30501923c7b7e1,0,normal,
c0ae9d72f042448e813071b0f7836a72,0,normal,
73ce55f74ce54d37ad6419e7cddbd77f,0,normal,
62b087c27ce04ff183c72be75dd6c92e,0,normal,
62593d4c6afc4ff986f9ecd7bde03329,0,normal,
58fc82c7fcd94bfeafacc1ec0687420c,0,normal,
119f636c954d43b5a632e785e576b356,0,normal,
8798108ada75432097dddb76faf383fe,0,normal,
c722503953c741ecb41beef05e3335a3,0,normal,
de6b64d7584446cca2313f0b48293f0a,0,normal,
d3056faf870542e3995186c7da690e7e,0,normal,
27f24374319a4ff89130d8486d7de5f2,0,normal,
18f4e81cb89c41e6b80941515716a96d,0,normal,
51a3c785cd79453b827d2272550b79e7,0,normal,
d41241afb49640459ab7907d0ea68042,0,normal,
b5676e5af5a54979a3de342e1e183567,0,normal,
4b36d9c0be8a4ff8bbc1dca0cd4d0439,0,normal,
18822b8afd504f8c80624f9811ab9c59,0,normal,
8245975628a042b8b328910f6466dafb,0,normal,
ccc89d47e3c140308ac8e59642788181,1,structuring,structuring_56
ce175a4ad00d43c8a9c72ab14b9394d8,0,normal,
0b1900e2b09a4654bd3c71cef7ece51b,0,normal,
fea5dfc5dd49442c8acac9bc22c93fcb,0,normal,
c13acf44200e443fac467f0d81410fbd,0,normal,
317d66b5c6684b2eaf76ef069eee541d,0,normal,
eebde6e4231e49c2bc73b049fa974e85,0,normal,
af17f2f389fa4d3c9e5504d686bca41a,0,normal,
3b8b3ad69b704b6987a610f12a43a4bc,0,normal,
66badca6d6c148b6a6fbc7655d94d944,0,normal,
58f3b5a1a32c4276b96e903ada4f66ae,0,normal,
3e52a4ed5025462ca1c8a78f61cb38ec,0,normal,
992e25bee7fa42c5809d1b889eddcbd9,0,normal,
016cd2d4f635480dafe69233953f2075,0,normal,
cd434e782b5f4af7a221e8d013a2cd80,0,normal,
81755ce18cfe44bb9d30cffa42a11f1f,0,normal,
6f652d7c0ef048748ab456f4b63c253b,0,normal,
9d60f1e3fe454564b047ac035efaac3f,0,normal,
c661d603f163410cac3066fbc630509a,0,normal,
aeb061a8e62c4256907d5af3f7ce59e3,0,normal,
434312805ced48a38ad3283b118994e0,0,normal,
da27f2eff6e744eda6f7eeb04c9a913e,0,normal,
e58c0257f8b0439492c4bd3e8c962a9d,0,normal,
8c67b1192bcf4653ae0133d0e45e78bb,0,normal,
2fe67ebd83794a27b80a94ee05dfb156,0,normal,
d1d2523fe15d461cbe5d300a102f865e,0,normal,
972a8432d4f24d8ead7cc60780103c4d,0,normal,
e8506337ebff490dab4a7dae1f766ac6,0,normal,
54cb47a4c9d149d7b5abbcb5fa51925e,0,normal,
9a6431dccbc24540a88715a7da33b390,0,normal,
465f21f9b40544b4b5bb7efe5efe4617,0,normal,
8c07054d360147af8c811bba047f7b10,0,normal,
0249ae3fd37f4afba8e60bc3ef9a14cf,0,normal,
1d9578457f0d43489f032da47023f4ae,0,normal,
525c91bc27694c909ef6d4304eaba85c,0,normal,
d19c7ae7be1742eb9279a5e3681fb752,0,normal,
d1d48174809f439c8ddf0d89d3461255,0,normal,
1655679dc6fd4a9ba999420d9979ce9e,0,normal,
f70188859fd74171998fbb90cbd387ea,0,normal,
8ce1b57299af44dc96a3b75ef412f422,0,normal,
2ca67f3bb695494687a1d6a836b99624,0,normal,
12f729a5557b4a21bb6eb96ba48bba21,0,normal,
939e50832661486bb5818bc98b5e3e63,0,normal,
6ac0cfc56b4b4106aa59f290141bcd03,0,normal,
7ea225b15cee42a8bc231ffea70a1ef1,0,normal,
44b2e617e4cf46be957003836751c701,0,normal,
d73c7491e199484c9324b5cc786d54d6,0,normal,
9dd3c78784294e7e91e8ac368e787be9,0,normal,
7b80a30ce6cd4f1695d0db1526ec7ea6,0,normal,
b2445067f87c4449bf3771c82a2a077b,0,normal,
51b97e57bc864664a88eb4a255e35bad,0,normal,
181a55503c9a44a1bffb815305090922,0,normal,
e1efae60cde84939bba18de6acabd3ba,0,normal,
a6bce7f2b654470dacce1dd3d6bf36a2,0,normal,
caec1ff9ff9b47e1942303d456d84142,0,normal,
126ccbbfc9334093adc2031339221bfd,0,normal,
7b245ee726714aceb2a40f1ff29103dd,0,normal,
bde8cc88a2474bfe8bfc5ae840097bbf,0,normal,
4b6d014a20d54988b720c7ccd4e319b0,0,normal,
b372c34d3668420188753d39bf988014,0,normal,
a76b4c736fbc44bcbb1e16d04a7a3ffd,1,wallet_reuse_burst,burst_773
d6fc004b0c0e47eca0e46db61b5b7694,1,wallet_reuse_burst,burst_773
c1abb948eb9d4f1f8e4e9bfb5f8c870d,1,wallet_reuse_burst,burst_773
7f38281044e44cb68c3fac9670fb4774,1,wallet_reuse_burst,burst_773
5472f07432ff425b95cbd0a74f72f3b7,1,wallet_reuse_burst,burst_773
3d93ec391635420196757e39c7138bac,1,wallet_reuse_burst,burst_773
95b29741dfd74536b311d5851556944d,1,wallet_reuse_burst,burst_773
0d5ca024cc2c443685561cad8a72a67f,1,wallet_reuse_burst,burst_773
7fd8ddc4fac44ec68b2f0d03298d4316,1,wallet_reuse_burst,burst_773
93efc4ea4aa14847b506a12c1242473b,1,wallet_reuse_burst,burst_773
0779cae714d149ddb1db98f3333db5c5,1,wallet_reuse_burst,burst_773
e37f583a80954f76bd82231c3d9fddc2,1,wallet_reuse_burst,burst_773
0f1fe6e771a4432e88194e513f61a078,1,wallet_reuse_burst,burst_773
d33c69cb4a9940e3961bbe6fea976865,1,wallet_reuse_burst,burst_773
33c34a001ad447c48f7afb68595f742f,1,wallet_reuse_burst,burst_773
dc7340e62ac74488b3deaa495b3b5a41,1,wallet_reuse_burst,burst_773
1c9728d71d6d40538e8914cd978ea135,1,wallet_reuse_burst,burst_773
956ecf4273e842bb85325ea595c92e83,1,wallet_reuse_burst,burst_773
ca646ce14ad748fbbde579d6e56355f4,1,wallet_reuse_burst,burst_773
59f86a42fac54588b6282abce6862562,1,wallet_reuse_burst,burst_773
148deb85242c4fc29e7d1cdb5ded7ec9,1,wallet_reuse_burst,burst_773
b9e4c0f21a324fc486fb1f5931c09270,1,wallet_reuse_burst,burst_773
2070c643b94f4942aeaa8554a7f8abd1,1,wallet_reuse_burst,burst_773
ec9881e776a24effa9c67ac8840159d9,1,wallet_reuse_burst,burst_773
377386788bb244449f7f94c68fe34cff,1,wallet_reuse_burst,burst_773
0909d1e27bae44db814a5c8724eba46f,1,wallet_reuse_burst,burst_773
77c0d1d5e7c04876b1bff8e74ac13d5d,1,wallet_reuse_burst,burst_773
1bd44bf623d6443abad86356aeb8c6af,1,wallet_reuse_burst,burst_773
18e498e373af4611a1aae23c3d84a121,1,wallet_reuse_burst,burst_773
2a604d3426be497e89847244dd904914,1,wallet_reuse_burst,burst_773
0adc5223ba01454e9376a6cf6f986a16,0,normal,
295a4c572ac441c3b9907d78c0521a90,0,normal,
ef9abfb1e6804d66a05242ba2f316dea,1,structuring,structuring_56
707c82fac86349b9bb95e94ff6b80e5f,0,normal,
9f8ef4610cdb4922bada993361a34b49,0,normal,
151044bd95024546bfd6a21295b0a17c,0,normal,
454c021196f245e2964be07d3e61cdbf,0,normal,
82f9792b9820470f9f90ad9935bbf039,0,normal,
705123316b8247c68284506b0519b015,0,normal,
8955647cc6bd43c096890c62689fcc1c,0,normal,
efd6d7cf44fb46188fc0299fd48c0959,0,normal,
ad8df11758b34c4192af7743ff831df5,0,normal,
92090587a4d443ec8689e54ce338fc46,0,normal,
e2a778e6694540ad994ccf755f734534,0,normal,
b6de261f559e4602a16eb19bee1a9cf3,0,normal,
f386bffb8bfa43b9b26c06f3a89111af,0,normal,
4957425f58644048811ab2a35bed6e74,0,normal,
1265eb4cf01a468abbd4c36bbd4088fc,0,normal,
dbf76fe9dba54e038f8d062d0e79e05e,0,normal,
d43bee4daab64c0587b62eeb71fb5806,0,normal,
87b325272d5742d890bfaa825d8aed89,0,normal,
1561bcd3aa9149c3829a010cd831572f,0,normal,
82482709f4934f5380e4f99d48f200f9,0,normal,
a770349ae65d44c38dc194836d9263d2,0,normal,
9b21f0c47d254ad3a56faa39a8668e27,0,normal,
fda5395d12de45638dae9268daf0be37,0,normal,
8ccb5a93fc344f48aa7ca9fa2b1f773f,0,normal,
d52285c77caa41e282a92963b043d135,0,normal,
269bc0fd59cd424baa13633510a1a768,0,normal,
8edf4ce74c9d4398ac6a24d84d3aae53,0,normal,
ad0bd8b8173748c1b975203c7cf2529b,0,normal,
455e3b7405b146b0ba40689df55c3971,0,normal,
bc50affbbd384c3294686f1918d08ac0,0,normal,
a7dab2347c9d43a299a05af0a7a52b60,0,normal,
9969fe492c2e4ad5977cc0f4e2b4f688,0,normal,
0b88e1dab30d4a508a8e558d0deba0fd,0,normal,
2fd5df2309e943308a7a50020e4a14a6,0,normal,
18c8132987dd45dfa5f271c08c2bec7b,0,normal,
c30f09f6e5de44dfa62d2440dd8a519f,0,normal,
624b7f61b3bd43149a1f26488c1615f9,0,normal,
4e8c2d4cf8014fa79cfcf8d0f9037b18,0,normal,
5ef5632d600c4480aec1e0081483e0ac,0,normal,
bc1edc9ceb944aea95e86abdba4697dc,0,normal,
7045f58fa9714e77bd45f7a42749b5eb,0,normal,
68bcb62d95ab4b5394b84da6031d7d4b,0,normal,
4d97a986a0214f40a0a966e48a56e8e7,0,normal,
ab7f524d308a4c7aa02ec7360e0c39dc,0,normal,
af77ab5da82642b3b33962ba80fca6c0,0,normal,
582b8b6802b741549ca098c40994e6a4,0,normal,
36181229ce7e43d5825285368cbad069,0,normal,
db978c626a8d4a52885515a8ea2bf4d6,0,normal,
b0d802690eb64b108824b8c18113615a,0,normal,
552ba715dd6647eea0e204e02dceea13,0,normal,
e5c1f910864d4b5b805c32281a11dd85,0,normal,
ecded75290e5417e9dbdd13e9a5e5362,0,normal,
76568c3385524611a39e37d7ac460dcc,0,normal,
b9add3c5f83f4861b09085d71d38e34c,0,normal,
0f296e88ed67425d8292fcf61fbd3394,0,normal,
f2d48dfe8e4a410ebc0b6f3e686e7bbe,0,normal,
128e333910bb450d897f32fab9c11dc8,0,normal,
151232f51f094fc5af53f98f4cc25b54,0,normal,
76f3decf5af746e68901a307ec02ad0b,0,normal,
1ab585ac64c542ec8780a4044ec91017,0,normal,
f9e3fb6299f041d48c6e85ce65e2480a,0,normal,
db8bd93052ea4659b78b7da2f51c6693,0,normal,
982660533777462c804b75d0bb5a8422,0,normal,
9f95f343f8994fc8b87230f90c720ae8,0,normal,
cbe9bc960f5d4f46af5643f5a55a903d,0,normal,
d2644e70e1c24a8a887c3b495eb9d87f,0,normal,
1d265d38626d49638169cb592e11d40b,0,normal,
102a171ddfd64183ace15efa500aefd6,0,normal,
ba09ba8217444a8b90f2d0cf9da2ddf8,0,normal,
edbf6f2ddc8541eea005fb6add48f060,0,normal,
8e4d300f0a154986a23cfe010e186dda,0,normal,
965d6b4f8e1e4511aa80a5a1c6547d0f,0,normal,
f331b0fff74d45c3bf79415b4c385e4f,0,normal,
8e4cd2a635ad40cfbc7316eb6b513ba5,0,normal,
124cd7418b074fafb87f7dfeae355c3d,0,normal,
dd34cf13a10149dcba5cdd9f6319a87f,0,normal,
c1b5ec610d8d49de9f3354a46c764365,0,normal,
aa3f93c3c0004d3288afef9a1a00ada6,0,normal,
461bc6707863475aa78d0c4eda02494d,0,normal,
8bae8dfd1e144666a994cbf7b8eac7cd,0,normal,
2937aafc144f4cdc8de3bf06b73d50b4,0,normal,
1ef8f3f4cb464405816d5e508ecc52bb,0,normal,
3ac4135ad113468f8282d9543695945b,0,normal,
c85928283f1d42cfa211650ec74eca66,0,normal,
a7d6481d2a7d4ec6ad42cbfee0003f24,0,normal,
2c44c5ee062b4fe0bd173fe37ece3bfd,0,normal,
1badca90fa0d45428a2179e48d0eb40f,0,normal,
1191f45041bd407ba834002297c4a667,1,structuring,structuring_56
0c2d796cfae64e7a9d257a1abf1be236,0,normal,
13c38700507a4de48de3413a69095ed8,0,normal,
f8dba8a648df419abd851e7f4699699c,0,normal,
8d11f7ff57e54e188e55b0947f9a779e,0,normal,
3b2359db5b4e4b9ba343cc3397930815,0,normal,
56410c73eecf4a7e96db797162f949b5,0,normal,
68619ce90cfa4bb5b72fba76f1daf77f,0,normal,
18cf365792ba4beda1200542118fd9d2,0,normal,
66171d73f1df44c3a4f318e362844af8,0,normal,
357481473bd44040b6d087bbf58909ba,0,normal,
d3da5bba93f24a8cb4e62c935f0e57e7,0,normal,
4788da2c95ef41f3bf959df19d87c588,0,normal,
4ebf3f611b964683b1a752c78ef05e7c,0,normal,
9aef32933bbc404287d2b134af27c6cb,0,normal,
a01750fa7d64460dab66cd93ed34bbc1,0,normal,
19a2bae1a2404543a0b338d664566dba,0,normal,
40b90a879c8a45ecb3cad18ff27eb1a0,0,normal,
9545466629ea43e4a97b3276e7ac30aa,0,normal,
0ff061b556804752ac489fa3aad6312f,0,normal,
5fb8e80615fe4c1ab124fde41cdcec8b,0,normal,
2233b587293c4cd89a58c265902ff358,0,normal,
15358ad7fc944df6b3cecbf0d2b53a7c,0,normal,
fc8aecbbecdf46b2a9c8ab0cfeaee878,0,normal,
23df3bf90eb248838b77fac9e2de98c3,0,normal,
36505eb553344774b5809965a019b397,0,normal,
b253a5ce96f44d52a263ad3889ee9501,0,normal,
751f9c0913bc4594a2026f46a1c78ce3,0,normal,
8713ceda7e234181b31fcc71065f2f97,0,normal,
fb453e70e75b4e39be8edf82c0c7c79e,0,normal,
9aa4d95820c64bb4855bdd166432a872,0,normal,
26262a8a664c4d34ba4e75fb26ba9a13,0,normal,
6a21f026a9a440b3824719923a6e633b,0,normal,
34ef8072c60948c4a8658020c784e107,0,normal,
dd55f6a679864baeba7a97a06165f127,0,normal,
d82003f3da344676a716e59cbaa6c6f6,0,normal,
7144f3f047bd4ffa892c38ccdeaa18fc,0,normal,
0984e491996046d99d9b9bfd7d1c9639,0,normal,
7b2dfc0eb57a4d51abe78465f0e004c6,0,normal,
ef5ae206658e42f39baf1f94e49c2cb0,0,normal,
555eb2c05b6042c6a170f3548466fbd6,0,normal,
e34c28d59d8542f2848f2ec57b270eb8,0,normal,
dec48c95a0b44bedbc3ded235b963ed3,0,normal,
94c24f5bf8634624b5be90c58ad7e31a,0,normal,
2786e04d71f045dfa3fb973b2178689e,0,normal,
c9c58655d2f74b9db1f3035cb916d132,0,normal,
4d686b5581464665ab7ede787873f2b3,0,normal,
2ed67484eab547139dd77d5239f0f1a1,0,normal,
50e7151532f14bfaa3cfa1f209861c2e,0,normal,
9a44dde538a84760886f72da7b98dc40,0,normal,
337410d4624340ac9fd462fc95b15c2b,0,normal,
67132ecfff2646a7aec77221020d16f8,0,normal,
7c9d140369e8491ba0832ca891d471b3,0,normal,
d7f5a20ff87e4565bcce16e6c5a88535,0,normal,
962f45c8b2174726a0654f46a8d4d1f0,0,normal,
afa9e62a300846eabab36482dcd8a151,0,normal,
598fae7c129940348654f18fcde691f9,0,normal,
d4f46ecd72db4908a689126f1a5f574d,0,normal,
7046d0acc01342e4a4f82e6da4670dff,0,normal,
7ea3cb5f9e604b468454f184a28635ef,0,normal,
50e07107c4cb43fe8459a3ce0f02c670,0,normal,
0ae4dec6b1d94a0fb535b90d0c0c0808,0,normal,
b19aaf9d2be9453f9741814855c9859a,0,normal,
d2c0e35106b5446aa3f0b28fa16d5824,0,normal,
f78c2c503c1c4f208dd944c766c4b0c6,0,normal,
8c8f12509745478cb1da85e9672e3256,0,normal,
554f43f169be4ed4a70d0949eec412b2,0,normal,
23e43f0c8bc14996a40de969a5eb67cb,0,normal,
201660617e4b416eb70779c3ec81f679,0,normal,
e95c51fb0c8144db848150f385dadd6c,0,normal,
6bfcd6cd4f07416aa566b4709b54cd43,0,normal,
bd148ad7183d490b94ae31f98111ce47,0,normal,
c816e56979184f2dbbe46e1bdb6d2f76,0,normal,
508da0274fb047228056ac876f63546e,0,normal,
4d55293f06a34db186cd0b23f94a6ee4,0,normal,
40f840730f7649e29e2168b494ba7c52,0,normal,
b966610016e845b68cc9ac8d17555d3d,0,normal,
d102d6966bfe459a84c8562e2d2e9548,0,normal,
f396482db69241458e8f69c780a96ebd,1,structuring,structuring_56
d50d18e6a2584abb992177780e3b9af8,0,normal,
88d5995d25154304aa83b4679a61afa3,0,normal,
1b755255bec048529047d83e973fe297,0,normal,
7e84021229f247c3b1c9462526d4b40c,0,normal,
4190b3907cb5425d97cbc1fdfe23eac9,0,normal,
85e35d99aa2143ef9029b7f5110e4f07,0,normal,
4e4bbc2fc57f4d5bb99b928d5043a9c3,0,normal,
934f342aa0b5455b890e8544016a1b5e,0,normal,
ca6b6db7d666482daedd2efb251a6542,0,normal,
8dd05588007f41358f7e3e8ee1c460bd,0,normal,
65b361815946472793bd9e3ae0c29b9f,0,normal,
33b114400a164daa81efdf1a4229586c,0,normal,
2a1ddbccde6344eebdd1943f8c64525f,0,normal,
99bb476a6b9f4a3c8384c9206eb9eda4,0,normal,
df77db8d6a184eb98d83a4f553311c62,0,normal,
dbf7ec973a594f98be39202b1a664ced,0,normal,
d77b82834b2f4220aa4bf5e43ee09caf,0,normal,
4b587c5a487e46698fe88bb56472f968,0,normal,
91e2ee8df502468b876df86aeeb65309,0,normal,
8f3325c0d8134a35a08775ca6052106c,0,normal,
f017877c233c419eb16758cbd3a9e7c2,0,normal,
9f0b33d89bd54104bab859b97ed1fd90,0,normal,
7cc9dbf9c9ef4cdfb1f6c2c4a6b08240,0,normal,
85e3c07f118f41d694f700af018b5c4c,0,normal,
663a2f81e7d74e968b87d6aa0068193f,0,normal,
519ed71e59fe4b548f37c5a92cc3cd36,0,normal,
f9e50b3ef1994a7d85ce3e66ea13b668,0,normal,
19b25347c38b488c9223f4ceccf59bf8,0,normal,
e98c67a2586a459a9bc75ac24c485191,0,normal,
88c573bbe2d44984a838ea537213c7f3,0,normal,
84cc8883af1243aa83e6fc0765ee3999,0,normal,
f212a8f1a9f34b4dbe9e334738411f85,0,normal,
0f4b2f1678fd42b6ad6cd7ee6389168d,0,normal,
07127bfdb9e245bd8ea70195df4557db,0,normal,
78c0d7d1399f43c5a5e237d8875b17f2,0,normal,
64533ff140424f4ea3a46f36d2a76a22,0,normal,
e969de107e884a5a8944480596f2e64f,0,normal,
246335d85008488e8e6d8bd0e594805a,0,normal,
c789632f8b174bfb987370d179c146ce,0,normal,
5de37f8fdfad49948cb1f330b8b15404,0,normal,
43a35563c1eb43bea6eed04f244e0a42,0,normal,
d9712fc0b3ad4aef959389a6b1de0d04,0,normal,
8c69c93e9da347d89644387dfc986320,0,normal,
530a729a75e04ac88ff803a0cb532c7f,0,normal,
d3b38b3d04204cd79f403addb2086c87,0,normal,
7593b4f4a6c44b95aba57b509f0cfe06,0,normal,
bd1dd04cec534bba8e19f6be4d855a85,0,normal,
049439a24bbf4129b30eaeb0c341a5fc,0,normal,
af5efdff567c4ac595d15f9cb986c022,0,normal,
69323b6af1254a8684822bcea0a06ac3,0,normal,
f63271aeafda4b30878d91d2c61a22ad,0,normal,
8c0acdd8500741b89fd44c3f3dd6056d,0,normal,
b7c28559c5ab4c1a8ad1152f4a879d24,0,normal,
ce7ecff8b4ce4ad59a49bc26e772ba7c,0,normal,
0f7816568ae041b9bbfaf44b6f46a658,0,normal,
597e24c75c07444ba9318028e527d459,0,normal,
1e05e7072fbd4924831b8253161cc156,0,normal,
b1069ea2290a40bf884e9c819e3c19ee,0,normal,
7fbad65dee9c4de6b6af61d3b8497d7c,0,normal,
847eef4faadd43aca90c62b4368fdb7a,0,normal,
37ee3ebbeb744ff284c3288be60d0af0,0,normal,
9d0308648a9448a9ba17aab9587d92af,0,normal,
bb05741400a44006b6f1a052c0052cba,0,normal,
b64decddbcd04b36a05a60f8af9d74ce,0,normal,
98b9b2342e704743aa708f82c251999d,0,normal,
aa81de7690f444d8851775535194b211,0,normal,
b6ed7574553944d48f924e182eed9d7c,0,normal,
75c85da2f57b4dedb6d9d12fb3f7e1ac,0,normal,
c0a69e05105a40448473dae4bcaddc8e,0,normal,
8cbba8c8c69646c499bb1a6decd9b12e,0,normal,
38d1e12b64df4bdca69f4af8e7e71a97,0,normal,
f3b1067292f144d4945acc21c66ea615,0,normal,
a656b452cd8b4a6581b571904c5ed61e,0,normal,
36d7a943831c4c859e187cf014b94ce3,0,normal,
968fe61c69ef42858b4fa7f27d6462bc,0,normal,
cd4227207b334fb6b7e8c2c2b0c4fd99,0,normal,
f226dd12152a4fd78cd6453a13c6ccd5,0,normal,
00204d6e79724139976a632960d4b847,0,normal,
5e48a91a45be4a239961cdbe6cc2482f,0,normal,
eaf8057bbe1c4eafa885d83c511cac77,0,normal,
dff3b7aed3af4ed3b181dd4ab7498f9a,0,normal,
6b9c2a6ce0f94f01b9f64ff377bac288,0,normal,
af44d69f0106486795d0de417ccaa694,0,normal,
1439c31a6e6f4ded8061478b98d14a38,0,normal,
356f3d054ede45db8480b40adf0ddf95,0,normal,
4d08bc911d7744f5a1762d8d72fb3a4a,0,normal,
f7bdbb12f11a4d24853269caa41b4609,0,normal,
c2ce1ebb180d4fe8ba539e8a6e84649a,0,normal,
2269d234bafe4abeabf351c825755a7e,0,normal,
8a4551d4c55b45128fc698ee4a2c8961,0,normal,
feb9f4287c7a49dca54ffe9ad5b3e847,0,normal,
aa7a0be7a5c440f6b0349402e5de64f6,0,normal,
9701451d46da4124bff41efb810f7777,0,normal,
bf0e81812d324e408a3c70fd603dd3d2,0,normal,
168dcf60733748239c58c1396d0529a4,0,normal,
08680783f0af44dab7926e020ea3caad,0,normal,
b76d4fca6e434fe7b270587280b5600e,0,normal,
d46f729f74774570a9f2d0e0abe28d9a,0,normal,
89b4c8eb281444619b64bfcb8dc4bc15,0,normal,
f637fb087de14d5b8b134d9927000b31,0,normal,
9904b8d0b5aa408e816c966fadb34831,0,normal,
75cff1d8fc5f46d5824cae8729abfff3,0,normal,
65a308e06c044443bab1c147825cc56c,0,normal,
89e2a6c6b38f46d0b606656b8117c198,0,normal,
9b617f4397a64218815cd18fd6e23e14,0,normal,
2b4b48f9fc7a4368b9319111899e41e5,0,normal,
efb6d3c628474c8986364a79e6dd8b73,0,normal,
93b3380b2b2a45089d20eb3a88f705a2,0,normal,
20acacddb7f245ecacfea482cbe0455b,0,normal,
9d98ca76ac254708911432073cfa9eb1,0,normal,
c6eb2760f9944287a3ab7ab0e322625b,0,normal,
229c63c8d22c4c54b8dd5c83397e5cc7,0,normal,
c4af168acc6141a79299b7028c418201,0,normal,
54d6e0cc465541e3a54f597c3315e07e,0,normal,
a24c3c158bbd41b69786bb7eab53898a,0,normal,
72519efcd43045e9b9bff91693dd5ad7,0,normal,
24dba0f41bb4432480cd7d8c501becb8,0,normal,
9aea00724ae740c297c741f5fccbbe4f,0,normal,
768493c96294421eb09e63dd6d1ae10e,0,normal,
ccba4b71fac54a37a478c108b916dd4d,0,normal,
aa82cd95e3cf4823b3c4efb345997dd1,0,normal,
dd966def8da84ece96bb8d09d4e59c14,0,normal,
aa1c22b133e64604bf437c6de99e848c,0,normal,
368121d799744bb99daca96f8a236868,0,normal,
47a5aefd65a346aa95245b7ebd62bce0,0,normal,
0b41f80752a04178af6e2efc1a2604c2,0,normal,
d578a3f4a3ef4ff8b1cdfd15af8b40a4,0,normal,
fd3374e6bc9949649bce7f0b3a2f7b58,0,normal,
461891bcca2c449f8997720c753527ae,0,normal,
65bc5212d9e94cfd8ec7b4e502730ede,0,normal,
f52b290c0ac847e9a7e694b7bc8d467c,0,normal,
9249df213e2c4761a63d66314574a59b,0,normal,
824cc2487c804a14bb30dabed24c155a,0,normal,
53e11754b4c24ccd898f21cd3544df3a,0,normal,
8b1c927b46f84662b9371970b987a031,0,normal,
f12f03d0c2194b9a8e4466acdeeea541,0,normal,
464001481a7549f4972b39808a791f89,0,normal,
f42afe4c0bae42ddaf38e30ed28b7e60,0,normal,
08373907195349b9a8a4947dae396752,0,normal,
2bf038fce6f4473b918d29eeebcbc9af,0,normal,
427bb122b931492aa8fbeeb5de7832f5,0,normal,
f08e4c2f8d954af9a4ce9fd1cac22b1c,0,normal,
7ae0f7a954f241d6ae3741fb7772c4b3,0,normal,
9dde5b459c8e4df8af60d83065c3c876,0,normal,
15b01653be124b8bbfc8b78e0d109d16,0,normal,
fc38f5d784504d8aa458505e0380ee60,0,normal,
c940e6c60ec24da185f1dbb6b7440123,0,normal,
a3195a6a0d40448f895fe079847f9cb0,0,normal,
73b955ca1c2e427f953e10bc1e2ffdac,0,normal,
710ead2a4855427596fd46c4f52ec418,0,normal,
7c2f2ff7a6b74e3796b5ad2831a84b1b,0,normal,
3ed22a92894b441c9b703943c104457e,0,normal,
96eb8452b2ed4353b6c6e002bd6a7da3,0,normal,
afcc7a5bd3254b9782fec3283afd505b,0,normal,
a52bd25d866c499aaf8b5ba571814688,0,normal,
0e7235019ab24acc86a7755cc2159da9,0,normal,
5e786c89010b4e4ca2a2a14b4ccef7d3,0,normal,
2599eea0e09c4a7a855b461f68dfe79f,0,normal,
6a797a3a604c44ebbd758951ef327601,0,normal,
30a911b43b9c4c0aa282ec46a5d33486,0,normal,
018ae2fe1ba145a7b05ea1a5d40d2c44,0,normal,
4ca53d61572a46469294a1e755d9eb9d,0,normal,
cd23f93a509c47b383e6e5d08c04bdc7,0,normal,
0b72df6386cf4ecab6b13708859dcd00,0,normal,
5b80a82401214a0e9a3178b96743c28c,0,normal,
da37227cde874dfa84f61ab0fd4a2d22,0,normal,
d317bf9e92e241a2917b60d1efddcc2e,0,normal,
e5cdd225ceff4a3ab6325fb897262a8e,0,normal,
a4ac9cb773424b89b379feeeca9654ed,0,normal,
ddf7e6d3e60e4ec49adcd480b46f6199,0,normal,
da34c0d2d80949ba940431826686ced1,0,normal,
7e6d404ecfb74016a37b70b498228e89,0,normal,
e5c8beb446a949f3b345c2bd6907c9d5,0,normal,
aed34a0572354b6d9824e222f32998a5,0,normal,
4112fe324df044b78eeb8810a8fb344d,0,normal,
4ee32e68839a4c35bf684b3ead9c512f,0,normal,
e1d6acdfe29844f6b8a4211edcae7c24,0,normal,
dabd22e26ecd4d53ae8c1be6aa094067,0,normal,
1e1452ba85f94712afbaad5658844dcb,0,normal,
1ead785785ed4b43912f00139e7ccc3b,0,normal,
a3894d1e5c3e4a30aef9424b4d4f8d53,0,normal,
707c4d453e274097b42df1d84132eadd,0,normal,
8dacc8a2223845c7ba8487ce0660a797,0,normal,
4a107895d35c488091bdefd27b8b0724,0,normal,
fe3b8383deef4b96900c46de82f1d810,0,normal,
9036ec514bfa4d3bbddbaed2270e8d0c,0,normal,
d8674e6604b544238ecf650cba3588e1,0,normal,
34007a09384a43ccbe60a71cb22c1913,0,normal,
5011aeaf7e224e0c9c7c9824bd557d04,0,normal,
3bf81a86a6ec4ebb8f982fc1ecb9f8d7,0,normal,
7c83639d67ad44b38f57a2584812c91c,0,normal,
ec7c03ce80d54512963e05cdff8c875f,0,normal,
8beae1629ea74fe382b32b8ecabff2cc,0,normal,
9f076a922a434dc0a4a3190b8d7cd149,0,normal,
a047df470d6c46a5a863d1d5a5484eb7,0,normal,
1cfe763574d6446fb25654971dca92a0,0,normal,
8ab9e92ab28e4624bc155362e3ef2cf1,0,normal,
dc5d242aeef94001a4d6a17c0b6ac387,0,normal,
7eb598628bae4ff191353453c08e94d8,0,normal,
df564496e2354aadaeecf569b6ddfa72,0,normal,
233aef46083846e8b2e072c6b667c88d,0,normal,
95989c72f62c457993b4d3185acfbf5f,0,normal,
b6f6516ebfec4171b4cf79299a49b095,0,normal,
32c8f4f731ea4162a344d7f774eb678a,0,normal,
1278f2bedcbe40c285b9968c4899c34a,0,normal,
00c8e671506a4bbcaef67bfb461688ed,0,normal,
481f8f9c76c2426998ec68984f5a09b6,0,normal,
6c786f5d4de64f94b95b127bd60c32fd,0,normal,
443289fe17654c57ac5f5bd37bb139be,0,normal,
30cf4e0fbbb747b798e819f01ee4eb16,0,normal,
b5f01809e75045d484cd726df05c4f9a,0,normal,
b5abaf874e9d44359d02cda2bcd755b5,0,normal,
99b923c4790446fea5fb13143512ba6b,0,normal,
c2ace01918f144849a16dfc9affbe1de,0,normal,
4196dc18f0b542359f859a7d0281a121,0,normal,
856d56c73d3b455fb3d6822b1ca95a67,0,normal,
1493cadd1b864f78a92593805c5027e6,0,normal,
d1d73eb6ec9d4d42bcf9c6b6aca84b65,0,normal,
844212c2b8d542bdb538c493d220f1a0,0,normal,
da086564489c404ba84af9790f57e51b,0,normal,
ead22f015fe1466f9119ec2ae99d6001,0,normal,
4ec36de193a1476e8b6842195a77cd73,0,normal,
948c369678fc4d45871cdbd026a244fe,0,normal,
35c5c88b4c374a07934fbdb18c9ef894,0,normal,
d9d5d6b4e2814d6f8272ddbeb423f9f4,0,normal,
59102d8c4cce4cccbf0fa2c8bbb267b5,0,normal,
dbc1a0ae7b36474bb72d519e52965702,0,normal,
7721db7d699948b2aac30a5f01e70cd6,0,normal,
2f298fc29d2648eeb80a193fe8861f6a,0,normal,
84c14862b8aa46d7898cec52e77df098,0,normal,
9091e163d16a4b74bb343439bff72f4a,0,normal,
7570faf7291b4f658877397f5a95469f,0,normal,
a1f0ca81b1014426b4d948de3c86a409,0,normal,
48c0e7025340428bac46b4a3ff8e444d,0,normal,
15cabc012b3741ccb515657d442541d5,0,normal,
c38c2322d29c424ba0a5d4cc48eddff8,0,normal,
c6251ac9ee6b41abbbaae69851d57f0d,0,normal,
8b49126c030244519373d89cbfbe3da1,0,normal,
18d589e04d6f46ae83c07e4e343a24a7,0,normal,
d3cd5402e07f4badb85dc404747076ae,0,normal,
dfe9e2d19ebe4dc482dd6e91d992ea57,0,normal,
5eb4a6a3ceb146bea9d939b2c4be9141,0,normal,
48665a4367f9462380f89ad2c2c49fc2,0,normal,
a3ace3e8311444a99e5fc2064b3b1f81,0,normal,
5390caa475d04cbfb41f223e8357c03e,0,normal,
b2fdc9ecf6d24cba8a3a2cda26d946ea,0,normal,
f1cf642f61724e149cc3746203f7110d,0,normal,
5732af114b644daead2b8874dd3d8be6,0,normal,
de1d8da0e3654574859d019cbc70d482,0,normal,
97ee55430be54ea089b37607006b010d,0,normal,
24e63d68115a417f9361ba26f77b041f,0,normal,
07f8365598dd4ccfab884548f062fbc2,0,normal,
8223987f20df4c3993ee709ed9a72c3b,0,normal,
950e00fe152a408095471933ce29e264,0,normal,
bdf5b3b254c14f6c9460b05c690bacf6,0,normal,
a6d5f1862ed944b0988f3bd4dfd874ac,0,normal,
6bf9fe22975945899c8ff253d88c7788,0,normal,
0f95fa82859c4846b502bc192f445942,0,normal,
03fb4b7a08ec4eeda7610e80ce627487,0,normal,
32ab057c4b4744fc87e49b112db4d1f6,0,normal,
d199cf9ef87b415fa4bb9e5b6e887a3d,0,normal,
5e3044764f154642837e25460c896a90,0,normal,
b3bcd05efe1c48b5a235737db7c2ac9d,0,normal,
d64deb2448b74ae5aae5a1d46fba6753,0,normal,
7aa3246ad0bd4e16a19276bf73e8984a,0,normal,
1bd469efdfb3410cac7040f05933a58c,0,normal,
93a5512640df4ab4bfd9182ce2fd0a11,0,normal,
cd4ed28b9d4147f19f3198137464d1e1,0,normal,
99fde1ec56e34e11aa7b83e6a2e27f82,0,normal,
b31e59e33d8b4b4997defb19f2aac8c4,0,normal,
642f187a693b45c08112cb55eead161c,0,normal,
5534e19b9f5e4dfbb6b70fc2195705d4,0,normal,
64da2a41e729486e81637478579c1306,0,normal,
4bc689dd03aa47f8b6f53172f1aa15fc,0,normal,
7931ca6d2d6e462192f5da73ea7f373b,0,normal,
1787b5c6c8004536bdbeb022c1eb54b3,0,normal,
82247db5a7714f5cb545d2d1f8a6ef6c,0,normal,
c8305edead584513a0995e2b6c3f5d71,0,normal,
fd8ffa7b194348589386476f22b88a01,0,normal,
1ee930d7f161424ba6cf85f72029825c,0,normal,
0df468ae61a74054bc2b74b475681e0c,0,normal,
04b27b7c41d648c6b85f355acabae7eb,0,normal,
6c8dd2b5fcb34f9981476f371c60fd84,0,normal,
5f75fda52e2242089db8cc2e9ed5c5ee,0,normal,
eef406d040174deb9b3fa8d8d1803d21,0,normal,
e0ae1f49e22c41569ed77ff99c4dca28,0,normal,
b4ba32bd47f04415bc14fd2bf7ba34cc,0,normal,
0d7bf138e57d438292cd7b29f5793583,0,normal,
02b1585bc22048d89233484abe73ac97,0,normal,
b2bb459682754519b45d237b7161fd29,0,normal,
a8ffbd812f7a46f0bbb23cf7469cceb0,0,normal,
7092c400a7bf4b61acfab6a91e25c031,0,normal,
0e57929319a54266b9bc5ce8fd84044b,0,normal,
e06cf9fdebae4875ba48fc1ef4e701ca,0,normal,
3f32c12d76ec4d579dd36bb2c3d063e1,0,normal,
71bdf6ee0bed4350a8980e13dafb4f61,0,normal,
82ea7905939348c99acb67414555aab5,0,normal,
03f98cd7aab0453d960a6e235a9f0ea7,0,normal,
35302f5a66b04c3288f305deae6ae61b,0,normal,
688c3cb1936c4845a82caeadb00be90a,0,normal,
dcc7839fde6a45f5a30cd797fbd4698d,0,normal,
1e90b74085dc48d1878aae0bb3ba2d4b,0,normal,
6c09f877334e40b3bff3e2712116bffb,0,normal,
0fb083bb59574144ac60575f56a104cc,0,normal,
cae16fc9a0a046cbaf12ae78d7eff61e,0,normal,
c7794d6ea763447ba9458063462b0584,0,normal,
86e9c82fb5684adfa83b6fd1472a7112,0,normal,
ee537bb087924566bdcde834558316e1,0,normal,
4fa3f0a64bdd4a9f9b7c55ef8bd12f26,0,normal,
abae13fe6062467eaa00bee876dd59c6,0,normal,
79e34619a9ca42669fd608dbc83fa9cc,0,normal,
74b575c7d5c54a5ea758149cf657434d,0,normal,
3b1d2b2652c54ae59176ef05239302c9,0,normal,
b061b4bef4d8468e91d1e6c87a535259,0,normal,
f5476b7dff674a2e8a411e5345fa5be8,0,normal,
0343c2f4875d479ab79a032ad4b6c15a,0,normal,
2890302e571a49df98b8cb86eb79a61e,0,normal,
347ab2bef85d42ad878ad6dbcb2bd4d3,0,normal,
b6abf3a14e49471aa1ffc7025e5e68aa,0,normal,
0f5cc8dc678b40678cd1f933b3cea515,0,normal,
42f31616223d4edba049301c5842bb4e,0,normal,
e6f6ec0e52c844aea44a3ece7e6006ff,0,normal,
da700031838441df9ca5a552bc980e94,0,normal,
2294746674034fb8a4731595f0ca69fb,0,normal,
7456f25346484ab2a5c99953669860dc,0,normal,
dc42e79a147c4ec2a15f835eb4d1173d,0,normal,
9aca4c8449ac4c6b86f7a514472052b7,0,normal,
862c73653dd8470f81c269a21a1ac94f,0,normal,
08ff6f7f452c4a2e84eb2a9d3a20cffa,0,normal,
85277666cff54218ba6ae80082463813,0,normal,
abf20c63a20c448e8a0e6d1f3a5e7d4d,0,normal,
bb9fa5cdc00545beb2e08d5da335823f,0,normal,
6c56f23a1799495cb6515e0ec6701ffd,0,normal,
a1b94f670e8f4c1080a467244d79c7ab,0,normal,
cbe447b8b3b94902ad1bb2ca55d5741e,0,normal,
1ec64c2b32c74591836bc456b96123d4,0,normal,
f9521ae3a5044a5b904f8672379c2bdc,0,normal,
e347130ebb40402ab3d3efab34f01d5c,0,normal,
1d14ebca069d4b15bf5f0388e653946b,0,normal,
28809c7112af448fa6878494eb51fd2d,0,normal,
cdd893412011484287387bb7e15f394f,0,normal,
54352b6b2bc7462baf2d4586cdc9e9f2,0,normal,
de296c14285347be84db2f73e6f1e128,0,normal,
a2bf3016cc384c7d82639188d48caa4c,0,normal,
9d438fff9dd448b99336d82f26fa8861,0,normal,
d6b284f93ebe4d06be8c6eade644cd81,0,normal,
0de9c88b67e04b84b10b9320ef88c497,0,normal,
481b2d76444243adbf0ab1dc555d993d,0,normal,
4bdf425b799b463c92860e0f72f068f5,0,normal,
c7a1202b5ec449b4a55ebb3d6caa5d83,0,normal,
29937c2291ad41b4b2dc102aabeca3be,0,normal,
4a7c347556324009a87cf4a27e57ca74,0,normal,
c3cd5750a24344b49506668abde385e4,0,normal,
aa39ff0404694c40ae309a47a48f0e8e,0,normal,
9bbd79a8bffc4329bdcb96152c73c706,0,normal,
08bfce4fdd524838a0c078b4333b086c,0,normal,
5f7208ed2177469e96f260c0c8fea04f,0,normal,
1e82f982ff9b4c7087a2203d56e11ff4,0,normal,
d0e8a14945bb45389997bb372dcef1c8,0,normal,
4b114682324a4a6d8d9d4d1fe86ce0b2,0,normal,
d28cc63395a9441fb00222336e8c3309,0,normal,
355323ba80634cfebd7455761345a442,0,normal,
ee93567937894ba7b784ef9a92fddecf,0,normal,
141ba87fdd2447afad0b1a8b0f8de30f,0,normal,
b90010855c3d494a92baafabad6c8e64,0,normal,
08cc408a20b7425ea5ddf7f817b3c5f8,0,normal,
fcefe44f635d43529272668af938059f,0,normal,
b5c8e3ad7f864ee79bdc11b56d2ad2fa,0,normal,
28590282a29346dd969280c62734e515,0,normal,
c7aea68df0fc4efeb96dbe118c4e8b03,0,normal,
337e2702487a4a08829514bd7e78bea5,0,normal,
046c5c3a37af465f9af8909ddd124ca5,0,normal,
709a3b4f7b6b49d3b5eaecdf3efe2060,0,normal,
9e0948f805024871afe3b6be0dd773d1,0,normal,
2020e54622ae4633908a8f576fc5c0de,0,normal,
dfa8596041804351801d36dc2c18869a,0,normal,
3d87e384e58c4e408c68178e76cddd93,0,normal,
cf401d87bf70451ea38fb5fabd0b2687,0,normal,
78d827da1c244292b5959ec050805d75,0,normal,
3b49d3b7ae8041158d0fab467dcc11c6,0,normal,
db789843f374445aa805fc14177bbc77,0,normal,
8882324e59b34ecba22a7c204d632ebc,0,normal,
3d109ba66c3e46559f4b577d04e75fa7,0,normal,
3b3e611e3d1b44bbad14548b4667bee0,0,normal,
e3f1ea77f75b43e29070f824c0afb519,0,normal,
bd54f8d998e94deba921da4d9d68f7fa,0,normal,
44ac085477ec48a3b97a75db03a44496,0,normal,
c1e4a445e71c4c35b864cb11a9efce0e,0,normal,
849f0a7423074e1fa336c45749422c2f,0,normal,
e3300429de554ba9944801e529bae51c,0,normal,
8c81e3e6dd28463abd39efafe25f6ebb,0,normal,
c30888994aed49cfba8e1060fc92c568,0,normal,
938135edec114e248182fa0203bd2f36,0,normal,
136996e0c22c49d0bd7da0d5ee9fc094,0,normal,
cc141e05f585446d9cd6758afc8e9f6e,0,normal,
36041232f3b74dfda501ba49c7d1cb62,0,normal,
c7cc704eed3f4e6db7f4822de5cae409,0,normal,
aedff7781a564b65bc89afd6a6fb3ada,0,normal,
0776221e5a334c23811750835e35614c,0,normal,
54a555fb8f5147938c33d6c1a63c86ba,0,normal,
bf8b92e8a4e448198e82e47d9182c94d,0,normal,
76765635ee83408eae9b6afae803600e,0,normal,
9042b7b156fc4730a0a098ef613a8be6,0,normal,
0aa11699f9ed40cab1dcc46ed69df640,0,normal,
6d90e604259644c8b869dc8f7665d875,0,normal,
4e858aa5eba64511ad0738388b9babd7,0,normal,
ae11245882ea4995b5c406c21f38f28f,0,normal,
1faa97e0e54b45e58278bae526d5bff8,0,normal,
ca7685b4c1ad41a4b9641ef96d841a5a,0,normal,
be806c065c54466b965fcfd76adb103f,0,normal,
73bb7bf02fa7440e99c44b5d5baf070b,0,normal,
6ff0041652f042b9b857c6e9c005782c,0,normal,
882aa199595841778de19888495468ea,0,normal,
9631a885c074449bac96c03f57d5ec54,0,normal,
bac47a0135b14262a2909b2f9d4b68d8,0,normal,
cc4cf084db724b0393d4b862394cf8a9,0,normal,
da79207fbd2045fa805322680e5f95f1,0,normal,
7bc14de24e4840d1b98f65de9d597cf3,0,normal,
efcd4ab37ec3499996f2f8d8c2f49b89,0,normal,
e1b34339b42f4c4bb219858ea0afe989,0,normal,
ca47df68b4f64f70a27a3eb4add83211,0,normal,
8e99d976073642a1b20a26ce394644ca,0,normal,
15af3f6a98b74fe6887ea0631286d546,0,normal,
892b1245cb644febad67f134d51566c3,0,normal,
4f4e95a6e1ad4c24af354867435edfe7,0,normal,
76b9c761042543fc8140935967238c85,0,normal,
be51d29910644844ab4a9dd071eb773c,0,normal,
e9ece581bff9411ca73db0267b55e5c8,0,normal,
40981cb029e649a5be0d31822b7b59e0,0,normal,
b3f97166e97944f5b819cc2f1d28ccea,0,normal,
919bb3393ee8484ab8bd525c2912a481,0,normal,
6bc532e448c34d3aa3122d0b2b840710,0,normal,
7e3fb97d58064e89902807a79d45c2e0,0,normal,
6c8f016912b845339d05aac41de86e97,0,normal,
87097a4468f441f99101bf1fcac8686e,0,normal,
5940de74e5ed44069f7e4ef95f24f779,0,normal,
e5e1d2c20afc4d608f1d6ea9f3251d37,0,normal,
e949f0a38131484796da2340ec9dc469,0,normal,
cdd83dd4b6154d9b96836ccb2fd16736,0,normal,
1b9f714c258948f2a874e20c78c5b669,0,normal,
c6e4b10c51a2404f80aae43c00ff1d13,0,normal,
21ec695974924dcf85689895efec5601,0,normal,
dfaeca875295417f91bbfe4430072df8,0,normal,
6dceac1e737c46dda44b82bff58519b7,0,normal,
ed2850ba86f94370b76bfc653e020c7c,0,normal,
5e94d2b755cc4749b7caca400944274c,0,normal,
5e0a84a086c4453c9bc9341d6624e4fa,0,normal,
b88056b3e8b94647a828b76eb3fd9436,0,normal,
9fe3b9f3c222483fad8ec64eff26092a,0,normal,
619298cfe435425b968c18bbb6e1d7d6,0,normal,
8d6d9fed8191494e8d510eff4dec543c,0,normal,
e7a573011d634010bfad56bc29e70399,0,normal,
b90b09280d7148449843c2560fe95770,0,normal,
2a0457b38a3d48c1bec30993468bcea1,0,normal,
a703d5c825954479924c6b35f49b8f13,0,normal,
f8d13dedf8fb490381a53be2736c7daf,0,normal,
af72e8df7f914996ba1e7ba3dd03e1ec,0,normal,
f311868319284b9b8a2b486a350c8433,0,normal,
d5e466daaea44fda9b4a0f6066c55205,0,normal,
3476308efc29491da9dd459e08a31cc3,0,normal,
92f9db3af3834dc2abd06b832f998854,0,normal,
8fb074707cee402cb7bbf4164f9df392,0,normal,
8ed4fce39284491d986ae3b4bae424af,0,normal,
b4956ef73e59449585568740e62096a5,0,normal,
1fc3b65ef5dd4e07ac5baab2b1bdfd3e,0,normal,
2ff8c9b5474b49df99a613ac2bed696b,0,normal,
31fbe475d31943a0b7d9e4617722b9b7,0,normal,
e374df7dca0b4c728772a3353cdc7c33,0,normal,
b0280bddcbc0420c9435752416867c7a,0,normal,
24acc1c8156d4cb093cdcff2e1320a6d,0,normal,
712441847b9f47598408af360c572c80,0,normal,
f58b6ec34f1b4a308e6690c85f941e8a,0,normal,
57d499f8441249ef8b3580d60db2d004,0,normal,
8a85d1c36a1c4963b0df5a4340419e9a,0,normal,
4c69cbd363d0470a98d6368160562572,0,normal,
c228e513bc934f068548d93ea192349d,0,normal,
cf464771c9334fce95f0f6376141d4a6,0,normal,
004233332cf24b8d91579a01c0e109fe,0,normal,
733248fe726f48ca8842e547601ebfa7,0,normal,
9fe706c8a7fe49889b24c660aa799fb3,0,normal,
4086605cc2a141c288a7fc3aa2651cf9,0,normal,
41dae190d2ac42e181c6688988143010,0,normal,
66f07c2559a64bbbac40788eb32ecf4e,0,normal,
a76ca36c0c2c45d4ad57857dfd32cb28,0,normal,
acca53891ee849eda051a7a85d62e4cd,0,normal,
84db42fc22064b3e9f7c4175b6310297,0,normal,
28a82ef1a5a6410bad14d5d5c14139ac,0,normal,
7874173a7f624840b172ec82c224c8e7,0,normal,
fcfcced6c6d74906b4c99a00be079179,0,normal,
743d863239c24c3daa1616eaf4270292,0,normal,
a68f5ccfa9d04e769434b426c879eecf,0,normal,
d4be0feadf874cee947ed07bf1ab1245,0,normal,
459fab336b684797be37ab386313827c,0,normal,
1d5d8c11abcc4e40ac1df478edeced44,0,normal,
7f711ccb2d074a7ca9b579132c83a051,0,normal,
2ee9f24b461a44339e8b5465fcfa5cfb,0,normal,
bd958c1e8fc54a9d8b421afeb06909f0,0,normal,
a1127847cfb947e482ee8fa4ce70159d,0,normal,
e85d70f946354360af4204b2cf5ad7c4,0,normal,
a57063cce929418e8f8fe089334fe40c,0,normal,
451ae9ce9c0647d3a592a40a015ac5e5,0,normal,
5b2a4a01f3c1423882815b08ba4a1ebd,0,normal,
6bd36ca361304962bbd0d3e5a54cda89,0,normal,
2f51a0ecb25245b1a63425be3dcdf5f4,0,normal,
44c5cfa998f4482c8903bd1b358191cb,0,normal,
632c8d472718409a8d14cc802e587e89,0,normal,
663ec7fabd1c4ce3a7da6173ee7c3118,0,normal,
186d8bab4a0949ffb10b11bffa6959b4,0,normal,
5f603de0bb0d4d049901b1cfcffbdbde,0,normal,
a23e0bc2a0c94edaab6d847611799277,0,normal,
03750b16e623488f8f85460a5748f448,0,normal,
ea6e943129c34b538193fbae4dbb4a0e,0,normal,
93c68c409a0342e19245af480463eb90,0,normal,
9c8c26b7aab347fbb9cd48d07f64da13,0,normal,
c82ac8e302f74cf698b27048d5bd58f6,0,normal,
b510807a2c3a46b3bdff0960f3602cbd,0,normal,
3ced2f5ed73b4ebf92667b83b7e17e63,0,normal,
5e18ded77c624ba1b58ae936cfe10897,0,normal,
acd82012d540407aa8e0abf040db901c,0,normal,
7bf04cd1a613434ea0d06a2217860ffb,0,normal,
c1cb8f340dcc4d80a281104e1a53956f,0,normal,
738fe8c0a0354cc1a440d0dc118266dc,0,normal,
87958d321b1a46188fb32721c3ae05e4,0,normal,
07d2f7effcec424594636bf0253976da,0,normal,
497449b2c6f3464199141ea07923bde7,0,normal,
a6a51c24c69b4364a10d557cd96eb3ab,0,normal,
d01e3ede150a43acb2d9a8e23c9d4568,0,normal,
a8680ebf9ac94eff9ff7ef554ae3f693,0,normal,
beb707ceb74c4b148c3f8a52b04146ad,0,normal,
737220c34ab14cb09c55753417259fad,0,normal,
60b4e4ae011546baa5869e6eecd5b9c8,0,normal,
ac7904175ff84566b6fbc22a3ccda524,0,normal,
85206119589d46fe937f1e6709b4dbc7,0,normal,
583c89336c6b4f44a2faa81228818d5a,0,normal,
6f2d015de43e4f6abcff7ff2169d599e,0,normal,
25164e76ce06452aa3803a338ebcb495,0,normal,
b1042b3318be47998a8bef577a75a277,0,normal,
f36a59908cc04cf1b8cbc81bff0ef9f9,0,normal,
7628c5a47f8742a98fbee00bfc36f623,0,normal,
07aa4c1817834375a87ca62140ee82c0,0,normal,
23466e9b60ce4451bcfca773396135df,0,normal,
3a690c6502b94ba48753c2b9c118a73e,0,normal,
eae4884242f048d09b21facf7fe333d1,0,normal,
a9f5d8c382ee42a8bbe32ef2c9b25eb5,0,normal,
a62aa60494ae42df932018dedda6bf50,0,normal,
ddc2d38342e14c60986465bbf054bdc7,0,normal,
4fe57e17f3864d5a9ff3eb0c9c1a877e,0,normal,
c5f1040652a84956a5a9ae276df0a498,0,normal,
4df4762723a84229a8b2ce50cc0f2192,0,normal,
fc7914bf7dc94919b23fce0ec61f7684,0,normal,
35a0cf5281f147e784a19c0cb9d4c88f,0,normal,
e3f1ec93c25c4bc2b0ed3eabfccc6964,0,normal,
6cdea4505e264ed1b5280cf30b3b0eae,0,normal,
4cf142d6244c498285494d1e335e758c,0,normal,
4e3c0bd89f204879958aa1288ff1cd48,0,normal,
e9fa1876a2544108b5f3bb77bd421623,0,normal,
5c2b5fcff42848558ea14bb84d3fe04c,0,normal,
e37b8e1db7d342b89aa6b10c8845c3c0,0,normal,
033d566610304ce3a5b960a3693e4ff1,0,normal,
088606e080844d0382437c41fa622d7f,0,normal,
d9aa3441bef94c29a07f9b2240c2c09e,0,normal,
dd481617b849490fbabc90ccad848a93,0,normal,
fef4cd6277ac44fe9de3002533df5db7,0,normal,
6162defc54d249ae897e5bd1941cabaf,0,normal,
512270d2f97144de9f5e1e00821ea971,0,normal,
9fdab274b27c4a49aea792355e340ebd,0,normal,
7b71e588957e4dd489241743adf50480,0,normal,
d5ff0fbb04f74573b8f34f366737aa63,0,normal,
832a0d7686b042c0b92161fb9c9a3aee,0,normal,
c4aaa515786d4739b547609c9925f76b,0,normal,
50f31059d775423885eb1dd9e6c002f9,0,normal,
9038cc1e443d4e9cbf5e6bb47d4d2fc9,0,normal,
06504de1b88d43939e853bf68acf4e1f,0,normal,
c878dc71a9174a38845bc16b720da428,0,normal,
0a4c537700214c0c8b90939b70ac32b8,0,normal,
a44fa70ef4524c39ab5709362dbfdd0c,0,normal,
84127dd8044144c8acf75cd79f0e66ea,0,normal,
f23b4084616043959ff164bd2e642eff,0,normal,
e974979c7cac4052b54b777bf36ea719,0,normal,
a03c4ce36f3743159b61f0f0b99d465d,0,normal,
91af954144f24ff683fa55192721aeb9,0,normal,
ef49237c5d75444599762e40f844c2df,0,normal,
2d744bfccee542b18ac878e571321b5e,0,normal,
e94f93b103654477bbcdc8289fe40813,0,normal,
b65be8e392a240fba5cd773117544d03,0,normal,
bae44166269443928dcfa7af5f7c7f3f,0,normal,
670ab20c7e8245fa94a3b3204618a694,0,normal,
c752d7f88e2b49188e5cf7c3d5fdd9fd,0,normal,
eb7baaf216be416c9f24e1f2f3c55067,0,normal,
22ecf4d1372d4c738998241f82583cd5,0,normal,
99e2f0e241e745ba815a02ab9804780e,0,normal,
e2533c9c21844cbda61dacba34c00f5a,0,normal,
c58df873bd274d74a01ea5ea6e65dc1d,0,normal,
7f5b3839cc374359aa3f5fab5a139d72,0,normal,
36b419c49c2948c68bbdd7b87486b3b7,0,normal,
4f8b08141f2b488e8f3c016b3200c228,0,normal,
aebc88f287484adf87920f04f8ee557b,0,normal,
4fac1caba679453e8543c18e83a3e86c,0,normal,
caa6cc9b4ca842e3b61f6d52bd411017,0,normal,
8a46a2b907e84d5e960ee9ad99d05012,0,normal,
a42ddc9f7297473d8f1c26fc995e88aa,0,normal,
123d16c265dd40d4a35ebca89c543490,0,normal,
084f92535bab4c3f9470167a1283c871,0,normal,
a7b36f2cdb134442bf223f4576c1138f,0,normal,
d7f61041e743412ebb13716a162c41f7,0,normal,
257167ad7aef4fe8a9b973a1b7836ed1,0,normal,
a5f56f6fc80e4d44af5128c115f1ad36,0,normal,
eff9604a121e41f58d4db4c947e0ac76,0,normal,
bdd980c4d4eb4975a40c281fff83a15f,0,normal,
2741ad5fb867457288890fd5ab2dc6b3,0,normal,
8afb74d12f9f49e098608e3a36a5b389,0,normal,
3d755d1795424ffca35da6c1a35120bd,0,normal,
399e20c44b9c4ee088abcc6e3c0ac83d,0,normal,
2e7c29009b9e45d0a135a6de08d43b63,0,normal,
f5545b46ccc34778a24ce3f19b1219a5,0,normal,
df90eb00001d43f292725b8cac997a07,0,normal,
964f69c6bd4d4c09a0a0db0546eaaa28,0,normal,
5ee970375bd144a08844741bb8e49cde,0,normal,
0638325dee5a4bfbbb43951abc00b660,0,normal,
d5920853cff84ee98b980f0798de706f,0,normal,
8cbdfed8e0b3477eb0d797a981ac3a3b,0,normal,
c231a4e948b648c9921366108c3e171e,0,normal,
59f0f0fe6b574fdbb5707480d84dfc7d,0,normal,
d7e0cd8e9df248d4befd4830d6eb8076,0,normal,
11a09e03c515455788d032e42052e82e,0,normal,
6d2149f67e9c48678d9dff9d8729fcd3,0,normal,
b82427ec54f640bab7dfcbb02e40fa5b,0,normal,
4276c38fa6f64f089a5d2b631f73f432,0,normal,
9167f2786a394dbe9a006d5def4e1125,0,normal,
9fc3da646dcb4c458e360ad304bf4c6d,0,normal,
d7cc500d02944cc898e9b3a7f5e8b0c6,0,normal,
84e27f60559744e8a7ed6c30b5ba1993,0,normal,
962fd4d8df74419492bb02c9069db662,0,normal,
8bec36516c3b44c2bf519c6365d34923,0,normal,
c6f29aaf09374e0e841834a65646b75f,0,normal,
78b079c81d5143af9cd23e8542f6edb9,0,normal,
0a0be667ce514a988649bfc796186798,0,normal,
bd8e38f17bc8458a8bc264d971f6f034,0,normal,
fbc2c4b426764bcdbc5e5913e145853e,0,normal,
1f9edbfb7e5c416d8980300cf6d0b7d3,0,normal,
27646119e06e4aa79b5cde1a6df38cc4,0,normal,
cd18548ee4b043179abb310bc5a7d225,0,normal,
a97f7cf5638b44d2abecd8709def23c2,0,normal,
a8c3ca3f8e5f447891553451ca20058c,0,normal,
5f87cbdbd39b48908c78d6551fb390ff,0,normal,
9d2fc3ee817c4202aca3352bd00fffa4,0,normal,
f0800c34bb6e4454978a4ce811d3d1f3,0,normal,
05cc2935e7554df4a5333b202c539a38,0,normal,
c6a18461c3ef40698651ced4e785cbd7,0,normal,
26ca03b9ad8245deb0df348a654b9f03,0,normal,
87ce486317dc44979022e7b7f90cfc8f,0,normal,
97d66737aa03444aaae4e1318ec7e403,0,normal,
eedf0e24ba1b45ebab82b3578f841185,0,normal,
9a200b93d35b4eb89b8f29df736069e7,0,normal,
3e3f58dfa97140839ee31aac5c9970a1,0,normal,
7889cdab0ac94f4b8e64a3c72c2ad99e,0,normal,
2aaa14e1fcbe432ebdbdfc763d064e4d,0,normal,
f90968d7e8c648618a041bb86591ffe5,0,normal,
ce484fa961a24471b937a2101cfb0fed,0,normal,
5c145d8422d340dc8e6a8ecc82d67d88,0,normal,
d3a96a1c83e84b94843ed57bdb1d900a,0,normal,
813deebf763340739c4dcb863823c3eb,0,normal,
2a55e6536c634b278a49a9105e3fd220,0,normal,
a24d8b9ad6784d0cb8b8bd1ee467e990,0,normal,
962ea1b8dbec4c918b2b44ebd8609faf,0,normal,
df3f054d74524fb7b205c9f0f765c2af,0,normal,
e24e53c4d06944728e5c162270d90729,0,normal,
76f7ffbb328e45f68100bdcf7f1b7f7c,0,normal,
7057cc192b534311be140c8c961a51aa,0,normal,
dde93a04f3e7415baa505e1c8b4a52b1,0,normal,
d5c9064fc7ab40ffbdcb2e3cee36c8b3,0,normal,
5160b4d14e98441fb7489d8d8404f310,0,normal,
f0588959cf164007aafdbcf6b005370c,0,normal,
8fa7ce36441540629d6f5a9dea5545b0,0,normal,
bcf7c1c7fef041a692340040d4765f38,0,normal,
b65df4b16d0f439ca6ec5bf311b0f03d,0,normal,
f985501f865049d8a1e97ddfee3a7a94,0,normal,
829b1d67fbaa4c0491af77193030c9c8,0,normal,
36cf12a68f654e5386f8a3306b7c1316,0,normal,
1b90b3eb8a5b490d8bb1ef83b5946bd3,0,normal,
4a72009564d24ba4b035ee5d8c89cad6,0,normal,
43f5b50bc90d4ea2aa0635e80c7ae1e9,0,normal,
d89504557b554ec4a75bb3e01e9161e4,0,normal,
f37ec9acd413436c87311956da7d94da,0,normal,
85e0440156d54db7816a54d88bce94b8,0,normal,
de24923b471d40caaf298a20e00d8ec0,0,normal,
8b890520157647c49372ef1de14ef129,0,normal,
5ec569216d5d4dc8966f9e3f5c3b59a4,0,normal,
678f907409dd414781d88e607ae3561a,0,normal,
d3022dd03f2f42558329d64151e731d1,0,normal,
43cef250973d4149a4be8a5ef7a0ea47,0,normal,
ef9d0bd2bc424b4ab7c06667c01ab9ac,0,normal,
558b930eadf3465f9ca137d0c880ae32,0,normal,
64983e833a774842a29b8fd5070b56c4,0,normal,
0ed44d89682846c292cd6f75e321db1e,0,normal,
11ac4cfe0e8742cda4b9489de497c03b,0,normal,
11d330bae5c84148a35a5c268d96a5df,0,normal,
5000a8300e5a4df483d8d3de2a4d62cc,0,normal,
a461a139a9454bd3b22e03dae38d0c05,0,normal,
ea43ff5bd5bb4dcfa7d36ed8e3928701,0,normal,
3f0064e8dd3648cf80ba59597125c4ff,0,normal,
75b3fa26e43f461d9b9e6651b7719e33,0,normal,
80d4653bc29f4d33bec0489af8cab33b,0,normal,
4678ae0b424e4db5be4f97624ed81c8c,0,normal,
b6bbc9ef05f0428999ca8d1983da837d,0,normal,
9bd462a3425e437591c974fed5bbf988,0,normal,
508bcad1a24a40b7bddd8bc976becf5f,0,normal,
68e12d54025642f99042fbd4c544978f,0,normal,
fa1aa13e00e64e51ba7240ec12cfc638,0,normal,
e4931767ded5460fbfe7ad3e5e576e77,0,normal,
9c8345bcafe441c2b78268d0019f0902,0,normal,
d9cc03189b6c4aff96113bd685c0aa50,0,normal,
ada59f7c06284251876d7d53beef2df3,0,normal,
ab0d5c669f4b4567855138b5e8b9bab4,0,normal,
d279d3bf2ddf4909a50be47377773651,0,normal,
f9b5c49644364a97a86464241d94d559,0,normal,
cc00ef689eac4210bab9fc22795d13d7,0,normal,
6ac609ed18bb46da9adfa0bff2cfaf7b,0,normal,
b40944b99b2b48a7a0b997c837c7c3af,0,normal,
d2fe30c1b1294144a54fb5f621cdabd7,0,normal,
09b04499e4094b3fbb123343df4a27bb,0,normal,
543513eb03c046c2b65761903a1a1f77,0,normal,
af350498fd054671be730b6cc1851f0e,0,normal,
995ae11dbc8e40fca34425e6794e9375,0,normal,
e0f8ec403c254878a679d645e15e7666,0,normal,
295a91e527844849b056b74f6186deb7,0,normal,
8aa6efe65c674f4887dbf381ddf295c6,0,normal,
f91d7b68e5fb41198cdcb541765267de,0,normal,
70be5e073e9347e9942dc50ab2587a8c,0,normal,
9cd79652fc1441589e38e79eba854582,0,normal,
99ba60341d9b40158dfd724071b5f919,0,normal,
c5a7cdcb69aa4313afd07c7bb04bc9c0,0,normal,
d8f47e32379243c6bf6c4c674650ec94,0,normal,
a06e2e2b9a5e4f78a676be9a2a33ab65,0,normal,
17d686f020024722a3eecf823e54fc96,0,normal,
2f1b7f8fc7b24d918f87b1dd542f0f98,1,structuring,structuring_671
9a973d5fbb4b496c83a45d1171dcfa95,0,normal,
f2e13983adf54865a13a193ad5bfa3d5,0,normal,
63fa091f05c74249829fe404363e28b6,0,normal,
410bf78564de48b68fe73371d01fb55e,0,normal,
980d78c9c0ed482b918d93bf36be7823,0,normal,
0070fb27d8bc48239f93c85d49de2804,0,normal,
81c3da5d43864a6bbe6f74cf3434566c,0,normal,
d23264cac1204c09abbb48a7e382c5c1,0,normal,
0fadc7d4212f4887ae57d6788f40330c,0,normal,
cc1352331d4c4db5aced75b4977a7c15,0,normal,
b9730b491693412a84fae39fed830ebc,0,normal,
1135e94441fe4b308b9f9f46c3da7438,0,normal,
9ef70c9539bf4a00a9d615230a69e65f,0,normal,
2829f10ea7e6408a80c1ebaa0782e520,0,normal,
a61b6f8f51fd43b9aeab27c3373ff456,0,normal,
a8d5a86417f746199aa422098fc6766a,0,normal,
e5a81f569de1411896bc461054e550d9,0,normal,
2aab218aa65f4a1f99025640c09bdebf,0,normal,
b7f65309ea484799a0bd733ff4f1965e,0,normal,
742dd96d845342a29f02b853c677cfd7,0,normal,
85b9fc0169dd4044b979a60ec5f586b2,0,normal,
d9d419f3087341acae235afcf6439fb8,0,normal,
88262c5c7b244573bfea70e6e0efe612,0,normal,
a0241f2209d247c19deb59cd6cd67747,0,normal,
9e11fddf6af9477282cb3802878e11a4,0,normal,
cd4289dd29c642ed835a1a9a83f89c25,0,normal,
c3d5a4b8e0b84193948301b93f0037e2,0,normal,
866ebb63c0974e55ad4b2fe243ca11b6,0,normal,
71e40f06efde4eee96692add444fb82a,0,normal,
a6ec841ed7ac4747b844f2d8b3c4a0fd,0,normal,
5077ce7d1a2f41b89146d88e3e20c220,0,normal,
e9c793f5bdab441b9ac0144474ea97fb,0,normal,
1da4249f295b4c88970d87bf125bbec5,0,normal,
2aca5ff9ba07492e9435dcd8ed083f93,0,normal,
2ab0bc955ba3445cbbfddffb8eaf2963,0,normal,
21bd71adbc604a0c884e33aeacf06cdd,0,normal,
8803d4b442214e8794d9cd05c99b8597,0,normal,
0cc9303c268c4079bcb76be3a44d1116,0,normal,
44e82f42411441319b5cd825b903aaa6,0,normal,
e7138ab1296a41c8bb00e4673be4d6c9,0,normal,
66bb972dbd74490d83e572dba6bdaa7f,0,normal,
ae3f019f4ab54429877cca9f1492a490,0,normal,
6d47d90cfba14182b41372f80a01c5fd,0,normal,
6682ca4b25674aa5bc2102edf572bc12,0,normal,
f7354b970c8342428093ce18fd1db6de,0,normal,
e86b32d1ece844f19b0e2922274404e3,0,normal,
7a1f8e0147674d81b155cfbbc25a4278,0,normal,
d0a95df7102347528aeac7c787c275e4,0,normal,
5e10d456f113426ea10de38ff12110d4,0,normal,
93f38287c9f94bbfa83809344ab6af1b,0,normal,
2b873a9a45bd4eb583a44f03f65c51dc,0,normal,
dfe7fcaffdce4f7fbc78bfebdbe1c65c,0,normal,
c241e3bd05bc4745902c5b1a90b937d6,0,normal,
02a1d8e7a6d745b3b865bf5cee2722e0,0,normal,
ea0978e3dda5418298b2d0d3a5869291,0,normal,
b757236a88ab46e2afcf22d565f7ddee,0,normal,
6717713ca72c4483a4d4cde6af514c4a,0,normal,
4e8babb50b974b72afbb2a7f3cd30ed7,0,normal,
61afba3491f343b8abe0c626c14d1a79,0,normal,
d0304b16bac447aeb6cb5a6ebeeecf23,0,normal,
be79dce823fb4a0a97a7ccd4c9256036,0,normal,
3890eb60971c4fc7af38de87ec48ee24,0,normal,
afd123c658b2406084e1ed42a95b6295,0,normal,
224adf10b2c24797b9998178b98004d8,0,normal,
2bc68287107b4b56a8b79a62e951de3f,0,normal,
6a22fab41aba42908059429a0d6e1f5b,0,normal,
4308fbb6caf440f1899c44941d59da53,0,normal,
0b455f4ba7f649df8efa6209f113caa7,0,normal,
a8d55a4ded4b47e9977519b268dc87f4,0,normal,
03ef23494ea8422186d7c08b8605030a,0,normal,
b27dcf1300bf491b9df8c703a00cab70,0,normal,
14a12350aaaa4a7ea1adc4547016f399,0,normal,
de172428934f4f6da5b509dba300b637,1,structuring,structuring_671
f0f8882de39e4785850b061f43201e5f,0,normal,
be91c914b4c5475485ba3aa77618da56,0,normal,
736200c23e09448eaa4fd1f42a111dda,0,normal,
454984e2a19a4a66bcf3741ab027e64e,0,normal,
c821f0abf85746409218826f9e05de68,0,normal,
6f2c8f5d81df47bebdd547278e76d937,0,normal,
178aaec8775342fc9cf85dc37b51a2da,0,normal,
f60ac8ecb89041439ee91f0ecc496eaa,0,normal,
3034179aec414d0c919858acaebbefed,0,normal,
7c7f7dfab6b247798e17f4b0e3c88b3a,0,normal,
cb0e6d08a5d94aff92fd38c1eee86295,0,normal,
41ad1c8319cd4bc583a4c4b62f1e9b49,0,normal,
ee2b296e1a62499ba6e4397ebd6076ce,0,normal,
1a8acba020f04aaeac194506d01c7585,0,normal,
d5ad6a3d65474360b05624479d19aa8a,0,normal,
1d03d7bb4fe24fd698b389c1053f8eda,0,normal,
60037ed1029546bbad2410b1d68d0f95,0,normal,
b624f613acd14802a924aebcd9810229,0,normal,
e940bb0fb2214d408f497c5817112c2b,0,normal,
e2838c7e53c44af484a3c4ed40284cfd,0,normal,
28577c1c0cb54c23baaf48b7098f6462,0,normal,
75a2f74c7c2542b487e3e8d70d5c82bf,0,normal,
b0c9d183c2e545a1b9288591281502b3,0,normal,
d02fa7ba620b48629d76d571d77b4271,0,normal,
bc6d1981d3c54ff7b4be4ac366cfaa43,0,normal,
3a79ee3614f84315a7f661b08db40ef9,0,normal,
6362ad0aff9c4492bea56f830d152602,0,normal,
b267424b45d14d9c8b60f01544276f53,0,normal,
76b46bbc6e4147eea605ee876ba2ec14,0,normal,
50971cfe5cf449d1b8b49e3ef6fb17b0,0,normal,
63f06b109db14bb89c83688e28922bef,0,normal,
fd128528786f4fef80e9c12d74fe8223,0,normal,
538a040df8a64c1ba1a9a486b2b01df4,0,normal,
2c804251b054483b8e7086dfef11bbde,0,normal,
29092ceb59a34fe289678c5bbd8057e9,0,normal,
5cfacb8e87f243088e0af7755992300d,0,normal,
3a596d5d35894515811ccaf32923edf4,0,normal,
1cd6e151af934ec5a64475b53c6c2e22,0,normal,
6360d230ed484562a757224d194d0150,0,normal,
b49a2fb1a50e457c83cb968ad20aca58,0,normal,
5b2e85fbfd4c45568c64973bcf6a522b,0,normal,
82aaa2b82b054317aafe33faf7d9b19a,0,normal,
ecf0c8db29244deaa257698982be2140,0,normal,
6590c505a848490395c1b0d85880d5db,0,normal,
50338a1479b74073be58834e5a9a0607,0,normal,
9462eba45dd24b0e84573b78eeb786a8,0,normal,
6b0f30e9380b4367ab7086ed1d210dc7,0,normal,
5b9b273218b142c6929d9f0a8033670f,0,normal,
260ace01daed41f39d5d69ff9fecf50e,0,normal,
6b3ad9ac87fe4154b2ec863380db9073,0,normal,
31731fdfe9fa46a2acbd2540ea503101,0,normal,
15f2f465227d45f5844254790754f534,0,normal,
44db2f550fe647ea89f09b1348c0e985,0,normal,
f3ebc6759b33472b9ee843d9cb0215d4,0,normal,
ac0d7b3cff394d66829f51a9c5201a23,0,normal,
dc4edcdf9cb0409c860cd0d833cafed5,0,normal,
3d16f43d70aa4d95a124cc11e14ea857,0,normal,
ba0a01ca48d5482ca4464703e1a8892e,0,normal,
99cc5e1ee62448bc877009e8d8f4a925,0,normal,
58de2aa2ce8144bfa6d3a586b60b0e62,0,normal,
d11136fc57874719ba37f79026184c0d,0,normal,
f66f28c96afc4c8fab461eb04ca62963,0,normal,
d6a9a89f88c64c30a8310a342840f827,0,normal,
57b67b324de5450a85d95af55b81caa3,0,normal,
5dfd34c702d64e4e883f2d5751baf48a,0,normal,
f4b0c9448bb248af96f47c5b12444887,0,normal,
07b4f29214e543cf98c636916abea4da,0,normal,
80ddaeb4f19b4adda2b753e4baed057e,0,normal,
950c508895464b9986f7c92c914cd2e2,0,normal,
ea3034b3dead41189e9027ad1740ab88,0,normal,
911238196e83474ca5b974faa0df315e,0,normal,
5ded0f9f23a442489b5bd77133d1159a,0,normal,
3ae6d059861341e493ba4938b6637fea,0,normal,
f3b7c2724b124c7badd1cf420b35514a,0,normal,
053ba3fec38042b69bb665f30a6d1eb6,0,normal,
00cd79a9761946f587e9154a43b596a3,0,normal,
754663c30bff4997a2772e7b077feb18,0,normal,
2e3a12c890e949519f37bcf37f06685f,0,normal,
2557025e10ed420ab543e3ff9f22f7d8,0,normal,
74a93719aef54703870446a430846e9d,0,normal,
886395511fd541a1a5103fba9486c557,0,normal,
d0e5efadd10d4752a4ab3a9f228948cb,0,normal,
da5e8e79fb5f4f1eaedbc750572fbd7d,0,normal,
fa538ce54a6049fa889fc56200a4d728,0,normal,
3921e3c62f124024a898e554404bc18a,0,normal,
ae9bb10fc3004250bd900bba1580ad6b,0,normal,
48ed2fbd74f24f878c679f5219228ef2,0,normal,
139e295a434f4ed9aa64082a53131669,1,ip_hopping,iphop_132
3ef9c372cf6c49a5905ce1ddfacc8ec3,1,ip_hopping,iphop_132
e47cb71e94744c3f97f7e25501b886f4,0,normal,
85060462a2604d4cb9a3d608987cdcdb,0,normal,
ac3dc493ee7a4d1abe403ca90094b02b,1,ip_hopping,iphop_132
9ef99c40c9c54012b7342bae192f4fea,1,ip_hopping,iphop_132
4fa57aeac5cc40ddacb2aa5976dbe95d,1,ip_hopping,iphop_132
b3a80a9d127d43bda54a5dcb08e50100,0,normal,
fb02c9519ffe46c5bb4ee29121351499,0,normal,
ada48042c1d140a68e8c4ad12a48579b,1,ip_hopping,iphop_132
b8eb1ad56615411cbab04d905037ff45,0,normal,
df3f5f0eb04742b9ac543fb18d5a1469,1,ip_hopping,iphop_132
2c3147bad60344b4bbfeff954765b7f6,1,ip_hopping,iphop_132
b11403d381be40189815241078cb920b,0,normal,
12a8e258f6754c3797939e2dfb5a8e92,1,ip_hopping,iphop_132
6c6e6d3111464588aed648a69ec4ec6a,0,normal,
38af519145a64f4c8747ce074d52b4e2,0,normal,
423cca93df804ded9fec89e6bc7c6687,1,ip_hopping,iphop_132
78924849519744499ab0142cc0d4c83d,0,normal,
40a1d9721fed4f6dbbd14a3719bff63a,0,normal,
954af61ef49643a59aa5d2eea76721fa,1,ip_hopping,iphop_132
def77f3d24e6427c9e8896a896309165,1,ip_hopping,iphop_132
6cc1722926314b349c0d6313cc8c2050,0,normal,
b4885db1368743fda399acb87b854b6e,0,normal,
9fcc000ad7e54849a18beee988790414,0,normal,
6432b0630b3643bcb1c985384d4e8ca4,1,ip_hopping,iphop_132
81bf53ab3b974d55a3f168c2f9f1f58e,1,ip_hopping,iphop_132
4a90b0bd5fff435f9b6798150e2e1cee,1,ip_hopping,iphop_132
bbb8d1afdeba42969fec793881328074,0,normal,
2720c8b066dd4a0ab90cc97b224c5918,0,normal,
b76562ffdf224209a3c5464a7da37ebe,0,normal,
907030493e5f41b893ce5540d0b47114,0,normal,
687e087aac1a44d68d1eb423a5f948b9,0,normal,
4d2862c53edc407984533d793b566cc7,0,normal,
a01f9ae10b1445d9a5fe07e77ebfb54f,0,normal,
7a2ad8ceb5104d208ae3af8ad8bea117,0,normal,
efcaecb93d2146bf914de9f723229a51,0,normal,
6e7d75ea02dc41bd8c7b0b7595112c54,0,normal,
f29a2cbdd3f240638bcc96d9b5450209,0,normal,
c2f7c79628944f9ab7816770216fc4d8,0,normal,
4fbff517577c4184bf7e3ea4155d91e0,0,normal,
438107ecad5140bab87d5568f4f852ac,0,normal,
4969a940a5534989a0535b3fd302a87c,0,normal,
2e9c98d0f60e4a03b603c4b7a615720a,0,normal,
43d64153c3374ddda61319290e241478,0,normal,
bfed6e1ac0e84ba3afb405bc4f770bd7,0,normal,
7167ed233aeb4bdb826431432e6e9d04,0,normal,
8a800a3ee48946d8a8d6ec3ad8ac0fef,0,normal,
f9e7de30fa484374b1beca5c87fac06d,0,normal,
6963a435a67241ec86dfec950617eb4a,0,normal,
f6cc0acd3b12496e96c1014881e9fb53,0,normal,
2c7eebfdfef147c586029a483573d8cb,0,normal,
1a7f15085ad840dead971363861c41ae,0,normal,
c7692e066c6b4f5db0f5ef24d8d20902,0,normal,
6131944f101b4e39b7ccb565b2c63064,0,normal,
d889fbd3d3b94da0a84ca4676a09acf7,0,normal,
efd845d4fc9546e39573b081b0ea0f91,0,normal,
c8863ce480714fe0badfa5fa9034b20e,0,normal,
64707457a55c4522996863455db89805,0,normal,
301fec5eb9724cc3b4ad0eb199f3217f,0,normal,
a34dbb19f7e5464388b32514b745857f,0,normal,
4650aa22296f4ad79e40a18fbfe3322f,1,structuring,structuring_671
becd3b596fd74f0e89e6a163ca1d5f0d,0,normal,
b406b9b843074296a89d3c60b1c44b72,0,normal,
25b10620a238425d9359050f2dd592ba,0,normal,
835038e55df045c3a88f9108183bb47e,0,normal,
9ef0bd6df8f74445a273fcc2a51a5154,0,normal,
dee6741f80f94ca584c8acc16989e35b,0,normal,
a790f03d5f1b41939eb8ae98111092f0,0,normal,
abcc9e9174f5440fbf53070f520d4e8d,0,normal,
a749d7fce901419c83d519b83a590812,0,normal,
d79c11f2cf3a4f58bca1b81e5a5b87f0,0,normal,
db6df147674a4d368e57caf4e549252e,0,normal,
d44cc704d197404194a18bbb82339f26,0,normal,
5c6c2cdf731d4032aac8431fa357cade,0,normal,
82705b7cad774db49c6bf2e2aff43388,0,normal,
3b5179beada7499ab905923deb657b54,0,normal,
a47c878948bd4492a2f67abe58830e93,0,normal,
11b70379b81b47e687289ee403c25ff5,0,normal,
22860f64456847bca95ee055f4327d59,0,normal,
47df2aa8f2a343bc87183f978f5e0bad,0,normal,
0a44b1c109064049b797bf9bb6a2cae8,0,normal,
720da7ed08c24a64b72eb93f091764e5,0,normal,
17e9866330d4442d9406a17aac83c774,1,structuring,structuring_671
9cf66dad5fb7432999d2d05b6f32858c,0,normal,
3575e4d23ea94867a4ed9ab661e1ebcf,0,normal,
8fcaca943be74ecb8ace22f3fdf0903f,0,normal,
f64c0fb945cd4cb2a557179bcbb0a10b,0,normal,
b9c1c42ac356445b8ec60a911c8d7756,0,normal,
cf1d79a0652d4db2a6ea3fd43c2e34b2,0,normal,
a06e2f9a36644bc3bd0a7efa13429874,0,normal,
fe59f9d599ff4d91b8c3940f4573bcd3,0,normal,
7bc47000843d4e45bcb010cab140f510,0,normal,
c487899da1f745f69b39c1877db8c4a8,0,normal,
653f79a6b6424c73a0ac83173ab295cf,0,normal,
4452789e918d46febb54cac421745a8a,0,normal,
5d88bb3daa694bf5b4c922d5ee360d03,0,normal,
10c897557685426ab7e5ac60bcd94b19,0,normal,
422403856f5141baa4d53435f490835d,0,normal,
41c5155ab4774c0591d0740d1a7fe48f,0,normal,
fceef4dfe30b449eb2c1f3b88c778528,0,normal,
2e241b7b42b14fe9b907648d5568669c,0,normal,
f5290a310dc9415fba9d60c4a15eb055,0,normal,
759fbfa778114d38a473f473b116aa88,0,normal,
ec1cf4e5679849f7895ff4f6c45d304b,0,normal,
9a340e7ccd5846dc8507995ef1ef208c,0,normal,
db7668daf6574a60893fba812d272756,0,normal,
b8f0d917c92e422eb512d58d0764b724,0,normal,
6ac1977d399140668a806cd6f54d9eac,0,normal,
64fe4e843630472cb197d66d1deb43c9,0,normal,
e764128c1fc74847bc0e981fabdeb2d9,0,normal,
622d01addfe5483b8d60963b38432fec,0,normal,
d00bbc41a8804098a34cf724829683df,0,normal,
8f2315b6a4074dbca30d700c9646f215,0,normal,
36bb75cfa77f43a996851235d2e785ee,0,normal,
8f4fdc3b85aa4994b4fd5046b65ac236,0,normal,
bf99147828564341b0cb407f2909e2cc,0,normal,
ffe9bb24a0154a218a4246d446fce6f7,0,normal,
fe8918a74cb44302b90ec173087ac2ee,0,normal,
e8199ff618f24c4aaa5567937a308fa7,0,normal,
529dcff15c20430286b6deb80ca1b97e,0,normal,
9c0554d71961418ab864a3d3102d4df4,0,normal,
eea53de8c30b4706a41d1490080da0f3,0,normal,
aabf9174b35a45f89734645938ad7f1d,0,normal,
2b24382f0a0e4a5d836dbcef3b7c258e,0,normal,
4632c86b48114c8fa14c6c48aa5f8af9,0,normal,
5f8ee13c594642d1bdaca03a090772cf,0,normal,
1c7f136e56b94d2098169abf0628dd5b,0,normal,
0fdc362f983c45e891c139baa46a3bbe,0,normal,
96baff3d2c374fbdbfaae9ae2e2aefac,0,normal,
3d5d3c9c97c04b03aa8402b5e6508ff0,0,normal,
a588b75917ff48cbb4d0e6cc50f18ca7,0,normal,
24b50f50db5d421b8d1685781876ca56,0,normal,
0661f419dd6f4393816adf5f74cf03d2,0,normal,
380cbe2bf9ab4ad79c4a22aede87d82c,0,normal,
8ba1d9b74bca48059910ec665eb5e6d0,0,normal,
728b1a52b1314128a931fcf2b425be16,0,normal,
75453661ae1b45378d98569ff5f6d36b,0,normal,
537535789f6a4397a4c177806865b815,0,normal,
837c022e111a48078f5033e52b9a7f43,0,normal,
219fdfd3d4664cf79b1666713027b819,0,normal,
805d495f078147a48747ca8f01ad29a5,0,normal,
411b59dbd6934cce9e98f054a235bd2e,1,fan_out_mixer,mixer_306_fanin
4ed0150a01c9400ab0c53bf0613bf84b,0,normal,
f9a730a642ab41139d3da3c43287f52a,1,fan_out_mixer,mixer_306_fanout0
59652760043a43969eeb121439bc2af7,1,fan_out_mixer,mixer_306_fanout1
11d537e4d03c43128367c7128f7081ce,1,fan_out_mixer,mixer_306_fanout2
17dc98467a744835a8a8ecfe1bbf39c4,1,fan_out_mixer,mixer_306_fanout3
31034d4a98604bfcae2b1468518610e8,1,fan_out_mixer,mixer_306_fanout4
1b82a48f5c2c4dcaafcabe4097a9f6ce,1,fan_out_mixer,mixer_306_fanout5
66d91d588dca409cadac0dd51cf58358,0,normal,
15a2604f7e4c44c387d45b995385810f,1,fan_out_mixer,mixer_306_fanout6
bd60eab2a74c43028c4611e42466e27d,1,fan_out_mixer,mixer_306_fanout7
7dcc4073f8424ee6b94513640d77d6c4,1,fan_out_mixer,mixer_306_fanout8
e6bb3f3c6c284a6bbd22ca713416531b,1,fan_out_mixer,mixer_306_fanout9
c59362a5e9f247edbd44da86112b70f5,0,normal,
fa8007ecbdda4b5da19c01368dc278c7,1,fan_out_mixer,mixer_306_fanout10
ce93ea4a2cde4205b2fd0b30b7f4a5be,1,fan_out_mixer,mixer_306_fanout11
d74b02c2e9584da08edd3882659f2d01,1,fan_out_mixer,mixer_306_fanout12
ea303e3a79f94f699c76ea3b6346da67,1,fan_out_mixer,mixer_306_fanout13
24bce5fc2eef44d58dd75d4f31beb135,1,fan_out_mixer,mixer_306_fanout14
6be534588a8545f098ef49cd33b5313c,0,normal,
6d29242581354557b862382bae5e2c13,1,fan_out_mixer,mixer_306_fanout15
934019248c5646718f16c817e509e5a9,0,normal,
69b345b0276448fe9aeff057265a02d0,0,normal,
472193122981488c93110a43a554ea16,0,normal,
10e413f328e94a8f84ad39fef8977625,1,fan_out_mixer,mixer_306_fanout16
f1d9d3dfbb2a486db631da04b56fa1a2,0,normal,
b48a4add08f347b2b025b895a74b3240,1,fan_out_mixer,mixer_306_fanout17
97bf75b4bdf945668e67bc90d8af2c48,1,fan_out_mixer,mixer_306_fanout18
ec596069a50c42f681e45f2c5456aa26,1,fan_out_mixer,mixer_306_fanout19
b03f2a4bfe2047b4b71d7fa70e3aaa83,1,fan_out_mixer,mixer_306_fanout20
00821e5616fe446895a9689170895f77,1,fan_out_mixer,mixer_306_fanout21
40ff2eaf49e94740b917b7fc2d0ddb61,1,fan_out_mixer,mixer_306_fanout22
a444abb090d24bdebd52939cb36433cd,0,normal,
db1d25a8877948ba84dadd391ba8690b,1,fan_out_mixer,mixer_306_fanout23
a95b72415d0148538d6771c04eafcfca,1,fan_out_mixer,mixer_306_fanout24
e8fbdf99d79c4716a49dd088f1e895c0,0,normal,
700bd9be81364f159a12fc00fefbe82e,0,normal,
89803a0fe6cb47dda2f71feb3db83b1b,0,normal,
e15e2a0c74544c86b50135238116cb82,0,normal,
b70934af56d94b69aa7211c168ef6b86,0,normal,
4ce17e42b9054f53a90e8c32e3fb15a6,0,normal,
4b3b22b67e69462eab72803c1ea0d4c6,0,normal,
c9164c15c8f24e5ebfcc79ce18ad7ea9,0,normal,
3d64bb4479444849850ca4e5e3d63823,0,normal,
37bbb505f0334852870b75ded7fabdad,0,normal,
966a3a2148634170984d195b01bbc9e2,0,normal,
a13ce340cdad4853bfbe0889bbf98b93,0,normal,
84f1cd01799d415cb1b51dd5f1f7a135,0,normal,
86318769e8ae413488cc89d6402876bc,0,normal,
aa6ebc9e508f42098d00eac1d103723a,0,normal,
cb6af8c2074349c3b512eac21e4d20a5,0,normal,
5ea21d7d904d43fc919d1bcde628ad96,0,normal,
f4d74fb537df4bf9b27b6e088a57ac7d,0,normal,
279efcf05dee4d269b05efb82bc17ec5,0,normal,
f712af5598fb4e92b850d78370094899,0,normal,
3e62086e787e4090bf7fbeaeb66d57b8,0,normal,
70723f20f22c4f0db9041e3daabe303a,0,normal,
deaf1b9d51164b7daa7752b952b38e4a,0,normal,
641d1722f1614906a8399b33024c995b,0,normal,
9e0a811e524b48abb1794ba6793af617,0,normal,
02a366f9b4984b7e9d168532b8acebf4,0,normal,
c2150254f7a242d4989b257113607a40,0,normal,
668c02b03517451585456611d941867d,0,normal,
8c89186e2f6c46e49f4a7548aa868fc9,0,normal,
617b7c9760734be4a8d9a83a7c742324,0,normal,
30515c33f19e442fabf193bffd57f6d4,0,normal,
e66e981709a84cb4b2cc495c5213115c,0,normal,
0a38726cacb64e70ac963af5022d1d05,0,normal,
af2e7994c34643d585894a973c11c22d,0,normal,
84c24d3a3eb14a3d87bc050a617d6793,0,normal,
f7a789f6bce84422b35881fdc0c10b6f,0,normal,
792c5844cb214aa6bcf1743c77db88bd,0,normal,
30c1a19509354466b19d37a42f68ee9b,0,normal,
57d304bf03dc423aa89a862122f3fed6,0,normal,
159f1a08a2ad479b929ea59cd970e51b,0,normal,
d72f0274edc94b7ea97ccc1874017f58,0,normal,
3d724400200c4a45a7efe1f4ed469527,0,normal,
7a54a837a1ee45d7b1b1887d1d9f4d65,0,normal,
618cca8b4a534accb8e264b792478eb3,0,normal,
99569c65d2f342808e923a04551d3814,0,normal,
ea76151bb8f643bf9f28f9b7526d1cb1,0,normal,
794664658f2443beb10c70e11a4d3c23,0,normal,
2e88d7a50aa543db8b5dad3826aeefaa,1,peeling_chain,synthetic_chain_681_hop0
fda39889beb0455783a9d9c426b23ab6,0,normal,
790dc0febeeb4912957b34b78e2ea38d,0,normal,
77a143eabdfb490cbee9f39c86d42c68,0,normal,
575952f092de472e8ec9a0e77e61903b,1,peeling_chain,synthetic_chain_681_hop1
914671a5555c48a6a253eae3bdb8f7c6,0,normal,
bd187300fefe4959917f5113de44a870,1,peeling_chain,synthetic_chain_681_hop2
933e29676c0d45458e89a0ab509b44e5,0,normal,
87e2bac132a14596b2d35e39486dd3ee,0,normal,
02049fbd24fb41ae977d897721ae34b6,0,normal,
af6e23f047a74a7ab1f4f9610b62b339,0,normal,
ccc2918865d04237a6725c4dccf864cf,1,peeling_chain,synthetic_chain_681_hop3
ea46118e8d5c4633a63d2a534bd98e7e,0,normal,
b1f018071e4c4042801c5922340350e1,0,normal,
e84f010c4e7848909bf136b12dfc3c7f,0,normal,
55f0bcc6e15549b688f170dd8e9bdf5c,1,peeling_chain,synthetic_chain_681_hop4
d743e0217ea34617a841ba14a895c478,0,normal,
f311a06babab4540885bdf63628c69b8,0,normal,
7b0780453bf344dd8911bea76db27970,0,normal,
a6d0ea99b2854c08a0ae88858d5a3fd9,1,peeling_chain,synthetic_chain_681_hop5
31e9468c18bb4b098318bce742ec4f3c,0,normal,
10e321dc96324fe0bd97dd6aa49b9602,1,peeling_chain,synthetic_chain_681_hop6
a37b93c0a89542a59e00729984a93ca5,1,peeling_chain,synthetic_chain_681_hop7
9f841a8448c9419a9ad357846081d12f,0,normal,
96646b1c14fe41e78a0433f43a711867,0,normal,
b253a6f554ad4a028e08be624a0a50da,0,normal,
bf129aa7bbfc4b199bed39c5ece24a90,0,normal,
d79d03c0f1074322acbc5d0bf9e202fe,0,normal,
47dae399f15141238f69d827517e2b35,0,normal,
84f7585322fd47a9abad3982f99a1953,0,normal,
816f7736f9994f7992f255e70e95ece6,0,normal,
71b67b44b1864e54837542767a834e8c,0,normal,
dc91c7ff824f40a7b5c53cd4340a907e,1,structuring,structuring_671
d993f0075c71471aadbc40191b2b3136,0,normal,
01eb142228384221904d43152b32a8e4,0,normal,
e1ce5b4bb61e41bd91fb6bb83f5a6d07,0,normal,
eacba69b7fd3451b93510a16028035b3,0,normal,
2d58e444555c40f88b9db44b6a0c070e,0,normal,
1e9df519fecc4290a8e85675acd7b280,0,normal,
de5beb6f2cdf4c4fb34ab037ee744e22,0,normal,
a5fcfc09baee46ce86d92c558448d8c4,0,normal,
ce43b5f8d17c47839b5fb2b32e904409,1,wallet_reuse_burst,burst_376
24ab9f30f0e24f2e8f9a040dde62c506,1,wallet_reuse_burst,burst_376
e10cecb486cf42a5ad955b6d19b8eeda,1,wallet_reuse_burst,burst_376
39ba4a434f534e11aa558043823067d9,1,wallet_reuse_burst,burst_376
a8712eb48c71459a9273bd4f84b97ad1,0,normal,
f728e5ed29284bfa914a63d1278c37ec,1,wallet_reuse_burst,burst_376
c80791cb034341928a06b61f8939c6fa,1,wallet_reuse_burst,burst_376
97eac21d37ab4f8aa485bef97f6ffc78,1,wallet_reuse_burst,burst_376
6c0d520e3698481baa35dc6dc308e2da,1,wallet_reuse_burst,burst_376
6a34f44baf9b4c3aa4b9996fd1077ccd,1,wallet_reuse_burst,burst_376
a7a0a73729754a77ad2bb309e703c543,1,wallet_reuse_burst,burst_376
ee74ae1d2d4a47b3a33ee084c2b89ea1,1,wallet_reuse_burst,burst_376
ccb44b5732c74835ab9abf600fb64dd8,1,wallet_reuse_burst,burst_376
7d4d27e4d62d49c4af87dcfe3fc6116b,1,wallet_reuse_burst,burst_376
9d56cea5dc064b1097da4d3f0f1fc7e4,1,wallet_reuse_burst,burst_376
daaf2db9e8fd4da397fe99b4372d62b5,1,wallet_reuse_burst,burst_376
3f82b896c51e403ca1a9a69f4befce81,1,wallet_reuse_burst,burst_376
7b2884b1419d4923801fb2190739761d,1,wallet_reuse_burst,burst_376
b20988392aa848ba8597daaf36aee693,1,wallet_reuse_burst,burst_376
92d1e3cd44d64681b1c1c2907c8642a3,1,wallet_reuse_burst,burst_376
6b9e4bb9d799457cac7a4cb364be5634,1,wallet_reuse_burst,burst_376
661228a7f9bd4832aba536306117c413,1,wallet_reuse_burst,burst_376
ac63472640104bb091ac6a462a2c091c,1,wallet_reuse_burst,burst_376
fe00612b493149a6962fd4224db50dde,1,wallet_reuse_burst,burst_376
aff71f779d7a4f9f84a6ad8bfc434a01,1,wallet_reuse_burst,burst_376
87548655b0924f3094fc452536588b38,1,wallet_reuse_burst,burst_376
ce8b49183ca94f01bf2f965d08b5c11b,1,wallet_reuse_burst,burst_376
67f05222fb58495eb7aa128ca7487270,1,wallet_reuse_burst,burst_376
c23a0a18fd28464f8c8dd132f93687f4,1,wallet_reuse_burst,burst_376
8cad5ce268424f56a73a5164fbcda590,1,wallet_reuse_burst,burst_376
e8bc123a71064c319d449fda8a5383f8,0,normal,
9b0b0c4b351448fb8855c55f75406483,1,wallet_reuse_burst,burst_376
14c9fef3777245a3bbce94eb5ed750f6,0,normal,
62213fd509fe49d2b3addf7d29cc5ea1,0,normal,
a0ca21972f3e467785eeee8c34daa4dc,0,normal,
6ad8e69b34ab4a9fb732a52f2b2fee98,0,normal,
95686c875e354dc0941b0a9f818e0b8b,0,normal,
3770e231adcc4d8b947b9eec8f0aec1b,0,normal,
21c5b33c032e495289ef088d124719d9,0,normal,
4752fc0d2a2f49b7af78f13191c5139c,0,normal,
a6272eeb8b0140419184ff65aa73dfcd,0,normal,
e43b35d22fd74750a42c0011d3ea7a0a,0,normal,
f9ee54cd0c7140ccab7f3f047d6730c9,0,normal,
96ebe6f8300b42d18efac309844772f7,0,normal,
9103d1a274344ae19a191bac21714b0d,0,normal,
fc78c37b594a435cbaaea6ecf42f5387,0,normal,
bc80f44bf53d4c48b91d179e60ec26a7,0,normal,
dd9e385eeb33448da9cd707b4e8744a6,0,normal,
392a8a5862de4f008bd54b69f2ff0052,0,normal,
29c7f6ae6cbc434ba72ab820de19ee0d,0,normal,
f98280aa6c0f4d0288e33061f87257cd,0,normal,
6a7df50a82ab49ecadbd3277d96421ee,0,normal,
3730216618dd48e79cf0226a9b384b36,0,normal,
d117d370a929442888a8bdebeff9c0a4,0,normal,
82d3baadad144db5812f3161037df6c9,0,normal,
bff0cc78f5c448b499472e47d549f3eb,1,structuring,structuring_671
b69ef3d3c8e24ce6918b7174d08584c7,0,normal,
8d42ef4f522a434d981c631260ba9092,0,normal,
63207d0cfb7b42f99be16362da08598d,0,normal,
af8750265c004ef9811a86d34db70b0a,0,normal,
940e173c62b24e5bab85255764c4ec10,0,normal,
f4cbf68c345d42ceb6ea7f3674b1d0e7,0,normal,
797a80f8c46a41a1a1fee951c1cf2155,0,normal,
489686f93b46426fb77b41cb1d2913d7,0,normal,
8b58bdb055d4453d915ce7d47b2ad563,0,normal,
93eed4f169bc42d9b1e5629ec9bc17f4,0,normal,
6410472ef97a44b0bf0feceb931266bb,0,normal,
2fc8a84beb8142c4927e565bdba899c3,0,normal,
66ff22a762a04907ad181eb20f71b7de,0,normal,
e4256d5122f249008b09b011deb0ec6a,0,normal,
50406692b6cb48df80da20aee867a7d0,0,normal,
decadb8b7fe7475b91329192ce03157e,0,normal,
bbd152fb7dd948bea61f37bb2980f509,0,normal,
85099b7f983143879b36cbb45242d383,0,normal,
4c695ec89a6b4b8691c0ac81df919f84,0,normal,
435a9983890a4d9c93993ff597fde89e,0,normal,
c02a1cf464bc49c3b1cd2406d423ad99,0,normal,
218ad37e4a5d46c28b667b3b08e944fd,0,normal,
7cfd4c0b4620439fbeb22bc0c283c2ed,0,normal,
8dd9d1f4992b494981a7923659eaa6a8,0,normal,
bee7699755de499cbf2d321f8df28992,0,normal,
64db916187f24232bc620ec0701cdf97,0,normal,
1a0090436291406281d4f5154e97057b,0,normal,
a17a871919304d0a8c10ac40b125e92c,0,normal,
dfd13960754443eda99ed6ab0492099f,0,normal,
5aa8f2c97b0944ceb39125e88f20fe77,0,normal,
5a82c101d0f94041b98934849104d7cd,0,normal,
bed546c4c80845cab235d1e883762f11,0,normal,
7e7664fd43da4fc18552e748a4d6f1da,0,normal,
e6b5d43988c749fd920ec59a119e42a4,0,normal,
a0a193aa95454ec3b0d8c9730612cb96,0,normal,
fbcd785a18fb4663b8cb4c70580a2d35,0,normal,
2ba887834e7e4de38ea2722547709290,0,normal,
7dbe8727c1764a04afef0f1b5cb1b946,0,normal,
c5a72bcf77184d5eb6de575bfd6d779c,0,normal,
00520d2c581b41329dead993e7cd3148,0,normal,
510c5903b7fd4d589a6b23e69147f565,0,normal,
f7e0f1d69c784d208fc2443a1922ce34,0,normal,
6983c00071e741a481b10f3888015ba0,0,normal,
b3fdec8b88f44e87b8433d75536c1a46,0,normal,
ddfd079d5425480db0bfb3dd3834548c,0,normal,
047bef454c1742db989e2b18cdf491f8,0,normal,
805d882f8f6c4e0391a5df759d69f1f5,0,normal,
211136d5ee10416e855cd10942bdd60a,0,normal,
3982b2c1630b46058053f1e318971926,0,normal,
10c05901a89c4519bedc5b2a5707425c,0,normal,
6b6692c51dbd42ba92796fd716716b62,0,normal,
f26784a8eaed49e2b23d215658295151,0,normal,
3bd74cf2175549079bb7dea0637832fb,0,normal,
26692b9700434dcfbd808a815117cd04,0,normal,
964ccfb40513464e924a658d6c2df902,1,structuring,structuring_671
a904d89d06cc453283054875aaf1d59b,0,normal,
4d7a3a4bd0534fc185b452a7a3f03886,0,normal,
8a7958bec5884ab8bdf4a5c1c6225118,0,normal,
585a65c767904395a3b454f9173822af,0,normal,
6eae9e4ba9ad495f9a02814e49405aee,0,normal,
a194cc10fd8f46cb93d8043b218d35a7,0,normal,
35c5b5951ffc4dea9f0e2b01bd22ddd1,0,normal,
30b452e587204587b3b611f922e755b1,0,normal,
234a9f08abd04c30b9cc94691afa2cdf,0,normal,
2281a9cb098249a88eead14d8cb5ce12,0,normal,
49422a1f9c744931a18308fadc601385,0,normal,
12a85d14d9bd4a73b25cbda193b9d649,0,normal,
1bf943e845864a46a12aa477f6e6e8da,0,normal,
a0c4ac20c8864af8bc41ba1ab2c00a1b,0,normal,
167823fa6ec24f23b40518db34b26af8,0,normal,
498fec772e0348c9abeca057151971e9,0,normal,
bfd73f0fbbb54142b4db62aa79ad8099,0,normal,
51bfccfee27a496e9534ed0617aadfb1,0,normal,
23be4c41182e4e16847b46419c4debe5,0,normal,
91c42c7843ff4707b089eedd2d7c82ba,0,normal,
81415ecfde304b2faa44d0154cfe2d4d,0,normal,
d940b4ff30cc4a35b2ccfb73bc09eddc,0,normal,
d2843c6c4ec840649001aedcebf3f45d,0,normal,
2a7c76a1d6e24247a62094f0aa491205,0,normal,
d87f3f5b8b844ff38a254c744ea2b46d,0,normal,
efdbb5452f9448259b48b366f66c9351,0,normal,
af9175223c36452d8944e4b57e67102e,0,normal,
bb1e6fb3fb9946baa9f531bc9dc20338,0,normal,
c589969a516142b286d0f1929105891c,0,normal,
8a326b8c6d054e1095b3274bd05b7a31,0,normal,
cedaf8beec7c4f3b9ad46100cc596fab,0,normal,
214698ec6d3947bda8173b668f0d9857,0,normal,
f9237006e2cc40f799f982c3d19ba49e,0,normal,
d548bf2e19c34a7197090a9542e79301,0,normal,
0603c02bb1844e8bab9781b2ab08653e,0,normal,
e41fc8b1eed04afdadad0666e6d77caa,0,normal,
b926921525854794a6f642565a3adac2,0,normal,
a4df09e43cc442ed9a07852256ebfa3b,0,normal,
acd22d94f01a43c495c77089a059dabc,0,normal,
50f166c2ea6548f8bd4895a6ea5455f2,0,normal,
ea1ddb6cf2cc46fbaede03dea487e24e,0,normal,
e5e6da485a1040fe847ba184f2b0cc30,0,normal,
bd33b6a2f9f9404782b442f01d990030,0,normal,
74735f32e935439a920882a663b1ebc4,0,normal,
2930d76fe86e40bf8b6b2a1620d33b79,0,normal,
841099c006684c8d94607fb319eb68fd,0,normal,
1abdc95757a14614b2568171bf8e06f4,0,normal,
e9272b42338e44129873bf892a3a1ad7,1,structuring,structuring_671
f34c685354dc416e9613219040762189,0,normal,
6864a799a26a49909e9c9de058f5736f,0,normal,
39934f8a5d774ec88379055a50edfe45,0,normal,
3596906ccb7f460e8c74702611ef77e2,0,normal,
42ab31093af6494cabba6a68fb8c12cb,0,normal,
dc665eaf42794021b7075a990422bf37,0,normal,
58d61a37aa9a48eb8b52e0314df5ffbd,0,normal,
56b91e8ae80d491988ae35c978587b02,0,normal,
ade4da95b4b24527bd530a1ce5c1e0f9,0,normal,
c8992f164b5147dcb51caf7f7400d083,0,normal,
6e8162e61dcd4179b6e0fe107c113fbf,0,normal,
fc32973396e6405e892f5975ffc6bcc0,0,normal,
958e3afeb2074780ac876a450d053b13,0,normal,
767fabb678f2498e856259ac2f0adb5e,0,normal,
94345a38a745403c91a724a06a67e1ea,0,normal,
03cd4c61c46544af8ea8e1bdfe7470bd,0,normal,
e497568c7e694eee8ccf5cfc6c59da58,0,normal,
10919081e37f4adfbd13bce33dd9d506,0,normal,
486d537e65d94a019ef65c5a8a43527c,0,normal,
b5597b8da9364a5db226eccb1f1ef0f2,0,normal,
3b415b8789614c1bac5471628e62c3e9,0,normal,
c0a2b9166cf948ccb88c00e6d91de77b,0,normal,
1534d72250cb4a3d80b3f3774fa52c1a,0,normal,
41f47ee09dbc47deb6f19919010bff14,0,normal,
d7291fa5fd5048d0bb36154685ebc9b5,0,normal,
72aabdc53d5845fb84bbb81180fe1a4e,0,normal,
fb01d9bc16954e9c9e6f7f06aa111f07,0,normal,
8e32dddf5834449c80997242cb84f7fc,0,normal,
61f06f2dd7614796b487f39038e971e1,0,normal,
55f859fb414541ba84469bf5411e9245,0,normal,
9b21abcc6c0042a38ecb781c2d1595c1,0,normal,
25cd846b892c4557abd9ffedc38c437a,0,normal,
b0facda4126844f49660dff20d85d3eb,0,normal,
6738b66d5f8e49deaebc88173ba3c2c2,0,normal,
90bf5a22e6374298b240461a61de9a31,0,normal,
93bc86e68e2a463983a7f2be28859ffd,0,normal,
48a86e7ab4c3436297a182dd42c0ed62,0,normal,
acbb576970fa4a4aa654d3582e809466,0,normal,
9d94394a0c4a4566958452aa437f3666,0,normal,
8a50257e54aa4feabde72e0f2ef72a7c,0,normal,
1a1fe40be41f452287ff4136f7d53476,0,normal,
1c90a72c3e20490b8a4c8414a30589a5,0,normal,
cee84332f0a7406bbf7c5ba6933b0657,0,normal,
d4701a6cc25948b18ea43321c5c389ba,0,normal,
70f282a7e57b4d58a66c6a3bd0dc8f68,0,normal,
6ff5ce3cc669435b8596ad9491828b56,0,normal,
5f1a6cc1925743819ce92da53e228371,0,normal,
1ec3cdd881984c548b4658ffc01a1ddc,0,normal,
c13225c1fe5f45c4a5a95e0ae3798d7c,0,normal,
8e888b1e57d14e63b94ccce7d7755a53,0,normal,
d7a2af8d2a354a308b8b5df132251e18,0,normal,
c5aca551c926467fa231e7a560a36df6,0,normal,
5ad71d4ec4de4e30a0807e3e90645f2f,0,normal,
9812086977cf4a1886b36c2e415bf56b,0,normal,
d9549be9c3a74226b482eb520060e88a,0,normal,
906a477a7cb64a73beed975aaa30af55,0,normal,
3cff5225cc5d423ab3885e14ea428125,0,normal,
11a2e224c0e04c60ad7341670a0e2313,0,normal,
309588f38f974bb3b90dc746964e42f1,0,normal,
cfdf4d0667704da9aca9c5d524c54a13,0,normal,
48792b41c33a4c389156027a3d9d99ac,0,normal,
ae6d56ad35a14767aeec42aa61888ba0,0,normal,
581adfb62886410c9b5d0c30483b4b3d,0,normal,
079de098020349a581856e0e831b516f,0,normal,
157c419e149c43f68271e8b3ed4bfb1d,0,normal,
d424db8204104af7bc70db5c5b6b4371,0,normal,
65ea0bca05e14024afaff304937e4e20,1,structuring,structuring_671
4bb300cf1e0d4e3397566815af512d13,0,normal,
3511e2a152404d82b7a3ffffa968a229,0,normal,
d45a03db389a40b3b79cbc0d7b7bf6dd,0,normal,
fd922bf38e3542ac86047cd84142e1f6,0,normal,
9a5cc12eed8d4135a1c411a3e61c0272,0,normal,
260992c39f174e24a5d0167993c183a3,0,normal,
a7ba1f91f34a4ba18f971b5f69e7aefa,0,normal,
7a4146029fc049e2b324ef213cfffc76,0,normal,
e8c491b2784f498a927fcad7fc25c672,0,normal,
284b7f41c0ac4bde8f056d8d8fd9d597,0,normal,
69708e22d71c4498b064e8c05276132f,0,normal,
eb9d73d717ee4a6fb631f5607ade2f86,0,normal,
13bfee4da66b43eeab9a2cac56902f88,0,normal,
a246fc4cf969453c9bba0c6dc1939587,0,normal,
3d46174aa11d4156a08f5b1d147e4ef8,0,normal,
e8ada8eea3cc400eb84f4cbb23bc9a3e,0,normal,
8b8cb64f26604aaebb75fdd4daa19a75,0,normal,
66b955d06880436b96b2b7988af3ba33,0,normal,
6cfa9f51a035454a92e8336282c5a2fa,0,normal,
eff605e5f3954f95849f730f312649af,0,normal,
564b00c26ac14a9db67ae6cca2b39d45,0,normal,
8e80c867d8e4473691bf2f47c8fd0d48,0,normal,
028f210d4a954bc7b86dc9e46332a759,0,normal,
d379770b95e64a6793f0d55b7e5f18ff,0,normal,
16f176b281154ace9e5873a56c9bf4bf,0,normal,
5f9c763e77104b679edf17d698e47d46,0,normal,
0af09f8d833f47d8974aff9fdf158134,0,normal,
8582539d699246c795fb360843a05a3d,0,normal,
55cb5b5245f64e66803fba0e2873e5d7,0,normal,
1bec616a15474bf7a766f1aff60a4433,0,normal,
b4c5a6516d1548ce840ed2cee21a89aa,0,normal,
68faa225698f4db5acc1105955d49948,0,normal,
eefd373beb284bd0b509e55ffae7d73a,0,normal,
a411024ae0964ca88827610d5bb8b70b,0,normal,
6e951c90646749e78ceefacd0f2adcb8,0,normal,
3f432baa27b8490581a3b4587c429238,0,normal,
7875f62034894fb29c3a6c60d2465a85,0,normal,
902d3528af8a4956b0cd0ef9cdabbd4a,0,normal,
55cf8669503945fdb5e55f66de670b48,0,normal,
5e2227e7396b4ed1bd37698634141870,0,normal,
34a43b4c414c469db91edfbbfbacc06d,0,normal,
3d249d690b64413cafd227a5ebb98d1c,0,normal,
25f86c4f41b04ba4a7a6addfa7fec6e2,0,normal,
fe414da7a767446b85b917afe5fad387,0,normal,
7a10650e193748c89ca1af5d0b448354,0,normal,
0f1b154942054577bad6270626a604a1,0,normal,
cd2e4e5b28064d5cb491d47217543777,0,normal,
444f12d0c63f4447ae7609be093f053a,0,normal,
34d2feae00704ae8ba428037dcad9399,0,normal,
21ad328345494204986d50aca716459b,0,normal,
bf337710d7aa48729f3ac9e6eaa3f788,0,normal,
6f473fa923f548d1b6a5881e0dc70be8,0,normal,
ab630ab5ddb34faea92c182cd0ced9ea,0,normal,
292d8aa53532490091d1c06a34cd27cb,0,normal,
1a928b02f0ba44d29e7f0afb6bc170df,0,normal,
c6465560cb314eda829d5326e14ec0c4,0,normal,
f5728383a1964c2592f4a9e4cb458bcc,0,normal,
c0753df4c37d46208202f5ddc8c5eb24,0,normal,
0d0552150f224914b0806b84d6b88cb1,0,normal,
44ce341027dc4cefbedd3769df07eca6,0,normal,
20f4edafdee44a969bab966b24a27951,0,normal,
96ed92150ea044eea75cbb5720234ba0,0,normal,
413bda2576d149faaa86dd0f20ba9943,0,normal,
9ac148c9043540a9b1f6b0f5d8078bcd,0,normal,
60fa814ddd63420884d0d5fbe9263e3e,0,normal,
59afdf5aee134c52b204022fcb79e8fd,0,normal,
8de1e90f38674c8fbf30769c2dd15620,0,normal,
05140635bbbc48f3b9492d6c74e27c20,0,normal,
596be09d237847a48ec29de69d2bcac2,0,normal,
646ca499f56d4895a4d6602ae4cc8362,0,normal,
90b21c3eac3646198a66b9d8fbe979d9,0,normal,
cdc09ad4add64c139c0565bc9e0c1786,0,normal,
5a11f255224a41d28df5ad5e6a991d7f,0,normal,
0776a972639b4c848c1c4ae1be6c7137,0,normal,
08819f8abf4a42a5b30f0188fdf7c1e2,0,normal,
30827530a4c64cd9853958b86277db87,0,normal,
b3799d2fb7094f3b96eef30519d3db88,0,normal,
72cf7699d5014c79aa8d9cfb6e70efac,0,normal,
44d010a1d7574983af7e5843aed253f4,0,normal,
2050e6021fce40a2a5668c3cbc733a05,0,normal,
48dc9c9925b940c488fbad5ef72c7431,0,normal,
44158fc10a3a466ba6afa9110e666f4f,0,normal,
e892e8b031fb4a729af3a632a94f2ca8,0,normal,
8d548d2394cd408db2d0c17694d99b1b,0,normal,
de41e0f62c0a4d6c8546b7bac891888f,0,normal,
e2ce6b1397d641f883bdc4241b2f34b5,0,normal,
ff0e4ca5014e4fb1b026447bb9b48ab2,0,normal,
ae9f19660b134afa94a7dce0a96566ef,0,normal,
b9fda5f584bf44d392536a1c236b3bfd,0,normal,
d9ceac9de3444495b364ef7bfee99060,0,normal,
a5c409d8845c4de3b1ac21d00c52fd14,0,normal,
aed2f3e726de47d4afb1a39c8dbe6822,0,normal,
c2cf9a3207c14ceaa24512cd1d745ae2,0,normal,
7a99b98135dd430885c9b2513a7af4cb,0,normal,
311bcddf94244552bcabfbba16566781,0,normal,
10710585f4f14c69bcc841ec843e776b,0,normal,
23a5a0feb8ca4cc482aeb00086b2d73f,0,normal,
614c50c620fe4ddf8d5ab23bdedc64eb,0,normal,
c27111ef76634a96a8ded6423251f76a,0,normal,
473fbc3eab37410e92fc558099758de3,0,normal,
7c7172e48790450ba192d507a0594965,0,normal,
1cee0266f2c749909503a4d5e5715f85,0,normal,
a8003630b0294acbb2f3ae4ee0b4baae,0,normal,
c9a6e81547974ab0bee40eeab5d7e1dc,0,normal,
2ac69bdf16174cc8807960d5732ec328,0,normal,
aaa01288446641edb948fdbba4e61643,0,normal,
349676bec1f4492a851de89cd21008fc,0,normal,
c67d18b3d8634121824f6f5d6eec9f3a,0,normal,
ae726483bd19442db362a1d1e6aab207,0,normal,
4290db3736904f1d8d2f6f6e629359cd,0,normal,
ca3b8c4cda4f4cdb8d0020fc7d64cd1b,0,normal,
bee46d1f60394d868cc00ad4ff9b7478,0,normal,
fa070e13d97b4d5b9b33fc7adf3a2218,0,normal,
6ff0b2b4c9744b08b8357dfdeffac4c9,0,normal,
db7f9b0b23a34e6d8f06dfccace201f4,0,normal,
e01bdc0df95a4bde9d46ca273818d303,0,normal,
55129fb67f104d4290a8f52c628103b3,0,normal,
8d91eb8e6e154bc29cd1b67c90c73f11,0,normal,
d793d7a7bfea4ea99ee9cb551940d5ff,0,normal,
8daaf243706a4bb1b1539f4d5350e212,0,normal,
0d484c3446b64fd4bdefe6091e08464d,0,normal,
bea24da6fc964d9fa3d9f03432c228d9,0,normal,
7f6adb0d78804bffa2bbfe005cd6999c,0,normal,
3535a62872fb4feabd6b3d1b59693129,0,normal,
0b3e381579db4fc3a93e0b75c7a91f5e,0,normal,
8699c9f67fc84658aff05aca58f25414,0,normal,
cc0f01b6b3c4433c8a3c27074d0eb848,0,normal,
9cff797c84d14b828cfe504b3d620339,0,normal,
049a31b064ee4bccbff1db2f099adb12,0,normal,
bf79e2a77d3048ee819506d7c9ac0ca2,0,normal,
0be44b7588284c5f91ca49067e3b36c4,0,normal,
3e36952a41c84739a6edd2fd5d06d6e2,0,normal,
ba933dcbf9eb4f1d979902d99a3edbd3,0,normal,
26e63a6cb592476f882c361e1c2de558,0,normal,
7c80b65ea06b49499e5e55043bd88716,0,normal,
fc37a82713fd4d5d8f8e2dce5aea6d8f,0,normal,
2c574d1d361140e9939e302ab2e58d08,0,normal,
c10676e7d8384a09ac2a5ee5aa533f43,0,normal,
5e87a0f327174e69b908528aaf1869c6,0,normal,
b689127a35644e009980bded280fd345,0,normal,
ab8fc95e4b48447f89da9f01d067f688,0,normal,
b13fd20d97644094b3978e55771da960,0,normal,
6cda21a366da4db1accdeb317a01b604,0,normal,
dcc83d37b7dc40deb3bdf296f7c91abe,0,normal,
b1e50c1225d74c638ffe29f26d943ece,0,normal,
16f5a1aca9cc48cfa83d9db6ac58d651,0,normal,
54f17cba05d3489899250d07ed6cf137,0,normal,
66b90f0950994adb97323bc606dfa6fc,0,normal,
0c7804b9e92049b4b54c33d02a28be4e,0,normal,
ad36cd0150bc481c8d3c830ac3ef2620,0,normal,
bbd9637552f8441c9f47e9fa0750167b,0,normal,
3c5d50f8ce0044c1a2cfa7d76e3d2e8b,0,normal,
96d387350855476eaf1e2255eded149a,0,normal,
cbc427ff97224123aa52a0c6242fd587,0,normal,
227b81d39c44471f91398ecd59021396,1,structuring,structuring_671
3379a0b6f70a46638bb0c41862c201ce,0,normal,
9ed375576ea14f9288f092f5038d164d,0,normal,
720027723f5243d5bb0bac4673c9cf9b,0,normal,
f9083be5a61e40908d205b00c4a178d5,0,normal,
691143599ecf4ca0969aff67d180af19,0,normal,
2b1181e9ad8649dcb498b51d0b51ad3d,0,normal,
39716e610a074769818a7aa6110bf107,0,normal,
30b9208e6aa24059b42e99a8b992106d,0,normal,
82ca933a38834436aad9e2c33fc3c525,0,normal,
ede7c220a3694bde9a445a1a71ccccd9,0,normal,
9efb615646364410b065d20671ff4148,0,normal,
07ff4c14083d4fc1b83ee78893ed409c,0,normal,
277b482556c4482883d8a8adb6046f5a,0,normal,
e01bb907928649fcb69efac61d08dc20,0,normal,
27385b6ff61d437cbf562893b51c42ac,0,normal,
65c291086f7e41098805e9aa39a03677,0,normal,
948fc8d6a2974e189deed69dc457ef8f,0,normal,
01d1f3edd06c49788b507972a9feac81,0,normal,
ab9c9266972845fbbfa10b57670d65c5,0,normal,
109d62322d5b4f5c80b74390379e77f2,0,normal,
b0e74f493b734f88a3add22137b17211,0,normal,
c62b12627c7b4bd6bee936f1e7fc146d,0,normal,
b7beea707d0242b1a428ae2c931db716,0,normal,
421ad21ac23c48909588aab2ff987663,0,normal,
5cf5554292054d009ea0fa42553fa3e5,0,normal,
cd37a6f9e05242c6a1e16820380544ac,0,normal,
03b725acd87f47d1850d53465ca73733,0,normal,
85929736bfec4306b4bdd367bb842755,0,normal,
38c7fb12657e4ddf9750aa9cc7f73594,0,normal,
11286cf34ed34b2bb01f75362eaf0a9e,0,normal,
d7f0cec449824bf2ae8f3852de12438f,0,normal,
6fda5459597b44f7b1f59932a6a097e8,0,normal,
77cb09636f56475eb5aa3118f89dcda3,0,normal,
0cb71050441c4eb2b82b38b9199be6bd,0,normal,
251a8e905cbd4115a23675e8313c9d61,0,normal,
ec2107e11b59401485c24b9a94d45127,0,normal,
e760fa4b5bbc401e8a2bbfa6da524d25,0,normal,
17071c715d3c4d6b9f6cf4a20fb1a75d,0,normal,
ea010f12246241a5a0f4330cfeab85c2,0,normal,
c9600d42d66c47cfbdbab99aab708c37,0,normal,
709bf2627aad48c38eaffd2465d8cf96,0,normal,
083bcb0caf4845ebb3cf4e5b65bcb32b,0,normal,
e980598cc8484b2e828569a9ea1af928,0,normal,
0d5a33f6f1c1445d90b9cdba4c337d56,0,normal,
b86c322fdf504af2b2fdd358ae2014fc,0,normal,
62d7807675464357b191c7753aef3cd6,0,normal,
ab8f3850c6744cf5acbc8f7e1b8a39f3,0,normal,
22103034ee084d82906ea6d9a599fb52,0,normal,
4305b8e3c76c4322b5eb17714e135110,0,normal,
7d9da00fa4434a9081a969f3ee537fc3,0,normal,
0e96490df5974cbaabafdc77f14675d7,0,normal,
8006402d9bb34d3482b62e59588728c0,0,normal,
950553e840e446a7996f5b218d4a12c6,0,normal,
3b15b34b27ff4fedb4f96794389f84d8,0,normal,
0804ef25620f4dc7b90b0f394ed56e03,0,normal,
2bb6a47997f14be78484e82c29389094,0,normal,
fdaa4d36ca084fe985cdb16117494246,0,normal,
8ccb385056e94a2aa150b3d31d1fa968,0,normal,
e5bb384b8baa4c13a93483d31cd3cad6,0,normal,
4d3fb844b5e24b84af5630beb4f8e13b,0,normal,
e75e1af575754fd588a5bb2181603807,0,normal,
f97909bf96a744e3829dc5b77aa11d28,0,normal,
afc7436097f04420973ee2b756286e46,0,normal,
4244774c7bcf44eeaae3b29057472a8e,0,normal,
09ebad1607824bfeb31cb304cdfcdc10,0,normal,
a6072f6c4ce04917aa3de67481104e58,0,normal,
1259459124a745bab97d00684b3daa49,0,normal,
fccadc07acc84c3cb98fe24663e2105c,1,structuring,structuring_671
6784e6ac9fcd474fa45731171cff3945,0,normal,
4e9cb4c0e80646928d8b0acb8db13bdd,0,normal,
86e80d5fd7844794bb264866780c8f62,0,normal,
8967b6f5afc4495a8c6d1ac93aaf8851,0,normal,
01f134210fc549459eab7e96c8be638f,0,normal,
59b802febb4141bf88c7397cc5e06949,0,normal,
1f6c932f3c1d4852b653bd3fae38c2b3,0,normal,
c29dbb9609174eab853c3035116b1d38,0,normal,
7adbd056953647b0be72dc1950167ec3,0,normal,
ade2e98714f949698317cf91f43ebeec,0,normal,
1f95aeff68114e90a6aa4dbb105784f4,0,normal,
a9adfd57cc514ec7a85439f99a299629,0,normal,
0c77342d7e794881a387e670de8f07f4,0,normal,
3133edfcb5904c87815e576e82b6e814,0,normal,
8792815cdda746bb88f455d649445e0b,0,normal,
69fb215ef7384e59aedf05767400d0f3,0,normal,
fe08627ccfd84f2ca4e6887e08c40695,0,normal,
6f3531f316414ad19503cebfff8510e4,0,normal,
d217d7d7947441629f86315594ec6bea,0,normal,
2dc89019fd164715a7cecfbf5c251ad1,0,normal,
7a20bcc819204aa1be2e1fea0f751d65,0,normal,
1530631fee374bfea84e8cc224644eaa,0,normal,
30591dfd704f47578241fc6462278899,0,normal,
589c236d75b14f258c4bb3e9abeaa52c,0,normal,
458f5f48b4a442bb854bb1f648182ab0,0,normal,
d9c3661bdbb24e1d83a0301731f1c4d3,0,normal,
614acc7822e44e2dad77ce4331d6300b,0,normal,
c6e88f5f526c4424a88bca0362cf712e,0,normal,
4c6fcdaca0ea4630bf9d65a183556154,0,normal,
0fe9540e34594feeac1ab40c24b7df38,0,normal,
3306ae8e5f9d4cd8a3b48c04c1de7b43,0,normal,
eef4adec628845bd8192f0c94dec7e7f,0,normal,
20c78aa9d9df417ca150a44ac8241792,0,normal,
830eb71e19d64943a329a472ea51858d,0,normal,
976b4ccf890344e188fc2c33a4ae5170,0,normal,
70788397d31547a09081105e47983cef,0,normal,
8063781c4a384ef09d7515b0b750eac1,0,normal,
417220ea0c924447b9bcca2839e37297,0,normal,
647ed88e3eeb42efb83b2ce50bb215ba,0,normal,
24099de17673417dab20b0869285e87c,0,normal,
4000a49a30cb46da91b877ccee434180,0,normal,
1c0b6da36b0947549e06c078a6aeaae2,0,normal,
14bf3cff197545fb95dc24806d1da996,0,normal,
d73b048093044ac9979d62df5ea35f4d,0,normal,
31b9986f2b8745ffa3570a2068af3c64,0,normal,
d07eaeb0a7ce4efa858e712a735608a9,0,normal,
20dc4304eedb49968485857a5651ddeb,0,normal,
c353f4347c2e43de9e153a27bd1e3c52,0,normal,
e51b63e23b2545fb9cda460f7fe43b65,0,normal,
2ecc56c8ebc54fddb75f11d3e0369f02,0,normal,
bcb1fb8fd8a4422bbcf303f977c936c4,0,normal,
8366291223f3433ebe89e7e1555de1df,0,normal,
4b17eb28890143478315ecff7f7976d7,0,normal,
da58264bd8c14839a2f6e3d28b68e4f7,0,normal,
4ea02467ac11462fa4ed22c84a9c8cc1,0,normal,
cf43e518626e4f96a25fc5f0e709d63b,0,normal,
f8958f5ad9464094b88183609973dae3,0,normal,
2baa4461c8f64dacb0df04890c90f960,0,normal,
cc7250f1dca54bcd9b16157fb02f571d,0,normal,
3b2c53e91b634f8a899b936c282b8192,0,normal,
910d6576b9de4290b8d8ff86329531bf,0,normal,
950a0c4fd7514cc08a4e96c0543c79f8,0,normal,
505f6d45b20b48dbb68dc856ac8e9e0f,0,normal,
9db69feb39a54f22bbd56f078961cb4f,0,normal,
b5fb140640c34d809163756582d7c6c2,0,normal,
0e47fb0d756e447d8cb2d188d009b8d0,0,normal,
98438dc60dd8454793b37545b05c07bb,0,normal,
ab9e6e7981fd494db28bd2cb400a3d40,0,normal,
6e836953b21d481f8422fd5a1dc57c9f,0,normal,
06c8c6d43c4849d38d87811f21564107,0,normal,
74a0c34dba264130a6f1089d373f4d11,0,normal,
6e79a62364484230879129ba09759d1c,0,normal,
63d330c1b08a4f77adb4472d00c02c5d,0,normal,
789264cf1b9f4b5193866d7400bbc448,0,normal,
63636c021634451cab2d8b1b99160c41,0,normal,
a1e2ecc4ad534cab869789e2579e7a2d,0,normal,
660fe554e3ad4d0aadfbcbb58e7c3571,0,normal,
e0ee2c57b70c4e748ed1daacd63b179b,0,normal,
13d2567dc3e14f7b9bbe6e0402d7ea0c,0,normal,
8fa51d78a9a7467e895ed6509b3303d4,0,normal,
d4575caf650b43688b7fae8814b7dae5,0,normal,
974d6a558f2c4d9f8de1f026de79ac2b,0,normal,
d9bfec4a0abc4fc4be53136565c5e377,0,normal,
10b014704edd4502967f4fd3ce3134a4,0,normal,
ea8f1b773eca4699adad9f3c8e47b365,0,normal,
d9659143ecb64916a85b08f4ad4f3954,0,normal,
00af8b56e10043b586d89e1f356f902a,0,normal,
98fae7175c684d348945f043367fd4fe,0,normal,
04f9f96355754712b86fe5fa90eaad52,0,normal,
6f7eac253ae743ccb80a74c4f8db4df8,0,normal,
a6e114ae14f74b4d8c5c3ae98c5eb246,0,normal,
027746ad0bb546b9a66978ee614edf86,0,normal,
cbcb58b4ba744fa48868e6bab621713e,0,normal,
e165c5db68fc4d1fb613f5160e9473fb,0,normal,
ef35f188e67f4f46aa3229ce035995d1,0,normal,
3d873799808447b0bc1a662752960ce5,0,normal,
900e257b228f46818368ac3c0a268d9d,0,normal,
e80355f39eb4431f912d558a0c97923f,0,normal,
779c469ba05c49cea30910425da9a79b,0,normal,
c3b12652ee324b408a27e86cc11b973b,0,normal,
eb1abc42193f436eb5b664edd140ee12,0,normal,
57dbd9f827904f13b9db1fd4413966ac,0,normal,
17f6655f8f1a40cf8cf9b746734a1f5b,0,normal,
5cf54cf77f3a44d6ba3348cfc7bca87f,0,normal,
ee5bf0299d64497c8d1a193de7f3ff6e,0,normal,
da33ec936c4c45e3bc05a29c835f007c,0,normal,
98fd0f1e4c3746e6a768032ea1888a76,0,normal,
f41ab32ab64a4b27be954c668fa48be1,0,normal,
9ac7405c10a74cdb98ca8f22b8649379,0,normal,
eb096f1056244cfd8a8d26ea89562496,0,normal,
fb9ae43a577b4c12b0a3b4bf0b4140a7,0,normal,
c77c900829db4e64a95ebcc2f1632657,0,normal,
e586b143f88b48d88acc74b76b2f4972,0,normal,
624f5e4e6f354a5888fd343d8b34ea15,0,normal,
70f9d6c2fd254cb0adf19864465dd626,0,normal,
c0e70ae1f29449cc933cd5055d9145b8,0,normal,
68250490cb384b36ac214cb064cf9cbc,0,normal,
48493c03fa18475a82206c6f931a39e7,0,normal,
863d482d8ae64fb6b429b1953d5d03f2,0,normal,
ff8845471dea4464893d54e20b98202d,0,normal,
99ede9ab2df24421b59f582e01a703a8,1,structuring,structuring_671
