wallet,transaction_count,incoming_count,outgoing_count,total_incoming_btc,total_outgoing_btc,avg_transaction_amount,avg_time_gap_minutes,unique_counterparties,fan_in,fan_out,unique_ips,unique_asns,rapid_transfer_ratio,split_ratio,merge_ratio,max_amount_ratio,outgoing_small_amount_ratio,asn_change_ratio,max_transactions_in_5min,peeling_chain_consistency
bc1q242c89d01d9043e39598951a0ecf64,40,26,14,0.7491376999999999,1.13761292,0.0471687655,3182.269979305983,16,9,7,50,8,0.0,0.14285714285714285,0.0,2.121372758778362,0.0,0.7948717948717948,1,0.6153846153846154
352c12ac6620c4a19873ed7752f35b8,45,20,25,1.1930957400000002,2.65758583,0.08557070155555556,2711.2536495844697,37,10,27,69,11,0.0,0.24,0.1,4.322662851630927,0.04,0.8181818181818182,1,0.4583333333333333
18aa0648b139b40d6b43ca8d80b5c48,24,7,17,0.21455228,1.7328753199999998,0.08114281666666666,5691.311970705072,15,4,11,28,3,0.0,0.35294117647058826,0.14285714285714285,1.3678719511764414,0.11764705882352941,0.5217391304347826,1,0.375
1ddf86c76fb6a41d1985ef76910cd73,23,11,12,0.47062122000000006,0.25951991,0.03174526652173913,5689.588735317425,13,6,7,29,4,0.0,0.25,0.09090909090909091,6.259057125731938,0.08333333333333333,0.5,1,0.18181818181818182
bc1qc68d8a3ba55047a28245c31b567cd2,27,10,17,0.47250048,3.37665779,0.1425614174074074,4456.997276355769,26,8,18,36,7,0.0,0.5882352941176471,0.0,1.5175632747860093,0.11764705882352941,0.46153846153846156,1,0.3125
3a5d4e20d578f44878e520041415815,17,3,14,0.12334435999999999,1.0975020599999998,0.07181449529411765,6897.719512757292,17,2,15,20,1,0.0,0.5714285714285714,0.0,1.4819220639377597,0.21428571428571427,0.0,1,0.38461538461538464
3ced030daacd743e6b8d45530a27358,30,13,17,0.55270156,0.4149903300000001,0.03225639633333333,4178.317191947127,29,12,17,38,6,0.0,0.47058823529411764,0.23076923076923078,2.8522646905760585,0.11764705882352941,0.5862068965517241,1,0.375
1621554a601c84f40a77de7b152d9d8,36,20,16,0.6930268999999999,0.1651154,0.023837286111111113,3641.3961809138095,24,10,14,44,4,0.0,0.5,0.1,8.847536549086628,0.0,0.7142857142857143,1,0.6
bc1qd4310c51d5334905acd3060b252cf4,31,21,10,2.23951148,0.8868044799999999,0.10084890193548386,4196.580431426667,19,12,7,40,5,0.0,0.3,0.14285714285714285,3.5156806854079377,0.1,0.6666666666666666,1,0.2222222222222222
bc1qeee47ae43b3a47418418aaf35dc112,25,10,15,0.40052226,0.49759157,0.0359245532,4831.215282365972,21,7,14,29,2,0.0,0.5333333333333333,0.2,1.5899197720464355,0.06666666666666667,0.2916666666666667,1,0.5
bc1qd5365fe3395f4c9da13eea60090505,37,20,17,0.87813942,1.9410336800000003,0.07619386756756756,3442.6535861939815,21,7,14,43,5,0.027777777777777776,0.47058823529411764,0.05,1.3769185965502784,0.0,0.7222222222222222,2,0.4375
1fc277a4055cd4636a7b7b0eaf1a49f,26,11,15,0.44905988999999996,0.32024510000000006,0.02958865346153846,4599.9877240333335,17,6,11,33,6,0.0,0.4,0.0,6.795137631789707,0.06666666666666667,0.56,1,0.5
bc1qce0f8a3d51174660ac75736e947e32,33,18,15,0.5153942100000001,0.24553265999999996,0.02305839,4022.6833758963544,21,9,12,41,5,0.0,0.4666666666666667,0.1111111111111111,4.950860540646844,0.13333333333333333,0.6875,1,0.21428571428571427
1d0b46419a5384de6a8b83f7e6f5238,26,10,16,0.40991784,0.25498295,0.025573107307692307,5070.620520086666,21,7,14,32,4,0.0,0.625,0.1,4.653747244984698,0.1875,0.44,1,0.4666666666666667
19f4ca72061714743baecd88a21f90b,31,16,15,0.28049910999999994,1.9457771699999997,0.07181536387096774,4325.413038464444,18,4,14,36,3,0.0,0.3333333333333333,0.0,1.453089068340128,0.06666666666666667,0.6333333333333333,1,0.35714285714285715
12114adc3d5974a40907bd183bd2770,31,19,12,0.43257354000000003,0.92593703,0.04382292161290322,3854.2665402544444,15,7,8,39,6,0.0,0.4166666666666667,0.0,1.4942612289789472,0.0,0.8,1,0.45454545454545453
31acaef4aa8664064819f1e2e89e297,59,14,45,0.35176047,5.387776149999999,0.09728028169491526,2154.4059654359194,50,10,40,67,5,0.5,0.5333333333333333,0.14285714285714285,1.6281440379174101,0.06666666666666667,0.3448275862068966,8,0.4090909090909091
bc1q16905d5cb16f4cb68e2728e8a2c92d,30,16,14,0.64959665,0.7443409599999999,0.046464587,4258.700740708621,25,10,15,37,6,0.034482758620689655,0.5,0.1875,2.1284500701488316,0.0,0.6206896551724138,2,0.46153846153846156
bc1qd3d061d8d16e444fab63ef85bd0bbf,38,19,19,0.49537363,1.11621564,0.04241024394736842,3516.6277396977475,30,12,18,47,6,0.0,0.5263157894736842,0.15789473684210525,1.4972050808065804,0.10526315789473684,0.7027027027027027,1,0.2777777777777778
18ba1c6c3deec4e55a789c783310411,25,18,7,0.7629082199999999,0.27446994,0.0414951264,5108.128515145138,15,10,5,34,5,0.0,0.2857142857142857,0.1111111111111111,1.774344886756862,0.2857142857142857,0.7083333333333334,1,0.3333333333333333
18bb7d4e8cf2e417389f550ccb420af,28,15,13,1.0774923900000002,0.0936861,0.04182780321428571,4760.070052798766,20,8,12,34,6,0.0,0.46153846153846156,0.13333333333333333,22.066618458719926,0.0,0.7037037037037037,1,0.5
16f7c1bab446b42fe97ce79d9ec8107,24,7,17,0.44873686,0.38946459,0.03492506041666667,5316.628395421739,15,2,13,27,2,0.0,0.5294117647058824,0.0,4.2748645995024495,0.058823529411764705,0.30434782608695654,1,0.4375
1d7ef495fbdcb468a8ad3ae131ae754,39,12,27,0.54666646,0.5671410800000001,0.028559167692307694,3174.7653756951754,31,7,24,45,5,0.0,0.5925925925925926,0.16666666666666666,5.257723782038293,0.1111111111111111,0.39473684210526316,1,0.5
17b199c4ca46c43b0b36f0c7c35d654,22,12,10,0.3589778,1.4897025199999998,0.08403092363636364,5980.773498859524,9,3,6,25,2,0.0,0.3,0.08333333333333333,1.3581465231588834,0.1,0.14285714285714285,1,0.6666666666666666
3ec31d5e603004ea69dbb553c8caed0,15,5,10,0.59162128,0.23755256,0.055278256,7963.8518574702375,14,3,11,19,4,0.0,0.7,0.0,9.044321895338118,0.1,0.5,1,0.3333333333333333
bc1qec86cd39688f44d38f3af3af54d7b3,24,8,16,0.18319055,0.42383034999999997,0.0252925375,5507.332423830435,18,5,13,30,5,0.0,0.375,0.0,3.252823868360901,0.0,0.4782608695652174,1,0.4666666666666667
bc1q4cff80857fb746a99add9327ac9c50,26,13,13,1.31060231,0.41147844,0.066233875,5290.369310818666,19,5,14,30,3,0.0,0.6153846153846154,0.07692307692307693,6.6285860651297135,0.0,0.56,1,0.3333333333333333
bc1q1db11c054d424eb1ab8a3f2e47da63,30,16,14,0.58662693,0.73346799,0.044003164000000004,4458.886142217816,23,8,15,37,6,0.0,0.7142857142857143,0.125,2.4135461675489713,0.07142857142857142,0.6896551724137931,1,0.5384615384615384
1d6e6f236f3604f4ea93e039721a472,29,19,10,0.7694410100000001,0.12125303,0.030713587586206896,4290.62049926131,26,15,11,40,9,0.0,0.6,0.15789473684210525,5.590802423043124,0.0,0.7857142857142857,1,0.1111111111111111
bc1q87cea6d8b01d409b833397d1f3f0e3,34,29,5,2.2524889500000005,0.20935784000000002,0.07240725852941177,3963.619548879798,15,12,3,43,7,0.0,0.4,0.13793103448275862,3.8149216696174686,0.4,0.9090909090909091,1,0.5
39ffbddacdd694214b87ba9d837b0e3,43,38,5,2.18391577,0.09528726000000001,0.05300472162790698,2976.200772102381,19,17,2,53,5,0.0,0.2,0.15789473684210525,15.66182499556478,0.0,0.6666666666666666,1,0.5
bc1q7f38935a6b3247169dd1afe34e1391,36,18,18,0.3973313599999999,0.9435421900000001,0.0372464875,3649.965596049524,22,10,12,44,6,0.0,0.3888888888888889,0.1111111111111111,1.2506261536419554,0.16666666666666666,0.6857142857142857,1,0.35294117647058826
18830223bb3004c959c6e14660085ab,28,14,14,0.9241551100000001,0.7838667900000001,0.061000782142857146,4621.532889234568,20,10,10,34,5,0.037037037037037035,0.35714285714285715,0.21428571428571427,5.235949870225317,0.14285714285714285,0.6666666666666666,2,0.15384615384615385
318109c8582f248cab33d097127e691,28,12,16,0.43396307,2.4078090499999996,0.10149186142857143,4423.917208796296,17,4,13,33,5,0.0,0.375,0.0,1.2010921133730779,0.0625,0.6666666666666666,1,0.26666666666666666
bc1q06726101d52b4484a450fce56dc65d,23,9,14,0.5274778699999999,3.1191205700000006,0.15854775826086956,5870.750761512879,20,5,15,29,5,0.0,0.6428571428571429,0.0,1.5025671085746832,0.07142857142857142,0.6363636363636364,1,0.15384615384615385
1314d378c8d964672a2a775338aed26,20,6,14,0.21011693,3.0714878899999993,0.16408024100000002,6191.237361656141,15,4,11,25,5,0.0,0.5,0.0,1.3230134133039169,0.07142857142857142,0.5263157894736842,1,0.3076923076923077
122cfbee287984af194dd805e4472a8,21,6,15,0.23861033,2.57684132,0.1340691261904762,5121.960730376666,21,6,15,25,3,0.0,0.5333333333333333,0.3333333333333333,1.1860689689982324,0.0,0.2,1,0.5714285714285714
1c880916f5304400e8338de1fe45933,24,0,24,0.0,0.34260757000000003,0.014275315416666668,5364.228220886232,21,0,21,25,1,0.0,0.4583333333333333,0.0,1.5216561439416278,0.08333333333333333,0.0,1,0.4782608695652174
3267ba40cabfd47179602c3f2ff52ce,22,11,11,0.6642183799999999,0.31781274,0.04463777818181818,5514.518347861112,20,10,10,27,3,0.0,0.5454545454545454,0.36363636363636365,10.019740452737938,0.09090909090909091,0.3333333333333333,1,0.3
bc1q76904e99ad2246a08888de27d6919d,21,8,13,0.36383872,1.4376300400000002,0.08578422666666666,5955.198189670833,11,4,7,26,4,0.0,0.3076923076923077,0.0,1.606548242155172,0.07692307692307693,0.45,1,0.16666666666666666
bc1q9483135ae1eb483285263cf544a9b0,39,31,8,0.61231215,1.26669381,0.04817964,3220.4819286061406,17,11,6,46,6,0.0,0.375,0.12903225806451613,1.2832963352736597,0.0,0.868421052631579,1,0.42857142857142855
bc1q725f502c1ddc414d9f0048ef6beef2,25,12,13,0.40269286,0.45236617999999995,0.0342023616,4331.6235493923605,21,9,12,31,5,0.0,0.38461538461538464,0.3333333333333333,3.9153478822119183,0.15384615384615385,0.625,1,0.5
168d3ce2b54c94afd8aa2fa77aa9a65,11,3,8,0.07904819999999999,0.6820785599999999,0.06919334181818182,10778.689886423334,8,1,7,13,2,0.0,0.375,0.0,1.3268472187105231,0.0,0.3,1,0.5714285714285714
bc1q88ab980a5f1044d99efc980de2ed0c,26,13,13,0.26221559,0.52849557,0.030411967692307692,4473.405519557334,13,6,7,32,6,0.0,0.23076923076923078,0.07692307692307693,2.0736684764689075,0.15384615384615385,0.76,1,0.25
bc1q253726e15a884415bf4379e5999eb0,22,6,16,0.40455726,0.22110886999999999,0.02843936954545455,5336.601751805555,18,4,14,27,5,0.0,0.375,0.0,12.141096159232113,0.125,0.47619047619047616,1,0.26666666666666666
300a11f6372324d3e818fa64f647dea,29,18,11,1.20469884,1.0759089000000002,0.07864164620689656,4482.856876396429,17,6,11,35,6,0.0,0.6363636363636364,0.05555555555555555,1.9848873262466016,0.18181818181818182,0.7857142857142857,1,0.2
bc1q1edb93de4dff4809be9f6047a71f97,18,11,7,1.2445553800000002,0.74587534,0.11057948444444445,6854.3648697,13,6,8,24,4,0.0,0.5714285714285714,0.09090909090909091,3.249148606393242,0.14285714285714285,0.8235294117647058,1,0.3333333333333333
18799ac1681a24c99a9632759e5702e,24,10,14,0.29156318,0.3765344,0.027837399166666665,4802.2745683847825,14,7,7,29,4,0.0,0.35714285714285715,0.2,2.3618198884165222,0.0,0.43478260869565216,1,0.3076923076923077
1a6e543097aa7421d84fbaaa1b4ba3f,23,9,14,0.23138132999999997,0.47270363000000004,0.03061238956521739,5462.527874720455,23,3,20,27,4,0.0,0.8571428571428571,0.0,1.5898582160461712,0.0,0.5454545454545454,1,0.6153846153846154
1c04d4676fe334e21a1525074ccf3d1,25,9,16,0.60563854,0.25140297,0.0342816604,4843.377927398611,20,5,15,31,5,0.0,0.4375,0.0,8.487836399215373,0.0625,0.5833333333333334,1,0.5333333333333333
3d22708e6075e427388c4cd75033808,28,14,14,0.8786886600000001,0.31490165,0.042628225357142856,4464.20275501358,13,3,10,32,4,0.0,0.35714285714285715,0.0,5.9382537279529615,0.07142857142857142,0.6296296296296297,1,0.38461538461538464
bc1qced4f5ceb4bf46918124b339accbaf,44,26,18,0.5513084300000001,0.75991163,0.029800455909090907,3014.7674966027134,27,11,16,53,7,0.0,0.5,0.07692307692307693,1.7447073239413626,0.0,0.6976744186046512,1,0.47058823529411764
32ac89369ba4549528d2489ede0c71f,18,7,11,0.6548281,0.40729817999999995,0.059007015555555556,7501.765319262745,18,5,13,22,2,0.0,0.5454545454545454,0.14285714285714285,4.890374667384232,0.09090909090909091,0.11764705882352941,1,0.3
bc1q5b313615e3ca496eb44f6404254f40,16,3,13,0.34697971,0.16627392000000002,0.032078351875,7445.5424905477785,17,3,14,20,4,0.0,0.46153846153846156,0.0,18.871172306695506,0.23076923076923078,0.26666666666666666,1,0.25
bc1q99e95b5cd0cd4eafb93d53fd217710,40,28,12,1.94003427,0.72724946,0.06668209324999999,3279.48706037906,28,12,16,48,6,0.0,0.8333333333333334,0.14285714285714285,6.975020992311179,0.08333333333333333,0.7692307692307693,1,0.5454545454545454
35aa766c83e5943e6abd61697b647af,30,15,15,0.73691814,0.10336160000000001,0.02800932466666667,4047.046791605172,14,5,9,35,5,0.0,0.4,0.06666666666666667,14.89734349787035,0.2,0.6896551724137931,1,0.21428571428571427
bc1qd2a783a6ad8a4dfa815e4e8ed8e4b7,28,16,12,0.35009154,2.41337106,0.09869509285714285,4029.5793230746913,9,4,5,32,4,0.0,0.25,0.0625,1.5035485990056252,0.0,0.7777777777777778,1,0.45454545454545453
bc1q941d0d83f115449f9d0805e52af851,27,15,12,1.4909272,0.66493828,0.07984686962962963,4576.327577422437,21,10,11,34,4,0.0,0.3333333333333333,0.13333333333333333,5.352276453468311,0.25,0.7307692307692307,1,0.5454545454545454
11ee1dfc56dbd4e79bf4cd426a05ec1,25,10,15,0.32992143,3.14489303,0.1389925784,5106.2182088555555,19,7,12,32,5,0.0,0.4666666666666667,0.1,1.4755708052218772,0.06666666666666667,0.5416666666666666,1,0.42857142857142855
1e932ff84a2a0430f9529eed14bf11f,37,18,19,1.50526195,0.28229306000000004,0.048312297567567566,3583.2328443078704,23,8,15,43,5,0.0,0.3684210526315789,0.1111111111111111,17.569865955862582,0.05263157894736842,0.5833333333333334,1,0.2777777777777778
1a4531678f2aa42968758ba7932a908,21,10,11,0.84992603,2.3002580399999997,0.15000876523809523,6191.003890021666,18,8,10,28,5,0.0,0.5454545454545454,0.2,1.3334372761514126,0.09090909090909091,0.5,1,0.4
bc1qdb64014687a1416693702842c358da,24,13,11,0.31010631,0.21521951,0.021888575833333337,5754.248304539855,16,4,12,29,4,0.0,0.5454545454545454,0.0,2.351456672762726,0.09090909090909091,0.5652173913043478,1,0.2
bc1qee443c10468e49d2b2047ad511a188,20,7,13,0.43080666999999995,0.11563622,0.0273221445,6126.334854449124,15,3,12,24,3,0.0,0.6153846153846154,0.0,10.088146782770032,0.07692307692307693,0.5263157894736842,1,0.4166666666666667
1672e00f7624848d0b11494212abf5e,30,20,10,0.7283369700000001,0.86543209,0.05312563533333334,4093.727732161494,23,13,10,41,7,0.0,0.6,0.1,1.8724760946409578,0.1,0.4482758620689655,1,0.4444444444444444
364f71d429ea44521bc0af5650287c2,47,31,16,2.48463783,0.32842806999999996,0.0598524659574468,2820.925108189855,19,9,10,55,7,0.0,0.25,0.06451612903225806,10.041097962932943,0.0625,0.8260869565217391,1,0.4
bc1q3b2419560e90485b8796681d440297,23,12,11,6.6598073499999995,1.46358307,0.35319088782608693,5564.04926171591,16,4,12,27,3,0.0,0.5454545454545454,0.08333333333333333,9.010196453371112,0.18181818181818182,0.5,1,0.3
319f50f53d375439693d2e6db64cafa,28,13,15,0.42418425000000004,0.5343737,0.0342342125,4771.652986259876,18,6,12,34,5,0.0,0.3333333333333333,0.07692307692307693,2.4186618227293053,0.06666666666666667,0.6296296296296297,1,0.42857142857142855
bc1q7454e79021334954bf3bb4da5e52ff,23,6,17,0.07745147,0.17179576000000002,0.010836836086956523,5071.412849697727,17,3,14,27,4,0.0,0.47058823529411764,0.0,2.492687024003086,0.058823529411764705,0.5,1,0.4375
301bcdbdebc8242f79e9b67d754c18a,34,13,21,0.93720833,0.55024821,0.04374872176470588,3797.45961154596,26,7,19,40,4,0.030303030303030304,0.47619047619047616,0.07692307692307693,16.458155414227978,0.09523809523809523,0.36363636363636365,2,0.35
bc1q92ba76280e9048218972b128e45fea,36,17,19,1.0564619,0.8092403200000001,0.051825061666666665,3766.0878375861903,30,12,18,43,6,0.0,0.5789473684210527,0.23529411764705882,4.375145308121151,0.05263157894736842,0.5428571428571428,1,0.3888888888888889
3bf00fd17ccc44ec2ac269798f18ba2,20,6,14,0.06673394,0.23292886000000002,0.01498314,6289.033251747369,19,6,13,23,3,0.0,0.5,0.3333333333333333,2.346383075989837,0.07142857142857142,0.42105263157894735,1,0.46153846153846156
3f9e9475ee8a6435d9d64e849dfdfa9,23,7,16,0.19897006,1.06068632,0.05476766869565217,4479.879083206818,15,6,9,26,3,0.0,0.375,0.2857142857142857,1.4544256186654618,0.0,0.5454545454545454,1,0.6
384a725a004e84fd0841eeeb95a623c,20,7,13,0.32357311,1.18651478,0.0755043945,6538.177857567544,21,6,15,26,5,0.0,0.7692307692307693,0.14285714285714285,1.7025242447316418,0.0,0.6842105263157895,1,0.5
17029977c4a594bfc97e03380fa9699,22,13,9,0.8983114900000001,1.881501,0.12635511318181816,5663.819084739683,14,5,9,26,3,0.0,0.5555555555555556,0.15384615384615385,1.616219391709252,0.0,0.5714285714285714,1,0.625
199693b05abfb419d8bbb2b29e7e145,39,22,17,1.2737315400000002,2.08930893,0.08623180692307693,3301.731612117105,20,9,11,47,7,0.0,0.23529411764705882,0.09090909090909091,1.4184299542161796,0.11764705882352941,0.6578947368421053,1,0.375
bc1q285784cbd51441c988b23d152344b7,38,18,20,0.59364482,1.0648602100000002,0.043644869210526314,3228.9345243333332,24,11,13,47,6,0.0,0.4,0.16666666666666666,1.404571450479148,0.2,0.6756756756756757,1,0.42105263157894735
bc1qb2064db733c14f96b8f128aba75a38,24,7,17,0.6433857199999999,0.9275437800000002,0.06545539583333333,5579.263411449276,20,4,16,29,4,0.0,0.5294117647058824,0.0,4.716121441454249,0.11764705882352941,0.5217391304347826,1,0.375
32e2cf55a40874c499a441a471c025c,35,18,17,0.41035152,4.79326141,0.14867465514285716,3686.1842867205887,31,9,22,43,7,0.0,0.7647058823529411,0.1111111111111111,1.5688521880568553,0.0,0.7647058823529411,1,0.5625
bc1q4706608307814e35a5494a2fb5e20a,33,19,14,1.0333991400000002,0.7111790699999999,0.052866006363636364,4090.4369827890623,26,11,15,42,7,0.0,0.5,0.10526315789473684,4.9623490505371946,0.07142857142857142,0.8125,1,0.38461538461538464
351115c60d0034eb887b365448f530e,23,12,11,0.41578321999999995,3.8527814300000003,0.18558976739130434,5632.907339862121,20,6,15,30,5,0.0,0.8181818181818182,0.0,1.215771957968832,0.09090909090909091,0.6818181818181818,1,0.3
bc1q8b45850283c44e649f7f01e8a8c82d,33,15,18,0.37623528,1.72143926,0.06356589515151514,4095.827571844271,23,6,17,39,5,0.0,0.3888888888888889,0.06666666666666667,1.8524335207615719,0.1111111111111111,0.71875,1,0.29411764705882354
15aa54aca48ea42388fd8a985520ec2,26,15,11,0.41183383,0.39704607000000003,0.031110765384615383,5139.525098846,22,12,10,33,6,0.0,0.5454545454545454,0.26666666666666666,4.030007042594962,0.09090909090909091,0.8,1,0.6
3d828e79afbe84978b829b70184ce88,18,10,8,0.7962948700000001,0.08983878,0.04922964722222222,6290.600293865686,11,5,6,22,4,0.0,0.375,0.2,15.509300988165277,0.125,0.7058823529411765,1,0.42857142857142855
3f760390543b44af59897d7be2fbac1,20,7,13,0.14606544,0.27930322,0.021268433,6374.5733550543855,12,6,6,24,4,0.0,0.15384615384615385,0.2857142857142857,1.6258780321425985,0.0,0.6842105263157895,1,0.5
bc1qa0c8a15f131d4f52b05421765eb88d,33,7,26,0.35219753,2.85688197,0.09724483333333334,3680.780516758854,24,3,21,37,3,0.0,0.11538461538461539,0.0,31.2771626638032,0.15384615384615385,0.125,1,0.4
bc1qcc3254b6d6e341288b4e71010517a2,21,9,12,0.6212833799999999,0.39919294999999994,0.04859411095238095,6030.76055181,9,4,5,26,4,0.0,0.08333333333333333,0.0,3.3369435290239218,0.08333333333333333,0.55,1,0.45454545454545453
130b76ebf5f2f4c4b8c0e8c46cd8455,30,15,15,0.42381836000000006,5.0568662600000005,0.18268948733333332,3879.998494091954,23,11,12,37,6,0.0,0.4666666666666667,0.26666666666666666,1.6562848544365951,0.13333333333333333,0.6551724137931034,1,0.2857142857142857
bc1q2c2e28eeb7d342568cd9a00e5178bb,31,16,15,1.2747134,2.8693807699999994,0.13368045709677417,4132.454679677778,18,5,13,37,5,0.0,0.6,0.0,9.55843090540613,0.0,0.7333333333333333,1,0.42857142857142855
1b2b3c6d13add413e90ff49a8fa7bbe,19,6,13,0.09330688,0.9550745199999999,0.05517796842105263,7035.4785665685185,20,3,17,23,2,0.0,0.8461538461538461,0.0,1.430866355010803,0.07692307692307693,0.5,1,0.4166666666666667
1b9917f4478474f0cb951da06a0da76,17,5,12,0.08934672999999999,0.63561688,0.042644918235294114,7513.278200507292,19,7,12,22,5,0.0,0.5833333333333334,0.4,1.4283595749352456,0.08333333333333333,0.5,1,0.36363636363636365
320c3a9a24892443f8f9f65b3bca0bc,56,39,17,1.6753912899999996,0.22995341000000002,0.0340240125,2395.477706759394,27,13,14,67,8,0.0,0.47058823529411764,0.05128205128205128,16.266147123404,0.11764705882352941,0.6545454545454545,1,0.4375
330b8bcd10d47443f8bcf1ae5143716,47,32,15,2.0026364500000002,0.29769330999999993,0.04894318638297872,2689.9300399336958,21,9,12,54,6,0.0,0.26666666666666666,0.09375,8.003265432458871,0.2,0.6739130434782609,1,0.42857142857142855
bc1qa34504ac565c422791d99da8b5e6fc,32,15,17,0.50741137,1.15434689,0.051929945625,4175.851105488172,26,10,16,39,6,0.0,0.5294117647058824,0.2,2.1698001012589962,0.11764705882352941,0.6451612903225806,1,0.3125
bc1q19b085a890914c489694a121e22f63,30,8,22,0.22181725999999996,2.6902852499999996,0.09707008366666667,4248.929381882758,25,5,20,36,6,0.0,0.18181818181818182,0.0,6.326121652348292,0.045454545454545456,0.41379310344827586,1,0.2857142857142857
1a0da40f2b9d147e4adbd49fb7001ba,18,4,14,0.07716903,1.3722592999999998,0.0805237961111111,7341.573571321568,18,2,16,21,3,0.0,0.7857142857142857,0.0,1.600795436866927,0.0,0.29411764705882354,1,0.46153846153846156
37370514b971b40168cb420beadb6c3,21,11,10,0.20128850999999998,0.10766777,0.014712203809523807,5968.072750993333,19,7,12,27,5,0.0,0.5,0.18181818181818182,2.959487282589518,0.1,0.6,1,0.3333333333333333
36b91b6b906e745b6a82dd45728c6a9,37,20,17,1.13012179,0.38086125,0.04083737945945946,3651.461808277315,26,7,19,44,5,0.0,0.6470588235294118,0.05,8.78575799184585,0.11764705882352941,0.7222222222222222,1,0.375
36e3c75ef61404a759978a991c685b1,29,19,10,0.8290874900000001,0.9701877700000001,0.06204397448275862,4319.536806867857,21,11,10,36,7,0.0,0.5,0.15789473684210525,1.2631623438927555,0.1,0.7142857142857143,1,0.3333333333333333
14419babb9df1486fa663d8389cd33c,26,12,14,0.8315809100000001,0.21680102999999998,0.04032238230769231,4962.741100726,16,4,12,31,4,0.0,0.42857142857142855,0.0,12.708797366938327,0.07142857142857142,0.76,1,0.5384615384615384
bc1q63a798a7709a4b63a18a4ba3eb1b9d,24,10,14,0.43970746,1.4393205,0.07829283166666666,4918.7564701,16,4,12,29,4,0.0,0.5,0.0,1.3835152577665253,0.0,0.6956521739130435,1,0.38461538461538464
bc1q4a4b1108eee148d49c72e6965e55bc,28,17,11,0.8494268600000001,0.26544374,0.03981680714285714,4677.923379260494,19,9,10,33,4,0.0,0.5454545454545454,0.17647058823529413,4.599444046957894,0.0,0.48148148148148145,1,0.5
3c205edc1a21d49158b1bf8d803f459,32,18,14,0.7340643700000001,0.9465047700000001,0.052517785625,4127.462152647312,17,6,11,37,3,0.0,0.2857142857142857,0.1111111111111111,1.59406398234591,0.14285714285714285,0.6129032258064516,1,0.5384615384615384
10d2a06cefc044cfd9f1cba58f10c88,19,6,13,0.19403317999999997,1.07929974,0.06701752210526317,6791.657611598148,16,2,14,22,3,0.0,0.5384615384615384,0.0,1.4296133291266888,0.0,0.4444444444444444,1,0.5
3686c27faeafa4f71a9dfd5531d7c95,30,17,13,0.97440964,1.75979239,0.09114006766666667,4034.115196595977,17,5,12,35,5,0.0,0.5384615384615384,0.058823529411764705,1.7780318497949965,0.15384615384615385,0.7586206896551724,1,0.4166666666666667
30d2a7c9422a6409c95ca27c76169ed,32,21,11,1.21265644,0.1238309,0.041765229375,4271.525550706452,24,15,9,40,7,0.0,0.45454545454545453,0.23809523809523808,12.390546805440422,0.09090909090909091,0.8064516129032258,1,0.4
3cc842ade025a41c99f8fe1aec804f4,27,10,17,1.41103826,0.29970186000000004,0.06336074518518518,4584.1441833506415,20,5,15,33,5,0.0,0.6470588235294118,0.0,13.52631694584571,0.0,0.5,1,0.5
369bb952aca4d49c08595b0c8646017,35,21,14,2.9151950900000005,0.1560482,0.08774980828571428,3745.2494239220587,25,11,14,42,6,0.0,0.5,0.19047619047619047,42.2332227552877,0.0,0.7058823529411765,1,0.5384615384615384
bc1q8d806d91204d4e16953774b507c0d6,8,4,4,0.07533928,0.07476788000000001,0.018763395,15951.266070900001,7,2,5,10,2,0.0,0.75,0.25,1.479528248493359,0.0,0.42857142857142855,1,0.3333333333333333
1e760ffeeee49401e9458b83db36d69,23,10,13,0.51101525,0.15431874,0.028927564782608692,5814.680238484849,20,6,14,29,4,0.0,0.5384615384615384,0.1,12.7204442609004,0.15384615384615385,0.5909090909090909,1,0.3333333333333333
1b7769983a3bc4565941ccaae860fa9,26,16,10,0.8954330699999999,0.13976771999999998,0.039815415,5173.109406376667,10,5,5,31,5,0.0,0.3,0.0625,16.515392423947816,0.1,0.72,1,0.3333333333333333
1582c8ef4708748c29440416237bd7a,29,16,13,2.4573262600000003,0.6661713,0.10770681241379311,4230.851799466666,23,12,11,39,6,0.0,0.6153846153846154,0.1875,18.6114753434012,0.07692307692307693,0.5357142857142857,1,0.3333333333333333
bc1qa6b8ccec826f4a52b44ef60fdc02df,44,26,18,2.2169214299999997,0.14451526,0.053669015681818186,2911.833229359302,28,13,15,52,3,0.0,0.4444444444444444,0.15384615384615385,26.58636928658519,0.05555555555555555,0.627906976744186,1,0.35294117647058826
bc1qe32b072b4c2047538a3c8e2284a0d7,31,16,15,1.30766857,2.4537153000000003,0.12133496354838709,4289.151838351111,21,5,16,36,3,0.0,0.6666666666666666,0.0625,1.6238707485360364,0.13333333333333333,0.4,1,0.21428571428571427
bc1q890b1ffc655140e388a9b12e8c1716,48,12,36,0.44851681,3.9086478499999995,0.09077426374999999,2665.8908698450355,42,4,38,53,4,0.0,0.4444444444444444,0.0,11.369726438932933,0.027777777777777776,0.40425531914893614,1,0.3142857142857143
bc1qa1c572382a8b4a2ba69149913a7ffa,22,5,17,0.26519163,0.3196869299999999,0.026585389090909094,6111.25678555873,18,1,17,24,2,0.0,0.5294117647058824,0.0,4.554766803671939,0.0,0.38095238095238093,1,0.5625
bc1q04775a16ce4543e483fe8238dd44e6,34,17,17,0.90222779,1.74022627,0.07771923705882353,3587.726471792424,21,9,12,42,7,0.0,0.29411764705882354,0.11764705882352941,1.4530687444195176,0.058823529411764705,0.7272727272727273,1,0.625
1a506fcacc4a24806849d5b26cdbfdc,24,12,12,0.74692848,0.43547048,0.049266623333333336,5530.831066992029,19,9,10,31,4,0.0,0.4166666666666667,0.16666666666666666,4.1449270111395204,0.0,0.5217391304347826,1,0.36363636363636365
31b11072ae7d24e21b8cf385156103d,41,30,11,1.7752558000000003,0.59872579,0.05790199,3269.0479044345834,29,17,12,52,7,0.0,0.5454545454545454,0.16666666666666666,6.689321803158176,0.18181818181818182,0.85,1,0.2
119e61494c3b54c97aa60a1346fa144,16,6,10,1.49213706,0.09646603,0.09928769312499999,7443.680877847777,12,3,9,20,4,0.0,0.6,0.0,46.2084912330055,0.1,0.3333333333333333,1,0.4444444444444444
176a473ad428343578b3c87e39b315d,29,15,14,8.91157702,0.94253503,0.3397969672413793,4160.732670432738,20,6,14,35,4,0.0,0.5714285714285714,0.06666666666666667,51.10412987736507,0.0,0.7142857142857143,1,0.38461538461538464
bc1q97280e8ef8d546858ca549d4dc01ed,21,7,14,0.16339583000000002,4.27347158,0.21127940047619045,5998.886054788333,15,2,13,24,3,0.0,0.5,0.0,1.2965695769836405,0.0,0.5,1,0.3076923076923077
1ba8b5ef583c54ac1ac04b99f68f746,31,18,13,6.441039409999999,0.50397396,0.2240326893548387,4114.373659536667,24,7,17,37,5,0.0,0.7692307692307693,0.05555555555555555,25.630539956635193,0.0,0.6,1,0.5833333333333334
311d4490c3c6d496bb095e74b19055a,36,24,12,0.5285864899999999,0.99431268,0.042302754722222224,3647.3216479419048,18,10,8,42,3,0.0,0.25,0.125,1.5107605710608532,0.08333333333333333,0.4857142857142857,1,0.2727272727272727
3691f5c73ff944ec39caf762cc31039,24,10,14,0.54746277,1.2225699,0.07375136125,5029.204477961594,14,2,12,27,3,0.0,0.42857142857142855,0.0,1.3912213493721686,0.07142857142857142,0.5217391304347826,1,0.38461538461538464
bc1q0cf0778facc54e6184c99434a4c900,28,18,10,0.6891259099999999,0.6300264,0.0471125825,4913.984240429012,17,8,9,36,6,0.0,0.3,0.05555555555555555,1.3917207699569558,0.1,0.7037037037037037,1,0.4444444444444444
3ace162278038404680e6ad259df7fd,34,23,11,1.2853305900000005,0.3545358,0.04823136441176471,3847.7211355944446,18,9,9,41,7,0.0,0.5454545454545454,0.08695652173913043,8.295497522071175,0.0,0.7878787878787878,1,0.4
bc1qd15b173dc1ba4ae79eb354621fa71c,46,26,20,3.4056071400000008,0.36809099,0.08203691586956521,2807.2946650337035,35,15,20,57,6,0.0,0.7,0.11538461538461539,39.62629197709737,0.05,0.6888888888888889,1,0.47368421052631576
3e0e58d166bdd4922a4a18c5120b5da,22,7,15,0.23758563,0.44397476,0.030980017727272727,5642.840468653968,15,2,13,25,3,0.0,0.4,0.0,2.336191970722612,0.06666666666666667,0.38095238095238093,1,0.21428571428571427
bc1qae4d3ebf15014a2d9e23a81a994064,21,10,11,1.1369549399999999,0.9067974200000001,0.09732154095238095,6216.872656228333,17,4,13,26,4,0.0,0.6363636363636364,0.0,4.381635755349151,0.0,0.75,1,0.6
30364db98a7a3428bb17a5a5bbac8b1,45,27,18,6.506000279999999,3.8762292,0.23071621066666664,2973.1731084045455,26,8,18,54,6,0.0,0.3333333333333333,0.0,3.6157394750527057,0.05555555555555555,0.5681818181818182,1,0.5294117647058824
117dffc0bae014b44adf739bedd710a,38,21,17,1.4767855500000002,0.9415209600000002,0.063639645,3456.8592702310807,27,9,18,44,5,0.0,0.5294117647058824,0.14285714285714285,3.5645124809821205,0.0,0.7567567567567568,1,0.625
3a0d987197b5243b6be69de3f19b5c0,34,20,14,1.25852372,2.2762547200000003,0.10396407176470589,3799.8620435752523,26,11,15,43,7,0.0,0.5,0.1,1.3036549452582764,0.14285714285714285,0.7272727272727273,1,0.23076923076923078
10ee3a8553b6f4d19a159060d001d3d,40,30,10,3.6146047599999993,0.28925052,0.09759638200000001,3367.709399794872,26,13,13,50,7,0.0,0.7,0.1,15.996795219669497,0.0,0.7948717948717948,1,0.5555555555555556
3c46cb14104ca4f3cab571bfc785321,47,36,11,1.7961680199999999,0.9421698,0.05826250680851064,2800.9426318518117,26,17,9,56,8,0.0,0.45454545454545453,0.16666666666666666,5.098356701588193,0.0,0.8260869565217391,1,0.4
bc1q2e77e08ce9974e0e82f41c9d0acd2c,21,9,12,0.48685905,0.25842162999999996,0.03548955619047619,6237.980878615001,16,6,10,27,5,0.0,0.4166666666666667,0.1111111111111111,4.606752308243757,0.08333333333333333,0.5,1,0.36363636363636365
bc1qd933edd18ec04befa7ec200e46a666,24,11,13,0.88556438,0.58308872,0.061193879166666666,5577.202209535507,22,6,16,29,4,0.0,0.6153846153846154,0.09090909090909091,3.032319947886189,0.0,0.5217391304347826,1,0.25
bc1q7912b0fefbe84cc1bafe21d19fb39e,25,17,8,2.7131368,0.10906206,0.11288795439999999,5393.824881188194,15,8,7,32,7,0.0,0.5,0.11764705882352941,49.95518238250163,0.0,0.7083333333333334,1,0.42857142857142855
1522fa3a09c994b4183f3dc5d05fb9d,30,16,14,0.6981252,0.15181452,0.028331323999999998,4479.1726148701155,19,7,12,36,4,0.0,0.5,0.0625,7.192286962355675,0.0,0.6206896551724138,1,0.5384615384615384
bc1qeb9095079a47416ebf90eb2e7adcca,33,14,19,1.52544134,1.7575468,0.0994844890909091,3856.7177306052085,31,7,24,39,4,0.0,0.7894736842105263,0.14285714285714285,2.829827842150656,0.21052631578947367,0.28125,1,0.3333333333333333
170f1f257cdc8431fbdd9f1b96ee9ed,33,22,11,1.0824673699999998,0.77013925,0.056139594545454544,4056.52343751875,31,20,11,43,7,0.0,0.5454545454545454,0.3181818181818182,2.0288226662017967,0.09090909090909091,0.84375,1,0.5
1c518b1883bd0439ea8f3de4b99d389,24,9,15,0.39956049,0.21638273000000002,0.025664300833333334,5491.842059076811,21,10,11,29,5,0.0,0.4666666666666667,0.3333333333333333,6.376797133376125,0.06666666666666667,0.4782608695652174,1,0.35714285714285715
3d9e1739cc20f443f9aead534de8f5e,14,3,11,0.22615193,0.8768796800000002,0.07878797214285714,8593.224448012821,16,5,11,18,3,0.0,0.5454545454545454,0.6666666666666666,1.2016675467523974,0.18181818181818182,0.23076923076923078,1,0.5
14b0f403ff5db4db29d7c4a9f8f23da,34,20,14,0.9881833599999998,1.9900520400000001,0.08759515882352942,4023.640186129293,29,12,17,42,6,0.0,0.7142857142857143,0.15,1.2603979709727744,0.07142857142857142,0.7575757575757576,1,0.38461538461538464
3d5aa71d7101d467ca08dceaf56510a,17,4,13,0.060055739999999996,0.7887246800000001,0.04992826,7853.012963288542,14,2,12,20,3,0.0,0.6153846153846154,0.0,1.1956759383492692,0.07692307692307693,0.375,1,0.4166666666666667
385a66763552b44c1999a9c8614ecdc,28,16,12,1.7498908700000002,0.54405414,0.0819266075,4821.205269431482,17,7,10,34,4,0.037037037037037035,0.3333333333333333,0.125,11.968193310762718,0.16666666666666666,0.6296296296296297,2,0.36363636363636365
1fd090de06398435686bdb6bb4264b3,21,8,13,0.32792613000000004,0.9003127200000002,0.05848756428571428,5816.5784478525,10,5,5,27,4,0.0,0.15384615384615385,0.0,1.5560167988749796,0.0,0.45,1,0.5
1c370bf991e0746f280a35a9cbcdfbe,32,15,17,0.34484031,1.3897461300000002,0.05420582625,4094.9169789607527,19,6,13,38,5,0.12903225806451613,0.5294117647058824,0.06666666666666667,1.3410837642852966,0.0,0.5161290322580645,3,0.375
3c0cc7e903f2748508b6425f37d795b,37,20,17,1.27546595,5.437799190000001,0.18143959837837836,3688.9599051634264,25,7,18,44,5,0.0,0.5294117647058824,0.05,1.5237626631700707,0.0,0.6111111111111112,1,0.625
bc1q71d7707486ad49d992a50399d668fb,33,27,6,3.8903477399999997,0.86938727,0.14423439424242424,3780.632587796354,24,15,9,44,6,0.0,0.5,0.14814814814814814,5.672218797847832,0.0,0.71875,1,0.8
bc1qa65f923a64d5436bb44c352a10e33c,16,6,10,0.1014381,0.7754638799999999,0.05480637375,6410.988394744445,10,1,9,18,2,0.0,0.6,0.0,1.496951697255793,0.2,0.5333333333333333,1,0.4444444444444444
39743b75d57a140dcbfb2533d72d037,15,6,9,0.09301372000000001,0.89498793,0.06586677666666667,8082.491646491667,15,7,8,20,4,0.0,0.5555555555555556,0.3333333333333333,1.200507527416042,0.0,0.7142857142857143,1,0.625
1446b8260ec894a64a8d7bc3f566a70,26,13,13,3.3604291699999997,1.5219115699999999,0.18778233615384615,4998.807093536667,18,8,10,32,5,0.0,0.3076923076923077,0.15384615384615385,8.013628157885462,0.07692307692307693,0.68,1,0.4166666666666667
bc1q601de272eefd44ddb27f9e67e74c91,26,9,17,0.27970331,0.11571107999999998,0.01520824576923077,4756.778911876667,15,4,11,31,4,0.0,0.29411764705882354,0.0,7.739386406409566,0.058823529411764705,0.48,1,0.4375
172044995596e4f13a2233c4b2a4e8d,31,21,10,0.64589241,0.26183661,0.02928158129032258,3887.3177181077776,18,10,8,37,4,0.0,0.6,0.19047619047619047,10.683612913746945,0.2,0.5333333333333333,1,0.3333333333333333
3137a125dabdb43268394dc8663c3c6,37,23,14,1.41591406,0.50441637,0.05190082243243243,3467.3126857425927,15,6,9,44,5,0.0,0.35714285714285715,0.0,11.044745779057857,0.14285714285714285,0.5833333333333334,1,0.38461538461538464
bc1q09a1a561b0324a8fbcd581e2d8e588,29,19,10,0.7526467800000002,2.0849883699999996,0.09784948793103448,4471.356120939881,19,7,12,36,5,0.0,0.6,0.05263157894736842,1.5480506048373845,0.0,0.5357142857142857,1,0.4444444444444444
32a27c36c2b174ed38ed0e60d8f2b3c,39,22,17,1.1860331999999998,1.0878417,0.058304484615384615,3422.797469317105,24,13,11,49,7,0.05263157894736842,0.4117647058823529,0.18181818181818182,2.9726019616355273,0.058823529411764705,0.6842105263157895,2,0.375
3eb00061f79f2456787b7ad389e7174,28,14,14,1.32253099,0.9293671400000001,0.0804249332142857,4382.574445917901,13,5,8,33,5,0.0,0.35714285714285715,0.07142857142857142,5.049042930163782,0.14285714285714285,0.7777777777777778,1,0.46153846153846156
1d6d8598a70234f64b052c2aeed7407,21,10,11,0.96464819,0.7327440100000001,0.0808282,6527.27596429,22,7,15,27,4,0.0,0.6363636363636364,0.1,2.4088707543653403,0.18181818181818182,0.55,1,0.4
bc1q601219a3496c4d09bae87ff54ae6fb,15,6,9,0.23238999,2.57536861,0.18718390666666668,7653.437851492857,12,3,9,19,3,0.0,0.4444444444444444,0.0,1.4701902862490546,0.1111111111111111,0.42857142857142855,1,0.5
bc1qdbac6dc17ae748b3b3fe808a90ef22,18,4,14,0.12186503,0.55377332,0.037535463888888884,7307.263641179412,26,7,19,22,3,0.0,0.6428571428571429,0.5,1.3251658114910865,0.21428571428571427,0.17647058823529413,1,0.3076923076923077
3054663af430a4879ac261046c277b3,25,18,7,0.5620438600000001,0.64224869,0.048171702,4769.555438397917,14,8,6,33,5,0.0,0.42857142857142855,0.05555555555555555,1.3236624905942593,0.14285714285714285,0.75,1,0.3333333333333333
104c78f8bc712473cb086f484275076,39,20,19,0.97579012,0.53155528,0.03864988205128205,3422.060213964474,28,11,17,47,7,0.0,0.5789473684210527,0.1,3.8134621696945725,0.05263157894736842,0.7894736842105263,1,0.3333333333333333
194329eb62aff4e7587403f5d353a49,28,10,18,0.7311964800000001,1.5353209199999998,0.08094705,4574.329887537654,15,5,10,32,3,0.0,0.2777777777777778,0.1,2.472245679374675,0.05555555555555555,0.48148148148148145,1,0.4117647058823529
357e027fd9104498095706c319cb547,28,8,20,0.69993315,1.6955803800000002,0.08555405464285715,4577.977057110494,19,4,15,33,4,0.0,0.45,0.0,2.2309940092475156,0.1,0.48148148148148145,1,0.3157894736842105
bc1q98eb0dc9e3e642939ac7fb5165c43b,34,16,18,1.1647459599999999,0.16441786999999997,0.03909305382352941,3840.144404251515,24,7,17,41,6,0.0,0.5555555555555556,0.0625,48.995769185195215,0.1111111111111111,0.6363636363636364,1,0.47058823529411764
1d73e460d8de0406da58ba22d6e4414,29,17,12,1.2953905499999998,1.04031873,0.08054169931034483,3963.184529384524,13,6,7,35,4,0.0,0.25,0.058823529411764705,2.8243275382627395,0.0,0.7142857142857143,1,0.6363636363636364
15021737abb114ebba9994df5e2c829,29,8,21,1.1428267,4.544621350000001,0.1961188982758621,4090.372164180357,21,5,16,32,3,0.0,0.38095238095238093,0.25,1.4946776691832764,0.047619047619047616,0.4642857142857143,1,0.4
bc1qc9eabf52fd564b9a8280759fb737b7,17,6,11,0.18814104000000004,1.77675895,0.11558235235294118,8050.625755480209,21,10,11,24,4,0.0,0.6363636363636364,0.3333333333333333,1.4344708899125787,0.0,0.375,1,0.5
3ea6ed50d4b9340ad8e6aae6408e7ed,41,21,20,1.6967489000000002,0.14433560999999998,0.04490450024390244,3121.7641676754165,21,10,11,48,5,0.0,0.3,0.14285714285714285,40.42976822044142,0.1,0.55,1,0.42105263157894735
3185700c30d7649c2a913e62b94d438,12,6,6,0.94438686,0.13067495,0.08958848416666666,11111.678119168182,11,3,8,16,3,0.0,0.6666666666666666,0.0,14.410641279065153,0.0,0.5454545454545454,1,0.6
39d94f9cab7bd4437927c2617440b64,20,8,12,0.23882803,0.24368008,0.0241254055,6242.752683493859,15,6,9,25,3,0.0,0.5,0.25,4.277757794285615,0.16666666666666666,0.5263157894736842,1,0.45454545454545453
3a4705ff01d5647c3a95fb451e27e89,31,18,13,2.36582006,0.37909218000000006,0.08854555612903227,4184.880176781667,17,8,9,39,4,0.0,0.46153846153846156,0.05555555555555555,14.054950968920666,0.0,0.7333333333333333,1,0.5833333333333334
bc1q1d8f01538ecb440db86666040145f8,34,16,18,2.32453373,0.54707428,0.08445905911764706,3987.312737383334,29,9,20,41,6,0.0,0.5,0.1875,21.429551526297413,0.05555555555555555,0.6666666666666666,1,0.35294117647058826
bc1qa220342ef72a48539ecfb590ca29f2,16,6,10,0.24819351,0.9748042600000001,0.076437360625,6854.971780092223,13,6,7,22,4,0.0,0.4,0.16666666666666666,1.3178995578367871,0.1,0.3333333333333333,1,0.3333333333333333
bc1q46262ca51d094d99b5b81386fbd3aa,18,4,14,0.10270749,0.18816968,0.01615984277777778,5865.841077057843,14,3,11,20,2,0.0,0.42857142857142855,0.25,2.22876270056509,0.07142857142857142,0.35294117647058826,1,0.5384615384615384
3813b1668f2c44212ab929b21945fd6,20,5,15,0.3096922,0.35684507,0.0333268635,6946.470753242105,14,3,11,24,4,0.0,0.4,0.0,5.1328347265385394,0.06666666666666667,0.3157894736842105,1,0.5
3a2fef06db5d7499ba986f8d52681cc,29,11,18,0.49550743,2.449256690000001,0.10154359034482759,4530.143628223214,23,7,16,33,3,0.0,0.3888888888888889,0.18181818181818182,1.4361598236888546,0.0,0.42857142857142855,1,0.47058823529411764
bc1q6f20faf3c0ed43a7b03ed51f6d3dc4,37,22,15,1.28574748,1.2131441200000002,0.0675376108108108,3537.439332312963,20,6,14,43,4,0.0,0.6,0.045454545454545456,2.050765015468435,0.13333333333333333,0.5555555555555556,1,0.35714285714285715
bc1q9804abdbcd4e40529bca7d267fcd0f,34,14,20,0.46841682999999995,1.18318201,0.048576436470588236,3654.5008850631316,22,7,15,41,5,0.0,0.45,0.07142857142857142,1.5838801736545294,0.05,0.5151515151515151,1,0.47368421052631576
3f7b0c687ef464f12bde67b4a38b2ee,35,19,16,0.6480067599999999,1.1678111799999997,0.051880512571428575,3801.198133691667,21,8,13,43,5,0.0,0.5,0.05263157894736842,1.4311235249209697,0.0625,0.5588235294117647,1,0.26666666666666666
36407a0542e75448a90df25764bab82,24,8,16,0.8049548300000001,5.07391133,0.2449527566666667,5477.284097877536,16,6,10,29,4,0.0,0.3125,0.125,1.5817929690733945,0.125,0.34782608695652173,1,0.4666666666666667
bc1qeb2881ed99fa400ea4fb41063d8073,23,12,11,0.47260122,0.60888692,0.04702122347826087,5800.465542056818,18,9,9,30,5,0.0,0.5454545454545454,0.16666666666666666,2.623582083115054,0.09090909090909091,0.5454545454545454,1,0.4
3b2d12821aeb7448ea68ae60a574034,19,2,17,0.10578388,0.6595854799999998,0.040282597894736843,7060.100007002778,19,3,16,22,3,0.0,0.47058823529411764,0.5,2.3858463527073352,0.058823529411764705,0.2222222222222222,1,0.25
30d4507d8f9d94671863d1b22086ddf,15,10,5,0.9571522299999998,0.18896407,0.07640775333333334,9121.661984132143,10,3,7,19,4,0.0,0.6,0.0,7.094880828752468,0.0,0.6428571428571429,1,0.5
bc1q91e0de174a1345239a3d38dab57cef,19,8,11,0.29255025999999995,0.19507995,0.025664747894736842,7288.373511730556,12,3,9,23,4,0.0,0.5454545454545454,0.0,2.8583696759610517,0.09090909090909091,0.6666666666666666,1,0.4
bc1qc4fe48989ac74d40b10cc043c1bec8,15,4,11,0.16989158999999998,0.99760878,0.07783335799999999,8907.51398405238,15,2,13,18,2,0.0,0.5454545454545454,0.0,1.6025632546868762,0.0,0.5,1,0.3
39cec5cdea46543e297008913db8edb,27,9,18,0.176718,1.4150161499999996,0.058953116666666666,4690.057003882693,14,3,11,31,4,0.0,0.3333333333333333,0.0,1.4438536022190025,0.1111111111111111,0.4230769230769231,1,0.4117647058823529
30f9159e8f62b4a60a2f65f6b1837c7,24,7,17,0.22853898,5.65493178,0.24514461499999998,5159.216838349275,24,5,19,30,5,0.0,0.6470588235294118,0.0,1.552062592388226,0.0,0.2608695652173913,1,0.625
1da93638744c54845ac4cabe7969d06,29,14,15,0.7938454200000001,0.14823512000000003,0.03248553586206897,4240.902313588095,21,6,15,36,6,0.0,0.6666666666666666,0.0,13.91180316083093,0.06666666666666667,0.75,1,0.5714285714285714
304a9581465cc4d40a523a62c874325,45,23,22,0.76784071,3.7517616099999995,0.1004356071111111,2828.762744851136,31,8,23,52,5,0.0,0.6818181818181818,0.08695652173913043,1.4167665601015271,0.09090909090909091,0.6363636363636364,1,0.42857142857142855
bc1q1dba5fa06a3649e5adb2738fa576d0,31,16,15,1.8807442300000001,0.4349393,0.07469946870967742,4336.095467301111,27,9,18,39,5,0.0,0.5333333333333333,0.125,12.898155238400077,0.0,0.5333333333333333,1,0.42857142857142855
1f8aabb1944ee49d3b8569f6ee62bac,26,14,12,0.5703250200000001,0.13188528000000002,0.027008088461538463,4943.166385780667,14,6,8,33,5,0.04,0.4166666666666667,0.0,9.852171196764838,0.08333333333333333,0.72,2,0.36363636363636365
3dcf0d4bc140e4e0ca0cc7c5cd617c7,25,11,14,0.7674049300000001,1.82782645,0.1038092552,5391.365358263888,23,10,13,32,5,0.0,0.7142857142857143,0.2727272727272727,1.9206530659260934,0.07142857142857142,0.625,1,0.5384615384615384
16765522721994de69de8c073f22a73,25,14,11,0.45868656,1.00818134,0.058674716,5431.537836815972,12,4,9,30,3,0.0,0.5454545454545454,0.0,1.4091608913378786,0.0,0.5,1,0.5
bc1q4d65668ae430477d9e4cf45dec8971,20,8,12,0.28779148,0.3997125000000001,0.034375199,4230.724587716667,18,5,13,25,4,0.0,0.75,0.125,1.8183884972003026,0.25,0.3684210526315789,1,0.45454545454545453
bc1qf64846a716e14bef82e501cc76c9da,25,12,13,0.8771755400000001,0.10323664999999999,0.0392164876,4943.009841297917,18,5,13,31,4,0.0,0.6153846153846154,0.0,40.06264923105388,0.07692307692307693,0.75,1,0.4166666666666667
bc1q822c5d16d6b84ed79f70c1c21d6221,33,27,6,0.97433452,0.61035258,0.048020821212121215,4019.96635388125,15,10,5,41,4,0.0,0.16666666666666666,0.07407407407407407,1.2448447296961471,0.0,0.59375,1,0.4
1aa262e60bbd74466b653c499d1f20b,42,27,15,0.52130407,1.46220714,0.04722645738095238,3092.736464124797,22,12,10,52,7,0.0,0.3333333333333333,0.1111111111111111,1.386246175715429,0.06666666666666667,0.8048780487804879,1,0.6428571428571429
3708e5795da1d4c789e7e4cf8be3d61,36,21,15,0.7673687299999998,2.1387481999999998,0.08072547027777778,3595.6532904728574,22,9,13,44,7,0.0,0.4666666666666667,0.09523809523809523,1.2901246465581857,0.2,0.7714285714285715,1,0.5714285714285714
13d2fcf19b2604d8d83c1ae3508ab38,30,19,11,1.3778636599999996,0.6843587599999998,0.06874074733333332,4447.963451058045,18,7,11,36,4,0.0,0.5454545454545454,0.10526315789473684,8.059783726787751,0.09090909090909091,0.6206896551724138,1,0.3
3de73101193584a638de05ae025cf1b,21,13,8,1.4836517599999999,0.21678552,0.08097320380952382,5784.155120394166,12,8,4,29,5,0.0,0.375,0.07692307692307693,12.269306889046211,0.25,0.7,1,0.2857142857142857
3dde8d2995a584a40a216480f384fe7,27,15,12,0.4211387,0.30164299000000006,0.026769692222222224,4992.298968550641,26,8,18,33,3,0.0,0.8333333333333334,0.13333333333333333,3.775231054082012,0.25,0.4230769230769231,1,0.2727272727272727
3c64d0a89935a438ba9c28e0b2aca03,30,16,14,0.7783687100000001,0.38970076000000003,0.038935649,4026.77491886954,18,7,11,37,4,0.0,0.42857142857142855,0.0625,7.52063358378373,0.07142857142857142,0.6551724137931034,1,0.38461538461538464
355264da84ae94ab3b620fb8dd2afd6,24,9,15,0.29683226999999995,0.51881058,0.03398511875,5583.839554957246,18,2,16,27,3,0.0,0.6,0.0,1.6404755590329698,0.06666666666666667,0.5217391304347826,1,0.5
bc1qfc4423983c6f439f9f81070c5d0ec4,46,23,23,0.71116342,0.69834569,0.030641502391304344,2919.3595163714813,26,5,21,52,5,0.0,0.5217391304347826,0.0,2.508725180987339,0.08695652173913043,0.5555555555555556,1,0.5
bc1q38db1263f8404babacca807948f348,21,3,18,0.08232449,0.33325136,0.019789326190476193,5940.502198075001,21,4,17,25,4,0.0,0.5555555555555556,0.3333333333333333,2.5594220581221037,0.0,0.25,1,0.5882352941176471
bc1q197817a8c19846ae92fc8c1b94c699,14,4,10,0.18278426,0.29208817000000004,0.033919459285714285,8207.110074552564,10,2,8,17,2,0.0,0.4,0.0,2.272039653465448,0.0,0.3076923076923077,1,0.5555555555555556
186025138dddd42f59f02fb4d4b2c4e,15,5,10,0.1461295,3.338960739999999,0.23233934933333333,8680.310269341668,13,4,9,19,3,0.0,0.4,0.2,1.659525660939623,0.1,0.6428571428571429,1,0.6666666666666666
bc1q4c23642ffa5a46fdbf37a03a9d8124,39,22,17,1.6714486799999997,0.13331576,0.046276011282051284,3414.303132432895,23,8,15,45,4,0.0,0.6470588235294118,0.09090909090909091,18.324561209177265,0.058823529411764705,0.5,1,0.3125
bc1q537bcd52aa284f5c863de3a6cbeab5,29,14,15,0.8261600600000001,0.39638621000000007,0.04215676793103448,4458.952591054166,18,7,11,35,4,0.0,0.4666666666666667,0.14285714285714285,4.070457974545014,0.13333333333333333,0.6428571428571429,1,0.21428571428571427
bc1q40290ed185e143958aadc70675ddcf,33,11,22,0.6960293699999999,1.0871684599999998,0.05403629787878788,3970.7192254781253,27,8,19,39,4,0.0,0.45454545454545453,0.18181818181818182,2.4010616101372664,0.045454545454545456,0.375,1,0.5238095238095238
373dd8c36b7e24a7da4f7c014144a24,26,5,21,0.08466336000000001,0.62825775,0.027420042692307692,5109.467587145333,23,5,18,29,3,0.0,0.3333333333333333,0.4,1.4281669937003325,0.14285714285714285,0.32,1,0.5
1831019be835b4b0fbe754cb4f89478,14,5,9,0.31852886,0.8665342500000001,0.084647365,9484.557564514103,10,5,5,20,4,0.0,0.4444444444444444,0.0,1.460802366946682,0.1111111111111111,0.5384615384615384,1,0.375
341aefc9c64c7462991ff4a2b1fda23,34,19,15,0.90944708,0.28525834,0.035138394705882356,3754.0634709510105,24,7,17,40,4,0.0,0.5333333333333333,0.05263157894736842,11.114894695825981,0.13333333333333333,0.6060606060606061,1,0.2857142857142857
3ec29ab64357c4298a3bf3d040407fd,25,10,15,4.5308252300000005,0.42145537,0.198091224,5275.298728484722,18,5,13,31,5,0.0,0.4,0.0,74.7943887595906,0.06666666666666667,0.7083333333333334,1,0.35714285714285715
33068c40f69234faa8517bb9aea7636,30,17,13,3.8899775899999995,0.74601577,0.15453311200000003,4395.411988641954,17,5,12,36,5,0.0,0.6153846153846154,0.0,10.772141330705116,0.15384615384615385,0.7241379310344828,1,0.16666666666666666
11b53e7d2730c4a6f8ce1e0f46fa922,32,17,15,0.28160862000000003,0.546122,0.025866581875,4016.775574160215,26,10,16,39,4,0.0,0.6,0.11764705882352941,1.286551075742393,0.13333333333333333,0.45161290322580644,1,0.21428571428571427
bc1qc82f885564d84abbb2a1e310f59c5d,18,4,14,0.62148377,0.09287085,0.03968636777777778,7399.572557932353,17,6,11,23,3,0.058823529411764705,0.5,0.25,55.64205521246976,0.14285714285714285,0.35294117647058826,2,0.38461538461538464
123cd40e3f588453fbc75c1e41403da,16,4,12,0.02587693,0.38865363,0.02590816,4994.5278346566665,13,2,11,19,3,0.0,0.6666666666666666,0.0,1.617117184794834,0.0,0.4,1,0.45454545454545453
34e4299db677749feae99133cdabfdd,41,22,19,1.1095864,0.31952978,0.034856492195121956,3123.9736072370833,22,11,12,48,6,0.0,0.3684210526315789,0.13636363636363635,14.458550678158616,0.10526315789473684,0.65,1,0.3888888888888889
bc1q7f35b43b05bc4654b41a7fa18fb920,25,11,14,0.21062314000000004,1.4307520299999998,0.0656550068,5250.510329675,19,4,15,30,5,0.0,0.6428571428571429,0.0,1.6718280726810506,0.07142857142857142,0.7083333333333334,1,0.5384615384615384
393fdf7e399854f61b4f0089685be9a,50,9,41,0.7545209800000001,2.6392187,0.0678747936,2634.3038344955785,46,5,41,56,6,0.5918367346938775,0.4878048780487805,0.0,2.91026938357206,0.024390243902439025,0.2857142857142857,9,0.575
1646048374f0e4d0ba5993410ff3b60,26,9,17,0.72276763,0.11884797000000001,0.03236983076923077,5212.491090646667,16,4,12,31,4,0.0,0.47058823529411764,0.0,25.95508277790017,0.0,0.48,1,0.4375
369bacce10f6a470aaa03f514ff8827,26,13,13,0.8789237400000002,0.57497202,0.05591906769230769,5204.543232691333,17,4,13,31,5,0.16,0.5384615384615384,0.0,8.00257074572841,0.15384615384615385,0.32,3,0.5833333333333334
3414187c407484b058a49b5d48d6d34,29,10,19,0.50180501,0.44187978999999994,0.03254085517241379,4637.160003016072,21,4,17,34,5,0.0,0.5263157894736842,0.0,4.933313906118977,0.10526315789473684,0.5357142857142857,1,0.3333333333333333
bc1q29795cb410f449ffaa78c00151a8ca,19,9,10,0.1882378,0.37114421,0.029441158421052632,5849.430316453703,15,5,10,25,5,0.0,0.5,0.0,1.5365972891791904,0.1,0.7777777777777778,1,0.2222222222222222
356a61eb334304bf697b6c3ab3489cf,24,13,11,0.60924438,6.463951149999999,0.2947164804166667,5140.46020436087,16,5,11,30,3,0.0,0.7272727272727273,0.0,1.2422957493559876,0.0,0.5652173913043478,1,0.6
bc1qaa19df0bd23c45c881fc036921a443,37,29,8,0.7951906300000001,0.2089885,0.027139976486486486,3381.826689523148,18,10,8,45,5,0.027777777777777776,0.375,0.10344827586206896,2.168576682396208,0.125,0.8055555555555556,2,0.14285714285714285
1547adeb6eaf54daa9e9563eb2437da,23,7,16,0.84844331,0.60962431,0.06339424434782609,5163.441638883333,24,4,20,27,4,0.0,0.75,0.14285714285714285,5.655887309716864,0.1875,0.5454545454545454,1,0.06666666666666667
34df7790bb4d34dacb7a38967544258,36,12,24,1.25909884,2.11989817,0.09386102805555556,3693.1827039623813,26,6,20,42,5,0.0,0.4166666666666667,0.08333333333333333,3.8449283985418585,0.041666666666666664,0.5428571428571428,1,0.4782608695652174
174a528b0b26e4e40b7c4f4c59201e6,16,1,15,0.02942663,0.1375017,0.010433020624999999,7243.407924702222,13,1,12,18,1,0.0,0.4666666666666667,0.0,2.688522358496082,0.13333333333333333,0.0,1,0.42857142857142855
1682b339d41044fd1991addd09f2fc0,31,4,27,0.16079189,3.30026186,0.11164689516129032,4182.4223220505555,27,2,25,33,2,0.0,0.25925925925925924,0.25,26.67544869327195,0.1111111111111111,0.2,1,0.11538461538461539
16665f946308b463a876fc73a57055b,45,25,20,1.37296109,1.01219236,0.05300341000000001,3010.2293682545455,31,9,22,51,6,0.06818181818181818,0.55,0.08,2.699532670778089,0.0,0.6363636363636364,2,0.5789473684210527
bc1q091b07eee3434c7096bdda4030c321,23,16,7,0.37395857,0.22079254,0.02585874391304348,5944.010729327273,12,8,4,30,6,0.045454545454545456,0.42857142857142855,0.125,4.066198202487621,0.14285714285714285,0.45454545454545453,2,0.3333333333333333
348a165695eba47b9be874f844111f2,29,15,14,0.27939855999999996,0.9518218600000001,0.04245587655172414,4508.0449849642855,18,5,13,34,4,0.0,0.5714285714285714,0.06666666666666667,1.2911720963688367,0.0,0.5,1,0.46153846153846156
bc1qc874114117c84d8aae08885011e276,23,11,12,0.4782058900000001,0.2766354,0.03281918652173913,5948.112713647727,15,7,8,29,5,0.0,0.3333333333333333,0.09090909090909091,5.693514942385931,0.08333333333333333,0.5909090909090909,1,0.2727272727272727
312068aa47f8c492fa9e6f4fc931b7e,24,18,6,2.91414767,1.51977414,0.18474674208333333,5190.124404594203,14,5,9,30,6,0.0,0.8333333333333334,0.0,2.095781117731481,0.0,0.9130434782608695,1,0.4
101c405f4e0d2421bb3e03acaf774e0,30,15,15,0.21273457,0.23336034000000003,0.014869830333333334,4433.708560421264,23,6,17,37,7,0.0,0.6,0.0,3.253286731506531,0.0,0.5517241379310345,1,0.14285714285714285
108f2fe94e0654379a26257d27fe724,22,12,10,0.23577151999999998,0.62238635,0.03900717590909091,6069.240648134921,12,5,7,27,3,0.0,0.4,0.08333333333333333,1.10889111014928,0.1,0.7142857142857143,1,0.4444444444444444
bc1qd06d34724cc84278b4edd5ffc24b7c,19,4,15,0.08878083,0.29180622,0.020030897368421053,6896.428106934259,17,3,14,23,4,0.0,0.5333333333333333,0.0,2.050734642277512,0.06666666666666667,0.3888888888888889,1,0.5714285714285714
1eae47c4af3b74228b1ab100a8fc606,21,10,11,0.7331293099999999,1.93616675,0.1271093361904762,6393.8534966091665,16,7,9,27,5,0.0,0.45454545454545453,0.1,6.4639710809020405,0.2727272727272727,0.4,1,0.5
36833f50dba494c67aa6883b73dc148,21,5,16,0.4739685,1.86368546,0.11131685523809523,6512.477525813333,16,2,14,24,3,0.0,0.5,0.0,1.3359553976459442,0.0625,0.4,1,0.4
376b2c8d4682f465a951383738d3d85,23,12,11,0.8210948499999999,0.27035298,0.04745425347826086,5932.112624283333,19,8,11,29,4,0.0,0.5454545454545454,0.16666666666666666,11.851606376134187,0.18181818181818182,0.5454545454545454,1,0.2
bc1q48c8f7a9f14244509548831ecfef03,29,12,17,0.5264792199999999,1.2594068100000002,0.06158227689655172,4668.869090845833,24,8,16,37,5,0.0,0.6470588235294118,0.08333333333333333,1.797220143023859,0.11764705882352941,0.75,1,0.25
3a0f0bbd0a4384f3ab7e836c0429513,28,16,12,0.7540760900000001,1.73206854,0.08879087964285715,4863.148577427778,23,14,9,35,5,0.0,0.4166666666666667,0.3125,1.47284698229999,0.08333333333333333,0.48148148148148145,1,0.36363636363636365
bc1q42b24caa13254702a87d81a20ddc8c,31,16,15,0.51916055,0.80279232,0.04264364096774194,4160.327259871667,22,9,13,38,4,0.0,0.5333333333333333,0.125,3.32031847497289,0.0,0.6,1,0.5
1cb9420bd8b3b43dda5c60fc0c25d33,17,2,15,0.21370746000000002,0.65105188,0.05086819647058823,7780.622052791667,17,2,16,20,3,0.0,0.5333333333333333,0.0,2.8900948124122086,0.06666666666666667,0.25,1,0.35714285714285715
3b8c3556623bf4992a242a57b8396fc,32,17,15,1.5733432600000001,0.26357281,0.0574036271875,4067.704791226344,30,9,21,39,5,0.0,0.6666666666666666,0.11764705882352941,29.144294394521005,0.0,0.7096774193548387,1,0.5714285714285714
3a9f806e34a964560a9cf7994cbe57d,25,9,16,1.7192137,1.11708148,0.1134518072,5009.451110321527,18,5,13,29,4,0.0,0.3125,0.1111111111111111,7.267026297947871,0.125,0.625,1,0.4
19cfd01cbdd80443eb21e3611d2e5e1,24,10,14,0.28147412000000005,1.16367855,0.06021469458333333,5447.654076792029,23,6,17,28,4,0.0,0.7857142857142857,0.2,1.2420047643496854,0.07142857142857142,0.6521739130434783,1,0.23076923076923078
33f04bdbbc1a04dafafd977d8c58774,37,17,20,0.63536088,1.37161952,0.05424271351351352,3332.5873974657407,26,5,21,43,5,0.0,0.65,0.0,1.9644322013170776,0.1,0.5555555555555556,1,0.3684210526315789
1d80c0e105c2945cd8933c315f11400,29,21,8,5.00592412,0.48893044,0.18947774344827586,4373.109806113095,12,6,6,35,5,0.0,0.375,0.047619047619047616,11.792081801201096,0.125,0.7857142857142857,1,0.42857142857142855
1b0437224a34a4cadbf4cead832a5e1,29,19,10,0.9388695600000001,0.11278394000000001,0.036263913793103446,4350.776680880953,16,7,9,37,5,0.0,0.5,0.0,11.040673845721582,0.1,0.8571428571428571,1,0.2222222222222222
3aeeda32689ed4dfe8a104886b2c18f,35,15,20,1.8793195600000001,4.288308059999999,0.176217932,3523.0899175196078,16,5,11,41,4,0.0,0.35,0.0,2.0583043696117467,0.15,0.20588235294117646,1,0.47368421052631576
bc1q902cfc582abc423a9c00b1841902f6,32,20,12,1.0282061999999996,0.69858133,0.0539621103125,4064.826186143548,17,12,5,42,5,0.0,0.25,0.1,2.103660020381205,0.0,0.7096774193548387,1,0.7272727272727273
3f8ba33d8859d42ba9fd82dea423530,39,25,14,1.3011546800000002,0.41463844,0.04399469538461539,3395.6221244820176,29,12,17,46,6,0.0,0.7142857142857143,0.12,5.7665111183328435,0.21428571428571427,0.7894736842105263,1,0.38461538461538464
bc1qd07ab7827b2a4ccc846afc756fd33c,33,14,19,0.7595273399999999,0.4369338,0.03625639818181818,3932.861900647396,26,9,17,39,4,0.0,0.42105263157894735,0.21428571428571427,6.414892294192098,0.0,0.625,1,0.5
bc1qd5e21a96110c44219fecd6a810e126,35,15,20,2.2651770200000003,3.1571727500000004,0.15492427914285714,3768.6774810362745,18,6,12,42,6,0.0,0.35,0.0,2.6426348968006805,0.0,0.6470588235294118,1,0.5263157894736842
3eae9ecea8cbc4227af3b1b3459808a,25,16,9,0.33463444,3.80352506,0.16552637999999997,5184.487395183333,12,6,6,31,4,0.0,0.4444444444444444,0.0625,1.2307533131636954,0.2222222222222222,0.6666666666666666,1,0.25
bc1q8d6e4a59e2664901a0c7fa9e7f70f9,13,5,8,0.13112716000000002,0.28654393,0.03212854538461539,5964.043954174999,12,4,8,18,4,0.0,0.5,0.0,1.0342695771950996,0.125,0.6666666666666666,1,0.2857142857142857
bc1qbfd16783875b44bfb77aefda827292,21,3,18,0.11927237999999998,2.15561692,0.1083280619047619,6562.9920145725,21,2,19,24,3,0.0,0.5555555555555556,0.0,1.507684901289302,0.1111111111111111,0.3,1,0.47058823529411764
bc1q38a4a1bbb4844ce483496f6f809e27,20,9,11,0.23670562,0.61704282,0.042687421999999996,6310.679250891229,11,4,7,25,3,0.05263157894736842,0.36363636363636365,0.0,2.594935903709704,0.0,0.5263157894736842,2,0.4
bc1qd457bc98eb4f47dfb8ad5b37470ff2,23,11,12,0.24347966999999998,0.52898887,0.033585588695652174,5795.322605745454,15,5,10,27,4,0.0,0.5,0.18181818181818182,1.4908519720250537,0.08333333333333333,0.5,1,0.45454545454545453
bc1qb03c7d39cd5a4222b8f9692bc290b8,29,13,16,0.8096357999999999,0.5471165700000001,0.04678456448275862,4338.018905217262,25,11,14,36,5,0.0,0.625,0.23076923076923078,4.691188991030243,0.0,0.6071428571428571,1,0.4666666666666667
bc1q1d6b23bd517945fcb26175542574d4,27,7,20,0.24819835999999998,0.057865269999999996,0.01133569,4176.26425848718,18,5,13,31,3,0.0,0.35,0.14285714285714285,22.57181206054106,0.15,0.38461538461538464,1,0.2631578947368421
30983dee791154b03bbd0f439026b88,26,6,20,0.12681092,0.41170553,0.020712171153846156,4848.810778343333,19,2,17,28,2,0.0,0.55,0.16666666666666666,1.5876238604705484,0.1,0.4,1,0.3157894736842105
bc1q7e31443feca7453281754bce39ceda,20,15,5,0.63399544,0.91574597,0.0774870705,6636.262206719298,10,5,5,25,4,0.0,0.6,0.06666666666666667,1.3658543671806742,0.0,0.6842105263157895,1,0.5
1f47ed3e2eb6e4548837c363dbcf4e2,22,4,18,0.13773939,2.23646388,0.10791833045454545,5772.451379100794,18,3,15,26,4,0.0,0.5,0.0,1.425391511753861,0.0,0.3333333333333333,1,0.5882352941176471
1ad9dfd63d5e4422ca181135fcaf8f2,19,2,17,0.13536179,0.78051689,0.04820414105263158,6572.525009690741,13,1,12,21,2,0.0,0.35294117647058826,0.0,1.7185117604215931,0.0,0.2222222222222222,1,0.375
bc1q7e9811fa59f14930b7fc282283f227,40,22,18,0.85446886,1.18229622,0.050919126999999995,3216.501432576068,26,9,17,48,6,0.0,0.4444444444444444,0.09090909090909091,1.3199110517475943,0.1111111111111111,0.717948717948718,1,0.35294117647058826
1f9fc12846730497382a2828858beec,23,16,7,0.71826046,0.31791776000000005,0.045051226956521744,5655.042290067424,15,10,5,29,5,0.0,0.42857142857142855,0.1875,11.267412438901689,0.0,0.7272727272727273,1,0.3333333333333333
39a96a703efd944049d396a1cec5581,28,7,21,0.36085467000000004,3.1934478399999997,0.12693937535714286,4259.698889047531,24,3,21,47,9,0.1111111111111111,0.14285714285714285,0.0,3.0555530100164057,0.19047619047619047,0.8148148148148148,2,0.35
bc1qfaf1ea6fc9d347058c98452cdf4cb1,53,38,15,0.7783259600000001,0.36528344999999995,0.02157753603773585,2424.6942763589745,29,12,17,64,5,0.0,0.7333333333333333,0.05263157894736842,2.4739413481180033,0.06666666666666667,0.6153846153846154,1,0.5
13c22b04f699d4b2db1a07a930b3d36,48,28,20,1.4107133399999998,0.75373743,0.045092724375000004,2791.126301943617,24,8,16,55,5,0.0,0.45,0.07142857142857142,3.6941901759511344,0.15,0.7659574468085106,1,0.3684210526315789
bc1q8571f16e6ffa47e58eb71591dc04f7,16,7,9,0.49986777000000004,21.892613330000003,1.39953006875,7695.282422943334,13,3,10,20,4,0.0,0.5555555555555556,0.0,1.4527183097250966,0.1111111111111111,0.6666666666666666,1,0.5
bc1q4025e5a200094bccb345cc203f0143,28,12,16,0.44006363,1.1648868299999997,0.05731965928571429,4496.247661887654,22,5,17,32,4,0.0,0.5625,0.08333333333333333,9.219682724222215,0.1875,0.6666666666666666,1,0.2
bc1qb882882e23dd4efdb06ce9d093deae,47,34,13,1.6539156500000003,0.41319168,0.0439810070212766,2886.144257372826,23,9,14,56,7,0.0,0.5384615384615384,0.029411764705882353,3.1419386286616215,0.07692307692307693,0.717391304347826,1,0.4166666666666667
bc1q835554b8942041ea8a37ac431d4a91,28,14,14,0.68338586,1.13054088,0.06478309785714285,4229.6342700462965,14,5,9,32,2,0.0,0.35714285714285715,0.14285714285714285,1.5557719956792695,0.07142857142857142,0.2962962962962963,1,0.3076923076923077
3480aef197cd943de83069b76947334,37,28,9,1.2121316700000002,0.36560412,0.042641507837837836,3352.3929728444446,21,9,12,44,5,0.0,0.7777777777777778,0.10714285714285714,3.4844690275495336,0.0,0.75,1,0.5
13a653a9bf06b409a9ced56ce52f081,20,8,12,0.71107513,1.2758804100000003,0.099347777,5813.038799635965,15,3,12,24,3,0.0,0.5,0.0,2.0482635812751786,0.0,0.5263157894736842,1,0.36363636363636365
3be608e7d17e44dd3abf0c8f97c7225,25,8,17,0.42947089000000005,2.0687685499999997,0.0999295776,5335.532425931944,22,4,18,28,3,0.0,0.6470588235294118,0.125,1.2053706317608057,0.058823529411764705,0.5416666666666666,1,0.3125
bc1q1917e1290169467fb8284d26cbb6b9,33,10,23,0.42282258,0.5966716900000001,0.03089376575757576,3839.8474798265624,25,6,19,38,3,0.0,0.43478260869565216,0.2,4.303283877776809,0.0,0.25,1,0.4090909090909091
1f2e0f4c54d514da8a3404e03c2c074,30,17,13,0.5848641,1.02556303,0.05368090433333333,4274.154913263218,19,7,12,35,4,0.0,0.7692307692307693,0.11764705882352941,1.2233980316255322,0.07692307692307693,0.8620689655172413,1,0.4166666666666667
bc1q02ed9e98a3be470d93088e47a52780,66,46,20,1.16204927,4.932133370000001,0.0923361006060606,1941.8357347833332,35,24,11,78,6,0.046153846153846156,0.35,0.17391304347826086,1.7348570085527664,0.15,0.7076923076923077,3,0.3157894736842105
38cff7e40fbb746a8b56619888ea4cf,17,4,13,0.22681439,0.08511111,0.018348558823529412,6905.9396256229165,12,3,9,21,3,0.0,0.38461538461538464,0.0,12.483890158908576,0.07692307692307693,0.25,1,0.3333333333333333
1a73b6544df1b4c158fbd3e6ad90132,22,6,16,0.16864696,2.08749882,0.1025520809090909,5801.151433212699,16,3,13,26,4,0.0,0.625,0.0,1.4515892846295584,0.0,0.42857142857142855,1,0.5333333333333333
102cee088b569440eb7db2cc15cb69d,60,38,22,1.7019012500000001,1.5441370100000003,0.054100637666666666,2207.5017876838983,35,17,18,72,6,0.0,0.45454545454545453,0.10526315789473684,1.497698080729711,0.09090909090909091,0.8305084745762712,1,0.42857142857142855
bc1qd042367340b0405bb801c4ecf56d45,19,3,16,0.10034612,0.40133434,0.026404234736842103,6931.109321211112,12,2,10,22,3,0.0,0.4375,0.0,1.813972184998809,0.125,0.2777777777777778,1,0.4666666666666667
3f7b19ad80854467e9945a559a08989,17,8,9,0.14670589,0.7100760500000001,0.05039893764705882,7831.055946691667,14,4,10,21,3,0.0,0.5555555555555556,0.125,1.27315460107029,0.0,0.3125,1,0.625
37d77ac7f3f794bc59e8a408ff209e0,31,16,15,0.24939630000000002,1.40112236,0.053242537419354835,4139.5315790566665,12,3,9,35,2,0.0,0.26666666666666666,0.0,1.3476249352051115,0.26666666666666666,0.6,1,0.21428571428571427
bc1qedb5bbf80e5345c4a67bd40b8fe09d,41,19,22,1.58473327,0.82356308,0.05873893536585366,3213.5698758554167,21,7,14,47,3,0.0,0.36363636363636365,0.10526315789473684,6.807534525210881,0.045454545454545456,0.375,1,0.3333333333333333
3f2ba1cfb47e5495996ad7d15f9cb6a,31,12,19,0.8529938,1.3555107399999997,0.07124208193548387,4124.247169544445,22,8,14,38,7,0.0,0.2631578947368421,0.16666666666666666,7.953863983034706,0.0,0.6333333333333333,1,0.5555555555555556
bc1q712162d1995540f8b1d106a4474d28,22,11,11,0.44773525,0.22622627999999995,0.030634615,6143.185675343651,17,7,10,28,5,0.0,0.5454545454545454,0.09090909090909091,4.16048493685801,0.0,0.7142857142857143,1,0.5
364584b931def462f8ad2318bd37f0e,40,29,11,1.2936262699999999,0.36518233,0.041470215,3386.2667354615382,20,13,7,51,7,0.0,0.36363636363636365,0.06896551724137931,4.455607202253718,0.09090909090909091,0.6923076923076923,1,0.2
3f71f9e3414f8443eb313b05369e5de,21,9,12,0.19238107999999998,7.59087428,0.3706312076190476,6428.556294349166,12,3,9,25,3,0.0,0.5,0.0,1.2608166850735871,0.0,0.45,1,0.45454545454545453
3c80e0841b63a42258387fc9930ef82,31,16,15,0.7739822300000001,0.5898904899999999,0.043995894193548386,3972.4395246855556,22,7,15,37,4,0.0,0.5333333333333333,0.0625,3.0542261043871703,0.13333333333333333,0.7,1,0.2857142857142857
3defaee0028b446528db07aaa6c8619,26,10,16,1.41460481,2.6803899999999996,0.1574998003846154,4811.603341889333,21,7,14,31,4,0.0,0.3125,0.3,2.584800117181886,0.0625,0.52,1,0.5333333333333333
bc1q20f3758d1f654951837542cab81f1d,29,12,17,0.90612901,0.8556826399999998,0.06075212586206897,4639.476907916667,23,7,16,34,3,0.0,0.5294117647058824,0.25,4.460192206343939,0.0,0.6071428571428571,1,0.5
bc1qc04eabc0a31540ad94cacec0881d49,24,13,11,1.11670769,3.2784722600000005,0.18313249791666666,5318.892607763768,12,4,8,29,3,0.0,0.2727272727272727,0.0,1.2751654517585471,0.09090909090909091,0.5652173913043478,1,0.6
bc1qe2e8b97f5fc74d5ebbfe6cc9b13c40,25,14,11,1.04371719,0.25168312,0.0518160124,5530.796003542361,21,10,11,32,5,0.0,0.45454545454545453,0.21428571428571427,14.775058670700387,0.09090909090909091,0.625,1,0.6
bc1q542f38cfa1304d7a9b90a0166b8978,39,8,31,1.24606933,3.0475074699999993,0.11009171282051283,2943.284117804386,32,4,28,59,9,0.05263157894736842,0.25806451612903225,0.0,4.632232972457366,0.12903225806451613,0.6842105263157895,2,0.26666666666666666
321377394ffb84a50be640dadba9069,34,20,14,1.34342314,0.15770298000000002,0.04415076823529412,3921.837701351515,21,7,14,39,5,0.0,0.6428571428571429,0.1,12.006061542155042,0.21428571428571427,0.8181818181818182,1,0.38461538461538464
36925dca616234cdca34dd37f1750d7,24,11,13,0.56182317,0.8816403099999999,0.060144311666666665,5243.629440164493,13,3,10,28,3,0.0,0.38461538461538464,0.0,1.3096124063562382,0.07692307692307693,0.43478260869565216,1,0.3333333333333333
36fabbc6c2d7d4a668c3f1e6a74b6f0,32,20,12,0.7913914599999999,0.5102988700000001,0.0406778228125,3866.7041148489247,24,8,16,40,7,0.0,0.6666666666666666,0.05,1.8210299072700942,0.08333333333333333,0.9032258064516129,1,0.2727272727272727
3a43faf9b9b154278a613b3d1dc985a,38,28,10,0.8937706299999999,0.12510807,0.02681259736842105,3295.4446737945946,20,10,10,48,7,0.0,0.6,0.03571428571428571,8.77180795385505,0.1,0.7027027027027027,1,0.4444444444444444
bc1q3d4627f9291046efb3c6ea4c8de378,13,1,12,0.0483337,0.33091807,0.029173213076923075,10562.200880669445,12,1,11,15,2,0.0,0.3333333333333333,0.0,1.5652277259529412,0.08333333333333333,0.16666666666666666,1,0.36363636363636365
1fa9e8e430f5747dc8741c967fc026f,41,23,18,1.0840000400000003,0.9979745599999998,0.05077986829268293,3017.76255394,25,6,19,47,6,0.0,0.6111111111111112,0.043478260869565216,2.7539999605999936,0.1111111111111111,0.725,1,0.35294117647058826
11175adc152f34dd0a619db052d8946,21,4,17,0.22053106,0.48142657,0.03342655380952381,5561.7882207591665,21,4,18,24,2,0.0,0.5294117647058824,0.25,3.490733773177288,0.11764705882352941,0.2,1,0.3125
1d7ab3816458b480aa8e903d6e34b3b,22,12,10,1.4389533399999999,0.24210067,0.07641154590909091,5145.5483096952385,16,5,11,28,6,0.0,0.6,0.0,11.511600353118657,0.0,0.7142857142857143,1,0.5555555555555556
10ff362d52cfd4e2a90fe38058ce395,27,10,17,0.50213162,0.45521882,0.0354574237037037,4819.8525838852565,22,7,15,33,4,0.0,0.5294117647058824,0.2,28.595474002502378,0.0,0.5384615384615384,1,0.4375
16d3851b0787a479ab213ef30a12492,9,0,9,0.0,0.9629065800000001,0.10698962000000001,14004.651601575,11,0,11,10,1,0.0,0.7777777777777778,0.0,1.4566925258958194,0.0,0.0,1,0.625
bc1qcd3187d65ada4089830689647fd9b8,46,25,21,1.11556731,0.45574598,0.03415898456521739,2838.9406724837036,29,11,18,54,7,0.0,0.47619047619047616,0.12,4.938454619569124,0.09523809523809523,0.6222222222222222,1,0.5
bc1qacc4327bb21a47faaf20cce684502d,33,23,10,1.53151244,1.4389836200000001,0.09001503212121212,3714.471531019271,21,11,10,43,7,0.0,0.5,0.08695652173913043,1.474467048933403,0.0,0.6875,1,0.2222222222222222
16ebcbd4d083541a6827814663479b1,10,3,7,0.63885288,0.02891897,0.066777185,12062.344679618518,11,4,7,13,3,0.0,0.7142857142857143,0.3333333333333333,59.5995942259253,0.0,0.2222222222222222,1,0.5
35530f2415bbf4fb4b7a0b626fe55e0,20,5,15,0.17763837000000002,0.6608622900000001,0.041925033,6243.845563703509,20,3,17,24,4,0.0,0.5333333333333333,0.0,2.972515101325141,0.0,0.47368421052631576,1,0.5714285714285714
30cf41c590e1e41bba8b5de5ad49ae5,24,8,16,0.08435265999999998,0.09032637,0.007278292916666666,5522.7239573869565,25,9,16,31,6,0.0,0.5625,0.25,3.216254136619579,0.0625,0.5217391304347826,1,0.4
3bd2c926b54654e40a7225bf35ba6d1,54,38,16,2.21764428,1.26215545,0.06444073574074073,2375.580723472327,32,17,15,67,9,0.0,0.5625,0.10526315789473684,5.0114422660033595,0.0625,0.6981132075471698,1,0.4
bc1q2081ed743aaf4d949e5d656ea0a6c5,18,2,16,0.01793571,0.49009274,0.028223802777777775,6294.282875968628,14,1,13,20,2,0.0,0.4375,0.0,1.503424542034112,0.0625,0.23529411764705882,1,0.4666666666666667
130d5fb420f314304beab848d69f307,29,11,18,0.34928859,0.8457978699999998,0.041209877931034485,4582.090903566072,24,7,17,33,2,0.0,0.6666666666666666,0.2727272727272727,1.3487148248811525,0.1111111111111111,0.2857142857142857,1,0.35294117647058826
3fc70d6d3034f444f91ff782f89c3c7,28,17,11,1.36724377,1.72492871,0.11043473142857142,4261.096126849383,19,8,11,36,7,0.0,0.5454545454545454,0.058823529411764705,1.3841251520110824,0.0,0.8148148148148148,1,0.4
bc1q6764e341611e4a42a449e980146426,26,14,12,0.5363522300000001,0.49717135000000007,0.03975090692307692,4440.651746611999,18,4,14,31,4,0.0,0.5833333333333334,0.0,3.7427544056381725,0.0,0.68,1,0.36363636363636365
bc1q96fc2acad9754294bfaa84cad23266,21,8,13,0.4064634399999999,0.5595959,0.04600282571428572,6349.75671105,16,2,14,24,3,0.0,0.5384615384615384,0.0,1.6681769556157569,0.07692307692307693,0.5,1,0.5
1e8b4de104e544f0ba977a3ce8e8ee6,27,10,17,0.52577567,4.17324853,0.17403793333333334,4771.321450060897,17,7,10,33,5,0.0,0.4117647058823529,0.1,1.7189474727585876,0.058823529411764705,0.46153846153846156,1,0.5
bc1q66b96a54e79f4600957d6e55d44616,51,35,16,2.0646102999999996,0.32695139999999995,0.046893366666666665,2546.5300591983337,25,13,12,61,7,0.0,0.5,0.08571428571428572,9.508578981187169,0.0625,0.84,1,0.5333333333333333
169ab56a0069e460487edf474978724,20,7,13,0.21311338000000002,0.15595947,0.0184536425,6218.210444967544,14,3,11,24,3,0.0,0.6923076923076923,0.0,3.558127391503303,0.07692307692307693,0.5789473684210527,1,0.3333333333333333
bc1q17e7130989994b928b2a8b1211e97e,22,10,12,0.23006243999999998,0.10366834,0.015169580909090909,5861.003535037302,15,5,10,27,4,0.0,0.6666666666666666,0.1,5.054712458430313,0.0,0.47619047619047616,1,0.45454545454545453
1f97da81dcd54400dae57ac382602d5,45,33,12,2.18918568,0.10198137,0.05091482333333333,3001.3095747189395,30,18,12,57,7,0.022727272727272728,0.5833333333333334,0.15151515151515152,47.28161776173607,0.0,0.7045454545454546,2,0.6363636363636364
158337a92022c474681b145a8ee85b2,22,5,17,0.33406328999999996,1.2770761099999999,0.07323360909090909,5915.847067181747,17,3,14,26,4,0.0,0.4117647058823529,0.0,1.5542539260206725,0.058823529411764705,0.38095238095238093,1,0.5625
bc1qc7e0a64266b14a0bb356fbb3509c1a,23,11,12,0.16395583000000002,6.826381819999999,0.30392772391304346,5152.3473731583335,19,4,15,28,4,0.0,0.75,0.0,1.305530260340262,0.0,0.5909090909090909,1,0.2727272727272727
39554b07a41504873a5f0c8318d3f34,22,10,12,0.9195438199999998,0.26524138999999997,0.05385387318181818,5911.7953405230155,15,8,7,29,5,0.0,0.4166666666666667,0.1,7.117390872241192,0.0,0.5714285714285714,1,0.5454545454545454
bc1q75da999a3d7f45e88ee213f2251cf6,20,3,17,0.080164,5.33722966,0.270869683,6925.78658645614,19,3,16,24,3,0.0,0.47058823529411764,0.0,1.5244542811853896,0.058823529411764705,0.3157894736842105,1,0.375
bc1q04b9f45c31354506829151ca799b74,19,9,10,0.50074254,2.31310549,0.1480972647368421,7003.204708102778,24,8,16,27,6,0.0,0.8,0.1111111111111111,1.450913714545582,0.1,0.7222222222222222,1,0.3333333333333333
bc1q773ace3c1d7f451e9feb7f84409fa8,46,24,22,1.9903537000000002,1.17667569,0.068848465,2947.3272708003706,31,8,23,52,6,0.0,0.5909090909090909,0.08333333333333333,5.425763401066158,0.09090909090909091,0.6,1,0.38095238095238093
32961418a83ee4138b4cfb1ab311a79,36,25,11,1.83852842,0.48999753999999995,0.06468127666666666,3550.6477533661905,17,11,6,45,6,0.0,0.2727272727272727,0.12,5.46052097428958,0.09090909090909091,0.6285714285714286,1,0.3
3c2f82c83496346c89c67ec3320db39,26,11,15,0.24806627,8.88658549,0.35133276,4898.282470856,16,3,13,29,3,0.0,0.6,0.09090909090909091,1.3970735414422328,0.13333333333333333,0.52,1,0.35714285714285715
bc1q60d2f218b32540f99dec8d3e7b4264,18,8,10,0.31168304999999996,0.6432903999999998,0.053054080555555556,5780.780510986275,25,8,17,24,6,0.0,0.8,0.25,1.3081619146528427,0.1,0.7058823529411765,1,0.2222222222222222
3455cd826359649d483bd26550e1526,32,13,19,0.8790909999999998,1.8579586200000002,0.085532800625,4142.314932322043,20,4,16,37,4,0.0,0.42105263157894735,0.0,2.522990346804813,0.10526315789473684,0.45161290322580644,1,0.5
14e709b69208c46449abe7761fd7c71,32,17,15,2.6334707,0.3936484,0.09459747187499999,3937.0087899016125,18,6,12,39,5,0.0,0.3333333333333333,0.0,14.066609955554195,0.2,0.3225806451612903,1,0.35714285714285715
3ad3de9fe87da4306a7fbb286390928,46,32,14,0.6191507799999999,4.30214463,0.10698468282608696,2914.530422326666,16,8,8,54,7,0.0,0.35714285714285715,0.03125,1.300947153608673,0.07142857142857142,0.8222222222222222,1,0.46153846153846156
365af9a7924174f3fad42a93be00e80,16,4,12,0.07174565,0.53043812,0.037636485625,8695.722731922222,12,3,9,20,4,0.0,0.4166666666666667,0.0,1.2927327525574066,0.16666666666666666,0.4,1,0.36363636363636365
35fe78ed0d11745e4b37c2417331711,42,23,19,0.6344422600000001,1.7650304399999999,0.05713030238095238,3122.3399388170733,31,8,23,49,5,0.024390243902439025,0.7368421052631579,0.043478260869565216,1.4717847731362506,0.05263157894736842,0.7804878048780488,2,0.4444444444444444
1784a8b24eabe4a3f924f9b76390f95,35,21,14,0.9367375299999999,2.0414125899999997,0.08509000342857143,3600.9707440205884,26,15,11,45,7,0.0,0.42857142857142855,0.23809523809523808,1.292306602365253,0.07142857142857142,0.6470588235294118,1,0.46153846153846156
1734a3469eae5418cb624ca361f378d,24,13,11,0.41851049999999995,1.2672174699999998,0.07023866541666667,5501.253174755073,11,8,3,30,5,0.0,0.18181818181818182,0.23076923076923078,1.2776115083787034,0.09090909090909091,0.5652173913043478,1,0.6
347f88ee92fe74a298a900754a3b57e,38,16,22,0.9891108,1.95279317,0.07741852552631578,3493.8767650869368,28,11,17,45,4,0.0,0.5,0.1875,3.45270211029145,0.0,0.5405405405405406,1,0.38095238095238093
12217fe7f8c76467dbb344f21a9bf91,7,1,6,0.02732034,0.41457154999999996,0.06312741285714286,20451.17786918889,4,1,3,9,2,0.0,0.16666666666666666,0.0,1.1323207707329912,0.3333333333333333,0.3333333333333333,1,0.4
1d89b9dd3c8dd4fd7aff933d2fa762f,19,9,10,0.31189386,0.53344072,0.04449129368421053,7124.94776767037,10,5,5,25,5,0.0,0.4,0.0,1.2692133296194208,0.3,0.6666666666666666,1,0.4444444444444444
3c64e7ccdac68431d8684ce064d1f81,23,19,4,0.50470051,0.15372834,0.028627341304347825,5590.25722932197,8,6,2,29,5,0.0,0.25,0.05263157894736842,1.6105279399285108,0.0,0.6818181818181818,1,0.6666666666666666
bc1qecf5d5dd368141449e3b4bcc393daf,29,19,10,0.5643020200000001,0.20531521,0.026538525172413795,4469.694722914881,9,4,5,34,4,0.0,0.2,0.0,5.2661774872990526,0.0,0.6785714285714286,1,0.5555555555555556
1a21db180b4aa4578933924a367ebf9,37,19,18,1.7401026300000002,1.2150230599999998,0.07986826189189189,3491.0231949939816,24,10,14,43,4,0.027777777777777776,0.4444444444444444,0.21052631578947367,5.880307024430286,0.1111111111111111,0.6111111111111112,2,0.5882352941176471
124c3bbf755964d16b91185d3029e16,32,21,11,0.73937134,0.24548535999999999,0.030776771875,4218.3301950064515,19,12,7,40,8,0.0,0.36363636363636365,0.14285714285714285,4.346142616105374,0.0,0.7096774193548387,1,0.3
bc1q6a38e776660e44e895ed6ba7fbe6bd,20,6,14,0.2173953,1.2934635599999997,0.075542943,6472.723893676315,23,6,17,25,4,0.0,0.5,0.16666666666666666,1.5389357714792402,0.14285714285714285,0.47368421052631576,1,0.23076923076923078
145ae5da4e9854cc1b26037f965cf7d,42,27,15,1.1502070099999997,0.80015594,0.04643721309523809,3167.1915253418697,21,11,10,50,6,0.024390243902439025,0.3333333333333333,0.1111111111111111,4.258452904315791,0.06666666666666667,0.6829268292682927,2,0.5714285714285714
3637373346e794620a6afaec3f8a02f,29,17,12,1.43947577,0.36261163,0.062140944827586204,4455.717456975595,18,6,12,35,4,0.0,0.6666666666666666,0.058823529411764705,9.775938913757871,0.0,0.6785714285714286,1,0.36363636363636365
370d9f8ed51d543efb6b901cc68a3d6,46,20,26,0.83141687,0.5831700700000001,0.03075189,2883.2416009714816,37,9,28,53,6,0.022222222222222223,0.6538461538461539,0.1,6.3401338215179575,0.07692307692307693,0.6222222222222222,2,0.48
bc1q054ddcd55b06422aa9df0cd213d24d,33,16,17,1.4055564600000001,4.80502385,0.18819940333333335,4047.518952571875,18,5,13,39,5,0.0,0.29411764705882354,0.0,1.3324625254655607,0.0,0.5,1,0.4375
122f6f4f48e1e46b08f0e7077a6ec7b,38,14,24,1.64431941,0.64375949,0.060212602631578946,3411.0144118454955,28,5,23,43,4,0.0,0.625,0.07142857142857142,14.21080178837143,0.08333333333333333,0.5405405405405406,1,0.4782608695652174
30c3a873330534411bbabca192b9bf0,37,19,18,0.5640528100000002,1.42542883,0.05376977405405405,3383.8709737731483,25,8,17,45,7,0.0,0.6111111111111112,0.05263157894736842,1.9089319304603394,0.0,0.6944444444444444,1,0.35294117647058826
19310d52a462f4bfcb7f9926e7749ad,23,12,11,1.9324017199999999,0.13191761999999999,0.08975301478260869,5727.040276693181,18,4,14,28,4,0.0,0.45454545454545453,0.0,44.47232379062395,0.18181818181818182,0.6363636363636364,1,0.4
bc1qbabe42fb68da4f03a635308f7b492c,29,17,12,1.0659456200000001,0.18934995000000002,0.04328605413793103,4641.032755792262,18,7,11,35,5,0.0,0.5833333333333334,0.058823529411764705,30.507979051612523,0.0,0.5714285714285714,1,0.5454545454545454
3d3552b2449b74dc09ce5d38552683f,32,17,15,0.5549440300000001,0.59991412,0.0360893171875,3983.0278968064517,16,5,11,38,5,0.0,0.4,0.0,1.9146901617258272,0.06666666666666667,0.7096774193548387,1,0.2857142857142857
bc1q3af1755b11904e33978cb57a56394d,26,13,13,0.77434653,0.29934852,0.04129596346153846,5182.252107572666,14,5,9,31,3,0.0,0.46153846153846156,0.07692307692307693,7.010668807168453,0.15384615384615385,0.6,1,0.3333333333333333
392cda4cd24f84994b1f729908bc808,11,2,9,0.11446253,0.5687387199999999,0.062109204545454544,11990.821576103333,8,2,6,14,3,0.0,0.3333333333333333,0.0,1.4387060560560931,0.0,0.4,1,0.75
1d769b7d63cc840b1af37216a35a9d6,29,9,20,0.52919828,1.14277194,0.05765414551724138,4363.319251569048,23,7,16,35,4,0.0,0.45,0.1111111111111111,2.326112825843856,0.2,0.39285714285714285,1,0.42105263157894735
35e391bc9e1854bcca371e660405108,16,3,13,0.16335534000000002,0.73530054,0.0561659925,8019.923848466667,11,2,9,19,3,0.0,0.3076923076923077,0.0,5.487172551230401,0.15384615384615385,0.26666666666666666,1,0.3333333333333333
147e4076d1dee425abef0256791aa6b,33,10,23,0.12187334999999999,12.57473284,0.38474564212121215,3932.3357049375,24,5,19,37,3,0.0,0.4782608695652174,0.2,1.3783994861237807,0.043478260869565216,0.34375,1,0.5
bc1q349028f219df4db0b5e8c8c1d6dcf5,47,27,20,0.9991615599999999,1.9488405199999996,0.0627234485106383,2688.886682263406,32,11,21,57,7,0.0,0.5,0.07407407407407407,1.6482472017127943,0.0,0.782608695652174,1,0.5789473684210527
1e5d483c9942c4811b9c85b20e8e7ae,14,2,12,0.04865941,0.07062257000000001,0.008520141428571429,9192.368926907693,13,2,11,17,2,0.0,0.5,0.0,4.220023364794209,0.16666666666666666,0.3076923076923077,1,0.5454545454545454
1964dd15676634c9780812740882dab,45,24,21,2.80688801,1.57985364,0.09748314777777778,2945.675834775379,31,11,21,56,7,0.0,0.5714285714285714,0.041666666666666664,5.082444398909972,0.09523809523809523,0.6136363636363636,1,0.35
33a9d723640c546de9cddff5ba3690a,29,14,15,0.49755612000000005,0.25469701,0.02593976310344828,4535.288438745833,14,6,8,33,4,0.0,0.3333333333333333,0.14285714285714285,4.28834502348567,0.0,0.5714285714285714,1,0.42857142857142855
1343bf62348774d4e94a30172fc9708,24,14,10,0.45831837000000003,0.44872723000000003,0.03779356666666667,4537.753799042754,13,7,6,29,4,0.0,0.4,0.14285714285714285,2.5398591812840485,0.0,0.5217391304347826,1,0.5555555555555556
bc1q34287de059f3483b9fba5c68fbd19b,37,20,17,3.0918637300000005,1.77225989,0.13146280054054055,3384.5676892259257,21,6,15,42,4,0.027777777777777776,0.5294117647058824,0.05,5.363412667174437,0.11764705882352941,0.7222222222222222,2,0.5
bc1q9ec5208d8bcc43c88e3d1f0e017802,51,34,17,4.11343581,0.38243919000000004,0.08815441176470588,2435.9269912,28,15,13,58,7,0.0,0.4117647058823529,0.17647058823529413,14.27125389845535,0.23529411764705882,0.78,1,0.25
149696c89bd3f47ffa43776a17b04c6,40,28,12,2.55030003,0.17299888000000002,0.06808247275,3333.7522331311966,27,12,15,48,7,0.0,0.5833333333333334,0.10714285714285714,31.71033468374196,0.08333333333333333,0.7948717948717948,1,0.5454545454545454
1406539681d544450b95231baa4551c,60,10,50,0.6089410299999999,0.6150807899999999,0.020400363666666664,2145.5816899242936,54,8,46,67,5,0.4915254237288136,0.54,0.2,9.12408835023526,0.08,0.2033898305084746,8,0.40816326530612246
16a6797fd78b94940866211811840c5,20,5,15,0.15354572,1.6552228800000002,0.09043843,6413.348054236842,15,3,12,22,2,0.0,0.4666666666666667,0.4,1.3719510855546369,0.06666666666666667,0.3157894736842105,1,0.5
bc1qbb35ac837dc54f58a8c41ef200347f,20,7,13,0.20692757,0.67315008,0.0440038825,6638.53771450614,19,5,14,24,4,0.0,0.5384615384615384,0.2857142857142857,1.2355484047081384,0.07692307692307693,0.3684210526315789,1,0.25
3bb563729d3914cfb9fa5fa3bca60f6,23,10,13,2.18017062,0.15588259,0.10156753086956523,5623.274348044697,17,6,11,30,7,0.0,0.46153846153846156,0.0,48.395886021531105,0.07692307692307693,0.5454545454545454,1,0.3333333333333333
bc1q72ffe7be631544848f392d223ebbb9,28,12,16,0.73971247,5.538585390000001,0.2242249235714286,4208.461226672222,18,4,14,32,4,0.0,0.5625,0.08333333333333333,1.180614427347174,0.125,0.5555555555555556,1,0.4
391a22c843882411ab2ecd8e6499f71,23,18,5,0.7635890700000001,0.26013553,0.044509765217391306,5278.61009045303,12,8,4,31,5,0.0,0.4,0.05555555555555555,3.718887921687207,0.0,0.9545454545454546,1,0.5
bc1q5e096ae5147b4e258a7d31c18481b9,29,14,15,0.94769263,0.59357118,0.053147027931034485,4459.803267466071,16,6,10,35,4,0.0,0.4666666666666667,0.07142857142857142,4.867599998347828,0.0,0.7857142857142857,1,0.5714285714285714
38e0dac98b93446eca239484d7c57f6,23,9,14,0.27378041,0.63700105,0.03959919391304348,5672.163254473485,18,3,15,27,3,0.0,0.5,0.0,3.8274332785858687,0.07142857142857142,0.5454545454545454,1,0.3076923076923077
bc1qa75b0696e1cd4f6c923f1840ee4b63,26,15,11,0.53229577,0.03512754,0.021823973461538464,4977.218075869333,20,7,13,33,5,0.0,0.6363636363636364,0.06666666666666667,28.028340371307134,0.09090909090909091,0.92,1,0.3
176bdba69dde94d55af9293cb9e871f,30,16,14,0.35319862999999996,0.8362438499999998,0.03964808266666667,4437.884308111494,22,8,14,35,5,0.06896551724137931,0.42857142857142855,0.125,1.1698938960854919,0.0,0.7241379310344828,3,0.5384615384615384
36cc5cd61498e440bb385b0421c39f4,31,11,20,0.61552574,0.53993043,0.03727277967741935,4311.414757337778,29,6,23,37,5,0.0,0.65,0.09090909090909091,7.465337493987133,0.2,0.6333333333333333,1,0.3684210526315789
3a1ba9b0440744629a87e3b4d16b97f,31,18,13,0.3574729400000001,0.8347999799999998,0.03846041677419355,4397.895546287223,18,10,8,39,7,0.0,0.38461538461538464,0.1111111111111111,1.5177181649312228,0.0,0.7333333333333333,1,0.5833333333333334
1bc289823ad0e4ac4b1dccb876fcd83,25,9,16,0.7039514200000001,0.74850529,0.05809826839999999,4819.363644324306,16,6,10,29,3,0.0,0.1875,0.2222222222222222,3.8372498211505675,0.125,0.3333333333333333,1,0.3333333333333333
3685891af8cad4c6994f8841548c6d1,26,13,13,0.5304819500000001,5.26744954,0.222997365,4339.414996229333,17,5,12,31,3,0.0,0.46153846153846156,0.07692307692307693,1.5509142057384797,0.0,0.68,1,0.25
1e18711e2c4644c70a5c8ec49561bad,39,26,13,0.93834547,0.6285562100000001,0.04017696615384615,3215.276912441667,26,15,11,46,5,0.0,0.46153846153846156,0.19230769230769232,2.7652138925737564,0.0,0.7105263157894737,1,0.5833333333333334
31deb30fea49d4657a0f0ce713608fc,17,7,10,2.00182841,0.62435449,0.15448134705882352,6928.347024013541,16,8,8,20,2,0.0,0.3,0.5714285714285714,16.304510688441518,0.1,0.5625,1,0.5555555555555556
302a2c816e5324837b0c85c5cd92d48,37,25,12,0.6635555299999999,1.27406518,0.0523681272972973,3622.713459597685,22,11,11,44,5,0.0,0.5833333333333334,0.16,1.5046450814394308,0.16666666666666666,0.7777777777777778,1,0.36363636363636365
1bc2c882418934220a2bc265a0f06ad,15,3,12,0.25167287,0.63712549,0.059253224,8699.676861585715,7,2,5,17,2,0.0,0.16666666666666666,0.3333333333333333,1.9882901859956734,0.0,0.35714285714285715,1,0.45454545454545453
35245d9d58e764c2592081b7da96889,40,30,10,1.2842226000000003,0.77906787,0.051582261750000004,3117.824367676496,23,13,10,48,5,0.0,0.8,0.1,1.391949057915994,0.1,0.6410256410256411,1,0.2222222222222222
386d63f08e1fd4a68871c4fa9040752,36,22,14,0.9114911999999998,0.58026649,0.041437713611111114,3575.805139418095,20,7,13,43,5,0.0,0.5714285714285714,0.045454545454545456,5.855464817685015,0.14285714285714285,0.45714285714285713,1,0.38461538461538464
1f29b7209b1864de0a0362d875d177d,65,47,18,3.7409000099999994,0.68408262,0.06807665584615384,2049.1867267510415,35,14,21,78,8,0.0,0.6111111111111112,0.02127659574468085,7.594302511967786,0.05555555555555555,0.78125,1,0.4117647058823529
bc1q3f9cc6b54c2e46858e6a56dcc9129b,27,12,15,0.9339272,0.76733473,0.06300970111111111,3885.277856776282,18,7,11,34,6,0.038461538461538464,0.4,0.08333333333333333,7.600804105114053,0.13333333333333333,0.5384615384615384,2,0.35714285714285715
bc1q172f6af57bef4b5b90f5d0782b2bd7,19,7,12,0.23443574,0.13133714000000002,0.019251204210526316,6959.270846086111,17,4,13,23,3,0.0,0.6666666666666666,0.14285714285714285,5.548055158606143,0.08333333333333333,0.6111111111111112,1,0.36363636363636365
bc1q8961e0028403440ebe8b4118f39483,17,9,8,0.55268969,0.18640458000000001,0.043476133529411765,8059.187288383333,11,3,8,21,2,0.0,0.5,0.0,5.212004433388597,0.0,0.375,1,0.2857142857142857
bc1qb8c800386fcc453190dc3b874479be,28,11,17,0.42614872000000004,0.4659213,0.03185964357142857,4731.644165190741,24,6,18,34,4,0.0,0.6470588235294118,0.09090909090909091,5.811794811600737,0.058823529411764705,0.5925925925925926,1,0.3125
bc1q197aad79841942239129cef09f18b3,17,1,16,0.00755186,0.20354783999999998,0.012417629411764705,5707.6323433875,14,1,13,19,2,0.0,0.375,0.0,1.4762959414081824,0.0625,0.125,1,0.3333333333333333
1e2e8d5984fc440e5889f0d33f47af4,28,15,13,0.8814342599999999,0.32350736,0.04303362928571429,4818.922862459259,20,6,14,34,5,0.0,0.6153846153846154,0.06666666666666667,6.563874016443739,0.07692307692307693,0.6666666666666666,1,0.3333333333333333
bc1q9a2a8c6a226b43eda93d3b5333eb02,27,15,12,1.37080032,0.59024316,0.07263124,4666.361115632051,16,7,9,34,5,0.0,0.5,0.06666666666666667,4.49825211514161,0.0,0.7307692307692307,1,0.6363636363636364
1d0cfd92ff1b04aeb958079dcbdf021,49,37,12,1.1577222100000004,0.17150944,0.027127176530612248,2738.0727373444442,23,15,8,60,7,0.10416666666666667,0.25,0.10810810810810811,9.863467360668839,0.08333333333333333,0.6666666666666666,3,0.36363636363636365
1ef299af10d944a6193fda737f0a915,32,21,11,0.49339797999999996,0.99745773,0.0465892409375,3912.3768583408605,18,10,8,41,4,0.03225806451612903,0.36363636363636365,0.09523809523809523,1.4205709850525832,0.0,0.5161290322580645,2,0.6
bc1qee675e776ea34ca9879d7bb587ad15,27,14,13,0.39895007,1.07127537,0.05445279407407407,4686.918095528846,19,7,12,34,5,0.0,0.5384615384615384,0.07142857142857142,1.4037798437099747,0.07692307692307693,0.6923076923076923,1,0.25
bc1q1d04bc0abc0846da83cab767f6d3cc,31,11,20,0.20707660000000003,1.1728384500000002,0.044513388709677415,4186.530017120555,22,6,16,36,5,0.0,0.5,0.09090909090909091,1.541862633986816,0.1,0.5,1,0.2631578947368421
3393a4b3d7ccb4eeba6cb2751499af5,17,5,12,0.14711195999999999,0.021419030000000006,0.009913587647058823,8018.052051036459,14,4,10,22,3,0.0,0.5,0.0,23.087830378095813,0.08333333333333333,0.5,1,0.36363636363636365
bc1q699ed0c35fcf469d824574a1c7aef1,10,2,8,0.07515358999999999,0.6623925500000001,0.073754614,12701.969266174074,9,1,8,12,2,0.0,0.5,0.0,1.4595846365660383,0.0,0.2222222222222222,1,0.2857142857142857
1e0fe061bb4fc445bad752aad24d8bd,19,9,10,0.27305712,0.21121501999999998,0.025488007368421054,7034.493194315741,19,7,12,25,6,0.0,0.8,0.1111111111111111,2.736522425303945,0.1,0.6666666666666666,1,0.4444444444444444
34bcb0c07f155411e9fe5c1efc0ee9f,38,26,12,1.5779379000000002,0.8952871599999999,0.06508487,3448.2483276554053,22,13,9,49,7,0.0,0.4166666666666667,0.07692307692307693,2.2583776450724633,0.08333333333333333,0.7567567567567568,1,0.2727272727272727
bc1q247ed9b2e2e8427eb8913edfc0cdab,34,18,16,1.3878617100000001,2.2509192999999996,0.10702297088235295,3897.040004272222,20,7,13,42,5,0.0,0.5,0.0,3.323092046446918,0.0625,0.8181818181818182,1,0.4666666666666667
3cd3f5afc312347b994b06f41daf2dc,25,10,15,0.31113168999999996,0.49243137,0.0321425224,5227.3551238756945,20,5,15,31,6,0.0,0.6666666666666666,0.0,2.1018924802825385,0.0,0.5833333333333334,1,0.35714285714285715
31d53fef0c6dc407abbe4722b026dee,21,11,10,0.49412494,1.22931618,0.08206862476190475,5973.7753035775,15,8,7,28,6,0.0,0.4,0.09090909090909091,1.467171909852172,0.1,0.65,1,0.6666666666666666
12e0533e6d7954e8ba7a983f9d24d9b,66,16,50,0.7987047199999999,2.64869523,0.052233332575757574,2045.1738149397438,46,4,42,71,5,0.4461538461538462,0.32,0.0,81.74050655150164,0.06,0.3230769230769231,8,0.40816326530612246
11d3c7a95d2ad4e05be0c9d4dde8146,30,10,20,0.31080943000000005,1.9559721099999998,0.07555938466666667,4518.434426913219,20,4,16,33,3,0.0,0.5,0.2,1.3373848364179695,0.05,0.5517241379310345,1,0.42105263157894735
3b2e06825e8b34a34830355e6bb2f23,25,6,19,0.10449565000000001,0.44724326,0.0220695564,5165.504301863194,21,3,18,28,3,0.0,0.5263157894736842,0.16666666666666666,1.4644836454004242,0.15789473684210525,0.4583333333333333,1,0.2777777777777778
bc1q699aacbaaeac4a55b3a9ddd9759121,20,6,14,0.10746694,1.2294730999999999,0.066847002,6519.253871981579,9,2,7,23,2,0.05263157894736842,0.21428571428571427,0.0,1.3334903152393558,0.07142857142857142,0.42105263157894735,2,0.38461538461538464
145c7976a4ff54de68022380143ba59,42,29,13,2.1084897899999997,0.13824387999999999,0.0534936588095238,3139.5825898166668,22,9,13,50,5,0.0,0.6923076923076923,0.06896551724137931,22.972669185857452,0.15384615384615385,0.7073170731707317,1,0.16666666666666666
333feae8256dd4e479a919c9c398185,19,1,18,0.09194909,0.6523763100000001,0.03917502105263158,7211.883005418518,10,1,9,21,2,0.0,0.2777777777777778,0.0,1.9810867364768756,0.16666666666666666,0.1111111111111111,1,0.47058823529411764
bc1qca8d3d3c0d2e4bfb92843e7c39dc84,22,11,11,0.17464676999999998,1.32502786,0.06816702863636363,5867.450304315873,15,9,6,30,7,0.0,0.36363636363636365,0.09090909090909091,1.2697528026074232,0.09090909090909091,0.6190476190476191,1,0.3
bc1q5ef0f17f9b2e425cba321185daa4ed,31,22,9,1.02454596,3.00467961,0.1299750183870968,3642.042469941111,22,13,9,41,8,0.0,0.5555555555555556,0.13636363636363635,1.1350705328012969,0.0,0.8666666666666667,1,0.625
12b61f84f28fd40c29824df00d9a253,25,5,20,0.052911440000000004,0.5611171900000002,0.0245611452,5079.682798763889,17,3,14,29,2,0.0,0.35,0.0,1.4285817455997099,0.05,0.08333333333333333,1,0.42105263157894735
bc1q8c8561c93858450e8ca7c06528db5d,22,9,13,1.43401757,0.5389972,0.08968248954545455,5961.166785984127,26,10,16,28,6,0.0,0.6153846153846154,0.3333333333333333,12.067339265426138,0.0,0.47619047619047616,1,0.5
1cd9a8a604088479f9428da9f8292f2,25,7,18,0.06652737,1.07083655,0.0454945568,5199.66622681875,18,3,15,28,2,0.125,0.3888888888888889,0.14285714285714285,1.5703070956482745,0.05555555555555555,0.08333333333333333,2,0.47058823529411764
1fe85ccfeea1c4feebc78a461e294e2,31,17,14,0.72944438,1.8635914500000004,0.08364631709677418,4392.350771718889,25,10,15,37,4,0.0,0.7857142857142857,0.23529411764705882,1.292242077630287,0.07142857142857142,0.6666666666666666,1,0.38461538461538464
bc1q1810430efbd84d25b2d3f44440d4b9,27,6,21,0.1319706,8.807449089999999,0.33108961814814813,5082.1818621160255,22,2,20,30,1,0.0,0.42857142857142855,0.0,1.3234065691025418,0.19047619047619047,0.0,1,0.3
bc1qc0a7f9517d0940119b7b87917b41ae,26,19,7,0.7165860300000001,0.09932501,0.03138119384615385,5095.596855805334,12,6,6,33,5,0.0,0.14285714285714285,0.0,5.0863545119943545,0.14285714285714285,0.48,1,0.3333333333333333
1ef92da6304464dc2a08d77914ca464,29,13,16,0.46318655999999997,0.87942312,0.04629688551724138,4294.339792440476,23,5,18,35,5,0.0,0.4375,0.0,1.73946896377941,0.0,0.6428571428571429,1,0.4666666666666667
bc1q6b2fe2c00c874669a4d74965db0c68,22,11,11,0.30846380000000007,0.9682374700000002,0.05803187590909091,5539.56083701111,15,3,12,26,4,0.0,0.5454545454545454,0.0,1.462663098441123,0.0,0.7142857142857143,1,0.5
355317a0835d14fc2ae9c939e95c705,24,9,15,1.6098991200000001,1.10388534,0.11307435249999999,5233.240279649275,15,6,9,29,4,0.0,0.3333333333333333,0.1111111111111111,5.8851775659850425,0.06666666666666667,0.782608695652174,1,0.42857142857142855
1a3ac38855e084ba08afd24835342c9,26,13,13,0.9786371400000001,0.21060499,0.04574008192307692,4925.905899988,21,6,15,29,3,0.0,0.46153846153846156,0.23076923076923078,7.724190064101535,0.07692307692307693,0.6,1,0.3333333333333333
bc1q845e10559d5b4f4498d9e2e97aafa8,28,17,11,1.4863066,0.56338964,0.07320343714285714,4610.377450558024,18,8,10,33,5,0.0,0.6363636363636364,0.17647058823529413,5.030241502849608,0.09090909090909091,0.8888888888888888,1,0.3
bc1q8a753678bde640c7926e277ef920e6,28,15,13,0.8342714099999999,0.7639540300000001,0.05707948,3812.4537077962964,13,6,7,33,5,0.0,0.23076923076923078,0.06666666666666667,2.6807324606819565,0.0,0.6296296296296297,1,0.5
181dd674ca219457180a1da007c0876,24,7,17,0.28251669,0.84655445,0.04704463083333333,5444.256450032609,18,3,15,28,3,0.0,0.4117647058823529,0.0,1.4431345919315222,0.17647058823529413,0.2608695652173913,1,0.3125
15d6dabdd25444211b529d4a823a270,26,16,10,1.11120062,0.17623657,0.049516815000000006,4091.7405393579998,17,7,10,31,4,0.0,0.7,0.125,8.681690119774077,0.1,0.56,1,0.4444444444444444
bc1q2e95727549d343b89581cc33e2ce97,20,11,9,0.9920428000000001,0.0619626,0.05270027000000001,6802.922799127194,14,4,10,25,5,0.0,0.6666666666666666,0.0,30.933102310593714,0.0,0.631578947368421,1,0.375
bc1q9efe0df019f740d2a98141fff04e15,30,16,14,1.6405435100000003,0.32070891999999995,0.065375081,4112.513337716092,22,8,14,35,5,0.0,0.5,0.1875,7.145419600691757,0.14285714285714285,0.6551724137931034,1,0.46153846153846156
38697bf2d485847fa8742eaf6067850,25,7,18,0.45217813,1.08526674,0.061497794800000005,5072.662350399306,21,3,18,29,4,0.0,0.5555555555555556,0.0,2.714056875050472,0.05555555555555555,0.5416666666666666,1,0.35294117647058826
32e49fa88cd4d4556b839e031c90776,32,14,18,2.3363336400000003,2.70444523,0.1575243396875,4051.142401993011,29,6,23,38,6,0.0,0.7777777777777778,0.07142857142857142,3.0149435839894805,0.16666666666666666,0.6451612903225806,1,0.29411764705882354
bc1qf2bdafaa55594303b353ba78e4fcf7,45,31,14,0.98442166,0.44250826000000004,0.03170955377777778,2886.5065447886363,27,15,12,53,5,0.0,0.5714285714285714,0.1935483870967742,3.2796776261512277,0.14285714285714285,0.7045454545454546,1,0.46153846153846156
bc1qe94cff66378c46ebaf1d199f0d8d03,32,18,14,1.65764841,0.29878681999999995,0.0611386009375,3882.939745601075,21,11,10,40,6,0.0,0.42857142857142855,0.2222222222222222,8.449730733009664,0.14285714285714285,0.6774193548387096,1,0.46153846153846156
18b16be2c98a74066bfb63161e9e4b8,39,23,16,1.1809936699999999,0.5979084099999998,0.04561287384615385,3300.4419301298244,24,7,17,47,5,0.0,0.625,0.0,5.789621089086548,0.0625,0.7105263157894737,1,0.5333333333333333
392a6bd3ef7d346a9a43974af216794,43,31,12,1.51290636,0.50805332,0.04699906232558139,2999.382860341667,21,9,12,53,6,0.0,0.5,0.0,2.181776781481538,0.08333333333333333,0.6904761904761905,1,0.09090909090909091
1bc482a60e5af4e5ea9e24b83187216,30,15,15,0.71486391,0.22762422,0.031416271,4283.93512598046,28,10,18,37,5,0.0,0.4666666666666667,0.13333333333333333,6.5653024177995745,0.13333333333333333,0.6551724137931034,1,0.35714285714285715
bc1q727dde3fb36a4100ae1bd968253893,25,13,12,0.64696104,0.47259635999999994,0.044782296,4629.959387218056,14,5,9,29,3,0.0,0.4166666666666667,0.15384615384615385,3.629063575110949,0.08333333333333333,0.625,1,0.36363636363636365
39902940a780e40b0a82105a572a504,32,20,12,1.07971923,0.24009994,0.0412443490625,4185.10295277043,19,9,10,39,6,0.03225806451612903,0.6666666666666666,0.1,7.734264677990074,0.08333333333333333,0.6129032258064516,2,0.45454545454545453
bc1qe94bc0e5a2fe4aa9877eec83262c7d,38,19,19,0.3553598,0.7386142199999999,0.028788789999999998,3266.0684927328825,30,11,19,45,6,0.0,0.5263157894736842,0.15789473684210525,1.725542728533472,0.21052631578947367,0.6216216216216216,1,0.16666666666666666
1ab25cac42ba84497a6d68628182a1d,16,8,8,0.31568427,0.39771457999999993,0.044587428125,6862.696440591111,14,4,10,19,3,0.0,0.5,0.125,1.6119845038307925,0.0,0.4666666666666667,1,0.42857142857142855
16993665a05b740648558bc92990bf0,15,5,10,0.27981071,0.97095228,0.08338419933333333,8277.413780034523,14,4,10,19,4,0.0,0.5,0.2,1.2338561966323842,0.0,0.6428571428571429,1,0.4444444444444444
15c019feebf5c4b45bdd7d90170cdb5,23,9,14,0.66639422,0.6259715000000001,0.05618981391304348,5947.098448666667,22,9,13,29,4,0.0,0.6428571428571429,0.3333333333333333,4.91022532269289,0.0,0.5,1,0.38461538461538464
1f39a47f06fdf4f4581bfe2f86d6294,29,19,10,1.31683735,0.27207566,0.054790103793103444,4170.672829817262,20,8,12,36,5,0.0,0.4,0.05263157894736842,5.088204677279485,0.0,0.5714285714285714,1,0.6666666666666666
34a217bf7b3bb4ce7b4ac2156da587b,34,18,16,2.9530052600000003,0.32890744,0.09652684411764706,3829.381618642424,20,4,16,38,3,0.0,0.5625,0.05555555555555555,14.86108340522196,0.125,0.6363636363636364,1,0.4
3f56f336d5370401f93298ba34ae028,38,21,17,0.9134434199999999,4.03370072,0.13018800368421052,3474.976267068018,24,10,14,46,5,0.0,0.4117647058823529,0.09523809523809523,1.4412711658110444,0.11764705882352941,0.5675675675675675,1,0.3125
bc1qea52186f4cac49a3a482c6bb2a52cb,23,7,16,1.49271237,0.23000839,0.07490090260869564,5440.557946432576,18,5,13,29,4,0.0,0.4375,0.0,80.68308489049295,0.0625,0.5,1,0.5333333333333333
bc1qf0581af027884649b8ccb828fb678e,20,7,13,0.103443,0.58777061,0.0345606805,5785.201433651754,16,4,12,24,4,0.0,0.46153846153846156,0.14285714285714285,1.4015502367062602,0.15384615384615385,0.631578947368421,1,0.16666666666666666
bc1q06f5ba4b32c048f08a88802dac3bf3,34,21,13,2.0195505600000003,0.22777944000000003,0.06609794117647058,3748.350639828283,19,8,11,41,6,0.0,0.5384615384615384,0.09523809523809523,18.7977581321546,0.07692307692307693,0.696969696969697,1,0.3333333333333333
1f8b6ec33c5a24da5929e6d9ef0f2a8,28,15,13,0.8055674,0.28400777,0.03891339892857143,4703.82152744074,20,11,9,34,5,0.0,0.5384615384615384,0.26666666666666666,6.268978638181673,0.23076923076923078,0.6666666666666666,1,0.25
13456d6b209554f72bde2e7f87e1efa,35,16,19,0.88187433,0.5355724,0.040498478,3648.6927444058824,19,7,13,41,4,0.0,0.3157894736842105,0.0625,7.746956882927199,0.0,0.5588235294117647,1,0.3888888888888889
bc1q0b28fbabde74440c9f4095678de203,46,34,12,2.7164517299999997,0.36290817000000003,0.06694260652173913,2849.0090858425924,24,14,10,55,9,0.0,0.4166666666666667,0.11764705882352941,11.724467889744712,0.16666666666666666,0.8,1,0.09090909090909091
3b0e7429bd946447e8e074dab30442d,31,15,16,1.5472800100000001,1.7967444500000003,0.10787175677419354,4381.7541699327785,22,5,17,37,6,0.0,0.625,0.0,2.5651791389186243,0.1875,0.6666666666666666,1,0.13333333333333333
394a044d309ec40a791846d45a84616,44,13,31,0.33998651,3.229783989999999,0.08113114772727273,2776.356461075969,39,7,32,50,5,0.0,0.25806451612903225,0.07692307692307693,30.33810714151228,0.03225806451612903,0.27906976744186046,1,0.3
3c7fd3b33f1c84d949edb9bedc2004a,23,4,19,0.11823818,4.50126855,0.2008481186956522,5994.949881545454,22,3,19,26,3,0.0,0.5263157894736842,0.25,1.4613705112664672,0.0,0.36363636363636365,1,0.5555555555555556
13458acf395414bfcb0925b79215450,23,11,12,0.43182613,0.12008575,0.023996168695652177,5015.948990184091,16,4,12,28,5,0.0,0.5,0.0,8.11680715729085,0.08333333333333333,0.5,1,0.6363636363636364
3e8b8d316fb0248bcb7391515f22b5a,43,28,15,1.3066148899999999,0.77257403,0.048353230697674415,3138.4065313218252,23,10,13,51,7,0.0,0.5333333333333333,0.10714285714285714,2.582226125777672,0.13333333333333333,0.8333333333333334,1,0.2857142857142857
1f9cee654aa584a64b630eeb713c910,22,11,11,0.59671118,1.00950918,0.07301001636363637,6052.527938173809,10,5,5,28,6,0.0,0.18181818181818182,0.0,3.8169640896976915,0.09090909090909091,0.8095238095238095,1,0.3
3ac41c0063c3748a18c96e8d63b3c7a,18,10,8,0.50645221,0.14481774,0.03618166388888889,5170.479185879412,15,6,9,25,6,0.0,0.625,0.0,5.699013168016551,0.0,0.5882352941176471,1,0.42857142857142855
35e67ad1b8cff4a16addc803bd87290,10,2,8,0.16684042,0.45755115,0.062439157,12166.083598555555,10,2,8,12,2,0.0,0.75,0.5,1.6695966925303227,0.0,0.4444444444444444,1,0.7142857142857143
bc1qeaa2e3c3b50a4751876d63824327fc,13,4,9,0.06977706,0.18870557000000002,0.01988327923076923,10426.63649396389,15,5,10,17,4,0.0,0.4444444444444444,0.25,2.4178219968383163,0.1111111111111111,0.4166666666666667,1,0.375
172916d3b19b24ae9a299499033945d,39,29,10,2.10903865,1.30175481,0.08745624256410256,3343.4377737127193,14,8,6,46,6,0.07894736842105263,0.2,0.06896551724137931,1.5327723680190846,0.0,0.7631578947368421,2,0.4444444444444444
bc1qa86ba31cc1644834b6d7aedd314c69,27,15,12,0.7429932599999999,0.07548055999999999,0.030313845185185186,4629.724983461539,24,9,15,35,7,0.0,0.6666666666666666,0.06666666666666667,18.037648586729244,0.08333333333333333,0.7307692307692307,1,0.36363636363636365
3c4abcf5b35264b4992312ee4ab0e14,14,4,10,0.095243,0.64138929,0.05261659214285714,8549.291833325642,9,2,7,17,2,0.0,0.3,0.0,1.3226370523357494,0.0,0.07692307692307693,1,0.4444444444444444
1e3ce311a1bb5491f8634b516a29a5d,32,22,10,2.1616723600000003,0.11969884,0.07129285,4165.881193553226,22,13,9,41,6,0.0,0.6,0.18181818181818182,28.608854522775196,0.1,0.7096774193548387,1,0.3333333333333333
118f6ddcec3ff40b6a501b0ea947e86,33,21,12,0.7738633400000002,0.3443461800000001,0.03388513696969697,3980.8674711083336,22,10,12,41,7,0.0,0.5833333333333334,0.09523809523809523,7.670551456316412,0.16666666666666666,0.8125,1,0.2727272727272727
3cdc9432b235c4a58bd7ac599d4a2e9,19,8,11,0.3494783,1.05666654,0.07400762315789473,6886.9361268509265,12,2,10,22,3,0.0,0.5454545454545454,0.0,1.6748670059493842,0.09090909090909091,0.6111111111111112,1,0.2
136dc2c05cb2e449bb08b8dbb96bac6,21,0,21,0.0,1.1547189799999997,0.054986618095238096,6257.658993981667,17,0,17,22,1,0.0,0.5714285714285714,0.0,1.577570693866022,0.09523809523809523,0.0,1,0.45
bc1q1ad5b500f26542a286c9162f07f70f,41,33,8,2.0282571999999996,0.27729305,0.056232932926829265,3274.8602809958334,21,12,9,53,7,0.05,0.875,0.030303030303030304,5.869525641896142,0.125,0.675,2,0.5714285714285714
3845c7156c7054ffdb30105b991b171,29,17,12,0.36767660999999996,0.40194498999999995,0.026538675862068966,4644.784065531548,23,8,15,35,5,0.07142857142857142,0.8333333333333334,0.11764705882352941,6.0519247084250924,0.0,0.6428571428571429,2,0.45454545454545453
3e486781be40a49a3b1a4f93b563c40,31,16,15,0.42077680000000006,0.36272717,0.025274321612903224,4035.799166984444,21,9,12,35,4,0.0,0.4666666666666667,0.1875,2.702513805696554,0.0,0.7666666666666667,1,0.5
3aa870ae7891b48e7bee188e18ee644,42,24,18,1.3129035999999998,1.9075180000000003,0.07667670476190476,2998.6295333081302,30,10,20,49,6,0.024390243902439025,0.6111111111111112,0.16666666666666666,4.631926340948643,0.2222222222222222,0.6341463414634146,2,0.11764705882352941
395bb8fea29304513b8a19787142198,31,13,18,0.5043708600000001,1.34178671,0.05955347,4250.259938674444,27,10,17,38,6,0.0,0.4444444444444444,0.15384615384615385,1.4325429890546226,0.05555555555555555,0.6,1,0.29411764705882354
3a8ceca59f09a48dc9d7b34fc64428a,40,26,14,0.8670854699999999,0.21050318999999995,0.0269397165,2926.4624733029914,18,7,11,48,6,0.0,0.42857142857142855,0.0,6.639523755739913,0.0,0.7692307692307693,1,0.23076923076923078
3d0450909d7b94440bc1878c4f3f229,25,10,15,1.23676352,0.63469625,0.0748583908,5318.388702870139,19,6,13,31,6,0.0,0.5333333333333333,0.1,8.049478884751254,0.0,0.75,1,0.2857142857142857
34d3fdbed85ec4bc4a5bd98ac3b734b,37,23,14,1.64961627,0.46397087,0.057123976756756754,3591.806476063889,31,10,21,44,5,0.0,0.7142857142857143,0.17391304347826086,10.216050468057203,0.21428571428571427,0.7222222222222222,1,0.3076923076923077
32ffc6f24e6e049f791321acf5038a1,23,13,10,0.49564431000000003,0.47316394000000006,0.04212209782608696,5684.830862434091,18,5,13,28,3,0.0,0.7,0.07692307692307693,1.8287225485298226,0.1,0.5,1,0.3333333333333333
1ef92ef42616244f38ccfee8cc712ec,18,8,10,0.13261325,0.55325321,0.03810369222222222,6790.50631912451,13,5,8,24,5,0.0,0.5,0.0,1.318061229529595,0.0,0.5294117647058824,1,0.4444444444444444
18e9ff8f2fdce4bdf826c7717126cb6,41,22,19,1.7897602400000001,1.33088815,0.07611337536585366,3152.2193803925,25,9,16,49,4,0.0,0.47368421052631576,0.045454545454545456,8.333265304877393,0.05263157894736842,0.375,1,0.3888888888888889
3b1f8bacbbdb646bc84ed21ab0f6b40,37,18,19,0.4761891,0.7255749699999999,0.03248011,3617.7827061824073,21,7,14,43,6,0.0,0.47368421052631576,0.1111111111111111,2.479610900373973,0.05263157894736842,0.6666666666666666,1,0.6111111111111112
36b12e95fbaf64cff9f3a2ee3a34ef2,21,6,15,0.21887344999999997,1.49223888,0.08148153952380952,6493.112656549167,14,6,8,26,5,0.0,0.13333333333333333,0.16666666666666666,1.3675442199088057,0.0,0.5,1,0.42857142857142855
32a26dcd9ce47479cadc78ef8c9c9bf,39,29,10,3.3111911099999998,4.0969117399999995,0.18995135512820513,3351.5098216469296,22,14,8,50,8,0.0,0.2,0.10344827586206896,1.28777172058047,0.0,0.7894736842105263,1,0.4444444444444444
bc1q38be6e75a9484c72b067cd3b9c9f1e,35,22,13,1.93024408,0.41221838,0.06692749885714286,3667.6398912137256,22,10,12,43,6,0.0,0.46153846153846156,0.09090909090909091,14.021956594557134,0.07692307692307693,0.7058823529411765,1,0.4166666666666667
bc1qe2809deb64e34e65a02e2765d542f3,27,15,12,0.7593980200000001,0.6431049300000001,0.051944553703703704,4690.951603174359,22,12,10,36,5,0.0,0.4166666666666667,0.2,1.8124499728360344,0.08333333333333333,0.6538461538461539,1,0.45454545454545453
338c5d03ed36246ca8faaa360519922,41,7,34,0.188244,7.327255090000001,0.18330485585365852,2979.5430433204165,34,4,30,61,9,0.025,0.29411764705882354,0.0,1.7324194247027513,0.20588235294117646,0.65,2,0.30303030303030304
38e00ed4668b34e1fa0a0e9a122a08b,21,11,10,0.47502735,0.6589020600000001,0.05399663857142857,5974.7669712475,14,8,6,28,7,0.0,0.2,0.09090909090909091,2.241453842590452,0.1,0.75,1,0.6666666666666666
bc1qe78a72e76a7e4d7fa650aa8cafc6de,38,19,19,1.14515392,3.04833055,0.1103548544736842,3392.4322307864863,38,14,24,47,5,0.0,0.8421052631578947,0.2631578947368421,1.4383410269891732,0.0,0.7027027027027027,1,0.5555555555555556
32cd9a20dcbfa4638990db32e0eb7bf,8,0,8,0.0,0.54555722,0.0681946525,9471.105763576192,5,0,5,9,1,0.0,0.5,0.0,1.6377350277719356,0.0,0.0,1,0.42857142857142855
36d427fc4b6d7489b8eac1e5de62e70,35,20,15,1.2852521899999996,0.43643394999999996,0.049191032571428574,3679.985848187745,25,9,16,43,6,0.0,0.6666666666666666,0.05,5.893094808505666,0.2,0.7058823529411765,1,0.42857142857142855
3e12549dbbde74a27a92f826e957ec0,26,14,12,0.39293919000000005,0.42726611999999997,0.031546358076923076,5267.093825712001,21,9,12,32,5,0.0,0.75,0.21428571428571427,1.6131310910784356,0.08333333333333333,0.84,1,0.45454545454545453
14b0ddfb7ba59462f81f77729907578,28,21,7,1.7801934500000003,0.03830089,0.06494622642857142,4904.4412668679015,20,13,7,36,5,0.1111111111111111,0.42857142857142855,0.19047619047619047,40.27933564049359,0.0,0.7407407407407407,4,0.3333333333333333
15c7c2476fa0f47fd9b732fef7002d3,16,2,14,0.20954865,0.28519163,0.0309212675,7352.146745546666,13,1,12,18,2,0.0,0.5714285714285714,0.0,4.665615496357917,0.07142857142857142,0.2,1,0.46153846153846156
1ed5f8c09c93b4c11843facfb3632fc,35,16,19,1.40393202,0.4841862699999999,0.05394623685714286,3732.969154898039,22,6,17,40,4,0.029411764705882353,0.631578947368421,0.0625,12.642920079211795,0.10526315789473684,0.6470588235294118,2,0.3888888888888889
1c8eae2d09b83432a87bc1ac43e7bdf,24,3,21,0.08610727000000001,11.48677297,0.4822033433333333,5626.429770410869,25,3,22,28,3,0.0,0.5714285714285714,0.0,1.2538987058972837,0.19047619047619047,0.21739130434782608,1,0.4
3813f36d9eb464fd4a4ac7eb506b66e,23,9,14,1.0111697800000001,1.6684421199999997,0.1165048652173913,5464.522167375757,17,4,13,28,4,0.0,0.5,0.0,3.3787947342282787,0.0,0.5,1,0.5384615384615384
13ce792f9255b4da1ad0e7c6192a358,26,15,11,0.8933846600000002,0.20679465,0.04231458884615384,4184.616838312667,16,7,9,33,6,0.0,0.5454545454545454,0.06666666666666667,7.896756180071851,0.0,0.76,1,0.3
360828aca655a4e198dedaae3db4bb0,22,7,15,0.6233666,0.6625689100000001,0.05845161409090909,6076.628415093651,18,5,13,28,5,0.0,0.4,0.0,3.876061295629911,0.13333333333333333,0.47619047619047616,1,0.5
bc1qcc604b884ea7413fb00bfaecd99d5e,26,14,12,1.05170968,0.07040738,0.04315834846153846,4646.292907648667,16,5,11,30,4,0.12,0.3333333333333333,0.07142857142857142,20.10237047013287,0.3333333333333333,0.6,2,0.18181818181818182
1e4406f861cd045878f0f8a16fda33a,17,8,9,1.37094711,0.17351029000000004,0.09085043529411764,6193.200329829167,16,5,11,21,3,0.0,0.5555555555555556,0.125,23.57593155896925,0.0,0.4375,1,0.375
bc1qe16fdae0a3f94c36ae41b8b10a2abd,24,14,10,0.27887962,1.12498744,0.05849446083333334,5755.035632493478,24,12,12,31,5,0.0,0.6,0.2857142857142857,1.2193054015519995,0.1,0.782608695652174,1,0.3333333333333333
32eb0107ce54b4ef3ac56301dd63ed4,37,23,14,0.43422443999999993,0.5976021100000001,0.02788720405405405,3528.311843048148,25,13,12,45,4,0.0,0.42857142857142855,0.17391304347826086,1.6219284313521327,0.07142857142857142,0.6111111111111112,1,0.38461538461538464
3ba2367352b7648e3a977b0500ec846,24,5,19,0.38158937000000004,0.9537287099999999,0.05563825333333333,5662.631138714493,22,4,18,28,4,0.0,0.5263157894736842,0.2,3.385405103307814,0.05263157894736842,0.34782608695652173,1,0.3888888888888889
bc1q906c8889518a432ab397c0ab9d490e,22,10,12,2.43289786,0.38761171000000005,0.12820498045454545,6004.004874793651,18,7,11,29,5,0.0,0.4166666666666667,0.1,62.87049843149872,0.08333333333333333,0.47619047619047616,1,0.45454545454545453
bc1q05a4a48a35a34ca88b2e64ef90cd23,39,23,16,1.07671677,0.85719379,0.04958745025641025,3430.0122456833333,24,9,15,46,5,0.0,0.625,0.08695652173913043,2.8132923401915244,0.0,0.7631578947368421,1,0.5333333333333333
13491ae6a5b024c5eace3e5ee2330b3,76,29,47,0.88258287,0.27690112999999994,0.015256368421052631,1613.701511962,44,10,34,85,7,0.4266666666666667,0.3617021276595745,0.06896551724137931,15.76179908916659,0.02127659574468085,0.41333333333333333,7,0.5217391304347826
1b29aa15b987741c58cfb9dd4f6326a,34,17,17,0.40880450999999995,0.38509207,0.023349899411764706,4007.7742246166667,21,3,18,38,4,0.0,0.5882352941176471,0.0,2.905479307244129,0.0,0.5454545454545454,1,0.5625
1e9590503499d4782a96dd4aca34a35,33,15,18,1.3187885700000002,0.8121976,0.06457533848484848,4005.576220988021,24,11,13,39,4,0.0,0.4444444444444444,0.26666666666666666,8.425504050743866,0.05555555555555555,0.53125,1,0.4117647058823529
196b738fd41b64f5c957890145c1f9c,22,14,8,0.45045599999999997,0.29832087,0.034035312272727276,5811.966859430952,21,13,8,29,6,0.0,0.625,0.2857142857142857,2.0385175594756433,0.0,0.6666666666666666,1,0.2857142857142857
1dd40042d464e4cb1b864ce5826d9fa,28,13,15,0.7149409900000001,1.86135879,0.09201070642857143,4700.769993841358,26,9,18,36,7,0.0,0.7333333333333333,0.07692307692307693,1.4087153197663171,0.2,0.6666666666666666,1,0.21428571428571427
39aa50e636ab04dd0b5e57ccedace2d,22,12,10,0.7551147200000001,1.8176171799999996,0.1169423590909091,5004.475265343651,14,5,9,26,4,0.0,0.4,0.08333333333333333,1.2986162119478164,0.1,0.6666666666666666,1,0.3333333333333333
bc1qd948e8c4724b4c36bbd7e65944d662,23,3,20,0.21100138000000002,0.7847826099999999,0.04329495608695652,5827.421983458334,20,2,18,26,3,0.0,0.55,0.0,2.945257254536137,0.1,0.2727272727272727,1,0.42105263157894735
bc1q0166d63b5c3b4b01b4f85af22b8c23,24,11,13,0.47163888,0.25668034,0.030346634166666667,4880.651699863043,19,6,13,30,5,0.0,0.6153846153846154,0.09090909090909091,11.447650008543127,0.0,0.7391304347826086,1,0.6666666666666666
16e70efadb2054c88a6d5d8352dbf4a,30,17,13,0.5394724700000001,0.7971215299999999,0.044553133333333335,4052.4503164804596,15,7,8,35,5,0.0,0.38461538461538464,0.11764705882352941,1.475453040746555,0.0,0.6896551724137931,1,0.5
bc1q0ea728146bce4995a59f3da06d176e,19,7,12,0.31159891,0.13594427,0.023554904210526317,7272.7374112611105,15,4,11,23,3,0.0,0.4166666666666667,0.14285714285714285,7.724101829267795,0.0,0.6666666666666666,1,0.45454545454545453
153ba236b6aee437a9359101c4ad69c,27,15,12,0.87752027,4.80664765,0.21052473777777778,4967.418999194231,17,6,11,34,6,0.0,0.4166666666666667,0.0,1.795594624874286,0.0,0.5769230769230769,1,0.6363636363636364
12bd28d29d58c42d2b3ef036c609240,38,28,10,4.4878475899999986,0.16117631999999998,0.12234273447368423,3497.152959829279,20,11,9,45,5,0.0,0.6,0.17857142857142858,41.927492280700775,0.1,0.7027027027027027,1,0.4444444444444444
3a9e28000311545f4b07cc86cdfdaf6,25,11,14,0.87761895,0.74260864,0.0648091036,5444.137496636806,27,13,14,31,6,0.0,0.5,0.5454545454545454,4.613480642591632,0.14285714285714285,0.6666666666666666,1,0.23076923076923078
bc1q1c636cfaf8564a7fbbc201f7ed198e,26,9,17,0.08512752,0.15679426,0.009304683846153846,4953.856241162666,21,3,18,30,4,0.0,0.5882352941176471,0.0,1.4918391697126947,0.058823529411764705,0.56,1,0.375
3e0dd4e576b744f3aafa6160bbc4e32,56,41,15,3.41869746,0.20618113,0.06472997482142857,2337.6648799551517,33,15,18,67,8,0.0,0.6666666666666666,0.0975609756097561,48.220296700317895,0.0,0.7454545454545455,1,0.6428571428571429
1b1be55ef67b146e9af9f2c42a06f50,27,14,13,0.63397652,0.36787431,0.037105586296296296,4995.154419241667,20,7,13,34,4,0.0,0.38461538461538464,0.07142857142857142,8.624070367346164,0.07692307692307693,0.5384615384615384,1,0.5
3c8040b3a368343deab76e02d49a677,48,17,31,0.8107452300000001,4.6695562,0.11417294645833333,2678.942633122695,39,7,32,69,8,0.0851063829787234,0.3225806451612903,0.058823529411764705,2.1076564197757937,0.03225806451612903,0.8085106382978723,2,0.5
3b51baa9e22384b1f82b5fb7c779854,19,7,12,0.19448916999999996,1.1557681899999999,0.07106617684210527,6513.14532132963,19,3,16,22,3,0.0,0.75,0.14285714285714285,1.3072615455836132,0.0,0.4444444444444444,1,0.45454545454545453
1f43a8e30cf054276a663a772563854,19,7,12,0.24933636,0.94032674,0.06261384736842106,6655.625275412964,13,5,8,24,5,0.0,0.25,0.14285714285714285,1.2788582815377398,0.08333333333333333,0.5555555555555556,1,0.45454545454545453
3da54ef6df4db4a319d7338400934b8,43,28,15,1.6746443699999998,0.30808887,0.04611007534883721,3101.525589125397,17,10,7,54,8,0.0,0.26666666666666666,0.0,16.74156728331966,0.06666666666666667,0.7142857142857143,1,0.35714285714285715
bc1q41f9a7f3fae9409f9d29672ec18a23,29,13,16,0.5177037099999999,0.77489955,0.04457252620689655,4424.29934145119,20,7,13,35,5,0.0,0.5625,0.15384615384615385,1.503243877536072,0.125,0.7857142857142857,1,0.6666666666666666
14213725fe42740a7ae5f8f197d2d05,52,39,13,2.2948707999999995,1.19149564,0.06704550846153846,2552.217348742484,21,11,10,61,7,0.0784313725490196,0.5384615384615384,0.05128205128205128,7.308889992163526,0.0,0.6666666666666666,3,0.3333333333333333
3844510e3670649209b5d9658292122,22,10,12,1.41507215,2.14033577,0.1616094509090909,6119.530713180952,16,3,13,25,1,0.0,0.3333333333333333,0.1,1.715543832727804,0.0,0.0,1,0.5454545454545454
bc1q308d74e8c6ec4a38a1044d69139e04,22,8,14,0.8066279900000001,0.8154897700000001,0.07373262545454545,6220.6641743531745,19,5,14,28,5,0.0,0.42857142857142855,0.0,3.420476198808045,0.0,0.6190476190476191,1,0.38461538461538464
1c94ff653619a43c2aa0d3494704045,22,11,11,0.44071939,0.40218489,0.038313830909090914,5606.599072740476,14,4,10,27,5,0.0,0.45454545454545453,0.0,1.9012246647042448,0.09090909090909091,0.7619047619047619,1,0.2
bc1q7063d4529d504f6b9ef3ed7f3fffbb,18,6,12,0.17248133000000002,1.4827570899999998,0.09195769000000001,6706.081271832352,14,6,8,23,4,0.0,0.4166666666666667,0.16666666666666666,1.3895458714309186,0.08333333333333333,0.4117647058823529,1,0.2727272727272727
bc1qded908e831b349a0a30e59e8283b2e,19,5,14,1.27858261,0.49003188999999997,0.09308497368421052,6505.535789563889,16,3,13,23,3,0.0,0.42857142857142855,0.0,13.257145958675542,0.07142857142857142,0.5,1,0.3076923076923077
bc1q60ddb59d7e854b1aaecf6b40e39e70,17,3,14,0.18475067,0.23432041999999997,0.024651240588235295,7074.612886216667,17,2,15,20,3,0.0,0.7142857142857143,0.0,5.952987894365874,0.07142857142857142,0.375,1,0.46153846153846156
191e4297c52e741b3a5234215bc0c71,38,21,17,1.9247517100000004,1.84776088,0.09927664710526315,3550.138987730631,24,6,18,43,4,0.0,0.5294117647058824,0.047619047619047616,3.4752602898207985,0.058823529411764705,0.5135135135135135,1,0.4375
32fb8f09cb8734b3a9023c13354c794,20,5,15,0.23681726999999997,1.94518514,0.1091001205,6616.015789473684,19,5,14,24,2,0.0,0.5333333333333333,0.2,1.3076504399205673,0.13333333333333333,0.05263157894736842,1,0.5
35eebfab4126744efa1bd837558746e,32,18,14,1.01716091,0.8512175399999998,0.0583868265625,4163.932310004839,19,9,10,38,6,0.0,0.5,0.1111111111111111,2.075118160075779,0.0,0.7096774193548387,1,0.5384615384615384
bc1q9c7a8b7850a346268875a8beca61ce,23,9,14,0.34221673999999996,0.69713007,0.045188991739130435,5568.437887101515,21,6,15,28,4,0.0,0.5,0.1111111111111111,2.316352128295696,0.0,0.5454545454545454,1,0.38461538461538464
334ff011b354b49c49a26f3e4c1055a,22,11,11,0.66030394,0.92651184,0.07212799,5359.658753890476,20,8,12,29,5,0.0,0.45454545454545453,0.09090909090909091,1.3649136807650657,0.09090909090909091,0.6190476190476191,1,0.5
33d35563e6cdb4801abd0b51d248baa,13,4,9,0.06544575999999999,0.63939072,0.05421819076923077,10440.407699447223,9,2,7,16,3,0.0,0.5555555555555556,0.0,1.2155278458696182,0.0,0.6666666666666666,1,0.75
314b14ed4b324494baa0e27fc7afa74,45,28,17,0.4770666799999999,0.08490558,0.012488272444444445,2859.1779574575758,31,13,18,52,6,0.0,0.5882352941176471,0.17857142857142858,8.862440062288965,0.058823529411764705,0.7954545454545454,1,0.25
bc1qe6b2a835b17142818162fcf9ac61af,26,9,17,0.14464213,2.4386751,0.099358355,4512.654197497333,21,11,10,34,5,0.0,0.35294117647058826,0.3333333333333333,1.5331613964919206,0.058823529411764705,0.36,1,0.375
bc1q62847b0cbd314037b0808a52c54c86,35,24,11,2.3267374700000008,1.15250641,0.099406968,3773.684980056863,14,5,9,40,4,0.0,0.18181818181818182,0.041666666666666664,1.6243249063417957,0.09090909090909091,0.5882352941176471,1,0.5
bc1qaad07ef74d4347c7971ba70b583c52,38,27,11,1.3887839600000005,0.89060994,0.059984050000000004,3391.377717209009,20,12,8,46,6,0.0,0.45454545454545453,0.1111111111111111,4.682918432656636,0.0,0.8648648648648649,1,0.5
bc1q8084f4288bd7456897d0bdd1a4300f,19,10,9,0.5829923499999999,0.12409998,0.03721538578947368,6330.827722664815,15,6,9,25,3,0.1111111111111111,0.4444444444444444,0.1,26.099860179617956,0.1111111111111111,0.2222222222222222,3,0.375
bc1q6b99f56078494b648c7140fa913d24,44,28,16,0.8590866500000003,0.17016815000000002,0.023392154545454544,2860.8647966678295,23,10,13,52,7,0.0,0.4375,0.07142857142857142,15.119098500042973,0.0625,0.813953488372093,1,0.3333333333333333
38bf27bdc1c674e468749da03068920,21,16,5,0.4668257,0.08106016,0.02608980285714286,6470.2013176625,12,6,6,28,4,0.0,0.4,0.0,4.436339433143246,0.0,0.55,1,0.5
121266520d529477cb06020d70dea53,11,6,5,0.35820799,0.06291165,0.038283603636363635,11950.670866946666,8,3,5,15,3,0.0,0.6,0.0,7.93258103551096,0.2,0.7,1,0.25
32bc39dfac601434e988422e1a4e4c1,10,1,9,0.16823249,0.09349988,0.026173237,11804.655847153705,7,1,6,12,2,0.0,0.1111111111111111,0.0,13.010768546625162,0.1111111111111111,0.2222222222222222,1,0.375
3faa02f1383ed40aaa9ec22c4e9e7c3,42,26,16,1.9141192299999998,0.8034809899999998,0.06470476714285714,3103.856768269512,29,11,18,51,5,0.0,0.6875,0.11538461538461539,4.986218001768155,0.125,0.7804878048780488,1,0.3333333333333333
1a10d4adcd28047e38b4f0a567f2048,26,16,10,0.68810406,0.84870173,0.059107915000000004,4827.700763306,18,10,8,33,5,0.0,0.4,0.1875,1.370956099283304,0.0,0.68,1,0.5555555555555556
bc1q5c75454c1f11473ba3de04df399af7,37,26,11,0.58167432,0.9079931099999998,0.04026128189189189,3330.783771139815,21,11,10,45,5,0.0,0.5454545454545454,0.11538461538461539,1.4870610404313618,0.09090909090909091,0.5833333333333334,1,0.2
131b4f2788fd8403598f7fc1729367c,22,7,15,0.18656107000000002,4.648699560000001,0.21978457409090907,5929.491537705556,13,3,11,26,3,0.0,0.26666666666666666,0.0,1.4810083661921136,0.0,0.6190476190476191,1,0.5
bc1q565c2eb3e2fe4088bf4da83eb0069d,22,7,15,0.13932633,0.7900475199999998,0.04224426590909091,5532.436129187302,16,3,13,26,3,0.0,0.5333333333333333,0.0,1.6381381425678816,0.06666666666666667,0.42857142857142855,1,0.6428571428571429
3e37ab70bb62447c1be109af62ad3e4,34,22,12,0.8332787599999999,0.11600526,0.027920118235294118,4021.559316904545,24,11,13,42,6,0.0,0.6666666666666666,0.13636363636363635,10.941582878497666,0.0,0.7272727272727273,1,0.5454545454545454
bc1q3fbe24a2f5204864bb16711de3903c,41,25,16,1.5279225399999998,0.42959061000000004,0.04774422317073171,3277.42545478,32,16,16,53,6,0.0,0.5625,0.12,13.233665744323801,0.0,0.8,1,0.6
3c3981f37be9d48a993f1f5a21cbc38,30,13,17,0.48214781999999995,1.1405528399999998,0.054090022,4342.667033985632,17,5,12,36,6,0.0,0.47058823529411764,0.0,1.6865413312211346,0.058823529411764705,0.6206896551724138,1,0.6875
1a65408a8be804fc39b52355d3c7b7e,28,9,19,1.01210165,1.76668439,0.09924235857142857,4229.802862240123,17,5,12,31,3,0.0,0.3157894736842105,0.2222222222222222,1.8369291254975224,0.05263157894736842,0.4074074074074074,1,0.5555555555555556
bc1q1a3fe019be364b679525c027e88868,22,13,9,0.31327887,2.39968539,0.12331655727272728,5887.8098176055555,18,9,9,27,4,0.0,0.5555555555555556,0.23076923076923078,1.5049488598890421,0.0,0.6190476190476191,1,0.375
176dd60ec4c834b7eb183e9d5ab901d,20,11,9,0.28490443,0.17708677,0.023099559999999998,6380.000184552631,13,7,6,25,4,0.0,0.2222222222222222,0.18181818181818182,3.04615318738478,0.0,0.7368421052631579,1,0.5
3c5535d87364649779121c7571e045b,32,19,13,0.5161036000000001,0.6204777899999999,0.0355181684375,4278.294295173656,20,5,15,38,5,0.0,0.5384615384615384,0.0,2.6110984181396057,0.0,0.8064516129032258,1,0.5
bc1qdbba3615fa884e6181699d709d6d4b,28,7,21,0.2372136,0.66184552,0.03210925428571428,4747.645302863581,28,5,23,34,6,0.0,0.7142857142857143,0.0,2.0267942790903066,0.0,0.4444444444444444,1,0.5
bc1qe0ebf3dc8df145ee857e1db542e1bf,13,2,11,0.07702896000000001,0.58447163,0.05088466076923077,8731.348994445834,13,1,12,15,2,0.0,0.5454545454545454,0.0,1.5763110159294906,0.0,0.25,1,0.5
bc1qcfea5617c1ff41af8234970ea22659,21,5,16,0.3568988,0.49326502,0.04048399142857143,5756.0936230625,13,1,12,23,2,0.0,0.375,0.0,3.3612005613228204,0.0625,0.4,1,0.4
bc1q3dcdcdc964e149b39168760d3102d1,34,24,10,1.6167121899999999,0.29903769,0.05634558470588235,3923.4447403939394,18,10,8,43,6,0.030303030303030304,0.5,0.041666666666666664,3.592959748399624,0.3,0.8484848484848485,2,0.4444444444444444
bc1q88d2e8b7b9284f5dbcce8be1cba55b,28,16,12,2.54995903,0.67287121,0.11510108,4354.768192318519,18,7,11,35,5,0.0,0.5,0.0625,7.4709446481829715,0.08333333333333333,0.6666666666666666,1,0.5454545454545454
bc1q48273a7f2a034056a63b11f5097505,27,4,23,0.21117604,0.9318830700000001,0.042335522592592593,4797.040318978205,27,3,24,31,3,0.0,0.5652173913043478,0.0,2.809731456411123,0.0,0.15384615384615385,1,0.4090909090909091
186d28ebca92348fa854409585fe269,18,7,11,0.20121625,0.90019648,0.06118959611111111,6788.4494484352945,10,2,8,21,2,0.0,0.45454545454545453,0.0,1.403574432766207,0.09090909090909091,0.4117647058823529,1,0.5
3cec92464d912407b9515617f59abcd,19,5,14,0.15344333999999998,5.98178485,0.3229067468421053,5389.9148124,20,4,16,24,5,0.0,0.6428571428571429,0.0,1.5333993104442356,0.0,0.4444444444444444,1,0.5384615384615384
30bc6a08da7de4a818345676657ad42,21,12,9,1.2720589999999998,1.0629373500000001,0.11119030238095237,6093.345916221666,11,5,6,25,3,0.05,0.3333333333333333,0.16666666666666666,1.8336277206202558,0.0,0.65,2,0.5
bc1q6a5eee513aec4a9fad93526335d1a3,19,8,11,0.37914534999999994,0.47092003,0.04474028315789474,6931.51559812963,15,5,10,23,3,0.0,0.6363636363636364,0.125,1.8587858707980824,0.0,0.6666666666666666,1,0.5
1f50116caf26645869e4fe1a8b23bab,39,28,11,1.6628080699999999,0.12808112000000002,0.04592023564102564,3276.5600314745616,21,9,12,48,5,0.07894736842105263,0.5454545454545454,0.03571428571428571,36.447110817991955,0.0,0.6842105263157895,3,0.1
3c38dddd997b143e587d95b70858d9f,33,15,18,2.00428995,0.3886721000000001,0.07251400151515151,3890.5998434875,27,11,16,42,6,0.0,0.5555555555555556,0.13333333333333333,13.656718506053322,0.05555555555555555,0.6875,1,0.4117647058823529
bc1qe4cdbfd8d74243e683b94fdfda48a6,23,10,13,0.50019596,5.29146887,0.2518115143478261,6003.297935078031,20,6,14,27,4,0.045454545454545456,0.5384615384615384,0.2,1.4594358973357073,0.07692307692307693,0.6818181818181818,2,0.4166666666666667
bc1qb4709b88f20f47828c0b8889e4a184,16,6,10,0.26015801,0.41385535,0.042125835,8411.993471513333,11,4,7,21,4,0.0,0.4,0.0,2.2115259863815537,0.2,0.5333333333333333,1,0.2222222222222222
316dcfbed582c4bb4b4f9f6c08dfb1c,29,12,17,0.39409979,1.0993764300000002,0.05149918,4569.740402986309,16,5,11,32,3,0.0,0.4117647058823529,0.16666666666666666,2.8628140303356524,0.058823529411764705,0.6785714285714286,1,0.3125
bc1q2f5fc6276ef34c86898764c31c3b57,26,17,9,1.4353171200000001,0.06727859,0.057792142692307695,5070.870107528667,21,9,12,34,6,0.0,0.6666666666666666,0.11764705882352941,19.705076466483384,0.3333333333333333,0.76,1,0.125
19e91db2417d34dff8abf1eefdb43ef,26,8,18,0.38020189000000004,3.4172583,0.14605616115384615,4361.016960274666,22,5,17,32,6,0.0,0.4444444444444444,0.0,1.264125408888214,0.1111111111111111,0.44,1,0.35294117647058826
bc1q8fdfa8015707408784d37070b43d9e,22,9,13,0.44229108,0.59506373,0.04715249136363637,6056.004635738888,16,4,12,27,5,0.0,0.46153846153846156,0.0,2.0258528169109757,0.0,0.47619047619047616,1,0.5
366121af594e646cca4f9ab41dc6337,28,9,19,0.06362316999999999,2.29655754,0.08429216821428571,4842.851210904321,21,5,16,33,5,0.0,0.3684210526315789,0.1111111111111111,1.61714621897741,0.0,0.4444444444444444,1,0.3888888888888889
300d86720a2244de1bc084123824817,34,16,18,1.4495376800000002,0.99327054,0.0718473005882353,3610.0724641888887,20,8,12,41,5,0.0,0.3333333333333333,0.0625,3.1814505399998088,0.05555555555555555,0.5757575757575758,1,0.35294117647058826
3e582e07e63ab4a4caa834c20013e78,33,13,20,0.8037525300000001,0.61492974,0.04299037181818182,3861.523905046875,27,8,19,39,5,0.0,0.55,0.15384615384615385,4.688156185589987,0.0,0.625,1,0.47368421052631576
bc1qcc204d4832084e02b9fa6aeddc6ddc,25,15,10,0.5905270499999999,0.24420599999999998,0.033389322,5457.54038870625,15,6,9,31,6,0.0,0.5,0.06666666666666667,4.662973259968826,0.0,0.6666666666666666,1,0.3333333333333333
bc1q4039e29c4e9e4087b0a32f99540803,29,22,7,1.42502611,0.044500859999999996,0.05067334379310345,4290.7356426720235,16,11,5,38,7,0.0,0.42857142857142855,0.09090909090909091,91.2077176535046,0.14285714285714285,0.8571428571428571,1,0.6666666666666666
bc1qd7d18991351e4ac8a122958e37361e,20,9,11,0.7851882100000002,0.51277525,0.064898173,6688.594967804386,13,5,8,26,5,0.0,0.36363636363636365,0.0,3.9478645721043106,0.18181818181818182,0.5789473684210527,1,0.4
318f87296186b4a58bd8f76a185f2e4,32,21,11,0.95729952,1.03428182,0.062236916875,3668.5925241876344,22,10,12,37,5,0.0,0.5454545454545454,0.14285714285714285,1.592900858178883,0.0,0.6129032258064516,1,0.2
344039b559f314e55aab07d4637ccbd,41,26,15,1.2798090800000002,1.7773142700000002,0.07456398414634147,3163.95294785,21,5,16,47,5,0.0,0.5333333333333333,0.0,1.59826444089584,0.06666666666666667,0.7,1,0.35714285714285715
3b59769254f9a4b3e92beea2ec05a57,12,0,12,0.0,1.10507032,0.09208919333333333,9752.952205039393,7,0,7,13,1,0.0,0.3333333333333333,0.0,1.4525756450378162,0.16666666666666666,0.0,1,0.45454545454545453
33defa67ec0654fd0bcc9f19713bdc5,24,12,12,0.6045567299999999,0.39389417,0.04160212083333333,5555.520654044203,23,9,14,31,5,0.0,0.5833333333333334,0.16666666666666666,3.675003512011078,0.16666666666666666,0.6086956521739131,1,0.45454545454545453
15ee5afa894cd487a88c4d4b377fae8,25,10,15,0.80194293,0.28066362,0.043304261999999996,5115.390099036806,21,5,16,31,4,0.041666666666666664,0.5333333333333333,0.0,15.47001694095114,0.2,0.375,2,0.2857142857142857
bc1q223174d41d3a4fe598da72877ecaf3,36,8,28,0.31778892000000003,3.5604955699999996,0.10773012472222222,3172.404993519048,32,4,28,41,4,0.0,0.6071428571428571,0.0,1.4999389321837915,0.10714285714285714,0.2571428571428571,1,0.2962962962962963
17e076e4225664f3996cafd601d08c9,25,17,8,1.01135525,0.29554205,0.052275892,5407.726015420833,12,5,7,31,3,0.041666666666666664,0.375,0.0,3.424174541136464,0.0,0.625,2,0.42857142857142855
1a20efa7b768742acbf6f37286a1ef2,30,18,12,0.67359828,0.29368610000000006,0.03224281266666666,4179.236507808046,20,9,11,36,6,0.034482758620689655,0.5,0.16666666666666666,7.440740403027263,0.16666666666666666,0.6206896551724138,2,0.18181818181818182
317039b8203244a75ace98ebbcba1bb,21,11,10,0.19095616999999998,0.55326577,0.03543914,5903.61348286,15,6,9,27,5,0.0,0.5,0.09090909090909091,1.5544363146279694,0.0,0.6,1,0.4444444444444444
309c92174bbba45bc821aa8052de415,27,15,12,0.30351039,1.30230827,0.059474765185185186,4871.9525908455125,21,7,14,34,6,0.0,0.6666666666666666,0.06666666666666667,1.396039978936152,0.08333333333333333,0.5769230769230769,1,0.45454545454545453
1f52edbc8c5204b069922e482f786d2,24,9,15,0.39042038,3.55114673,0.16423196291666667,5490.728404767391,14,5,9,29,5,0.0,0.4666666666666667,0.1111111111111111,1.4170773205746083,0.13333333333333333,0.5217391304347826,1,0.35714285714285715
1dd9c24416dbf4dcdb9c83dc91b3ac5,45,24,21,1.1837765100000002,1.51704589,0.06001827555555555,2967.8523471973485,33,11,22,55,5,0.0,0.6190476190476191,0.08333333333333333,2.815747938913538,0.14285714285714285,0.3409090909090909,1,0.25
1b8524c126ec746fd84dc8eb131f04c,25,15,10,0.44547369,1.37883537,0.0729723624,5220.302446145139,20,7,13,29,4,0.0,0.6,0.2,1.360185686195653,0.1,0.5833333333333334,1,0.5555555555555556
35f5e05badef84653b2d94cfcd4e019,30,19,11,1.4303335799999999,0.4181278,0.06161537933333334,3924.48285434023,21,9,12,39,5,0.0,0.5454545454545454,0.05263157894736842,11.765752802225848,0.0,0.8620689655172413,1,0.3
1e3b7cae0d6a7457dbdab59453f34f1,19,6,13,0.6098622600000001,0.33105084999999995,0.04952174263157895,7328.421635334259,18,4,14,24,5,0.0,0.6923076923076923,0.0,13.972453109584587,0.15384615384615385,0.5555555555555556,1,0.4166666666666667
10b23954437b94f0f9ff2ec027b568c,28,16,12,0.25269803,1.1253319900000003,0.04921535785714286,4266.178063,16,8,8,33,4,0.0,0.5,0.1875,1.2765466937368461,0.16666666666666666,0.6296296296296297,1,0.36363636363636365
309ab2ed1d6904f44a3a08e68a1aebe,29,20,9,0.97198283,0.38178138,0.04668152448275862,4580.788343288095,18,7,11,35,6,0.0,0.4444444444444444,0.05,2.490935610260082,0.0,0.8214285714285714,1,0.625
bc1q01ed8a61cb414d0a96a2be40338eea,13,5,8,0.13667304000000002,0.09712575000000001,0.01798452230769231,8578.396250140278,12,4,8,16,2,0.0,0.25,0.2,5.955692127168054,0.125,0.5,1,0.0
bc1q7a87bc3cd3d3433580903a72390351,31,14,17,1.3073974400000004,2.75918127,0.13117995838709678,3869.894891258889,21,6,15,36,4,0.0,0.5882352941176471,0.07142857142857142,1.3764477562795852,0.0,0.6,1,0.5
33cb88e0ed15d4ab1b2af2bdc894435,19,10,9,1.3163201,0.21248293,0.08046331736842105,6648.295720650926,11,4,7,23,4,0.0,0.4444444444444444,0.1,15.425376732855499,0.0,0.6666666666666666,1,0.25
bc1qbaf4053e6e8c416ab00ed9000f9c24,30,15,15,0.9766143299999999,1.0932130000000002,0.06899424433333333,4179.161017210919,24,8,16,35,5,0.10344827586206896,0.6666666666666666,0.13333333333333333,2.3297753270873143,0.0,0.6206896551724138,3,0.5
3c4b3b575729c4b9e8440d0d2d4b5f2,16,7,9,0.34209992,0.32673571,0.041802226875,8486.185426887778,12,4,8,20,4,0.0,0.5555555555555556,0.14285714285714285,2.0009623277723754,0.0,0.4,1,0.375
3dd7c9266530e44d8b1618e1560c4ec,23,11,12,0.6588965499999999,0.12559913,0.03410850782608696,5952.628043931818,15,2,13,26,3,0.0,0.6666666666666666,0.0,10.225405732943146,0.08333333333333333,0.5454545454545454,1,0.5454545454545454
3a3906ae8d7c14263a7ff7b61962b8a,36,21,15,1.6212087799999997,0.33247329000000003,0.054268946388888885,3370.3738766971433,25,11,14,44,6,0.0,0.4666666666666667,0.14285714285714285,7.183876851731455,0.06666666666666667,0.7142857142857143,1,0.35714285714285715
bc1qfdccf2033cda4b138044c4fa2f490b,27,10,17,0.9500682100000001,0.26620696,0.04504722851851852,5034.405021341667,21,5,16,32,3,0.0,0.5882352941176471,0.1,14.44520746199979,0.058823529411764705,0.5384615384615384,1,0.3125
bc1qdd060182d98e402cacd2047c47b018,30,19,11,1.45268561,0.20037423,0.05510199466666667,3945.633019351724,20,9,11,37,5,0.0,0.7272727272727273,0.10526315789473684,12.536453635838214,0.18181818181818182,0.5517241379310345,1,0.3
16af111a8be224336b6eeafe636df38,37,17,20,0.50007528,0.34801179,0.022921272162162165,3534.1746777435187,25,8,17,43,4,0.0,0.45,0.11764705882352941,5.746891728109767,0.15,0.5555555555555556,1,0.2631578947368421
bc1qd2751c952fdd48b5ba846534b877d7,29,18,11,0.66065088,0.5580177100000001,0.04202305482758621,4403.545469643453,18,10,8,37,7,0.0,0.45454545454545453,0.16666666666666666,1.5792909415248368,0.2727272727272727,0.5714285714285714,1,0.3
120cc3bc832d145fb82cb4dc2f308e5,21,9,12,0.43002241,0.18588696999999998,0.029329018095238097,5799.49138475,13,4,9,26,4,0.0,0.4166666666666667,0.0,6.895587748500319,0.0,0.5,1,0.5454545454545454
bc1q815ec52f2b0b4014b1e2c5d00f5cde,17,5,12,0.23263113,0.27366479,0.02978211294117647,7573.082084557292,14,2,12,20,2,0.0,0.5,0.0,2.2747570729473945,0.25,0.4375,1,0.09090909090909091
bc1qe6aea8d40da2435a9a8f81fc0c2f28,38,24,14,0.9396397499999999,0.7035682199999999,0.043242314999999996,3365.4221995666667,21,9,12,46,6,0.0,0.5,0.041666666666666664,2.5175185377747464,0.0,0.8378378378378378,1,0.5384615384615384
bc1qf126e4389148492897a94152a9b901,30,17,13,0.42642763999999994,0.27285265000000003,0.023309343,4443.754158292529,21,8,13,38,6,0.0,0.46153846153846156,0.058823529411764705,3.8484122249735564,0.0,0.7241379310344828,1,0.5833333333333334
31e00a77f240d447ca291896e85c052,55,12,43,1.4552993200000002,1.37102663,0.05138774454545455,2133.459201929012,43,6,37,60,5,0.5370370370370371,0.4883720930232558,0.08333333333333333,10.056482697865635,0.06976744186046512,0.2777777777777778,8,0.21428571428571427
1a4f4dc31125241d4b444c7fda3dd7e,34,24,10,1.2727230899999997,0.25150241,0.04483016176470588,3856.135122681313,26,13,13,40,4,0.09090909090909091,0.6,0.20833333333333334,14.122319995105132,0.0,0.6060606060606061,3,0.3333333333333333
bc1q53cde395e937498ab4d33029de49d4,32,18,14,1.7140671999999997,0.6677675500000001,0.0744323359375,4064.150917333871,19,9,10,38,5,0.0,0.2857142857142857,0.16666666666666666,7.205863644457343,0.14285714285714285,0.7096774193548387,1,0.38461538461538464
bc1q81e5e275b72c43df97c8d716616085,21,12,9,0.8233731400000001,0.48256031999999993,0.06218730761904762,5561.985146099167,18,8,10,28,6,0.0,0.4444444444444444,0.16666666666666666,2.470144995090781,0.0,0.55,1,0.125
bc1qa62030fa42b84779a814903c2deab3,17,7,10,0.30661106999999993,0.20512635,0.030102201176470587,7993.661492905208,12,6,6,21,3,0.0,0.2,0.2857142857142857,6.320104707099231,0.0,0.5625,1,0.4444444444444444
3bafb8214ad234b93a20376a6fc17bf,23,13,10,1.5238795899999997,1.29909213,0.12273790086956522,5428.949589670455,12,5,7,28,4,0.0,0.3,0.07692307692307693,3.372795188706697,0.0,0.6818181818181818,1,0.4444444444444444
188bc8df0d3d1483ba20bc197ca0af9,26,11,15,0.46188204999999993,0.9274859199999999,0.053437229615384614,5179.868901032667,19,5,14,32,4,0.0,0.5333333333333333,0.0,1.513301193868944,0.0,0.64,1,0.21428571428571427
bc1qea56d5a725304490b0a63d169ed1f5,28,9,19,0.29374351000000004,3.4305053000000005,0.13300888607142858,4735.322503511111,27,8,19,33,4,0.0,0.631578947368421,0.3333333333333333,1.4835971191369435,0.05263157894736842,0.37037037037037035,1,0.6111111111111112
1419a04ef8af541e397903eab80c7cd,30,15,15,0.7278467,0.21161148999999996,0.031315273,4056.8426694045975,22,10,12,40,7,0.0,0.4666666666666667,0.06666666666666667,12.482419956922524,0.0,0.6206896551724138,1,0.35714285714285715
1fea264b392584ebea8c3b14f786160,29,11,18,0.7678568100000002,0.40526616,0.040452516206896556,4634.8771572178575,21,5,16,35,5,0.0,0.3333333333333333,0.0,9.16334056594652,0.1111111111111111,0.6071428571428571,1,0.35294117647058826
364ee80be0c0643c6ba366bd52305d0,52,38,14,2.5253575300000004,1.09611985,0.06964379576923077,2538.366733384967,26,11,15,61,5,0.0196078431372549,0.5714285714285714,0.05263157894736842,1.8617062882749968,0.07142857142857142,0.7843137254901961,2,0.3076923076923077
bc1qa48aaf3c39cf4c5cae71660bf8c4f2,18,6,12,0.19872927,0.47110764,0.03721316166666667,7185.745641012744,15,4,11,23,5,0.0,0.4166666666666667,0.0,1.9150904165711242,0.0,0.6470588235294118,1,0.45454545454545453
164eb0787011a43ada0d97bc713a4d1,15,4,11,0.13089864,0.19972734,0.022041731999999998,7837.773225461905,10,3,7,19,4,0.0,0.45454545454545453,0.0,5.509025369089797,0.0,0.5714285714285714,1,0.5
19af5e4c1d42a478884032e5f2e5f60,26,10,16,0.30007343000000003,0.5535147599999999,0.032830315,4096.673802712667,12,1,11,28,2,0.0,0.375,0.0,1.3595525660642012,0.125,0.36,1,0.4
13879eea2de2449d3a8e6f03a9f0025,47,34,13,1.9922784200000003,0.23569024,0.0474035885106383,2640.237772280797,24,13,11,57,7,0.0,0.38461538461538464,0.058823529411764705,17.93491596129582,0.15384615384615385,0.7608695652173914,1,0.25
bc1qb5ecd23d1fcc4d9f92ca6521dd3579,27,9,18,0.3733419600000001,0.67426529,0.03880026851851852,4957.718893419872,15,3,12,31,4,0.0,0.3333333333333333,0.0,2.7094971606426945,0.1111111111111111,0.6153846153846154,1,0.35294117647058826
3cd7ea24811224478b82cfec3bb913e,29,17,12,0.8651570800000001,0.7653646299999999,0.05622488655172414,4362.82608093869,12,6,6,34,5,0.0,0.3333333333333333,0.058823529411764705,2.1819523865971897,0.0,0.8214285714285714,1,0.5454545454545454
10428ffd470584d3c9a819c281f8827,39,24,15,1.1107720000000003,1.47176511,0.06621890025641027,3373.90793050307,31,14,17,48,7,0.0,0.6666666666666666,0.20833333333333334,1.814164221646257,0.06666666666666667,0.6842105263157895,1,0.5714285714285714
15ac91e06eefc4e78b6998e0494b1cc,29,13,16,0.67447783,3.1986004300000004,0.1335544227586207,4292.585804192262,20,4,16,32,3,0.0,0.625,0.15384615384615385,1.502502333466802,0.125,0.6428571428571429,1,0.4
bc1q73623bafda424b038d9e7dcf3a042b,29,20,9,1.43203136,1.2681837200000001,0.09311086482758621,4578.774938994643,16,6,10,35,5,0.0,0.6666666666666666,0.05,1.7547397867543861,0.1111111111111111,0.7142857142857143,1,0.5
1e131655b69a3420b96c6bdd8cd4bba,29,15,14,1.5965081199999998,0.36428282999999995,0.06761348103448275,4646.330952886309,17,8,9,37,5,0.0,0.5,0.06666666666666667,11.769208297894702,0.14285714285714285,0.5,1,0.38461538461538464
bc1qf6621f2c6ba545faaf30178f83ed9a,46,34,12,3.3733946199999996,1.76142514,0.11162651652173913,2928.0256119985183,28,20,8,57,8,0.0,0.4166666666666667,0.23529411764705882,4.062707340592807,0.08333333333333333,0.8,1,0.5454545454545454
3e5d2553666c54f14aea91e4ee525d4,36,24,12,1.5101342599999996,0.17333543,0.04676304694444444,3769.310014475714,23,11,12,43,7,0.0,0.25,0.20833333333333334,8.959226738506171,0.0,0.7428571428571429,1,0.36363636363636365
bc1qae9b1500fa7c4fc08981b85f74e317,31,13,18,0.38512039,5.71948555,0.1969227722580645,4384.213452202778,25,11,14,38,5,0.0,0.3888888888888889,0.23076923076923078,1.5094131181845454,0.05555555555555555,0.4666666666666667,1,0.35294117647058826
166b61353ede745e8b279b60cf369ab,25,11,14,0.55386525,0.28445161,0.0335326744,5342.8583433652775,13,2,11,28,3,0.0,0.42857142857142855,0.0,5.6266577626901215,0.07142857142857142,0.75,1,0.5384615384615384
3aae1b01ca4e14a56afcb64ff6efcbb,26,13,13,0.13741591,0.7299808300000001,0.03336141307692308,4860.220814528,16,5,11,29,1,0.0,0.46153846153846156,0.23076923076923078,1.4958465172783846,0.07692307692307693,0.0,1,0.25
10acf627c643a4f51b485ed6bd60869,17,6,11,0.29525062,0.03780057,0.019591246470588235,7774.606513884375,17,4,13,22,4,0.0,0.6363636363636364,0.0,25.61935169929228,0.0,0.5,1,0.5
bc1q8a47f55de1dd424f8cf49f1c4e28e5,32,10,22,0.4728240400000001,0.23301798999999998,0.0220575634375,4135.086883231183,24,6,18,36,4,0.0,0.45454545454545453,0.2,7.242681948834235,0.18181818181818182,0.45161290322580644,1,0.23809523809523808
bc1q4c150affb6b047509b123918ddc2df,33,16,17,1.00360437,2.59662448,0.10909784393939394,4088.4014519552084,25,9,17,41,7,0.03125,0.5882352941176471,0.125,1.3436960307692563,0.17647058823529413,0.5625,2,0.25
1f1003b4dcc1c4818b2e1e778902a05,25,8,17,0.5247411799999999,0.6756557499999999,0.048015877199999994,4832.035433676389,20,7,13,33,3,0.0,0.4117647058823529,0.0,6.901922654327834,0.0,0.4166666666666667,1,0.625
1a04b0a6308634c7f906e4b5233ef80,15,3,12,0.17524893,0.21433182999999997,0.025972050666666666,9250.91637649881,17,3,14,19,4,0.0,0.5833333333333334,0.0,4.610551012207278,0.0,0.35714285714285715,1,0.5454545454545454
3a06345cc4fe54fd6a8996dd11a080a,32,17,15,0.24363683000000003,0.92438015,0.036500530625,4158.4590717446235,22,8,14,38,5,0.0,0.4,0.11764705882352941,1.4305321042623473,0.0,0.5161290322580645,1,0.5
1d220df93564a4a80bf005df1782914,17,7,10,0.48143255,0.7962865999999998,0.07515995,7819.144054705208,17,3,14,21,4,0.0,0.8,0.0,1.4895380420322981,0.1,0.5625,1,0.3333333333333333
3ffe6b26e337c41d3a20f494fd7d7b2,18,11,7,1.12615268,0.32931294,0.08085920111111111,6328.9985838274515,12,6,6,23,3,0.058823529411764705,0.42857142857142855,0.09090909090909091,5.500099184226604,0.0,0.5294117647058824,2,0.3333333333333333
bc1q8e5277580ff54ae6ad7518303d0039,42,27,15,1.0375047099999997,1.9180183200000003,0.07036959595238096,3166.3066478833334,25,13,12,52,8,0.0,0.4,0.1111111111111111,1.3570423134816256,0.0,0.9024390243902439,1,0.35714285714285715
3bbf77b8f27dd45e485c30192cfe095,71,27,44,0.9548480399999999,0.7983948200000001,0.024693561408450707,1858.0614379214285,45,10,35,78,6,0.4142857142857143,0.4318181818181818,0.07407407407407407,13.680380542092982,0.045454545454545456,0.34285714285714286,8,0.46511627906976744
3363fd36c9b024934842c7fdcb5b895,24,11,13,0.46394560999999995,0.37348918000000003,0.03489311625,5681.736994881159,17,5,12,29,4,0.0,0.38461538461538464,0.09090909090909091,3.9164448431382715,0.15384615384615385,0.7391304347826086,1,0.3333333333333333
3e8e751cc40364b7f968a6656c6e2ba,37,19,18,1.7588159099999998,0.8393119900000001,0.07021967297297298,3653.20443228287,30,12,18,47,8,0.0,0.5555555555555556,0.10526315789473684,10.496509765159573,0.05555555555555555,0.6111111111111112,1,0.6470588235294118
393dbecadab744cf89eeb76544a2c7c,46,34,12,1.6445957500000001,0.5804513600000001,0.04837058934782609,2891.3537174755556,21,10,11,54,6,0.0,0.5,0.058823529411764705,3.0025460418462537,0.08333333333333333,0.6666666666666666,1,0.36363636363636365
bc1qa721f3a5a1bf404d9ec08fbb44b69c,29,17,12,1.2446440299999997,0.28340264,0.05269126448275862,4708.760735432738,20,7,13,35,5,0.0,0.5833333333333334,0.11764705882352941,13.25845508075617,0.16666666666666666,0.75,1,0.45454545454545453
1d731efd2db4c45e08507725c766cb1,30,15,15,1.04118659,0.40702070000000007,0.04827357633333333,4361.092198609195,28,11,17,37,6,0.0,0.6666666666666666,0.2,9.361314235460885,0.13333333333333333,0.6551724137931034,1,0.5
35880d7ade8b348f4be4562a898a4ef,37,24,13,0.9331020899999999,0.36689325,0.03513500918918919,3281.7944511337964,18,9,9,46,6,0.0,0.3076923076923077,0.041666666666666664,4.168270504945493,0.0,0.6111111111111112,1,0.3333333333333333
bc1q35603f1e8c6441119e4121f022daf3,26,12,14,0.37995157999999996,0.5672308199999999,0.036430092307692306,5176.528137246667,21,14,7,34,5,0.0,0.21428571428571427,0.4166666666666667,3.8131668262980005,0.0,0.52,1,0.46153846153846156
110ade6817a9f40ee928e0bc697be49,25,7,18,0.17292314999999997,0.48228922999999996,0.0262084952,4959.29764181875,20,3,17,29,4,0.0,0.4444444444444444,0.0,1.3647068059803287,0.1111111111111111,0.4166666666666667,1,0.5882352941176471
3fe99672404c641c19faea2e6715cea,46,8,38,5.0973865300000005,6.317567589999996,0.2481511765217391,2749.7862988385186,63,28,35,74,11,0.5333333333333333,0.15789473684210525,0.25,44.12461634171705,0.13157894736842105,0.6444444444444445,4,0.7027027027027027
bc1q289f7d34d6fe47dd87ca946e255554,32,12,20,0.48595301,0.9050062099999999,0.043467475625,3812.0951497639785,25,9,16,39,5,0.0,0.45,0.16666666666666666,1.8948254358277015,0.15,0.25806451612903225,1,0.3684210526315789
330c4cc66ce6941fdb90befb3be680c,20,8,12,0.64010749,0.18645711,0.04132823,6648.668737101754,16,6,10,26,6,0.0,0.5,0.125,10.873369073088046,0.0,0.631578947368421,1,0.45454545454545453
35e265096f0844075b4966fe8fc1d40,27,15,12,0.55660774,0.42062661,0.03619386481481482,5016.335937825001,25,10,15,33,4,0.0,0.5833333333333334,0.26666666666666666,1.70166214261593,0.0,0.46153846153846156,1,0.5454545454545454
181c403d6acaa4d03a0a5eec699da73,32,10,22,0.65903641,1.42117155,0.06500649875,4174.793709086021,28,7,21,36,4,0.0,0.5454545454545454,0.2,3.8188504111160038,0.045454545454545456,0.5161290322580645,1,0.5238095238095238
34ae0697acf354923ac6eb45c4ed9cb,22,6,16,1.0568250099999998,0.66486783,0.07825876545454545,5944.018611465079,16,4,12,27,5,0.0,0.375,0.0,15.233237681880158,0.0625,0.42857142857142855,1,0.4666666666666667
bc1qd85c8c4577c44e5dab34a490a959e7,29,16,13,1.4777744499999999,4.51077979,0.2065018703448276,4383.55064097381,16,8,8,38,7,0.0,0.23076923076923078,0.0,1.2975880120408072,0.0,0.6785714285714286,1,0.4166666666666667
1636332f8da9c4fe9a8221a1d7c92bb,26,10,16,0.5666920700000001,16.031160879999998,0.6383789596153846,4847.166107854,22,7,15,31,5,0.0,0.625,0.2,1.4037264817438682,0.125,0.68,1,0.4666666666666667
32d3009335140446fadae096205217b,36,23,13,1.3342172099999998,0.88657424,0.06168865138888889,3590.487270740476,25,9,16,43,6,0.0,0.6923076923076923,0.13043478260869565,2.15564748286678,0.07692307692307693,0.8,1,0.25
3f418743bbe19446899d1c4f4a0c8ec,12,4,8,0.16033473,0.16251444,0.0269040975,8688.387162699999,11,4,7,16,3,0.0,0.5,0.25,2.9735361502443847,0.125,0.45454545454545453,1,0.42857142857142855
34d667a085b58441bafceceabf43434,22,4,18,0.34753187,1.47560043,0.08286965,5955.737636401587,16,4,12,26,2,0.0,0.4444444444444444,0.25,1.5302102466632836,0.1111111111111111,0.2857142857142857,1,0.29411764705882354
bc1qfd5f212f9e8746ae959f9fbed3be25,29,15,14,0.51695887,3.6285814000000003,0.14294966448275861,4190.4090187988095,26,7,19,35,5,0.0,0.7857142857142857,0.13333333333333333,1.543709441784309,0.0,0.6785714285714286,1,0.6153846153846154
bc1q0d2d0412b88a487a88ece3a1e9a025,60,28,32,1.0533076199999998,2.55606997,0.060156293166666666,2057.3612028231637,45,14,31,85,11,0.03389830508474576,0.34375,0.14285714285714285,15.906390893776805,0.0625,0.864406779661017,2,0.3548387096774194
1cf754cdcbabf43129ba04ac3573e1b,36,24,12,2.1535345300000004,2.8417828999999997,0.1387588175,3676.583085725714,24,15,9,45,7,0.0,0.5,0.16666666666666666,1.4089205435253567,0.08333333333333333,0.7714285714285715,1,0.45454545454545453
129c7b4147c2747609a5f4ea984d641,16,2,14,0.028705309999999998,1.6454527,0.104634875625,8166.443765888889,12,4,8,19,3,0.0,0.21428571428571427,0.5,1.557704586986105,0.0,0.2,1,0.6923076923076923
3c1e2ad4966e447439eb0de3010c08b,26,11,15,0.69262618,1.09075268,0.06859149461538462,5020.100884455333,20,4,16,30,3,0.0,0.6,0.09090909090909091,2.4182249687005895,0.0,0.52,1,0.35714285714285715
bc1qb3f38f202f4c4a2aa0557787833478,16,5,11,0.06962132,0.09051197999999999,0.01000833125,8329.920479721111,15,4,11,19,2,0.0,0.45454545454545453,0.4,2.0873705746585123,0.0,0.13333333333333333,1,0.5
315957ed9737b4071be2afaf4ac8e2b,33,18,15,2.66419147,1.23624076,0.11819491606060606,3992.208780880729,21,7,14,39,5,0.0,0.5333333333333333,0.1111111111111111,9.048892718517545,0.0,0.625,1,0.35714285714285715
3a8daa0bac1e040c887553b5076887a,30,21,9,0.84510279,0.42936649,0.04248230933333333,4000.6132951471263,10,5,5,35,5,0.2413793103448276,0.2222222222222222,0.047619047619047616,2.2044858059794357,0.1111111111111111,0.6551724137931034,3,0.25
32341bf7a5a8e46ff832397e2e4f280,12,2,10,0.04375485,0.20114791,0.020408563333333334,10922.422744689395,8,2,6,15,3,0.0,0.3,0.0,1.1731159753343339,0.1,0.36363636363636365,1,0.4444444444444444
38eea54e57b6d4064af1fbf4938448e,22,9,13,0.8433421200000001,0.7121116400000003,0.07070244363636363,4690.208124284127,10,4,6,25,2,0.0,0.3076923076923077,0.1111111111111111,2.7483022661851937,0.15384615384615385,0.42857142857142855,1,0.3333333333333333
bc1q177fedfcf2cc42ffb741af63ac4097,26,11,15,0.29509030999999997,1.03346118,0.05109813423076923,4968.98393249,19,4,15,29,3,0.0,0.5333333333333333,0.09090909090909091,1.5138539776297741,0.06666666666666667,0.52,1,0.5
1a52c7e1aff60438990d322168f6c96,13,3,10,0.15931302,0.3399633000000001,0.03840587076923077,9312.258781311111,13,5,8,17,3,0.0,0.4,0.3333333333333333,2.1125671313845045,0.0,0.4166666666666667,1,0.2222222222222222
3899fbbd4f6a1416d8b5429e9f4dce2,51,34,17,1.20537539,0.46424467999999997,0.03273764843137255,2568.519177752,29,12,17,62,7,0.0,0.6470588235294118,0.058823529411764705,5.351496886790596,0.0,0.58,1,0.5625
3bf7e528b00bb45a7b3c64611b24d50,39,28,11,2.7221536800000004,0.26513252,0.07659708205128204,3347.0356782385966,27,16,11,49,9,0.0,0.45454545454545453,0.21428571428571427,24.66148238206429,0.09090909090909091,0.8157894736842105,1,0.4
35ca46c759126426e994099204e6424,26,13,13,1.1928800800000001,1.3419351000000002,0.09749289153846154,5149.550702846001,24,8,16,34,7,0.0,0.6923076923076923,0.07692307692307693,4.593824497916571,0.0,0.72,1,0.5833333333333334
372ffd03db67c4b75833840dda61032,21,5,16,0.13483243,0.7183199400000001,0.040626303333333336,6442.78740606,19,4,15,26,4,0.0,0.5,0.0,1.944372536036997,0.0,0.35,1,0.4
18f446596705b47ea8f8d182ea6faea,38,31,7,1.26672878,1.51981144,0.07333000578947368,3092.159551314865,18,10,8,47,6,0.0,0.5714285714285714,0.06451612903225806,1.5397895242484907,0.0,0.7297297297297297,1,0.3333333333333333
1613cf1dab43a4c329599dfe4883fc0,28,14,14,0.33992979999999995,0.06843463,0.014584443928571429,4147.742924927778,18,7,11,34,5,0.0,0.5,0.07142857142857142,17.007974692945215,0.07142857142857142,0.5185185185185185,1,0.46153846153846156
bc1q300c1afa089b43c888267ce4268f2d,34,18,16,0.8962313000000001,0.8828508,0.05232594411764706,3708.921077444444,23,9,14,39,4,0.0,0.5625,0.2222222222222222,8.124953726605526,0.125,0.5757575757575758,1,0.4
bc1qf6446ded907f4e908e5d240be505a7,20,2,18,0.04946916,0.4474855000000001,0.024847733,6065.492696144737,19,2,17,23,3,0.0,0.6666666666666666,0.0,1.4729587005010825,0.05555555555555555,0.15789473684210525,1,0.47058823529411764
1e70630cd9e5e456b8ad6fc0a0b5f2c,18,8,10,0.26147637,0.19905991999999997,0.025585349444444447,5810.948740267647,15,7,8,22,3,0.0,0.4,0.375,4.588485516489313,0.2,0.7058823529411765,1,0.2222222222222222
bc1qcebe31f420b9478fad063e4360ee0b,20,9,11,0.4403437,0.08782057,0.0264082135,6162.972608307895,14,3,11,24,4,0.0,0.6363636363636364,0.0,12.338815344521295,0.18181818181818182,0.6842105263157895,1,0.4
bc1q1f30a23242b545898f5ca57c558195,29,18,11,1.1469646000000002,0.5355226099999999,0.05801680034482758,4500.854727731547,23,10,13,35,3,0.0,0.5454545454545454,0.16666666666666666,5.893667838163223,0.0,0.75,1,0.6
1875960f91ccf484b86abb3d604c243,35,26,9,1.33472815,1.8963459900000004,0.092316404,3800.5961084029414,19,14,5,43,6,0.0,0.2222222222222222,0.15384615384615385,1.2945986940396224,0.1111111111111111,0.7058823529411765,1,0.375
3597cec7b458a463590bc8637f00bf7,13,6,7,1.31600445,0.44019165000000005,0.1350920076923077,10187.391556181945,6,2,4,16,3,0.0,0.2857142857142857,0.0,6.16982539362661,0.2857142857142857,0.8333333333333334,1,0.3333333333333333
1583d366f47a444d1af79f2da41bb0c,38,21,17,0.8840234400000001,0.19975814,0.02852056789473684,3241.4708224617116,27,11,16,45,6,0.05405405405405406,0.7058823529411765,0.14285714285714285,27.457037228140397,0.058823529411764705,0.5135135135135135,2,0.4375
323567333276e471389ff90e613d57b,48,28,20,0.60176765,0.39295678,0.020723425625,2684.580855197518,30,10,20,55,4,0.0,0.65,0.07142857142857142,6.0867061664337125,0.15,0.2978723404255319,1,0.47368421052631576
34ef458497bc842f29bf06c5864dfee,35,22,13,1.6437098799999998,0.09740181000000002,0.04974604828571428,3770.6848128259803,29,14,15,44,6,0.0,0.6923076923076923,0.18181818181818182,48.81952699323385,0.15384615384615385,0.7058823529411765,1,0.4166666666666667
31c6515da4bb9422599e0c00df5c51d,26,11,15,0.8078372699999999,3.2675958200000004,0.15674742653846152,5124.21319778,15,4,11,31,5,0.0,0.4666666666666667,0.0,1.4897291423031451,0.06666666666666667,0.56,1,0.42857142857142855
168ac70e0fbe54210a9700fbc80c240,24,11,13,0.4897681000000001,0.23954472,0.030388034166666664,5230.153160651449,21,6,15,29,5,0.0,0.6923076923076923,0.09090909090909091,4.423709123906444,0.15384615384615385,0.5652173913043478,1,0.4166666666666667
bc1qc20f7b81f5bf47a0868cbd2f0e5446,20,12,8,1.2943972199999998,0.40762621,0.0851011715,6562.672731125439,14,6,8,26,6,0.0,0.5,0.08333333333333333,10.311027315535881,0.25,0.7368421052631579,1,0.2857142857142857
34603c2e685a646c8a99eedd4202fb7,17,4,13,0.06608695,0.57070617,0.03745841882352941,5943.080544079166,11,2,9,20,3,0.0,0.3076923076923077,0.0,1.245065749970302,0.0,0.5,1,0.5
bc1q8009cb64432d4859993724254eaaec,39,26,13,1.8235811000000002,0.6933466900000002,0.06453661,3400.518615292544,20,10,10,47,4,0.0,0.5384615384615384,0.07692307692307693,5.056465764660536,0.07692307692307693,0.631578947368421,1,0.4166666666666667
34f9e13e90469420ca574a4fd276240,33,18,15,0.9522873299999999,0.38226255000000003,0.040440905454545456,3992.6047853328123,26,11,15,40,6,0.0,0.5333333333333333,0.16666666666666666,4.551770337212405,0.13333333333333333,0.75,1,0.35714285714285715
1a969f55909d74cba9a5a76671b389e,28,13,15,0.36893774999999995,1.5824564399999999,0.06969264964285714,4755.004467168518,23,8,15,35,5,0.0,0.5333333333333333,0.07692307692307693,1.5606077795881996,0.06666666666666667,0.5555555555555556,1,0.5
3fd0c3ea0caf94c95bc11f41726eb9f,17,6,11,1.07717778,0.09518247999999999,0.06896236823529411,7800.498497865626,9,3,6,21,3,0.0,0.36363636363636365,0.0,35.22645172595059,0.09090909090909091,0.3125,1,0.4
3c476e5ad610345eea196387b2be5e6,22,8,14,0.39491750999999997,3.1467382399999995,0.16098435227272725,6030.086659426191,15,4,11,27,5,0.0,0.5,0.0,1.675968788382946,0.0,0.47619047619047616,1,0.3076923076923077
116d1dffebaa94955b8dafaf8f5e68e,26,10,16,0.109038,0.8100062299999999,0.035347855,4713.721885998,14,4,10,31,5,0.0,0.375,0.0,1.358535394971459,0.0,0.64,1,0.4666666666666667
37f474518865148ef95c269d0bdbb9d,42,25,17,2.2786014199999998,1.2904885999999998,0.08497833380952381,3149.4732265097564,31,11,20,49,7,0.07317073170731707,0.7058823529411765,0.16,3.454639805701301,0.11764705882352941,0.7804878048780488,3,0.25
30918eb80135c42ecb7e50715861d77,26,17,9,2.42569506,0.36834299,0.10746300192307691,4776.637434685334,18,9,9,33,5,0.04,0.3333333333333333,0.17647058823529413,7.4574919126214825,0.0,0.84,2,0.5
1cd4e11985ea74a369921f74af295ff,30,10,20,0.28535745,1.8057242700000002,0.06970272400000001,4447.149851556322,20,3,17,34,4,0.0,0.5,0.0,1.5985049692497297,0.05,0.5517241379310345,1,0.42105263157894735
10a0d1e4ae0c5411a950a3b8f26d1b2,23,10,13,0.27680819,0.70268514,0.04258666652173913,5631.162172639394,21,5,16,28,4,0.0,0.7692307692307693,0.1,1.3704522058536814,0.0,0.5,1,0.4166666666666667
bc1q13389d67362b4dd782473d1ecd552c,33,17,16,1.9482779200000002,0.59000939,0.07691779727272727,4022.0068654911456,22,5,17,39,4,0.0,0.625,0.0,7.338072949897234,0.125,0.4375,1,0.4666666666666667
3fe62deb1c0c54fbfb9be81eb117f23,41,23,18,0.9346964100000001,1.32114629,0.055020553658536586,3189.88990008875,23,7,16,48,5,0.0,0.6111111111111112,0.043478260869565216,1.919528874693183,0.0,0.65,1,0.5882352941176471
151a155f8acb4442f95e0e0ba364ade,31,19,12,1.0035846099999999,1.1348103600000001,0.0689804829032258,4164.612297717777,13,4,9,36,5,0.0,0.4166666666666667,0.0,1.3546006216830817,0.08333333333333333,0.7,1,0.36363636363636365
bc1q5473d0c8c0ad446391f7bf323bea1e,8,1,7,0.02794272,0.35073901999999996,0.0473352175,15917.845424619049,8,1,7,10,2,0.0,0.42857142857142855,0.0,1.2019313288129827,0.0,0.2857142857142857,1,0.5
bc1q2a8d7cb2e572417389b2acd29b41bf,22,7,15,0.24933404000000003,1.8102109,0.09361567909090908,5253.1036392992055,15,3,12,26,3,0.0,0.4666666666666667,0.0,1.3370938371674455,0.0,0.42857142857142855,1,0.42857142857142855
39857e922c2b1448c98ad8a4c96f576,28,14,14,0.5083500000000001,0.1343697,0.022954275,4785.971252589507,19,6,13,34,4,0.0,0.5714285714285714,0.07142857142857142,9.881724234592717,0.07142857142857142,0.6296296296296297,1,0.3076923076923077
32a3721f0db994f47b6f5f00534fe3e,57,16,41,7.550497269999998,6.68559209,0.24975595368421052,2302.1243081657735,75,31,44,87,11,0.44642857142857145,0.24390243902439024,0.125,396.55454540956674,0.3902439024390244,0.75,3,0.75
1ca4f9b01bc154322920359141c8232,32,15,17,0.33555039,2.9215292200000005,0.1017837378125,4033.342793764516,23,4,19,37,4,0.06451612903225806,0.5882352941176471,0.0,1.2780364296264903,0.0,0.45161290322580644,2,0.4375
bc1qa0dc7cb0ba5f4aa1b79ff0075ee6ca,26,13,13,0.5152118600000001,0.35753087,0.03356702807692308,5128.577667378,17,7,10,32,5,0.0,0.38461538461538464,0.07692307692307693,2.757698295661825,0.0,0.68,1,0.4166666666666667
360c4afdb574f41bd871f426cb0f8d2,33,22,11,1.6054569800000003,0.67098519,0.06898309606060607,3897.3585632296877,17,7,10,40,6,0.0,0.36363636363636365,0.045454545454545456,3.097627724826834,0.09090909090909091,0.75,1,0.5
30f9514bc9def4c1ebc17c1f1a6ecdb,45,11,34,7.72560276,8.65733422,0.36406526622222224,2926.578552751136,61,31,30,76,11,0.5454545454545454,0.08823529411764706,0.18181818181818182,40.44059104890329,0.11764705882352941,0.8181818181818182,5,0.8787878787878788
3405f3deb63454ce882f1637db243e5,22,11,11,0.30458927,2.8284666799999996,0.1424116340909091,5594.736975669048,16,5,11,28,4,0.0,0.45454545454545453,0.0,1.3030920158632922,0.09090909090909091,0.6666666666666666,1,0.5
bc1q0841e146cb0040fea605bb52f68378,15,3,12,0.052983579999999995,0.55419864,0.04047881466666667,6981.914220289285,11,1,10,17,2,0.0,0.4166666666666667,0.0,1.4548932940671255,0.16666666666666666,0.2857142857142857,1,0.36363636363636365
bc1q23969b4225814720b3e4d6d1d8f7ff,36,23,13,0.9884847599999999,0.2649366,0.034817259999999996,3467.5676862195237,21,10,11,45,7,0.0,0.5384615384615384,0.08695652173913043,8.982434111706727,0.07692307692307693,0.6857142857142857,1,0.16666666666666666
1a77ce2b0301f487a9848e3caf64f4d,20,7,13,0.51380135,0.16196795000000003,0.033788465000000004,5248.242802714912,19,7,12,26,4,0.0,0.6153846153846154,0.14285714285714285,24.218459986091606,0.07692307692307693,0.5789473684210527,1,0.16666666666666666
336f3e6f4a83c4f5aa9264687d5ffad,21,9,12,1.7117997299999999,0.29675692,0.09564555476190477,5975.4498641400005,15,3,12,23,2,0.0,0.5,0.1111111111111111,9.463756663281174,0.16666666666666666,0.55,1,0.18181818181818182
1d4b5ebb5632e4b85b1420fd4b2fb94,32,17,15,0.6322394299999999,0.13758239,0.024056931875,4134.63445533871,24,8,16,40,5,0.0,0.6,0.058823529411764705,12.402710114997308,0.13333333333333333,0.7419354838709677,1,0.35714285714285715
174ba438c7b894ac7a98f7a80102a9f,28,13,15,0.30007722000000003,1.7596966200000002,0.07356335142857143,4728.40908489321,21,8,13,34,5,0.0,0.6,0.15384615384615385,1.2585274849171966,0.13333333333333333,0.5185185185185185,1,0.42857142857142855
33b1143a5c7414addbacaed9478ed59,20,8,12,0.32416862,0.84048606,0.058232733999999994,6840.736252558771,15,5,10,26,5,0.0,0.5,0.0,1.6287896242543596,0.0,0.47368421052631576,1,0.45454545454545453
bc1q67510110d91847f690430c88a5516b,25,13,12,1.2882728199999998,1.04846839,0.0934696484,5471.608777990972,15,6,9,29,4,0.0,0.3333333333333333,0.15384615384615385,2.3471433663438774,0.08333333333333333,0.625,1,0.2727272727272727
3249a4b23fb6a4fe78e187d17932bff,26,18,8,0.9338946400000001,0.53006466,0.05630612692307692,4795.149343924667,19,11,8,36,7,0.0,0.5,0.05555555555555555,2.416429590876231,0.0,0.8,1,0.7142857142857143
3e6cd21fb11494577b09d0517043924,30,20,10,1.93550662,1.1458614599999999,0.10271226933333333,4440.445134129311,12,8,4,39,6,0.0,0.2,0.0,3.336322924145503,0.0,0.7241379310344828,1,0.4444444444444444
341ed66d14a4b4fcbb5649dda1d0cd7,15,1,14,0.04551769,0.58939389,0.04232743866666667,8270.078337784524,13,1,12,17,2,0.0,0.35714285714285715,0.0,1.3673957240962022,0.0,0.14285714285714285,1,0.38461538461538464
bc1q8a48d5887e014e9bba4af0fa2969d0,19,12,7,0.60473706,1.26904386,0.09862004842105263,7202.577619237037,10,4,6,24,4,0.0,0.5714285714285714,0.0,1.37958856083173,0.0,0.8888888888888888,1,0.6666666666666666
1de34abba46114c23bcffe5617c6708,33,14,19,0.6374709700000002,0.46959833999999995,0.033547554848484845,4080.0631922109374,21,5,16,39,4,0.0,0.42105263157894735,0.0,3.4668797325595753,0.0,0.34375,1,0.5
3482f769758f144c9875299248a47f7,31,17,14,0.34323687,0.26706978,0.01968731129032258,4209.558443655,22,5,17,37,4,0.0,0.7142857142857143,0.0,5.118064489745393,0.07142857142857142,0.5,1,0.5384615384615384
1317269b1868f4e3e9ca16b0c5b8c7d,38,24,14,1.1143885400000002,0.38819545,0.03954168394736842,3457.063233234685,23,12,11,48,6,0.0,0.42857142857142855,0.08333333333333333,5.9416791388850685,0.07142857142857142,0.6756756756756757,1,0.46153846153846156
16cbd9cda844045dbbf4c889ba67636,30,15,15,0.58101027,1.54048749,0.070716592,4282.512637925288,26,8,18,35,4,0.0,0.7333333333333333,0.13333333333333333,1.471680423799603,0.0,0.5517241379310345,1,0.42857142857142855
38f0c83f197cf475cab81625929b00a,23,10,13,0.29873389,0.7322669399999999,0.04482612304347826,5367.353687279546,20,7,13,29,6,0.0,0.6923076923076923,0.2,1.5020355502292104,0.0,0.6363636363636364,1,0.5
31fd30e2e615f40c088e1578936a971,17,7,10,0.19713197999999998,0.36766807999999995,0.03322353294117647,6502.6485108145835,14,4,10,20,3,0.0,0.5,0.14285714285714285,1.205583476103956,0.0,0.5625,1,0.4444444444444444
bc1q3984fa5fc7d64984b2c0ec8f27521c,32,17,15,0.4036588099999999,1.0909906800000002,0.0467077965625,3808.5305777833332,23,9,14,38,5,0.0,0.6,0.17647058823529413,1.6145966120227453,0.0,0.6774193548387096,1,0.5
199fd158a591a438399bcf91c067b50,58,11,47,0.44950681000000003,5.036083550000002,0.09457914413793103,2275.5953117002923,51,9,42,64,6,0.5087719298245614,0.5319148936170213,0.18181818181818182,1.42577119163513,0.0851063829787234,0.22807017543859648,8,0.41304347826086957
bc1q93955301d4e048d597ffb3f137da24,26,16,10,0.47960115000000003,1.90730606,0.09180412346153846,4972.47167616,20,10,10,33,6,0.0,0.4,0.1875,1.1890119636096685,0.0,0.76,1,0.6666666666666666
bc1qf58f0ced28984647befbde11f769ce,13,7,6,0.09194837000000002,0.05998499,0.011687181538461537,10457.476332483335,8,5,3,17,4,0.0,0.16666666666666666,0.14285714285714285,2.2056580701420283,0.16666666666666666,0.75,1,0.4
bc1q3fc6c0d5d6a3460bac4ee27415a149,20,14,6,0.5579551700000001,0.47240598,0.051518057500000006,6503.105151791228,15,7,8,28,6,0.0,0.6666666666666666,0.0,1.3863094816879373,0.16666666666666666,0.8421052631578947,1,0.2
bc1q954b47b099c04e9bb398992c5fc353,38,17,21,0.38347261000000005,1.3590722199999998,0.04585644289473684,3209.3493072364863,30,7,23,43,4,0.0,0.7142857142857143,0.17647058823529413,1.7754210053684962,0.0,0.35135135135135137,1,0.55
bc1qe5c8e1f2ecc14852b6bd3b366f1685,28,17,11,0.38545092000000003,1.27719722,0.05938029071428571,4259.0416240086415,14,7,7,36,5,0.0,0.36363636363636365,0.0,1.6729486616792328,0.0,0.5185185185185185,1,0.4
1ac654f5d513a4235b43aa72828f8d8,23,16,7,1.2778919899999999,0.61659279,0.08236890347826087,4553.264185780304,12,6,6,29,5,0.0,0.5714285714285714,0.0625,2.1160613885816337,0.14285714285714285,0.7727272727272727,1,0.3333333333333333
18b32064382134aff9c2b33cbbeefe9,17,7,10,0.34589432000000003,0.42858936000000003,0.04555786352941177,7590.5759296270835,17,5,12,23,5,0.0,0.7,0.0,3.728679747532761,0.1,0.625,1,0.4444444444444444
3eab73c5f849c4b62a3462d43c00fc2,33,17,16,0.49873032,0.25976959,0.02298484575757576,3751.784197784375,24,7,17,39,4,0.0,0.625,0.058823529411764705,7.475386307085151,0.0625,0.375,1,0.2
bc1q6ba09008447f42d49a3cc68fffd031,13,3,10,0.24361769,0.44044905,0.052620518461538465,10691.364746944444,13,2,11,16,3,0.0,0.6,0.0,2.6686659467647917,0.1,0.5,1,0.4444444444444444
1fa458459fa8447608996ace39e0e19,18,9,9,0.4069127700000001,0.37901165,0.04366246777777778,7238.331666564706,12,4,8,23,4,0.0,0.3333333333333333,0.0,1.745682411089291,0.1111111111111111,0.7647058823529411,1,0.375
1883de27b037244d586ba39133cf1c7,35,14,21,1.4746782099999998,0.8540323099999998,0.06653458628571429,3707.1099028102944,26,8,18,41,5,0.0,0.38095238095238093,0.21428571428571427,9.535027092916996,0.0,0.5882352941176471,1,0.35
36d088c64c04c4bbfb531a48ce9b5df,19,3,16,0.053849289999999994,0.30521941999999996,0.01889835315789474,7026.474756764815,12,2,10,22,3,0.0,0.375,0.0,1.4661503850757394,0.0,0.2777777777777778,1,0.4
bc1qf69f448510b94b9e9ee17b15cda63a,53,40,13,1.1120718400000003,0.37807703000000004,0.02811601641509434,2443.5088843275644,24,11,13,61,6,0.09615384615384616,0.6923076923076923,0.075,3.5255254924148396,0.07692307692307693,0.75,3,0.4166666666666667
371bdb80842d24b5e884ee042f24c35,12,1,11,0.07378632,0.8602169000000001,0.07783360166666667,11808.727802839394,16,1,15,14,2,0.0,0.7272727272727273,0.0,1.4458750667497782,0.09090909090909091,0.18181818181818182,1,0.3
bc1q40a83c7c3f714d9ba048efb4d06db7,30,9,21,0.20452312,2.60623737,0.09369201633333332,4418.9162414051725,25,8,17,37,7,0.0,0.47619047619047616,0.1111111111111111,1.3940315199231947,0.0,0.4827586206896552,1,0.45
bc1qb6988b50d55c45caaffe980278d0a4,24,6,18,0.21369853,0.3767218,0.024600847083333335,4842.952092100724,23,7,16,28,4,0.0,0.5,0.3333333333333333,3.679434111976234,0.05555555555555555,0.43478260869565216,1,0.5294117647058824
1753b53e308e34ec28ade3035ce0a81,25,13,12,0.5164446400000001,0.05625837999999998,0.0229081208,4968.5117270875,11,6,5,31,4,0.0,0.16666666666666666,0.07692307692307693,26.85315532416655,0.08333333333333333,0.7916666666666666,1,0.36363636363636365
bc1qd9e77bf7225f4547b9d4590df9d99a,14,6,8,0.29413918,0.6409857400000001,0.06679463714285715,7643.456926929487,15,4,11,19,4,0.0,0.75,0.0,1.4010227921997134,0.25,0.6153846153846154,1,0.14285714285714285
3f22884e440cd4dd78cacb172275396,26,15,11,0.35104879000000005,0.20693497,0.021460913846153847,4725.094908143333,24,11,13,33,5,0.0,0.6363636363636364,0.26666666666666666,4.115411642590286,0.0,0.64,1,0.5
bc1q74e34849627d48fdb9f473ede70c91,26,9,17,0.16701949,0.43759886,0.023254551923076922,4639.328368098667,22,3,19,30,3,0.0,0.47058823529411764,0.0,2.1635539516916986,0.058823529411764705,0.32,1,0.3125
3bff83e9fcb67455194f388b315d63a,25,12,13,0.97255647,1.9582933699999998,0.1172339936,5267.095340325694,17,6,11,30,4,0.0,0.5384615384615384,0.08333333333333333,1.9756604317159494,0.07692307692307693,0.5833333333333334,1,0.3333333333333333
19b0bc30b44fb49dd8110a284d5e775,29,15,14,1.54168316,1.95250525,0.12048925551724138,4230.290415201191,23,11,12,37,5,0.0,0.5,0.2,4.225941755690886,0.07142857142857142,0.6071428571428571,1,0.38461538461538464
16c27200a38fa4626826e569a865acd,29,15,14,0.31068067000000005,0.40095159,0.024539043448275864,4609.823582057143,25,10,15,35,5,0.0,0.6428571428571429,0.26666666666666666,2.18999471725378,0.2857142857142857,0.5714285714285714,1,0.23076923076923078
3e6f6e2ea66264cd29a44d5400ca356,24,7,17,0.61739499,8.49093029,0.37951355333333336,5252.658437515943,22,7,15,30,4,0.0,0.4117647058823529,0.14285714285714285,1.562359389997951,0.058823529411764705,0.4782608695652174,1,0.4375
12917aca81a7941369935232033184a,43,29,14,1.64418548,0.13639866999999997,0.041408933720930234,3132.970233131746,21,11,10,54,6,0.0,0.42857142857142855,0.034482758620689655,13.014124591933289,0.0,0.7619047619047619,1,0.46153846153846156
1371f072cce364e848be3fc4f0d243a,42,10,32,6.26937635,6.138407179999998,0.29542341738095235,3119.4359301601626,61,29,32,72,11,0.5853658536585366,0.0625,0.1,278.21585258874825,0.21875,0.8048780487804879,6,0.8064516129032258
bc1qdc655ec10d94496b82bd078533c99c,14,3,11,0.022149939999999996,1.1356520300000001,0.0827001407142857,7213.710072302564,13,6,7,17,3,0.0,0.45454545454545453,1.0,1.119641120477858,0.0,0.38461538461538464,1,0.4
1f708887430f54f7b80084790202397,30,9,21,0.7278392199999999,5.1781364299999995,0.196865855,4224.040242843103,29,10,19,35,5,0.0,0.5238095238095238,0.4444444444444444,7.200489735862863,0.0,0.4482758620689655,1,0.5
bc1q654df7748f0d44cd87324c6466bed1,24,8,16,0.64986322,1.5483033,0.09159027166666667,5075.293617009421,13,4,9,29,5,0.0,0.4375,0.0,2.183391879092447,0.0625,0.43478260869565216,1,0.4666666666666667
3059c79b94d1e495abced257fe00dee,36,23,13,1.4199511999999996,0.10424582,0.042338806111111106,3691.370474748095,27,12,15,45,6,0.0,0.6923076923076923,0.13043478260869565,12.13855065294816,0.07692307692307693,0.8285714285714286,1,0.5833333333333334
1ffa841365ac1412cab18a6ffa7f548,33,15,18,0.8281358600000001,5.049533429999999,0.17811119060606062,3457.499415746875,25,8,17,39,4,0.0,0.4444444444444444,0.13333333333333333,1.5221997721196916,0.2222222222222222,0.71875,1,0.4117647058823529
bc1qf02e0fa1260d43c8916e2964df4198,45,30,15,1.61922023,0.22981442,0.041089658888888894,2726.5735683564394,31,14,17,56,7,0.09090909090909091,0.6666666666666666,0.1,13.481347793209975,0.13333333333333333,0.6818181818181818,3,0.5
18d1e710171fc469386c84c8d9d0b3a,50,30,20,1.86960076,1.02505303,0.0578930758,2606.888933032313,31,11,20,58,5,0.0,0.6,0.1,5.08189091945285,0.1,0.7142857142857143,1,0.5789473684210527
bc1q06ff5131e9544c65b87136afe392c4,35,20,15,1.11262727,3.5571904499999993,0.13342336342857145,3753.1475751519606,28,14,14,45,6,0.0,0.6,0.2,1.8070982179963666,0.06666666666666667,0.7647058823529411,1,0.5714285714285714
bc1q10a293f9c993476985eae75083eef6,17,1,16,0.0098407,0.67769899,0.04044351117647059,8214.079693409374,13,2,11,19,2,0.0,0.4375,1.0,1.2526366360074503,0.125,0.0625,1,0.26666666666666666
1f4f26506f4514826beeeba4fbe8682,30,13,17,0.63263953,2.3486219099999994,0.09937538133333333,4473.4209096241375,19,3,16,34,4,0.0,0.5882352941176471,0.0,1.3897734031176638,0.0,0.6206896551724138,1,0.625
bc1qeead00eace37426f928e253f113950,30,14,16,0.86001847,0.6518500300000001,0.05039561666666667,4251.699074138506,19,7,12,36,5,0.0,0.4375,0.14285714285714285,7.155964044730396,0.0,0.6896551724137931,1,0.6
bc1q705f5b3d85ec407d801d7106165ac1,16,5,11,0.12305457,0.63469739,0.0473594975,7042.709930442222,12,3,9,19,2,0.0,0.2727272727272727,0.2,1.14071002576894,0.0,0.26666666666666666,1,0.5
bc1q12c55b531638418f978a70ebda7ba8,26,12,14,0.7544849000000001,0.52605468,0.0492515223076923,5214.186541821333,16,5,11,32,6,0.0,0.5,0.0,10.197733160199856,0.07142857142857142,0.52,1,0.38461538461538464
106893d45ad6e4f31b5bcced2fbcdb0,38,18,20,0.51336709,1.4404695199999997,0.05141675289473684,3542.6812323995496,32,12,20,45,5,0.0,0.5,0.2222222222222222,1.5121609020495592,0.05,0.7027027027027027,1,0.3684210526315789
bc1q0a3aa4f48e79491fbae8e26e0e2d84,27,12,15,1.4765038700000002,0.12393325000000002,0.05927544888888889,5052.565794072436,27,11,16,34,5,0.0,0.6,0.25,56.57647966460318,0.2,0.6538461538461539,1,0.5714285714285714
bc1q86137ceaa7c64f65bef7804779c703,29,18,11,0.39840272000000004,0.30907805000000005,0.024395888620689653,4610.062712792857,16,10,6,36,6,0.0,0.18181818181818182,0.16666666666666666,1.7893464501092047,0.0,0.6428571428571429,1,0.4
bc1q2fd7ba98308640608bc2147f039c08,28,16,12,1.1579287200000001,0.9044179200000001,0.07365523714285714,4516.481602661728,17,7,10,36,5,0.0,0.5,0.0,2.240999387617255,0.0,0.6296296296296297,1,0.5454545454545454
bc1qf585ae5a849d4099b47d6c180319ff,21,8,13,0.19600428,0.35606683,0.026289100476190475,5952.0696201425,16,6,10,28,4,0.0,0.46153846153846156,0.0,2.54789142965824,0.07692307692307693,0.55,1,0.5833333333333334
3ffcd364042fb49ccbce66c0b120857,25,11,14,0.55295659,0.7258992899999999,0.0511542352,5117.426334097917,18,3,15,29,4,0.0,0.5,0.0,3.792345544981135,0.0,0.7083333333333334,1,0.5384615384615384
19c5f2fd16a954ea689de4d250834bb,25,8,17,0.48522943,0.7410873099999999,0.049052669599999994,5117.130526320833,13,4,9,29,4,0.0,0.35294117647058826,0.125,2.0754830122534376,0.058823529411764705,0.4583333333333333,1,0.375
35bec02fb2bd342979c0d6b2ba5cb00,34,20,14,1.3031998599999999,0.57243331,0.055165681470588236,4005.7709912924242,25,8,17,42,7,0.0,0.7142857142857143,0.05,4.643825774362635,0.0,0.7575757575757576,1,0.5384615384615384
36964ca0e77a946aa9766be5f5ff8a2,18,8,10,0.08894884,0.2599054,0.01938079111111111,7646.684535546078,17,6,11,22,4,0.0,0.5,0.375,1.8043489320261341,0.0,0.8235294117647058,1,0.3333333333333333
107f67e876a7e4649812dd618a3dea1,20,3,17,0.046402879999999994,0.8729339499999998,0.0459668415,5985.598328937719,11,2,9,23,2,0.0,0.4117647058823529,0.0,1.2659751365478862,0.17647058823529413,0.3157894736842105,1,0.4375
